v -3.460089 0.376429 5.875761
v -3.147490 0.182438 -1.531182
v -2.935105 0.112229 -2.194832
v -3.429578 0.402895 0.273753
v -3.027679 0.755534 0.274372
v -2.985877 0.750214 5.289689
v -3.005668 0.500816 -1.529936
v -1.783288 0.352959 5.955051
v -1.892048 0.182438 -1.531181
v -1.940656 0.112229 -2.194831
v -1.913194 0.402810 0.273795
v -1.875293 0.755534 0.274373
v -1.936882 0.750214 5.289691
v -1.881786 0.500816 -1.529936
v -1.875322 0.772296 1.904631
v -3.022233 0.772381 1.904588
v -3.504988 0.382969 1.850090
v -0.604672 -0.070627 1.841887
v -0.610483 -1.050064 2.090341
v -0.656061 -1.052333 4.498570
v -1.670759 -1.434600 1.961255
v -0.601749 -0.071859 4.559349
v -0.668493 -0.318679 5.050730
v -0.606242 -0.334720 1.505712
v -1.940350 0.371157 1.830892
v -1.670035 -1.517883 4.382028
v -1.951177 -0.324645 1.249067
v -1.949294 -0.302757 5.939849
v -1.651369 -1.001893 5.466293
v -3.402304 -0.222072 1.588459
v -3.406072 -0.222831 5.650102
v -0.468553 0.709053 4.245276
v -0.470477 0.709815 1.557654
v -3.250099 0.474037 -0.615186
v -3.164340 0.348935 -1.505760
v -3.295665 0.297487 -0.637964
v -3.325697 0.580298 0.283108
v -3.018662 0.644682 -0.641338
v -2.432968 0.293380 -1.981964
v -1.881100 0.287074 -1.966620
v -2.432797 0.083428 -2.267705
v -2.992016 0.287074 -1.966621
v -2.438770 0.525364 -1.529563
v -3.334550 0.595534 1.043342
v -3.334224 0.595471 1.922161
v -3.024943 0.772096 1.043258
v -3.452073 0.418915 1.042566
v -3.338430 0.592916 3.617090
v -3.570045 0.374464 3.709298
v -3.242562 0.592583 5.653468
v -3.022418 0.770318 3.494745
v -2.437391 0.668484 -0.649858
v -2.434964 0.780799 0.274411
v -1.878521 0.643686 -0.649584
v -2.433405 0.797318 1.042869
v -2.432103 0.797578 1.904549
v -1.875060 0.772052 1.043165
v -2.431483 0.796020 3.476780
v -2.449065 0.767994 5.429299
v -1.875105 0.770269 3.493913
v -3.121141 0.245056 -1.855938
v -3.056698 0.116125 -1.966395
v -2.571239 0.588761 5.887234
v -1.894594 0.592533 5.652636
v -2.687536 0.374998 6.124378
v -1.802350 0.245056 -1.855938
v -1.802311 0.347939 -1.514006
v -1.886120 0.116125 -1.966394
v -1.800212 0.470053 -0.648170
v -1.798090 0.579258 0.274768
v -1.903108 0.296491 -0.646210
v -1.797821 0.595186 1.043051
v -1.797829 0.594867 1.921484
v -1.912667 0.418361 1.042722
v -2.473173 0.098132 -1.979045
v -2.525283 0.158728 -1.525745
v -2.610929 0.273272 -0.633620
v -2.688320 0.378170 0.278197
v -1.212741 -1.357518 2.984237
v -1.215654 -1.292050 1.980788
v -0.610940 -1.097520 3.037712
v -1.232512 -1.342321 4.427077
v -1.729720 -1.519822 2.972853
v -1.254802 -0.069721 1.496976
v -1.221739 0.114342 1.948496
v -0.617894 -0.190871 1.617062
v -1.224238 -0.335995 1.300875
v -1.978016 0.034397 1.392285
v -1.400799 -0.068703 5.784892
v -1.200820 0.025508 5.558171
v -1.863249 0.032850 6.130692
v -1.251243 -0.303195 5.623366
v -1.232232 -0.834062 1.550453
v -0.614938 -0.699836 1.722039
v -1.734726 -0.948511 1.626522
v 0.000000 -0.211882 4.782905
v -0.576516 -0.186598 4.840044
v 0.000000 -0.337178 4.936723
v 0.000000 -0.075575 4.599698
v 0.000000 -1.059987 3.045008
v -0.000000 -1.013298 2.105513
v 0.000000 -1.011791 4.419057
v -0.000000 -0.679882 1.747807
v 0.000000 -0.334808 1.537878
v 0.000000 0.345001 4.575277
v -0.526875 0.347381 4.407784
v 0.000000 0.754505 4.390369
v 0.000000 -0.680282 4.755682
v -0.579796 -0.695822 4.791117
v 0.000000 0.346163 1.470544
v 0.000000 -0.074097 1.726932
v -0.529498 0.348403 1.636542
v 0.000000 0.755328 1.381845
v 0.000000 -0.209814 1.635682
v -1.226778 0.146759 3.373124
v -1.182196 0.120487 5.156178
v -0.684640 -0.026472 2.994081
v -1.731103 0.389059 3.689082
v -0.603642 0.354828 2.801523
v -0.528208 0.757228 2.666962
v -1.797619 0.592547 3.613841
v -3.603639 0.041952 3.550152
v -3.493963 0.046004 5.895532
v -3.488016 0.046324 1.647020
v -3.491862 -0.257644 3.380279
v -1.404351 -1.255876 4.880132
v -1.204862 -1.052472 5.035166
v -1.752100 -1.285344 4.867232
v -2.698945 0.393391 1.042571
v -2.699149 0.350665 1.641378
v -1.004005 -0.806633 5.037892
v -1.201534 -0.680404 5.302723
v -1.401082 -0.553730 5.600745
v -1.750934 -0.691962 5.590519
v -1.001126 -0.009610 5.240018
v -1.802109 -0.937104 3.375042
v -2.044756 -0.374393 3.356732
v -2.703678 0.047385 6.174349
v -2.703859 -0.256651 5.892866
v 0.000000 0.813392 2.647661
v -3.142687 0.509247 -1.088954
v -3.119832 0.440502 -1.510345
v -3.205231 0.411576 -1.090149
v -3.164402 0.573532 -0.614892
v -3.013474 0.580521 -1.116350
v -3.267829 0.314019 -1.090343
v -3.216432 0.236699 -1.113150
v -3.335785 0.374537 -0.615530
v -3.207397 0.253273 -1.511263
v -3.405045 0.434770 -0.140859
v -3.451079 0.479118 0.282705
v -3.294955 0.536493 -0.140273
v -3.375928 0.358134 -0.162833
v -3.184790 0.638092 -0.140789
v -3.023187 0.708980 -0.166307
v -3.200277 0.681416 0.282961
v -2.119305 0.416947 -1.791138
v -1.881704 0.404496 -1.781104
v -2.117610 0.293380 -1.981964
v -2.436473 0.416948 -1.791136
v -2.120425 0.525364 -1.529563
v -2.115910 0.169812 -2.172790
v -2.117703 0.083433 -2.267670
v -2.429464 0.169811 -2.172791
v -1.880498 0.167655 -2.146858
v -2.743018 0.169812 -2.172790
v -2.987102 0.167655 -2.146859
v -2.748327 0.293380 -1.981964
v -2.747900 0.083433 -2.267670
v -2.753640 0.416947 -1.791138
v -2.757115 0.525364 -1.529564
v -2.999328 0.404496 -1.781104
v -3.465558 0.495056 1.414414
v -3.466537 0.494749 1.929296
v -3.333725 0.595923 1.414705
v -3.465864 0.494637 1.043103
v -3.452081 0.419371 1.413856
v -3.201893 0.696790 1.414996
v -3.023381 0.772397 1.414705
v -3.203235 0.696431 1.043581
v -3.201910 0.696188 1.914645
v -3.204577 0.696072 0.672166
v -3.335374 0.595145 0.671979
v -3.026506 0.771796 0.671812
v -3.466171 0.494218 0.671792
v -3.452065 0.418459 0.671277
v -3.470186 0.492912 2.732351
v -3.567763 0.374452 2.721431
v -3.472078 0.492659 3.685641
v -3.337343 0.593350 2.702476
v -3.473861 0.492487 5.075667
v -3.370381 0.492837 5.783329
v -3.339520 0.592479 4.968498
v -3.572274 0.374391 5.133859
v -3.205189 0.692477 4.862093
v -3.022295 0.769437 4.784726
v -3.204785 0.693170 3.548539
v -3.115623 0.692319 5.524008
v -3.204494 0.693777 2.671837
v -3.022598 0.771157 2.641587
v -2.757674 0.604318 -1.125193
v -2.756872 0.668484 -0.649859
v -2.438677 0.604318 -1.125193
v -2.756072 0.732649 -0.174524
v -2.755101 0.780799 0.274411
v -2.436105 0.732649 -0.174524
v -2.116137 0.732649 -0.174524
v -1.876575 0.707669 -0.174239
v -2.117909 0.668484 -0.649858
v -2.114827 0.780799 0.274411
v -2.119681 0.604318 -1.125193
v -1.880466 0.579705 -1.124930
v -2.751357 0.797600 1.414325
v -2.750391 0.797578 1.904549
v -2.432698 0.797600 1.414326
v -2.752670 0.797318 1.042869
v -2.114038 0.797600 1.414326
v -1.875276 0.772326 1.414621
v -2.114141 0.797318 1.042869
v -2.113816 0.797578 1.904550
v -2.114242 0.797037 0.671413
v -2.434113 0.797037 0.671413
v -1.874843 0.771778 0.671709
v -2.753984 0.797037 0.671413
v -2.749877 0.796951 2.631459
v -2.749582 0.796020 3.476779
v -2.431736 0.796951 2.631460
v -2.749286 0.795090 4.758894
v -2.775077 0.767875 5.429462
v -2.431229 0.795090 4.758894
v -2.113172 0.795090 4.758895
v -1.874924 0.769390 4.783889
v -2.113384 0.796020 3.476780
v -2.123216 0.767875 5.429463
v -2.113595 0.796951 2.631460
v -1.875286 0.771104 2.640763
v -3.091564 0.162039 -2.067747
v -3.014329 0.094420 -2.146196
v -3.131216 0.177443 -1.914370
v -3.094800 0.267010 -1.914001
v -3.169036 0.205140 -1.750370
v -3.137409 0.290715 -1.739443
v -3.098269 0.143977 -1.781280
v -3.102824 0.367989 -1.749698
v -2.215292 0.489377 6.024142
v -1.902745 0.492780 5.782508
v -2.185398 0.588748 5.887252
v -2.639251 0.489166 6.024434
v -2.242567 0.375106 6.124651
v -2.153792 0.688092 5.750398
v -2.503245 0.688329 5.750070
v -1.885588 0.692272 5.523170
v -2.853023 0.688092 5.750397
v -2.957097 0.588748 5.887252
v -3.062921 0.489377 6.024142
v -3.132361 0.375102 6.123814
v -1.802516 0.367989 -1.749698
v -1.802231 0.439686 -1.518925
v -1.802490 0.290715 -1.739443
v -1.802302 0.267010 -1.914000
v -1.802438 0.205140 -1.750369
v -1.888830 0.143977 -1.781280
v -1.802258 0.177443 -1.914370
v -1.802377 0.252042 -1.519669
v -1.802096 0.162039 -2.067746
v -1.883301 0.094420 -2.146196
v -1.797625 0.632845 -0.172520
v -1.796416 0.680087 0.274925
v -1.798993 0.532570 -0.172715
v -1.799316 0.569412 -0.647896
v -1.800362 0.432292 -0.172925
v -1.907539 0.357515 -0.170849
v -1.801107 0.370694 -0.648444
v -1.799764 0.478427 0.274604
v -1.801855 0.309093 -1.123963
v -1.801430 0.407537 -1.123626
v -1.898302 0.235467 -1.121554
v -1.801005 0.505983 -1.123272
v -1.799456 0.493934 0.671454
v -1.797801 0.594967 0.671604
v -1.799294 0.494119 1.042895
v -1.912938 0.418175 0.671294
v -1.796147 0.695999 0.671754
v -1.796348 0.696253 1.043206
v -1.796549 0.696506 1.414659
v -1.796669 0.695894 1.913819
v -1.797841 0.595405 1.414497
v -1.799132 0.494304 1.414336
v -1.912396 0.418546 1.414150
v -1.798989 0.493839 1.928765
v -2.772476 0.072290 -2.169333
v -2.449837 0.072280 -2.169402
v -2.808535 0.098132 -1.979043
v -2.127216 0.072290 -2.169333
v -2.137812 0.098132 -1.979043
v -2.148172 0.123975 -1.788750
v -2.164211 0.158753 -1.525548
v -2.496509 0.123983 -1.788684
v -2.844830 0.123975 -1.788750
v -2.886391 0.158753 -1.525548
v -2.945321 0.212520 -1.108293
v -2.566010 0.212461 -1.108753
v -3.014926 0.273274 -0.633603
v -2.186785 0.212520 -1.108293
v -2.206933 0.273274 -0.633603
v -2.226333 0.334032 -0.158880
v -2.244259 0.378121 0.277993
v -2.655850 0.334087 -0.158454
v -3.085287 0.334032 -0.158880
v -3.132340 0.378164 0.277974
v -1.510669 -1.505364 2.387580
v -1.512487 -1.431643 1.920007
v -1.213227 -1.358041 2.435135
v -1.510511 -1.504884 2.953742
v -1.729797 -1.517661 2.353199
v -0.915787 -1.210721 2.482437
v -0.611775 -1.098062 2.515781
v -0.914973 -1.210153 3.014732
v -0.918896 -1.153873 2.042109
v -0.914298 -1.209655 3.983807
v -0.950845 -1.199039 4.438045
v -1.212257 -1.356996 3.533339
v -0.610175 -1.097012 3.996432
v -1.510218 -1.504337 3.519918
v -1.729592 -1.540012 3.547348
v -1.522434 -1.481526 4.431272
v -1.543196 0.140337 1.614190
v -1.517388 0.236037 1.963030
v -1.255113 0.041388 1.638252
v -1.548731 -0.006417 1.433864
v -1.974615 0.200497 1.590132
v -0.968814 -0.052340 1.667068
v -0.620832 -0.137332 1.699481
v -0.962869 -0.132615 1.559641
v -0.927104 -0.004693 1.932722
v -0.970715 -0.209956 1.449238
v -0.929797 -0.335112 1.415745
v -1.256487 -0.180419 1.355253
v -0.621850 -0.242943 1.533154
v -1.544467 -0.155284 1.255622
v -1.976186 -0.132760 1.195480
v -1.519957 -0.337716 1.182433
v -1.067897 -0.165414 5.454760
v -0.926314 -0.137526 5.289415
v -1.309120 -0.015644 5.687963
v -1.309382 -0.174953 5.700249
v -0.984784 -0.303773 5.348723
v -1.567013 0.124480 5.938788
v -1.854668 0.196985 6.110014
v -1.583896 -0.015512 5.966464
v -1.475342 0.181357 5.821847
v -1.567488 -0.165174 5.961126
v -1.534334 -0.303509 5.905726
v -1.855179 -0.136120 6.134865
v -1.527274 -0.599441 1.271842
v -1.231624 -0.568260 1.385457
v -1.529066 -0.907430 1.456134
v -1.733950 -0.619533 1.457485
v -0.936324 -0.534352 1.497574
v -0.614486 -0.500278 1.587252
v -0.935647 -0.760747 1.644690
v -0.938146 -0.987912 1.790802
v -1.233088 -1.099918 1.715366
v -0.616978 -0.899778 1.856325
v -1.528179 -1.214754 1.641264
v -1.734194 -1.276200 1.777890
v -0.300917 -0.167418 4.678069
v -0.584835 -0.139773 4.749100
v -0.300917 -0.211882 4.782905
v 0.000000 -0.167418 4.678069
v -0.300920 -0.075575 4.599698
v -0.300917 -0.256346 4.887740
v -0.301134 -0.337179 4.936723
v 0.000000 -0.256346 4.887740
v -0.584835 -0.224995 4.950034
v -0.306306 -1.060509 2.526534
v -0.306449 -1.013298 2.105513
v 0.000000 -1.060509 2.526534
v -0.305772 -1.059987 3.045008
v 0.000000 -1.059465 4.000278
v -0.305238 -1.059465 4.000278
v -0.304702 -1.011791 4.419057
v -0.000000 -0.489142 1.617296
v -0.000000 -0.870622 1.878317
v -0.306025 -0.870621 1.878317
v -0.305139 -0.679882 1.747807
v -0.304255 -0.489142 1.617296
v -0.303675 -0.334808 1.537878
v -0.300962 0.578974 4.576300
v -0.526897 0.581229 4.400391
v -0.300946 0.345001 4.575277
v 0.000000 0.578974 4.576300
v -0.301068 0.754505 4.390368
v -0.300930 0.111027 4.574256
v 0.000000 0.111027 4.574256
v -0.526852 0.113541 4.415870
v -0.301784 -0.490750 4.874002
v -0.586445 -0.516827 4.910380
v -0.302865 -0.680282 4.755682
v 0.000000 -0.490750 4.874002
v -0.303947 -0.869814 4.637362
v 0.000000 -0.869815 4.637362
v -0.589744 -0.880099 4.683600
v 0.000000 0.580004 1.313378
v 0.000000 0.112323 1.627710
v -0.302695 0.112323 1.627710
v -0.529495 0.114682 1.784516
v -0.302695 0.346163 1.470544
v -0.302742 -0.074097 1.726932
v -0.302695 0.580004 1.313378
v -0.302600 0.755328 1.381846
v -0.529501 0.582133 1.487869
v -0.303356 -0.253952 1.561103
v -0.303120 -0.209814 1.635682
v 0.000000 -0.253952 1.561103
v -0.302884 -0.165676 1.710262
v 0.000000 -0.165676 1.710262
v -1.523002 0.274966 4.907867
v -1.464339 0.241210 5.511700
v -1.226402 0.146828 4.599119
v -1.524561 0.275300 3.569980
v -1.730316 0.389078 5.080696
v -0.930030 0.018796 4.297905
v -0.684557 -0.026324 4.052325
v -0.929230 0.018320 3.176419
v -0.891848 -0.006251 4.799267
v -0.931477 0.019160 2.493735
v -1.227389 0.146792 2.584074
v -0.686246 -0.025709 2.373551
v -1.523543 0.274521 2.667179
v -1.730600 0.388525 2.733381
v -0.604529 0.588522 2.011343
v -0.604516 0.355130 2.133838
v -0.603656 0.588500 2.723529
v -0.528976 0.757344 1.929376
v -0.604503 0.121759 2.254934
v -0.603627 0.121175 2.879510
v -0.602751 0.121099 3.940712
v -0.602767 0.354545 3.905996
v -0.602783 0.588010 3.872665
v -0.527441 0.756877 3.841422
v -1.798885 0.492064 2.729308
v -1.797754 0.592815 2.699307
v -1.798771 0.492121 3.682476
v -1.796623 0.693565 2.668537
v -1.796467 0.692971 3.545209
v -1.796312 0.692291 4.858737
v -1.797484 0.592277 4.965172
v -1.798657 0.492261 5.072382
v -3.605812 -0.131618 5.037149
v -3.494029 -0.127694 5.891305
v -3.605538 0.041852 5.076595
v -3.604204 -0.131557 3.451175
v -3.493139 -0.257831 5.000636
v -3.605258 0.215314 5.117563
v -3.603073 0.215453 3.649123
v -3.493902 0.219699 5.900519
v -3.600889 0.215341 2.617334
v -3.486955 0.219724 1.839539
v -3.601740 0.042044 2.460497
v -3.602596 -0.131261 2.302130
v -3.490584 -0.257339 2.196783
v -3.489080 -0.127081 1.453735
v -1.570401 -1.419485 4.729783
v -1.313553 -1.300731 4.714748
v -1.586476 -1.301007 4.962824
v -1.744344 -1.444989 4.602463
v -1.073214 -1.173820 4.729783
v -0.931901 -1.051017 4.782860
v -1.313023 -1.165891 4.962824
v -1.569438 -1.174322 5.180830
v -1.743275 -1.142905 5.195484
v -1.477748 -1.051569 5.279011
v -2.249605 0.393463 1.414054
v -2.249800 0.350378 1.641625
v -2.698848 0.393718 1.413924
v -2.249839 0.393221 1.042655
v -3.148090 0.393973 1.413795
v -3.148051 0.393561 1.042488
v -3.362595 0.350952 1.641132
v -3.148011 0.393149 0.671181
v -2.699042 0.393064 0.671218
v -2.250074 0.392979 0.671255
v -1.335903 -0.912264 5.272857
v -1.096169 -0.922551 5.048277
v -1.094385 -0.748812 5.156737
v -1.476298 -0.854406 5.443260
v -0.839679 -0.911762 4.821810
v -0.821461 -0.748536 4.908662
v -0.836434 -0.595873 5.019011
v -0.926882 -0.506377 5.164029
v -1.567653 -0.448106 5.853708
v -1.742669 -0.493223 5.695091
v -1.584243 -0.611691 5.740118
v -1.309535 -0.437676 5.600502
v -1.567531 -0.764737 5.601188
v -1.309468 -0.611823 5.461617
v -1.742546 -0.871970 5.511644
v -1.068062 -0.448346 5.347342
v -1.333870 0.158951 5.620946
v -1.092631 0.016365 5.392822
v -1.092631 0.057124 5.296723
v -0.834754 -0.130943 5.136917
v -0.818117 -0.102318 5.030508
v -0.834755 -0.056836 4.962192
v -1.801463 -0.544362 4.813972
v -2.044272 -0.360874 4.958559
v -1.802022 -0.587653 3.305870
v -1.801427 -0.777046 4.837994
v -1.802531 -0.606273 2.216814
v -1.802592 -0.936629 2.295037
v -2.045210 -0.375577 2.182826
v -1.802715 -1.265071 2.337082
v -1.802537 -1.293267 3.045421
v -1.802389 -1.357590 3.663429
v -1.801911 -1.148891 4.448486
v -1.801387 -0.982808 4.938751
v -2.252093 -0.126424 6.189428
v -2.251886 0.047376 6.177699
v -2.703805 -0.126399 6.184402
v -2.252313 -0.256652 5.898872
v -2.251666 0.221176 6.165971
v -2.703552 0.221169 6.164297
v -3.155437 0.221162 6.162621
v -3.155471 0.047393 6.170999
v -3.155518 -0.126376 6.179375
v -3.369972 -0.256651 5.886859
v -3.367237 -0.299228 2.164292
v -3.366693 -0.255672 1.317748
v -3.368192 -0.299546 3.360029
v -3.369146 -0.299864 4.992560
v -3.366085 -0.125641 1.171786
v -3.364943 0.047711 1.376217
v -3.363802 0.221063 1.580648
v 0.000000 0.813167 3.830534
v 0.000000 0.813618 1.901582
v -0.302313 0.813618 1.901583
v -0.301835 0.813392 2.647661
v -0.301358 0.813167 3.830534
v -0.413893 0.229610 4.493297
v -0.526863 0.230461 4.411826
v -0.413891 0.112284 4.495063
v -0.300938 0.228014 4.574767
v -0.413910 0.346191 4.491530
v -0.438761 0.017986 4.535698
v -0.451335 -0.073717 4.579524
v -0.300925 0.017726 4.586977
v -0.357410 0.111656 4.534659
v -0.470371 0.112913 4.455466
v -0.564300 0.020841 4.487609
v -0.150477 0.461989 4.575788
v 0.000000 0.461988 4.575788
v -0.150481 0.578974 4.576300
v -0.300954 0.461988 4.575788
v -0.150473 0.345001 4.575277
v -0.075239 0.520481 4.576044
v -0.075241 0.578974 4.576300
v -0.150479 0.520481 4.576044
v -0.075239 0.461988 4.575788
vt 0.203543 0.603592
vt 0.188717 0.603592
vt 0.188743 0.609844
vt 0.203543 0.603592
vt 0.188743 0.609844
vt 0.203578 0.609844
vt 0.043013 0.756795
vt 0.042983 0.750186
vt 0.048963 0.750177
vt 0.043013 0.756795
vt 0.048963 0.750177
vt 0.048990 0.756789
vt 0.042952 0.743577
vt 0.048934 0.743567
vt 0.048963 0.750177
vt 0.042952 0.743577
vt 0.048963 0.750177
vt 0.042983 0.750186
vt 0.173890 0.603592
vt 0.173906 0.609841
vt 0.188743 0.609844
vt 0.173890 0.603592
vt 0.188743 0.609844
vt 0.188717 0.603592
vt 0.203543 0.603592
vt 0.203578 0.609844
vt 0.218413 0.609844
vt 0.203543 0.603592
vt 0.218413 0.609844
vt 0.218369 0.603592
vt 0.233195 0.603592
vt 0.218369 0.603592
vt 0.218413 0.609844
vt 0.233195 0.603592
vt 0.218413 0.609844
vt 0.233251 0.609841
vt 0.969401 0.336763
vt 0.959146 0.336824
vt 0.959125 0.322470
vt 0.969401 0.336763
vt 0.959125 0.322470
vt 0.969372 0.322423
vt 0.969342 0.308083
vt 0.969372 0.322423
vt 0.959125 0.322470
vt 0.969342 0.308083
vt 0.959125 0.322470
vt 0.959115 0.308104
vt 0.054863 0.730331
vt 0.054915 0.743557
vt 0.048934 0.743567
vt 0.054863 0.730331
vt 0.048934 0.743567
vt 0.042952 0.743577
vt 0.054863 0.730331
vt 0.042952 0.743577
vt 0.042885 0.730367
vt 0.031059 0.756808
vt 0.030983 0.743605
vt 0.042952 0.743577
vt 0.031059 0.756808
vt 0.042952 0.743577
vt 0.042983 0.750186
vt 0.031059 0.756808
vt 0.042983 0.750186
vt 0.043013 0.756795
vt 0.030907 0.730403
vt 0.042885 0.730367
vt 0.042952 0.743577
vt 0.030907 0.730403
vt 0.042952 0.743577
vt 0.030983 0.743605
vt 0.928432 0.308166
vt 0.938659 0.308145
vt 0.938652 0.322538
vt 0.928432 0.308166
vt 0.938652 0.322538
vt 0.928419 0.322566
vt 0.948887 0.308124
vt 0.948889 0.322504
vt 0.938652 0.322538
vt 0.948887 0.308124
vt 0.938652 0.322538
vt 0.938659 0.308145
vt 0.948890 0.336884
vt 0.938649 0.336925
vt 0.938652 0.322538
vt 0.948890 0.336884
vt 0.938652 0.322538
vt 0.948889 0.322504
vt 0.006590 0.677697
vt 0.018594 0.677654
vt 0.018678 0.690845
vt 0.006590 0.677697
vt 0.018678 0.690845
vt 0.006680 0.690891
vt 0.030598 0.677610
vt 0.030676 0.690803
vt 0.018678 0.690845
vt 0.030598 0.677610
vt 0.018678 0.690845
vt 0.018594 0.677654
vt 0.030754 0.703997
vt 0.024758 0.704019
vt 0.018678 0.690845
vt 0.030754 0.703997
vt 0.018678 0.690845
vt 0.030676 0.690803
vt 0.018762 0.704041
vt 0.012766 0.704063
vt 0.018678 0.690845
vt 0.018762 0.704041
vt 0.018678 0.690845
vt 0.024758 0.704019
vt 0.006770 0.704085
vt 0.006680 0.690891
vt 0.018678 0.690845
vt 0.006770 0.704085
vt 0.018678 0.690845
vt 0.012766 0.704063
vt 0.928407 0.336966
vt 0.928419 0.322566
vt 0.938652 0.322538
vt 0.928407 0.336966
vt 0.938652 0.322538
vt 0.938649 0.336925
vt 0.969342 0.308083
vt 0.969372 0.322423
vt 0.959125 0.322470
vt 0.969342 0.308083
vt 0.959125 0.322470
vt 0.959115 0.308104
vt 0.969401 0.336763
vt 0.959146 0.336824
vt 0.959125 0.322470
vt 0.969401 0.336763
vt 0.959125 0.322470
vt 0.969372 0.322423
vt 0.969401 0.336763
vt 0.969431 0.351104
vt 0.959166 0.351177
vt 0.969401 0.336763
vt 0.959166 0.351177
vt 0.959146 0.336824
vt 0.948890 0.336884
vt 0.948889 0.322504
vt 0.959125 0.322470
vt 0.948890 0.336884
vt 0.959125 0.322470
vt 0.959146 0.336824
vt 0.006951 0.730474
vt 0.006860 0.717280
vt 0.018847 0.717237
vt 0.006951 0.730474
vt 0.018847 0.717237
vt 0.018929 0.730438
vt 0.006770 0.704085
vt 0.012766 0.704063
vt 0.018762 0.704041
vt 0.006770 0.704085
vt 0.018762 0.704041
vt 0.018847 0.717237
vt 0.006770 0.704085
vt 0.018847 0.717237
vt 0.006860 0.717280
vt 0.030754 0.703997
vt 0.030831 0.717200
vt 0.018847 0.717237
vt 0.030754 0.703997
vt 0.018847 0.717237
vt 0.018762 0.704041
vt 0.030754 0.703997
vt 0.018762 0.704041
vt 0.024758 0.704019
vt 0.030907 0.730403
vt 0.018929 0.730438
vt 0.018847 0.717237
vt 0.030907 0.730403
vt 0.018847 0.717237
vt 0.030831 0.717200
vt 0.948887 0.308124
vt 0.959115 0.308104
vt 0.959125 0.322470
vt 0.948887 0.308124
vt 0.959125 0.322470
vt 0.948889 0.322504
vt 0.969461 0.365444
vt 0.959191 0.365525
vt 0.959166 0.351177
vt 0.969461 0.365444
vt 0.959166 0.351177
vt 0.969431 0.351104
vt 0.165257 0.613904
vt 0.172655 0.620106
vt 0.188184 0.619659
vt 0.165257 0.613904
vt 0.188184 0.619659
vt 0.182567 0.613491
vt 0.199877 0.613079
vt 0.182567 0.613491
vt 0.188184 0.619659
vt 0.199877 0.613079
vt 0.188184 0.619659
vt 0.203838 0.619740
vt 0.179078 0.945258
vt 0.176596 0.945084
vt 0.174621 0.918810
vt 0.179078 0.945258
vt 0.174621 0.918810
vt 0.178457 0.922856
vt 0.174113 0.944909
vt 0.171230 0.919475
vt 0.174621 0.918810
vt 0.174113 0.944909
vt 0.174621 0.918810
vt 0.176596 0.945084
vt 0.168346 0.894040
vt 0.173092 0.897247
vt 0.174621 0.918810
vt 0.168346 0.894040
vt 0.174621 0.918810
vt 0.171230 0.919475
vt 0.177837 0.900453
vt 0.178457 0.922856
vt 0.174621 0.918810
vt 0.177837 0.900453
vt 0.174621 0.918810
vt 0.173092 0.897247
vt 0.169149 0.944561
vt 0.164716 0.922594
vt 0.167668 0.918653
vt 0.169149 0.944561
vt 0.167668 0.918653
vt 0.171631 0.944735
vt 0.160284 0.900628
vt 0.164315 0.897334
vt 0.167668 0.918653
vt 0.160284 0.900628
vt 0.167668 0.918653
vt 0.164716 0.922594
vt 0.168346 0.894040
vt 0.171230 0.919475
vt 0.167668 0.918653
vt 0.168346 0.894040
vt 0.167668 0.918653
vt 0.164315 0.897334
vt 0.174113 0.944909
vt 0.171631 0.944735
vt 0.167668 0.918653
vt 0.174113 0.944909
vt 0.167668 0.918653
vt 0.171230 0.919475
vt 0.151418 0.856695
vt 0.157713 0.856433
vt 0.160683 0.875827
vt 0.151418 0.856695
vt 0.160683 0.875827
vt 0.155851 0.878661
vt 0.164007 0.856172
vt 0.166177 0.875106
vt 0.160683 0.875827
vt 0.164007 0.856172
vt 0.160683 0.875827
vt 0.157713 0.856433
vt 0.168346 0.894040
vt 0.164315 0.897334
vt 0.160683 0.875827
vt 0.168346 0.894040
vt 0.160683 0.875827
vt 0.166177 0.875106
vt 0.160284 0.900628
vt 0.155851 0.878661
vt 0.160683 0.875827
vt 0.160284 0.900628
vt 0.160683 0.875827
vt 0.164315 0.897334
vt 0.176596 0.855649
vt 0.177216 0.878051
vt 0.171796 0.875492
vt 0.176596 0.855649
vt 0.171796 0.875492
vt 0.170301 0.855910
vt 0.177837 0.900453
vt 0.173092 0.897247
vt 0.171796 0.875492
vt 0.177837 0.900453
vt 0.171796 0.875492
vt 0.177216 0.878051
vt 0.168346 0.894040
vt 0.166177 0.875106
vt 0.171796 0.875492
vt 0.168346 0.894040
vt 0.171796 0.875492
vt 0.173092 0.897247
vt 0.164007 0.856172
vt 0.170301 0.855910
vt 0.171796 0.875492
vt 0.164007 0.856172
vt 0.171796 0.875492
vt 0.166177 0.875106
vt 0.236170 0.944909
vt 0.235993 0.954411
vt 0.221695 0.954508
vt 0.236170 0.944909
vt 0.221695 0.954508
vt 0.221897 0.944996
vt 0.235816 0.963912
vt 0.221498 0.964009
vt 0.221695 0.954508
vt 0.235816 0.963912
vt 0.221695 0.954508
vt 0.235993 0.954411
vt 0.207181 0.964106
vt 0.207402 0.954595
vt 0.221695 0.954508
vt 0.207181 0.964106
vt 0.221695 0.954508
vt 0.221498 0.964009
vt 0.207624 0.945084
vt 0.221897 0.944996
vt 0.221695 0.954508
vt 0.207624 0.945084
vt 0.221695 0.954508
vt 0.207402 0.954595
vt 0.235461 0.982915
vt 0.221099 0.983002
vt 0.221301 0.973511
vt 0.235461 0.982915
vt 0.221301 0.973511
vt 0.235638 0.973414
vt 0.206738 0.983089
vt 0.206959 0.973598
vt 0.221301 0.973511
vt 0.206738 0.983089
vt 0.221301 0.973511
vt 0.221099 0.983002
vt 0.207181 0.964106
vt 0.221498 0.964009
vt 0.221301 0.973511
vt 0.207181 0.964106
vt 0.221301 0.973511
vt 0.206959 0.973598
vt 0.235816 0.963912
vt 0.235638 0.973414
vt 0.221301 0.973511
vt 0.235816 0.963912
vt 0.221301 0.973511
vt 0.221498 0.964009
vt 0.178014 0.983264
vt 0.178280 0.973762
vt 0.192617 0.973685
vt 0.178014 0.983264
vt 0.192617 0.973685
vt 0.192376 0.983176
vt 0.178546 0.964261
vt 0.192863 0.964183
vt 0.192617 0.973685
vt 0.178546 0.964261
vt 0.192617 0.973685
vt 0.178280 0.973762
vt 0.207181 0.964106
vt 0.206959 0.973598
vt 0.192617 0.973685
vt 0.207181 0.964106
vt 0.192617 0.973685
vt 0.192863 0.964183
vt 0.206738 0.983089
vt 0.192376 0.983176
vt 0.192617 0.973685
vt 0.206738 0.983089
vt 0.192617 0.973685
vt 0.206959 0.973598
vt 0.179078 0.945258
vt 0.193351 0.945171
vt 0.193110 0.954682
vt 0.179078 0.945258
vt 0.193110 0.954682
vt 0.178812 0.954759
vt 0.207624 0.945084
vt 0.207402 0.954595
vt 0.193110 0.954682
vt 0.207624 0.945084
vt 0.193110 0.954682
vt 0.193351 0.945171
vt 0.207181 0.964106
vt 0.192863 0.964183
vt 0.193110 0.954682
vt 0.207181 0.964106
vt 0.193110 0.954682
vt 0.207402 0.954595
vt 0.178546 0.964261
vt 0.178812 0.954759
vt 0.193110 0.954682
vt 0.178546 0.964261
vt 0.193110 0.954682
vt 0.192863 0.964183
vt 0.151773 0.770572
vt 0.157979 0.770485
vt 0.157906 0.792018
vt 0.151773 0.770572
vt 0.157906 0.792018
vt 0.151684 0.792103
vt 0.164184 0.770397
vt 0.164132 0.791892
vt 0.157906 0.792018
vt 0.164184 0.770397
vt 0.157906 0.792018
vt 0.157979 0.770485
vt 0.164079 0.813386
vt 0.157837 0.813510
vt 0.157906 0.792018
vt 0.164079 0.813386
vt 0.157906 0.792018
vt 0.164132 0.791892
vt 0.151596 0.813633
vt 0.151684 0.792103
vt 0.157906 0.792018
vt 0.151596 0.813633
vt 0.157906 0.792018
vt 0.157837 0.813510
vt 0.176596 0.770223
vt 0.176596 0.791579
vt 0.170357 0.791766
vt 0.176596 0.770223
vt 0.170357 0.791766
vt 0.170390 0.770310
vt 0.176596 0.812936
vt 0.170337 0.813161
vt 0.170357 0.791766
vt 0.176596 0.812936
vt 0.170357 0.791766
vt 0.176596 0.791579
vt 0.164079 0.813386
vt 0.164132 0.791892
vt 0.170357 0.791766
vt 0.164079 0.813386
vt 0.170357 0.791766
vt 0.170337 0.813161
vt 0.164184 0.770397
vt 0.170390 0.770310
vt 0.170357 0.791766
vt 0.164184 0.770397
vt 0.170357 0.791766
vt 0.164132 0.791892
vt 0.176596 0.855649
vt 0.170301 0.855910
vt 0.170318 0.834556
vt 0.176596 0.855649
vt 0.170318 0.834556
vt 0.176596 0.834292
vt 0.164007 0.856172
vt 0.164043 0.834779
vt 0.170318 0.834556
vt 0.164007 0.856172
vt 0.170318 0.834556
vt 0.170301 0.855910
vt 0.164079 0.813386
vt 0.170337 0.813161
vt 0.170318 0.834556
vt 0.164079 0.813386
vt 0.170318 0.834556
vt 0.164043 0.834779
vt 0.176596 0.812936
vt 0.176596 0.834292
vt 0.170318 0.834556
vt 0.176596 0.812936
vt 0.170318 0.834556
vt 0.170337 0.813161
vt 0.151418 0.856695
vt 0.151507 0.835164
vt 0.157768 0.835001
vt 0.151418 0.856695
vt 0.157768 0.835001
vt 0.157713 0.856433
vt 0.151596 0.813633
vt 0.157837 0.813510
vt 0.157768 0.835001
vt 0.151596 0.813633
vt 0.157768 0.835001
vt 0.151507 0.835164
vt 0.164079 0.813386
vt 0.164043 0.834779
vt 0.157768 0.835001
vt 0.164079 0.813386
vt 0.157768 0.835001
vt 0.157837 0.813510
vt 0.164007 0.856172
vt 0.157713 0.856433
vt 0.157768 0.835001
vt 0.164007 0.856172
vt 0.157768 0.835001
vt 0.164043 0.834779
vt 0.152482 0.770223
vt 0.152305 0.727336
vt 0.158269 0.728670
vt 0.152482 0.770223
vt 0.158269 0.728670
vt 0.158511 0.770223
vt 0.152128 0.684449
vt 0.158157 0.687123
vt 0.158269 0.728670
vt 0.152128 0.684449
vt 0.158269 0.728670
vt 0.152305 0.727336
vt 0.164187 0.689796
vt 0.164363 0.730010
vt 0.158269 0.728670
vt 0.164187 0.689796
vt 0.158269 0.728670
vt 0.158157 0.687123
vt 0.164539 0.770223
vt 0.158511 0.770223
vt 0.158269 0.728670
vt 0.164539 0.770223
vt 0.158269 0.728670
vt 0.164363 0.730010
vt 0.151773 0.598675
vt 0.158116 0.604846
vt 0.158054 0.645580
vt 0.151773 0.598675
vt 0.158054 0.645580
vt 0.151950 0.641562
vt 0.164459 0.611017
vt 0.164323 0.650406
vt 0.158054 0.645580
vt 0.164459 0.611017
vt 0.158054 0.645580
vt 0.158116 0.604846
vt 0.164187 0.689796
vt 0.158157 0.687123
vt 0.158054 0.645580
vt 0.164187 0.689796
vt 0.158054 0.645580
vt 0.164323 0.650406
vt 0.152128 0.684449
vt 0.151950 0.641562
vt 0.158054 0.645580
vt 0.152128 0.684449
vt 0.158054 0.645580
vt 0.158157 0.687123
vt 0.177145 0.623358
vt 0.177007 0.660074
vt 0.170591 0.655173
vt 0.177145 0.623358
vt 0.170591 0.655173
vt 0.170802 0.617187
vt 0.176870 0.696791
vt 0.170529 0.693293
vt 0.170591 0.655173
vt 0.176870 0.696791
vt 0.170591 0.655173
vt 0.177007 0.660074
vt 0.164187 0.689796
vt 0.164323 0.650406
vt 0.170591 0.655173
vt 0.164187 0.689796
vt 0.170591 0.655173
vt 0.170529 0.693293
vt 0.164459 0.611017
vt 0.170802 0.617187
vt 0.170591 0.655173
vt 0.164459 0.611017
vt 0.170591 0.655173
vt 0.164323 0.650406
vt 0.176596 0.770223
vt 0.170567 0.770223
vt 0.170456 0.731410
vt 0.176596 0.770223
vt 0.170456 0.731410
vt 0.176733 0.733507
vt 0.164539 0.770223
vt 0.164363 0.730010
vt 0.170456 0.731410
vt 0.164539 0.770223
vt 0.170456 0.731410
vt 0.170567 0.770223
vt 0.164187 0.689796
vt 0.170529 0.693293
vt 0.170456 0.731410
vt 0.164187 0.689796
vt 0.170456 0.731410
vt 0.164363 0.730010
vt 0.176870 0.696791
vt 0.176733 0.733507
vt 0.170456 0.731410
vt 0.176870 0.696791
vt 0.170456 0.731410
vt 0.170529 0.693293
vt 0.179078 0.945258
vt 0.178457 0.922856
vt 0.192827 0.922676
vt 0.179078 0.945258
vt 0.192827 0.922676
vt 0.193351 0.945171
vt 0.177837 0.900453
vt 0.192285 0.900275
vt 0.192827 0.922676
vt 0.177837 0.900453
vt 0.192827 0.922676
vt 0.178457 0.922856
vt 0.206733 0.900096
vt 0.207179 0.922590
vt 0.192827 0.922676
vt 0.206733 0.900096
vt 0.192827 0.922676
vt 0.192285 0.900275
vt 0.207624 0.945084
vt 0.193351 0.945171
vt 0.192827 0.922676
vt 0.207624 0.945084
vt 0.192827 0.922676
vt 0.207179 0.922590
vt 0.176596 0.855649
vt 0.191223 0.855561
vt 0.191743 0.877873
vt 0.176596 0.855649
vt 0.191743 0.877873
vt 0.177216 0.878051
vt 0.205851 0.855474
vt 0.206292 0.877785
vt 0.191743 0.877873
vt 0.205851 0.855474
vt 0.191743 0.877873
vt 0.191223 0.855561
vt 0.206733 0.900096
vt 0.192285 0.900275
vt 0.191743 0.877873
vt 0.206733 0.900096
vt 0.191743 0.877873
vt 0.206292 0.877785
vt 0.177837 0.900453
vt 0.177216 0.878051
vt 0.191743 0.877873
vt 0.177837 0.900453
vt 0.191743 0.877873
vt 0.192285 0.900275
vt 0.235106 0.855300
vt 0.235372 0.877702
vt 0.220841 0.877698
vt 0.235106 0.855300
vt 0.220841 0.877698
vt 0.220479 0.855387
vt 0.235638 0.900105
vt 0.221186 0.900100
vt 0.220841 0.877698
vt 0.235638 0.900105
vt 0.220841 0.877698
vt 0.235372 0.877702
vt 0.206733 0.900096
vt 0.206292 0.877785
vt 0.220841 0.877698
vt 0.206733 0.900096
vt 0.220841 0.877698
vt 0.221186 0.900100
vt 0.205851 0.855474
vt 0.220479 0.855387
vt 0.220841 0.877698
vt 0.205851 0.855474
vt 0.220841 0.877698
vt 0.206292 0.877785
vt 0.236170 0.944909
vt 0.221897 0.944996
vt 0.221531 0.922502
vt 0.236170 0.944909
vt 0.221531 0.922502
vt 0.235904 0.922507
vt 0.207624 0.945084
vt 0.207179 0.922590
vt 0.221531 0.922502
vt 0.207624 0.945084
vt 0.221531 0.922502
vt 0.221897 0.944996
vt 0.206733 0.900096
vt 0.221186 0.900100
vt 0.221531 0.922502
vt 0.206733 0.900096
vt 0.221531 0.922502
vt 0.207179 0.922590
vt 0.235638 0.900105
vt 0.235904 0.922507
vt 0.221531 0.922502
vt 0.235638 0.900105
vt 0.221531 0.922502
vt 0.221186 0.900100
vt 0.176596 0.770223
vt 0.191223 0.770223
vt 0.191213 0.791555
vt 0.176596 0.770223
vt 0.191213 0.791555
vt 0.176596 0.791579
vt 0.205851 0.770223
vt 0.205841 0.791536
vt 0.191213 0.791555
vt 0.205851 0.770223
vt 0.191213 0.791555
vt 0.191223 0.770223
vt 0.205831 0.812849
vt 0.191213 0.812892
vt 0.191213 0.791555
vt 0.205831 0.812849
vt 0.191213 0.791555
vt 0.205841 0.791536
vt 0.176596 0.812936
vt 0.176596 0.791579
vt 0.191213 0.791555
vt 0.176596 0.812936
vt 0.191213 0.791555
vt 0.191213 0.812892
vt 0.235106 0.770223
vt 0.235106 0.791492
vt 0.220469 0.791517
vt 0.235106 0.770223
vt 0.220469 0.791517
vt 0.220479 0.770223
vt 0.235106 0.812762
vt 0.220469 0.812805
vt 0.220469 0.791517
vt 0.235106 0.812762
vt 0.220469 0.791517
vt 0.235106 0.791492
vt 0.205831 0.812849
vt 0.205841 0.791536
vt 0.220469 0.791517
vt 0.205831 0.812849
vt 0.220469 0.791517
vt 0.220469 0.812805
vt 0.205851 0.770223
vt 0.220479 0.770223
vt 0.220469 0.791517
vt 0.205851 0.770223
vt 0.220469 0.791517
vt 0.205841 0.791536
vt 0.235106 0.855300
vt 0.220479 0.855387
vt 0.220469 0.834094
vt 0.235106 0.855300
vt 0.220469 0.834094
vt 0.235106 0.834031
vt 0.205851 0.855474
vt 0.205841 0.834162
vt 0.220469 0.834094
vt 0.205851 0.855474
vt 0.220469 0.834094
vt 0.220479 0.855387
vt 0.205831 0.812849
vt 0.220469 0.812805
vt 0.220469 0.834094
vt 0.205831 0.812849
vt 0.220469 0.834094
vt 0.205841 0.834162
vt 0.235106 0.812762
vt 0.235106 0.834031
vt 0.220469 0.834094
vt 0.235106 0.812762
vt 0.220469 0.834094
vt 0.220469 0.812805
vt 0.176596 0.855649
vt 0.176596 0.834292
vt 0.191213 0.834229
vt 0.176596 0.855649
vt 0.191213 0.834229
vt 0.191223 0.855561
vt 0.176596 0.812936
vt 0.191213 0.812892
vt 0.191213 0.834229
vt 0.176596 0.812936
vt 0.191213 0.834229
vt 0.176596 0.834292
vt 0.205831 0.812849
vt 0.205841 0.834162
vt 0.191213 0.834229
vt 0.205831 0.812849
vt 0.191213 0.834229
vt 0.191213 0.812892
vt 0.205851 0.855474
vt 0.191223 0.855561
vt 0.191213 0.834229
vt 0.205851 0.855474
vt 0.191213 0.834229
vt 0.205841 0.834162
vt 0.176596 0.770223
vt 0.176720 0.733479
vt 0.191275 0.733589
vt 0.176596 0.770223
vt 0.191275 0.733589
vt 0.191223 0.770223
vt 0.176845 0.696734
vt 0.191341 0.696845
vt 0.191275 0.733589
vt 0.176845 0.696734
vt 0.191275 0.733589
vt 0.176720 0.733479
vt 0.205837 0.696957
vt 0.205844 0.733590
vt 0.191275 0.733589
vt 0.205837 0.696957
vt 0.191275 0.733589
vt 0.191341 0.696845
vt 0.205851 0.770223
vt 0.191223 0.770223
vt 0.191275 0.733589
vt 0.205851 0.770223
vt 0.191275 0.733589
vt 0.205844 0.733590
vt 0.177094 0.623245
vt 0.191459 0.623245
vt 0.191407 0.660101
vt 0.177094 0.623245
vt 0.191407 0.660101
vt 0.176970 0.659990
vt 0.205823 0.623245
vt 0.205830 0.660101
vt 0.191407 0.660101
vt 0.205823 0.623245
vt 0.191407 0.660101
vt 0.191459 0.623245
vt 0.205837 0.696957
vt 0.191341 0.696845
vt 0.191407 0.660101
vt 0.205837 0.696957
vt 0.191407 0.660101
vt 0.205830 0.660101
vt 0.176845 0.696734
vt 0.176970 0.659990
vt 0.191407 0.660101
vt 0.176845 0.696734
vt 0.191407 0.660101
vt 0.191341 0.696845
vt 0.234552 0.623245
vt 0.234690 0.659990
vt 0.220253 0.660101
vt 0.234552 0.623245
vt 0.220253 0.660101
vt 0.220187 0.623245
vt 0.234829 0.696734
vt 0.220333 0.696845
vt 0.220253 0.660101
vt 0.234829 0.696734
vt 0.220253 0.660101
vt 0.234690 0.659990
vt 0.205837 0.696957
vt 0.205830 0.660101
vt 0.220253 0.660101
vt 0.205837 0.696957
vt 0.220253 0.660101
vt 0.220333 0.696845
vt 0.205823 0.623245
vt 0.220187 0.623245
vt 0.220253 0.660101
vt 0.205823 0.623245
vt 0.220253 0.660101
vt 0.205830 0.660101
vt 0.235106 0.770223
vt 0.220479 0.770223
vt 0.220413 0.733589
vt 0.235106 0.770223
vt 0.220413 0.733589
vt 0.234968 0.733479
vt 0.205851 0.770223
vt 0.205844 0.733590
vt 0.220413 0.733589
vt 0.205851 0.770223
vt 0.220413 0.733589
vt 0.220479 0.770223
vt 0.205837 0.696957
vt 0.220333 0.696845
vt 0.220413 0.733589
vt 0.205837 0.696957
vt 0.220413 0.733589
vt 0.205844 0.733590
vt 0.234829 0.696734
vt 0.234968 0.733479
vt 0.220413 0.733589
vt 0.234829 0.696734
vt 0.220413 0.733589
vt 0.220333 0.696845
vt 0.179894 0.982322
vt 0.179690 0.973056
vt 0.177915 0.967956
vt 0.179894 0.982322
vt 0.177915 0.967956
vt 0.177553 0.973117
vt 0.179486 0.963790
vt 0.177994 0.960742
vt 0.177915 0.967956
vt 0.179486 0.963790
vt 0.177915 0.967956
vt 0.179690 0.973056
vt 0.176501 0.957694
vt 0.175857 0.960803
vt 0.177915 0.967956
vt 0.176501 0.957694
vt 0.177915 0.967956
vt 0.177994 0.960742
vt 0.175213 0.963912
vt 0.177553 0.973117
vt 0.177915 0.967956
vt 0.175213 0.963912
vt 0.177915 0.967956
vt 0.175857 0.960803
vt 0.179078 0.945258
vt 0.176941 0.945319
vt 0.177575 0.952512
vt 0.179078 0.945258
vt 0.177575 0.952512
vt 0.179282 0.954524
vt 0.174805 0.945380
vt 0.175653 0.951537
vt 0.177575 0.952512
vt 0.174805 0.945380
vt 0.177575 0.952512
vt 0.176941 0.945319
vt 0.176501 0.957694
vt 0.177994 0.960742
vt 0.177575 0.952512
vt 0.176501 0.957694
vt 0.177575 0.952512
vt 0.175653 0.951537
vt 0.179486 0.963790
vt 0.179282 0.954524
vt 0.177575 0.952512
vt 0.179486 0.963790
vt 0.177575 0.952512
vt 0.177994 0.960742
vt 0.170532 0.945502
vt 0.172872 0.954707
vt 0.174014 0.952614
vt 0.170532 0.945502
vt 0.174014 0.952614
vt 0.172668 0.945441
vt 0.175213 0.963912
vt 0.175857 0.960803
vt 0.174014 0.952614
vt 0.175213 0.963912
vt 0.174014 0.952614
vt 0.172872 0.954707
vt 0.176501 0.957694
vt 0.175653 0.951537
vt 0.174014 0.952614
vt 0.176501 0.957694
vt 0.174014 0.952614
vt 0.175857 0.960803
vt 0.174805 0.945380
vt 0.172668 0.945441
vt 0.174014 0.952614
vt 0.174805 0.945380
vt 0.174014 0.952614
vt 0.175653 0.951537
vt 0.235322 0.601500
vt 0.235378 0.607749
vt 0.216098 0.607338
vt 0.235322 0.601500
vt 0.216098 0.607338
vt 0.214107 0.601500
vt 0.235434 0.613998
vt 0.217656 0.613538
vt 0.216098 0.607338
vt 0.235434 0.613998
vt 0.216098 0.607338
vt 0.235378 0.607749
vt 0.199877 0.613079
vt 0.196384 0.607289
vt 0.216098 0.607338
vt 0.199877 0.613079
vt 0.216098 0.607338
vt 0.217656 0.613538
vt 0.192892 0.601500
vt 0.214107 0.601500
vt 0.216098 0.607338
vt 0.192892 0.601500
vt 0.216098 0.607338
vt 0.196384 0.607289
vt 0.235546 0.626496
vt 0.221673 0.626449
vt 0.219440 0.619733
vt 0.235546 0.626496
vt 0.219440 0.619733
vt 0.235490 0.620247
vt 0.207800 0.626402
vt 0.203838 0.619740
vt 0.219440 0.619733
vt 0.207800 0.626402
vt 0.219440 0.619733
vt 0.221673 0.626449
vt 0.199877 0.613079
vt 0.217656 0.613538
vt 0.219440 0.619733
vt 0.199877 0.613079
vt 0.219440 0.619733
vt 0.203838 0.619740
vt 0.235434 0.613998
vt 0.235490 0.620247
vt 0.219440 0.619733
vt 0.235434 0.613998
vt 0.219440 0.619733
vt 0.217656 0.613538
vt 0.180053 0.626308
vt 0.172655 0.620106
vt 0.188184 0.619659
vt 0.180053 0.626308
vt 0.188184 0.619659
vt 0.193926 0.626355
vt 0.165257 0.613904
vt 0.182567 0.613491
vt 0.188184 0.619659
vt 0.165257 0.613904
vt 0.188184 0.619659
vt 0.172655 0.620106
vt 0.199877 0.613079
vt 0.203838 0.619740
vt 0.188184 0.619659
vt 0.199877 0.613079
vt 0.188184 0.619659
vt 0.182567 0.613491
vt 0.207800 0.626402
vt 0.193926 0.626355
vt 0.188184 0.619659
vt 0.207800 0.626402
vt 0.188184 0.619659
vt 0.203838 0.619740
vt 0.150461 0.601500
vt 0.171677 0.601500
vt 0.176716 0.607317
vt 0.150461 0.601500
vt 0.176716 0.607317
vt 0.157859 0.607702
vt 0.192892 0.601500
vt 0.196384 0.607289
vt 0.176716 0.607317
vt 0.192892 0.601500
vt 0.176716 0.607317
vt 0.171677 0.601500
vt 0.199877 0.613079
vt 0.182567 0.613491
vt 0.176716 0.607317
vt 0.199877 0.613079
vt 0.176716 0.607317
vt 0.196384 0.607289
vt 0.165257 0.613904
vt 0.157859 0.607702
vt 0.176716 0.607317
vt 0.165257 0.613904
vt 0.176716 0.607317
vt 0.182567 0.613491
vt 0.235106 0.983787
vt 0.223670 0.983787
vt 0.226056 0.975702
vt 0.235106 0.983787
vt 0.226056 0.975702
vt 0.234907 0.973392
vt 0.212234 0.983787
vt 0.215913 0.976857
vt 0.226056 0.975702
vt 0.212234 0.983787
vt 0.226056 0.975702
vt 0.223670 0.983787
vt 0.219592 0.969927
vt 0.227150 0.966462
vt 0.226056 0.975702
vt 0.219592 0.969927
vt 0.226056 0.975702
vt 0.215913 0.976857
vt 0.234707 0.962997
vt 0.234907 0.973392
vt 0.226056 0.975702
vt 0.234707 0.962997
vt 0.226056 0.975702
vt 0.227150 0.966462
vt 0.189362 0.983787
vt 0.200598 0.973392
vt 0.206996 0.975702
vt 0.189362 0.983787
vt 0.206996 0.975702
vt 0.200798 0.983787
vt 0.211835 0.962997
vt 0.215714 0.966462
vt 0.206996 0.975702
vt 0.211835 0.962997
vt 0.206996 0.975702
vt 0.200598 0.973392
vt 0.219592 0.969927
vt 0.215913 0.976857
vt 0.206996 0.975702
vt 0.219592 0.969927
vt 0.206996 0.975702
vt 0.215714 0.966462
vt 0.212234 0.983787
vt 0.200798 0.983787
vt 0.206996 0.975702
vt 0.212234 0.983787
vt 0.206996 0.975702
vt 0.215913 0.976857
vt 0.234309 0.942207
vt 0.234508 0.952602
vt 0.225724 0.958377
vt 0.234309 0.942207
vt 0.225724 0.958377
vt 0.223072 0.952602
vt 0.234707 0.962997
vt 0.227150 0.966462
vt 0.225724 0.958377
vt 0.234707 0.962997
vt 0.225724 0.958377
vt 0.234508 0.952602
vt 0.219592 0.969927
vt 0.215714 0.966462
vt 0.225724 0.958377
vt 0.219592 0.969927
vt 0.225724 0.958377
vt 0.227150 0.966462
vt 0.211835 0.962997
vt 0.223072 0.952602
vt 0.225724 0.958377
vt 0.211835 0.962997
vt 0.225724 0.958377
vt 0.215714 0.966462
vt 0.231327 0.847803
vt 0.229130 0.847803
vt 0.229052 0.870803
vt 0.231327 0.847803
vt 0.229052 0.870803
vt 0.231226 0.870948
vt 0.226933 0.847803
vt 0.226873 0.870802
vt 0.229052 0.870803
vt 0.226933 0.847803
vt 0.229052 0.870803
vt 0.229130 0.847803
vt 0.226813 0.893802
vt 0.228969 0.893948
vt 0.229052 0.870803
vt 0.226813 0.893802
vt 0.229052 0.870803
vt 0.226873 0.870802
vt 0.231125 0.894094
vt 0.231226 0.870948
vt 0.229052 0.870803
vt 0.231125 0.894094
vt 0.229052 0.870803
vt 0.228969 0.893948
vt 0.222539 0.847803
vt 0.222520 0.870948
vt 0.224694 0.870803
vt 0.222539 0.847803
vt 0.224694 0.870803
vt 0.224736 0.847803
vt 0.222501 0.894094
vt 0.224657 0.893948
vt 0.224694 0.870803
vt 0.222501 0.894094
vt 0.224694 0.870803
vt 0.222520 0.870948
vt 0.226813 0.893802
vt 0.226873 0.870802
vt 0.224694 0.870803
vt 0.226813 0.893802
vt 0.224694 0.870803
vt 0.224657 0.893948
vt 0.226933 0.847803
vt 0.224736 0.847803
vt 0.224694 0.870803
vt 0.226933 0.847803
vt 0.224694 0.870803
vt 0.226873 0.870802
vt 0.222462 0.940386
vt 0.224577 0.940386
vt 0.224619 0.917092
vt 0.222462 0.940386
vt 0.224619 0.917092
vt 0.222481 0.917240
vt 0.226692 0.940386
vt 0.226753 0.917094
vt 0.224619 0.917092
vt 0.226692 0.940386
vt 0.224619 0.917092
vt 0.224577 0.940386
vt 0.226813 0.893802
vt 0.224657 0.893948
vt 0.224619 0.917092
vt 0.226813 0.893802
vt 0.224619 0.917092
vt 0.226753 0.917094
vt 0.222501 0.894094
vt 0.222481 0.917240
vt 0.224619 0.917092
vt 0.222501 0.894094
vt 0.224619 0.917092
vt 0.224657 0.893948
vt 0.230923 0.940386
vt 0.231024 0.917240
vt 0.228887 0.917092
vt 0.230923 0.940386
vt 0.228887 0.917092
vt 0.228808 0.940386
vt 0.231125 0.894094
vt 0.228969 0.893948
vt 0.228887 0.917092
vt 0.231125 0.894094
vt 0.228887 0.917092
vt 0.231024 0.917240
vt 0.226813 0.893802
vt 0.226753 0.917094
vt 0.228887 0.917092
vt 0.226813 0.893802
vt 0.228887 0.917092
vt 0.228969 0.893948
vt 0.226692 0.940386
vt 0.228808 0.940386
vt 0.228887 0.917092
vt 0.226692 0.940386
vt 0.228887 0.917092
vt 0.226753 0.917094
vt 0.218280 0.847803
vt 0.221541 0.847803
vt 0.221597 0.829810
vt 0.218280 0.847803
vt 0.221597 0.829810
vt 0.218364 0.829715
vt 0.224803 0.847803
vt 0.224836 0.829811
vt 0.221597 0.829810
vt 0.224803 0.847803
vt 0.221597 0.829810
vt 0.221541 0.847803
vt 0.224869 0.811819
vt 0.221658 0.811723
vt 0.221597 0.829810
vt 0.224869 0.811819
vt 0.221597 0.829810
vt 0.224836 0.829811
vt 0.218448 0.811628
vt 0.218364 0.829715
vt 0.221597 0.829810
vt 0.218448 0.811628
vt 0.221597 0.829810
vt 0.221658 0.811723
vt 0.231327 0.847803
vt 0.231309 0.829715
vt 0.228075 0.829810
vt 0.231327 0.847803
vt 0.228075 0.829810
vt 0.228065 0.847803
vt 0.231291 0.811627
vt 0.228080 0.811723
vt 0.228075 0.829810
vt 0.231291 0.811627
vt 0.228075 0.829810
vt 0.231309 0.829715
vt 0.224869 0.811819
vt 0.224836 0.829811
vt 0.228075 0.829810
vt 0.224869 0.811819
vt 0.228075 0.829810
vt 0.228080 0.811723
vt 0.224803 0.847803
vt 0.228065 0.847803
vt 0.228075 0.829810
vt 0.224803 0.847803
vt 0.228075 0.829810
vt 0.224836 0.829811
vt 0.231255 0.775452
vt 0.228095 0.775452
vt 0.228085 0.793636
vt 0.231255 0.775452
vt 0.228085 0.793636
vt 0.231273 0.793540
vt 0.224936 0.775452
vt 0.224902 0.793636
vt 0.228085 0.793636
vt 0.224936 0.775452
vt 0.228085 0.793636
vt 0.228095 0.775452
vt 0.224869 0.811819
vt 0.228080 0.811723
vt 0.228085 0.793636
vt 0.224869 0.811819
vt 0.228085 0.793636
vt 0.224902 0.793636
vt 0.231291 0.811627
vt 0.231273 0.793540
vt 0.228085 0.793636
vt 0.231291 0.811627
vt 0.228085 0.793636
vt 0.228080 0.811723
vt 0.218616 0.775452
vt 0.218532 0.793540
vt 0.221720 0.793636
vt 0.218616 0.775452
vt 0.221720 0.793636
vt 0.221776 0.775452
vt 0.218448 0.811628
vt 0.221658 0.811723
vt 0.221720 0.793636
vt 0.218448 0.811628
vt 0.221720 0.793636
vt 0.218532 0.793540
vt 0.224869 0.811819
vt 0.224902 0.793636
vt 0.221720 0.793636
vt 0.224869 0.811819
vt 0.221720 0.793636
vt 0.221658 0.811723
vt 0.224936 0.775452
vt 0.221776 0.775452
vt 0.221720 0.793636
vt 0.224936 0.775452
vt 0.221720 0.793636
vt 0.224902 0.793636
vt 0.207800 0.626402
vt 0.203838 0.619740
vt 0.188184 0.619659
vt 0.207800 0.626402
vt 0.188184 0.619659
vt 0.193926 0.626355
vt 0.180053 0.626308
vt 0.193926 0.626355
vt 0.188184 0.619659
vt 0.180053 0.626308
vt 0.188184 0.619659
vt 0.172655 0.620106
vt 0.192892 0.601500
vt 0.171677 0.601500
vt 0.176716 0.607317
vt 0.192892 0.601500
vt 0.176716 0.607317
vt 0.196384 0.607289
vt 0.199877 0.613079
vt 0.196384 0.607289
vt 0.176716 0.607317
vt 0.199877 0.613079
vt 0.176716 0.607317
vt 0.182567 0.613491
vt 0.165257 0.613904
vt 0.182567 0.613491
vt 0.176716 0.607317
vt 0.165257 0.613904
vt 0.176716 0.607317
vt 0.157859 0.607702
vt 0.150461 0.601500
vt 0.157859 0.607702
vt 0.176716 0.607317
vt 0.150461 0.601500
vt 0.176716 0.607317
vt 0.171677 0.601500
vt 0.235434 0.613998
vt 0.235378 0.607749
vt 0.216098 0.607338
vt 0.235434 0.613998
vt 0.216098 0.607338
vt 0.217656 0.613538
vt 0.199877 0.613079
vt 0.217656 0.613538
vt 0.216098 0.607338
vt 0.199877 0.613079
vt 0.216098 0.607338
vt 0.196384 0.607289
vt 0.192892 0.601500
vt 0.196384 0.607289
vt 0.216098 0.607338
vt 0.192892 0.601500
vt 0.216098 0.607338
vt 0.214107 0.601500
vt 0.235322 0.601500
vt 0.214107 0.601500
vt 0.216098 0.607338
vt 0.235322 0.601500
vt 0.216098 0.607338
vt 0.235378 0.607749
vt 0.207800 0.626402
vt 0.221673 0.626449
vt 0.219440 0.619733
vt 0.207800 0.626402
vt 0.219440 0.619733
vt 0.203838 0.619740
vt 0.199877 0.613079
vt 0.203838 0.619740
vt 0.219440 0.619733
vt 0.199877 0.613079
vt 0.219440 0.619733
vt 0.217656 0.613538
vt 0.235434 0.613998
vt 0.217656 0.613538
vt 0.219440 0.619733
vt 0.235434 0.613998
vt 0.219440 0.619733
vt 0.235490 0.620247
vt 0.235546 0.626496
vt 0.235490 0.620247
vt 0.219440 0.619733
vt 0.235546 0.626496
vt 0.219440 0.619733
vt 0.221673 0.626449
vt 0.959123 0.322474
vt 0.954014 0.329669
vt 0.950800 0.336884
vt 0.959123 0.322474
vt 0.950800 0.336884
vt 0.951733 0.329694
vt 0.944343 0.336913
vt 0.951733 0.329694
vt 0.950800 0.336884
vt 0.944343 0.336913
vt 0.950800 0.336884
vt 0.951763 0.344034
vt 0.918476 0.773100
vt 0.898999 0.773126
vt 0.899694 0.758076
vt 0.918476 0.773100
vt 0.899694 0.758076
vt 0.920011 0.758426
vt 0.879523 0.773153
vt 0.879521 0.758109
vt 0.899694 0.758076
vt 0.879523 0.773153
vt 0.899694 0.758076
vt 0.898999 0.773126
vt 0.879519 0.743064
vt 0.900532 0.743408
vt 0.899694 0.758076
vt 0.879519 0.743064
vt 0.899694 0.758076
vt 0.879521 0.758109
vt 0.921546 0.743751
vt 0.920011 0.758426
vt 0.899694 0.758076
vt 0.921546 0.743751
vt 0.899694 0.758076
vt 0.900532 0.743408
vt 0.840569 0.773206
vt 0.839044 0.758505
vt 0.859347 0.758117
vt 0.840569 0.773206
vt 0.859347 0.758117
vt 0.860046 0.773179
vt 0.837519 0.743804
vt 0.858519 0.743434
vt 0.859347 0.758117
vt 0.837519 0.743804
vt 0.859347 0.758117
vt 0.839044 0.758505
vt 0.879519 0.743064
vt 0.879521 0.758109
vt 0.859347 0.758117
vt 0.879519 0.743064
vt 0.859347 0.758117
vt 0.858519 0.743434
vt 0.879523 0.773153
vt 0.860046 0.773179
vt 0.859347 0.758117
vt 0.879523 0.773153
vt 0.859347 0.758117
vt 0.879521 0.758109
vt 0.834469 0.714402
vt 0.857005 0.714402
vt 0.857658 0.728751
vt 0.834469 0.714402
vt 0.857658 0.728751
vt 0.835994 0.729103
vt 0.879542 0.714402
vt 0.879530 0.728733
vt 0.857658 0.728751
vt 0.879542 0.714402
vt 0.857658 0.728751
vt 0.857005 0.714402
vt 0.879519 0.743064
vt 0.858519 0.743434
vt 0.857658 0.728751
vt 0.879519 0.743064
vt 0.857658 0.728751
vt 0.879530 0.728733
vt 0.837519 0.743804
vt 0.835994 0.729103
vt 0.857658 0.728751
vt 0.837519 0.743804
vt 0.857658 0.728751
vt 0.858519 0.743434
vt 0.924615 0.714402
vt 0.923080 0.729077
vt 0.901403 0.728739
vt 0.924615 0.714402
vt 0.901403 0.728739
vt 0.902079 0.714402
vt 0.921546 0.743751
vt 0.900532 0.743408
vt 0.901403 0.728739
vt 0.921546 0.743751
vt 0.901403 0.728739
vt 0.923080 0.729077
vt 0.879519 0.743064
vt 0.879530 0.728733
vt 0.901403 0.728739
vt 0.879519 0.743064
vt 0.901403 0.728739
vt 0.900532 0.743408
vt 0.879542 0.714402
vt 0.902079 0.714402
vt 0.901403 0.728739
vt 0.879542 0.714402
vt 0.901403 0.728739
vt 0.879530 0.728733
vt 0.925155 0.742552
vt 0.902349 0.742552
vt 0.902524 0.769531
vt 0.925155 0.742552
vt 0.902524 0.769531
vt 0.926047 0.768995
vt 0.879542 0.742552
vt 0.879161 0.769579
vt 0.902524 0.769531
vt 0.879542 0.742552
vt 0.902524 0.769531
vt 0.902349 0.742552
vt 0.878780 0.796606
vt 0.902860 0.796023
vt 0.902524 0.769531
vt 0.878780 0.796606
vt 0.902524 0.769531
vt 0.879161 0.769579
vt 0.926939 0.795439
vt 0.926047 0.768995
vt 0.902524 0.769531
vt 0.926939 0.795439
vt 0.902524 0.769531
vt 0.902860 0.796023
vt 0.833929 0.742552
vt 0.832362 0.769257
vt 0.855799 0.769647
vt 0.833929 0.742552
vt 0.855799 0.769647
vt 0.856735 0.742552
vt 0.830794 0.795962
vt 0.854787 0.796284
vt 0.855799 0.769647
vt 0.830794 0.795962
vt 0.855799 0.769647
vt 0.832362 0.769257
vt 0.878780 0.796606
vt 0.879161 0.769579
vt 0.855799 0.769647
vt 0.878780 0.796606
vt 0.855799 0.769647
vt 0.854787 0.796284
vt 0.879542 0.742552
vt 0.856735 0.742552
vt 0.855799 0.769647
vt 0.879542 0.742552
vt 0.855799 0.769647
vt 0.879161 0.769579
vt 0.827660 0.849372
vt 0.852926 0.849111
vt 0.853758 0.822921
vt 0.827660 0.849372
vt 0.853758 0.822921
vt 0.829227 0.822667
vt 0.878191 0.848849
vt 0.878486 0.822728
vt 0.853758 0.822921
vt 0.878191 0.848849
vt 0.853758 0.822921
vt 0.852926 0.849111
vt 0.878780 0.796606
vt 0.854787 0.796284
vt 0.853758 0.822921
vt 0.878780 0.796606
vt 0.853758 0.822921
vt 0.878486 0.822728
vt 0.830794 0.795962
vt 0.829227 0.822667
vt 0.853758 0.822921
vt 0.830794 0.795962
vt 0.853758 0.822921
vt 0.854787 0.796284
vt 0.928723 0.848326
vt 0.927831 0.821883
vt 0.903215 0.822514
vt 0.928723 0.848326
vt 0.903215 0.822514
vt 0.903457 0.848588
vt 0.926939 0.795439
vt 0.902860 0.796023
vt 0.903215 0.822514
vt 0.926939 0.795439
vt 0.903215 0.822514
vt 0.927831 0.821883
vt 0.878780 0.796606
vt 0.878486 0.822728
vt 0.903215 0.822514
vt 0.878780 0.796606
vt 0.903215 0.822514
vt 0.902860 0.796023
vt 0.878191 0.848849
vt 0.903457 0.848588
vt 0.903215 0.822514
vt 0.878191 0.848849
vt 0.903215 0.822514
vt 0.878486 0.822728
vt 0.959183 0.351154
vt 0.951763 0.344034
vt 0.950800 0.336884
vt 0.959183 0.351154
vt 0.950800 0.336884
vt 0.954043 0.344010
vt 0.948904 0.336865
vt 0.954043 0.344010
vt 0.950800 0.336884
vt 0.948904 0.336865
vt 0.950800 0.336884
vt 0.954014 0.329669
vt 0.948887 0.308124
vt 0.959115 0.308104
vt 0.954531 0.318183
vt 0.948887 0.308124
vt 0.954531 0.318183
vt 0.946615 0.322519
vt 0.944343 0.336913
vt 0.946615 0.322519
vt 0.954531 0.318183
vt 0.944343 0.336913
vt 0.954531 0.318183
vt 0.951733 0.329694
vt 0.959123 0.322474
vt 0.951733 0.329694
vt 0.954531 0.318183
vt 0.959123 0.322474
vt 0.954531 0.318183
vt 0.964233 0.315278
vt 0.969342 0.308083
vt 0.964233 0.315278
vt 0.954531 0.318183
vt 0.969342 0.308083
vt 0.954531 0.318183
vt 0.959115 0.308104
vt 0.928407 0.336966
vt 0.928419 0.322566
vt 0.937563 0.321946
vt 0.928407 0.336966
vt 0.937563 0.321946
vt 0.936375 0.336940
vt 0.944343 0.336913
vt 0.936375 0.336940
vt 0.937563 0.321946
vt 0.944343 0.336913
vt 0.937563 0.321946
vt 0.946615 0.322519
vt 0.948887 0.308124
vt 0.946615 0.322519
vt 0.937563 0.321946
vt 0.948887 0.308124
vt 0.937563 0.321946
vt 0.938659 0.308145
vt 0.928432 0.308166
vt 0.938659 0.308145
vt 0.937563 0.321946
vt 0.928432 0.308166
vt 0.937563 0.321946
vt 0.928419 0.322566
vt 0.948922 0.365605
vt 0.938652 0.365685
vt 0.937557 0.351918
vt 0.948922 0.365605
vt 0.937557 0.351918
vt 0.946632 0.351259
vt 0.944343 0.336913
vt 0.946632 0.351259
vt 0.937557 0.351918
vt 0.944343 0.336913
vt 0.937557 0.351918
vt 0.936375 0.336940
vt 0.928407 0.336966
vt 0.936375 0.336940
vt 0.937557 0.351918
vt 0.928407 0.336966
vt 0.937557 0.351918
vt 0.928395 0.351366
vt 0.928382 0.365766
vt 0.928395 0.351366
vt 0.937557 0.351918
vt 0.928382 0.365766
vt 0.937557 0.351918
vt 0.938652 0.365685
vt 0.959183 0.351154
vt 0.964322 0.358299
vt 0.954584 0.355505
vt 0.959183 0.351154
vt 0.954584 0.355505
vt 0.951763 0.344034
vt 0.944343 0.336913
vt 0.951763 0.344034
vt 0.954584 0.355505
vt 0.944343 0.336913
vt 0.954584 0.355505
vt 0.946632 0.351259
vt 0.895346 0.507061
vt 0.899697 0.526873
vt 0.887314 0.525105
vt 0.895346 0.507061
vt 0.887314 0.525105
vt 0.881882 0.506952
vt 0.904049 0.546684
vt 0.892640 0.544572
vt 0.887314 0.525105
vt 0.904049 0.546684
vt 0.887314 0.525105
vt 0.899697 0.526873
vt 0.881230 0.542461
vt 0.874824 0.524652
vt 0.887314 0.525105
vt 0.881230 0.542461
vt 0.887314 0.525105
vt 0.892640 0.544572
vt 0.868418 0.506843
vt 0.881882 0.506952
vt 0.887314 0.525105
vt 0.868418 0.506843
vt 0.887314 0.525105
vt 0.874824 0.524652
vt 0.912751 0.586306
vt 0.904333 0.585388
vt 0.898152 0.564020
vt 0.912751 0.586306
vt 0.898152 0.564020
vt 0.908400 0.566495
vt 0.895915 0.584471
vt 0.888573 0.563466
vt 0.898152 0.564020
vt 0.895915 0.584471
vt 0.898152 0.564020
vt 0.904333 0.585388
vt 0.881230 0.542461
vt 0.892640 0.544572
vt 0.898152 0.564020
vt 0.881230 0.542461
vt 0.898152 0.564020
vt 0.888573 0.563466
vt 0.904049 0.546684
vt 0.908400 0.566495
vt 0.898152 0.564020
vt 0.904049 0.546684
vt 0.898152 0.564020
vt 0.892640 0.544572
vt 0.879078 0.582636
vt 0.869681 0.563633
vt 0.878857 0.562531
vt 0.879078 0.582636
vt 0.878857 0.562531
vt 0.887496 0.583553
vt 0.860284 0.544630
vt 0.870757 0.543545
vt 0.878857 0.562531
vt 0.860284 0.544630
vt 0.878857 0.562531
vt 0.869681 0.563633
vt 0.881230 0.542461
vt 0.888573 0.563466
vt 0.878857 0.562531
vt 0.881230 0.542461
vt 0.878857 0.562531
vt 0.870757 0.543545
vt 0.895915 0.584471
vt 0.887496 0.583553
vt 0.878857 0.562531
vt 0.895915 0.584471
vt 0.878857 0.562531
vt 0.888573 0.563466
vt 0.841489 0.506625
vt 0.854954 0.506734
vt 0.862447 0.524521
vt 0.841489 0.506625
vt 0.862447 0.524521
vt 0.850887 0.525628
vt 0.868418 0.506843
vt 0.874824 0.524652
vt 0.862447 0.524521
vt 0.868418 0.506843
vt 0.862447 0.524521
vt 0.854954 0.506734
vt 0.881230 0.542461
vt 0.870757 0.543545
vt 0.862447 0.524521
vt 0.881230 0.542461
vt 0.862447 0.524521
vt 0.874824 0.524652
vt 0.860284 0.544630
vt 0.850887 0.525628
vt 0.862447 0.524521
vt 0.860284 0.544630
vt 0.862447 0.524521
vt 0.870757 0.543545
vt 0.895346 0.507061
vt 0.899697 0.526873
vt 0.886538 0.525666
vt 0.895346 0.507061
vt 0.886538 0.525666
vt 0.881214 0.507058
vt 0.904049 0.546684
vt 0.891853 0.545387
vt 0.886538 0.525666
vt 0.904049 0.546684
vt 0.886538 0.525666
vt 0.899697 0.526873
vt 0.879658 0.544090
vt 0.873369 0.525572
vt 0.886538 0.525666
vt 0.879658 0.544090
vt 0.886538 0.525666
vt 0.891853 0.545387
vt 0.867081 0.507055
vt 0.881214 0.507058
vt 0.886538 0.525666
vt 0.867081 0.507055
vt 0.886538 0.525666
vt 0.873369 0.525572
vt 0.912751 0.586306
vt 0.903435 0.586411
vt 0.897308 0.565091
vt 0.912751 0.586306
vt 0.897308 0.565091
vt 0.908400 0.566495
vt 0.894119 0.586516
vt 0.886889 0.565303
vt 0.897308 0.565091
vt 0.894119 0.586516
vt 0.897308 0.565091
vt 0.903435 0.586411
vt 0.879658 0.544090
vt 0.891853 0.545387
vt 0.897308 0.565091
vt 0.879658 0.544090
vt 0.897308 0.565091
vt 0.886889 0.565303
vt 0.904049 0.546684
vt 0.908400 0.566495
vt 0.897308 0.565091
vt 0.904049 0.546684
vt 0.897308 0.565091
vt 0.891853 0.545387
vt 0.875487 0.586726
vt 0.866319 0.566807
vt 0.876381 0.565254
vt 0.875487 0.586726
vt 0.876381 0.565254
vt 0.884803 0.586621
vt 0.857152 0.546887
vt 0.868405 0.545488
vt 0.876381 0.565254
vt 0.857152 0.546887
vt 0.876381 0.565254
vt 0.866319 0.566807
vt 0.879658 0.544090
vt 0.886889 0.565303
vt 0.876381 0.565254
vt 0.879658 0.544090
vt 0.876381 0.565254
vt 0.868405 0.545488
vt 0.894119 0.586516
vt 0.884803 0.586621
vt 0.876381 0.565254
vt 0.894119 0.586516
vt 0.876381 0.565254
vt 0.886889 0.565303
vt 0.838817 0.507048
vt 0.852949 0.507051
vt 0.860279 0.525707
vt 0.838817 0.507048
vt 0.860279 0.525707
vt 0.847984 0.526967
vt 0.867081 0.507055
vt 0.873369 0.525572
vt 0.860279 0.525707
vt 0.867081 0.507055
vt 0.860279 0.525707
vt 0.852949 0.507051
vt 0.879658 0.544090
vt 0.868405 0.545488
vt 0.860279 0.525707
vt 0.879658 0.544090
vt 0.860279 0.525707
vt 0.873369 0.525572
vt 0.857152 0.546887
vt 0.847984 0.526967
vt 0.860279 0.525707
vt 0.857152 0.546887
vt 0.860279 0.525707
vt 0.868405 0.545488
vt 0.948922 0.365605
vt 0.946632 0.351259
vt 0.954584 0.355505
vt 0.948922 0.365605
vt 0.954584 0.355505
vt 0.959191 0.365525
vt 0.969461 0.365444
vt 0.959191 0.365525
vt 0.954584 0.355505
vt 0.969461 0.365444
vt 0.954584 0.355505
vt 0.964322 0.358299
vt 0.894119 0.586516
vt 0.884803 0.586621
vt 0.886594 0.571154
vt 0.894119 0.586516
vt 0.886594 0.571154
vt 0.894324 0.573274
vt 0.894528 0.560031
vt 0.894324 0.573274
vt 0.886594 0.571154
vt 0.894528 0.560031
vt 0.886594 0.571154
vt 0.889972 0.553463
vt 0.885417 0.546894
vt 0.889972 0.553463
vt 0.886594 0.571154
vt 0.885417 0.546894
vt 0.886594 0.571154
vt 0.880452 0.566810
vt 0.875487 0.586726
vt 0.880452 0.566810
vt 0.886594 0.571154
vt 0.875487 0.586726
vt 0.886594 0.571154
vt 0.884803 0.586621
vt 0.904049 0.546684
vt 0.908400 0.566495
vt 0.902121 0.570979
vt 0.904049 0.546684
vt 0.902121 0.570979
vt 0.899288 0.553357
vt 0.894528 0.560031
vt 0.899288 0.553357
vt 0.902121 0.570979
vt 0.894528 0.560031
vt 0.902121 0.570979
vt 0.894324 0.573274
vt 0.894119 0.586516
vt 0.894324 0.573274
vt 0.902121 0.570979
vt 0.894119 0.586516
vt 0.902121 0.570979
vt 0.903435 0.586411
vt 0.912751 0.586306
vt 0.903435 0.586411
vt 0.902121 0.570979
vt 0.912751 0.586306
vt 0.902121 0.570979
vt 0.908400 0.566495
vt 0.885417 0.546894
vt 0.890381 0.526978
vt 0.894869 0.537960
vt 0.885417 0.546894
vt 0.894869 0.537960
vt 0.889972 0.553463
vt 0.894528 0.560031
vt 0.889972 0.553463
vt 0.894869 0.537960
vt 0.894528 0.560031
vt 0.894869 0.537960
vt 0.899288 0.553357
vt 0.904049 0.546684
vt 0.899288 0.553357
vt 0.894869 0.537960
vt 0.904049 0.546684
vt 0.894869 0.537960
vt 0.899697 0.526873
vt 0.895346 0.507061
vt 0.899697 0.526873
vt 0.894869 0.537960
vt 0.895346 0.507061
vt 0.894869 0.537960
vt 0.890381 0.526978
vt 0.884959 0.547170
vt 0.890175 0.566298
vt 0.894888 0.555747
vt 0.884959 0.547170
vt 0.894888 0.555747
vt 0.889744 0.540859
vt 0.894529 0.534548
vt 0.889744 0.540859
vt 0.894888 0.555747
vt 0.894529 0.534548
vt 0.894888 0.555747
vt 0.899529 0.540957
vt 0.896454 0.586123
vt 0.900758 0.566657
vt 0.895538 0.555766
vt 0.896454 0.586123
vt 0.895538 0.555766
vt 0.890972 0.566559
vt 0.905061 0.547191
vt 0.899973 0.540637
vt 0.895538 0.555766
vt 0.905061 0.547191
vt 0.895538 0.555766
vt 0.900758 0.566657
vt 0.894884 0.534083
vt 0.890187 0.540539
vt 0.895538 0.555766
vt 0.894884 0.534083
vt 0.895538 0.555766
vt 0.899973 0.540637
vt 0.885491 0.546995
vt 0.890972 0.566559
vt 0.895538 0.555766
vt 0.885491 0.546995
vt 0.895538 0.555766
vt 0.890187 0.540539
vt 0.913669 0.508259
vt 0.903884 0.508161
vt 0.902711 0.523323
vt 0.913669 0.508259
vt 0.902711 0.523323
vt 0.909365 0.527725
vt 0.894099 0.508064
vt 0.894491 0.521074
vt 0.902711 0.523323
vt 0.894099 0.508064
vt 0.902711 0.523323
vt 0.903884 0.508161
vt 0.894884 0.534083
vt 0.899973 0.540637
vt 0.902711 0.523323
vt 0.894884 0.534083
vt 0.902711 0.523323
vt 0.894491 0.521074
vt 0.905061 0.547191
vt 0.909365 0.527725
vt 0.902711 0.523323
vt 0.905061 0.547191
vt 0.902711 0.523323
vt 0.899973 0.540637
vt 0.874528 0.507868
vt 0.880010 0.527432
vt 0.886402 0.523160
vt 0.874528 0.507868
vt 0.886402 0.523160
vt 0.884314 0.507966
vt 0.885491 0.546995
vt 0.890187 0.540539
vt 0.886402 0.523160
vt 0.885491 0.546995
vt 0.886402 0.523160
vt 0.880010 0.527432
vt 0.894884 0.534083
vt 0.894491 0.521074
vt 0.886402 0.523160
vt 0.894884 0.534083
vt 0.886402 0.523160
vt 0.890187 0.540539
vt 0.894099 0.508064
vt 0.884314 0.507966
vt 0.886402 0.523160
vt 0.894099 0.508064
vt 0.886402 0.523160
vt 0.894491 0.521074
vt 0.895346 0.507061
vt 0.899697 0.526873
vt 0.886538 0.525666
vt 0.895346 0.507061
vt 0.886538 0.525666
vt 0.881214 0.507058
vt 0.904049 0.546684
vt 0.891853 0.545387
vt 0.886538 0.525666
vt 0.904049 0.546684
vt 0.886538 0.525666
vt 0.899697 0.526873
vt 0.879658 0.544090
vt 0.873369 0.525572
vt 0.886538 0.525666
vt 0.879658 0.544090
vt 0.886538 0.525666
vt 0.891853 0.545387
vt 0.867081 0.507055
vt 0.881214 0.507058
vt 0.886538 0.525666
vt 0.867081 0.507055
vt 0.886538 0.525666
vt 0.873369 0.525572
vt 0.912751 0.586306
vt 0.903435 0.586411
vt 0.897308 0.565091
vt 0.912751 0.586306
vt 0.897308 0.565091
vt 0.908400 0.566495
vt 0.894119 0.586516
vt 0.886889 0.565303
vt 0.897308 0.565091
vt 0.894119 0.586516
vt 0.897308 0.565091
vt 0.903435 0.586411
vt 0.879658 0.544090
vt 0.891853 0.545387
vt 0.897308 0.565091
vt 0.879658 0.544090
vt 0.897308 0.565091
vt 0.886889 0.565303
vt 0.904049 0.546684
vt 0.908400 0.566495
vt 0.897308 0.565091
vt 0.904049 0.546684
vt 0.897308 0.565091
vt 0.891853 0.545387
vt 0.875487 0.586726
vt 0.866319 0.566807
vt 0.876381 0.565254
vt 0.875487 0.586726
vt 0.876381 0.565254
vt 0.884803 0.586621
vt 0.857152 0.546887
vt 0.868405 0.545488
vt 0.876381 0.565254
vt 0.857152 0.546887
vt 0.876381 0.565254
vt 0.866319 0.566807
vt 0.879658 0.544090
vt 0.886889 0.565303
vt 0.876381 0.565254
vt 0.879658 0.544090
vt 0.876381 0.565254
vt 0.868405 0.545488
vt 0.894119 0.586516
vt 0.884803 0.586621
vt 0.876381 0.565254
vt 0.894119 0.586516
vt 0.876381 0.565254
vt 0.886889 0.565303
vt 0.838817 0.507048
vt 0.852949 0.507051
vt 0.860279 0.525707
vt 0.838817 0.507048
vt 0.860279 0.525707
vt 0.847984 0.526967
vt 0.867081 0.507055
vt 0.873369 0.525572
vt 0.860279 0.525707
vt 0.867081 0.507055
vt 0.860279 0.525707
vt 0.852949 0.507051
vt 0.879658 0.544090
vt 0.868405 0.545488
vt 0.860279 0.525707
vt 0.879658 0.544090
vt 0.860279 0.525707
vt 0.873369 0.525572
vt 0.857152 0.546887
vt 0.847984 0.526967
vt 0.860279 0.525707
vt 0.857152 0.546887
vt 0.860279 0.525707
vt 0.868405 0.545488
vt 0.904529 0.547365
vt 0.899529 0.540957
vt 0.894888 0.555747
vt 0.904529 0.547365
vt 0.894888 0.555747
vt 0.899960 0.566395
vt 0.895390 0.585425
vt 0.899960 0.566395
vt 0.894888 0.555747
vt 0.895390 0.585425
vt 0.894888 0.555747
vt 0.890175 0.566298
vt 0.894099 0.509110
vt 0.884314 0.509012
vt 0.886195 0.523867
vt 0.894099 0.509110
vt 0.886195 0.523867
vt 0.894314 0.521829
vt 0.894529 0.534548
vt 0.894314 0.521829
vt 0.886195 0.523867
vt 0.894529 0.534548
vt 0.886195 0.523867
vt 0.889744 0.540859
vt 0.884959 0.547170
vt 0.889744 0.540859
vt 0.886195 0.523867
vt 0.884959 0.547170
vt 0.886195 0.523867
vt 0.879744 0.528042
vt 0.874528 0.508914
vt 0.879744 0.528042
vt 0.886195 0.523867
vt 0.874528 0.508914
vt 0.886195 0.523867
vt 0.884314 0.509012
vt 0.904529 0.547365
vt 0.909099 0.528335
vt 0.902504 0.524030
vt 0.904529 0.547365
vt 0.902504 0.524030
vt 0.899529 0.540957
vt 0.894529 0.534548
vt 0.899529 0.540957
vt 0.902504 0.524030
vt 0.894529 0.534548
vt 0.902504 0.524030
vt 0.894314 0.521829
vt 0.894099 0.509110
vt 0.894314 0.521829
vt 0.902504 0.524030
vt 0.894099 0.509110
vt 0.902504 0.524030
vt 0.903884 0.509207
vt 0.913669 0.509305
vt 0.903884 0.509207
vt 0.902504 0.524030
vt 0.913669 0.509305
vt 0.902504 0.524030
vt 0.909099 0.528335
vt 0.897774 0.583936
vt 0.888049 0.585017
vt 0.888104 0.570195
vt 0.897774 0.583936
vt 0.888104 0.570195
vt 0.896432 0.571385
vt 0.895090 0.558835
vt 0.896432 0.571385
vt 0.888104 0.570195
vt 0.895090 0.558835
vt 0.888104 0.570195
vt 0.889556 0.553100
vt 0.884022 0.547366
vt 0.889556 0.553100
vt 0.888104 0.570195
vt 0.884022 0.547366
vt 0.888104 0.570195
vt 0.881173 0.566732
vt 0.878323 0.586099
vt 0.881173 0.566732
vt 0.888104 0.570195
vt 0.878323 0.586099
vt 0.888104 0.570195
vt 0.888049 0.585017
vt 0.903474 0.545203
vt 0.910350 0.563488
vt 0.904313 0.568392
vt 0.903474 0.545203
vt 0.904313 0.568392
vt 0.899282 0.552019
vt 0.895090 0.558835
vt 0.899282 0.552019
vt 0.904313 0.568392
vt 0.895090 0.558835
vt 0.904313 0.568392
vt 0.896432 0.571385
vt 0.897774 0.583936
vt 0.896432 0.571385
vt 0.904313 0.568392
vt 0.897774 0.583936
vt 0.904313 0.568392
vt 0.907500 0.582854
vt 0.917226 0.581773
vt 0.907500 0.582854
vt 0.904313 0.568392
vt 0.917226 0.581773
vt 0.904313 0.568392
vt 0.910350 0.563488
vt 0.884022 0.547366
vt 0.886872 0.527999
vt 0.892853 0.537917
vt 0.884022 0.547366
vt 0.892853 0.537917
vt 0.889556 0.553100
vt 0.895090 0.558835
vt 0.889556 0.553100
vt 0.892853 0.537917
vt 0.895090 0.558835
vt 0.892853 0.537917
vt 0.899282 0.552019
vt 0.903474 0.545203
vt 0.899282 0.552019
vt 0.892853 0.537917
vt 0.903474 0.545203
vt 0.892853 0.537917
vt 0.896598 0.526917
vt 0.889722 0.508632
vt 0.896598 0.526917
vt 0.892853 0.537917
vt 0.889722 0.508632
vt 0.892853 0.537917
vt 0.886872 0.527999
vt 0.879522 0.846778
vt 0.856691 0.846790
vt 0.856699 0.820736
vt 0.879522 0.846778
vt 0.856699 0.820736
vt 0.879526 0.820727
vt 0.879529 0.794675
vt 0.879526 0.820727
vt 0.856699 0.820736
vt 0.879529 0.794675
vt 0.856699 0.820736
vt 0.856711 0.794676
vt 0.833894 0.794677
vt 0.856711 0.794676
vt 0.856699 0.820736
vt 0.833894 0.794677
vt 0.856699 0.820736
vt 0.833876 0.820739
vt 0.833859 0.846802
vt 0.833876 0.820739
vt 0.856699 0.820736
vt 0.833859 0.846802
vt 0.856699 0.820736
vt 0.856691 0.846790
vt 0.925171 0.794653
vt 0.925178 0.820704
vt 0.902352 0.820717
vt 0.925171 0.794653
vt 0.902352 0.820717
vt 0.902350 0.794664
vt 0.879529 0.794675
vt 0.902350 0.794664
vt 0.902352 0.820717
vt 0.879529 0.794675
vt 0.902352 0.820717
vt 0.879526 0.820727
vt 0.879522 0.846778
vt 0.879526 0.820727
vt 0.902352 0.820717
vt 0.879522 0.846778
vt 0.902352 0.820717
vt 0.902354 0.846767
vt 0.925186 0.846755
vt 0.902354 0.846767
vt 0.902352 0.820717
vt 0.925186 0.846755
vt 0.902352 0.820717
vt 0.925178 0.820704
vt 0.879542 0.742552
vt 0.902349 0.742552
vt 0.902348 0.768610
vt 0.879542 0.742552
vt 0.902348 0.768610
vt 0.879535 0.768613
vt 0.879529 0.794675
vt 0.879535 0.768613
vt 0.902348 0.768610
vt 0.879529 0.794675
vt 0.902348 0.768610
vt 0.902350 0.794664
vt 0.925171 0.794653
vt 0.902350 0.794664
vt 0.902348 0.768610
vt 0.925171 0.794653
vt 0.902348 0.768610
vt 0.925163 0.768602
vt 0.925155 0.742552
vt 0.925163 0.768602
vt 0.902348 0.768610
vt 0.925155 0.742552
vt 0.902348 0.768610
vt 0.902349 0.742552
vt 0.833894 0.794677
vt 0.833911 0.768614
vt 0.856723 0.768616
vt 0.833894 0.794677
vt 0.856723 0.768616
vt 0.856711 0.794676
vt 0.879529 0.794675
vt 0.856711 0.794676
vt 0.856723 0.768616
vt 0.879529 0.794675
vt 0.856723 0.768616
vt 0.879535 0.768613
vt 0.879542 0.742552
vt 0.879535 0.768613
vt 0.856723 0.768616
vt 0.879542 0.742552
vt 0.856723 0.768616
vt 0.856735 0.742552
vt 0.833929 0.742552
vt 0.856735 0.742552
vt 0.856723 0.768616
vt 0.833929 0.742552
vt 0.856723 0.768616
vt 0.833911 0.768614
vt 0.909847 0.545114
vt 0.914418 0.526686
vt 0.907823 0.522515
vt 0.909847 0.545114
vt 0.907823 0.522515
vt 0.904847 0.538906
vt 0.899847 0.532699
vt 0.904847 0.538906
vt 0.907823 0.522515
vt 0.899847 0.532699
vt 0.907823 0.522515
vt 0.899633 0.520381
vt 0.899418 0.508064
vt 0.899633 0.520381
vt 0.907823 0.522515
vt 0.899418 0.508064
vt 0.907823 0.522515
vt 0.909203 0.508161
vt 0.918988 0.508259
vt 0.909203 0.508161
vt 0.907823 0.522515
vt 0.918988 0.508259
vt 0.907823 0.522515
vt 0.914418 0.526686
vt 0.890277 0.544918
vt 0.895492 0.563443
vt 0.900205 0.553228
vt 0.890277 0.544918
vt 0.900205 0.553228
vt 0.895062 0.538808
vt 0.899847 0.532699
vt 0.895062 0.538808
vt 0.900205 0.553228
vt 0.899847 0.532699
vt 0.900205 0.553228
vt 0.904847 0.538906
vt 0.909847 0.545114
vt 0.904847 0.538906
vt 0.900205 0.553228
vt 0.909847 0.545114
vt 0.900205 0.553228
vt 0.905277 0.563541
vt 0.900706 0.581968
vt 0.905277 0.563541
vt 0.900205 0.553228
vt 0.900706 0.581968
vt 0.900205 0.553228
vt 0.895492 0.563443
vt 0.899418 0.508064
vt 0.889633 0.507966
vt 0.891514 0.522353
vt 0.899418 0.508064
vt 0.891514 0.522353
vt 0.899633 0.520381
vt 0.899847 0.532699
vt 0.899633 0.520381
vt 0.891514 0.522353
vt 0.899847 0.532699
vt 0.891514 0.522353
vt 0.895062 0.538808
vt 0.890277 0.544918
vt 0.895062 0.538808
vt 0.891514 0.522353
vt 0.890277 0.544918
vt 0.891514 0.522353
vt 0.885062 0.526393
vt 0.879848 0.507868
vt 0.885062 0.526393
vt 0.891514 0.522353
vt 0.879848 0.507868
vt 0.891514 0.522353
vt 0.889633 0.507966
vt 0.164539 0.786960
vt 0.170567 0.796722
vt 0.171344 0.747747
vt 0.164539 0.786960
vt 0.171344 0.747747
vt 0.165287 0.740106
vt 0.166035 0.693252
vt 0.165287 0.740106
vt 0.171344 0.747747
vt 0.166035 0.693252
vt 0.171344 0.747747
vt 0.171936 0.698003
vt 0.177837 0.702754
vt 0.171936 0.698003
vt 0.171344 0.747747
vt 0.177837 0.702754
vt 0.171344 0.747747
vt 0.177216 0.754620
vt 0.176596 0.806485
vt 0.177216 0.754620
vt 0.171344 0.747747
vt 0.176596 0.806485
vt 0.171344 0.747747
vt 0.170567 0.796722
vt 0.153369 0.683403
vt 0.152926 0.725418
vt 0.159229 0.732620
vt 0.153369 0.683403
vt 0.159229 0.732620
vt 0.159702 0.688328
vt 0.166035 0.693252
vt 0.159702 0.688328
vt 0.159229 0.732620
vt 0.166035 0.693252
vt 0.159229 0.732620
vt 0.165287 0.740106
vt 0.164539 0.786960
vt 0.165287 0.740106
vt 0.159229 0.732620
vt 0.164539 0.786960
vt 0.159229 0.732620
vt 0.158511 0.777197
vt 0.152482 0.767434
vt 0.158511 0.777197
vt 0.159229 0.732620
vt 0.152482 0.767434
vt 0.159229 0.732620
vt 0.152926 0.725418
vt 0.166667 0.599198
vt 0.160461 0.599285
vt 0.160196 0.644052
vt 0.166667 0.599198
vt 0.160196 0.644052
vt 0.166351 0.646225
vt 0.166035 0.693252
vt 0.166351 0.646225
vt 0.160196 0.644052
vt 0.166035 0.693252
vt 0.160196 0.644052
vt 0.159702 0.688328
vt 0.153369 0.683403
vt 0.159702 0.688328
vt 0.160196 0.644052
vt 0.153369 0.683403
vt 0.160196 0.644052
vt 0.153812 0.641388
vt 0.154255 0.599372
vt 0.153812 0.641388
vt 0.160196 0.644052
vt 0.154255 0.599372
vt 0.160196 0.644052
vt 0.160461 0.599285
vt 0.177837 0.702754
vt 0.178457 0.650889
vt 0.172508 0.648245
vt 0.177837 0.702754
vt 0.172508 0.648245
vt 0.171936 0.698003
vt 0.166035 0.693252
vt 0.171936 0.698003
vt 0.172508 0.648245
vt 0.166035 0.693252
vt 0.172508 0.648245
vt 0.166351 0.646225
vt 0.166667 0.599198
vt 0.166351 0.646225
vt 0.172508 0.648245
vt 0.166667 0.599198
vt 0.172508 0.648245
vt 0.172872 0.599111
vt 0.179078 0.599024
vt 0.172872 0.599111
vt 0.172508 0.648245
vt 0.179078 0.599024
vt 0.172508 0.648245
vt 0.178457 0.650889
vt 0.219255 0.609723
vt 0.212097 0.603412
vt 0.211844 0.645978
vt 0.219255 0.609723
vt 0.211844 0.645978
vt 0.218920 0.650912
vt 0.218585 0.692102
vt 0.218920 0.650912
vt 0.211844 0.645978
vt 0.218585 0.692102
vt 0.211844 0.645978
vt 0.211771 0.689394
vt 0.204957 0.686685
vt 0.211771 0.689394
vt 0.211844 0.645978
vt 0.204957 0.686685
vt 0.211844 0.645978
vt 0.204949 0.641893
vt 0.204940 0.597101
vt 0.204949 0.641893
vt 0.211844 0.645978
vt 0.204940 0.597101
vt 0.211844 0.645978
vt 0.212097 0.603412
vt 0.232893 0.699307
vt 0.233231 0.660825
vt 0.225995 0.655789
vt 0.232893 0.699307
vt 0.225995 0.655789
vt 0.225739 0.695704
vt 0.218585 0.692102
vt 0.225739 0.695704
vt 0.225995 0.655789
vt 0.218585 0.692102
vt 0.225995 0.655789
vt 0.218920 0.650912
vt 0.219255 0.609723
vt 0.218920 0.650912
vt 0.225995 0.655789
vt 0.219255 0.609723
vt 0.225995 0.655789
vt 0.226412 0.616033
vt 0.233570 0.622344
vt 0.226412 0.616033
vt 0.225995 0.655789
vt 0.233570 0.622344
vt 0.225995 0.655789
vt 0.233231 0.660825
vt 0.218595 0.776269
vt 0.225406 0.776269
vt 0.225472 0.735616
vt 0.218595 0.776269
vt 0.225472 0.735616
vt 0.218590 0.734186
vt 0.218585 0.692102
vt 0.218590 0.734186
vt 0.225472 0.735616
vt 0.218585 0.692102
vt 0.225472 0.735616
vt 0.225739 0.695704
vt 0.232893 0.699307
vt 0.225739 0.695704
vt 0.225472 0.735616
vt 0.232893 0.699307
vt 0.225472 0.735616
vt 0.232554 0.737788
vt 0.232216 0.776269
vt 0.232554 0.737788
vt 0.225472 0.735616
vt 0.232216 0.776269
vt 0.225472 0.735616
vt 0.225406 0.776269
vt 0.204957 0.686685
vt 0.204966 0.731477
vt 0.211707 0.732814
vt 0.204957 0.686685
vt 0.211707 0.732814
vt 0.211771 0.689394
vt 0.218585 0.692102
vt 0.211771 0.689394
vt 0.211707 0.732814
vt 0.218585 0.692102
vt 0.211707 0.732814
vt 0.218590 0.734186
vt 0.218595 0.776269
vt 0.218590 0.734186
vt 0.211707 0.732814
vt 0.218595 0.776269
vt 0.211707 0.732814
vt 0.211785 0.776269
vt 0.204975 0.776269
vt 0.211785 0.776269
vt 0.211707 0.732814
vt 0.204975 0.776269
vt 0.211707 0.732814
vt 0.204966 0.731477
vt 0.193430 0.639568
vt 0.213937 0.639568
vt 0.213875 0.629476
vt 0.193430 0.639568
vt 0.213875 0.629476
vt 0.193381 0.629476
vt 0.193331 0.619384
vt 0.193381 0.629476
vt 0.213875 0.629476
vt 0.193331 0.619384
vt 0.213875 0.629476
vt 0.213811 0.619379
vt 0.234290 0.619375
vt 0.213811 0.619379
vt 0.213875 0.629476
vt 0.234290 0.619375
vt 0.213875 0.629476
vt 0.234367 0.629471
vt 0.234444 0.639568
vt 0.234367 0.629471
vt 0.213875 0.629476
vt 0.234444 0.639568
vt 0.213875 0.629476
vt 0.213937 0.639568
vt 0.152372 0.619375
vt 0.152394 0.629471
vt 0.172886 0.629476
vt 0.152372 0.619375
vt 0.172886 0.629476
vt 0.172852 0.619379
vt 0.193331 0.619384
vt 0.172852 0.619379
vt 0.172886 0.629476
vt 0.193331 0.619384
vt 0.172886 0.629476
vt 0.193381 0.629476
vt 0.193430 0.639568
vt 0.193381 0.629476
vt 0.172886 0.629476
vt 0.193430 0.639568
vt 0.172886 0.629476
vt 0.172923 0.639568
vt 0.193430 0.639568
vt 0.172923 0.639568
vt 0.183176 0.639568
vt 0.152416 0.639568
vt 0.162669 0.639568
vt 0.172923 0.639568
vt 0.152416 0.639568
vt 0.172923 0.639568
vt 0.172886 0.629476
vt 0.152416 0.639568
vt 0.172886 0.629476
vt 0.152394 0.629471
vt 0.193232 0.599182
vt 0.172781 0.599182
vt 0.172818 0.609283
vt 0.193232 0.599182
vt 0.172818 0.609283
vt 0.193282 0.609283
vt 0.193331 0.619384
vt 0.193282 0.609283
vt 0.172818 0.609283
vt 0.193331 0.619384
vt 0.172818 0.609283
vt 0.172852 0.619379
vt 0.152372 0.619375
vt 0.172852 0.619379
vt 0.172818 0.609283
vt 0.152372 0.619375
vt 0.172818 0.609283
vt 0.152351 0.609278
vt 0.152329 0.599182
vt 0.152351 0.609278
vt 0.172818 0.609283
vt 0.152329 0.599182
vt 0.172818 0.609283
vt 0.172781 0.599182
vt 0.234290 0.619375
vt 0.234213 0.609278
vt 0.213746 0.609283
vt 0.234290 0.619375
vt 0.213746 0.609283
vt 0.213811 0.619379
vt 0.193331 0.619384
vt 0.213811 0.619379
vt 0.213746 0.609283
vt 0.193331 0.619384
vt 0.213746 0.609283
vt 0.193282 0.609283
vt 0.193232 0.599182
vt 0.193282 0.609283
vt 0.213746 0.609283
vt 0.193232 0.599182
vt 0.213746 0.609283
vt 0.213684 0.599182
vt 0.234136 0.599182
vt 0.213684 0.599182
vt 0.213746 0.609283
vt 0.234136 0.599182
vt 0.213746 0.609283
vt 0.234213 0.609278
vt 0.857152 0.546887
vt 0.847984 0.526967
vt 0.860279 0.525707
vt 0.857152 0.546887
vt 0.860279 0.525707
vt 0.868405 0.545488
vt 0.879658 0.544090
vt 0.868405 0.545488
vt 0.860279 0.525707
vt 0.879658 0.544090
vt 0.860279 0.525707
vt 0.873369 0.525572
vt 0.867081 0.507055
vt 0.873369 0.525572
vt 0.860279 0.525707
vt 0.867081 0.507055
vt 0.860279 0.525707
vt 0.852949 0.507051
vt 0.838817 0.507048
vt 0.852949 0.507051
vt 0.860279 0.525707
vt 0.838817 0.507048
vt 0.860279 0.525707
vt 0.847984 0.526967
vt 0.894119 0.586516
vt 0.884803 0.586621
vt 0.876381 0.565254
vt 0.894119 0.586516
vt 0.876381 0.565254
vt 0.886889 0.565303
vt 0.879658 0.544090
vt 0.886889 0.565303
vt 0.876381 0.565254
vt 0.879658 0.544090
vt 0.876381 0.565254
vt 0.868405 0.545488
vt 0.857152 0.546887
vt 0.868405 0.545488
vt 0.876381 0.565254
vt 0.857152 0.546887
vt 0.876381 0.565254
vt 0.866319 0.566807
vt 0.875487 0.586726
vt 0.866319 0.566807
vt 0.876381 0.565254
vt 0.875487 0.586726
vt 0.876381 0.565254
vt 0.884803 0.586621
vt 0.904049 0.546684
vt 0.908400 0.566495
vt 0.897308 0.565091
vt 0.904049 0.546684
vt 0.897308 0.565091
vt 0.891853 0.545387
vt 0.879658 0.544090
vt 0.891853 0.545387
vt 0.897308 0.565091
vt 0.879658 0.544090
vt 0.897308 0.565091
vt 0.886889 0.565303
vt 0.894119 0.586516
vt 0.886889 0.565303
vt 0.897308 0.565091
vt 0.894119 0.586516
vt 0.897308 0.565091
vt 0.903435 0.586411
vt 0.912751 0.586306
vt 0.903435 0.586411
vt 0.897308 0.565091
vt 0.912751 0.586306
vt 0.897308 0.565091
vt 0.908400 0.566495
vt 0.867081 0.507055
vt 0.881214 0.507058
vt 0.886538 0.525666
vt 0.867081 0.507055
vt 0.886538 0.525666
vt 0.873369 0.525572
vt 0.879658 0.544090
vt 0.873369 0.525572
vt 0.886538 0.525666
vt 0.879658 0.544090
vt 0.886538 0.525666
vt 0.891853 0.545387
vt 0.904049 0.546684
vt 0.891853 0.545387
vt 0.886538 0.525666
vt 0.904049 0.546684
vt 0.886538 0.525666
vt 0.899697 0.526873
vt 0.895346 0.507061
vt 0.899697 0.526873
vt 0.886538 0.525666
vt 0.895346 0.507061
vt 0.886538 0.525666
vt 0.881214 0.507058
vt 0.152372 0.619375
vt 0.152394 0.629471
vt 0.172886 0.629476
vt 0.152372 0.619375
vt 0.172886 0.629476
vt 0.172852 0.619379
vt 0.193331 0.619384
vt 0.172852 0.619379
vt 0.172886 0.629476
vt 0.193331 0.619384
vt 0.172886 0.629476
vt 0.193381 0.629476
vt 0.193430 0.639568
vt 0.193381 0.629476
vt 0.172886 0.629476
vt 0.193430 0.639568
vt 0.172886 0.629476
vt 0.172923 0.639568
vt 0.152416 0.639568
vt 0.172923 0.639568
vt 0.172886 0.629476
vt 0.152416 0.639568
vt 0.172886 0.629476
vt 0.152394 0.629471
vt 0.193232 0.599182
vt 0.172781 0.599182
vt 0.172818 0.609283
vt 0.193232 0.599182
vt 0.172818 0.609283
vt 0.193282 0.609283
vt 0.193331 0.619384
vt 0.193282 0.609283
vt 0.172818 0.609283
vt 0.193331 0.619384
vt 0.172818 0.609283
vt 0.172852 0.619379
vt 0.152372 0.619375
vt 0.172852 0.619379
vt 0.172818 0.609283
vt 0.152372 0.619375
vt 0.172818 0.609283
vt 0.152351 0.609278
vt 0.152329 0.599182
vt 0.152351 0.609278
vt 0.172818 0.609283
vt 0.152329 0.599182
vt 0.172818 0.609283
vt 0.172781 0.599182
vt 0.009836 0.846582
vt 0.009966 0.872122
vt 0.032064 0.872147
vt 0.009836 0.846582
vt 0.032064 0.872147
vt 0.031997 0.846566
vt 0.054158 0.846551
vt 0.031997 0.846566
vt 0.032064 0.872147
vt 0.054158 0.846551
vt 0.032064 0.872147
vt 0.054120 0.872237
vt 0.054082 0.897924
vt 0.054120 0.872237
vt 0.032064 0.872147
vt 0.054082 0.897924
vt 0.032064 0.872147
vt 0.032090 0.897793
vt 0.010097 0.897662
vt 0.032090 0.897793
vt 0.032064 0.872147
vt 0.010097 0.897662
vt 0.032064 0.872147
vt 0.009966 0.872122
vt 0.054127 0.795396
vt 0.031851 0.795449
vt 0.031929 0.820986
vt 0.054127 0.795396
vt 0.031929 0.820986
vt 0.054142 0.820974
vt 0.054158 0.846551
vt 0.054142 0.820974
vt 0.031929 0.820986
vt 0.054158 0.846551
vt 0.031929 0.820986
vt 0.031997 0.846566
vt 0.009836 0.846582
vt 0.031997 0.846566
vt 0.031929 0.820986
vt 0.009836 0.846582
vt 0.031929 0.820986
vt 0.009705 0.821042
vt 0.009574 0.795502
vt 0.009705 0.821042
vt 0.031929 0.820986
vt 0.009574 0.795502
vt 0.031929 0.820986
vt 0.031851 0.795449
vt 0.193232 0.599182
vt 0.213684 0.599182
vt 0.213746 0.609283
vt 0.193232 0.599182
vt 0.213746 0.609283
vt 0.193282 0.609283
vt 0.193331 0.619384
vt 0.193282 0.609283
vt 0.213746 0.609283
vt 0.193331 0.619384
vt 0.213746 0.609283
vt 0.213811 0.619379
vt 0.234290 0.619375
vt 0.213811 0.619379
vt 0.213746 0.609283
vt 0.234290 0.619375
vt 0.213746 0.609283
vt 0.234213 0.609278
vt 0.234136 0.599182
vt 0.234213 0.609278
vt 0.213746 0.609283
vt 0.234136 0.599182
vt 0.213746 0.609283
vt 0.213684 0.599182
vt 0.152372 0.619375
vt 0.152351 0.609278
vt 0.172818 0.609283
vt 0.152372 0.619375
vt 0.172818 0.609283
vt 0.172852 0.619379
vt 0.193331 0.619384
vt 0.172852 0.619379
vt 0.172818 0.609283
vt 0.193331 0.619384
vt 0.172818 0.609283
vt 0.193282 0.609283
vt 0.193232 0.599182
vt 0.193282 0.609283
vt 0.172818 0.609283
vt 0.193232 0.599182
vt 0.172818 0.609283
vt 0.172781 0.599182
vt 0.152329 0.599182
vt 0.172781 0.599182
vt 0.172818 0.609283
vt 0.152329 0.599182
vt 0.172818 0.609283
vt 0.152351 0.609278
vt 0.054863 0.730331
vt 0.042885 0.730367
vt 0.030907 0.730403
vt 0.054863 0.730331
vt 0.030907 0.730403
vt 0.030831 0.717200
vt 0.054863 0.730331
vt 0.030831 0.717200
vt 0.030754 0.703997
vt 0.054863 0.730331
vt 0.030754 0.703997
vt 0.054734 0.703927
vt 0.054606 0.677523
vt 0.054734 0.703927
vt 0.030754 0.703997
vt 0.054606 0.677523
vt 0.030754 0.703997
vt 0.030676 0.690803
vt 0.054606 0.677523
vt 0.030676 0.690803
vt 0.030598 0.677610
vt 0.055073 0.783234
vt 0.031192 0.783242
vt 0.031059 0.756808
vt 0.055073 0.783234
vt 0.031059 0.756808
vt 0.043013 0.756795
vt 0.055073 0.783234
vt 0.043013 0.756795
vt 0.048990 0.756789
vt 0.055073 0.783234
vt 0.048990 0.756789
vt 0.054968 0.756783
vt 0.006951 0.730474
vt 0.018929 0.730438
vt 0.030907 0.730403
vt 0.006951 0.730474
vt 0.030907 0.730403
vt 0.030983 0.743605
vt 0.006951 0.730474
vt 0.030983 0.743605
vt 0.031059 0.756808
vt 0.006951 0.730474
vt 0.031059 0.756808
vt 0.007131 0.756862
vt 0.007312 0.783251
vt 0.007131 0.756862
vt 0.031059 0.756808
vt 0.007312 0.783251
vt 0.031059 0.756808
vt 0.031192 0.783242
vt 0.193430 0.639568
vt 0.213937 0.639568
vt 0.213875 0.629476
vt 0.193430 0.639568
vt 0.213875 0.629476
vt 0.193381 0.629476
vt 0.193331 0.619384
vt 0.193381 0.629476
vt 0.213875 0.629476
vt 0.193331 0.619384
vt 0.213875 0.629476
vt 0.213811 0.619379
vt 0.234290 0.619375
vt 0.213811 0.619379
vt 0.213875 0.629476
vt 0.234290 0.619375
vt 0.213875 0.629476
vt 0.234367 0.629471
vt 0.234444 0.639568
vt 0.234367 0.629471
vt 0.213875 0.629476
vt 0.234444 0.639568
vt 0.213875 0.629476
vt 0.213937 0.639568
vt 0.152372 0.619375
vt 0.152394 0.629471
vt 0.172886 0.629476
vt 0.152372 0.619375
vt 0.172886 0.629476
vt 0.172852 0.619379
vt 0.193331 0.619384
vt 0.172852 0.619379
vt 0.172886 0.629476
vt 0.193331 0.619384
vt 0.172886 0.629476
vt 0.193381 0.629476
vt 0.193430 0.639568
vt 0.193381 0.629476
vt 0.172886 0.629476
vt 0.193430 0.639568
vt 0.172886 0.629476
vt 0.172923 0.639568
vt 0.152416 0.639568
vt 0.172923 0.639568
vt 0.172886 0.629476
vt 0.152416 0.639568
vt 0.172886 0.629476
vt 0.152394 0.629471
vt 0.234290 0.619375
vt 0.234213 0.609278
vt 0.213746 0.609283
vt 0.234290 0.619375
vt 0.213746 0.609283
vt 0.213811 0.619379
vt 0.193331 0.619384
vt 0.213811 0.619379
vt 0.213746 0.609283
vt 0.193331 0.619384
vt 0.213746 0.609283
vt 0.193282 0.609283
vt 0.193232 0.599182
vt 0.193282 0.609283
vt 0.213746 0.609283
vt 0.193232 0.599182
vt 0.213746 0.609283
vt 0.213684 0.599182
vt 0.234136 0.599182
vt 0.213684 0.599182
vt 0.213746 0.609283
vt 0.234136 0.599182
vt 0.213746 0.609283
vt 0.234213 0.609278
vt 0.193232 0.599182
vt 0.172781 0.599182
vt 0.172818 0.609283
vt 0.193232 0.599182
vt 0.172818 0.609283
vt 0.193282 0.609283
vt 0.193331 0.619384
vt 0.193282 0.609283
vt 0.172818 0.609283
vt 0.193331 0.619384
vt 0.172818 0.609283
vt 0.172852 0.619379
vt 0.152372 0.619375
vt 0.172852 0.619379
vt 0.172818 0.609283
vt 0.152372 0.619375
vt 0.172818 0.609283
vt 0.152351 0.609278
vt 0.152329 0.599182
vt 0.152351 0.609278
vt 0.172818 0.609283
vt 0.152329 0.599182
vt 0.172818 0.609283
vt 0.172781 0.599182
vt 0.193232 0.599182
vt 0.172781 0.599182
vt 0.172818 0.609283
vt 0.193232 0.599182
vt 0.172818 0.609283
vt 0.193282 0.609283
vt 0.193331 0.619384
vt 0.193282 0.609283
vt 0.172818 0.609283
vt 0.193331 0.619384
vt 0.172818 0.609283
vt 0.172852 0.619379
vt 0.152372 0.619375
vt 0.172852 0.619379
vt 0.172818 0.609283
vt 0.152372 0.619375
vt 0.172818 0.609283
vt 0.152351 0.609278
vt 0.152329 0.599182
vt 0.152351 0.609278
vt 0.172818 0.609283
vt 0.152329 0.599182
vt 0.172818 0.609283
vt 0.172781 0.599182
vt 0.234290 0.619375
vt 0.234213 0.609278
vt 0.213746 0.609283
vt 0.234290 0.619375
vt 0.213746 0.609283
vt 0.213811 0.619379
vt 0.193331 0.619384
vt 0.213811 0.619379
vt 0.213746 0.609283
vt 0.193331 0.619384
vt 0.213746 0.609283
vt 0.193282 0.609283
vt 0.193232 0.599182
vt 0.193282 0.609283
vt 0.213746 0.609283
vt 0.193232 0.599182
vt 0.213746 0.609283
vt 0.213684 0.599182
vt 0.234136 0.599182
vt 0.213684 0.599182
vt 0.213746 0.609283
vt 0.234136 0.599182
vt 0.213746 0.609283
vt 0.234213 0.609278
vt 0.234136 0.599182
vt 0.234213 0.609278
vt 0.234174 0.604230
vn -0.920145 0.293306 -0.259432
vn -0.938871 0.189530 -0.287400
vn -0.857318 0.258711 -0.445057
vn -0.920145 0.293306 -0.259432
vn -0.857318 0.258711 -0.445057
vn -0.822079 0.431233 -0.371785
vn -0.000000 0.258341 0.966054
vn 0.000000 -0.004369 0.999990
vn -0.000000 -0.004369 0.999990
vn -0.000000 0.258341 0.966054
vn -0.000000 -0.004369 0.999990
vn -0.000000 0.258341 0.966054
vn 0.000000 -0.004369 0.999990
vn -0.000000 -0.004369 0.999990
vn -0.000000 -0.004369 0.999990
vn 0.000000 -0.004369 0.999990
vn -0.000000 -0.004369 0.999990
vn 0.000000 -0.004369 0.999990
vn -0.960602 0.214138 -0.177168
vn -0.865523 0.070485 -0.495884
vn -0.857318 0.258711 -0.445057
vn -0.960602 0.214138 -0.177168
vn -0.857318 0.258711 -0.445057
vn -0.938871 0.189530 -0.287400
vn -0.920145 0.293306 -0.259432
vn -0.822079 0.431233 -0.371785
vn -0.942320 -0.075924 -0.325988
vn -0.920145 0.293306 -0.259432
vn -0.942320 -0.075924 -0.325988
vn -0.953837 -0.189177 -0.233252
vn -0.703892 -0.697525 -0.134150
vn -0.953837 -0.189177 -0.233252
vn -0.942320 -0.075924 -0.325988
vn -0.703892 -0.697525 -0.134150
vn -0.942320 -0.075924 -0.325988
vn -0.689986 -0.709836 -0.141605
vn -0.552394 -0.833583 -0.000708
vn -0.321176 -0.947019 -0.000459
vn -0.417592 -0.907922 0.035983
vn -0.552394 -0.833583 -0.000708
vn -0.417592 -0.907922 0.035983
vn -0.572309 -0.818779 0.045424
vn -0.618891 -0.758472 0.204190
vn -0.572309 -0.818779 0.045424
vn -0.417592 -0.907922 0.035983
vn -0.618891 -0.758472 0.204190
vn -0.417592 -0.907922 0.035983
vn -0.411162 -0.853539 0.320027
vn 0.000000 -0.004367 0.999990
vn 0.000000 -0.004369 0.999990
vn -0.000000 -0.004369 0.999990
vn 0.000000 -0.004367 0.999990
vn -0.000000 -0.004369 0.999990
vn 0.000000 -0.004369 0.999990
vn 0.000000 -0.004367 0.999990
vn 0.000000 -0.004369 0.999990
vn 0.000000 -0.004368 0.999990
vn -0.316188 0.405088 0.857863
vn -0.211462 0.000718 0.977386
vn 0.000000 -0.004369 0.999990
vn -0.316188 0.405088 0.857863
vn 0.000000 -0.004369 0.999990
vn 0.000000 -0.004369 0.999990
vn -0.316188 0.405088 0.857863
vn 0.000000 -0.004369 0.999990
vn -0.000000 0.258341 0.966054
vn -0.314829 0.001668 0.949147
vn 0.000000 -0.004368 0.999990
vn 0.000000 -0.004369 0.999990
vn -0.314829 0.001668 0.949147
vn 0.000000 -0.004369 0.999990
vn -0.211462 0.000718 0.977386
vn -0.676605 0.649072 -0.347722
vn -0.653765 0.752465 -0.079927
vn -0.139632 0.988296 -0.061430
vn -0.676605 0.649072 -0.347722
vn -0.139632 0.988296 -0.061430
vn -0.275219 0.797676 -0.536626
vn -0.641747 0.766916 0.000738
vn -0.121403 0.992603 0.000324
vn -0.139632 0.988296 -0.061430
vn -0.641747 0.766916 0.000738
vn -0.139632 0.988296 -0.061430
vn -0.653765 0.752465 -0.079927
vn 0.000000 1.000000 0.000247
vn 0.000000 0.998450 -0.055664
vn -0.139632 0.988296 -0.061430
vn 0.000000 1.000000 0.000247
vn -0.139632 0.988296 -0.061430
vn -0.121403 0.992603 0.000324
vn -0.072020 0.907655 0.413492
vn -0.121381 0.603215 0.788288
vn -0.341877 0.438460 0.831188
vn -0.072020 0.907655 0.413492
vn -0.341877 0.438460 0.831188
vn -0.497124 0.609733 0.617328
vn -0.041480 0.520042 0.853133
vn -0.216322 0.229675 0.948922
vn -0.341877 0.438460 0.831188
vn -0.041480 0.520042 0.853133
vn -0.341877 0.438460 0.831188
vn -0.121381 0.603215 0.788288
vn -0.258084 0.098627 0.961075
vn -0.510292 0.237580 0.826533
vn -0.341877 0.438460 0.831188
vn -0.258084 0.098627 0.961075
vn -0.341877 0.438460 0.831188
vn -0.216322 0.229675 0.948922
vn -0.569017 0.161994 0.806212
vn -0.493710 0.369956 0.787009
vn -0.341877 0.438460 0.831188
vn -0.569017 0.161994 0.806212
vn -0.341877 0.438460 0.831188
vn -0.510292 0.237580 0.826533
vn -0.782025 0.328570 0.529603
vn -0.497124 0.609733 0.617328
vn -0.341877 0.438460 0.831188
vn -0.782025 0.328570 0.529603
vn -0.341877 0.438460 0.831188
vn -0.493710 0.369956 0.787009
vn 0.000000 0.993769 -0.111456
vn -0.275219 0.797676 -0.536626
vn -0.139632 0.988296 -0.061430
vn 0.000000 0.993769 -0.111456
vn -0.139632 0.988296 -0.061430
vn 0.000000 0.998450 -0.055664
vn -0.589054 0.756053 0.285308
vn -0.211585 0.898456 0.384720
vn -0.133575 0.989371 0.057463
vn -0.589054 0.756053 0.285308
vn -0.133575 0.989371 0.057463
vn -0.631688 0.771496 0.075919
vn 0.000000 0.908750 0.417342
vn 0.000000 0.998633 0.052273
vn -0.133575 0.989371 0.057463
vn 0.000000 0.908750 0.417342
vn -0.133575 0.989371 0.057463
vn -0.211585 0.898456 0.384720
vn -0.552394 -0.833583 -0.000708
vn -0.600293 -0.798147 -0.051082
vn -0.437429 -0.898368 -0.039883
vn -0.552394 -0.833583 -0.000708
vn -0.437429 -0.898368 -0.039883
vn -0.321176 -0.947019 -0.000459
vn 0.000000 1.000000 0.000247
vn -0.121403 0.992603 0.000324
vn -0.133575 0.989371 0.057463
vn 0.000000 1.000000 0.000247
vn -0.133575 0.989371 0.057463
vn 0.000000 0.998633 0.052273
vn -0.857425 0.015525 0.514374
vn -0.771945 0.019387 0.635394
vn -0.584806 0.012200 0.811082
vn -0.857425 0.015525 0.514374
vn -0.584806 0.012200 0.811082
vn -0.595124 0.011693 0.803549
vn -0.782025 0.328570 0.529603
vn -0.493710 0.369956 0.787009
vn -0.569017 0.161994 0.806212
vn -0.782025 0.328570 0.529603
vn -0.569017 0.161994 0.806212
vn -0.584806 0.012200 0.811082
vn -0.782025 0.328570 0.529603
vn -0.584806 0.012200 0.811082
vn -0.771945 0.019387 0.635394
vn -0.258084 0.098627 0.961075
vn -0.407410 0.001480 0.913244
vn -0.584806 0.012200 0.811082
vn -0.258084 0.098627 0.961075
vn -0.584806 0.012200 0.811082
vn -0.569017 0.161994 0.806212
vn -0.258084 0.098627 0.961075
vn -0.569017 0.161994 0.806212
vn -0.510292 0.237580 0.826533
vn -0.314829 0.001668 0.949147
vn -0.595124 0.011693 0.803549
vn -0.584806 0.012200 0.811082
vn -0.314829 0.001668 0.949147
vn -0.584806 0.012200 0.811082
vn -0.407410 0.001480 0.913244
vn -0.641747 0.766916 0.000738
vn -0.631688 0.771496 0.075919
vn -0.133575 0.989371 0.057463
vn -0.641747 0.766916 0.000738
vn -0.133575 0.989371 0.057463
vn -0.121403 0.992603 0.000324
vn -0.703892 -0.697525 -0.134150
vn -0.689986 -0.709836 -0.141605
vn -0.437429 -0.898368 -0.039883
vn -0.703892 -0.697525 -0.134150
vn -0.437429 -0.898368 -0.039883
vn -0.600293 -0.798147 -0.051082
vn -0.871831 -0.004241 0.489789
vn -0.828706 -0.388753 0.402638
vn -0.398207 -0.455612 0.796146
vn -0.871831 -0.004241 0.489789
vn -0.398207 -0.455612 0.796146
vn -0.338279 0.032623 0.940480
vn -0.007402 0.057750 0.998304
vn -0.338279 0.032623 0.940480
vn -0.398207 -0.455612 0.796146
vn -0.007402 0.057750 0.998304
vn -0.398207 -0.455612 0.796146
vn -0.009254 0.057752 0.998288
vn -0.285139 0.920629 -0.266717
vn -0.706000 0.675234 -0.213595
vn -0.675697 0.722000 -0.148828
vn -0.285139 0.920629 -0.266717
vn -0.675697 0.722000 -0.148828
vn -0.296828 0.941488 -0.159666
vn -0.880229 0.438770 -0.180771
vn -0.827767 0.538988 -0.155865
vn -0.675697 0.722000 -0.148828
vn -0.880229 0.438770 -0.180771
vn -0.675697 0.722000 -0.148828
vn -0.706000 0.675234 -0.213595
vn -0.749915 0.643030 -0.155367
vn -0.614568 0.776768 -0.137616
vn -0.675697 0.722000 -0.148828
vn -0.749915 0.643030 -0.155367
vn -0.675697 0.722000 -0.148828
vn -0.827767 0.538988 -0.155865
vn -0.279606 0.950553 -0.135166
vn -0.296828 0.941488 -0.159666
vn -0.675697 0.722000 -0.148828
vn -0.279606 0.950553 -0.135166
vn -0.675697 0.722000 -0.148828
vn -0.614568 0.776768 -0.137616
vn -0.458299 -0.887234 0.052710
vn -0.516927 -0.855453 0.031389
vn -0.837383 -0.543611 -0.057247
vn -0.458299 -0.887234 0.052710
vn -0.837383 -0.543611 -0.057247
vn -0.760104 -0.649396 -0.022972
vn -0.565163 -0.824804 0.017027
vn -0.893970 -0.440276 -0.083515
vn -0.837383 -0.543611 -0.057247
vn -0.565163 -0.824804 0.017027
vn -0.837383 -0.543611 -0.057247
vn -0.516927 -0.855453 0.031389
vn -0.749915 0.643030 -0.155367
vn -0.827767 0.538988 -0.155865
vn -0.826424 0.535856 -0.172864
vn -0.749915 0.643030 -0.155367
vn -0.826424 0.535856 -0.172864
vn -0.747767 0.641230 -0.172248
vn -0.880229 0.438770 -0.180771
vn -0.880401 0.433086 -0.193211
vn -0.826424 0.535856 -0.172864
vn -0.880229 0.438770 -0.180771
vn -0.826424 0.535856 -0.172864
vn -0.827767 0.538988 -0.155865
vn -0.963143 -0.262544 -0.058534
vn -0.963143 -0.262544 -0.058534
vn -0.935355 -0.342743 -0.087399
vn -0.963143 -0.262544 -0.058534
vn -0.935355 -0.342743 -0.087399
vn -0.935355 -0.342743 -0.087399
vn -0.633627 0.768937 -0.085164
vn -0.678130 0.721242 -0.141245
vn -0.676640 0.719746 -0.155317
vn -0.633627 0.768937 -0.085164
vn -0.676640 0.719746 -0.155317
vn -0.633173 0.768353 -0.093412
vn -0.749915 0.643030 -0.155367
vn -0.747767 0.641230 -0.172248
vn -0.676640 0.719746 -0.155317
vn -0.749915 0.643030 -0.155367
vn -0.676640 0.719746 -0.155317
vn -0.678130 0.721242 -0.141245
vn -0.565163 -0.824804 0.017027
vn -0.935355 -0.342743 -0.087399
vn -0.935355 -0.342743 -0.087399
vn -0.565163 -0.824804 0.017027
vn -0.935355 -0.342743 -0.087399
vn -0.893970 -0.440276 -0.083515
vn -0.248752 0.965821 -0.072886
vn -0.259589 0.958148 -0.120692
vn -0.556417 0.821572 -0.124180
vn -0.248752 0.965821 -0.072886
vn -0.556417 0.821572 -0.124180
vn -0.521658 0.849890 -0.074558
vn -0.279606 0.950553 -0.135166
vn -0.614568 0.776768 -0.137616
vn -0.556417 0.821572 -0.124180
vn -0.279606 0.950553 -0.135166
vn -0.556417 0.821572 -0.124180
vn -0.259589 0.958148 -0.120692
vn -0.749915 0.643030 -0.155367
vn -0.678130 0.721242 -0.141245
vn -0.556417 0.821572 -0.124180
vn -0.749915 0.643030 -0.155367
vn -0.556417 0.821572 -0.124180
vn -0.614568 0.776768 -0.137616
vn -0.633627 0.768937 -0.085164
vn -0.521658 0.849890 -0.074558
vn -0.556417 0.821572 -0.124180
vn -0.633627 0.768937 -0.085164
vn -0.556417 0.821572 -0.124180
vn -0.678130 0.721242 -0.141245
vn 0.361003 0.897366 -0.253793
vn 0.311372 0.850427 -0.424055
vn 0.035546 0.886817 -0.460751
vn 0.361003 0.897366 -0.253793
vn 0.035546 0.886817 -0.460751
vn 0.045219 0.957369 -0.285308
vn 0.294663 0.802453 -0.518887
vn 0.031222 0.839059 -0.543144
vn 0.035546 0.886817 -0.460751
vn 0.294663 0.802453 -0.518887
vn 0.035546 0.886817 -0.460751
vn 0.311372 0.850427 -0.424055
vn 0.000000 0.839385 -0.543537
vn 0.000000 0.885241 -0.465132
vn 0.035546 0.886817 -0.460751
vn 0.000000 0.839385 -0.543537
vn 0.035546 0.886817 -0.460751
vn 0.031222 0.839059 -0.543144
vn 0.000000 0.957418 -0.288706
vn 0.045219 0.957369 -0.285308
vn 0.035546 0.886817 -0.460751
vn 0.000000 0.957418 -0.288706
vn 0.035546 0.886817 -0.460751
vn 0.000000 0.885241 -0.465132
vn 0.454428 0.359212 -0.815145
vn 0.065394 0.709288 -0.701879
vn 0.048633 0.777668 -0.626791
vn 0.454428 0.359212 -0.815145
vn 0.048633 0.777668 -0.626791
vn 0.387595 0.609941 -0.691188
vn 0.000001 0.739509 -0.673147
vn 0.000000 0.792103 -0.610388
vn 0.048633 0.777668 -0.626791
vn 0.000001 0.739509 -0.673147
vn 0.048633 0.777668 -0.626791
vn 0.065394 0.709288 -0.701879
vn 0.000000 0.839385 -0.543537
vn 0.031222 0.839059 -0.543144
vn 0.048633 0.777668 -0.626791
vn 0.000000 0.839385 -0.543537
vn 0.048633 0.777668 -0.626791
vn 0.000000 0.792103 -0.610388
vn 0.294663 0.802453 -0.518887
vn 0.387595 0.609941 -0.691188
vn 0.048633 0.777668 -0.626791
vn 0.294663 0.802453 -0.518887
vn 0.048633 0.777668 -0.626791
vn 0.031222 0.839059 -0.543144
vn -0.370234 0.472095 -0.800033
vn -0.313655 0.658380 -0.684220
vn -0.046134 0.779265 -0.624995
vn -0.370234 0.472095 -0.800033
vn -0.046134 0.779265 -0.624995
vn -0.061409 0.713495 -0.697964
vn -0.242032 0.810641 -0.533180
vn -0.030268 0.838574 -0.543947
vn -0.046134 0.779265 -0.624995
vn -0.242032 0.810641 -0.533180
vn -0.046134 0.779265 -0.624995
vn -0.313655 0.658380 -0.684220
vn 0.000000 0.839385 -0.543537
vn 0.000000 0.792103 -0.610388
vn -0.046134 0.779265 -0.624995
vn 0.000000 0.839385 -0.543537
vn -0.046134 0.779265 -0.624995
vn -0.030268 0.838574 -0.543947
vn 0.000001 0.739509 -0.673147
vn -0.061409 0.713495 -0.697964
vn -0.046134 0.779265 -0.624995
vn 0.000001 0.739509 -0.673147
vn -0.046134 0.779265 -0.624995
vn 0.000000 0.792103 -0.610388
vn -0.285139 0.920629 -0.266717
vn -0.043591 0.957350 -0.285625
vn -0.034345 0.886446 -0.461556
vn -0.285139 0.920629 -0.266717
vn -0.034345 0.886446 -0.461556
vn -0.254326 0.861750 -0.438982
vn 0.000000 0.957418 -0.288706
vn 0.000000 0.885241 -0.465132
vn -0.034345 0.886446 -0.461556
vn 0.000000 0.957418 -0.288706
vn -0.034345 0.886446 -0.461556
vn -0.043591 0.957350 -0.285625
vn 0.000000 0.839385 -0.543537
vn -0.030268 0.838574 -0.543947
vn -0.034345 0.886446 -0.461556
vn 0.000000 0.839385 -0.543537
vn -0.034345 0.886446 -0.461556
vn 0.000000 0.885241 -0.465132
vn -0.242032 0.810641 -0.533180
vn -0.254326 0.861750 -0.438982
vn -0.034345 0.886446 -0.461556
vn -0.242032 0.810641 -0.533180
vn -0.034345 0.886446 -0.461556
vn -0.030268 0.838574 -0.543947
vn -0.960602 0.214138 -0.177168
vn -0.803382 0.595076 -0.021478
vn -0.897595 0.440599 -0.013984
vn -0.960602 0.214138 -0.177168
vn -0.897595 0.440599 -0.013984
vn -0.999609 -0.012407 -0.025061
vn -0.605538 0.795817 -0.000063
vn -0.607570 0.794266 0.000318
vn -0.897595 0.440599 -0.013984
vn -0.605538 0.795817 -0.000063
vn -0.897595 0.440599 -0.013984
vn -0.803382 0.595076 -0.021478
vn -0.609279 0.792956 0.000521
vn -0.609279 0.792956 0.000065
vn -0.897595 0.440599 -0.013984
vn -0.609279 0.792956 0.000521
vn -0.897595 0.440599 -0.013984
vn -0.607570 0.794266 0.000318
vn -0.983816 -0.179178 0.000607
vn -0.999609 -0.012407 -0.025061
vn -0.897595 0.440599 -0.013984
vn -0.983816 -0.179178 0.000607
vn -0.897595 0.440599 -0.013984
vn -0.983816 -0.179178 0.000607
vn -0.244513 0.969646 0.001011
vn -0.244158 0.969735 0.000391
vn -0.502900 0.864344 0.000813
vn -0.244513 0.969646 0.001011
vn -0.502900 0.864344 0.000813
vn -0.501890 0.864931 0.000785
vn -0.244364 0.969684 0.000145
vn -0.504026 0.863688 0.000851
vn -0.502900 0.864344 0.000813
vn -0.244364 0.969684 0.000145
vn -0.502900 0.864344 0.000813
vn -0.244158 0.969735 0.000391
vn -0.609279 0.792956 0.000521
vn -0.607570 0.794266 0.000318
vn -0.502900 0.864344 0.000813
vn -0.609279 0.792956 0.000521
vn -0.502900 0.864344 0.000813
vn -0.504026 0.863688 0.000851
vn -0.605538 0.795817 -0.000063
vn -0.501890 0.864931 0.000785
vn -0.502900 0.864344 0.000813
vn -0.605538 0.795817 -0.000063
vn -0.502900 0.864344 0.000813
vn -0.607570 0.794266 0.000318
vn -0.248752 0.965821 -0.072886
vn -0.521658 0.849890 -0.074558
vn -0.507658 0.861341 -0.019375
vn -0.248752 0.965821 -0.072886
vn -0.507658 0.861341 -0.019375
vn -0.245229 0.969265 -0.019694
vn -0.633627 0.768937 -0.085164
vn -0.614527 0.788576 -0.022430
vn -0.507658 0.861341 -0.019375
vn -0.633627 0.768937 -0.085164
vn -0.507658 0.861341 -0.019375
vn -0.521658 0.849890 -0.074558
vn -0.609279 0.792956 0.000521
vn -0.504026 0.863688 0.000851
vn -0.507658 0.861341 -0.019375
vn -0.609279 0.792956 0.000521
vn -0.507658 0.861341 -0.019375
vn -0.614527 0.788576 -0.022430
vn -0.244364 0.969684 0.000145
vn -0.245229 0.969265 -0.019694
vn -0.507658 0.861341 -0.019375
vn -0.244364 0.969684 0.000145
vn -0.507658 0.861341 -0.019375
vn -0.504026 0.863688 0.000851
vn -0.963143 -0.262544 -0.058534
vn -0.978899 -0.203502 -0.018557
vn -0.978899 -0.203502 -0.018557
vn -0.963143 -0.262544 -0.058534
vn -0.978899 -0.203502 -0.018557
vn -0.963143 -0.262544 -0.058534
vn -0.983816 -0.179178 0.000607
vn -0.983816 -0.179178 0.000607
vn -0.978899 -0.203502 -0.018557
vn -0.983816 -0.179178 0.000607
vn -0.978899 -0.203502 -0.018557
vn -0.978899 -0.203502 -0.018557
vn -0.609279 0.792956 0.000521
vn -0.614527 0.788576 -0.022430
vn -0.614517 0.788510 -0.024914
vn -0.609279 0.792956 0.000521
vn -0.614517 0.788510 -0.024914
vn -0.609279 0.792956 0.000065
vn -0.633627 0.768937 -0.085164
vn -0.633173 0.768353 -0.093412
vn -0.614517 0.788510 -0.024914
vn -0.633627 0.768937 -0.085164
vn -0.614517 0.788510 -0.024914
vn -0.614527 0.788576 -0.022430
vn -0.960602 0.214138 -0.177168
vn -0.927472 0.372145 -0.036110
vn -0.717490 0.696517 -0.008503
vn -0.960602 0.214138 -0.177168
vn -0.717490 0.696517 -0.008503
vn -0.803382 0.595076 -0.021478
vn -0.901017 0.433780 -0.001616
vn -0.689935 0.723871 -0.000940
vn -0.717490 0.696517 -0.008503
vn -0.901017 0.433780 -0.001616
vn -0.717490 0.696517 -0.008503
vn -0.927472 0.372145 -0.036110
vn -0.600167 0.799874 -0.000278
vn -0.603025 0.797722 -0.000288
vn -0.717490 0.696517 -0.008503
vn -0.600167 0.799874 -0.000278
vn -0.717490 0.696517 -0.008503
vn -0.689935 0.723871 -0.000940
vn -0.605538 0.795817 -0.000063
vn -0.803382 0.595076 -0.021478
vn -0.717490 0.696517 -0.008503
vn -0.605538 0.795817 -0.000063
vn -0.717490 0.696517 -0.008503
vn -0.603025 0.797722 -0.000288
vn -0.743477 0.513992 0.427849
vn -0.520831 0.802910 0.289949
vn -0.672168 0.738888 0.047276
vn -0.743477 0.513992 0.427849
vn -0.672168 0.738888 0.047276
vn -0.893977 0.443517 0.064016
vn -0.440520 0.865908 0.236950
vn -0.579374 0.814113 0.039325
vn -0.672168 0.738888 0.047276
vn -0.440520 0.865908 0.236950
vn -0.672168 0.738888 0.047276
vn -0.520831 0.802910 0.289949
vn -0.600167 0.799874 -0.000278
vn -0.689935 0.723871 -0.000940
vn -0.672168 0.738888 0.047276
vn -0.600167 0.799874 -0.000278
vn -0.672168 0.738888 0.047276
vn -0.579374 0.814113 0.039325
vn -0.901017 0.433780 -0.001616
vn -0.893977 0.443517 0.064016
vn -0.672168 0.738888 0.047276
vn -0.901017 0.433780 -0.001616
vn -0.672168 0.738888 0.047276
vn -0.689935 0.723871 -0.000940
vn -0.206402 0.974188 0.091409
vn -0.235143 0.971666 0.023933
vn -0.478255 0.877596 0.033138
vn -0.206402 0.974188 0.091409
vn -0.478255 0.877596 0.033138
vn -0.353368 0.918645 0.176697
vn -0.244481 0.969654 0.000769
vn -0.498471 0.866906 0.000318
vn -0.478255 0.877596 0.033138
vn -0.244481 0.969654 0.000769
vn -0.478255 0.877596 0.033138
vn -0.235143 0.971666 0.023933
vn -0.600167 0.799874 -0.000278
vn -0.579374 0.814113 0.039325
vn -0.478255 0.877596 0.033138
vn -0.600167 0.799874 -0.000278
vn -0.478255 0.877596 0.033138
vn -0.498471 0.866906 0.000318
vn -0.440520 0.865908 0.236950
vn -0.353368 0.918645 0.176697
vn -0.478255 0.877596 0.033138
vn -0.440520 0.865908 0.236950
vn -0.478255 0.877596 0.033138
vn -0.579374 0.814113 0.039325
vn -0.244513 0.969646 0.001011
vn -0.501890 0.864931 0.000785
vn -0.500553 0.865706 0.000584
vn -0.244513 0.969646 0.001011
vn -0.500553 0.865706 0.000584
vn -0.244968 0.969530 0.001150
vn -0.605538 0.795817 -0.000063
vn -0.603025 0.797722 -0.000288
vn -0.500553 0.865706 0.000584
vn -0.605538 0.795817 -0.000063
vn -0.500553 0.865706 0.000584
vn -0.501890 0.864931 0.000785
vn -0.600167 0.799874 -0.000278
vn -0.498471 0.866906 0.000318
vn -0.500553 0.865706 0.000584
vn -0.600167 0.799874 -0.000278
vn -0.500553 0.865706 0.000584
vn -0.603025 0.797722 -0.000288
vn -0.244481 0.969654 0.000769
vn -0.244968 0.969530 0.001150
vn -0.500553 0.865706 0.000584
vn -0.244481 0.969654 0.000769
vn -0.500553 0.865706 0.000584
vn -0.498471 0.866906 0.000318
vn -0.285139 0.920629 -0.266717
vn -0.296828 0.941488 -0.159666
vn -0.048086 0.985513 -0.162640
vn -0.285139 0.920629 -0.266717
vn -0.048086 0.985513 -0.162640
vn -0.043591 0.957350 -0.285625
vn -0.279606 0.950553 -0.135166
vn -0.047048 0.989880 -0.133880
vn -0.048086 0.985513 -0.162640
vn -0.279606 0.950553 -0.135166
vn -0.048086 0.985513 -0.162640
vn -0.296828 0.941488 -0.159666
vn 0.000000 0.991012 -0.133776
vn 0.000000 0.986663 -0.162775
vn -0.048086 0.985513 -0.162640
vn 0.000000 0.991012 -0.133776
vn -0.048086 0.985513 -0.162640
vn -0.047048 0.989880 -0.133880
vn 0.000000 0.957418 -0.288706
vn -0.043591 0.957350 -0.285625
vn -0.048086 0.985513 -0.162640
vn 0.000000 0.957418 -0.288706
vn -0.048086 0.985513 -0.162640
vn 0.000000 0.986663 -0.162775
vn -0.248752 0.965821 -0.072886
vn -0.045972 0.996232 -0.073546
vn -0.046096 0.991689 -0.120120
vn -0.248752 0.965821 -0.072886
vn -0.046096 0.991689 -0.120120
vn -0.259589 0.958148 -0.120692
vn 0.000000 0.997273 -0.073795
vn 0.000000 0.992747 -0.120221
vn -0.046096 0.991689 -0.120120
vn 0.000000 0.997273 -0.073795
vn -0.046096 0.991689 -0.120120
vn -0.045972 0.996232 -0.073546
vn 0.000000 0.991012 -0.133776
vn -0.047048 0.989880 -0.133880
vn -0.046096 0.991689 -0.120120
vn 0.000000 0.991012 -0.133776
vn -0.046096 0.991689 -0.120120
vn 0.000000 0.992747 -0.120221
vn -0.279606 0.950553 -0.135166
vn -0.259589 0.958148 -0.120692
vn -0.046096 0.991689 -0.120120
vn -0.279606 0.950553 -0.135166
vn -0.046096 0.991689 -0.120120
vn -0.047048 0.989880 -0.133880
vn 0.419844 0.905088 -0.067428
vn 0.416521 0.902428 -0.110158
vn 0.051668 0.991414 -0.120118
vn 0.419844 0.905088 -0.067428
vn 0.051668 0.991414 -0.120118
vn 0.052254 0.995908 -0.073733
vn 0.413503 0.902171 -0.122897
vn 0.051200 0.989698 -0.133703
vn 0.051668 0.991414 -0.120118
vn 0.413503 0.902171 -0.122897
vn 0.051668 0.991414 -0.120118
vn 0.416521 0.902428 -0.110158
vn 0.000000 0.991012 -0.133776
vn 0.000000 0.992747 -0.120221
vn 0.051668 0.991414 -0.120118
vn 0.000000 0.991012 -0.133776
vn 0.051668 0.991414 -0.120118
vn 0.051200 0.989698 -0.133703
vn 0.000000 0.997273 -0.073795
vn 0.052254 0.995908 -0.073733
vn 0.051668 0.991414 -0.120118
vn 0.000000 0.997273 -0.073795
vn 0.051668 0.991414 -0.120118
vn 0.000000 0.992747 -0.120221
vn 0.361003 0.897366 -0.253793
vn 0.045219 0.957369 -0.285308
vn 0.050673 0.985386 -0.162624
vn 0.361003 0.897366 -0.253793
vn 0.050673 0.985386 -0.162624
vn 0.401850 0.903717 -0.147690
vn 0.000000 0.957418 -0.288706
vn 0.000000 0.986663 -0.162775
vn 0.050673 0.985386 -0.162624
vn 0.000000 0.957418 -0.288706
vn 0.050673 0.985386 -0.162624
vn 0.045219 0.957369 -0.285308
vn 0.000000 0.991012 -0.133776
vn 0.051200 0.989698 -0.133703
vn 0.050673 0.985386 -0.162624
vn 0.000000 0.991012 -0.133776
vn 0.050673 0.985386 -0.162624
vn 0.000000 0.986663 -0.162775
vn 0.413503 0.902171 -0.122897
vn 0.401850 0.903717 -0.147690
vn 0.050673 0.985386 -0.162624
vn 0.413503 0.902171 -0.122897
vn 0.050673 0.985386 -0.162624
vn 0.051200 0.989698 -0.133703
vn -0.244513 0.969646 0.001011
vn -0.046420 0.998922 0.000604
vn -0.046179 0.998933 -0.000225
vn -0.244513 0.969646 0.001011
vn -0.046179 0.998933 -0.000225
vn -0.244158 0.969735 0.000391
vn -0.000000 1.000000 0.000453
vn 0.000000 1.000000 -0.000357
vn -0.046179 0.998933 -0.000225
vn -0.000000 1.000000 0.000453
vn -0.046179 0.998933 -0.000225
vn -0.046420 0.998922 0.000604
vn 0.000000 1.000000 -0.000757
vn -0.046169 0.998933 -0.000591
vn -0.046179 0.998933 -0.000225
vn 0.000000 1.000000 -0.000757
vn -0.046179 0.998933 -0.000225
vn 0.000000 1.000000 -0.000357
vn -0.244364 0.969684 0.000145
vn -0.244158 0.969735 0.000391
vn -0.046179 0.998933 -0.000225
vn -0.244364 0.969684 0.000145
vn -0.046179 0.998933 -0.000225
vn -0.046169 0.998933 -0.000591
vn 0.424882 0.905248 0.000922
vn 0.422815 0.906216 -0.000062
vn 0.052703 0.998610 -0.000353
vn 0.424882 0.905248 0.000922
vn 0.052703 0.998610 -0.000353
vn 0.053059 0.998591 0.000540
vn 0.422246 0.906481 -0.000449
vn 0.052621 0.998614 -0.000744
vn 0.052703 0.998610 -0.000353
vn 0.422246 0.906481 -0.000449
vn 0.052703 0.998610 -0.000353
vn 0.422815 0.906216 -0.000062
vn 0.000000 1.000000 -0.000757
vn 0.000000 1.000000 -0.000357
vn 0.052703 0.998610 -0.000353
vn 0.000000 1.000000 -0.000757
vn 0.052703 0.998610 -0.000353
vn 0.052621 0.998614 -0.000744
vn -0.000000 1.000000 0.000453
vn 0.053059 0.998591 0.000540
vn 0.052703 0.998610 -0.000353
vn -0.000000 1.000000 0.000453
vn 0.052703 0.998610 -0.000353
vn 0.000000 1.000000 -0.000357
vn 0.419844 0.905088 -0.067428
vn 0.052254 0.995908 -0.073733
vn 0.052548 0.998402 -0.020813
vn 0.419844 0.905088 -0.067428
vn 0.052548 0.998402 -0.020813
vn 0.421771 0.906505 -0.018884
vn 0.000000 0.997273 -0.073795
vn 0.000000 0.999783 -0.020816
vn 0.052548 0.998402 -0.020813
vn 0.000000 0.997273 -0.073795
vn 0.052548 0.998402 -0.020813
vn 0.052254 0.995908 -0.073733
vn 0.000000 1.000000 -0.000757
vn 0.052621 0.998614 -0.000744
vn 0.052548 0.998402 -0.020813
vn 0.000000 1.000000 -0.000757
vn 0.052548 0.998402 -0.020813
vn 0.000000 0.999783 -0.020816
vn 0.422246 0.906481 -0.000449
vn 0.421771 0.906505 -0.018884
vn 0.052548 0.998402 -0.020813
vn 0.422246 0.906481 -0.000449
vn 0.052548 0.998402 -0.020813
vn 0.052621 0.998614 -0.000744
vn -0.248752 0.965821 -0.072886
vn -0.245229 0.969265 -0.019694
vn -0.046170 0.998720 -0.020647
vn -0.248752 0.965821 -0.072886
vn -0.046170 0.998720 -0.020647
vn -0.045972 0.996232 -0.073546
vn -0.244364 0.969684 0.000145
vn -0.046169 0.998933 -0.000591
vn -0.046170 0.998720 -0.020647
vn -0.244364 0.969684 0.000145
vn -0.046170 0.998720 -0.020647
vn -0.245229 0.969265 -0.019694
vn 0.000000 1.000000 -0.000757
vn 0.000000 0.999783 -0.020816
vn -0.046170 0.998720 -0.020647
vn 0.000000 1.000000 -0.000757
vn -0.046170 0.998720 -0.020647
vn -0.046169 0.998933 -0.000591
vn 0.000000 0.997273 -0.073795
vn -0.045972 0.996232 -0.073546
vn -0.046170 0.998720 -0.020647
vn 0.000000 0.997273 -0.073795
vn -0.046170 0.998720 -0.020647
vn 0.000000 0.999783 -0.020816
vn -0.244513 0.969646 0.001011
vn -0.244968 0.969530 0.001150
vn -0.046832 0.998902 0.001075
vn -0.244513 0.969646 0.001011
vn -0.046832 0.998902 0.001075
vn -0.046420 0.998922 0.000604
vn -0.244481 0.969654 0.000769
vn -0.046934 0.998898 0.000903
vn -0.046832 0.998902 0.001075
vn -0.244481 0.969654 0.000769
vn -0.046832 0.998902 0.001075
vn -0.244968 0.969530 0.001150
vn -0.000000 1.000000 0.000913
vn -0.000000 1.000000 0.000982
vn -0.046832 0.998902 0.001075
vn -0.000000 1.000000 0.000913
vn -0.046832 0.998902 0.001075
vn -0.046934 0.998898 0.000903
vn -0.000000 1.000000 0.000453
vn -0.046420 0.998922 0.000604
vn -0.046832 0.998902 0.001075
vn -0.000000 1.000000 0.000453
vn -0.046832 0.998902 0.001075
vn -0.000000 1.000000 0.000982
vn -0.206402 0.974188 0.091409
vn -0.066578 0.989810 0.125868
vn -0.048131 0.998630 0.020546
vn -0.206402 0.974188 0.091409
vn -0.048131 0.998630 0.020546
vn -0.235143 0.971666 0.023933
vn -0.000000 0.989934 0.141528
vn -0.000000 0.999788 0.020600
vn -0.048131 0.998630 0.020546
vn -0.000000 0.989934 0.141528
vn -0.048131 0.998630 0.020546
vn -0.066578 0.989810 0.125868
vn -0.000000 1.000000 0.000913
vn -0.046934 0.998898 0.000903
vn -0.048131 0.998630 0.020546
vn -0.000000 1.000000 0.000913
vn -0.048131 0.998630 0.020546
vn -0.000000 0.999788 0.020600
vn -0.244481 0.969654 0.000769
vn -0.235143 0.971666 0.023933
vn -0.048131 0.998630 0.020546
vn -0.244481 0.969654 0.000769
vn -0.048131 0.998630 0.020546
vn -0.046934 0.998898 0.000903
vn 0.320059 0.939043 0.125544
vn 0.400486 0.915585 0.036281
vn 0.055417 0.998220 0.022035
vn 0.320059 0.939043 0.125544
vn 0.055417 0.998220 0.022035
vn 0.082390 0.986691 0.140191
vn 0.427902 0.903825 0.000657
vn 0.053795 0.998552 0.000881
vn 0.055417 0.998220 0.022035
vn 0.427902 0.903825 0.000657
vn 0.055417 0.998220 0.022035
vn 0.400486 0.915585 0.036281
vn -0.000000 1.000000 0.000913
vn -0.000000 0.999788 0.020600
vn 0.055417 0.998220 0.022035
vn -0.000000 1.000000 0.000913
vn 0.055417 0.998220 0.022035
vn 0.053795 0.998552 0.000881
vn -0.000000 0.989934 0.141528
vn 0.082390 0.986691 0.140191
vn 0.055417 0.998220 0.022035
vn -0.000000 0.989934 0.141528
vn 0.055417 0.998220 0.022035
vn -0.000000 0.999788 0.020600
vn 0.424882 0.905248 0.000922
vn 0.053059 0.998591 0.000540
vn 0.053622 0.998561 0.001049
vn 0.424882 0.905248 0.000922
vn 0.053622 0.998561 0.001049
vn 0.427344 0.904089 0.001146
vn -0.000000 1.000000 0.000453
vn -0.000000 1.000000 0.000982
vn 0.053622 0.998561 0.001049
vn -0.000000 1.000000 0.000453
vn 0.053622 0.998561 0.001049
vn 0.053059 0.998591 0.000540
vn -0.000000 1.000000 0.000913
vn 0.053795 0.998552 0.000881
vn 0.053622 0.998561 0.001049
vn -0.000000 1.000000 0.000913
vn 0.053622 0.998561 0.001049
vn -0.000000 1.000000 0.000982
vn 0.427902 0.903825 0.000657
vn 0.427344 0.904089 0.001146
vn 0.053622 0.998561 0.001049
vn 0.427902 0.903825 0.000657
vn 0.053622 0.998561 0.001049
vn 0.053795 0.998552 0.000881
vn -0.370234 0.472095 -0.800033
vn -0.576246 0.207088 -0.790605
vn -0.677019 0.473378 -0.563523
vn -0.370234 0.472095 -0.800033
vn -0.677019 0.473378 -0.563523
vn -0.313655 0.658380 -0.684220
vn -0.394508 -0.918327 0.032219
vn -0.671561 -0.738608 -0.058854
vn -0.688377 -0.719837 -0.089287
vn -0.394508 -0.918327 0.032219
vn -0.688377 -0.719837 -0.089287
vn -0.333769 -0.937088 -0.102294
vn -0.892286 0.363890 -0.267225
vn -0.692904 0.593869 -0.408905
vn -0.677019 0.473378 -0.563523
vn -0.892286 0.363890 -0.267225
vn -0.677019 0.473378 -0.563523
vn -0.892286 0.363890 -0.267225
vn -0.242032 0.810641 -0.533180
vn -0.313655 0.658380 -0.684220
vn -0.677019 0.473378 -0.563523
vn -0.242032 0.810641 -0.533180
vn -0.677019 0.473378 -0.563523
vn -0.692904 0.593869 -0.408905
vn -0.458299 -0.887234 0.052710
vn -0.760104 -0.649396 -0.022972
vn -0.683039 -0.730215 -0.015627
vn -0.458299 -0.887234 0.052710
vn -0.683039 -0.730215 -0.015627
vn -0.403355 -0.913139 0.058999
vn -0.880229 0.438770 -0.180771
vn -0.894640 0.379898 -0.235151
vn -0.894969 0.376475 -0.239369
vn -0.880229 0.438770 -0.180771
vn -0.894969 0.376475 -0.239369
vn -0.880401 0.433086 -0.193211
vn -0.892286 0.363890 -0.267225
vn -0.892286 0.363890 -0.267225
vn -0.894969 0.376475 -0.239369
vn -0.892286 0.363890 -0.267225
vn -0.894969 0.376475 -0.239369
vn -0.894640 0.379898 -0.235151
vn -0.394508 -0.918327 0.032219
vn -0.403355 -0.913139 0.058999
vn -0.683039 -0.730215 -0.015627
vn -0.394508 -0.918327 0.032219
vn -0.683039 -0.730215 -0.015627
vn -0.671561 -0.738608 -0.058854
vn -0.285139 0.920629 -0.266717
vn -0.254326 0.861750 -0.438982
vn -0.701381 0.628595 -0.336054
vn -0.285139 0.920629 -0.266717
vn -0.701381 0.628595 -0.336054
vn -0.706000 0.675234 -0.213595
vn -0.242032 0.810641 -0.533180
vn -0.692904 0.593869 -0.408905
vn -0.701381 0.628595 -0.336054
vn -0.242032 0.810641 -0.533180
vn -0.701381 0.628595 -0.336054
vn -0.254326 0.861750 -0.438982
vn -0.892286 0.363890 -0.267225
vn -0.894640 0.379898 -0.235151
vn -0.701381 0.628595 -0.336054
vn -0.892286 0.363890 -0.267225
vn -0.701381 0.628595 -0.336054
vn -0.692904 0.593869 -0.408905
vn -0.880229 0.438770 -0.180771
vn -0.706000 0.675234 -0.213595
vn -0.701381 0.628595 -0.336054
vn -0.880229 0.438770 -0.180771
vn -0.701381 0.628595 -0.336054
vn -0.894640 0.379898 -0.235151
vn 0.509381 0.739062 0.440814
vn 0.694367 0.608748 0.383770
vn 0.198272 0.742708 0.639588
vn 0.509381 0.739062 0.440814
vn 0.198272 0.742708 0.639588
vn 0.149389 0.554413 0.818724
vn 0.802830 0.443879 0.398040
vn 0.234431 0.766267 0.598228
vn 0.198272 0.742708 0.639588
vn 0.802830 0.443879 0.398040
vn 0.198272 0.742708 0.639588
vn 0.694367 0.608748 0.383770
vn -0.000000 0.809261 0.587450
vn -0.000183 0.738678 0.674058
vn 0.198272 0.742708 0.639588
vn -0.000000 0.809261 0.587450
vn 0.198272 0.742708 0.639588
vn 0.234431 0.766267 0.598228
vn -0.001350 0.467893 0.883784
vn 0.149389 0.554413 0.818724
vn 0.198272 0.742708 0.639588
vn -0.001350 0.467893 0.883784
vn 0.198272 0.742708 0.639588
vn -0.000183 0.738678 0.674058
vn 0.320059 0.939043 0.125544
vn 0.082390 0.986691 0.140191
vn 0.176734 0.887586 0.425390
vn 0.320059 0.939043 0.125544
vn 0.176734 0.887586 0.425390
vn 0.639416 0.711940 0.290325
vn -0.000000 0.989934 0.141528
vn -0.000000 0.906567 0.422061
vn 0.176734 0.887586 0.425390
vn -0.000000 0.989934 0.141528
vn 0.176734 0.887586 0.425390
vn 0.082390 0.986691 0.140191
vn -0.000000 0.809261 0.587450
vn 0.234431 0.766267 0.598228
vn 0.176734 0.887586 0.425390
vn -0.000000 0.809261 0.587450
vn 0.176734 0.887586 0.425390
vn -0.000000 0.906567 0.422061
vn 0.802830 0.443879 0.398040
vn 0.639416 0.711940 0.290325
vn 0.176734 0.887586 0.425390
vn 0.802830 0.443879 0.398040
vn 0.176734 0.887586 0.425390
vn 0.234431 0.766267 0.598228
vn -0.206402 0.974188 0.091409
vn -0.353368 0.918645 0.176697
vn -0.121507 0.926632 0.355793
vn -0.206402 0.974188 0.091409
vn -0.121507 0.926632 0.355793
vn -0.066578 0.989810 0.125868
vn -0.440520 0.865908 0.236950
vn -0.154824 0.854971 0.495030
vn -0.121507 0.926632 0.355793
vn -0.440520 0.865908 0.236950
vn -0.121507 0.926632 0.355793
vn -0.353368 0.918645 0.176697
vn -0.000000 0.809261 0.587450
vn -0.000000 0.906567 0.422061
vn -0.121507 0.926632 0.355793
vn -0.000000 0.809261 0.587450
vn -0.121507 0.926632 0.355793
vn -0.154824 0.854971 0.495030
vn -0.000000 0.989934 0.141528
vn -0.066578 0.989810 0.125868
vn -0.121507 0.926632 0.355793
vn -0.000000 0.989934 0.141528
vn -0.121507 0.926632 0.355793
vn -0.000000 0.906567 0.422061
vn -0.743477 0.513992 0.427849
vn -0.269259 0.512652 0.815284
vn -0.183017 0.790837 0.584021
vn -0.743477 0.513992 0.427849
vn -0.183017 0.790837 0.584021
vn -0.520831 0.802910 0.289949
vn -0.001350 0.467893 0.883784
vn -0.000183 0.738678 0.674058
vn -0.183017 0.790837 0.584021
vn -0.001350 0.467893 0.883784
vn -0.183017 0.790837 0.584021
vn -0.269259 0.512652 0.815284
vn -0.000000 0.809261 0.587450
vn -0.154824 0.854971 0.495030
vn -0.183017 0.790837 0.584021
vn -0.000000 0.809261 0.587450
vn -0.183017 0.790837 0.584021
vn -0.000183 0.738678 0.674058
vn -0.440520 0.865908 0.236950
vn -0.520831 0.802910 0.289949
vn -0.183017 0.790837 0.584021
vn -0.440520 0.865908 0.236950
vn -0.183017 0.790837 0.584021
vn -0.154824 0.854971 0.495030
vn 0.361003 0.897366 -0.253793
vn 0.896048 0.428503 -0.116114
vn 0.876153 0.434391 -0.208949
vn 0.361003 0.897366 -0.253793
vn 0.876153 0.434391 -0.208949
vn 0.311372 0.850427 -0.424055
vn 0.999998 -0.001405 -0.001272
vn 1.000000 0.000131 0.000151
vn 0.876153 0.434391 -0.208949
vn 0.999998 -0.001405 -0.001272
vn 0.876153 0.434391 -0.208949
vn 0.896048 0.428503 -0.116114
vn 0.999999 0.000476 0.001014
vn 0.869109 0.415804 -0.267876
vn 0.876153 0.434391 -0.208949
vn 0.999999 0.000476 0.001014
vn 0.876153 0.434391 -0.208949
vn 1.000000 0.000131 0.000151
vn 0.294663 0.802453 -0.518887
vn 0.311372 0.850427 -0.424055
vn 0.876153 0.434391 -0.208949
vn 0.294663 0.802453 -0.518887
vn 0.876153 0.434391 -0.208949
vn 0.869109 0.415804 -0.267876
vn 0.346751 -0.927654 0.138643
vn 0.322531 -0.934945 0.147824
vn 0.880459 -0.467145 0.081043
vn 0.346751 -0.927654 0.138643
vn 0.880459 -0.467145 0.081043
vn 0.889956 -0.450254 0.072454
vn 0.319549 -0.938472 0.130990
vn 0.880212 -0.469836 0.066945
vn 0.880459 -0.467145 0.081043
vn 0.319549 -0.938472 0.130990
vn 0.880459 -0.467145 0.081043
vn 0.322531 -0.934945 0.147824
vn 0.999999 0.000476 0.001014
vn 1.000000 0.000131 0.000151
vn 0.880459 -0.467145 0.081043
vn 0.999999 0.000476 0.001014
vn 0.880459 -0.467145 0.081043
vn 0.880212 -0.469836 0.066945
vn 0.999998 -0.001405 -0.001272
vn 0.889956 -0.450254 0.072454
vn 0.880459 -0.467145 0.081043
vn 0.999998 -0.001405 -0.001272
vn 0.880459 -0.467145 0.081043
vn 1.000000 0.000131 0.000151
vn 0.454428 0.359212 -0.815145
vn 0.387595 0.609941 -0.691188
vn 0.926825 -0.047150 -0.372522
vn 0.454428 0.359212 -0.815145
vn 0.926825 -0.047150 -0.372522
vn 0.681931 -0.032711 -0.730685
vn 0.294663 0.802453 -0.518887
vn 0.869109 0.415804 -0.267876
vn 0.926825 -0.047150 -0.372522
vn 0.294663 0.802453 -0.518887
vn 0.926825 -0.047150 -0.372522
vn 0.387595 0.609941 -0.691188
vn 0.999999 0.000476 0.001014
vn 0.880212 -0.469836 0.066945
vn 0.926825 -0.047150 -0.372522
vn 0.999999 0.000476 0.001014
vn 0.926825 -0.047150 -0.372522
vn 0.869109 0.415804 -0.267876
vn 0.319549 -0.938472 0.130990
vn 0.279996 -0.959981 -0.006160
vn 0.926825 -0.047150 -0.372522
vn 0.319549 -0.938472 0.130990
vn 0.926825 -0.047150 -0.372522
vn 0.880212 -0.469836 0.066945
vn 0.419844 0.905088 -0.067428
vn 0.922413 0.385055 -0.029782
vn 0.920680 0.387200 -0.049241
vn 0.419844 0.905088 -0.067428
vn 0.920680 0.387200 -0.049241
vn 0.416521 0.902428 -0.110158
vn 0.999875 -0.015806 -0.000258
vn 0.999912 -0.013231 -0.000756
vn 0.920680 0.387200 -0.049241
vn 0.999875 -0.015806 -0.000258
vn 0.920680 0.387200 -0.049241
vn 0.922413 0.385055 -0.029782
vn 0.999959 -0.009004 -0.001378
vn 0.918710 0.391013 -0.055505
vn 0.920680 0.387200 -0.049241
vn 0.999959 -0.009004 -0.001378
vn 0.920680 0.387200 -0.049241
vn 0.999912 -0.013231 -0.000756
vn 0.413503 0.902171 -0.122897
vn 0.416521 0.902428 -0.110158
vn 0.920680 0.387200 -0.049241
vn 0.413503 0.902171 -0.122897
vn 0.920680 0.387200 -0.049241
vn 0.918710 0.391013 -0.055505
vn 0.327713 -0.942368 0.067430
vn 0.335443 -0.935596 0.110176
vn 0.882939 -0.466328 0.054380
vn 0.327713 -0.942368 0.067430
vn 0.882939 -0.466328 0.054380
vn 0.878999 -0.475635 0.033634
vn 0.346821 -0.929983 0.121852
vn 0.888781 -0.454543 0.058808
vn 0.882939 -0.466328 0.054380
vn 0.346821 -0.929983 0.121852
vn 0.882939 -0.466328 0.054380
vn 0.335443 -0.935596 0.110176
vn 0.999959 -0.009004 -0.001378
vn 0.999912 -0.013231 -0.000756
vn 0.882939 -0.466328 0.054380
vn 0.999959 -0.009004 -0.001378
vn 0.882939 -0.466328 0.054380
vn 0.888781 -0.454543 0.058808
vn 0.999875 -0.015806 -0.000258
vn 0.878999 -0.475635 0.033634
vn 0.882939 -0.466328 0.054380
vn 0.999875 -0.015806 -0.000258
vn 0.882939 -0.466328 0.054380
vn 0.999912 -0.013231 -0.000756
vn 0.346751 -0.927654 0.138643
vn 0.889956 -0.450254 0.072454
vn 0.893205 -0.445626 0.060022
vn 0.346751 -0.927654 0.138643
vn 0.893205 -0.445626 0.060022
vn 0.355595 -0.926374 0.124030
vn 0.999998 -0.001405 -0.001272
vn 0.999988 -0.004633 -0.001758
vn 0.893205 -0.445626 0.060022
vn 0.999998 -0.001405 -0.001272
vn 0.893205 -0.445626 0.060022
vn 0.889956 -0.450254 0.072454
vn 0.999959 -0.009004 -0.001378
vn 0.888781 -0.454543 0.058808
vn 0.893205 -0.445626 0.060022
vn 0.999959 -0.009004 -0.001378
vn 0.893205 -0.445626 0.060022
vn 0.999988 -0.004633 -0.001758
vn 0.346821 -0.929983 0.121852
vn 0.355595 -0.926374 0.124030
vn 0.893205 -0.445626 0.060022
vn 0.346821 -0.929983 0.121852
vn 0.893205 -0.445626 0.060022
vn 0.888781 -0.454543 0.058808
vn 0.361003 0.897366 -0.253793
vn 0.401850 0.903717 -0.147690
vn 0.912950 0.402612 -0.066530
vn 0.361003 0.897366 -0.253793
vn 0.912950 0.402612 -0.066530
vn 0.896048 0.428503 -0.116114
vn 0.413503 0.902171 -0.122897
vn 0.918710 0.391013 -0.055505
vn 0.912950 0.402612 -0.066530
vn 0.413503 0.902171 -0.122897
vn 0.912950 0.402612 -0.066530
vn 0.401850 0.903717 -0.147690
vn 0.999959 -0.009004 -0.001378
vn 0.999988 -0.004633 -0.001758
vn 0.912950 0.402612 -0.066530
vn 0.999959 -0.009004 -0.001378
vn 0.912950 0.402612 -0.066530
vn 0.918710 0.391013 -0.055505
vn 0.999998 -0.001405 -0.001272
vn 0.896048 0.428503 -0.116114
vn 0.912950 0.402612 -0.066530
vn 0.999998 -0.001405 -0.001272
vn 0.912950 0.402612 -0.066530
vn 0.999988 -0.004633 -0.001758
vn 0.327713 -0.942368 0.067430
vn 0.878999 -0.475635 0.033634
vn 0.877999 -0.478579 0.008958
vn 0.327713 -0.942368 0.067430
vn 0.877999 -0.478579 0.008958
vn 0.325498 -0.945364 0.018393
vn 0.999875 -0.015806 -0.000258
vn 0.999872 -0.015980 -0.000006
vn 0.877999 -0.478579 0.008958
vn 0.999875 -0.015806 -0.000258
vn 0.877999 -0.478579 0.008958
vn 0.878999 -0.475635 0.033634
vn 0.999894 -0.014572 0.000061
vn 0.878470 -0.477797 -0.000053
vn 0.877999 -0.478579 0.008958
vn 0.999894 -0.014572 0.000061
vn 0.877999 -0.478579 0.008958
vn 0.999872 -0.015980 -0.000006
vn 0.325699 -0.945474 0.000317
vn 0.325498 -0.945364 0.018393
vn 0.877999 -0.478579 0.008958
vn 0.325699 -0.945474 0.000317
vn 0.877999 -0.478579 0.008958
vn 0.878470 -0.477797 -0.000053
vn 0.419844 0.905088 -0.067428
vn 0.421771 0.906505 -0.018884
vn 0.923161 0.384329 -0.008094
vn 0.419844 0.905088 -0.067428
vn 0.923161 0.384329 -0.008094
vn 0.922413 0.385055 -0.029782
vn 0.422246 0.906481 -0.000449
vn 0.923060 0.384657 0.000101
vn 0.923161 0.384329 -0.008094
vn 0.422246 0.906481 -0.000449
vn 0.923161 0.384329 -0.008094
vn 0.421771 0.906505 -0.018884
vn 0.999894 -0.014572 0.000061
vn 0.999872 -0.015980 -0.000006
vn 0.923161 0.384329 -0.008094
vn 0.999894 -0.014572 0.000061
vn 0.923161 0.384329 -0.008094
vn 0.923060 0.384657 0.000101
vn 0.999875 -0.015806 -0.000258
vn 0.922413 0.385055 -0.029782
vn 0.923161 0.384329 -0.008094
vn 0.999875 -0.015806 -0.000258
vn 0.923161 0.384329 -0.008094
vn 0.999872 -0.015980 -0.000006
vn 0.424882 0.905248 0.000922
vn 0.923468 0.383676 0.000603
vn 0.922948 0.384926 0.000234
vn 0.424882 0.905248 0.000922
vn 0.922948 0.384926 0.000234
vn 0.422815 0.906216 -0.000062
vn 0.999931 -0.011753 -0.000081
vn 0.999917 -0.012899 0.000013
vn 0.922948 0.384926 0.000234
vn 0.999931 -0.011753 -0.000081
vn 0.922948 0.384926 0.000234
vn 0.923468 0.383676 0.000603
vn 0.999894 -0.014572 0.000061
vn 0.923060 0.384657 0.000101
vn 0.922948 0.384926 0.000234
vn 0.999894 -0.014572 0.000061
vn 0.922948 0.384926 0.000234
vn 0.999917 -0.012899 0.000013
vn 0.422246 0.906481 -0.000449
vn 0.422815 0.906216 -0.000062
vn 0.922948 0.384926 0.000234
vn 0.422246 0.906481 -0.000449
vn 0.922948 0.384926 0.000234
vn 0.923060 0.384657 0.000101
vn 0.635592 -0.765241 -0.102119
vn 0.353005 -0.934757 -0.040202
vn 0.888296 -0.459231 -0.006172
vn 0.635592 -0.765241 -0.102119
vn 0.888296 -0.459231 -0.006172
vn 0.957454 -0.286220 -0.036873
vn 0.325699 -0.945474 0.000317
vn 0.878470 -0.477797 -0.000053
vn 0.888296 -0.459231 -0.006172
vn 0.325699 -0.945474 0.000317
vn 0.888296 -0.459231 -0.006172
vn 0.353005 -0.934757 -0.040202
vn 0.999894 -0.014572 0.000061
vn 0.999917 -0.012899 0.000013
vn 0.888296 -0.459231 -0.006172
vn 0.999894 -0.014572 0.000061
vn 0.888296 -0.459231 -0.006172
vn 0.878470 -0.477797 -0.000053
vn 0.999931 -0.011753 -0.000081
vn 0.957454 -0.286220 -0.036873
vn 0.888296 -0.459231 -0.006172
vn 0.999931 -0.011753 -0.000081
vn 0.888296 -0.459231 -0.006172
vn 0.999917 -0.012899 0.000013
vn -0.004533 -0.912731 0.408535
vn -0.004533 -0.912731 0.408535
vn -0.398207 -0.455612 0.796146
vn -0.004533 -0.912731 0.408535
vn -0.398207 -0.455612 0.796146
vn -0.411162 -0.853539 0.320027
vn -0.618891 -0.758472 0.204190
vn -0.411162 -0.853539 0.320027
vn -0.398207 -0.455612 0.796146
vn -0.618891 -0.758472 0.204190
vn -0.398207 -0.455612 0.796146
vn -0.828706 -0.388753 0.402638
vn -0.001350 0.467893 0.883784
vn -0.269259 0.512652 0.815284
vn -0.323095 0.152196 0.934048
vn -0.001350 0.467893 0.883784
vn -0.323095 0.152196 0.934048
vn -0.003926 0.155500 0.987828
vn -0.007402 0.057750 0.998304
vn -0.003926 0.155500 0.987828
vn -0.323095 0.152196 0.934048
vn -0.007402 0.057750 0.998304
vn -0.323095 0.152196 0.934048
vn -0.338279 0.032623 0.940480
vn -0.871831 -0.004241 0.489789
vn -0.338279 0.032623 0.940480
vn -0.323095 0.152196 0.934048
vn -0.871831 -0.004241 0.489789
vn -0.323095 0.152196 0.934048
vn -0.859209 0.125654 0.495955
vn -0.743477 0.513992 0.427849
vn -0.859209 0.125654 0.495955
vn -0.323095 0.152196 0.934048
vn -0.743477 0.513992 0.427849
vn -0.323095 0.152196 0.934048
vn -0.269259 0.512652 0.815284
vn 0.332179 0.068413 0.940732
vn 0.377540 0.292047 0.878733
vn 0.095633 0.224820 0.969696
vn 0.332179 0.068413 0.940732
vn 0.095633 0.224820 0.969696
vn 0.062304 0.066459 0.995842
vn -0.007402 0.057750 0.998304
vn 0.062304 0.066459 0.995842
vn 0.095633 0.224820 0.969696
vn -0.007402 0.057750 0.998304
vn 0.095633 0.224820 0.969696
vn -0.003926 0.155500 0.987828
vn -0.001350 0.467893 0.883784
vn -0.003926 0.155500 0.987828
vn 0.095633 0.224820 0.969696
vn -0.001350 0.467893 0.883784
vn 0.095633 0.224820 0.969696
vn 0.149389 0.554413 0.818724
vn 0.509381 0.739062 0.440814
vn 0.149389 0.554413 0.818724
vn 0.095633 0.224820 0.969696
vn 0.509381 0.739062 0.440814
vn 0.095633 0.224820 0.969696
vn 0.377540 0.292047 0.878733
vn -0.004533 -0.912731 0.408535
vn -0.031214 -0.882162 0.469911
vn -0.031214 -0.882162 0.469911
vn -0.004533 -0.912731 0.408535
vn -0.031214 -0.882162 0.469911
vn -0.004533 -0.912731 0.408535
vn -0.007402 0.057750 0.998304
vn -0.009254 0.057752 0.998288
vn 0.060302 0.055870 0.996615
vn -0.007402 0.057750 0.998304
vn 0.060302 0.055870 0.996615
vn 0.062304 0.066459 0.995842
vn 0.332179 0.068413 0.940732
vn 0.062304 0.066459 0.995842
vn 0.060302 0.055870 0.996615
vn 0.332179 0.068413 0.940732
vn 0.060302 0.055870 0.996615
vn 0.222219 -0.401327 0.888569
vn -0.150009 -0.810829 0.565733
vn 0.222219 -0.401327 0.888569
vn -0.031214 -0.882162 0.469911
vn -0.150009 -0.810829 0.565733
vn -0.031214 -0.882162 0.469911
vn -0.031214 -0.882162 0.469911
vn -0.983026 -0.171662 0.064742
vn -0.957386 -0.236259 0.166115
vn -0.986827 -0.122962 0.105131
vn -0.983026 -0.171662 0.064742
vn -0.986827 -0.122962 0.105131
vn -0.995778 -0.085768 0.032718
vn -1.000000 0.000563 0.000416
vn -0.995778 -0.085768 0.032718
vn -0.986827 -0.122962 0.105131
vn -1.000000 0.000563 0.000416
vn -0.986827 -0.122962 0.105131
vn -0.999276 -0.002337 0.037973
vn -0.180359 -0.933077 -0.311189
vn -0.091065 -0.972591 -0.213949
vn -0.064623 -0.996883 -0.045247
vn -0.180359 -0.933077 -0.311189
vn -0.064623 -0.996883 -0.045247
vn -0.333769 -0.937088 -0.102294
vn 0.000000 -0.993636 -0.112640
vn 0.000000 -0.999939 0.011049
vn -0.064623 -0.996883 -0.045247
vn 0.000000 -0.993636 -0.112640
vn -0.064623 -0.996883 -0.045247
vn -0.091065 -0.972591 -0.213949
vn -0.000000 -0.990904 0.134569
vn -0.035733 -0.991247 0.127093
vn -0.064623 -0.996883 -0.045247
vn -0.000000 -0.990904 0.134569
vn -0.064623 -0.996883 -0.045247
vn 0.000000 -0.999939 0.011049
vn -0.394508 -0.918327 0.032219
vn -0.333769 -0.937088 -0.102294
vn -0.064623 -0.996883 -0.045247
vn -0.394508 -0.918327 0.032219
vn -0.064623 -0.996883 -0.045247
vn -0.035733 -0.991247 0.127093
vn 0.171058 -0.954636 -0.243738
vn 0.279996 -0.959981 -0.006160
vn 0.061424 -0.997837 -0.023414
vn 0.171058 -0.954636 -0.243738
vn 0.061424 -0.997837 -0.023414
vn 0.086067 -0.980029 -0.179264
vn 0.319549 -0.938472 0.130990
vn 0.034638 -0.990149 0.135669
vn 0.061424 -0.997837 -0.023414
vn 0.319549 -0.938472 0.130990
vn 0.061424 -0.997837 -0.023414
vn 0.279996 -0.959981 -0.006160
vn -0.000000 -0.990904 0.134569
vn 0.000000 -0.999939 0.011049
vn 0.061424 -0.997837 -0.023414
vn -0.000000 -0.990904 0.134569
vn 0.061424 -0.997837 -0.023414
vn 0.034638 -0.990149 0.135669
vn 0.000000 -0.993636 -0.112640
vn 0.086067 -0.980029 -0.179264
vn 0.061424 -0.997837 -0.023414
vn 0.000000 -0.993636 -0.112640
vn 0.061424 -0.997837 -0.023414
vn 0.000000 -0.999939 0.011049
vn 0.346751 -0.927654 0.138643
vn 0.041818 -0.990179 0.133402
vn 0.037109 -0.989692 0.138322
vn 0.346751 -0.927654 0.138643
vn 0.037109 -0.989692 0.138322
vn 0.322531 -0.934945 0.147824
vn -0.000000 -0.991593 0.129400
vn -0.000000 -0.991145 0.132783
vn 0.037109 -0.989692 0.138322
vn -0.000000 -0.991593 0.129400
vn 0.037109 -0.989692 0.138322
vn 0.041818 -0.990179 0.133402
vn -0.000000 -0.990904 0.134569
vn 0.034638 -0.990149 0.135669
vn 0.037109 -0.989692 0.138322
vn -0.000000 -0.990904 0.134569
vn 0.037109 -0.989692 0.138322
vn -0.000000 -0.991145 0.132783
vn 0.319549 -0.938472 0.130990
vn 0.322531 -0.934945 0.147824
vn 0.037109 -0.989692 0.138322
vn 0.319549 -0.938472 0.130990
vn 0.037109 -0.989692 0.138322
vn 0.034638 -0.990149 0.135669
vn -0.458299 -0.887234 0.052710
vn -0.403355 -0.913139 0.058999
vn -0.038362 -0.990796 0.129815
vn -0.458299 -0.887234 0.052710
vn -0.038362 -0.990796 0.129815
vn -0.043716 -0.991208 0.124886
vn -0.394508 -0.918327 0.032219
vn -0.035733 -0.991247 0.127093
vn -0.038362 -0.990796 0.129815
vn -0.394508 -0.918327 0.032219
vn -0.038362 -0.990796 0.129815
vn -0.403355 -0.913139 0.058999
vn -0.000000 -0.990904 0.134569
vn -0.000000 -0.991145 0.132783
vn -0.038362 -0.990796 0.129815
vn -0.000000 -0.990904 0.134569
vn -0.038362 -0.990796 0.129815
vn -0.035733 -0.991247 0.127093
vn -0.000000 -0.991593 0.129400
vn -0.043716 -0.991208 0.124886
vn -0.038362 -0.990796 0.129815
vn -0.000000 -0.991593 0.129400
vn -0.038362 -0.990796 0.129815
vn -0.000000 -0.991145 0.132783
vn -0.458299 -0.887234 0.052710
vn -0.043716 -0.991208 0.124886
vn -0.045018 -0.991693 0.120494
vn -0.458299 -0.887234 0.052710
vn -0.045018 -0.991693 0.120494
vn -0.516927 -0.855453 0.031389
vn -0.000000 -0.991593 0.129400
vn -0.000000 -0.991854 0.127377
vn -0.045018 -0.991693 0.120494
vn -0.000000 -0.991593 0.129400
vn -0.045018 -0.991693 0.120494
vn -0.043716 -0.991208 0.124886
vn -0.000000 -0.991909 0.126952
vn -0.043547 -0.991815 0.120026
vn -0.045018 -0.991693 0.120494
vn -0.000000 -0.991909 0.126952
vn -0.045018 -0.991693 0.120494
vn -0.000000 -0.991854 0.127377
vn -0.565163 -0.824804 0.017027
vn -0.516927 -0.855453 0.031389
vn -0.045018 -0.991693 0.120494
vn -0.565163 -0.824804 0.017027
vn -0.045018 -0.991693 0.120494
vn -0.043547 -0.991815 0.120026
vn 0.346751 -0.927654 0.138643
vn 0.355595 -0.926374 0.124030
vn 0.042337 -0.990785 0.128660
vn 0.346751 -0.927654 0.138643
vn 0.042337 -0.990785 0.128660
vn 0.041818 -0.990179 0.133402
vn 0.346821 -0.929983 0.121852
vn 0.040501 -0.990951 0.127966
vn 0.042337 -0.990785 0.128660
vn 0.346821 -0.929983 0.121852
vn 0.042337 -0.990785 0.128660
vn 0.355595 -0.926374 0.124030
vn -0.000000 -0.991909 0.126952
vn -0.000000 -0.991854 0.127377
vn 0.042337 -0.990785 0.128660
vn -0.000000 -0.991909 0.126952
vn 0.042337 -0.990785 0.128660
vn 0.040501 -0.990951 0.127966
vn -0.000000 -0.991593 0.129400
vn 0.041818 -0.990179 0.133402
vn 0.042337 -0.990785 0.128660
vn -0.000000 -0.991593 0.129400
vn 0.042337 -0.990785 0.128660
vn -0.000000 -0.991854 0.127377
vn 0.327713 -0.942368 0.067430
vn 0.037675 -0.996839 0.069947
vn 0.038845 -0.992633 0.114766
vn 0.327713 -0.942368 0.067430
vn 0.038845 -0.992633 0.114766
vn 0.335443 -0.935596 0.110176
vn -0.000073 -0.997602 0.069205
vn -0.000013 -0.993514 0.113712
vn 0.038845 -0.992633 0.114766
vn -0.000073 -0.997602 0.069205
vn 0.038845 -0.992633 0.114766
vn 0.037675 -0.996839 0.069947
vn -0.000000 -0.991909 0.126952
vn 0.040501 -0.990951 0.127966
vn 0.038845 -0.992633 0.114766
vn -0.000000 -0.991909 0.126952
vn 0.038845 -0.992633 0.114766
vn -0.000013 -0.993514 0.113712
vn 0.346821 -0.929983 0.121852
vn 0.335443 -0.935596 0.110176
vn 0.038845 -0.992633 0.114766
vn 0.346821 -0.929983 0.121852
vn 0.038845 -0.992633 0.114766
vn 0.040501 -0.990951 0.127966
vn -0.083443 -0.994524 0.062928
vn -0.084529 -0.991169 0.102172
vn -0.042305 -0.993245 0.108047
vn -0.083443 -0.994524 0.062928
vn -0.042305 -0.993245 0.108047
vn -0.041786 -0.996934 0.066151
vn -0.565163 -0.824804 0.017027
vn -0.043547 -0.991815 0.120026
vn -0.042305 -0.993245 0.108047
vn -0.565163 -0.824804 0.017027
vn -0.042305 -0.993245 0.108047
vn -0.084529 -0.991169 0.102172
vn -0.000000 -0.991909 0.126952
vn -0.000013 -0.993514 0.113712
vn -0.042305 -0.993245 0.108047
vn -0.000000 -0.991909 0.126952
vn -0.042305 -0.993245 0.108047
vn -0.043547 -0.991815 0.120026
vn -0.000073 -0.997602 0.069205
vn -0.041786 -0.996934 0.066151
vn -0.042305 -0.993245 0.108047
vn -0.000073 -0.997602 0.069205
vn -0.042305 -0.993245 0.108047
vn -0.000013 -0.993514 0.113712
vn -0.818155 -0.284575 0.499639
vn -0.999276 -0.002337 0.037973
vn -0.986827 -0.122962 0.105131
vn -0.818155 -0.284575 0.499639
vn -0.986827 -0.122962 0.105131
vn -0.972854 -0.156343 0.170620
vn -0.922829 -0.291446 0.251884
vn -0.972854 -0.156343 0.170620
vn -0.986827 -0.122962 0.105131
vn -0.922829 -0.291446 0.251884
vn -0.986827 -0.122962 0.105131
vn -0.957386 -0.236259 0.166115
vn -0.951214 -0.308183 -0.014670
vn -0.901232 -0.433284 0.006769
vn -0.964956 -0.261888 0.016577
vn -0.951214 -0.308183 -0.014670
vn -0.964956 -0.261888 0.016577
vn -0.987793 -0.155607 -0.007240
vn -1.000000 0.000563 0.000416
vn -0.987793 -0.155607 -0.007240
vn -0.964956 -0.261888 0.016577
vn -1.000000 0.000563 0.000416
vn -0.964956 -0.261888 0.016577
vn -0.995778 -0.085768 0.032718
vn -0.983026 -0.171662 0.064742
vn -0.995778 -0.085768 0.032718
vn -0.964956 -0.261888 0.016577
vn -0.983026 -0.171662 0.064742
vn -0.964956 -0.261888 0.016577
vn -0.933144 -0.356731 0.044565
vn -0.844441 -0.534416 0.036323
vn -0.933144 -0.356731 0.044565
vn -0.964956 -0.261888 0.016577
vn -0.844441 -0.534416 0.036323
vn -0.964956 -0.261888 0.016577
vn -0.901232 -0.433284 0.006769
vn -0.845109 -0.244989 -0.475154
vn -0.742270 -0.467706 -0.479882
vn -0.981759 -0.177628 -0.067800
vn -0.845109 -0.244989 -0.475154
vn -0.981759 -0.177628 -0.067800
vn -0.998565 -0.016568 -0.050921
vn -1.000000 0.000563 0.000416
vn -0.998565 -0.016568 -0.050921
vn -0.981759 -0.177628 -0.067800
vn -1.000000 0.000563 0.000416
vn -0.981759 -0.177628 -0.067800
vn -0.987793 -0.155607 -0.007240
vn -0.951214 -0.308183 -0.014670
vn -0.987793 -0.155607 -0.007240
vn -0.981759 -0.177628 -0.067800
vn -0.951214 -0.308183 -0.014670
vn -0.981759 -0.177628 -0.067800
vn -0.939008 -0.334687 -0.079053
vn -0.405463 -0.837762 -0.365724
vn -0.939008 -0.334687 -0.079053
vn -0.981759 -0.177628 -0.067800
vn -0.405463 -0.837762 -0.365724
vn -0.981759 -0.177628 -0.067800
vn -0.742270 -0.467706 -0.479882
vn -0.652271 -0.757912 0.010581
vn -0.703715 -0.709395 -0.039303
vn -0.918835 -0.391879 -0.046615
vn -0.652271 -0.757912 0.010581
vn -0.918835 -0.391879 -0.046615
vn -0.909012 -0.416727 0.006057
vn -1.000000 0.000563 0.000416
vn -0.909012 -0.416727 0.006057
vn -0.918835 -0.391879 -0.046615
vn -1.000000 0.000563 0.000416
vn -0.918835 -0.391879 -0.046615
vn -0.998565 -0.016568 -0.050921
vn -0.845109 -0.244989 -0.475154
vn -0.998565 -0.016568 -0.050921
vn -0.918835 -0.391879 -0.046615
vn -0.845109 -0.244989 -0.475154
vn -0.918835 -0.391879 -0.046615
vn -0.739926 -0.469609 -0.481640
vn -0.427198 -0.477273 -0.767927
vn -0.739926 -0.469609 -0.481640
vn -0.918835 -0.391879 -0.046615
vn -0.427198 -0.477273 -0.767927
vn -0.918835 -0.391879 -0.046615
vn -0.703715 -0.709395 -0.039303
vn -0.818155 -0.284575 0.499639
vn -0.661432 -0.569645 0.487865
vn -0.896893 -0.439492 0.049294
vn -0.818155 -0.284575 0.499639
vn -0.896893 -0.439492 0.049294
vn -0.999276 -0.002337 0.037973
vn -1.000000 0.000563 0.000416
vn -0.999276 -0.002337 0.037973
vn -0.896893 -0.439492 0.049294
vn -1.000000 0.000563 0.000416
vn -0.896893 -0.439492 0.049294
vn -0.909012 -0.416727 0.006057
vn -0.405463 -0.837762 -0.365724
vn 0.203290 -0.896023 -0.394736
vn 0.254497 -0.963727 -0.080384
vn -0.405463 -0.837762 -0.365724
vn 0.254497 -0.963727 -0.080384
vn 0.049494 -0.994751 -0.089555
vn 0.451922 -0.821729 -0.347171
vn 0.447494 -0.891926 -0.064937
vn 0.254497 -0.963727 -0.080384
vn 0.451922 -0.821729 -0.347171
vn 0.254497 -0.963727 -0.080384
vn 0.203290 -0.896023 -0.394736
vn 0.443477 -0.896286 0.000434
vn 0.270184 -0.962799 -0.004447
vn 0.254497 -0.963727 -0.080384
vn 0.443477 -0.896286 0.000434
vn 0.254497 -0.963727 -0.080384
vn 0.447494 -0.891926 -0.064937
vn 0.087475 -0.996123 -0.009292
vn 0.049494 -0.994751 -0.089555
vn 0.254497 -0.963727 -0.080384
vn 0.087475 -0.996123 -0.009292
vn 0.254497 -0.963727 -0.080384
vn 0.270184 -0.962799 -0.004447
vn 0.238712 -0.912738 -0.331551
vn 0.236654 -0.969966 -0.056212
vn 0.397224 -0.915793 -0.059468
vn 0.238712 -0.912738 -0.331551
vn 0.397224 -0.915793 -0.059468
vn 0.399717 -0.853791 -0.333566
vn 0.236318 -0.971676 0.000498
vn 0.395953 -0.918271 0.000328
vn 0.397224 -0.915793 -0.059468
vn 0.236318 -0.971676 0.000498
vn 0.397224 -0.915793 -0.059468
vn 0.236654 -0.969966 -0.056212
vn 0.443477 -0.896286 0.000434
vn 0.447494 -0.891926 -0.064937
vn 0.397224 -0.915793 -0.059468
vn 0.443477 -0.896286 0.000434
vn 0.397224 -0.915793 -0.059468
vn 0.395953 -0.918271 0.000328
vn 0.451922 -0.821729 -0.347171
vn 0.399717 -0.853791 -0.333566
vn 0.397224 -0.915793 -0.059468
vn 0.451922 -0.821729 -0.347171
vn 0.397224 -0.915793 -0.059468
vn 0.447494 -0.891926 -0.064937
vn 0.337517 -0.873682 0.350375
vn 0.422866 -0.888362 0.178880
vn 0.401366 -0.915410 0.030500
vn 0.337517 -0.873682 0.350375
vn 0.401366 -0.915410 0.030500
vn 0.248738 -0.967354 0.048533
vn 0.432340 -0.890612 0.141040
vn 0.437533 -0.899068 0.015565
vn 0.401366 -0.915410 0.030500
vn 0.432340 -0.890612 0.141040
vn 0.401366 -0.915410 0.030500
vn 0.422866 -0.888362 0.178880
vn 0.443477 -0.896286 0.000434
vn 0.395953 -0.918271 0.000328
vn 0.401366 -0.915410 0.030500
vn 0.443477 -0.896286 0.000434
vn 0.401366 -0.915410 0.030500
vn 0.437533 -0.899068 0.015565
vn 0.236318 -0.971676 0.000498
vn 0.248738 -0.967354 0.048533
vn 0.401366 -0.915410 0.030500
vn 0.236318 -0.971676 0.000498
vn 0.401366 -0.915410 0.030500
vn 0.395953 -0.918271 0.000328
vn 0.118089 -0.982820 0.141847
vn 0.152272 -0.988338 0.001460
vn 0.299925 -0.953933 0.007592
vn 0.118089 -0.982820 0.141847
vn 0.299925 -0.953933 0.007592
vn 0.278996 -0.949794 0.141609
vn 0.087475 -0.996123 -0.009292
vn 0.270184 -0.962799 -0.004447
vn 0.299925 -0.953933 0.007592
vn 0.087475 -0.996123 -0.009292
vn 0.299925 -0.953933 0.007592
vn 0.152272 -0.988338 0.001460
vn 0.443477 -0.896286 0.000434
vn 0.437533 -0.899068 0.015565
vn 0.299925 -0.953933 0.007592
vn 0.443477 -0.896286 0.000434
vn 0.299925 -0.953933 0.007592
vn 0.270184 -0.962799 -0.004447
vn 0.432340 -0.890612 0.141040
vn 0.278996 -0.949794 0.141609
vn 0.299925 -0.953933 0.007592
vn 0.432340 -0.890612 0.141040
vn 0.299925 -0.953933 0.007592
vn 0.437533 -0.899068 0.015565
vn 0.329419 0.909563 -0.253336
vn 0.348044 0.915022 -0.203959
vn 0.267928 0.831533 -0.486588
vn 0.329419 0.909563 -0.253336
vn 0.267928 0.831533 -0.486588
vn 0.208004 0.821339 -0.531166
vn 0.363129 0.920161 -0.146428
vn 0.325401 0.844032 -0.426290
vn 0.267928 0.831533 -0.486588
vn 0.363129 0.920161 -0.146428
vn 0.267928 0.831533 -0.486588
vn 0.348044 0.915022 -0.203959
vn 0.289065 0.753499 -0.590492
vn 0.212633 0.754806 -0.620528
vn 0.267928 0.831533 -0.486588
vn 0.289065 0.753499 -0.590492
vn 0.267928 0.831533 -0.486588
vn 0.325401 0.844032 -0.426290
vn 0.134404 0.760375 -0.635426
vn 0.208004 0.821339 -0.531166
vn 0.267928 0.831533 -0.486588
vn 0.134404 0.760375 -0.635426
vn 0.267928 0.831533 -0.486588
vn 0.212633 0.754806 -0.620528
vn 0.098197 0.925999 -0.364530
vn 0.109805 0.842160 -0.527930
vn 0.269182 0.866475 -0.420432
vn 0.098197 0.925999 -0.364530
vn 0.269182 0.866475 -0.420432
vn 0.272418 0.949628 -0.154905
vn 0.155715 0.828292 -0.538224
vn 0.258209 0.783180 -0.565647
vn 0.269182 0.866475 -0.420432
vn 0.155715 0.828292 -0.538224
vn 0.269182 0.866475 -0.420432
vn 0.109805 0.842160 -0.527930
vn 0.289065 0.753499 -0.590492
vn 0.325401 0.844032 -0.426290
vn 0.269182 0.866475 -0.420432
vn 0.289065 0.753499 -0.590492
vn 0.269182 0.866475 -0.420432
vn 0.258209 0.783180 -0.565647
vn 0.363129 0.920161 -0.146428
vn 0.272418 0.949628 -0.154905
vn 0.269182 0.866475 -0.420432
vn 0.363129 0.920161 -0.146428
vn 0.269182 0.866475 -0.420432
vn 0.325401 0.844032 -0.426290
vn 0.192253 -0.065378 -0.979165
vn 0.322669 -0.018221 -0.946337
vn 0.281593 0.586525 -0.759404
vn 0.192253 -0.065378 -0.979165
vn 0.281593 0.586525 -0.759404
vn 0.171481 0.602412 -0.779547
vn 0.369896 0.020101 -0.928856
vn 0.316741 0.579592 -0.750832
vn 0.281593 0.586525 -0.759404
vn 0.369896 0.020101 -0.928856
vn 0.281593 0.586525 -0.759404
vn 0.322669 -0.018221 -0.946337
vn 0.289065 0.753499 -0.590492
vn 0.258209 0.783180 -0.565647
vn 0.281593 0.586525 -0.759404
vn 0.289065 0.753499 -0.590492
vn 0.281593 0.586525 -0.759404
vn 0.316741 0.579592 -0.750832
vn 0.155715 0.828292 -0.538224
vn 0.171481 0.602412 -0.779547
vn 0.281593 0.586525 -0.759404
vn 0.155715 0.828292 -0.538224
vn 0.281593 0.586525 -0.759404
vn 0.258209 0.783180 -0.565647
vn -0.427198 -0.477273 -0.767927
vn 0.068719 0.442937 -0.893915
vn 0.199596 0.519495 -0.830835
vn -0.427198 -0.477273 -0.767927
vn 0.199596 0.519495 -0.830835
vn 0.108641 -0.118380 -0.987007
vn 0.134404 0.760375 -0.635426
vn 0.212633 0.754806 -0.620528
vn 0.199596 0.519495 -0.830835
vn 0.134404 0.760375 -0.635426
vn 0.199596 0.519495 -0.830835
vn 0.068719 0.442937 -0.893915
vn 0.289065 0.753499 -0.590492
vn 0.316741 0.579592 -0.750832
vn 0.199596 0.519495 -0.830835
vn 0.289065 0.753499 -0.590492
vn 0.199596 0.519495 -0.830835
vn 0.212633 0.754806 -0.620528
vn 0.369896 0.020101 -0.928856
vn 0.108641 -0.118380 -0.987007
vn 0.199596 0.519495 -0.830835
vn 0.369896 0.020101 -0.928856
vn 0.199596 0.519495 -0.830835
vn 0.316741 0.579592 -0.750832
vn -0.652271 -0.757912 0.010581
vn -0.909012 -0.416727 0.006057
vn -0.896893 -0.439492 0.049294
vn -0.652271 -0.757912 0.010581
vn -0.896893 -0.439492 0.049294
vn -0.608510 -0.791633 0.055069
vn -0.150009 -0.810829 0.565733
vn -0.608510 -0.791633 0.055069
vn -0.896893 -0.439492 0.049294
vn -0.150009 -0.810829 0.565733
vn -0.896893 -0.439492 0.049294
vn -0.661432 -0.569645 0.487865
vn 0.362063 0.857893 0.364595
vn 0.312357 0.870895 0.379441
vn 0.540015 0.807377 0.237752
vn 0.362063 0.857893 0.364595
vn 0.540015 0.807377 0.237752
vn 0.607618 0.731054 0.310419
vn 0.674400 0.679754 0.288304
vn 0.607618 0.731054 0.310419
vn 0.540015 0.807377 0.237752
vn 0.674400 0.679754 0.288304
vn 0.540015 0.807377 0.237752
vn 0.588644 0.785742 0.190021
vn 0.447857 0.892751 0.049195
vn 0.588644 0.785742 0.190021
vn 0.540015 0.807377 0.237752
vn 0.447857 0.892751 0.049195
vn 0.540015 0.807377 0.237752
vn 0.392242 0.915647 0.087952
vn -0.072020 0.907655 0.413492
vn 0.392242 0.915647 0.087952
vn 0.540015 0.807377 0.237752
vn -0.072020 0.907655 0.413492
vn 0.540015 0.807377 0.237752
vn 0.312357 0.870895 0.379441
vn 0.748948 0.338626 0.569569
vn 0.739055 0.251588 0.624901
vn 0.680042 0.592559 0.431761
vn 0.748948 0.338626 0.569569
vn 0.680042 0.592559 0.431761
vn 0.710095 0.595575 0.375574
vn 0.674400 0.679754 0.288304
vn 0.710095 0.595575 0.375574
vn 0.680042 0.592559 0.431761
vn 0.674400 0.679754 0.288304
vn 0.680042 0.592559 0.431761
vn 0.607618 0.731054 0.310419
vn 0.362063 0.857893 0.364595
vn 0.607618 0.731054 0.310419
vn 0.680042 0.592559 0.431761
vn 0.362063 0.857893 0.364595
vn 0.680042 0.592559 0.431761
vn 0.444674 0.700005 0.558801
vn 0.568810 -0.072798 0.819241
vn 0.444674 0.700005 0.558801
vn 0.680042 0.592559 0.431761
vn 0.568810 -0.072798 0.819241
vn 0.680042 0.592559 0.431761
vn 0.739055 0.251588 0.624901
vn 0.447857 0.892751 0.049195
vn 0.456767 0.886001 0.079791
vn 0.611949 0.747501 0.258381
vn 0.447857 0.892751 0.049195
vn 0.611949 0.747501 0.258381
vn 0.588644 0.785742 0.190021
vn 0.674400 0.679754 0.288304
vn 0.588644 0.785742 0.190021
vn 0.611949 0.747501 0.258381
vn 0.674400 0.679754 0.288304
vn 0.611949 0.747501 0.258381
vn 0.710095 0.595575 0.375574
vn 0.748948 0.338626 0.569569
vn 0.710095 0.595575 0.375574
vn 0.611949 0.747501 0.258381
vn 0.748948 0.338626 0.569569
vn 0.611949 0.747501 0.258381
vn 0.664727 0.529492 0.527044
vn 0.509381 0.739062 0.440814
vn 0.664727 0.529492 0.527044
vn 0.611949 0.747501 0.258381
vn 0.509381 0.739062 0.440814
vn 0.611949 0.747501 0.258381
vn 0.456767 0.886001 0.079791
vn 0.615917 -0.458064 0.640955
vn 0.598968 -0.438012 0.670360
vn 0.631425 -0.444375 0.635478
vn 0.615917 -0.458064 0.640955
vn 0.631425 -0.444375 0.635478
vn 0.619919 -0.481626 0.619465
vn 0.620992 -0.488574 0.612915
vn 0.619919 -0.481626 0.619465
vn 0.631425 -0.444375 0.635478
vn 0.620992 -0.488574 0.612915
vn 0.631425 -0.444375 0.635478
vn 0.639272 -0.439707 0.630863
vn 0.568810 -0.072798 0.819241
vn 0.739055 0.251588 0.624901
vn 0.720862 0.027602 0.692529
vn 0.568810 -0.072798 0.819241
vn 0.720862 0.027602 0.692529
vn 0.689233 -0.231450 0.686578
vn 0.748948 0.338626 0.569569
vn 0.723626 0.107648 0.681746
vn 0.720862 0.027602 0.692529
vn 0.748948 0.338626 0.569569
vn 0.720862 0.027602 0.692529
vn 0.739055 0.251588 0.624901
vn 0.710868 0.052920 0.701331
vn 0.711660 -0.025254 0.702070
vn 0.720862 0.027602 0.692529
vn 0.710868 0.052920 0.701331
vn 0.720862 0.027602 0.692529
vn 0.723626 0.107648 0.681746
vn 0.689423 -0.249124 0.680171
vn 0.689233 -0.231450 0.686578
vn 0.720862 0.027602 0.692529
vn 0.689423 -0.249124 0.680171
vn 0.720862 0.027602 0.692529
vn 0.711660 -0.025254 0.702070
vn 0.509381 0.739062 0.440814
vn 0.377540 0.292047 0.878733
vn 0.640881 0.199364 0.741300
vn 0.509381 0.739062 0.440814
vn 0.640881 0.199364 0.741300
vn 0.664727 0.529492 0.527044
vn 0.332179 0.068413 0.940732
vn 0.619391 0.058837 0.782875
vn 0.640881 0.199364 0.741300
vn 0.332179 0.068413 0.940732
vn 0.640881 0.199364 0.741300
vn 0.377540 0.292047 0.878733
vn 0.710868 0.052920 0.701331
vn 0.723626 0.107648 0.681746
vn 0.640881 0.199364 0.741300
vn 0.710868 0.052920 0.701331
vn 0.640881 0.199364 0.741300
vn 0.619391 0.058837 0.782875
vn 0.748948 0.338626 0.569569
vn 0.664727 0.529492 0.527044
vn 0.640881 0.199364 0.741300
vn 0.748948 0.338626 0.569569
vn 0.640881 0.199364 0.741300
vn 0.723626 0.107648 0.681746
vn -0.150009 -0.810829 0.565733
vn 0.396004 -0.500908 0.769592
vn 0.568123 -0.177818 0.803503
vn -0.150009 -0.810829 0.565733
vn 0.568123 -0.177818 0.803503
vn 0.222219 -0.401327 0.888569
vn 0.689423 -0.249124 0.680171
vn 0.711660 -0.025254 0.702070
vn 0.568123 -0.177818 0.803503
vn 0.689423 -0.249124 0.680171
vn 0.568123 -0.177818 0.803503
vn 0.396004 -0.500908 0.769592
vn 0.710868 0.052920 0.701331
vn 0.619391 0.058837 0.782875
vn 0.568123 -0.177818 0.803503
vn 0.710868 0.052920 0.701331
vn 0.568123 -0.177818 0.803503
vn 0.711660 -0.025254 0.702070
vn 0.332179 0.068413 0.940732
vn 0.222219 -0.401327 0.888569
vn 0.568123 -0.177818 0.803503
vn 0.332179 0.068413 0.940732
vn 0.568123 -0.177818 0.803503
vn 0.619391 0.058837 0.782875
vn -0.427198 -0.477273 -0.767927
vn 0.108641 -0.118380 -0.987007
vn -0.039711 -0.479468 -0.876660
vn -0.427198 -0.477273 -0.767927
vn -0.039711 -0.479468 -0.876660
vn -0.739926 -0.469609 -0.481640
vn 0.369896 0.020101 -0.928856
vn 0.362796 -0.414091 -0.834810
vn -0.039711 -0.479468 -0.876660
vn 0.369896 0.020101 -0.928856
vn -0.039711 -0.479468 -0.876660
vn 0.108641 -0.118380 -0.987007
vn 0.371679 -0.490513 -0.788195
vn -0.083522 -0.497914 -0.863195
vn -0.039711 -0.479468 -0.876660
vn 0.371679 -0.490513 -0.788195
vn -0.039711 -0.479468 -0.876660
vn 0.362796 -0.414091 -0.834810
vn -0.845109 -0.244989 -0.475154
vn -0.739926 -0.469609 -0.481640
vn -0.039711 -0.479468 -0.876660
vn -0.845109 -0.244989 -0.475154
vn -0.039711 -0.479468 -0.876660
vn -0.083522 -0.497914 -0.863195
vn 0.192253 -0.065378 -0.979165
vn 0.189121 -0.488343 -0.851912
vn 0.319013 -0.446152 -0.836169
vn 0.192253 -0.065378 -0.979165
vn 0.319013 -0.446152 -0.836169
vn 0.322669 -0.018221 -0.946337
vn 0.199622 -0.545639 -0.813897
vn 0.332594 -0.512684 -0.791541
vn 0.319013 -0.446152 -0.836169
vn 0.199622 -0.545639 -0.813897
vn 0.319013 -0.446152 -0.836169
vn 0.189121 -0.488343 -0.851912
vn 0.371679 -0.490513 -0.788195
vn 0.362796 -0.414091 -0.834810
vn 0.319013 -0.446152 -0.836169
vn 0.371679 -0.490513 -0.788195
vn 0.319013 -0.446152 -0.836169
vn 0.332594 -0.512684 -0.791541
vn 0.369896 0.020101 -0.928856
vn 0.322669 -0.018221 -0.946337
vn 0.319013 -0.446152 -0.836169
vn 0.369896 0.020101 -0.928856
vn 0.319013 -0.446152 -0.836169
vn 0.362796 -0.414091 -0.834810
vn 0.238712 -0.912738 -0.331551
vn 0.399717 -0.853791 -0.333566
vn 0.367174 -0.643716 -0.671426
vn 0.238712 -0.912738 -0.331551
vn 0.367174 -0.643716 -0.671426
vn 0.220972 -0.692673 -0.686568
vn 0.451922 -0.821729 -0.347171
vn 0.410893 -0.612015 -0.675725
vn 0.367174 -0.643716 -0.671426
vn 0.451922 -0.821729 -0.347171
vn 0.367174 -0.643716 -0.671426
vn 0.399717 -0.853791 -0.333566
vn 0.371679 -0.490513 -0.788195
vn 0.332594 -0.512684 -0.791541
vn 0.367174 -0.643716 -0.671426
vn 0.371679 -0.490513 -0.788195
vn 0.367174 -0.643716 -0.671426
vn 0.410893 -0.612015 -0.675725
vn 0.199622 -0.545639 -0.813897
vn 0.220972 -0.692673 -0.686568
vn 0.367174 -0.643716 -0.671426
vn 0.199622 -0.545639 -0.813897
vn 0.367174 -0.643716 -0.671426
vn 0.332594 -0.512684 -0.791541
vn -0.405463 -0.837762 -0.365724
vn -0.742270 -0.467706 -0.479882
vn 0.048358 -0.656640 -0.752652
vn -0.405463 -0.837762 -0.365724
vn 0.048358 -0.656640 -0.752652
vn 0.203290 -0.896023 -0.394736
vn -0.845109 -0.244989 -0.475154
vn -0.083522 -0.497914 -0.863195
vn 0.048358 -0.656640 -0.752652
vn -0.845109 -0.244989 -0.475154
vn 0.048358 -0.656640 -0.752652
vn -0.742270 -0.467706 -0.479882
vn 0.371679 -0.490513 -0.788195
vn 0.410893 -0.612015 -0.675725
vn 0.048358 -0.656640 -0.752652
vn 0.371679 -0.490513 -0.788195
vn 0.048358 -0.656640 -0.752652
vn -0.083522 -0.497914 -0.863195
vn 0.451922 -0.821729 -0.347171
vn 0.203290 -0.896023 -0.394736
vn 0.048358 -0.656640 -0.752652
vn 0.451922 -0.821729 -0.347171
vn 0.048358 -0.656640 -0.752652
vn 0.410893 -0.612015 -0.675725
vn 0.689423 -0.249124 0.680171
vn 0.639272 -0.439707 0.630863
vn 0.631425 -0.444375 0.635478
vn 0.689423 -0.249124 0.680171
vn 0.631425 -0.444375 0.635478
vn 0.689233 -0.231450 0.686578
vn 0.568810 -0.072798 0.819241
vn 0.689233 -0.231450 0.686578
vn 0.631425 -0.444375 0.635478
vn 0.568810 -0.072798 0.819241
vn 0.631425 -0.444375 0.635478
vn 0.598968 -0.438012 0.670360
vn -0.818155 -0.284575 0.499639
vn -0.009919 -0.560576 0.828044
vn 0.329305 -0.551909 0.766130
vn -0.818155 -0.284575 0.499639
vn 0.329305 -0.551909 0.766130
vn 0.134640 -0.566899 0.812710
vn 0.620992 -0.488574 0.612915
vn 0.134640 -0.566899 0.812710
vn 0.329305 -0.551909 0.766130
vn 0.620992 -0.488574 0.612915
vn 0.329305 -0.551909 0.766130
vn 0.619919 -0.481626 0.619465
vn 0.615917 -0.458064 0.640955
vn 0.619919 -0.481626 0.619465
vn 0.329305 -0.551909 0.766130
vn 0.615917 -0.458064 0.640955
vn 0.329305 -0.551909 0.766130
vn 0.513460 -0.506631 0.692592
vn 0.312275 -0.660031 0.683259
vn 0.513460 -0.506631 0.692592
vn 0.329305 -0.551909 0.766130
vn 0.312275 -0.660031 0.683259
vn 0.329305 -0.551909 0.766130
vn -0.009919 -0.560576 0.828044
vn 0.689423 -0.249124 0.680171
vn 0.396004 -0.500908 0.769592
vn 0.189793 -0.576415 0.794811
vn 0.689423 -0.249124 0.680171
vn 0.189793 -0.576415 0.794811
vn 0.639272 -0.439707 0.630863
vn 0.620992 -0.488574 0.612915
vn 0.639272 -0.439707 0.630863
vn 0.189793 -0.576415 0.794811
vn 0.620992 -0.488574 0.612915
vn 0.189793 -0.576415 0.794811
vn 0.134640 -0.566899 0.812710
vn -0.818155 -0.284575 0.499639
vn 0.134640 -0.566899 0.812710
vn 0.189793 -0.576415 0.794811
vn -0.818155 -0.284575 0.499639
vn 0.189793 -0.576415 0.794811
vn -0.661432 -0.569645 0.487865
vn -0.150009 -0.810829 0.565733
vn -0.661432 -0.569645 0.487865
vn 0.189793 -0.576415 0.794811
vn -0.150009 -0.810829 0.565733
vn 0.189793 -0.576415 0.794811
vn 0.396004 -0.500908 0.769592
vn 0.312732 -0.505014 0.804462
vn 0.345212 -0.477759 0.807821
vn 0.558471 -0.440813 0.702705
vn 0.312732 -0.505014 0.804462
vn 0.558471 -0.440813 0.702705
vn 0.541569 -0.449048 0.710675
vn 0.609271 -0.424411 0.669824
vn 0.541569 -0.449048 0.710675
vn 0.558471 -0.440813 0.702705
vn 0.609271 -0.424411 0.669824
vn 0.558471 -0.440813 0.702705
vn 0.611039 -0.432864 0.662768
vn 0.615917 -0.458064 0.640955
vn 0.611039 -0.432864 0.662768
vn 0.558471 -0.440813 0.702705
vn 0.615917 -0.458064 0.640955
vn 0.558471 -0.440813 0.702705
vn 0.598968 -0.438012 0.670360
vn 0.568810 -0.072798 0.819241
vn 0.598968 -0.438012 0.670360
vn 0.558471 -0.440813 0.702705
vn 0.568810 -0.072798 0.819241
vn 0.558471 -0.440813 0.702705
vn 0.345212 -0.477759 0.807821
vn 0.513130 -0.647107 0.563871
vn 0.493710 -0.704958 0.509200
vn 0.540202 -0.526066 0.656839
vn 0.513130 -0.647107 0.563871
vn 0.540202 -0.526066 0.656839
vn 0.588797 -0.484110 0.647268
vn 0.609271 -0.424411 0.669824
vn 0.588797 -0.484110 0.647268
vn 0.540202 -0.526066 0.656839
vn 0.609271 -0.424411 0.669824
vn 0.540202 -0.526066 0.656839
vn 0.541569 -0.449048 0.710675
vn 0.312732 -0.505014 0.804462
vn 0.541569 -0.449048 0.710675
vn 0.540202 -0.526066 0.656839
vn 0.312732 -0.505014 0.804462
vn 0.540202 -0.526066 0.656839
vn 0.331768 -0.623592 0.707859
vn 0.337517 -0.873682 0.350375
vn 0.331768 -0.623592 0.707859
vn 0.540202 -0.526066 0.656839
vn 0.337517 -0.873682 0.350375
vn 0.540202 -0.526066 0.656839
vn 0.493710 -0.704958 0.509200
vn 0.615917 -0.458064 0.640955
vn 0.513460 -0.506631 0.692592
vn 0.583898 -0.486438 0.649955
vn 0.615917 -0.458064 0.640955
vn 0.583898 -0.486438 0.649955
vn 0.611039 -0.432864 0.662768
vn 0.609271 -0.424411 0.669824
vn 0.611039 -0.432864 0.662768
vn 0.583898 -0.486438 0.649955
vn 0.609271 -0.424411 0.669824
vn 0.583898 -0.486438 0.649955
vn 0.588797 -0.484110 0.647268
vn 0.513130 -0.647107 0.563871
vn 0.588797 -0.484110 0.647268
vn 0.583898 -0.486438 0.649955
vn 0.513130 -0.647107 0.563871
vn 0.583898 -0.486438 0.649955
vn 0.429777 -0.681172 0.592702
vn 0.312275 -0.660031 0.683259
vn 0.429777 -0.681172 0.592702
vn 0.583898 -0.486438 0.649955
vn 0.312275 -0.660031 0.683259
vn 0.583898 -0.486438 0.649955
vn 0.513460 -0.506631 0.692592
vn -0.000073 -0.997602 0.069205
vn 0.037675 -0.996839 0.069947
vn 0.037194 -0.999119 0.019444
vn -0.000073 -0.997602 0.069205
vn 0.037194 -0.999119 0.019444
vn -0.000202 -0.999812 0.019389
vn -0.000378 -1.000000 0.000881
vn -0.000202 -0.999812 0.019389
vn 0.037194 -0.999119 0.019444
vn -0.000378 -1.000000 0.000881
vn 0.037194 -0.999119 0.019444
vn 0.037013 -0.999315 0.000645
vn 0.325699 -0.945474 0.000317
vn 0.037013 -0.999315 0.000645
vn 0.037194 -0.999119 0.019444
vn 0.325699 -0.945474 0.000317
vn 0.037194 -0.999119 0.019444
vn 0.325498 -0.945364 0.018393
vn 0.327713 -0.942368 0.067430
vn 0.325498 -0.945364 0.018393
vn 0.037194 -0.999119 0.019444
vn 0.327713 -0.942368 0.067430
vn 0.037194 -0.999119 0.019444
vn 0.037675 -0.996839 0.069947
vn -0.083106 -0.996540 0.001160
vn -0.083087 -0.996383 0.017815
vn -0.041676 -0.998957 0.018667
vn -0.083106 -0.996540 0.001160
vn -0.041676 -0.998957 0.018667
vn -0.041778 -0.999126 0.001078
vn -0.000378 -1.000000 0.000881
vn -0.041778 -0.999126 0.001078
vn -0.041676 -0.998957 0.018667
vn -0.000378 -1.000000 0.000881
vn -0.041676 -0.998957 0.018667
vn -0.000202 -0.999812 0.019389
vn -0.000073 -0.997602 0.069205
vn -0.000202 -0.999812 0.019389
vn -0.041676 -0.998957 0.018667
vn -0.000073 -0.997602 0.069205
vn -0.041676 -0.998957 0.018667
vn -0.041786 -0.996934 0.066151
vn -0.083443 -0.994524 0.062928
vn -0.041786 -0.996934 0.066151
vn -0.041676 -0.998957 0.018667
vn -0.083443 -0.994524 0.062928
vn -0.041676 -0.998957 0.018667
vn -0.083087 -0.996383 0.017815
vn -0.000465 -0.982535 -0.186077
vn -0.109554 -0.974625 -0.195203
vn -0.076038 -0.992342 -0.097341
vn -0.000465 -0.982535 -0.186077
vn -0.076038 -0.992342 -0.097341
vn -0.000471 -0.995665 -0.093009
vn -0.000378 -1.000000 0.000881
vn -0.000471 -0.995665 -0.093009
vn -0.076038 -0.992342 -0.097341
vn -0.000378 -1.000000 0.000881
vn -0.076038 -0.992342 -0.097341
vn -0.041778 -0.999126 0.001078
vn -0.083106 -0.996540 0.001160
vn -0.041778 -0.999126 0.001078
vn -0.076038 -0.992342 -0.097341
vn -0.083106 -0.996540 0.001160
vn -0.076038 -0.992342 -0.097341
vn -0.151436 -0.983279 -0.101144
vn -0.217373 -0.954979 -0.201901
vn -0.151436 -0.983279 -0.101144
vn -0.076038 -0.992342 -0.097341
vn -0.217373 -0.954979 -0.201901
vn -0.076038 -0.992342 -0.097341
vn -0.109554 -0.974625 -0.195203
vn 0.325699 -0.945474 0.000317
vn 0.353005 -0.934757 -0.040202
vn 0.045771 -0.995749 -0.079933
vn 0.325699 -0.945474 0.000317
vn 0.045771 -0.995749 -0.079933
vn 0.037013 -0.999315 0.000645
vn -0.000378 -1.000000 0.000881
vn 0.037013 -0.999315 0.000645
vn 0.045771 -0.995749 -0.079933
vn -0.000378 -1.000000 0.000881
vn 0.045771 -0.995749 -0.079933
vn -0.000471 -0.995665 -0.093009
vn -0.000465 -0.982535 -0.186077
vn -0.000471 -0.995665 -0.093009
vn 0.045771 -0.995749 -0.079933
vn -0.000465 -0.982535 -0.186077
vn 0.045771 -0.995749 -0.079933
vn 0.054328 -0.985609 -0.160076
vn 0.635592 -0.765241 -0.102119
vn 0.054328 -0.985609 -0.160076
vn 0.045771 -0.995749 -0.079933
vn 0.635592 -0.765241 -0.102119
vn 0.045771 -0.995749 -0.079933
vn 0.353005 -0.934757 -0.040202
vn 0.513130 -0.647107 0.563871
vn 0.429777 -0.681172 0.592702
vn 0.192094 -0.845534 0.498168
vn 0.513130 -0.647107 0.563871
vn 0.192094 -0.845534 0.498168
vn 0.425610 -0.774845 0.467409
vn 0.398367 -0.806232 0.437372
vn 0.425610 -0.774845 0.467409
vn 0.192094 -0.845534 0.498168
vn 0.398367 -0.806232 0.437372
vn 0.192094 -0.845534 0.498168
vn 0.077982 -0.879859 0.468793
vn -0.251059 -0.857500 0.449069
vn 0.077982 -0.879859 0.468793
vn 0.192094 -0.845534 0.498168
vn -0.251059 -0.857500 0.449069
vn 0.192094 -0.845534 0.498168
vn -0.054612 -0.866243 0.496630
vn 0.312275 -0.660031 0.683259
vn -0.054612 -0.866243 0.496630
vn 0.192094 -0.845534 0.498168
vn 0.312275 -0.660031 0.683259
vn 0.192094 -0.845534 0.498168
vn 0.429777 -0.681172 0.592702
vn 0.432340 -0.890612 0.141040
vn 0.422866 -0.888362 0.178880
vn 0.432182 -0.817170 0.381381
vn 0.432340 -0.890612 0.141040
vn 0.432182 -0.817170 0.381381
vn 0.415129 -0.841714 0.345233
vn 0.398367 -0.806232 0.437372
vn 0.415129 -0.841714 0.345233
vn 0.432182 -0.817170 0.381381
vn 0.398367 -0.806232 0.437372
vn 0.432182 -0.817170 0.381381
vn 0.425610 -0.774845 0.467409
vn 0.513130 -0.647107 0.563871
vn 0.425610 -0.774845 0.467409
vn 0.432182 -0.817170 0.381381
vn 0.513130 -0.647107 0.563871
vn 0.432182 -0.817170 0.381381
vn 0.493710 -0.704958 0.509200
vn 0.337517 -0.873682 0.350375
vn 0.493710 -0.704958 0.509200
vn 0.432182 -0.817170 0.381381
vn 0.337517 -0.873682 0.350375
vn 0.432182 -0.817170 0.381381
vn 0.422866 -0.888362 0.178880
vn -0.251059 -0.857500 0.449069
vn -0.119441 -0.922575 0.366863
vn 0.153664 -0.916693 0.368864
vn -0.251059 -0.857500 0.449069
vn 0.153664 -0.916693 0.368864
vn 0.077982 -0.879859 0.468793
vn 0.398367 -0.806232 0.437372
vn 0.077982 -0.879859 0.468793
vn 0.153664 -0.916693 0.368864
vn 0.398367 -0.806232 0.437372
vn 0.153664 -0.916693 0.368864
vn 0.415129 -0.841714 0.345233
vn 0.432340 -0.890612 0.141040
vn 0.415129 -0.841714 0.345233
vn 0.153664 -0.916693 0.368864
vn 0.432340 -0.890612 0.141040
vn 0.153664 -0.916693 0.368864
vn 0.278996 -0.949794 0.141609
vn 0.118089 -0.982820 0.141847
vn 0.278996 -0.949794 0.141609
vn 0.153664 -0.916693 0.368864
vn 0.118089 -0.982820 0.141847
vn 0.153664 -0.916693 0.368864
vn -0.119441 -0.922575 0.366863
vn -0.920145 0.293306 -0.259432
vn -0.953837 -0.189177 -0.233252
vn -0.943231 -0.324749 -0.069668
vn -0.920145 0.293306 -0.259432
vn -0.943231 -0.324749 -0.069668
vn -0.994790 0.074683 -0.069388
vn -0.999990 0.004155 -0.001495
vn -0.994790 0.074683 -0.069388
vn -0.943231 -0.324749 -0.069668
vn -0.999990 0.004155 -0.001495
vn -0.943231 -0.324749 -0.069668
vn -0.935325 -0.353787 -0.001208
vn -0.552394 -0.833583 -0.000708
vn -0.935325 -0.353787 -0.001208
vn -0.943231 -0.324749 -0.069668
vn -0.552394 -0.833583 -0.000708
vn -0.943231 -0.324749 -0.069668
vn -0.600293 -0.798147 -0.051082
vn -0.703892 -0.697525 -0.134150
vn -0.600293 -0.798147 -0.051082
vn -0.943231 -0.324749 -0.069668
vn -0.703892 -0.697525 -0.134150
vn -0.943231 -0.324749 -0.069668
vn -0.953837 -0.189177 -0.233252
vn -0.901017 0.433780 -0.001616
vn -0.927472 0.372145 -0.036110
vn -0.991908 0.110490 -0.062530
vn -0.901017 0.433780 -0.001616
vn -0.991908 0.110490 -0.062530
vn -0.994502 0.104706 -0.001745
vn -0.999990 0.004155 -0.001495
vn -0.994502 0.104706 -0.001745
vn -0.991908 0.110490 -0.062530
vn -0.999990 0.004155 -0.001495
vn -0.991908 0.110490 -0.062530
vn -0.994790 0.074683 -0.069388
vn -0.920145 0.293306 -0.259432
vn -0.994790 0.074683 -0.069388
vn -0.991908 0.110490 -0.062530
vn -0.920145 0.293306 -0.259432
vn -0.991908 0.110490 -0.062530
vn -0.938871 0.189530 -0.287400
vn -0.960602 0.214138 -0.177168
vn -0.938871 0.189530 -0.287400
vn -0.991908 0.110490 -0.062530
vn -0.960602 0.214138 -0.177168
vn -0.991908 0.110490 -0.062530
vn -0.927472 0.372145 -0.036110
vn -0.871831 -0.004241 0.489789
vn -0.859209 0.125654 0.495955
vn -0.992524 0.100263 0.069594
vn -0.871831 -0.004241 0.489789
vn -0.992524 0.100263 0.069594
vn -0.997722 -0.006794 0.067111
vn -0.999990 0.004155 -0.001495
vn -0.997722 -0.006794 0.067111
vn -0.992524 0.100263 0.069594
vn -0.999990 0.004155 -0.001495
vn -0.992524 0.100263 0.069594
vn -0.994502 0.104706 -0.001745
vn -0.901017 0.433780 -0.001616
vn -0.994502 0.104706 -0.001745
vn -0.992524 0.100263 0.069594
vn -0.901017 0.433780 -0.001616
vn -0.992524 0.100263 0.069594
vn -0.893977 0.443517 0.064016
vn -0.743477 0.513992 0.427849
vn -0.893977 0.443517 0.064016
vn -0.992524 0.100263 0.069594
vn -0.743477 0.513992 0.427849
vn -0.992524 0.100263 0.069594
vn -0.859209 0.125654 0.495955
vn -0.552394 -0.833583 -0.000708
vn -0.572309 -0.818779 0.045424
vn -0.921330 -0.383418 0.064351
vn -0.552394 -0.833583 -0.000708
vn -0.921330 -0.383418 0.064351
vn -0.935325 -0.353787 -0.001208
vn -0.999990 0.004155 -0.001495
vn -0.935325 -0.353787 -0.001208
vn -0.921330 -0.383418 0.064351
vn -0.999990 0.004155 -0.001495
vn -0.921330 -0.383418 0.064351
vn -0.997722 -0.006794 0.067111
vn -0.871831 -0.004241 0.489789
vn -0.997722 -0.006794 0.067111
vn -0.921330 -0.383418 0.064351
vn -0.871831 -0.004241 0.489789
vn -0.921330 -0.383418 0.064351
vn -0.828706 -0.388753 0.402638
vn -0.618891 -0.758472 0.204190
vn -0.828706 -0.388753 0.402638
vn -0.921330 -0.383418 0.064351
vn -0.618891 -0.758472 0.204190
vn -0.921330 -0.383418 0.064351
vn -0.572309 -0.818779 0.045424
vn 0.802830 0.443879 0.398040
vn 0.694367 0.608748 0.383770
vn 0.937085 0.343830 0.060441
vn 0.802830 0.443879 0.398040
vn 0.937085 0.343830 0.060441
vn 0.996202 0.052402 0.069534
vn 0.999933 -0.011554 -0.000127
vn 0.996202 0.052402 0.069534
vn 0.937085 0.343830 0.060441
vn 0.999933 -0.011554 -0.000127
vn 0.937085 0.343830 0.060441
vn 0.959528 0.281612 -0.000138
vn 0.678523 0.734579 -0.000216
vn 0.959528 0.281612 -0.000138
vn 0.937085 0.343830 0.060441
vn 0.678523 0.734579 -0.000216
vn 0.937085 0.343830 0.060441
vn 0.643690 0.764561 0.033310
vn 0.509381 0.739062 0.440814
vn 0.643690 0.764561 0.033310
vn 0.937085 0.343830 0.060441
vn 0.509381 0.739062 0.440814
vn 0.937085 0.343830 0.060441
vn 0.694367 0.608748 0.383770
vn 0.427902 0.903825 0.000657
vn 0.400486 0.915585 0.036281
vn 0.897292 0.437069 0.061947
vn 0.427902 0.903825 0.000657
vn 0.897292 0.437069 0.061947
vn 0.924426 0.381360 0.000138
vn 0.999933 -0.011554 -0.000127
vn 0.924426 0.381360 0.000138
vn 0.897292 0.437069 0.061947
vn 0.999933 -0.011554 -0.000127
vn 0.897292 0.437069 0.061947
vn 0.996202 0.052402 0.069534
vn 0.802830 0.443879 0.398040
vn 0.996202 0.052402 0.069534
vn 0.897292 0.437069 0.061947
vn 0.802830 0.443879 0.398040
vn 0.897292 0.437069 0.061947
vn 0.639416 0.711940 0.290325
vn 0.320059 0.939043 0.125544
vn 0.639416 0.711940 0.290325
vn 0.897292 0.437069 0.061947
vn 0.320059 0.939043 0.125544
vn 0.897292 0.437069 0.061947
vn 0.400486 0.915585 0.036281
vn 0.999931 -0.011753 -0.000081
vn 0.923468 0.383676 0.000603
vn 0.924227 0.381843 0.000496
vn 0.999931 -0.011753 -0.000081
vn 0.924227 0.381843 0.000496
vn 0.999935 -0.011400 -0.000138
vn 0.999933 -0.011554 -0.000127
vn 0.999935 -0.011400 -0.000138
vn 0.924227 0.381843 0.000496
vn 0.999933 -0.011554 -0.000127
vn 0.924227 0.381843 0.000496
vn 0.924426 0.381360 0.000138
vn 0.427902 0.903825 0.000657
vn 0.924426 0.381360 0.000138
vn 0.924227 0.381843 0.000496
vn 0.427902 0.903825 0.000657
vn 0.924227 0.381843 0.000496
vn 0.427344 0.904089 0.001146
vn 0.424882 0.905248 0.000922
vn 0.427344 0.904089 0.001146
vn 0.924227 0.381843 0.000496
vn 0.424882 0.905248 0.000922
vn 0.924227 0.381843 0.000496
vn 0.923468 0.383676 0.000603
vn 0.678523 0.734579 -0.000216
vn 0.784080 0.617960 -0.057820
vn 0.997099 0.069744 -0.030479
vn 0.678523 0.734579 -0.000216
vn 0.997099 0.069744 -0.030479
vn 0.959528 0.281612 -0.000138
vn 0.999933 -0.011554 -0.000127
vn 0.959528 0.281612 -0.000138
vn 0.997099 0.069744 -0.030479
vn 0.999933 -0.011554 -0.000127
vn 0.997099 0.069744 -0.030479
vn 0.999935 -0.011400 -0.000138
vn 0.999931 -0.011753 -0.000081
vn 0.999935 -0.011400 -0.000138
vn 0.997099 0.069744 -0.030479
vn 0.999931 -0.011753 -0.000081
vn 0.997099 0.069744 -0.030479
vn 0.957454 -0.286220 -0.036873
vn 0.635592 -0.765241 -0.102119
vn 0.957454 -0.286220 -0.036873
vn 0.997099 0.069744 -0.030479
vn 0.635592 -0.765241 -0.102119
vn 0.997099 0.069744 -0.030479
vn 0.784080 0.617960 -0.057820
vn -0.857425 0.015525 0.514374
vn -0.826887 0.333709 0.452655
vn -0.969366 0.233101 0.077420
vn -0.857425 0.015525 0.514374
vn -0.969366 0.233101 0.077420
vn -0.997120 0.006741 0.075542
vn -0.999999 0.000313 0.001051
vn -0.997120 0.006741 0.075542
vn -0.969366 0.233101 0.077420
vn -0.999999 0.000313 0.001051
vn -0.969366 0.233101 0.077420
vn -0.977931 0.208927 0.000999
vn -0.641747 0.766916 0.000738
vn -0.977931 0.208927 0.000999
vn -0.969366 0.233101 0.077420
vn -0.641747 0.766916 0.000738
vn -0.969366 0.233101 0.077420
vn -0.631688 0.771496 0.075919
vn -0.589054 0.756053 0.285308
vn -0.631688 0.771496 0.075919
vn -0.969366 0.233101 0.077420
vn -0.589054 0.756053 0.285308
vn -0.969366 0.233101 0.077420
vn -0.826887 0.333709 0.452655
vn -0.875164 0.483824 0.001324
vn -0.860032 0.503563 0.082279
vn -0.960933 0.264144 0.082675
vn -0.875164 0.483824 0.001324
vn -0.960933 0.264144 0.082675
vn -0.968247 0.249991 0.001242
vn -0.999999 0.000313 0.001051
vn -0.968247 0.249991 0.001242
vn -0.960933 0.264144 0.082675
vn -0.999999 0.000313 0.001051
vn -0.960933 0.264144 0.082675
vn -0.997120 0.006741 0.075542
vn -0.857425 0.015525 0.514374
vn -0.997120 0.006741 0.075542
vn -0.960933 0.264144 0.082675
vn -0.857425 0.015525 0.514374
vn -0.960933 0.264144 0.082675
vn -0.782025 0.328570 0.529603
vn -0.857425 0.015525 0.514374
vn -0.782025 0.328570 0.529603
vn -0.771945 0.019387 0.635394
vn -0.072020 0.907655 0.413492
vn -0.497124 0.609733 0.617328
vn -0.782025 0.328570 0.529603
vn -0.072020 0.907655 0.413492
vn -0.782025 0.328570 0.529603
vn -0.960933 0.264144 0.082675
vn -0.072020 0.907655 0.413492
vn -0.960933 0.264144 0.082675
vn -0.860032 0.503563 0.082279
vn -0.828459 -0.302065 -0.471607
vn -0.827293 -0.137694 -0.544634
vn -0.977898 0.193101 -0.080175
vn -0.828459 -0.302065 -0.471607
vn -0.977898 0.193101 -0.080175
vn -0.996389 -0.042609 -0.073437
vn -0.999999 0.000313 0.001051
vn -0.996389 -0.042609 -0.073437
vn -0.977898 0.193101 -0.080175
vn -0.999999 0.000313 0.001051
vn -0.977898 0.193101 -0.080175
vn -0.968247 0.249991 0.001242
vn -0.875164 0.483824 0.001324
vn -0.968247 0.249991 0.001242
vn -0.977898 0.193101 -0.080175
vn -0.875164 0.483824 0.001324
vn -0.977898 0.193101 -0.080175
vn -0.904266 0.419310 -0.080509
vn -0.922837 0.349316 -0.162325
vn -0.904266 0.419310 -0.080509
vn -0.977898 0.193101 -0.080175
vn -0.922837 0.349316 -0.162325
vn -0.977898 0.193101 -0.080175
vn -0.827293 -0.137694 -0.544634
vn -0.641747 0.766916 0.000738
vn -0.653765 0.752465 -0.079927
vn -0.979183 0.187657 -0.077364
vn -0.641747 0.766916 0.000738
vn -0.979183 0.187657 -0.077364
vn -0.977931 0.208927 0.000999
vn -0.999999 0.000313 0.001051
vn -0.977931 0.208927 0.000999
vn -0.979183 0.187657 -0.077364
vn -0.999999 0.000313 0.001051
vn -0.979183 0.187657 -0.077364
vn -0.996389 -0.042609 -0.073437
vn -0.828459 -0.302065 -0.471607
vn -0.996389 -0.042609 -0.073437
vn -0.979183 0.187657 -0.077364
vn -0.828459 -0.302065 -0.471607
vn -0.979183 0.187657 -0.077364
vn -0.875021 0.079717 -0.477475
vn -0.676605 0.649072 -0.347722
vn -0.875021 0.079717 -0.477475
vn -0.979183 0.187657 -0.077364
vn -0.676605 0.649072 -0.347722
vn -0.979183 0.187657 -0.077364
vn -0.653765 0.752465 -0.079927
vn 0.363129 0.920161 -0.146428
vn 0.348044 0.915022 -0.203959
vn 0.409115 0.911941 -0.031438
vn 0.363129 0.920161 -0.146428
vn 0.409115 0.911941 -0.031438
vn 0.388268 0.921293 -0.021601
vn 0.396197 0.918165 -0.000220
vn 0.388268 0.921293 -0.021601
vn 0.409115 0.911941 -0.031438
vn 0.396197 0.918165 -0.000220
vn 0.409115 0.911941 -0.031438
vn 0.439708 0.898141 -0.000263
vn 0.678523 0.734579 -0.000216
vn 0.439708 0.898141 -0.000263
vn 0.409115 0.911941 -0.031438
vn 0.678523 0.734579 -0.000216
vn 0.409115 0.911941 -0.031438
vn 0.784080 0.617960 -0.057820
vn 0.329419 0.909563 -0.253336
vn 0.784080 0.617960 -0.057820
vn 0.409115 0.911941 -0.031438
vn 0.329419 0.909563 -0.253336
vn 0.409115 0.911941 -0.031438
vn 0.348044 0.915022 -0.203959
vn 0.180365 0.983600 0.000227
vn 0.177313 0.983867 -0.023776
vn 0.284176 0.958516 -0.022162
vn 0.180365 0.983600 0.000227
vn 0.284176 0.958516 -0.022162
vn 0.290142 0.956984 0.000022
vn 0.396197 0.918165 -0.000220
vn 0.290142 0.956984 0.000022
vn 0.284176 0.958516 -0.022162
vn 0.396197 0.918165 -0.000220
vn 0.284176 0.958516 -0.022162
vn 0.388268 0.921293 -0.021601
vn 0.363129 0.920161 -0.146428
vn 0.388268 0.921293 -0.021601
vn 0.284176 0.958516 -0.022162
vn 0.363129 0.920161 -0.146428
vn 0.284176 0.958516 -0.022162
vn 0.272418 0.949628 -0.154905
vn 0.098197 0.925999 -0.364530
vn 0.272418 0.949628 -0.154905
vn 0.284176 0.958516 -0.022162
vn 0.098197 0.925999 -0.364530
vn 0.284176 0.958516 -0.022162
vn 0.177313 0.983867 -0.023776
vn 0.447857 0.892751 0.049195
vn 0.392242 0.915647 0.087952
vn 0.307496 0.951461 0.012967
vn 0.447857 0.892751 0.049195
vn 0.307496 0.951461 0.012967
vn 0.402146 0.915557 0.005841
vn 0.396197 0.918165 -0.000220
vn 0.402146 0.915557 0.005841
vn 0.307496 0.951461 0.012967
vn 0.396197 0.918165 -0.000220
vn 0.307496 0.951461 0.012967
vn 0.290142 0.956984 0.000022
vn 0.180365 0.983600 0.000227
vn 0.290142 0.956984 0.000022
vn 0.307496 0.951461 0.012967
vn 0.180365 0.983600 0.000227
vn 0.307496 0.951461 0.012967
vn 0.208552 0.977813 0.019684
vn -0.072020 0.907655 0.413492
vn 0.208552 0.977813 0.019684
vn 0.307496 0.951461 0.012967
vn -0.072020 0.907655 0.413492
vn 0.307496 0.951461 0.012967
vn 0.392242 0.915647 0.087952
vn 0.678523 0.734579 -0.000216
vn 0.643690 0.764561 0.033310
vn 0.429984 0.902744 0.012932
vn 0.678523 0.734579 -0.000216
vn 0.429984 0.902744 0.012932
vn 0.439708 0.898141 -0.000263
vn 0.396197 0.918165 -0.000220
vn 0.439708 0.898141 -0.000263
vn 0.429984 0.902744 0.012932
vn 0.396197 0.918165 -0.000220
vn 0.429984 0.902744 0.012932
vn 0.402146 0.915557 0.005841
vn 0.447857 0.892751 0.049195
vn 0.402146 0.915557 0.005841
vn 0.429984 0.902744 0.012932
vn 0.447857 0.892751 0.049195
vn 0.429984 0.902744 0.012932
vn 0.456767 0.886001 0.079791
vn 0.509381 0.739062 0.440814
vn 0.456767 0.886001 0.079791
vn 0.429984 0.902744 0.012932
vn 0.509381 0.739062 0.440814
vn 0.429984 0.902744 0.012932
vn 0.643690 0.764561 0.033310
vn 0.155715 0.828292 -0.538224
vn 0.109805 0.842160 -0.527930
vn 0.001782 0.690922 -0.722927
vn 0.155715 0.828292 -0.538224
vn 0.001782 0.690922 -0.722927
vn 0.041559 0.855509 -0.516117
vn 0.000000 0.860583 -0.509310
vn 0.041559 0.855509 -0.516117
vn 0.001782 0.690922 -0.722927
vn 0.000000 0.860583 -0.509310
vn 0.001782 0.690922 -0.722927
vn 0.000000 0.571418 -0.820659
vn 0.000000 -0.153915 -0.988084
vn 0.000000 0.571418 -0.820659
vn 0.001782 0.690922 -0.722927
vn 0.000000 -0.153915 -0.988084
vn 0.001782 0.690922 -0.722927
vn -0.151123 0.043103 -0.987575
vn 0.098197 0.925999 -0.364530
vn -0.151123 0.043103 -0.987575
vn 0.001782 0.690922 -0.722927
vn 0.098197 0.925999 -0.364530
vn 0.001782 0.690922 -0.722927
vn 0.109805 0.842160 -0.527930
vn 0.000000 -0.097618 -0.995224
vn 0.052696 -0.092338 -0.994332
vn 0.047204 0.611244 -0.790034
vn 0.000000 -0.097618 -0.995224
vn 0.047204 0.611244 -0.790034
vn 0.000000 0.611580 -0.791183
vn 0.000000 0.860583 -0.509310
vn 0.000000 0.611580 -0.791183
vn 0.047204 0.611244 -0.790034
vn 0.000000 0.860583 -0.509310
vn 0.047204 0.611244 -0.790034
vn 0.041559 0.855509 -0.516117
vn 0.155715 0.828292 -0.538224
vn 0.041559 0.855509 -0.516117
vn 0.047204 0.611244 -0.790034
vn 0.155715 0.828292 -0.538224
vn 0.047204 0.611244 -0.790034
vn 0.171481 0.602412 -0.779547
vn 0.192253 -0.065378 -0.979165
vn 0.171481 0.602412 -0.779547
vn 0.047204 0.611244 -0.790034
vn 0.192253 -0.065378 -0.979165
vn 0.047204 0.611244 -0.790034
vn 0.052696 -0.092338 -0.994332
vn -0.828459 -0.302065 -0.471607
vn -0.875021 0.079717 -0.477475
vn -0.347994 -0.070421 -0.934848
vn -0.828459 -0.302065 -0.471607
vn -0.347994 -0.070421 -0.934848
vn -0.273028 -0.531839 -0.801625
vn 0.000000 -0.557824 -0.829960
vn -0.273028 -0.531839 -0.801625
vn -0.347994 -0.070421 -0.934848
vn 0.000000 -0.557824 -0.829960
vn -0.347994 -0.070421 -0.934848
vn 0.000000 -0.109506 -0.993986
vn 0.000000 0.363767 -0.931490
vn 0.000000 -0.109506 -0.993986
vn -0.347994 -0.070421 -0.934848
vn 0.000000 0.363767 -0.931490
vn -0.347994 -0.070421 -0.934848
vn -0.275219 0.797676 -0.536626
vn -0.676605 0.649072 -0.347722
vn -0.275219 0.797676 -0.536626
vn -0.347994 -0.070421 -0.934848
vn -0.676605 0.649072 -0.347722
vn -0.347994 -0.070421 -0.934848
vn -0.875021 0.079717 -0.477475
vn 0.000000 -0.153915 -0.988084
vn -0.151123 0.043103 -0.987575
vn -0.248721 -0.458721 -0.853061
vn 0.000000 -0.153915 -0.988084
vn -0.248721 -0.458721 -0.853061
vn 0.000000 -0.514510 -0.857485
vn 0.000000 -0.557824 -0.829960
vn 0.000000 -0.514510 -0.857485
vn -0.248721 -0.458721 -0.853061
vn 0.000000 -0.557824 -0.829960
vn -0.248721 -0.458721 -0.853061
vn -0.273028 -0.531839 -0.801625
vn -0.828459 -0.302065 -0.471607
vn -0.273028 -0.531839 -0.801625
vn -0.248721 -0.458721 -0.853061
vn -0.828459 -0.302065 -0.471607
vn -0.248721 -0.458721 -0.853061
vn -0.827293 -0.137694 -0.544634
vn -0.442438 -0.270632 -0.854989
vn -0.827293 -0.137694 -0.544634
vn -0.248721 -0.458721 -0.853061
vn -0.442438 -0.270632 -0.854989
vn -0.248721 -0.458721 -0.853061
vn -0.151123 0.043103 -0.987575
vn 0.312732 -0.505014 0.804462
vn 0.331768 -0.623592 0.707859
vn 0.083271 -0.684990 0.723778
vn 0.312732 -0.505014 0.804462
vn 0.083271 -0.684990 0.723778
vn 0.073273 -0.528510 0.845759
vn 0.000000 -0.529555 0.848276
vn 0.073273 -0.528510 0.845759
vn 0.083271 -0.684990 0.723778
vn 0.000000 -0.529555 0.848276
vn 0.083271 -0.684990 0.723778
vn 0.000000 -0.700518 0.713635
vn 0.000000 -0.941079 0.338187
vn 0.000000 -0.700518 0.713635
vn 0.083271 -0.684990 0.723778
vn 0.000000 -0.941079 0.338187
vn 0.083271 -0.684990 0.723778
vn 0.079736 -0.933648 0.349205
vn 0.337517 -0.873682 0.350375
vn 0.079736 -0.933648 0.349205
vn 0.083271 -0.684990 0.723778
vn 0.337517 -0.873682 0.350375
vn 0.083271 -0.684990 0.723778
vn 0.331768 -0.623592 0.707859
vn 0.000000 0.078448 0.996918
vn 0.132798 0.069577 0.988698
vn 0.088446 -0.477083 0.874397
vn 0.000000 0.078448 0.996918
vn 0.088446 -0.477083 0.874397
vn 0.000000 -0.455478 0.890247
vn 0.000000 -0.529555 0.848276
vn 0.000000 -0.455478 0.890247
vn 0.088446 -0.477083 0.874397
vn 0.000000 -0.529555 0.848276
vn 0.088446 -0.477083 0.874397
vn 0.073273 -0.528510 0.845759
vn 0.312732 -0.505014 0.804462
vn 0.073273 -0.528510 0.845759
vn 0.088446 -0.477083 0.874397
vn 0.312732 -0.505014 0.804462
vn 0.088446 -0.477083 0.874397
vn 0.345212 -0.477759 0.807821
vn 0.568810 -0.072798 0.819241
vn 0.345212 -0.477759 0.807821
vn 0.088446 -0.477083 0.874397
vn 0.568810 -0.072798 0.819241
vn 0.088446 -0.477083 0.874397
vn 0.132798 0.069577 0.988698
vn 0.000000 -0.004367 0.999990
vn 0.000000 -0.004368 0.999990
vn -0.314829 0.001668 0.949147
vn 0.000000 -0.004367 0.999990
vn -0.314829 0.001668 0.949147
vn -0.407410 0.001480 0.913244
vn 0.000000 -0.004367 0.999990
vn -0.407410 0.001480 0.913244
vn -0.258084 0.098627 0.961075
vn 0.000000 -0.004367 0.999990
vn -0.258084 0.098627 0.961075
vn 0.000000 0.065525 0.997851
vn 0.000000 0.408638 0.912696
vn 0.000000 0.065525 0.997851
vn -0.258084 0.098627 0.961075
vn 0.000000 0.408638 0.912696
vn -0.258084 0.098627 0.961075
vn -0.216322 0.229675 0.948922
vn 0.000000 0.408638 0.912696
vn -0.216322 0.229675 0.948922
vn -0.041480 0.520042 0.853133
vn 0.000000 0.908750 0.417342
vn -0.211585 0.898456 0.384720
vn -0.316188 0.405088 0.857863
vn 0.000000 0.908750 0.417342
vn -0.316188 0.405088 0.857863
vn -0.000000 0.258341 0.966054
vn 0.000000 0.908750 0.417342
vn -0.000000 0.258341 0.966054
vn -0.000000 0.258341 0.966054
vn 0.000000 0.908750 0.417342
vn -0.000000 0.258341 0.966054
vn 0.000000 0.393923 0.919143
vn -0.857425 0.015525 0.514374
vn -0.595124 0.011693 0.803549
vn -0.314829 0.001668 0.949147
vn -0.857425 0.015525 0.514374
vn -0.314829 0.001668 0.949147
vn -0.211462 0.000718 0.977386
vn -0.857425 0.015525 0.514374
vn -0.211462 0.000718 0.977386
vn -0.316188 0.405088 0.857863
vn -0.857425 0.015525 0.514374
vn -0.316188 0.405088 0.857863
vn -0.826887 0.333709 0.452655
vn -0.589054 0.756053 0.285308
vn -0.826887 0.333709 0.452655
vn -0.316188 0.405088 0.857863
vn -0.589054 0.756053 0.285308
vn -0.316188 0.405088 0.857863
vn -0.211585 0.898456 0.384720
vn 0.199622 -0.545639 -0.813897
vn 0.189121 -0.488343 -0.851912
vn 0.050248 -0.509455 -0.859029
vn 0.199622 -0.545639 -0.813897
vn 0.050248 -0.509455 -0.859029
vn 0.052462 -0.562579 -0.825077
vn -0.000000 -0.564697 -0.825298
vn 0.052462 -0.562579 -0.825077
vn 0.050248 -0.509455 -0.859029
vn -0.000000 -0.564697 -0.825298
vn 0.050248 -0.509455 -0.859029
vn -0.000000 -0.512124 -0.858912
vn 0.000000 -0.097618 -0.995224
vn -0.000000 -0.512124 -0.858912
vn 0.050248 -0.509455 -0.859029
vn 0.000000 -0.097618 -0.995224
vn 0.050248 -0.509455 -0.859029
vn 0.052696 -0.092338 -0.994332
vn 0.192253 -0.065378 -0.979165
vn 0.052696 -0.092338 -0.994332
vn 0.050248 -0.509455 -0.859029
vn 0.192253 -0.065378 -0.979165
vn 0.050248 -0.509455 -0.859029
vn 0.189121 -0.488343 -0.851912
vn 0.000000 -0.944013 -0.329908
vn 0.063451 -0.941554 -0.330833
vn 0.058668 -0.717798 -0.693775
vn 0.000000 -0.944013 -0.329908
vn 0.058668 -0.717798 -0.693775
vn -0.000000 -0.720871 -0.693069
vn -0.000000 -0.564697 -0.825298
vn -0.000000 -0.720871 -0.693069
vn 0.058668 -0.717798 -0.693775
vn -0.000000 -0.564697 -0.825298
vn 0.058668 -0.717798 -0.693775
vn 0.052462 -0.562579 -0.825077
vn 0.199622 -0.545639 -0.813897
vn 0.052462 -0.562579 -0.825077
vn 0.058668 -0.717798 -0.693775
vn 0.199622 -0.545639 -0.813897
vn 0.058668 -0.717798 -0.693775
vn 0.220972 -0.692673 -0.686568
vn 0.238712 -0.912738 -0.331551
vn 0.220972 -0.692673 -0.686568
vn 0.058668 -0.717798 -0.693775
vn 0.238712 -0.912738 -0.331551
vn 0.058668 -0.717798 -0.693775
vn 0.063451 -0.941554 -0.330833
vn 0.000000 -0.941079 0.338187
vn 0.079736 -0.933648 0.349205
vn 0.063115 -0.996488 0.055031
vn 0.000000 -0.941079 0.338187
vn 0.063115 -0.996488 0.055031
vn 0.000000 -0.998379 0.056918
vn 0.000000 -1.000000 0.000777
vn 0.000000 -0.998379 0.056918
vn 0.063115 -0.996488 0.055031
vn 0.000000 -1.000000 0.000777
vn 0.063115 -0.996488 0.055031
vn 0.061152 -0.998128 0.000716
vn 0.236318 -0.971676 0.000498
vn 0.061152 -0.998128 0.000716
vn 0.063115 -0.996488 0.055031
vn 0.236318 -0.971676 0.000498
vn 0.063115 -0.996488 0.055031
vn 0.248738 -0.967354 0.048533
vn 0.337517 -0.873682 0.350375
vn 0.248738 -0.967354 0.048533
vn 0.063115 -0.996488 0.055031
vn 0.337517 -0.873682 0.350375
vn 0.063115 -0.996488 0.055031
vn 0.079736 -0.933648 0.349205
vn 0.236318 -0.971676 0.000498
vn 0.236654 -0.969966 -0.056212
vn 0.061954 -0.996548 -0.055269
vn 0.236318 -0.971676 0.000498
vn 0.061954 -0.996548 -0.055269
vn 0.061152 -0.998128 0.000716
vn 0.000000 -1.000000 0.000777
vn 0.061152 -0.998128 0.000716
vn 0.061954 -0.996548 -0.055269
vn 0.000000 -1.000000 0.000777
vn 0.061954 -0.996548 -0.055269
vn 0.000000 -0.998470 -0.055303
vn 0.000000 -0.944013 -0.329908
vn 0.000000 -0.998470 -0.055303
vn 0.061954 -0.996548 -0.055269
vn 0.000000 -0.944013 -0.329908
vn 0.061954 -0.996548 -0.055269
vn 0.063451 -0.941554 -0.330833
vn 0.238712 -0.912738 -0.331551
vn 0.063451 -0.941554 -0.330833
vn 0.061954 -0.996548 -0.055269
vn 0.238712 -0.912738 -0.331551
vn 0.061954 -0.996548 -0.055269
vn 0.236654 -0.969966 -0.056212
vn 0.362063 0.857893 0.364595
vn 0.444674 0.700005 0.558801
vn 0.112357 0.767086 0.631629
vn 0.362063 0.857893 0.364595
vn 0.112357 0.767086 0.631629
vn 0.087406 0.916963 0.389280
vn 0.000000 0.920619 0.390462
vn 0.087406 0.916963 0.389280
vn 0.112357 0.767086 0.631629
vn 0.000000 0.920619 0.390462
vn 0.112357 0.767086 0.631629
vn 0.000000 0.756033 0.654533
vn 0.000000 0.078448 0.996918
vn 0.000000 0.756033 0.654533
vn 0.112357 0.767086 0.631629
vn 0.000000 0.078448 0.996918
vn 0.112357 0.767086 0.631629
vn 0.132798 0.069577 0.988698
vn 0.568810 -0.072798 0.819241
vn 0.132798 0.069577 0.988698
vn 0.112357 0.767086 0.631629
vn 0.568810 -0.072798 0.819241
vn 0.112357 0.767086 0.631629
vn 0.444674 0.700005 0.558801
vn 0.000000 0.408638 0.912696
vn -0.041480 0.520042 0.853133
vn 0.064028 0.847303 0.527236
vn 0.000000 0.408638 0.912696
vn 0.064028 0.847303 0.527236
vn 0.000000 0.806400 0.591371
vn 0.000000 0.920619 0.390462
vn 0.000000 0.806400 0.591371
vn 0.064028 0.847303 0.527236
vn 0.000000 0.920619 0.390462
vn 0.064028 0.847303 0.527236
vn 0.087406 0.916963 0.389280
vn 0.362063 0.857893 0.364595
vn 0.087406 0.916963 0.389280
vn 0.064028 0.847303 0.527236
vn 0.362063 0.857893 0.364595
vn 0.064028 0.847303 0.527236
vn 0.312357 0.870895 0.379441
vn -0.072020 0.907655 0.413492
vn 0.312357 0.870895 0.379441
vn 0.064028 0.847303 0.527236
vn -0.072020 0.907655 0.413492
vn 0.064028 0.847303 0.527236
vn -0.041480 0.520042 0.853133
vn -0.072020 0.907655 0.413492
vn -0.041480 0.520042 0.853133
vn -0.121381 0.603215 0.788288
f 124/1/1 459/2/2 534/3/3
f 124/4/4 534/5/5 533/6/6
f 553/7/7 558/8/8 556/9/9
f 553/10/10 556/11/11 557/12/12
f 551/13/13 559/14/14 556/15/15
f 551/16/16 556/17/17 558/18/18
f 17/19/19 480/20/20 534/21/21
f 17/22/22 534/23/23 459/24/24
f 124/25/25 533/26/26 532/27/27
f 124/28/28 532/29/29 463/30/30
f 30/31/31 463/32/32 532/33/33
f 30/34/34 532/35/35 529/36/36
f 125/37/37 530/38/38 531/39/39
f 125/40/40 531/41/41 454/42/42
f 31/43/43 454/44/44 531/45/45
f 31/46/46 531/47/47 527/48/48
f 105/49/49 552/50/50 559/51/51
f 105/52/52 559/53/53 551/54/54
f 105/55/55 551/56/56 555/57/57
f 389/58/58 554/59/59 551/60/60
f 389/61/61 551/62/62 558/63/63
f 389/64/64 558/65/65 553/66/66
f 391/67/67 555/68/68 551/69/69
f 391/70/70 551/71/71 554/72/72
f 33/73/73 435/74/74 537/75/75
f 33/76/76 537/77/77 411/78/78
f 120/79/79 538/80/80 537/81/81
f 120/82/82 537/83/83 435/84/84
f 140/85/85 536/86/86 537/87/87
f 140/88/88 537/89/89 538/90/90
f 22/91/91 546/92/92 545/93/93
f 22/94/94 545/95/95 550/96/96
f 371/97/97 547/98/98 545/99/99
f 371/100/100 545/101/101 546/102/102
f 394/103/103 548/104/104 545/105/105
f 394/106/106 545/107/107 547/108/108
f 542/109/109 549/110/110 545/111/111
f 542/112/112 545/113/113 548/114/114
f 396/115/115 550/116/116 545/117/117
f 396/118/118 545/119/119 549/120/120
f 113/121/121 411/122/122 537/123/123
f 113/124/124 537/125/125 536/126/126
f 32/127/127 393/128/128 539/129/129
f 32/130/130 539/131/131 441/132/132
f 107/133/133 535/134/134 539/135/135
f 107/136/136 539/137/137 393/138/138
f 125/139/139 462/140/140 528/141/141
f 125/142/142 528/143/143 530/144/144
f 140/145/145 538/146/146 539/147/147
f 140/148/148 539/149/149 535/150/150
f 106/151/151 541/152/152 540/153/153
f 106/154/154 540/155/155 544/156/156
f 396/157/157 549/158/158 542/159/159
f 396/160/160 542/161/161 540/162/162
f 396/163/163 540/164/164 541/165/165
f 394/166/166 543/167/167 540/168/168
f 394/169/169 540/170/170 542/171/171
f 394/172/172 542/173/173 548/174/174
f 391/175/175 544/176/176 540/177/177
f 391/178/178 540/179/179 543/180/180
f 120/181/181 441/182/182 539/183/183
f 120/184/184 539/185/185 538/186/186
f 30/187/187 529/188/188 528/189/189
f 30/190/190 528/191/191 462/192/192
f 123/193/193 451/194/194 526/195/195
f 123/196/196 526/197/197 525/198/198
f 138/199/199 525/200/200 526/201/201
f 138/202/202 526/203/203 520/204/204
f 7/205/205 142/206/206 141/207/207
f 7/208/208 141/209/209 145/210/210
f 35/211/211 143/212/212 141/213/213
f 35/214/214 141/215/215 142/216/216
f 34/217/217 144/218/218 141/219/219
f 34/220/220 141/221/221 143/222/222
f 38/223/223 145/224/224 141/225/225
f 38/226/226 141/227/227 144/228/228
f 2/229/229 147/230/230 146/231/231
f 2/232/232 146/233/233 149/234/234
f 36/235/235 148/236/236 146/237/237
f 36/238/238 146/239/239 147/240/240
f 34/241/241 143/242/242 146/243/243
f 34/244/244 146/245/245 148/246/246
f 35/247/247 149/248/248 146/249/249
f 35/250/250 146/251/251 143/252/252
f 4/253/253 151/254/254 150/255/255
f 4/256/256 150/257/257 153/258/258
f 37/259/259 152/260/260 150/261/261
f 37/262/262 150/263/263 151/264/264
f 34/265/265 148/266/266 150/267/267
f 34/268/268 150/269/269 152/270/270
f 36/271/271 153/272/272 150/273/273
f 36/274/274 150/275/275 148/276/276
f 5/277/277 155/278/278 154/279/279
f 5/280/280 154/281/281 156/282/282
f 38/283/283 144/284/284 154/285/285
f 38/286/286 154/287/287 155/288/288
f 34/289/289 152/290/290 154/291/291
f 34/292/292 154/293/293 144/294/294
f 37/295/295 156/296/296 154/297/297
f 37/298/298 154/299/299 152/300/300
f 14/301/301 158/302/302 157/303/303
f 14/304/304 157/305/305 161/306/306
f 40/307/307 159/308/308 157/309/309
f 40/310/310 157/311/311 158/312/312
f 39/313/313 160/314/314 157/315/315
f 39/316/316 157/317/317 159/318/318
f 43/319/319 161/320/320 157/321/321
f 43/322/322 157/323/323 160/324/324
f 10/325/325 163/326/326 162/327/327
f 10/328/328 162/329/329 165/330/330
f 41/331/331 164/332/332 162/333/333
f 41/334/334 162/335/335 163/336/336
f 39/337/337 159/338/338 162/339/339
f 39/340/340 162/341/341 164/342/342
f 40/343/343 165/344/344 162/345/345
f 40/346/346 162/347/347 159/348/348
f 3/349/349 167/350/350 166/351/351
f 3/352/352 166/353/353 169/354/354
f 42/355/355 168/356/356 166/357/357
f 42/358/358 166/359/359 167/360/360
f 39/361/361 164/362/362 166/363/363
f 39/364/364 166/365/365 168/366/366
f 41/367/367 169/368/368 166/369/369
f 41/370/370 166/371/371 164/372/372
f 7/373/373 171/374/374 170/375/375
f 7/376/376 170/377/377 172/378/378
f 43/379/379 160/380/380 170/381/381
f 43/382/382 170/383/383 171/384/384
f 39/385/385 168/386/386 170/387/387
f 39/388/388 170/389/389 160/390/390
f 42/391/391 172/392/392 170/393/393
f 42/394/394 170/395/395 168/396/396
f 17/397/397 174/398/398 173/399/399
f 17/400/400 173/401/401 177/402/402
f 45/403/403 175/404/404 173/405/405
f 45/406/406 173/407/407 174/408/408
f 44/409/409 176/410/410 173/411/411
f 44/412/412 173/413/413 175/414/414
f 47/415/415 177/416/416 173/417/417
f 47/418/418 173/419/419 176/420/420
f 16/421/421 179/422/422 178/423/423
f 16/424/424 178/425/425 181/426/426
f 46/427/427 180/428/428 178/429/429
f 46/430/430 178/431/431 179/432/432
f 44/433/433 175/434/434 178/435/435
f 44/436/436 178/437/437 180/438/438
f 45/439/439 181/440/440 178/441/441
f 45/442/442 178/443/443 175/444/444
f 5/445/445 156/446/446 182/447/447
f 5/448/448 182/449/449 184/450/450
f 37/451/451 183/452/452 182/453/453
f 37/454/454 182/455/455 156/456/456
f 44/457/457 180/458/458 182/459/459
f 44/460/460 182/461/461 183/462/462
f 46/463/463 184/464/464 182/465/465
f 46/466/466 182/467/467 180/468/468
f 4/469/469 186/470/470 185/471/471
f 4/472/472 185/473/473 151/474/474
f 47/475/475 176/476/476 185/477/477
f 47/478/478 185/479/479 186/480/480
f 44/481/481 183/482/482 185/483/483
f 44/484/484 185/485/485 176/486/486
f 37/487/487 151/488/488 185/489/489
f 37/490/490 185/491/491 183/492/492
f 17/493/493 188/494/494 187/495/495
f 17/496/496 187/497/497 174/498/498
f 49/499/499 189/500/500 187/501/501
f 49/502/502 187/503/503 188/504/504
f 48/505/505 190/506/506 187/507/507
f 48/508/508 187/509/509 189/510/510
f 45/511/511 174/512/512 187/513/513
f 45/514/514 187/515/515 190/516/516
f 1/517/517 192/518/518 191/519/519
f 1/520/520 191/521/521 194/522/522
f 50/523/523 193/524/524 191/525/525
f 50/526/526 191/527/527 192/528/528
f 48/529/529 189/530/530 191/531/531
f 48/532/532 191/533/533 193/534/534
f 49/535/535 194/536/536 191/537/537
f 49/538/538 191/539/539 189/540/540
f 6/541/541 196/542/542 195/543/543
f 6/544/544 195/545/545 198/546/546
f 51/547/547 197/548/548 195/549/549
f 51/550/550 195/551/551 196/552/552
f 48/553/553 193/554/554 195/555/555
f 48/556/556 195/557/557 197/558/558
f 50/559/559 198/560/560 195/561/561
f 50/562/562 195/563/563 193/564/564
f 16/565/565 181/566/566 199/567/567
f 16/568/568 199/569/569 200/570/570
f 45/571/571 190/572/572 199/573/573
f 45/574/574 199/575/575 181/576/576
f 48/577/577 197/578/578 199/579/579
f 48/580/580 199/581/581 190/582/582
f 51/583/583 200/584/584 199/585/585
f 51/586/586 199/587/587 197/588/588
f 7/589/589 145/590/590 201/591/591
f 7/592/592 201/593/593 171/594/594
f 38/595/595 202/596/596 201/597/597
f 38/598/598 201/599/599 145/600/600
f 52/601/601 203/602/602 201/603/603
f 52/604/604 201/605/605 202/606/606
f 43/607/607 171/608/608 201/609/609
f 43/610/610 201/611/611 203/612/612
f 5/613/613 205/614/614 204/615/615
f 5/616/616 204/617/617 155/618/618
f 53/619/619 206/620/620 204/621/621
f 53/622/622 204/623/623 205/624/624
f 52/625/625 202/626/626 204/627/627
f 52/628/628 204/629/629 206/630/630
f 38/631/631 155/632/632 204/633/633
f 38/634/634 204/635/635 202/636/636
f 12/637/637 208/638/638 207/639/639
f 12/640/640 207/641/641 210/642/642
f 54/643/643 209/644/644 207/645/645
f 54/646/646 207/647/647 208/648/648
f 52/649/649 206/650/650 207/651/651
f 52/652/652 207/653/653 209/654/654
f 53/655/655 210/656/656 207/657/657
f 53/658/658 207/659/659 206/660/660
f 14/661/661 161/662/662 211/663/663
f 14/664/664 211/665/665 212/666/666
f 43/667/667 203/668/668 211/669/669
f 43/670/670 211/671/671 161/672/672
f 52/673/673 209/674/674 211/675/675
f 52/676/676 211/677/677 203/678/678
f 54/679/679 212/680/680 211/681/681
f 54/682/682 211/683/683 209/684/684
f 16/685/685 214/686/686 213/687/687
f 16/688/688 213/689/689 179/690/690
f 56/691/691 215/692/692 213/693/693
f 56/694/694 213/695/695 214/696/696
f 55/697/697 216/698/698 213/699/699
f 55/700/700 213/701/701 215/702/702
f 46/703/703 179/704/704 213/705/705
f 46/706/706 213/707/707 216/708/708
f 15/709/709 218/710/710 217/711/711
f 15/712/712 217/713/713 220/714/714
f 57/715/715 219/716/716 217/717/717
f 57/718/718 217/719/719 218/720/720
f 55/721/721 215/722/722 217/723/723
f 55/724/724 217/725/725 219/726/726
f 56/727/727 220/728/728 217/729/729
f 56/730/730 217/731/731 215/732/732
f 12/733/733 210/734/734 221/735/735
f 12/736/736 221/737/737 223/738/738
f 53/739/739 222/740/740 221/741/741
f 53/742/742 221/743/743 210/744/744
f 55/745/745 219/746/746 221/747/747
f 55/748/748 221/749/749 222/750/750
f 57/751/751 223/752/752 221/753/753
f 57/754/754 221/755/755 219/756/756
f 5/757/757 184/758/758 224/759/759
f 5/760/760 224/761/761 205/762/762
f 46/763/763 216/764/764 224/765/765
f 46/766/766 224/767/767 184/768/768
f 55/769/769 222/770/770 224/771/771
f 55/772/772 224/773/773 216/774/774
f 53/775/775 205/776/776 224/777/777
f 53/778/778 224/779/779 222/780/780
f 16/781/781 200/782/782 225/783/783
f 16/784/784 225/785/785 214/786/786
f 51/787/787 226/788/788 225/789/789
f 51/790/790 225/791/791 200/792/792
f 58/793/793 227/794/794 225/795/795
f 58/796/796 225/797/797 226/798/798
f 56/799/799 214/800/800 225/801/801
f 56/802/802 225/803/803 227/804/804
f 6/805/805 229/806/806 228/807/807
f 6/808/808 228/809/809 196/810/810
f 59/811/811 230/812/812 228/813/813
f 59/814/814 228/815/815 229/816/816
f 58/817/817 226/818/818 228/819/819
f 58/820/820 228/821/821 230/822/822
f 51/823/823 196/824/824 228/825/825
f 51/826/826 228/827/827 226/828/828
f 13/829/829 232/830/830 231/831/831
f 13/832/832 231/833/833 234/834/834
f 60/835/835 233/836/836 231/837/837
f 60/838/838 231/839/839 232/840/840
f 58/841/841 230/842/842 231/843/843
f 58/844/844 231/845/845 233/846/846
f 59/847/847 234/848/848 231/849/849
f 59/850/850 231/851/851 230/852/852
f 15/853/853 220/854/854 235/855/855
f 15/856/856 235/857/857 236/858/858
f 56/859/859 227/860/860 235/861/861
f 56/862/862 235/863/863 220/864/864
f 58/865/865 233/866/866 235/867/867
f 58/868/868 235/869/869 227/870/870
f 60/871/871 236/872/872 235/873/873
f 60/874/874 235/875/875 233/876/876
f 3/877/877 238/878/878 237/879/879
f 3/880/880 237/881/881 167/882/882
f 62/883/883 239/884/884 237/885/885
f 62/886/886 237/887/887 238/888/888
f 61/889/889 240/890/890 237/891/891
f 61/892/892 237/893/893 239/894/894
f 42/895/895 167/896/896 237/897/897
f 42/898/898 237/899/899 240/900/900
f 2/901/901 149/902/902 241/903/903
f 2/904/904 241/905/905 243/906/906
f 35/907/907 242/908/908 241/909/909
f 35/910/910 241/911/911 149/912/912
f 61/913/913 239/914/914 241/915/915
f 61/916/916 241/917/917 242/918/918
f 62/919/919 243/920/920 241/921/921
f 62/922/922 241/923/923 239/924/924
f 7/925/925 172/926/926 244/927/927
f 7/928/928 244/929/929 142/930/930
f 42/931/931 240/932/932 244/933/933
f 42/934/934 244/935/935 172/936/936
f 61/937/937 242/938/938 244/939/939
f 61/940/940 244/941/941 240/942/942
f 35/943/943 142/944/944 244/945/945
f 35/946/946 244/947/947 242/948/948
f 8/949/949 246/950/950 245/951/951
f 8/952/952 245/953/953 249/954/954
f 64/955/955 247/956/956 245/957/957
f 64/958/958 245/959/959 246/960/960
f 63/961/961 248/962/962 245/963/963
f 63/964/964 245/965/965 247/966/966
f 65/967/967 249/968/968 245/969/969
f 65/970/970 245/971/971 248/972/972
f 13/973/973 234/974/974 250/975/975
f 13/976/976 250/977/977 252/978/978
f 59/979/979 251/980/980 250/981/981
f 59/982/982 250/983/983 234/984/984
f 63/985/985 247/986/986 250/987/987
f 63/988/988 250/989/989 251/990/990
f 64/991/991 252/992/992 250/993/993
f 64/994/994 250/995/995 247/996/996
f 6/997/997 198/998/998 253/999/999
f 6/1000/1000 253/1001/1001 229/1002/1002
f 50/1003/1003 254/1004/1004 253/1005/1005
f 50/1006/1006 253/1007/1007 198/1008/1008
f 63/1009/1009 251/1010/1010 253/1011/1011
f 63/1012/1012 253/1013/1013 254/1014/1014
f 59/1015/1015 229/1016/1016 253/1017/1017
f 59/1018/1018 253/1019/1019 251/1020/1020
f 1/1021/1021 256/1022/1022 255/1023/1023
f 1/1024/1024 255/1025/1025 192/1026/1026
f 65/1027/1027 248/1028/1028 255/1029/1029
f 65/1030/1030 255/1031/1031 256/1032/1032
f 63/1033/1033 254/1034/1034 255/1035/1035
f 63/1036/1036 255/1037/1037 248/1038/1038
f 50/1039/1039 192/1040/1040 255/1041/1041
f 50/1042/1042 255/1043/1043 254/1044/1044
f 14/1045/1045 258/1046/1046 257/1047/1047
f 14/1048/1048 257/1049/1049 158/1050/1050
f 67/1051/1051 259/1052/1052 257/1053/1053
f 67/1054/1054 257/1055/1055 258/1056/1056
f 66/1057/1057 260/1058/1058 257/1059/1059
f 66/1060/1060 257/1061/1061 259/1062/1062
f 40/1063/1063 158/1064/1064 257/1065/1065
f 40/1066/1066 257/1067/1067 260/1068/1068
f 9/1069/1069 262/1070/1070 261/1071/1071
f 9/1072/1072 261/1073/1073 264/1074/1074
f 68/1075/1075 263/1076/1076 261/1077/1077
f 68/1078/1078 261/1079/1079 262/1080/1080
f 66/1081/1081 259/1082/1082 261/1083/1083
f 66/1084/1084 261/1085/1085 263/1086/1086
f 67/1087/1087 264/1088/1088 261/1089/1089
f 67/1090/1090 261/1091/1091 259/1092/1092
f 10/1093/1093 165/1094/1094 265/1095/1095
f 10/1096/1096 265/1097/1097 266/1098/1098
f 40/1099/1099 260/1100/1100 265/1101/1101
f 40/1102/1102 265/1103/1103 165/1104/1104
f 66/1105/1105 263/1106/1106 265/1107/1107
f 66/1108/1108 265/1109/1109 260/1110/1110
f 68/1111/1111 266/1112/1112 265/1113/1113
f 68/1114/1114 265/1115/1115 263/1116/1116
f 12/1117/1117 268/1118/1118 267/1119/1119
f 12/1120/1120 267/1121/1121 208/1122/1122
f 70/1123/1123 269/1124/1124 267/1125/1125
f 70/1126/1126 267/1127/1127 268/1128/1128
f 69/1129/1129 270/1130/1130 267/1131/1131
f 69/1132/1132 267/1133/1133 269/1134/1134
f 54/1135/1135 208/1136/1136 267/1137/1137
f 54/1138/1138 267/1139/1139 270/1140/1140
f 11/1141/1141 272/1142/1142 271/1143/1143
f 11/1144/1144 271/1145/1145 274/1146/1146
f 71/1147/1147 273/1148/1148 271/1149/1149
f 71/1150/1150 271/1151/1151 272/1152/1152
f 69/1153/1153 269/1154/1154 271/1155/1155
f 69/1156/1156 271/1157/1157 273/1158/1158
f 70/1159/1159 274/1160/1160 271/1161/1161
f 70/1162/1162 271/1163/1163 269/1164/1164
f 9/1165/1165 264/1166/1166 275/1167/1167
f 9/1168/1168 275/1169/1169 277/1170/1170
f 67/1171/1171 276/1172/1172 275/1173/1173
f 67/1174/1174 275/1175/1175 264/1176/1176
f 69/1177/1177 273/1178/1178 275/1179/1179
f 69/1180/1180 275/1181/1181 276/1182/1182
f 71/1183/1183 277/1184/1184 275/1185/1185
f 71/1186/1186 275/1187/1187 273/1188/1188
f 14/1189/1189 212/1190/1190 278/1191/1191
f 14/1192/1192 278/1193/1193 258/1194/1194
f 54/1195/1195 270/1196/1196 278/1197/1197
f 54/1198/1198 278/1199/1199 212/1200/1200
f 69/1201/1201 276/1202/1202 278/1203/1203
f 69/1204/1204 278/1205/1205 270/1206/1206
f 67/1207/1207 258/1208/1208 278/1209/1209
f 67/1210/1210 278/1211/1211 276/1212/1212
f 11/1213/1213 274/1214/1214 279/1215/1215
f 11/1216/1216 279/1217/1217 282/1218/1218
f 70/1219/1219 280/1220/1220 279/1221/1221
f 70/1222/1222 279/1223/1223 274/1224/1224
f 72/1225/1225 281/1226/1226 279/1227/1227
f 72/1228/1228 279/1229/1229 280/1230/1230
f 74/1231/1231 282/1232/1232 279/1233/1233
f 74/1234/1234 279/1235/1235 281/1236/1236
f 12/1237/1237 223/1238/1238 283/1239/1239
f 12/1240/1240 283/1241/1241 268/1242/1242
f 57/1243/1243 284/1244/1244 283/1245/1245
f 57/1246/1246 283/1247/1247 223/1248/1248
f 72/1249/1249 280/1250/1250 283/1251/1251
f 72/1252/1252 283/1253/1253 284/1254/1254
f 70/1255/1255 268/1256/1256 283/1257/1257
f 70/1258/1258 283/1259/1259 280/1260/1260
f 15/1261/1261 286/1262/1262 285/1263/1263
f 15/1264/1264 285/1265/1265 218/1266/1266
f 73/1267/1267 287/1268/1268 285/1269/1269
f 73/1270/1270 285/1271/1271 286/1272/1272
f 72/1273/1273 284/1274/1274 285/1275/1275
f 72/1276/1276 285/1277/1277 287/1278/1278
f 57/1279/1279 218/1280/1280 285/1281/1281
f 57/1282/1282 285/1283/1283 284/1284/1284
f 25/1285/1285 289/1286/1286 288/1287/1287
f 25/1288/1288 288/1289/1289 290/1290/1290
f 74/1291/1291 281/1292/1292 288/1293/1293
f 74/1294/1294 288/1295/1295 289/1296/1296
f 72/1297/1297 287/1298/1298 288/1299/1299
f 72/1300/1300 288/1301/1301 281/1302/1302
f 73/1303/1303 290/1304/1304 288/1305/1305
f 73/1306/1306 288/1307/1307 287/1308/1308
f 139/1309/1309 520/1310/1310 526/1311/1311
f 139/1312/1312 526/1313/1313 527/1314/1314
f 31/1315/1315 527/1316/1316 526/1317/1317
f 31/1318/1318 526/1319/1319 451/1320/1320
f 65/1321/1321 256/1322/1322 524/1323/1323
f 65/1324/1324 524/1325/1325 523/1326/1326
f 138/1327/1327 523/1328/1328 524/1329/1329
f 138/1330/1330 524/1331/1331 525/1332/1332
f 123/1333/1333 525/1334/1334 524/1335/1335
f 123/1336/1336 524/1337/1337 457/1338/1338
f 1/1339/1339 457/1340/1340 524/1341/1341
f 1/1342/1342 524/1343/1343 256/1344/1344
f 91/1345/1345 349/1346/1346 522/1347/1347
f 91/1348/1348 522/1349/1349 519/1350/1350
f 138/1351/1351 519/1352/1352 522/1353/1353
f 138/1354/1354 522/1355/1355 523/1356/1356
f 65/1357/1357 523/1358/1358 522/1359/1359
f 65/1360/1360 522/1361/1361 249/1362/1362
f 8/1363/1363 249/1364/1364 522/1365/1365
f 8/1366/1366 522/1367/1367 349/1368/1368
f 139/1369/1369 521/1370/1370 518/1371/1371
f 139/1372/1372 518/1373/1373 520/1374/1374
f 138/1375/1375 520/1376/1376 518/1377/1377
f 138/1378/1378 518/1379/1379 519/1380/1380
f 91/1381/1381 519/1382/1382 518/1383/1383
f 91/1384/1384 518/1385/1385 354/1386/1386
f 28/1387/1387 354/1388/1388 518/1389/1389
f 28/1390/1390 518/1391/1391 521/1392/1392
f 128/1393/1393 472/1394/1394 517/1395/1395
f 128/1396/1396 517/1397/1397 516/1398/1398
f 136/1399/1399 516/1400/1400 517/1401/1401
f 136/1402/1402 517/1403/1403 509/1404/1404
f 3/1405/1405 169/1406/1406 291/1407/1407
f 3/1408/1408 291/1409/1409 238/1410/1410
f 41/1411/1411 292/1412/1412 291/1413/1413
f 41/1414/1414 291/1415/1415 169/1416/1416
f 75/1417/1417 293/1418/1418 291/1419/1419
f 75/1420/1420 291/1421/1421 292/1422/1422
f 62/1423/1423 238/1424/1424 291/1425/1425
f 62/1426/1426 291/1427/1427 293/1428/1428
f 10/1429/1429 266/1430/1430 294/1431/1431
f 10/1432/1432 294/1433/1433 163/1434/1434
f 68/1435/1435 295/1436/1436 294/1437/1437
f 68/1438/1438 294/1439/1439 266/1440/1440
f 75/1441/1441 292/1442/1442 294/1443/1443
f 75/1444/1444 294/1445/1445 295/1446/1446
f 41/1447/1447 163/1448/1448 294/1449/1449
f 41/1450/1450 294/1451/1451 292/1452/1452
f 9/1453/1453 297/1454/1454 296/1455/1455
f 9/1456/1456 296/1457/1457 262/1458/1458
f 76/1459/1459 298/1460/1460 296/1461/1461
f 76/1462/1462 296/1463/1463 297/1464/1464
f 75/1465/1465 295/1466/1466 296/1467/1467
f 75/1468/1468 296/1469/1469 298/1470/1470
f 68/1471/1471 262/1472/1472 296/1473/1473
f 68/1474/1474 296/1475/1475 295/1476/1476
f 2/1477/1477 243/1478/1478 299/1479/1479
f 2/1480/1480 299/1481/1481 300/1482/1482
f 62/1483/1483 293/1484/1484 299/1485/1485
f 62/1486/1486 299/1487/1487 243/1488/1488
f 75/1489/1489 298/1490/1490 299/1491/1491
f 75/1492/1492 299/1493/1493 293/1494/1494
f 76/1495/1495 300/1496/1496 299/1497/1497
f 76/1498/1498 299/1499/1499 298/1500/1500
f 2/1501/1501 300/1502/1502 301/1503/1503
f 2/1504/1504 301/1505/1505 147/1506/1506
f 76/1507/1507 302/1508/1508 301/1509/1509
f 76/1510/1510 301/1511/1511 300/1512/1512
f 77/1513/1513 303/1514/1514 301/1515/1515
f 77/1516/1516 301/1517/1517 302/1518/1518
f 36/1519/1519 147/1520/1520 301/1521/1521
f 36/1522/1522 301/1523/1523 303/1524/1524
f 9/1525/1525 277/1526/1526 304/1527/1527
f 9/1528/1528 304/1529/1529 297/1530/1530
f 71/1531/1531 305/1532/1532 304/1533/1533
f 71/1534/1534 304/1535/1535 277/1536/1536
f 77/1537/1537 302/1538/1538 304/1539/1539
f 77/1540/1540 304/1541/1541 305/1542/1542
f 76/1543/1543 297/1544/1544 304/1545/1545
f 76/1546/1546 304/1547/1547 302/1548/1548
f 11/1549/1549 307/1550/1550 306/1551/1551
f 11/1552/1552 306/1553/1553 272/1554/1554
f 78/1555/1555 308/1556/1556 306/1557/1557
f 78/1558/1558 306/1559/1559 307/1560/1560
f 77/1561/1561 305/1562/1562 306/1563/1563
f 77/1564/1564 306/1565/1565 308/1566/1566
f 71/1567/1567 272/1568/1568 306/1569/1569
f 71/1570/1570 306/1571/1571 305/1572/1572
f 4/1573/1573 153/1574/1574 309/1575/1575
f 4/1576/1576 309/1577/1577 310/1578/1578
f 36/1579/1579 303/1580/1580 309/1581/1581
f 36/1582/1582 309/1583/1583 153/1584/1584
f 77/1585/1585 308/1586/1586 309/1587/1587
f 77/1588/1588 309/1589/1589 303/1590/1590
f 78/1591/1591 310/1592/1592 309/1593/1593
f 78/1594/1594 309/1595/1595 308/1596/1596
f 134/1597/1597 509/1598/1598 517/1599/1599
f 134/1600/1600 517/1601/1601 498/1602/1602
f 29/1603/1603 498/1604/1604 517/1605/1605
f 29/1606/1606 517/1607/1607 472/1608/1608
f 83/1609/1609 325/1610/1610 515/1611/1611
f 83/1612/1612 515/1613/1613 514/1614/1614
f 136/1615/1615 514/1616/1616 515/1617/1617
f 136/1618/1618 515/1619/1619 516/1620/1620
f 128/1621/1621 516/1622/1622 515/1623/1623
f 128/1624/1624 515/1625/1625 467/1626/1626
f 26/1627/1627 467/1628/1628 515/1629/1629
f 26/1630/1630 515/1631/1631 325/1632/1632
f 95/1633/1633 366/1634/1634 513/1635/1635
f 95/1636/1636 513/1637/1637 511/1638/1638
f 136/1639/1639 511/1640/1640 513/1641/1641
f 136/1642/1642 513/1643/1643 514/1644/1644
f 83/1645/1645 514/1646/1646 513/1647/1647
f 83/1648/1648 513/1649/1649 315/1650/1650
f 21/1651/1651 315/1652/1652 513/1653/1653
f 21/1654/1654 513/1655/1655 366/1656/1656
f 137/1657/1657 512/1658/1658 510/1659/1659
f 137/1660/1660 510/1661/1661 508/1662/1662
f 136/1663/1663 508/1664/1664 510/1665/1665
f 136/1666/1666 510/1667/1667 511/1668/1668
f 95/1669/1669 511/1670/1670 510/1671/1671
f 95/1672/1672 510/1673/1673 358/1674/1674
f 27/1675/1675 358/1676/1676 510/1677/1677
f 27/1678/1678 510/1679/1679 512/1680/1680
f 134/1681/1681 493/1682/1682 506/1683/1683
f 134/1684/1684 506/1685/1685 509/1686/1686
f 136/1687/1687 509/1688/1688 506/1689/1689
f 136/1690/1690 506/1691/1691 508/1692/1692
f 21/1693/1693 312/1694/1694 311/1695/1695
f 21/1696/1696 311/1697/1697 315/1698/1698
f 80/1699/1699 313/1700/1700 311/1701/1701
f 80/1702/1702 311/1703/1703 312/1704/1704
f 79/1705/1705 314/1706/1706 311/1707/1707
f 79/1708/1708 311/1709/1709 313/1710/1710
f 83/1711/1711 315/1712/1712 311/1713/1713
f 83/1714/1714 311/1715/1715 314/1716/1716
f 19/1717/1717 317/1718/1718 316/1719/1719
f 19/1720/1720 316/1721/1721 319/1722/1722
f 81/1723/1723 318/1724/1724 316/1725/1725
f 81/1726/1726 316/1727/1727 317/1728/1728
f 79/1729/1729 313/1730/1730 316/1731/1731
f 79/1732/1732 316/1733/1733 318/1734/1734
f 80/1735/1735 319/1736/1736 316/1737/1737
f 80/1738/1738 316/1739/1739 313/1740/1740
f 20/1741/1741 321/1742/1742 320/1743/1743
f 20/1744/1744 320/1745/1745 323/1746/1746
f 82/1747/1747 322/1748/1748 320/1749/1749
f 82/1750/1750 320/1751/1751 321/1752/1752
f 79/1753/1753 318/1754/1754 320/1755/1755
f 79/1756/1756 320/1757/1757 322/1758/1758
f 81/1759/1759 323/1760/1760 320/1761/1761
f 81/1762/1762 320/1763/1763 318/1764/1764
f 26/1765/1765 325/1766/1766 324/1767/1767
f 26/1768/1768 324/1769/1769 326/1770/1770
f 83/1771/1771 314/1772/1772 324/1773/1773
f 83/1774/1774 324/1775/1775 325/1776/1776
f 79/1777/1777 322/1778/1778 324/1779/1779
f 79/1780/1780 324/1781/1781 314/1782/1782
f 82/1783/1783 326/1784/1784 324/1785/1785
f 82/1786/1786 324/1787/1787 322/1788/1788
f 25/1789/1789 328/1790/1790 327/1791/1791
f 25/1792/1792 327/1793/1793 331/1794/1794
f 85/1795/1795 329/1796/1796 327/1797/1797
f 85/1798/1798 327/1799/1799 328/1800/1800
f 84/1801/1801 330/1802/1802 327/1803/1803
f 84/1804/1804 327/1805/1805 329/1806/1806
f 88/1807/1807 331/1808/1808 327/1809/1809
f 88/1810/1810 327/1811/1811 330/1812/1812
f 18/1813/1813 333/1814/1814 332/1815/1815
f 18/1816/1816 332/1817/1817 335/1818/1818
f 86/1819/1819 334/1820/1820 332/1821/1821
f 86/1822/1822 332/1823/1823 333/1824/1824
f 84/1825/1825 329/1826/1826 332/1827/1827
f 84/1828/1828 332/1829/1829 334/1830/1830
f 85/1831/1831 335/1832/1832 332/1833/1833
f 85/1834/1834 332/1835/1835 329/1836/1836
f 24/1837/1837 337/1838/1838 336/1839/1839
f 24/1840/1840 336/1841/1841 339/1842/1842
f 87/1843/1843 338/1844/1844 336/1845/1845
f 87/1846/1846 336/1847/1847 337/1848/1848
f 84/1849/1849 334/1850/1850 336/1851/1851
f 84/1852/1852 336/1853/1853 338/1854/1854
f 86/1855/1855 339/1856/1856 336/1857/1857
f 86/1858/1858 336/1859/1859 334/1860/1860
f 27/1861/1861 341/1862/1862 340/1863/1863
f 27/1864/1864 340/1865/1865 342/1866/1866
f 88/1867/1867 330/1868/1868 340/1869/1869
f 88/1870/1870 340/1871/1871 341/1872/1872
f 84/1873/1873 338/1874/1874 340/1875/1875
f 84/1876/1876 340/1877/1877 330/1878/1878
f 87/1879/1879 342/1880/1880 340/1881/1881
f 87/1882/1882 340/1883/1883 338/1884/1884
f 137/1885/1885 508/1886/1886 506/1887/1887
f 137/1888/1888 506/1889/1889 507/1890/1890
f 28/1891/1891 507/1892/1892 506/1893/1893
f 28/1894/1894 506/1895/1895 493/1896/1896
f 97/1897/1897 368/1898/1898 505/1899/1899
f 97/1900/1900 505/1901/1901 504/1902/1902
f 135/1903/1903 504/1904/1904 505/1905/1905
f 135/1906/1906 505/1907/1907 502/1908/1908
f 116/1909/1909 502/1910/1910 505/1911/1911
f 116/1912/1912 505/1913/1913 426/1914/1914
f 22/1915/1915 426/1916/1916 505/1917/1917
f 22/1918/1918 505/1919/1919 368/1920/1920
f 90/1921/1921 344/1922/1922 503/1923/1923
f 90/1924/1924 503/1925/1925 501/1926/1926
f 135/1927/1927 501/1928/1928 503/1929/1929
f 135/1930/1930 503/1931/1931 504/1932/1932
f 97/1933/1933 504/1934/1934 503/1935/1935
f 97/1936/1936 503/1937/1937 375/1938/1938
f 23/1939/1939 375/1940/1940 503/1941/1941
f 23/1942/1942 503/1943/1943 344/1944/1944
f 116/1945/1945 419/1946/1946 500/1947/1947
f 116/1948/1948 500/1949/1949 502/1950/1950
f 135/1951/1951 502/1952/1952 500/1953/1953
f 135/1954/1954 500/1955/1955 501/1956/1956
f 90/1957/1957 501/1958/1958 500/1959/1959
f 90/1960/1960 500/1961/1961 351/1962/1962
f 8/1963/1963 351/1964/1964 500/1965/1965
f 8/1966/1966 500/1967/1967 419/1968/1968
f 132/1969/1969 491/1970/1970 499/1971/1971
f 132/1972/1972 499/1973/1973 497/1974/1974
f 133/1975/1975 497/1976/1976 499/1977/1977
f 133/1978/1978 499/1979/1979 495/1980/1980
f 23/1981/1981 344/1982/1982 343/1983/1983
f 23/1984/1984 343/1985/1985 347/1986/1986
f 90/1987/1987 345/1988/1988 343/1989/1989
f 90/1990/1990 343/1991/1991 344/1992/1992
f 89/1993/1993 346/1994/1994 343/1995/1995
f 89/1996/1996 343/1997/1997 345/1998/1998
f 92/1999/1999 347/2000/2000 343/2001/2001
f 92/2002/2002 343/2003/2003 346/2004/2004
f 8/2005/2005 349/2006/2006 348/2007/2007
f 8/2008/2008 348/2009/2009 351/2010/2010
f 91/2011/2011 350/2012/2012 348/2013/2013
f 91/2014/2014 348/2015/2015 349/2016/2016
f 89/2017/2017 345/2018/2018 348/2019/2019
f 89/2020/2020 348/2021/2021 350/2022/2022
f 90/2023/2023 351/2024/2024 348/2025/2025
f 90/2026/2026 348/2027/2027 345/2028/2028
f 28/2029/2029 353/2030/2030 352/2031/2031
f 28/2032/2032 352/2033/2033 354/2034/2034
f 92/2035/2035 346/2036/2036 352/2037/2037
f 92/2038/2038 352/2039/2039 353/2040/2040
f 89/2041/2041 350/2042/2042 352/2043/2043
f 89/2044/2044 352/2045/2045 346/2046/2046
f 91/2047/2047 354/2048/2048 352/2049/2049
f 91/2050/2050 352/2051/2051 350/2052/2052
f 27/2053/2053 342/2054/2054 355/2055/2055
f 27/2056/2056 355/2057/2057 358/2058/2058
f 87/2059/2059 356/2060/2060 355/2061/2061
f 87/2062/2062 355/2063/2063 342/2064/2064
f 93/2065/2065 357/2066/2066 355/2067/2067
f 93/2068/2068 355/2069/2069 356/2070/2070
f 95/2071/2071 358/2072/2072 355/2073/2073
f 95/2074/2074 355/2075/2075 357/2076/2076
f 24/2077/2077 360/2078/2078 359/2079/2079
f 24/2080/2080 359/2081/2081 337/2082/2082
f 94/2083/2083 361/2084/2084 359/2085/2085
f 94/2086/2086 359/2087/2087 360/2088/2088
f 93/2089/2089 356/2090/2090 359/2091/2091
f 93/2092/2092 359/2093/2093 361/2094/2094
f 87/2095/2095 337/2096/2096 359/2097/2097
f 87/2098/2098 359/2099/2099 356/2100/2100
f 19/2101/2101 319/2102/2102 362/2103/2103
f 19/2104/2104 362/2105/2105 364/2106/2106
f 80/2107/2107 363/2108/2108 362/2109/2109
f 80/2110/2110 362/2111/2111 319/2112/2112
f 93/2113/2113 361/2114/2114 362/2115/2115
f 93/2116/2116 362/2117/2117 363/2118/2118
f 94/2119/2119 364/2120/2120 362/2121/2121
f 94/2122/2122 362/2123/2123 361/2124/2124
f 21/2125/2125 366/2126/2126 365/2127/2127
f 21/2128/2128 365/2129/2129 312/2130/2130
f 95/2131/2131 357/2132/2132 365/2133/2133
f 95/2134/2134 365/2135/2135 366/2136/2136
f 93/2137/2137 363/2138/2138 365/2139/2139
f 93/2140/2140 365/2141/2141 357/2142/2142
f 80/2143/2143 312/2144/2144 365/2145/2145
f 80/2146/2146 365/2147/2147 363/2148/2148
f 92/2149/2149 495/2150/2150 499/2151/2151
f 92/2152/2152 499/2153/2153 347/2154/2154
f 23/2155/2155 347/2156/2156 499/2157/2157
f 23/2158/2158 499/2159/2159 491/2160/2160
f 134/2161/2161 498/2162/2162 496/2163/2163
f 134/2164/2164 496/2165/2165 494/2166/2166
f 133/2167/2167 494/2168/2168 496/2169/2169
f 133/2170/2170 496/2171/2171 497/2172/2172
f 132/2173/2173 497/2174/2174 496/2175/2175
f 132/2176/2176 496/2177/2177 487/2178/2178
f 29/2179/2179 487/2180/2180 496/2181/2181
f 29/2182/2182 496/2183/2183 498/2184/2184
f 92/2185/2185 353/2186/2186 492/2187/2187
f 92/2188/2188 492/2189/2189 495/2190/2190
f 133/2191/2191 495/2192/2192 492/2193/2193
f 133/2194/2194 492/2195/2195 494/2196/2196
f 134/2197/2197 494/2198/2198 492/2199/2199
f 134/2200/2200 492/2201/2201 493/2202/2202
f 28/2203/2203 493/2204/2204 492/2205/2205
f 28/2206/2206 492/2207/2207 353/2208/2208
f 109/2209/2209 398/2210/2210 490/2211/2211
f 109/2212/2212 490/2213/2213 489/2214/2214
f 131/2215/2215 489/2216/2216 490/2217/2217
f 131/2218/2218 490/2219/2219 486/2220/2220
f 132/2221/2221 486/2222/2222 490/2223/2223
f 132/2224/2224 490/2225/2225 491/2226/2226
f 23/2227/2227 491/2228/2228 490/2229/2229
f 23/2230/2230 490/2231/2231 398/2232/2232
f 127/2233/2233 469/2234/2234 488/2235/2235
f 127/2236/2236 488/2237/2237 485/2238/2238
f 131/2239/2239 485/2240/2240 488/2241/2241
f 131/2242/2242 488/2243/2243 489/2244/2244
f 109/2245/2245 489/2246/2246 488/2247/2247
f 109/2248/2248 488/2249/2249 403/2250/2250
f 20/2251/2251 403/2252/2252 488/2253/2253
f 20/2254/2254 488/2255/2255 469/2256/2256
f 132/2257/2257 487/2258/2258 484/2259/2259
f 132/2260/2260 484/2261/2261 486/2262/2262
f 131/2263/2263 486/2264/2264 484/2265/2265
f 131/2266/2266 484/2267/2267 485/2268/2268
f 127/2269/2269 485/2270/2270 484/2271/2271
f 127/2272/2272 484/2273/2273 473/2274/2274
f 29/2275/2275 473/2276/2276 484/2277/2277
f 29/2278/2278 484/2279/2279 487/2280/2280
f 78/2281/2281 307/2282/2282 483/2283/2283
f 78/2284/2284 483/2285/2285 482/2286/2286
f 129/2287/2287 482/2288/2288 483/2289/2289
f 129/2290/2290 483/2291/2291 477/2292/2292
f 74/2293/2293 477/2294/2294 483/2295/2295
f 74/2296/2296 483/2297/2297 282/2298/2298
f 11/2299/2299 282/2300/2300 483/2301/2301
f 11/2302/2302 483/2303/2303 307/2304/2304
f 47/2305/2305 186/2306/2306 481/2307/2307
f 47/2308/2308 481/2309/2309 479/2310/2310
f 129/2311/2311 479/2312/2312 481/2313/2313
f 129/2314/2314 481/2315/2315 482/2316/2316
f 78/2317/2317 482/2318/2318 481/2319/2319
f 78/2320/2320 481/2321/2321 310/2322/2322
f 4/2323/2323 310/2324/2324 481/2325/2325
f 4/2326/2326 481/2327/2327 186/2328/2328
f 130/2329/2329 480/2330/2330 478/2331/2331
f 130/2332/2332 478/2333/2333 476/2334/2334
f 129/2335/2335 476/2336/2336 478/2337/2337
f 129/2338/2338 478/2339/2339 479/2340/2340
f 47/2341/2341 479/2342/2342 478/2343/2343
f 47/2344/2344 478/2345/2345 177/2346/2346
f 17/2347/2347 177/2348/2348 478/2349/2349
f 17/2350/2350 478/2351/2351 480/2352/2352
f 74/2353/2353 289/2354/2354 474/2355/2355
f 74/2356/2356 474/2357/2357 477/2358/2358
f 129/2359/2359 477/2360/2360 474/2361/2361
f 129/2362/2362 474/2363/2363 476/2364/2364
f 130/2365/2365 476/2366/2366 474/2367/2367
f 130/2368/2368 474/2369/2369 475/2370/2370
f 25/2371/2371 475/2372/2372 474/2373/2373
f 25/2374/2374 474/2375/2375 289/2376/2376
f 127/2377/2377 473/2378/2378 471/2379/2379
f 127/2380/2380 471/2381/2381 470/2382/2382
f 126/2383/2383 470/2384/2384 471/2385/2385
f 126/2386/2386 471/2387/2387 466/2388/2388
f 128/2389/2389 466/2390/2390 471/2391/2391
f 128/2392/2392 471/2393/2393 472/2394/2394
f 29/2395/2395 472/2396/2396 471/2397/2397
f 29/2398/2398 471/2399/2399 473/2400/2400
f 82/2401/2401 321/2402/2402 468/2403/2403
f 82/2404/2404 468/2405/2405 465/2406/2406
f 126/2407/2407 465/2408/2408 468/2409/2409
f 126/2410/2410 468/2411/2411 470/2412/2412
f 127/2413/2413 470/2414/2414 468/2415/2415
f 127/2416/2416 468/2417/2417 469/2418/2418
f 20/2419/2419 469/2420/2420 468/2421/2421
f 20/2422/2422 468/2423/2423 321/2424/2424
f 128/2425/2425 467/2426/2426 464/2427/2427
f 128/2428/2428 464/2429/2429 466/2430/2430
f 126/2431/2431 466/2432/2432 464/2433/2433
f 126/2434/2434 464/2435/2435 465/2436/2436
f 82/2437/2437 465/2438/2438 464/2439/2439
f 82/2440/2440 464/2441/2441 326/2442/2442
f 26/2443/2443 326/2444/2444 464/2445/2445
f 26/2446/2446 464/2447/2447 467/2448/2448
f 124/2449/2449 463/2450/2450 461/2451/2451
f 124/2452/2452 461/2453/2453 460/2454/2454
f 122/2455/2455 460/2456/2456 461/2457/2457
f 122/2458/2458 461/2459/2459 453/2460/2460
f 125/2461/2461 453/2462/2462 461/2463/2463
f 125/2464/2464 461/2465/2465 462/2466/2466
f 30/2467/2467 462/2468/2468 461/2469/2469
f 30/2470/2470 461/2471/2471 463/2472/2472
f 49/2473/2473 188/2474/2474 458/2475/2475
f 49/2476/2476 458/2477/2477 456/2478/2478
f 122/2479/2479 456/2480/2480 458/2481/2481
f 122/2482/2482 458/2483/2483 460/2484/2484
f 124/2485/2485 460/2486/2486 458/2487/2487
f 124/2488/2488 458/2489/2489 459/2490/2490
f 17/2491/2491 459/2492/2492 458/2493/2493
f 17/2494/2494 458/2495/2495 188/2496/2496
f 123/2497/2497 457/2498/2498 455/2499/2499
f 123/2500/2500 455/2501/2501 452/2502/2502
f 122/2503/2503 452/2504/2504 455/2505/2505
f 122/2506/2506 455/2507/2507 456/2508/2508
f 49/2509/2509 456/2510/2510 455/2511/2511
f 49/2512/2512 455/2513/2513 194/2514/2514
f 1/2515/2515 194/2516/2516 455/2517/2517
f 1/2518/2518 455/2519/2519 457/2520/2520
f 125/2521/2521 454/2522/2522 450/2523/2523
f 125/2524/2524 450/2525/2525 453/2526/2526
f 122/2527/2527 453/2528/2528 450/2529/2529
f 122/2530/2530 450/2531/2531 452/2532/2532
f 123/2533/2533 452/2534/2534 450/2535/2535
f 123/2536/2536 450/2537/2537 451/2538/2538
f 31/2539/2539 451/2540/2540 450/2541/2541
f 31/2542/2542 450/2543/2543 454/2544/2544
f 64/2545/2545 246/2546/2546 449/2547/2547
f 64/2548/2548 449/2549/2549 448/2550/2550
f 121/2551/2551 448/2552/2552 449/2553/2553
f 121/2554/2554 449/2555/2555 444/2556/2556
f 118/2557/2557 444/2558/2558 449/2559/2559
f 118/2560/2560 449/2561/2561 422/2562/2562
f 8/2563/2563 422/2564/2564 449/2565/2565
f 8/2566/2566 449/2567/2567 246/2568/2568
f 60/2569/2569 232/2570/2570 447/2571/2571
f 60/2572/2572 447/2573/2573 446/2574/2574
f 121/2575/2575 446/2576/2576 447/2577/2577
f 121/2578/2578 447/2579/2579 448/2580/2580
f 64/2581/2581 448/2582/2582 447/2583/2583
f 64/2584/2584 447/2585/2585 252/2586/2586
f 13/2587/2587 252/2588/2588 447/2589/2589
f 13/2590/2590 447/2591/2591 232/2592/2592
f 73/2593/2593 286/2594/2594 445/2595/2595
f 73/2596/2596 445/2597/2597 443/2598/2598
f 121/2599/2599 443/2600/2600 445/2601/2601
f 121/2602/2602 445/2603/2603 446/2604/2604
f 60/2605/2605 446/2606/2606 445/2607/2607
f 60/2608/2608 445/2609/2609 236/2610/2610
f 15/2611/2611 236/2612/2612 445/2613/2613
f 15/2614/2614 445/2615/2615 286/2616/2616
f 118/2617/2617 431/2618/2618 442/2619/2619
f 118/2620/2620 442/2621/2621 444/2622/2622
f 121/2623/2623 444/2624/2624 442/2625/2625
f 121/2626/2626 442/2627/2627 443/2628/2628
f 73/2629/2629 443/2630/2630 442/2631/2631
f 73/2632/2632 442/2633/2633 290/2634/2634
f 25/2635/2635 290/2636/2636 442/2637/2637
f 25/2638/2638 442/2639/2639 431/2640/2640
f 106/2641/2641 390/2642/2642 440/2643/2643
f 106/2644/2644 440/2645/2645 439/2646/2646
f 119/2647/2647 439/2648/2648 440/2649/2649
f 119/2650/2650 440/2651/2651 434/2652/2652
f 120/2653/2653 434/2654/2654 440/2655/2655
f 120/2656/2656 440/2657/2657 441/2658/2658
f 32/2659/2659 441/2660/2660 440/2661/2661
f 32/2662/2662 440/2663/2663 390/2664/2664
f 117/2665/2665 424/2666/2666 438/2667/2667
f 117/2668/2668 438/2669/2669 437/2670/2670
f 119/2671/2671 437/2672/2672 438/2673/2673
f 119/2674/2674 438/2675/2675 439/2676/2676
f 106/2677/2677 439/2678/2678 438/2679/2679
f 106/2680/2680 438/2681/2681 396/2682/2682
f 106/2683/2683 396/2684/2684 541/2685/2685
f 22/2686/2686 550/2687/2687 396/2688/2688
f 22/2689/2689 396/2690/2690 438/2691/2691
f 22/2692/2692 438/2693/2693 424/2694/2694
f 112/2695/2695 407/2696/2696 436/2697/2697
f 112/2698/2698 436/2699/2699 433/2700/2700
f 119/2701/2701 433/2702/2702 436/2703/2703
f 119/2704/2704 436/2705/2705 437/2706/2706
f 117/2707/2707 437/2708/2708 436/2709/2709
f 117/2710/2710 436/2711/2711 429/2712/2712
f 18/2713/2713 429/2714/2714 436/2715/2715
f 18/2716/2716 436/2717/2717 407/2718/2718
f 120/2719/2719 435/2720/2720 432/2721/2721
f 120/2722/2722 432/2723/2723 434/2724/2724
f 119/2725/2725 434/2726/2726 432/2727/2727
f 119/2728/2728 432/2729/2729 433/2730/2730
f 112/2731/2731 433/2732/2732 432/2733/2733
f 112/2734/2734 432/2735/2735 412/2736/2736
f 33/2737/2737 412/2738/2738 432/2739/2739
f 33/2740/2740 432/2741/2741 435/2742/2742
f 85/2743/2743 328/2744/2744 430/2745/2745
f 85/2746/2746 430/2747/2747 428/2748/2748
f 115/2749/2749 428/2750/2750 430/2751/2751
f 115/2752/2752 430/2753/2753 421/2754/2754
f 118/2755/2755 421/2756/2756 430/2757/2757
f 118/2758/2758 430/2759/2759 431/2760/2760
f 25/2761/2761 431/2762/2762 430/2763/2763
f 25/2764/2764 430/2765/2765 328/2766/2766
f 117/2767/2767 429/2768/2768 427/2769/2769
f 117/2770/2770 427/2771/2771 425/2772/2772
f 115/2773/2773 425/2774/2774 427/2775/2775
f 115/2776/2776 427/2777/2777 428/2778/2778
f 85/2779/2779 428/2780/2780 427/2781/2781
f 85/2782/2782 427/2783/2783 335/2784/2784
f 18/2785/2785 335/2786/2786 427/2787/2787
f 18/2788/2788 427/2789/2789 429/2790/2790
f 116/2791/2791 426/2792/2792 423/2793/2793
f 116/2794/2794 423/2795/2795 420/2796/2796
f 115/2797/2797 420/2798/2798 423/2799/2799
f 115/2800/2800 423/2801/2801 425/2802/2802
f 117/2803/2803 425/2804/2804 423/2805/2805
f 117/2806/2806 423/2807/2807 424/2808/2808
f 22/2809/2809 424/2810/2810 423/2811/2811
f 22/2812/2812 423/2813/2813 426/2814/2814
f 118/2815/2815 422/2816/2816 418/2817/2817
f 118/2818/2818 418/2819/2819 421/2820/2820
f 115/2821/2821 421/2822/2822 418/2823/2823
f 115/2824/2824 418/2825/2825 420/2826/2826
f 116/2827/2827 420/2828/2828 418/2829/2829
f 116/2830/2830 418/2831/2831 419/2832/2832
f 8/2833/2833 419/2834/2834 418/2835/2835
f 8/2836/2836 418/2837/2837 422/2838/2838
f 86/2839/2839 333/2840/2840 416/2841/2841
f 86/2842/2842 416/2843/2843 414/2844/2844
f 114/2845/2845 414/2846/2846 416/2847/2847
f 114/2848/2848 416/2849/2849 417/2850/2850
f 111/2851/2851 417/2852/2852 416/2853/2853
f 111/2854/2854 416/2855/2855 409/2856/2856
f 18/2857/2857 409/2858/2858 416/2859/2859
f 18/2860/2860 416/2861/2861 333/2862/2862
f 104/2863/2863 388/2864/2864 413/2865/2865
f 104/2866/2866 413/2867/2867 415/2868/2868
f 114/2869/2869 415/2870/2870 413/2871/2871
f 114/2872/2872 413/2873/2873 414/2874/2874
f 86/2875/2875 414/2876/2876 413/2877/2877
f 86/2878/2878 413/2879/2879 339/2880/2880
f 24/2881/2881 339/2882/2882 413/2883/2883
f 24/2884/2884 413/2885/2885 388/2886/2886
f 112/2887/2887 412/2888/2888 410/2889/2889
f 112/2890/2890 410/2891/2891 408/2892/2892
f 110/2893/2893 408/2894/2894 410/2895/2895
f 110/2896/2896 410/2897/2897 404/2898/2898
f 113/2899/2899 404/2900/2900 410/2901/2901
f 113/2902/2902 410/2903/2903 411/2904/2904
f 33/2905/2905 411/2906/2906 410/2907/2907
f 33/2908/2908 410/2909/2909 412/2910/2910
f 111/2911/2911 409/2912/2912 406/2913/2913
f 111/2914/2914 406/2915/2915 405/2916/2916
f 110/2917/2917 405/2918/2918 406/2919/2919
f 110/2920/2920 406/2921/2921 408/2922/2922
f 112/2923/2923 408/2924/2924 406/2925/2925
f 112/2926/2926 406/2927/2927 407/2928/2928
f 18/2929/2929 407/2930/2930 406/2931/2931
f 18/2932/2932 406/2933/2933 409/2934/2934
f 109/2935/2935 403/2936/2936 401/2937/2937
f 109/2938/2938 401/2939/2939 399/2940/2940
f 108/2941/2941 399/2942/2942 401/2943/2943
f 108/2944/2944 401/2945/2945 402/2946/2946
f 102/2947/2947 402/2948/2948 401/2949/2949
f 102/2950/2950 401/2951/2951 382/2952/2952
f 20/2953/2953 382/2954/2954 401/2955/2955
f 20/2956/2956 401/2957/2957 403/2958/2958
f 98/2959/2959 373/2960/2960 397/2961/2961
f 98/2962/2962 397/2963/2963 400/2964/2964
f 108/2965/2965 400/2966/2966 397/2967/2967
f 108/2968/2968 397/2969/2969 399/2970/2970
f 109/2971/2971 399/2972/2972 397/2973/2973
f 109/2974/2974 397/2975/2975 398/2976/2976
f 23/2977/2977 398/2978/2978 397/2979/2979
f 23/2980/2980 397/2981/2981 373/2982/2982
f 105/2983/2983 555/2984/2984 391/2985/2985
f 105/2986/2986 391/2987/2987 543/2988/2988
f 105/2989/2989 543/2990/2990 394/2991/2991
f 105/2992/2992 394/2993/2993 395/2994/2994
f 99/2995/2995 395/2996/2996 394/2997/2997
f 99/2998/2998 394/2999/2999 547/3000/3000
f 99/3001/3001 547/3002/3002 371/3003/3003
f 107/3004/3004 393/3005/3005 389/3006/3006
f 107/3007/3007 389/3008/3008 553/3009/3009
f 107/3010/3010 553/3011/3011 557/3012/3012
f 107/3013/3013 557/3014/3014 392/3015/3015
f 106/3016/3016 544/3017/3017 391/3018/3018
f 106/3019/3019 391/3020/3020 554/3021/3021
f 106/3022/3022 554/3023/3023 389/3024/3024
f 106/3025/3025 389/3026/3026 390/3027/3027
f 32/3028/3028 390/3029/3029 389/3030/3030
f 32/3031/3031 389/3032/3032 393/3033/3033
f 94/3034/3034 360/3035/3035 387/3036/3036
f 94/3037/3037 387/3038/3038 386/3039/3039
f 103/3040/3040 386/3041/3041 387/3042/3042
f 103/3043/3043 387/3044/3044 383/3045/3045
f 104/3046/3046 383/3047/3047 387/3048/3048
f 104/3049/3049 387/3050/3050 388/3051/3051
f 24/3052/3052 388/3053/3053 387/3054/3054
f 24/3055/3055 387/3056/3056 360/3057/3057
f 101/3058/3058 377/3059/3059 385/3060/3060
f 101/3061/3061 385/3062/3062 384/3063/3063
f 103/3064/3064 384/3065/3065 385/3066/3066
f 103/3067/3067 385/3068/3068 386/3069/3069
f 94/3070/3070 386/3071/3071 385/3072/3072
f 94/3073/3073 385/3074/3074 364/3075/3075
f 19/3076/3076 364/3077/3077 385/3078/3078
f 19/3079/3079 385/3080/3080 377/3081/3081
f 102/3082/3082 382/3083/3083 381/3084/3084
f 102/3085/3085 381/3086/3086 380/3087/3087
f 100/3088/3088 380/3089/3089 381/3090/3090
f 100/3091/3091 381/3092/3092 379/3093/3093
f 81/3094/3094 379/3095/3095 381/3096/3096
f 81/3097/3097 381/3098/3098 323/3099/3099
f 20/3100/3100 323/3101/3101 381/3102/3102
f 20/3103/3103 381/3104/3104 382/3105/3105
f 81/3106/3106 317/3107/3107 376/3108/3108
f 81/3109/3109 376/3110/3110 379/3111/3111
f 100/3112/3112 379/3113/3113 376/3114/3114
f 100/3115/3115 376/3116/3116 378/3117/3117
f 101/3118/3118 378/3119/3119 376/3120/3120
f 101/3121/3121 376/3122/3122 377/3123/3123
f 19/3124/3124 377/3125/3125 376/3126/3126
f 19/3127/3127 376/3128/3128 317/3129/3129
f 97/3130/3130 375/3131/3131 372/3132/3132
f 97/3133/3133 372/3134/3134 369/3135/3135
f 96/3136/3136 369/3137/3137 372/3138/3138
f 96/3139/3139 372/3140/3140 374/3141/3141
f 98/3142/3142 374/3143/3143 372/3144/3144
f 98/3145/3145 372/3146/3146 373/3147/3147
f 23/3148/3148 373/3149/3149 372/3150/3150
f 23/3151/3151 372/3152/3152 375/3153/3153
f 99/3154/3154 371/3155/3155 367/3156/3156
f 99/3157/3157 367/3158/3158 370/3159/3159
f 96/3160/3160 370/3161/3161 367/3162/3162
f 96/3163/3163 367/3164/3164 369/3165/3165
f 97/3166/3166 369/3167/3167 367/3168/3168
f 97/3169/3169 367/3170/3170 368/3171/3171
f 22/3172/3172 368/3173/3173 367/3174/3174
f 22/3175/3175 367/3176/3176 371/3177/3177
f 22/3178/3178 371/3179/3179 546/3180/3180
