v 1.002755 0.236099 8.477587
v 1.512587 0.686758 9.062008
v 1.103431 -0.142027 9.641282
v 1.501789 0.111234 9.406515
v 1.864130 -0.230601 9.093666
v 1.443382 -0.149527 8.721899
v 1.808387 -1.059069 9.241217
v 0.856205 0.591236 7.804693
v 1.462906 0.928953 8.479172
v 1.393621 -0.024788 8.410599
v 1.755962 0.090173 8.383004
v 1.335214 0.171247 8.011238
v 1.700219 -0.738294 8.530556
v -1.002755 0.236099 8.477587
v -1.512587 0.686758 9.062008
v -1.103431 -0.142027 9.641282
v -1.501789 0.111234 9.406515
v -1.864130 -0.230601 9.093666
v -1.443382 -0.149527 8.721899
v -1.808387 -1.059069 9.241217
v 2.906526 3.353229 5.288306
v 3.746319 -0.449876 5.477384
v 1.734039 0.779515 -0.660860
v 3.718919 -0.636187 5.282901
v 3.124805 3.057345 5.283248
v 2.184012 0.233052 0.056171
v 0.000025 3.123770 -4.869335
v 0.000025 1.222150 -4.580978
v 0.000025 0.935868 -7.033357
v 0.000025 -0.662541 -12.699770
v 0.000025 1.937732 -7.271394
v 0.000026 3.847270 -3.191598
v 0.000025 4.453465 -1.535604
v 0.000025 4.740955 0.121662
v 0.000025 5.192437 0.450015
v 0.000025 5.420957 1.351927
v 0.000025 4.705251 2.545197
v 0.000025 4.800679 2.831197
v 0.000024 3.822547 4.761699
v 0.000024 3.989545 4.904698
v 0.000019 2.862296 6.214609
v 0.000021 2.761201 7.028714
v 0.000024 2.467309 8.378796
v 0.000024 1.976960 9.542168
v 0.000030 1.232866 10.575111
v 0.000023 0.294982 11.336864
v 0.000023 0.005451 11.458873
v 0.000021 -0.286237 11.268207
v 0.000030 -0.406534 10.674664
v 0.000024 -0.347759 9.644837
v 0.000021 0.703221 7.140324
v 0.000006 0.745013 5.738866
v 0.000024 1.389148 5.071532
v 0.000024 1.317578 3.546197
v 0.000025 1.007439 3.260197
v 0.000025 0.673443 2.378363
v 0.000025 -0.018406 0.117581
v 0.000025 0.268124 -1.530160
v 0.000026 1.031295 -3.198642
v 2.782537 3.791059 5.253835
v 3.110006 4.042891 5.456300
v 3.536019 -0.319459 5.014777
v 0.000025 -0.068959 1.159684
v 3.215500 3.036814 5.067395
v 2.826409 4.303726 4.888547
v 4.558771 -0.423694 4.961013
v 3.551463 0.257155 4.516971
v 3.199086 2.946481 5.278668
v 4.375871 -0.106966 4.692888
v 2.709240 4.107787 5.271678
v 2.823547 -2.308665 0.209527
v 2.823546 -2.571090 -1.005973
v 2.823547 -3.334509 -1.339641
v 2.834722 -4.288785 -0.505474
v 2.834722 -5.048131 -1.776273
v 2.834722 -4.719465 -2.064134
v 2.823546 -3.406081 -2.626642
v 2.823547 -2.952800 -2.936475
v 2.820766 -1.712243 -1.387308
v 3.862781 0.736971 5.238013
v 3.833823 2.807942 7.347787
v 3.527130 -2.025532 0.102255
v 3.402711 -2.141667 -1.196641
v 3.991565 0.028991 5.106660
v 3.656424 -4.885156 -1.510755
v 3.762039 -4.515424 -0.880849
v 3.733916 0.698040 5.594878
v 3.815454 -4.414032 -0.958307
v 3.815454 -4.624924 -1.721159
v 3.462789 -3.370295 -1.983142
v 3.377581 -3.388188 -2.304893
v 2.975026 3.539539 5.590026
v 3.612027 -3.143655 -2.138059
v 2.823546 -4.404834 0.599759
v 2.823546 -5.281082 2.246717
v 3.078617 -4.641234 1.637159
v 4.503948 -5.216940 1.146646
v 3.333686 -5.010338 0.566670
v 3.078616 -5.046239 1.387882
v 3.333686 -4.599297 0.399546
v 4.359611 -5.035614 0.558891
v 4.359611 -4.875234 0.615327
v 4.042516 -5.108316 1.052897
v 4.042515 -4.897965 0.962314
v 2.837756 -4.629074 1.659524
v 2.862079 -5.046239 1.387882
v 1.041703 0.564709 2.103091
v 2.794018 1.769974 0.744896
v 2.032357 3.421129 0.887629
v 3.227176 4.238831 5.073169
v 1.808008 1.959790 -1.538503
v 3.397688 2.996730 5.202552
v 4.188931 0.813165 5.420485
v 3.424462 3.484273 5.089799
v 2.405131 1.228963 1.913396
v 4.586171 -0.237384 5.155494
v 4.351760 2.938986 7.149278
v 4.670557 1.527647 8.685767
v 4.104437 2.603314 7.100581
v 2.820767 -0.042263 2.759696
v 2.820766 -1.139678 3.188697
v 2.820767 -1.545246 2.902697
v 2.820767 -1.640673 2.259196
v 2.820767 -0.531351 -0.570888
v 2.820766 -0.328546 0.376361
v 0.709654 0.946374 7.131799
v 1.626386 2.628571 5.239150
v 1.524830 2.548234 5.078557
v 1.355502 3.913962 3.150798
v 2.058056 2.356292 2.359065
v 2.058056 2.673710 3.083982
v 2.613251 1.897932 1.276828
v 2.058056 3.110593 0.110152
v 2.025229 1.960574 1.491931
v 0.260845 0.968273 5.747920
v 3.710733 0.401612 4.619914
v 1.922779 1.723654 -0.280711
v 3.103551 1.114831 1.004642
v 3.551483 -0.185404 1.568028
v 3.551483 -0.734112 1.782529
v 3.551483 -0.936895 1.639528
v 3.460769 -0.984609 1.317779
v 3.721714 -1.420008 -0.180680
v 1.172090 1.544713 -7.176359
v 1.666139 2.326348 -4.749254
v 1.839901 2.655350 -3.196052
v 2.058056 2.934776 -1.541284
v 1.477396 4.050348 0.119625
v 1.518726 1.128689 -1.535722
v 1.353742 3.831219 -1.543142
v 1.117037 3.423429 -3.186815
v 1.391001 1.843323 -3.190338
v 1.400044 1.922701 -4.677106
v 0.886961 2.156768 7.031545
v 1.816558 2.884476 4.289557
v 1.439353 3.960940 3.370563
v 1.622560 1.926374 5.018739
v 1.802516 2.651556 4.111165
v 2.973004 3.670270 4.852860
v 2.901584 4.383082 5.137073
v 1.778669 1.717468 3.402045
v 1.778669 1.556794 2.853169
v 1.778669 1.274185 2.091693
v 3.031592 1.230115 1.735100
v 1.778669 1.753253 4.164714
v 1.480424 1.704750 4.831441
v 2.595753 3.027629 2.070819
v 3.492963 3.670584 5.391519
v 0.794324 2.863237 -4.821285
v 1.451388 4.586710 0.928679
v 1.024111 4.862068 1.627880
v 3.402663 3.127646 5.176753
v 4.539589 0.144553 5.286090
v 2.367619 3.367123 2.474672
v 2.238051 4.002667 2.058719
v 3.300473 3.922103 5.055326
v 2.029545 3.039155 2.854392
v 2.422491 3.760190 1.466038
v 1.485518 4.091416 0.482036
v 3.356900 -1.001620 2.703869
v 3.356900 -1.315063 2.432323
v 3.266186 -1.409095 1.972785
v 2.113519 -0.072524 2.389485
v 3.356900 -0.071740 2.390527
v 3.809722 0.322497 4.417987
v 1.188551 1.479773 7.131406
v 0.575428 2.510883 6.618227
v 1.896909 -0.734112 1.782529
v 1.896909 -0.936895 1.639529
v 1.896909 -0.984609 1.317779
v 1.896909 -1.420008 -0.180680
v 2.091460 -1.416816 1.982995
v 2.091460 -1.318580 2.457620
v 2.091460 -0.999312 2.711299
v 2.091460 -2.030793 0.100863
v 2.241602 -2.141667 -1.196641
v 4.081145 3.143614 7.396485
v 1.987890 -4.885156 -1.510755
v 1.891039 -4.515424 -0.880849
v 3.699737 -0.067940 5.607978
v 1.828859 -4.414032 -0.958307
v 1.828859 -4.624924 -1.721159
v 2.181525 -3.370295 -1.983142
v 2.266732 -3.388188 -2.304893
v 5.188495 1.658692 8.487257
v 2.032286 -3.143655 -2.138059
v 0.682571 -0.105309 1.360980
v 2.565696 -4.641234 1.637159
v 1.140365 -5.216940 1.146646
v 2.310627 -5.010338 0.566670
v 2.565697 -5.046239 1.387882
v 2.310627 -4.599297 0.399546
v 1.284702 -5.035614 0.558891
v 1.284702 -4.875234 0.615327
v 1.601798 -5.108316 1.052897
v 1.601798 -4.897965 0.962314
v 1.295536 0.876549 9.540627
v 0.931467 0.478086 10.579279
v 1.562270 0.444563 9.644845
v 1.213728 0.153657 10.678230
v 1.197288 1.473616 8.375740
v 3.650452 0.178040 4.315043
v 3.920325 -0.455416 4.601008
v 4.286124 -1.088872 5.137254
v 4.340923 -0.716251 5.526219
v 4.247760 0.047622 5.787408
v 4.060064 0.774234 5.777352
v 3.381274 2.906396 5.413827
v 3.357983 3.167232 5.525245
v 4.913086 1.434806 8.439074
v 5.809220 -0.426463 9.548507
v 4.945965 1.751533 8.733950
v 0.000024 -0.035793 8.483626
v -2.906527 3.353229 5.288306
v -3.746320 -0.449876 5.477383
v -1.734039 0.779515 -0.660860
v -3.718919 -0.636187 5.282900
v -3.124807 3.057345 5.283247
v -2.184012 0.233052 0.056170
v -2.782538 3.791059 5.253834
v -3.110007 4.042891 5.456299
v -3.536021 -0.319459 5.014777
v -3.215501 3.036814 5.067395
v -2.826411 4.303726 4.888546
v -4.558771 -0.423694 4.961013
v -3.551464 0.257155 4.516970
v -3.199087 2.946481 5.278668
v -4.375872 -0.106966 4.692887
v -2.709241 4.107787 5.271677
v -2.823547 -2.308665 0.209527
v -2.823547 -2.571090 -1.005975
v -2.823547 -3.334509 -1.339641
v -2.834723 -4.288785 -0.505474
v -2.834722 -5.048131 -1.776273
v -2.834722 -4.719465 -2.064136
v -2.823546 -3.406081 -2.626644
v -2.823547 -2.952800 -2.936477
v -2.820767 -1.712243 -1.387308
v -3.862782 0.736971 5.238013
v -3.833824 2.807942 7.347786
v -3.527130 -2.025532 0.102254
v -3.402711 -2.141667 -1.196641
v -3.991566 0.028991 5.106660
v -3.656424 -4.885156 -1.510757
v -3.762038 -4.515424 -0.880850
v -3.733917 0.698040 5.594878
v -3.815455 -4.414032 -0.958308
v -3.815455 -4.624924 -1.721160
v -3.462789 -3.370295 -1.983142
v -3.377581 -3.388188 -2.304893
v -2.975027 3.539539 5.590025
v -3.612026 -3.143655 -2.138059
v -2.823547 -4.404834 0.599759
v -2.823547 -5.281082 2.246716
v -3.078617 -4.641234 1.637159
v -4.503947 -5.216940 1.146646
v -3.333686 -5.010338 0.566670
v -3.078616 -5.046239 1.387882
v -3.333686 -4.599297 0.399545
v -4.359611 -5.035614 0.558891
v -4.359611 -4.875234 0.615327
v -4.042516 -5.108316 1.052896
v -4.042515 -4.897965 0.962314
v -2.837756 -4.629074 1.659523
v -2.862079 -5.046239 1.387882
v -1.041704 0.564709 2.103091
v -2.794018 1.769974 0.744895
v -2.032357 3.421129 0.887628
v -3.227177 4.238831 5.073168
v -1.808008 1.959790 -1.538503
v -3.397689 2.996730 5.202551
v -4.188931 0.813165 5.420485
v -3.424463 3.484273 5.089798
v -2.405131 1.228963 1.913396
v -4.586171 -0.237384 5.155494
v -4.351761 2.938986 7.149277
v -4.670559 1.527647 8.685766
v -4.104438 2.603314 7.100581
v -2.820768 -0.042263 2.759696
v -2.820767 -1.139678 3.188696
v -2.820768 -1.545246 2.902696
v -2.820767 -1.640673 2.259195
v -2.820767 -0.531351 -0.570888
v -2.820767 -0.328546 0.376360
v -0.709655 0.946374 7.131799
v -1.626387 2.628571 5.239150
v -1.524831 2.548234 5.078557
v -1.355503 3.913962 3.150797
v -2.058056 2.356292 2.359065
v -2.058056 2.673710 3.083982
v -2.613252 1.897932 1.276828
v -2.058056 3.110593 0.110151
v -2.025230 1.960574 1.491931
v -0.260846 0.968273 5.747920
v -3.710734 0.401612 4.619914
v -1.922779 1.723654 -0.280711
v -3.103551 1.114831 1.004642
v -3.551483 -0.185404 1.568028
v -3.551483 -0.734112 1.782528
v -3.551483 -0.936895 1.639528
v -3.460770 -0.984609 1.317778
v -3.721713 -1.420008 -0.180680
v -1.172089 1.544713 -7.176359
v -1.666138 2.326348 -4.749254
v -1.839901 2.655350 -3.196052
v -2.058056 2.934776 -1.541284
v -1.477396 4.050348 0.119625
v -1.518726 1.128689 -1.535722
v -1.353742 3.831219 -1.543142
v -1.117037 3.423429 -3.186815
v -1.391000 1.843323 -3.190338
v -1.400043 1.922701 -4.677106
v -0.886962 2.156768 7.031545
v -1.816559 2.884476 4.289557
v -1.439353 3.960940 3.370562
v -1.622561 1.926374 5.018738
v -1.802517 2.651556 4.111165
v -2.973005 3.670270 4.852860
v -2.901585 4.383082 5.137072
v -1.778670 1.717468 3.402045
v -1.778670 1.556794 2.853169
v -1.778670 1.274185 2.091692
v -3.031593 1.230115 1.735099
v -1.778670 1.753253 4.164713
v -1.480425 1.704750 4.831441
v -2.595754 3.027629 2.070819
v -3.492963 3.670584 5.391518
v -0.794323 2.863237 -4.821285
v -1.451388 4.586710 0.928679
v -1.024111 4.862068 1.627880
v -3.402664 3.127646 5.176753
v -4.539590 0.144553 5.286089
v -2.367619 3.367123 2.474672
v -2.238052 4.002667 2.058718
v -3.300473 3.922103 5.055325
v -2.029545 3.039155 2.854392
v -2.422491 3.760190 1.466038
v -1.485518 4.091416 0.482036
v -3.356900 -1.001620 2.703868
v -3.356900 -1.315063 2.432323
v -3.266187 -1.409095 1.972785
v -2.113519 -0.072524 2.389485
v -3.356900 -0.071740 2.390527
v -3.809723 0.322497 4.417986
v -1.188552 1.479773 7.131406
v -0.575429 2.510883 6.618227
v -1.896909 -0.734112 1.782528
v -1.896909 -0.936895 1.639528
v -1.896909 -0.984609 1.317778
v -1.896909 -1.420008 -0.180680
v -2.091460 -1.416816 1.982995
v -2.091461 -1.318580 2.457620
v -2.091461 -0.999312 2.711299
v -2.091460 -2.030793 0.100863
v -2.241601 -2.141667 -1.196641
v -4.081146 3.143614 7.396485
v -1.987890 -4.885156 -1.510755
v -1.891039 -4.515424 -0.880849
v -3.699739 -0.067940 5.607977
v -1.828859 -4.414032 -0.958307
v -1.828859 -4.624924 -1.721159
v -2.181525 -3.370295 -1.983142
v -2.266732 -3.388188 -2.304893
v -5.188496 1.658692 8.487256
v -2.032286 -3.143655 -2.138059
v -0.682571 -0.105309 1.360980
v -2.565697 -4.641234 1.637159
v -1.140366 -5.216940 1.146646
v -2.310627 -5.010338 0.566670
v -2.565697 -5.046239 1.387882
v -2.310627 -4.599297 0.399545
v -1.284702 -5.035614 0.558891
v -1.284702 -4.875234 0.615327
v -1.601798 -5.108316 1.052896
v -1.601798 -4.897965 0.962314
v -1.295538 0.876549 9.540627
v -0.931469 0.478086 10.579279
v -1.562271 0.444563 9.644845
v -1.213730 0.153657 10.678230
v -1.197289 1.473616 8.375740
v -3.650453 0.178040 4.315043
v -3.920326 -0.455416 4.601008
v -4.286124 -1.088872 5.137254
v -4.340924 -0.716251 5.526219
v -4.247761 0.047622 5.787407
v -4.060065 0.774234 5.777352
v -3.381274 2.906396 5.413826
v -3.357984 3.167232 5.525244
v -4.913087 1.434806 8.439073
v -5.809221 -0.426463 9.548506
v -4.945967 1.751533 8.733949
v -1.462906 0.928953 8.479172
v -0.774344 -0.126439 10.676447
v 0.774373 -0.126439 10.676447
v 1.520762 -0.352939 10.677339
v -1.520741 -0.352939 10.677339
v 1.573991 0.005815 10.159756
v -1.573993 0.005815 10.159756
v -0.826975 -0.195969 11.428439
v -1.250917 -0.046050 11.430223
v -1.313794 -0.434867 11.429331
v 1.250915 -0.046051 11.430223
v 0.827006 -0.195969 11.428439
v 1.313813 -0.434867 11.429331
v -0.774227 -0.230325 12.307547
v 0.774235 -0.230326 12.307547
v 1.325728 1.204363 7.805289
v -1.325729 1.204363 7.805289
v -0.856205 0.591236 7.804693
v 1.290549 0.316151 7.710473
v 1.652890 0.431113 7.710802
v 1.232143 0.512187 7.339036
v 1.597148 -0.397355 7.858354
v -1.290550 0.316151 7.710473
v -1.652890 0.431113 7.710802
v -1.232143 0.512187 7.339036
v -1.597148 -0.397355 7.858354
v -1.393621 -0.024788 8.410599
v -1.755962 0.090173 8.383004
v -1.335214 0.171247 8.011238
v -1.700219 -0.738294 8.530556
vt 0.000000 0.000000
vt 0.000000 0.000000
vt 0.000000 0.000000
vt 0.000000 0.000000
vt 0.000000 0.000000
vt 0.000000 0.000000
vt 0.000000 0.000000
vt 0.000000 0.000000
vt 0.000000 0.000000
vt 0.000000 0.000000
vt 0.000000 0.000000
vt 0.000000 0.000000
vt 0.000000 0.000000
vt 0.000000 0.000000
vt 0.000000 0.000000
vt 0.000000 0.000000
vt 0.000000 0.000000
vt 0.000000 0.000000
vt 0.000000 0.000000
vt 0.000000 0.000000
vt 0.000000 0.000000
vt 0.000000 0.000000
vt 0.000000 0.000000
vt 0.000000 0.000000
vt 0.000000 0.000000
vt 0.000000 0.000000
vt 0.000000 0.000000
vt 0.000000 0.000000
vt 0.000000 0.000000
vt 0.000000 0.000000
vt 0.000000 0.000000
vt 0.000000 0.000000
vt 0.000000 0.000000
vt 0.000000 0.000000
vt 0.000000 0.000000
vt 0.000000 0.000000
vt 0.000000 0.000000
vt 0.000000 0.000000
vt 0.000000 0.000000
vt 0.000000 0.000000
vt 0.000000 0.000000
vt 0.000000 0.000000
vt 0.000000 0.000000
vt 0.000000 0.000000
vt 0.000000 0.000000
vt 0.000000 0.000000
vt 0.000000 0.000000
vt 0.000000 0.000000
vt 0.000000 0.000000
vt 0.000000 0.000000
vt 0.000000 0.000000
vt 0.000000 0.000000
vt 0.000000 0.000000
vt 0.000000 0.000000
vt 0.000000 0.000000
vt 0.000000 0.000000
vt 0.000000 0.000000
vt 0.000000 0.000000
vt 0.000000 0.000000
vt 0.000000 0.000000
vt 0.000000 0.000000
vt 0.000000 0.000000
vt 0.000000 0.000000
vt 0.000000 0.000000
vt 0.000000 0.000000
vt 0.000000 0.000000
vt 0.000000 0.000000
vt 0.000000 0.000000
vt 0.000000 0.000000
vt 0.000000 0.000000
vt 0.000000 0.000000
vt 0.000000 0.000000
vt 0.000000 0.000000
vt 0.000000 0.000000
vt 0.000000 0.000000
vt 0.000000 0.000000
vt 0.000000 0.000000
vt 0.000000 0.000000
vt 0.000000 0.000000
vt 0.000000 0.000000
vt 0.000000 0.000000
vt 0.000000 0.000000
vt 0.000000 0.000000
vt 0.000000 0.000000
vt 0.000000 0.000000
vt 0.000000 0.000000
vt 0.000000 0.000000
vt 0.000000 0.000000
vt 0.000000 0.000000
vt 0.000000 0.000000
vt 0.000000 0.000000
vt 0.000000 0.000000
vt 0.000000 0.000000
vt 0.000000 0.000000
vt 0.000000 0.000000
vt 0.000000 0.000000
vt 0.000000 0.000000
vt 0.000000 0.000000
vt 0.000000 0.000000
vt 0.000000 0.000000
vt 0.000000 0.000000
vt 0.000000 0.000000
vt 0.000000 0.000000
vt 0.000000 0.000000
vt 0.000000 0.000000
vt 0.000000 0.000000
vt 0.000000 0.000000
vt 0.000000 0.000000
vt 0.000000 0.000000
vt 0.000000 0.000000
vt 0.000000 0.000000
vt 0.000000 0.000000
vt 0.000000 0.000000
vt 0.000000 0.000000
vt 0.000000 0.000000
vt 0.000000 0.000000
vt 0.000000 0.000000
vt 0.000000 0.000000
vt 0.000000 0.000000
vt 0.000000 0.000000
vt 0.000000 0.000000
vt 0.000000 0.000000
vt 0.000000 0.000000
vt 0.000000 0.000000
vt 0.000000 0.000000
vt 0.000000 0.000000
vt 0.000000 0.000000
vt 0.000000 0.000000
vt 0.000000 0.000000
vt 0.000000 0.000000
vt 0.000000 0.000000
vt 0.000000 0.000000
vt 0.000000 0.000000
vt 0.000000 0.000000
vt 0.000000 0.000000
vt 0.000000 0.000000
vt 0.000000 0.000000
vt 0.000000 0.000000
vt 0.000000 0.000000
vt 0.000000 0.000000
vt 0.000000 0.000000
vt 0.000000 0.000000
vt 0.000000 0.000000
vt 0.000000 0.000000
vt 0.000000 0.000000
vt 0.000000 0.000000
vt 0.000000 0.000000
vt 0.000000 0.000000
vt 0.000000 0.000000
vt 0.000000 0.000000
vt 0.000000 0.000000
vt 0.000000 0.000000
vt 0.000000 0.000000
vt 0.000000 0.000000
vt 0.000000 0.000000
vt 0.000000 0.000000
vt 0.000000 0.000000
vt 0.000000 0.000000
vt 0.000000 0.000000
vt 0.000000 0.000000
vt 0.000000 0.000000
vt 0.000000 0.000000
vt 0.000000 0.000000
vt 0.000000 0.000000
vt 0.000000 0.000000
vt 0.000000 0.000000
vt 0.000000 0.000000
vt 0.000000 0.000000
vt 0.000000 0.000000
vt 0.000000 0.000000
vt 0.000000 0.000000
vt 0.000000 0.000000
vt 0.000000 0.000000
vt 0.000000 0.000000
vt 0.000000 0.000000
vt 0.000000 0.000000
vt 0.000000 0.000000
vt 0.000000 0.000000
vt 0.000000 0.000000
vt 0.000000 0.000000
vt 0.000000 0.000000
vt 0.000000 0.000000
vt 0.000000 0.000000
vt 0.000000 0.000000
vt 0.000000 0.000000
vt 0.000000 0.000000
vt 0.000000 0.000000
vt 0.000000 0.000000
vt 0.000000 0.000000
vt 0.000000 0.000000
vt 0.000000 0.000000
vt 0.000000 0.000000
vt 0.000000 0.000000
vt 0.000000 0.000000
vt 0.000000 0.000000
vt 0.000000 0.000000
vt 0.000000 0.000000
vt 0.000000 0.000000
vt 0.000000 0.000000
vt 0.000000 0.000000
vt 0.000000 0.000000
vt 0.000000 0.000000
vt 0.000000 0.000000
vt 0.000000 0.000000
vt 0.000000 0.000000
vt 0.000000 0.000000
vt 0.000000 0.000000
vt 0.000000 0.000000
vt 0.000000 0.000000
vt 0.000000 0.000000
vt 0.000000 0.000000
vt 0.000000 0.000000
vt 0.000000 0.000000
vt 0.000000 0.000000
vt 0.000000 0.000000
vt 0.000000 0.000000
vt 0.000000 0.000000
vt 0.000000 0.000000
vt 0.000000 0.000000
vt 0.000000 0.000000
vt 0.000000 0.000000
vt 0.000000 0.000000
vt 0.000000 0.000000
vt 0.000000 0.000000
vt 0.000000 0.000000
vt 0.000000 0.000000
vt 0.000000 0.000000
vt 0.000000 0.000000
vt 0.000000 0.000000
vt 0.000000 0.000000
vt 0.000000 0.000000
vt 0.000000 0.000000
vt 0.000000 0.000000
vt 0.000000 0.000000
vt 0.000000 0.000000
vt 0.000000 0.000000
vt 0.000000 0.000000
vt 0.000000 0.000000
vt 0.000000 0.000000
vt 0.000000 0.000000
vt 0.000000 0.000000
vt 0.000000 0.000000
vt 0.000000 0.000000
vt 0.000000 0.000000
vt 0.000000 0.000000
vt 0.000000 0.000000
vt 0.000000 0.000000
vt 0.000000 0.000000
vt 0.000000 0.000000
vt 0.000000 0.000000
vt 0.000000 0.000000
vt 0.000000 0.000000
vt 0.000000 0.000000
vt 0.000000 0.000000
vt 0.000000 0.000000
vt 0.000000 0.000000
vt 0.000000 0.000000
vt 0.000000 0.000000
vt 0.000000 0.000000
vt 0.000000 0.000000
vt 0.000000 0.000000
vt 0.000000 0.000000
vt 0.000000 0.000000
vt 0.000000 0.000000
vt 0.000000 0.000000
vt 0.000000 0.000000
vt 0.000000 0.000000
vt 0.000000 0.000000
vt 0.000000 0.000000
vt 0.000000 0.000000
vt 0.000000 0.000000
vt 0.000000 0.000000
vt 0.000000 0.000000
vt 0.000000 0.000000
vt 0.000000 0.000000
vt 0.000000 0.000000
vt 0.000000 0.000000
vt 0.000000 0.000000
vt 0.000000 0.000000
vt 0.000000 0.000000
vt 0.000000 0.000000
vt 0.000000 0.000000
vt 0.000000 0.000000
vt 0.000000 0.000000
vt 0.000000 0.000000
vt 0.000000 0.000000
vt 0.000000 0.000000
vt 0.000000 0.000000
vt 0.000000 0.000000
vt 0.000000 0.000000
vt 0.000000 0.000000
vt 0.000000 0.000000
vt 0.000000 0.000000
vt 0.000000 0.000000
vt 0.000000 0.000000
vt 0.000000 0.000000
vt 0.000000 0.000000
vt 0.000000 0.000000
vt 0.000000 0.000000
vt 0.000000 0.000000
vt 0.000000 0.000000
vt 0.000000 0.000000
vt 0.000000 0.000000
vt 0.000000 0.000000
vt 0.000000 0.000000
vt 0.000000 0.000000
vt 0.000000 0.000000
vt 0.000000 0.000000
vt 0.000000 0.000000
vt 0.000000 0.000000
vt 0.000000 0.000000
vt 0.000000 0.000000
vt 0.000000 0.000000
vt 0.000000 0.000000
vt 0.000000 0.000000
vt 0.000000 0.000000
vt 0.000000 0.000000
vt 0.000000 0.000000
vt 0.000000 0.000000
vt 0.000000 0.000000
vt 0.000000 0.000000
vt 0.000000 0.000000
vt 0.000000 0.000000
vt 0.000000 0.000000
vt 0.000000 0.000000
vt 0.000000 0.000000
vt 0.000000 0.000000
vt 0.000000 0.000000
vt 0.000000 0.000000
vt 0.000000 0.000000
vt 0.000000 0.000000
vt 0.000000 0.000000
vt 0.000000 0.000000
vt 0.000000 0.000000
vt 0.000000 0.000000
vt 0.000000 0.000000
vt 0.000000 0.000000
vt 0.000000 0.000000
vt 0.000000 0.000000
vt 0.000000 0.000000
vt 0.000000 0.000000
vt 0.000000 0.000000
vt 0.000000 0.000000
vt 0.000000 0.000000
vt 0.000000 0.000000
vt 0.000000 0.000000
vt 0.000000 0.000000
vt 0.000000 0.000000
vt 0.000000 0.000000
vt 0.000000 0.000000
vt 0.000000 0.000000
vt 0.000000 0.000000
vt 0.000000 0.000000
vt 0.000000 0.000000
vt 0.000000 0.000000
vt 0.000000 0.000000
vt 0.000000 0.000000
vt 0.000000 0.000000
vt 0.000000 0.000000
vt 0.000000 0.000000
vt 0.000000 0.000000
vt 0.000000 0.000000
vt 0.000000 0.000000
vt 0.000000 0.000000
vt 0.000000 0.000000
vt 0.000000 0.000000
vt 0.000000 0.000000
vt 0.000000 0.000000
vt 0.000000 0.000000
vt 0.000000 0.000000
vt 0.000000 0.000000
vt 0.000000 0.000000
vt 0.000000 0.000000
vt 0.000000 0.000000
vt 0.000000 0.000000
vt 0.000000 0.000000
vt 0.000000 0.000000
vt 0.000000 0.000000
vt 0.000000 0.000000
vt 0.000000 0.000000
vt 0.000000 0.000000
vt 0.000000 0.000000
vt 0.000000 0.000000
vt 0.000000 0.000000
vt 0.000000 0.000000
vt 0.000000 0.000000
vt 0.000000 0.000000
vt 0.000000 0.000000
vt 0.000000 0.000000
vt 0.000000 0.000000
vt 0.000000 0.000000
vt 0.000000 0.000000
vt 0.000000 0.000000
vt 0.000000 0.000000
vt 0.000000 0.000000
vt 0.000000 0.000000
vt 0.000000 0.000000
vt 0.000000 0.000000
vt 0.000000 0.000000
vt 0.000000 0.000000
vt 0.000000 0.000000
vt 0.000000 0.000000
vt 0.000000 0.000000
vt 0.000000 0.000000
vt 0.000000 0.000000
vt 0.000000 0.000000
vt 0.000000 0.000000
vt 0.000000 0.000000
vt 0.000000 0.000000
vt 0.000000 0.000000
vt 0.000000 0.000000
vt 0.000000 0.000000
vt 0.000000 0.000000
vt 0.000000 0.000000
vt 0.000000 0.000000
vt 0.000000 0.000000
vt 0.000000 0.000000
vt 0.000000 0.000000
vt 0.000000 0.000000
vt 0.000000 0.000000
vt 0.000000 0.000000
vt 0.000000 0.000000
vt 0.000000 0.000000
vt 0.000000 0.000000
vt 0.000000 0.000000
vt 0.000000 0.000000
vt 0.000000 0.000000
vt 0.000000 0.000000
vt 0.000000 0.000000
vt 0.000000 0.000000
vt 0.000000 0.000000
vt 0.000000 0.000000
vt 0.000000 0.000000
vt 0.000000 0.000000
vt 0.000000 0.000000
vt 0.000000 0.000000
vt 0.000000 0.000000
vt 0.000000 0.000000
vt 0.000000 0.000000
vt 0.000000 0.000000
vt 0.000000 0.000000
vt 0.000000 0.000000
vt 0.000000 0.000000
vt 0.000000 0.000000
vt 0.000000 0.000000
vt 0.000000 0.000000
vt 0.000000 0.000000
vt 0.000000 0.000000
vt 0.000000 0.000000
vt 0.000000 0.000000
vt 0.000000 0.000000
vt 0.000000 0.000000
vt 0.000000 0.000000
vt 0.000000 0.000000
vt 0.000000 0.000000
vt 0.000000 0.000000
vt 0.000000 0.000000
vt 0.000000 0.000000
vt 0.000000 0.000000
vt 0.000000 0.000000
vt 0.000000 0.000000
vt 0.000000 0.000000
vt 0.000000 0.000000
vt 0.000000 0.000000
vt 0.000000 0.000000
vt 0.000000 0.000000
vt 0.000000 0.000000
vt 0.000000 0.000000
vt 0.000000 0.000000
vt 0.000000 0.000000
vt 0.000000 0.000000
vt 0.000000 0.000000
vt 0.000000 0.000000
vt 0.000000 0.000000
vt 0.000000 0.000000
vt 0.000000 0.000000
vt 0.000000 0.000000
vt 0.000000 0.000000
vt 0.000000 0.000000
vt 0.000000 0.000000
vt 0.000000 0.000000
vt 0.000000 0.000000
vt 0.000000 0.000000
vt 0.000000 0.000000
vt 0.000000 0.000000
vt 0.000000 0.000000
vt 0.000000 0.000000
vt 0.000000 0.000000
vt 0.000000 0.000000
vt 0.000000 0.000000
vt 0.000000 0.000000
vt 0.000000 0.000000
vt 0.000000 0.000000
vt 0.000000 0.000000
vt 0.000000 0.000000
vt 0.000000 0.000000
vt 0.000000 0.000000
vt 0.000000 0.000000
vt 0.000000 0.000000
vt 0.000000 0.000000
vt 0.000000 0.000000
vt 0.000000 0.000000
vt 0.000000 0.000000
vt 0.000000 0.000000
vt 0.000000 0.000000
vt 0.000000 0.000000
vt 0.000000 0.000000
vt 0.000000 0.000000
vt 0.000000 0.000000
vt 0.000000 0.000000
vt 0.000000 0.000000
vt 0.000000 0.000000
vt 0.000000 0.000000
vt 0.000000 0.000000
vt 0.000000 0.000000
vt 0.000000 0.000000
vt 0.000000 0.000000
vt 0.000000 0.000000
vt 0.000000 0.000000
vt 0.000000 0.000000
vt 0.000000 0.000000
vt 0.000000 0.000000
vt 0.000000 0.000000
vt 0.000000 0.000000
vt 0.000000 0.000000
vt 0.000000 0.000000
vt 0.000000 0.000000
vt 0.000000 0.000000
vt 0.000000 0.000000
vt 0.000000 0.000000
vt 0.000000 0.000000
vt 0.000000 0.000000
vt 0.000000 0.000000
vt 0.000000 0.000000
vt 0.000000 0.000000
vt 0.000000 0.000000
vt 0.000000 0.000000
vt 0.000000 0.000000
vt 0.000000 0.000000
vt 0.000000 0.000000
vt 0.000000 0.000000
vt 0.000000 0.000000
vt 0.000000 0.000000
vt 0.000000 0.000000
vt 0.000000 0.000000
vt 0.000000 0.000000
vt 0.000000 0.000000
vt 0.000000 0.000000
vt 0.000000 0.000000
vt 0.000000 0.000000
vt 0.000000 0.000000
vt 0.000000 0.000000
vt 0.000000 0.000000
vt 0.000000 0.000000
vt 0.000000 0.000000
vt 0.000000 0.000000
vt 0.000000 0.000000
vt 0.000000 0.000000
vt 0.000000 0.000000
vt 0.000000 0.000000
vt 0.000000 0.000000
vt 0.000000 0.000000
vt 0.000000 0.000000
vt 0.000000 0.000000
vt 0.000000 0.000000
vt 0.000000 0.000000
vt 0.000000 0.000000
vt 0.000000 0.000000
vt 0.000000 0.000000
vt 0.000000 0.000000
vt 0.000000 0.000000
vt 0.000000 0.000000
vt 0.000000 0.000000
vt 0.000000 0.000000
vt 0.000000 0.000000
vt 0.000000 0.000000
vt 0.000000 0.000000
vt 0.000000 0.000000
vt 0.000000 0.000000
vt 0.000000 0.000000
vt 0.000000 0.000000
vt 0.000000 0.000000
vt 0.000000 0.000000
vt 0.000000 0.000000
vt 0.000000 0.000000
vt 0.000000 0.000000
vt 0.000000 0.000000
vt 0.000000 0.000000
vt 0.000000 0.000000
vt 0.000000 0.000000
vt 0.000000 0.000000
vt 0.000000 0.000000
vt 0.000000 0.000000
vt 0.000000 0.000000
vt 0.000000 0.000000
vt 0.000000 0.000000
vt 0.000000 0.000000
vt 0.000000 0.000000
vt 0.000000 0.000000
vt 0.000000 0.000000
vt 0.000000 0.000000
vt 0.000000 0.000000
vt 0.000000 0.000000
vt 0.000000 0.000000
vt 0.000000 0.000000
vt 0.000000 0.000000
vt 0.000000 0.000000
vt 0.000000 0.000000
vt 0.000000 0.000000
vt 0.000000 0.000000
vt 0.000000 0.000000
vt 0.000000 0.000000
vt 0.000000 0.000000
vt 0.000000 0.000000
vt 0.000000 0.000000
vt 0.000000 0.000000
vt 0.000000 0.000000
vt 0.000000 0.000000
vt 0.000000 0.000000
vt 0.000000 0.000000
vt 0.000000 0.000000
vt 0.000000 0.000000
vt 0.000000 0.000000
vt 0.000000 0.000000
vt 0.000000 0.000000
vt 0.000000 0.000000
vt 0.000000 0.000000
vt 0.000000 0.000000
vt 0.000000 0.000000
vt 0.000000 0.000000
vt 0.000000 0.000000
vt 0.000000 0.000000
vt 0.000000 0.000000
vt 0.000000 0.000000
vt 0.000000 0.000000
vt 0.000000 0.000000
vt 0.000000 0.000000
vt 0.000000 0.000000
vt 0.000000 0.000000
vt 0.000000 0.000000
vt 0.000000 0.000000
vt 0.000000 0.000000
vt 0.000000 0.000000
vt 0.000000 0.000000
vt 0.000000 0.000000
vt 0.000000 0.000000
vt 0.000000 0.000000
vt 0.000000 0.000000
vt 0.000000 0.000000
vt 0.000000 0.000000
vt 0.000000 0.000000
vt 0.000000 0.000000
vt 0.000000 0.000000
vt 0.000000 0.000000
vt 0.000000 0.000000
vt 0.000000 0.000000
vt 0.000000 0.000000
vt 0.000000 0.000000
vt 0.000000 0.000000
vt 0.000000 0.000000
vt 0.000000 0.000000
vt 0.000000 0.000000
vt 0.000000 0.000000
vt 0.000000 0.000000
vt 0.000000 0.000000
vt 0.000000 0.000000
vt 0.000000 0.000000
vt 0.000000 0.000000
vt 0.000000 0.000000
vt 0.000000 0.000000
vt 0.000000 0.000000
vt 0.000000 0.000000
vt 0.000000 0.000000
vt 0.000000 0.000000
vt 0.000000 0.000000
vt 0.000000 0.000000
vt 0.000000 0.000000
vt 0.000000 0.000000
vt 0.000000 0.000000
vt 0.000000 0.000000
vt 0.000000 0.000000
vt 0.000000 0.000000
vt 0.000000 0.000000
vt 0.000000 0.000000
vt 0.000000 0.000000
vt 0.000000 0.000000
vt 0.000000 0.000000
vt 0.000000 0.000000
vt 0.000000 0.000000
vt 0.000000 0.000000
vt 0.000000 0.000000
vt 0.000000 0.000000
vt 0.000000 0.000000
vt 0.000000 0.000000
vt 0.000000 0.000000
vt 0.000000 0.000000
vt 0.000000 0.000000
vt 0.000000 0.000000
vt 0.000000 0.000000
vt 0.000000 0.000000
vt 0.000000 0.000000
vt 0.000000 0.000000
vt 0.000000 0.000000
vt 0.000000 0.000000
vt 0.000000 0.000000
vt 0.000000 0.000000
vt 0.000000 0.000000
vt 0.000000 0.000000
vt 0.000000 0.000000
vt 0.000000 0.000000
vt 0.000000 0.000000
vt 0.000000 0.000000
vt 0.000000 0.000000
vt 0.000000 0.000000
vt 0.000000 0.000000
vt 0.000000 0.000000
vt 0.000000 0.000000
vt 0.000000 0.000000
vt 0.000000 0.000000
vt 0.000000 0.000000
vt 0.000000 0.000000
vt 0.000000 0.000000
vt 0.000000 0.000000
vt 0.000000 0.000000
vt 0.000000 0.000000
vt 0.000000 0.000000
vt 0.000000 0.000000
vt 0.000000 0.000000
vt 0.000000 0.000000
vt 0.000000 0.000000
vt 0.000000 0.000000
vt 0.000000 0.000000
vt 0.000000 0.000000
vt 0.000000 0.000000
vt 0.000000 0.000000
vt 0.000000 0.000000
vt 0.000000 0.000000
vt 0.000000 0.000000
vt 0.000000 0.000000
vt 0.000000 0.000000
vt 0.000000 0.000000
vt 0.000000 0.000000
vt 0.000000 0.000000
vt 0.000000 0.000000
vt 0.000000 0.000000
vt 0.000000 0.000000
vt 0.000000 0.000000
vt 0.000000 0.000000
vt 0.000000 0.000000
vt 0.000000 0.000000
vt 0.000000 0.000000
vt 0.000000 0.000000
vt 0.000000 0.000000
vt 0.000000 0.000000
vt 0.000000 0.000000
vt 0.000000 0.000000
vt 0.000000 0.000000
vt 0.000000 0.000000
vt 0.000000 0.000000
vt 0.000000 0.000000
vt 0.000000 0.000000
vt 0.000000 0.000000
vt 0.000000 0.000000
vt 0.000000 0.000000
vt 0.000000 0.000000
vt 0.000000 0.000000
vt 0.000000 0.000000
vt 0.000000 0.000000
vt 0.000000 0.000000
vt 0.000000 0.000000
vt 0.000000 0.000000
vt 0.000000 0.000000
vt 0.000000 0.000000
vt 0.000000 0.000000
vt 0.000000 0.000000
vt 0.000000 0.000000
vt 0.000000 0.000000
vt 0.000000 0.000000
vt 0.000000 0.000000
vt 0.000000 0.000000
vt 0.000000 0.000000
vt 0.000000 0.000000
vt 0.000000 0.000000
vt 0.000000 0.000000
vt 0.000000 0.000000
vt 0.000000 0.000000
vt 0.000000 0.000000
vt 0.000000 0.000000
vt 0.000000 0.000000
vt 0.000000 0.000000
vt 0.000000 0.000000
vt 0.000000 0.000000
vt 0.000000 0.000000
vt 0.000000 0.000000
vt 0.000000 0.000000
vt 0.000000 0.000000
vt 0.000000 0.000000
vt 0.000000 0.000000
vt 0.000000 0.000000
vt 0.000000 0.000000
vt 0.000000 0.000000
vt 0.000000 0.000000
vt 0.000000 0.000000
vt 0.000000 0.000000
vt 0.000000 0.000000
vt 0.000000 0.000000
vt 0.000000 0.000000
vt 0.000000 0.000000
vt 0.000000 0.000000
vt 0.000000 0.000000
vt 0.000000 0.000000
vt 0.000000 0.000000
vt 0.000000 0.000000
vt 0.000000 0.000000
vt 0.000000 0.000000
vt 0.000000 0.000000
vt 0.000000 0.000000
vt 0.000000 0.000000
vt 0.000000 0.000000
vt 0.000000 0.000000
vt 0.000000 0.000000
vt 0.000000 0.000000
vt 0.000000 0.000000
vt 0.000000 0.000000
vt 0.000000 0.000000
vt 0.000000 0.000000
vt 0.000000 0.000000
vt 0.000000 0.000000
vt 0.000000 0.000000
vt 0.000000 0.000000
vt 0.000000 0.000000
vt 0.000000 0.000000
vt 0.000000 0.000000
vt 0.000000 0.000000
vt 0.000000 0.000000
vt 0.000000 0.000000
vt 0.000000 0.000000
vt 0.000000 0.000000
vt 0.000000 0.000000
vt 0.000000 0.000000
vt 0.000000 0.000000
vt 0.000000 0.000000
vt 0.000000 0.000000
vt 0.000000 0.000000
vt 0.000000 0.000000
vt 0.000000 0.000000
vt 0.000000 0.000000
vt 0.000000 0.000000
vt 0.000000 0.000000
vt 0.000000 0.000000
vt 0.000000 0.000000
vt 0.000000 0.000000
vt 0.000000 0.000000
vt 0.000000 0.000000
vt 0.000000 0.000000
vt 0.000000 0.000000
vt 0.000000 0.000000
vt 0.000000 0.000000
vt 0.000000 0.000000
vt 0.000000 0.000000
vt 0.000000 0.000000
vt 0.000000 0.000000
vt 0.000000 0.000000
vt 0.000000 0.000000
vt 0.000000 0.000000
vt 0.000000 0.000000
vt 0.000000 0.000000
vt 0.000000 0.000000
vt 0.000000 0.000000
vt 0.000000 0.000000
vt 0.000000 0.000000
vt 0.000000 0.000000
vt 0.000000 0.000000
vt 0.000000 0.000000
vt 0.000000 0.000000
vt 0.000000 0.000000
vt 0.000000 0.000000
vt 0.000000 0.000000
vt 0.000000 0.000000
vt 0.000000 0.000000
vt 0.000000 0.000000
vt 0.000000 0.000000
vt 0.000000 0.000000
vt 0.000000 0.000000
vt 0.000000 0.000000
vt 0.000000 0.000000
vt 0.000000 0.000000
vt 0.000000 0.000000
vt 0.000000 0.000000
vt 0.000000 0.000000
vt 0.000000 0.000000
vt 0.000000 0.000000
vt 0.000000 0.000000
vt 0.000000 0.000000
vt 0.000000 0.000000
vt 0.000000 0.000000
vt 0.000000 0.000000
vt 0.000000 0.000000
vt 0.000000 0.000000
vt 0.000000 0.000000
vt 0.000000 0.000000
vt 0.000000 0.000000
vt 0.000000 0.000000
vt 0.000000 0.000000
vt 0.000000 0.000000
vt 0.000000 0.000000
vt 0.000000 0.000000
vt 0.000000 0.000000
vt 0.000000 0.000000
vt 0.000000 0.000000
vt 0.000000 0.000000
vt 0.000000 0.000000
vt 0.000000 0.000000
vt 0.000000 0.000000
vt 0.000000 0.000000
vt 0.000000 0.000000
vt 0.000000 0.000000
vt 0.000000 0.000000
vt 0.000000 0.000000
vt 0.000000 0.000000
vt 0.000000 0.000000
vt 0.000000 0.000000
vt 0.000000 0.000000
vt 0.000000 0.000000
vt 0.000000 0.000000
vt 0.000000 0.000000
vt 0.000000 0.000000
vt 0.000000 0.000000
vt 0.000000 0.000000
vt 0.000000 0.000000
vt 0.000000 0.000000
vt 0.000000 0.000000
vt 0.000000 0.000000
vt 0.000000 0.000000
vt 0.000000 0.000000
vt 0.000000 0.000000
vt 0.000000 0.000000
vt 0.000000 0.000000
vt 0.000000 0.000000
vt 0.000000 0.000000
vt 0.000000 0.000000
vt 0.000000 0.000000
vt 0.000000 0.000000
vt 0.000000 0.000000
vt 0.000000 0.000000
vt 0.000000 0.000000
vt 0.000000 0.000000
vt 0.000000 0.000000
vt 0.000000 0.000000
vt 0.000000 0.000000
vt 0.000000 0.000000
vt 0.000000 0.000000
vt 0.000000 0.000000
vt 0.000000 0.000000
vt 0.000000 0.000000
vt 0.000000 0.000000
vt 0.000000 0.000000
vt 0.000000 0.000000
vt 0.000000 0.000000
vt 0.000000 0.000000
vt 0.000000 0.000000
vt 0.000000 0.000000
vt 0.000000 0.000000
vt 0.000000 0.000000
vt 0.000000 0.000000
vt 0.000000 0.000000
vt 0.000000 0.000000
vt 0.000000 0.000000
vt 0.000000 0.000000
vt 0.000000 0.000000
vt 0.000000 0.000000
vt 0.000000 0.000000
vt 0.000000 0.000000
vt 0.000000 0.000000
vt 0.000000 0.000000
vt 0.000000 0.000000
vt 0.000000 0.000000
vt 0.000000 0.000000
vt 0.000000 0.000000
vt 0.000000 0.000000
vt 0.000000 0.000000
vt 0.000000 0.000000
vt 0.000000 0.000000
vt 0.000000 0.000000
vt 0.000000 0.000000
vt 0.000000 0.000000
vt 0.000000 0.000000
vt 0.000000 0.000000
vt 0.000000 0.000000
vt 0.000000 0.000000
vt 0.000000 0.000000
vt 0.000000 0.000000
vt 0.000000 0.000000
vt 0.000000 0.000000
vt 0.000000 0.000000
vt 0.000000 0.000000
vt 0.000000 0.000000
vt 0.000000 0.000000
vt 0.000000 0.000000
vt 0.000000 0.000000
vt 0.000000 0.000000
vt 0.000000 0.000000
vt 0.000000 0.000000
vt 0.000000 0.000000
vt 0.000000 0.000000
vt 0.000000 0.000000
vt 0.000000 0.000000
vt 0.000000 0.000000
vt 0.000000 0.000000
vt 0.000000 0.000000
vt 0.000000 0.000000
vt 0.000000 0.000000
vt 0.000000 0.000000
vt 0.000000 0.000000
vt 0.000000 0.000000
vt 0.000000 0.000000
vt 0.000000 0.000000
vt 0.000000 0.000000
vt 0.000000 0.000000
vt 0.000000 0.000000
vt 0.000000 0.000000
vt 0.000000 0.000000
vt 0.000000 0.000000
vt 0.000000 0.000000
vt 0.000000 0.000000
vt 0.000000 0.000000
vt 0.000000 0.000000
vt 0.000000 0.000000
vt 0.000000 0.000000
vt 0.000000 0.000000
vt 0.000000 0.000000
vt 0.000000 0.000000
vt 0.000000 0.000000
vt 0.000000 0.000000
vt 0.000000 0.000000
vt 0.000000 0.000000
vt 0.000000 0.000000
vt 0.000000 0.000000
vt 0.000000 0.000000
vt 0.000000 0.000000
vt 0.000000 0.000000
vt 0.000000 0.000000
vt 0.000000 0.000000
vt 0.000000 0.000000
vt 0.000000 0.000000
vt 0.000000 0.000000
vt 0.000000 0.000000
vt 0.000000 0.000000
vt 0.000000 0.000000
vt 0.000000 0.000000
vt 0.000000 0.000000
vt 0.000000 0.000000
vt 0.000000 0.000000
vt 0.000000 0.000000
vt 0.000000 0.000000
vt 0.000000 0.000000
vt 0.000000 0.000000
vt 0.000000 0.000000
vt 0.000000 0.000000
vt 0.000000 0.000000
vt 0.000000 0.000000
vt 0.000000 0.000000
vt 0.000000 0.000000
vt 0.000000 0.000000
vt 0.000000 0.000000
vt 0.000000 0.000000
vt 0.000000 0.000000
vt 0.000000 0.000000
vt 0.000000 0.000000
vt 0.000000 0.000000
vt 0.000000 0.000000
vt 0.000000 0.000000
vt 0.000000 0.000000
vt 0.000000 0.000000
vt 0.000000 0.000000
vt 0.000000 0.000000
vt 0.000000 0.000000
vt 0.000000 0.000000
vt 0.000000 0.000000
vt 0.000000 0.000000
vt 0.000000 0.000000
vt 0.000000 0.000000
vt 0.000000 0.000000
vt 0.000000 0.000000
vt 0.000000 0.000000
vt 0.000000 0.000000
vt 0.000000 0.000000
vt 0.000000 0.000000
vt 0.000000 0.000000
vt 0.000000 0.000000
vt 0.000000 0.000000
vt 0.000000 0.000000
vt 0.000000 0.000000
vt 0.000000 0.000000
vt 0.000000 0.000000
vt 0.000000 0.000000
vt 0.000000 0.000000
vt 0.000000 0.000000
vt 0.000000 0.000000
vt 0.000000 0.000000
vt 0.000000 0.000000
vt 0.000000 0.000000
vt 0.000000 0.000000
vt 0.000000 0.000000
vt 0.000000 0.000000
vt 0.000000 0.000000
vt 0.000000 0.000000
vt 0.000000 0.000000
vt 0.000000 0.000000
vt 0.000000 0.000000
vt 0.000000 0.000000
vt 0.000000 0.000000
vt 0.000000 0.000000
vt 0.000000 0.000000
vt 0.000000 0.000000
vt 0.000000 0.000000
vt 0.000000 0.000000
vt 0.000000 0.000000
vt 0.000000 0.000000
vt 0.000000 0.000000
vt 0.000000 0.000000
vt 0.000000 0.000000
vt 0.000000 0.000000
vt 0.000000 0.000000
vt 0.000000 0.000000
vt 0.000000 0.000000
vt 0.000000 0.000000
vt 0.000000 0.000000
vt 0.000000 0.000000
vt 0.000000 0.000000
vt 0.000000 0.000000
vt 0.000000 0.000000
vt 0.000000 0.000000
vt 0.000000 0.000000
vt 0.000000 0.000000
vt 0.000000 0.000000
vt 0.000000 0.000000
vt 0.000000 0.000000
vt 0.000000 0.000000
vt 0.000000 0.000000
vt 0.000000 0.000000
vt 0.000000 0.000000
vt 0.000000 0.000000
vt 0.000000 0.000000
vt 0.000000 0.000000
vt 0.000000 0.000000
vt 0.000000 0.000000
vt 0.000000 0.000000
vt 0.000000 0.000000
vt 0.000000 0.000000
vt 0.000000 0.000000
vt 0.000000 0.000000
vt 0.000000 0.000000
vt 0.000000 0.000000
vt 0.000000 0.000000
vt 0.000000 0.000000
vt 0.000000 0.000000
vt 0.000000 0.000000
vt 0.000000 0.000000
vt 0.000000 0.000000
vt 0.000000 0.000000
vt 0.000000 0.000000
vt 0.000000 0.000000
vt 0.000000 0.000000
vt 0.000000 0.000000
vt 0.000000 0.000000
vt 0.000000 0.000000
vt 0.000000 0.000000
vt 0.000000 0.000000
vt 0.000000 0.000000
vt 0.000000 0.000000
vt 0.000000 0.000000
vt 0.000000 0.000000
vt 0.000000 0.000000
vt 0.000000 0.000000
vt 0.000000 0.000000
vt 0.000000 0.000000
vt 0.000000 0.000000
vt 0.000000 0.000000
vt 0.000000 0.000000
vt 0.000000 0.000000
vt 0.000000 0.000000
vt 0.000000 0.000000
vt 0.000000 0.000000
vt 0.000000 0.000000
vt 0.000000 0.000000
vt 0.000000 0.000000
vt 0.000000 0.000000
vt 0.000000 0.000000
vt 0.000000 0.000000
vt 0.000000 0.000000
vt 0.000000 0.000000
vt 0.000000 0.000000
vt 0.000000 0.000000
vt 0.000000 0.000000
vt 0.000000 0.000000
vt 0.000000 0.000000
vt 0.000000 0.000000
vt 0.000000 0.000000
vt 0.000000 0.000000
vt 0.000000 0.000000
vt 0.000000 0.000000
vt 0.000000 0.000000
vt 0.000000 0.000000
vt 0.000000 0.000000
vt 0.000000 0.000000
vt 0.000000 0.000000
vt 0.000000 0.000000
vt 0.000000 0.000000
vt 0.000000 0.000000
vt 0.000000 0.000000
vt 0.000000 0.000000
vt 0.000000 0.000000
vt 0.000000 0.000000
vt 0.000000 0.000000
vt 0.000000 0.000000
vt 0.000000 0.000000
vt 0.000000 0.000000
vt 0.000000 0.000000
vt 0.000000 0.000000
vt 0.000000 0.000000
vt 0.000000 0.000000
vt 0.000000 0.000000
vt 0.000000 0.000000
vt 0.000000 0.000000
vt 0.000000 0.000000
vt 0.000000 0.000000
vt 0.000000 0.000000
vt 0.000000 0.000000
vt 0.000000 0.000000
vt 0.000000 0.000000
vt 0.000000 0.000000
vt 0.000000 0.000000
vt 0.000000 0.000000
vt 0.000000 0.000000
vt 0.000000 0.000000
vt 0.000000 0.000000
vt 0.000000 0.000000
vt 0.000000 0.000000
vt 0.000000 0.000000
vt 0.000000 0.000000
vt 0.000000 0.000000
vt 0.000000 0.000000
vt 0.000000 0.000000
vt 0.000000 0.000000
vt 0.000000 0.000000
vt 0.000000 0.000000
vt 0.000000 0.000000
vt 0.000000 0.000000
vt 0.000000 0.000000
vt 0.000000 0.000000
vt 0.000000 0.000000
vt 0.000000 0.000000
vt 0.000000 0.000000
vt 0.000000 0.000000
vt 0.000000 0.000000
vt 0.000000 0.000000
vt 0.000000 0.000000
vt 0.000000 0.000000
vt 0.000000 0.000000
vt 0.000000 0.000000
vt 0.000000 0.000000
vt 0.000000 0.000000
vt 0.000000 0.000000
vt 0.000000 0.000000
vt 0.000000 0.000000
vt 0.000000 0.000000
vt 0.000000 0.000000
vt 0.000000 0.000000
vt 0.000000 0.000000
vt 0.000000 0.000000
vt 0.000000 0.000000
vt 0.000000 0.000000
vt 0.000000 0.000000
vt 0.000000 0.000000
vt 0.000000 0.000000
vt 0.000000 0.000000
vt 0.000000 0.000000
vt 0.000000 0.000000
vt 0.000000 0.000000
vt 0.000000 0.000000
vt 0.000000 0.000000
vt 0.000000 0.000000
vt 0.000000 0.000000
vt 0.000000 0.000000
vt 0.000000 0.000000
vt 0.000000 0.000000
vt 0.000000 0.000000
vt 0.000000 0.000000
vt 0.000000 0.000000
vt 0.000000 0.000000
vt 0.000000 0.000000
vt 0.000000 0.000000
vt 0.000000 0.000000
vt 0.000000 0.000000
vt 0.000000 0.000000
vt 0.000000 0.000000
vt 0.000000 0.000000
vt 0.000000 0.000000
vt 0.000000 0.000000
vt 0.000000 0.000000
vt 0.000000 0.000000
vt 0.000000 0.000000
vt 0.000000 0.000000
vt 0.000000 0.000000
vt 0.000000 0.000000
vt 0.000000 0.000000
vt 0.000000 0.000000
vt 0.000000 0.000000
vt 0.000000 0.000000
vt 0.000000 0.000000
vt 0.000000 0.000000
vt 0.000000 0.000000
vt 0.000000 0.000000
vt 0.000000 0.000000
vt 0.000000 0.000000
vt 0.000000 0.000000
vt 0.000000 0.000000
vt 0.000000 0.000000
vt 0.000000 0.000000
vt 0.000000 0.000000
vt 0.000000 0.000000
vt 0.000000 0.000000
vt 0.000000 0.000000
vt 0.000000 0.000000
vt 0.000000 0.000000
vt 0.000000 0.000000
vt 0.000000 0.000000
vt 0.000000 0.000000
vt 0.000000 0.000000
vt 0.000000 0.000000
vt 0.000000 0.000000
vt 0.000000 0.000000
vt 0.000000 0.000000
vt 0.000000 0.000000
vt 0.000000 0.000000
vt 0.000000 0.000000
vt 0.000000 0.000000
vt 0.000000 0.000000
vt 0.000000 0.000000
vt 0.000000 0.000000
vt 0.000000 0.000000
vt 0.000000 0.000000
vt 0.000000 0.000000
vt 0.000000 0.000000
vt 0.000000 0.000000
vt 0.000000 0.000000
vt 0.000000 0.000000
vt 0.000000 0.000000
vt 0.000000 0.000000
vt 0.000000 0.000000
vt 0.000000 0.000000
vt 0.000000 0.000000
vt 0.000000 0.000000
vt 0.000000 0.000000
vt 0.000000 0.000000
vt 0.000000 0.000000
vt 0.000000 0.000000
vt 0.000000 0.000000
vt 0.000000 0.000000
vt 0.000000 0.000000
vt 0.000000 0.000000
vt 0.000000 0.000000
vt 0.000000 0.000000
vt 0.000000 0.000000
vt 0.000000 0.000000
vt 0.000000 0.000000
vt 0.000000 0.000000
vt 0.000000 0.000000
vt 0.000000 0.000000
vt 0.000000 0.000000
vt 0.000000 0.000000
vt 0.000000 0.000000
vt 0.000000 0.000000
vt 0.000000 0.000000
vt 0.000000 0.000000
vt 0.000000 0.000000
vt 0.000000 0.000000
vt 0.000000 0.000000
vt 0.000000 0.000000
vt 0.000000 0.000000
vt 0.000000 0.000000
vt 0.000000 0.000000
vt 0.000000 0.000000
vt 0.000000 0.000000
vt 0.000000 0.000000
vt 0.000000 0.000000
vt 0.000000 0.000000
vt 0.000000 0.000000
vt 0.000000 0.000000
vt 0.000000 0.000000
vt 0.000000 0.000000
vt 0.000000 0.000000
vt 0.000000 0.000000
vt 0.000000 0.000000
vt 0.000000 0.000000
vt 0.000000 0.000000
vt 0.000000 0.000000
vt 0.000000 0.000000
vt 0.000000 0.000000
vt 0.000000 0.000000
vt 0.000000 0.000000
vt 0.000000 0.000000
vt 0.000000 0.000000
vt 0.000000 0.000000
vt 0.000000 0.000000
vt 0.000000 0.000000
vt 0.000000 0.000000
vt 0.000000 0.000000
vt 0.000000 0.000000
vt 0.000000 0.000000
vt 0.000000 0.000000
vt 0.000000 0.000000
vt 0.000000 0.000000
vt 0.000000 0.000000
vt 0.000000 0.000000
vt 0.000000 0.000000
vt 0.000000 0.000000
vt 0.000000 0.000000
vt 0.000000 0.000000
vt 0.000000 0.000000
vt 0.000000 0.000000
vt 0.000000 0.000000
vt 0.000000 0.000000
vt 0.000000 0.000000
vt 0.000000 0.000000
vt 0.000000 0.000000
vt 0.000000 0.000000
vt 0.000000 0.000000
vt 0.000000 0.000000
vt 0.000000 0.000000
vt 0.000000 0.000000
vt 0.000000 0.000000
vt 0.000000 0.000000
vt 0.000000 0.000000
vt 0.000000 0.000000
vt 0.000000 0.000000
vt 0.000000 0.000000
vt 0.000000 0.000000
vt 0.000000 0.000000
vt 0.000000 0.000000
vt 0.000000 0.000000
vt 0.000000 0.000000
vt 0.000000 0.000000
vt 0.000000 0.000000
vt 0.000000 0.000000
vt 0.000000 0.000000
vt 0.000000 0.000000
vt 0.000000 0.000000
vt 0.000000 0.000000
vt 0.000000 0.000000
vt 0.000000 0.000000
vt 0.000000 0.000000
vt 0.000000 0.000000
vt 0.000000 0.000000
vt 0.000000 0.000000
vt 0.000000 0.000000
vt 0.000000 0.000000
vt 0.000000 0.000000
vt 0.000000 0.000000
vt 0.000000 0.000000
vt 0.000000 0.000000
vt 0.000000 0.000000
vt 0.000000 0.000000
vt 0.000000 0.000000
vt 0.000000 0.000000
vt 0.000000 0.000000
vt 0.000000 0.000000
vt 0.000000 0.000000
vt 0.000000 0.000000
vt 0.000000 0.000000
vt 0.000000 0.000000
vt 0.000000 0.000000
vt 0.000000 0.000000
vt 0.000000 0.000000
vt 0.000000 0.000000
vt 0.000000 0.000000
vt 0.000000 0.000000
vt 0.000000 0.000000
vt 0.000000 0.000000
vt 0.000000 0.000000
vt 0.000000 0.000000
vt 0.000000 0.000000
vt 0.000000 0.000000
vt 0.000000 0.000000
vt 0.000000 0.000000
vt 0.000000 0.000000
vt 0.000000 0.000000
vt 0.000000 0.000000
vt 0.000000 0.000000
vt 0.000000 0.000000
vt 0.000000 0.000000
vt 0.000000 0.000000
vt 0.000000 0.000000
vt 0.000000 0.000000
vt 0.000000 0.000000
vt 0.000000 0.000000
vt 0.000000 0.000000
vt 0.000000 0.000000
vt 0.000000 0.000000
vt 0.000000 0.000000
vt 0.000000 0.000000
vt 0.000000 0.000000
vt 0.000000 0.000000
vt 0.000000 0.000000
vt 0.000000 0.000000
vt 0.000000 0.000000
vt 0.000000 0.000000
vt 0.000000 0.000000
vt 0.000000 0.000000
vt 0.000000 0.000000
vt 0.000000 0.000000
vt 0.000000 0.000000
vt 0.000000 0.000000
vt 0.000000 0.000000
vt 0.000000 0.000000
vt 0.000000 0.000000
vt 0.000000 0.000000
vt 0.000000 0.000000
vt 0.000000 0.000000
vt 0.000000 0.000000
vt 0.000000 0.000000
vt 0.000000 0.000000
vt 0.000000 0.000000
vt 0.000000 0.000000
vt 0.000000 0.000000
vt 0.000000 0.000000
vt 0.000000 0.000000
vt 0.000000 0.000000
vt 0.000000 0.000000
vt 0.000000 0.000000
vt 0.000000 0.000000
vt 0.000000 0.000000
vt 0.000000 0.000000
vt 0.000000 0.000000
vt 0.000000 0.000000
vt 0.000000 0.000000
vt 0.000000 0.000000
vt 0.000000 0.000000
vt 0.000000 0.000000
vt 0.000000 0.000000
vt 0.000000 0.000000
vt 0.000000 0.000000
vt 0.000000 0.000000
vt 0.000000 0.000000
vt 0.000000 0.000000
vt 0.000000 0.000000
vt 0.000000 0.000000
vt 0.000000 0.000000
vt 0.000000 0.000000
vt 0.000000 0.000000
vt 0.000000 0.000000
vt 0.000000 0.000000
vt 0.000000 0.000000
vt 0.000000 0.000000
vt 0.000000 0.000000
vt 0.000000 0.000000
vt 0.000000 0.000000
vt 0.000000 0.000000
vt 0.000000 0.000000
vt 0.000000 0.000000
vt 0.000000 0.000000
vt 0.000000 0.000000
vt 0.000000 0.000000
vt 0.000000 0.000000
vt 0.000000 0.000000
vt 0.000000 0.000000
vt 0.000000 0.000000
vt 0.000000 0.000000
vt 0.000000 0.000000
vt 0.000000 0.000000
vt 0.000000 0.000000
vt 0.000000 0.000000
vt 0.000000 0.000000
vt 0.000000 0.000000
vt 0.000000 0.000000
vt 0.000000 0.000000
vt 0.000000 0.000000
vt 0.000000 0.000000
vt 0.000000 0.000000
vt 0.000000 0.000000
vt 0.000000 0.000000
vt 0.000000 0.000000
vt 0.000000 0.000000
vt 0.000000 0.000000
vt 0.000000 0.000000
vt 0.000000 0.000000
vt 0.000000 0.000000
vt 0.000000 0.000000
vt 0.000000 0.000000
vt 0.000000 0.000000
vt 0.000000 0.000000
vt 0.000000 0.000000
vt 0.000000 0.000000
vt 0.000000 0.000000
vt 0.000000 0.000000
vt 0.000000 0.000000
vt 0.000000 0.000000
vt 0.000000 0.000000
vt 0.000000 0.000000
vt 0.000000 0.000000
vt 0.000000 0.000000
vt 0.000000 0.000000
vt 0.000000 0.000000
vt 0.000000 0.000000
vt 0.000000 0.000000
vt 0.000000 0.000000
vt 0.000000 0.000000
vt 0.000000 0.000000
vt 0.000000 0.000000
vt 0.000000 0.000000
vt 0.000000 0.000000
vt 0.000000 0.000000
vt 0.000000 0.000000
vt 0.000000 0.000000
vt 0.000000 0.000000
vt 0.000000 0.000000
vt 0.000000 0.000000
vt 0.000000 0.000000
vt 0.000000 0.000000
vt 0.000000 0.000000
vt 0.000000 0.000000
vt 0.000000 0.000000
vt 0.000000 0.000000
vt 0.000000 0.000000
vt 0.000000 0.000000
vt 0.000000 0.000000
vt 0.000000 0.000000
vt 0.000000 0.000000
vt 0.000000 0.000000
vt 0.000000 0.000000
vt 0.000000 0.000000
vt 0.000000 0.000000
vt 0.000000 0.000000
vt 0.000000 0.000000
vt 0.000000 0.000000
vt 0.000000 0.000000
vt 0.000000 0.000000
vt 0.000000 0.000000
vt 0.000000 0.000000
vt 0.000000 0.000000
vt 0.000000 0.000000
vt 0.000000 0.000000
vt 0.000000 0.000000
vt 0.000000 0.000000
vt 0.000000 0.000000
vt 0.000000 0.000000
vt 0.000000 0.000000
vt 0.000000 0.000000
vt 0.000000 0.000000
vt 0.000000 0.000000
vt 0.000000 0.000000
vt 0.000000 0.000000
vt 0.000000 0.000000
vt 0.000000 0.000000
vt 0.000000 0.000000
vt 0.000000 0.000000
vt 0.000000 0.000000
vt 0.000000 0.000000
vt 0.000000 0.000000
vt 0.000000 0.000000
vt 0.000000 0.000000
vt 0.000000 0.000000
vt 0.000000 0.000000
vt 0.000000 0.000000
vt 0.000000 0.000000
vt 0.000000 0.000000
vt 0.000000 0.000000
vt 0.000000 0.000000
vt 0.000000 0.000000
vt 0.000000 0.000000
vt 0.000000 0.000000
vt 0.000000 0.000000
vt 0.000000 0.000000
vt 0.000000 0.000000
vt 0.000000 0.000000
vt 0.000000 0.000000
vt 0.000000 0.000000
vt 0.000000 0.000000
vt 0.000000 0.000000
vt 0.000000 0.000000
vt 0.000000 0.000000
vt 0.000000 0.000000
vt 0.000000 0.000000
vt 0.000000 0.000000
vt 0.000000 0.000000
vt 0.000000 0.000000
vt 0.000000 0.000000
vt 0.000000 0.000000
vt 0.000000 0.000000
vt 0.000000 0.000000
vt 0.000000 0.000000
vt 0.000000 0.000000
vt 0.000000 0.000000
vt 0.000000 0.000000
vt 0.000000 0.000000
vt 0.000000 0.000000
vt 0.000000 0.000000
vt 0.000000 0.000000
vt 0.000000 0.000000
vt 0.000000 0.000000
vt 0.000000 0.000000
vt 0.000000 0.000000
vt 0.000000 0.000000
vt 0.000000 0.000000
vt 0.000000 0.000000
vt 0.000000 0.000000
vt 0.000000 0.000000
vt 0.000000 0.000000
vt 0.000000 0.000000
vt 0.000000 0.000000
vt 0.000000 0.000000
vt 0.000000 0.000000
vt 0.000000 0.000000
vt 0.000000 0.000000
vt 0.000000 0.000000
vt 0.000000 0.000000
vt 0.000000 0.000000
vt 0.000000 0.000000
vt 0.000000 0.000000
vt 0.000000 0.000000
vt 0.000000 0.000000
vt 0.000000 0.000000
vt 0.000000 0.000000
vt 0.000000 0.000000
vt 0.000000 0.000000
vt 0.000000 0.000000
vt 0.000000 0.000000
vt 0.000000 0.000000
vt 0.000000 0.000000
vt 0.000000 0.000000
vt 0.000000 0.000000
vt 0.000000 0.000000
vt 0.000000 0.000000
vt 0.000000 0.000000
vt 0.000000 0.000000
vt 0.000000 0.000000
vt 0.000000 0.000000
vt 0.000000 0.000000
vt 0.000000 0.000000
vt 0.000000 0.000000
vt 0.000000 0.000000
vt 0.000000 0.000000
vt 0.000000 0.000000
vt 0.000000 0.000000
vt 0.000000 0.000000
vt 0.000000 0.000000
vt 0.000000 0.000000
vt 0.000000 0.000000
vt 0.000000 0.000000
vt 0.000000 0.000000
vt 0.000000 0.000000
vt 0.000000 0.000000
vt 0.000000 0.000000
vt 0.000000 0.000000
vt 0.000000 0.000000
vt 0.000000 0.000000
vt 0.000000 0.000000
vt 0.000000 0.000000
vt 0.000000 0.000000
vt 0.000000 0.000000
vt 0.000000 0.000000
vt 0.000000 0.000000
vt 0.000000 0.000000
vt 0.000000 0.000000
vt 0.000000 0.000000
vt 0.000000 0.000000
vt 0.000000 0.000000
vt 0.000000 0.000000
vt 0.000000 0.000000
vt 0.000000 0.000000
vt 0.000000 0.000000
vt 0.000000 0.000000
vt 0.000000 0.000000
vt 0.000000 0.000000
vt 0.000000 0.000000
vt 0.000000 0.000000
vt 0.000000 0.000000
vt 0.000000 0.000000
vt 0.000000 0.000000
vt 0.000000 0.000000
vt 0.000000 0.000000
vt 0.000000 0.000000
vt 0.000000 0.000000
vt 0.000000 0.000000
vt 0.000000 0.000000
vt 0.000000 0.000000
vt 0.000000 0.000000
vt 0.000000 0.000000
vt 0.000000 0.000000
vt 0.000000 0.000000
vt 0.000000 0.000000
vt 0.000000 0.000000
vt 0.000000 0.000000
vt 0.000000 0.000000
vt 0.000000 0.000000
vt 0.000000 0.000000
vt 0.000000 0.000000
vt 0.000000 0.000000
vt 0.000000 0.000000
vt 0.000000 0.000000
vt 0.000000 0.000000
vt 0.000000 0.000000
vt 0.000000 0.000000
vt 0.000000 0.000000
vt 0.000000 0.000000
vt 0.000000 0.000000
vt 0.000000 0.000000
vt 0.000000 0.000000
vt 0.000000 0.000000
vt 0.000000 0.000000
vt 0.000000 0.000000
vt 0.000000 0.000000
vt 0.000000 0.000000
vt 0.000000 0.000000
vt 0.000000 0.000000
vt 0.000000 0.000000
vt 0.000000 0.000000
vt 0.000000 0.000000
vt 0.000000 0.000000
vt 0.000000 0.000000
vt 0.000000 0.000000
vt 0.000000 0.000000
vt 0.000000 0.000000
vt 0.000000 0.000000
vt 0.000000 0.000000
vt 0.000000 0.000000
vt 0.000000 0.000000
vt 0.000000 0.000000
vt 0.000000 0.000000
vt 0.000000 0.000000
vt 0.000000 0.000000
vt 0.000000 0.000000
vt 0.000000 0.000000
vt 0.000000 0.000000
vt 0.000000 0.000000
vt 0.000000 0.000000
vt 0.000000 0.000000
vt 0.000000 0.000000
vt 0.000000 0.000000
vt 0.000000 0.000000
vt 0.000000 0.000000
vt 0.000000 0.000000
vt 0.000000 0.000000
vt 0.000000 0.000000
vt 0.000000 0.000000
vt 0.000000 0.000000
vt 0.000000 0.000000
vt 0.000000 0.000000
vt 0.000000 0.000000
vt 0.000000 0.000000
vt 0.000000 0.000000
vt 0.000000 0.000000
vt 0.000000 0.000000
vt 0.000000 0.000000
vt 0.000000 0.000000
vt 0.000000 0.000000
vt 0.000000 0.000000
vt 0.000000 0.000000
vt 0.000000 0.000000
vt 0.000000 0.000000
vt 0.000000 0.000000
vt 0.000000 0.000000
vt 0.000000 0.000000
vt 0.000000 0.000000
vt 0.000000 0.000000
vt 0.000000 0.000000
vt 0.000000 0.000000
vt 0.000000 0.000000
vt 0.000000 0.000000
vt 0.000000 0.000000
vt 0.000000 0.000000
vt 0.000000 0.000000
vt 0.000000 0.000000
vt 0.000000 0.000000
vt 0.000000 0.000000
vt 0.000000 0.000000
vt 0.000000 0.000000
vt 0.000000 0.000000
vt 0.000000 0.000000
vt 0.000000 0.000000
vt 0.000000 0.000000
vt 0.000000 0.000000
vt 0.000000 0.000000
vt 0.000000 0.000000
vt 0.000000 0.000000
vt 0.000000 0.000000
vt 0.000000 0.000000
vt 0.000000 0.000000
vt 0.000000 0.000000
vt 0.000000 0.000000
vt 0.000000 0.000000
vt 0.000000 0.000000
vt 0.000000 0.000000
vt 0.000000 0.000000
vt 0.000000 0.000000
vt 0.000000 0.000000
vt 0.000000 0.000000
vt 0.000000 0.000000
vt 0.000000 0.000000
vt 0.000000 0.000000
vt 0.000000 0.000000
vt 0.000000 0.000000
vt 0.000000 0.000000
vt 0.000000 0.000000
vt 0.000000 0.000000
vt 0.000000 0.000000
vt 0.000000 0.000000
vt 0.000000 0.000000
vt 0.000000 0.000000
vt 0.000000 0.000000
vt 0.000000 0.000000
vt 0.000000 0.000000
vt 0.000000 0.000000
vt 0.000000 0.000000
vt 0.000000 0.000000
vt 0.000000 0.000000
vt 0.000000 0.000000
vt 0.000000 0.000000
vt 0.000000 0.000000
vt 0.000000 0.000000
vt 0.000000 0.000000
vt 0.000000 0.000000
vt 0.000000 0.000000
vt 0.000000 0.000000
vt 0.000000 0.000000
vt 0.000000 0.000000
vt 0.000000 0.000000
vt 0.000000 0.000000
vt 0.000000 0.000000
vt 0.000000 0.000000
vt 0.000000 0.000000
vt 0.000000 0.000000
vt 0.000000 0.000000
vt 0.000000 0.000000
vt 0.000000 0.000000
vt 0.000000 0.000000
vt 0.000000 0.000000
vt 0.000000 0.000000
vt 0.000000 0.000000
vt 0.000000 0.000000
vt 0.000000 0.000000
vt 0.000000 0.000000
vt 0.000000 0.000000
vt 0.000000 0.000000
vt 0.000000 0.000000
vt 0.000000 0.000000
vt 0.000000 0.000000
vt 0.000000 0.000000
vt 0.000000 0.000000
vt 0.000000 0.000000
vt 0.000000 0.000000
vt 0.000000 0.000000
vt 0.000000 0.000000
vt 0.000000 0.000000
vt 0.000000 0.000000
vt 0.000000 0.000000
vt 0.000000 0.000000
vt 0.000000 0.000000
vt 0.000000 0.000000
vt 0.000000 0.000000
vt 0.000000 0.000000
vt 0.000000 0.000000
vt 0.000000 0.000000
vt 0.000000 0.000000
vt 0.000000 0.000000
vt 0.000000 0.000000
vt 0.000000 0.000000
vt 0.000000 0.000000
vt 0.000000 0.000000
vt 0.000000 0.000000
vt 0.000000 0.000000
vt 0.000000 0.000000
vt 0.000000 0.000000
vt 0.000000 0.000000
vt 0.000000 0.000000
vt 0.000000 0.000000
vt 0.000000 0.000000
vt 0.000000 0.000000
vt 0.000000 0.000000
vt 0.000000 0.000000
vt 0.000000 0.000000
vt 0.000000 0.000000
vt 0.000000 0.000000
vt 0.000000 0.000000
vt 0.000000 0.000000
vt 0.000000 0.000000
vt 0.000000 0.000000
vt 0.000000 0.000000
vt 0.000000 0.000000
vt 0.000000 0.000000
vt 0.000000 0.000000
vt 0.000000 0.000000
vt 0.000000 0.000000
vt 0.000000 0.000000
vt 0.000000 0.000000
vt 0.000000 0.000000
vt 0.000000 0.000000
vt 0.000000 0.000000
vt 0.000000 0.000000
vt 0.000000 0.000000
vt 0.000000 0.000000
vt 0.000000 0.000000
vt 0.000000 0.000000
vt 0.000000 0.000000
vt 0.000000 0.000000
vt 0.000000 0.000000
vt 0.000000 0.000000
vt 0.000000 0.000000
vt 0.000000 0.000000
vt 0.000000 0.000000
vt 0.000000 0.000000
vt 0.000000 0.000000
vt 0.000000 0.000000
vt 0.000000 0.000000
vt 0.000000 0.000000
vt 0.000000 0.000000
vt 0.000000 0.000000
vt 0.000000 0.000000
vt 0.000000 0.000000
vt 0.000000 0.000000
vt 0.000000 0.000000
vt 0.000000 0.000000
vt 0.000000 0.000000
vt 0.000000 0.000000
vt 0.000000 0.000000
vt 0.000000 0.000000
vt 0.000000 0.000000
vt 0.000000 0.000000
vt 0.000000 0.000000
vt 0.000000 0.000000
vt 0.000000 0.000000
vt 0.000000 0.000000
vt 0.000000 0.000000
vt 0.000000 0.000000
vt 0.000000 0.000000
vt 0.000000 0.000000
vt 0.000000 0.000000
vt 0.000000 0.000000
vt 0.000000 0.000000
vt 0.000000 0.000000
vt 0.000000 0.000000
vt 0.000000 0.000000
vt 0.000000 0.000000
vt 0.000000 0.000000
vt 0.000000 0.000000
vt 0.000000 0.000000
vt 0.000000 0.000000
vt 0.000000 0.000000
vt 0.000000 0.000000
vt 0.000000 0.000000
vt 0.000000 0.000000
vt 0.000000 0.000000
vt 0.000000 0.000000
vt 0.000000 0.000000
vt 0.000000 0.000000
vt 0.000000 0.000000
vt 0.000000 0.000000
vt 0.000000 0.000000
vt 0.000000 0.000000
vt 0.000000 0.000000
vt 0.000000 0.000000
vt 0.000000 0.000000
vt 0.000000 0.000000
vt 0.000000 0.000000
vt 0.000000 0.000000
vt 0.000000 0.000000
vt 0.000000 0.000000
vt 0.000000 0.000000
vt 0.000000 0.000000
vt 0.000000 0.000000
vt 0.000000 0.000000
vt 0.000000 0.000000
vt 0.000000 0.000000
vt 0.000000 0.000000
vt 0.000000 0.000000
vt 0.000000 0.000000
vt 0.000000 0.000000
vt 0.000000 0.000000
vt 0.000000 0.000000
vt 0.000000 0.000000
vt 0.000000 0.000000
vt 0.000000 0.000000
vt 0.000000 0.000000
vt 0.000000 0.000000
vt 0.000000 0.000000
vt 0.000000 0.000000
vt 0.000000 0.000000
vt 0.000000 0.000000
vt 0.000000 0.000000
vt 0.000000 0.000000
vt 0.000000 0.000000
vt 0.000000 0.000000
vt 0.000000 0.000000
vt 0.000000 0.000000
vt 0.000000 0.000000
vt 0.000000 0.000000
vt 0.000000 0.000000
vt 0.000000 0.000000
vt 0.000000 0.000000
vt 0.000000 0.000000
vt 0.000000 0.000000
vt 0.000000 0.000000
vt 0.000000 0.000000
vt 0.000000 0.000000
vt 0.000000 0.000000
vt 0.000000 0.000000
vt 0.000000 0.000000
vt 0.000000 0.000000
vt 0.000000 0.000000
vt 0.000000 0.000000
vt 0.000000 0.000000
vt 0.000000 0.000000
vt 0.000000 0.000000
vt 0.000000 0.000000
vt 0.000000 0.000000
vt 0.000000 0.000000
vt 0.000000 0.000000
vt 0.000000 0.000000
vt 0.000000 0.000000
vt 0.000000 0.000000
vt 0.000000 0.000000
vt 0.000000 0.000000
vt 0.000000 0.000000
vt 0.000000 0.000000
vt 0.000000 0.000000
vt 0.000000 0.000000
vt 0.000000 0.000000
vt 0.000000 0.000000
vt 0.000000 0.000000
vt 0.000000 0.000000
vt 0.000000 0.000000
vt 0.000000 0.000000
vt 0.000000 0.000000
vt 0.000000 0.000000
vt 0.000000 0.000000
vt 0.000000 0.000000
vt 0.000000 0.000000
vt 0.000000 0.000000
vt 0.000000 0.000000
vt 0.000000 0.000000
vt 0.000000 0.000000
vt 0.000000 0.000000
vt 0.000000 0.000000
vt 0.000000 0.000000
vt 0.000000 0.000000
vt 0.000000 0.000000
vt 0.000000 0.000000
vt 0.000000 0.000000
vt 0.000000 0.000000
vt 0.000000 0.000000
vt 0.000000 0.000000
vt 0.000000 0.000000
vt 0.000000 0.000000
vt 0.000000 0.000000
vt 0.000000 0.000000
vt 0.000000 0.000000
vt 0.000000 0.000000
vt 0.000000 0.000000
vt 0.000000 0.000000
vt 0.000000 0.000000
vt 0.000000 0.000000
vt 0.000000 0.000000
vt 0.000000 0.000000
vt 0.000000 0.000000
vt 0.000000 0.000000
vt 0.000000 0.000000
vt 0.000000 0.000000
vt 0.000000 0.000000
vt 0.000000 0.000000
vt 0.000000 0.000000
vt 0.000000 0.000000
vt 0.000000 0.000000
vt 0.000000 0.000000
vt 0.000000 0.000000
vt 0.000000 0.000000
vt 0.000000 0.000000
vt 0.000000 0.000000
vt 0.000000 0.000000
vt 0.000000 0.000000
vt 0.000000 0.000000
vt 0.000000 0.000000
vt 0.000000 0.000000
vt 0.000000 0.000000
vt 0.000000 0.000000
vt 0.000000 0.000000
vt 0.000000 0.000000
vt 0.000000 0.000000
vt 0.000000 0.000000
vt 0.000000 0.000000
vt 0.000000 0.000000
vt 0.000000 0.000000
vt 0.000000 0.000000
vt 0.000000 0.000000
vt 0.000000 0.000000
vt 0.000000 0.000000
vt 0.000000 0.000000
vt 0.000000 0.000000
vt 0.000000 0.000000
vt 0.000000 0.000000
vt 0.000000 0.000000
vt 0.000000 0.000000
vt 0.000000 0.000000
vt 0.000000 0.000000
vt 0.000000 0.000000
vt 0.000000 0.000000
vt 0.000000 0.000000
vt 0.000000 0.000000
vt 0.000000 0.000000
vt 0.000000 0.000000
vt 0.000000 0.000000
vt 0.000000 0.000000
vt 0.000000 0.000000
vt 0.000000 0.000000
vt 0.000000 0.000000
vt 0.000000 0.000000
vt 0.000000 0.000000
vt 0.000000 0.000000
vt 0.000000 0.000000
vt 0.000000 0.000000
vt 0.000000 0.000000
vt 0.000000 0.000000
vt 0.000000 0.000000
vt 0.000000 0.000000
vt 0.000000 0.000000
vt 0.000000 0.000000
vt 0.000000 0.000000
vt 0.000000 0.000000
vt 0.000000 0.000000
vt 0.000000 0.000000
vt 0.000000 0.000000
vt 0.000000 0.000000
vt 0.000000 0.000000
vt 0.000000 0.000000
vt 0.000000 0.000000
vt 0.000000 0.000000
vt 0.000000 0.000000
vt 0.000000 0.000000
vt 0.000000 0.000000
vt 0.000000 0.000000
vt 0.000000 0.000000
vt 0.000000 0.000000
vt 0.000000 0.000000
vt 0.000000 0.000000
vt 0.000000 0.000000
vt 0.000000 0.000000
vt 0.000000 0.000000
vt 0.000000 0.000000
vt 0.000000 0.000000
vt 0.000000 0.000000
vt 0.000000 0.000000
vt 0.000000 0.000000
vt 0.000000 0.000000
vt 0.000000 0.000000
vt 0.000000 0.000000
vt 0.000000 0.000000
vt 0.000000 0.000000
vt 0.000000 0.000000
vt 0.000000 0.000000
vt 0.000000 0.000000
vt 0.000000 0.000000
vt 0.000000 0.000000
vt 0.000000 0.000000
vt 0.000000 0.000000
vt 0.000000 0.000000
vt 0.000000 0.000000
vt 0.000000 0.000000
vt 0.000000 0.000000
vt 0.000000 0.000000
vt 0.000000 0.000000
vt 0.000000 0.000000
vt 0.000000 0.000000
vt 0.000000 0.000000
vt 0.000000 0.000000
vt 0.000000 0.000000
vt 0.000000 0.000000
vt 0.000000 0.000000
vt 0.000000 0.000000
vt 0.000000 0.000000
vt 0.000000 0.000000
vt 0.000000 0.000000
vt 0.000000 0.000000
vt 0.000000 0.000000
vt 0.000000 0.000000
vt 0.000000 0.000000
vt 0.000000 0.000000
vt 0.000000 0.000000
vt 0.000000 0.000000
vt 0.000000 0.000000
vt 0.000000 0.000000
vt 0.000000 0.000000
vt 0.000000 0.000000
vt 0.000000 0.000000
vt 0.000000 0.000000
vt 0.000000 0.000000
vt 0.000000 0.000000
vt 0.000000 0.000000
vt 0.000000 0.000000
vt 0.000000 0.000000
vt 0.000000 0.000000
vt 0.000000 0.000000
vt 0.000000 0.000000
vt 0.000000 0.000000
vt 0.000000 0.000000
vt 0.000000 0.000000
vt 0.000000 0.000000
vt 0.000000 0.000000
vt 0.000000 0.000000
vt 0.000000 0.000000
vt 0.000000 0.000000
vt 0.000000 0.000000
vt 0.000000 0.000000
vt 0.000000 0.000000
vt 0.000000 0.000000
vt 0.000000 0.000000
vt 0.000000 0.000000
vt 0.000000 0.000000
vt 0.000000 0.000000
vt 0.000000 0.000000
vt 0.000000 0.000000
vt 0.000000 0.000000
vt 0.000000 0.000000
vt 0.000000 0.000000
vt 0.000000 0.000000
vt 0.000000 0.000000
vt 0.000000 0.000000
vt 0.000000 0.000000
vt 0.000000 0.000000
vt 0.000000 0.000000
vt 0.000000 0.000000
vt 0.000000 0.000000
vt 0.000000 0.000000
vt 0.000000 0.000000
vt 0.000000 0.000000
vt 0.000000 0.000000
vt 0.000000 0.000000
vt 0.000000 0.000000
vt 0.000000 0.000000
vt 0.000000 0.000000
vt 0.000000 0.000000
vt 0.000000 0.000000
vt 0.000000 0.000000
vt 0.000000 0.000000
vt 0.000000 0.000000
vt 0.000000 0.000000
vt 0.000000 0.000000
vt 0.000000 0.000000
vt 0.000000 0.000000
vt 0.000000 0.000000
vt 0.000000 0.000000
vt 0.000000 0.000000
vt 0.000000 0.000000
vt 0.000000 0.000000
vt 0.000000 0.000000
vt 0.000000 0.000000
vt 0.000000 0.000000
vt 0.000000 0.000000
vt 0.000000 0.000000
vt 0.000000 0.000000
vt 0.000000 0.000000
vt 0.000000 0.000000
vt 0.000000 0.000000
vt 0.000000 0.000000
vt 0.000000 0.000000
vt 0.000000 0.000000
vt 0.000000 0.000000
vt 0.000000 0.000000
vt 0.000000 0.000000
vt 0.000000 0.000000
vt 0.000000 0.000000
vt 0.000000 0.000000
vt 0.000000 0.000000
vt 0.000000 0.000000
vt 0.000000 0.000000
vt 0.000000 0.000000
vt 0.000000 0.000000
vt 0.000000 0.000000
vt 0.000000 0.000000
vt 0.000000 0.000000
vt 0.000000 0.000000
vt 0.000000 0.000000
vt 0.000000 0.000000
vt 0.000000 0.000000
vt 0.000000 0.000000
vt 0.000000 0.000000
vt 0.000000 0.000000
vt 0.000000 0.000000
vt 0.000000 0.000000
vt 0.000000 0.000000
vt 0.000000 0.000000
vt 0.000000 0.000000
vt 0.000000 0.000000
vt 0.000000 0.000000
vt 0.000000 0.000000
vt 0.000000 0.000000
vt 0.000000 0.000000
vt 0.000000 0.000000
vt 0.000000 0.000000
vt 0.000000 0.000000
vt 0.000000 0.000000
vt 0.000000 0.000000
vt 0.000000 0.000000
vt 0.000000 0.000000
vt 0.000000 0.000000
vt 0.000000 0.000000
vt 0.000000 0.000000
vt 0.000000 0.000000
vt 0.000000 0.000000
vt 0.000000 0.000000
vt 0.000000 0.000000
vt 0.000000 0.000000
vt 0.000000 0.000000
vt 0.000000 0.000000
vt 0.000000 0.000000
vt 0.000000 0.000000
vt 0.000000 0.000000
vt 0.000000 0.000000
vt 0.000000 0.000000
vt 0.000000 0.000000
vt 0.000000 0.000000
vt 0.000000 0.000000
vt 0.000000 0.000000
vt 0.000000 0.000000
vt 0.000000 0.000000
vt 0.000000 0.000000
vt 0.000000 0.000000
vt 0.000000 0.000000
vt 0.000000 0.000000
vt 0.000000 0.000000
vt 0.000000 0.000000
vt 0.000000 0.000000
vt 0.000000 0.000000
vt 0.000000 0.000000
vt 0.000000 0.000000
vt 0.000000 0.000000
vt 0.000000 0.000000
vt 0.000000 0.000000
vt 0.000000 0.000000
vt 0.000000 0.000000
vt 0.000000 0.000000
vt 0.000000 0.000000
vt 0.000000 0.000000
vt 0.000000 0.000000
vt 0.000000 0.000000
vt 0.000000 0.000000
vt 0.000000 0.000000
vt 0.000000 0.000000
vt 0.000000 0.000000
vt 0.000000 0.000000
vt 0.000000 0.000000
vt 0.000000 0.000000
vt 0.000000 0.000000
vt 0.000000 0.000000
vt 0.000000 0.000000
vt 0.000000 0.000000
vt 0.000000 0.000000
vt 0.000000 0.000000
vt 0.000000 0.000000
vt 0.000000 0.000000
vt 0.000000 0.000000
vt 0.000000 0.000000
vt 0.000000 0.000000
vt 0.000000 0.000000
vt 0.000000 0.000000
vt 0.000000 0.000000
vt 0.000000 0.000000
vt 0.000000 0.000000
vt 0.000000 0.000000
vt 0.000000 0.000000
vt 0.000000 0.000000
vt 0.000000 0.000000
vt 0.000000 0.000000
vt 0.000000 0.000000
vt 0.000000 0.000000
vt 0.000000 0.000000
vt 0.000000 0.000000
vt 0.000000 0.000000
vt 0.000000 0.000000
vt 0.000000 0.000000
vt 0.000000 0.000000
vt 0.000000 0.000000
vt 0.000000 0.000000
vt 0.000000 0.000000
vt 0.000000 0.000000
vt 0.000000 0.000000
vt 0.000000 0.000000
vt 0.000000 0.000000
vt 0.000000 0.000000
vt 0.000000 0.000000
vt 0.000000 0.000000
vt 0.000000 0.000000
vt 0.000000 0.000000
vt 0.000000 0.000000
vt 0.000000 0.000000
vt 0.000000 0.000000
vt 0.000000 0.000000
vt 0.000000 0.000000
vt 0.000000 0.000000
vt 0.000000 0.000000
vt 0.000000 0.000000
vt 0.000000 0.000000
vt 0.000000 0.000000
vt 0.000000 0.000000
vt 0.000000 0.000000
vt 0.000000 0.000000
vt 0.000000 0.000000
vt 0.000000 0.000000
vt 0.000000 0.000000
vt 0.000000 0.000000
vt 0.000000 0.000000
vt 0.000000 0.000000
vt 0.000000 0.000000
vt 0.000000 0.000000
vt 0.000000 0.000000
vt 0.000000 0.000000
vt 0.000000 0.000000
vt 0.000000 0.000000
vt 0.000000 0.000000
vt 0.000000 0.000000
vt 0.000000 0.000000
vt 0.000000 0.000000
vt 0.000000 0.000000
vt 0.000000 0.000000
vt 0.000000 0.000000
vt 0.000000 0.000000
vt 0.000000 0.000000
vt 0.000000 0.000000
vt 0.000000 0.000000
vt 0.000000 0.000000
vt 0.000000 0.000000
vt 0.000000 0.000000
vt 0.000000 0.000000
vt 0.000000 0.000000
vt 0.000000 0.000000
vt 0.000000 0.000000
vt 0.000000 0.000000
vt 0.000000 0.000000
vt 0.000000 0.000000
vt 0.000000 0.000000
vt 0.000000 0.000000
vt 0.000000 0.000000
vt 0.000000 0.000000
vt 0.000000 0.000000
vt 0.000000 0.000000
vt 0.000000 0.000000
vt 0.000000 0.000000
vt 0.000000 0.000000
vt 0.000000 0.000000
vt 0.000000 0.000000
vt 0.000000 0.000000
vt 0.000000 0.000000
vt 0.000000 0.000000
vt 0.000000 0.000000
vt 0.000000 0.000000
vt 0.000000 0.000000
vt 0.000000 0.000000
vt 0.000000 0.000000
vt 0.000000 0.000000
vt 0.000000 0.000000
vt 0.000000 0.000000
vt 0.000000 0.000000
vt 0.000000 0.000000
vt 0.000000 0.000000
vt 0.000000 0.000000
vt 0.000000 0.000000
vt 0.000000 0.000000
vt 0.000000 0.000000
vt 0.000000 0.000000
vt 0.000000 0.000000
vt 0.000000 0.000000
vt 0.000000 0.000000
vt 0.000000 0.000000
vt 0.000000 0.000000
vt 0.000000 0.000000
vt 0.000000 0.000000
vt 0.000000 0.000000
vt 0.000000 0.000000
vt 0.000000 0.000000
vt 0.000000 0.000000
vt 0.000000 0.000000
vt 0.000000 0.000000
vt 0.000000 0.000000
vt 0.000000 0.000000
vt 0.000000 0.000000
vt 0.000000 0.000000
vt 0.000000 0.000000
vt 0.000000 0.000000
vt 0.000000 0.000000
vt 0.000000 0.000000
vt 0.000000 0.000000
vt 0.000000 0.000000
vt 0.000000 0.000000
vt 0.000000 0.000000
vt 0.000000 0.000000
vt 0.000000 0.000000
vt 0.000000 0.000000
vt 0.000000 0.000000
vt 0.000000 0.000000
vt 0.000000 0.000000
vt 0.000000 0.000000
vt 0.000000 0.000000
vt 0.000000 0.000000
vt 0.000000 0.000000
vt 0.000000 0.000000
vt 0.000000 0.000000
vt 0.000000 0.000000
vt 0.000000 0.000000
vt 0.000000 0.000000
vt 0.000000 0.000000
vt 0.000000 0.000000
vt 0.000000 0.000000
vt 0.000000 0.000000
vt 0.000000 0.000000
vt 0.000000 0.000000
vt 0.000000 0.000000
vt 0.000000 0.000000
vt 0.000000 0.000000
vt 0.000000 0.000000
vt 0.000000 0.000000
vt 0.000000 0.000000
vt 0.000000 0.000000
vt 0.000000 0.000000
vt 0.000000 0.000000
vt 0.000000 0.000000
vt 0.000000 0.000000
vt 0.000000 0.000000
vt 0.000000 0.000000
vt 0.000000 0.000000
vt 0.000000 0.000000
vt 0.000000 0.000000
vt 0.000000 0.000000
vt 0.000000 0.000000
vt 0.000000 0.000000
vt 0.000000 0.000000
vn 0.693936 0.080739 0.715495
vn 0.741638 0.200182 0.640234
vn 0.582653 0.318254 0.747817
vn -0.851133 -0.462301 0.248698
vn -0.851133 -0.462301 0.248698
vn -0.944008 -0.273396 0.184670
vn 0.808667 -0.161585 -0.565640
vn 0.808667 -0.161585 -0.565640
vn 0.654431 0.032535 -0.755421
vn 0.808667 -0.161585 -0.565640
vn 0.654431 0.032535 -0.755421
vn 0.654431 0.032535 -0.755421
vn -0.717054 -0.628825 0.300686
vn -0.851133 -0.462301 0.248698
vn -0.851133 -0.462301 0.248698
vn 0.506842 0.435731 0.743807
vn 0.178687 0.502874 0.845688
vn 0.582653 0.318254 0.747817
vn 0.654431 0.032535 -0.755421
vn 0.654431 0.032535 -0.755421
vn 0.632343 -0.176875 -0.754227
vn 0.019767 0.174019 0.984544
vn 0.065017 0.047859 0.996736
vn 0.065017 0.047859 0.996736
vn -0.767322 -0.613885 -0.185372
vn -0.767322 -0.613885 -0.185372
vn -0.912892 -0.403096 -0.064358
vn 0.777443 -0.133900 -0.614535
vn 0.777443 -0.133900 -0.614535
vn 0.653989 0.077449 -0.752529
vn 0.777443 -0.133900 -0.614535
vn 0.653989 0.077449 -0.752529
vn 0.653989 0.077449 -0.752529
vn 0.072637 -0.925615 -0.371431
vn -0.309132 -0.867434 -0.389867
vn -0.767322 -0.613885 -0.185372
vn 0.072637 -0.925615 -0.371431
vn -0.767322 -0.613885 -0.185372
vn -0.767322 -0.613885 -0.185372
vn 0.109089 -0.079168 0.990874
vn 0.109089 -0.079168 0.990874
vn 0.065017 0.047859 0.996736
vn 0.109089 -0.079168 0.990874
vn 0.065017 0.047859 0.996736
vn 0.065017 0.047859 0.996736
vn 0.653989 0.077449 -0.752529
vn 0.653989 0.077449 -0.752529
vn 0.632341 -0.176876 -0.754228
vn -0.582653 0.318254 0.747817
vn -0.741638 0.200182 0.640234
vn -0.693936 0.080739 0.715495
vn 0.944008 -0.273396 0.184670
vn 0.851133 -0.462301 0.248698
vn 0.851133 -0.462301 0.248698
vn -0.654431 0.032535 -0.755421
vn -0.654431 0.032535 -0.755421
vn -0.808667 -0.161585 -0.565640
vn -0.654431 0.032535 -0.755421
vn -0.808667 -0.161585 -0.565640
vn -0.808667 -0.161585 -0.565640
vn 0.851133 -0.462301 0.248698
vn 0.851133 -0.462301 0.248698
vn 0.717054 -0.628825 0.300686
vn -0.582653 0.318254 0.747817
vn -0.178687 0.502874 0.845688
vn -0.506842 0.435731 0.743807
vn -0.632343 -0.176875 -0.754227
vn -0.654431 0.032535 -0.755421
vn -0.654431 0.032535 -0.755421
vn 0.762629 0.622669 0.175159
vn 0.686391 0.637351 0.350215
vn 0.775190 0.536380 0.333732
vn 0.762629 0.622669 0.175159
vn 0.775190 0.536380 0.333732
vn 0.852269 0.498357 0.158989
vn 0.762629 0.622669 0.175159
vn 0.852269 0.498357 0.158989
vn 0.883727 0.461508 0.077698
vn 0.428033 -0.863231 -0.267618
vn 0.831813 -0.532461 -0.156754
vn 0.684787 -0.615105 -0.390784
vn 0.000005 -0.918029 -0.396514
vn 0.000009 -0.971311 -0.237813
vn 0.428033 -0.863231 -0.267618
vn 0.000005 -0.918029 -0.396514
vn 0.428033 -0.863231 -0.267618
vn -0.309132 -0.867434 -0.389867
vn 0.000005 -0.918029 -0.396514
vn -0.309132 -0.867434 -0.389867
vn 0.072637 -0.925615 -0.371431
vn 0.428033 -0.863231 -0.267618
vn 0.000009 -0.971311 -0.237813
vn 0.472302 -0.824912 -0.310566
vn 0.874335 0.431104 0.222905
vn 0.592808 0.674809 0.439558
vn 0.682565 0.677369 0.274365
vn 0.883727 0.461508 0.077698
vn 0.907271 0.420526 -0.004289
vn 0.874335 0.431104 0.222905
vn 0.883727 0.461508 0.077698
vn 0.874335 0.431104 0.222905
vn 0.682565 0.677369 0.274365
vn 0.883727 0.461508 0.077698
vn 0.682565 0.677369 0.274365
vn 0.762629 0.622669 0.175159
vn 0.831813 -0.532461 -0.156754
vn 0.963105 -0.040454 0.266067
vn 0.774500 -0.604127 -0.187563
vn 0.555324 0.658706 0.507663
vn 0.299842 0.637644 0.709581
vn 0.256767 0.599857 0.757787
vn -0.856512 0.256305 0.447990
vn 0.003284 0.864750 0.502192
vn 0.001956 0.134431 0.990921
vn -0.856512 0.256305 0.447990
vn 0.001956 0.134431 0.990921
vn -0.939777 0.091920 0.329197
vn 0.975631 -0.144531 0.165091
vn 0.692195 0.121898 0.711342
vn 0.996148 0.071478 0.050801
vn 0.975631 -0.144531 0.165091
vn 0.996148 0.071478 0.050801
vn 0.978625 -0.153671 0.136665
vn 0.683306 0.659814 0.312629
vn 0.743153 0.487693 0.458126
vn 0.999776 0.019935 0.007065
vn 0.683306 0.659814 0.312629
vn 0.999776 0.019935 0.007065
vn 0.892349 0.375067 -0.251073
vn 0.999776 0.019935 0.007065
vn 0.931026 -0.341808 0.127896
vn 0.962755 -0.267916 -0.036383
vn 0.743153 0.487693 0.458126
vn 0.080770 0.667223 0.740466
vn 0.777585 0.607294 0.162959
vn 0.000006 0.901869 -0.432009
vn 0.000007 0.899938 -0.436018
vn 0.363729 0.839843 -0.402944
vn 0.692195 0.121898 0.711342
vn -0.832646 -0.552442 0.038847
vn -0.930537 -0.244164 0.272920
vn 0.521850 0.796134 -0.306338
vn 0.979019 0.050157 -0.197497
vn 0.512907 0.783759 -0.350213
vn 0.521850 0.796134 -0.306338
vn 0.512907 0.783759 -0.350213
vn 0.415629 0.828531 -0.375218
vn 0.892349 0.375067 -0.251073
vn 0.999776 0.019935 0.007065
vn 0.962755 -0.267916 -0.036383
vn 0.892349 0.375067 -0.251073
vn 0.962755 -0.267916 -0.036383
vn 0.927414 0.199904 -0.316135
vn 0.692195 0.121898 0.711342
vn 0.781643 0.539371 0.313231
vn 0.996148 0.071478 0.050801
vn 0.002418 0.989276 0.146038
vn -0.191913 0.906925 0.375041
vn 0.005114 0.866470 0.499203
vn 0.299842 0.637644 0.709581
vn 0.555324 0.658706 0.507663
vn 0.920779 0.389367 -0.023646
vn 0.483110 -0.424347 -0.765855
vn 0.557150 -0.218975 -0.801021
vn 0.462633 -0.335582 -0.820582
vn 0.650139 -0.679939 0.339120
vn 0.931026 -0.341808 0.127896
vn 0.692195 0.121898 0.711342
vn 0.650139 -0.679939 0.339120
vn 0.692195 0.121898 0.711342
vn 0.961626 -0.268707 0.055418
vn -0.832646 -0.552442 0.038847
vn -0.776056 -0.562141 -0.285894
vn -0.930537 -0.244164 0.272920
vn 0.961626 -0.268707 0.055418
vn 0.692195 0.121898 0.711342
vn 0.975631 -0.144531 0.165091
vn 0.080770 0.667223 0.740466
vn 0.743153 0.487693 0.458126
vn 0.411033 0.480577 0.774660
vn 0.957291 -0.256318 -0.133769
vn 0.966909 0.221373 -0.126809
vn 0.920779 0.389367 -0.023646
vn 0.957291 -0.256318 -0.133769
vn 0.920779 0.389367 -0.023646
vn 0.917003 -0.067058 -0.393202
vn 0.920779 0.389367 -0.023646
vn 0.555324 0.658706 0.507663
vn 0.870461 0.289997 -0.397743
vn 0.876770 -0.062682 0.476807
vn 0.678631 -0.093120 0.728552
vn 0.080717 -0.871096 0.484435
vn 0.876770 -0.062682 0.476807
vn 0.080717 -0.871096 0.484435
vn 0.808574 -0.549417 0.210592
vn 0.808574 -0.549417 0.210592
vn 0.080717 -0.871096 0.484435
vn 0.062288 -0.969278 0.237949
vn 0.808574 -0.549417 0.210592
vn 0.062288 -0.969278 0.237949
vn 0.741865 -0.655363 0.141898
vn 0.991451 0.005047 -0.130381
vn 0.858104 0.239478 -0.454212
vn 0.979427 0.076259 -0.186835
vn 0.741865 -0.655363 0.141898
vn 0.062288 -0.969278 0.237949
vn 0.030816 -0.973839 0.225138
vn 0.741865 -0.655363 0.141898
vn 0.030816 -0.973839 0.225138
vn 0.786382 -0.599124 0.150513
vn 0.002940 -0.989894 -0.141776
vn -0.063997 -0.987891 -0.141338
vn -0.050958 -0.997463 -0.049708
vn 0.002940 -0.989894 -0.141776
vn -0.050958 -0.997463 -0.049708
vn -0.149320 -0.948550 -0.279205
vn 0.002940 -0.989894 -0.141776
vn -0.149320 -0.948550 -0.279205
vn 0.005383 -0.921629 -0.388035
vn 0.005114 0.866470 0.499203
vn -0.191913 0.906925 0.375041
vn 0.005874 0.669126 0.743126
vn 0.299842 0.637644 0.709581
vn 0.459706 -0.182703 0.869074
vn 0.256767 0.599857 0.757787
vn 0.256767 0.599857 0.757787
vn 0.459706 -0.182703 0.869074
vn 0.121428 0.440477 0.889514
vn 0.770872 -0.583265 0.256042
vn 0.969890 0.182584 -0.161175
vn 0.786382 -0.599124 0.150513
vn 0.858104 0.239478 -0.454212
vn 0.991935 0.096373 -0.082321
vn 0.969890 0.182584 -0.161175
vn 0.858104 0.239478 -0.454212
vn 0.969890 0.182584 -0.161175
vn 0.724980 0.587276 -0.359876
vn 0.991935 0.096373 -0.082321
vn 0.858104 0.239478 -0.454212
vn 0.985759 -0.006128 -0.168050
vn 0.985759 -0.006128 -0.168050
vn 0.858104 0.239478 -0.454212
vn 0.991451 0.005047 -0.130381
vn 0.812228 0.317956 0.489069
vn 0.121428 0.440477 0.889514
vn 0.678631 -0.093120 0.728552
vn 0.812228 0.317956 0.489069
vn 0.678631 -0.093120 0.728552
vn 0.876770 -0.062682 0.476807
vn 0.777585 0.607294 0.162959
vn 0.999776 0.019935 0.007065
vn 0.743153 0.487693 0.458126
vn 0.462633 -0.335582 -0.820582
vn 0.245820 -0.541946 -0.803658
vn 0.483110 -0.424347 -0.765855
vn -0.653699 0.394333 0.645894
vn -0.448685 0.304002 0.840396
vn -0.448685 0.304002 0.840396
vn -0.653699 0.394333 0.645894
vn -0.448685 0.304002 0.840396
vn -0.653699 0.394333 0.645894
vn 0.607396 -0.785532 0.118362
vn 0.000008 -0.981609 0.190905
vn 0.000009 -0.962441 0.271490
vn 0.682227 -0.731125 0.004694
vn 0.000008 -0.999958 0.009217
vn 0.000008 -0.981609 0.190905
vn 0.682227 -0.731125 0.004694
vn 0.000008 -0.981609 0.190905
vn 0.607396 -0.785532 0.118362
vn 0.834982 -0.072423 -0.545490
vn 0.521911 -0.116410 -0.845019
vn 0.447398 0.024283 -0.894005
vn -0.111266 0.937825 0.328791
vn 0.110898 0.671516 0.732645
vn 0.723041 0.678394 -0.130353
vn 0.979019 0.050157 -0.197497
vn 0.966909 0.221373 -0.126809
vn 0.957291 -0.256318 -0.133769
vn 0.980045 -0.178702 -0.087051
vn 0.992714 -0.003244 0.120448
vn 0.834982 -0.072423 -0.545490
vn 0.670062 0.729262 0.138539
vn 0.670062 0.729262 0.138539
vn 0.951867 0.241220 -0.189111
vn 0.670062 0.729262 0.138539
vn 0.951867 0.241220 -0.189111
vn 0.110898 0.671516 0.732645
vn 0.966909 0.221373 -0.126809
vn 0.979019 0.050157 -0.197497
vn 0.521850 0.796134 -0.306338
vn 0.966909 0.221373 -0.126809
vn 0.521850 0.796134 -0.306338
vn 0.604812 0.770335 -0.201954
vn 0.920779 0.389367 -0.023646
vn 0.966909 0.221373 -0.126809
vn 0.604812 0.770335 -0.201954
vn 0.920779 0.389367 -0.023646
vn 0.604812 0.770335 -0.201954
vn 0.642612 0.754400 -0.133906
vn 0.908043 0.289229 -0.302993
vn 0.979427 0.076259 -0.186835
vn 0.858104 0.239478 -0.454212
vn 0.951867 0.241220 -0.189111
vn 0.980045 -0.178702 -0.087051
vn 0.834982 -0.072423 -0.545490
vn 0.979019 0.050157 -0.197497
vn 0.709450 -0.683033 -0.173631
vn 0.682227 -0.731125 0.004694
vn 0.979019 0.050157 -0.197497
vn 0.682227 -0.731125 0.004694
vn 0.848914 -0.528531 0.000930
vn 0.607396 -0.785532 0.118362
vn 0.848914 -0.528531 0.000930
vn 0.682227 -0.731125 0.004694
vn 0.834982 -0.072423 -0.545490
vn 0.565797 -0.203991 -0.798913
vn 0.521911 -0.116410 -0.845019
vn 0.951867 0.241220 -0.189111
vn 0.834982 -0.072423 -0.545490
vn 0.853922 0.332658 -0.400195
vn 0.996148 0.071478 0.050801
vn 0.781643 0.539371 0.313231
vn 0.697855 0.708267 0.106565
vn 0.996148 0.071478 0.050801
vn 0.697855 0.708267 0.106565
vn 0.970148 0.172991 0.169964
vn 0.978625 -0.153671 0.136665
vn 0.996148 0.071478 0.050801
vn 0.970148 0.172991 0.169964
vn 0.978625 -0.153671 0.136665
vn 0.970148 0.172991 0.169964
vn 0.855723 -0.512783 -0.069225
vn 0.959308 0.186561 0.211951
vn 0.868363 0.315065 0.382988
vn 0.868363 0.315065 0.382988
vn 0.959308 0.186561 0.211951
vn 0.868363 0.315065 0.382988
vn 0.959308 0.186561 0.211951
vn 0.868363 0.315065 0.382988
vn 0.868421 0.112467 0.482903
vn 0.868421 0.112467 0.482903
vn 0.868363 0.315065 0.382988
vn 0.868421 0.112467 0.482903
vn 0.868363 0.315065 0.382988
vn 0.459706 -0.182703 0.869074
vn 0.931026 -0.341808 0.127896
vn 0.650139 -0.679939 0.339120
vn 0.614671 0.573788 0.541246
vn 0.812228 0.317956 0.489069
vn 0.979427 0.076259 -0.186835
vn 0.614671 0.573788 0.541246
vn 0.979427 0.076259 -0.186835
vn 0.908043 0.289229 -0.302993
vn 0.121428 0.440477 0.889514
vn 0.614671 0.573788 0.541246
vn 0.256767 0.599857 0.757787
vn 0.270404 0.312274 -0.910696
vn 0.293608 0.506805 -0.810521
vn 0.302150 0.434335 -0.848562
vn 0.302150 0.434335 -0.848562
vn 0.293608 0.506805 -0.810521
vn 0.347497 0.652173 -0.673733
vn 0.080770 0.667223 0.740466
vn 0.692195 0.121898 0.711342
vn -0.930537 -0.244164 0.272920
vn 0.614013 0.739139 0.276878
vn 0.635937 0.678511 0.367704
vn 0.614013 0.739139 0.276878
vn 0.667860 -0.404860 -0.624541
vn 0.489547 -0.362396 -0.793103
vn 0.489547 -0.362396 -0.793103
vn 0.667860 -0.404860 -0.624541
vn 0.489547 -0.362396 -0.793103
vn 0.667860 -0.404860 -0.624541
vn -0.840799 -0.212347 0.497962
vn -0.653699 0.394333 0.645894
vn -0.653699 0.394333 0.645894
vn -0.840799 -0.212347 0.497962
vn -0.653699 0.394333 0.645894
vn 0.110898 0.671516 0.732645
vn -0.111266 0.937825 0.328791
vn 0.723041 0.678394 -0.130353
vn 0.417755 0.572269 -0.705683
vn 0.723041 0.678394 -0.130353
vn 0.853922 0.332658 -0.400195
vn 0.447398 0.024283 -0.894005
vn 0.723041 0.678394 -0.130353
vn 0.447398 0.024283 -0.894005
vn 0.417755 0.572269 -0.705683
vn 0.723041 0.678394 -0.130353
vn 0.110898 0.671516 0.732645
vn 0.853922 0.332658 -0.400195
vn 0.743153 0.487693 0.458126
vn 0.683306 0.659814 0.312629
vn 0.781643 0.539371 0.313231
vn 0.853922 0.332658 -0.400195
vn 0.834982 -0.072423 -0.545490
vn 0.447398 0.024283 -0.894005
vn 0.411033 0.480577 0.774660
vn 0.781643 0.539371 0.313231
vn 0.692195 0.121898 0.711342
vn 0.614671 0.573788 0.541246
vn 0.121428 0.440477 0.889514
vn 0.812228 0.317956 0.489069
vn 0.876770 -0.062682 0.476807
vn 0.991451 0.005047 -0.130381
vn 0.979427 0.076259 -0.186835
vn 0.876770 -0.062682 0.476807
vn 0.979427 0.076259 -0.186835
vn 0.812228 0.317956 0.489069
vn 0.808574 -0.549417 0.210592
vn 0.985759 -0.006128 -0.168050
vn 0.991451 0.005047 -0.130381
vn 0.808574 -0.549417 0.210592
vn 0.991451 0.005047 -0.130381
vn 0.876770 -0.062682 0.476807
vn 0.741865 -0.655363 0.141898
vn 0.991935 0.096373 -0.082321
vn 0.985759 -0.006128 -0.168050
vn 0.741865 -0.655363 0.141898
vn 0.985759 -0.006128 -0.168050
vn 0.808574 -0.549417 0.210592
vn 0.786382 -0.599124 0.150513
vn 0.969890 0.182584 -0.161175
vn 0.991935 0.096373 -0.082321
vn 0.786382 -0.599124 0.150513
vn 0.991935 0.096373 -0.082321
vn 0.741865 -0.655363 0.141898
vn 0.002418 0.989276 0.146038
vn 0.003284 0.864750 0.502192
vn -0.300632 0.941876 0.149964
vn 0.459706 -0.182703 0.869074
vn -0.094384 -0.369456 0.924443
vn -0.575076 0.038309 0.817202
vn -0.000004 -0.969778 0.243988
vn 0.000002 -0.959670 -0.281128
vn -0.200613 -0.973126 0.113053
vn -0.200613 -0.973126 0.113053
vn 0.000002 -0.959670 -0.281128
vn -0.058750 -0.877227 -0.476467
vn -0.094384 -0.369456 0.924443
vn 0.459706 -0.182703 0.869074
vn 0.000001 -0.742279 0.670091
vn 0.980045 -0.178702 -0.087051
vn 0.959308 0.186561 0.211951
vn 0.959308 0.186561 0.211951
vn 0.980045 -0.178702 -0.087051
vn 0.959308 0.186561 0.211951
vn 0.992714 -0.003244 0.120448
vn 0.962755 -0.267916 -0.036383
vn 0.931026 -0.341808 0.127896
vn 0.459706 -0.182703 0.869074
vn 0.256767 0.599857 0.757787
vn 0.614671 0.573788 0.541246
vn 0.555324 0.658706 0.507663
vn 0.565797 -0.203991 -0.798913
vn 0.546779 -0.043593 -0.836141
vn 0.521911 -0.116410 -0.845019
vn -0.575076 0.038309 0.817202
vn 0.121428 0.440477 0.889514
vn 0.459706 -0.182703 0.869074
vn -0.320255 -0.794972 -0.515225
vn -0.289771 -0.851966 -0.436104
vn -0.200613 -0.973126 0.113053
vn -0.755710 -0.646027 0.107472
vn 0.030816 -0.973839 0.225138
vn 0.062288 -0.969278 0.237949
vn -0.755710 -0.646027 0.107472
vn 0.062288 -0.969278 0.237949
vn -0.727549 -0.666184 0.163926
vn -0.727549 -0.666184 0.163926
vn 0.062288 -0.969278 0.237949
vn 0.080717 -0.871096 0.484435
vn -0.727549 -0.666184 0.163926
vn 0.080717 -0.871096 0.484435
vn -0.794554 -0.529032 0.298010
vn -0.794554 -0.529032 0.298010
vn 0.080717 -0.871096 0.484435
vn -0.557540 -0.102593 0.823786
vn -0.794554 -0.529032 0.298010
vn -0.557540 -0.102593 0.823786
vn -0.839805 -0.060193 0.539540
vn -0.677197 0.721227 -0.145726
vn -0.752460 0.606559 -0.256688
vn -0.694486 0.594873 -0.404741
vn -0.677197 0.721227 -0.145726
vn -0.694486 0.594873 -0.404741
vn -0.694486 0.594873 -0.404741
vn -0.979805 0.175199 -0.096376
vn -0.752460 0.606559 -0.256688
vn -0.677197 0.721227 -0.145726
vn -0.978628 -0.061982 0.196074
vn -0.752460 0.606559 -0.256688
vn -0.979805 0.175199 -0.096376
vn -0.951281 -0.308307 0.003269
vn -0.755710 -0.646027 0.107472
vn -0.727549 -0.666184 0.163926
vn -0.951281 -0.308307 0.003269
vn -0.727549 -0.666184 0.163926
vn -0.948582 -0.307734 0.074106
vn -0.948582 -0.307734 0.074106
vn -0.727549 -0.666184 0.163926
vn -0.794554 -0.529032 0.298010
vn -0.948582 -0.307734 0.074106
vn -0.794554 -0.529032 0.298010
vn -0.979805 0.175199 -0.096376
vn -0.979805 0.175199 -0.096376
vn -0.794554 -0.529032 0.298010
vn -0.839805 -0.060193 0.539540
vn -0.979805 0.175199 -0.096376
vn -0.839805 -0.060193 0.539540
vn -0.978628 -0.061982 0.196074
vn -0.694486 0.594873 -0.404741
vn -0.694486 0.594873 -0.404741
vn -0.633268 0.542750 -0.551719
vn -0.694486 0.594873 -0.404741
vn -0.633268 0.542750 -0.551719
vn -0.635281 0.560244 -0.531550
vn -0.767754 -0.590608 0.248466
vn 0.004713 -0.857575 0.514338
vn 0.030816 -0.973839 0.225138
vn -0.767754 -0.590608 0.248466
vn 0.030816 -0.973839 0.225138
vn -0.755710 -0.646027 0.107472
vn -0.755710 -0.646027 0.107472
vn -0.951281 -0.308307 0.003269
vn -0.767754 -0.590608 0.248466
vn 0.546779 -0.043593 -0.836141
vn 0.422251 0.191125 -0.886101
vn 0.422251 0.191125 -0.886101
vn 0.546779 -0.043593 -0.836141
vn 0.422251 0.191125 -0.886101
vn 0.521911 -0.116410 -0.845019
vn -0.635281 0.560244 -0.531550
vn -0.633268 0.542750 -0.551719
vn -0.687823 0.324512 -0.649301
vn -0.806424 -0.151234 -0.571672
vn -0.687823 0.324512 -0.649301
vn 0.002205 -0.382827 -0.923818
vn -0.806424 -0.151234 -0.571672
vn 0.002205 -0.382827 -0.923818
vn -0.778659 -0.301886 -0.550050
vn -0.359736 -0.501481 -0.786833
vn 0.003823 -0.536893 -0.843642
vn 0.005383 -0.921629 -0.388035
vn -0.359736 -0.501481 -0.786833
vn 0.005383 -0.921629 -0.388035
vn -0.149320 -0.948550 -0.279205
vn -0.767754 -0.590608 0.248466
vn -0.693297 -0.193334 0.694235
vn 0.001956 0.134431 0.990921
vn -0.767754 -0.590608 0.248466
vn 0.001956 0.134431 0.990921
vn 0.004713 -0.857575 0.514338
vn -0.687823 0.324512 -0.649301
vn -0.806424 -0.151234 -0.571672
vn -0.635281 0.560244 -0.531550
vn -0.693297 -0.193334 0.694235
vn -0.939777 0.091920 0.329197
vn 0.001956 0.134431 0.990921
vn -0.778659 -0.301886 -0.550050
vn -0.939777 0.091920 0.329197
vn -0.806424 -0.151234 -0.571672
vn -0.575076 0.038309 0.817202
vn -0.978628 -0.061982 0.196074
vn -0.839805 -0.060193 0.539540
vn -0.094384 -0.369456 0.924443
vn -0.200613 -0.973126 0.113053
vn -0.978628 -0.061982 0.196074
vn -0.094384 -0.369456 0.924443
vn -0.978628 -0.061982 0.196074
vn -0.575076 0.038309 0.817202
vn 0.422251 0.191125 -0.886101
vn 0.270404 0.312274 -0.910696
vn 0.302150 0.434335 -0.848562
vn 0.422251 0.191125 -0.886101
vn 0.302150 0.434335 -0.848562
vn 0.422251 0.191125 -0.886101
vn 0.916197 -0.200709 0.346840
vn 0.916197 -0.200709 0.346840
vn 0.925472 -0.330098 0.185842
vn 0.916197 -0.200709 0.346840
vn 0.925472 -0.330098 0.185842
vn 0.925472 -0.330098 0.185842
vn 0.868421 0.112467 0.482903
vn 0.868421 0.112467 0.482903
vn 0.916197 -0.200709 0.346840
vn 0.868421 0.112467 0.482903
vn 0.916197 -0.200709 0.346840
vn 0.916197 -0.200709 0.346840
vn 0.440958 -0.279449 -0.852915
vn 0.465181 -0.399915 -0.789731
vn 0.465181 -0.399915 -0.789731
vn 0.440958 -0.279449 -0.852915
vn 0.465181 -0.399915 -0.789731
vn 0.440958 -0.279449 -0.852915
vn 0.000001 -0.742279 0.670091
vn -0.200613 -0.973126 0.113053
vn -0.094384 -0.369456 0.924443
vn -0.346033 0.841985 0.413911
vn 0.003284 0.864750 0.502192
vn -0.856512 0.256305 0.447990
vn -0.856512 0.256305 0.447990
vn -0.994161 -0.107893 -0.001823
vn -0.987989 -0.117900 -0.099885
vn -0.856512 0.256305 0.447990
vn -0.987989 -0.117900 -0.099885
vn -0.987989 -0.117900 -0.099885
vn -0.939777 0.091920 0.329197
vn -0.778659 -0.301886 -0.550050
vn -0.994161 -0.107893 -0.001823
vn -0.939777 0.091920 0.329197
vn -0.994161 -0.107893 -0.001823
vn -0.856512 0.256305 0.447990
vn -0.778659 -0.301886 -0.550050
vn 0.002205 -0.382827 -0.923818
vn 0.003823 -0.536893 -0.843642
vn -0.778659 -0.301886 -0.550050
vn 0.003823 -0.536893 -0.843642
vn -0.359736 -0.501481 -0.786833
vn 0.002418 0.989276 0.146038
vn -0.300632 0.941876 0.149964
vn -0.191913 0.906925 0.375041
vn 0.000000 -0.964588 -0.263760
vn -0.063997 -0.987891 -0.141338
vn 0.002940 -0.989894 -0.141776
vn 0.003284 0.864750 0.502192
vn -0.346033 0.841985 0.413911
vn -0.300632 0.941876 0.149964
vn -0.965955 -0.087953 0.243302
vn -0.970577 -0.024119 0.239580
vn -0.970577 -0.024119 0.239580
vn -0.965955 -0.087953 0.243302
vn -0.970577 -0.024119 0.239580
vn -0.965955 -0.087953 0.243302
vn 0.303181 0.371399 0.877578
vn -0.002449 0.722988 0.690856
vn -0.167056 0.663245 0.729519
vn 0.499328 0.331913 0.800316
vn 0.499328 0.331913 0.800316
vn -0.002449 0.722988 0.690856
vn 0.499328 0.331913 0.800316
vn -0.002449 0.722988 0.690856
vn 0.303181 0.371399 0.877578
vn 0.920779 0.389367 -0.023646
vn 0.927414 0.199904 -0.316135
vn 0.962755 -0.267916 -0.036383
vn 0.659310 -0.556027 -0.506107
vn -0.058750 -0.877227 -0.476467
vn 0.000002 -0.959670 -0.281128
vn 0.000002 -0.959670 -0.281128
vn 0.000006 -0.936659 -0.350243
vn 0.730317 -0.623140 -0.279882
vn 0.000002 -0.959670 -0.281128
vn 0.730317 -0.623140 -0.279882
vn 0.659310 -0.556027 -0.506107
vn 0.917003 -0.067058 -0.393202
vn 0.870461 0.289997 -0.397743
vn 0.725795 0.072507 -0.684079
vn 0.917003 -0.067058 -0.393202
vn 0.725795 0.072507 -0.684079
vn 0.659310 -0.556027 -0.506107
vn -0.952829 0.152717 -0.262287
vn -0.952829 0.152717 -0.262287
vn -0.973516 0.075887 -0.215657
vn -0.167056 0.663245 0.729519
vn -0.002449 0.722988 0.690856
vn -0.280456 0.920784 0.271112
vn 0.173128 -0.952306 -0.251278
vn 0.099803 -0.980687 -0.168204
vn 0.099803 -0.980687 -0.168204
vn 0.870461 0.289997 -0.397743
vn 0.908043 0.289229 -0.302993
vn 0.858104 0.239478 -0.454212
vn 0.870461 0.289997 -0.397743
vn 0.858104 0.239478 -0.454212
vn 0.725795 0.072507 -0.684079
vn -0.280456 0.920784 0.271112
vn -0.002449 0.722988 0.690856
vn -0.300632 0.941876 0.149964
vn -0.957362 -0.151426 0.246024
vn -0.965955 -0.087953 0.243302
vn -0.965955 -0.087953 0.243302
vn -0.280456 0.920784 0.271112
vn -0.300632 0.941876 0.149964
vn -0.346033 0.841985 0.413911
vn 0.870461 0.289997 -0.397743
vn 0.917003 -0.067058 -0.393202
vn 0.920779 0.389367 -0.023646
vn -0.952829 0.152717 -0.262287
vn -0.952829 0.152717 -0.262287
vn -0.987989 -0.117900 -0.099885
vn -0.952829 0.152717 -0.262287
vn -0.987989 -0.117900 -0.099885
vn -0.987989 -0.117900 -0.099885
vn -0.149320 -0.948550 -0.279205
vn -0.050958 -0.997463 -0.049708
vn 0.099803 -0.980687 -0.168204
vn -0.149320 -0.948550 -0.279205
vn 0.099803 -0.980687 -0.168204
vn 0.099803 -0.980687 -0.168204
vn 0.908043 0.289229 -0.302993
vn 0.870461 0.289997 -0.397743
vn 0.555324 0.658706 0.507663
vn 0.908043 0.289229 -0.302993
vn 0.555324 0.658706 0.507663
vn 0.614671 0.573788 0.541246
vn 0.730317 -0.623140 -0.279882
vn 0.957291 -0.256318 -0.133769
vn 0.917003 -0.067058 -0.393202
vn 0.730317 -0.623140 -0.279882
vn 0.917003 -0.067058 -0.393202
vn 0.659310 -0.556027 -0.506107
vn -0.619077 -0.583298 0.525840
vn -0.661377 -0.741172 -0.115086
vn -0.661377 -0.741172 -0.115086
vn -0.619077 -0.583298 0.525840
vn -0.661377 -0.741172 -0.115086
vn -0.840799 -0.212347 0.497962
vn 0.403291 0.827634 0.390358
vn 0.682565 0.677369 0.274365
vn 0.592808 0.674809 0.439558
vn 0.557150 -0.218975 -0.801021
vn 0.440958 -0.279449 -0.852915
vn 0.440958 -0.279449 -0.852915
vn 0.557150 -0.218975 -0.801021
vn 0.440958 -0.279449 -0.852915
vn 0.462633 -0.335582 -0.820582
vn 0.697339 0.593960 0.401162
vn 0.710125 0.475617 0.519144
vn 0.697339 0.593960 0.401162
vn 0.963105 -0.040454 0.266067
vn 0.855723 -0.512783 -0.069225
vn 0.970148 0.172991 0.169964
vn -0.826378 -0.457542 -0.328259
vn -0.789192 -0.546817 -0.279583
vn -0.859161 -0.501062 0.103823
vn -0.840799 -0.212347 0.497962
vn -0.948806 -0.123454 0.290735
vn -0.859161 -0.501062 0.103823
vn -0.859161 -0.501062 0.103823
vn -0.619077 -0.583298 0.525840
vn -0.840799 -0.212347 0.497962
vn 0.667860 -0.404860 -0.624541
vn 0.667860 -0.404860 -0.624541
vn 0.980045 -0.178702 -0.087051
vn 0.667860 -0.404860 -0.624541
vn 0.980045 -0.178702 -0.087051
vn 0.951867 0.241220 -0.189111
vn -0.661377 -0.741172 -0.115086
vn -0.661377 -0.741172 -0.115086
vn -0.669629 -0.655681 -0.348827
vn -0.661377 -0.741172 -0.115086
vn -0.669629 -0.655681 -0.348827
vn -0.669629 -0.655681 -0.348827
vn -0.332876 0.211724 0.918894
vn -0.448685 0.304002 0.840396
vn -0.448685 0.304002 0.840396
vn 0.686391 0.637351 0.350215
vn 0.545675 0.590069 0.595027
vn 0.746474 0.241866 0.619901
vn 0.686391 0.637351 0.350215
vn 0.746474 0.241866 0.619901
vn 0.775190 0.536380 0.333732
vn -0.111266 0.937825 0.328791
vn -0.958091 0.224163 -0.178363
vn -0.837179 0.283640 0.467631
vn -0.948806 -0.123454 0.290735
vn 0.110898 0.671516 0.732645
vn -0.837179 0.283640 0.467631
vn -0.093814 -0.991188 0.093518
vn 0.000005 -0.994072 0.108726
vn 0.000009 -0.850702 0.525648
vn -0.840799 -0.212347 0.497962
vn 0.110898 0.671516 0.732645
vn -0.948806 -0.123454 0.290735
vn -0.569302 -0.398452 0.719118
vn -0.619077 -0.583298 0.525840
vn -0.859161 -0.501062 0.103823
vn 0.831813 -0.532461 -0.156754
vn 0.428033 -0.863231 -0.267618
vn 0.855723 -0.512783 -0.069225
vn 0.831813 -0.532461 -0.156754
vn 0.855723 -0.512783 -0.069225
vn 0.963105 -0.040454 0.266067
vn -0.568928 -0.200100 0.797672
vn -0.568928 -0.200100 0.797672
vn -0.619077 -0.583298 0.525840
vn -0.568928 -0.200100 0.797672
vn -0.619077 -0.583298 0.525840
vn -0.569302 -0.398452 0.719118
vn 0.750488 -0.585177 -0.307141
vn 0.725364 -0.565002 -0.393218
vn 0.698057 -0.598145 -0.393623
vn -0.455093 -0.019786 0.890224
vn -0.455093 -0.019786 0.890224
vn -0.568928 -0.200100 0.797672
vn -0.455093 -0.019786 0.890224
vn -0.568928 -0.200100 0.797672
vn -0.568928 -0.200100 0.797672
vn -0.307219 -0.184983 0.933487
vn -0.307219 -0.184983 0.933487
vn -0.455093 -0.019786 0.890224
vn -0.307219 -0.184983 0.933487
vn -0.455093 -0.019786 0.890224
vn -0.455093 -0.019786 0.890224
vn -0.293611 -0.506805 0.810519
vn -0.293611 -0.506805 0.810519
vn -0.307219 -0.184983 0.933487
vn -0.293611 -0.506805 0.810519
vn -0.307219 -0.184983 0.933487
vn -0.307219 -0.184983 0.933487
vn 0.692195 0.121898 0.711342
vn 0.080770 0.667223 0.740466
vn 0.411033 0.480577 0.774660
vn -0.916198 0.200709 -0.346838
vn -0.915562 0.126239 -0.381850
vn -0.925472 0.330099 -0.185839
vn -0.465184 0.399913 0.789730
vn -0.533728 0.448746 0.716772
vn -0.533728 0.448746 0.716772
vn -0.930537 -0.244164 0.272920
vn -0.776056 -0.562141 -0.285894
vn -0.710491 -0.570778 -0.411601
vn -0.930537 -0.244164 0.272920
vn -0.710491 -0.570778 -0.411601
vn -0.710491 -0.570778 -0.411601
vn 0.489547 -0.362396 -0.793103
vn 0.406445 -0.315434 -0.857499
vn 0.489547 -0.362396 -0.793103
vn 0.670062 0.729262 0.138539
vn 0.697339 0.593960 0.401162
vn 0.697339 0.593960 0.401162
vn 0.670062 0.729262 0.138539
vn 0.697339 0.593960 0.401162
vn 0.670062 0.729262 0.138539
vn -0.669629 -0.655681 -0.348827
vn -0.669629 -0.655681 -0.348827
vn -0.675863 -0.589271 -0.442683
vn 0.614013 0.739139 0.276878
vn 0.614013 0.739139 0.276878
vn 0.777585 0.607294 0.162959
vn 0.614013 0.739139 0.276878
vn 0.777585 0.607294 0.162959
vn 0.080770 0.667223 0.740466
vn 0.853922 0.332658 -0.400195
vn 0.110898 0.671516 0.732645
vn 0.951867 0.241220 -0.189111
vn -0.533728 0.448746 0.716772
vn -0.533728 0.448746 0.716772
vn 0.080770 0.667223 0.740466
vn -0.533728 0.448746 0.716772
vn 0.080770 0.667223 0.740466
vn -0.930537 -0.244164 0.272920
vn -0.347500 -0.652175 0.673729
vn -0.347500 -0.652175 0.673729
vn -0.293611 -0.506805 0.810519
vn -0.347500 -0.652175 0.673729
vn -0.293611 -0.506805 0.810519
vn -0.293611 -0.506805 0.810519
vn -0.710491 -0.570778 -0.411601
vn -0.710491 -0.570778 -0.411601
vn -0.635937 -0.678510 -0.367707
vn -0.710491 -0.570778 -0.411601
vn -0.635937 -0.678510 -0.367707
vn -0.635937 -0.678510 -0.367707
vn -0.883198 0.020397 -0.468556
vn -0.915562 0.126239 -0.381850
vn -0.916198 0.200709 -0.346838
vn -0.915954 -0.147457 -0.373208
vn -0.915954 -0.147457 -0.373208
vn -0.915562 0.126239 -0.381850
vn -0.915954 -0.147457 -0.373208
vn -0.915562 0.126239 -0.381850
vn -0.883198 0.020397 -0.468556
vn -0.867394 -0.401391 -0.294131
vn -0.826378 -0.457542 -0.328259
vn -0.915954 -0.147457 -0.373208
vn -0.867394 -0.401391 -0.294131
vn -0.915954 -0.147457 -0.373208
vn -0.915954 -0.147457 -0.373208
vn -0.789192 -0.546817 -0.279583
vn -0.826378 -0.457542 -0.328259
vn -0.867394 -0.401391 -0.294131
vn -0.859161 -0.501062 0.103823
vn -0.867624 -0.308432 -0.389998
vn -0.826378 -0.457542 -0.328259
vn 0.110898 0.671516 0.732645
vn -0.111266 0.937825 0.328791
vn -0.837179 0.283640 0.467631
vn -0.948806 -0.123454 0.290735
vn -0.867624 -0.308432 -0.389998
vn -0.859161 -0.501062 0.103823
vn -0.837179 0.283640 0.467631
vn -0.958091 0.224163 -0.178363
vn -0.867624 -0.308432 -0.389998
vn -0.837179 0.283640 0.467631
vn -0.867624 -0.308432 -0.389998
vn -0.948806 -0.123454 0.290735
vn 0.000007 0.899938 -0.436018
vn 0.000008 0.909072 -0.416638
vn 0.415629 0.828531 -0.375218
vn 0.957291 -0.256318 -0.133769
vn 0.730317 -0.623140 -0.279882
vn 0.709450 -0.683033 -0.173631
vn 0.957291 -0.256318 -0.133769
vn 0.709450 -0.683033 -0.173631
vn 0.979019 0.050157 -0.197497
vn 0.000007 0.934651 -0.355566
vn 0.000007 0.969472 -0.245202
vn 0.604812 0.770335 -0.201954
vn 0.000007 0.934651 -0.355566
vn 0.604812 0.770335 -0.201954
vn 0.521850 0.796134 -0.306338
vn 0.622828 -0.714761 -0.318121
vn 0.472302 -0.824912 -0.310566
vn 0.000009 -0.971311 -0.237813
vn 0.472302 -0.824912 -0.310566
vn 0.622828 -0.714761 -0.318121
vn 0.395256 -0.703767 -0.590326
vn 0.415629 0.828531 -0.375218
vn 0.512907 0.783759 -0.350213
vn 0.363729 0.839843 -0.402944
vn 0.415629 0.828531 -0.375218
vn 0.363729 0.839843 -0.402944
vn 0.000007 0.899938 -0.436018
vn 0.000007 0.934651 -0.355566
vn 0.521850 0.796134 -0.306338
vn 0.415629 0.828531 -0.375218
vn 0.000007 0.934651 -0.355566
vn 0.415629 0.828531 -0.375218
vn 0.000008 0.909072 -0.416638
vn 0.249884 -0.899525 0.358347
vn 0.257813 -0.714764 0.650112
vn 0.000004 -0.965435 0.260643
vn 0.219158 -0.974933 0.038405
vn 0.249884 -0.899525 0.358347
vn 0.000004 -0.965435 0.260643
vn 0.000004 -0.957993 0.286793
vn 0.228876 -0.960123 0.160562
vn 0.219158 -0.974933 0.038405
vn 0.219158 -0.974933 0.038405
vn 0.000004 -0.965435 0.260643
vn 0.000004 -0.957993 0.286793
vn 0.650139 -0.679939 0.339120
vn 0.228876 -0.960123 0.160562
vn 0.000004 -0.957993 0.286793
vn 0.650139 -0.679939 0.339120
vn 0.000004 -0.957993 0.286793
vn 0.000005 -0.871313 0.490728
vn 0.459706 -0.182703 0.869074
vn 0.650139 -0.679939 0.339120
vn 0.000005 -0.871313 0.490728
vn 0.459706 -0.182703 0.869074
vn 0.000005 -0.871313 0.490728
vn 0.000001 -0.742279 0.670091
vn -0.839805 -0.060193 0.539540
vn -0.557540 -0.102593 0.823786
vn 0.121428 0.440477 0.889514
vn -0.839805 -0.060193 0.539540
vn 0.121428 0.440477 0.889514
vn -0.575076 0.038309 0.817202
vn -0.200613 -0.973126 0.113053
vn 0.000001 -0.742279 0.670091
vn -0.000004 -0.969778 0.243988
vn -0.058750 -0.877227 -0.476467
vn -0.320255 -0.794972 -0.515225
vn -0.200613 -0.973126 0.113053
vn 0.000006 -0.936659 -0.350243
vn 0.000007 -0.965081 -0.261953
vn 0.709450 -0.683033 -0.173631
vn 0.000006 -0.936659 -0.350243
vn 0.709450 -0.683033 -0.173631
vn 0.730317 -0.623140 -0.279882
vn 0.000007 0.928493 -0.371349
vn 0.648389 0.643685 -0.406523
vn 0.642612 0.754400 -0.133906
vn 0.648389 0.643685 -0.406523
vn 0.000007 0.928493 -0.371349
vn 0.000008 0.865955 -0.500121
vn 0.648389 0.643685 -0.406523
vn 0.000008 0.865955 -0.500121
vn 0.601422 0.701698 -0.381984
vn 0.000008 0.865955 -0.500121
vn 0.000008 0.980867 0.194679
vn 0.457591 0.867106 0.196819
vn 0.000008 0.865955 -0.500121
vn 0.457591 0.867106 0.196819
vn 0.601422 0.701698 -0.381984
vn 0.457591 0.867106 0.196819
vn 0.000008 0.980867 0.194679
vn 0.000007 0.968549 0.248822
vn 0.000007 0.968549 0.248822
vn 0.000007 0.997319 0.073183
vn 0.697855 0.708267 0.106565
vn 0.000007 0.968549 0.248822
vn 0.697855 0.708267 0.106565
vn 0.781643 0.539371 0.313231
vn 0.472302 -0.824912 -0.310566
vn 0.855723 -0.512783 -0.069225
vn 0.428033 -0.863231 -0.267618
vn 0.000008 -0.999958 0.009217
vn 0.682227 -0.731125 0.004694
vn 0.709450 -0.683033 -0.173631
vn 0.000008 -0.999958 0.009217
vn 0.709450 -0.683033 -0.173631
vn 0.000007 -0.965081 -0.261953
vn 0.697855 0.708267 0.106565
vn 0.000007 0.997319 0.073183
vn 0.000005 0.844572 0.535442
vn 0.963105 -0.040454 0.266067
vn 0.970148 0.172991 0.169964
vn 0.697855 0.708267 0.106565
vn 0.963105 -0.040454 0.266067
vn 0.697855 0.708267 0.106565
vn 0.000005 0.844572 0.535442
vn 0.573056 0.530952 -0.624258
vn 0.573056 0.530952 -0.624258
vn 0.573056 0.530952 -0.624258
vn 0.573056 0.530952 -0.624258
vn 0.573056 0.530952 -0.624258
vn 0.573056 0.530952 -0.624258
vn 0.000002 0.801812 0.597576
vn 0.403291 0.827634 0.390358
vn 0.592808 0.674809 0.439558
vn 0.403291 0.827634 0.390358
vn 0.000002 0.801812 0.597576
vn 0.000007 0.906827 0.421504
vn 0.072637 -0.925615 -0.371431
vn 0.141388 -0.974796 -0.172574
vn 0.000005 -0.990305 -0.138912
vn 0.072637 -0.925615 -0.371431
vn 0.000005 -0.990305 -0.138912
vn 0.000005 -0.918029 -0.396514
vn 0.093821 -0.991186 0.093525
vn 0.000005 -0.994072 0.108726
vn 0.000005 -0.990305 -0.138912
vn 0.093821 -0.991186 0.093525
vn 0.000005 -0.990305 -0.138912
vn 0.141388 -0.974796 -0.172574
vn 0.000009 -0.850702 0.525648
vn 0.000005 -0.994072 0.108726
vn 0.093821 -0.991186 0.093525
vn 0.682565 0.677369 0.274365
vn 0.403291 0.827634 0.390358
vn 0.000013 0.971728 0.236101
vn 0.000013 0.971728 0.236101
vn 0.403291 0.827634 0.390358
vn 0.000007 0.906827 0.421504
vn 0.603811 0.752283 0.263597
vn 0.762629 0.622669 0.175159
vn 0.682565 0.677369 0.274365
vn 0.603811 0.752283 0.263597
vn 0.682565 0.677369 0.274365
vn 0.000013 0.971728 0.236101
vn 0.686391 0.637351 0.350215
vn 0.762629 0.622669 0.175159
vn 0.603811 0.752283 0.263597
vn 0.686391 0.637351 0.350215
vn 0.603811 0.752283 0.263597
vn 0.589628 0.704702 0.394632
vn 0.000009 -0.850702 0.525648
vn 0.746474 0.241866 0.619901
vn 0.000009 0.008427 0.999964
vn 0.746474 0.241866 0.619901
vn 0.545675 0.590069 0.595027
vn 0.000010 0.586894 0.809664
vn 0.746474 0.241866 0.619901
vn 0.000010 0.586894 0.809664
vn 0.000009 0.008427 0.999964
vn 0.000010 0.586894 0.809664
vn 0.545675 0.590069 0.595027
vn 0.000012 0.728726 0.684806
vn 0.000012 0.728726 0.684806
vn 0.545675 0.590069 0.595027
vn 0.686391 0.637351 0.350215
vn 0.000012 0.728726 0.684806
vn 0.686391 0.637351 0.350215
vn 0.589628 0.704702 0.394632
vn 0.601422 0.701698 -0.381984
vn 0.457591 0.867106 0.196819
vn 0.683306 0.659814 0.312629
vn 0.601422 0.701698 -0.381984
vn 0.683306 0.659814 0.312629
vn 0.892349 0.375067 -0.251073
vn 0.781643 0.539371 0.313231
vn 0.683306 0.659814 0.312629
vn 0.457591 0.867106 0.196819
vn 0.781643 0.539371 0.313231
vn 0.457591 0.867106 0.196819
vn 0.000007 0.968549 0.248822
vn 0.781643 0.539371 0.313231
vn 0.411033 0.480577 0.774660
vn 0.743153 0.487693 0.458126
vn 0.892349 0.375067 -0.251073
vn 0.927414 0.199904 -0.316135
vn 0.648389 0.643685 -0.406523
vn 0.892349 0.375067 -0.251073
vn 0.648389 0.643685 -0.406523
vn 0.601422 0.701698 -0.381984
vn 0.642612 0.754400 -0.133906
vn 0.648389 0.643685 -0.406523
vn 0.927414 0.199904 -0.316135
vn 0.642612 0.754400 -0.133906
vn 0.927414 0.199904 -0.316135
vn 0.920779 0.389367 -0.023646
vn 0.642612 0.754400 -0.133906
vn 0.604812 0.770335 -0.201954
vn 0.000007 0.969472 -0.245202
vn 0.642612 0.754400 -0.133906
vn 0.000007 0.969472 -0.245202
vn 0.000007 0.928493 -0.371349
vn 0.969890 0.182584 -0.161175
vn 0.637216 0.560873 -0.528562
vn 0.635624 0.544039 -0.547727
vn 0.969890 0.182584 -0.161175
vn 0.635624 0.544039 -0.547727
vn 0.724980 0.587276 -0.359876
vn 0.000000 -0.964588 -0.263760
vn 0.002940 -0.989894 -0.141776
vn 0.069889 -0.987457 -0.141577
vn 0.005114 0.866470 0.499203
vn 0.199444 0.905343 0.374936
vn 0.002418 0.989276 0.146038
vn 0.302999 0.940690 0.152622
vn 0.003284 0.864750 0.502192
vn 0.002418 0.989276 0.146038
vn 0.786382 -0.599124 0.150513
vn 0.030816 -0.973839 0.225138
vn 0.004713 -0.857575 0.514338
vn 0.786382 -0.599124 0.150513
vn 0.004713 -0.857575 0.514338
vn 0.770872 -0.583265 0.256042
vn 0.688349 0.325062 -0.648468
vn 0.635624 0.544039 -0.547727
vn 0.637216 0.560873 -0.528562
vn 0.780122 -0.300218 -0.548888
vn 0.002205 -0.382827 -0.923818
vn 0.688349 0.325062 -0.648468
vn 0.780122 -0.300218 -0.548888
vn 0.688349 0.325062 -0.648468
vn 0.807137 -0.151496 -0.570595
vn 0.156218 -0.947731 -0.278214
vn 0.005383 -0.921629 -0.388035
vn 0.003823 -0.536893 -0.843642
vn 0.156218 -0.947731 -0.278214
vn 0.003823 -0.536893 -0.843642
vn 0.367028 -0.498898 -0.785106
vn 0.004713 -0.857575 0.514338
vn 0.001956 0.134431 0.990921
vn 0.694622 -0.193834 0.692769
vn 0.004713 -0.857575 0.514338
vn 0.694622 -0.193834 0.692769
vn 0.770872 -0.583265 0.256042
vn 0.637216 0.560873 -0.528562
vn 0.807137 -0.151496 -0.570595
vn 0.688349 0.325062 -0.648468
vn 0.940682 0.091602 0.326689
vn 0.694622 -0.193834 0.692769
vn 0.001956 0.134431 0.990921
vn 0.807137 -0.151496 -0.570595
vn 0.940682 0.091602 0.326689
vn 0.780122 -0.300218 -0.548888
vn 0.859153 0.265708 0.437328
vn 0.003284 0.864750 0.502192
vn 0.348558 0.843752 0.408153
vn 0.987193 -0.119824 -0.105319
vn 0.987193 -0.119824 -0.105319
vn 0.994723 -0.102338 -0.007254
vn 0.987193 -0.119824 -0.105319
vn 0.994723 -0.102338 -0.007254
vn 0.859153 0.265708 0.437328
vn 0.940682 0.091602 0.326689
vn 0.001956 0.134431 0.990921
vn 0.003284 0.864750 0.502192
vn 0.940682 0.091602 0.326689
vn 0.003284 0.864750 0.502192
vn 0.859153 0.265708 0.437328
vn 0.859153 0.265708 0.437328
vn 0.994723 -0.102338 -0.007254
vn 0.780122 -0.300218 -0.548888
vn 0.859153 0.265708 0.437328
vn 0.780122 -0.300218 -0.548888
vn 0.940682 0.091602 0.326689
vn 0.780122 -0.300218 -0.548888
vn 0.367028 -0.498898 -0.785106
vn 0.003823 -0.536893 -0.843642
vn 0.780122 -0.300218 -0.548888
vn 0.003823 -0.536893 -0.843642
vn 0.002205 -0.382827 -0.923818
vn 0.199444 0.905343 0.374936
vn 0.302999 0.940690 0.152622
vn 0.002418 0.989276 0.146038
vn 0.302999 0.940690 0.152622
vn 0.348558 0.843752 0.408153
vn 0.003284 0.864750 0.502192
vn 0.966333 -0.087198 0.242069
vn 0.970577 -0.024119 0.239580
vn 0.970577 -0.024119 0.239580
vn 0.966333 -0.087198 0.242069
vn 0.970577 -0.024119 0.239580
vn 0.966333 -0.087198 0.242069
vn 0.167056 0.663245 0.729519
vn 0.002449 0.722988 0.690856
vn -0.303181 0.371399 0.877579
vn 0.005383 -0.921629 -0.388035
vn 0.156218 -0.947731 -0.278214
vn 0.056814 -0.997136 -0.049917
vn 0.005383 -0.921629 -0.388035
vn 0.056814 -0.997136 -0.049917
vn 0.069889 -0.987457 -0.141577
vn 0.005383 -0.921629 -0.388035
vn 0.069889 -0.987457 -0.141577
vn 0.002940 -0.989894 -0.141776
vn 0.005874 0.669126 0.743126
vn 0.199444 0.905343 0.374936
vn 0.005114 0.866470 0.499203
vn 0.156218 -0.947731 -0.278214
vn -0.099803 -0.980687 -0.168204
vn -0.099803 -0.980687 -0.168204
vn 0.156218 -0.947731 -0.278214
vn -0.099803 -0.980687 -0.168204
vn 0.056814 -0.997136 -0.049917
vn 0.953895 0.145286 -0.262634
vn 0.953895 0.145286 -0.262634
vn 0.987193 -0.119824 -0.105319
vn 0.953895 0.145286 -0.262634
vn 0.987193 -0.119824 -0.105319
vn 0.987193 -0.119824 -0.105319
vn 0.280324 0.920684 0.271585
vn 0.348558 0.843752 0.408153
vn 0.302999 0.940690 0.152622
vn 0.966333 -0.087198 0.242069
vn 0.966333 -0.087198 0.242069
vn 0.958220 -0.149928 0.243590
vn 0.302999 0.940690 0.152622
vn 0.002449 0.722988 0.690856
vn 0.280324 0.920684 0.271585
vn -0.099803 -0.980687 -0.168204
vn -0.099803 -0.980687 -0.168204
vn -0.173128 -0.952306 -0.251278
vn 0.280324 0.920684 0.271585
vn 0.002449 0.722988 0.690856
vn 0.167056 0.663245 0.729519
vn 0.973516 0.075887 -0.215658
vn 0.953895 0.145286 -0.262634
vn 0.953895 0.145286 -0.262634
vn -0.303181 0.371399 0.877579
vn 0.002449 0.722988 0.690856
vn -0.499328 0.331913 0.800316
vn -0.303181 0.371399 0.877579
vn -0.499328 0.331913 0.800316
vn -0.499328 0.331913 0.800316
vn -0.883728 0.461507 0.077697
vn -0.852270 0.498356 0.158988
vn -0.775190 0.536380 0.333731
vn -0.883728 0.461507 0.077697
vn -0.775190 0.536380 0.333731
vn -0.686384 0.637357 0.350218
vn -0.883728 0.461507 0.077697
vn -0.686384 0.637357 0.350218
vn -0.762623 0.622675 0.175163
vn -0.684788 -0.615104 -0.390784
vn -0.831813 -0.532462 -0.156754
vn -0.428028 -0.863234 -0.267617
vn -0.072632 -0.925615 -0.371431
vn 0.309136 -0.867433 -0.389866
vn -0.428028 -0.863234 -0.267617
vn -0.072632 -0.925615 -0.371431
vn -0.428028 -0.863234 -0.267617
vn 0.000009 -0.971311 -0.237813
vn -0.072632 -0.925615 -0.371431
vn 0.000009 -0.971311 -0.237813
vn 0.000005 -0.918029 -0.396514
vn -0.472288 -0.824918 -0.310571
vn 0.000009 -0.971311 -0.237813
vn -0.428028 -0.863234 -0.267617
vn -0.682558 0.677373 0.274372
vn -0.592806 0.674812 0.439556
vn -0.874336 0.431104 0.222904
vn -0.762623 0.622675 0.175163
vn -0.682558 0.677373 0.274372
vn -0.874336 0.431104 0.222904
vn -0.762623 0.622675 0.175163
vn -0.874336 0.431104 0.222904
vn -0.907271 0.420525 -0.004290
vn -0.762623 0.622675 0.175163
vn -0.907271 0.420525 -0.004290
vn -0.883728 0.461507 0.077697
vn -0.774499 -0.604128 -0.187563
vn -0.963105 -0.040453 0.266068
vn -0.831813 -0.532462 -0.156754
vn -0.256767 0.599857 0.757788
vn -0.299841 0.637644 0.709581
vn -0.555324 0.658706 0.507663
vn 0.939777 0.091919 0.329196
vn -0.001957 0.134432 0.990921
vn -0.003284 0.864750 0.502192
vn 0.939777 0.091919 0.329196
vn -0.003284 0.864750 0.502192
vn 0.856512 0.256304 0.447990
vn -0.978625 -0.153672 0.136665
vn -0.996148 0.071478 0.050800
vn -0.692195 0.121898 0.711342
vn -0.978625 -0.153672 0.136665
vn -0.692195 0.121898 0.711342
vn -0.975631 -0.144531 0.165090
vn -0.892349 0.375067 -0.251073
vn -0.999776 0.019935 0.007065
vn -0.743153 0.487693 0.458126
vn -0.892349 0.375067 -0.251073
vn -0.743153 0.487693 0.458126
vn -0.683305 0.659816 0.312630
vn -0.962755 -0.267916 -0.036383
vn -0.931026 -0.341808 0.127896
vn -0.999776 0.019935 0.007065
vn -0.777585 0.607294 0.162960
vn -0.080770 0.667223 0.740466
vn -0.743153 0.487693 0.458126
vn -0.363719 0.839847 -0.402947
vn 0.000007 0.899938 -0.436018
vn 0.000006 0.901869 -0.432009
vn 0.930537 -0.244164 0.272920
vn 0.832646 -0.552441 0.038848
vn -0.692195 0.121898 0.711342
vn -0.415619 0.828535 -0.375220
vn -0.512903 0.783760 -0.350214
vn -0.979019 0.050157 -0.197497
vn -0.415619 0.828535 -0.375220
vn -0.979019 0.050157 -0.197497
vn -0.521844 0.796138 -0.306338
vn -0.927414 0.199904 -0.316135
vn -0.962755 -0.267916 -0.036383
vn -0.999776 0.019935 0.007065
vn -0.927414 0.199904 -0.316135
vn -0.999776 0.019935 0.007065
vn -0.892349 0.375067 -0.251073
vn -0.996148 0.071478 0.050800
vn -0.781640 0.539374 0.313232
vn -0.692195 0.121898 0.711342
vn -0.005114 0.866470 0.499203
vn 0.191912 0.906925 0.375041
vn -0.002418 0.989276 0.146038
vn -0.920779 0.389367 -0.023646
vn -0.555324 0.658706 0.507663
vn -0.299841 0.637644 0.709581
vn -0.462633 -0.335583 -0.820582
vn -0.557149 -0.218976 -0.801021
vn -0.483109 -0.424348 -0.765855
vn -0.961626 -0.268707 0.055418
vn -0.692195 0.121898 0.711342
vn -0.931026 -0.341808 0.127896
vn -0.961626 -0.268707 0.055418
vn -0.931026 -0.341808 0.127896
vn -0.650135 -0.679942 0.339121
vn 0.930537 -0.244164 0.272920
vn 0.776057 -0.562140 -0.285893
vn 0.832646 -0.552441 0.038848
vn -0.975631 -0.144531 0.165090
vn -0.692195 0.121898 0.711342
vn -0.961626 -0.268707 0.055418
vn -0.411033 0.480577 0.774660
vn -0.743153 0.487693 0.458126
vn -0.080770 0.667223 0.740466
vn -0.917003 -0.067058 -0.393202
vn -0.920779 0.389367 -0.023646
vn -0.966909 0.221373 -0.126809
vn -0.917003 -0.067058 -0.393202
vn -0.966909 0.221373 -0.126809
vn -0.957291 -0.256318 -0.133769
vn -0.870461 0.289997 -0.397743
vn -0.555324 0.658706 0.507663
vn -0.920779 0.389367 -0.023646
vn -0.808574 -0.549417 0.210592
vn -0.080717 -0.871096 0.484435
vn -0.678631 -0.093120 0.728552
vn -0.808574 -0.549417 0.210592
vn -0.678631 -0.093120 0.728552
vn -0.876770 -0.062682 0.476807
vn -0.741865 -0.655363 0.141898
vn -0.062287 -0.969278 0.237949
vn -0.080717 -0.871096 0.484435
vn -0.741865 -0.655363 0.141898
vn -0.080717 -0.871096 0.484435
vn -0.808574 -0.549417 0.210592
vn -0.979427 0.076259 -0.186835
vn -0.858104 0.239478 -0.454212
vn -0.991451 0.005047 -0.130381
vn -0.786382 -0.599124 0.150513
vn -0.030816 -0.973839 0.225138
vn -0.062287 -0.969278 0.237949
vn -0.786382 -0.599124 0.150513
vn -0.062287 -0.969278 0.237949
vn -0.741865 -0.655363 0.141898
vn -0.005382 -0.921629 -0.388034
vn 0.149320 -0.948551 -0.279205
vn 0.050959 -0.997463 -0.049708
vn -0.005382 -0.921629 -0.388034
vn 0.050959 -0.997463 -0.049708
vn 0.063997 -0.987891 -0.141339
vn -0.005382 -0.921629 -0.388034
vn 0.063997 -0.987891 -0.141339
vn -0.002940 -0.989894 -0.141776
vn -0.005874 0.669126 0.743126
vn 0.191912 0.906925 0.375041
vn -0.005114 0.866470 0.499203
vn -0.256767 0.599857 0.757788
vn -0.459702 -0.182702 0.869076
vn -0.299841 0.637644 0.709581
vn -0.121428 0.440477 0.889514
vn -0.459702 -0.182702 0.869076
vn -0.256767 0.599857 0.757788
vn -0.786382 -0.599124 0.150513
vn -0.969890 0.182584 -0.161175
vn -0.770872 -0.583265 0.256042
vn -0.724980 0.587276 -0.359876
vn -0.969890 0.182584 -0.161175
vn -0.991935 0.096374 -0.082321
vn -0.724980 0.587276 -0.359876
vn -0.991935 0.096374 -0.082321
vn -0.858104 0.239478 -0.454212
vn -0.985759 -0.006128 -0.168050
vn -0.858104 0.239478 -0.454212
vn -0.991935 0.096374 -0.082321
vn -0.991451 0.005047 -0.130381
vn -0.858104 0.239478 -0.454212
vn -0.985759 -0.006128 -0.168050
vn -0.876770 -0.062682 0.476807
vn -0.678631 -0.093120 0.728552
vn -0.121428 0.440477 0.889514
vn -0.876770 -0.062682 0.476807
vn -0.121428 0.440477 0.889514
vn -0.812229 0.317956 0.489069
vn -0.743153 0.487693 0.458126
vn -0.999776 0.019935 0.007065
vn -0.777585 0.607294 0.162960
vn -0.483109 -0.424348 -0.765855
vn -0.245820 -0.541946 -0.803658
vn -0.462633 -0.335583 -0.820582
vn 0.653699 0.394333 0.645894
vn 0.448685 0.304002 0.840396
vn 0.448685 0.304002 0.840396
vn 0.653699 0.394333 0.645894
vn 0.448685 0.304002 0.840396
vn 0.653699 0.394333 0.645894
vn 0.000009 -0.962441 0.271490
vn 0.000008 -0.981609 0.190905
vn -0.607387 -0.785538 0.118364
vn -0.607387 -0.785538 0.118364
vn 0.000008 -0.981609 0.190905
vn 0.000008 -0.999958 0.009217
vn -0.607387 -0.785538 0.118364
vn 0.000008 -0.999958 0.009217
vn -0.682222 -0.731130 0.004694
vn -0.447399 0.024283 -0.894005
vn -0.521911 -0.116409 -0.845019
vn -0.834982 -0.072422 -0.545490
vn -0.723042 0.678394 -0.130353
vn -0.110898 0.671516 0.732645
vn 0.111266 0.937825 0.328791
vn -0.957291 -0.256318 -0.133769
vn -0.966909 0.221373 -0.126809
vn -0.979019 0.050157 -0.197497
vn -0.834982 -0.072422 -0.545490
vn -0.992714 -0.003245 0.120449
vn -0.980045 -0.178702 -0.087051
vn -0.110898 0.671516 0.732645
vn -0.951867 0.241220 -0.189111
vn -0.670063 0.729262 0.138538
vn -0.110898 0.671516 0.732645
vn -0.670063 0.729262 0.138538
vn -0.670063 0.729262 0.138538
vn -0.604807 0.770340 -0.201955
vn -0.521844 0.796138 -0.306338
vn -0.979019 0.050157 -0.197497
vn -0.604807 0.770340 -0.201955
vn -0.979019 0.050157 -0.197497
vn -0.966909 0.221373 -0.126809
vn -0.642607 0.754404 -0.133906
vn -0.604807 0.770340 -0.201955
vn -0.966909 0.221373 -0.126809
vn -0.642607 0.754404 -0.133906
vn -0.966909 0.221373 -0.126809
vn -0.920779 0.389367 -0.023646
vn -0.858104 0.239478 -0.454212
vn -0.979427 0.076259 -0.186835
vn -0.908043 0.289229 -0.302993
vn -0.834982 -0.072422 -0.545490
vn -0.980045 -0.178702 -0.087051
vn -0.951867 0.241220 -0.189111
vn -0.848913 -0.528531 0.000930
vn -0.682222 -0.731130 0.004694
vn -0.709444 -0.683038 -0.173632
vn -0.848913 -0.528531 0.000930
vn -0.709444 -0.683038 -0.173632
vn -0.979019 0.050157 -0.197497
vn -0.682222 -0.731130 0.004694
vn -0.848913 -0.528531 0.000930
vn -0.607387 -0.785538 0.118364
vn -0.521911 -0.116409 -0.845019
vn -0.565796 -0.203991 -0.798913
vn -0.834982 -0.072422 -0.545490
vn -0.853922 0.332658 -0.400195
vn -0.834982 -0.072422 -0.545490
vn -0.951867 0.241220 -0.189111
vn -0.970147 0.172993 0.169965
vn -0.697847 0.708274 0.106567
vn -0.781640 0.539374 0.313232
vn -0.970147 0.172993 0.169965
vn -0.781640 0.539374 0.313232
vn -0.996148 0.071478 0.050800
vn -0.855723 -0.512783 -0.069228
vn -0.970147 0.172993 0.169965
vn -0.996148 0.071478 0.050800
vn -0.855723 -0.512783 -0.069228
vn -0.996148 0.071478 0.050800
vn -0.978625 -0.153672 0.136665
vn -0.959308 0.186561 0.211952
vn -0.868363 0.315065 0.382989
vn -0.868363 0.315065 0.382989
vn -0.959308 0.186561 0.211952
vn -0.868363 0.315065 0.382989
vn -0.959308 0.186561 0.211952
vn -0.868363 0.315065 0.382989
vn -0.868422 0.112467 0.482902
vn -0.868422 0.112467 0.482902
vn -0.868363 0.315065 0.382989
vn -0.868422 0.112467 0.482902
vn -0.868363 0.315065 0.382989
vn -0.650135 -0.679942 0.339121
vn -0.931026 -0.341808 0.127896
vn -0.459702 -0.182702 0.869076
vn -0.908043 0.289229 -0.302993
vn -0.979427 0.076259 -0.186835
vn -0.812229 0.317956 0.489069
vn -0.908043 0.289229 -0.302993
vn -0.812229 0.317956 0.489069
vn -0.614671 0.573788 0.541245
vn -0.256767 0.599857 0.757788
vn -0.614671 0.573788 0.541245
vn -0.121428 0.440477 0.889514
vn -0.302150 0.434335 -0.848562
vn -0.293608 0.506805 -0.810521
vn -0.270404 0.312274 -0.910696
vn -0.347497 0.652173 -0.673733
vn -0.293608 0.506805 -0.810521
vn -0.302150 0.434335 -0.848562
vn 0.930537 -0.244164 0.272920
vn -0.692195 0.121898 0.711342
vn -0.080770 0.667223 0.740466
vn -0.614013 0.739139 0.276878
vn -0.635938 0.678511 0.367704
vn -0.614013 0.739139 0.276878
vn -0.667860 -0.404859 -0.624541
vn -0.489547 -0.362396 -0.793103
vn -0.489547 -0.362396 -0.793103
vn -0.667860 -0.404859 -0.624541
vn -0.489547 -0.362396 -0.793103
vn -0.667860 -0.404859 -0.624541
vn -0.110898 0.671516 0.732645
vn 0.653699 0.394333 0.645894
vn 0.653699 0.394333 0.645894
vn -0.110898 0.671516 0.732645
vn 0.653699 0.394333 0.645894
vn 0.840799 -0.212347 0.497962
vn -0.417755 0.572268 -0.705684
vn -0.723042 0.678394 -0.130353
vn 0.111266 0.937825 0.328791
vn -0.417755 0.572268 -0.705684
vn -0.447399 0.024283 -0.894005
vn -0.853922 0.332658 -0.400195
vn -0.417755 0.572268 -0.705684
vn -0.853922 0.332658 -0.400195
vn -0.723042 0.678394 -0.130353
vn -0.853922 0.332658 -0.400195
vn -0.110898 0.671516 0.732645
vn -0.723042 0.678394 -0.130353
vn -0.781640 0.539374 0.313232
vn -0.683305 0.659816 0.312630
vn -0.743153 0.487693 0.458126
vn -0.447399 0.024283 -0.894005
vn -0.834982 -0.072422 -0.545490
vn -0.853922 0.332658 -0.400195
vn -0.692195 0.121898 0.711342
vn -0.781640 0.539374 0.313232
vn -0.411033 0.480577 0.774660
vn -0.812229 0.317956 0.489069
vn -0.121428 0.440477 0.889514
vn -0.614671 0.573788 0.541245
vn -0.812229 0.317956 0.489069
vn -0.979427 0.076259 -0.186835
vn -0.991451 0.005047 -0.130381
vn -0.812229 0.317956 0.489069
vn -0.991451 0.005047 -0.130381
vn -0.876770 -0.062682 0.476807
vn -0.876770 -0.062682 0.476807
vn -0.991451 0.005047 -0.130381
vn -0.985759 -0.006128 -0.168050
vn -0.876770 -0.062682 0.476807
vn -0.985759 -0.006128 -0.168050
vn -0.808574 -0.549417 0.210592
vn -0.808574 -0.549417 0.210592
vn -0.985759 -0.006128 -0.168050
vn -0.991935 0.096374 -0.082321
vn -0.808574 -0.549417 0.210592
vn -0.991935 0.096374 -0.082321
vn -0.741865 -0.655363 0.141898
vn -0.741865 -0.655363 0.141898
vn -0.991935 0.096374 -0.082321
vn -0.969890 0.182584 -0.161175
vn -0.741865 -0.655363 0.141898
vn -0.969890 0.182584 -0.161175
vn -0.786382 -0.599124 0.150513
vn 0.300633 0.941876 0.149964
vn -0.003284 0.864750 0.502192
vn -0.002418 0.989276 0.146038
vn 0.575076 0.038310 0.817203
vn 0.094387 -0.369452 0.924444
vn -0.459702 -0.182702 0.869076
vn 0.200611 -0.973126 0.113053
vn 0.000002 -0.959670 -0.281128
vn -0.000004 -0.969778 0.243988
vn 0.058751 -0.877227 -0.476468
vn 0.000002 -0.959670 -0.281128
vn 0.200611 -0.973126 0.113053
vn 0.000001 -0.742279 0.670091
vn -0.459702 -0.182702 0.869076
vn 0.094387 -0.369452 0.924444
vn -0.992714 -0.003245 0.120449
vn -0.959308 0.186561 0.211952
vn -0.959308 0.186561 0.211952
vn -0.992714 -0.003245 0.120449
vn -0.959308 0.186561 0.211952
vn -0.980045 -0.178702 -0.087051
vn -0.459702 -0.182702 0.869076
vn -0.931026 -0.341808 0.127896
vn -0.962755 -0.267916 -0.036383
vn -0.555324 0.658706 0.507663
vn -0.614671 0.573788 0.541245
vn -0.256767 0.599857 0.757788
vn -0.521911 -0.116409 -0.845019
vn -0.546779 -0.043593 -0.836141
vn -0.565796 -0.203991 -0.798913
vn -0.459702 -0.182702 0.869076
vn -0.121428 0.440477 0.889514
vn 0.575076 0.038310 0.817203
vn 0.200611 -0.973126 0.113053
vn 0.289771 -0.851966 -0.436104
vn 0.320255 -0.794972 -0.515225
vn 0.727549 -0.666184 0.163926
vn -0.062287 -0.969278 0.237949
vn -0.030816 -0.973839 0.225138
vn 0.727549 -0.666184 0.163926
vn -0.030816 -0.973839 0.225138
vn 0.755711 -0.646027 0.107472
vn 0.794554 -0.529032 0.298011
vn -0.080717 -0.871096 0.484435
vn -0.062287 -0.969278 0.237949
vn 0.794554 -0.529032 0.298011
vn -0.062287 -0.969278 0.237949
vn 0.727549 -0.666184 0.163926
vn 0.839805 -0.060194 0.539541
vn 0.557539 -0.102594 0.823787
vn -0.080717 -0.871096 0.484435
vn 0.839805 -0.060194 0.539541
vn -0.080717 -0.871096 0.484435
vn 0.794554 -0.529032 0.298011
vn 0.694486 0.594873 -0.404741
vn 0.694486 0.594873 -0.404741
vn 0.752461 0.606559 -0.256688
vn 0.694486 0.594873 -0.404741
vn 0.752461 0.606559 -0.256688
vn 0.677197 0.721227 -0.145726
vn 0.677197 0.721227 -0.145726
vn 0.752461 0.606559 -0.256688
vn 0.979805 0.175200 -0.096376
vn 0.979805 0.175200 -0.096376
vn 0.752461 0.606559 -0.256688
vn 0.978628 -0.061982 0.196074
vn 0.948582 -0.307733 0.074107
vn 0.727549 -0.666184 0.163926
vn 0.755711 -0.646027 0.107472
vn 0.948582 -0.307733 0.074107
vn 0.755711 -0.646027 0.107472
vn 0.951281 -0.308307 0.003269
vn 0.979805 0.175200 -0.096376
vn 0.794554 -0.529032 0.298011
vn 0.727549 -0.666184 0.163926
vn 0.979805 0.175200 -0.096376
vn 0.727549 -0.666184 0.163926
vn 0.948582 -0.307733 0.074107
vn 0.978628 -0.061982 0.196074
vn 0.839805 -0.060194 0.539541
vn 0.794554 -0.529032 0.298011
vn 0.978628 -0.061982 0.196074
vn 0.794554 -0.529032 0.298011
vn 0.979805 0.175200 -0.096376
vn 0.635281 0.560244 -0.531550
vn 0.633267 0.542751 -0.551719
vn 0.694486 0.594873 -0.404741
vn 0.635281 0.560244 -0.531550
vn 0.694486 0.594873 -0.404741
vn 0.694486 0.594873 -0.404741
vn 0.755711 -0.646027 0.107472
vn -0.030816 -0.973839 0.225138
vn -0.004714 -0.857574 0.514338
vn 0.755711 -0.646027 0.107472
vn -0.004714 -0.857574 0.514338
vn 0.767754 -0.590608 0.248466
vn 0.767754 -0.590608 0.248466
vn 0.951281 -0.308307 0.003269
vn 0.755711 -0.646027 0.107472
vn -0.521911 -0.116409 -0.845019
vn -0.422251 0.191125 -0.886101
vn -0.422251 0.191125 -0.886101
vn -0.521911 -0.116409 -0.845019
vn -0.422251 0.191125 -0.886101
vn -0.546779 -0.043593 -0.836141
vn 0.687823 0.324512 -0.649300
vn 0.633267 0.542751 -0.551719
vn 0.635281 0.560244 -0.531550
vn 0.778659 -0.301886 -0.550050
vn -0.002205 -0.382827 -0.923818
vn 0.687823 0.324512 -0.649300
vn 0.778659 -0.301886 -0.550050
vn 0.687823 0.324512 -0.649300
vn 0.806424 -0.151234 -0.571672
vn 0.149320 -0.948551 -0.279205
vn -0.005382 -0.921629 -0.388034
vn -0.003822 -0.536893 -0.843641
vn 0.149320 -0.948551 -0.279205
vn -0.003822 -0.536893 -0.843641
vn 0.359738 -0.501482 -0.786832
vn -0.004714 -0.857574 0.514338
vn -0.001957 0.134432 0.990921
vn 0.693296 -0.193334 0.694235
vn -0.004714 -0.857574 0.514338
vn 0.693296 -0.193334 0.694235
vn 0.767754 -0.590608 0.248466
vn 0.635281 0.560244 -0.531550
vn 0.806424 -0.151234 -0.571672
vn 0.687823 0.324512 -0.649300
vn -0.001957 0.134432 0.990921
vn 0.939777 0.091919 0.329196
vn 0.693296 -0.193334 0.694235
vn 0.806424 -0.151234 -0.571672
vn 0.939777 0.091919 0.329196
vn 0.778659 -0.301886 -0.550050
vn 0.839805 -0.060194 0.539541
vn 0.978628 -0.061982 0.196074
vn 0.575076 0.038310 0.817203
vn 0.575076 0.038310 0.817203
vn 0.978628 -0.061982 0.196074
vn 0.200611 -0.973126 0.113053
vn 0.575076 0.038310 0.817203
vn 0.200611 -0.973126 0.113053
vn 0.094387 -0.369452 0.924444
vn -0.422251 0.191125 -0.886101
vn -0.302150 0.434335 -0.848562
vn -0.270404 0.312274 -0.910696
vn -0.422251 0.191125 -0.886101
vn -0.270404 0.312274 -0.910696
vn -0.422251 0.191125 -0.886101
vn -0.925472 -0.330098 0.185841
vn -0.925472 -0.330098 0.185841
vn -0.916198 -0.200709 0.346839
vn -0.925472 -0.330098 0.185841
vn -0.916198 -0.200709 0.346839
vn -0.916198 -0.200709 0.346839
vn -0.916198 -0.200709 0.346839
vn -0.916198 -0.200709 0.346839
vn -0.868422 0.112467 0.482902
vn -0.916198 -0.200709 0.346839
vn -0.868422 0.112467 0.482902
vn -0.868422 0.112467 0.482902
vn -0.440958 -0.279449 -0.852915
vn -0.465181 -0.399915 -0.789731
vn -0.465181 -0.399915 -0.789731
vn -0.440958 -0.279449 -0.852915
vn -0.465181 -0.399915 -0.789731
vn -0.440958 -0.279449 -0.852915
vn 0.094387 -0.369452 0.924444
vn 0.200611 -0.973126 0.113053
vn 0.000001 -0.742279 0.670091
vn 0.856512 0.256304 0.447990
vn -0.003284 0.864750 0.502192
vn 0.346033 0.841985 0.413912
vn 0.987989 -0.117899 -0.099884
vn 0.987989 -0.117899 -0.099884
vn 0.994161 -0.107893 -0.001823
vn 0.987989 -0.117899 -0.099884
vn 0.994161 -0.107893 -0.001823
vn 0.856512 0.256304 0.447990
vn 0.856512 0.256304 0.447990
vn 0.994161 -0.107893 -0.001823
vn 0.778659 -0.301886 -0.550050
vn 0.856512 0.256304 0.447990
vn 0.778659 -0.301886 -0.550050
vn 0.939777 0.091919 0.329196
vn 0.359738 -0.501482 -0.786832
vn -0.003822 -0.536893 -0.843641
vn -0.002205 -0.382827 -0.923818
vn 0.359738 -0.501482 -0.786832
vn -0.002205 -0.382827 -0.923818
vn 0.778659 -0.301886 -0.550050
vn 0.191912 0.906925 0.375041
vn 0.300633 0.941876 0.149964
vn -0.002418 0.989276 0.146038
vn -0.002940 -0.989894 -0.141776
vn 0.063997 -0.987891 -0.141339
vn 0.000000 -0.964588 -0.263760
vn 0.300633 0.941876 0.149964
vn 0.346033 0.841985 0.413912
vn -0.003284 0.864750 0.502192
vn 0.965955 -0.087953 0.243302
vn 0.970577 -0.024118 0.239579
vn 0.970577 -0.024118 0.239579
vn 0.965955 -0.087953 0.243302
vn 0.970577 -0.024118 0.239579
vn 0.965955 -0.087953 0.243302
vn 0.167055 0.663244 0.729521
vn 0.002448 0.722988 0.690857
vn -0.303182 0.371397 0.877579
vn -0.303182 0.371397 0.877579
vn 0.002448 0.722988 0.690857
vn -0.499327 0.331913 0.800316
vn -0.303182 0.371397 0.877579
vn -0.499327 0.331913 0.800316
vn -0.499327 0.331913 0.800316
vn -0.962755 -0.267916 -0.036383
vn -0.927414 0.199904 -0.316135
vn -0.920779 0.389367 -0.023646
vn 0.000002 -0.959670 -0.281128
vn 0.058751 -0.877227 -0.476468
vn -0.659307 -0.556029 -0.506108
vn -0.659307 -0.556029 -0.506108
vn -0.730312 -0.623145 -0.279884
vn 0.000006 -0.936659 -0.350243
vn -0.659307 -0.556029 -0.506108
vn 0.000006 -0.936659 -0.350243
vn 0.000002 -0.959670 -0.281128
vn -0.659307 -0.556029 -0.506108
vn -0.725795 0.072507 -0.684079
vn -0.870461 0.289997 -0.397743
vn -0.659307 -0.556029 -0.506108
vn -0.870461 0.289997 -0.397743
vn -0.917003 -0.067058 -0.393202
vn 0.973516 0.075887 -0.215658
vn 0.952829 0.152717 -0.262287
vn 0.952829 0.152717 -0.262287
vn 0.280456 0.920784 0.271112
vn 0.002448 0.722988 0.690857
vn 0.167055 0.663244 0.729521
vn -0.099803 -0.980687 -0.168204
vn -0.099803 -0.980687 -0.168204
vn -0.173127 -0.952306 -0.251278
vn -0.725795 0.072507 -0.684079
vn -0.858104 0.239478 -0.454212
vn -0.908043 0.289229 -0.302993
vn -0.725795 0.072507 -0.684079
vn -0.908043 0.289229 -0.302993
vn -0.870461 0.289997 -0.397743
vn 0.300633 0.941876 0.149964
vn 0.002448 0.722988 0.690857
vn 0.280456 0.920784 0.271112
vn 0.965955 -0.087953 0.243302
vn 0.965955 -0.087953 0.243302
vn 0.957362 -0.151426 0.246025
vn 0.346033 0.841985 0.413912
vn 0.300633 0.941876 0.149964
vn 0.280456 0.920784 0.271112
vn -0.920779 0.389367 -0.023646
vn -0.917003 -0.067058 -0.393202
vn -0.870461 0.289997 -0.397743
vn 0.987989 -0.117899 -0.099884
vn 0.987989 -0.117899 -0.099884
vn 0.952829 0.152717 -0.262287
vn 0.987989 -0.117899 -0.099884
vn 0.952829 0.152717 -0.262287
vn 0.952829 0.152717 -0.262287
vn -0.099803 -0.980687 -0.168204
vn -0.099803 -0.980687 -0.168204
vn 0.050959 -0.997463 -0.049708
vn -0.099803 -0.980687 -0.168204
vn 0.050959 -0.997463 -0.049708
vn 0.149320 -0.948551 -0.279205
vn -0.614671 0.573788 0.541245
vn -0.555324 0.658706 0.507663
vn -0.870461 0.289997 -0.397743
vn -0.614671 0.573788 0.541245
vn -0.870461 0.289997 -0.397743
vn -0.908043 0.289229 -0.302993
vn -0.659307 -0.556029 -0.506108
vn -0.917003 -0.067058 -0.393202
vn -0.957291 -0.256318 -0.133769
vn -0.659307 -0.556029 -0.506108
vn -0.957291 -0.256318 -0.133769
vn -0.730312 -0.623145 -0.279884
vn 0.840799 -0.212347 0.497962
vn 0.661377 -0.741171 -0.115086
vn 0.661377 -0.741171 -0.115086
vn 0.840799 -0.212347 0.497962
vn 0.661377 -0.741171 -0.115086
vn 0.619077 -0.583298 0.525840
vn -0.592806 0.674812 0.439556
vn -0.682558 0.677373 0.274372
vn -0.403279 0.827638 0.390361
vn -0.462633 -0.335583 -0.820582
vn -0.440958 -0.279449 -0.852915
vn -0.440958 -0.279449 -0.852915
vn -0.462633 -0.335583 -0.820582
vn -0.440958 -0.279449 -0.852915
vn -0.557149 -0.218976 -0.801021
vn -0.697339 0.593960 0.401161
vn -0.710126 0.475617 0.519144
vn -0.697339 0.593960 0.401161
vn -0.970147 0.172993 0.169965
vn -0.855723 -0.512783 -0.069228
vn -0.963105 -0.040453 0.266068
vn 0.859161 -0.501062 0.103824
vn 0.789193 -0.546817 -0.279582
vn 0.826379 -0.457542 -0.328259
vn 0.859161 -0.501062 0.103824
vn 0.948806 -0.123454 0.290735
vn 0.840799 -0.212347 0.497962
vn 0.840799 -0.212347 0.497962
vn 0.619077 -0.583298 0.525840
vn 0.859161 -0.501062 0.103824
vn -0.951867 0.241220 -0.189111
vn -0.980045 -0.178702 -0.087051
vn -0.667860 -0.404859 -0.624541
vn -0.951867 0.241220 -0.189111
vn -0.667860 -0.404859 -0.624541
vn -0.667860 -0.404859 -0.624541
vn 0.669629 -0.655681 -0.348826
vn 0.669629 -0.655681 -0.348826
vn 0.661377 -0.741171 -0.115086
vn 0.669629 -0.655681 -0.348826
vn 0.661377 -0.741171 -0.115086
vn 0.661377 -0.741171 -0.115086
vn 0.448685 0.304002 0.840396
vn 0.448685 0.304002 0.840396
vn 0.332876 0.211724 0.918894
vn -0.746470 0.241863 0.619907
vn -0.545663 0.590075 0.595033
vn -0.686384 0.637357 0.350218
vn -0.746470 0.241863 0.619907
vn -0.686384 0.637357 0.350218
vn -0.775190 0.536380 0.333731
vn 0.837179 0.283640 0.467631
vn 0.958090 0.224163 -0.178363
vn 0.111266 0.937825 0.328791
vn 0.837179 0.283640 0.467631
vn -0.110898 0.671516 0.732645
vn 0.948806 -0.123454 0.290735
vn 0.909483 0.166392 0.380992
vn 0.853175 0.400219 0.334541
vn 0.857900 0.137644 0.495038
vn 0.948806 -0.123454 0.290735
vn -0.110898 0.671516 0.732645
vn 0.840799 -0.212347 0.497962
vn 0.859161 -0.501062 0.103824
vn 0.619077 -0.583298 0.525840
vn 0.569303 -0.398452 0.719118
vn -0.963105 -0.040453 0.266068
vn -0.855723 -0.512783 -0.069228
vn -0.428028 -0.863234 -0.267617
vn -0.963105 -0.040453 0.266068
vn -0.428028 -0.863234 -0.267617
vn -0.831813 -0.532462 -0.156754
vn 0.569303 -0.398452 0.719118
vn 0.619077 -0.583298 0.525840
vn 0.568929 -0.200100 0.797672
vn 0.569303 -0.398452 0.719118
vn 0.568929 -0.200100 0.797672
vn 0.568929 -0.200100 0.797672
vn -0.698053 -0.598152 -0.393619
vn -0.725363 -0.565002 -0.393220
vn -0.750487 -0.585178 -0.307143
vn 0.568929 -0.200100 0.797672
vn 0.568929 -0.200100 0.797672
vn 0.455093 -0.019786 0.890224
vn 0.568929 -0.200100 0.797672
vn 0.455093 -0.019786 0.890224
vn 0.455093 -0.019786 0.890224
vn 0.455093 -0.019786 0.890224
vn 0.455093 -0.019786 0.890224
vn 0.307219 -0.184983 0.933487
vn 0.455093 -0.019786 0.890224
vn 0.307219 -0.184983 0.933487
vn 0.307219 -0.184983 0.933487
vn 0.307219 -0.184983 0.933487
vn 0.307219 -0.184983 0.933487
vn 0.293611 -0.506804 0.810520
vn 0.307219 -0.184983 0.933487
vn 0.293611 -0.506804 0.810520
vn 0.293611 -0.506804 0.810520
vn -0.411033 0.480577 0.774660
vn -0.080770 0.667223 0.740466
vn -0.692195 0.121898 0.711342
vn 0.925472 0.330100 -0.185838
vn 0.915563 0.126240 -0.381849
vn 0.916198 0.200710 -0.346837
vn 0.533729 0.448746 0.716771
vn 0.533729 0.448746 0.716771
vn 0.465184 0.399913 0.789730
vn 0.710492 -0.570778 -0.411600
vn 0.710492 -0.570778 -0.411600
vn 0.776057 -0.562140 -0.285893
vn 0.710492 -0.570778 -0.411600
vn 0.776057 -0.562140 -0.285893
vn 0.930537 -0.244164 0.272920
vn -0.489547 -0.362396 -0.793103
vn -0.406445 -0.315434 -0.857499
vn -0.489547 -0.362396 -0.793103
vn -0.670063 0.729262 0.138538
vn -0.697339 0.593960 0.401161
vn -0.697339 0.593960 0.401161
vn -0.670063 0.729262 0.138538
vn -0.697339 0.593960 0.401161
vn -0.670063 0.729262 0.138538
vn 0.675864 -0.589271 -0.442683
vn 0.669629 -0.655681 -0.348826
vn 0.669629 -0.655681 -0.348826
vn -0.080770 0.667223 0.740466
vn -0.777585 0.607294 0.162960
vn -0.614013 0.739139 0.276878
vn -0.080770 0.667223 0.740466
vn -0.614013 0.739139 0.276878
vn -0.614013 0.739139 0.276878
vn -0.951867 0.241220 -0.189111
vn -0.110898 0.671516 0.732645
vn -0.853922 0.332658 -0.400195
vn 0.930537 -0.244164 0.272920
vn -0.080770 0.667223 0.740466
vn 0.533729 0.448746 0.716771
vn 0.930537 -0.244164 0.272920
vn 0.533729 0.448746 0.716771
vn 0.533729 0.448746 0.716771
vn 0.293611 -0.506804 0.810520
vn 0.293611 -0.506804 0.810520
vn 0.347500 -0.652175 0.673730
vn 0.293611 -0.506804 0.810520
vn 0.347500 -0.652175 0.673730
vn 0.347500 -0.652175 0.673730
vn 0.635937 -0.678510 -0.367707
vn 0.635937 -0.678510 -0.367707
vn 0.710492 -0.570778 -0.411600
vn 0.635937 -0.678510 -0.367707
vn 0.710492 -0.570778 -0.411600
vn 0.710492 -0.570778 -0.411600
vn 0.916198 0.200710 -0.346837
vn 0.915563 0.126240 -0.381849
vn 0.883199 0.020397 -0.468555
vn 0.883199 0.020397 -0.468555
vn 0.915563 0.126240 -0.381849
vn 0.915954 -0.147457 -0.373208
vn 0.883199 0.020397 -0.468555
vn 0.915954 -0.147457 -0.373208
vn 0.915954 -0.147457 -0.373208
vn 0.915954 -0.147457 -0.373208
vn 0.915954 -0.147457 -0.373208
vn 0.826379 -0.457542 -0.328259
vn 0.915954 -0.147457 -0.373208
vn 0.826379 -0.457542 -0.328259
vn 0.867394 -0.401390 -0.294130
vn 0.867394 -0.401390 -0.294130
vn 0.826379 -0.457542 -0.328259
vn 0.789193 -0.546817 -0.279582
vn 0.826379 -0.457542 -0.328259
vn 0.867624 -0.308433 -0.389997
vn 0.859161 -0.501062 0.103824
vn 0.837179 0.283640 0.467631
vn 0.111266 0.937825 0.328791
vn -0.110898 0.671516 0.732645
vn 0.859161 -0.501062 0.103824
vn 0.867624 -0.308433 -0.389997
vn 0.948806 -0.123454 0.290735
vn 0.948806 -0.123454 0.290735
vn 0.867624 -0.308433 -0.389997
vn 0.958090 0.224163 -0.178363
vn 0.948806 -0.123454 0.290735
vn 0.958090 0.224163 -0.178363
vn 0.837179 0.283640 0.467631
vn -0.415619 0.828535 -0.375220
vn 0.000008 0.909072 -0.416638
vn 0.000007 0.899938 -0.436018
vn -0.979019 0.050157 -0.197497
vn -0.709444 -0.683038 -0.173632
vn -0.730312 -0.623145 -0.279884
vn -0.979019 0.050157 -0.197497
vn -0.730312 -0.623145 -0.279884
vn -0.957291 -0.256318 -0.133769
vn -0.521844 0.796138 -0.306338
vn -0.604807 0.770340 -0.201955
vn 0.000007 0.969472 -0.245202
vn -0.521844 0.796138 -0.306338
vn 0.000007 0.969472 -0.245202
vn 0.000007 0.934651 -0.355566
vn 0.000009 -0.971311 -0.237813
vn -0.472288 -0.824918 -0.310571
vn -0.622808 -0.714775 -0.318131
vn -0.395237 -0.703762 -0.590344
vn -0.622808 -0.714775 -0.318131
vn -0.472288 -0.824918 -0.310571
vn 0.000007 0.899938 -0.436018
vn -0.363719 0.839847 -0.402947
vn -0.512903 0.783760 -0.350214
vn 0.000007 0.899938 -0.436018
vn -0.512903 0.783760 -0.350214
vn -0.415619 0.828535 -0.375220
vn 0.000008 0.909072 -0.416638
vn -0.415619 0.828535 -0.375220
vn -0.521844 0.796138 -0.306338
vn 0.000008 0.909072 -0.416638
vn -0.521844 0.796138 -0.306338
vn 0.000007 0.934651 -0.355566
vn 0.000004 -0.965435 0.260643
vn -0.257805 -0.714761 0.650117
vn -0.249876 -0.899526 0.358349
vn 0.000004 -0.965435 0.260643
vn -0.249876 -0.899526 0.358349
vn -0.219152 -0.974935 0.038404
vn -0.219152 -0.974935 0.038404
vn -0.228870 -0.960124 0.160562
vn 0.000004 -0.957993 0.286793
vn 0.000004 -0.957993 0.286793
vn 0.000004 -0.965435 0.260643
vn -0.219152 -0.974935 0.038404
vn 0.000004 -0.957993 0.286793
vn -0.228870 -0.960124 0.160562
vn -0.650135 -0.679942 0.339121
vn 0.000005 -0.871313 0.490728
vn 0.000004 -0.957993 0.286793
vn -0.650135 -0.679942 0.339121
vn 0.000005 -0.871313 0.490728
vn -0.650135 -0.679942 0.339121
vn -0.459702 -0.182702 0.869076
vn 0.000001 -0.742279 0.670091
vn 0.000005 -0.871313 0.490728
vn -0.459702 -0.182702 0.869076
vn 0.575076 0.038310 0.817203
vn -0.121428 0.440477 0.889514
vn 0.557539 -0.102594 0.823787
vn 0.575076 0.038310 0.817203
vn 0.557539 -0.102594 0.823787
vn 0.839805 -0.060194 0.539541
vn -0.000004 -0.969778 0.243988
vn 0.000001 -0.742279 0.670091
vn 0.200611 -0.973126 0.113053
vn 0.200611 -0.973126 0.113053
vn 0.320255 -0.794972 -0.515225
vn 0.058751 -0.877227 -0.476468
vn -0.730312 -0.623145 -0.279884
vn -0.709444 -0.683038 -0.173632
vn 0.000007 -0.965081 -0.261953
vn -0.730312 -0.623145 -0.279884
vn 0.000007 -0.965081 -0.261953
vn 0.000006 -0.936659 -0.350243
vn -0.642607 0.754404 -0.133906
vn -0.648384 0.643689 -0.406526
vn 0.000007 0.928493 -0.371349
vn -0.601416 0.701701 -0.381987
vn 0.000008 0.865955 -0.500121
vn 0.000007 0.928493 -0.371349
vn -0.601416 0.701701 -0.381987
vn 0.000007 0.928493 -0.371349
vn -0.648384 0.643689 -0.406526
vn -0.601416 0.701701 -0.381987
vn -0.457583 0.867110 0.196819
vn 0.000008 0.980867 0.194679
vn -0.601416 0.701701 -0.381987
vn 0.000008 0.980867 0.194679
vn 0.000008 0.865955 -0.500121
vn 0.000007 0.968549 0.248822
vn 0.000008 0.980867 0.194679
vn -0.457583 0.867110 0.196819
vn -0.781640 0.539374 0.313232
vn -0.697847 0.708274 0.106567
vn 0.000007 0.997319 0.073183
vn -0.781640 0.539374 0.313232
vn 0.000007 0.997319 0.073183
vn 0.000007 0.968549 0.248822
vn -0.428028 -0.863234 -0.267617
vn -0.855723 -0.512783 -0.069228
vn -0.472288 -0.824918 -0.310571
vn 0.000007 -0.965081 -0.261953
vn -0.709444 -0.683038 -0.173632
vn -0.682222 -0.731130 0.004694
vn 0.000007 -0.965081 -0.261953
vn -0.682222 -0.731130 0.004694
vn 0.000008 -0.999958 0.009217
vn 0.000005 0.844572 0.535442
vn 0.000007 0.997319 0.073183
vn -0.697847 0.708274 0.106567
vn 0.000005 0.844572 0.535442
vn -0.697847 0.708274 0.106567
vn -0.970147 0.172993 0.169965
vn 0.000005 0.844572 0.535442
vn -0.970147 0.172993 0.169965
vn -0.963105 -0.040453 0.266068
vn -0.573045 0.530959 -0.624261
vn -0.573045 0.530959 -0.624261
vn -0.573045 0.530959 -0.624261
vn -0.573045 0.530959 -0.624261
vn -0.573045 0.530959 -0.624261
vn -0.573045 0.530959 -0.624261
vn -0.592806 0.674812 0.439556
vn -0.403279 0.827638 0.390361
vn 0.000002 0.801812 0.597576
vn 0.000007 0.906827 0.421504
vn 0.000002 0.801812 0.597576
vn -0.403279 0.827638 0.390361
vn 0.000005 -0.918029 -0.396514
vn 0.000005 -0.990305 -0.138912
vn -0.141383 -0.974797 -0.172575
vn 0.000005 -0.918029 -0.396514
vn -0.141383 -0.974797 -0.172575
vn -0.072632 -0.925615 -0.371431
vn -0.141383 -0.974797 -0.172575
vn 0.000005 -0.990305 -0.138912
vn 0.000005 -0.994072 0.108726
vn -0.141383 -0.974797 -0.172575
vn 0.000005 -0.994072 0.108726
vn -0.093814 -0.991188 0.093518
vn 0.439624 -0.896081 -0.061398
vn 0.395463 -0.913500 -0.095532
vn 0.395463 -0.913500 -0.095532
vn 0.000013 0.971728 0.236101
vn -0.403279 0.827638 0.390361
vn -0.682558 0.677373 0.274372
vn 0.000007 0.906827 0.421504
vn -0.403279 0.827638 0.390361
vn 0.000013 0.971728 0.236101
vn 0.000013 0.971728 0.236101
vn -0.682558 0.677373 0.274372
vn -0.762623 0.622675 0.175163
vn 0.000013 0.971728 0.236101
vn -0.762623 0.622675 0.175163
vn -0.603795 0.752294 0.263603
vn -0.589611 0.704713 0.394637
vn -0.603795 0.752294 0.263603
vn -0.762623 0.622675 0.175163
vn -0.589611 0.704713 0.394637
vn -0.762623 0.622675 0.175163
vn -0.686384 0.637357 0.350218
vn 0.000009 0.008427 0.999964
vn -0.746470 0.241863 0.619907
vn 0.000009 -0.850702 0.525648
vn 0.000010 0.586894 0.809664
vn -0.545663 0.590075 0.595033
vn -0.746470 0.241863 0.619907
vn 0.000010 0.586894 0.809664
vn -0.746470 0.241863 0.619907
vn 0.000009 0.008427 0.999964
vn 0.000012 0.728726 0.684806
vn -0.545663 0.590075 0.595033
vn 0.000010 0.586894 0.809664
vn -0.589611 0.704713 0.394637
vn -0.686384 0.637357 0.350218
vn -0.545663 0.590075 0.595033
vn -0.589611 0.704713 0.394637
vn -0.545663 0.590075 0.595033
vn 0.000012 0.728726 0.684806
vn -0.892349 0.375067 -0.251073
vn -0.683305 0.659816 0.312630
vn -0.457583 0.867110 0.196819
vn -0.892349 0.375067 -0.251073
vn -0.457583 0.867110 0.196819
vn -0.601416 0.701701 -0.381987
vn 0.000007 0.968549 0.248822
vn -0.457583 0.867110 0.196819
vn -0.683305 0.659816 0.312630
vn 0.000007 0.968549 0.248822
vn -0.683305 0.659816 0.312630
vn -0.781640 0.539374 0.313232
vn -0.743153 0.487693 0.458126
vn -0.411033 0.480577 0.774660
vn -0.781640 0.539374 0.313232
vn -0.601416 0.701701 -0.381987
vn -0.648384 0.643689 -0.406526
vn -0.927414 0.199904 -0.316135
vn -0.601416 0.701701 -0.381987
vn -0.927414 0.199904 -0.316135
vn -0.892349 0.375067 -0.251073
vn -0.920779 0.389367 -0.023646
vn -0.927414 0.199904 -0.316135
vn -0.648384 0.643689 -0.406526
vn -0.920779 0.389367 -0.023646
vn -0.648384 0.643689 -0.406526
vn -0.642607 0.754404 -0.133906
vn 0.000007 0.928493 -0.371349
vn 0.000007 0.969472 -0.245202
vn -0.604807 0.770340 -0.201955
vn 0.000007 0.928493 -0.371349
vn -0.604807 0.770340 -0.201955
vn -0.642607 0.754404 -0.133906
vn -0.724980 0.587276 -0.359876
vn -0.635624 0.544038 -0.547726
vn -0.637217 0.560872 -0.528561
vn -0.724980 0.587276 -0.359876
vn -0.637217 0.560872 -0.528561
vn -0.969890 0.182584 -0.161175
vn -0.069889 -0.987457 -0.141577
vn -0.002940 -0.989894 -0.141776
vn 0.000000 -0.964588 -0.263760
vn -0.002418 0.989276 0.146038
vn -0.199442 0.905343 0.374936
vn -0.005114 0.866470 0.499203
vn -0.002418 0.989276 0.146038
vn -0.003284 0.864750 0.502192
vn -0.302999 0.940690 0.152622
vn -0.770872 -0.583265 0.256042
vn -0.004714 -0.857574 0.514338
vn -0.030816 -0.973839 0.225138
vn -0.770872 -0.583265 0.256042
vn -0.030816 -0.973839 0.225138
vn -0.786382 -0.599124 0.150513
vn -0.637217 0.560872 -0.528561
vn -0.635624 0.544038 -0.547726
vn -0.688350 0.325061 -0.648467
vn -0.807138 -0.151496 -0.570594
vn -0.688350 0.325061 -0.648467
vn -0.002205 -0.382827 -0.923818
vn -0.807138 -0.151496 -0.570594
vn -0.002205 -0.382827 -0.923818
vn -0.780123 -0.300218 -0.548888
vn -0.367028 -0.498899 -0.785105
vn -0.003822 -0.536893 -0.843641
vn -0.005382 -0.921629 -0.388034
vn -0.367028 -0.498899 -0.785105
vn -0.005382 -0.921629 -0.388034
vn -0.156217 -0.947731 -0.278213
vn -0.770872 -0.583265 0.256042
vn -0.694622 -0.193833 0.692769
vn -0.001957 0.134432 0.990921
vn -0.770872 -0.583265 0.256042
vn -0.001957 0.134432 0.990921
vn -0.004714 -0.857574 0.514338
vn -0.688350 0.325061 -0.648467
vn -0.807138 -0.151496 -0.570594
vn -0.637217 0.560872 -0.528561
vn -0.001957 0.134432 0.990921
vn -0.694622 -0.193833 0.692769
vn -0.940682 0.091603 0.326689
vn -0.780123 -0.300218 -0.548888
vn -0.940682 0.091603 0.326689
vn -0.807138 -0.151496 -0.570594
vn -0.348559 0.843752 0.408154
vn -0.003284 0.864750 0.502192
vn -0.859153 0.265707 0.437328
vn -0.859153 0.265707 0.437328
vn -0.994723 -0.102339 -0.007254
vn -0.987193 -0.119824 -0.105319
vn -0.859153 0.265707 0.437328
vn -0.987193 -0.119824 -0.105319
vn -0.987193 -0.119824 -0.105319
vn -0.859153 0.265707 0.437328
vn -0.003284 0.864750 0.502192
vn -0.001957 0.134432 0.990921
vn -0.859153 0.265707 0.437328
vn -0.001957 0.134432 0.990921
vn -0.940682 0.091603 0.326689
vn -0.940682 0.091603 0.326689
vn -0.780123 -0.300218 -0.548888
vn -0.994723 -0.102339 -0.007254
vn -0.940682 0.091603 0.326689
vn -0.994723 -0.102339 -0.007254
vn -0.859153 0.265707 0.437328
vn -0.002205 -0.382827 -0.923818
vn -0.003822 -0.536893 -0.843641
vn -0.367028 -0.498899 -0.785105
vn -0.002205 -0.382827 -0.923818
vn -0.367028 -0.498899 -0.785105
vn -0.780123 -0.300218 -0.548888
vn -0.002418 0.989276 0.146038
vn -0.302999 0.940690 0.152622
vn -0.199442 0.905343 0.374936
vn -0.003284 0.864750 0.502192
vn -0.348559 0.843752 0.408154
vn -0.302999 0.940690 0.152622
vn -0.966333 -0.087199 0.242069
vn -0.970577 -0.024120 0.239579
vn -0.970577 -0.024120 0.239579
vn -0.966333 -0.087199 0.242069
vn -0.970577 -0.024120 0.239579
vn -0.966333 -0.087199 0.242069
vn 0.303183 0.371397 0.877579
vn -0.002448 0.722988 0.690857
vn -0.167055 0.663243 0.729521
vn -0.002940 -0.989894 -0.141776
vn -0.069889 -0.987457 -0.141577
vn -0.056814 -0.997136 -0.049917
vn -0.002940 -0.989894 -0.141776
vn -0.056814 -0.997136 -0.049917
vn -0.156217 -0.947731 -0.278213
vn -0.002940 -0.989894 -0.141776
vn -0.156217 -0.947731 -0.278213
vn -0.005382 -0.921629 -0.388034
vn -0.005114 0.866470 0.499203
vn -0.199442 0.905343 0.374936
vn -0.005874 0.669126 0.743126
vn -0.056814 -0.997136 -0.049917
vn 0.099803 -0.980687 -0.168204
vn 0.099803 -0.980687 -0.168204
vn -0.056814 -0.997136 -0.049917
vn 0.099803 -0.980687 -0.168204
vn -0.156217 -0.947731 -0.278213
vn -0.987193 -0.119824 -0.105319
vn -0.987193 -0.119824 -0.105319
vn -0.953895 0.145286 -0.262634
vn -0.987193 -0.119824 -0.105319
vn -0.953895 0.145286 -0.262634
vn -0.953895 0.145286 -0.262634
vn -0.302999 0.940690 0.152622
vn -0.348559 0.843752 0.408154
vn -0.280324 0.920684 0.271585
vn -0.958220 -0.149929 0.243590
vn -0.966333 -0.087199 0.242069
vn -0.966333 -0.087199 0.242069
vn -0.280324 0.920684 0.271585
vn -0.002448 0.722988 0.690857
vn -0.302999 0.940690 0.152622
vn 0.173128 -0.952306 -0.251278
vn 0.099803 -0.980687 -0.168204
vn 0.099803 -0.980687 -0.168204
vn -0.167055 0.663243 0.729521
vn -0.002448 0.722988 0.690857
vn -0.280324 0.920684 0.271585
vn -0.953895 0.145286 -0.262634
vn -0.953895 0.145286 -0.262634
vn -0.973516 0.075887 -0.215658
vn 0.499328 0.331912 0.800316
vn 0.499328 0.331912 0.800316
vn -0.002448 0.722988 0.690857
vn 0.499328 0.331912 0.800316
vn -0.002448 0.722988 0.690857
vn 0.303183 0.371397 0.877579
vn 0.395256 -0.703767 -0.590326
vn 0.855723 -0.512783 -0.069225
vn 0.472302 -0.824912 -0.310566
vn -0.472288 -0.824918 -0.310571
vn -0.855723 -0.512783 -0.069228
vn -0.395237 -0.703762 -0.590344
vn -0.319970 -0.941749 -0.103579
vn 0.093821 -0.991186 0.093525
vn 0.141388 -0.974796 -0.172574
vn 0.775190 0.536380 0.333732
vn 0.746474 0.241866 0.619901
vn 0.805714 0.514316 0.293774
vn -0.725363 -0.565002 -0.393220
vn -0.698053 -0.598152 -0.393619
vn -0.669024 -0.602320 -0.435451
vn -0.805723 0.514301 0.293776
vn -0.746470 0.241863 0.619907
vn -0.775190 0.536380 0.333731
vn 0.669030 -0.602309 -0.435457
vn 0.698057 -0.598145 -0.393623
vn 0.725364 -0.565002 -0.393218
vn -0.141383 -0.974797 -0.172575
vn -0.093814 -0.991188 0.093518
vn 0.319966 -0.941750 -0.103582
vn 0.746474 0.241866 0.619901
vn 0.000009 -0.850702 0.525648
vn 0.093821 -0.991186 0.093525
vn -0.093814 -0.991188 0.093518
vn 0.000009 -0.850702 0.525648
vn -0.746470 0.241863 0.619907
vn 0.438868 0.879580 0.183668
vn 0.438868 0.879580 0.183668
vn 0.388230 0.916034 0.100793
vn 0.438868 0.879580 0.183668
vn 0.388230 0.916034 0.100793
vn 0.388230 0.916034 0.100793
vn 0.319966 -0.941750 -0.103582
vn -0.093814 -0.991188 0.093518
vn 0.395463 -0.913500 -0.095532
vn 0.319966 -0.941750 -0.103582
vn 0.395463 -0.913500 -0.095532
vn 0.395463 -0.913500 -0.095532
vn -0.853189 0.400187 0.334544
vn -0.746470 0.241863 0.619907
vn -0.805723 0.514301 0.293776
vn -0.438894 0.879567 0.183668
vn -0.438894 0.879567 0.183668
vn -0.388254 0.916024 0.100788
vn -0.438894 0.879567 0.183668
vn -0.388254 0.916024 0.100788
vn -0.388254 0.916024 0.100788
vn 0.805714 0.514316 0.293774
vn 0.746474 0.241866 0.619901
vn 0.853175 0.400219 0.334541
vn 0.093821 -0.991186 0.093525
vn -0.319970 -0.941749 -0.103579
vn -0.395470 -0.913497 -0.095539
vn 0.093821 -0.991186 0.093525
vn -0.395470 -0.913497 -0.095539
vn -0.395470 -0.913497 -0.095539
vn -0.395470 -0.913497 -0.095539
vn -0.395470 -0.913497 -0.095539
vn -0.439633 -0.896076 -0.061410
vn -0.333436 0.942623 0.016823
vn -0.388254 0.916024 0.100788
vn -0.388254 0.916024 0.100788
vn 0.388230 0.916034 0.100793
vn 0.388230 0.916034 0.100793
vn 0.333413 0.942630 0.016833
vn -0.857905 0.137600 0.495041
vn -0.853189 0.400187 0.334544
vn -0.909491 0.166342 0.380993
vn -0.639824 -0.660882 -0.392250
vn -0.669024 -0.602320 -0.435451
vn -0.698053 -0.598152 -0.393619
vn 0.698057 -0.598145 -0.393623
vn 0.669030 -0.602309 -0.435457
vn 0.639836 -0.660862 -0.392264
vn 0.853175 0.400219 0.334541
vn 0.909483 0.166392 0.380992
vn 0.946065 0.192396 0.260663
vn 0.853175 0.400219 0.334541
vn 0.946065 0.192396 0.260663
vn 0.805714 0.514316 0.293774
vn -0.805723 0.514301 0.293776
vn -0.946077 0.192340 0.260661
vn -0.909491 0.166342 0.380993
vn -0.805723 0.514301 0.293776
vn -0.909491 0.166342 0.380993
vn -0.853189 0.400187 0.334544
vn 0.777443 -0.133900 -0.614535
vn 0.734768 -0.562305 -0.379381
vn 0.777443 -0.133900 -0.614535
vn -0.632342 -0.176876 -0.754227
vn -0.654735 0.103725 -0.748708
vn -0.654735 0.103725 -0.748708
vn -0.759312 -0.620230 -0.196877
vn -0.759312 -0.620230 -0.196877
vn -0.911007 -0.406209 -0.071136
vn 0.654734 0.103726 -0.748708
vn 0.654734 0.103726 -0.748708
vn 0.632342 -0.176876 -0.754227
vn -0.777443 -0.133900 -0.614534
vn -0.734767 -0.562306 -0.379380
vn -0.777443 -0.133900 -0.614534
vn -0.018754 0.035187 0.999205
vn -0.018754 0.035187 0.999205
vn -0.094630 -0.109375 0.989486
vn -0.018754 0.035187 0.999205
vn -0.094630 -0.109375 0.989486
vn -0.094630 -0.109375 0.989486
vn 0.808667 -0.161585 -0.565640
vn 0.798032 -0.529344 -0.287991
vn 0.808667 -0.161585 -0.565640
vn -0.808667 -0.161585 -0.565640
vn -0.798032 -0.529344 -0.287991
vn -0.808667 -0.161585 -0.565640
vn 0.759312 -0.620230 -0.196877
vn 0.759312 -0.620230 -0.196877
vn -0.428028 -0.863234 -0.267617
vn 0.759312 -0.620230 -0.196877
vn -0.428028 -0.863234 -0.267617
vn 0.309136 -0.867433 -0.389866
vn -0.654735 0.103725 -0.748708
vn -0.654735 0.103725 -0.748708
vn -0.625227 0.376104 -0.683840
vn -0.654735 0.103725 -0.748708
vn -0.625227 0.376104 -0.683840
vn -0.625227 0.376104 -0.683840
vn 0.094630 -0.109375 0.989486
vn 0.094630 -0.109375 0.989486
vn 0.018754 0.035187 0.999205
vn 0.094630 -0.109375 0.989486
vn 0.018754 0.035187 0.999205
vn 0.018754 0.035187 0.999205
vn -0.309132 -0.867434 -0.389867
vn 0.428033 -0.863231 -0.267618
vn -0.759312 -0.620230 -0.196877
vn -0.309132 -0.867434 -0.389867
vn -0.759312 -0.620230 -0.196877
vn -0.759312 -0.620230 -0.196877
vn 0.625227 0.376105 -0.683839
vn 0.625227 0.376105 -0.683839
vn 0.654734 0.103726 -0.748708
vn 0.625227 0.376105 -0.683839
vn 0.654734 0.103726 -0.748708
vn 0.654734 0.103726 -0.748708
vn -0.057623 0.178808 0.982195
vn 0.018754 0.035187 0.999205
vn 0.018754 0.035187 0.999205
vn -0.018754 0.035187 0.999205
vn -0.018754 0.035187 0.999205
vn 0.057623 0.178808 0.982195
vn 0.911007 -0.406209 -0.071136
vn 0.759312 -0.620230 -0.196877
vn 0.759312 -0.620230 -0.196877
vn -0.065017 0.047859 0.996736
vn -0.065017 0.047859 0.996736
vn -0.019767 0.174019 0.984544
vn 0.912892 -0.403096 -0.064358
vn 0.767322 -0.613885 -0.185372
vn 0.767322 -0.613885 -0.185372
vn -0.653989 0.077449 -0.752529
vn -0.653989 0.077449 -0.752529
vn -0.777443 -0.133900 -0.614534
vn -0.653989 0.077449 -0.752529
vn -0.777443 -0.133900 -0.614534
vn -0.777443 -0.133900 -0.614534
vn 0.767322 -0.613885 -0.185372
vn 0.767322 -0.613885 -0.185372
vn 0.309136 -0.867433 -0.389866
vn 0.767322 -0.613885 -0.185372
vn 0.309136 -0.867433 -0.389866
vn -0.072632 -0.925615 -0.371431
vn -0.065017 0.047859 0.996736
vn -0.065017 0.047859 0.996736
vn -0.109089 -0.079168 0.990874
vn -0.065017 0.047859 0.996736
vn -0.109089 -0.079168 0.990874
vn -0.109089 -0.079168 0.990874
vn -0.632341 -0.176876 -0.754228
vn -0.653989 0.077449 -0.752529
vn -0.653989 0.077449 -0.752529
vn 0.582653 0.318254 0.747817
vn 0.741638 0.200182 0.640234
vn 0.506842 0.435731 0.743807
vn -0.506842 0.435731 0.743807
vn -0.741638 0.200182 0.640234
vn -0.582653 0.318254 0.747817
vn 0.369414 -0.873913 -0.315925
vn 0.141388 -0.974796 -0.172574
vn 0.072637 -0.925615 -0.371431
vn -0.072632 -0.925615 -0.371431
vn -0.141383 -0.974797 -0.172575
vn -0.369414 -0.873913 -0.315925
f 7/1/1 5/2/2 4/3/3
f 4/4/4 6/5/5 7/6/6
f 1/7/7 2/8/8 5/9/9
f 1/10/10 5/11/11 6/12/12
f 1/13/13 6/14/14 4/15/15
f 2/16/16 3/17/17 4/18/18
f 6/19/19 5/20/20 7/21/21
f 13/22/22 11/23/23 10/24/24
f 10/25/25 12/26/26 13/27/27
f 8/28/28 9/29/29 11/30/30
f 8/31/31 11/32/32 12/33/33
f 1/34/34 8/35/35 12/36/36
f 1/37/37 12/38/38 10/39/39
f 9/40/40 1/41/41 10/42/42
f 9/43/43 10/44/44 11/45/45
f 12/46/46 11/47/47 13/48/48
f 17/49/49 18/50/50 20/51/51
f 20/52/52 19/53/53 17/54/54
f 19/55/55 18/56/56 15/57/57
f 19/58/58 15/59/59 14/60/60
f 17/61/61 19/62/62 14/63/63
f 17/64/64 16/65/65 15/66/66
f 20/67/67 18/68/68 19/69/69
f 221/70/70 217/71/71 219/72/72
f 221/73/73 219/74/74 2/75/75
f 221/76/76 2/77/77 9/78/78
f 126/79/79 186/80/80 427/81/81
f 233/82/82 51/83/83 126/84/84
f 233/85/85 126/86/86 8/87/87
f 233/88/88 8/89/89 1/90/90
f 126/91/91 51/92/92 135/93/93
f 186/94/94 127/95/95 154/96/96
f 9/97/97 427/98/98 186/99/99
f 9/100/100 186/101/101 154/102/102
f 9/103/103 154/104/104 221/105/105
f 186/106/106 128/107/107 127/108/108
f 132/109/109 134/110/110 115/111/111
f 201/112/112 74/113/113 73/114/114
f 201/115/115 73/116/116 203/117/117
f 165/118/118 131/119/119 158/120/120
f 165/121/121 158/122/122 166/123/123
f 175/124/124 174/125/125 167/126/126
f 175/127/127 167/128/128 178/129/129
f 167/130/130 130/131/131 134/132/132
f 174/133/133 136/134/134 185/135/135
f 30/136/136 31/137/137 144/138/138
f 131/139/139 130/140/140 67/141/141
f 151/142/142 146/143/143 145/144/144
f 151/145/145 145/146/146 169/147/147
f 178/148/148 167/149/149 134/150/150
f 178/151/151 134/152/152 109/153/153
f 131/154/154 129/155/155 158/156/156
f 94/157/157 208/158/158 105/159/159
f 134/160/160 132/161/161 133/162/162
f 167/163/163 185/164/164 222/165/165
f 162/166/166 130/167/167 131/168/168
f 162/169/169 131/170/170 161/171/171
f 130/172/172 222/173/173 67/174/174
f 161/175/175 131/176/176 165/177/177
f 136/178/178 174/179/179 177/180/180
f 111/181/181 147/182/182 133/183/183
f 111/184/184 133/185/185 137/186/186
f 133/187/187 132/188/188 108/189/189
f 180/190/190 121/191/191 122/192/192
f 180/193/193 122/194/194 181/195/195
f 181/196/196 122/197/197 123/198/198
f 181/199/199 123/200/200 182/201/201
f 140/202/202 125/203/203 139/204/204
f 182/205/205 123/206/206 71/207/207
f 182/208/208 71/209/209 82/210/210
f 106/211/211 211/212/212 210/213/213
f 106/214/214 210/215/215 198/216/216
f 106/217/217 198/218/218 75/219/219
f 105/220/220 208/221/221 95/222/222
f 134/223/223 163/224/224 115/225/225
f 115/226/226 163/227/227 120/228/228
f 83/229/229 143/230/230 82/231/231
f 125/232/232 142/233/233 143/234/234
f 125/235/235 143/236/236 124/237/237
f 142/238/238 125/239/239 141/240/240
f 141/241/241 125/242/242 140/243/243
f 184/244/244 120/245/245 121/246/246
f 184/247/247 121/248/248 180/249/249
f 185/250/250 167/251/251 174/252/252
f 222/253/253 130/254/254 167/255/255
f 81/256/256 118/257/257 232/258/258
f 81/259/259 232/260/260 197/261/261
f 144/262/262 29/263/263 30/264/264
f 153/265/265 28/266/266 29/267/267
f 153/268/268 29/269/269 144/270/270
f 114/271/271 64/272/272 159/273/273
f 160/274/274 61/275/275 110/276/276
f 146/277/277 147/278/278 111/279/279
f 229/280/280 172/281/281 114/282/282
f 197/283/283 117/284/284 168/285/285
f 197/286/286 168/287/287 61/288/288
f 147/289/289 146/290/290 151/291/291
f 147/292/292 151/293/293 150/294/294
f 133/295/295 147/296/296 150/297/297
f 133/298/298 150/299/299 148/300/300
f 138/301/301 139/302/302 125/303/303
f 168/304/304 229/305/305 114/306/306
f 146/307/307 152/308/308 153/309/309
f 146/310/310 153/311/311 145/312/312
f 144/313/313 145/314/314 153/315/315
f 114/316/316 172/317/317 64/318/318
f 168/319/319 114/320/320 176/321/321
f 158/322/322 129/323/323 156/324/324
f 158/325/325 156/326/326 155/327/327
f 166/328/328 158/329/329 155/330/330
f 166/331/331 155/332/332 157/333/333
f 228/334/334 227/335/335 113/336/336
f 228/337/337 113/338/338 112/339/339
f 227/340/340 226/341/341 173/342/342
f 227/343/343 173/344/344 113/345/345
f 163/346/346 130/347/347 162/348/348
f 164/349/349 184/350/350 139/351/351
f 164/352/352 139/353/353 138/354/354
f 120/355/355 164/356/356 115/357/357
f 173/358/358 116/359/359 84/360/360
f 84/361/361 116/362/362 66/363/363
f 136/364/364 131/365/365 67/366/366
f 84/367/367 66/368/368 69/369/369
f 117/370/370 205/371/371 230/372/372
f 117/373/373 230/374/374 119/375/375
f 92/376/376 81/377/377 197/378/378
f 92/379/379 197/380/380 61/381/381
f 160/382/382 110/383/383 65/384/384
f 110/385/385 176/386/386 159/387/387
f 110/388/388 159/389/389 65/390/390
f 110/391/391 61/392/392 176/393/393
f 174/394/394 175/395/395 129/396/396
f 176/397/397 114/398/398 159/399/399
f 177/400/400 129/401/401 131/402/402
f 164/403/403 120/404/404 184/405/405
f 180/406/406 140/407/407 139/408/408
f 180/409/409 139/410/410 184/411/411
f 181/412/412 141/413/413 140/414/414
f 181/415/415 140/416/416 180/417/417
f 182/418/418 142/419/419 141/420/420
f 182/421/421 141/422/422 181/423/423
f 82/424/424 143/425/425 142/426/426
f 82/427/427 142/428/428 182/429/429
f 94/430/430 74/431/431 212/432/432
f 163/433/433 107/434/434 183/435/435
f 63/436/436 57/437/437 207/438/438
f 207/439/439 57/440/440 26/441/441
f 107/442/442 163/443/443 56/444/444
f 229/445/445 228/446/446 112/447/447
f 229/448/448 112/449/449 172/450/450
f 134/451/451 130/452/452 163/453/453
f 115/454/454 164/455/455 132/456/456
f 172/457/457 112/458/458 64/459/459
f 183/460/460 120/461/461 163/462/462
f 125/463/463 188/464/464 207/465/465
f 195/466/466 71/467/467 123/468/468
f 195/469/469 123/470/470 192/471/471
f 192/472/472 123/473/473 122/474/474
f 192/475/475 122/476/476 193/477/477
f 193/478/478 122/479/479 121/480/480
f 193/481/481 121/482/482 194/483/483
f 190/484/484 125/485/485 124/486/486
f 190/487/487 124/488/488 191/489/489
f 189/490/490 125/491/491 190/492/492
f 188/493/493 125/494/494 189/495/495
f 191/496/496 195/497/497 192/498/498
f 191/499/499 192/500/500 190/501/501
f 190/502/502 192/503/503 193/504/504
f 190/505/505 193/506/506 189/507/507
f 189/508/508 193/509/509 194/510/510
f 189/511/511 194/512/512 188/513/513
f 191/514/514 124/515/515 79/516/516
f 191/517/517 79/518/518 196/519/519
f 196/520/520 72/521/521 71/522/522
f 196/523/523 71/524/524 195/525/525
f 195/526/526 191/527/527 196/528/528
f 112/529/529 113/530/530 80/531/531
f 112/532/532 80/533/533 64/534/534
f 196/535/535 79/536/536 78/537/537
f 206/538/538 78/539/539 77/540/540
f 206/541/541 77/542/542 204/543/543
f 202/544/544 76/545/545 75/546/546
f 202/547/547 75/548/548 198/549/549
f 196/550/550 206/551/551 73/552/552
f 196/553/553 73/554/554 72/555/555
f 78/556/556 206/557/557 196/558/558
f 206/559/559 203/560/560 73/561/561
f 204/562/562 203/563/563 206/564/564
f 183/565/565 188/566/566 194/567/567
f 107/568/568 207/569/569 188/570/570
f 107/571/571 188/572/572 183/573/573
f 113/574/574 173/575/575 84/576/576
f 113/577/577 84/578/578 80/579/579
f 116/580/580 225/581/581 224/582/582
f 116/583/583 224/584/584 66/585/585
f 173/586/586 226/587/587 225/588/588
f 173/589/589 225/590/590 116/591/591
f 69/592/592 66/593/593 224/594/594
f 69/595/595 224/596/596 223/597/597
f 56/598/598 207/599/599 107/600/600
f 199/601/601 74/602/602 201/603/603
f 201/604/604 202/605/605 198/606/606
f 201/607/607 198/608/608 199/609/609
f 203/610/610 204/611/611 202/612/612
f 203/613/613 202/614/614 201/615/615
f 204/616/616 77/617/617 76/618/618
f 204/619/619 76/620/620 202/621/621
f 94/622/622 212/623/623 208/624/624
f 95/625/625 211/626/626 106/627/627
f 74/628/628 199/629/629 212/630/630
f 208/631/631 212/632/632 210/633/633
f 208/634/634 210/635/635 211/636/636
f 215/637/637 216/638/638 209/639/639
f 210/640/640 212/641/641 216/642/642
f 210/643/643 216/644/644 215/645/645
f 133/646/646 109/647/647 134/648/648
f 23/649/649 26/650/650 57/651/651
f 57/652/652 58/653/653 149/654/654
f 57/655/655 149/656/656 23/657/657
f 137/658/658 108/659/659 26/660/660
f 137/661/661 26/662/662 23/663/663
f 214/664/664 213/665/665 209/666/666
f 209/667/667 216/668/668 214/669/669
f 209/670/670 213/671/671 215/672/672
f 108/673/673 138/674/674 125/675/675
f 108/676/676 125/677/677 26/678/678
f 214/679/679 216/680/680 212/681/681
f 95/682/682 208/683/683 211/684/684
f 214/685/685 212/686/686 199/687/687
f 108/688/688 137/689/689 133/690/690
f 213/691/691 214/692/692 199/693/693
f 213/694/694 199/695/695 198/696/696
f 198/697/697 210/698/698 215/699/699
f 198/700/700 215/701/701 213/702/702
f 138/703/703 108/704/704 132/705/705
f 138/706/706 132/707/707 164/708/708
f 149/709/709 111/710/710 137/711/711
f 149/712/712 137/713/713 23/714/714
f 229/715/715 119/716/716 81/717/717
f 229/718/718 81/719/719 92/720/720
f 187/721/721 154/722/722 127/723/723
f 185/724/724 69/725/725 223/726/726
f 185/727/727 223/728/728 222/729/729
f 232/730/730 231/731/731 205/732/732
f 128/733/733 157/734/734 155/735/735
f 64/736/736 25/737/737 21/738/738
f 92/739/739 60/740/740 21/741/741
f 21/742/742 229/743/743 92/744/744
f 117/745/745 119/746/746 229/747/747
f 117/748/748 229/749/749 168/750/750
f 81/751/751 119/752/752 230/753/753
f 81/754/754 230/755/755 118/756/756
f 231/757/757 232/758/758 118/759/759
f 217/760/760 218/761/761 220/762/762
f 217/763/763 220/764/764 219/765/765
f 160/766/766 65/767/767 70/768/768
f 60/769/769 61/770/770 70/771/771
f 413/772/772 49/773/773 48/774/774
f 92/775/775 61/776/776 60/777/777
f 25/778/778 229/779/779 21/780/780
f 186/781/781 126/782/782 157/783/783
f 186/784/784 157/785/785 128/786/786
f 68/787/787 228/788/788 229/789/789
f 68/790/790 229/791/791 25/792/792
f 2/793/793 219/794/794 3/795/795
f 87/796/796 227/797/797 228/798/798
f 87/799/799 228/800/800 68/801/801
f 200/802/802 226/803/803 227/804/804
f 200/805/805 227/806/806 87/807/807
f 22/808/808 225/809/809 226/810/810
f 22/811/811 226/812/812 200/813/813
f 131/814/814 136/815/815 177/816/816
f 22/817/817 84/818/818 24/819/819
f 24/820/820 84/821/821 62/822/822
f 67/823/823 222/824/824 223/825/825
f 67/826/826 223/827/827 62/828/828
f 205/829/829 231/830/830 230/831/831
f 197/832/832 232/833/833 205/834/834
f 197/835/835 205/836/836 117/837/837
f 118/838/838 230/839/839 231/840/840
f 84/841/841 69/842/842 185/843/843
f 84/844/844 185/845/845 136/846/846
f 176/847/847 61/848/848 168/849/849
f 62/850/850 84/851/851 136/852/852
f 62/853/853 136/854/854 67/855/855
f 24/856/856 224/857/857 225/858/858
f 24/859/859 225/860/860 22/861/861
f 62/862/862 223/863/863 224/864/864
f 62/865/865 224/866/866 24/867/867
f 200/868/868 84/869/869 22/870/870
f 87/871/871 80/872/872 84/873/873
f 87/874/874 84/875/875 200/876/876
f 68/877/877 64/878/878 80/879/879
f 68/880/880 80/881/881 87/882/882
f 25/883/883 64/884/884 68/885/885
f 21/886/886 159/887/887 64/888/888
f 61/889/889 160/890/890 70/891/891
f 60/892/892 159/893/893 21/894/894
f 70/895/895 65/896/896 159/897/897
f 70/898/898 159/899/899 60/900/900
f 31/901/901 27/902/902 169/903/903
f 111/904/904 149/905/905 152/906/906
f 111/907/907 152/908/908 146/909/909
f 32/910/910 33/911/911 150/912/912
f 32/913/913 150/914/914 151/915/915
f 52/916/916 135/917/917 51/918/918
f 135/919/919 52/920/920 53/921/921
f 169/922/922 145/923/923 144/924/924
f 169/925/925 144/926/926 31/927/927
f 32/928/928 151/929/929 169/930/930
f 32/931/931 169/932/932 27/933/933
f 166/934/934 157/935/935 53/936/936
f 165/937/937 166/938/938 53/939/939
f 54/940/940 161/941/941 165/942/942
f 165/943/943 53/944/944 54/945/945
f 162/946/946 161/947/947 54/948/948
f 162/949/949 54/950/950 55/951/951
f 163/952/952 162/953/953 55/954/954
f 163/955/955 55/956/956 56/957/957
f 194/958/958 121/959/959 120/960/960
f 194/961/961 120/962/962 183/963/963
f 207/964/964 56/965/965 63/966/966
f 26/967/967 125/968/968 207/969/969
f 58/970/970 59/971/971 152/972/972
f 58/973/973 152/974/974 149/975/975
f 34/976/976 179/977/977 148/978/978
f 179/979/979 34/980/980 35/981/981
f 179/982/982 35/983/983 170/984/984
f 35/985/985 36/986/986 171/987/987
f 35/988/988 171/989/989 170/990/990
f 171/991/991 36/992/992 37/993/993
f 37/994/994 38/995/995 156/996/996
f 37/997/997 156/998/998 129/999/999
f 135/1000/1000 157/1001/1001 126/1002/1002
f 28/1003/1003 153/1004/1004 152/1005/1005
f 28/1006/1006 152/1007/1007 59/1008/1008
f 156/1009/1009 38/1010/1010 39/1011/1011
f 128/1012/1012 155/1013/1013 156/1014/1014
f 128/1015/1015 156/1016/1016 39/1017/1017
f 127/1018/1018 128/1019/1019 39/1020/1020
f 127/1021/1021 39/1022/1022 40/1023/1023
f 40/1024/1024 187/1025/1025 127/1026/1026
f 187/1027/1027 40/1028/1028 41/1029/1029
f 1/1030/1030 3/1031/1031 50/1032/1032
f 1/1033/1033 50/1034/1034 233/1035/1035
f 414/1036/1036 49/1037/1037 50/1038/1038
f 414/1039/1039 50/1040/1040 3/1041/1041
f 48/1042/1042 49/1043/1043 414/1044/1044
f 154/1045/1045 187/1046/1046 42/1047/1047
f 42/1048/1048 187/1049/1049 41/1050/1050
f 43/1051/1051 221/1052/1052 154/1053/1053
f 43/1054/1054 154/1055/1055 42/1056/1056
f 217/1057/1057 221/1058/1058 43/1059/1059
f 217/1060/1060 43/1061/1061 44/1062/1062
f 48/1063/1063 220/1064/1064 47/1065/1065
f 220/1066/1066 218/1067/1067 46/1068/1068
f 220/1069/1069 46/1070/1070 47/1071/1071
f 46/1072/1072 218/1073/1073 45/1074/1074
f 45/1075/1075 218/1076/1076 217/1077/1077
f 45/1078/1078 217/1079/1079 44/1080/1080
f 170/1081/1081 171/1082/1082 175/1083/1083
f 170/1084/1084 175/1085/1085 178/1086/1086
f 129/1087/1087 175/1088/1088 171/1089/1089
f 129/1090/1090 171/1091/1091 37/1092/1092
f 129/1093/1093 177/1094/1094 174/1095/1095
f 178/1096/1096 109/1097/1097 179/1098/1098
f 178/1099/1099 179/1100/1100 170/1101/1101
f 148/1102/1102 179/1103/1103 109/1104/1104
f 148/1105/1105 109/1106/1106 133/1107/1107
f 148/1108/1108 150/1109/1109 33/1110/1110
f 148/1111/1111 33/1112/1112 34/1113/1113
f 143/1114/1114 83/1115/1115 79/1116/1116
f 143/1117/1117 79/1118/1118 124/1119/1119
f 95/1120/1120 106/1121/1121 99/1122/1122
f 105/1123/1123 96/1124/1124 94/1125/1125
f 100/1126/1126 74/1127/1127 94/1128/1128
f 82/1129/1129 71/1130/1130 72/1131/1131
f 82/1132/1132 72/1133/1133 83/1134/1134
f 78/1135/1135 79/1136/1136 83/1137/1137
f 91/1138/1138 77/1139/1139 78/1140/1140
f 91/1141/1141 78/1142/1142 93/1143/1143
f 85/1144/1144 75/1145/1145 76/1146/1146
f 85/1147/1147 76/1148/1148 89/1149/1149
f 72/1150/1150 73/1151/1151 93/1152/1152
f 72/1153/1153 93/1154/1154 83/1155/1155
f 83/1156/1156 93/1157/1157 78/1158/1158
f 90/1159/1159 93/1160/1160 73/1161/1161
f 93/1162/1162 90/1163/1163 91/1164/1164
f 88/1165/1165 74/1166/1166 86/1167/1167
f 86/1168/1168 85/1169/1169 89/1170/1170
f 86/1171/1171 89/1172/1172 88/1173/1173
f 90/1174/1174 73/1175/1175 74/1176/1176
f 90/1177/1177 74/1178/1178 88/1179/1179
f 88/1180/1180 89/1181/1181 91/1182/1182
f 88/1183/1183 91/1184/1184 90/1185/1185
f 91/1186/1186 89/1187/1187 76/1188/1188
f 91/1189/1189 76/1190/1190 77/1191/1191
f 96/1192/1192 100/1193/1193 94/1194/1194
f 100/1195/1195 86/1196/1196 74/1197/1197
f 99/1198/1198 98/1199/1199 100/1200/1200
f 99/1201/1201 100/1202/1202 96/1203/1203
f 97/1204/1204 104/1205/1205 103/1206/1206
f 75/1207/1207 85/1208/1208 98/1209/1209
f 75/1210/1210 98/1211/1211 99/1212/1212
f 75/1213/1213 99/1214/1214 106/1215/1215
f 95/1216/1216 96/1217/1217 105/1218/1218
f 85/1219/1219 101/1220/1220 103/1221/1221
f 85/1222/1222 103/1223/1223 98/1224/1224
f 102/1225/1225 101/1226/1226 85/1227/1227
f 102/1228/1228 85/1229/1229 86/1230/1230
f 102/1231/1231 86/1232/1232 100/1233/1233
f 99/1234/1234 96/1235/1235 95/1236/1236
f 100/1237/1237 104/1238/1238 102/1239/1239
f 103/1240/1240 101/1241/1241 97/1242/1242
f 102/1243/1243 104/1244/1244 97/1245/1245
f 97/1246/1246 101/1247/1247 102/1248/1248
f 103/1249/1249 104/1250/1250 100/1251/1251
f 103/1252/1252 100/1253/1253 98/1254/1254
f 412/1255/1255 15/1256/1256 398/1257/1257
f 412/1258/1258 398/1259/1259 396/1260/1260
f 412/1261/1261 396/1262/1262 400/1263/1263
f 428/1264/1264 365/1265/1265 305/1266/1266
f 14/1267/1267 429/1268/1268 305/1269/1269
f 14/1270/1270 305/1271/1271 51/1272/1272
f 14/1273/1273 51/1274/1274 233/1275/1275
f 314/1276/1276 51/1277/1277 305/1278/1278
f 333/1279/1279 306/1280/1280 365/1281/1281
f 400/1282/1282 333/1283/1283 365/1284/1284
f 400/1285/1285 365/1286/1286 428/1287/1287
f 400/1288/1288 428/1289/1289 412/1290/1290
f 306/1291/1291 307/1292/1292 365/1293/1293
f 294/1294/1294 313/1295/1295 311/1296/1296
f 382/1297/1297 252/1298/1298 253/1299/1299
f 382/1300/1300 253/1301/1301 380/1302/1302
f 345/1303/1303 337/1304/1304 310/1305/1305
f 345/1306/1306 310/1307/1307 344/1308/1308
f 357/1309/1309 346/1310/1310 353/1311/1311
f 357/1312/1312 353/1313/1313 354/1314/1314
f 313/1315/1315 309/1316/1316 346/1317/1317
f 364/1318/1318 315/1319/1319 353/1320/1320
f 323/1321/1321 31/1322/1322 30/1323/1323
f 246/1324/1324 309/1325/1325 310/1326/1326
f 348/1327/1327 324/1328/1328 325/1329/1329
f 348/1330/1330 325/1331/1331 330/1332/1332
f 288/1333/1333 313/1334/1334 346/1335/1335
f 288/1336/1336 346/1337/1337 357/1338/1338
f 337/1339/1339 308/1340/1340 310/1341/1341
f 284/1342/1342 387/1343/1343 273/1344/1344
f 312/1345/1345 311/1346/1346 313/1347/1347
f 401/1348/1348 364/1349/1349 346/1350/1350
f 340/1351/1351 310/1352/1352 309/1353/1353
f 340/1354/1354 309/1355/1355 341/1356/1356
f 246/1357/1357 401/1358/1358 309/1359/1359
f 344/1360/1360 310/1361/1361 340/1362/1362
f 356/1363/1363 353/1364/1364 315/1365/1365
f 316/1366/1366 312/1367/1367 326/1368/1368
f 316/1369/1369 326/1370/1370 290/1371/1371
f 287/1372/1372 311/1373/1373 312/1374/1374
f 360/1375/1375 301/1376/1376 300/1377/1377
f 360/1378/1378 300/1379/1379 359/1380/1380
f 361/1381/1381 302/1382/1382 301/1383/1383
f 361/1384/1384 301/1385/1385 360/1386/1386
f 318/1387/1387 304/1388/1388 319/1389/1389
f 261/1390/1390 250/1391/1391 302/1392/1392
f 261/1393/1393 302/1394/1394 361/1395/1395
f 254/1396/1396 377/1397/1397 389/1398/1398
f 254/1399/1399 389/1400/1400 390/1401/1401
f 254/1402/1402 390/1403/1403 285/1404/1404
f 274/1405/1405 387/1406/1406 284/1407/1407
f 294/1408/1408 342/1409/1409 313/1410/1410
f 299/1411/1411 342/1412/1412 294/1413/1413
f 261/1414/1414 322/1415/1415 262/1416/1416
f 303/1417/1417 322/1418/1418 321/1419/1419
f 303/1420/1420 321/1421/1421 304/1422/1422
f 320/1423/1423 304/1424/1424 321/1425/1425
f 319/1426/1426 304/1427/1427 320/1428/1428
f 359/1429/1429 300/1430/1430 299/1431/1431
f 359/1432/1432 299/1433/1433 363/1434/1434
f 353/1435/1435 346/1436/1436 364/1437/1437
f 346/1438/1438 309/1439/1439 401/1440/1440
f 376/1441/1441 411/1442/1442 297/1443/1443
f 376/1444/1444 297/1445/1445 260/1446/1446
f 30/1447/1447 29/1448/1448 323/1449/1449
f 323/1450/1450 29/1451/1451 28/1452/1452
f 323/1453/1453 28/1454/1454 332/1455/1455
f 338/1456/1456 243/1457/1457 293/1458/1458
f 289/1459/1459 241/1460/1460 339/1461/1461
f 290/1462/1462 326/1463/1463 325/1464/1464
f 293/1465/1465 351/1466/1466 408/1467/1467
f 241/1468/1468 347/1469/1469 296/1470/1470
f 241/1471/1471 296/1472/1472 376/1473/1473
f 329/1474/1474 330/1475/1475 325/1476/1476
f 329/1477/1477 325/1478/1478 326/1479/1479
f 327/1480/1480 329/1481/1481 326/1482/1482
f 327/1483/1483 326/1484/1484 312/1485/1485
f 304/1486/1486 318/1487/1487 317/1488/1488
f 293/1489/1489 408/1490/1490 347/1491/1491
f 324/1492/1492 332/1493/1493 331/1494/1494
f 324/1495/1495 331/1496/1496 325/1497/1497
f 332/1498/1498 324/1499/1499 323/1500/1500
f 243/1501/1501 351/1502/1502 293/1503/1503
f 355/1504/1504 293/1505/1505 347/1506/1506
f 334/1507/1507 335/1508/1508 308/1509/1509
f 334/1510/1510 308/1511/1511 337/1512/1512
f 336/1513/1513 334/1514/1514 337/1515/1515
f 336/1516/1516 337/1517/1517 345/1518/1518
f 291/1519/1519 292/1520/1520 406/1521/1521
f 291/1522/1522 406/1523/1523 407/1524/1524
f 292/1525/1525 352/1526/1526 405/1527/1527
f 292/1528/1528 405/1529/1529 406/1530/1530
f 341/1531/1531 309/1532/1532 342/1533/1533
f 317/1534/1534 318/1535/1535 363/1536/1536
f 317/1537/1537 363/1538/1538 343/1539/1539
f 294/1540/1540 343/1541/1541 299/1542/1542
f 263/1543/1543 295/1544/1544 352/1545/1545
f 245/1546/1546 295/1547/1547 263/1548/1548
f 246/1549/1549 310/1550/1550 315/1551/1551
f 248/1552/1552 245/1553/1553 263/1554/1554
f 298/1555/1555 409/1556/1556 384/1557/1557
f 298/1558/1558 384/1559/1559 296/1560/1560
f 241/1561/1561 376/1562/1562 260/1563/1563
f 241/1564/1564 260/1565/1565 271/1566/1566
f 244/1567/1567 289/1568/1568 339/1569/1569
f 244/1570/1570 338/1571/1571 355/1572/1572
f 244/1573/1573 355/1574/1574 289/1575/1575
f 355/1576/1576 241/1577/1577 289/1578/1578
f 308/1579/1579 354/1580/1580 353/1581/1581
f 338/1582/1582 293/1583/1583 355/1584/1584
f 310/1585/1585 308/1586/1586 356/1587/1587
f 363/1588/1588 299/1589/1589 343/1590/1590
f 363/1591/1591 318/1592/1592 319/1593/1593
f 363/1594/1594 319/1595/1595 359/1596/1596
f 359/1597/1597 319/1598/1598 320/1599/1599
f 359/1600/1600 320/1601/1601 360/1602/1602
f 360/1603/1603 320/1604/1604 321/1605/1605
f 360/1606/1606 321/1607/1607 361/1608/1608
f 361/1609/1609 321/1610/1610 322/1611/1611
f 361/1612/1612 322/1613/1613 261/1614/1614
f 391/1615/1615 253/1616/1616 273/1617/1617
f 362/1618/1618 286/1619/1619 342/1620/1620
f 386/1621/1621 57/1622/1622 63/1623/1623
f 239/1624/1624 57/1625/1625 386/1626/1626
f 56/1627/1627 342/1628/1628 286/1629/1629
f 351/1630/1630 291/1631/1631 407/1632/1632
f 351/1633/1633 407/1634/1634 408/1635/1635
f 342/1636/1636 309/1637/1637 313/1638/1638
f 311/1639/1639 343/1640/1640 294/1641/1641
f 243/1642/1642 291/1643/1643 351/1644/1644
f 342/1645/1645 299/1646/1646 362/1647/1647
f 386/1648/1648 367/1649/1649 304/1650/1650
f 371/1651/1651 302/1652/1652 250/1653/1653
f 371/1654/1654 250/1655/1655 374/1656/1656
f 372/1657/1657 301/1658/1658 302/1659/1659
f 372/1660/1660 302/1661/1661 371/1662/1662
f 373/1663/1663 300/1664/1664 301/1665/1665
f 373/1666/1666 301/1667/1667 372/1668/1668
f 370/1669/1669 303/1670/1670 304/1671/1671
f 370/1672/1672 304/1673/1673 369/1674/1674
f 369/1675/1675 304/1676/1676 368/1677/1677
f 368/1678/1678 304/1679/1679 367/1680/1680
f 369/1681/1681 371/1682/1682 374/1683/1683
f 369/1684/1684 374/1685/1685 370/1686/1686
f 368/1687/1687 372/1688/1688 371/1689/1689
f 368/1690/1690 371/1691/1691 369/1692/1692
f 367/1693/1693 373/1694/1694 372/1695/1695
f 367/1696/1696 372/1697/1697 368/1698/1698
f 375/1699/1699 258/1700/1700 303/1701/1701
f 375/1702/1702 303/1703/1703 370/1704/1704
f 374/1705/1705 250/1706/1706 251/1707/1707
f 374/1708/1708 251/1709/1709 375/1710/1710
f 375/1711/1711 370/1712/1712 374/1713/1713
f 243/1714/1714 259/1715/1715 292/1716/1716
f 243/1717/1717 292/1718/1718 291/1719/1719
f 257/1720/1720 258/1721/1721 375/1722/1722
f 383/1723/1723 256/1724/1724 257/1725/1725
f 383/1726/1726 257/1727/1727 385/1728/1728
f 377/1729/1729 254/1730/1730 255/1731/1731
f 377/1732/1732 255/1733/1733 381/1734/1734
f 251/1735/1735 252/1736/1736 385/1737/1737
f 251/1738/1738 385/1739/1739 375/1740/1740
f 375/1741/1741 385/1742/1742 257/1743/1743
f 252/1744/1744 382/1745/1745 385/1746/1746
f 385/1747/1747 382/1748/1748 383/1749/1749
f 373/1750/1750 367/1751/1751 362/1752/1752
f 362/1753/1753 367/1754/1754 386/1755/1755
f 362/1756/1756 386/1757/1757 286/1758/1758
f 259/1759/1759 263/1760/1760 352/1761/1761
f 259/1762/1762 352/1763/1763 292/1764/1764
f 245/1765/1765 403/1766/1766 404/1767/1767
f 245/1768/1768 404/1769/1769 295/1770/1770
f 295/1771/1771 404/1772/1772 405/1773/1773
f 295/1774/1774 405/1775/1775 352/1776/1776
f 402/1777/1777 403/1778/1778 245/1779/1779
f 402/1780/1780 245/1781/1781 248/1782/1782
f 286/1783/1783 386/1784/1784 56/1785/1785
f 380/1786/1786 253/1787/1787 378/1788/1788
f 378/1789/1789 377/1790/1790 381/1791/1791
f 378/1792/1792 381/1793/1793 380/1794/1794
f 380/1795/1795 381/1796/1796 383/1797/1797
f 380/1798/1798 383/1799/1799 382/1800/1800
f 381/1801/1801 255/1802/1802 256/1803/1803
f 381/1804/1804 256/1805/1805 383/1806/1806
f 387/1807/1807 391/1808/1808 273/1809/1809
f 285/1810/1810 390/1811/1811 274/1812/1812
f 391/1813/1813 378/1814/1814 253/1815/1815
f 390/1816/1816 389/1817/1817 391/1818/1818
f 390/1819/1819 391/1820/1820 387/1821/1821
f 388/1822/1822 395/1823/1823 394/1824/1824
f 394/1825/1825 395/1826/1826 391/1827/1827
f 394/1828/1828 391/1829/1829 389/1830/1830
f 313/1831/1831 288/1832/1832 312/1833/1833
f 57/1834/1834 239/1835/1835 236/1836/1836
f 236/1837/1837 328/1838/1838 58/1839/1839
f 236/1840/1840 58/1841/1841 57/1842/1842
f 236/1843/1843 239/1844/1844 287/1845/1845
f 236/1846/1846 287/1847/1847 316/1848/1848
f 388/1849/1849 392/1850/1850 393/1851/1851
f 393/1852/1852 395/1853/1853 388/1854/1854
f 394/1855/1855 392/1856/1856 388/1857/1857
f 239/1858/1858 304/1859/1859 317/1860/1860
f 239/1861/1861 317/1862/1862 287/1863/1863
f 391/1864/1864 395/1865/1865 393/1866/1866
f 390/1867/1867 387/1868/1868 274/1869/1869
f 378/1870/1870 391/1871/1871 393/1872/1872
f 312/1873/1873 316/1874/1874 287/1875/1875
f 377/1876/1876 378/1877/1877 393/1878/1878
f 377/1879/1879 393/1880/1880 392/1881/1881
f 392/1882/1882 394/1883/1883 389/1884/1884
f 392/1885/1885 389/1886/1886 377/1887/1887
f 343/1888/1888 311/1889/1889 287/1890/1890
f 343/1891/1891 287/1892/1892 317/1893/1893
f 236/1894/1894 316/1895/1895 290/1896/1896
f 236/1897/1897 290/1898/1898 328/1899/1899
f 271/1900/1900 260/1901/1901 298/1902/1902
f 271/1903/1903 298/1904/1904 408/1905/1905
f 306/1906/1906 333/1907/1907 366/1908/1908
f 401/1909/1909 402/1910/1910 248/1911/1911
f 401/1912/1912 248/1913/1913 364/1914/1914
f 384/1915/1915 410/1916/1916 411/1917/1917
f 334/1918/1918 336/1919/1919 307/1920/1920
f 234/1921/1921 238/1922/1922 243/1923/1923
f 234/1924/1924 240/1925/1925 271/1926/1926
f 271/1927/1927 408/1928/1928 234/1929/1929
f 347/1930/1930 408/1931/1931 298/1932/1932
f 347/1933/1933 298/1934/1934 296/1935/1935
f 297/1936/1936 409/1937/1937 298/1938/1938
f 297/1939/1939 298/1940/1940 260/1941/1941
f 297/1942/1942 411/1943/1943 410/1944/1944
f 399/1945/1945 397/1946/1946 396/1947/1947
f 399/1948/1948 396/1949/1949 398/1950/1950
f 249/1951/1951 244/1952/1952 339/1953/1953
f 249/1954/1954 241/1955/1955 240/1956/1956
f 424/1957/1957 422/1958/1958 426/1959/1959
f 240/1960/1960 241/1961/1961 271/1962/1962
f 234/1963/1963 408/1964/1964 238/1965/1965
f 307/1966/1966 336/1967/1967 305/1968/1968
f 307/1969/1969 305/1970/1970 365/1971/1971
f 238/1972/1972 408/1973/1973 407/1974/1974
f 238/1975/1975 407/1976/1976 247/1977/1977
f 16/1978/1978 398/1979/1979 15/1980/1980
f 247/1981/1981 407/1982/1982 406/1983/1983
f 247/1984/1984 406/1985/1985 266/1986/1986
f 266/1987/1987 406/1988/1988 405/1989/1989
f 266/1990/1990 405/1991/1991 379/1992/1992
f 379/1993/1993 405/1994/1994 404/1995/1995
f 379/1996/1996 404/1997/1997 235/1998/1998
f 356/1999/1999 315/2000/2000 310/2001/2001
f 237/2002/2002 263/2003/2003 235/2004/2004
f 242/2005/2005 263/2006/2006 237/2007/2007
f 242/2008/2008 402/2009/2009 401/2010/2010
f 242/2011/2011 401/2012/2012 246/2013/2013
f 409/2014/2014 410/2015/2015 384/2016/2016
f 296/2017/2017 384/2018/2018 411/2019/2019
f 296/2020/2020 411/2021/2021 376/2022/2022
f 410/2023/2023 409/2024/2024 297/2025/2025
f 315/2026/2026 364/2027/2027 248/2028/2028
f 315/2029/2029 248/2030/2030 263/2031/2031
f 347/2032/2032 241/2033/2033 355/2034/2034
f 246/2035/2035 315/2036/2036 263/2037/2037
f 246/2038/2038 263/2039/2039 242/2040/2040
f 235/2041/2041 404/2042/2042 403/2043/2043
f 235/2044/2044 403/2045/2045 237/2046/2046
f 237/2047/2047 403/2048/2048 402/2049/2049
f 237/2050/2050 402/2051/2051 242/2052/2052
f 235/2053/2053 263/2054/2054 379/2055/2055
f 379/2056/2056 263/2057/2057 259/2058/2058
f 379/2059/2059 259/2060/2060 266/2061/2061
f 266/2062/2062 259/2063/2063 243/2064/2064
f 266/2065/2065 243/2066/2066 247/2067/2067
f 247/2068/2068 243/2069/2069 238/2070/2070
f 243/2071/2071 338/2072/2072 234/2073/2073
f 249/2074/2074 339/2075/2075 241/2076/2076
f 234/2077/2077 338/2078/2078 240/2079/2079
f 240/2080/2080 338/2081/2081 244/2082/2082
f 240/2083/2083 244/2084/2084 249/2085/2085
f 348/2086/2086 27/2087/2087 31/2088/2088
f 325/2089/2089 331/2090/2090 328/2091/2091
f 325/2092/2092 328/2093/2093 290/2094/2094
f 330/2095/2095 329/2096/2096 33/2097/2097
f 330/2098/2098 33/2099/2099 32/2100/2100
f 51/2101/2101 314/2102/2102 52/2103/2103
f 53/2104/2104 52/2105/2105 314/2106/2106
f 31/2107/2107 323/2108/2108 324/2109/2109
f 31/2110/2110 324/2111/2111 348/2112/2112
f 27/2113/2113 348/2114/2114 330/2115/2115
f 27/2116/2116 330/2117/2117 32/2118/2118
f 53/2119/2119 336/2120/2120 345/2121/2121
f 53/2122/2122 345/2123/2123 344/2124/2124
f 344/2125/2125 340/2126/2126 54/2127/2127
f 54/2128/2128 53/2129/2129 344/2130/2130
f 54/2131/2131 340/2132/2132 341/2133/2133
f 55/2134/2134 54/2135/2135 341/2136/2136
f 55/2137/2137 341/2138/2138 342/2139/2139
f 56/2140/2140 55/2141/2141 342/2142/2142
f 362/2143/2143 299/2144/2144 300/2145/2145
f 362/2146/2146 300/2147/2147 373/2148/2148
f 63/2149/2149 56/2150/2150 386/2151/2151
f 386/2152/2152 304/2153/2153 239/2154/2154
f 328/2155/2155 331/2156/2156 59/2157/2157
f 328/2158/2158 59/2159/2159 58/2160/2160
f 327/2161/2161 358/2162/2162 34/2163/2163
f 349/2164/2164 35/2165/2165 34/2166/2166
f 349/2167/2167 34/2168/2168 358/2169/2169
f 349/2170/2170 350/2171/2171 36/2172/2172
f 349/2173/2173 36/2174/2174 35/2175/2175
f 37/2176/2176 36/2177/2177 350/2178/2178
f 308/2179/2179 335/2180/2180 38/2181/2181
f 308/2182/2182 38/2183/2183 37/2184/2184
f 305/2185/2185 336/2186/2186 314/2187/2187
f 59/2188/2188 331/2189/2189 332/2190/2190
f 59/2191/2191 332/2192/2192 28/2193/2193
f 39/2194/2194 38/2195/2195 335/2196/2196
f 39/2197/2197 335/2198/2198 334/2199/2199
f 39/2200/2200 334/2201/2201 307/2202/2202
f 40/2203/2203 39/2204/2204 307/2205/2205
f 40/2206/2206 307/2207/2207 306/2208/2208
f 306/2209/2209 366/2210/2210 40/2211/2211
f 41/2212/2212 40/2213/2213 366/2214/2214
f 233/2215/2215 50/2216/2216 16/2217/2217
f 233/2218/2218 16/2219/2219 14/2220/2220
f 16/2221/2221 50/2222/2222 49/2223/2223
f 16/2224/2224 49/2225/2225 413/2226/2226
f 425/2227/2227 421/2228/2228 419/2229/2229
f 42/2230/2230 366/2231/2231 333/2232/2232
f 41/2233/2233 366/2234/2234 42/2235/2235
f 42/2236/2236 333/2237/2237 400/2238/2238
f 42/2239/2239 400/2240/2240 43/2241/2241
f 44/2242/2242 43/2243/2243 400/2244/2244
f 44/2245/2245 400/2246/2246 396/2247/2247
f 47/2248/2248 399/2249/2249 48/2250/2250
f 46/2251/2251 397/2252/2252 399/2253/2253
f 46/2254/2254 399/2255/2255 47/2256/2256
f 45/2257/2257 397/2258/2258 46/2259/2259
f 44/2260/2260 396/2261/2261 397/2262/2262
f 44/2263/2263 397/2264/2264 45/2265/2265
f 357/2266/2266 354/2267/2267 350/2268/2268
f 357/2269/2269 350/2270/2270 349/2271/2271
f 37/2272/2272 350/2273/2273 354/2274/2274
f 37/2275/2275 354/2276/2276 308/2277/2277
f 353/2278/2278 356/2279/2279 308/2280/2280
f 349/2281/2281 358/2282/2282 288/2283/2283
f 349/2284/2284 288/2285/2285 357/2286/2286
f 312/2287/2287 288/2288/2288 358/2289/2289
f 312/2290/2290 358/2291/2291 327/2292/2292
f 34/2293/2293 33/2294/2294 329/2295/2295
f 34/2296/2296 329/2297/2297 327/2298/2298
f 303/2299/2299 258/2300/2300 262/2301/2301
f 303/2302/2302 262/2303/2303 322/2304/2304
f 278/2305/2305 285/2306/2306 274/2307/2307
f 273/2308/2308 275/2309/2309 284/2310/2310
f 273/2311/2311 253/2312/2312 279/2313/2313
f 262/2314/2314 251/2315/2315 250/2316/2316
f 262/2317/2317 250/2318/2318 261/2319/2319
f 262/2320/2320 258/2321/2321 257/2322/2322
f 272/2323/2323 257/2324/2324 256/2325/2325
f 272/2326/2326 256/2327/2327 270/2328/2328
f 268/2329/2329 255/2330/2330 254/2331/2331
f 268/2332/2332 254/2333/2333 264/2334/2334
f 262/2335/2335 272/2336/2336 252/2337/2337
f 262/2338/2338 252/2339/2339 251/2340/2340
f 257/2341/2341 272/2342/2342 262/2343/2343
f 252/2344/2344 272/2345/2345 269/2346/2346
f 270/2347/2347 269/2348/2348 272/2349/2349
f 265/2350/2350 253/2351/2351 267/2352/2352
f 267/2353/2353 268/2354/2354 264/2355/2355
f 267/2356/2356 264/2357/2357 265/2358/2358
f 267/2359/2359 253/2360/2360 252/2361/2361
f 267/2362/2362 252/2363/2363 269/2364/2364
f 269/2365/2365 270/2366/2366 268/2367/2367
f 269/2368/2368 268/2369/2369 267/2370/2370
f 256/2371/2371 255/2372/2372 268/2373/2373
f 256/2374/2374 268/2375/2375 270/2376/2376
f 273/2377/2377 279/2378/2378 275/2379/2379
f 253/2380/2380 265/2381/2381 279/2382/2382
f 275/2383/2383 279/2384/2384 277/2385/2385
f 275/2386/2386 277/2387/2387 278/2388/2388
f 282/2389/2389 283/2390/2390 276/2391/2391
f 285/2392/2392 278/2393/2393 277/2394/2394
f 285/2395/2395 277/2396/2396 264/2397/2397
f 285/2398/2398 264/2399/2399 254/2400/2400
f 284/2401/2401 275/2402/2402 274/2403/2403
f 277/2404/2404 282/2405/2405 280/2406/2406
f 277/2407/2407 280/2408/2408 264/2409/2409
f 265/2410/2410 264/2411/2411 280/2412/2412
f 265/2413/2413 280/2414/2414 281/2415/2415
f 279/2416/2416 265/2417/2417 281/2418/2418
f 274/2419/2419 275/2420/2420 278/2421/2421
f 281/2422/2422 283/2423/2423 279/2424/2424
f 276/2425/2425 280/2426/2426 282/2427/2427
f 276/2428/2428 283/2429/2429 281/2430/2430
f 281/2431/2431 280/2432/2432 276/2433/2433
f 277/2434/2434 279/2435/2435 283/2436/2436
f 277/2437/2437 283/2438/2438 282/2439/2439
f 53/2440/2440 157/2441/2441 135/2442/2442
f 314/2443/2443 336/2444/2444 53/2445/2445
f 415/2446/2446 414/2447/2447 3/2448/2448
f 219/2449/2449 220/2450/2450 417/2451/2451
f 398/2452/2452 16/2453/2453 418/2454/2454
f 418/2455/2455 399/2456/2456 398/2457/2457
f 417/2458/2458 3/2459/2459 219/2460/2460
f 16/2461/2461 413/2462/2462 416/2463/2463
f 220/2464/2464 48/2465/2465 414/2466/2466
f 413/2467/2467 48/2468/2468 399/2469/2469
f 413/2470/2470 399/2471/2471 420/2472/2472
f 413/2473/2473 420/2474/2474 419/2475/2475
f 416/2476/2476 413/2477/2477 419/2478/2478
f 416/2479/2479 419/2480/2480 421/2481/2481
f 420/2482/2482 399/2483/2483 418/2484/2484
f 220/2485/2485 414/2486/2486 423/2487/2487
f 220/2488/2488 423/2489/2489 422/2490/2490
f 417/2491/2491 220/2492/2492 422/2493/2493
f 414/2494/2494 415/2495/2495 424/2496/2496
f 414/2497/2497 424/2498/2498 423/2499/2499
f 423/2500/2500 424/2501/2501 426/2502/2502
f 426/2503/2503 422/2504/2504 423/2505/2505
f 419/2506/2506 420/2507/2507 425/2508/2508
f 425/2509/2509 420/2510/2510 421/2511/2511
f 416/2512/2512 418/2513/2513 16/2514/2514
f 3/2515/2515 417/2516/2516 415/2517/2517
f 422/2518/2518 424/2519/2519 415/2520/2520
f 422/2521/2521 415/2522/2522 417/2523/2523
f 418/2524/2524 416/2525/2525 421/2526/2526
f 418/2527/2527 421/2528/2528 420/2529/2529
f 8/2530/2530 427/2531/2531 9/2532/2532
f 437/2533/2533 435/2534/2534 436/2535/2535
f 430/2536/2536 432/2537/2537 433/2538/2538
f 432/2539/2539 431/2540/2540 433/2541/2541
f 412/2542/2542 428/2543/2543 429/2544/2544
f 435/2545/2545 434/2546/2546 429/2547/2547
f 435/2548/2548 429/2549/2549 428/2550/2550
f 1/2551/2551 9/2552/2552 2/2553/2553
f 15/2554/2554 412/2555/2555 14/2556/2556
f 434/2557/2557 436/2558/2558 305/2559/2559
f 434/2560/2560 305/2561/2561 429/2562/2562
f 436/2563/2563 435/2564/2564 428/2565/2565
f 436/2566/2566 428/2567/2567 305/2568/2568
f 427/2569/2569 8/2570/2570 430/2571/2571
f 427/2572/2572 430/2573/2573 431/2574/2574
f 8/2575/2575 126/2576/2576 432/2577/2577
f 8/2578/2578 432/2579/2579 430/2580/2580
f 126/2581/2581 427/2582/2582 431/2583/2583
f 126/2584/2584 431/2585/2585 432/2586/2586
f 433/2587/2587 431/2588/2588 430/2589/2589
f 434/2590/2590 435/2591/2591 437/2592/2592
f 437/2593/2593 436/2594/2594 434/2595/2595
f 438/2596/2596 439/2597/2597 441/2598/2598
f 441/2599/2599 440/2600/2600 438/2601/2601
f 440/2602/2602 439/2603/2603 412/2604/2604
f 440/2605/2605 412/2606/2606 429/2607/2607
f 438/2608/2608 440/2609/2609 429/2610/2610
f 438/2611/2611 429/2612/2612 14/2613/2613
f 439/2614/2614 438/2615/2615 14/2616/2616
f 439/2617/2617 14/2618/2618 412/2619/2619
f 441/2620/2620 439/2621/2621 440/2622/2622
f 4/2623/2623 5/2624/2624 2/2625/2625
f 15/2626/2626 18/2627/2627 17/2628/2628
f 4/2629/2629 3/2630/2630 1/2631/2631
f 14/2632/2632 16/2633/2633 17/2634/2634
