v 4.155834 -5.269231 -0.378688
v -2.254651 -4.872574 1.274039
v -1.830814 -5.270218 0.930031
v -2.581924 -5.270218 0.930031
v 3.950630 -4.894240 -0.376998
v 0.000000 -1.368962 -2.960670
v 0.503397 -0.620918 -6.555951
v 0.000000 -1.371799 -4.651891
v 0.000001 -1.328192 -4.955637
v -3.205001 -1.337653 -4.059035
v 0.000001 -2.755797 -5.631007
v 0.000000 -3.409034 -5.587656
v 0.000001 -1.008171 -6.642097
v 0.000001 -0.256664 -6.691075
v 0.000001 1.187120 -6.518049
v 0.000001 2.214462 -5.911491
v 0.000001 2.283273 -5.537567
v 1.003654 -1.159138 -4.056761
v 0.000000 0.816770 -5.621197
v 0.000001 0.082762 -5.422216
v 0.000001 0.086679 -4.962379
v 0.000000 0.224354 -4.649704
v 2.896547 0.136367 -4.057307
v 0.000000 0.486460 -3.313057
v 0.000000 0.645085 -2.792063
v 0.000000 1.300154 -1.956397
v -0.000000 -2.280217 1.127757
v 0.000000 2.096154 -2.133990
v 1.178687 -1.952330 -0.495196
v -0.000000 1.957362 -0.765096
v 2.825564 -2.097247 -4.059284
v -0.000001 -2.176770 2.228930
v -0.000000 2.403846 0.552805
v -0.000000 1.326923 1.118339
v -0.000001 0.990887 2.676561
v -0.000001 0.244979 3.125686
v -0.000000 -2.271973 1.434628
v -0.000001 -0.369765 4.055154
v -0.000001 -0.975860 4.643538
v -0.000001 -1.617854 4.611837
v -0.000000 -2.288461 0.383322
v -0.000000 -2.625590 -0.511737
v -0.000001 -2.060600 3.023232
v 1.147819 1.611484 -1.322569
v 2.278209 -1.414086 -1.966854
v -0.000001 -2.145035 2.493698
v 0.464424 -1.653297 4.086265
v 0.000000 -1.308112 -3.314823
v 3.217544 -0.578059 -4.058786
v 2.700574 0.236016 -4.056815
v 0.000000 -1.667384 -4.058805
v 2.249758 -0.996113 -4.055094
v -0.000000 3.113930 -0.229235
v 1.333809 -0.496083 1.727990
v 0.576723 -0.662132 3.983824
v -0.000001 0.270082 3.611283
v -0.000001 -0.070441 6.035847
v 2.254651 -4.491779 -1.705891
v 2.283428 -3.673077 -1.480336
v 2.026562 -2.807692 -2.326241
v 2.089058 -2.430244 -2.174044
v 2.254651 -5.277126 -1.804043
v 0.000001 -1.764217 -5.355049
v 0.385938 1.093670 -6.396789
v 2.621921 -0.596759 -4.645858
v 1.699905 -1.326923 -2.768419
v 2.254651 -5.269231 1.464446
v 0.447464 -1.007095 -6.480471
v 0.613267 1.010818 1.139489
v 2.130520 -0.229876 -1.966881
v 2.254651 -4.557692 0.845905
v 1.304948 -1.788461 2.509547
v 1.348087 -2.076923 2.221170
v 1.348087 -2.153846 1.490616
v 1.348087 -1.961539 1.125339
v 1.961597 -2.769230 -0.505137
v 2.098741 -3.269230 -0.019225
v 1.956440 -1.406488 1.130389
v 1.461266 0.511382 0.146135
v 1.462802 0.596131 -0.917881
v 1.956440 -1.012062 1.719869
v 2.116975 -1.504657 2.270219
v 2.116975 -1.406488 1.947721
v 2.116975 -1.406488 1.723384
v 2.116975 -1.486800 1.422604
v 1.871475 -1.675576 0.137718
v 1.831097 -1.617769 3.122594
v 3.386928 -4.524735 -0.377602
v 3.155666 -3.471154 -0.749780
v 2.555779 -2.777625 -1.428091
v 1.031643 -2.778030 -1.428822
v 2.204232 -0.263251 0.153304
v 1.193718 -1.347943 -2.864545
v 0.730648 -0.617621 -4.958241
v 0.791938 -0.612710 -4.655061
v -1.726389 -1.427952 4.911398
v 0.643884 -0.187718 -4.655041
v 0.529217 -1.008543 -4.955485
v 1.469838 -0.426939 -2.795361
v 0.743848 -0.258458 -6.143950
v 0.595078 -1.004342 -6.095254
v -2.557046 -1.337292 -4.057189
v 1.333809 -0.401694 1.134581
v 0.513255 0.978285 -6.050002
v 2.621952 -0.559432 -3.438443
v 0.559330 -0.256805 -6.519309
v 2.775326 -1.501249 -0.914902
v 2.521667 -0.192207 -0.924558
v 1.239537 0.255741 1.138773
v 1.239537 0.062505 1.736112
v 1.149703 -0.820842 3.121262
v 0.915981 -0.968918 3.912493
v 0.915981 -1.376122 3.904696
v 0.433958 -0.079484 3.130820
v 0.996959 2.033324 0.059998
v 2.107411 -1.646559 2.389883
v 2.083630 -1.724169 1.273971
v 2.038023 -1.967007 1.531278
v 1.022288 -4.536040 -0.379540
v 2.038023 -1.909314 2.152808
v 1.139377 0.209578 -2.792322
v 0.643884 -1.060164 -4.659898
v 0.529217 -0.260014 -4.953294
v 0.669513 1.095637 1.726986
v 0.993163 -1.022081 -3.306241
v 0.611897 -1.813563 -2.370700
v 1.289363 -0.551959 -3.311543
v 0.993163 0.030264 -3.315006
v 0.889782 1.004193 -1.958544
v 1.459471 0.515773 -1.969530
v 1.345147 -2.069454 0.380436
v -0.000001 1.430545 1.730304
v 1.104773 -3.468771 -0.749232
v 0.187435 -1.297096 4.458827
v 0.914610 -0.442953 3.126041
v 1.197636 -1.724180 3.035120
v 0.720904 -0.738829 3.965991
v 0.902688 -2.229084 -1.428234
v 0.000000 -2.106337 -2.370701
v 2.283982 -0.555282 -3.598495
v 0.725760 0.733449 2.415420
v 2.277983 -0.614744 -4.439633
v 0.000000 -2.595199 -1.428234
v 1.871734 -1.351875 6.700252
v 1.930190 -1.151195 4.770503
v 2.237778 -1.550542 4.636757
v 1.726388 -1.224350 4.915297
v 1.726388 -1.427952 4.911398
v -0.000001 0.192396 4.823565
v 0.216978 0.017613 4.813066
v -0.000001 -0.127528 4.793866
v 3.186793 -5.271205 0.255513
v 1.228404 -5.271205 0.255512
v -3.186793 -5.275152 -1.117524
v 3.186793 -5.275152 -1.117524
v 2.581924 -5.270218 0.930031
v 1.830814 -5.270218 0.930031
v 2.254651 -4.872574 1.274039
v -3.186793 -5.271205 0.255512
v 1.228404 -5.275152 -1.117524
v 0.345606 -5.269231 -0.378689
v -1.228404 -5.271205 0.255512
v -1.228404 -5.275152 -1.117525
v -0.345606 -5.269231 -0.378689
v 0.483732 -4.894240 -0.376999
v 1.003654 0.289968 -4.056942
v 0.000000 0.825987 -4.059052
v 2.329063 0.003469 -4.055065
v -4.155834 -5.269231 -0.378689
v -2.329062 0.003469 -4.055065
v -0.483732 -4.894240 -0.376999
v -1.003653 0.289968 -4.056942
v -3.950630 -4.894240 -0.376999
v 0.000001 -0.616916 -6.724228
v -1.003653 -1.159138 -4.056761
v -2.896546 0.136367 -4.057308
v -1.178687 -1.952330 -0.495196
v -2.825564 -2.097247 -4.059285
v -1.147819 1.611484 -1.322569
v -2.278209 -1.414086 -1.966854
v -0.464424 -1.653297 4.086265
v -3.217543 -0.578059 -4.058786
v -2.700573 0.236016 -4.056815
v -2.249757 -0.996113 -4.055094
v -1.333810 -0.496083 1.727990
v -0.576724 -0.662132 3.983824
v -2.254651 -4.491779 -1.705891
v -2.283428 -3.673077 -1.480336
v -2.026562 -2.807692 -2.326241
v -2.089057 -2.430244 -2.174044
v -2.254651 -5.277126 -1.804043
v -2.732568 -1.339102 -4.352571
v -0.385937 1.093670 -6.396789
v -2.621920 -0.596759 -4.645859
v -1.699903 -1.326923 -2.768420
v -2.254651 -5.269231 1.464446
v -0.447463 -1.007095 -6.480471
v -0.613267 1.010818 1.139489
v -2.130520 -0.229876 -1.966882
v -2.254651 -4.557692 0.845905
v -1.304949 -1.788461 2.509547
v -1.348088 -2.076923 2.221170
v -1.348088 -2.153846 1.490616
v -1.348088 -1.961539 1.125338
v -1.961597 -2.769230 -0.505138
v -2.098741 -3.269230 -0.019226
v -1.956440 -1.406488 1.130389
v -1.461266 0.511382 0.146134
v -1.462802 0.596131 -0.917881
v -1.956440 -1.012062 1.719868
v -2.116976 -1.504657 2.270219
v -2.116975 -1.406488 1.947720
v -2.116975 -1.406488 1.723384
v -2.116975 -1.486800 1.422603
v -1.871475 -1.675576 0.137717
v -1.831097 -1.617769 3.122594
v -3.386928 -4.524735 -0.377602
v -3.155666 -3.471154 -0.749781
v -2.555779 -2.777625 -1.428092
v -1.031643 -2.778030 -1.428822
v -2.204232 -0.263251 0.153304
v -1.193717 -1.347943 -2.864545
v -0.730647 -0.617621 -4.958241
v -0.791937 -0.612710 -4.655061
v -0.216979 0.017613 4.813066
v -0.643884 -0.187718 -4.655041
v -0.529216 -1.008543 -4.955485
v -1.469837 -0.426939 -2.795361
v -0.743847 -0.258458 -6.143950
v -0.595077 -1.004342 -6.095254
v -2.734139 -1.340192 -3.748864
v -1.333809 -0.401694 1.134581
v -0.513254 0.978285 -6.050002
v -2.621951 -0.559432 -3.438443
v -0.559329 -0.256805 -6.519309
v -2.775325 -1.501249 -0.914902
v -2.521667 -0.192207 -0.924559
v -1.239537 0.255741 1.138772
v -1.239537 0.062505 1.736111
v -1.149704 -0.820842 3.121262
v -0.915982 -0.968918 3.912493
v -0.915982 -1.376122 3.904696
v -0.433958 -0.079484 3.130820
v -0.996959 2.033324 0.059998
v -2.107412 -1.646559 2.389883
v -2.083630 -1.724169 1.273970
v -2.038023 -1.967007 1.531277
v -1.022288 -4.536040 -0.379540
v -2.038024 -1.909314 2.152808
v -1.139377 0.209578 -2.792323
v -0.643884 -1.060164 -4.659898
v -0.529216 -0.260014 -4.953294
v -0.669514 1.095637 1.726986
v -0.993162 -1.022081 -3.306242
v -0.611896 -1.813563 -2.370701
v -1.289363 -0.551959 -3.311543
v -0.993162 0.030264 -3.315006
v -0.889782 1.004193 -1.958544
v -1.459471 0.515773 -1.969531
v -1.345148 -2.069454 0.380436
v -1.104773 -3.468771 -0.749232
v -0.187436 -1.297096 4.458827
v -0.914611 -0.442953 3.126041
v -1.197637 -1.724180 3.035120
v -0.720905 -0.738829 3.965991
v -0.902688 -2.229084 -1.428234
v -2.283981 -0.555282 -3.598495
v -0.725760 0.733449 2.415420
v -2.277982 -0.614744 -4.439633
v -1.871735 -1.351875 6.700252
v -1.930191 -1.151195 4.770503
v -2.237779 -1.550542 4.636756
v -1.726389 -1.224350 4.915297
v 0.669463 -0.617850 -6.169941
v -0.669462 -0.617850 -6.169941
v -0.503396 -0.620918 -6.555951
v -2.022130 0.004528 -4.056004
v -2.019060 -0.613727 -4.397130
v -2.021386 -0.950144 -4.055928
v -2.022512 -0.553620 -3.626699
v 2.022130 0.004528 -4.056004
v 2.019062 -0.613727 -4.397130
v 2.021387 -0.950144 -4.055928
v 2.022513 -0.553620 -3.626699
v 2.734140 -1.340192 -3.748864
v 2.557047 -1.337292 -4.057189
v 2.732569 -1.339101 -4.352571
v 3.205002 -1.337653 -4.059035
vt 0.000000 0.000000
vt 0.000000 0.000000
vt 0.000000 0.000000
vt 0.000000 0.000000
vt 0.000000 0.000000
vt 0.000000 0.000000
vt 0.000000 0.000000
vt 0.000000 0.000000
vt 0.000000 0.000000
vt 0.000000 0.000000
vt 0.000000 0.000000
vt 0.000000 0.000000
vt 0.000000 0.000000
vt 0.000000 0.000000
vt 0.000000 0.000000
vt 0.000000 0.000000
vt 0.000000 0.000000
vt 0.000000 0.000000
vt 0.000000 0.000000
vt 0.000000 0.000000
vt 0.000000 0.000000
vt 0.000000 0.000000
vt 0.000000 0.000000
vt 0.000000 0.000000
vt 0.000000 0.000000
vt 0.000000 0.000000
vt 0.000000 0.000000
vt 0.000000 0.000000
vt 0.000000 0.000000
vt 0.000000 0.000000
vt 0.000000 0.000000
vt 0.000000 0.000000
vt 0.000000 0.000000
vt 0.000000 0.000000
vt 0.000000 0.000000
vt 0.000000 0.000000
vt 0.000000 0.000000
vt 0.000000 0.000000
vt 0.000000 0.000000
vt 0.000000 0.000000
vt 0.000000 0.000000
vt 0.000000 0.000000
vt 0.000000 0.000000
vt 0.000000 0.000000
vt 0.000000 0.000000
vt 0.000000 0.000000
vt 0.000000 0.000000
vt 0.000000 0.000000
vt 0.000000 0.000000
vt 0.000000 0.000000
vt 0.000000 0.000000
vt 0.000000 0.000000
vt 0.000000 0.000000
vt 0.000000 0.000000
vt 0.000000 0.000000
vt 0.000000 0.000000
vt 0.000000 0.000000
vt 0.000000 0.000000
vt 0.000000 0.000000
vt 0.000000 0.000000
vt 0.000000 0.000000
vt 0.000000 0.000000
vt 0.000000 0.000000
vt 0.000000 0.000000
vt 0.000000 0.000000
vt 0.000000 0.000000
vt 0.000000 0.000000
vt 0.000000 0.000000
vt 0.000000 0.000000
vt 0.000000 0.000000
vt 0.000000 0.000000
vt 0.000000 0.000000
vt 0.000000 0.000000
vt 0.000000 0.000000
vt 0.000000 0.000000
vt 0.000000 0.000000
vt 0.000000 0.000000
vt 0.000000 0.000000
vt 0.000000 0.000000
vt 0.000000 0.000000
vt 0.000000 0.000000
vt 0.000000 0.000000
vt 0.000000 0.000000
vt 0.000000 0.000000
vt 0.000000 0.000000
vt 0.000000 0.000000
vt 0.000000 0.000000
vt 0.000000 0.000000
vt 0.000000 0.000000
vt 0.000000 0.000000
vt 0.000000 0.000000
vt 0.000000 0.000000
vt 0.000000 0.000000
vt 0.000000 0.000000
vt 0.000000 0.000000
vt 0.000000 0.000000
vt 0.000000 0.000000
vt 0.000000 0.000000
vt 0.000000 0.000000
vt 0.000000 0.000000
vt 0.000000 0.000000
vt 0.000000 0.000000
vt 0.000000 0.000000
vt 0.000000 0.000000
vt 0.000000 0.000000
vt 0.000000 0.000000
vt 0.000000 0.000000
vt 0.000000 0.000000
vt 0.000000 0.000000
vt 0.000000 0.000000
vt 0.000000 0.000000
vt 0.000000 0.000000
vt 0.000000 0.000000
vt 0.000000 0.000000
vt 0.000000 0.000000
vt 0.000000 0.000000
vt 0.000000 0.000000
vt 0.000000 0.000000
vt 0.000000 0.000000
vt 0.000000 0.000000
vt 0.000000 0.000000
vt 0.000000 0.000000
vt 0.000000 0.000000
vt 0.000000 0.000000
vt 0.000000 0.000000
vt 0.000000 0.000000
vt 0.000000 0.000000
vt 0.000000 0.000000
vt 0.000000 0.000000
vt 0.000000 0.000000
vt 0.000000 0.000000
vt 0.000000 0.000000
vt 0.000000 0.000000
vt 0.000000 0.000000
vt 0.000000 0.000000
vt 0.000000 0.000000
vt 0.000000 0.000000
vt 0.000000 0.000000
vt 0.000000 0.000000
vt 0.000000 0.000000
vt 0.000000 0.000000
vt 0.000000 0.000000
vt 0.000000 0.000000
vt 0.000000 0.000000
vt 0.000000 0.000000
vt 0.000000 0.000000
vt 0.000000 0.000000
vt 0.000000 0.000000
vt 0.000000 0.000000
vt 0.000000 0.000000
vt 0.000000 0.000000
vt 0.000000 0.000000
vt 0.000000 0.000000
vt 0.000000 0.000000
vt 0.000000 0.000000
vt 0.000000 0.000000
vt 0.000000 0.000000
vt 0.000000 0.000000
vt 0.000000 0.000000
vt 0.000000 0.000000
vt 0.000000 0.000000
vt 0.000000 0.000000
vt 0.000000 0.000000
vt 0.000000 0.000000
vt 0.000000 0.000000
vt 0.000000 0.000000
vt 0.000000 0.000000
vt 0.000000 0.000000
vt 0.000000 0.000000
vt 0.000000 0.000000
vt 0.000000 0.000000
vt 0.000000 0.000000
vt 0.000000 0.000000
vt 0.000000 0.000000
vt 0.000000 0.000000
vt 0.000000 0.000000
vt 0.000000 0.000000
vt 0.000000 0.000000
vt 0.000000 0.000000
vt 0.000000 0.000000
vt 0.000000 0.000000
vt 0.000000 0.000000
vt 0.000000 0.000000
vt 0.000000 0.000000
vt 0.000000 0.000000
vt 0.000000 0.000000
vt 0.000000 0.000000
vt 0.000000 0.000000
vt 0.000000 0.000000
vt 0.000000 0.000000
vt 0.000000 0.000000
vt 0.000000 0.000000
vt 0.000000 0.000000
vt 0.000000 0.000000
vt 0.000000 0.000000
vt 0.000000 0.000000
vt 0.000000 0.000000
vt 0.000000 0.000000
vt 0.000000 0.000000
vt 0.000000 0.000000
vt 0.000000 0.000000
vt 0.000000 0.000000
vt 0.000000 0.000000
vt 0.000000 0.000000
vt 0.000000 0.000000
vt 0.000000 0.000000
vt 0.000000 0.000000
vt 0.000000 0.000000
vt 0.000000 0.000000
vt 0.000000 0.000000
vt 0.000000 0.000000
vt 0.000000 0.000000
vt 0.000000 0.000000
vt 0.000000 0.000000
vt 0.000000 0.000000
vt 0.000000 0.000000
vt 0.000000 0.000000
vt 0.000000 0.000000
vt 0.000000 0.000000
vt 0.000000 0.000000
vt 0.000000 0.000000
vt 0.000000 0.000000
vt 0.000000 0.000000
vt 0.000000 0.000000
vt 0.000000 0.000000
vt 0.000000 0.000000
vt 0.000000 0.000000
vt 0.000000 0.000000
vt 0.000000 0.000000
vt 0.000000 0.000000
vt 0.000000 0.000000
vt 0.000000 0.000000
vt 0.000000 0.000000
vt 0.000000 0.000000
vt 0.000000 0.000000
vt 0.000000 0.000000
vt 0.000000 0.000000
vt 0.000000 0.000000
vt 0.000000 0.000000
vt 0.000000 0.000000
vt 0.000000 0.000000
vt 0.000000 0.000000
vt 0.000000 0.000000
vt 0.000000 0.000000
vt 0.000000 0.000000
vt 0.000000 0.000000
vt 0.000000 0.000000
vt 0.000000 0.000000
vt 0.000000 0.000000
vt 0.000000 0.000000
vt 0.000000 0.000000
vt 0.000000 0.000000
vt 0.000000 0.000000
vt 0.000000 0.000000
vt 0.000000 0.000000
vt 0.000000 0.000000
vt 0.000000 0.000000
vt 0.000000 0.000000
vt 0.000000 0.000000
vt 0.000000 0.000000
vt 0.000000 0.000000
vt 0.000000 0.000000
vt 0.000000 0.000000
vt 0.000000 0.000000
vt 0.000000 0.000000
vt 0.000000 0.000000
vt 0.000000 0.000000
vt 0.000000 0.000000
vt 0.000000 0.000000
vt 0.000000 0.000000
vt 0.000000 0.000000
vt 0.000000 0.000000
vt 0.000000 0.000000
vt 0.000000 0.000000
vt 0.000000 0.000000
vt 0.000000 0.000000
vt 0.000000 0.000000
vt 0.000000 0.000000
vt 0.000000 0.000000
vt 0.000000 0.000000
vt 0.000000 0.000000
vt 0.000000 0.000000
vt 0.000000 0.000000
vt 0.000000 0.000000
vt 0.000000 0.000000
vt 0.000000 0.000000
vt 0.000000 0.000000
vt 0.000000 0.000000
vt 0.000000 0.000000
vt 0.000000 0.000000
vt 0.000000 0.000000
vt 0.000000 0.000000
vt 0.000000 0.000000
vt 0.000000 0.000000
vt 0.000000 0.000000
vt 0.000000 0.000000
vt 0.000000 0.000000
vt 0.000000 0.000000
vt 0.000000 0.000000
vt 0.000000 0.000000
vt 0.000000 0.000000
vt 0.000000 0.000000
vt 0.000000 0.000000
vt 0.000000 0.000000
vt 0.000000 0.000000
vt 0.000000 0.000000
vt 0.000000 0.000000
vt 0.000000 0.000000
vt 0.000000 0.000000
vt 0.000000 0.000000
vt 0.000000 0.000000
vt 0.000000 0.000000
vt 0.000000 0.000000
vt 0.000000 0.000000
vt 0.000000 0.000000
vt 0.000000 0.000000
vt 0.000000 0.000000
vt 0.000000 0.000000
vt 0.000000 0.000000
vt 0.000000 0.000000
vt 0.000000 0.000000
vt 0.000000 0.000000
vt 0.000000 0.000000
vt 0.000000 0.000000
vt 0.000000 0.000000
vt 0.000000 0.000000
vt 0.000000 0.000000
vt 0.000000 0.000000
vt 0.000000 0.000000
vt 0.000000 0.000000
vt 0.000000 0.000000
vt 0.000000 0.000000
vt 0.000000 0.000000
vt 0.000000 0.000000
vt 0.000000 0.000000
vt 0.000000 0.000000
vt 0.000000 0.000000
vt 0.000000 0.000000
vt 0.000000 0.000000
vt 0.000000 0.000000
vt 0.000000 0.000000
vt 0.000000 0.000000
vt 0.000000 0.000000
vt 0.000000 0.000000
vt 0.000000 0.000000
vt 0.000000 0.000000
vt 0.000000 0.000000
vt 0.000000 0.000000
vt 0.000000 0.000000
vt 0.000000 0.000000
vt 0.000000 0.000000
vt 0.000000 0.000000
vt 0.000000 0.000000
vt 0.000000 0.000000
vt 0.000000 0.000000
vt 0.000000 0.000000
vt 0.000000 0.000000
vt 0.000000 0.000000
vt 0.000000 0.000000
vt 0.000000 0.000000
vt 0.000000 0.000000
vt 0.000000 0.000000
vt 0.000000 0.000000
vt 0.000000 0.000000
vt 0.000000 0.000000
vt 0.000000 0.000000
vt 0.000000 0.000000
vt 0.000000 0.000000
vt 0.000000 0.000000
vt 0.000000 0.000000
vt 0.000000 0.000000
vt 0.000000 0.000000
vt 0.000000 0.000000
vt 0.000000 0.000000
vt 0.000000 0.000000
vt 0.000000 0.000000
vt 0.000000 0.000000
vt 0.000000 0.000000
vt 0.000000 0.000000
vt 0.000000 0.000000
vt 0.000000 0.000000
vt 0.000000 0.000000
vt 0.000000 0.000000
vt 0.000000 0.000000
vt 0.000000 0.000000
vt 0.000000 0.000000
vt 0.000000 0.000000
vt 0.000000 0.000000
vt 0.000000 0.000000
vt 0.000000 0.000000
vt 0.000000 0.000000
vt 0.000000 0.000000
vt 0.000000 0.000000
vt 0.000000 0.000000
vt 0.000000 0.000000
vt 0.000000 0.000000
vt 0.000000 0.000000
vt 0.000000 0.000000
vt 0.000000 0.000000
vt 0.000000 0.000000
vt 0.000000 0.000000
vt 0.000000 0.000000
vt 0.000000 0.000000
vt 0.000000 0.000000
vt 0.000000 0.000000
vt 0.000000 0.000000
vt 0.000000 0.000000
vt 0.000000 0.000000
vt 0.000000 0.000000
vt 0.000000 0.000000
vt 0.000000 0.000000
vt 0.000000 0.000000
vt 0.000000 0.000000
vt 0.000000 0.000000
vt 0.000000 0.000000
vt 0.000000 0.000000
vt 0.000000 0.000000
vt 0.000000 0.000000
vt 0.000000 0.000000
vt 0.000000 0.000000
vt 0.000000 0.000000
vt 0.000000 0.000000
vt 0.000000 0.000000
vt 0.000000 0.000000
vt 0.000000 0.000000
vt 0.000000 0.000000
vt 0.000000 0.000000
vt 0.000000 0.000000
vt 0.000000 0.000000
vt 0.000000 0.000000
vt 0.000000 0.000000
vt 0.000000 0.000000
vt 0.000000 0.000000
vt 0.000000 0.000000
vt 0.000000 0.000000
vt 0.000000 0.000000
vt 0.000000 0.000000
vt 0.000000 0.000000
vt 0.000000 0.000000
vt 0.000000 0.000000
vt 0.000000 0.000000
vt 0.000000 0.000000
vt 0.000000 0.000000
vt 0.000000 0.000000
vt 0.000000 0.000000
vt 0.000000 0.000000
vt 0.000000 0.000000
vt 0.000000 0.000000
vt 0.000000 0.000000
vt 0.000000 0.000000
vt 0.000000 0.000000
vt 0.000000 0.000000
vt 0.000000 0.000000
vt 0.000000 0.000000
vt 0.000000 0.000000
vt 0.000000 0.000000
vt 0.000000 0.000000
vt 0.000000 0.000000
vt 0.000000 0.000000
vt 0.000000 0.000000
vt 0.000000 0.000000
vt 0.000000 0.000000
vt 0.000000 0.000000
vt 0.000000 0.000000
vt 0.000000 0.000000
vt 0.000000 0.000000
vt 0.000000 0.000000
vt 0.000000 0.000000
vt 0.000000 0.000000
vt 0.000000 0.000000
vt 0.000000 0.000000
vt 0.000000 0.000000
vt 0.000000 0.000000
vt 0.000000 0.000000
vt 0.000000 0.000000
vt 0.000000 0.000000
vt 0.000000 0.000000
vt 0.000000 0.000000
vt 0.000000 0.000000
vt 0.000000 0.000000
vt 0.000000 0.000000
vt 0.000000 0.000000
vt 0.000000 0.000000
vt 0.000000 0.000000
vt 0.000000 0.000000
vt 0.000000 0.000000
vt 0.000000 0.000000
vt 0.000000 0.000000
vt 0.000000 0.000000
vt 0.000000 0.000000
vt 0.000000 0.000000
vt 0.000000 0.000000
vt 0.000000 0.000000
vt 0.000000 0.000000
vt 0.000000 0.000000
vt 0.000000 0.000000
vt 0.000000 0.000000
vt 0.000000 0.000000
vt 0.000000 0.000000
vt 0.000000 0.000000
vt 0.000000 0.000000
vt 0.000000 0.000000
vt 0.000000 0.000000
vt 0.000000 0.000000
vt 0.000000 0.000000
vt 0.000000 0.000000
vt 0.000000 0.000000
vt 0.000000 0.000000
vt 0.000000 0.000000
vt 0.000000 0.000000
vt 0.000000 0.000000
vt 0.000000 0.000000
vt 0.000000 0.000000
vt 0.000000 0.000000
vt 0.000000 0.000000
vt 0.000000 0.000000
vt 0.000000 0.000000
vt 0.000000 0.000000
vt 0.000000 0.000000
vt 0.000000 0.000000
vt 0.000000 0.000000
vt 0.000000 0.000000
vt 0.000000 0.000000
vt 0.000000 0.000000
vt 0.000000 0.000000
vt 0.000000 0.000000
vt 0.000000 0.000000
vt 0.000000 0.000000
vt 0.000000 0.000000
vt 0.000000 0.000000
vt 0.000000 0.000000
vt 0.000000 0.000000
vt 0.000000 0.000000
vt 0.000000 0.000000
vt 0.000000 0.000000
vt 0.000000 0.000000
vt 0.000000 0.000000
vt 0.000000 0.000000
vt 0.000000 0.000000
vt 0.000000 0.000000
vt 0.000000 0.000000
vt 0.000000 0.000000
vt 0.000000 0.000000
vt 0.000000 0.000000
vt 0.000000 0.000000
vt 0.000000 0.000000
vt 0.000000 0.000000
vt 0.000000 0.000000
vt 0.000000 0.000000
vt 0.000000 0.000000
vt 0.000000 0.000000
vt 0.000000 0.000000
vt 0.000000 0.000000
vt 0.000000 0.000000
vt 0.000000 0.000000
vt 0.000000 0.000000
vt 0.000000 0.000000
vt 0.000000 0.000000
vt 0.000000 0.000000
vt 0.000000 0.000000
vt 0.000000 0.000000
vt 0.000000 0.000000
vt 0.000000 0.000000
vt 0.000000 0.000000
vt 0.000000 0.000000
vt 0.000000 0.000000
vt 0.000000 0.000000
vt 0.000000 0.000000
vt 0.000000 0.000000
vt 0.000000 0.000000
vt 0.000000 0.000000
vt 0.000000 0.000000
vt 0.000000 0.000000
vt 0.000000 0.000000
vt 0.000000 0.000000
vt 0.000000 0.000000
vt 0.000000 0.000000
vt 0.000000 0.000000
vt 0.000000 0.000000
vt 0.000000 0.000000
vt 0.000000 0.000000
vt 0.000000 0.000000
vt 0.000000 0.000000
vt 0.000000 0.000000
vt 0.000000 0.000000
vt 0.000000 0.000000
vt 0.000000 0.000000
vt 0.000000 0.000000
vt 0.000000 0.000000
vt 0.000000 0.000000
vt 0.000000 0.000000
vt 0.000000 0.000000
vt 0.000000 0.000000
vt 0.000000 0.000000
vt 0.000000 0.000000
vt 0.000000 0.000000
vt 0.000000 0.000000
vt 0.000000 0.000000
vt 0.000000 0.000000
vt 0.000000 0.000000
vt 0.000000 0.000000
vt 0.000000 0.000000
vt 0.000000 0.000000
vt 0.000000 0.000000
vt 0.000000 0.000000
vt 0.000000 0.000000
vt 0.000000 0.000000
vt 0.000000 0.000000
vt 0.000000 0.000000
vt 0.000000 0.000000
vt 0.000000 0.000000
vt 0.000000 0.000000
vt 0.000000 0.000000
vt 0.000000 0.000000
vt 0.000000 0.000000
vt 0.000000 0.000000
vt 0.000000 0.000000
vt 0.000000 0.000000
vt 0.000000 0.000000
vt 0.000000 0.000000
vt 0.000000 0.000000
vt 0.000000 0.000000
vt 0.000000 0.000000
vt 0.000000 0.000000
vt 0.000000 0.000000
vt 0.000000 0.000000
vt 0.000000 0.000000
vt 0.000000 0.000000
vt 0.000000 0.000000
vt 0.000000 0.000000
vt 0.000000 0.000000
vt 0.000000 0.000000
vt 0.000000 0.000000
vt 0.000000 0.000000
vt 0.000000 0.000000
vt 0.000000 0.000000
vt 0.000000 0.000000
vt 0.000000 0.000000
vt 0.000000 0.000000
vt 0.000000 0.000000
vt 0.000000 0.000000
vt 0.000000 0.000000
vt 0.000000 0.000000
vt 0.000000 0.000000
vt 0.000000 0.000000
vt 0.000000 0.000000
vt 0.000000 0.000000
vt 0.000000 0.000000
vt 0.000000 0.000000
vt 0.000000 0.000000
vt 0.000000 0.000000
vt 0.000000 0.000000
vt 0.000000 0.000000
vt 0.000000 0.000000
vt 0.000000 0.000000
vt 0.000000 0.000000
vt 0.000000 0.000000
vt 0.000000 0.000000
vt 0.000000 0.000000
vt 0.000000 0.000000
vt 0.000000 0.000000
vt 0.000000 0.000000
vt 0.000000 0.000000
vt 0.000000 0.000000
vt 0.000000 0.000000
vt 0.000000 0.000000
vt 0.000000 0.000000
vt 0.000000 0.000000
vt 0.000000 0.000000
vt 0.000000 0.000000
vt 0.000000 0.000000
vt 0.000000 0.000000
vt 0.000000 0.000000
vt 0.000000 0.000000
vt 0.000000 0.000000
vt 0.000000 0.000000
vt 0.000000 0.000000
vt 0.000000 0.000000
vt 0.000000 0.000000
vt 0.000000 0.000000
vt 0.000000 0.000000
vt 0.000000 0.000000
vt 0.000000 0.000000
vt 0.000000 0.000000
vt 0.000000 0.000000
vt 0.000000 0.000000
vt 0.000000 0.000000
vt 0.000000 0.000000
vt 0.000000 0.000000
vt 0.000000 0.000000
vt 0.000000 0.000000
vt 0.000000 0.000000
vt 0.000000 0.000000
vt 0.000000 0.000000
vt 0.000000 0.000000
vt 0.000000 0.000000
vt 0.000000 0.000000
vt 0.000000 0.000000
vt 0.000000 0.000000
vt 0.000000 0.000000
vt 0.000000 0.000000
vt 0.000000 0.000000
vt 0.000000 0.000000
vt 0.000000 0.000000
vt 0.000000 0.000000
vt 0.000000 0.000000
vt 0.000000 0.000000
vt 0.000000 0.000000
vt 0.000000 0.000000
vt 0.000000 0.000000
vt 0.000000 0.000000
vt 0.000000 0.000000
vt 0.000000 0.000000
vt 0.000000 0.000000
vt 0.000000 0.000000
vt 0.000000 0.000000
vt 0.000000 0.000000
vt 0.000000 0.000000
vt 0.000000 0.000000
vt 0.000000 0.000000
vt 0.000000 0.000000
vt 0.000000 0.000000
vt 0.000000 0.000000
vt 0.000000 0.000000
vt 0.000000 0.000000
vt 0.000000 0.000000
vt 0.000000 0.000000
vt 0.000000 0.000000
vt 0.000000 0.000000
vt 0.000000 0.000000
vt 0.000000 0.000000
vt 0.000000 0.000000
vt 0.000000 0.000000
vt 0.000000 0.000000
vt 0.000000 0.000000
vt 0.000000 0.000000
vt 0.000000 0.000000
vt 0.000000 0.000000
vt 0.000000 0.000000
vt 0.000000 0.000000
vt 0.000000 0.000000
vt 0.000000 0.000000
vt 0.000000 0.000000
vt 0.000000 0.000000
vt 0.000000 0.000000
vt 0.000000 0.000000
vt 0.000000 0.000000
vt 0.000000 0.000000
vt 0.000000 0.000000
vt 0.000000 0.000000
vt 0.000000 0.000000
vt 0.000000 0.000000
vt 0.000000 0.000000
vt 0.000000 0.000000
vt 0.000000 0.000000
vt 0.000000 0.000000
vt 0.000000 0.000000
vt 0.000000 0.000000
vt 0.000000 0.000000
vt 0.000000 0.000000
vt 0.000000 0.000000
vt 0.000000 0.000000
vt 0.000000 0.000000
vt 0.000000 0.000000
vt 0.000000 0.000000
vt 0.000000 0.000000
vt 0.000000 0.000000
vt 0.000000 0.000000
vt 0.000000 0.000000
vt 0.000000 0.000000
vt 0.000000 0.000000
vt 0.000000 0.000000
vt 0.000000 0.000000
vt 0.000000 0.000000
vt 0.000000 0.000000
vt 0.000000 0.000000
vt 0.000000 0.000000
vt 0.000000 0.000000
vt 0.000000 0.000000
vt 0.000000 0.000000
vt 0.000000 0.000000
vt 0.000000 0.000000
vt 0.000000 0.000000
vt 0.000000 0.000000
vt 0.000000 0.000000
vt 0.000000 0.000000
vt 0.000000 0.000000
vt 0.000000 0.000000
vt 0.000000 0.000000
vt 0.000000 0.000000
vt 0.000000 0.000000
vt 0.000000 0.000000
vt 0.000000 0.000000
vt 0.000000 0.000000
vt 0.000000 0.000000
vt 0.000000 0.000000
vt 0.000000 0.000000
vt 0.000000 0.000000
vt 0.000000 0.000000
vt 0.000000 0.000000
vt 0.000000 0.000000
vt 0.000000 0.000000
vt 0.000000 0.000000
vt 0.000000 0.000000
vt 0.000000 0.000000
vt 0.000000 0.000000
vt 0.000000 0.000000
vt 0.000000 0.000000
vt 0.000000 0.000000
vt 0.000000 0.000000
vt 0.000000 0.000000
vt 0.000000 0.000000
vt 0.000000 0.000000
vt 0.000000 0.000000
vt 0.000000 0.000000
vt 0.000000 0.000000
vt 0.000000 0.000000
vt 0.000000 0.000000
vt 0.000000 0.000000
vt 0.000000 0.000000
vt 0.000000 0.000000
vt 0.000000 0.000000
vt 0.000000 0.000000
vt 0.000000 0.000000
vt 0.000000 0.000000
vt 0.000000 0.000000
vt 0.000000 0.000000
vt 0.000000 0.000000
vt 0.000000 0.000000
vt 0.000000 0.000000
vt 0.000000 0.000000
vt 0.000000 0.000000
vt 0.000000 0.000000
vt 0.000000 0.000000
vt 0.000000 0.000000
vt 0.000000 0.000000
vt 0.000000 0.000000
vt 0.000000 0.000000
vt 0.000000 0.000000
vt 0.000000 0.000000
vt 0.000000 0.000000
vt 0.000000 0.000000
vt 0.000000 0.000000
vt 0.000000 0.000000
vt 0.000000 0.000000
vt 0.000000 0.000000
vt 0.000000 0.000000
vt 0.000000 0.000000
vt 0.000000 0.000000
vt 0.000000 0.000000
vt 0.000000 0.000000
vt 0.000000 0.000000
vt 0.000000 0.000000
vt 0.000000 0.000000
vt 0.000000 0.000000
vt 0.000000 0.000000
vt 0.000000 0.000000
vt 0.000000 0.000000
vt 0.000000 0.000000
vt 0.000000 0.000000
vt 0.000000 0.000000
vt 0.000000 0.000000
vt 0.000000 0.000000
vt 0.000000 0.000000
vt 0.000000 0.000000
vt 0.000000 0.000000
vt 0.000000 0.000000
vt 0.000000 0.000000
vt 0.000000 0.000000
vt 0.000000 0.000000
vt 0.000000 0.000000
vt 0.000000 0.000000
vt 0.000000 0.000000
vt 0.000000 0.000000
vt 0.000000 0.000000
vt 0.000000 0.000000
vt 0.000000 0.000000
vt 0.000000 0.000000
vt 0.000000 0.000000
vt 0.000000 0.000000
vt 0.000000 0.000000
vt 0.000000 0.000000
vt 0.000000 0.000000
vt 0.000000 0.000000
vt 0.000000 0.000000
vt 0.000000 0.000000
vt 0.000000 0.000000
vt 0.000000 0.000000
vt 0.000000 0.000000
vt 0.000000 0.000000
vt 0.000000 0.000000
vt 0.000000 0.000000
vt 0.000000 0.000000
vt 0.000000 0.000000
vt 0.000000 0.000000
vt 0.000000 0.000000
vt 0.000000 0.000000
vt 0.000000 0.000000
vt 0.000000 0.000000
vt 0.000000 0.000000
vt 0.000000 0.000000
vt 0.000000 0.000000
vt 0.000000 0.000000
vt 0.000000 0.000000
vt 0.000000 0.000000
vt 0.000000 0.000000
vt 0.000000 0.000000
vt 0.000000 0.000000
vt 0.000000 0.000000
vt 0.000000 0.000000
vt 0.000000 0.000000
vt 0.000000 0.000000
vt 0.000000 0.000000
vt 0.000000 0.000000
vt 0.000000 0.000000
vt 0.000000 0.000000
vt 0.000000 0.000000
vt 0.000000 0.000000
vt 0.000000 0.000000
vt 0.000000 0.000000
vt 0.000000 0.000000
vt 0.000000 0.000000
vt 0.000000 0.000000
vt 0.000000 0.000000
vt 0.000000 0.000000
vt 0.000000 0.000000
vt 0.000000 0.000000
vt 0.000000 0.000000
vt 0.000000 0.000000
vt 0.000000 0.000000
vt 0.000000 0.000000
vt 0.000000 0.000000
vt 0.000000 0.000000
vt 0.000000 0.000000
vt 0.000000 0.000000
vt 0.000000 0.000000
vt 0.000000 0.000000
vt 0.000000 0.000000
vt 0.000000 0.000000
vt 0.000000 0.000000
vt 0.000000 0.000000
vt 0.000000 0.000000
vt 0.000000 0.000000
vt 0.000000 0.000000
vt 0.000000 0.000000
vt 0.000000 0.000000
vt 0.000000 0.000000
vt 0.000000 0.000000
vt 0.000000 0.000000
vt 0.000000 0.000000
vt 0.000000 0.000000
vt 0.000000 0.000000
vt 0.000000 0.000000
vt 0.000000 0.000000
vt 0.000000 0.000000
vt 0.000000 0.000000
vt 0.000000 0.000000
vt 0.000000 0.000000
vt 0.000000 0.000000
vt 0.000000 0.000000
vt 0.000000 0.000000
vt 0.000000 0.000000
vt 0.000000 0.000000
vt 0.000000 0.000000
vt 0.000000 0.000000
vt 0.000000 0.000000
vt 0.000000 0.000000
vt 0.000000 0.000000
vt 0.000000 0.000000
vt 0.000000 0.000000
vt 0.000000 0.000000
vt 0.000000 0.000000
vt 0.000000 0.000000
vt 0.000000 0.000000
vt 0.000000 0.000000
vt 0.000000 0.000000
vt 0.000000 0.000000
vt 0.000000 0.000000
vt 0.000000 0.000000
vt 0.000000 0.000000
vt 0.000000 0.000000
vt 0.000000 0.000000
vt 0.000000 0.000000
vt 0.000000 0.000000
vt 0.000000 0.000000
vt 0.000000 0.000000
vt 0.000000 0.000000
vt 0.000000 0.000000
vt 0.000000 0.000000
vt 0.000000 0.000000
vt 0.000000 0.000000
vt 0.000000 0.000000
vt 0.000000 0.000000
vt 0.000000 0.000000
vt 0.000000 0.000000
vt 0.000000 0.000000
vt 0.000000 0.000000
vt 0.000000 0.000000
vt 0.000000 0.000000
vt 0.000000 0.000000
vt 0.000000 0.000000
vt 0.000000 0.000000
vt 0.000000 0.000000
vt 0.000000 0.000000
vt 0.000000 0.000000
vt 0.000000 0.000000
vt 0.000000 0.000000
vt 0.000000 0.000000
vt 0.000000 0.000000
vt 0.000000 0.000000
vt 0.000000 0.000000
vt 0.000000 0.000000
vt 0.000000 0.000000
vt 0.000000 0.000000
vt 0.000000 0.000000
vt 0.000000 0.000000
vt 0.000000 0.000000
vt 0.000000 0.000000
vt 0.000000 0.000000
vt 0.000000 0.000000
vt 0.000000 0.000000
vt 0.000000 0.000000
vt 0.000000 0.000000
vt 0.000000 0.000000
vt 0.000000 0.000000
vt 0.000000 0.000000
vt 0.000000 0.000000
vt 0.000000 0.000000
vt 0.000000 0.000000
vt 0.000000 0.000000
vt 0.000000 0.000000
vt 0.000000 0.000000
vt 0.000000 0.000000
vt 0.000000 0.000000
vt 0.000000 0.000000
vt 0.000000 0.000000
vt 0.000000 0.000000
vt 0.000000 0.000000
vt 0.000000 0.000000
vt 0.000000 0.000000
vt 0.000000 0.000000
vt 0.000000 0.000000
vt 0.000000 0.000000
vt 0.000000 0.000000
vt 0.000000 0.000000
vt 0.000000 0.000000
vt 0.000000 0.000000
vt 0.000000 0.000000
vt 0.000000 0.000000
vt 0.000000 0.000000
vt 0.000000 0.000000
vt 0.000000 0.000000
vt 0.000000 0.000000
vt 0.000000 0.000000
vt 0.000000 0.000000
vt 0.000000 0.000000
vt 0.000000 0.000000
vt 0.000000 0.000000
vt 0.000000 0.000000
vt 0.000000 0.000000
vt 0.000000 0.000000
vt 0.000000 0.000000
vt 0.000000 0.000000
vt 0.000000 0.000000
vt 0.000000 0.000000
vt 0.000000 0.000000
vt 0.000000 0.000000
vt 0.000000 0.000000
vt 0.000000 0.000000
vt 0.000000 0.000000
vt 0.000000 0.000000
vt 0.000000 0.000000
vt 0.000000 0.000000
vt 0.000000 0.000000
vt 0.000000 0.000000
vt 0.000000 0.000000
vt 0.000000 0.000000
vt 0.000000 0.000000
vt 0.000000 0.000000
vt 0.000000 0.000000
vt 0.000000 0.000000
vt 0.000000 0.000000
vt 0.000000 0.000000
vt 0.000000 0.000000
vt 0.000000 0.000000
vt 0.000000 0.000000
vt 0.000000 0.000000
vt 0.000000 0.000000
vt 0.000000 0.000000
vt 0.000000 0.000000
vt 0.000000 0.000000
vt 0.000000 0.000000
vt 0.000000 0.000000
vt 0.000000 0.000000
vt 0.000000 0.000000
vt 0.000000 0.000000
vt 0.000000 0.000000
vt 0.000000 0.000000
vt 0.000000 0.000000
vt 0.000000 0.000000
vt 0.000000 0.000000
vt 0.000000 0.000000
vt 0.000000 0.000000
vt 0.000000 0.000000
vt 0.000000 0.000000
vt 0.000000 0.000000
vt 0.000000 0.000000
vt 0.000000 0.000000
vt 0.000000 0.000000
vt 0.000000 0.000000
vt 0.000000 0.000000
vt 0.000000 0.000000
vt 0.000000 0.000000
vt 0.000000 0.000000
vt 0.000000 0.000000
vt 0.000000 0.000000
vt 0.000000 0.000000
vt 0.000000 0.000000
vt 0.000000 0.000000
vt 0.000000 0.000000
vt 0.000000 0.000000
vt 0.000000 0.000000
vt 0.000000 0.000000
vt 0.000000 0.000000
vt 0.000000 0.000000
vt 0.000000 0.000000
vt 0.000000 0.000000
vt 0.000000 0.000000
vt 0.000000 0.000000
vt 0.000000 0.000000
vt 0.000000 0.000000
vt 0.000000 0.000000
vt 0.000000 0.000000
vt 0.000000 0.000000
vt 0.000000 0.000000
vt 0.000000 0.000000
vt 0.000000 0.000000
vt 0.000000 0.000000
vt 0.000000 0.000000
vt 0.000000 0.000000
vt 0.000000 0.000000
vt 0.000000 0.000000
vt 0.000000 0.000000
vt 0.000000 0.000000
vt 0.000000 0.000000
vt 0.000000 0.000000
vt 0.000000 0.000000
vt 0.000000 0.000000
vt 0.000000 0.000000
vt 0.000000 0.000000
vt 0.000000 0.000000
vt 0.000000 0.000000
vt 0.000000 0.000000
vt 0.000000 0.000000
vt 0.000000 0.000000
vt 0.000000 0.000000
vt 0.000000 0.000000
vt 0.000000 0.000000
vt 0.000000 0.000000
vt 0.000000 0.000000
vt 0.000000 0.000000
vt 0.000000 0.000000
vt 0.000000 0.000000
vt 0.000000 0.000000
vt 0.000000 0.000000
vt 0.000000 0.000000
vt 0.000000 0.000000
vt 0.000000 0.000000
vt 0.000000 0.000000
vt 0.000000 0.000000
vt 0.000000 0.000000
vt 0.000000 0.000000
vt 0.000000 0.000000
vt 0.000000 0.000000
vt 0.000000 0.000000
vt 0.000000 0.000000
vt 0.000000 0.000000
vt 0.000000 0.000000
vt 0.000000 0.000000
vt 0.000000 0.000000
vt 0.000000 0.000000
vt 0.000000 0.000000
vt 0.000000 0.000000
vt 0.000000 0.000000
vt 0.000000 0.000000
vt 0.000000 0.000000
vt 0.000000 0.000000
vt 0.000000 0.000000
vt 0.000000 0.000000
vt 0.000000 0.000000
vt 0.000000 0.000000
vt 0.000000 0.000000
vt 0.000000 0.000000
vt 0.000000 0.000000
vt 0.000000 0.000000
vt 0.000000 0.000000
vt 0.000000 0.000000
vt 0.000000 0.000000
vt 0.000000 0.000000
vt 0.000000 0.000000
vt 0.000000 0.000000
vt 0.000000 0.000000
vt 0.000000 0.000000
vt 0.000000 0.000000
vt 0.000000 0.000000
vt 0.000000 0.000000
vt 0.000000 0.000000
vt 0.000000 0.000000
vt 0.000000 0.000000
vt 0.000000 0.000000
vt 0.000000 0.000000
vt 0.000000 0.000000
vt 0.000000 0.000000
vt 0.000000 0.000000
vt 0.000000 0.000000
vt 0.000000 0.000000
vt 0.000000 0.000000
vt 0.000000 0.000000
vt 0.000000 0.000000
vt 0.000000 0.000000
vt 0.000000 0.000000
vt 0.000000 0.000000
vt 0.000000 0.000000
vt 0.000000 0.000000
vt 0.000000 0.000000
vt 0.000000 0.000000
vt 0.000000 0.000000
vt 0.000000 0.000000
vt 0.000000 0.000000
vt 0.000000 0.000000
vt 0.000000 0.000000
vt 0.000000 0.000000
vt 0.000000 0.000000
vt 0.000000 0.000000
vt 0.000000 0.000000
vt 0.000000 0.000000
vt 0.000000 0.000000
vt 0.000000 0.000000
vt 0.000000 0.000000
vt 0.000000 0.000000
vt 0.000000 0.000000
vt 0.000000 0.000000
vt 0.000000 0.000000
vt 0.000000 0.000000
vt 0.000000 0.000000
vt 0.000000 0.000000
vt 0.000000 0.000000
vt 0.000000 0.000000
vt 0.000000 0.000000
vt 0.000000 0.000000
vt 0.000000 0.000000
vt 0.000000 0.000000
vt 0.000000 0.000000
vt 0.000000 0.000000
vt 0.000000 0.000000
vt 0.000000 0.000000
vt 0.000000 0.000000
vt 0.000000 0.000000
vt 0.000000 0.000000
vt 0.000000 0.000000
vt 0.000000 0.000000
vt 0.000000 0.000000
vt 0.000000 0.000000
vt 0.000000 0.000000
vt 0.000000 0.000000
vt 0.000000 0.000000
vt 0.000000 0.000000
vt 0.000000 0.000000
vt 0.000000 0.000000
vt 0.000000 0.000000
vt 0.000000 0.000000
vt 0.000000 0.000000
vt 0.000000 0.000000
vt 0.000000 0.000000
vt 0.000000 0.000000
vt 0.000000 0.000000
vt 0.000000 0.000000
vt 0.000000 0.000000
vt 0.000000 0.000000
vt 0.000000 0.000000
vt 0.000000 0.000000
vt 0.000000 0.000000
vt 0.000000 0.000000
vt 0.000000 0.000000
vt 0.000000 0.000000
vt 0.000000 0.000000
vt 0.000000 0.000000
vt 0.000000 0.000000
vt 0.000000 0.000000
vt 0.000000 0.000000
vt 0.000000 0.000000
vt 0.000000 0.000000
vt 0.000000 0.000000
vt 0.000000 0.000000
vt 0.000000 0.000000
vt 0.000000 0.000000
vt 0.000000 0.000000
vt 0.000000 0.000000
vt 0.000000 0.000000
vt 0.000000 0.000000
vt 0.000000 0.000000
vt 0.000000 0.000000
vt 0.000000 0.000000
vt 0.000000 0.000000
vt 0.000000 0.000000
vt 0.000000 0.000000
vt 0.000000 0.000000
vt 0.000000 0.000000
vt 0.000000 0.000000
vt 0.000000 0.000000
vt 0.000000 0.000000
vt 0.000000 0.000000
vt 0.000000 0.000000
vt 0.000000 0.000000
vt 0.000000 0.000000
vt 0.000000 0.000000
vt 0.000000 0.000000
vt 0.000000 0.000000
vt 0.000000 0.000000
vt 0.000000 0.000000
vt 0.000000 0.000000
vt 0.000000 0.000000
vt 0.000000 0.000000
vt 0.000000 0.000000
vt 0.000000 0.000000
vt 0.000000 0.000000
vt 0.000000 0.000000
vt 0.000000 0.000000
vt 0.000000 0.000000
vt 0.000000 0.000000
vt 0.000000 0.000000
vt 0.000000 0.000000
vt 0.000000 0.000000
vt 0.000000 0.000000
vt 0.000000 0.000000
vt 0.000000 0.000000
vt 0.000000 0.000000
vt 0.000000 0.000000
vt 0.000000 0.000000
vt 0.000000 0.000000
vt 0.000000 0.000000
vt 0.000000 0.000000
vt 0.000000 0.000000
vt 0.000000 0.000000
vt 0.000000 0.000000
vt 0.000000 0.000000
vt 0.000000 0.000000
vt 0.000000 0.000000
vt 0.000000 0.000000
vt 0.000000 0.000000
vt 0.000000 0.000000
vt 0.000000 0.000000
vt 0.000000 0.000000
vt 0.000000 0.000000
vt 0.000000 0.000000
vt 0.000000 0.000000
vt 0.000000 0.000000
vt 0.000000 0.000000
vt 0.000000 0.000000
vt 0.000000 0.000000
vt 0.000000 0.000000
vt 0.000000 0.000000
vt 0.000000 0.000000
vt 0.000000 0.000000
vt 0.000000 0.000000
vt 0.000000 0.000000
vt 0.000000 0.000000
vt 0.000000 0.000000
vt 0.000000 0.000000
vt 0.000000 0.000000
vt 0.000000 0.000000
vt 0.000000 0.000000
vt 0.000000 0.000000
vt 0.000000 0.000000
vt 0.000000 0.000000
vt 0.000000 0.000000
vt 0.000000 0.000000
vt 0.000000 0.000000
vt 0.000000 0.000000
vt 0.000000 0.000000
vt 0.000000 0.000000
vt 0.000000 0.000000
vt 0.000000 0.000000
vt 0.000000 0.000000
vt 0.000000 0.000000
vt 0.000000 0.000000
vt 0.000000 0.000000
vt 0.000000 0.000000
vt 0.000000 0.000000
vt 0.000000 0.000000
vt 0.000000 0.000000
vt 0.000000 0.000000
vt 0.000000 0.000000
vt 0.000000 0.000000
vt 0.000000 0.000000
vt 0.000000 0.000000
vt 0.000000 0.000000
vt 0.000000 0.000000
vt 0.000000 0.000000
vt 0.000000 0.000000
vt 0.000000 0.000000
vt 0.000000 0.000000
vt 0.000000 0.000000
vt 0.000000 0.000000
vt 0.000000 0.000000
vt 0.000000 0.000000
vt 0.000000 0.000000
vt 0.000000 0.000000
vt 0.000000 0.000000
vt 0.000000 0.000000
vt 0.000000 0.000000
vt 0.000000 0.000000
vt 0.000000 0.000000
vt 0.000000 0.000000
vt 0.000000 0.000000
vt 0.000000 0.000000
vt 0.000000 0.000000
vt 0.000000 0.000000
vt 0.000000 0.000000
vt 0.000000 0.000000
vt 0.000000 0.000000
vt 0.000000 0.000000
vt 0.000000 0.000000
vt 0.000000 0.000000
vt 0.000000 0.000000
vt 0.000000 0.000000
vt 0.000000 0.000000
vt 0.000000 0.000000
vt 0.000000 0.000000
vt 0.000000 0.000000
vt 0.000000 0.000000
vt 0.000000 0.000000
vt 0.000000 0.000000
vt 0.000000 0.000000
vt 0.000000 0.000000
vt 0.000000 0.000000
vt 0.000000 0.000000
vt 0.000000 0.000000
vt 0.000000 0.000000
vt 0.000000 0.000000
vt 0.000000 0.000000
vt 0.000000 0.000000
vt 0.000000 0.000000
vt 0.000000 0.000000
vt 0.000000 0.000000
vt 0.000000 0.000000
vt 0.000000 0.000000
vt 0.000000 0.000000
vt 0.000000 0.000000
vt 0.000000 0.000000
vt 0.000000 0.000000
vt 0.000000 0.000000
vt 0.000000 0.000000
vt 0.000000 0.000000
vt 0.000000 0.000000
vt 0.000000 0.000000
vt 0.000000 0.000000
vt 0.000000 0.000000
vt 0.000000 0.000000
vt 0.000000 0.000000
vt 0.000000 0.000000
vt 0.000000 0.000000
vt 0.000000 0.000000
vt 0.000000 0.000000
vt 0.000000 0.000000
vt 0.000000 0.000000
vt 0.000000 0.000000
vt 0.000000 0.000000
vt 0.000000 0.000000
vt 0.000000 0.000000
vt 0.000000 0.000000
vt 0.000000 0.000000
vt 0.000000 0.000000
vt 0.000000 0.000000
vt 0.000000 0.000000
vt 0.000000 0.000000
vt 0.000000 0.000000
vt 0.000000 0.000000
vt 0.000000 0.000000
vt 0.000000 0.000000
vt 0.000000 0.000000
vt 0.000000 0.000000
vt 0.000000 0.000000
vt 0.000000 0.000000
vt 0.000000 0.000000
vt 0.000000 0.000000
vt 0.000000 0.000000
vt 0.000000 0.000000
vt 0.000000 0.000000
vt 0.000000 0.000000
vt 0.000000 0.000000
vt 0.000000 0.000000
vt 0.000000 0.000000
vt 0.000000 0.000000
vt 0.000000 0.000000
vt 0.000000 0.000000
vt 0.000000 0.000000
vt 0.000000 0.000000
vt 0.000000 0.000000
vt 0.000000 0.000000
vt 0.000000 0.000000
vt 0.000000 0.000000
vt 0.000000 0.000000
vt 0.000000 0.000000
vt 0.000000 0.000000
vt 0.000000 0.000000
vt 0.000000 0.000000
vt 0.000000 0.000000
vt 0.000000 0.000000
vt 0.000000 0.000000
vt 0.000000 0.000000
vt 0.000000 0.000000
vt 0.000000 0.000000
vt 0.000000 0.000000
vt 0.000000 0.000000
vt 0.000000 0.000000
vt 0.000000 0.000000
vt 0.000000 0.000000
vt 0.000000 0.000000
vt 0.000000 0.000000
vt 0.000000 0.000000
vt 0.000000 0.000000
vt 0.000000 0.000000
vt 0.000000 0.000000
vt 0.000000 0.000000
vt 0.000000 0.000000
vt 0.000000 0.000000
vt 0.000000 0.000000
vt 0.000000 0.000000
vt 0.000000 0.000000
vt 0.000000 0.000000
vt 0.000000 0.000000
vt 0.000000 0.000000
vt 0.000000 0.000000
vt 0.000000 0.000000
vt 0.000000 0.000000
vt 0.000000 0.000000
vt 0.000000 0.000000
vt 0.000000 0.000000
vt 0.000000 0.000000
vt 0.000000 0.000000
vt 0.000000 0.000000
vt 0.000000 0.000000
vt 0.000000 0.000000
vt 0.000000 0.000000
vt 0.000000 0.000000
vt 0.000000 0.000000
vt 0.000000 0.000000
vt 0.000000 0.000000
vt 0.000000 0.000000
vt 0.000000 0.000000
vt 0.000000 0.000000
vt 0.000000 0.000000
vt 0.000000 0.000000
vt 0.000000 0.000000
vt 0.000000 0.000000
vt 0.000000 0.000000
vt 0.000000 0.000000
vt 0.000000 0.000000
vt 0.000000 0.000000
vt 0.000000 0.000000
vt 0.000000 0.000000
vt 0.000000 0.000000
vt 0.000000 0.000000
vt 0.000000 0.000000
vt 0.000000 0.000000
vt 0.000000 0.000000
vt 0.000000 0.000000
vt 0.000000 0.000000
vt 0.000000 0.000000
vt 0.000000 0.000000
vt 0.000000 0.000000
vt 0.000000 0.000000
vt 0.000000 0.000000
vt 0.000000 0.000000
vt 0.000000 0.000000
vt 0.000000 0.000000
vt 0.000000 0.000000
vt 0.000000 0.000000
vt 0.000000 0.000000
vt 0.000000 0.000000
vt 0.000000 0.000000
vt 0.000000 0.000000
vt 0.000000 0.000000
vt 0.000000 0.000000
vt 0.000000 0.000000
vt 0.000000 0.000000
vt 0.000000 0.000000
vt 0.000000 0.000000
vt 0.000000 0.000000
vt 0.000000 0.000000
vt 0.000000 0.000000
vt 0.000000 0.000000
vt 0.000000 0.000000
vt 0.000000 0.000000
vt 0.000000 0.000000
vt 0.000000 0.000000
vt 0.000000 0.000000
vt 0.000000 0.000000
vt 0.000000 0.000000
vt 0.000000 0.000000
vt 0.000000 0.000000
vt 0.000000 0.000000
vt 0.000000 0.000000
vt 0.000000 0.000000
vt 0.000000 0.000000
vt 0.000000 0.000000
vt 0.000000 0.000000
vt 0.000000 0.000000
vt 0.000000 0.000000
vt 0.000000 0.000000
vt 0.000000 0.000000
vt 0.000000 0.000000
vt 0.000000 0.000000
vt 0.000000 0.000000
vt 0.000000 0.000000
vt 0.000000 0.000000
vt 0.000000 0.000000
vt 0.000000 0.000000
vt 0.000000 0.000000
vt 0.000000 0.000000
vt 0.000000 0.000000
vt 0.000000 0.000000
vt 0.000000 0.000000
vt 0.000000 0.000000
vt 0.000000 0.000000
vt 0.000000 0.000000
vt 0.000000 0.000000
vt 0.000000 0.000000
vt 0.000000 0.000000
vt 0.000000 0.000000
vt 0.000000 0.000000
vt 0.000000 0.000000
vt 0.000000 0.000000
vt 0.000000 0.000000
vt 0.000000 0.000000
vt 0.000000 0.000000
vt 0.000000 0.000000
vt 0.000000 0.000000
vt 0.000000 0.000000
vt 0.000000 0.000000
vt 0.000000 0.000000
vt 0.000000 0.000000
vt 0.000000 0.000000
vt 0.000000 0.000000
vt 0.000000 0.000000
vt 0.000000 0.000000
vt 0.000000 0.000000
vt 0.000000 0.000000
vt 0.000000 0.000000
vt 0.000000 0.000000
vt 0.000000 0.000000
vt 0.000000 0.000000
vt 0.000000 0.000000
vt 0.000000 0.000000
vt 0.000000 0.000000
vt 0.000000 0.000000
vt 0.000000 0.000000
vt 0.000000 0.000000
vt 0.000000 0.000000
vt 0.000000 0.000000
vt 0.000000 0.000000
vt 0.000000 0.000000
vt 0.000000 0.000000
vt 0.000000 0.000000
vt 0.000000 0.000000
vt 0.000000 0.000000
vt 0.000000 0.000000
vt 0.000000 0.000000
vt 0.000000 0.000000
vt 0.000000 0.000000
vt 0.000000 0.000000
vt 0.000000 0.000000
vt 0.000000 0.000000
vt 0.000000 0.000000
vt 0.000000 0.000000
vt 0.000000 0.000000
vt 0.000000 0.000000
vt 0.000000 0.000000
vt 0.000000 0.000000
vn 0.554119 0.405232 -0.727145
vn 0.615541 0.312101 -0.723673
vn 0.488218 0.461275 -0.740857
vn 0.565464 -0.815489 -0.123401
vn 0.685665 -0.618689 -0.383518
vn 0.736011 -0.038727 -0.675861
vn 0.610635 -0.786843 0.089459
vn 0.626198 -0.779072 -0.030385
vn 0.565464 -0.815489 -0.123401
vn 0.736011 -0.038727 -0.675861
vn 0.652416 0.544562 -0.527073
vn 0.436567 0.484207 -0.758257
vn 0.554591 0.702771 0.445579
vn 0.691837 0.719813 -0.056840
vn 0.769889 0.605488 0.201631
vn -0.000000 -0.999997 0.002615
vn -0.000000 -0.999997 0.002615
vn -0.000000 -0.999997 0.002615
vn -0.000000 -0.999997 0.002615
vn -0.000000 -0.999997 0.002615
vn -0.000000 -0.999997 0.002615
vn -0.000000 -0.999997 0.002615
vn -0.000000 -0.999997 0.002615
vn -0.000000 -0.999997 0.002615
vn -0.000000 -0.999997 0.002615
vn -0.000000 -0.999997 0.002615
vn -0.000000 -0.999997 0.002615
vn -0.000000 -0.999997 0.002615
vn -0.000000 -0.999997 0.002615
vn -0.000000 -0.999997 0.002615
vn -0.000000 -0.999997 0.002615
vn -0.000000 -0.999997 0.002615
vn -0.000000 -0.999997 0.002615
vn -0.000000 -0.999997 0.002615
vn -0.000000 -0.999997 0.002615
vn -0.000000 -0.999997 0.002615
vn -0.000000 -0.999997 0.002615
vn -0.000000 -0.999997 0.002615
vn -0.000000 -0.999997 0.002615
vn 0.482014 0.431572 -0.762501
vn 0.338258 0.366623 -0.866700
vn -0.069770 0.570163 -0.818564
vn -0.032856 0.618428 0.785155
vn 0.371889 0.397745 0.838748
vn 0.506429 0.452817 0.733816
vn 0.338258 0.366623 -0.866700
vn -0.236100 0.529613 -0.814719
vn -0.236100 0.529613 -0.814719
vn 0.338258 0.366623 -0.866700
vn -0.236100 0.529613 -0.814719
vn -0.069770 0.570163 -0.818564
vn -0.878278 -0.478131 -0.004183
vn -0.942852 -0.333120 -0.007835
vn -0.726093 -0.399189 0.559855
vn 0.595115 -0.188343 0.781258
vn 0.531333 -0.265679 0.804425
vn 0.595115 -0.188343 0.781258
vn 0.069403 -0.989665 -0.125485
vn 0.000000 -0.998395 -0.056635
vn 0.565464 -0.815489 -0.123401
vn 0.069403 -0.989665 -0.125485
vn 0.565464 -0.815489 -0.123401
vn 0.626198 -0.779072 -0.030385
vn 0.639804 0.737150 0.217395
vn 0.728286 0.577234 0.369325
vn 0.678067 0.734355 0.030785
vn -0.147973 0.976107 0.159119
vn -0.278551 0.956102 0.090990
vn 0.367502 0.928580 0.051788
vn 0.639804 0.737150 0.217395
vn -0.000000 0.948811 0.315846
vn 0.728286 0.577234 0.369325
vn 0.512033 -0.176231 -0.840693
vn 0.512646 -0.181561 -0.839184
vn 0.512646 -0.181561 -0.839184
vn 0.639804 0.737150 0.217395
vn -0.000000 0.994899 0.100872
vn -0.000000 0.948811 0.315846
vn 0.437887 -0.898790 0.020789
vn -0.000000 -0.996474 0.083898
vn -0.000000 -0.997176 0.075098
vn 0.437887 -0.898790 0.020789
vn -0.000000 -0.997176 0.075098
vn 0.438831 -0.898243 -0.024235
vn -0.587341 -0.569896 0.574673
vn -0.708573 -0.419796 0.567182
vn -0.688128 -0.217567 0.692202
vn 0.438831 -0.898243 -0.024235
vn 0.857337 -0.414207 0.305625
vn 0.437887 -0.898790 0.020789
vn -0.688128 -0.217567 0.692202
vn -0.483925 -0.472752 0.736425
vn -0.587341 -0.569896 0.574673
vn -0.454659 -0.715660 -0.530204
vn 0.132593 -0.926149 -0.353081
vn 0.053670 -0.738585 -0.672020
vn -0.454659 -0.715660 -0.530204
vn 0.053670 -0.738585 -0.672020
vn -0.284200 -0.629706 -0.722980
vn -0.570728 0.408931 0.712071
vn -0.688144 0.429672 0.584671
vn -0.555461 0.432065 0.710481
vn -0.708573 -0.419796 0.567182
vn -0.684690 0.182849 0.705525
vn -0.688128 -0.217567 0.692202
vn -0.613080 0.380652 -0.692269
vn -0.613080 0.380652 -0.692269
vn -0.613080 0.380652 -0.692269
vn -0.000000 -0.948382 0.317131
vn -0.000000 -0.997075 -0.076425
vn 0.207197 -0.966348 -0.152451
vn -0.000000 -0.948382 0.317131
vn 0.207197 -0.966348 -0.152451
vn 0.183384 -0.911110 0.369120
vn 0.365778 -0.864864 -0.343828
vn 0.207197 -0.966348 -0.152451
vn -0.000000 -0.997075 -0.076425
vn 0.365778 -0.864864 -0.343828
vn -0.000000 -0.997075 -0.076425
vn -0.000000 -0.995444 -0.095351
vn 0.437887 -0.898790 0.020789
vn 0.857337 -0.414207 0.305625
vn 0.952719 0.069982 -0.295684
vn 0.437887 -0.898790 0.020789
vn 0.952719 0.069982 -0.295684
vn 0.365778 -0.864864 -0.343828
vn 0.851492 0.007943 -0.524308
vn 0.853889 0.060713 -0.516902
vn 0.996667 -0.058882 0.056469
vn 0.851492 0.007943 -0.524308
vn 0.996667 -0.058882 0.056469
vn 0.840085 -0.046842 -0.540429
vn 0.433349 -0.278146 -0.857230
vn 0.701263 0.084425 -0.707886
vn 0.799295 0.398172 -0.450097
vn 0.433349 -0.278146 -0.857230
vn 0.799295 0.398172 -0.450097
vn 0.853889 0.060713 -0.516902
vn 0.845484 0.498952 0.190273
vn 0.914229 0.353750 0.197602
vn 0.850920 0.337842 0.402242
vn 0.845484 0.498952 0.190273
vn 0.850920 0.337842 0.402242
vn 0.728286 0.577234 0.369325
vn 0.914229 0.353750 0.197602
vn 0.845484 0.498952 0.190273
vn 0.876120 0.415835 0.243915
vn 0.914229 0.353750 0.197602
vn 0.876120 0.415835 0.243915
vn 0.877981 0.464650 0.115108
vn 0.877981 0.464650 0.115108
vn 0.876120 0.415835 0.243915
vn 0.709667 0.599290 0.370438
vn 0.877981 0.464650 0.115108
vn 0.709667 0.599290 0.370438
vn 0.689980 0.695125 0.201813
vn 0.876120 0.415835 0.243915
vn 0.614677 0.648593 0.448886
vn 0.709667 0.599290 0.370438
vn -0.000000 0.991086 0.133226
vn -0.000000 0.680924 0.732354
vn 0.696699 0.522297 0.491748
vn -0.000000 0.991086 0.133226
vn 0.696699 0.522297 0.491748
vn 0.679776 0.724895 0.111499
vn 0.679776 0.724895 0.111499
vn 0.696699 0.522297 0.491748
vn 0.876120 0.415835 0.243915
vn 0.876120 0.415835 0.243915
vn 0.845484 0.498952 0.190273
vn 0.660935 0.750393 0.008668
vn 0.876120 0.415835 0.243915
vn 0.660935 0.750393 0.008668
vn 0.679776 0.724895 0.111499
vn 0.614677 0.648593 0.448886
vn 0.696699 0.522297 0.491748
vn -0.000000 0.680924 0.732354
vn 0.614677 0.648593 0.448886
vn 0.876120 0.415835 0.243915
vn 0.696699 0.522297 0.491748
vn -0.000000 -0.977056 0.212984
vn -0.000000 -0.938239 0.345988
vn 0.202393 -0.903813 0.377039
vn -0.000000 -0.977056 0.212984
vn 0.202393 -0.903813 0.377039
vn 0.222654 -0.940709 0.255914
vn 0.559729 0.511515 0.651963
vn 0.678965 0.399718 0.615818
vn 0.562697 0.113892 0.818780
vn 0.562697 0.113892 0.818780
vn 0.604266 -0.015254 0.796636
vn 0.559729 0.511515 0.651963
vn 0.709667 0.599290 0.370438
vn 0.614677 0.648593 0.448886
vn -0.000000 0.787663 0.616106
vn 0.709667 0.599290 0.370438
vn -0.000000 0.787663 0.616106
vn 0.455183 0.701334 0.548579
vn -0.521789 0.421636 -0.741592
vn -0.583920 0.303088 -0.753111
vn -0.562694 0.382555 -0.732821
vn 0.446653 0.420265 0.789860
vn 0.558736 0.456974 0.692091
vn 0.571820 0.401179 0.715596
vn 0.798199 0.357377 0.484934
vn 0.571820 0.401179 0.715596
vn 0.717563 0.410690 0.562527
vn 0.798199 0.357377 0.484934
vn 0.717563 0.410690 0.562527
vn 0.845389 0.337858 0.413727
vn 0.558736 0.456974 0.692091
vn 0.717563 0.410690 0.562527
vn 0.571820 0.401179 0.715596
vn -0.773989 0.401107 0.489953
vn -0.688144 0.429672 0.584671
vn -0.738332 0.423193 0.525141
vn 0.636157 0.764422 0.104704
vn 0.614677 0.648593 0.448886
vn 0.623332 0.781957 0.000995
vn 0.636157 0.764422 0.104704
vn 0.623332 0.781957 0.000995
vn 0.636157 0.764422 0.104704
vn 0.627301 -0.772320 0.100073
vn 0.693273 -0.702551 0.160608
vn 0.693273 -0.702551 0.160608
vn 0.627301 -0.772320 0.100073
vn 0.693273 -0.702551 0.160608
vn 0.627301 -0.772320 0.100073
vn -0.192038 -0.978463 0.075705
vn -0.203121 -0.977430 0.058072
vn -0.192038 -0.978463 0.075705
vn 0.780917 0.620670 -0.070259
vn 0.805417 0.560266 0.193404
vn 0.689980 0.695125 0.201813
vn 0.780917 0.620670 -0.070259
vn 0.689980 0.695125 0.201813
vn 0.367502 0.928580 0.051788
vn -0.928933 -0.007088 0.370180
vn -0.779207 -0.011999 0.626652
vn -0.779207 -0.011999 0.626652
vn -0.928933 -0.007088 0.370180
vn -0.779207 -0.011999 0.626652
vn -0.928933 -0.007088 0.370180
vn -0.192038 -0.978463 0.075705
vn -0.012534 -0.973469 0.228477
vn 0.056018 -0.980304 0.189384
vn -0.192038 -0.978463 0.075705
vn 0.056018 -0.980304 0.189384
vn -0.192038 -0.978463 0.075705
vn 0.367502 0.928580 0.051788
vn 0.689980 0.695125 0.201813
vn 0.559729 0.511515 0.651963
vn 0.367502 0.928580 0.051788
vn 0.559729 0.511515 0.651963
vn -0.147973 0.976107 0.159119
vn -0.928933 -0.007088 0.370180
vn -0.996709 -0.001552 0.081049
vn -0.928933 -0.007088 0.370180
vn 0.627301 -0.772320 0.100073
vn 0.553247 -0.832139 0.038249
vn 0.627301 -0.772320 0.100073
vn 0.678965 0.399718 0.615818
vn 0.559729 0.511515 0.651963
vn 0.689980 0.695125 0.201813
vn 0.678965 0.399718 0.615818
vn 0.689980 0.695125 0.201813
vn 0.709667 0.599290 0.370438
vn 0.433349 -0.278146 -0.857230
vn -0.284200 -0.629706 -0.722980
vn 0.053670 -0.738585 -0.672020
vn 0.840085 -0.046842 -0.540429
vn 0.817230 -0.066331 -0.572482
vn 0.851492 0.007943 -0.524308
vn 0.851492 0.007943 -0.524308
vn 0.433349 -0.278146 -0.857230
vn 0.853889 0.060713 -0.516902
vn 0.916535 -0.385938 0.104953
vn 0.000000 -0.996826 0.079613
vn 0.862007 -0.240291 0.446322
vn 0.000000 -0.764354 -0.644797
vn 0.053670 -0.738585 -0.672020
vn 0.132593 -0.926149 -0.353081
vn 0.000000 -0.764354 -0.644797
vn 0.132593 -0.926149 -0.353081
vn 0.000000 -0.974339 -0.225087
vn 0.726566 -0.303846 -0.616262
vn 0.916535 -0.385938 0.104953
vn 0.937488 -0.196841 0.287002
vn 0.726566 -0.303846 -0.616262
vn 0.937488 -0.196841 0.287002
vn 0.971736 -0.234185 0.029780
vn 0.702268 0.326028 -0.632871
vn 0.000000 0.321031 -0.947069
vn 0.000000 0.678865 -0.734264
vn 0.702268 0.326028 -0.632871
vn 0.923653 0.286781 -0.254206
vn 0.949727 0.269129 0.159964
vn 0.702268 0.326028 -0.632871
vn 0.949727 0.269129 0.159964
vn 0.669912 0.064638 -0.739621
vn 0.973236 -0.133747 -0.186880
vn 0.916535 -0.385938 0.104953
vn 0.726566 -0.303846 -0.616262
vn 0.973236 -0.133747 -0.186880
vn 0.726566 -0.303846 -0.616262
vn 0.668820 -0.135519 -0.730968
vn 0.000000 -0.402119 -0.915587
vn 0.000000 -0.313536 -0.949576
vn 0.726566 -0.303846 -0.616262
vn 0.672210 0.065395 0.737466
vn 0.694844 0.589734 0.411589
vn 0.949727 0.269129 0.159964
vn 0.989127 -0.037784 -0.142127
vn 0.751089 -0.647291 -0.129923
vn 0.916535 -0.385938 0.104953
vn 0.989127 -0.037784 -0.142127
vn 0.916535 -0.385938 0.104953
vn 0.973236 -0.133747 -0.186880
vn 0.916535 -0.385938 0.104953
vn 0.751089 -0.647291 -0.129923
vn 0.000000 -0.996826 0.079613
vn 0.694844 0.589734 0.411589
vn 0.516715 0.842278 -0.153535
vn 0.783215 0.603843 -0.148145
vn 0.694844 0.589734 0.411589
vn 0.783215 0.603843 -0.148145
vn 0.949727 0.269129 0.159964
vn 0.669912 0.064638 -0.739621
vn 0.000000 0.098152 -0.995171
vn 0.000000 0.321031 -0.947069
vn 0.669912 0.064638 -0.739621
vn 0.000000 0.321031 -0.947069
vn 0.702268 0.326028 -0.632871
vn 0.639728 0.007556 0.768564
vn 0.648542 -0.043338 0.759944
vn 0.672210 0.065395 0.737466
vn 0.000000 -0.075690 -0.997131
vn 0.000000 0.098152 -0.995171
vn 0.669912 0.064638 -0.739621
vn 0.000000 -0.075690 -0.997131
vn 0.669912 0.064638 -0.739621
vn 0.668820 -0.135519 -0.730968
vn 0.923653 0.286781 -0.254206
vn 0.702268 0.326028 -0.632871
vn 0.000000 0.678865 -0.734264
vn 0.923653 0.286781 -0.254206
vn 0.000000 0.678865 -0.734264
vn 0.909606 0.392824 -0.135301
vn 0.949727 0.269129 0.159964
vn 0.639728 0.007556 0.768564
vn 0.672210 0.065395 0.737466
vn 0.857337 -0.414207 0.305625
vn 0.769118 -0.313625 0.556863
vn 0.769118 -0.313625 0.556863
vn 0.857337 -0.414207 0.305625
vn 0.769118 -0.313625 0.556863
vn 0.996667 -0.058882 0.056469
vn -0.494879 -0.659561 -0.565752
vn -0.609320 -0.361610 -0.705668
vn -0.609320 -0.361610 -0.705668
vn -0.494879 -0.659561 -0.565752
vn -0.609320 -0.361610 -0.705668
vn -0.494879 -0.659561 -0.565752
vn -0.684690 0.182849 0.705525
vn -0.616477 0.427040 0.661508
vn -0.616477 0.427040 0.661508
vn -0.684690 0.182849 0.705525
vn -0.616477 0.427040 0.661508
vn -0.688128 -0.217567 0.692202
vn -0.609320 -0.361610 -0.705668
vn -0.652281 0.143335 -0.744301
vn -0.583920 0.303088 -0.753111
vn -0.609320 -0.361610 -0.705668
vn -0.583920 0.303088 -0.753111
vn -0.609320 -0.361610 -0.705668
vn -0.616477 0.427040 0.661508
vn -0.555461 0.432065 0.710481
vn -0.688144 0.429672 0.584671
vn -0.616477 0.427040 0.661508
vn -0.688144 0.429672 0.584671
vn -0.616477 0.427040 0.661508
vn -0.738332 0.423193 0.525141
vn -0.751105 0.285696 0.595163
vn -0.773989 0.401107 0.489953
vn -0.583920 0.303088 -0.753111
vn -0.652281 0.143335 -0.744301
vn -0.637293 0.302564 -0.708740
vn -0.583920 0.303088 -0.753111
vn -0.637293 0.302564 -0.708740
vn -0.562694 0.382555 -0.732821
vn -0.688144 0.429672 0.584671
vn -0.570728 0.408931 0.712071
vn -0.738332 0.423193 0.525141
vn 0.250270 -0.620184 -0.743463
vn 0.433349 -0.278146 -0.857230
vn 0.053670 -0.738585 -0.672020
vn 0.183384 -0.911110 0.369120
vn 0.202393 -0.903813 0.377039
vn -0.000000 -0.938239 0.345988
vn 0.183384 -0.911110 0.369120
vn -0.000000 -0.938239 0.345988
vn -0.000000 -0.948382 0.317131
vn 0.222654 -0.940709 0.255914
vn 0.246992 -0.936018 0.250730
vn -0.000000 -0.965945 0.258746
vn 0.222654 -0.940709 0.255914
vn -0.000000 -0.965945 0.258746
vn -0.000000 -0.977056 0.212984
vn 0.685665 -0.618689 -0.383518
vn 0.000000 -0.938484 -0.345322
vn 0.000000 -0.996826 0.079613
vn 0.685665 -0.618689 -0.383518
vn 0.000000 -0.996826 0.079613
vn 0.751089 -0.647291 -0.129923
vn 0.000000 -0.998395 -0.056635
vn 0.000000 -0.938484 -0.345322
vn 0.685665 -0.618689 -0.383518
vn 0.000000 -0.998395 -0.056635
vn 0.685665 -0.618689 -0.383518
vn 0.565464 -0.815489 -0.123401
vn 0.000000 0.999986 0.005373
vn 0.000000 0.842961 -0.537974
vn 0.586160 0.653174 -0.479355
vn 0.000000 0.999986 0.005373
vn 0.586160 0.653174 -0.479355
vn 0.691837 0.719813 -0.056840
vn 0.850920 0.337842 0.402242
vn 0.914229 0.353750 0.197602
vn 0.952719 0.069982 -0.295684
vn 0.850920 0.337842 0.402242
vn 0.952719 0.069982 -0.295684
vn 0.857337 -0.414207 0.305625
vn 0.554119 0.405232 -0.727145
vn 0.671559 0.285585 -0.683703
vn 0.699731 0.155522 -0.697273
vn 0.554119 0.405232 -0.727145
vn 0.699731 0.155522 -0.697273
vn 0.615541 0.312101 -0.723673
vn 0.222654 -0.940709 0.255914
vn 0.202393 -0.903813 0.377039
vn 0.056018 -0.980304 0.189384
vn 0.222654 -0.940709 0.255914
vn 0.056018 -0.980304 0.189384
vn -0.012534 -0.973469 0.228477
vn 0.222654 -0.940709 0.255914
vn -0.012534 -0.973469 0.228477
vn 0.156389 -0.922463 0.352993
vn 0.221214 -0.876018 0.428551
vn 0.202393 -0.903813 0.377039
vn 0.183384 -0.911110 0.369120
vn 0.221214 -0.876018 0.428551
vn 0.183384 -0.911110 0.369120
vn 0.253580 -0.870509 0.421795
vn 0.253580 -0.870509 0.421795
vn 0.183384 -0.911110 0.369120
vn 0.207197 -0.966348 -0.152451
vn 0.253580 -0.870509 0.421795
vn 0.207197 -0.966348 -0.152451
vn 0.293644 -0.927899 -0.229731
vn 0.293644 -0.927899 -0.229731
vn 0.207197 -0.966348 -0.152451
vn 0.365778 -0.864864 -0.343828
vn 0.293644 -0.927899 -0.229731
vn 0.365778 -0.864864 -0.343828
vn 0.748181 -0.332249 -0.574314
vn 0.948083 0.223074 -0.226666
vn 0.848624 0.528331 0.026536
vn 0.977968 0.205796 -0.035014
vn 0.972255 0.229400 0.045786
vn 0.848624 0.528331 0.026536
vn 0.932702 0.293186 0.210021
vn 0.977968 0.205796 -0.035014
vn 0.848624 0.528331 0.026536
vn 0.972255 0.229400 0.045786
vn 0.679776 0.724895 0.111499
vn 0.660935 0.750393 0.008668
vn -0.000000 0.830312 0.557299
vn 0.679776 0.724895 0.111499
vn -0.000000 0.830312 0.557299
vn -0.000000 0.991086 0.133226
vn 0.952719 0.069982 -0.295684
vn 0.848624 0.528331 0.026536
vn 0.948083 0.223074 -0.226666
vn 0.636157 0.764422 0.104704
vn 0.623498 0.764073 0.165660
vn 0.636157 0.764422 0.104704
vn 0.367502 0.928580 0.051788
vn 0.802994 0.589800 0.085659
vn 0.780917 0.620670 -0.070259
vn 0.932702 0.293186 0.210021
vn 0.848624 0.528331 0.026536
vn 0.805417 0.560266 0.193404
vn 0.056018 -0.980304 0.189384
vn 0.202393 -0.903813 0.377039
vn 0.221214 -0.876018 0.428551
vn -0.000000 0.972821 -0.231558
vn 0.678067 0.734355 0.030785
vn 0.431761 0.857475 -0.279855
vn 0.519164 0.632755 0.574535
vn 0.525944 0.520585 0.672588
vn 0.565567 0.428696 0.704524
vn 0.512646 -0.181561 -0.839184
vn 0.513242 -0.186885 -0.837649
vn 0.512646 -0.181561 -0.839184
vn 0.886748 0.461403 0.028018
vn 0.678067 0.734355 0.030785
vn 0.728286 0.577234 0.369325
vn 0.886748 0.461403 0.028018
vn 0.728286 0.577234 0.369325
vn 0.850920 0.337842 0.402242
vn 0.521670 0.738622 0.426963
vn 0.521670 0.738622 0.426963
vn 0.578952 0.603019 0.548801
vn 0.521670 0.738622 0.426963
vn 0.578952 0.603019 0.548801
vn 0.578952 0.603019 0.548801
vn 0.578952 0.603019 0.548801
vn 0.578952 0.603019 0.548801
vn 0.717563 0.410690 0.562527
vn 0.578952 0.603019 0.548801
vn 0.717563 0.410690 0.562527
vn 0.558736 0.456974 0.692091
vn 0.845389 0.337858 0.413727
vn 0.827428 0.243022 0.506264
vn 0.798199 0.357377 0.484934
vn 0.615541 0.312101 -0.723673
vn 0.699731 0.155522 -0.697273
vn 0.741284 -0.086185 -0.665635
vn 0.615541 0.312101 -0.723673
vn 0.741284 -0.086185 -0.665635
vn 0.741284 -0.086185 -0.665635
vn 0.840085 -0.046842 -0.540429
vn 0.741284 -0.086185 -0.665635
vn 0.741284 -0.086185 -0.665635
vn 0.840085 -0.046842 -0.540429
vn 0.741284 -0.086185 -0.665635
vn 0.817230 -0.066331 -0.572482
vn 0.431761 0.857475 -0.279855
vn 0.678067 0.734355 0.030785
vn 0.615939 0.705258 -0.351042
vn 0.850920 0.337842 0.402242
vn 0.857337 -0.414207 0.305625
vn 0.996667 -0.058882 0.056469
vn 0.850920 0.337842 0.402242
vn 0.996667 -0.058882 0.056469
vn 0.886748 0.461403 0.028018
vn 0.689980 0.695125 0.201813
vn 0.805417 0.560266 0.193404
vn 0.848624 0.528331 0.026536
vn 0.689980 0.695125 0.201813
vn 0.848624 0.528331 0.026536
vn 0.877981 0.464650 0.115108
vn 0.783215 0.603843 -0.148145
vn 0.516715 0.842278 -0.153535
vn 0.000000 0.803467 -0.595349
vn 0.783215 0.603843 -0.148145
vn 0.000000 0.803467 -0.595349
vn 0.652416 0.544562 -0.527073
vn -0.000000 -0.997176 0.075098
vn 0.000000 -0.974339 -0.225087
vn 0.132593 -0.926149 -0.353081
vn -0.000000 -0.997176 0.075098
vn 0.132593 -0.926149 -0.353081
vn 0.438831 -0.898243 -0.024235
vn 0.455183 0.701334 0.548579
vn -0.000000 0.787663 0.616106
vn -0.000000 0.696545 0.717513
vn 0.614677 0.648593 0.448886
vn -0.000000 0.860165 0.510015
vn 0.623332 0.781957 0.000995
vn 0.877981 0.464650 0.115108
vn 0.848624 0.528331 0.026536
vn 0.952719 0.069982 -0.295684
vn 0.877981 0.464650 0.115108
vn 0.952719 0.069982 -0.295684
vn 0.914229 0.353750 0.197602
vn 0.728286 0.577234 0.369325
vn -0.000000 0.830312 0.557299
vn 0.660935 0.750393 0.008668
vn 0.728286 0.577234 0.369325
vn 0.660935 0.750393 0.008668
vn 0.845484 0.498952 0.190273
vn 0.614677 0.648593 0.448886
vn -0.000000 0.680924 0.732354
vn -0.000000 0.860165 0.510015
vn 0.606923 0.245375 -0.755934
vn 0.606923 0.245375 -0.755934
vn 0.623991 0.146927 -0.767494
vn 0.565567 0.428696 0.704524
vn 0.525944 0.520585 0.672588
vn -0.000000 0.830312 0.557299
vn 0.575118 -0.182407 -0.797476
vn 0.338258 0.366623 -0.866700
vn 0.663855 0.098190 -0.741387
vn 0.575118 -0.182407 -0.797476
vn 0.663855 0.098190 -0.741387
vn 0.575118 -0.182407 -0.797476
vn 0.948083 0.223074 -0.226666
vn 0.977968 0.205796 -0.035014
vn 0.972255 0.229400 0.045786
vn 0.948083 0.223074 -0.226666
vn 0.972255 0.229400 0.045786
vn 0.932702 0.293186 0.210021
vn 0.948083 0.223074 -0.226666
vn 0.932702 0.293186 0.210021
vn 0.984275 0.034910 0.173157
vn 0.948083 0.223074 -0.226666
vn 0.984275 0.034910 0.173157
vn 0.987991 -0.154501 -0.001590
vn 0.948083 0.223074 -0.226666
vn 0.987991 -0.154501 -0.001590
vn 0.987991 -0.154501 -0.001590
vn 0.948083 0.223074 -0.226666
vn 0.987991 -0.154501 -0.001590
vn 0.748181 -0.332249 -0.574314
vn 0.748181 -0.332249 -0.574314
vn 0.365778 -0.864864 -0.343828
vn 0.952719 0.069982 -0.295684
vn 0.952719 0.069982 -0.295684
vn 0.948083 0.223074 -0.226666
vn 0.748181 -0.332249 -0.574314
vn 0.984275 0.034910 0.173157
vn 0.932702 0.293186 0.210021
vn 0.805417 0.560266 0.193404
vn 0.615939 0.705258 -0.351042
vn 0.799295 0.398172 -0.450097
vn 0.701263 0.084425 -0.707886
vn 0.615939 0.705258 -0.351042
vn 0.701263 0.084425 -0.707886
vn 0.586160 0.653174 -0.479355
vn 0.652416 0.544562 -0.527073
vn 0.736011 -0.038727 -0.675861
vn 0.989127 -0.037784 -0.142127
vn 0.652416 0.544562 -0.527073
vn 0.989127 -0.037784 -0.142127
vn 0.783215 0.603843 -0.148145
vn 0.751089 -0.647291 -0.129923
vn 0.989127 -0.037784 -0.142127
vn 0.736011 -0.038727 -0.675861
vn 0.751089 -0.647291 -0.129923
vn 0.736011 -0.038727 -0.675861
vn 0.685665 -0.618689 -0.383518
vn 0.701263 0.084425 -0.707886
vn 0.433349 -0.278146 -0.857230
vn 0.250270 -0.620184 -0.743463
vn 0.799295 0.398172 -0.450097
vn 0.886748 0.461403 0.028018
vn 0.996667 -0.058882 0.056469
vn 0.799295 0.398172 -0.450097
vn 0.996667 -0.058882 0.056469
vn 0.853889 0.060713 -0.516902
vn 0.436567 0.484207 -0.758257
vn 0.652416 0.544562 -0.527073
vn 0.000000 0.803467 -0.595349
vn 0.436567 0.484207 -0.758257
vn 0.000000 0.803467 -0.595349
vn 0.000000 0.678913 -0.734219
vn 0.691837 0.719813 -0.056840
vn 0.586160 0.653174 -0.479355
vn 0.701263 0.084425 -0.707886
vn 0.691837 0.719813 -0.056840
vn 0.701263 0.084425 -0.707886
vn 0.769889 0.605488 0.201631
vn 0.506429 0.452817 0.733816
vn 0.371889 0.397745 0.838748
vn 0.687762 0.102380 0.718681
vn 0.000000 0.926473 0.376362
vn 0.000000 0.999986 0.005373
vn 0.691837 0.719813 -0.056840
vn 0.000000 0.926473 0.376362
vn 0.691837 0.719813 -0.056840
vn 0.554591 0.702771 0.445579
vn 0.482014 0.431572 -0.762501
vn 0.663855 0.098190 -0.741387
vn 0.338258 0.366623 -0.866700
vn 0.431761 0.857475 -0.279855
vn 0.000000 0.842961 -0.537974
vn -0.000000 0.972821 -0.231558
vn 0.615939 0.705258 -0.351042
vn 0.586160 0.653174 -0.479355
vn 0.000000 0.842961 -0.537974
vn 0.615939 0.705258 -0.351042
vn 0.000000 0.842961 -0.537974
vn 0.431761 0.857475 -0.279855
vn 0.799295 0.398172 -0.450097
vn 0.615939 0.705258 -0.351042
vn 0.678067 0.734355 0.030785
vn 0.799295 0.398172 -0.450097
vn 0.678067 0.734355 0.030785
vn 0.886748 0.461403 0.028018
vn 0.606923 0.245375 -0.755934
vn 0.606923 0.245375 -0.755934
vn 0.583714 0.341340 -0.736726
vn 0.565567 0.428696 0.704524
vn -0.000000 0.830312 0.557299
vn 0.728286 0.577234 0.369325
vn -0.000000 -0.995444 -0.095351
vn -0.000000 -0.996474 0.083898
vn 0.437887 -0.898790 0.020789
vn -0.000000 -0.995444 -0.095351
vn 0.437887 -0.898790 0.020789
vn 0.365778 -0.864864 -0.343828
vn 0.100498 0.643598 0.758737
vn -0.197896 0.619715 0.759467
vn -0.197896 0.619715 0.759467
vn 0.100498 0.643598 0.758737
vn -0.197896 0.619715 0.759467
vn 0.100498 0.643598 0.758737
vn 0.045343 -0.754188 0.655092
vn -0.369828 -0.629856 0.683014
vn -0.369828 -0.629856 0.683014
vn 0.045343 -0.754188 0.655092
vn -0.369828 -0.629856 0.683014
vn 0.045343 -0.754188 0.655092
vn 0.008952 -0.710227 -0.703915
vn -0.382217 -0.615074 -0.689633
vn -0.382217 -0.615074 -0.689633
vn 0.008952 -0.710227 -0.703915
vn -0.382217 -0.615074 -0.689633
vn 0.008952 -0.710227 -0.703915
vn 0.050658 0.507705 -0.860040
vn -0.236100 0.529613 -0.814719
vn -0.236100 0.529613 -0.814719
vn 0.050658 0.507705 -0.860040
vn -0.236100 0.529613 -0.814719
vn 0.050658 0.507705 -0.860040
vn -0.032856 0.618428 0.785155
vn -0.197896 0.619715 0.759467
vn -0.197896 0.619715 0.759467
vn -0.032856 0.618428 0.785155
vn -0.197896 0.619715 0.759467
vn 0.371889 0.397745 0.838748
vn -0.725766 -0.391203 -0.565883
vn -0.942852 -0.333120 -0.007835
vn -0.878278 -0.478131 -0.004183
vn -0.554118 0.405232 -0.727145
vn -0.573740 0.317368 -0.755049
vn -0.488218 0.461275 -0.740857
vn -0.736010 -0.038727 -0.675862
vn -0.685665 -0.618689 -0.383519
vn -0.565464 -0.815489 -0.123401
vn -0.565464 -0.815489 -0.123401
vn -0.552869 -0.832114 -0.043856
vn -0.983330 -0.181751 -0.005422
vn -0.436567 0.484207 -0.758257
vn -0.652416 0.544562 -0.527074
vn -0.736010 -0.038727 -0.675862
vn -0.983330 -0.181751 -0.005422
vn -0.691837 0.719813 -0.056840
vn -0.554591 0.702771 0.445579
vn 0.000000 -0.999997 0.002615
vn 0.000000 -0.999997 0.002615
vn 0.000000 -0.999997 0.002615
vn 0.000000 -0.999997 0.002615
vn 0.000000 -0.999997 0.002615
vn 0.000000 -0.999997 0.002615
vn 0.000000 -0.999997 0.002615
vn 0.000000 -0.999997 0.002615
vn 0.000000 -0.999997 0.002615
vn 0.000000 -0.999997 0.002615
vn 0.000000 -0.999997 0.002615
vn 0.000000 -0.999997 0.002615
vn 0.000000 -0.999997 0.002615
vn 0.000000 -0.999997 0.002615
vn 0.000000 -0.999997 0.002615
vn 0.000000 -0.999997 0.002615
vn 0.000000 -0.999997 0.002615
vn 0.000000 -0.999997 0.002615
vn 0.000000 -0.999997 0.002615
vn 0.000000 -0.999997 0.002615
vn 0.000000 -0.999997 0.002615
vn 0.000000 -0.999997 0.002615
vn 0.000000 -0.999997 0.002615
vn 0.000000 -0.999997 0.002615
vn 0.069770 0.570163 -0.818564
vn -0.338258 0.366623 -0.866700
vn -0.482014 0.431572 -0.762501
vn -0.506429 0.452817 0.733816
vn -0.371889 0.397745 0.838748
vn 0.032857 0.618428 0.785154
vn 0.069770 0.570163 -0.818564
vn 0.236100 0.529613 -0.814719
vn 0.236100 0.529613 -0.814719
vn 0.069770 0.570163 -0.818564
vn 0.236100 0.529613 -0.814719
vn -0.338258 0.366623 -0.866700
vn 0.878278 -0.478131 -0.004183
vn 0.369828 -0.629856 0.683014
vn 0.369828 -0.629856 0.683014
vn 0.878278 -0.478131 -0.004183
vn 0.369828 -0.629856 0.683014
vn 0.601173 -0.492227 0.629526
vn 0.878278 -0.478131 -0.004183
vn 0.601173 -0.492227 0.629526
vn 0.726093 -0.399189 0.559855
vn -0.595115 -0.188342 0.781259
vn -0.371889 0.397745 0.838748
vn -0.687762 0.102380 0.718681
vn -0.595115 -0.188342 0.781259
vn -0.687762 0.102380 0.718681
vn -0.595115 -0.188342 0.781259
vn -0.552869 -0.832114 -0.043856
vn -0.565464 -0.815489 -0.123401
vn 0.000000 -0.998395 -0.056635
vn -0.552869 -0.832114 -0.043856
vn 0.000000 -0.998395 -0.056635
vn 0.069403 -0.989665 -0.125485
vn -0.678067 0.734355 0.030784
vn -0.728286 0.577234 0.369325
vn -0.639804 0.737150 0.217394
vn -0.367503 0.928580 0.051788
vn 0.278551 0.956102 0.090990
vn 0.147973 0.976107 0.159119
vn -0.728286 0.577234 0.369325
vn -0.000000 0.948811 0.315846
vn -0.639804 0.737150 0.217394
vn -0.512646 -0.181561 -0.839184
vn -0.512646 -0.181561 -0.839184
vn -0.512033 -0.176231 -0.840693
vn -0.000000 0.948811 0.315846
vn -0.000000 0.994899 0.100872
vn -0.639804 0.737150 0.217394
vn -0.438831 -0.898243 -0.024235
vn -0.000000 -0.997176 0.075098
vn -0.000000 -0.996474 0.083898
vn -0.438831 -0.898243 -0.024235
vn -0.000000 -0.996474 0.083898
vn -0.437887 -0.898790 0.020789
vn 0.688128 -0.217567 0.692202
vn 0.708573 -0.419796 0.567182
vn 0.587341 -0.569896 0.574673
vn -0.437887 -0.898790 0.020789
vn -0.857337 -0.414207 0.305624
vn -0.438831 -0.898243 -0.024235
vn 0.587341 -0.569896 0.574673
vn 0.483925 -0.472752 0.736425
vn 0.688128 -0.217567 0.692202
vn 0.284200 -0.629707 -0.722980
vn -0.053670 -0.738585 -0.672020
vn -0.132593 -0.926149 -0.353082
vn 0.284200 -0.629707 -0.722980
vn -0.132593 -0.926149 -0.353082
vn 0.454659 -0.715660 -0.530204
vn 0.555461 0.432065 0.710481
vn 0.688144 0.429672 0.584671
vn 0.570728 0.408931 0.712071
vn 0.688128 -0.217567 0.692202
vn 0.684690 0.182849 0.705525
vn 0.708573 -0.419796 0.567182
vn 0.613080 0.380652 -0.692269
vn 0.613080 0.380652 -0.692269
vn 0.613080 0.380652 -0.692269
vn -0.183384 -0.911110 0.369120
vn -0.207197 -0.966348 -0.152451
vn -0.000000 -0.997075 -0.076425
vn -0.183384 -0.911110 0.369120
vn -0.000000 -0.997075 -0.076425
vn -0.000000 -0.948382 0.317131
vn -0.000000 -0.995444 -0.095351
vn -0.000000 -0.997075 -0.076425
vn -0.207197 -0.966348 -0.152451
vn -0.000000 -0.995444 -0.095351
vn -0.207197 -0.966348 -0.152451
vn -0.365778 -0.864864 -0.343828
vn -0.365778 -0.864864 -0.343828
vn -0.952719 0.069982 -0.295684
vn -0.857337 -0.414207 0.305624
vn -0.365778 -0.864864 -0.343828
vn -0.857337 -0.414207 0.305624
vn -0.437887 -0.898790 0.020789
vn -0.840085 -0.046842 -0.540429
vn -0.996667 -0.058881 0.056469
vn -0.853889 0.060713 -0.516903
vn -0.840085 -0.046842 -0.540429
vn -0.853889 0.060713 -0.516903
vn -0.851492 0.007943 -0.524308
vn -0.853889 0.060713 -0.516903
vn -0.799295 0.398171 -0.450097
vn -0.772356 0.234594 -0.590281
vn -0.853889 0.060713 -0.516903
vn -0.772356 0.234594 -0.590281
vn -0.539771 -0.312030 -0.781847
vn -0.728286 0.577234 0.369325
vn -0.850920 0.337842 0.402242
vn -0.914229 0.353750 0.197602
vn -0.728286 0.577234 0.369325
vn -0.914229 0.353750 0.197602
vn -0.845484 0.498952 0.190273
vn -0.877981 0.464650 0.115108
vn -0.876120 0.415835 0.243915
vn -0.845484 0.498952 0.190273
vn -0.877981 0.464650 0.115108
vn -0.845484 0.498952 0.190273
vn -0.914229 0.353750 0.197602
vn -0.689980 0.695125 0.201813
vn -0.709668 0.599290 0.370437
vn -0.876120 0.415835 0.243915
vn -0.689980 0.695125 0.201813
vn -0.876120 0.415835 0.243915
vn -0.877981 0.464650 0.115108
vn -0.709668 0.599290 0.370437
vn -0.614678 0.648593 0.448886
vn -0.876120 0.415835 0.243915
vn -0.679776 0.724895 0.111499
vn -0.696699 0.522297 0.491748
vn -0.000000 0.680924 0.732354
vn -0.679776 0.724895 0.111499
vn -0.000000 0.680924 0.732354
vn -0.000000 0.991086 0.133226
vn -0.876120 0.415835 0.243915
vn -0.696699 0.522297 0.491748
vn -0.679776 0.724895 0.111499
vn -0.679776 0.724895 0.111499
vn -0.660935 0.750393 0.008668
vn -0.845484 0.498952 0.190273
vn -0.679776 0.724895 0.111499
vn -0.845484 0.498952 0.190273
vn -0.876120 0.415835 0.243915
vn -0.000000 0.680924 0.732354
vn -0.696699 0.522297 0.491748
vn -0.614678 0.648593 0.448886
vn -0.696699 0.522297 0.491748
vn -0.876120 0.415835 0.243915
vn -0.614678 0.648593 0.448886
vn -0.222654 -0.940709 0.255914
vn -0.202393 -0.903813 0.377039
vn -0.000000 -0.938239 0.345988
vn -0.222654 -0.940709 0.255914
vn -0.000000 -0.938239 0.345988
vn -0.000000 -0.977056 0.212984
vn -0.562697 0.113892 0.818780
vn -0.678965 0.399718 0.615818
vn -0.559729 0.511515 0.651963
vn -0.559729 0.511515 0.651963
vn -0.604266 -0.015254 0.796636
vn -0.562697 0.113892 0.818780
vn -0.455184 0.701333 0.548579
vn -0.000000 0.787663 0.616106
vn -0.614678 0.648593 0.448886
vn -0.455184 0.701333 0.548579
vn -0.614678 0.648593 0.448886
vn -0.709668 0.599290 0.370437
vn 0.521790 0.421636 -0.741592
vn 0.623235 0.232931 -0.746539
vn 0.562694 0.382555 -0.732821
vn -0.446653 0.420265 0.789860
vn -0.524734 0.283530 0.802661
vn -0.571821 0.401179 0.715595
vn -0.717563 0.410690 0.562527
vn -0.571821 0.401179 0.715595
vn -0.798199 0.357377 0.484934
vn -0.845389 0.337858 0.413727
vn -0.717563 0.410690 0.562527
vn -0.798199 0.357377 0.484934
vn -0.571821 0.401179 0.715595
vn -0.717563 0.410690 0.562527
vn -0.558736 0.456974 0.692091
vn 0.738332 0.423193 0.525142
vn 0.688144 0.429672 0.584671
vn 0.773989 0.401107 0.489953
vn -0.636159 0.764421 0.104704
vn -0.623333 0.781956 0.000995
vn -0.614678 0.648593 0.448886
vn -0.636159 0.764421 0.104704
vn -0.614678 0.648593 0.448886
vn -0.636159 0.764421 0.104704
vn -0.627303 -0.772319 0.100073
vn -0.693274 -0.702549 0.160608
vn -0.693274 -0.702549 0.160608
vn -0.627303 -0.772319 0.100073
vn -0.693274 -0.702549 0.160608
vn -0.627303 -0.772319 0.100073
vn 0.192038 -0.978463 0.075705
vn 0.203121 -0.977430 0.058072
vn 0.192038 -0.978463 0.075705
vn -0.367503 0.928580 0.051788
vn -0.689980 0.695125 0.201813
vn -0.805417 0.560266 0.193404
vn -0.367503 0.928580 0.051788
vn -0.805417 0.560266 0.193404
vn -0.780918 0.620670 -0.070259
vn 0.928933 -0.007088 0.370180
vn 0.779206 -0.011999 0.626653
vn 0.779206 -0.011999 0.626653
vn 0.928933 -0.007088 0.370180
vn 0.779206 -0.011999 0.626653
vn 0.928933 -0.007088 0.370180
vn 0.192038 -0.978463 0.075705
vn -0.056018 -0.980304 0.189384
vn 0.012534 -0.973469 0.228477
vn 0.192038 -0.978463 0.075705
vn 0.012534 -0.973469 0.228477
vn 0.192038 -0.978463 0.075705
vn 0.147973 0.976107 0.159119
vn -0.559729 0.511515 0.651963
vn -0.689980 0.695125 0.201813
vn 0.147973 0.976107 0.159119
vn -0.689980 0.695125 0.201813
vn -0.367503 0.928580 0.051788
vn 0.928933 -0.007088 0.370180
vn 0.996709 -0.001552 0.081049
vn 0.928933 -0.007088 0.370180
vn -0.627303 -0.772319 0.100073
vn -0.553249 -0.832138 0.038249
vn -0.627303 -0.772319 0.100073
vn -0.709668 0.599290 0.370437
vn -0.689980 0.695125 0.201813
vn -0.559729 0.511515 0.651963
vn -0.709668 0.599290 0.370437
vn -0.559729 0.511515 0.651963
vn -0.678965 0.399718 0.615818
vn -0.053670 -0.738585 -0.672020
vn 0.284200 -0.629707 -0.722980
vn -0.539771 -0.312030 -0.781847
vn -0.851492 0.007943 -0.524308
vn -0.817230 -0.066331 -0.572482
vn -0.840085 -0.046842 -0.540429
vn -0.853889 0.060713 -0.516903
vn -0.539771 -0.312030 -0.781847
vn -0.851492 0.007943 -0.524308
vn -0.862007 -0.240291 0.446323
vn 0.000000 -0.996826 0.079613
vn -0.916535 -0.385938 0.104954
vn 0.000000 -0.974339 -0.225087
vn -0.132593 -0.926149 -0.353082
vn -0.053670 -0.738585 -0.672020
vn 0.000000 -0.974339 -0.225087
vn -0.053670 -0.738585 -0.672020
vn 0.000000 -0.764354 -0.644797
vn -0.971736 -0.234185 0.029781
vn -0.937488 -0.196841 0.287003
vn -0.916535 -0.385938 0.104954
vn -0.971736 -0.234185 0.029781
vn -0.916535 -0.385938 0.104954
vn -0.726566 -0.303846 -0.616262
vn 0.000000 0.678865 -0.734264
vn 0.000000 0.321031 -0.947069
vn -0.702268 0.326029 -0.632871
vn -0.669912 0.064638 -0.739621
vn -0.949727 0.269129 0.159964
vn -0.923653 0.286782 -0.254207
vn -0.669912 0.064638 -0.739621
vn -0.923653 0.286782 -0.254207
vn -0.702268 0.326029 -0.632871
vn -0.973236 -0.133747 -0.186880
vn -0.949727 0.269129 0.159964
vn -0.669912 0.064638 -0.739621
vn -0.973236 -0.133747 -0.186880
vn -0.669912 0.064638 -0.739621
vn -0.668820 -0.135519 -0.730969
vn -0.726566 -0.303846 -0.616262
vn 0.000000 -0.313536 -0.949576
vn 0.000000 -0.402119 -0.915587
vn -0.949727 0.269129 0.159964
vn -0.694844 0.589734 0.411589
vn -0.672210 0.065395 0.737466
vn -0.989127 -0.037784 -0.142128
vn -0.783215 0.603843 -0.148146
vn -0.949727 0.269129 0.159964
vn -0.989127 -0.037784 -0.142128
vn -0.949727 0.269129 0.159964
vn -0.973236 -0.133747 -0.186880
vn 0.000000 -0.996826 0.079613
vn -0.751088 -0.647291 -0.129924
vn -0.916535 -0.385938 0.104954
vn -0.949727 0.269129 0.159964
vn -0.783215 0.603843 -0.148146
vn -0.516714 0.842278 -0.153536
vn -0.949727 0.269129 0.159964
vn -0.516714 0.842278 -0.153536
vn -0.694844 0.589734 0.411589
vn -0.702268 0.326029 -0.632871
vn 0.000000 0.321031 -0.947069
vn 0.000000 0.098152 -0.995171
vn -0.702268 0.326029 -0.632871
vn 0.000000 0.098152 -0.995171
vn -0.669912 0.064638 -0.739621
vn -0.672210 0.065395 0.737466
vn -0.648542 -0.043337 0.759944
vn -0.639728 0.007556 0.768564
vn 0.000000 -0.075690 -0.997131
vn 0.000000 -0.313536 -0.949576
vn -0.726566 -0.303846 -0.616262
vn 0.000000 -0.075690 -0.997131
vn -0.726566 -0.303846 -0.616262
vn -0.668820 -0.135519 -0.730969
vn -0.909606 0.392825 -0.135302
vn 0.000000 0.678865 -0.734264
vn -0.702268 0.326029 -0.632871
vn -0.909606 0.392825 -0.135302
vn -0.702268 0.326029 -0.632871
vn -0.923653 0.286782 -0.254207
vn -0.672210 0.065395 0.737466
vn -0.639728 0.007556 0.768564
vn -0.949727 0.269129 0.159964
vn -0.996667 -0.058881 0.056469
vn -0.769118 -0.313625 0.556863
vn -0.769118 -0.313625 0.556863
vn -0.996667 -0.058881 0.056469
vn -0.769118 -0.313625 0.556863
vn -0.857337 -0.414207 0.305624
vn 0.494879 -0.659561 -0.565752
vn 0.609320 -0.361610 -0.705668
vn 0.609320 -0.361610 -0.705668
vn 0.494879 -0.659561 -0.565752
vn 0.609320 -0.361610 -0.705668
vn 0.494879 -0.659561 -0.565752
vn 0.688128 -0.217567 0.692202
vn 0.616477 0.427040 0.661508
vn 0.616477 0.427040 0.661508
vn 0.688128 -0.217567 0.692202
vn 0.616477 0.427040 0.661508
vn 0.684690 0.182849 0.705525
vn 0.609320 -0.361610 -0.705668
vn 0.583920 0.303088 -0.753111
vn 0.652281 0.143335 -0.744301
vn 0.609320 -0.361610 -0.705668
vn 0.652281 0.143335 -0.744301
vn 0.609320 -0.361610 -0.705668
vn 0.616477 0.427040 0.661508
vn 0.688144 0.429672 0.584671
vn 0.555461 0.432065 0.710481
vn 0.616477 0.427040 0.661508
vn 0.555461 0.432065 0.710481
vn 0.616477 0.427040 0.661508
vn 0.773989 0.401107 0.489953
vn 0.751105 0.285696 0.595163
vn 0.738332 0.423193 0.525142
vn 0.562694 0.382555 -0.732821
vn 0.637293 0.302564 -0.708740
vn 0.652281 0.143335 -0.744301
vn 0.562694 0.382555 -0.732821
vn 0.652281 0.143335 -0.744301
vn 0.583920 0.303088 -0.753111
vn 0.738332 0.423193 0.525142
vn 0.570728 0.408931 0.712071
vn 0.688144 0.429672 0.584671
vn -0.053670 -0.738585 -0.672020
vn -0.539771 -0.312030 -0.781847
vn -0.314290 -0.677098 -0.665402
vn -0.000000 -0.948382 0.317131
vn -0.000000 -0.938239 0.345988
vn -0.202393 -0.903813 0.377039
vn -0.000000 -0.948382 0.317131
vn -0.202393 -0.903813 0.377039
vn -0.183384 -0.911110 0.369120
vn -0.000000 -0.977056 0.212984
vn -0.000000 -0.965945 0.258746
vn -0.246992 -0.936018 0.250730
vn -0.000000 -0.977056 0.212984
vn -0.246992 -0.936018 0.250730
vn -0.222654 -0.940709 0.255914
vn -0.751088 -0.647291 -0.129924
vn 0.000000 -0.996826 0.079613
vn 0.000000 -0.938484 -0.345322
vn -0.751088 -0.647291 -0.129924
vn 0.000000 -0.938484 -0.345322
vn -0.685665 -0.618689 -0.383519
vn -0.565464 -0.815489 -0.123401
vn -0.685665 -0.618689 -0.383519
vn 0.000000 -0.938484 -0.345322
vn -0.565464 -0.815489 -0.123401
vn 0.000000 -0.938484 -0.345322
vn 0.000000 -0.998395 -0.056635
vn -0.691837 0.719813 -0.056840
vn -0.586160 0.653174 -0.479355
vn 0.000000 0.842961 -0.537974
vn -0.691837 0.719813 -0.056840
vn 0.000000 0.842961 -0.537974
vn 0.000000 0.999986 0.005373
vn -0.857337 -0.414207 0.305624
vn -0.952719 0.069982 -0.295684
vn -0.914229 0.353750 0.197602
vn -0.857337 -0.414207 0.305624
vn -0.914229 0.353750 0.197602
vn -0.850920 0.337842 0.402242
vn -0.615540 0.312101 -0.723673
vn -0.699731 0.155522 -0.697273
vn -0.671559 0.285585 -0.683703
vn -0.615540 0.312101 -0.723673
vn -0.671559 0.285585 -0.683703
vn -0.554118 0.405232 -0.727145
vn -0.156389 -0.922463 0.352993
vn 0.012534 -0.973469 0.228477
vn -0.056018 -0.980304 0.189384
vn -0.156389 -0.922463 0.352993
vn -0.056018 -0.980304 0.189384
vn -0.202393 -0.903813 0.377039
vn -0.156389 -0.922463 0.352993
vn -0.202393 -0.903813 0.377039
vn -0.222654 -0.940709 0.255914
vn -0.253580 -0.870509 0.421795
vn -0.183384 -0.911110 0.369120
vn -0.202393 -0.903813 0.377039
vn -0.253580 -0.870509 0.421795
vn -0.202393 -0.903813 0.377039
vn -0.221214 -0.876018 0.428551
vn -0.293644 -0.927899 -0.229731
vn -0.207197 -0.966348 -0.152451
vn -0.183384 -0.911110 0.369120
vn -0.293644 -0.927899 -0.229731
vn -0.183384 -0.911110 0.369120
vn -0.253580 -0.870509 0.421795
vn -0.748180 -0.332249 -0.574314
vn -0.365778 -0.864864 -0.343828
vn -0.207197 -0.966348 -0.152451
vn -0.748180 -0.332249 -0.574314
vn -0.207197 -0.966348 -0.152451
vn -0.293644 -0.927899 -0.229731
vn -0.977968 0.205796 -0.035014
vn -0.848624 0.528331 0.026536
vn -0.948083 0.223074 -0.226666
vn -0.932702 0.293186 0.210020
vn -0.848624 0.528331 0.026536
vn -0.972255 0.229400 0.045785
vn -0.972255 0.229400 0.045785
vn -0.848624 0.528331 0.026536
vn -0.977968 0.205796 -0.035014
vn -0.000000 0.991086 0.133226
vn -0.000000 0.830312 0.557299
vn -0.660935 0.750393 0.008668
vn -0.000000 0.991086 0.133226
vn -0.660935 0.750393 0.008668
vn -0.679776 0.724895 0.111499
vn -0.948083 0.223074 -0.226666
vn -0.848624 0.528331 0.026536
vn -0.952719 0.069982 -0.295684
vn -0.636159 0.764421 0.104704
vn -0.623500 0.764071 0.165659
vn -0.636159 0.764421 0.104704
vn -0.780918 0.620670 -0.070259
vn -0.802994 0.589799 0.085659
vn -0.367503 0.928580 0.051788
vn -0.805417 0.560266 0.193404
vn -0.848624 0.528331 0.026536
vn -0.932702 0.293186 0.210020
vn -0.221214 -0.876018 0.428551
vn -0.202393 -0.903813 0.377039
vn -0.056018 -0.980304 0.189384
vn -0.431761 0.857475 -0.279856
vn -0.678067 0.734355 0.030784
vn -0.000000 0.972821 -0.231558
vn -0.565567 0.428696 0.704523
vn -0.525944 0.520585 0.672587
vn -0.519164 0.632755 0.574535
vn -0.512646 -0.181561 -0.839184
vn -0.513242 -0.186885 -0.837649
vn -0.512646 -0.181561 -0.839184
vn -0.850920 0.337842 0.402242
vn -0.728286 0.577234 0.369325
vn -0.678067 0.734355 0.030784
vn -0.850920 0.337842 0.402242
vn -0.678067 0.734355 0.030784
vn -0.886748 0.461403 0.028018
vn -0.578952 0.603019 0.548800
vn -0.578952 0.603019 0.548800
vn -0.521670 0.738622 0.426963
vn -0.578952 0.603019 0.548800
vn -0.521670 0.738622 0.426963
vn -0.521670 0.738622 0.426963
vn -0.558736 0.456974 0.692091
vn -0.717563 0.410690 0.562527
vn -0.578952 0.603019 0.548800
vn -0.558736 0.456974 0.692091
vn -0.578952 0.603019 0.548800
vn -0.578952 0.603019 0.548800
vn -0.798199 0.357377 0.484934
vn -0.827428 0.243022 0.506263
vn -0.845389 0.337858 0.413727
vn -0.741284 -0.086185 -0.665635
vn -0.741284 -0.086185 -0.665635
vn -0.699731 0.155522 -0.697273
vn -0.741284 -0.086185 -0.665635
vn -0.699731 0.155522 -0.697273
vn -0.615540 0.312101 -0.723673
vn -0.817230 -0.066331 -0.572482
vn -0.741284 -0.086185 -0.665635
vn -0.741284 -0.086185 -0.665635
vn -0.817230 -0.066331 -0.572482
vn -0.741284 -0.086185 -0.665635
vn -0.840085 -0.046842 -0.540429
vn -0.615939 0.705258 -0.351043
vn -0.678067 0.734355 0.030784
vn -0.431761 0.857475 -0.279856
vn -0.886748 0.461403 0.028018
vn -0.996667 -0.058881 0.056469
vn -0.857337 -0.414207 0.305624
vn -0.886748 0.461403 0.028018
vn -0.857337 -0.414207 0.305624
vn -0.850920 0.337842 0.402242
vn -0.877981 0.464650 0.115108
vn -0.848624 0.528331 0.026536
vn -0.805417 0.560266 0.193404
vn -0.877981 0.464650 0.115108
vn -0.805417 0.560266 0.193404
vn -0.689980 0.695125 0.201813
vn -0.652416 0.544562 -0.527074
vn 0.000000 0.803467 -0.595349
vn -0.516714 0.842278 -0.153536
vn -0.652416 0.544562 -0.527074
vn -0.516714 0.842278 -0.153536
vn -0.783215 0.603843 -0.148146
vn -0.438831 -0.898243 -0.024235
vn -0.132593 -0.926149 -0.353082
vn 0.000000 -0.974339 -0.225087
vn -0.438831 -0.898243 -0.024235
vn 0.000000 -0.974339 -0.225087
vn -0.000000 -0.997176 0.075098
vn -0.000000 0.696545 0.717513
vn -0.000000 0.787663 0.616106
vn -0.455184 0.701333 0.548579
vn -0.623333 0.781956 0.000995
vn -0.000000 0.860165 0.510015
vn -0.614678 0.648593 0.448886
vn -0.914229 0.353750 0.197602
vn -0.952719 0.069982 -0.295684
vn -0.848624 0.528331 0.026536
vn -0.914229 0.353750 0.197602
vn -0.848624 0.528331 0.026536
vn -0.877981 0.464650 0.115108
vn -0.845484 0.498952 0.190273
vn -0.660935 0.750393 0.008668
vn -0.000000 0.830312 0.557299
vn -0.845484 0.498952 0.190273
vn -0.000000 0.830312 0.557299
vn -0.728286 0.577234 0.369325
vn -0.000000 0.860165 0.510015
vn -0.000000 0.680924 0.732354
vn -0.614678 0.648593 0.448886
vn -0.623991 0.146927 -0.767494
vn -0.606923 0.245375 -0.755934
vn -0.606923 0.245375 -0.755934
vn -0.000000 0.830312 0.557299
vn -0.525944 0.520585 0.672587
vn -0.565567 0.428696 0.704523
vn -0.575118 -0.182407 -0.797476
vn -0.510881 -0.254929 -0.820982
vn -0.575118 -0.182407 -0.797476
vn -0.748180 -0.332249 -0.574314
vn -0.987991 -0.154501 -0.001590
vn -0.987991 -0.154501 -0.001590
vn -0.748180 -0.332249 -0.574314
vn -0.987991 -0.154501 -0.001590
vn -0.984275 0.034910 0.173157
vn -0.748180 -0.332249 -0.574314
vn -0.984275 0.034910 0.173157
vn -0.932702 0.293186 0.210020
vn -0.748180 -0.332249 -0.574314
vn -0.932702 0.293186 0.210020
vn -0.972255 0.229400 0.045785
vn -0.748180 -0.332249 -0.574314
vn -0.972255 0.229400 0.045785
vn -0.977968 0.205796 -0.035014
vn -0.748180 -0.332249 -0.574314
vn -0.977968 0.205796 -0.035014
vn -0.948083 0.223074 -0.226666
vn -0.952719 0.069982 -0.295684
vn -0.365778 -0.864864 -0.343828
vn -0.748180 -0.332249 -0.574314
vn -0.748180 -0.332249 -0.574314
vn -0.948083 0.223074 -0.226666
vn -0.952719 0.069982 -0.295684
vn -0.805417 0.560266 0.193404
vn -0.932702 0.293186 0.210020
vn -0.984275 0.034910 0.173157
vn -0.586160 0.653174 -0.479355
vn -0.772356 0.234594 -0.590281
vn -0.799295 0.398171 -0.450097
vn -0.586160 0.653174 -0.479355
vn -0.799295 0.398171 -0.450097
vn -0.615939 0.705258 -0.351043
vn -0.783215 0.603843 -0.148146
vn -0.989127 -0.037784 -0.142128
vn -0.736010 -0.038727 -0.675862
vn -0.783215 0.603843 -0.148146
vn -0.736010 -0.038727 -0.675862
vn -0.652416 0.544562 -0.527074
vn -0.685665 -0.618689 -0.383519
vn -0.736010 -0.038727 -0.675862
vn -0.989127 -0.037784 -0.142128
vn -0.685665 -0.618689 -0.383519
vn -0.989127 -0.037784 -0.142128
vn -0.751088 -0.647291 -0.129924
vn -0.983330 -0.181751 -0.005422
vn -0.552869 -0.832114 -0.043856
vn 0.069403 -0.989665 -0.125485
vn -0.983330 -0.181751 -0.005422
vn 0.069403 -0.989665 -0.125485
vn 0.040502 -0.744205 -0.666722
vn -0.983330 -0.181751 -0.005422
vn 0.040502 -0.744205 -0.666722
vn -0.314290 -0.677098 -0.665402
vn -0.853889 0.060713 -0.516903
vn -0.996667 -0.058881 0.056469
vn -0.886748 0.461403 0.028018
vn -0.853889 0.060713 -0.516903
vn -0.886748 0.461403 0.028018
vn -0.799295 0.398171 -0.450097
vn 0.000000 0.678913 -0.734219
vn 0.000000 0.803467 -0.595349
vn -0.652416 0.544562 -0.527074
vn 0.000000 0.678913 -0.734219
vn -0.652416 0.544562 -0.527074
vn -0.436567 0.484207 -0.758257
vn -0.983330 -0.181751 -0.005422
vn -0.772356 0.234594 -0.590281
vn -0.586160 0.653174 -0.479355
vn -0.983330 -0.181751 -0.005422
vn -0.586160 0.653174 -0.479355
vn -0.691837 0.719813 -0.056840
vn -0.687762 0.102380 0.718681
vn -0.371889 0.397745 0.838748
vn -0.506429 0.452817 0.733816
vn -0.554591 0.702771 0.445579
vn -0.691837 0.719813 -0.056840
vn 0.000000 0.999986 0.005373
vn -0.554591 0.702771 0.445579
vn 0.000000 0.999986 0.005373
vn 0.000000 0.926473 0.376362
vn -0.338258 0.366623 -0.866700
vn -0.663855 0.098190 -0.741387
vn -0.482014 0.431572 -0.762501
vn -0.000000 0.972821 -0.231558
vn 0.000000 0.842961 -0.537974
vn -0.431761 0.857475 -0.279856
vn -0.431761 0.857475 -0.279856
vn 0.000000 0.842961 -0.537974
vn -0.586160 0.653174 -0.479355
vn -0.431761 0.857475 -0.279856
vn -0.586160 0.653174 -0.479355
vn -0.615939 0.705258 -0.351043
vn -0.886748 0.461403 0.028018
vn -0.678067 0.734355 0.030784
vn -0.615939 0.705258 -0.351043
vn -0.886748 0.461403 0.028018
vn -0.615939 0.705258 -0.351043
vn -0.799295 0.398171 -0.450097
vn -0.583714 0.341340 -0.736726
vn -0.606923 0.245375 -0.755934
vn -0.606923 0.245375 -0.755934
vn -0.728286 0.577234 0.369325
vn -0.000000 0.830312 0.557299
vn -0.565567 0.428696 0.704523
vn -0.365778 -0.864864 -0.343828
vn -0.437887 -0.898790 0.020789
vn -0.000000 -0.996474 0.083898
vn -0.365778 -0.864864 -0.343828
vn -0.000000 -0.996474 0.083898
vn -0.000000 -0.995444 -0.095351
vn -0.100498 0.643598 0.758737
vn 0.197896 0.619715 0.759467
vn 0.197896 0.619715 0.759467
vn -0.100498 0.643598 0.758737
vn 0.197896 0.619715 0.759467
vn -0.100498 0.643598 0.758737
vn -0.045343 -0.754188 0.655092
vn 0.369828 -0.629856 0.683014
vn 0.369828 -0.629856 0.683014
vn -0.045343 -0.754188 0.655092
vn 0.369828 -0.629856 0.683014
vn -0.045343 -0.754188 0.655092
vn -0.008952 -0.710227 -0.703916
vn 0.382217 -0.615074 -0.689633
vn 0.382217 -0.615074 -0.689633
vn -0.008952 -0.710227 -0.703916
vn 0.382217 -0.615074 -0.689633
vn -0.008952 -0.710227 -0.703916
vn -0.050657 0.507705 -0.860040
vn 0.236100 0.529613 -0.814719
vn 0.236100 0.529613 -0.814719
vn -0.050657 0.507705 -0.860040
vn 0.236100 0.529613 -0.814719
vn -0.050657 0.507705 -0.860040
vn -0.371889 0.397745 0.838748
vn 0.197896 0.619715 0.759467
vn 0.197896 0.619715 0.759467
vn -0.371889 0.397745 0.838748
vn 0.197896 0.619715 0.759467
vn 0.032857 0.618428 0.785154
vn 0.725766 -0.391203 -0.565883
vn 0.609057 -0.482572 -0.629424
vn 0.382217 -0.615074 -0.689633
vn 0.725766 -0.391203 -0.565883
vn 0.382217 -0.615074 -0.689633
vn 0.382217 -0.615074 -0.689633
vn 0.725766 -0.391203 -0.565883
vn 0.382217 -0.615074 -0.689633
vn 0.878278 -0.478131 -0.004183
vn -0.488218 0.461275 -0.740857
vn -0.615540 0.312101 -0.723673
vn -0.554118 0.405232 -0.727145
vn 0.562694 0.382555 -0.732821
vn 0.583920 0.303088 -0.753111
vn 0.521790 0.421636 -0.741592
vn -0.562694 0.382555 -0.732821
vn -0.623235 0.232931 -0.746540
vn -0.521789 0.421636 -0.741592
vn 0.488218 0.461275 -0.740857
vn 0.573740 0.317368 -0.755049
vn 0.554119 0.405232 -0.727145
vn 0.571820 0.401179 0.715596
vn 0.524734 0.283530 0.802661
vn 0.446653 0.420265 0.789860
vn -0.475948 0.385856 0.790309
vn -0.570558 0.206581 0.794851
vn -0.570728 0.408931 0.712071
vn -0.570728 0.408931 0.712071
vn -0.555461 0.432065 0.710481
vn -0.475948 0.385856 0.790309
vn 0.570728 0.408931 0.712071
vn 0.570558 0.206581 0.794851
vn 0.475948 0.385856 0.790309
vn 0.570728 0.408931 0.712071
vn 0.475948 0.385856 0.790309
vn 0.555461 0.432065 0.710481
vn -0.571821 0.401179 0.715595
vn -0.558736 0.456974 0.692091
vn -0.446653 0.420265 0.789860
vn 0.053670 -0.738585 -0.672020
vn 0.000000 -0.764354 -0.644797
vn 0.040502 -0.744205 -0.666722
vn 0.040502 -0.744205 -0.666722
vn 0.000000 -0.764354 -0.644797
vn -0.053670 -0.738585 -0.672020
vn -0.314290 -0.677098 -0.665402
vn 0.040502 -0.744205 -0.666722
vn -0.053670 -0.738585 -0.672020
vn 0.053670 -0.738585 -0.672020
vn 0.040502 -0.744205 -0.666722
vn 0.250270 -0.620184 -0.743463
vn 0.250270 -0.620184 -0.743463
vn 0.040502 -0.744205 -0.666722
vn 0.069403 -0.989665 -0.125485
vn 0.250270 -0.620184 -0.743463
vn 0.069403 -0.989665 -0.125485
vn 0.626198 -0.779072 -0.030385
vn 0.250270 -0.620184 -0.743463
vn 0.626198 -0.779072 -0.030385
vn 0.610635 -0.786843 0.089459
vn 0.250270 -0.620184 -0.743463
vn 0.610635 -0.786843 0.089459
vn 0.701263 0.084425 -0.707886
vn -0.314290 -0.677098 -0.665402
vn -0.539771 -0.312030 -0.781847
vn -0.772356 0.234594 -0.590281
vn -0.314290 -0.677098 -0.665402
vn -0.772356 0.234594 -0.590281
vn -0.983330 -0.181751 -0.005422
vn 0.949727 0.269129 0.159964
vn 0.783215 0.603843 -0.148145
vn 0.989127 -0.037784 -0.142127
vn 0.949727 0.269129 0.159964
vn 0.989127 -0.037784 -0.142127
vn 0.973236 -0.133747 -0.186880
vn 0.668820 -0.135519 -0.730968
vn 0.669912 0.064638 -0.739621
vn 0.949727 0.269129 0.159964
vn 0.668820 -0.135519 -0.730968
vn 0.949727 0.269129 0.159964
vn 0.973236 -0.133747 -0.186880
vn 0.668820 -0.135519 -0.730968
vn 0.726566 -0.303846 -0.616262
vn 0.000000 -0.313536 -0.949576
vn 0.668820 -0.135519 -0.730968
vn 0.000000 -0.313536 -0.949576
vn 0.000000 -0.075690 -0.997131
vn -0.668820 -0.135519 -0.730969
vn -0.669912 0.064638 -0.739621
vn 0.000000 0.098152 -0.995171
vn -0.668820 -0.135519 -0.730969
vn 0.000000 0.098152 -0.995171
vn 0.000000 -0.075690 -0.997131
vn -0.668820 -0.135519 -0.730969
vn -0.726566 -0.303846 -0.616262
vn -0.916535 -0.385938 0.104954
vn -0.668820 -0.135519 -0.730969
vn -0.916535 -0.385938 0.104954
vn -0.973236 -0.133747 -0.186880
vn -0.973236 -0.133747 -0.186880
vn -0.916535 -0.385938 0.104954
vn -0.751088 -0.647291 -0.129924
vn -0.973236 -0.133747 -0.186880
vn -0.751088 -0.647291 -0.129924
vn -0.989127 -0.037784 -0.142128
vn -0.050657 0.507705 -0.860040
vn -0.436567 0.484207 -0.758257
vn -0.736010 -0.038727 -0.675862
vn -0.050657 0.507705 -0.860040
vn -0.736010 -0.038727 -0.675862
vn -0.050657 0.507705 -0.860040
vn -0.008952 -0.710227 -0.703916
vn -0.736010 -0.038727 -0.675862
vn -0.565464 -0.815489 -0.123401
vn -0.008952 -0.710227 -0.703916
vn -0.565464 -0.815489 -0.123401
vn -0.008952 -0.710227 -0.703916
vn -0.045343 -0.754188 0.655092
vn -0.565464 -0.815489 -0.123401
vn -0.983330 -0.181751 -0.005422
vn -0.045343 -0.754188 0.655092
vn -0.983330 -0.181751 -0.005422
vn -0.045343 -0.754188 0.655092
vn -0.100498 0.643598 0.758737
vn -0.983330 -0.181751 -0.005422
vn -0.554591 0.702771 0.445579
vn -0.100498 0.643598 0.758737
vn -0.554591 0.702771 0.445579
vn -0.100498 0.643598 0.758737
vn 0.050658 0.507705 -0.860040
vn 0.736011 -0.038727 -0.675861
vn 0.436567 0.484207 -0.758257
vn 0.050658 0.507705 -0.860040
vn 0.436567 0.484207 -0.758257
vn 0.050658 0.507705 -0.860040
vn 0.100498 0.643598 0.758737
vn 0.554591 0.702771 0.445579
vn 0.769889 0.605488 0.201631
vn 0.100498 0.643598 0.758737
vn 0.769889 0.605488 0.201631
vn 0.100498 0.643598 0.758737
vn 0.045343 -0.754188 0.655092
vn 0.610635 -0.786843 0.089459
vn 0.565464 -0.815489 -0.123401
vn 0.045343 -0.754188 0.655092
vn 0.565464 -0.815489 -0.123401
vn 0.045343 -0.754188 0.655092
vn 0.008952 -0.710227 -0.703915
vn 0.565464 -0.815489 -0.123401
vn 0.736011 -0.038727 -0.675861
vn 0.008952 -0.710227 -0.703915
vn 0.736011 -0.038727 -0.675861
vn 0.008952 -0.710227 -0.703915
vn -0.575118 -0.182407 -0.797476
vn -0.663855 0.098190 -0.741387
vn -0.338258 0.366623 -0.866700
vn -0.575118 -0.182407 -0.797476
vn -0.338258 0.366623 -0.866700
vn -0.575118 -0.182407 -0.797476
vn 0.878278 -0.478131 -0.004183
vn 0.942852 -0.333120 -0.007835
vn 0.725766 -0.391203 -0.565883
vn 0.726093 -0.399189 0.559855
vn 0.942852 -0.333120 -0.007835
vn 0.878278 -0.478131 -0.004183
vn -0.595115 -0.188342 0.781259
vn -0.531332 -0.265679 0.804426
vn -0.595115 -0.188342 0.781259
vn -0.726093 -0.399189 0.559855
vn -0.601174 -0.492227 0.629526
vn -0.369828 -0.629856 0.683014
vn -0.726093 -0.399189 0.559855
vn -0.369828 -0.629856 0.683014
vn -0.369828 -0.629856 0.683014
vn -0.726093 -0.399189 0.559855
vn -0.369828 -0.629856 0.683014
vn -0.878278 -0.478131 -0.004183
vn -0.878278 -0.478131 -0.004183
vn -0.382217 -0.615074 -0.689633
vn -0.382217 -0.615074 -0.689633
vn -0.878278 -0.478131 -0.004183
vn -0.382217 -0.615074 -0.689633
vn -0.609057 -0.482571 -0.629424
vn -0.878278 -0.478131 -0.004183
vn -0.609057 -0.482571 -0.629424
vn -0.725766 -0.391203 -0.565883
vn 0.575118 -0.182407 -0.797476
vn 0.510881 -0.254930 -0.820982
vn 0.575118 -0.182407 -0.797476
vn 0.595115 -0.188343 0.781258
vn 0.687762 0.102380 0.718681
vn 0.371889 0.397745 0.838748
vn 0.595115 -0.188343 0.781258
vn 0.371889 0.397745 0.838748
vn 0.595115 -0.188343 0.781258
vn -0.916535 -0.385938 0.104954
vn -0.937488 -0.196841 0.287003
vn -0.862007 -0.240291 0.446323
vn 0.862007 -0.240291 0.446322
vn 0.937488 -0.196841 0.287002
vn 0.916535 -0.385938 0.104953
f 155/1/1 88/2/2 5/3/3
f 18/4/4 122/5/5 95/6/6
f 127/7/7 125/8/8 18/9/9
f 95/10/10 97/11/11 166/12/12
f 166/13/13 128/14/14 127/15/15
f 62/16/16 155/17/17 1/18/18
f 62/19/19 1/20/20 152/21/21
f 62/22/22 152/23/23 156/24/24
f 62/25/25 156/26/26 67/27/27
f 62/28/28 67/29/29 157/30/30
f 62/31/31 157/32/32 153/33/33
f 62/34/34 153/35/35 161/36/36
f 62/37/37 161/38/38 160/39/39
f 23/40/40 65/41/41 50/42/42
f 50/43/43 105/44/44 23/45/45
f 65/46/46 142/47/47 168/48/48
f 65/49/49 168/50/50 50/51/51
f 286/52/52 31/53/53 285/54/54
f 285/55/55 31/56/56 288/57/57
f 48/58/58 51/59/59 18/60/60
f 48/61/61 18/62/62 125/63/63
f 44/64/64 79/65/65 80/66/66
f 147/67/67 144/68/68 145/69/69
f 44/70/70 30/71/71 79/72/72
f 80/73/73 26/74/74 44/75/75
f 44/76/76 28/77/77 30/78/78
f 131/79/79 41/80/80 42/81/81
f 131/82/82 42/83/83 29/84/84
f 29/85/85 138/86/86 76/87/87
f 29/88/88 86/89/89 131/90/90
f 76/91/91 86/92/92 29/93/93
f 91/94/94 138/95/95 126/96/96
f 91/97/97 126/98/98 61/99/99
f 153/100/100 71/101/101 119/102/102
f 138/103/103 91/104/104 76/105/105
f 61/106/106 60/107/107 91/108/108
f 32/109/109 37/110/110 74/111/111
f 32/112/112 74/113/113 73/114/114
f 75/115/115 74/116/116 37/117/117
f 75/118/118 37/119/119 27/120/120
f 131/121/121 86/122/122 78/123/123
f 131/124/124 78/125/125 75/126/126
f 61/127/127 45/128/128 107/129/129
f 61/130/130 107/131/131 90/132/132
f 66/133/133 99/134/134 70/135/135
f 66/136/136 70/137/137 45/138/138
f 109/139/139 103/140/140 92/141/141
f 109/142/142 92/143/143 79/144/144
f 103/145/145 109/146/146 110/147/147
f 103/148/148 110/149/149 54/150/150
f 54/151/151 110/152/152 135/153/153
f 54/154/154 135/155/155 111/156/156
f 110/157/157 114/158/158 135/159/159
f 132/160/160 35/161/161 141/162/162
f 132/163/163 141/164/164 124/165/165
f 124/166/166 141/167/167 110/168/168
f 110/169/169 109/170/170 69/171/171
f 110/172/172 69/173/173 124/174/174
f 114/175/175 141/176/176 35/177/177
f 114/178/178 110/179/179 141/180/180
f 43/181/181 46/182/182 72/183/183
f 43/184/184 72/185/185 136/186/186
f 112/187/187 137/188/188 134/189/189
f 134/190/190 113/191/191 112/192/192
f 135/193/193 114/194/194 38/195/195
f 135/196/196 38/197/197 55/198/198
f 165/199/199 119/200/200 160/201/201
f 5/202/202 88/203/203 152/204/204
f 156/205/205 152/206/206 71/207/207
f 156/208/208 71/209/209 158/210/210
f 88/211/211 71/212/212 152/213/213
f 158/214/214 71/215/215 157/216/216
f 150/217/217 114/218/218 56/219/219
f 150/220/220 56/221/221 149/222/222
f 151/223/223 38/224/224 114/225/225
f 151/226/226 114/227/227 150/228/228
f 146/229/229 144/230/230 148/231/231
f 146/232/232 87/233/233 111/234/234
f 146/235/235 111/236/236 145/237/237
f 147/238/238 112/239/239 113/240/240
f 147/241/241 113/242/242 148/243/243
f 148/244/244 113/245/245 87/246/246
f 148/247/247 87/248/248 146/249/249
f 145/250/250 111/251/251 112/252/252
f 145/253/253 112/254/254 147/255/255
f 148/256/256 144/257/257 147/258/258
f 150/259/259 57/260/260 151/261/261
f 137/262/262 112/263/263 111/264/264
f 137/265/265 111/266/266 135/267/267
f 66/268/268 61/269/269 126/270/270
f 90/271/271 60/272/272 61/273/273
f 61/274/274 66/275/275 45/276/276
f 101/277/277 9/278/278 63/279/279
f 139/280/280 126/281/281 138/282/282
f 139/283/283 138/284/284 143/285/285
f 68/286/286 101/287/287 11/288/288
f 68/289/289 11/290/290 12/291/291
f 64/292/292 15/293/293 16/294/294
f 64/295/295 104/296/296 100/297/297
f 64/298/298 100/299/299 106/300/300
f 274/301/301 101/302/302 68/303/303
f 274/304/304 68/305/305 7/306/306
f 12/307/307 13/308/308 68/309/309
f 19/310/310 20/311/311 100/312/312
f 94/313/313 98/314/314 101/315/315
f 94/316/316 101/317/317 274/318/318
f 101/319/319 98/320/320 9/321/321
f 20/322/322 21/323/323 123/324/324
f 20/325/325 123/326/326 100/327/327
f 106/328/328 14/329/329 15/330/330
f 106/331/331 15/332/332 64/333/333
f 104/334/334 17/335/335 19/336/336
f 174/337/337 14/338/338 106/339/339
f 174/340/340 106/341/341 7/342/342
f 104/343/343 64/344/344 16/345/345
f 104/346/346 16/347/347 17/348/348
f 100/349/349 104/350/350 19/351/351
f 86/352/352 76/353/353 90/354/354
f 86/355/355 90/356/356 107/357/357
f 60/358/358 59/359/359 133/360/360
f 60/361/361 133/362/362 91/363/363
f 91/364/364 133/365/365 77/366/366
f 91/367/367 77/368/368 76/369/369
f 59/370/370 58/371/371 119/372/372
f 59/373/373 119/374/374 133/375/375
f 133/376/376 119/377/377 71/378/378
f 133/379/379 71/380/380 77/381/381
f 157/382/382 67/383/383 158/384/384
f 119/385/385 58/386/386 62/387/387
f 119/388/388 62/389/389 160/390/390
f 71/391/391 153/392/392 157/393/393
f 93/394/394 66/395/395 126/396/396
f 73/397/397 72/398/398 46/399/399
f 73/400/400 46/401/401 32/402/402
f 136/403/403 47/404/404 40/405/405
f 136/406/406 40/407/407 43/408/408
f 122/409/409 8/410/410 9/411/411
f 122/412/412 9/413/413 98/414/414
f 51/415/415 8/416/416 122/417/417
f 51/418/418 122/419/419 18/420/420
f 24/421/421 25/422/422 121/423/423
f 24/424/424 121/425/425 128/426/426
f 92/427/427 103/428/428 78/429/429
f 92/430/430 78/431/431 86/432/432
f 155/433/433 62/434/434 58/435/435
f 155/436/436 58/437/437 88/438/438
f 136/439/439 72/440/440 87/441/441
f 136/442/442 87/443/443 113/444/444
f 136/445/445 113/446/446 134/447/447
f 116/448/448 72/449/449 73/450/450
f 116/451/451 73/452/452 120/453/453
f 120/454/454 73/455/455 74/456/456
f 120/457/457 74/458/458 118/459/459
f 118/460/460 74/461/461 75/462/462
f 118/463/463 75/464/464 117/465/465
f 85/466/466 81/467/467 84/468/468
f 83/469/469 81/470/470 82/471/471
f 84/472/472 81/473/473 83/474/474
f 124/475/475 69/476/476 34/477/477
f 124/478/478 34/479/479 132/480/480
f 78/481/481 81/482/482 85/483/483
f 149/484/484 57/485/485 150/486/486
f 145/487/487 144/488/488 146/489/489
f 82/490/490 81/491/491 87/492/492
f 87/493/493 72/494/494 116/495/495
f 26/496/496 80/497/497 129/498/498
f 53/499/499 33/500/500 115/501/501
f 26/502/502 28/503/503 44/504/504
f 108/505/505 80/506/506 79/507/507
f 108/508/508 79/509/509 92/510/510
f 90/511/511 76/512/512 77/513/513
f 90/514/514 77/515/515 89/516/516
f 89/517/517 77/518/518 71/519/519
f 89/520/520 71/521/521 88/522/522
f 158/523/523 67/524/524 156/525/525
f 88/526/526 58/527/527 59/528/528
f 88/529/529 59/530/530 89/531/531
f 90/532/532 89/533/533 59/534/534
f 90/535/535 59/536/536 60/537/537
f 129/538/538 80/539/539 130/540/540
f 92/541/541 86/542/542 107/543/543
f 92/544/544 107/545/545 108/546/546
f 111/547/547 87/548/548 81/549/549
f 111/550/550 81/551/551 54/552/552
f 123/553/553 21/554/554 22/555/555
f 123/556/556 22/557/557 97/558/558
f 42/559/559 143/560/560 138/561/561
f 42/562/562 138/563/563 29/564/564
f 55/565/565 38/566/566 39/567/567
f 114/568/568 36/569/569 56/570/570
f 54/571/571 81/572/572 78/573/573
f 54/574/574 78/575/575 103/576/576
f 79/577/577 34/578/578 69/579/579
f 79/580/580 69/581/581 109/582/582
f 114/583/583 35/584/584 36/585/585
f 30/586/586 115/587/587 79/588/588
f 115/589/589 33/590/590 34/591/591
f 287/592/592 65/593/593 49/594/594
f 287/595/595 49/596/596 288/597/597
f 85/598/598 84/599/599 83/600/600
f 85/601/601 83/602/602 82/603/603
f 85/604/604 82/605/605 116/606/606
f 85/607/607 116/608/608 120/609/609
f 85/610/610 120/611/611 118/612/612
f 85/613/613 118/614/614 117/615/615
f 117/616/616 75/617/617 78/618/618
f 78/619/619 85/620/620 117/621/621
f 116/622/622 82/623/623 87/624/624
f 130/625/625 70/626/626 99/627/627
f 130/628/628 99/629/629 121/630/630
f 97/631/631 95/632/632 94/633/633
f 97/634/634 94/635/635 123/636/636
f 98/637/637 94/638/638 95/639/639
f 98/640/640 95/641/641 122/642/642
f 99/643/643 66/644/644 93/645/645
f 70/646/646 108/647/647 107/648/648
f 70/649/649 107/650/650 45/651/651
f 166/652/652 97/653/653 22/654/654
f 166/655/655 22/656/656 167/657/657
f 128/658/658 121/659/659 99/660/660
f 128/661/661 99/662/662 127/663/663
f 23/664/664 105/665/665 49/666/666
f 167/667/667 24/668/668 128/669/669
f 167/670/670 128/671/671 166/672/672
f 23/673/673 49/674/674 65/675/675
f 129/676/676 25/677/677 26/678/678
f 130/679/679 121/680/680 25/681/681
f 130/682/682 25/683/683 129/684/684
f 70/685/685 130/686/686 80/687/687
f 70/688/688 80/689/689 108/690/690
f 115/691/691 30/692/692 53/693/693
f 115/694/694 34/695/695 79/696/696
f 27/697/697 41/698/698 131/699/699
f 27/700/700 131/701/701 75/702/702
f 284/703/703 140/704/704 168/705/705
f 284/706/706 168/707/707 281/708/708
f 283/709/709 52/710/710 140/711/711
f 283/712/712 140/713/713 284/714/714
f 282/715/715 142/716/716 52/717/717
f 282/718/718 52/719/719 283/720/720
f 281/721/721 168/722/722 142/723/723
f 281/724/724 142/725/725 282/726/726
f 50/727/727 168/728/728 140/729/729
f 50/730/730 140/731/731 105/732/732
f 287/733/733 31/734/734 286/735/735
f 154/736/736 169/737/737 173/738/738
f 224/739/739 251/740/740 175/741/741
f 175/742/742 254/743/743 256/744/744
f 172/745/745 226/746/746 224/747/747
f 256/748/748 257/749/749 172/750/750
f 163/751/751 164/752/752 162/753/753
f 163/754/754 162/755/755 3/756/756
f 163/757/757 3/758/758 196/759/759
f 163/760/760 196/761/761 4/762/762
f 163/763/763 4/764/764 159/765/765
f 163/766/766 159/767/767 169/768/768
f 163/769/769 169/770/770 154/771/771
f 163/772/772 154/773/773 191/774/774
f 183/775/775 194/776/776 176/777/777
f 176/778/778 234/779/779 183/780/780
f 183/781/781 170/782/782 269/783/783
f 183/784/784 269/785/785 194/786/786
f 102/787/787 184/788/788 267/789/789
f 102/790/790 267/791/791 234/792/792
f 102/793/793 234/794/794 231/795/795
f 231/796/796 234/797/797 182/798/798
f 231/799/799 182/800/800 10/801/801
f 254/802/802 175/803/803 51/804/804
f 254/805/805 51/806/806 48/807/807
f 209/808/808 208/809/809 179/810/810
f 271/811/811 270/812/812 273/813/813
f 208/814/814 30/815/815 179/816/816
f 179/817/817 26/818/818 209/819/819
f 30/820/820 28/821/821 179/822/822
f 177/823/823 42/824/824 41/825/825
f 177/826/826 41/827/827 260/828/828
f 205/829/829 266/830/830 177/831/831
f 260/832/832 215/833/833 177/834/834
f 177/835/835 215/836/836 205/837/837
f 190/838/838 255/839/839 266/840/840
f 190/841/841 266/842/842 220/843/843
f 248/844/844 200/845/845 162/846/846
f 205/847/847 220/848/848 266/849/849
f 220/850/850 189/851/851 190/852/852
f 202/853/853 203/854/854 37/855/855
f 202/856/856 37/857/857 32/858/858
f 27/859/859 37/860/860 203/861/861
f 27/862/862 203/863/863 204/864/864
f 204/865/865 207/866/866 215/867/867
f 204/868/868 215/869/869 260/870/870
f 219/871/871 236/872/872 180/873/873
f 219/874/874 180/875/875 190/876/876
f 180/877/877 199/878/878 228/879/879
f 180/880/880 228/881/881 195/882/882
f 208/883/883 221/884/884 232/885/885
f 208/886/886 232/887/887 238/888/888
f 185/889/889 239/890/890 238/891/891
f 185/892/892 238/893/893 232/894/894
f 240/895/895 263/896/896 239/897/897
f 240/898/898 239/899/899 185/900/900
f 263/901/901 243/902/902 239/903/903
f 253/904/904 268/905/905 35/906/906
f 253/907/907 35/908/908 132/909/909
f 239/910/910 268/911/911 253/912/912
f 253/913/913 198/914/914 238/915/915
f 253/916/916 238/917/917 239/918/918
f 35/919/919 268/920/920 243/921/921
f 268/922/922 239/923/923 243/924/924
f 264/925/925 201/926/926 46/927/927
f 264/928/928 46/929/929 43/930/930
f 262/931/931 265/932/932 241/933/933
f 241/934/934 242/935/935 262/936/936
f 186/937/937 38/938/938 243/939/939
f 186/940/940 243/941/941 263/942/942
f 171/943/943 164/944/944 163/945/945
f 173/946/946 169/947/947 159/948/948
f 200/949/949 159/950/950 4/951/951
f 2/952/952 200/953/953 4/954/954
f 159/955/955 200/956/956 217/957/957
f 3/958/958 200/959/959 2/960/960
f 149/961/961 56/962/962 243/963/963
f 149/964/964 243/965/965 225/966/966
f 225/967/967 243/968/968 38/969/969
f 225/970/970 38/971/971 151/972/972
f 96/973/973 270/974/974 272/975/975
f 271/976/976 240/977/977 216/978/978
f 271/979/979 216/980/980 272/981/981
f 96/982/982 242/983/983 241/984/984
f 96/985/985 241/986/986 273/987/987
f 272/988/988 216/989/989 242/990/990
f 272/991/991 242/992/992 96/993/993
f 273/994/994 241/995/995 240/996/996
f 273/997/997 240/998/998 271/999/999
f 273/1000/1000 270/1001/1001 96/1002/1002
f 151/1003/1003 57/1004/1004 225/1005/1005
f 263/1006/1006 240/1007/1007 241/1008/1008
f 263/1009/1009 241/1010/1010 265/1011/1011
f 255/1012/1012 190/1013/1013 195/1014/1014
f 190/1015/1015 189/1016/1016 219/1017/1017
f 180/1018/1018 195/1019/1019 190/1020/1020
f 63/1021/1021 9/1022/1022 230/1023/1023
f 143/1024/1024 266/1025/1025 255/1026/1026
f 143/1027/1027 255/1028/1028 139/1029/1029
f 12/1030/1030 11/1031/1031 230/1032/1032
f 12/1033/1033 230/1034/1034 197/1035/1035
f 16/1036/1036 15/1037/1037 193/1038/1038
f 235/1039/1039 229/1040/1040 233/1041/1041
f 235/1042/1042 233/1043/1043 193/1044/1044
f 275/1045/1045 229/1046/1046 235/1047/1047
f 275/1048/1048 235/1049/1049 276/1050/1050
f 197/1051/1051 13/1052/1052 12/1053/1053
f 229/1054/1054 20/1055/1055 19/1056/1056
f 223/1057/1057 252/1058/1058 229/1059/1059
f 223/1060/1060 229/1061/1061 275/1062/1062
f 9/1063/1063 227/1064/1064 230/1065/1065
f 229/1066/1066 252/1067/1067 21/1068/1068
f 229/1069/1069 21/1070/1070 20/1071/1071
f 193/1072/1072 15/1073/1073 14/1074/1074
f 193/1075/1075 14/1076/1076 235/1077/1077
f 19/1078/1078 17/1079/1079 233/1080/1080
f 174/1081/1081 13/1082/1082 197/1083/1083
f 174/1084/1084 197/1085/1085 276/1086/1086
f 17/1087/1087 16/1088/1088 193/1089/1089
f 17/1090/1090 193/1091/1091 233/1092/1092
f 19/1093/1093 233/1094/1094 229/1095/1095
f 236/1096/1096 219/1097/1097 205/1098/1098
f 236/1099/1099 205/1100/1100 215/1101/1101
f 220/1102/1102 261/1103/1103 188/1104/1104
f 220/1105/1105 188/1106/1106 189/1107/1107
f 205/1108/1108 206/1109/1109 261/1110/1110
f 205/1111/1111 261/1112/1112 220/1113/1113
f 261/1114/1114 248/1115/1115 187/1116/1116
f 261/1117/1117 187/1118/1118 188/1119/1119
f 206/1120/1120 200/1121/1121 248/1122/1122
f 206/1123/1123 248/1124/1124 261/1125/1125
f 2/1126/1126 196/1127/1127 3/1128/1128
f 163/1129/1129 191/1130/1130 187/1131/1131
f 163/1132/1132 187/1133/1133 248/1134/1134
f 3/1135/1135 162/1136/1136 200/1137/1137
f 255/1138/1138 195/1139/1139 222/1140/1140
f 32/1141/1141 46/1142/1142 201/1143/1143
f 32/1144/1144 201/1145/1145 202/1146/1146
f 43/1147/1147 40/1148/1148 181/1149/1149
f 43/1150/1150 181/1151/1151 264/1152/1152
f 227/1153/1153 9/1154/1154 8/1155/1155
f 227/1156/1156 8/1157/1157 251/1158/1158
f 175/1159/1159 251/1160/1160 8/1161/1161
f 175/1162/1162 8/1163/1163 51/1164/1164
f 257/1165/1165 250/1166/1166 25/1167/1167
f 257/1168/1168 25/1169/1169 24/1170/1170
f 215/1171/1171 207/1172/1172 232/1173/1173
f 215/1174/1174 232/1175/1175 221/1176/1176
f 217/1177/1177 187/1178/1178 191/1179/1179
f 217/1180/1180 191/1181/1181 154/1182/1182
f 262/1183/1183 242/1184/1184 216/1185/1185
f 262/1186/1186 216/1187/1187 201/1188/1188
f 262/1189/1189 201/1190/1190 264/1191/1191
f 249/1192/1192 202/1193/1193 201/1194/1194
f 249/1195/1195 201/1196/1196 245/1197/1197
f 247/1198/1198 203/1199/1199 202/1200/1200
f 247/1201/1201 202/1202/1202 249/1203/1203
f 246/1204/1204 204/1205/1205 203/1206/1206
f 246/1207/1207 203/1208/1208 247/1209/1209
f 213/1210/1210 210/1211/1211 214/1212/1212
f 211/1213/1213 210/1214/1214 212/1215/1215
f 212/1216/1216 210/1217/1217 213/1218/1218
f 132/1219/1219 34/1220/1220 198/1221/1221
f 132/1222/1222 198/1223/1223 253/1224/1224
f 214/1225/1225 210/1226/1226 207/1227/1227
f 225/1228/1228 57/1229/1229 149/1230/1230
f 272/1231/1231 270/1232/1232 271/1233/1233
f 216/1234/1234 210/1235/1235 211/1236/1236
f 245/1237/1237 201/1238/1238 216/1239/1239
f 258/1240/1240 209/1241/1241 26/1242/1242
f 244/1243/1243 33/1244/1244 53/1245/1245
f 179/1246/1246 28/1247/1247 26/1248/1248
f 221/1249/1249 208/1250/1250 209/1251/1251
f 221/1252/1252 209/1253/1253 237/1254/1254
f 218/1255/1255 206/1256/1256 205/1257/1257
f 218/1258/1258 205/1259/1259 219/1260/1260
f 217/1261/1261 200/1262/1262 206/1263/1263
f 217/1264/1264 206/1265/1265 218/1266/1266
f 4/1267/1267 196/1268/1268 2/1269/1269
f 218/1270/1270 188/1271/1271 187/1272/1272
f 218/1273/1273 187/1274/1274 217/1275/1275
f 189/1276/1276 188/1277/1277 218/1278/1278
f 189/1279/1279 218/1280/1280 219/1281/1281
f 259/1282/1282 209/1283/1283 258/1284/1284
f 237/1285/1285 236/1286/1286 215/1287/1287
f 237/1288/1288 215/1289/1289 221/1290/1290
f 185/1291/1291 210/1292/1292 216/1293/1293
f 185/1294/1294 216/1295/1295 240/1296/1296
f 226/1297/1297 22/1298/1298 21/1299/1299
f 226/1300/1300 21/1301/1301 252/1302/1302
f 177/1303/1303 266/1304/1304 143/1305/1305
f 177/1306/1306 143/1307/1307 42/1308/1308
f 39/1309/1309 38/1310/1310 186/1311/1311
f 56/1312/1312 36/1313/1313 243/1314/1314
f 232/1315/1315 207/1316/1316 210/1317/1317
f 232/1318/1318 210/1319/1319 185/1320/1320
f 238/1321/1321 198/1322/1322 34/1323/1323
f 238/1324/1324 34/1325/1325 208/1326/1326
f 36/1327/1327 35/1328/1328 243/1329/1329
f 208/1330/1330 244/1331/1331 30/1332/1332
f 34/1333/1333 33/1334/1334 244/1335/1335
f 192/1336/1336 178/1337/1337 10/1338/1338
f 246/1339/1339 247/1340/1340 249/1341/1341
f 246/1342/1342 249/1343/1343 245/1344/1344
f 246/1345/1345 245/1346/1346 211/1347/1347
f 246/1348/1348 211/1349/1349 212/1350/1350
f 246/1351/1351 212/1352/1352 213/1353/1353
f 246/1354/1354 213/1355/1355 214/1356/1356
f 207/1357/1357 204/1358/1358 246/1359/1359
f 246/1360/1360 214/1361/1361 207/1362/1362
f 216/1363/1363 211/1364/1364 245/1365/1365
f 250/1366/1366 228/1367/1367 199/1368/1368
f 250/1369/1369 199/1370/1370 259/1371/1371
f 252/1372/1372 223/1373/1373 224/1374/1374
f 252/1375/1375 224/1376/1376 226/1377/1377
f 251/1378/1378 224/1379/1379 223/1380/1380
f 251/1381/1381 223/1382/1382 227/1383/1383
f 256/1384/1384 254/1385/1385 48/1386/1386
f 256/1387/1387 48/1388/1388 6/1389/1389
f 256/1390/1390 6/1391/1391 222/1392/1392
f 180/1393/1393 236/1394/1394 237/1395/1395
f 180/1396/1396 237/1397/1397 199/1398/1398
f 167/1399/1399 22/1400/1400 226/1401/1401
f 167/1402/1402 226/1403/1403 172/1404/1404
f 256/1405/1405 228/1406/1406 250/1407/1407
f 256/1408/1408 250/1409/1409 257/1410/1410
f 182/1411/1411 234/1412/1412 176/1413/1413
f 172/1414/1414 257/1415/1415 24/1416/1416
f 172/1417/1417 24/1418/1418 167/1419/1419
f 194/1420/1420 182/1421/1421 176/1422/1422
f 26/1423/1423 25/1424/1424 258/1425/1425
f 258/1426/1426 25/1427/1427 250/1428/1428
f 258/1429/1429 250/1430/1430 259/1431/1431
f 237/1432/1432 209/1433/1433 259/1434/1434
f 237/1435/1435 259/1436/1436 199/1437/1437
f 53/1438/1438 30/1439/1439 244/1440/1440
f 208/1441/1441 34/1442/1442 244/1443/1443
f 204/1444/1444 260/1445/1445 41/1446/1446
f 204/1447/1447 41/1448/1448 27/1449/1449
f 277/1450/1450 170/1451/1451 267/1452/1452
f 277/1453/1453 267/1454/1454 280/1455/1455
f 280/1456/1456 267/1457/1457 184/1458/1458
f 280/1459/1459 184/1460/1460 279/1461/1461
f 279/1462/1462 184/1463/1463 269/1464/1464
f 279/1465/1465 269/1466/1466 278/1467/1467
f 278/1468/1468 269/1469/1469 170/1470/1470
f 278/1471/1471 170/1472/1472 277/1473/1473
f 234/1474/1474 267/1475/1475 170/1476/1476
f 234/1477/1477 170/1478/1478 183/1479/1479
f 192/1480/1480 194/1481/1481 269/1482/1482
f 192/1483/1483 269/1484/1484 184/1485/1485
f 192/1486/1486 184/1487/1487 102/1488/1488
f 173/1489/1489 217/1490/1490 154/1491/1491
f 163/1492/1492 248/1493/1493 171/1494/1494
f 160/1495/1495 161/1496/1496 165/1497/1497
f 5/1498/1498 1/1499/1499 155/1500/1500
f 152/1501/1501 1/1502/1502 5/1503/1503
f 165/1504/1504 161/1505/1505 153/1506/1506
f 153/1507/1507 119/1508/1508 165/1509/1509
f 162/1510/1510 164/1511/1511 171/1512/1512
f 162/1513/1513 171/1514/1514 248/1515/1515
f 159/1516/1516 217/1517/1517 173/1518/1518
f 126/1519/1519 139/1520/1520 6/1521/1521
f 6/1522/1522 139/1523/1523 255/1524/1524
f 222/1525/1525 6/1526/1526 255/1527/1527
f 126/1528/1528 6/1529/1529 93/1530/1530
f 93/1531/1531 6/1532/1532 48/1533/1533
f 93/1534/1534 48/1535/1535 125/1536/1536
f 93/1537/1537 125/1538/1538 127/1539/1539
f 93/1540/1540 127/1541/1541 99/1542/1542
f 222/1543/1543 195/1544/1544 228/1545/1545
f 222/1546/1546 228/1547/1547 256/1548/1548
f 100/1549/1549 123/1550/1550 94/1551/1551
f 100/1552/1552 94/1553/1553 274/1554/1554
f 7/1555/1555 106/1556/1556 100/1557/1557
f 7/1558/1558 100/1559/1559 274/1560/1560
f 7/1561/1561 68/1562/1562 13/1563/1563
f 7/1564/1564 13/1565/1565 174/1566/1566
f 276/1567/1567 235/1568/1568 14/1569/1569
f 276/1570/1570 14/1571/1571 174/1572/1572
f 276/1573/1573 197/1574/1574 230/1575/1575
f 276/1576/1576 230/1577/1577 275/1578/1578
f 275/1579/1579 230/1580/1580 227/1581/1581
f 275/1582/1582 227/1583/1583 223/1584/1584
f 277/1585/1585 172/1586/1586 224/1587/1587
f 277/1588/1588 224/1589/1589 278/1590/1590
f 278/1591/1591 224/1592/1592 175/1593/1593
f 278/1594/1594 175/1595/1595 279/1596/1596
f 279/1597/1597 175/1598/1598 256/1599/1599
f 279/1600/1600 256/1601/1601 280/1602/1602
f 280/1603/1603 256/1604/1604 172/1605/1605
f 280/1606/1606 172/1607/1607 277/1608/1608
f 282/1609/1609 95/1610/1610 166/1611/1611
f 282/1612/1612 166/1613/1613 281/1614/1614
f 281/1615/1615 166/1616/1616 127/1617/1617
f 281/1618/1618 127/1619/1619 284/1620/1620
f 284/1621/1621 127/1622/1622 18/1623/1623
f 284/1624/1624 18/1625/1625 283/1626/1626
f 283/1627/1627 18/1628/1628 95/1629/1629
f 283/1630/1630 95/1631/1631 282/1632/1632
f 10/1633/1633 182/1634/1634 194/1635/1635
f 10/1636/1636 194/1637/1637 192/1638/1638
f 102/1639/1639 178/1640/1640 192/1641/1641
f 231/1642/1642 178/1643/1643 102/1644/1644
f 10/1645/1645 178/1646/1646 231/1647/1647
f 285/1648/1648 105/1649/1649 140/1650/1650
f 285/1651/1651 140/1652/1652 52/1653/1653
f 285/1654/1654 52/1655/1655 286/1656/1656
f 286/1657/1657 52/1658/1658 142/1659/1659
f 286/1660/1660 142/1661/1661 65/1662/1662
f 286/1663/1663 65/1664/1664 287/1665/1665
f 288/1666/1666 31/1667/1667 287/1668/1668
f 288/1669/1669 49/1670/1670 105/1671/1671
f 288/1672/1672 105/1673/1673 285/1674/1674
f 230/1675/1675 11/1676/1676 63/1677/1677
f 63/1678/1678 11/1679/1679 101/1680/1680
