v 4.155834 -5.269231 -0.391786
v -2.254651 -4.872574 1.274039
v -1.830814 -5.270218 0.930031
v -2.581924 -5.270218 0.930031
v 3.950630 -4.894240 -0.429390
v 0.000000 -1.368962 -2.960670
v 3.163139 -1.993524 -4.059160
v 0.000000 -1.371799 -4.651891
v 0.000001 -1.278705 -4.955637
v 0.000001 -1.755188 -5.183929
v 0.000001 -3.062881 -5.280055
v 0.000000 -3.409034 -5.587656
v 0.000001 -1.812880 -6.472013
v 0.000001 -0.351341 -6.721939
v 0.000001 1.187120 -6.548913
v 0.000001 2.148658 -6.183636
v 0.000001 2.283273 -5.568431
v 1.342328 -1.159138 -4.061430
v 0.000000 0.816770 -5.652061
v 0.000001 0.033275 -5.453080
v 0.000001 0.086679 -4.962379
v 0.000000 0.224354 -4.649704
v 2.618942 0.136367 -4.057307
v 0.000000 0.486460 -3.313057
v 0.000000 0.645085 -2.960883
v 0.000000 1.300154 -1.956397
v -0.000000 -2.280217 1.317765
v 0.000000 2.096154 -2.133990
v 1.178687 -1.952330 -0.495196
v -0.000000 1.957362 -0.464971
v 3.010941 -2.097247 -4.059284
v -0.000001 -2.176770 2.641602
v -0.000000 2.403846 0.965477
v -0.000000 1.326923 1.557207
v -0.000001 0.990887 3.089233
v -0.000001 0.244979 3.538358
v -0.000000 -2.271973 1.847300
v -0.000001 -0.369765 4.467826
v -0.000001 -0.975860 5.056210
v -0.000001 -1.617854 5.024509
v -0.000000 -2.288461 0.788230
v -0.000000 -2.625590 -0.551030
v -0.000001 -2.060600 3.435905
v 1.147819 1.611484 -1.322569
v 2.278209 -1.414086 -1.966854
v -0.000001 -2.145035 2.906370
v 0.464424 -1.653297 4.498937
v 0.000000 -1.308112 -3.314823
v 2.950480 -0.578059 -4.058786
v 2.441750 0.236016 -4.056815
v 0.000000 -1.667384 -4.033292
v 2.249758 -0.996113 -4.100831
v -0.000000 3.113930 0.070890
v 1.333809 -0.496083 2.140662
v 0.576723 -0.662132 4.396496
v -0.000001 0.270082 4.023955
v -0.000001 -0.070441 6.448519
v 2.254651 -4.491779 -1.705891
v 2.283428 -3.673077 -1.480336
v 2.026562 -2.807692 -2.326241
v 2.089058 -2.430244 -2.174044
v 2.254651 -5.277126 -1.804043
v 0.317700 -1.976771 -6.293527
v 0.385938 1.071735 -6.482490
v 2.621921 -0.596759 -4.645858
v 0.385237 -1.326923 -2.768419
v 2.254651 -5.269231 1.464446
v 0.447464 -1.602602 -6.335502
v 0.613267 1.010818 1.552161
v 2.130520 -0.229876 -1.966881
v 2.254651 -4.557692 0.845905
v 1.304948 -1.788461 2.922219
v 1.348087 -2.076923 2.633842
v 1.348087 -2.153846 1.903288
v 1.348087 -1.961539 1.538011
v 1.961597 -2.769230 -0.557529
v 2.098741 -3.269230 -0.019225
v 1.956440 -1.406488 1.543061
v 1.461266 0.511382 0.446259
v 1.462802 0.596131 -0.917881
v 1.956440 -1.012062 2.132541
v 2.116975 -1.504657 2.682891
v 2.116975 -1.406488 2.360393
v 2.116975 -1.406488 2.136056
v 2.116975 -1.486800 1.835276
v 1.871475 -1.675576 0.437842
v 1.831097 -1.617769 3.535266
v 3.386928 -4.524735 -0.429993
v 3.155666 -3.471154 -0.749780
v 2.555779 -2.777625 -1.428091
v 1.031643 -2.778030 -1.428822
v 2.204232 -0.263251 0.453429
v 0.749511 -0.669360 -5.329202
v 0.514818 -0.473256 -4.958241
v 1.034595 -0.612710 -4.655061
v 0.167934 -0.897951 -2.956777
v 0.841176 -0.187718 -4.655041
v 0.372889 -0.936360 -4.955485
v 1.469838 -0.426939 -2.964181
v 0.743848 -0.222335 -6.174814
v 0.595078 -1.392324 -5.995399
v 0.422506 -2.140662 -5.911449
v 1.333809 -0.401694 1.547253
v 0.513255 0.956351 -6.212473
v 2.659180 -0.559432 -3.438443
v 0.559330 -0.286838 -6.550173
v 2.775326 -1.501249 -0.914902
v 2.521667 -0.192207 -0.924558
v 1.239537 0.255741 1.551445
v 1.239537 0.062505 2.148784
v 1.149703 -0.820842 3.533934
v 0.915981 -0.968918 4.325165
v 0.915981 -1.376122 4.317368
v 0.433958 -0.079484 3.543492
v 0.996959 2.033324 0.360123
v 2.107411 -1.646559 2.802555
v 2.083630 -1.724169 1.686643
v 2.038023 -1.967007 1.943950
v 1.022288 -4.536040 -0.431931
v 2.038023 -1.909314 2.565480
v 1.139377 0.209578 -2.961143
v 0.841176 -1.060164 -4.659898
v 0.372889 -0.106626 -4.953294
v 0.669513 1.095637 2.139658
v 0.993163 -1.022081 -3.306241
v 0.611897 -1.813563 -2.370700
v 1.289363 -0.551959 -3.311543
v 0.993163 0.030264 -3.315006
v 0.889782 1.004193 -1.958544
v 1.459471 0.515773 -1.969530
v 1.345147 -2.069454 0.680561
v -0.000001 1.430545 2.142976
v 1.104773 -3.468771 -0.749232
v 0.187435 -1.297096 4.871499
v 0.914610 -0.442953 3.538713
v 1.197636 -1.724180 3.447792
v 0.720904 -0.738829 4.378663
v 0.902688 -2.229084 -1.428234
v 0.000000 -2.106337 -2.370701
v 2.283982 -0.555282 -3.598495
v 0.725760 0.733449 2.828092
v 2.277983 -0.614744 -4.439633
v 0.000000 -2.595199 -1.428234
v 1.871734 -1.351875 7.112924
v 1.930190 -1.151195 5.183175
v 2.237778 -1.550542 5.049429
v 1.726388 -1.224350 5.327969
v 1.726388 -1.427952 5.324070
v -0.000001 0.192396 5.236238
v 0.216978 0.017613 5.225739
v -0.000001 -0.127528 5.206538
v 3.186793 -5.271205 0.255513
v 1.228404 -5.271205 0.255512
v -3.186793 -5.275152 -1.117524
v 3.186793 -5.275152 -1.117524
v 2.581924 -5.270218 0.930031
v 1.830814 -5.270218 0.930031
v 2.254651 -4.872574 1.274039
v -3.186793 -5.271205 0.255512
v 1.228404 -5.275152 -1.117524
v 0.345606 -5.269231 -0.391787
v -1.228404 -5.271205 0.255512
v -1.228404 -5.275152 -1.117525
v -0.345606 -5.269231 -0.391787
v 0.483732 -4.894240 -0.429390
v 1.342328 0.034819 -4.050168
v 0.000000 0.825987 -4.066710
v 2.329063 0.003469 -4.048482
v -4.155834 -5.269231 -0.391787
v -2.329062 0.003469 -4.048482
v -0.483732 -4.894240 -0.429390
v -1.342327 0.034819 -4.050168
v -3.950630 -4.894240 -0.429390
v -3.163138 -1.993524 -4.059160
v -1.342327 -1.159138 -4.061430
v -2.618941 0.136367 -4.057308
v -1.178687 -1.952330 -0.495196
v -3.010940 -2.097247 -4.059285
v -1.147819 1.611484 -1.322569
v -2.278209 -1.414086 -1.966854
v -0.464424 -1.653297 4.498937
v -2.950479 -0.578059 -4.058786
v -2.441750 0.236016 -4.056815
v -2.249757 -0.996113 -4.100832
v -1.333810 -0.496083 2.140662
v -0.576724 -0.662132 4.396496
v -2.254651 -4.491779 -1.705891
v -2.283428 -3.673077 -1.480336
v -2.026562 -2.807692 -2.326241
v -2.089057 -2.430244 -2.174044
v -2.254651 -5.277126 -1.804043
v -0.317699 -1.976771 -6.293527
v -0.385937 1.071735 -6.482490
v -2.621920 -0.596759 -4.645859
v -0.385237 -1.326923 -2.768420
v -2.254651 -5.269231 1.464446
v -0.447463 -1.602602 -6.335502
v -0.613267 1.010818 1.552161
v -2.130520 -0.229876 -1.966882
v -2.254651 -4.557692 0.845905
v -1.304949 -1.788461 2.922219
v -1.348088 -2.076923 2.633842
v -1.348088 -2.153846 1.903288
v -1.348088 -1.961539 1.538010
v -1.961597 -2.769230 -0.557529
v -2.098741 -3.269230 -0.019226
v -1.956440 -1.406488 1.543061
v -1.461266 0.511382 0.446259
v -1.462802 0.596131 -0.917881
v -1.956440 -1.012062 2.132540
v -2.116976 -1.504657 2.682891
v -2.116975 -1.406488 2.360392
v -2.116975 -1.406488 2.136056
v -2.116975 -1.486800 1.835275
v -1.871475 -1.675576 0.437842
v -1.831097 -1.617769 3.535266
v -3.386928 -4.524735 -0.429993
v -3.155666 -3.471154 -0.749781
v -2.555779 -2.777625 -1.428092
v -1.031643 -2.778030 -1.428822
v -2.204232 -0.263251 0.453429
v -0.749510 -0.669360 -5.329202
v -0.514818 -0.473256 -4.958241
v -1.034594 -0.612710 -4.655061
v -0.167934 -0.897951 -2.956777
v -0.841176 -0.187718 -4.655041
v -0.372888 -0.936360 -4.955485
v -1.469837 -0.426939 -2.964181
v -0.743847 -0.222335 -6.174814
v -0.595077 -1.392324 -5.995399
v -0.422505 -2.140662 -5.911449
v -1.333809 -0.401694 1.547253
v -0.513254 0.956351 -6.212473
v -2.659180 -0.559432 -3.438443
v -0.559329 -0.286838 -6.550173
v -2.775325 -1.501249 -0.914902
v -2.521667 -0.192207 -0.924559
v -1.239537 0.255741 1.551445
v -1.239537 0.062505 2.148783
v -1.149704 -0.820842 3.533934
v -0.915982 -0.968918 4.325165
v -0.915982 -1.376122 4.317368
v -0.433958 -0.079484 3.543492
v -0.996959 2.033324 0.360122
v -2.107412 -1.646559 2.802555
v -2.083630 -1.724169 1.686642
v -2.038023 -1.967007 1.943949
v -1.022288 -4.536040 -0.431931
v -2.038024 -1.909314 2.565480
v -1.139377 0.209578 -2.961143
v -0.841176 -1.060164 -4.659898
v -0.372888 -0.106626 -4.953294
v -0.669514 1.095637 2.139658
v -0.993162 -1.022081 -3.306242
v -0.611896 -1.813563 -2.370701
v -1.289363 -0.551959 -3.311543
v -0.993162 0.030264 -3.315006
v -0.889782 1.004193 -1.958544
v -1.459471 0.515773 -1.969531
v -1.345148 -2.069454 0.680561
v -1.104773 -3.468771 -0.749232
v -0.187436 -1.297096 4.871499
v -0.914611 -0.442953 3.538713
v -1.197637 -1.724180 3.447792
v -0.720905 -0.738829 4.378663
v -0.902688 -2.229084 -1.428234
v -2.283981 -0.555282 -3.598495
v -0.725760 0.733449 2.828092
v -2.277982 -0.614744 -4.439633
v -1.871735 -1.351875 7.112924
v -1.930191 -1.151195 5.183175
v -2.237779 -1.550542 5.049428
v -1.726389 -1.224350 5.327969
v -1.726389 -1.427952 5.324070
v -0.216979 0.017613 5.225739
vt 0.000000 0.000000
vt 0.000000 0.000000
vt 0.000000 0.000000
vt 0.000000 0.000000
vt 0.000000 0.000000
vt 0.000000 0.000000
vt 0.000000 0.000000
vt 0.000000 0.000000
vt 0.000000 0.000000
vt 0.000000 0.000000
vt 0.000000 0.000000
vt 0.000000 0.000000
vt 0.000000 0.000000
vt 0.000000 0.000000
vt 0.000000 0.000000
vt 0.000000 0.000000
vt 0.000000 0.000000
vt 0.000000 0.000000
vt 0.000000 0.000000
vt 0.000000 0.000000
vt 0.000000 0.000000
vt 0.000000 0.000000
vt 0.000000 0.000000
vt 0.000000 0.000000
vt 0.000000 0.000000
vt 0.000000 0.000000
vt 0.000000 0.000000
vt 0.000000 0.000000
vt 0.000000 0.000000
vt 0.000000 0.000000
vt 0.000000 0.000000
vt 0.000000 0.000000
vt 0.000000 0.000000
vt 0.000000 0.000000
vt 0.000000 0.000000
vt 0.000000 0.000000
vt 0.000000 0.000000
vt 0.000000 0.000000
vt 0.000000 0.000000
vt 0.000000 0.000000
vt 0.000000 0.000000
vt 0.000000 0.000000
vt 0.000000 0.000000
vt 0.000000 0.000000
vt 0.000000 0.000000
vt 0.000000 0.000000
vt 0.000000 0.000000
vt 0.000000 0.000000
vt 0.000000 0.000000
vt 0.000000 0.000000
vt 0.000000 0.000000
vt 0.000000 0.000000
vt 0.000000 0.000000
vt 0.000000 0.000000
vt 0.000000 0.000000
vt 0.000000 0.000000
vt 0.000000 0.000000
vt 0.000000 0.000000
vt 0.000000 0.000000
vt 0.000000 0.000000
vt 0.000000 0.000000
vt 0.000000 0.000000
vt 0.000000 0.000000
vt 0.000000 0.000000
vt 0.000000 0.000000
vt 0.000000 0.000000
vt 0.000000 0.000000
vt 0.000000 0.000000
vt 0.000000 0.000000
vt 0.000000 0.000000
vt 0.000000 0.000000
vt 0.000000 0.000000
vt 0.000000 0.000000
vt 0.000000 0.000000
vt 0.000000 0.000000
vt 0.000000 0.000000
vt 0.000000 0.000000
vt 0.000000 0.000000
vt 0.000000 0.000000
vt 0.000000 0.000000
vt 0.000000 0.000000
vt 0.000000 0.000000
vt 0.000000 0.000000
vt 0.000000 0.000000
vt 0.000000 0.000000
vt 0.000000 0.000000
vt 0.000000 0.000000
vt 0.000000 0.000000
vt 0.000000 0.000000
vt 0.000000 0.000000
vt 0.000000 0.000000
vt 0.000000 0.000000
vt 0.000000 0.000000
vt 0.000000 0.000000
vt 0.000000 0.000000
vt 0.000000 0.000000
vt 0.000000 0.000000
vt 0.000000 0.000000
vt 0.000000 0.000000
vt 0.000000 0.000000
vt 0.000000 0.000000
vt 0.000000 0.000000
vt 0.000000 0.000000
vt 0.000000 0.000000
vt 0.000000 0.000000
vt 0.000000 0.000000
vt 0.000000 0.000000
vt 0.000000 0.000000
vt 0.000000 0.000000
vt 0.000000 0.000000
vt 0.000000 0.000000
vt 0.000000 0.000000
vt 0.000000 0.000000
vt 0.000000 0.000000
vt 0.000000 0.000000
vt 0.000000 0.000000
vt 0.000000 0.000000
vt 0.000000 0.000000
vt 0.000000 0.000000
vt 0.000000 0.000000
vt 0.000000 0.000000
vt 0.000000 0.000000
vt 0.000000 0.000000
vt 0.000000 0.000000
vt 0.000000 0.000000
vt 0.000000 0.000000
vt 0.000000 0.000000
vt 0.000000 0.000000
vt 0.000000 0.000000
vt 0.000000 0.000000
vt 0.000000 0.000000
vt 0.000000 0.000000
vt 0.000000 0.000000
vt 0.000000 0.000000
vt 0.000000 0.000000
vt 0.000000 0.000000
vt 0.000000 0.000000
vt 0.000000 0.000000
vt 0.000000 0.000000
vt 0.000000 0.000000
vt 0.000000 0.000000
vt 0.000000 0.000000
vt 0.000000 0.000000
vt 0.000000 0.000000
vt 0.000000 0.000000
vt 0.000000 0.000000
vt 0.000000 0.000000
vt 0.000000 0.000000
vt 0.000000 0.000000
vt 0.000000 0.000000
vt 0.000000 0.000000
vt 0.000000 0.000000
vt 0.000000 0.000000
vt 0.000000 0.000000
vt 0.000000 0.000000
vt 0.000000 0.000000
vt 0.000000 0.000000
vt 0.000000 0.000000
vt 0.000000 0.000000
vt 0.000000 0.000000
vt 0.000000 0.000000
vt 0.000000 0.000000
vt 0.000000 0.000000
vt 0.000000 0.000000
vt 0.000000 0.000000
vt 0.000000 0.000000
vt 0.000000 0.000000
vt 0.000000 0.000000
vt 0.000000 0.000000
vt 0.000000 0.000000
vt 0.000000 0.000000
vt 0.000000 0.000000
vt 0.000000 0.000000
vt 0.000000 0.000000
vt 0.000000 0.000000
vt 0.000000 0.000000
vt 0.000000 0.000000
vt 0.000000 0.000000
vt 0.000000 0.000000
vt 0.000000 0.000000
vt 0.000000 0.000000
vt 0.000000 0.000000
vt 0.000000 0.000000
vt 0.000000 0.000000
vt 0.000000 0.000000
vt 0.000000 0.000000
vt 0.000000 0.000000
vt 0.000000 0.000000
vt 0.000000 0.000000
vt 0.000000 0.000000
vt 0.000000 0.000000
vt 0.000000 0.000000
vt 0.000000 0.000000
vt 0.000000 0.000000
vt 0.000000 0.000000
vt 0.000000 0.000000
vt 0.000000 0.000000
vt 0.000000 0.000000
vt 0.000000 0.000000
vt 0.000000 0.000000
vt 0.000000 0.000000
vt 0.000000 0.000000
vt 0.000000 0.000000
vt 0.000000 0.000000
vt 0.000000 0.000000
vt 0.000000 0.000000
vt 0.000000 0.000000
vt 0.000000 0.000000
vt 0.000000 0.000000
vt 0.000000 0.000000
vt 0.000000 0.000000
vt 0.000000 0.000000
vt 0.000000 0.000000
vt 0.000000 0.000000
vt 0.000000 0.000000
vt 0.000000 0.000000
vt 0.000000 0.000000
vt 0.000000 0.000000
vt 0.000000 0.000000
vt 0.000000 0.000000
vt 0.000000 0.000000
vt 0.000000 0.000000
vt 0.000000 0.000000
vt 0.000000 0.000000
vt 0.000000 0.000000
vt 0.000000 0.000000
vt 0.000000 0.000000
vt 0.000000 0.000000
vt 0.000000 0.000000
vt 0.000000 0.000000
vt 0.000000 0.000000
vt 0.000000 0.000000
vt 0.000000 0.000000
vt 0.000000 0.000000
vt 0.000000 0.000000
vt 0.000000 0.000000
vt 0.000000 0.000000
vt 0.000000 0.000000
vt 0.000000 0.000000
vt 0.000000 0.000000
vt 0.000000 0.000000
vt 0.000000 0.000000
vt 0.000000 0.000000
vt 0.000000 0.000000
vt 0.000000 0.000000
vt 0.000000 0.000000
vt 0.000000 0.000000
vt 0.000000 0.000000
vt 0.000000 0.000000
vt 0.000000 0.000000
vt 0.000000 0.000000
vt 0.000000 0.000000
vt 0.000000 0.000000
vt 0.000000 0.000000
vt 0.000000 0.000000
vt 0.000000 0.000000
vt 0.000000 0.000000
vt 0.000000 0.000000
vt 0.000000 0.000000
vt 0.000000 0.000000
vt 0.000000 0.000000
vt 0.000000 0.000000
vt 0.000000 0.000000
vt 0.000000 0.000000
vt 0.000000 0.000000
vt 0.000000 0.000000
vt 0.000000 0.000000
vt 0.000000 0.000000
vt 0.000000 0.000000
vt 0.000000 0.000000
vt 0.000000 0.000000
vt 0.000000 0.000000
vt 0.000000 0.000000
vt 0.000000 0.000000
vt 0.000000 0.000000
vt 0.000000 0.000000
vt 0.000000 0.000000
vt 0.000000 0.000000
vt 0.000000 0.000000
vt 0.000000 0.000000
vt 0.000000 0.000000
vt 0.000000 0.000000
vt 0.000000 0.000000
vt 0.000000 0.000000
vt 0.000000 0.000000
vt 0.000000 0.000000
vt 0.000000 0.000000
vt 0.000000 0.000000
vt 0.000000 0.000000
vt 0.000000 0.000000
vt 0.000000 0.000000
vt 0.000000 0.000000
vt 0.000000 0.000000
vt 0.000000 0.000000
vt 0.000000 0.000000
vt 0.000000 0.000000
vt 0.000000 0.000000
vt 0.000000 0.000000
vt 0.000000 0.000000
vt 0.000000 0.000000
vt 0.000000 0.000000
vt 0.000000 0.000000
vt 0.000000 0.000000
vt 0.000000 0.000000
vt 0.000000 0.000000
vt 0.000000 0.000000
vt 0.000000 0.000000
vt 0.000000 0.000000
vt 0.000000 0.000000
vt 0.000000 0.000000
vt 0.000000 0.000000
vt 0.000000 0.000000
vt 0.000000 0.000000
vt 0.000000 0.000000
vt 0.000000 0.000000
vt 0.000000 0.000000
vt 0.000000 0.000000
vt 0.000000 0.000000
vt 0.000000 0.000000
vt 0.000000 0.000000
vt 0.000000 0.000000
vt 0.000000 0.000000
vt 0.000000 0.000000
vt 0.000000 0.000000
vt 0.000000 0.000000
vt 0.000000 0.000000
vt 0.000000 0.000000
vt 0.000000 0.000000
vt 0.000000 0.000000
vt 0.000000 0.000000
vt 0.000000 0.000000
vt 0.000000 0.000000
vt 0.000000 0.000000
vt 0.000000 0.000000
vt 0.000000 0.000000
vt 0.000000 0.000000
vt 0.000000 0.000000
vt 0.000000 0.000000
vt 0.000000 0.000000
vt 0.000000 0.000000
vt 0.000000 0.000000
vt 0.000000 0.000000
vt 0.000000 0.000000
vt 0.000000 0.000000
vt 0.000000 0.000000
vt 0.000000 0.000000
vt 0.000000 0.000000
vt 0.000000 0.000000
vt 0.000000 0.000000
vt 0.000000 0.000000
vt 0.000000 0.000000
vt 0.000000 0.000000
vt 0.000000 0.000000
vt 0.000000 0.000000
vt 0.000000 0.000000
vt 0.000000 0.000000
vt 0.000000 0.000000
vt 0.000000 0.000000
vt 0.000000 0.000000
vt 0.000000 0.000000
vt 0.000000 0.000000
vt 0.000000 0.000000
vt 0.000000 0.000000
vt 0.000000 0.000000
vt 0.000000 0.000000
vt 0.000000 0.000000
vt 0.000000 0.000000
vt 0.000000 0.000000
vt 0.000000 0.000000
vt 0.000000 0.000000
vt 0.000000 0.000000
vt 0.000000 0.000000
vt 0.000000 0.000000
vt 0.000000 0.000000
vt 0.000000 0.000000
vt 0.000000 0.000000
vt 0.000000 0.000000
vt 0.000000 0.000000
vt 0.000000 0.000000
vt 0.000000 0.000000
vt 0.000000 0.000000
vt 0.000000 0.000000
vt 0.000000 0.000000
vt 0.000000 0.000000
vt 0.000000 0.000000
vt 0.000000 0.000000
vt 0.000000 0.000000
vt 0.000000 0.000000
vt 0.000000 0.000000
vt 0.000000 0.000000
vt 0.000000 0.000000
vt 0.000000 0.000000
vt 0.000000 0.000000
vt 0.000000 0.000000
vt 0.000000 0.000000
vt 0.000000 0.000000
vt 0.000000 0.000000
vt 0.000000 0.000000
vt 0.000000 0.000000
vt 0.000000 0.000000
vt 0.000000 0.000000
vt 0.000000 0.000000
vt 0.000000 0.000000
vt 0.000000 0.000000
vt 0.000000 0.000000
vt 0.000000 0.000000
vt 0.000000 0.000000
vt 0.000000 0.000000
vt 0.000000 0.000000
vt 0.000000 0.000000
vt 0.000000 0.000000
vt 0.000000 0.000000
vt 0.000000 0.000000
vt 0.000000 0.000000
vt 0.000000 0.000000
vt 0.000000 0.000000
vt 0.000000 0.000000
vt 0.000000 0.000000
vt 0.000000 0.000000
vt 0.000000 0.000000
vt 0.000000 0.000000
vt 0.000000 0.000000
vt 0.000000 0.000000
vt 0.000000 0.000000
vt 0.000000 0.000000
vt 0.000000 0.000000
vt 0.000000 0.000000
vt 0.000000 0.000000
vt 0.000000 0.000000
vt 0.000000 0.000000
vt 0.000000 0.000000
vt 0.000000 0.000000
vt 0.000000 0.000000
vt 0.000000 0.000000
vt 0.000000 0.000000
vt 0.000000 0.000000
vt 0.000000 0.000000
vt 0.000000 0.000000
vt 0.000000 0.000000
vt 0.000000 0.000000
vt 0.000000 0.000000
vt 0.000000 0.000000
vt 0.000000 0.000000
vt 0.000000 0.000000
vt 0.000000 0.000000
vt 0.000000 0.000000
vt 0.000000 0.000000
vt 0.000000 0.000000
vt 0.000000 0.000000
vt 0.000000 0.000000
vt 0.000000 0.000000
vt 0.000000 0.000000
vt 0.000000 0.000000
vt 0.000000 0.000000
vt 0.000000 0.000000
vt 0.000000 0.000000
vt 0.000000 0.000000
vt 0.000000 0.000000
vt 0.000000 0.000000
vt 0.000000 0.000000
vt 0.000000 0.000000
vt 0.000000 0.000000
vt 0.000000 0.000000
vt 0.000000 0.000000
vt 0.000000 0.000000
vt 0.000000 0.000000
vt 0.000000 0.000000
vt 0.000000 0.000000
vt 0.000000 0.000000
vt 0.000000 0.000000
vt 0.000000 0.000000
vt 0.000000 0.000000
vt 0.000000 0.000000
vt 0.000000 0.000000
vt 0.000000 0.000000
vt 0.000000 0.000000
vt 0.000000 0.000000
vt 0.000000 0.000000
vt 0.000000 0.000000
vt 0.000000 0.000000
vt 0.000000 0.000000
vt 0.000000 0.000000
vt 0.000000 0.000000
vt 0.000000 0.000000
vt 0.000000 0.000000
vt 0.000000 0.000000
vt 0.000000 0.000000
vt 0.000000 0.000000
vt 0.000000 0.000000
vt 0.000000 0.000000
vt 0.000000 0.000000
vt 0.000000 0.000000
vt 0.000000 0.000000
vt 0.000000 0.000000
vt 0.000000 0.000000
vt 0.000000 0.000000
vt 0.000000 0.000000
vt 0.000000 0.000000
vt 0.000000 0.000000
vt 0.000000 0.000000
vt 0.000000 0.000000
vt 0.000000 0.000000
vt 0.000000 0.000000
vt 0.000000 0.000000
vt 0.000000 0.000000
vt 0.000000 0.000000
vt 0.000000 0.000000
vt 0.000000 0.000000
vt 0.000000 0.000000
vt 0.000000 0.000000
vt 0.000000 0.000000
vt 0.000000 0.000000
vt 0.000000 0.000000
vt 0.000000 0.000000
vt 0.000000 0.000000
vt 0.000000 0.000000
vt 0.000000 0.000000
vt 0.000000 0.000000
vt 0.000000 0.000000
vt 0.000000 0.000000
vt 0.000000 0.000000
vt 0.000000 0.000000
vt 0.000000 0.000000
vt 0.000000 0.000000
vt 0.000000 0.000000
vt 0.000000 0.000000
vt 0.000000 0.000000
vt 0.000000 0.000000
vt 0.000000 0.000000
vt 0.000000 0.000000
vt 0.000000 0.000000
vt 0.000000 0.000000
vt 0.000000 0.000000
vt 0.000000 0.000000
vt 0.000000 0.000000
vt 0.000000 0.000000
vt 0.000000 0.000000
vt 0.000000 0.000000
vt 0.000000 0.000000
vt 0.000000 0.000000
vt 0.000000 0.000000
vt 0.000000 0.000000
vt 0.000000 0.000000
vt 0.000000 0.000000
vt 0.000000 0.000000
vt 0.000000 0.000000
vt 0.000000 0.000000
vt 0.000000 0.000000
vt 0.000000 0.000000
vt 0.000000 0.000000
vt 0.000000 0.000000
vt 0.000000 0.000000
vt 0.000000 0.000000
vt 0.000000 0.000000
vt 0.000000 0.000000
vt 0.000000 0.000000
vt 0.000000 0.000000
vt 0.000000 0.000000
vt 0.000000 0.000000
vt 0.000000 0.000000
vt 0.000000 0.000000
vt 0.000000 0.000000
vt 0.000000 0.000000
vt 0.000000 0.000000
vt 0.000000 0.000000
vt 0.000000 0.000000
vt 0.000000 0.000000
vt 0.000000 0.000000
vt 0.000000 0.000000
vt 0.000000 0.000000
vt 0.000000 0.000000
vt 0.000000 0.000000
vt 0.000000 0.000000
vt 0.000000 0.000000
vt 0.000000 0.000000
vt 0.000000 0.000000
vt 0.000000 0.000000
vt 0.000000 0.000000
vt 0.000000 0.000000
vt 0.000000 0.000000
vt 0.000000 0.000000
vt 0.000000 0.000000
vt 0.000000 0.000000
vt 0.000000 0.000000
vt 0.000000 0.000000
vt 0.000000 0.000000
vt 0.000000 0.000000
vt 0.000000 0.000000
vt 0.000000 0.000000
vt 0.000000 0.000000
vt 0.000000 0.000000
vt 0.000000 0.000000
vt 0.000000 0.000000
vt 0.000000 0.000000
vt 0.000000 0.000000
vt 0.000000 0.000000
vt 0.000000 0.000000
vt 0.000000 0.000000
vt 0.000000 0.000000
vt 0.000000 0.000000
vt 0.000000 0.000000
vt 0.000000 0.000000
vt 0.000000 0.000000
vt 0.000000 0.000000
vt 0.000000 0.000000
vt 0.000000 0.000000
vt 0.000000 0.000000
vt 0.000000 0.000000
vt 0.000000 0.000000
vt 0.000000 0.000000
vt 0.000000 0.000000
vt 0.000000 0.000000
vt 0.000000 0.000000
vt 0.000000 0.000000
vt 0.000000 0.000000
vt 0.000000 0.000000
vt 0.000000 0.000000
vt 0.000000 0.000000
vt 0.000000 0.000000
vt 0.000000 0.000000
vt 0.000000 0.000000
vt 0.000000 0.000000
vt 0.000000 0.000000
vt 0.000000 0.000000
vt 0.000000 0.000000
vt 0.000000 0.000000
vt 0.000000 0.000000
vt 0.000000 0.000000
vt 0.000000 0.000000
vt 0.000000 0.000000
vt 0.000000 0.000000
vt 0.000000 0.000000
vt 0.000000 0.000000
vt 0.000000 0.000000
vt 0.000000 0.000000
vt 0.000000 0.000000
vt 0.000000 0.000000
vt 0.000000 0.000000
vt 0.000000 0.000000
vt 0.000000 0.000000
vt 0.000000 0.000000
vt 0.000000 0.000000
vt 0.000000 0.000000
vt 0.000000 0.000000
vt 0.000000 0.000000
vt 0.000000 0.000000
vt 0.000000 0.000000
vt 0.000000 0.000000
vt 0.000000 0.000000
vt 0.000000 0.000000
vt 0.000000 0.000000
vt 0.000000 0.000000
vt 0.000000 0.000000
vt 0.000000 0.000000
vt 0.000000 0.000000
vt 0.000000 0.000000
vt 0.000000 0.000000
vt 0.000000 0.000000
vt 0.000000 0.000000
vt 0.000000 0.000000
vt 0.000000 0.000000
vt 0.000000 0.000000
vt 0.000000 0.000000
vt 0.000000 0.000000
vt 0.000000 0.000000
vt 0.000000 0.000000
vt 0.000000 0.000000
vt 0.000000 0.000000
vt 0.000000 0.000000
vt 0.000000 0.000000
vt 0.000000 0.000000
vt 0.000000 0.000000
vt 0.000000 0.000000
vt 0.000000 0.000000
vt 0.000000 0.000000
vt 0.000000 0.000000
vt 0.000000 0.000000
vt 0.000000 0.000000
vt 0.000000 0.000000
vt 0.000000 0.000000
vt 0.000000 0.000000
vt 0.000000 0.000000
vt 0.000000 0.000000
vt 0.000000 0.000000
vt 0.000000 0.000000
vt 0.000000 0.000000
vt 0.000000 0.000000
vt 0.000000 0.000000
vt 0.000000 0.000000
vt 0.000000 0.000000
vt 0.000000 0.000000
vt 0.000000 0.000000
vt 0.000000 0.000000
vt 0.000000 0.000000
vt 0.000000 0.000000
vt 0.000000 0.000000
vt 0.000000 0.000000
vt 0.000000 0.000000
vt 0.000000 0.000000
vt 0.000000 0.000000
vt 0.000000 0.000000
vt 0.000000 0.000000
vt 0.000000 0.000000
vt 0.000000 0.000000
vt 0.000000 0.000000
vt 0.000000 0.000000
vt 0.000000 0.000000
vt 0.000000 0.000000
vt 0.000000 0.000000
vt 0.000000 0.000000
vt 0.000000 0.000000
vt 0.000000 0.000000
vt 0.000000 0.000000
vt 0.000000 0.000000
vt 0.000000 0.000000
vt 0.000000 0.000000
vt 0.000000 0.000000
vt 0.000000 0.000000
vt 0.000000 0.000000
vt 0.000000 0.000000
vt 0.000000 0.000000
vt 0.000000 0.000000
vt 0.000000 0.000000
vt 0.000000 0.000000
vt 0.000000 0.000000
vt 0.000000 0.000000
vt 0.000000 0.000000
vt 0.000000 0.000000
vt 0.000000 0.000000
vt 0.000000 0.000000
vt 0.000000 0.000000
vt 0.000000 0.000000
vt 0.000000 0.000000
vt 0.000000 0.000000
vt 0.000000 0.000000
vt 0.000000 0.000000
vt 0.000000 0.000000
vt 0.000000 0.000000
vt 0.000000 0.000000
vt 0.000000 0.000000
vt 0.000000 0.000000
vt 0.000000 0.000000
vt 0.000000 0.000000
vt 0.000000 0.000000
vt 0.000000 0.000000
vt 0.000000 0.000000
vt 0.000000 0.000000
vt 0.000000 0.000000
vt 0.000000 0.000000
vt 0.000000 0.000000
vt 0.000000 0.000000
vt 0.000000 0.000000
vt 0.000000 0.000000
vt 0.000000 0.000000
vt 0.000000 0.000000
vt 0.000000 0.000000
vt 0.000000 0.000000
vt 0.000000 0.000000
vt 0.000000 0.000000
vt 0.000000 0.000000
vt 0.000000 0.000000
vt 0.000000 0.000000
vt 0.000000 0.000000
vt 0.000000 0.000000
vt 0.000000 0.000000
vt 0.000000 0.000000
vt 0.000000 0.000000
vt 0.000000 0.000000
vt 0.000000 0.000000
vt 0.000000 0.000000
vt 0.000000 0.000000
vt 0.000000 0.000000
vt 0.000000 0.000000
vt 0.000000 0.000000
vt 0.000000 0.000000
vt 0.000000 0.000000
vt 0.000000 0.000000
vt 0.000000 0.000000
vt 0.000000 0.000000
vt 0.000000 0.000000
vt 0.000000 0.000000
vt 0.000000 0.000000
vt 0.000000 0.000000
vt 0.000000 0.000000
vt 0.000000 0.000000
vt 0.000000 0.000000
vt 0.000000 0.000000
vt 0.000000 0.000000
vt 0.000000 0.000000
vt 0.000000 0.000000
vt 0.000000 0.000000
vt 0.000000 0.000000
vt 0.000000 0.000000
vt 0.000000 0.000000
vt 0.000000 0.000000
vt 0.000000 0.000000
vt 0.000000 0.000000
vt 0.000000 0.000000
vt 0.000000 0.000000
vt 0.000000 0.000000
vt 0.000000 0.000000
vt 0.000000 0.000000
vt 0.000000 0.000000
vt 0.000000 0.000000
vt 0.000000 0.000000
vt 0.000000 0.000000
vt 0.000000 0.000000
vt 0.000000 0.000000
vt 0.000000 0.000000
vt 0.000000 0.000000
vt 0.000000 0.000000
vt 0.000000 0.000000
vt 0.000000 0.000000
vt 0.000000 0.000000
vt 0.000000 0.000000
vt 0.000000 0.000000
vt 0.000000 0.000000
vt 0.000000 0.000000
vt 0.000000 0.000000
vt 0.000000 0.000000
vt 0.000000 0.000000
vt 0.000000 0.000000
vt 0.000000 0.000000
vt 0.000000 0.000000
vt 0.000000 0.000000
vt 0.000000 0.000000
vt 0.000000 0.000000
vt 0.000000 0.000000
vt 0.000000 0.000000
vt 0.000000 0.000000
vt 0.000000 0.000000
vt 0.000000 0.000000
vt 0.000000 0.000000
vt 0.000000 0.000000
vt 0.000000 0.000000
vt 0.000000 0.000000
vt 0.000000 0.000000
vt 0.000000 0.000000
vt 0.000000 0.000000
vt 0.000000 0.000000
vt 0.000000 0.000000
vt 0.000000 0.000000
vt 0.000000 0.000000
vt 0.000000 0.000000
vt 0.000000 0.000000
vt 0.000000 0.000000
vt 0.000000 0.000000
vt 0.000000 0.000000
vt 0.000000 0.000000
vt 0.000000 0.000000
vt 0.000000 0.000000
vt 0.000000 0.000000
vt 0.000000 0.000000
vt 0.000000 0.000000
vt 0.000000 0.000000
vt 0.000000 0.000000
vt 0.000000 0.000000
vt 0.000000 0.000000
vt 0.000000 0.000000
vt 0.000000 0.000000
vt 0.000000 0.000000
vt 0.000000 0.000000
vt 0.000000 0.000000
vt 0.000000 0.000000
vt 0.000000 0.000000
vt 0.000000 0.000000
vt 0.000000 0.000000
vt 0.000000 0.000000
vt 0.000000 0.000000
vt 0.000000 0.000000
vt 0.000000 0.000000
vt 0.000000 0.000000
vt 0.000000 0.000000
vt 0.000000 0.000000
vt 0.000000 0.000000
vt 0.000000 0.000000
vt 0.000000 0.000000
vt 0.000000 0.000000
vt 0.000000 0.000000
vt 0.000000 0.000000
vt 0.000000 0.000000
vt 0.000000 0.000000
vt 0.000000 0.000000
vt 0.000000 0.000000
vt 0.000000 0.000000
vt 0.000000 0.000000
vt 0.000000 0.000000
vt 0.000000 0.000000
vt 0.000000 0.000000
vt 0.000000 0.000000
vt 0.000000 0.000000
vt 0.000000 0.000000
vt 0.000000 0.000000
vt 0.000000 0.000000
vt 0.000000 0.000000
vt 0.000000 0.000000
vt 0.000000 0.000000
vt 0.000000 0.000000
vt 0.000000 0.000000
vt 0.000000 0.000000
vt 0.000000 0.000000
vt 0.000000 0.000000
vt 0.000000 0.000000
vt 0.000000 0.000000
vt 0.000000 0.000000
vt 0.000000 0.000000
vt 0.000000 0.000000
vt 0.000000 0.000000
vt 0.000000 0.000000
vt 0.000000 0.000000
vt 0.000000 0.000000
vt 0.000000 0.000000
vt 0.000000 0.000000
vt 0.000000 0.000000
vt 0.000000 0.000000
vt 0.000000 0.000000
vt 0.000000 0.000000
vt 0.000000 0.000000
vt 0.000000 0.000000
vt 0.000000 0.000000
vt 0.000000 0.000000
vt 0.000000 0.000000
vt 0.000000 0.000000
vt 0.000000 0.000000
vt 0.000000 0.000000
vt 0.000000 0.000000
vt 0.000000 0.000000
vt 0.000000 0.000000
vt 0.000000 0.000000
vt 0.000000 0.000000
vt 0.000000 0.000000
vt 0.000000 0.000000
vt 0.000000 0.000000
vt 0.000000 0.000000
vt 0.000000 0.000000
vt 0.000000 0.000000
vt 0.000000 0.000000
vt 0.000000 0.000000
vt 0.000000 0.000000
vt 0.000000 0.000000
vt 0.000000 0.000000
vt 0.000000 0.000000
vt 0.000000 0.000000
vt 0.000000 0.000000
vt 0.000000 0.000000
vt 0.000000 0.000000
vt 0.000000 0.000000
vt 0.000000 0.000000
vt 0.000000 0.000000
vt 0.000000 0.000000
vt 0.000000 0.000000
vt 0.000000 0.000000
vt 0.000000 0.000000
vt 0.000000 0.000000
vt 0.000000 0.000000
vt 0.000000 0.000000
vt 0.000000 0.000000
vt 0.000000 0.000000
vt 0.000000 0.000000
vt 0.000000 0.000000
vt 0.000000 0.000000
vt 0.000000 0.000000
vt 0.000000 0.000000
vt 0.000000 0.000000
vt 0.000000 0.000000
vt 0.000000 0.000000
vt 0.000000 0.000000
vt 0.000000 0.000000
vt 0.000000 0.000000
vt 0.000000 0.000000
vt 0.000000 0.000000
vt 0.000000 0.000000
vt 0.000000 0.000000
vt 0.000000 0.000000
vt 0.000000 0.000000
vt 0.000000 0.000000
vt 0.000000 0.000000
vt 0.000000 0.000000
vt 0.000000 0.000000
vt 0.000000 0.000000
vt 0.000000 0.000000
vt 0.000000 0.000000
vt 0.000000 0.000000
vt 0.000000 0.000000
vt 0.000000 0.000000
vt 0.000000 0.000000
vt 0.000000 0.000000
vt 0.000000 0.000000
vt 0.000000 0.000000
vt 0.000000 0.000000
vt 0.000000 0.000000
vt 0.000000 0.000000
vt 0.000000 0.000000
vt 0.000000 0.000000
vt 0.000000 0.000000
vt 0.000000 0.000000
vt 0.000000 0.000000
vt 0.000000 0.000000
vt 0.000000 0.000000
vt 0.000000 0.000000
vt 0.000000 0.000000
vt 0.000000 0.000000
vt 0.000000 0.000000
vt 0.000000 0.000000
vt 0.000000 0.000000
vt 0.000000 0.000000
vt 0.000000 0.000000
vt 0.000000 0.000000
vt 0.000000 0.000000
vt 0.000000 0.000000
vt 0.000000 0.000000
vt 0.000000 0.000000
vt 0.000000 0.000000
vt 0.000000 0.000000
vt 0.000000 0.000000
vt 0.000000 0.000000
vt 0.000000 0.000000
vt 0.000000 0.000000
vt 0.000000 0.000000
vt 0.000000 0.000000
vt 0.000000 0.000000
vt 0.000000 0.000000
vt 0.000000 0.000000
vt 0.000000 0.000000
vt 0.000000 0.000000
vt 0.000000 0.000000
vt 0.000000 0.000000
vt 0.000000 0.000000
vt 0.000000 0.000000
vt 0.000000 0.000000
vt 0.000000 0.000000
vt 0.000000 0.000000
vt 0.000000 0.000000
vt 0.000000 0.000000
vt 0.000000 0.000000
vt 0.000000 0.000000
vt 0.000000 0.000000
vt 0.000000 0.000000
vt 0.000000 0.000000
vt 0.000000 0.000000
vt 0.000000 0.000000
vt 0.000000 0.000000
vt 0.000000 0.000000
vt 0.000000 0.000000
vt 0.000000 0.000000
vt 0.000000 0.000000
vt 0.000000 0.000000
vt 0.000000 0.000000
vt 0.000000 0.000000
vt 0.000000 0.000000
vt 0.000000 0.000000
vt 0.000000 0.000000
vt 0.000000 0.000000
vt 0.000000 0.000000
vt 0.000000 0.000000
vt 0.000000 0.000000
vt 0.000000 0.000000
vt 0.000000 0.000000
vt 0.000000 0.000000
vt 0.000000 0.000000
vt 0.000000 0.000000
vt 0.000000 0.000000
vt 0.000000 0.000000
vt 0.000000 0.000000
vt 0.000000 0.000000
vt 0.000000 0.000000
vt 0.000000 0.000000
vt 0.000000 0.000000
vt 0.000000 0.000000
vt 0.000000 0.000000
vt 0.000000 0.000000
vt 0.000000 0.000000
vt 0.000000 0.000000
vt 0.000000 0.000000
vt 0.000000 0.000000
vt 0.000000 0.000000
vt 0.000000 0.000000
vt 0.000000 0.000000
vt 0.000000 0.000000
vt 0.000000 0.000000
vt 0.000000 0.000000
vt 0.000000 0.000000
vt 0.000000 0.000000
vt 0.000000 0.000000
vt 0.000000 0.000000
vt 0.000000 0.000000
vt 0.000000 0.000000
vt 0.000000 0.000000
vt 0.000000 0.000000
vt 0.000000 0.000000
vt 0.000000 0.000000
vt 0.000000 0.000000
vt 0.000000 0.000000
vt 0.000000 0.000000
vt 0.000000 0.000000
vt 0.000000 0.000000
vt 0.000000 0.000000
vt 0.000000 0.000000
vt 0.000000 0.000000
vt 0.000000 0.000000
vt 0.000000 0.000000
vt 0.000000 0.000000
vt 0.000000 0.000000
vt 0.000000 0.000000
vt 0.000000 0.000000
vt 0.000000 0.000000
vt 0.000000 0.000000
vt 0.000000 0.000000
vt 0.000000 0.000000
vt 0.000000 0.000000
vt 0.000000 0.000000
vt 0.000000 0.000000
vt 0.000000 0.000000
vt 0.000000 0.000000
vt 0.000000 0.000000
vt 0.000000 0.000000
vt 0.000000 0.000000
vt 0.000000 0.000000
vt 0.000000 0.000000
vt 0.000000 0.000000
vt 0.000000 0.000000
vt 0.000000 0.000000
vt 0.000000 0.000000
vt 0.000000 0.000000
vt 0.000000 0.000000
vt 0.000000 0.000000
vt 0.000000 0.000000
vt 0.000000 0.000000
vt 0.000000 0.000000
vt 0.000000 0.000000
vt 0.000000 0.000000
vt 0.000000 0.000000
vt 0.000000 0.000000
vt 0.000000 0.000000
vt 0.000000 0.000000
vt 0.000000 0.000000
vt 0.000000 0.000000
vt 0.000000 0.000000
vt 0.000000 0.000000
vt 0.000000 0.000000
vt 0.000000 0.000000
vt 0.000000 0.000000
vt 0.000000 0.000000
vt 0.000000 0.000000
vt 0.000000 0.000000
vt 0.000000 0.000000
vt 0.000000 0.000000
vt 0.000000 0.000000
vt 0.000000 0.000000
vt 0.000000 0.000000
vt 0.000000 0.000000
vt 0.000000 0.000000
vt 0.000000 0.000000
vt 0.000000 0.000000
vt 0.000000 0.000000
vt 0.000000 0.000000
vt 0.000000 0.000000
vt 0.000000 0.000000
vt 0.000000 0.000000
vt 0.000000 0.000000
vt 0.000000 0.000000
vt 0.000000 0.000000
vt 0.000000 0.000000
vt 0.000000 0.000000
vt 0.000000 0.000000
vt 0.000000 0.000000
vt 0.000000 0.000000
vt 0.000000 0.000000
vt 0.000000 0.000000
vt 0.000000 0.000000
vt 0.000000 0.000000
vt 0.000000 0.000000
vt 0.000000 0.000000
vt 0.000000 0.000000
vt 0.000000 0.000000
vt 0.000000 0.000000
vt 0.000000 0.000000
vt 0.000000 0.000000
vt 0.000000 0.000000
vt 0.000000 0.000000
vt 0.000000 0.000000
vt 0.000000 0.000000
vt 0.000000 0.000000
vt 0.000000 0.000000
vt 0.000000 0.000000
vt 0.000000 0.000000
vt 0.000000 0.000000
vt 0.000000 0.000000
vt 0.000000 0.000000
vt 0.000000 0.000000
vt 0.000000 0.000000
vt 0.000000 0.000000
vt 0.000000 0.000000
vt 0.000000 0.000000
vt 0.000000 0.000000
vt 0.000000 0.000000
vt 0.000000 0.000000
vt 0.000000 0.000000
vt 0.000000 0.000000
vt 0.000000 0.000000
vt 0.000000 0.000000
vt 0.000000 0.000000
vt 0.000000 0.000000
vt 0.000000 0.000000
vt 0.000000 0.000000
vt 0.000000 0.000000
vt 0.000000 0.000000
vt 0.000000 0.000000
vt 0.000000 0.000000
vt 0.000000 0.000000
vt 0.000000 0.000000
vt 0.000000 0.000000
vt 0.000000 0.000000
vt 0.000000 0.000000
vt 0.000000 0.000000
vt 0.000000 0.000000
vt 0.000000 0.000000
vt 0.000000 0.000000
vt 0.000000 0.000000
vt 0.000000 0.000000
vt 0.000000 0.000000
vt 0.000000 0.000000
vt 0.000000 0.000000
vt 0.000000 0.000000
vt 0.000000 0.000000
vt 0.000000 0.000000
vt 0.000000 0.000000
vt 0.000000 0.000000
vt 0.000000 0.000000
vt 0.000000 0.000000
vt 0.000000 0.000000
vt 0.000000 0.000000
vt 0.000000 0.000000
vt 0.000000 0.000000
vt 0.000000 0.000000
vt 0.000000 0.000000
vt 0.000000 0.000000
vt 0.000000 0.000000
vt 0.000000 0.000000
vt 0.000000 0.000000
vt 0.000000 0.000000
vt 0.000000 0.000000
vt 0.000000 0.000000
vt 0.000000 0.000000
vt 0.000000 0.000000
vt 0.000000 0.000000
vt 0.000000 0.000000
vt 0.000000 0.000000
vt 0.000000 0.000000
vt 0.000000 0.000000
vt 0.000000 0.000000
vt 0.000000 0.000000
vt 0.000000 0.000000
vt 0.000000 0.000000
vt 0.000000 0.000000
vt 0.000000 0.000000
vt 0.000000 0.000000
vt 0.000000 0.000000
vt 0.000000 0.000000
vt 0.000000 0.000000
vt 0.000000 0.000000
vt 0.000000 0.000000
vt 0.000000 0.000000
vt 0.000000 0.000000
vt 0.000000 0.000000
vt 0.000000 0.000000
vt 0.000000 0.000000
vt 0.000000 0.000000
vt 0.000000 0.000000
vt 0.000000 0.000000
vt 0.000000 0.000000
vt 0.000000 0.000000
vt 0.000000 0.000000
vt 0.000000 0.000000
vt 0.000000 0.000000
vt 0.000000 0.000000
vt 0.000000 0.000000
vt 0.000000 0.000000
vt 0.000000 0.000000
vt 0.000000 0.000000
vt 0.000000 0.000000
vt 0.000000 0.000000
vt 0.000000 0.000000
vt 0.000000 0.000000
vt 0.000000 0.000000
vt 0.000000 0.000000
vt 0.000000 0.000000
vt 0.000000 0.000000
vt 0.000000 0.000000
vt 0.000000 0.000000
vt 0.000000 0.000000
vt 0.000000 0.000000
vt 0.000000 0.000000
vt 0.000000 0.000000
vt 0.000000 0.000000
vt 0.000000 0.000000
vt 0.000000 0.000000
vt 0.000000 0.000000
vt 0.000000 0.000000
vt 0.000000 0.000000
vt 0.000000 0.000000
vt 0.000000 0.000000
vt 0.000000 0.000000
vt 0.000000 0.000000
vt 0.000000 0.000000
vt 0.000000 0.000000
vt 0.000000 0.000000
vt 0.000000 0.000000
vt 0.000000 0.000000
vt 0.000000 0.000000
vt 0.000000 0.000000
vt 0.000000 0.000000
vt 0.000000 0.000000
vt 0.000000 0.000000
vt 0.000000 0.000000
vt 0.000000 0.000000
vt 0.000000 0.000000
vt 0.000000 0.000000
vt 0.000000 0.000000
vt 0.000000 0.000000
vt 0.000000 0.000000
vt 0.000000 0.000000
vt 0.000000 0.000000
vt 0.000000 0.000000
vt 0.000000 0.000000
vt 0.000000 0.000000
vt 0.000000 0.000000
vt 0.000000 0.000000
vt 0.000000 0.000000
vt 0.000000 0.000000
vt 0.000000 0.000000
vt 0.000000 0.000000
vt 0.000000 0.000000
vt 0.000000 0.000000
vt 0.000000 0.000000
vt 0.000000 0.000000
vt 0.000000 0.000000
vt 0.000000 0.000000
vt 0.000000 0.000000
vt 0.000000 0.000000
vt 0.000000 0.000000
vt 0.000000 0.000000
vt 0.000000 0.000000
vt 0.000000 0.000000
vt 0.000000 0.000000
vt 0.000000 0.000000
vt 0.000000 0.000000
vt 0.000000 0.000000
vt 0.000000 0.000000
vt 0.000000 0.000000
vt 0.000000 0.000000
vt 0.000000 0.000000
vt 0.000000 0.000000
vt 0.000000 0.000000
vt 0.000000 0.000000
vt 0.000000 0.000000
vt 0.000000 0.000000
vt 0.000000 0.000000
vt 0.000000 0.000000
vt 0.000000 0.000000
vt 0.000000 0.000000
vt 0.000000 0.000000
vt 0.000000 0.000000
vt 0.000000 0.000000
vt 0.000000 0.000000
vt 0.000000 0.000000
vt 0.000000 0.000000
vt 0.000000 0.000000
vt 0.000000 0.000000
vt 0.000000 0.000000
vt 0.000000 0.000000
vt 0.000000 0.000000
vt 0.000000 0.000000
vt 0.000000 0.000000
vt 0.000000 0.000000
vt 0.000000 0.000000
vt 0.000000 0.000000
vt 0.000000 0.000000
vt 0.000000 0.000000
vt 0.000000 0.000000
vt 0.000000 0.000000
vt 0.000000 0.000000
vt 0.000000 0.000000
vt 0.000000 0.000000
vt 0.000000 0.000000
vt 0.000000 0.000000
vt 0.000000 0.000000
vt 0.000000 0.000000
vt 0.000000 0.000000
vt 0.000000 0.000000
vt 0.000000 0.000000
vt 0.000000 0.000000
vt 0.000000 0.000000
vt 0.000000 0.000000
vt 0.000000 0.000000
vt 0.000000 0.000000
vt 0.000000 0.000000
vt 0.000000 0.000000
vt 0.000000 0.000000
vt 0.000000 0.000000
vt 0.000000 0.000000
vt 0.000000 0.000000
vt 0.000000 0.000000
vt 0.000000 0.000000
vt 0.000000 0.000000
vt 0.000000 0.000000
vt 0.000000 0.000000
vt 0.000000 0.000000
vt 0.000000 0.000000
vt 0.000000 0.000000
vt 0.000000 0.000000
vt 0.000000 0.000000
vt 0.000000 0.000000
vt 0.000000 0.000000
vt 0.000000 0.000000
vt 0.000000 0.000000
vt 0.000000 0.000000
vt 0.000000 0.000000
vt 0.000000 0.000000
vt 0.000000 0.000000
vt 0.000000 0.000000
vt 0.000000 0.000000
vt 0.000000 0.000000
vt 0.000000 0.000000
vt 0.000000 0.000000
vt 0.000000 0.000000
vt 0.000000 0.000000
vt 0.000000 0.000000
vt 0.000000 0.000000
vt 0.000000 0.000000
vt 0.000000 0.000000
vt 0.000000 0.000000
vt 0.000000 0.000000
vt 0.000000 0.000000
vt 0.000000 0.000000
vt 0.000000 0.000000
vt 0.000000 0.000000
vt 0.000000 0.000000
vt 0.000000 0.000000
vt 0.000000 0.000000
vt 0.000000 0.000000
vt 0.000000 0.000000
vt 0.000000 0.000000
vt 0.000000 0.000000
vt 0.000000 0.000000
vt 0.000000 0.000000
vt 0.000000 0.000000
vt 0.000000 0.000000
vt 0.000000 0.000000
vt 0.000000 0.000000
vt 0.000000 0.000000
vt 0.000000 0.000000
vt 0.000000 0.000000
vt 0.000000 0.000000
vt 0.000000 0.000000
vt 0.000000 0.000000
vt 0.000000 0.000000
vt 0.000000 0.000000
vt 0.000000 0.000000
vt 0.000000 0.000000
vt 0.000000 0.000000
vt 0.000000 0.000000
vt 0.000000 0.000000
vt 0.000000 0.000000
vt 0.000000 0.000000
vt 0.000000 0.000000
vt 0.000000 0.000000
vt 0.000000 0.000000
vt 0.000000 0.000000
vt 0.000000 0.000000
vt 0.000000 0.000000
vt 0.000000 0.000000
vt 0.000000 0.000000
vt 0.000000 0.000000
vt 0.000000 0.000000
vt 0.000000 0.000000
vt 0.000000 0.000000
vt 0.000000 0.000000
vt 0.000000 0.000000
vt 0.000000 0.000000
vt 0.000000 0.000000
vt 0.000000 0.000000
vt 0.000000 0.000000
vt 0.000000 0.000000
vt 0.000000 0.000000
vt 0.000000 0.000000
vt 0.000000 0.000000
vt 0.000000 0.000000
vt 0.000000 0.000000
vt 0.000000 0.000000
vt 0.000000 0.000000
vt 0.000000 0.000000
vt 0.000000 0.000000
vt 0.000000 0.000000
vt 0.000000 0.000000
vt 0.000000 0.000000
vt 0.000000 0.000000
vt 0.000000 0.000000
vt 0.000000 0.000000
vt 0.000000 0.000000
vt 0.000000 0.000000
vt 0.000000 0.000000
vt 0.000000 0.000000
vt 0.000000 0.000000
vt 0.000000 0.000000
vt 0.000000 0.000000
vt 0.000000 0.000000
vt 0.000000 0.000000
vt 0.000000 0.000000
vt 0.000000 0.000000
vt 0.000000 0.000000
vt 0.000000 0.000000
vt 0.000000 0.000000
vt 0.000000 0.000000
vt 0.000000 0.000000
vt 0.000000 0.000000
vt 0.000000 0.000000
vt 0.000000 0.000000
vt 0.000000 0.000000
vt 0.000000 0.000000
vt 0.000000 0.000000
vt 0.000000 0.000000
vt 0.000000 0.000000
vt 0.000000 0.000000
vt 0.000000 0.000000
vt 0.000000 0.000000
vt 0.000000 0.000000
vt 0.000000 0.000000
vt 0.000000 0.000000
vt 0.000000 0.000000
vt 0.000000 0.000000
vt 0.000000 0.000000
vt 0.000000 0.000000
vt 0.000000 0.000000
vt 0.000000 0.000000
vt 0.000000 0.000000
vt 0.000000 0.000000
vt 0.000000 0.000000
vt 0.000000 0.000000
vt 0.000000 0.000000
vt 0.000000 0.000000
vt 0.000000 0.000000
vt 0.000000 0.000000
vt 0.000000 0.000000
vt 0.000000 0.000000
vt 0.000000 0.000000
vt 0.000000 0.000000
vt 0.000000 0.000000
vt 0.000000 0.000000
vt 0.000000 0.000000
vt 0.000000 0.000000
vt 0.000000 0.000000
vt 0.000000 0.000000
vt 0.000000 0.000000
vt 0.000000 0.000000
vt 0.000000 0.000000
vt 0.000000 0.000000
vt 0.000000 0.000000
vt 0.000000 0.000000
vt 0.000000 0.000000
vt 0.000000 0.000000
vt 0.000000 0.000000
vt 0.000000 0.000000
vt 0.000000 0.000000
vt 0.000000 0.000000
vt 0.000000 0.000000
vt 0.000000 0.000000
vt 0.000000 0.000000
vt 0.000000 0.000000
vt 0.000000 0.000000
vt 0.000000 0.000000
vt 0.000000 0.000000
vt 0.000000 0.000000
vt 0.000000 0.000000
vt 0.000000 0.000000
vt 0.000000 0.000000
vt 0.000000 0.000000
vt 0.000000 0.000000
vt 0.000000 0.000000
vt 0.000000 0.000000
vt 0.000000 0.000000
vt 0.000000 0.000000
vt 0.000000 0.000000
vt 0.000000 0.000000
vt 0.000000 0.000000
vt 0.000000 0.000000
vt 0.000000 0.000000
vt 0.000000 0.000000
vt 0.000000 0.000000
vt 0.000000 0.000000
vt 0.000000 0.000000
vt 0.000000 0.000000
vt 0.000000 0.000000
vt 0.000000 0.000000
vt 0.000000 0.000000
vt 0.000000 0.000000
vt 0.000000 0.000000
vt 0.000000 0.000000
vt 0.000000 0.000000
vt 0.000000 0.000000
vt 0.000000 0.000000
vt 0.000000 0.000000
vn 0.551038 0.366890 -0.749499
vn 0.602921 0.304023 -0.737602
vn 0.487200 0.413045 -0.769435
vn 0.512779 -0.855616 -0.070559
vn 0.505493 -0.551080 -0.663918
vn 0.500423 -0.003260 -0.865775
vn 0.465163 -0.662782 0.586808
vn 0.485215 -0.716818 0.500737
vn 0.512779 -0.855616 -0.070559
vn 0.500423 -0.003260 -0.865775
vn 0.527799 0.537653 -0.657539
vn 0.569994 0.805740 -0.160904
vn 0.569994 0.805740 -0.160904
vn 0.689480 0.719243 -0.085479
vn 0.721719 0.649001 0.240662
vn -0.000000 -0.999997 0.002615
vn -0.000000 -0.999997 0.002615
vn -0.000000 -0.999997 0.002615
vn -0.000000 -0.999997 0.002615
vn -0.000000 -0.999997 0.002615
vn -0.000000 -0.999997 0.002615
vn -0.000000 -0.999997 0.002615
vn -0.000000 -0.999997 0.002615
vn -0.000000 -0.999997 0.002615
vn -0.000000 -0.999997 0.002615
vn -0.000000 -0.999997 0.002615
vn -0.000000 -0.999997 0.002615
vn -0.000000 -0.999997 0.002615
vn -0.000000 -0.999997 0.002615
vn -0.000000 -0.999997 0.002615
vn -0.000000 -0.999997 0.002615
vn -0.000000 -0.999997 0.002615
vn -0.000000 -0.999997 0.002615
vn -0.000000 -0.999997 0.002615
vn -0.000000 -0.999997 0.002615
vn -0.000000 -0.999997 0.002615
vn -0.000000 -0.999997 0.002615
vn -0.000000 -0.999997 0.002615
vn -0.000000 -0.999997 0.002615
vn 0.760460 0.648048 -0.041644
vn 0.258549 0.179917 -0.949096
vn -0.132000 0.571960 -0.809591
vn -0.058746 0.628649 0.775467
vn 0.310209 0.213044 0.926490
vn 0.760460 0.648048 -0.041644
vn 0.258549 0.179917 -0.949096
vn -0.299040 -0.036522 -0.953541
vn -0.254856 0.546290 -0.797882
vn 0.258549 0.179917 -0.949096
vn -0.254856 0.546290 -0.797882
vn -0.132000 0.571960 -0.809591
vn 0.310209 0.213044 0.926490
vn -0.268129 -0.001151 0.963382
vn -0.220856 -0.668738 0.709938
vn 0.310209 0.213044 0.926490
vn -0.220856 -0.668738 0.709938
vn -0.197749 -0.437940 0.876986
vn 0.310209 0.213044 0.926490
vn -0.197749 -0.437940 0.876986
vn 0.985815 -0.164306 -0.034236
vn 0.000000 -0.993768 0.111469
vn 0.000000 -0.999737 -0.022915
vn 0.512779 -0.855616 -0.070559
vn 0.000000 -0.993768 0.111469
vn 0.512779 -0.855616 -0.070559
vn 0.485215 -0.716818 0.500737
vn 0.659745 0.730693 0.175571
vn 0.746733 0.578930 0.327459
vn 0.678501 0.734249 0.022698
vn -0.147973 0.976107 0.159119
vn -0.278551 0.956102 0.090990
vn 0.367502 0.928580 0.051788
vn 0.659745 0.730693 0.175571
vn -0.000000 0.965084 0.261942
vn 0.746733 0.578930 0.327459
vn 0.512033 -0.176231 -0.840693
vn 0.512646 -0.181561 -0.839184
vn 0.512646 -0.181561 -0.839184
vn 0.659745 0.730693 0.175571
vn -0.000000 0.996560 0.082872
vn -0.000000 0.965084 0.261942
vn 0.441714 -0.896806 0.025046
vn -0.000000 -0.997284 0.073650
vn -0.000000 -0.998075 0.062025
vn 0.441714 -0.896806 0.025046
vn -0.000000 -0.998075 0.062025
vn 0.445222 -0.895292 -0.015164
vn -0.609936 -0.622021 0.490987
vn -0.694297 -0.425707 0.580280
vn -0.705397 -0.246931 0.664409
vn 0.445222 -0.895292 -0.015164
vn 0.866757 -0.419478 0.269759
vn 0.441714 -0.896806 0.025046
vn -0.705397 -0.246931 0.664409
vn -0.560572 -0.582184 0.588914
vn -0.609936 -0.622021 0.490987
vn -0.454659 -0.715660 -0.530204
vn 0.132281 -0.926372 -0.352614
vn 0.013491 -0.746840 -0.664867
vn -0.454659 -0.715660 -0.530204
vn 0.013491 -0.746840 -0.664867
vn 0.404625 -0.330953 -0.852496
vn -0.572828 0.440060 0.691531
vn -0.692329 0.431562 0.578304
vn -0.567395 0.443391 0.693879
vn -0.694297 -0.425707 0.580280
vn -0.667416 0.200091 0.717300
vn -0.705397 -0.246931 0.664409
vn -0.613080 0.380652 -0.692269
vn -0.613080 0.380652 -0.692269
vn -0.613080 0.380652 -0.692269
vn -0.000000 -0.948382 0.317131
vn -0.000000 -0.999023 -0.044204
vn 0.211321 -0.967920 -0.135918
vn -0.000000 -0.948382 0.317131
vn 0.211321 -0.967920 -0.135918
vn 0.183384 -0.911110 0.369120
vn 0.368785 -0.868391 -0.331503
vn 0.211321 -0.967920 -0.135918
vn -0.000000 -0.999023 -0.044204
vn 0.368785 -0.868391 -0.331503
vn -0.000000 -0.999023 -0.044204
vn -0.000000 -0.998196 -0.060039
vn 0.441714 -0.896806 0.025046
vn 0.866757 -0.419478 0.269759
vn 0.950021 0.069350 -0.304386
vn 0.441714 -0.896806 0.025046
vn 0.950021 0.069350 -0.304386
vn 0.368785 -0.868391 -0.331503
vn 0.404625 -0.330953 -0.852496
vn 0.719327 -0.021676 -0.694333
vn 0.997289 -0.072149 0.014486
vn 0.404625 -0.330953 -0.852496
vn 0.997289 -0.072149 0.014486
vn 0.840085 -0.046842 -0.540429
vn 0.320374 -0.345740 -0.881943
vn 0.473019 -0.244057 -0.846575
vn 0.717274 0.210329 -0.664289
vn 0.320374 -0.345740 -0.881943
vn 0.717274 0.210329 -0.664289
vn 0.792809 0.306162 -0.526989
vn 0.320374 -0.345740 -0.881943
vn 0.792809 0.306162 -0.526989
vn 0.719327 -0.021676 -0.694333
vn 0.848159 0.499940 0.175175
vn 0.917780 0.355319 0.177282
vn 0.871949 0.341836 0.350503
vn 0.848159 0.499940 0.175175
vn 0.871949 0.341836 0.350503
vn 0.746733 0.578930 0.327459
vn 0.917780 0.355319 0.177282
vn 0.848159 0.499940 0.175175
vn 0.876120 0.415835 0.243915
vn 0.917780 0.355319 0.177282
vn 0.876120 0.415835 0.243915
vn 0.877981 0.464650 0.115108
vn 0.877981 0.464650 0.115108
vn 0.876120 0.415835 0.243915
vn 0.709667 0.599290 0.370438
vn 0.877981 0.464650 0.115108
vn 0.709667 0.599290 0.370438
vn 0.689980 0.695125 0.201813
vn 0.876120 0.415835 0.243915
vn 0.614677 0.648593 0.448886
vn 0.709667 0.599290 0.370438
vn -0.000000 0.991365 0.131132
vn -0.000000 0.680924 0.732354
vn 0.696699 0.522297 0.491748
vn -0.000000 0.991365 0.131132
vn 0.696699 0.522297 0.491748
vn 0.679332 0.725447 0.110609
vn 0.679332 0.725447 0.110609
vn 0.696699 0.522297 0.491748
vn 0.876120 0.415835 0.243915
vn 0.876120 0.415835 0.243915
vn 0.848159 0.499940 0.175175
vn 0.660960 0.750417 0.002348
vn 0.876120 0.415835 0.243915
vn 0.660960 0.750417 0.002348
vn 0.679332 0.725447 0.110609
vn 0.614677 0.648593 0.448886
vn 0.696699 0.522297 0.491748
vn -0.000000 0.680924 0.732354
vn 0.614677 0.648593 0.448886
vn 0.876120 0.415835 0.243915
vn 0.696699 0.522297 0.491748
vn -0.000000 -0.977056 0.212984
vn -0.000000 -0.938239 0.345988
vn 0.202393 -0.903813 0.377039
vn -0.000000 -0.977056 0.212984
vn 0.202393 -0.903813 0.377039
vn 0.222654 -0.940709 0.255914
vn 0.559729 0.511515 0.651963
vn 0.678965 0.399718 0.615818
vn 0.562697 0.113892 0.818780
vn 0.562697 0.113892 0.818780
vn 0.604266 -0.015254 0.796636
vn 0.559729 0.511515 0.651963
vn 0.709667 0.599290 0.370438
vn 0.614677 0.648593 0.448886
vn -0.000000 0.787663 0.616106
vn 0.709667 0.599290 0.370438
vn -0.000000 0.787663 0.616106
vn 0.455183 0.701334 0.548579
vn -0.519742 0.372692 -0.768745
vn -0.570797 0.295222 -0.766182
vn -0.559074 0.343868 -0.754447
vn 0.449304 0.469986 0.759763
vn 0.569917 0.468614 0.674979
vn 0.574213 0.432352 0.695235
vn 0.798199 0.357377 0.484934
vn 0.574213 0.432352 0.695235
vn 0.721303 0.412933 0.556066
vn 0.798199 0.357377 0.484934
vn 0.721303 0.412933 0.556066
vn 0.845389 0.337858 0.413727
vn 0.569917 0.468614 0.674979
vn 0.721303 0.412933 0.556066
vn 0.574213 0.432352 0.695235
vn -0.773989 0.401107 0.489953
vn -0.692329 0.431562 0.578304
vn -0.738332 0.423193 0.525141
vn 0.636157 0.764422 0.104704
vn 0.614677 0.648593 0.448886
vn 0.623332 0.781957 0.000995
vn 0.636157 0.764422 0.104704
vn 0.623332 0.781957 0.000995
vn 0.636157 0.764422 0.104704
vn 0.627301 -0.772320 0.100073
vn 0.693273 -0.702551 0.160608
vn 0.693273 -0.702551 0.160608
vn 0.627301 -0.772320 0.100073
vn 0.693273 -0.702551 0.160608
vn 0.627301 -0.772320 0.100073
vn -0.192038 -0.978463 0.075705
vn -0.203121 -0.977430 0.058072
vn -0.192038 -0.978463 0.075705
vn 0.780917 0.620670 -0.070259
vn 0.805417 0.560266 0.193404
vn 0.689980 0.695125 0.201813
vn 0.780917 0.620670 -0.070259
vn 0.689980 0.695125 0.201813
vn 0.367502 0.928580 0.051788
vn -0.928933 -0.007088 0.370180
vn -0.779207 -0.011999 0.626652
vn -0.779207 -0.011999 0.626652
vn -0.928933 -0.007088 0.370180
vn -0.779207 -0.011999 0.626652
vn -0.928933 -0.007088 0.370180
vn -0.192038 -0.978463 0.075705
vn -0.012534 -0.973469 0.228477
vn 0.056018 -0.980304 0.189384
vn -0.192038 -0.978463 0.075705
vn 0.056018 -0.980304 0.189384
vn -0.192038 -0.978463 0.075705
vn 0.367502 0.928580 0.051788
vn 0.689980 0.695125 0.201813
vn 0.559729 0.511515 0.651963
vn 0.367502 0.928580 0.051788
vn 0.559729 0.511515 0.651963
vn -0.147973 0.976107 0.159119
vn -0.928933 -0.007088 0.370180
vn -0.996709 -0.001552 0.081049
vn -0.928933 -0.007088 0.370180
vn 0.627301 -0.772320 0.100073
vn 0.553247 -0.832139 0.038249
vn 0.627301 -0.772320 0.100073
vn 0.678965 0.399718 0.615818
vn 0.559729 0.511515 0.651963
vn 0.689980 0.695125 0.201813
vn 0.678965 0.399718 0.615818
vn 0.689980 0.695125 0.201813
vn 0.709667 0.599290 0.370438
vn 0.320374 -0.345740 -0.881943
vn 0.404625 -0.330953 -0.852496
vn 0.013491 -0.746840 -0.664867
vn 0.840085 -0.046842 -0.540429
vn 0.817230 -0.066331 -0.572482
vn 0.404625 -0.330953 -0.852496
vn 0.404625 -0.330953 -0.852496
vn 0.320374 -0.345740 -0.881943
vn 0.719327 -0.021676 -0.694333
vn 0.958672 -0.210064 0.191889
vn 0.926878 -0.325356 0.187190
vn 0.840593 -0.136327 0.524231
vn 0.000000 -0.750051 -0.661380
vn 0.013491 -0.746840 -0.664867
vn 0.132281 -0.926372 -0.352614
vn 0.000000 -0.750051 -0.661380
vn 0.132281 -0.926372 -0.352614
vn 0.000000 -0.974513 -0.224332
vn 0.950406 -0.193703 0.243325
vn 0.942822 -0.328477 -0.056468
vn 0.706257 -0.374847 -0.600575
vn 0.950406 -0.193703 0.243325
vn 0.706257 -0.374847 -0.600575
vn 0.958672 -0.210064 0.191889
vn 0.661585 0.280716 -0.695344
vn 0.000000 0.228397 -0.973568
vn 0.000000 0.355127 -0.934818
vn 0.661585 0.280716 -0.695344
vn 0.952668 0.194508 0.233646
vn 0.947885 0.282361 -0.147599
vn 0.661585 0.280716 -0.695344
vn 0.947885 0.282361 -0.147599
vn 0.665523 -0.022418 -0.746041
vn 0.665523 -0.022418 -0.746041
vn 0.947885 0.282361 -0.147599
vn 0.926878 -0.325356 0.187190
vn 0.665523 -0.022418 -0.746041
vn 0.926878 -0.325356 0.187190
vn 0.695431 -0.228496 -0.681296
vn 0.706257 -0.374847 -0.600575
vn 0.000000 -0.310328 -0.950629
vn 0.695431 -0.228496 -0.681296
vn 0.725175 0.098516 0.681480
vn 0.715783 0.171894 0.676836
vn 0.711757 0.166169 0.682488
vn 0.918557 -0.016763 0.394934
vn 0.697509 -0.562575 0.443835
vn 0.926878 -0.325356 0.187190
vn 0.918557 -0.016763 0.394934
vn 0.926878 -0.325356 0.187190
vn 0.970879 -0.061900 0.231436
vn 0.926878 -0.325356 0.187190
vn 0.697509 -0.562575 0.443835
vn 0.744016 -0.467931 0.476949
vn 0.970879 -0.061900 0.231436
vn 0.947885 0.282361 -0.147599
vn 0.646367 0.708710 -0.282737
vn 0.970879 -0.061900 0.231436
vn 0.646367 0.708710 -0.282737
vn 0.918557 -0.016763 0.394934
vn 0.000000 0.999908 -0.013548
vn 0.000000 0.974434 -0.224672
vn 0.646367 0.708710 -0.282737
vn 0.000000 0.999908 -0.013548
vn 0.646367 0.708710 -0.282737
vn 0.947885 0.282361 -0.147599
vn 0.744016 -0.467931 0.476949
vn 0.840593 -0.136327 0.524231
vn 0.926878 -0.325356 0.187190
vn 0.665523 -0.022418 -0.746041
vn 0.000000 -0.038912 -0.999243
vn 0.000000 0.228397 -0.973568
vn 0.665523 -0.022418 -0.746041
vn 0.000000 0.228397 -0.973568
vn 0.661585 0.280716 -0.695344
vn 0.952668 0.194508 0.233646
vn 0.932513 0.201307 0.299825
vn 0.725175 0.098516 0.681480
vn 0.695431 -0.228496 -0.681296
vn 0.000000 -0.310328 -0.950629
vn 0.000000 -0.038912 -0.999243
vn 0.695431 -0.228496 -0.681296
vn 0.000000 -0.038912 -0.999243
vn 0.665523 -0.022418 -0.746041
vn 0.695431 -0.228496 -0.681296
vn 0.926878 -0.325356 0.187190
vn 0.958672 -0.210064 0.191889
vn 0.695431 -0.228496 -0.681296
vn 0.958672 -0.210064 0.191889
vn 0.706257 -0.374847 -0.600575
vn 0.952668 0.194508 0.233646
vn 0.661585 0.280716 -0.695344
vn 0.908341 0.394382 -0.139210
vn 0.952668 0.194508 0.233646
vn 0.908341 0.394382 -0.139210
vn 0.932513 0.201307 0.299825
vn 0.840593 -0.136327 0.524231
vn 0.950406 -0.193703 0.243325
vn 0.958672 -0.210064 0.191889
vn 0.000000 -0.484639 -0.874714
vn 0.000000 -0.310328 -0.950629
vn 0.706257 -0.374847 -0.600575
vn 0.711757 0.166169 0.682488
vn 0.952668 0.194508 0.233646
vn 0.725175 0.098516 0.681480
vn 0.866757 -0.419478 0.269759
vn 0.785241 -0.362434 0.502035
vn 0.785241 -0.362434 0.502035
vn 0.866757 -0.419478 0.269759
vn 0.785241 -0.362434 0.502035
vn 0.997289 -0.072149 0.014486
vn -0.494879 -0.659561 -0.565752
vn -0.606086 -0.352258 -0.713143
vn -0.606086 -0.352258 -0.713143
vn -0.494879 -0.659561 -0.565752
vn -0.606086 -0.352258 -0.713143
vn -0.494879 -0.659561 -0.565752
vn -0.667416 0.200091 0.717300
vn -0.615049 0.432470 0.659307
vn -0.615049 0.432470 0.659307
vn -0.667416 0.200091 0.717300
vn -0.615049 0.432470 0.659307
vn -0.705397 -0.246931 0.664409
vn -0.606086 -0.352258 -0.713143
vn -0.642088 0.144371 -0.752915
vn -0.570797 0.295222 -0.766182
vn -0.606086 -0.352258 -0.713143
vn -0.570797 0.295222 -0.766182
vn -0.606086 -0.352258 -0.713143
vn -0.615049 0.432470 0.659307
vn -0.567395 0.443391 0.693879
vn -0.692329 0.431562 0.578304
vn -0.615049 0.432470 0.659307
vn -0.692329 0.431562 0.578304
vn -0.615049 0.432470 0.659307
vn -0.738332 0.423193 0.525141
vn -0.751105 0.285696 0.595163
vn -0.773989 0.401107 0.489953
vn -0.570797 0.295222 -0.766182
vn -0.642088 0.144371 -0.752915
vn -0.631287 0.285390 -0.721131
vn -0.570797 0.295222 -0.766182
vn -0.631287 0.285390 -0.721131
vn -0.559074 0.343868 -0.754447
vn -0.692329 0.431562 0.578304
vn -0.572828 0.440060 0.691531
vn -0.738332 0.423193 0.525141
vn 0.000000 -0.396717 -0.917941
vn 0.320374 -0.345740 -0.881943
vn 0.013491 -0.746840 -0.664867
vn 0.000000 -0.396717 -0.917941
vn 0.013491 -0.746840 -0.664867
vn 0.000000 -0.750051 -0.661380
vn 0.183384 -0.911110 0.369120
vn 0.202393 -0.903813 0.377039
vn -0.000000 -0.938239 0.345988
vn 0.183384 -0.911110 0.369120
vn -0.000000 -0.938239 0.345988
vn -0.000000 -0.948382 0.317131
vn 0.222654 -0.940709 0.255914
vn 0.246992 -0.936018 0.250730
vn -0.000000 -0.965945 0.258746
vn 0.222654 -0.940709 0.255914
vn -0.000000 -0.965945 0.258746
vn -0.000000 -0.977056 0.212984
vn 0.505493 -0.551080 -0.663918
vn 0.000000 -0.851893 -0.523715
vn 0.000000 -0.788942 -0.614468
vn 0.505493 -0.551080 -0.663918
vn 0.000000 -0.788942 -0.614468
vn 0.455604 -0.474748 -0.753020
vn 0.000000 -0.999737 -0.022915
vn 0.000000 -0.851893 -0.523715
vn 0.505493 -0.551080 -0.663918
vn 0.000000 -0.999737 -0.022915
vn 0.505493 -0.551080 -0.663918
vn 0.512779 -0.855616 -0.070559
vn 0.000000 0.995237 -0.097488
vn 0.000000 0.848180 -0.529708
vn 0.573506 0.642238 -0.508549
vn 0.000000 0.995237 -0.097488
vn 0.573506 0.642238 -0.508549
vn 0.689480 0.719243 -0.085479
vn 0.871949 0.341836 0.350503
vn 0.917780 0.355319 0.177282
vn 0.950021 0.069350 -0.304386
vn 0.871949 0.341836 0.350503
vn 0.950021 0.069350 -0.304386
vn 0.866757 -0.419478 0.269759
vn 0.551038 0.366890 -0.749499
vn 0.665638 0.269316 -0.695985
vn 0.690068 0.156031 -0.706725
vn 0.551038 0.366890 -0.749499
vn 0.690068 0.156031 -0.706725
vn 0.602921 0.304023 -0.737602
vn 0.222654 -0.940709 0.255914
vn 0.202393 -0.903813 0.377039
vn 0.056018 -0.980304 0.189384
vn 0.222654 -0.940709 0.255914
vn 0.056018 -0.980304 0.189384
vn -0.012534 -0.973469 0.228477
vn 0.222654 -0.940709 0.255914
vn -0.012534 -0.973469 0.228477
vn 0.156389 -0.922463 0.352993
vn 0.221214 -0.876018 0.428551
vn 0.202393 -0.903813 0.377039
vn 0.183384 -0.911110 0.369120
vn 0.221214 -0.876018 0.428551
vn 0.183384 -0.911110 0.369120
vn 0.253580 -0.870509 0.421795
vn 0.253580 -0.870509 0.421795
vn 0.183384 -0.911110 0.369120
vn 0.211321 -0.967920 -0.135918
vn 0.253580 -0.870509 0.421795
vn 0.211321 -0.967920 -0.135918
vn 0.293644 -0.927899 -0.229731
vn 0.293644 -0.927899 -0.229731
vn 0.211321 -0.967920 -0.135918
vn 0.368785 -0.868391 -0.331503
vn 0.293644 -0.927899 -0.229731
vn 0.368785 -0.868391 -0.331503
vn 0.748181 -0.332249 -0.574314
vn 0.948083 0.223074 -0.226666
vn 0.848624 0.528331 0.026536
vn 0.977968 0.205796 -0.035014
vn 0.972255 0.229400 0.045786
vn 0.848624 0.528331 0.026536
vn 0.932702 0.293186 0.210021
vn 0.977968 0.205796 -0.035014
vn 0.848624 0.528331 0.026536
vn 0.972255 0.229400 0.045786
vn 0.679332 0.725447 0.110609
vn 0.660960 0.750417 0.002348
vn -0.000000 0.848576 0.529074
vn 0.679332 0.725447 0.110609
vn -0.000000 0.848576 0.529074
vn -0.000000 0.991365 0.131132
vn 0.950021 0.069350 -0.304386
vn 0.848624 0.528331 0.026536
vn 0.948083 0.223074 -0.226666
vn 0.636157 0.764422 0.104704
vn 0.623498 0.764073 0.165660
vn 0.636157 0.764422 0.104704
vn 0.367502 0.928580 0.051788
vn 0.802994 0.589800 0.085659
vn 0.780917 0.620670 -0.070259
vn 0.932702 0.293186 0.210021
vn 0.848624 0.528331 0.026536
vn 0.805417 0.560266 0.193404
vn 0.056018 -0.980304 0.189384
vn 0.202393 -0.903813 0.377039
vn 0.221214 -0.876018 0.428551
vn -0.000000 0.982219 -0.187738
vn 0.678501 0.734249 0.022698
vn 0.435569 0.868045 -0.238281
vn 0.555811 0.651121 0.516832
vn 0.575380 0.528867 0.623889
vn 0.613664 0.437763 0.657100
vn 0.512646 -0.181561 -0.839184
vn 0.513242 -0.186885 -0.837649
vn 0.512646 -0.181561 -0.839184
vn 0.889696 0.456503 -0.006792
vn 0.678501 0.734249 0.022698
vn 0.746733 0.578930 0.327459
vn 0.889696 0.456503 -0.006792
vn 0.746733 0.578930 0.327459
vn 0.871949 0.341836 0.350503
vn 0.508471 0.748288 0.426054
vn 0.508471 0.748288 0.426054
vn 0.579910 0.602420 0.548447
vn 0.508471 0.748288 0.426054
vn 0.579910 0.602420 0.548447
vn 0.579910 0.602420 0.548447
vn 0.579910 0.602420 0.548447
vn 0.579910 0.602420 0.548447
vn 0.721303 0.412933 0.556066
vn 0.579910 0.602420 0.548447
vn 0.721303 0.412933 0.556066
vn 0.569917 0.468614 0.674979
vn 0.845389 0.337858 0.413727
vn 0.827428 0.243022 0.506264
vn 0.798199 0.357377 0.484934
vn 0.602921 0.304023 -0.737602
vn 0.690068 0.156031 -0.706725
vn 0.737122 -0.077249 -0.671330
vn 0.602921 0.304023 -0.737602
vn 0.737122 -0.077249 -0.671330
vn 0.737122 -0.077249 -0.671330
vn 0.840085 -0.046842 -0.540429
vn 0.737122 -0.077249 -0.671330
vn 0.737122 -0.077249 -0.671330
vn 0.840085 -0.046842 -0.540429
vn 0.737122 -0.077249 -0.671330
vn 0.817230 -0.066331 -0.572482
vn 0.435569 0.868045 -0.238281
vn 0.678501 0.734249 0.022698
vn 0.625040 0.715695 -0.311616
vn 0.871949 0.341836 0.350503
vn 0.866757 -0.419478 0.269759
vn 0.997289 -0.072149 0.014486
vn 0.871949 0.341836 0.350503
vn 0.997289 -0.072149 0.014486
vn 0.889696 0.456503 -0.006792
vn 0.689980 0.695125 0.201813
vn 0.805417 0.560266 0.193404
vn 0.848624 0.528331 0.026536
vn 0.689980 0.695125 0.201813
vn 0.848624 0.528331 0.026536
vn 0.877981 0.464650 0.115108
vn 0.320374 -0.345740 -0.881943
vn 0.000000 -0.396717 -0.917941
vn 0.473019 -0.244057 -0.846575
vn 0.646367 0.708710 -0.282737
vn 0.000000 0.974434 -0.224672
vn 0.000000 0.826765 -0.562548
vn 0.646367 0.708710 -0.282737
vn 0.000000 0.826765 -0.562548
vn 0.527799 0.537653 -0.657539
vn 0.947885 0.282361 -0.147599
vn 0.970879 -0.061900 0.231436
vn 0.926878 -0.325356 0.187190
vn -0.000000 -0.998075 0.062025
vn 0.000000 -0.974513 -0.224332
vn 0.132281 -0.926372 -0.352614
vn -0.000000 -0.998075 0.062025
vn 0.132281 -0.926372 -0.352614
vn 0.445222 -0.895292 -0.015164
vn 0.455183 0.701334 0.548579
vn -0.000000 0.787663 0.616106
vn -0.000000 0.696545 0.717513
vn 0.614677 0.648593 0.448886
vn -0.000000 0.860165 0.510015
vn 0.623332 0.781957 0.000995
vn 0.877981 0.464650 0.115108
vn 0.848624 0.528331 0.026536
vn 0.950021 0.069350 -0.304386
vn 0.877981 0.464650 0.115108
vn 0.950021 0.069350 -0.304386
vn 0.917780 0.355319 0.177282
vn 0.746733 0.578930 0.327459
vn -0.000000 0.848576 0.529074
vn 0.660960 0.750417 0.002348
vn 0.746733 0.578930 0.327459
vn 0.660960 0.750417 0.002348
vn 0.848159 0.499940 0.175175
vn 0.614677 0.648593 0.448886
vn -0.000000 0.680924 0.732354
vn -0.000000 0.860165 0.510015
vn 0.606923 0.245375 -0.755934
vn 0.606923 0.245375 -0.755934
vn 0.623991 0.146927 -0.767494
vn 0.613664 0.437763 0.657100
vn 0.575380 0.528867 0.623889
vn -0.000000 0.848576 0.529074
vn 0.985815 -0.164306 -0.034236
vn -0.183865 -0.414657 -0.891209
vn 0.258549 0.179917 -0.949096
vn 0.948083 0.223074 -0.226666
vn 0.977968 0.205796 -0.035014
vn 0.972255 0.229400 0.045786
vn 0.948083 0.223074 -0.226666
vn 0.972255 0.229400 0.045786
vn 0.932702 0.293186 0.210021
vn 0.948083 0.223074 -0.226666
vn 0.932702 0.293186 0.210021
vn 0.984275 0.034910 0.173157
vn 0.948083 0.223074 -0.226666
vn 0.984275 0.034910 0.173157
vn 0.987991 -0.154501 -0.001590
vn 0.948083 0.223074 -0.226666
vn 0.987991 -0.154501 -0.001590
vn 0.987991 -0.154501 -0.001590
vn 0.948083 0.223074 -0.226666
vn 0.987991 -0.154501 -0.001590
vn 0.748181 -0.332249 -0.574314
vn 0.748181 -0.332249 -0.574314
vn 0.368785 -0.868391 -0.331503
vn 0.950021 0.069350 -0.304386
vn 0.950021 0.069350 -0.304386
vn 0.948083 0.223074 -0.226666
vn 0.748181 -0.332249 -0.574314
vn 0.984275 0.034910 0.173157
vn 0.932702 0.293186 0.210021
vn 0.805417 0.560266 0.193404
vn 0.625040 0.715695 -0.311616
vn 0.792809 0.306162 -0.526989
vn 0.717274 0.210329 -0.664289
vn 0.625040 0.715695 -0.311616
vn 0.717274 0.210329 -0.664289
vn 0.573506 0.642238 -0.508549
vn 0.527799 0.537653 -0.657539
vn 0.500423 -0.003260 -0.865775
vn 0.521164 0.031560 -0.852873
vn 0.527799 0.537653 -0.657539
vn 0.521164 0.031560 -0.852873
vn 0.646367 0.708710 -0.282737
vn 0.455604 -0.474748 -0.753020
vn 0.521164 0.031560 -0.852873
vn 0.500423 -0.003260 -0.865775
vn 0.455604 -0.474748 -0.753020
vn 0.500423 -0.003260 -0.865775
vn 0.505493 -0.551080 -0.663918
vn 0.465163 -0.662782 0.586808
vn 0.403577 -0.676989 0.615477
vn 0.405898 -0.429020 0.806963
vn 0.465163 -0.662782 0.586808
vn 0.405898 -0.429020 0.806963
vn 0.485215 -0.716818 0.500737
vn 0.792809 0.306162 -0.526989
vn 0.889696 0.456503 -0.006792
vn 0.997289 -0.072149 0.014486
vn 0.792809 0.306162 -0.526989
vn 0.997289 -0.072149 0.014486
vn 0.719327 -0.021676 -0.694333
vn 0.569994 0.805740 -0.160904
vn 0.527799 0.537653 -0.657539
vn 0.000000 0.826765 -0.562548
vn 0.569994 0.805740 -0.160904
vn 0.000000 0.826765 -0.562548
vn 0.000000 0.977217 -0.212241
vn 0.689480 0.719243 -0.085479
vn 0.573506 0.642238 -0.508549
vn 0.717274 0.210329 -0.664289
vn 0.689480 0.719243 -0.085479
vn 0.717274 0.210329 -0.664289
vn 0.721719 0.649001 0.240662
vn 0.985815 -0.164306 -0.034236
vn 0.258549 0.179917 -0.949096
vn 0.956531 0.288594 -0.041972
vn 0.485215 -0.716818 0.500737
vn 0.405898 -0.429020 0.806963
vn 0.368375 -0.138938 0.919237
vn 0.485215 -0.716818 0.500737
vn 0.000000 -0.985558 -0.169339
vn 0.000000 -0.993768 0.111469
vn 0.760460 0.648048 -0.041644
vn 0.310209 0.213044 0.926490
vn 0.956531 0.288594 -0.041972
vn 0.000000 0.977217 -0.212241
vn 0.000000 0.995237 -0.097488
vn 0.689480 0.719243 -0.085479
vn 0.000000 0.977217 -0.212241
vn 0.689480 0.719243 -0.085479
vn 0.569994 0.805740 -0.160904
vn 0.760460 0.648048 -0.041644
vn 0.956531 0.288594 -0.041972
vn 0.258549 0.179917 -0.949096
vn 0.435569 0.868045 -0.238281
vn 0.000000 0.848180 -0.529708
vn -0.000000 0.982219 -0.187738
vn 0.625040 0.715695 -0.311616
vn 0.573506 0.642238 -0.508549
vn 0.000000 0.848180 -0.529708
vn 0.625040 0.715695 -0.311616
vn 0.000000 0.848180 -0.529708
vn 0.435569 0.868045 -0.238281
vn 0.792809 0.306162 -0.526989
vn 0.625040 0.715695 -0.311616
vn 0.678501 0.734249 0.022698
vn 0.792809 0.306162 -0.526989
vn 0.678501 0.734249 0.022698
vn 0.889696 0.456503 -0.006792
vn 0.606923 0.245375 -0.755934
vn 0.606923 0.245375 -0.755934
vn 0.583714 0.341340 -0.736726
vn 0.613664 0.437763 0.657100
vn -0.000000 0.848576 0.529074
vn 0.746733 0.578930 0.327459
vn -0.000000 -0.998196 -0.060039
vn -0.000000 -0.997284 0.073650
vn 0.441714 -0.896806 0.025046
vn -0.000000 -0.998196 -0.060039
vn 0.441714 -0.896806 0.025046
vn 0.368785 -0.868391 -0.331503
vn 0.985815 -0.164306 -0.034236
vn 0.956531 0.288594 -0.041972
vn 0.310209 0.213044 0.926490
vn 0.721719 0.649001 0.240662
vn -0.268129 -0.001151 0.963382
vn -0.184766 0.641782 0.744297
vn 0.721719 0.649001 0.240662
vn -0.184766 0.641782 0.744297
vn 0.569994 0.805740 -0.160904
vn 0.512779 -0.855616 -0.070559
vn -0.220856 -0.668738 0.709938
vn -0.268129 -0.001151 0.963382
vn 0.512779 -0.855616 -0.070559
vn -0.268129 -0.001151 0.963382
vn 0.465163 -0.662782 0.586808
vn 0.500423 -0.003260 -0.865775
vn -0.299040 -0.036522 -0.953541
vn -0.233347 -0.607980 -0.758887
vn 0.500423 -0.003260 -0.865775
vn -0.233347 -0.607980 -0.758887
vn 0.512779 -0.855616 -0.070559
vn 0.569994 0.805740 -0.160904
vn -0.254856 0.546290 -0.797882
vn -0.299040 -0.036522 -0.953541
vn 0.569994 0.805740 -0.160904
vn -0.299040 -0.036522 -0.953541
vn 0.500423 -0.003260 -0.865775
vn -0.058746 0.628649 0.775467
vn -0.184766 0.641782 0.744297
vn -0.268129 -0.001151 0.963382
vn -0.058746 0.628649 0.775467
vn -0.268129 -0.001151 0.963382
vn 0.310209 0.213044 0.926490
vn -0.233347 -0.607980 -0.758887
vn -0.299040 -0.036522 -0.953541
vn 0.258549 0.179917 -0.949096
vn -0.233347 -0.607980 -0.758887
vn 0.258549 0.179917 -0.949096
vn -0.183865 -0.414657 -0.891209
vn -0.551038 0.366890 -0.749499
vn -0.580996 0.239946 -0.777733
vn -0.487199 0.413045 -0.769435
vn -0.500423 -0.003260 -0.865775
vn -0.505493 -0.551080 -0.663918
vn -0.512779 -0.855616 -0.070559
vn -0.512779 -0.855616 -0.070559
vn -0.485215 -0.716818 0.500737
vn -0.465163 -0.662782 0.586808
vn -0.569994 0.805740 -0.160904
vn -0.527799 0.537654 -0.657539
vn -0.500423 -0.003260 -0.865775
vn -0.721719 0.649001 0.240662
vn -0.689480 0.719243 -0.085479
vn -0.569994 0.805740 -0.160904
vn 0.000000 -0.999997 0.002615
vn 0.000000 -0.999997 0.002615
vn 0.000000 -0.999997 0.002615
vn 0.000000 -0.999997 0.002615
vn 0.000000 -0.999997 0.002615
vn 0.000000 -0.999997 0.002615
vn 0.000000 -0.999997 0.002615
vn 0.000000 -0.999997 0.002615
vn 0.000000 -0.999997 0.002615
vn 0.000000 -0.999997 0.002615
vn 0.000000 -0.999997 0.002615
vn 0.000000 -0.999997 0.002615
vn 0.000000 -0.999997 0.002615
vn 0.000000 -0.999997 0.002615
vn 0.000000 -0.999997 0.002615
vn 0.000000 -0.999997 0.002615
vn 0.000000 -0.999997 0.002615
vn 0.000000 -0.999997 0.002615
vn 0.000000 -0.999997 0.002615
vn 0.000000 -0.999997 0.002615
vn 0.000000 -0.999997 0.002615
vn 0.000000 -0.999997 0.002615
vn 0.000000 -0.999997 0.002615
vn 0.000000 -0.999997 0.002615
vn 0.132000 0.571960 -0.809591
vn -0.258549 0.179917 -0.949096
vn -0.760460 0.648048 -0.041644
vn -0.760460 0.648048 -0.041644
vn -0.310209 0.213044 0.926489
vn 0.058745 0.628649 0.775467
vn 0.132000 0.571960 -0.809591
vn 0.254856 0.546290 -0.797882
vn 0.299041 -0.036522 -0.953541
vn 0.132000 0.571960 -0.809591
vn 0.299041 -0.036522 -0.953541
vn -0.258549 0.179917 -0.949096
vn 0.197748 -0.437940 0.876986
vn 0.220856 -0.668738 0.709938
vn 0.268129 -0.001151 0.963382
vn 0.197748 -0.437940 0.876986
vn 0.268129 -0.001151 0.963382
vn -0.310209 0.213044 0.926489
vn -0.985815 -0.164306 -0.034236
vn 0.197748 -0.437940 0.876986
vn -0.310209 0.213044 0.926489
vn -0.485215 -0.716818 0.500737
vn -0.512779 -0.855616 -0.070559
vn 0.000000 -0.999737 -0.022915
vn -0.485215 -0.716818 0.500737
vn 0.000000 -0.999737 -0.022915
vn 0.000000 -0.993768 0.111469
vn -0.678501 0.734249 0.022697
vn -0.746733 0.578930 0.327458
vn -0.659745 0.730693 0.175571
vn -0.367503 0.928580 0.051788
vn 0.278551 0.956102 0.090990
vn 0.147973 0.976107 0.159119
vn -0.746733 0.578930 0.327458
vn -0.000000 0.965084 0.261942
vn -0.659745 0.730693 0.175571
vn -0.512646 -0.181561 -0.839184
vn -0.512646 -0.181561 -0.839184
vn -0.512033 -0.176231 -0.840693
vn -0.000000 0.965084 0.261942
vn -0.000000 0.996560 0.082872
vn -0.659745 0.730693 0.175571
vn -0.445222 -0.895292 -0.015164
vn -0.000000 -0.998075 0.062025
vn -0.000000 -0.997284 0.073650
vn -0.445222 -0.895292 -0.015164
vn -0.000000 -0.997284 0.073650
vn -0.441714 -0.896806 0.025046
vn 0.705397 -0.246931 0.664410
vn 0.694297 -0.425707 0.580280
vn 0.609936 -0.622021 0.490987
vn -0.441714 -0.896806 0.025046
vn -0.866757 -0.419478 0.269759
vn -0.445222 -0.895292 -0.015164
vn 0.609936 -0.622021 0.490987
vn 0.560572 -0.582184 0.588914
vn 0.705397 -0.246931 0.664410
vn -0.404625 -0.330953 -0.852496
vn -0.013491 -0.746840 -0.664867
vn -0.132281 -0.926372 -0.352614
vn -0.404625 -0.330953 -0.852496
vn -0.132281 -0.926372 -0.352614
vn 0.454659 -0.715660 -0.530204
vn 0.567394 0.443391 0.693879
vn 0.692329 0.431562 0.578304
vn 0.572828 0.440060 0.691531
vn 0.705397 -0.246931 0.664410
vn 0.667416 0.200091 0.717300
vn 0.694297 -0.425707 0.580280
vn 0.613080 0.380652 -0.692269
vn 0.613080 0.380652 -0.692269
vn 0.613080 0.380652 -0.692269
vn -0.183384 -0.911110 0.369120
vn -0.211321 -0.967920 -0.135918
vn -0.000000 -0.999023 -0.044204
vn -0.183384 -0.911110 0.369120
vn -0.000000 -0.999023 -0.044204
vn -0.000000 -0.948382 0.317131
vn -0.000000 -0.998196 -0.060039
vn -0.000000 -0.999023 -0.044204
vn -0.211321 -0.967920 -0.135918
vn -0.000000 -0.998196 -0.060039
vn -0.211321 -0.967920 -0.135918
vn -0.368785 -0.868391 -0.331503
vn -0.368785 -0.868391 -0.331503
vn -0.950021 0.069350 -0.304386
vn -0.866757 -0.419478 0.269759
vn -0.368785 -0.868391 -0.331503
vn -0.866757 -0.419478 0.269759
vn -0.441714 -0.896806 0.025046
vn -0.840085 -0.046842 -0.540429
vn -0.997289 -0.072149 0.014486
vn -0.719327 -0.021676 -0.694333
vn -0.840085 -0.046842 -0.540429
vn -0.719327 -0.021676 -0.694333
vn -0.404625 -0.330953 -0.852496
vn -0.719327 -0.021676 -0.694333
vn -0.792809 0.306162 -0.526990
vn -0.717273 0.210329 -0.664290
vn -0.719327 -0.021676 -0.694333
vn -0.717273 0.210329 -0.664290
vn -0.473019 -0.244057 -0.846575
vn -0.719327 -0.021676 -0.694333
vn -0.473019 -0.244057 -0.846575
vn -0.320374 -0.345740 -0.881943
vn -0.746733 0.578930 0.327458
vn -0.871949 0.341836 0.350503
vn -0.917780 0.355319 0.177282
vn -0.746733 0.578930 0.327458
vn -0.917780 0.355319 0.177282
vn -0.848159 0.499940 0.175175
vn -0.877981 0.464650 0.115108
vn -0.876120 0.415835 0.243915
vn -0.848159 0.499940 0.175175
vn -0.877981 0.464650 0.115108
vn -0.848159 0.499940 0.175175
vn -0.917780 0.355319 0.177282
vn -0.689980 0.695125 0.201813
vn -0.709668 0.599290 0.370437
vn -0.876120 0.415835 0.243915
vn -0.689980 0.695125 0.201813
vn -0.876120 0.415835 0.243915
vn -0.877981 0.464650 0.115108
vn -0.709668 0.599290 0.370437
vn -0.614678 0.648593 0.448886
vn -0.876120 0.415835 0.243915
vn -0.679332 0.725447 0.110609
vn -0.696699 0.522297 0.491748
vn -0.000000 0.680924 0.732354
vn -0.679332 0.725447 0.110609
vn -0.000000 0.680924 0.732354
vn -0.000000 0.991365 0.131132
vn -0.876120 0.415835 0.243915
vn -0.696699 0.522297 0.491748
vn -0.679332 0.725447 0.110609
vn -0.679332 0.725447 0.110609
vn -0.660960 0.750417 0.002348
vn -0.848159 0.499940 0.175175
vn -0.679332 0.725447 0.110609
vn -0.848159 0.499940 0.175175
vn -0.876120 0.415835 0.243915
vn -0.000000 0.680924 0.732354
vn -0.696699 0.522297 0.491748
vn -0.614678 0.648593 0.448886
vn -0.696699 0.522297 0.491748
vn -0.876120 0.415835 0.243915
vn -0.614678 0.648593 0.448886
vn -0.222654 -0.940709 0.255914
vn -0.202393 -0.903813 0.377039
vn -0.000000 -0.938239 0.345988
vn -0.222654 -0.940709 0.255914
vn -0.000000 -0.938239 0.345988
vn -0.000000 -0.977056 0.212984
vn -0.562697 0.113892 0.818780
vn -0.678965 0.399718 0.615818
vn -0.559729 0.511515 0.651963
vn -0.559729 0.511515 0.651963
vn -0.604266 -0.015254 0.796636
vn -0.562697 0.113892 0.818780
vn -0.455184 0.701333 0.548579
vn -0.000000 0.787663 0.616106
vn -0.614678 0.648593 0.448886
vn -0.455184 0.701333 0.548579
vn -0.614678 0.648593 0.448886
vn -0.709668 0.599290 0.370437
vn 0.519742 0.372692 -0.768745
vn 0.626820 0.154301 -0.763733
vn 0.559074 0.343868 -0.754447
vn -0.449304 0.469986 0.759763
vn -0.517494 0.360983 0.775817
vn -0.574213 0.432352 0.695235
vn -0.721303 0.412932 0.556066
vn -0.574213 0.432352 0.695235
vn -0.798199 0.357377 0.484934
vn -0.845389 0.337858 0.413727
vn -0.721303 0.412932 0.556066
vn -0.798199 0.357377 0.484934
vn -0.574213 0.432352 0.695235
vn -0.721303 0.412932 0.556066
vn -0.569917 0.468614 0.674979
vn 0.738332 0.423193 0.525142
vn 0.692329 0.431562 0.578304
vn 0.773989 0.401107 0.489953
vn -0.636159 0.764421 0.104704
vn -0.623333 0.781956 0.000995
vn -0.614678 0.648593 0.448886
vn -0.636159 0.764421 0.104704
vn -0.614678 0.648593 0.448886
vn -0.636159 0.764421 0.104704
vn -0.627303 -0.772319 0.100073
vn -0.693274 -0.702549 0.160608
vn -0.693274 -0.702549 0.160608
vn -0.627303 -0.772319 0.100073
vn -0.693274 -0.702549 0.160608
vn -0.627303 -0.772319 0.100073
vn 0.192038 -0.978463 0.075705
vn 0.203121 -0.977430 0.058072
vn 0.192038 -0.978463 0.075705
vn -0.367503 0.928580 0.051788
vn -0.689980 0.695125 0.201813
vn -0.805417 0.560266 0.193404
vn -0.367503 0.928580 0.051788
vn -0.805417 0.560266 0.193404
vn -0.780918 0.620670 -0.070259
vn 0.928933 -0.007088 0.370180
vn 0.779206 -0.011999 0.626653
vn 0.779206 -0.011999 0.626653
vn 0.928933 -0.007088 0.370180
vn 0.779206 -0.011999 0.626653
vn 0.928933 -0.007088 0.370180
vn 0.192038 -0.978463 0.075705
vn -0.056018 -0.980304 0.189384
vn 0.012534 -0.973469 0.228477
vn 0.192038 -0.978463 0.075705
vn 0.012534 -0.973469 0.228477
vn 0.192038 -0.978463 0.075705
vn 0.147973 0.976107 0.159119
vn -0.559729 0.511515 0.651963
vn -0.689980 0.695125 0.201813
vn 0.147973 0.976107 0.159119
vn -0.689980 0.695125 0.201813
vn -0.367503 0.928580 0.051788
vn 0.928933 -0.007088 0.370180
vn 0.996709 -0.001552 0.081049
vn 0.928933 -0.007088 0.370180
vn -0.627303 -0.772319 0.100073
vn -0.553249 -0.832138 0.038249
vn -0.627303 -0.772319 0.100073
vn -0.709668 0.599290 0.370437
vn -0.689980 0.695125 0.201813
vn -0.559729 0.511515 0.651963
vn -0.709668 0.599290 0.370437
vn -0.559729 0.511515 0.651963
vn -0.678965 0.399718 0.615818
vn -0.013491 -0.746840 -0.664867
vn -0.404625 -0.330953 -0.852496
vn -0.320374 -0.345740 -0.881943
vn -0.404625 -0.330953 -0.852496
vn -0.817230 -0.066331 -0.572482
vn -0.840085 -0.046842 -0.540429
vn -0.719327 -0.021676 -0.694333
vn -0.320374 -0.345740 -0.881943
vn -0.404625 -0.330953 -0.852496
vn -0.840593 -0.136327 0.524231
vn -0.926878 -0.325356 0.187190
vn -0.958672 -0.210064 0.191889
vn 0.000000 -0.974513 -0.224332
vn -0.132281 -0.926372 -0.352614
vn -0.013491 -0.746840 -0.664867
vn 0.000000 -0.974513 -0.224332
vn -0.013491 -0.746840 -0.664867
vn 0.000000 -0.750051 -0.661380
vn -0.958672 -0.210064 0.191889
vn -0.706257 -0.374847 -0.600575
vn -0.942823 -0.328477 -0.056467
vn -0.958672 -0.210064 0.191889
vn -0.942823 -0.328477 -0.056467
vn -0.950406 -0.193703 0.243326
vn 0.000000 0.355127 -0.934818
vn 0.000000 0.228397 -0.973568
vn -0.661585 0.280717 -0.695344
vn -0.665522 -0.022418 -0.746041
vn -0.947885 0.282361 -0.147599
vn -0.952668 0.194508 0.233646
vn -0.665522 -0.022418 -0.746041
vn -0.952668 0.194508 0.233646
vn -0.661585 0.280717 -0.695344
vn -0.695431 -0.228496 -0.681296
vn -0.926878 -0.325356 0.187190
vn -0.947885 0.282361 -0.147599
vn -0.695431 -0.228496 -0.681296
vn -0.947885 0.282361 -0.147599
vn -0.665522 -0.022418 -0.746041
vn -0.695431 -0.228496 -0.681296
vn 0.000000 -0.310328 -0.950629
vn -0.706257 -0.374847 -0.600575
vn -0.711757 0.166169 0.682488
vn -0.715783 0.171893 0.676836
vn -0.725175 0.098516 0.681480
vn -0.970879 -0.061900 0.231436
vn -0.926878 -0.325356 0.187190
vn -0.697509 -0.562575 0.443836
vn -0.970879 -0.061900 0.231436
vn -0.697509 -0.562575 0.443836
vn -0.918557 -0.016763 0.394934
vn -0.744016 -0.467931 0.476949
vn -0.697509 -0.562575 0.443836
vn -0.926878 -0.325356 0.187190
vn -0.918557 -0.016763 0.394934
vn -0.646367 0.708710 -0.282737
vn -0.947885 0.282361 -0.147599
vn -0.918557 -0.016763 0.394934
vn -0.947885 0.282361 -0.147599
vn -0.970879 -0.061900 0.231436
vn -0.947885 0.282361 -0.147599
vn -0.646367 0.708710 -0.282737
vn 0.000000 0.974434 -0.224672
vn -0.947885 0.282361 -0.147599
vn 0.000000 0.974434 -0.224672
vn 0.000000 0.999908 -0.013548
vn -0.926878 -0.325356 0.187190
vn -0.840593 -0.136327 0.524231
vn -0.744016 -0.467931 0.476949
vn -0.661585 0.280717 -0.695344
vn 0.000000 0.228397 -0.973568
vn 0.000000 -0.038912 -0.999243
vn -0.661585 0.280717 -0.695344
vn 0.000000 -0.038912 -0.999243
vn -0.665522 -0.022418 -0.746041
vn -0.725175 0.098516 0.681480
vn -0.932513 0.201307 0.299825
vn -0.952668 0.194508 0.233646
vn -0.665522 -0.022418 -0.746041
vn 0.000000 -0.038912 -0.999243
vn 0.000000 -0.310328 -0.950629
vn -0.665522 -0.022418 -0.746041
vn 0.000000 -0.310328 -0.950629
vn -0.695431 -0.228496 -0.681296
vn -0.706257 -0.374847 -0.600575
vn -0.958672 -0.210064 0.191889
vn -0.926878 -0.325356 0.187190
vn -0.706257 -0.374847 -0.600575
vn -0.926878 -0.325356 0.187190
vn -0.695431 -0.228496 -0.681296
vn -0.932513 0.201307 0.299825
vn -0.908341 0.394382 -0.139210
vn -0.661585 0.280717 -0.695344
vn -0.932513 0.201307 0.299825
vn -0.661585 0.280717 -0.695344
vn -0.952668 0.194508 0.233646
vn -0.958672 -0.210064 0.191889
vn -0.950406 -0.193703 0.243326
vn -0.840593 -0.136327 0.524231
vn -0.706257 -0.374847 -0.600575
vn 0.000000 -0.310328 -0.950629
vn 0.000000 -0.484639 -0.874714
vn -0.725175 0.098516 0.681480
vn -0.952668 0.194508 0.233646
vn -0.711757 0.166169 0.682488
vn -0.997289 -0.072149 0.014486
vn -0.785241 -0.362434 0.502034
vn -0.785241 -0.362434 0.502034
vn -0.997289 -0.072149 0.014486
vn -0.785241 -0.362434 0.502034
vn -0.866757 -0.419478 0.269759
vn 0.494879 -0.659561 -0.565752
vn 0.606087 -0.352258 -0.713143
vn 0.606087 -0.352258 -0.713143
vn 0.494879 -0.659561 -0.565752
vn 0.606087 -0.352258 -0.713143
vn 0.494879 -0.659561 -0.565752
vn 0.705397 -0.246931 0.664410
vn 0.615049 0.432469 0.659307
vn 0.615049 0.432469 0.659307
vn 0.705397 -0.246931 0.664410
vn 0.615049 0.432469 0.659307
vn 0.667416 0.200091 0.717300
vn 0.606087 -0.352258 -0.713143
vn 0.570797 0.295222 -0.766182
vn 0.642088 0.144371 -0.752915
vn 0.606087 -0.352258 -0.713143
vn 0.642088 0.144371 -0.752915
vn 0.606087 -0.352258 -0.713143
vn 0.615049 0.432469 0.659307
vn 0.692329 0.431562 0.578304
vn 0.567394 0.443391 0.693879
vn 0.615049 0.432469 0.659307
vn 0.567394 0.443391 0.693879
vn 0.615049 0.432469 0.659307
vn 0.773989 0.401107 0.489953
vn 0.751105 0.285696 0.595163
vn 0.738332 0.423193 0.525142
vn 0.559074 0.343868 -0.754447
vn 0.631287 0.285389 -0.721131
vn 0.642088 0.144371 -0.752915
vn 0.559074 0.343868 -0.754447
vn 0.642088 0.144371 -0.752915
vn 0.570797 0.295222 -0.766182
vn 0.738332 0.423193 0.525142
vn 0.572828 0.440060 0.691531
vn 0.692329 0.431562 0.578304
vn 0.000000 -0.750051 -0.661380
vn -0.013491 -0.746840 -0.664867
vn -0.320374 -0.345740 -0.881943
vn 0.000000 -0.750051 -0.661380
vn -0.320374 -0.345740 -0.881943
vn 0.000000 -0.396717 -0.917941
vn -0.000000 -0.948382 0.317131
vn -0.000000 -0.938239 0.345988
vn -0.202393 -0.903813 0.377039
vn -0.000000 -0.948382 0.317131
vn -0.202393 -0.903813 0.377039
vn -0.183384 -0.911110 0.369120
vn -0.000000 -0.977056 0.212984
vn -0.000000 -0.965945 0.258746
vn -0.246992 -0.936018 0.250730
vn -0.000000 -0.977056 0.212984
vn -0.246992 -0.936018 0.250730
vn -0.222654 -0.940709 0.255914
vn -0.455604 -0.474748 -0.753020
vn 0.000000 -0.788942 -0.614468
vn 0.000000 -0.851893 -0.523715
vn -0.455604 -0.474748 -0.753020
vn 0.000000 -0.851893 -0.523715
vn -0.505493 -0.551080 -0.663918
vn -0.512779 -0.855616 -0.070559
vn -0.505493 -0.551080 -0.663918
vn 0.000000 -0.851893 -0.523715
vn -0.512779 -0.855616 -0.070559
vn 0.000000 -0.851893 -0.523715
vn 0.000000 -0.999737 -0.022915
vn -0.689480 0.719243 -0.085479
vn -0.573506 0.642238 -0.508549
vn 0.000000 0.848180 -0.529708
vn -0.689480 0.719243 -0.085479
vn 0.000000 0.848180 -0.529708
vn 0.000000 0.995237 -0.097488
vn -0.866757 -0.419478 0.269759
vn -0.950021 0.069350 -0.304386
vn -0.917780 0.355319 0.177282
vn -0.866757 -0.419478 0.269759
vn -0.917780 0.355319 0.177282
vn -0.871949 0.341836 0.350503
vn -0.602921 0.304022 -0.737602
vn -0.690068 0.156031 -0.706725
vn -0.665638 0.269316 -0.695985
vn -0.602921 0.304022 -0.737602
vn -0.665638 0.269316 -0.695985
vn -0.551038 0.366890 -0.749499
vn -0.156389 -0.922463 0.352993
vn 0.012534 -0.973469 0.228477
vn -0.056018 -0.980304 0.189384
vn -0.156389 -0.922463 0.352993
vn -0.056018 -0.980304 0.189384
vn -0.202393 -0.903813 0.377039
vn -0.156389 -0.922463 0.352993
vn -0.202393 -0.903813 0.377039
vn -0.222654 -0.940709 0.255914
vn -0.253580 -0.870509 0.421795
vn -0.183384 -0.911110 0.369120
vn -0.202393 -0.903813 0.377039
vn -0.253580 -0.870509 0.421795
vn -0.202393 -0.903813 0.377039
vn -0.221214 -0.876018 0.428551
vn -0.293644 -0.927899 -0.229731
vn -0.211321 -0.967920 -0.135918
vn -0.183384 -0.911110 0.369120
vn -0.293644 -0.927899 -0.229731
vn -0.183384 -0.911110 0.369120
vn -0.253580 -0.870509 0.421795
vn -0.748180 -0.332249 -0.574314
vn -0.368785 -0.868391 -0.331503
vn -0.211321 -0.967920 -0.135918
vn -0.748180 -0.332249 -0.574314
vn -0.211321 -0.967920 -0.135918
vn -0.293644 -0.927899 -0.229731
vn -0.977968 0.205796 -0.035014
vn -0.848624 0.528331 0.026536
vn -0.948083 0.223074 -0.226666
vn -0.932702 0.293186 0.210020
vn -0.848624 0.528331 0.026536
vn -0.972255 0.229400 0.045785
vn -0.972255 0.229400 0.045785
vn -0.848624 0.528331 0.026536
vn -0.977968 0.205796 -0.035014
vn -0.000000 0.991365 0.131132
vn -0.000000 0.848576 0.529074
vn -0.660960 0.750417 0.002348
vn -0.000000 0.991365 0.131132
vn -0.660960 0.750417 0.002348
vn -0.679332 0.725447 0.110609
vn -0.948083 0.223074 -0.226666
vn -0.848624 0.528331 0.026536
vn -0.950021 0.069350 -0.304386
vn -0.636159 0.764421 0.104704
vn -0.623500 0.764071 0.165659
vn -0.636159 0.764421 0.104704
vn -0.780918 0.620670 -0.070259
vn -0.802994 0.589799 0.085659
vn -0.367503 0.928580 0.051788
vn -0.805417 0.560266 0.193404
vn -0.848624 0.528331 0.026536
vn -0.932702 0.293186 0.210020
vn -0.221214 -0.876018 0.428551
vn -0.202393 -0.903813 0.377039
vn -0.056018 -0.980304 0.189384
vn -0.435569 0.868045 -0.238281
vn -0.678501 0.734249 0.022697
vn -0.000000 0.982219 -0.187738
vn -0.613664 0.437763 0.657099
vn -0.575381 0.528867 0.623888
vn -0.555812 0.651121 0.516831
vn -0.512646 -0.181561 -0.839184
vn -0.513242 -0.186885 -0.837649
vn -0.512646 -0.181561 -0.839184
vn -0.871949 0.341836 0.350503
vn -0.746733 0.578930 0.327458
vn -0.678501 0.734249 0.022697
vn -0.871949 0.341836 0.350503
vn -0.678501 0.734249 0.022697
vn -0.889696 0.456503 -0.006792
vn -0.579910 0.602420 0.548447
vn -0.579910 0.602420 0.548447
vn -0.508471 0.748288 0.426054
vn -0.579910 0.602420 0.548447
vn -0.508471 0.748288 0.426054
vn -0.508471 0.748288 0.426054
vn -0.569917 0.468614 0.674979
vn -0.721303 0.412932 0.556066
vn -0.579910 0.602420 0.548447
vn -0.569917 0.468614 0.674979
vn -0.579910 0.602420 0.548447
vn -0.579910 0.602420 0.548447
vn -0.798199 0.357377 0.484934
vn -0.827428 0.243022 0.506263
vn -0.845389 0.337858 0.413727
vn -0.737121 -0.077249 -0.671330
vn -0.737121 -0.077249 -0.671330
vn -0.690068 0.156031 -0.706725
vn -0.737121 -0.077249 -0.671330
vn -0.690068 0.156031 -0.706725
vn -0.602921 0.304022 -0.737602
vn -0.817230 -0.066331 -0.572482
vn -0.737121 -0.077249 -0.671330
vn -0.737121 -0.077249 -0.671330
vn -0.817230 -0.066331 -0.572482
vn -0.737121 -0.077249 -0.671330
vn -0.840085 -0.046842 -0.540429
vn -0.625040 0.715695 -0.311617
vn -0.678501 0.734249 0.022697
vn -0.435569 0.868045 -0.238281
vn -0.889696 0.456503 -0.006792
vn -0.997289 -0.072149 0.014486
vn -0.866757 -0.419478 0.269759
vn -0.889696 0.456503 -0.006792
vn -0.866757 -0.419478 0.269759
vn -0.871949 0.341836 0.350503
vn -0.877981 0.464650 0.115108
vn -0.848624 0.528331 0.026536
vn -0.805417 0.560266 0.193404
vn -0.877981 0.464650 0.115108
vn -0.805417 0.560266 0.193404
vn -0.689980 0.695125 0.201813
vn -0.473019 -0.244057 -0.846575
vn 0.000000 -0.396717 -0.917941
vn -0.320374 -0.345740 -0.881943
vn -0.527799 0.537654 -0.657539
vn 0.000000 0.826765 -0.562548
vn 0.000000 0.974434 -0.224672
vn -0.527799 0.537654 -0.657539
vn 0.000000 0.974434 -0.224672
vn -0.646367 0.708710 -0.282737
vn -0.926878 -0.325356 0.187190
vn -0.970879 -0.061900 0.231436
vn -0.947885 0.282361 -0.147599
vn -0.445222 -0.895292 -0.015164
vn -0.132281 -0.926372 -0.352614
vn 0.000000 -0.974513 -0.224332
vn -0.445222 -0.895292 -0.015164
vn 0.000000 -0.974513 -0.224332
vn -0.000000 -0.998075 0.062025
vn -0.000000 0.696545 0.717513
vn -0.000000 0.787663 0.616106
vn -0.455184 0.701333 0.548579
vn -0.623333 0.781956 0.000995
vn -0.000000 0.860165 0.510015
vn -0.614678 0.648593 0.448886
vn -0.917780 0.355319 0.177282
vn -0.950021 0.069350 -0.304386
vn -0.848624 0.528331 0.026536
vn -0.917780 0.355319 0.177282
vn -0.848624 0.528331 0.026536
vn -0.877981 0.464650 0.115108
vn -0.848159 0.499940 0.175175
vn -0.660960 0.750417 0.002348
vn -0.000000 0.848576 0.529074
vn -0.848159 0.499940 0.175175
vn -0.000000 0.848576 0.529074
vn -0.746733 0.578930 0.327458
vn -0.000000 0.860165 0.510015
vn -0.000000 0.680924 0.732354
vn -0.614678 0.648593 0.448886
vn -0.623991 0.146927 -0.767494
vn -0.606923 0.245375 -0.755934
vn -0.606923 0.245375 -0.755934
vn -0.000000 0.848576 0.529074
vn -0.575381 0.528867 0.623888
vn -0.613664 0.437763 0.657099
vn -0.258549 0.179917 -0.949096
vn 0.183865 -0.414657 -0.891209
vn -0.985815 -0.164306 -0.034236
vn -0.748180 -0.332249 -0.574314
vn -0.987991 -0.154501 -0.001590
vn -0.987991 -0.154501 -0.001590
vn -0.748180 -0.332249 -0.574314
vn -0.987991 -0.154501 -0.001590
vn -0.984275 0.034910 0.173157
vn -0.748180 -0.332249 -0.574314
vn -0.984275 0.034910 0.173157
vn -0.932702 0.293186 0.210020
vn -0.748180 -0.332249 -0.574314
vn -0.932702 0.293186 0.210020
vn -0.972255 0.229400 0.045785
vn -0.748180 -0.332249 -0.574314
vn -0.972255 0.229400 0.045785
vn -0.977968 0.205796 -0.035014
vn -0.748180 -0.332249 -0.574314
vn -0.977968 0.205796 -0.035014
vn -0.948083 0.223074 -0.226666
vn -0.950021 0.069350 -0.304386
vn -0.368785 -0.868391 -0.331503
vn -0.748180 -0.332249 -0.574314
vn -0.748180 -0.332249 -0.574314
vn -0.948083 0.223074 -0.226666
vn -0.950021 0.069350 -0.304386
vn -0.805417 0.560266 0.193404
vn -0.932702 0.293186 0.210020
vn -0.984275 0.034910 0.173157
vn -0.573506 0.642238 -0.508549
vn -0.717273 0.210329 -0.664290
vn -0.792809 0.306162 -0.526990
vn -0.573506 0.642238 -0.508549
vn -0.792809 0.306162 -0.526990
vn -0.625040 0.715695 -0.311617
vn -0.646367 0.708710 -0.282737
vn -0.521164 0.031560 -0.852873
vn -0.500423 -0.003260 -0.865775
vn -0.646367 0.708710 -0.282737
vn -0.500423 -0.003260 -0.865775
vn -0.527799 0.537654 -0.657539
vn -0.505493 -0.551080 -0.663918
vn -0.500423 -0.003260 -0.865775
vn -0.521164 0.031560 -0.852873
vn -0.505493 -0.551080 -0.663918
vn -0.521164 0.031560 -0.852873
vn -0.455604 -0.474748 -0.753020
vn -0.485215 -0.716818 0.500737
vn -0.405898 -0.429020 0.806963
vn -0.403577 -0.676989 0.615477
vn -0.485215 -0.716818 0.500737
vn -0.403577 -0.676989 0.615477
vn -0.465163 -0.662782 0.586808
vn -0.719327 -0.021676 -0.694333
vn -0.997289 -0.072149 0.014486
vn -0.889696 0.456503 -0.006792
vn -0.719327 -0.021676 -0.694333
vn -0.889696 0.456503 -0.006792
vn -0.792809 0.306162 -0.526990
vn 0.000000 0.977217 -0.212241
vn 0.000000 0.826765 -0.562548
vn -0.527799 0.537654 -0.657539
vn 0.000000 0.977217 -0.212241
vn -0.527799 0.537654 -0.657539
vn -0.569994 0.805740 -0.160904
vn -0.721719 0.649001 0.240662
vn -0.717273 0.210329 -0.664290
vn -0.573506 0.642238 -0.508549
vn -0.721719 0.649001 0.240662
vn -0.573506 0.642238 -0.508549
vn -0.689480 0.719243 -0.085479
vn -0.956531 0.288594 -0.041972
vn -0.258549 0.179917 -0.949096
vn -0.985815 -0.164306 -0.034236
vn -0.368375 -0.138938 0.919236
vn -0.405898 -0.429020 0.806963
vn -0.485215 -0.716818 0.500737
vn 0.000000 -0.993768 0.111469
vn 0.000000 -0.985558 -0.169339
vn -0.485215 -0.716818 0.500737
vn -0.956531 0.288594 -0.041972
vn -0.310209 0.213044 0.926489
vn -0.760460 0.648048 -0.041644
vn -0.569994 0.805740 -0.160904
vn -0.689480 0.719243 -0.085479
vn 0.000000 0.995237 -0.097488
vn -0.569994 0.805740 -0.160904
vn 0.000000 0.995237 -0.097488
vn 0.000000 0.977217 -0.212241
vn -0.258549 0.179917 -0.949096
vn -0.956531 0.288594 -0.041972
vn -0.760460 0.648048 -0.041644
vn -0.000000 0.982219 -0.187738
vn 0.000000 0.848180 -0.529708
vn -0.435569 0.868045 -0.238281
vn -0.435569 0.868045 -0.238281
vn 0.000000 0.848180 -0.529708
vn -0.573506 0.642238 -0.508549
vn -0.435569 0.868045 -0.238281
vn -0.573506 0.642238 -0.508549
vn -0.625040 0.715695 -0.311617
vn -0.889696 0.456503 -0.006792
vn -0.678501 0.734249 0.022697
vn -0.625040 0.715695 -0.311617
vn -0.889696 0.456503 -0.006792
vn -0.625040 0.715695 -0.311617
vn -0.792809 0.306162 -0.526990
vn -0.583714 0.341340 -0.736726
vn -0.606923 0.245375 -0.755934
vn -0.606923 0.245375 -0.755934
vn -0.746733 0.578930 0.327458
vn -0.000000 0.848576 0.529074
vn -0.613664 0.437763 0.657099
vn -0.368785 -0.868391 -0.331503
vn -0.441714 -0.896806 0.025046
vn -0.000000 -0.997284 0.073650
vn -0.368785 -0.868391 -0.331503
vn -0.000000 -0.997284 0.073650
vn -0.000000 -0.998196 -0.060039
vn -0.310209 0.213044 0.926489
vn -0.956531 0.288594 -0.041972
vn -0.985815 -0.164306 -0.034236
vn -0.569994 0.805740 -0.160904
vn 0.184766 0.641782 0.744296
vn 0.268129 -0.001151 0.963382
vn -0.569994 0.805740 -0.160904
vn 0.268129 -0.001151 0.963382
vn -0.721719 0.649001 0.240662
vn -0.465163 -0.662782 0.586808
vn 0.268129 -0.001151 0.963382
vn 0.220856 -0.668738 0.709938
vn -0.465163 -0.662782 0.586808
vn 0.220856 -0.668738 0.709938
vn -0.512779 -0.855616 -0.070559
vn -0.512779 -0.855616 -0.070559
vn 0.233347 -0.607980 -0.758887
vn 0.299041 -0.036522 -0.953541
vn -0.512779 -0.855616 -0.070559
vn 0.299041 -0.036522 -0.953541
vn -0.500423 -0.003260 -0.865775
vn -0.500423 -0.003260 -0.865775
vn 0.299041 -0.036522 -0.953541
vn 0.254856 0.546290 -0.797882
vn -0.500423 -0.003260 -0.865775
vn 0.254856 0.546290 -0.797882
vn -0.569994 0.805740 -0.160904
vn -0.310209 0.213044 0.926489
vn 0.268129 -0.001151 0.963382
vn 0.184766 0.641782 0.744296
vn -0.310209 0.213044 0.926489
vn 0.184766 0.641782 0.744296
vn 0.058745 0.628649 0.775467
vn 0.183865 -0.414657 -0.891209
vn -0.258549 0.179917 -0.949096
vn 0.299041 -0.036522 -0.953541
vn 0.183865 -0.414657 -0.891209
vn 0.299041 -0.036522 -0.953541
vn 0.233347 -0.607980 -0.758887
vn -0.487199 0.413045 -0.769435
vn -0.602921 0.304022 -0.737602
vn -0.551038 0.366890 -0.749499
vn 0.559074 0.343868 -0.754447
vn 0.570797 0.295222 -0.766182
vn 0.519742 0.372692 -0.768745
vn -0.559074 0.343868 -0.754447
vn -0.626820 0.154301 -0.763733
vn -0.519742 0.372692 -0.768745
vn 0.487200 0.413045 -0.769435
vn 0.580997 0.239946 -0.777733
vn 0.551038 0.366890 -0.749499
vn 0.574213 0.432352 0.695235
vn 0.517493 0.360983 0.775817
vn 0.449304 0.469986 0.759763
vn -0.479373 0.436419 0.761407
vn -0.566184 0.286072 0.773045
vn -0.572828 0.440060 0.691531
vn -0.572828 0.440060 0.691531
vn -0.567395 0.443391 0.693879
vn -0.479373 0.436419 0.761407
vn 0.572828 0.440060 0.691531
vn 0.566184 0.286072 0.773045
vn 0.479373 0.436418 0.761407
vn 0.572828 0.440060 0.691531
vn 0.479373 0.436418 0.761407
vn 0.567394 0.443391 0.693879
vn -0.574213 0.432352 0.695235
vn -0.569917 0.468614 0.674979
vn -0.449304 0.469986 0.759763
f 155/1/1 88/2/2 5/3/3
f 18/4/4 122/5/5 95/6/6
f 127/7/7 125/8/8 18/9/9
f 95/10/10 97/11/11 166/12/12
f 166/13/13 128/14/14 127/15/15
f 62/16/16 155/17/17 1/18/18
f 62/19/19 1/20/20 152/21/21
f 62/22/22 152/23/23 156/24/24
f 62/25/25 156/26/26 67/27/27
f 62/28/28 67/29/29 157/30/30
f 62/31/31 157/32/32 153/33/33
f 62/34/34 153/35/35 161/36/36
f 62/37/37 161/38/38 160/39/39
f 23/40/40 65/41/41 50/42/42
f 50/43/43 105/44/44 23/45/45
f 65/46/46 142/47/47 168/48/48
f 65/49/49 168/50/50 50/51/51
f 105/52/52 140/53/53 52/54/54
f 105/55/55 52/56/56 31/57/57
f 105/58/58 31/59/59 7/60/60
f 48/61/61 51/62/62 18/63/63
f 48/64/64 18/65/65 125/66/66
f 44/67/67 79/68/68 80/69/69
f 147/70/70 144/71/71 145/72/72
f 44/73/73 30/74/74 79/75/75
f 80/76/76 26/77/77 44/78/78
f 44/79/79 28/80/80 30/81/81
f 131/82/82 41/83/83 42/84/84
f 131/85/85 42/86/86 29/87/87
f 29/88/88 138/89/89 76/90/90
f 29/91/91 86/92/92 131/93/93
f 76/94/94 86/95/95 29/96/96
f 91/97/97 138/98/98 126/99/99
f 91/100/100 126/101/101 61/102/102
f 153/103/103 71/104/104 119/105/105
f 138/106/106 91/107/107 76/108/108
f 61/109/109 60/110/110 91/111/111
f 32/112/112 37/113/113 74/114/114
f 32/115/115 74/116/116 73/117/117
f 75/118/118 74/119/119 37/120/120
f 75/121/121 37/122/122 27/123/123
f 131/124/124 86/125/125 78/126/126
f 131/127/127 78/128/128 75/129/129
f 61/130/130 45/131/131 107/132/132
f 61/133/133 107/134/134 90/135/135
f 66/136/136 96/137/137 99/138/138
f 66/139/139 99/140/140 70/141/141
f 66/142/142 70/143/143 45/144/144
f 109/145/145 103/146/146 92/147/147
f 109/148/148 92/149/149 79/150/150
f 103/151/151 109/152/152 110/153/153
f 103/154/154 110/155/155 54/156/156
f 54/157/157 110/158/158 135/159/159
f 54/160/160 135/161/161 111/162/162
f 110/163/163 114/164/164 135/165/165
f 132/166/166 35/167/167 141/168/168
f 132/169/169 141/170/170 124/171/171
f 124/172/172 141/173/173 110/174/174
f 110/175/175 109/176/176 69/177/177
f 110/178/178 69/179/179 124/180/180
f 114/181/181 141/182/182 35/183/183
f 114/184/184 110/185/185 141/186/186
f 43/187/187 46/188/188 72/189/189
f 43/190/190 72/191/191 136/192/192
f 112/193/193 137/194/194 134/195/195
f 134/196/196 113/197/197 112/198/198
f 135/199/199 114/200/200 38/201/201
f 135/202/202 38/203/203 55/204/204
f 165/205/205 119/206/206 160/207/207
f 5/208/208 88/209/209 152/210/210
f 156/211/211 152/212/212 71/213/213
f 156/214/214 71/215/215 158/216/216
f 88/217/217 71/218/218 152/219/219
f 158/220/220 71/221/221 157/222/222
f 150/223/223 114/224/224 56/225/225
f 150/226/226 56/227/227 149/228/228
f 151/229/229 38/230/230 114/231/231
f 151/232/232 114/233/233 150/234/234
f 146/235/235 144/236/236 148/237/237
f 146/238/238 87/239/239 111/240/240
f 146/241/241 111/242/242 145/243/243
f 147/244/244 112/245/245 113/246/246
f 147/247/247 113/248/248 148/249/249
f 148/250/250 113/251/251 87/252/252
f 148/253/253 87/254/254 146/255/255
f 145/256/256 111/257/257 112/258/258
f 145/259/259 112/260/260 147/261/261
f 148/262/262 144/263/263 147/264/264
f 150/265/265 57/266/266 151/267/267
f 137/268/268 112/269/269 111/270/270
f 137/271/271 111/272/272 135/273/273
f 66/274/274 61/275/275 126/276/276
f 90/277/277 60/278/278 61/279/279
f 61/280/280 66/281/281 45/282/282
f 102/283/283 101/284/284 10/285/285
f 139/286/286 126/287/287 138/288/288
f 139/289/289 138/290/290 143/291/291
f 11/292/292 12/293/293 63/294/294
f 11/295/295 63/296/296 102/297/297
f 64/298/298 15/299/299 16/300/300
f 64/301/301 104/302/302 100/303/303
f 64/304/304 100/305/305 106/306/306
f 106/307/307 100/308/308 101/309/309
f 106/310/310 101/311/311 68/312/312
f 63/313/313 13/314/314 68/315/315
f 19/316/316 20/317/317 100/318/318
f 94/319/319 98/320/320 101/321/321
f 94/322/322 101/323/323 93/324/324
f 101/325/325 98/326/326 9/327/327
f 93/328/328 100/329/329 123/330/330
f 93/331/331 123/332/332 94/333/333
f 20/334/334 21/335/335 123/336/336
f 20/337/337 123/338/338 100/339/339
f 9/340/340 10/341/341 101/342/342
f 106/343/343 14/344/344 15/345/345
f 106/346/346 15/347/347 64/348/348
f 104/349/349 17/350/350 19/351/351
f 68/352/352 13/353/353 14/354/354
f 68/355/355 14/356/356 106/357/357
f 68/358/358 101/359/359 102/360/360
f 68/361/361 102/362/362 63/363/363
f 104/364/364 64/365/365 16/366/366
f 104/367/367 16/368/368 17/369/369
f 10/370/370 11/371/371 102/372/372
f 12/373/373 13/374/374 63/375/375
f 100/376/376 104/377/377 19/378/378
f 86/379/379 76/380/380 90/381/381
f 86/382/382 90/383/383 107/384/384
f 60/385/385 59/386/386 133/387/387
f 60/388/388 133/389/389 91/390/390
f 91/391/391 133/392/392 77/393/393
f 91/394/394 77/395/395 76/396/396
f 59/397/397 58/398/398 119/399/399
f 59/400/400 119/401/401 133/402/402
f 133/403/403 119/404/404 71/405/405
f 133/406/406 71/407/407 77/408/408
f 157/409/409 67/410/410 158/411/411
f 119/412/412 58/413/413 62/414/414
f 119/415/415 62/416/416 160/417/417
f 71/418/418 153/419/419 157/420/420
f 6/421/421 66/422/422 126/423/423
f 6/424/424 126/425/425 139/426/426
f 73/427/427 72/428/428 46/429/429
f 73/430/430 46/431/431 32/432/432
f 136/433/433 47/434/434 40/435/435
f 136/436/436 40/437/437 43/438/438
f 122/439/439 8/440/440 9/441/441
f 122/442/442 9/443/443 98/444/444
f 51/445/445 8/446/446 122/447/447
f 51/448/448 122/449/449 18/450/450
f 24/451/451 25/452/452 121/453/453
f 24/454/454 121/455/455 128/456/456
f 92/457/457 103/458/458 78/459/459
f 92/460/460 78/461/461 86/462/462
f 155/463/463 62/464/464 58/465/465
f 155/466/466 58/467/467 88/468/468
f 136/469/469 72/470/470 87/471/471
f 136/472/472 87/473/473 113/474/474
f 136/475/475 113/476/476 134/477/477
f 116/478/478 72/479/479 73/480/480
f 116/481/481 73/482/482 120/483/483
f 120/484/484 73/485/485 74/486/486
f 120/487/487 74/488/488 118/489/489
f 118/490/490 74/491/491 75/492/492
f 118/493/493 75/494/494 117/495/495
f 85/496/496 81/497/497 84/498/498
f 83/499/499 81/500/500 82/501/501
f 84/502/502 81/503/503 83/504/504
f 124/505/505 69/506/506 34/507/507
f 124/508/508 34/509/509 132/510/510
f 78/511/511 81/512/512 85/513/513
f 149/514/514 57/515/515 150/516/516
f 145/517/517 144/518/518 146/519/519
f 82/520/520 81/521/521 87/522/522
f 87/523/523 72/524/524 116/525/525
f 26/526/526 80/527/527 129/528/528
f 53/529/529 33/530/530 115/531/531
f 26/532/532 28/533/533 44/534/534
f 108/535/535 80/536/536 79/537/537
f 108/538/538 79/539/539 92/540/540
f 90/541/541 76/542/542 77/543/543
f 90/544/544 77/545/545 89/546/546
f 89/547/547 77/548/548 71/549/549
f 89/550/550 71/551/551 88/552/552
f 158/553/553 67/554/554 156/555/555
f 88/556/556 58/557/557 59/558/558
f 88/559/559 59/560/560 89/561/561
f 90/562/562 89/563/563 59/564/564
f 90/565/565 59/566/566 60/567/567
f 129/568/568 80/569/569 130/570/570
f 92/571/571 86/572/572 107/573/573
f 92/574/574 107/575/575 108/576/576
f 111/577/577 87/578/578 81/579/579
f 111/580/580 81/581/581 54/582/582
f 66/583/583 6/584/584 96/585/585
f 123/586/586 21/587/587 22/588/588
f 123/589/589 22/590/590 97/591/591
f 100/592/592 93/593/593 101/594/594
f 42/595/595 143/596/596 138/597/597
f 42/598/598 138/599/599 29/600/600
f 55/601/601 38/602/602 39/603/603
f 114/604/604 36/605/605 56/606/606
f 54/607/607 81/608/608 78/609/609
f 54/610/610 78/611/611 103/612/612
f 79/613/613 34/614/614 69/615/615
f 79/616/616 69/617/617 109/618/618
f 114/619/619 35/620/620 36/621/621
f 30/622/622 115/623/623 79/624/624
f 115/625/625 33/626/626 34/627/627
f 7/628/628 31/629/629 65/630/630
f 85/631/631 84/632/632 83/633/633
f 85/634/634 83/635/635 82/636/636
f 85/637/637 82/638/638 116/639/639
f 85/640/640 116/641/641 120/642/642
f 85/643/643 120/644/644 118/645/645
f 85/646/646 118/647/647 117/648/648
f 117/649/649 75/650/650 78/651/651
f 78/652/652 85/653/653 117/654/654
f 116/655/655 82/656/656 87/657/657
f 130/658/658 70/659/659 99/660/660
f 130/661/661 99/662/662 121/663/663
f 97/664/664 95/665/665 94/666/666
f 97/667/667 94/668/668 123/669/669
f 98/670/670 94/671/671 95/672/672
f 98/673/673 95/674/674 122/675/675
f 127/676/676 99/677/677 96/678/678
f 127/679/679 96/680/680 125/681/681
f 70/682/682 108/683/683 107/684/684
f 70/685/685 107/686/686 45/687/687
f 166/688/688 97/689/689 22/690/690
f 166/691/691 22/692/692 167/693/693
f 128/694/694 121/695/695 99/696/696
f 128/697/697 99/698/698 127/699/699
f 7/700/700 65/701/701 49/702/702
f 125/703/703 96/704/704 6/705/705
f 125/706/706 6/707/707 48/708/708
f 23/709/709 105/710/710 49/711/711
f 167/712/712 24/713/713 128/714/714
f 167/715/715 128/716/716 166/717/717
f 23/718/718 49/719/719 65/720/720
f 129/721/721 25/722/722 26/723/723
f 130/724/724 121/725/725 25/726/726
f 130/727/727 25/728/728 129/729/729
f 70/730/730 130/731/731 80/732/732
f 70/733/733 80/734/734 108/735/735
f 115/736/736 30/737/737 53/738/738
f 115/739/739 34/740/740 79/741/741
f 27/742/742 41/743/743 131/744/744
f 27/745/745 131/746/746 75/747/747
f 7/748/748 49/749/749 105/750/750
f 127/751/751 140/752/752 168/753/753
f 127/754/754 168/755/755 166/756/756
f 18/757/757 52/758/758 140/759/759
f 18/760/760 140/761/761 127/762/762
f 95/763/763 142/764/764 52/765/765
f 95/766/766 52/767/767 18/768/768
f 166/769/769 168/770/770 142/771/771
f 166/772/772 142/773/773 95/774/774
f 50/775/775 168/776/776 140/777/777
f 50/778/778 140/779/779 105/780/780
f 52/781/781 142/782/782 65/783/783
f 52/784/784 65/785/785 31/786/786
f 154/787/787 169/788/788 173/789/789
f 224/790/790 251/791/791 175/792/792
f 175/793/793 254/794/794 256/795/795
f 172/796/796 226/797/797 224/798/798
f 256/799/799 257/800/800 172/801/801
f 163/802/802 164/803/803 162/804/804
f 163/805/805 162/806/806 3/807/807
f 163/808/808 3/809/809 196/810/810
f 163/811/811 196/812/812 4/813/813
f 163/814/814 4/815/815 159/816/816
f 163/817/817 159/818/818 169/819/819
f 163/820/820 169/821/821 154/822/822
f 163/823/823 154/824/824 191/825/825
f 183/826/826 194/827/827 176/828/828
f 176/829/829 234/830/830 183/831/831
f 183/832/832 170/833/833 269/834/834
f 183/835/835 269/836/836 194/837/837
f 178/838/838 184/839/839 267/840/840
f 178/841/841 267/842/842 234/843/843
f 174/844/844 178/845/845 234/846/846
f 254/847/847 175/848/848 51/849/849
f 254/850/850 51/851/851 48/852/852
f 209/853/853 208/854/854 179/855/855
f 271/856/856 270/857/857 273/858/858
f 208/859/859 30/860/860 179/861/861
f 179/862/862 26/863/863 209/864/864
f 30/865/865 28/866/866 179/867/867
f 177/868/868 42/869/869 41/870/870
f 177/871/871 41/872/872 260/873/873
f 205/874/874 266/875/875 177/876/876
f 260/877/877 215/878/878 177/879/879
f 177/880/880 215/881/881 205/882/882
f 190/883/883 255/884/884 266/885/885
f 190/886/886 266/887/887 220/888/888
f 248/889/889 200/890/890 162/891/891
f 205/892/892 220/893/893 266/894/894
f 220/895/895 189/896/896 190/897/897
f 202/898/898 203/899/899 37/900/900
f 202/901/901 37/902/902 32/903/903
f 27/904/904 37/905/905 203/906/906
f 27/907/907 203/908/908 204/909/909
f 204/910/910 207/911/911 215/912/912
f 204/913/913 215/914/914 260/915/915
f 219/916/916 236/917/917 180/918/918
f 219/919/919 180/920/920 190/921/921
f 180/922/922 199/923/923 228/924/924
f 180/925/925 228/926/926 225/927/927
f 180/928/928 225/929/929 195/930/930
f 208/931/931 221/932/932 232/933/933
f 208/934/934 232/935/935 238/936/936
f 185/937/937 239/938/938 238/939/939
f 185/940/940 238/941/941 232/942/942
f 240/943/943 263/944/944 239/945/945
f 240/946/946 239/947/947 185/948/948
f 263/949/949 243/950/950 239/951/951
f 253/952/952 268/953/953 35/954/954
f 253/955/955 35/956/956 132/957/957
f 239/958/958 268/959/959 253/960/960
f 253/961/961 198/962/962 238/963/963
f 253/964/964 238/965/965 239/966/966
f 35/967/967 268/968/968 243/969/969
f 268/970/970 239/971/971 243/972/972
f 264/973/973 201/974/974 46/975/975
f 264/976/976 46/977/977 43/978/978
f 262/979/979 265/980/980 241/981/981
f 241/982/982 242/983/983 262/984/984
f 186/985/985 38/986/986 243/987/987
f 186/988/988 243/989/989 263/990/990
f 171/991/991 164/992/992 163/993/993
f 173/994/994 169/995/995 159/996/996
f 200/997/997 159/998/998 4/999/999
f 2/1000/1000 200/1001/1001 4/1002/1002
f 159/1003/1003 200/1004/1004 217/1005/1005
f 3/1006/1006 200/1007/1007 2/1008/1008
f 149/1009/1009 56/1010/1010 243/1011/1011
f 149/1012/1012 243/1013/1013 275/1014/1014
f 275/1015/1015 243/1016/1016 38/1017/1017
f 275/1018/1018 38/1019/1019 151/1020/1020
f 274/1021/1021 270/1022/1022 272/1023/1023
f 271/1024/1024 240/1025/1025 216/1026/1026
f 271/1027/1027 216/1028/1028 272/1029/1029
f 274/1030/1030 242/1031/1031 241/1032/1032
f 274/1033/1033 241/1034/1034 273/1035/1035
f 272/1036/1036 216/1037/1037 242/1038/1038
f 272/1039/1039 242/1040/1040 274/1041/1041
f 273/1042/1042 241/1043/1043 240/1044/1044
f 273/1045/1045 240/1046/1046 271/1047/1047
f 273/1048/1048 270/1049/1049 274/1050/1050
f 151/1051/1051 57/1052/1052 275/1053/1053
f 263/1054/1054 240/1055/1055 241/1056/1056
f 263/1057/1057 241/1058/1058 265/1059/1059
f 255/1060/1060 190/1061/1061 195/1062/1062
f 190/1063/1063 189/1064/1064 219/1065/1065
f 180/1066/1066 195/1067/1067 190/1068/1068
f 10/1069/1069 230/1070/1070 231/1071/1071
f 143/1072/1072 266/1073/1073 255/1074/1074
f 143/1075/1075 255/1076/1076 139/1077/1077
f 231/1078/1078 192/1079/1079 12/1080/1080
f 231/1081/1081 12/1082/1082 11/1083/1083
f 16/1084/1084 15/1085/1085 193/1086/1086
f 235/1087/1087 229/1088/1088 233/1089/1089
f 235/1090/1090 233/1091/1091 193/1092/1092
f 197/1093/1093 230/1094/1094 229/1095/1095
f 197/1096/1096 229/1097/1097 235/1098/1098
f 197/1099/1099 13/1100/1100 192/1101/1101
f 229/1102/1102 20/1103/1103 19/1104/1104
f 222/1105/1105 230/1106/1106 227/1107/1107
f 222/1108/1108 227/1109/1109 223/1110/1110
f 9/1111/1111 227/1112/1112 230/1113/1113
f 223/1114/1114 252/1115/1115 229/1116/1116
f 223/1117/1117 229/1118/1118 222/1119/1119
f 229/1120/1120 252/1121/1121 21/1122/1122
f 229/1123/1123 21/1124/1124 20/1125/1125
f 230/1126/1126 10/1127/1127 9/1128/1128
f 193/1129/1129 15/1130/1130 14/1131/1131
f 193/1132/1132 14/1133/1133 235/1134/1134
f 19/1135/1135 17/1136/1136 233/1137/1137
f 235/1138/1138 14/1139/1139 13/1140/1140
f 235/1141/1141 13/1142/1142 197/1143/1143
f 192/1144/1144 231/1145/1145 230/1146/1146
f 192/1147/1147 230/1148/1148 197/1149/1149
f 17/1150/1150 16/1151/1151 193/1152/1152
f 17/1153/1153 193/1154/1154 233/1155/1155
f 231/1156/1156 11/1157/1157 10/1158/1158
f 192/1159/1159 13/1160/1160 12/1161/1161
f 19/1162/1162 233/1163/1163 229/1164/1164
f 236/1165/1165 219/1166/1166 205/1167/1167
f 236/1168/1168 205/1169/1169 215/1170/1170
f 220/1171/1171 261/1172/1172 188/1173/1173
f 220/1174/1174 188/1175/1175 189/1176/1176
f 205/1177/1177 206/1178/1178 261/1179/1179
f 205/1180/1180 261/1181/1181 220/1182/1182
f 261/1183/1183 248/1184/1184 187/1185/1185
f 261/1186/1186 187/1187/1187 188/1188/1188
f 206/1189/1189 200/1190/1190 248/1191/1191
f 206/1192/1192 248/1193/1193 261/1194/1194
f 2/1195/1195 196/1196/1196 3/1197/1197
f 163/1198/1198 191/1199/1199 187/1200/1200
f 163/1201/1201 187/1202/1202 248/1203/1203
f 3/1204/1204 162/1205/1205 200/1206/1206
f 139/1207/1207 255/1208/1208 195/1209/1209
f 139/1210/1210 195/1211/1211 6/1212/1212
f 32/1213/1213 46/1214/1214 201/1215/1215
f 32/1216/1216 201/1217/1217 202/1218/1218
f 43/1219/1219 40/1220/1220 181/1221/1221
f 43/1222/1222 181/1223/1223 264/1224/1224
f 227/1225/1225 9/1226/1226 8/1227/1227
f 227/1228/1228 8/1229/1229 251/1230/1230
f 175/1231/1231 251/1232/1232 8/1233/1233
f 175/1234/1234 8/1235/1235 51/1236/1236
f 257/1237/1237 250/1238/1238 25/1239/1239
f 257/1240/1240 25/1241/1241 24/1242/1242
f 215/1243/1243 207/1244/1244 232/1245/1245
f 215/1246/1246 232/1247/1247 221/1248/1248
f 217/1249/1249 187/1250/1250 191/1251/1251
f 217/1252/1252 191/1253/1253 154/1254/1254
f 262/1255/1255 242/1256/1256 216/1257/1257
f 262/1258/1258 216/1259/1259 201/1260/1260
f 262/1261/1261 201/1262/1262 264/1263/1263
f 249/1264/1264 202/1265/1265 201/1266/1266
f 249/1267/1267 201/1268/1268 245/1269/1269
f 247/1270/1270 203/1271/1271 202/1272/1272
f 247/1273/1273 202/1274/1274 249/1275/1275
f 246/1276/1276 204/1277/1277 203/1278/1278
f 246/1279/1279 203/1280/1280 247/1281/1281
f 213/1282/1282 210/1283/1283 214/1284/1284
f 211/1285/1285 210/1286/1286 212/1287/1287
f 212/1288/1288 210/1289/1289 213/1290/1290
f 132/1291/1291 34/1292/1292 198/1293/1293
f 132/1294/1294 198/1295/1295 253/1296/1296
f 214/1297/1297 210/1298/1298 207/1299/1299
f 275/1300/1300 57/1301/1301 149/1302/1302
f 272/1303/1303 270/1304/1304 271/1305/1305
f 216/1306/1306 210/1307/1307 211/1308/1308
f 245/1309/1309 201/1310/1310 216/1311/1311
f 258/1312/1312 209/1313/1313 26/1314/1314
f 244/1315/1315 33/1316/1316 53/1317/1317
f 179/1318/1318 28/1319/1319 26/1320/1320
f 221/1321/1321 208/1322/1322 209/1323/1323
f 221/1324/1324 209/1325/1325 237/1326/1326
f 218/1327/1327 206/1328/1328 205/1329/1329
f 218/1330/1330 205/1331/1331 219/1332/1332
f 217/1333/1333 200/1334/1334 206/1335/1335
f 217/1336/1336 206/1337/1337 218/1338/1338
f 4/1339/1339 196/1340/1340 2/1341/1341
f 218/1342/1342 188/1343/1343 187/1344/1344
f 218/1345/1345 187/1346/1346 217/1347/1347
f 189/1348/1348 188/1349/1349 218/1350/1350
f 189/1351/1351 218/1352/1352 219/1353/1353
f 259/1354/1354 209/1355/1355 258/1356/1356
f 237/1357/1357 236/1358/1358 215/1359/1359
f 237/1360/1360 215/1361/1361 221/1362/1362
f 185/1363/1363 210/1364/1364 216/1365/1365
f 185/1366/1366 216/1367/1367 240/1368/1368
f 225/1369/1369 6/1370/1370 195/1371/1371
f 226/1372/1372 22/1373/1373 21/1374/1374
f 226/1375/1375 21/1376/1376 252/1377/1377
f 230/1378/1378 222/1379/1379 229/1380/1380
f 177/1381/1381 266/1382/1382 143/1383/1383
f 177/1384/1384 143/1385/1385 42/1386/1386
f 39/1387/1387 38/1388/1388 186/1389/1389
f 56/1390/1390 36/1391/1391 243/1392/1392
f 232/1393/1393 207/1394/1394 210/1395/1395
f 232/1396/1396 210/1397/1397 185/1398/1398
f 238/1399/1399 198/1400/1400 34/1401/1401
f 238/1402/1402 34/1403/1403 208/1404/1404
f 36/1405/1405 35/1406/1406 243/1407/1407
f 208/1408/1408 244/1409/1409 30/1410/1410
f 34/1411/1411 33/1412/1412 244/1413/1413
f 194/1414/1414 178/1415/1415 174/1416/1416
f 246/1417/1417 247/1418/1418 249/1419/1419
f 246/1420/1420 249/1421/1421 245/1422/1422
f 246/1423/1423 245/1424/1424 211/1425/1425
f 246/1426/1426 211/1427/1427 212/1428/1428
f 246/1429/1429 212/1430/1430 213/1431/1431
f 246/1432/1432 213/1433/1433 214/1434/1434
f 207/1435/1435 204/1436/1436 246/1437/1437
f 246/1438/1438 214/1439/1439 207/1440/1440
f 216/1441/1441 211/1442/1442 245/1443/1443
f 250/1444/1444 228/1445/1445 199/1446/1446
f 250/1447/1447 199/1448/1448 259/1449/1449
f 252/1450/1450 223/1451/1451 224/1452/1452
f 252/1453/1453 224/1454/1454 226/1455/1455
f 251/1456/1456 224/1457/1457 223/1458/1458
f 251/1459/1459 223/1460/1460 227/1461/1461
f 254/1462/1462 225/1463/1463 228/1464/1464
f 254/1465/1465 228/1466/1466 256/1467/1467
f 180/1468/1468 236/1469/1469 237/1470/1470
f 180/1471/1471 237/1472/1472 199/1473/1473
f 167/1474/1474 22/1475/1475 226/1476/1476
f 167/1477/1477 226/1478/1478 172/1479/1479
f 256/1480/1480 228/1481/1481 250/1482/1482
f 256/1483/1483 250/1484/1484 257/1485/1485
f 182/1486/1486 194/1487/1487 174/1488/1488
f 6/1489/1489 225/1490/1490 254/1491/1491
f 48/1492/1492 6/1493/1493 254/1494/1494
f 182/1495/1495 234/1496/1496 176/1497/1497
f 172/1498/1498 257/1499/1499 24/1500/1500
f 172/1501/1501 24/1502/1502 167/1503/1503
f 194/1504/1504 182/1505/1505 176/1506/1506
f 26/1507/1507 25/1508/1508 258/1509/1509
f 258/1510/1510 25/1511/1511 250/1512/1512
f 258/1513/1513 250/1514/1514 259/1515/1515
f 237/1516/1516 209/1517/1517 259/1518/1518
f 237/1519/1519 259/1520/1520 199/1521/1521
f 53/1522/1522 30/1523/1523 244/1524/1524
f 208/1525/1525 34/1526/1526 244/1527/1527
f 204/1528/1528 260/1529/1529 41/1530/1530
f 204/1531/1531 41/1532/1532 27/1533/1533
f 234/1534/1534 182/1535/1535 174/1536/1536
f 172/1537/1537 170/1538/1538 267/1539/1539
f 172/1540/1540 267/1541/1541 256/1542/1542
f 256/1543/1543 267/1544/1544 184/1545/1545
f 256/1546/1546 184/1547/1547 175/1548/1548
f 175/1549/1549 184/1550/1550 269/1551/1551
f 175/1552/1552 269/1553/1553 224/1554/1554
f 224/1555/1555 269/1556/1556 170/1557/1557
f 224/1558/1558 170/1559/1559 172/1560/1560
f 234/1561/1561 267/1562/1562 170/1563/1563
f 234/1564/1564 170/1565/1565 183/1566/1566
f 178/1567/1567 194/1568/1568 269/1569/1569
f 178/1570/1570 269/1571/1571 184/1572/1572
f 173/1573/1573 217/1574/1574 154/1575/1575
f 163/1576/1576 248/1577/1577 171/1578/1578
f 160/1579/1579 161/1580/1580 165/1581/1581
f 5/1582/1582 1/1583/1583 155/1584/1584
f 152/1585/1585 1/1586/1586 5/1587/1587
f 165/1588/1588 161/1589/1589 153/1590/1590
f 153/1591/1591 119/1592/1592 165/1593/1593
f 162/1594/1594 164/1595/1595 171/1596/1596
f 162/1597/1597 171/1598/1598 248/1599/1599
f 159/1600/1600 217/1601/1601 173/1602/1602
