v -8.133067 -5.000000 -5.000000
v -8.133067 -5.000000 8.692113
v -8.133067 10.049720 -5.000000
v 5.469972 5.000000 8.383230
v 8.201872 -5.000000 -5.000000
v 8.201872 -5.000000 8.692113
v 8.201872 10.049720 -5.000000
v 8.201872 5.000000 8.383230
v 8.201872 5.000000 3.750000
v -8.133067 5.000000 3.750000
v 8.201872 10.049720 -2.812500
v -8.133067 10.049720 -2.812500
v 1.820463 5.000000 3.750000
v -8.133067 4.722532 8.692113
v 1.820463 10.049720 -2.812500
v 1.820463 10.049720 -5.000000
v 5.469972 5.000000 3.750000
v 5.469972 4.722626 8.692113
v 5.469972 10.049720 -2.812500
v 5.469972 10.049720 -5.000000
v 1.820463 11.133784 -1.308359
v 1.820463 9.896847 -2.613830
v 1.934510 12.415249 3.576099
v 5.355925 10.913945 -2.812500
v 1.934510 5.000000 3.750000
v 5.355925 5.860752 3.750000
v 1.820463 11.879419 1.302585
v 1.934510 5.860752 3.750000
v 1.820463 6.018664 3.544922
v 1.820463 5.157804 3.544922
v 1.934510 6.187529 4.440289
v 5.355925 6.187529 4.440289
v 5.355925 5.000000 3.750000
v 1.820463 6.382145 4.413284
v 5.469972 5.157804 3.544922
v 5.469972 6.018664 3.544922
v 5.469972 6.382145 4.413284
v 5.469972 9.896847 -2.613830
v 1.820463 10.760967 -2.613830
v 5.469972 10.760967 -2.613830
v 1.820463 12.226714 3.602262
v 1.934510 10.049720 -2.812500
v 5.469972 12.226714 3.602262
v 1.934510 10.913945 -2.812500
v 5.355925 10.049720 -2.812500
v 5.355925 12.415249 3.576099
v 1.874387 12.162790 3.776728
v 1.874387 6.490911 4.563761
v 5.416048 6.490911 4.563761
v 5.416048 12.162790 3.776728
v 5.305371 6.302046 4.589969
v 1.985064 6.302046 4.589969
v 5.305371 12.345751 3.751339
v 1.985064 12.345751 3.751339
v 1.934510 12.422992 2.495641
v 1.820463 12.252236 2.608057
v 5.355925 12.422992 2.495641
v 5.469972 12.252236 2.608057
v 4.500571 12.422992 2.495641
v 4.500571 10.049720 -2.812500
v 2.789864 10.049720 -2.812500
v 2.789864 12.422992 2.495641
v 4.500571 10.913945 -2.812500
v 2.789864 10.913945 -2.812500
v 2.732841 10.049720 -5.000000
v 4.557595 10.049720 -5.000000
v 2.971627 10.049720 -4.453125
v 4.318809 10.049720 -4.453125
v 4.317054 10.826632 -4.363403
v 2.999693 12.092325 -3.017578
v 4.290742 12.092325 -3.017578
v 2.973381 10.826632 -4.363403
v 4.500571 12.415249 3.576099
v 2.789864 12.415249 3.576099
v 2.276652 10.049720 -5.000000
v 2.362187 10.049720 -2.812500
v 2.362187 10.913945 -2.812500
v 2.362187 12.422992 2.495641
v 2.362187 12.415249 3.576099
v 3.645218 12.345751 3.751339
v 2.815141 12.345751 3.751339
v 2.400102 12.345751 3.751339
v 4.475295 12.345751 3.751339
v 4.928248 12.415249 3.576099
v 4.890333 12.345751 3.751339
v 4.928248 12.422992 2.495641
v 4.928248 10.049720 -2.812500
v 4.928248 10.913945 -2.812500
v 5.013783 10.049720 -5.000000
v 3.645217 12.415249 3.576099
v 3.645217 12.422992 2.495641
v 2.997020 12.289499 -2.646621
v 3.645218 10.826632 -4.363403
v 3.645218 10.049720 -4.453125
v 3.645218 10.049720 -5.000000
v 2.789864 11.668468 -0.158430
v 2.789864 11.291206 -1.485465
v 2.789864 12.045731 1.168606
v 2.896783 12.354093 -0.158430
v 2.843323 12.388542 1.168606
v 2.950243 12.319643 -1.485465
v 3.645217 12.354093 -0.158430
v 3.645217 12.319643 -1.485465
v 3.645217 12.388542 1.168606
v 4.393652 12.354093 -0.158430
v 4.447112 12.388542 1.168605
v 4.340192 12.319643 -1.485465
v 4.500571 11.668468 -0.158430
v 4.500571 12.045731 1.168606
v 4.500571 11.291206 -1.485465
v 4.928248 11.668468 -0.158430
v 4.928248 12.045731 1.168606
v 4.928248 11.291206 -1.485465
v 5.355925 11.668468 -0.158430
v 5.355925 12.045731 1.168606
v 5.355925 11.291206 -1.485465
v 5.469972 11.506601 -0.002887
v 5.469972 11.879419 1.302585
v 5.469972 11.133784 -1.308359
v 2.362187 11.668468 -0.158430
v 2.362187 12.045731 1.168606
v 2.362187 11.291206 -1.485465
v 1.934510 11.668468 -0.158430
v 1.934510 11.291206 -1.485465
v 1.934510 12.045731 1.168606
v 1.820463 11.506601 -0.002887
v 3.645217 12.289499 -2.646621
v 3.645217 12.092325 -3.017578
v 4.293415 12.289499 -2.646621
v 4.318809 10.569118 -4.453125
v 3.645218 10.569118 -4.453125
v 2.971627 10.569118 -4.453125
v 5.355925 4.260335 3.924730
v 1.934510 4.260335 3.924730
v 5.355260 4.260335 8.692113
v 1.934510 4.260335 8.692113
v 5.469972 4.260335 8.692113
v 1.820463 4.260335 8.692113
v -6.117864 3.119448 8.692113
v 5.469590 -5.000000 8.692113
v 5.355925 4.445251 3.750000
v 1.820463 4.445251 3.750000
v 1.934510 4.445251 3.750000
v 1.820463 4.445251 8.692113
v 5.469972 4.445251 8.692113
v 5.469972 4.445251 3.750000
v -8.133067 3.125000 8.692113
v 5.469590 3.072274 8.692113
v 8.201872 3.125000 8.692113
v -6.117253 -5.000000 8.692113
v 5.471586 -5.000000 -5.000000
v -6.108922 -5.000000 -5.000000
v 5.471337 3.072276 -3.288486
v -6.109963 -5.000000 -3.288486
v -6.109963 3.072276 -3.288486
v 5.471337 -5.000000 -3.288486
v 5.469972 8.389816 0.465545
v 5.469972 9.575392 -1.074143
v 5.469972 7.204240 2.005234
v 1.820463 8.389816 0.465545
v 1.820463 7.204240 2.005234
v 1.820463 9.575392 -1.074143
v 1.820463 5.000000 8.383230
v 1.820463 4.722626 8.692113
v 8.201872 4.722532 8.692113
v -8.133067 5.000000 8.383230
v -3.156302 10.049720 -2.812500
v -0.667919 10.049720 -2.812500
v 0.576272 10.049720 -2.812500
v -1.912111 10.049720 -2.812500
v -5.644685 10.049720 -2.812500
v -4.400494 10.049720 -2.812500
v -6.888876 10.049720 -2.812500
v -3.156302 10.049720 -5.000000
v -5.644685 10.049720 -5.000000
v -6.888876 10.049720 -5.000000
v -4.400494 10.049720 -5.000000
v -0.667919 10.049720 -5.000000
v -1.912111 10.049720 -5.000000
v 0.576272 10.049720 -5.000000
v -3.156302 5.000000 3.750000
v -5.644685 5.000000 3.750000
v -6.888876 5.000000 3.750000
v -4.400494 5.000000 3.750000
v -0.667919 5.000000 3.750000
v -1.912111 5.000000 3.750000
v 0.576272 5.000000 3.750000
v -3.156302 5.000000 8.383230
v -5.644685 5.000000 8.383230
v -4.400494 5.000000 8.383230
v -0.667919 5.000000 8.383230
v -1.912111 5.000000 8.383230
v 0.576272 5.000000 8.383230
v -6.888876 5.000000 8.383230
v -3.156302 4.722534 8.692113
v -5.644685 4.722616 8.692113
v -6.888876 4.722408 8.692113
v -4.400494 4.722493 8.692113
v -0.667919 4.722616 8.692113
v -1.912111 4.722575 8.692113
v 0.576272 4.722657 8.692113
v 6.835922 10.049720 -5.000000
v 6.835922 10.049720 -2.812500
v 6.835922 5.000000 3.750000
v 6.835922 5.000000 8.383230
v 6.835922 4.722534 8.692113
v 6.835385 3.113897 8.692113
v 6.835731 -5.000000 8.692113
v -6.882082 3.122224 8.692113
v -1.917471 3.111121 8.692113
v -4.403695 3.115285 8.692113
v -3.157764 3.113203 8.692113
v -5.643989 3.117367 8.692113
v 0.580017 3.106957 8.692113
v -0.665912 3.109039 8.692113
v -6.891047 -5.000000 8.692113
v -6.886881 -5.000000 -5.000000
v -8.133067 4.924311 8.605101
v -6.888876 4.924249 8.605101
v -3.156302 4.924229 8.605101
v -1.912111 4.924331 8.605101
v -0.667919 4.924273 8.605101
v 0.576272 4.924209 8.605101
v 1.820463 4.924312 8.605101
v 5.469972 4.924312 8.605101
v 6.835922 4.924229 8.605101
v 8.201872 4.924311 8.605101
v -4.400494 4.924291 8.605101
v -5.644685 4.924190 8.605101
v -8.133067 4.982405 8.504702
v -8.133067 4.834671 8.671785
v -6.888876 4.982374 8.504702
v -6.888876 4.834578 8.671785
v -5.644685 4.982344 8.504702
v -5.644685 4.834652 8.671785
v -4.400494 4.982395 8.504702
v -4.400494 4.834642 8.671785
v -3.156302 4.982364 8.504702
v -3.156302 4.834631 8.671785
v -1.912111 4.982415 8.504702
v -1.912111 4.834703 8.671785
v -0.667919 4.982386 8.504702
v -0.667919 4.834694 8.671785
v 0.576272 4.982354 8.504702
v 0.576272 4.834683 8.671785
v 1.820463 4.982405 8.504702
v 1.820463 4.834718 8.671785
v 5.469972 4.982405 8.504702
v 5.469972 4.834718 8.671785
v 6.835922 4.982364 8.504702
v 6.835922 4.834631 8.671785
v 8.201872 4.834671 8.671785
v 8.201872 4.982405 8.504702
v -4.400494 5.631215 2.929688
v -6.888876 9.418505 -1.992188
v -1.912111 5.631215 2.929688
v -5.644685 9.418505 -1.992187
v -0.667919 5.631215 2.929688
v -4.400494 9.418505 -1.992187
v 0.576272 5.631215 2.929688
v -0.667919 7.840467 0.058594
v -3.156302 9.418505 -1.992187
v -1.912111 7.524860 0.468750
v -1.912111 9.418505 -1.992187
v -0.667919 7.524860 0.468750
v 0.576272 7.840467 0.058594
v -0.667919 9.418505 -1.992187
v 0.576272 7.524860 0.468750
v -1.912111 7.840467 0.058594
v 0.576272 9.418505 -1.992187
v -5.644685 5.631215 2.929688
v -6.888876 5.631215 2.929688
v -3.156302 5.631215 2.929688
v 1.820812 3.102794 8.692113
v -0.667919 7.702593 0.703476
v -1.849901 7.702593 0.703476
v 0.514063 7.702593 0.703476
v 0.514063 5.949673 2.979940
v -0.667919 5.949673 2.979940
v -1.849901 5.949673 2.979940
v -0.667919 8.151172 0.122855
v 0.514063 8.151172 0.122855
v -0.667919 9.548877 -1.695285
v 0.514063 9.548877 -1.695285
v -1.849901 8.151172 0.122855
v -1.849901 9.548877 -1.695285
v -4.431598 9.548898 -1.695957
v -3.249616 9.548898 -1.695957
v -5.613581 9.548898 -1.695957
v -6.795562 9.548898 -1.695957
v -3.249616 5.950970 2.979827
v -4.431598 5.950970 2.979827
v -5.613581 5.950970 2.979827
v -6.795562 5.950970 2.979827
v 5.469972 7.527325 0.465546
v 5.469972 6.342565 2.005234
v 5.469972 8.712086 -1.074142
v 1.820463 7.527325 0.465546
v 1.820463 8.712086 -1.074142
v 1.820463 6.342565 2.005234
v 2.154397 12.037521 3.794104
v 2.055010 11.873229 3.816904
v 2.527103 12.037521 3.794104
v 2.899807 12.037521 3.794104
v 3.645218 12.037521 3.794104
v 4.390626 12.037521 3.794104
v 4.763337 12.037521 3.794104
v 5.136040 12.037521 3.794104
v 5.235430 11.873229 3.816904
v 5.235430 6.779878 4.523658
v 5.136040 6.610279 4.547193
v 2.154397 6.610279 4.547193
v 2.055010 6.779878 4.523658
v 2.154397 12.019382 3.663357
v 2.055010 11.855089 3.686157
v 2.527103 12.019382 3.663357
v 2.899807 12.019382 3.663357
v 3.645218 12.019382 3.663357
v 4.390626 12.019382 3.663357
v 4.763337 12.019382 3.663357
v 5.136040 12.019382 3.663357
v 5.235430 11.855089 3.686157
v 5.235430 6.761734 4.392910
v 5.136040 6.592135 4.416446
v 2.154397 6.592135 4.416446
v 2.055010 6.761734 4.392910
v -8.133067 9.418505 -1.992188
v -8.133067 5.631215 2.929688
v 1.820463 5.631299 2.929451
v 1.820463 9.417647 -1.992309
vt 0.000000 0.000000
vt 0.000000 0.000000
vt 0.000000 0.000000
vt 0.000000 0.000000
vt 0.000000 0.000000
vt 0.000000 0.000000
vt 0.000000 0.000000
vt 0.000000 0.000000
vt 0.000000 0.000000
vt 0.000000 0.000000
vt 0.000000 0.000000
vt 0.000000 0.000000
vt 0.000000 0.000000
vt 0.000000 0.000000
vt 0.000000 0.000000
vt 0.000000 0.000000
vt 0.000000 0.000000
vt 0.000000 0.000000
vt 0.000000 0.000000
vt 0.000000 0.000000
vt 0.000000 0.000000
vt 0.000000 0.000000
vt 0.000000 0.000000
vt 0.000000 0.000000
vt 0.000000 0.000000
vt 0.000000 0.000000
vt 0.000000 0.000000
vt 0.000000 0.000000
vt 0.000000 0.000000
vt 0.000000 0.000000
vt 0.000000 0.000000
vt 0.000000 0.000000
vt 0.000000 0.000000
vt 0.000000 0.000000
vt 0.000000 0.000000
vt 0.000000 0.000000
vt 0.000000 0.000000
vt 0.000000 0.000000
vt 0.000000 0.000000
vt 0.000000 0.000000
vt 0.000000 0.000000
vt 0.000000 0.000000
vt 0.000000 0.000000
vt 0.000000 0.000000
vt 0.000000 0.000000
vt 0.000000 0.000000
vt 0.000000 0.000000
vt 0.000000 0.000000
vt 0.000000 0.000000
vt 0.000000 0.000000
vt 0.000000 0.000000
vt 0.000000 0.000000
vt 0.000000 0.000000
vt 0.000000 0.000000
vt 0.000000 0.000000
vt 0.000000 0.000000
vt 0.000000 0.000000
vt 0.000000 0.000000
vt 0.000000 0.000000
vt 0.000000 0.000000
vt 0.000000 0.000000
vt 0.000000 0.000000
vt 0.000000 0.000000
vt 0.000000 0.000000
vt 0.000000 0.000000
vt 0.000000 0.000000
vt 0.000000 0.000000
vt 0.000000 0.000000
vt 0.000000 0.000000
vt 0.000000 0.000000
vt 0.000000 0.000000
vt 0.000000 0.000000
vt 0.000000 0.000000
vt 0.000000 0.000000
vt 0.000000 0.000000
vt 0.000000 0.000000
vt 0.000000 0.000000
vt 0.000000 0.000000
vt 0.000000 0.000000
vt 0.000000 0.000000
vt 0.000000 0.000000
vt 0.000000 0.000000
vt 0.000000 0.000000
vt 0.000000 0.000000
vt 0.000000 0.000000
vt 0.000000 0.000000
vt 0.000000 0.000000
vt 0.000000 0.000000
vt 0.000000 0.000000
vt 0.000000 0.000000
vt 0.000000 0.000000
vt 0.000000 0.000000
vt 0.000000 0.000000
vt 0.000000 0.000000
vt 0.000000 0.000000
vt 0.000000 0.000000
vt 0.000000 0.000000
vt 0.000000 0.000000
vt 0.000000 0.000000
vt 0.000000 0.000000
vt 0.000000 0.000000
vt 0.000000 0.000000
vt 0.000000 0.000000
vt 0.000000 0.000000
vt 0.000000 0.000000
vt 0.000000 0.000000
vt 0.000000 0.000000
vt 0.000000 0.000000
vt 0.000000 0.000000
vt 0.000000 0.000000
vt 0.000000 0.000000
vt 0.000000 0.000000
vt 0.000000 0.000000
vt 0.000000 0.000000
vt 0.000000 0.000000
vt 0.000000 0.000000
vt 0.000000 0.000000
vt 0.000000 0.000000
vt 0.000000 0.000000
vt 0.000000 0.000000
vt 0.000000 0.000000
vt 0.000000 0.000000
vt 0.000000 0.000000
vt 0.000000 0.000000
vt 0.000000 0.000000
vt 0.000000 0.000000
vt 0.000000 0.000000
vt 0.000000 0.000000
vt 0.000000 0.000000
vt 0.000000 0.000000
vt 0.000000 0.000000
vt 0.000000 0.000000
vt 0.000000 0.000000
vt 0.000000 0.000000
vt 0.000000 0.000000
vt 0.000000 0.000000
vt 0.000000 0.000000
vt 0.000000 0.000000
vt 0.000000 0.000000
vt 0.000000 0.000000
vt 0.000000 0.000000
vt 0.000000 0.000000
vt 0.000000 0.000000
vt 0.000000 0.000000
vt 0.000000 0.000000
vt 0.000000 0.000000
vt 0.000000 0.000000
vt 0.000000 0.000000
vt 0.000000 0.000000
vt 0.000000 0.000000
vt 0.000000 0.000000
vt 0.000000 0.000000
vt 0.000000 0.000000
vt 0.000000 0.000000
vt 0.000000 0.000000
vt 0.000000 0.000000
vt 0.000000 0.000000
vt 0.000000 0.000000
vt 0.000000 0.000000
vt 0.000000 0.000000
vt 0.000000 0.000000
vt 0.000000 0.000000
vt 0.000000 0.000000
vt 0.000000 0.000000
vt 0.000000 0.000000
vt 0.000000 0.000000
vt 0.000000 0.000000
vt 0.000000 0.000000
vt 0.000000 0.000000
vt 0.000000 0.000000
vt 0.000000 0.000000
vt 0.000000 0.000000
vt 0.000000 0.000000
vt 0.000000 0.000000
vt 0.000000 0.000000
vt 0.000000 0.000000
vt 0.000000 0.000000
vt 0.000000 0.000000
vt 0.000000 0.000000
vt 0.000000 0.000000
vt 0.000000 0.000000
vt 0.000000 0.000000
vt 0.000000 0.000000
vt 0.000000 0.000000
vt 0.000000 0.000000
vt 0.000000 0.000000
vt 0.000000 0.000000
vt 0.000000 0.000000
vt 0.000000 0.000000
vt 0.000000 0.000000
vt 0.000000 0.000000
vt 0.000000 0.000000
vt 0.000000 0.000000
vt 0.000000 0.000000
vt 0.000000 0.000000
vt 0.000000 0.000000
vt 0.000000 0.000000
vt 0.000000 0.000000
vt 0.000000 0.000000
vt 0.000000 0.000000
vt 0.000000 0.000000
vt 0.000000 0.000000
vt 0.000000 0.000000
vt 0.000000 0.000000
vt 0.000000 0.000000
vt 0.000000 0.000000
vt 0.000000 0.000000
vt 0.000000 0.000000
vt 0.000000 0.000000
vt 0.000000 0.000000
vt 0.000000 0.000000
vt 0.000000 0.000000
vt 0.000000 0.000000
vt 0.000000 0.000000
vt 0.000000 0.000000
vt 0.000000 0.000000
vt 0.000000 0.000000
vt 0.000000 0.000000
vt 0.000000 0.000000
vt 0.000000 0.000000
vt 0.000000 0.000000
vt 0.000000 0.000000
vt 0.000000 0.000000
vt 0.000000 0.000000
vt 0.000000 0.000000
vt 0.000000 0.000000
vt 0.000000 0.000000
vt 0.000000 0.000000
vt 0.000000 0.000000
vt 0.000000 0.000000
vt 0.000000 0.000000
vt 0.000000 0.000000
vt 0.000000 0.000000
vt 0.000000 0.000000
vt 0.000000 0.000000
vt 0.000000 0.000000
vt 0.000000 0.000000
vt 0.000000 0.000000
vt 0.000000 0.000000
vt 0.000000 0.000000
vt 0.000000 0.000000
vt 0.000000 0.000000
vt 0.000000 0.000000
vt 0.000000 0.000000
vt 0.000000 0.000000
vt 0.000000 0.000000
vt 0.000000 0.000000
vt 0.000000 0.000000
vt 0.000000 0.000000
vt 0.000000 0.000000
vt 0.000000 0.000000
vt 0.000000 0.000000
vt 0.000000 0.000000
vt 0.000000 0.000000
vt 0.000000 0.000000
vt 0.000000 0.000000
vt 0.000000 0.000000
vt 0.000000 0.000000
vt 0.000000 0.000000
vt 0.000000 0.000000
vt 0.000000 0.000000
vt 0.000000 0.000000
vt 0.000000 0.000000
vt 0.000000 0.000000
vt 0.000000 0.000000
vt 0.000000 0.000000
vt 0.000000 0.000000
vt 0.000000 0.000000
vt 0.000000 0.000000
vt 0.000000 0.000000
vt 0.000000 0.000000
vt 0.000000 0.000000
vt 0.000000 0.000000
vt 0.000000 0.000000
vt 0.000000 0.000000
vt 0.000000 0.000000
vt 0.000000 0.000000
vt 0.000000 0.000000
vt 0.000000 0.000000
vt 0.000000 0.000000
vt 0.000000 0.000000
vt 0.000000 0.000000
vt 0.000000 0.000000
vt 0.000000 0.000000
vt 0.000000 0.000000
vt 0.000000 0.000000
vt 0.000000 0.000000
vt 0.000000 0.000000
vt 0.000000 0.000000
vt 0.000000 0.000000
vt 0.000000 0.000000
vt 0.000000 0.000000
vt 0.000000 0.000000
vt 0.000000 0.000000
vt 0.000000 0.000000
vt 0.000000 0.000000
vt 0.000000 0.000000
vt 0.000000 0.000000
vt 0.000000 0.000000
vt 0.000000 0.000000
vt 0.000000 0.000000
vt 0.000000 0.000000
vt 0.000000 0.000000
vt 0.000000 0.000000
vt 0.000000 0.000000
vt 0.000000 0.000000
vt 0.000000 0.000000
vt 0.000000 0.000000
vt 0.000000 0.000000
vt 0.000000 0.000000
vt 0.000000 0.000000
vt 0.000000 0.000000
vt 0.000000 0.000000
vt 0.000000 0.000000
vt 0.000000 0.000000
vt 0.000000 0.000000
vt 0.000000 0.000000
vt 0.000000 0.000000
vt 0.000000 0.000000
vt 0.000000 0.000000
vt 0.000000 0.000000
vt 0.000000 0.000000
vt 0.000000 0.000000
vt 0.000000 0.000000
vt 0.000000 0.000000
vt 0.000000 0.000000
vt 0.000000 0.000000
vt 0.000000 0.000000
vt 0.000000 0.000000
vt 0.000000 0.000000
vt 0.000000 0.000000
vt 0.000000 0.000000
vt 0.000000 0.000000
vt 0.000000 0.000000
vt 0.000000 0.000000
vt 0.000000 0.000000
vt 0.000000 0.000000
vt 0.000000 0.000000
vt 0.000000 0.000000
vt 0.000000 0.000000
vt 0.000000 0.000000
vt 0.000000 0.000000
vt 0.000000 0.000000
vt 0.000000 0.000000
vt 0.000000 0.000000
vt 0.000000 0.000000
vt 0.000000 0.000000
vt 0.000000 0.000000
vt 0.000000 0.000000
vt 0.000000 0.000000
vt 0.000000 0.000000
vt 0.000000 0.000000
vt 0.000000 0.000000
vt 0.000000 0.000000
vt 0.000000 0.000000
vt 0.000000 0.000000
vt 0.000000 0.000000
vt 0.000000 0.000000
vt 0.000000 0.000000
vt 0.000000 0.000000
vt 0.000000 0.000000
vt 0.000000 0.000000
vt 0.000000 0.000000
vt 0.000000 0.000000
vt 0.000000 0.000000
vt 0.000000 0.000000
vt 0.000000 0.000000
vt 0.000000 0.000000
vt 0.000000 0.000000
vt 0.000000 0.000000
vt 0.000000 0.000000
vt 0.000000 0.000000
vt 0.000000 0.000000
vt 0.000000 0.000000
vt 0.000000 0.000000
vt 0.000000 0.000000
vt 0.000000 0.000000
vt 0.000000 0.000000
vt 0.000000 0.000000
vt 0.000000 0.000000
vt 0.000000 0.000000
vt 0.000000 0.000000
vt 0.000000 0.000000
vt 0.000000 0.000000
vt 0.000000 0.000000
vt 0.000000 0.000000
vt 0.000000 0.000000
vt 0.000000 0.000000
vt 0.000000 0.000000
vt 0.000000 0.000000
vt 0.000000 0.000000
vt 0.000000 0.000000
vt 0.000000 0.000000
vt 0.000000 0.000000
vt 0.000000 0.000000
vt 0.000000 0.000000
vt 0.000000 0.000000
vt 0.000000 0.000000
vt 0.000000 0.000000
vt 0.000000 0.000000
vt 0.000000 0.000000
vt 0.000000 0.000000
vt 0.000000 0.000000
vt 0.000000 0.000000
vt 0.000000 0.000000
vt 0.000000 0.000000
vt 0.000000 0.000000
vt 0.000000 0.000000
vt 0.000000 0.000000
vt 0.000000 0.000000
vt 0.000000 0.000000
vt 0.000000 0.000000
vt 0.000000 0.000000
vt 0.000000 0.000000
vt 0.000000 0.000000
vt 0.000000 0.000000
vt 0.000000 0.000000
vt 0.000000 0.000000
vt 0.000000 0.000000
vt 0.000000 0.000000
vt 0.000000 0.000000
vt 0.000000 0.000000
vt 0.000000 0.000000
vt 0.000000 0.000000
vt 0.000000 0.000000
vt 0.000000 0.000000
vt 0.000000 0.000000
vt 0.000000 0.000000
vt 0.000000 0.000000
vt 0.000000 0.000000
vt 0.000000 0.000000
vt 0.000000 0.000000
vt 0.000000 0.000000
vt 0.000000 0.000000
vt 0.000000 0.000000
vt 0.000000 0.000000
vt 0.000000 0.000000
vt 0.000000 0.000000
vt 0.000000 0.000000
vt 0.000000 0.000000
vt 0.000000 0.000000
vt 0.000000 0.000000
vt 0.000000 0.000000
vt 0.000000 0.000000
vt 0.000000 0.000000
vt 0.000000 0.000000
vt 0.000000 0.000000
vt 0.000000 0.000000
vt 0.000000 0.000000
vt 0.000000 0.000000
vt 0.000000 0.000000
vt 0.000000 0.000000
vt 0.000000 0.000000
vt 0.000000 0.000000
vt 0.000000 0.000000
vt 0.000000 0.000000
vt 0.000000 0.000000
vt 0.000000 0.000000
vt 0.000000 0.000000
vt 0.000000 0.000000
vt 0.000000 0.000000
vt 0.000000 0.000000
vt 0.000000 0.000000
vt 0.000000 0.000000
vt 0.000000 0.000000
vt 0.000000 0.000000
vt 0.000000 0.000000
vt 0.000000 0.000000
vt 0.000000 0.000000
vt 0.000000 0.000000
vt 0.000000 0.000000
vt 0.000000 0.000000
vt 0.000000 0.000000
vt 0.000000 0.000000
vt 0.000000 0.000000
vt 0.000000 0.000000
vt 0.000000 0.000000
vt 0.000000 0.000000
vt 0.000000 0.000000
vt 0.000000 0.000000
vt 0.000000 0.000000
vt 0.000000 0.000000
vt 0.000000 0.000000
vt 0.000000 0.000000
vt 0.000000 0.000000
vt 0.000000 0.000000
vt 0.000000 0.000000
vt 0.000000 0.000000
vt 0.000000 0.000000
vt 0.000000 0.000000
vt 0.000000 0.000000
vt 0.000000 0.000000
vt 0.000000 0.000000
vt 0.000000 0.000000
vt 0.000000 0.000000
vt 0.000000 0.000000
vt 0.000000 0.000000
vt 0.000000 0.000000
vt 0.000000 0.000000
vt 0.000000 0.000000
vt 0.000000 0.000000
vt 0.000000 0.000000
vt 0.000000 0.000000
vt 0.000000 0.000000
vt 0.000000 0.000000
vt 0.000000 0.000000
vt 0.000000 0.000000
vt 0.000000 0.000000
vt 0.000000 0.000000
vt 0.000000 0.000000
vt 0.000000 0.000000
vt 0.000000 0.000000
vt 0.000000 0.000000
vt 0.000000 0.000000
vt 0.000000 0.000000
vt 0.000000 0.000000
vt 0.000000 0.000000
vt 0.000000 0.000000
vt 0.000000 0.000000
vt 0.000000 0.000000
vt 0.000000 0.000000
vt 0.000000 0.000000
vt 0.000000 0.000000
vt 0.000000 0.000000
vt 0.000000 0.000000
vt 0.000000 0.000000
vt 0.000000 0.000000
vt 0.000000 0.000000
vt 0.000000 0.000000
vt 0.000000 0.000000
vt 0.000000 0.000000
vt 0.000000 0.000000
vt 0.000000 0.000000
vt 0.000000 0.000000
vt 0.000000 0.000000
vt 0.000000 0.000000
vt 0.000000 0.000000
vt 0.000000 0.000000
vt 0.000000 0.000000
vt 0.000000 0.000000
vt 0.000000 0.000000
vt 0.000000 0.000000
vt 0.000000 0.000000
vt 0.000000 0.000000
vt 0.000000 0.000000
vt 0.000000 0.000000
vt 0.000000 0.000000
vt 0.000000 0.000000
vt 0.000000 0.000000
vt 0.000000 0.000000
vt 0.000000 0.000000
vt 0.000000 0.000000
vt 0.000000 0.000000
vt 0.000000 0.000000
vt 0.000000 0.000000
vt 0.000000 0.000000
vt 0.000000 0.000000
vt 0.000000 0.000000
vt 0.000000 0.000000
vt 0.000000 0.000000
vt 0.000000 0.000000
vt 0.000000 0.000000
vt 0.000000 0.000000
vt 0.000000 0.000000
vt 0.000000 0.000000
vt 0.000000 0.000000
vt 0.000000 0.000000
vt 0.000000 0.000000
vt 0.000000 0.000000
vt 0.000000 0.000000
vt 0.000000 0.000000
vt 0.000000 0.000000
vt 0.000000 0.000000
vt 0.000000 0.000000
vt 0.000000 0.000000
vt 0.000000 0.000000
vt 0.000000 0.000000
vt 0.000000 0.000000
vt 0.000000 0.000000
vt 0.000000 0.000000
vt 0.000000 0.000000
vt 0.000000 0.000000
vt 0.000000 0.000000
vt 0.000000 0.000000
vt 0.000000 0.000000
vt 0.000000 0.000000
vt 0.000000 0.000000
vt 0.000000 0.000000
vt 0.000000 0.000000
vt 0.000000 0.000000
vt 0.000000 0.000000
vt 0.000000 0.000000
vt 0.000000 0.000000
vt 0.000000 0.000000
vt 0.000000 0.000000
vt 0.000000 0.000000
vt 0.000000 0.000000
vt 0.000000 0.000000
vt 0.000000 0.000000
vt 0.000000 0.000000
vt 0.000000 0.000000
vt 0.000000 0.000000
vt 0.000000 0.000000
vt 0.000000 0.000000
vt 0.000000 0.000000
vt 0.000000 0.000000
vt 0.000000 0.000000
vt 0.000000 0.000000
vt 0.000000 0.000000
vt 0.000000 0.000000
vt 0.000000 0.000000
vt 0.000000 0.000000
vt 0.000000 0.000000
vt 0.000000 0.000000
vt 0.000000 0.000000
vt 0.000000 0.000000
vt 0.000000 0.000000
vt 0.000000 0.000000
vt 0.000000 0.000000
vt 0.000000 0.000000
vt 0.000000 0.000000
vt 0.000000 0.000000
vt 0.000000 0.000000
vt 0.000000 0.000000
vt 0.000000 0.000000
vt 0.000000 0.000000
vt 0.000000 0.000000
vt 0.000000 0.000000
vt 0.000000 0.000000
vt 0.000000 0.000000
vt 0.000000 0.000000
vt 0.000000 0.000000
vt 0.000000 0.000000
vt 0.000000 0.000000
vt 0.000000 0.000000
vt 0.000000 0.000000
vt 0.000000 0.000000
vt 0.000000 0.000000
vt 0.000000 0.000000
vt 0.000000 0.000000
vt 0.000000 0.000000
vt 0.000000 0.000000
vt 0.000000 0.000000
vt 0.000000 0.000000
vt 0.000000 0.000000
vt 0.000000 0.000000
vt 0.000000 0.000000
vt 0.000000 0.000000
vt 0.000000 0.000000
vt 0.000000 0.000000
vt 0.000000 0.000000
vt 0.000000 0.000000
vt 0.000000 0.000000
vt 0.000000 0.000000
vt 0.000000 0.000000
vt 0.000000 0.000000
vt 0.000000 0.000000
vt 0.000000 0.000000
vt 0.000000 0.000000
vt 0.000000 0.000000
vt 0.000000 0.000000
vt 0.000000 0.000000
vt 0.000000 0.000000
vt 0.000000 0.000000
vt 0.000000 0.000000
vt 0.000000 0.000000
vt 0.000000 0.000000
vt 0.000000 0.000000
vt 0.000000 0.000000
vt 0.000000 0.000000
vt 0.000000 0.000000
vt 0.000000 0.000000
vt 0.000000 0.000000
vt 0.000000 0.000000
vt 0.000000 0.000000
vt 0.000000 0.000000
vt 0.000000 0.000000
vt 0.000000 0.000000
vt 0.000000 0.000000
vt 0.000000 0.000000
vt 0.000000 0.000000
vt 0.000000 0.000000
vt 0.000000 0.000000
vt 0.000000 0.000000
vt 0.000000 0.000000
vt 0.000000 0.000000
vt 0.000000 0.000000
vt 0.000000 0.000000
vt 0.000000 0.000000
vt 0.000000 0.000000
vt 0.000000 0.000000
vt 0.000000 0.000000
vt 0.000000 0.000000
vt 0.000000 0.000000
vt 0.000000 0.000000
vt 0.000000 0.000000
vt 0.000000 0.000000
vt 0.000000 0.000000
vt 0.000000 0.000000
vt 0.000000 0.000000
vt 0.000000 0.000000
vt 0.000000 0.000000
vt 0.000000 0.000000
vt 0.000000 0.000000
vt 0.000000 0.000000
vt 0.000000 0.000000
vt 0.000000 0.000000
vt 0.000000 0.000000
vt 0.000000 0.000000
vt 0.000000 0.000000
vt 0.000000 0.000000
vt 0.000000 0.000000
vt 0.000000 0.000000
vt 0.000000 0.000000
vt 0.000000 0.000000
vt 0.000000 0.000000
vt 0.000000 0.000000
vt 0.000000 0.000000
vt 0.000000 0.000000
vt 0.000000 0.000000
vt 0.000000 0.000000
vt 0.000000 0.000000
vt 0.000000 0.000000
vt 0.000000 0.000000
vt 0.000000 0.000000
vt 0.000000 0.000000
vt 0.000000 0.000000
vt 0.000000 0.000000
vt 0.000000 0.000000
vt 0.000000 0.000000
vt 0.000000 0.000000
vt 0.000000 0.000000
vt 0.000000 0.000000
vt 0.000000 0.000000
vt 0.000000 0.000000
vt 0.000000 0.000000
vt 0.000000 0.000000
vt 0.000000 0.000000
vt 0.000000 0.000000
vt 0.000000 0.000000
vt 0.000000 0.000000
vt 0.000000 0.000000
vt 0.000000 0.000000
vt 0.000000 0.000000
vt 0.000000 0.000000
vt 0.000000 0.000000
vt 0.000000 0.000000
vt 0.000000 0.000000
vt 0.000000 0.000000
vt 0.000000 0.000000
vt 0.000000 0.000000
vt 0.000000 0.000000
vt 0.000000 0.000000
vt 0.000000 0.000000
vt 0.000000 0.000000
vt 0.000000 0.000000
vt 0.000000 0.000000
vt 0.000000 0.000000
vt 0.000000 0.000000
vt 0.000000 0.000000
vt 0.000000 0.000000
vt 0.000000 0.000000
vt 0.000000 0.000000
vt 0.000000 0.000000
vt 0.000000 0.000000
vt 0.000000 0.000000
vt 0.000000 0.000000
vt 0.000000 0.000000
vt 0.000000 0.000000
vt 0.000000 0.000000
vt 0.000000 0.000000
vt 0.000000 0.000000
vt 0.000000 0.000000
vt 0.000000 0.000000
vt 0.000000 0.000000
vt 0.000000 0.000000
vt 0.000000 0.000000
vt 0.000000 0.000000
vt 0.000000 0.000000
vt 0.000000 0.000000
vt 0.000000 0.000000
vt 0.000000 0.000000
vt 0.000000 0.000000
vt 0.000000 0.000000
vt 0.000000 0.000000
vt 0.000000 0.000000
vt 0.000000 0.000000
vt 0.000000 0.000000
vt 0.000000 0.000000
vt 0.000000 0.000000
vt 0.000000 0.000000
vt 0.000000 0.000000
vt 0.000000 0.000000
vt 0.000000 0.000000
vt 0.000000 0.000000
vt 0.000000 0.000000
vt 0.000000 0.000000
vt 0.000000 0.000000
vt 0.000000 0.000000
vt 0.000000 0.000000
vt 0.000000 0.000000
vt 0.000000 0.000000
vt 0.000000 0.000000
vt 0.000000 0.000000
vt 0.000000 0.000000
vt 0.000000 0.000000
vt 0.000000 0.000000
vt 0.000000 0.000000
vt 0.000000 0.000000
vt 0.000000 0.000000
vt 0.000000 0.000000
vt 0.000000 0.000000
vt 0.000000 0.000000
vt 0.000000 0.000000
vt 0.000000 0.000000
vt 0.000000 0.000000
vt 0.000000 0.000000
vt 0.000000 0.000000
vt 0.000000 0.000000
vt 0.000000 0.000000
vt 0.000000 0.000000
vt 0.000000 0.000000
vt 0.000000 0.000000
vt 0.000000 0.000000
vt 0.000000 0.000000
vt 0.000000 0.000000
vt 0.000000 0.000000
vt 0.000000 0.000000
vt 0.000000 0.000000
vt 0.000000 0.000000
vt 0.000000 0.000000
vt 0.000000 0.000000
vt 0.000000 0.000000
vt 0.000000 0.000000
vt 0.000000 0.000000
vt 0.000000 0.000000
vt 0.000000 0.000000
vt 0.000000 0.000000
vt 0.000000 0.000000
vt 0.000000 0.000000
vt 0.000000 0.000000
vt 0.000000 0.000000
vt 0.000000 0.000000
vt 0.000000 0.000000
vt 0.000000 0.000000
vt 0.000000 0.000000
vt 0.000000 0.000000
vt 0.000000 0.000000
vt 0.000000 0.000000
vt 0.000000 0.000000
vt 0.000000 0.000000
vt 0.000000 0.000000
vt 0.000000 0.000000
vt 0.000000 0.000000
vt 0.000000 0.000000
vt 0.000000 0.000000
vt 0.000000 0.000000
vt 0.000000 0.000000
vt 0.000000 0.000000
vt 0.000000 0.000000
vt 0.000000 0.000000
vt 0.000000 0.000000
vt 0.000000 0.000000
vt 0.000000 0.000000
vt 0.000000 0.000000
vt 0.000000 0.000000
vt 0.000000 0.000000
vt 0.000000 0.000000
vt 0.000000 0.000000
vt 0.000000 0.000000
vt 0.000000 0.000000
vt 0.000000 0.000000
vt 0.000000 0.000000
vt 0.000000 0.000000
vt 0.000000 0.000000
vt 0.000000 0.000000
vt 0.000000 0.000000
vt 0.000000 0.000000
vt 0.000000 0.000000
vt 0.000000 0.000000
vt 0.000000 0.000000
vt 0.000000 0.000000
vt 0.000000 0.000000
vt 0.000000 0.000000
vt 0.000000 0.000000
vt 0.000000 0.000000
vt 0.000000 0.000000
vt 0.000000 0.000000
vt 0.000000 0.000000
vt 0.000000 0.000000
vt 0.000000 0.000000
vt 0.000000 0.000000
vt 0.000000 0.000000
vt 0.000000 0.000000
vt 0.000000 0.000000
vt 0.000000 0.000000
vt 0.000000 0.000000
vt 0.000000 0.000000
vt 0.000000 0.000000
vt 0.000000 0.000000
vt 0.000000 0.000000
vt 0.000000 0.000000
vt 0.000000 0.000000
vt 0.000000 0.000000
vt 0.000000 0.000000
vt 0.000000 0.000000
vt 0.000000 0.000000
vt 0.000000 0.000000
vt 0.000000 0.000000
vt 0.000000 0.000000
vt 0.000000 0.000000
vt 0.000000 0.000000
vt 0.000000 0.000000
vt 0.000000 0.000000
vt 0.000000 0.000000
vt 0.000000 0.000000
vt 0.000000 0.000000
vt 0.000000 0.000000
vt 0.000000 0.000000
vt 0.000000 0.000000
vt 0.000000 0.000000
vt 0.000000 0.000000
vt 0.000000 0.000000
vt 0.000000 0.000000
vt 0.000000 0.000000
vt 0.000000 0.000000
vt 0.000000 0.000000
vt 0.000000 0.000000
vt 0.000000 0.000000
vt 0.000000 0.000000
vt 0.000000 0.000000
vt 0.000000 0.000000
vt 0.000000 0.000000
vt 0.000000 0.000000
vt 0.000000 0.000000
vt 0.000000 0.000000
vt 0.000000 0.000000
vt 0.000000 0.000000
vt 0.000000 0.000000
vt 0.000000 0.000000
vt 0.000000 0.000000
vt 0.000000 0.000000
vt 0.000000 0.000000
vt 0.000000 0.000000
vt 0.000000 0.000000
vt 0.000000 0.000000
vt 0.000000 0.000000
vt 0.000000 0.000000
vt 0.000000 0.000000
vt 0.000000 0.000000
vt 0.000000 0.000000
vt 0.000000 0.000000
vt 0.000000 0.000000
vt 0.000000 0.000000
vt 0.000000 0.000000
vt 0.000000 0.000000
vt 0.000000 0.000000
vt 0.000000 0.000000
vt 0.000000 0.000000
vt 0.000000 0.000000
vt 0.000000 0.000000
vt 0.000000 0.000000
vt 0.000000 0.000000
vt 0.000000 0.000000
vt 0.000000 0.000000
vt 0.000000 0.000000
vt 0.000000 0.000000
vt 0.000000 0.000000
vt 0.000000 0.000000
vt 0.000000 0.000000
vt 0.000000 0.000000
vt 0.000000 0.000000
vt 0.000000 0.000000
vt 0.000000 0.000000
vt 0.000000 0.000000
vt 0.000000 0.000000
vt 0.000000 0.000000
vt 0.000000 0.000000
vt 0.000000 0.000000
vt 0.000000 0.000000
vt 0.000000 0.000000
vt 0.000000 0.000000
vt 0.000000 0.000000
vt 0.000000 0.000000
vt 0.000000 0.000000
vt 0.000000 0.000000
vt 0.000000 0.000000
vt 0.000000 0.000000
vt 0.000000 0.000000
vt 0.000000 0.000000
vt 0.000000 0.000000
vt 0.000000 0.000000
vt 0.000000 0.000000
vt 0.000000 0.000000
vt 0.000000 0.000000
vt 0.000000 0.000000
vt 0.000000 0.000000
vt 0.000000 0.000000
vt 0.000000 0.000000
vt 0.000000 0.000000
vt 0.000000 0.000000
vt 0.000000 0.000000
vt 0.000000 0.000000
vt 0.000000 0.000000
vt 0.000000 0.000000
vt 0.000000 0.000000
vt 0.000000 0.000000
vt 0.000000 0.000000
vt 0.000000 0.000000
vt 0.000000 0.000000
vt 0.000000 0.000000
vt 0.000000 0.000000
vt 0.000000 0.000000
vt 0.000000 0.000000
vt 0.000000 0.000000
vt 0.000000 0.000000
vt 0.000000 0.000000
vt 0.000000 0.000000
vt 0.000000 0.000000
vt 0.000000 0.000000
vt 0.000000 0.000000
vt 0.000000 0.000000
vt 0.000000 0.000000
vt 0.000000 0.000000
vt 0.000000 0.000000
vt 0.000000 0.000000
vt 0.000000 0.000000
vt 0.000000 0.000000
vt 0.000000 0.000000
vt 0.000000 0.000000
vt 0.000000 0.000000
vt 0.000000 0.000000
vt 0.000000 0.000000
vt 0.000000 0.000000
vt 0.000000 0.000000
vt 0.000000 0.000000
vt 0.000000 0.000000
vt 0.000000 0.000000
vt 0.000000 0.000000
vt 0.000000 0.000000
vt 0.000000 0.000000
vt 0.000000 0.000000
vt 0.000000 0.000000
vt 0.000000 0.000000
vt 0.000000 0.000000
vt 0.000000 0.000000
vt 0.000000 0.000000
vt 0.000000 0.000000
vt 0.000000 0.000000
vt 0.000000 0.000000
vt 0.000000 0.000000
vt 0.000000 0.000000
vt 0.000000 0.000000
vt 0.000000 0.000000
vt 0.000000 0.000000
vt 0.000000 0.000000
vt 0.000000 0.000000
vt 0.000000 0.000000
vt 0.000000 0.000000
vt 0.000000 0.000000
vt 0.000000 0.000000
vt 0.000000 0.000000
vt 0.000000 0.000000
vt 0.000000 0.000000
vt 0.000000 0.000000
vt 0.000000 0.000000
vt 0.000000 0.000000
vt 0.000000 0.000000
vt 0.000000 0.000000
vt 0.000000 0.000000
vt 0.000000 0.000000
vt 0.000000 0.000000
vt 0.000000 0.000000
vt 0.000000 0.000000
vt 0.000000 0.000000
vt 0.000000 0.000000
vt 0.000000 0.000000
vt 0.000000 0.000000
vt 0.000000 0.000000
vt 0.000000 0.000000
vt 0.000000 0.000000
vt 0.000000 0.000000
vt 0.000000 0.000000
vt 0.000000 0.000000
vt 0.000000 0.000000
vt 0.000000 0.000000
vt 0.000000 0.000000
vt 0.000000 0.000000
vt 0.000000 0.000000
vt 0.000000 0.000000
vt 0.000000 0.000000
vt 0.000000 0.000000
vt 0.000000 0.000000
vt 0.000000 0.000000
vt 0.000000 0.000000
vt 0.000000 0.000000
vt 0.000000 0.000000
vt 0.000000 0.000000
vt 0.000000 0.000000
vt 0.000000 0.000000
vt 0.000000 0.000000
vt 0.000000 0.000000
vt 0.000000 0.000000
vt 0.000000 0.000000
vt 0.000000 0.000000
vt 0.000000 0.000000
vt 0.000000 0.000000
vt 0.000000 0.000000
vt 0.000000 0.000000
vt 0.000000 0.000000
vt 0.000000 0.000000
vt 0.000000 0.000000
vt 0.000000 0.000000
vt 0.000000 0.000000
vt 0.000000 0.000000
vt 0.000000 0.000000
vt 0.000000 0.000000
vt 0.000000 0.000000
vt 0.000000 0.000000
vt 0.000000 0.000000
vt 0.000000 0.000000
vt 0.000000 0.000000
vt 0.000000 0.000000
vt 0.000000 0.000000
vt 0.000000 0.000000
vt 0.000000 0.000000
vt 0.000000 0.000000
vt 0.000000 0.000000
vt 0.000000 0.000000
vt 0.000000 0.000000
vt 0.000000 0.000000
vt 0.000000 0.000000
vt 0.000000 0.000000
vt 0.000000 0.000000
vt 0.000000 0.000000
vt 0.000000 0.000000
vt 0.000000 0.000000
vt 0.000000 0.000000
vt 0.000000 0.000000
vt 0.000000 0.000000
vt 0.000000 0.000000
vt 0.000000 0.000000
vt 0.000000 0.000000
vt 0.000000 0.000000
vt 0.000000 0.000000
vt 0.000000 0.000000
vt 0.000000 0.000000
vt 0.000000 0.000000
vt 0.000000 0.000000
vt 0.000000 0.000000
vt 0.000000 0.000000
vt 0.000000 0.000000
vt 0.000000 0.000000
vt 0.000000 0.000000
vt 0.000000 0.000000
vt 0.000000 0.000000
vt 0.000000 0.000000
vt 0.000000 0.000000
vt 0.000000 0.000000
vt 0.000000 0.000000
vt 0.000000 0.000000
vt 0.000000 0.000000
vt 0.000000 0.000000
vt 0.000000 0.000000
vt 0.000000 0.000000
vt 0.000000 0.000000
vt 0.000000 0.000000
vt 0.000000 0.000000
vt 0.000000 0.000000
vt 0.000000 0.000000
vt 0.000000 0.000000
vt 0.000000 0.000000
vt 0.000000 0.000000
vt 0.000000 0.000000
vt 0.000000 0.000000
vt 0.000000 0.000000
vt 0.000000 0.000000
vt 0.000000 0.000000
vt 0.000000 0.000000
vt 0.000000 0.000000
vt 0.000000 0.000000
vt 0.000000 0.000000
vt 0.000000 0.000000
vt 0.000000 0.000000
vt 0.000000 0.000000
vt 0.000000 0.000000
vt 0.000000 0.000000
vt 0.000000 0.000000
vt 0.000000 0.000000
vt 0.000000 0.000000
vt 0.000000 0.000000
vt 0.000000 0.000000
vt 0.000000 0.000000
vt 0.000000 0.000000
vt 0.000000 0.000000
vt 0.000000 0.000000
vt 0.000000 0.000000
vt 0.000000 0.000000
vt 0.000000 0.000000
vt 0.000000 0.000000
vt 0.000000 0.000000
vt 0.000000 0.000000
vt 0.000000 0.000000
vt 0.000000 0.000000
vt 0.000000 0.000000
vt 0.000000 0.000000
vt 0.000000 0.000000
vt 0.000000 0.000000
vt 0.000000 0.000000
vt 0.000000 0.000000
vt 0.000000 0.000000
vt 0.000000 0.000000
vt 0.000000 0.000000
vt 0.000000 0.000000
vt 0.000000 0.000000
vt 0.000000 0.000000
vt 0.000000 0.000000
vt 0.000000 0.000000
vt 0.000000 0.000000
vt 0.000000 0.000000
vt 0.000000 0.000000
vt 0.000000 0.000000
vt 0.000000 0.000000
vt 0.000000 0.000000
vt 0.000000 0.000000
vt 0.000000 0.000000
vt 0.000000 0.000000
vt 0.000000 0.000000
vt 0.000000 0.000000
vt 0.000000 0.000000
vt 0.000000 0.000000
vt 0.000000 0.000000
vt 0.000000 0.000000
vt 0.000000 0.000000
vt 0.000000 0.000000
vt 0.000000 0.000000
vt 0.000000 0.000000
vt 0.000000 0.000000
vt 0.000000 0.000000
vt 0.000000 0.000000
vt 0.000000 0.000000
vt 0.000000 0.000000
vt 0.000000 0.000000
vt 0.000000 0.000000
vt 0.000000 0.000000
vt 0.000000 0.000000
vt 0.000000 0.000000
vt 0.000000 0.000000
vt 0.000000 0.000000
vt 0.000000 0.000000
vt 0.000000 0.000000
vt 0.000000 0.000000
vt 0.000000 0.000000
vt 0.000000 0.000000
vt 0.000000 0.000000
vt 0.000000 0.000000
vt 0.000000 0.000000
vt 0.000000 0.000000
vt 0.000000 0.000000
vt 0.000000 0.000000
vt 0.000000 0.000000
vt 0.000000 0.000000
vt 0.000000 0.000000
vt 0.000000 0.000000
vt 0.000000 0.000000
vt 0.000000 0.000000
vt 0.000000 0.000000
vt 0.000000 0.000000
vt 0.000000 0.000000
vt 0.000000 0.000000
vt 0.000000 0.000000
vt 0.000000 0.000000
vt 0.000000 0.000000
vt 0.000000 0.000000
vt 0.000000 0.000000
vt 0.000000 0.000000
vt 0.000000 0.000000
vt 0.000000 0.000000
vt 0.000000 0.000000
vt 0.000000 0.000000
vt 0.000000 0.000000
vt 0.000000 0.000000
vt 0.000000 0.000000
vt 0.000000 0.000000
vt 0.000000 0.000000
vt 0.000000 0.000000
vt 0.000000 0.000000
vt 0.000000 0.000000
vt 0.000000 0.000000
vt 0.000000 0.000000
vt 0.000000 0.000000
vt 0.000000 0.000000
vt 0.000000 0.000000
vt 0.000000 0.000000
vt 0.000000 0.000000
vt 0.000000 0.000000
vt 0.000000 0.000000
vt 0.000000 0.000000
vt 0.000000 0.000000
vt 0.000000 0.000000
vt 0.000000 0.000000
vt 0.000000 0.000000
vt 0.000000 0.000000
vt 0.000000 0.000000
vt 0.000000 0.000000
vt 0.000000 0.000000
vt 0.000000 0.000000
vt 0.000000 0.000000
vt 0.000000 0.000000
vt 0.000000 0.000000
vt 0.000000 0.000000
vt 0.000000 0.000000
vt 0.000000 0.000000
vt 0.000000 0.000000
vt 0.000000 0.000000
vt 0.000000 0.000000
vt 0.000000 0.000000
vt 0.000000 0.000000
vt 0.000000 0.000000
vt 0.000000 0.000000
vt 0.000000 0.000000
vt 0.000000 0.000000
vt 0.000000 0.000000
vt 0.000000 0.000000
vt 0.000000 0.000000
vt 0.000000 0.000000
vt 0.000000 0.000000
vt 0.000000 0.000000
vt 0.000000 0.000000
vt 0.000000 0.000000
vt 0.000000 0.000000
vt 0.000000 0.000000
vt 0.000000 0.000000
vt 0.000000 0.000000
vt 0.000000 0.000000
vt 0.000000 0.000000
vt 0.000000 0.000000
vt 0.000000 0.000000
vt 0.000000 0.000000
vt 0.000000 0.000000
vt 0.000000 0.000000
vt 0.000000 0.000000
vt 0.000000 0.000000
vt 0.000000 0.000000
vt 0.000000 0.000000
vt 0.000000 0.000000
vt 0.000000 0.000000
vt 0.000000 0.000000
vt 0.000000 0.000000
vt 0.000000 0.000000
vt 0.000000 0.000000
vt 0.000000 0.000000
vt 0.000000 0.000000
vt 0.000000 0.000000
vt 0.000000 0.000000
vt 0.000000 0.000000
vt 0.000000 0.000000
vt 0.000000 0.000000
vt 0.000000 0.000000
vt 0.000000 0.000000
vt 0.000000 0.000000
vt 0.000000 0.000000
vt 0.000000 0.000000
vt 0.000000 0.000000
vt 0.000000 0.000000
vt 0.000000 0.000000
vt 0.000000 0.000000
vt 0.000000 0.000000
vt 0.000000 0.000000
vt 0.000000 0.000000
vt 0.000000 0.000000
vt 0.000000 0.000000
vt 0.000000 0.000000
vt 0.000000 0.000000
vt 0.000000 0.000000
vt 0.000000 0.000000
vt 0.000000 0.000000
vt 0.000000 0.000000
vt 0.000000 0.000000
vt 0.000000 0.000000
vt 0.000000 0.000000
vt 0.000000 0.000000
vt 0.000000 0.000000
vt 0.000000 0.000000
vt 0.000000 0.000000
vt 0.000000 0.000000
vt 0.000000 0.000000
vt 0.000000 0.000000
vt 0.000000 0.000000
vt 0.000000 0.000000
vt 0.000000 0.000000
vt 0.000000 0.000000
vt 0.000000 0.000000
vt 0.000000 0.000000
vt 0.000000 0.000000
vt 0.000000 0.000000
vt 0.000000 0.000000
vt 0.000000 0.000000
vt 0.000000 0.000000
vt 0.000000 0.000000
vt 0.000000 0.000000
vt 0.000000 0.000000
vt 0.000000 0.000000
vt 0.000000 0.000000
vt 0.000000 0.000000
vt 0.000000 0.000000
vt 0.000000 0.000000
vt 0.000000 0.000000
vt 0.000000 0.000000
vt 0.000000 0.000000
vt 0.000000 0.000000
vt 0.000000 0.000000
vt 0.000000 0.000000
vt 0.000000 0.000000
vt 0.000000 0.000000
vt 0.000000 0.000000
vt 0.000000 0.000000
vt 0.000000 0.000000
vt 0.000000 0.000000
vt 0.000000 0.000000
vt 0.000000 0.000000
vt 0.000000 0.000000
vt 0.000000 0.000000
vt 0.000000 0.000000
vt 0.000000 0.000000
vt 0.000000 0.000000
vt 0.000000 0.000000
vt 0.000000 0.000000
vt 0.000000 0.000000
vt 0.000000 0.000000
vt 0.000000 0.000000
vt 0.000000 0.000000
vt 0.000000 0.000000
vt 0.000000 0.000000
vt 0.000000 0.000000
vt 0.000000 0.000000
vt 0.000000 0.000000
vt 0.000000 0.000000
vt 0.000000 0.000000
vt 0.000000 0.000000
vt 0.000000 0.000000
vt 0.000000 0.000000
vt 0.000000 0.000000
vt 0.000000 0.000000
vt 0.000000 0.000000
vt 0.000000 0.000000
vt 0.000000 0.000000
vt 0.000000 0.000000
vt 0.000000 0.000000
vt 0.000000 0.000000
vt 0.000000 0.000000
vt 0.000000 0.000000
vt 0.000000 0.000000
vt 0.000000 0.000000
vt 0.000000 0.000000
vt 0.000000 0.000000
vt 0.000000 0.000000
vt 0.000000 0.000000
vt 0.000000 0.000000
vt 0.000000 0.000000
vt 0.000000 0.000000
vt 0.000000 0.000000
vt 0.000000 0.000000
vt 0.000000 0.000000
vt 0.000000 0.000000
vt 0.000000 0.000000
vt 0.000000 0.000000
vt 0.000000 0.000000
vt 0.000000 0.000000
vt 0.000000 0.000000
vt 0.000000 0.000000
vt 0.000000 0.000000
vt 0.000000 0.000000
vt 0.000000 0.000000
vt 0.000000 0.000000
vt 0.000000 0.000000
vt 0.000000 0.000000
vt 0.000000 0.000000
vt 0.000000 0.000000
vt 0.000000 0.000000
vt 0.000000 0.000000
vt 0.000000 0.000000
vt 0.000000 0.000000
vt 0.000000 0.000000
vt 0.000000 0.000000
vt 0.000000 0.000000
vt 0.000000 0.000000
vt 0.000000 0.000000
vt 0.000000 0.000000
vt 0.000000 0.000000
vt 0.000000 0.000000
vt 0.000000 0.000000
vt 0.000000 0.000000
vt 0.000000 0.000000
vt 0.000000 0.000000
vt 0.000000 0.000000
vt 0.000000 0.000000
vt 0.000000 0.000000
vt 0.000000 0.000000
vt 0.000000 0.000000
vt 0.000000 0.000000
vt 0.000000 0.000000
vt 0.000000 0.000000
vt 0.000000 0.000000
vt 0.000000 0.000000
vt 0.000000 0.000000
vt 0.000000 0.000000
vt 0.000000 0.000000
vt 0.000000 0.000000
vt 0.000000 0.000000
vt 0.000000 0.000000
vt 0.000000 0.000000
vt 0.000000 0.000000
vt 0.000000 0.000000
vt 0.000000 0.000000
vt 0.000000 0.000000
vt 0.000000 0.000000
vt 0.000000 0.000000
vt 0.000000 0.000000
vt 0.000000 0.000000
vt 0.000000 0.000000
vt 0.000000 0.000000
vt 0.000000 0.000000
vt 0.000000 0.000000
vt 0.000000 0.000000
vt 0.000000 0.000000
vt 0.000000 0.000000
vt 0.000000 0.000000
vt 0.000000 0.000000
vt 0.000000 0.000000
vt 0.000000 0.000000
vt 0.000000 0.000000
vt 0.000000 0.000000
vt 0.000000 0.000000
vt 0.000000 0.000000
vt 0.000000 0.000000
vt 0.000000 0.000000
vt 0.000000 0.000000
vt 0.000000 0.000000
vt 0.000000 0.000000
vt 0.000000 0.000000
vt 0.000000 0.000000
vt 0.000000 0.000000
vt 0.000000 0.000000
vt 0.000000 0.000000
vt 0.000000 0.000000
vt 0.000000 0.000000
vt 0.000000 0.000000
vt 0.000000 0.000000
vt 0.000000 0.000000
vt 0.000000 0.000000
vt 0.000000 0.000000
vt 0.000000 0.000000
vt 0.000000 0.000000
vt 0.000000 0.000000
vt 0.000000 0.000000
vt 0.000000 0.000000
vt 0.000000 0.000000
vt 0.000000 0.000000
vt 0.000000 0.000000
vt 0.000000 0.000000
vt 0.000000 0.000000
vt 0.000000 0.000000
vt 0.000000 0.000000
vt 0.000000 0.000000
vt 0.000000 0.000000
vt 0.000000 0.000000
vt 0.000000 0.000000
vt 0.000000 0.000000
vt 0.000000 0.000000
vt 0.000000 0.000000
vt 0.000000 0.000000
vt 0.000000 0.000000
vt 0.000000 0.000000
vt 0.000000 0.000000
vt 0.000000 0.000000
vt 0.000000 0.000000
vt 0.000000 0.000000
vt 0.000000 0.000000
vt 0.000000 0.000000
vt 0.000000 0.000000
vt 0.000000 0.000000
vt 0.000000 0.000000
vt 0.000000 0.000000
vt 0.000000 0.000000
vt 0.000000 0.000000
vt 0.000000 0.000000
vt 0.000000 0.000000
vt 0.000000 0.000000
vt 0.000000 0.000000
vt 0.000000 0.000000
vt 0.000000 0.000000
vt 0.000000 0.000000
vt 0.000000 0.000000
vt 0.000000 0.000000
vt 0.000000 0.000000
vt 0.000000 0.000000
vt 0.000000 0.000000
vt 0.000000 0.000000
vt 0.000000 0.000000
vt 0.000000 0.000000
vt 0.000000 0.000000
vt 0.000000 0.000000
vt 0.000000 0.000000
vt 0.000000 0.000000
vt 0.000000 0.000000
vt 0.000000 0.000000
vt 0.000000 0.000000
vt 0.000000 0.000000
vt 0.000000 0.000000
vt 0.000000 0.000000
vt 0.000000 0.000000
vt 0.000000 0.000000
vt 0.000000 0.000000
vt 0.000000 0.000000
vt 0.000000 0.000000
vt 0.000000 0.000000
vt 0.000000 0.000000
vt 0.000000 0.000000
vt 0.000000 0.000000
vt 0.000000 0.000000
vt 0.000000 0.000000
vt 0.000000 0.000000
vt 0.000000 0.000000
vt 0.000000 0.000000
vt 0.000000 0.000000
vt 0.000000 0.000000
vt 0.000000 0.000000
vt 0.000000 0.000000
vt 0.000000 0.000000
vt 0.000000 0.000000
vt 0.000000 0.000000
vt 0.000000 0.000000
vt 0.000000 0.000000
vt 0.000000 0.000000
vt 0.000000 0.000000
vt 0.000000 0.000000
vt 0.000000 0.000000
vt 0.000000 0.000000
vt 0.000000 0.000000
vt 0.000000 0.000000
vt 0.000000 0.000000
vt 0.000000 0.000000
vt 0.000000 0.000000
vt 0.000000 0.000000
vt 0.000000 0.000000
vt 0.000000 0.000000
vt 0.000000 0.000000
vt 0.000000 0.000000
vt 0.000000 0.000000
vt 0.000000 0.000000
vt 0.000000 0.000000
vt 0.000000 0.000000
vt 0.000000 0.000000
vt 0.000000 0.000000
vt 0.000000 0.000000
vt 0.000000 0.000000
vt 0.000000 0.000000
vt 0.000000 0.000000
vt 0.000000 0.000000
vt 0.000000 0.000000
vt 0.000000 0.000000
vt 0.000000 0.000000
vt 0.000000 0.000000
vt 0.000000 0.000000
vt 0.000000 0.000000
vt 0.000000 0.000000
vt 0.000000 0.000000
vt 0.000000 0.000000
vt 0.000000 0.000000
vt 0.000000 0.000000
vt 0.000000 0.000000
vt 0.000000 0.000000
vt 0.000000 0.000000
vt 0.000000 0.000000
vt 0.000000 0.000000
vt 0.000000 0.000000
vt 0.000000 0.000000
vt 0.000000 0.000000
vt 0.000000 0.000000
vt 0.000000 0.000000
vt 0.000000 0.000000
vt 0.000000 0.000000
vt 0.000000 0.000000
vt 0.000000 0.000000
vt 0.000000 0.000000
vt 0.000000 0.000000
vt 0.000000 0.000000
vt 0.000000 0.000000
vt 0.000000 0.000000
vt 0.000000 0.000000
vt 0.000000 0.000000
vt 0.000000 0.000000
vt 0.000000 0.000000
vt 0.000000 0.000000
vt 0.000000 0.000000
vt 0.000000 0.000000
vt 0.000000 0.000000
vt 0.000000 0.000000
vt 0.000000 0.000000
vt 0.000000 0.000000
vt 0.000000 0.000000
vt 0.000000 0.000000
vt 0.000000 0.000000
vt 0.000000 0.000000
vt 0.000000 0.000000
vt 0.000000 0.000000
vt 0.000000 0.000000
vt 0.000000 0.000000
vt 0.000000 0.000000
vt 0.000000 0.000000
vt 0.000000 0.000000
vt 0.000000 0.000000
vt 0.000000 0.000000
vt 0.000000 0.000000
vt 0.000000 0.000000
vt 0.000000 0.000000
vt 0.000000 0.000000
vt 0.000000 0.000000
vt 0.000000 0.000000
vt 0.000000 0.000000
vt 0.000000 0.000000
vt 0.000000 0.000000
vt 0.000000 0.000000
vt 0.000000 0.000000
vt 0.000000 0.000000
vt 0.000000 0.000000
vt 0.000000 0.000000
vt 0.000000 0.000000
vt 0.000000 0.000000
vt 0.000000 0.000000
vt 0.000000 0.000000
vt 0.000000 0.000000
vt 0.000000 0.000000
vt 0.000000 0.000000
vt 0.000000 0.000000
vt 0.000000 0.000000
vt 0.000000 0.000000
vt 0.000000 0.000000
vt 0.000000 0.000000
vt 0.000000 0.000000
vt 0.000000 0.000000
vt 0.000000 0.000000
vt 0.000000 0.000000
vt 0.000000 0.000000
vt 0.000000 0.000000
vt 0.000000 0.000000
vt 0.000000 0.000000
vt 0.000000 0.000000
vt 0.000000 0.000000
vt 0.000000 0.000000
vt 0.000000 0.000000
vt 0.000000 0.000000
vt 0.000000 0.000000
vt 0.000000 0.000000
vt 0.000000 0.000000
vt 0.000000 0.000000
vt 0.000000 0.000000
vt 0.000000 0.000000
vt 0.000000 0.000000
vt 0.000000 0.000000
vt 0.000000 0.000000
vt 0.000000 0.000000
vt 0.000000 0.000000
vt 0.000000 0.000000
vt 0.000000 0.000000
vt 0.000000 0.000000
vt 0.000000 0.000000
vt 0.000000 0.000000
vt 0.000000 0.000000
vt 0.000000 0.000000
vt 0.000000 0.000000
vt 0.000000 0.000000
vt 0.000000 0.000000
vt 0.000000 0.000000
vt 0.000000 0.000000
vt 0.000000 0.000000
vt 0.000000 0.000000
vt 0.000000 0.000000
vt 0.000000 0.000000
vt 0.000000 0.000000
vt 0.000000 0.000000
vt 0.000000 0.000000
vt 0.000000 0.000000
vt 0.000000 0.000000
vt 0.000000 0.000000
vt 0.000000 0.000000
vt 0.000000 0.000000
vt 0.000000 0.000000
vt 0.000000 0.000000
vt 0.000000 0.000000
vt 0.000000 0.000000
vt 0.000000 0.000000
vt 0.000000 0.000000
vt 0.000000 0.000000
vt 0.000000 0.000000
vt 0.000000 0.000000
vt 0.000000 0.000000
vt 0.000000 0.000000
vt 0.000000 0.000000
vt 0.000000 0.000000
vt 0.000000 0.000000
vt 0.000000 0.000000
vt 0.000000 0.000000
vt 0.000000 0.000000
vt 0.000000 0.000000
vt 0.000000 0.000000
vt 0.000000 0.000000
vt 0.000000 0.000000
vt 0.000000 0.000000
vt 0.000000 0.000000
vt 0.000000 0.000000
vt 0.000000 0.000000
vt 0.000000 0.000000
vt 0.000000 0.000000
vt 0.000000 0.000000
vt 0.000000 0.000000
vt 0.000000 0.000000
vt 0.000000 0.000000
vt 0.000000 0.000000
vt 0.000000 0.000000
vt 0.000000 0.000000
vt 0.000000 0.000000
vt 0.000000 0.000000
vt 0.000000 0.000000
vt 0.000000 0.000000
vt 0.000000 0.000000
vt 0.000000 0.000000
vt 0.000000 0.000000
vt 0.000000 0.000000
vt 0.000000 0.000000
vt 0.000000 0.000000
vt 0.000000 0.000000
vt 0.000000 0.000000
vt 0.000000 0.000000
vt 0.000000 0.000000
vt 0.000000 0.000000
vt 0.000000 0.000000
vt 0.000000 0.000000
vt 0.000000 0.000000
vt 0.000000 0.000000
vt 0.000000 0.000000
vt 0.000000 0.000000
vt 0.000000 0.000000
vt 0.000000 0.000000
vt 0.000000 0.000000
vt 0.000000 0.000000
vt 0.000000 0.000000
vt 0.000000 0.000000
vt 0.000000 0.000000
vt 0.000000 0.000000
vt 0.000000 0.000000
vt 0.000000 0.000000
vt 0.000000 0.000000
vt 0.000000 0.000000
vt 0.000000 0.000000
vt 0.000000 0.000000
vt 0.000000 0.000000
vt 0.000000 0.000000
vt 0.000000 0.000000
vt 0.000000 0.000000
vt 0.000000 0.000000
vt 0.000000 0.000000
vt 0.000000 0.000000
vt 0.000000 0.000000
vt 0.000000 0.000000
vt 0.000000 0.000000
vt 0.000000 0.000000
vt 0.000000 0.000000
vt 0.000000 0.000000
vt 0.000000 0.000000
vt 0.000000 0.000000
vt 0.000000 0.000000
vt 0.000000 0.000000
vt 0.000000 0.000000
vt 0.000000 0.000000
vt 0.000000 0.000000
vt 0.000000 0.000000
vt 0.000000 0.000000
vt 0.000000 0.000000
vt 0.000000 0.000000
vt 0.000000 0.000000
vt 0.000000 0.000000
vt 0.000000 0.000000
vt 0.000000 0.000000
vt 0.000000 0.000000
vt 0.000000 0.000000
vt 0.000000 0.000000
vt 0.000000 0.000000
vt 0.000000 0.000000
vt 0.000000 0.000000
vt 0.000000 0.000000
vt 0.000000 0.000000
vt 0.000000 0.000000
vt 0.000000 0.000000
vt 0.000000 0.000000
vt 0.000000 0.000000
vt 0.000000 0.000000
vt 0.000000 0.000000
vt 0.000000 0.000000
vt 0.000000 0.000000
vt 0.000000 0.000000
vt 0.000000 0.000000
vt 0.000000 0.000000
vt 0.000000 0.000000
vt 0.000000 0.000000
vt 0.000000 0.000000
vt 0.000000 0.000000
vt 0.000000 0.000000
vt 0.000000 0.000000
vt 0.000000 0.000000
vt 0.000000 0.000000
vt 0.000000 0.000000
vt 0.000000 0.000000
vt 0.000000 0.000000
vt 0.000000 0.000000
vt 0.000000 0.000000
vt 0.000000 0.000000
vt 0.000000 0.000000
vt 0.000000 0.000000
vt 0.000000 0.000000
vt 0.000000 0.000000
vt 0.000000 0.000000
vt 0.000000 0.000000
vt 0.000000 0.000000
vt 0.000000 0.000000
vt 0.000000 0.000000
vt 0.000000 0.000000
vt 0.000000 0.000000
vt 0.000000 0.000000
vt 0.000000 0.000000
vt 0.000000 0.000000
vt 0.000000 0.000000
vt 0.000000 0.000000
vt 0.000000 0.000000
vt 0.000000 0.000000
vt 0.000000 0.000000
vt 0.000000 0.000000
vt 0.000000 0.000000
vt 0.000000 0.000000
vt 0.000000 0.000000
vt 0.000000 0.000000
vt 0.000000 0.000000
vt 0.000000 0.000000
vt 0.000000 0.000000
vt 0.000000 0.000000
vt 0.000000 0.000000
vt 0.000000 0.000000
vt 0.000000 0.000000
vt 0.000000 0.000000
vt 0.000000 0.000000
vt 0.000000 0.000000
vt 0.000000 0.000000
vt 0.000000 0.000000
vt 0.000000 0.000000
vt 0.000000 0.000000
vt 0.000000 0.000000
vt 0.000000 0.000000
vt 0.000000 0.000000
vt 0.000000 0.000000
vt 0.000000 0.000000
vt 0.000000 0.000000
vt 0.000000 0.000000
vt 0.000000 0.000000
vt 0.000000 0.000000
vt 0.000000 0.000000
vt 0.000000 0.000000
vt 0.000000 0.000000
vn -1.000000 0.000000 0.000000
vn -1.000000 0.000000 0.000000
vn -1.000000 0.000000 0.000000
vn -1.000000 0.000000 0.000000
vn -1.000000 0.000000 0.000000
vn -1.000000 0.000000 0.000000
vn -1.000000 0.000000 0.000000
vn -1.000000 0.000000 0.000000
vn -1.000000 0.000000 0.000000
vn -1.000000 0.000000 0.000000
vn -1.000000 0.000000 0.000000
vn -1.000000 0.000000 0.000000
vn -1.000000 0.000000 0.000000
vn -1.000000 0.000000 0.000000
vn -1.000000 0.000000 0.000000
vn -1.000000 0.000000 0.000000
vn -1.000000 0.000000 0.000000
vn -1.000000 0.000000 0.000000
vn -1.000000 0.000000 0.000000
vn -1.000000 0.000000 0.000000
vn -1.000000 0.000000 0.000000
vn -1.000000 0.000000 0.000000
vn -1.000000 0.000000 0.000000
vn -1.000000 0.000000 0.000000
vn -1.000000 0.000000 0.000000
vn -1.000000 0.000000 0.000000
vn -1.000000 0.000000 0.000000
vn -1.000000 0.000000 0.000000
vn -1.000000 0.000000 0.000000
vn -1.000000 0.000000 0.000000
vn -1.000000 0.000000 0.000000
vn -1.000000 0.000000 0.000000
vn -1.000000 0.000000 0.000000
vn 0.000000 0.000000 1.000000
vn 0.000000 0.000000 1.000000
vn 0.000000 0.000000 1.000000
vn 1.000000 0.000000 0.000000
vn 1.000000 0.000000 0.000000
vn 1.000000 0.000000 0.000000
vn 1.000000 0.000000 0.000000
vn 1.000000 0.000000 0.000000
vn 1.000000 0.000000 0.000000
vn 1.000000 0.000000 0.000000
vn 1.000000 0.000000 0.000000
vn 1.000000 0.000000 0.000000
vn 1.000000 0.000000 0.000000
vn 1.000000 0.000000 0.000000
vn 1.000000 0.000000 0.000000
vn 1.000000 0.000000 0.000000
vn 1.000000 0.000000 0.000000
vn 1.000000 0.000000 0.000000
vn 1.000000 0.000000 0.000000
vn 1.000000 0.000000 0.000000
vn 1.000000 0.000000 0.000000
vn 1.000000 0.000000 0.000000
vn 1.000000 0.000000 0.000000
vn 1.000000 0.000000 0.000000
vn 1.000000 0.000000 0.000000
vn 1.000000 0.000000 0.000000
vn 1.000000 0.000000 0.000000
vn 1.000000 0.000000 0.000000
vn 1.000000 0.000000 0.000000
vn 1.000000 0.000000 0.000000
vn 0.000000 0.000000 -1.000000
vn 0.000000 0.000000 -1.000000
vn 0.000000 0.000000 -1.000000
vn 0.000000 0.000000 -1.000000
vn 0.000000 0.000000 -1.000000
vn 0.000000 0.000000 -1.000000
vn 0.000000 0.000000 -1.000000
vn 0.000000 0.000000 -1.000000
vn 0.000000 0.000000 -1.000000
vn 0.000000 0.000000 -1.000000
vn 0.000000 0.000000 -1.000000
vn 0.000000 0.000000 -1.000000
vn 0.000000 0.000000 -1.000000
vn 0.000000 0.000000 -1.000000
vn 0.000000 0.000000 -1.000000
vn 0.000000 0.000000 -1.000000
vn 0.000000 0.000000 -1.000000
vn 0.000000 0.000000 -1.000000
vn 0.000000 0.000000 -1.000000
vn 0.000000 0.000000 -1.000000
vn 0.000000 0.000000 -1.000000
vn 0.000000 0.000000 -1.000000
vn 0.000000 0.000000 -1.000000
vn 0.000000 0.000000 -1.000000
vn 0.000000 0.000000 -1.000000
vn 0.000000 0.000000 -1.000000
vn 0.000000 0.000000 -1.000000
vn 0.000000 0.000000 -1.000000
vn 0.000000 0.000000 -1.000000
vn 0.000000 0.000000 -1.000000
vn 0.000000 0.000000 -1.000000
vn 0.000000 0.000000 -1.000000
vn 0.000000 0.000000 -1.000000
vn 0.000000 0.000000 -1.000000
vn 0.000000 0.000000 -1.000000
vn 0.000000 0.000000 -1.000000
vn 0.000000 0.000000 -1.000000
vn 0.000000 0.000000 -1.000000
vn 0.000000 0.000000 -1.000000
vn 0.000000 0.000000 -1.000000
vn 0.000000 0.000000 -1.000000
vn 0.000000 0.000000 -1.000000
vn 0.000000 0.000000 -1.000000
vn 0.000000 0.000000 -1.000000
vn 0.000000 0.000000 -1.000000
vn 0.000000 0.000000 -1.000000
vn 0.000000 0.000000 -1.000000
vn 0.000000 0.000000 -1.000000
vn 0.000000 0.000000 -1.000000
vn 0.000000 0.000000 -1.000000
vn 0.000000 0.000000 -1.000000
vn 0.000000 0.000000 -1.000000
vn 0.000000 0.000000 -1.000000
vn 0.000000 0.000000 -1.000000
vn 0.000000 0.000000 -1.000000
vn 0.000000 0.000000 -1.000000
vn 0.000000 0.000000 -1.000000
vn 0.000000 0.000000 -1.000000
vn 0.000000 0.000000 -1.000000
vn 0.000000 0.000000 -1.000000
vn 1.000000 0.000038 0.000634
vn 1.000000 0.000038 0.000634
vn 1.000000 0.000038 0.000634
vn 1.000000 0.000038 0.000634
vn 1.000000 0.000038 0.000634
vn 1.000000 0.000038 0.000634
vn -0.000000 0.946712 0.322081
vn -0.000000 0.758690 0.651452
vn 0.000007 0.997409 0.071944
vn -0.000000 0.946712 0.322081
vn 0.000007 0.997409 0.071944
vn 0.000000 0.997409 0.071944
vn 0.000000 1.000000 0.000000
vn 0.000000 1.000000 0.000000
vn 0.000000 0.946712 0.322081
vn 0.000000 1.000000 0.000000
vn 0.000000 0.946712 0.322081
vn -0.000000 0.946712 0.322081
vn 0.000000 0.946712 0.322081
vn -0.000000 0.946712 0.322081
vn -0.000000 0.946712 0.322081
vn 0.000000 0.946712 0.322081
vn -0.000000 0.946712 0.322081
vn 0.000000 0.946712 0.322081
vn 0.000027 0.398066 0.917357
vn 0.000008 0.089530 0.995984
vn -0.000001 0.089550 0.995982
vn 0.000027 0.398066 0.917357
vn -0.000001 0.089550 0.995982
vn 0.000007 0.398147 0.917322
vn -0.000000 0.946712 0.322081
vn 0.000000 0.946712 0.322081
vn 0.000000 1.000000 0.000000
vn -0.000000 0.946712 0.322081
vn 0.000000 1.000000 0.000000
vn 0.000000 1.000000 0.000000
vn -0.000000 0.792528 0.609835
vn 0.000000 0.946712 0.322081
vn 0.000000 0.946712 0.322081
vn -0.000000 0.792528 0.609835
vn 0.000000 0.946712 0.322081
vn -0.000000 0.792528 0.609835
vn 0.000000 1.000000 0.000000
vn 0.000000 1.000000 0.000000
vn 0.000061 0.946683 0.322167
vn 0.000000 1.000000 0.000000
vn 0.000061 0.946683 0.322167
vn 0.000000 0.946712 0.322081
vn 0.000000 1.000000 0.000000
vn 0.000000 0.946712 0.322081
vn 0.000000 1.000000 0.000000
vn 0.000000 0.137444 0.990510
vn 0.000000 0.137444 0.990510
vn 0.000000 0.137444 0.990510
vn 0.000000 0.137444 0.990510
vn 0.000000 0.137444 0.990510
vn 0.000000 0.137444 0.990510
vn 0.000000 0.137444 0.990510
vn 0.000000 0.137444 0.990510
vn 0.000000 0.137444 0.990510
vn 0.000000 0.137444 0.990510
vn 0.000000 0.137444 0.990510
vn 0.000000 0.137444 0.990510
vn 0.000000 0.137444 0.990510
vn 0.000000 0.137444 0.990510
vn 0.000000 0.137444 0.990510
vn 0.000000 0.137444 0.990510
vn 0.000000 0.137444 0.990510
vn 0.000000 0.137444 0.990510
vn 0.000000 0.137444 0.990510
vn 0.000000 0.137444 0.990510
vn 0.000000 0.137444 0.990510
vn 0.000000 0.137444 0.990510
vn 0.000000 0.137444 0.990510
vn 0.000000 0.137444 0.990510
vn 0.000000 0.137444 0.990510
vn 0.000000 0.137444 0.990510
vn 0.000000 0.137444 0.990510
vn 0.000000 0.137444 0.990510
vn 0.000000 0.137444 0.990510
vn 0.000000 0.137444 0.990510
vn 0.000000 0.137444 0.990510
vn 0.000000 0.137444 0.990510
vn 0.000000 0.137444 0.990510
vn 0.000000 0.981555 0.191180
vn 0.458577 0.857988 0.231436
vn 0.493241 0.862350 -0.114306
vn 0.000000 0.981555 0.191180
vn 0.493241 0.862350 -0.114306
vn 0.000000 0.990914 -0.134499
vn 0.000000 0.214440 0.976737
vn 0.000000 0.214440 0.976737
vn 0.000000 0.000000 1.000000
vn 0.000000 0.214440 0.976737
vn 0.000000 0.000000 1.000000
vn 0.000000 0.000000 1.000000
vn 1.000000 -0.000000 -0.000000
vn 0.978289 0.124372 -0.165777
vn 0.966594 0.246500 -0.070235
vn -0.963468 0.265708 -0.033598
vn -0.937196 0.289166 0.195053
vn -0.458577 0.857989 0.231436
vn -0.963468 0.265708 -0.033598
vn -0.458577 0.857989 0.231436
vn -0.493241 0.862350 -0.114306
vn 0.000000 -0.903840 0.427870
vn 0.000000 -0.903840 0.427870
vn 0.470242 -0.721135 0.508760
vn 0.000000 -0.903840 0.427870
vn 0.470242 -0.721135 0.508760
vn -0.470242 -0.721135 0.508760
vn -0.940649 -0.200920 0.273516
vn -0.985773 -0.091160 0.141214
vn -0.907575 -0.227728 0.352770
vn -0.940649 -0.200920 0.273516
vn -0.907575 -0.227728 0.352770
vn -0.470242 -0.721135 0.508760
vn -0.907575 -0.227728 0.352770
vn -0.985773 -0.091160 0.141214
vn -0.967975 0.000000 0.251048
vn -0.907575 -0.227728 0.352770
vn -0.967975 0.000000 0.251048
vn -0.873949 0.000000 0.486017
vn 0.000000 0.214440 0.976737
vn 0.000012 0.792540 0.609820
vn 0.000007 0.758697 0.651444
vn 0.000000 0.214440 0.976737
vn -0.000000 0.758690 0.651452
vn -0.000000 0.792528 0.609835
vn 0.967975 0.000000 0.251048
vn 0.985773 -0.091160 0.141214
vn 0.907575 -0.227728 0.352770
vn 0.967975 0.000000 0.251048
vn 0.907575 -0.227728 0.352770
vn 0.873950 0.000000 0.486017
vn 0.907575 -0.227728 0.352770
vn 0.985773 -0.091160 0.141214
vn 0.940649 -0.200919 0.273516
vn 0.907575 -0.227728 0.352770
vn 0.940649 -0.200919 0.273516
vn 0.470242 -0.721135 0.508760
vn 0.493241 0.862350 -0.114306
vn 0.458577 0.857988 0.231436
vn 0.937196 0.289166 0.195053
vn 0.493241 0.862350 -0.114306
vn 0.937196 0.289166 0.195053
vn 0.963468 0.265708 -0.033598
vn -0.985773 -0.091160 0.141214
vn -0.940649 -0.200920 0.273516
vn -0.937196 0.289166 0.195053
vn -0.985773 -0.091160 0.141214
vn -0.937196 0.289166 0.195053
vn -0.963468 0.265708 -0.033598
vn -1.000000 0.000000 0.000000
vn -1.000000 0.000000 0.000000
vn -0.967975 0.000000 0.251048
vn -1.000000 0.000000 0.000000
vn -0.967975 0.000000 0.251048
vn -0.985773 -0.091160 0.141214
vn -1.000000 0.000000 0.000000
vn -0.985773 -0.091160 0.141214
vn -1.000000 0.000000 0.000000
vn 0.000000 0.000000 -1.000000
vn 0.000000 0.000000 -1.000000
vn 0.000000 0.000000 -1.000000
vn 0.000000 0.000000 -1.000000
vn 0.000000 0.000000 -1.000000
vn 0.000000 0.000000 -1.000000
vn 1.000000 -0.000000 0.000000
vn 0.985773 -0.091160 0.141214
vn 0.967975 0.000000 0.251048
vn 1.000000 -0.000000 0.000000
vn 0.967975 0.000000 0.251048
vn 1.000000 -0.000000 -0.000000
vn -0.909936 0.248900 -0.331761
vn -0.867261 0.000000 -0.497855
vn -0.966245 0.000000 -0.257623
vn -0.909936 0.248900 -0.331761
vn -0.966245 0.000000 -0.257623
vn -0.978289 0.124372 -0.165777
vn 0.978289 0.124372 -0.165777
vn 0.966245 -0.000000 -0.257624
vn 0.867260 0.000000 -0.497856
vn 0.978289 0.124372 -0.165777
vn 0.867260 0.000000 -0.497856
vn 0.909935 0.248900 -0.331762
vn 0.000000 0.946712 0.322081
vn -0.000000 0.792528 0.609836
vn -0.000000 0.946712 0.322081
vn 0.000000 0.946712 0.322081
vn 0.000061 0.946683 0.322167
vn 0.000115 0.792417 0.609980
vn -0.940649 -0.200920 0.273516
vn -0.882853 -0.168707 0.438302
vn -0.880367 0.287294 0.377381
vn -0.940649 -0.200920 0.273516
vn -0.880367 0.287294 0.377381
vn -0.937196 0.289166 0.195053
vn 0.882853 -0.168707 0.438302
vn 0.940649 -0.200919 0.273516
vn 0.937196 0.289166 0.195053
vn 0.882853 -0.168707 0.438302
vn 0.937196 0.289166 0.195053
vn 0.880367 0.287293 0.377380
vn 0.470242 -0.721135 0.508760
vn 0.940649 -0.200919 0.273516
vn 0.882853 -0.168707 0.438302
vn 0.470242 -0.721135 0.508760
vn 0.882853 -0.168707 0.438302
vn 0.420808 -0.646281 0.636586
vn -0.940649 -0.200920 0.273516
vn -0.470242 -0.721135 0.508760
vn -0.420807 -0.646281 0.636586
vn -0.940649 -0.200920 0.273516
vn -0.420807 -0.646281 0.636586
vn -0.882853 -0.168707 0.438302
vn -0.470242 -0.721135 0.508760
vn 0.470242 -0.721135 0.508760
vn 0.420808 -0.646281 0.636586
vn -0.470242 -0.721135 0.508760
vn 0.420808 -0.646281 0.636586
vn -0.420807 -0.646281 0.636586
vn 0.937196 0.289166 0.195053
vn 0.458577 0.857988 0.231436
vn 0.415267 0.798214 0.436357
vn 0.937196 0.289166 0.195053
vn 0.415267 0.798214 0.436357
vn 0.880367 0.287293 0.377380
vn 0.000000 0.981555 0.191180
vn -0.458577 0.857989 0.231436
vn -0.415267 0.798214 0.436358
vn 0.000000 0.981555 0.191180
vn -0.415267 0.798214 0.436358
vn 0.000000 0.929566 0.368655
vn -0.458577 0.857989 0.231436
vn -0.937196 0.289166 0.195053
vn -0.880367 0.287294 0.377381
vn -0.458577 0.857989 0.231436
vn -0.880367 0.287294 0.377381
vn -0.415267 0.798214 0.436358
vn 0.940649 -0.200919 0.273516
vn 0.985773 -0.091160 0.141214
vn 0.963468 0.265708 -0.033598
vn 0.940649 -0.200919 0.273516
vn 0.963468 0.265708 -0.033598
vn 0.937196 0.289166 0.195053
vn 0.966594 0.246500 -0.070235
vn 0.978289 0.124372 -0.165777
vn 0.909935 0.248900 -0.331762
vn 0.966594 0.246500 -0.070235
vn 0.909935 0.248900 -0.331762
vn 0.868610 0.476531 -0.135778
vn -0.499162 0.833435 -0.237115
vn -0.493241 0.862350 -0.114306
vn 0.000000 0.990914 -0.134499
vn -0.499162 0.833435 -0.237115
vn 0.000000 0.990914 -0.134499
vn 0.000000 0.961885 -0.273453
vn -0.868609 0.476531 -0.135778
vn -0.909936 0.248900 -0.331761
vn -0.978289 0.124372 -0.165777
vn -0.868609 0.476531 -0.135778
vn -0.978289 0.124372 -0.165777
vn -0.966595 0.246500 -0.070235
vn -0.966595 0.246500 -0.070235
vn -0.978289 0.124372 -0.165777
vn -1.000000 0.000000 0.000000
vn 0.000000 0.961885 -0.273453
vn 0.000000 0.961885 -0.273453
vn 0.000000 0.961885 -0.273453
vn 0.000000 0.961885 -0.273453
vn 0.000000 0.961885 -0.273453
vn 0.000000 0.961885 -0.273453
vn 0.000000 0.000000 -1.000000
vn 0.000000 0.000000 -1.000000
vn 0.000000 0.000000 -1.000000
vn 0.000000 0.000000 -1.000000
vn 0.000000 0.000000 -1.000000
vn 0.000000 0.000000 -1.000000
vn 0.000000 1.000000 0.000000
vn 0.000000 0.946712 0.322081
vn -0.000000 0.946712 0.322081
vn 0.000000 1.000000 0.000000
vn -0.000000 0.946712 0.322081
vn 0.000000 1.000000 0.000000
vn 0.000000 1.000000 0.000000
vn 0.000000 1.000000 0.000000
vn 0.000000 1.000000 0.000000
vn -0.987112 0.153934 -0.043762
vn -0.987112 0.153934 -0.043762
vn -0.987112 0.153934 -0.043762
vn 0.981818 0.156007 -0.108143
vn 0.985344 0.156558 -0.067722
vn 0.989795 0.103170 -0.098298
vn 0.993410 0.016201 -0.113464
vn 0.987328 0.100874 -0.122509
vn 0.989795 0.103170 -0.098298
vn 0.000000 1.000000 0.000000
vn 0.000000 1.000000 0.000000
vn 0.000000 1.000000 0.000000
vn -0.000000 0.967093 -0.254424
vn 0.000000 0.812926 -0.582367
vn 0.000000 0.812926 -0.582367
vn -0.000000 0.967093 -0.254424
vn 0.000000 0.812926 -0.582367
vn 0.000000 0.967093 -0.254424
vn 0.000000 1.000000 0.000000
vn 0.000000 1.000000 0.000000
vn 0.000000 1.000000 0.000000
vn 0.000000 0.166848 -0.985983
vn 0.000000 0.000000 -1.000000
vn 0.000000 0.000000 -1.000000
vn 0.000000 0.166848 -0.985983
vn 0.000000 0.000000 -1.000000
vn 0.000000 0.166848 -0.985983
vn -0.987328 0.100874 -0.122509
vn -0.993410 0.016201 -0.113464
vn -0.989795 0.103170 -0.098298
vn 0.000000 1.000000 0.000000
vn 0.000000 1.000000 0.000000
vn 0.000000 1.000000 0.000000
vn 0.000000 1.000000 0.000000
vn 0.000000 1.000000 0.000000
vn 0.000000 1.000000 0.000000
vn 0.000000 0.990914 -0.134499
vn -0.493241 0.862350 -0.114306
vn -0.458577 0.857989 0.231436
vn 0.000000 0.990914 -0.134499
vn -0.458577 0.857989 0.231436
vn 0.000000 0.981555 0.191180
vn 0.000000 0.981555 0.191180
vn 0.000000 0.981555 0.191180
vn -0.000000 0.997421 -0.071775
vn 0.000000 0.981555 0.191180
vn -0.000000 0.997421 -0.071775
vn -0.000000 0.999956 -0.009394
vn 0.000000 0.000000 -1.000000
vn 0.000000 0.000000 -1.000000
vn 0.000000 0.000000 -1.000000
vn 0.000000 0.000000 -1.000000
vn 0.000000 0.000000 -1.000000
vn 0.000000 0.000000 -1.000000
vn 0.000000 1.000000 0.000000
vn 0.000000 1.000000 0.000000
vn 0.000000 1.000000 0.000000
vn 0.000000 1.000000 0.000000
vn 0.000000 1.000000 0.000000
vn 0.000000 1.000000 0.000000
vn 0.000000 0.961885 -0.273454
vn -0.000000 0.997421 -0.071775
vn 0.000000 0.990914 -0.134499
vn 0.000000 0.961885 -0.273454
vn 0.000000 0.990914 -0.134499
vn 0.000000 0.961885 -0.273454
vn 0.000000 0.990914 -0.134499
vn -0.000000 0.997421 -0.071775
vn 0.000000 0.981555 0.191180
vn 0.000000 0.990914 -0.134499
vn 0.000000 0.981555 0.191180
vn 0.000000 0.981555 0.191180
vn 0.000000 0.929566 0.368655
vn 0.415267 0.798214 0.436357
vn 0.458577 0.857988 0.231436
vn 0.000000 0.929566 0.368655
vn 0.458577 0.857988 0.231436
vn 0.000000 0.981555 0.191180
vn 0.000000 0.929566 0.368655
vn 0.000000 0.929566 0.368655
vn 0.000000 0.981555 0.191180
vn 0.000000 0.929566 0.368655
vn 0.000000 0.981555 0.191180
vn 0.000000 0.981555 0.191180
vn 0.000000 0.929566 0.368655
vn 0.000000 0.929566 0.368655
vn 0.000000 0.981555 0.191180
vn 0.000000 0.929566 0.368655
vn 0.000000 0.981555 0.191180
vn 0.000000 0.981555 0.191180
vn 0.000000 0.929566 0.368655
vn 0.000000 0.929566 0.368655
vn 0.000000 0.981555 0.191180
vn 0.000000 0.929566 0.368655
vn 0.000000 0.981555 0.191180
vn 0.000000 0.981555 0.191180
vn 0.000000 0.981555 0.191180
vn 0.000000 0.981555 0.191180
vn 0.000000 0.997421 -0.071775
vn 0.000000 0.981555 0.191180
vn 0.000000 0.997421 -0.071775
vn 0.000000 0.990914 -0.134499
vn 0.000000 0.961885 -0.273453
vn 0.000000 0.961885 -0.273453
vn 0.000000 0.961885 -0.273453
vn 0.000000 0.961885 -0.273453
vn 0.000000 0.961885 -0.273453
vn 0.000000 0.961885 -0.273453
vn 0.000000 0.000000 -1.000000
vn 0.000000 0.000000 -1.000000
vn 0.000000 0.000000 -1.000000
vn 0.000000 0.000000 -1.000000
vn 0.000000 0.000000 -1.000000
vn 0.000000 0.000000 -1.000000
vn 0.000000 1.000000 0.000000
vn 0.000000 1.000000 0.000000
vn 0.000000 1.000000 0.000000
vn 0.000000 1.000000 0.000000
vn 0.000000 1.000000 0.000000
vn 0.000000 1.000000 0.000000
vn 0.000000 1.000000 0.000000
vn 0.000000 1.000000 0.000000
vn 0.000000 1.000000 0.000000
vn 0.000000 1.000000 0.000000
vn 0.000000 1.000000 0.000000
vn 0.000000 1.000000 0.000000
vn 0.000000 0.166848 -0.985983
vn 0.000000 0.544395 -0.838829
vn 0.000000 0.544395 -0.838829
vn 0.000000 0.166848 -0.985983
vn 0.000000 0.544395 -0.838829
vn 0.000000 0.166848 -0.985983
vn 0.000000 0.999663 -0.025951
vn 0.000000 0.997421 -0.071775
vn -0.000000 0.999956 -0.009394
vn 0.000000 0.999663 -0.025951
vn -0.000000 0.999956 -0.009394
vn -0.000000 0.999663 -0.025951
vn -0.000000 0.999956 -0.009394
vn 0.000000 0.997421 -0.071775
vn 0.000000 0.981555 0.191180
vn -0.000000 0.999956 -0.009394
vn 0.000000 0.981555 0.191180
vn 0.000000 0.981555 0.191180
vn 0.000000 0.981555 0.191180
vn 0.000000 0.981555 0.191180
vn 0.000000 0.929566 0.368655
vn 0.000000 0.981555 0.191180
vn 0.000000 0.929566 0.368655
vn 0.000000 0.929566 0.368655
vn 0.499162 0.833435 -0.237115
vn 0.493241 0.862350 -0.114306
vn 0.963468 0.265708 -0.033598
vn 0.499162 0.833435 -0.237115
vn 0.963468 0.265708 -0.033598
vn 0.965675 0.249810 -0.071178
vn 0.000000 0.961885 -0.273454
vn 0.000000 0.990914 -0.134499
vn 0.493241 0.862350 -0.114306
vn 0.000000 0.961885 -0.273454
vn 0.493241 0.862350 -0.114306
vn 0.499162 0.833435 -0.237115
vn 0.000000 0.961885 -0.273453
vn 0.000000 0.961885 -0.273453
vn 0.000000 0.961885 -0.273453
vn 0.000000 0.961885 -0.273453
vn 0.000000 0.961885 -0.273453
vn 0.000000 0.961885 -0.273453
vn 0.987111 0.153935 -0.043762
vn 0.987111 0.153935 -0.043762
vn 0.987111 0.153935 -0.043762
vn -0.000000 0.999663 -0.025951
vn -0.000000 0.999956 -0.009394
vn -0.000000 0.997421 -0.071775
vn -0.000000 0.999663 -0.025951
vn -0.000000 0.997421 -0.071775
vn -0.000000 0.999663 -0.025951
vn -0.989795 0.103170 -0.098298
vn -0.985344 0.156558 -0.067722
vn -0.981818 0.156007 -0.108143
vn -0.965675 0.249810 -0.071178
vn -0.963468 0.265708 -0.033598
vn -0.493241 0.862350 -0.114306
vn -0.965675 0.249810 -0.071178
vn -0.493241 0.862350 -0.114306
vn -0.499162 0.833435 -0.237115
vn 0.000000 0.961885 -0.273453
vn 0.000000 0.961885 -0.273453
vn 0.000000 0.961885 -0.273453
vn 0.000000 0.961885 -0.273453
vn 0.000000 0.961885 -0.273453
vn 0.000000 0.961885 -0.273453
vn 0.000000 0.961885 -0.273453
vn 0.000000 0.990914 -0.134499
vn 0.000000 0.997421 -0.071775
vn 0.000000 0.961885 -0.273453
vn 0.000000 0.997421 -0.071775
vn 0.000000 0.961885 -0.273453
vn -0.966139 0.248145 -0.070704
vn -0.965675 0.249810 -0.071178
vn -0.499162 0.833435 -0.237115
vn -0.966139 0.248145 -0.070704
vn -0.499162 0.833435 -0.237115
vn -0.500714 0.832573 -0.236869
vn -0.500714 0.832573 -0.236869
vn -0.499162 0.833435 -0.237115
vn 0.000000 0.961885 -0.273453
vn -0.500714 0.832573 -0.236869
vn 0.000000 0.961885 -0.273453
vn 0.000000 0.961885 -0.273454
vn 0.000000 0.961885 -0.273454
vn 0.000000 0.961885 -0.273453
vn 0.000000 0.961885 -0.273453
vn 0.000000 0.961885 -0.273454
vn 0.000000 0.961885 -0.273453
vn 0.000000 0.961885 -0.273454
vn -0.987112 0.153934 -0.043762
vn -0.987112 0.153934 -0.043762
vn -0.987112 0.153934 -0.043762
vn -0.987112 0.153934 -0.043762
vn -0.987112 0.153934 -0.043762
vn -0.987112 0.153934 -0.043762
vn 0.000000 0.999663 -0.025951
vn 0.000000 0.999663 -0.025951
vn -0.000000 0.999663 -0.025951
vn 0.000000 0.999663 -0.025951
vn -0.000000 0.999663 -0.025951
vn -0.000000 0.999663 -0.025951
vn -0.000000 0.999663 -0.025951
vn -0.000000 0.999663 -0.025951
vn -0.000000 0.999663 -0.025951
vn -0.000000 0.999663 -0.025951
vn -0.000000 0.999663 -0.025951
vn -0.000000 0.999663 -0.025951
vn 0.987111 0.153935 -0.043762
vn 0.987111 0.153935 -0.043762
vn 0.987111 0.153935 -0.043762
vn 0.987111 0.153935 -0.043762
vn 0.987111 0.153935 -0.043762
vn 0.987111 0.153935 -0.043762
vn 0.000000 0.961885 -0.273454
vn 0.000000 0.961885 -0.273454
vn 0.000000 0.961885 -0.273454
vn 0.000000 0.961885 -0.273454
vn 0.000000 0.961885 -0.273454
vn 0.000000 0.961885 -0.273454
vn 0.000000 0.961885 -0.273454
vn 0.000000 0.961885 -0.273454
vn 0.499162 0.833435 -0.237115
vn 0.000000 0.961885 -0.273454
vn 0.499162 0.833435 -0.237115
vn 0.500715 0.832573 -0.236869
vn 0.500715 0.832573 -0.236869
vn 0.499162 0.833435 -0.237115
vn 0.965675 0.249810 -0.071178
vn 0.500715 0.832573 -0.236869
vn 0.965675 0.249810 -0.071178
vn 0.966139 0.248145 -0.070704
vn 0.868610 0.476531 -0.135778
vn 0.500715 0.832573 -0.236869
vn 0.966139 0.248145 -0.070704
vn 0.868610 0.476531 -0.135778
vn 0.966139 0.248145 -0.070704
vn 0.966594 0.246500 -0.070235
vn 0.000000 0.961885 -0.273453
vn 0.000000 0.961885 -0.273454
vn 0.500715 0.832573 -0.236869
vn 0.000000 0.961885 -0.273453
vn 0.500715 0.832573 -0.236869
vn 0.000000 0.961885 -0.273453
vn 0.987111 0.153935 -0.043762
vn 0.987111 0.153935 -0.043762
vn 0.987111 0.153935 -0.043762
vn 0.987111 0.153935 -0.043762
vn 0.987111 0.153935 -0.043762
vn 0.987111 0.153935 -0.043762
vn 0.000000 0.961885 -0.273453
vn 0.000000 0.961885 -0.273454
vn 0.000000 0.961885 -0.273454
vn 0.000000 0.961885 -0.273453
vn 0.000000 0.961885 -0.273454
vn 0.000000 0.961885 -0.273453
vn -0.000000 0.999663 -0.025951
vn -0.000000 0.999663 -0.025951
vn -0.000000 0.999663 -0.025951
vn -0.000000 0.999663 -0.025951
vn -0.000000 0.999663 -0.025951
vn -0.000000 0.999663 -0.025951
vn 0.000000 0.999663 -0.025951
vn 0.000000 0.999663 -0.025951
vn -0.000000 0.999663 -0.025951
vn 0.000000 0.999663 -0.025951
vn -0.000000 0.999663 -0.025951
vn -0.000000 0.999663 -0.025951
vn -0.987112 0.153934 -0.043762
vn -0.987112 0.153934 -0.043762
vn -0.987112 0.153934 -0.043762
vn -0.987112 0.153934 -0.043762
vn -0.987112 0.153934 -0.043762
vn -0.987112 0.153934 -0.043762
vn 0.000000 0.961885 -0.273453
vn 0.000000 0.961885 -0.273454
vn 0.000000 0.961885 -0.273454
vn 0.000000 0.961885 -0.273453
vn 0.000000 0.961885 -0.273454
vn 0.000000 0.961885 -0.273453
vn -0.966595 0.246500 -0.070235
vn -0.966139 0.248145 -0.070704
vn -0.500714 0.832573 -0.236869
vn -0.966595 0.246500 -0.070235
vn -0.500714 0.832573 -0.236869
vn -0.868609 0.476531 -0.135778
vn 0.000000 0.961885 -0.273453
vn -0.500714 0.832573 -0.236869
vn 0.000000 0.961885 -0.273454
vn 0.000000 0.961885 -0.273453
vn 0.000000 0.961885 -0.273454
vn 0.000000 0.961885 -0.273453
vn -0.000000 0.967093 -0.254424
vn 0.000000 0.812926 -0.582367
vn 0.000000 0.812926 -0.582367
vn -0.000000 0.967093 -0.254424
vn 0.000000 0.812926 -0.582367
vn -0.000000 0.967093 -0.254424
vn 0.000000 0.166848 -0.985983
vn 0.000000 0.544395 -0.838829
vn 0.000000 0.544395 -0.838829
vn 0.000000 0.166848 -0.985983
vn 0.000000 0.544395 -0.838829
vn 0.000000 0.166848 -0.985983
vn -0.000000 0.967093 -0.254424
vn -0.000000 0.999663 -0.025951
vn -0.000000 0.999663 -0.025951
vn -0.000000 0.967093 -0.254424
vn -0.000000 0.999663 -0.025951
vn -0.000000 0.967093 -0.254424
vn 0.000000 0.967093 -0.254424
vn 0.000000 0.999663 -0.025951
vn -0.000000 0.999663 -0.025951
vn 0.000000 0.967093 -0.254424
vn -0.000000 0.999663 -0.025951
vn -0.000000 0.967093 -0.254424
vn 0.985344 0.156558 -0.067722
vn 0.987111 0.153935 -0.043762
vn 0.987111 0.153935 -0.043762
vn 0.985344 0.156558 -0.067722
vn 0.987111 0.153935 -0.043762
vn 0.989795 0.103170 -0.098298
vn -0.989795 0.103170 -0.098298
vn -0.987112 0.153934 -0.043762
vn -0.987112 0.153934 -0.043762
vn -0.989795 0.103170 -0.098298
vn -0.987112 0.153934 -0.043762
vn -0.985344 0.156558 -0.067722
vn 0.993919 0.000000 -0.110115
vn 0.993919 0.000000 -0.110115
vn 0.993410 0.016201 -0.113464
vn 0.000000 0.000000 -1.000000
vn 0.000000 0.000000 -1.000000
vn 0.000000 0.166848 -0.985983
vn 0.000000 0.000000 -1.000000
vn 0.000000 0.166848 -0.985983
vn 0.000000 0.166848 -0.985983
vn -0.993919 0.000000 -0.110115
vn -0.989795 0.103170 -0.098298
vn -0.993410 0.016201 -0.113464
vn 0.981818 0.156007 -0.108143
vn 0.989795 0.103170 -0.098298
vn 0.987328 0.100874 -0.122509
vn 0.000000 0.812926 -0.582367
vn 0.000000 0.812926 -0.582367
vn 0.000000 0.544395 -0.838829
vn 0.000000 0.812926 -0.582367
vn 0.000000 0.544395 -0.838829
vn 0.000000 0.544395 -0.838829
vn 0.000000 0.812926 -0.582367
vn 0.000000 0.812926 -0.582367
vn 0.000000 0.544395 -0.838829
vn 0.000000 0.812926 -0.582367
vn 0.000000 0.544395 -0.838829
vn 0.000000 0.544395 -0.838829
vn -0.989795 0.103170 -0.098298
vn -0.981818 0.156007 -0.108143
vn -0.987328 0.100874 -0.122509
vn 0.993410 0.016201 -0.113464
vn 0.989795 0.103170 -0.098298
vn 0.993919 0.000000 -0.110115
vn -0.993410 0.016201 -0.113464
vn -0.993919 0.000000 -0.110115
vn -0.993919 0.000000 -0.110115
vn 0.000000 0.369565 0.929205
vn 0.253882 0.864594 0.433613
vn -0.253626 0.864726 0.433500
vn 0.000000 0.369565 0.929205
vn -0.253626 0.864726 0.433500
vn 0.000000 0.369565 0.929205
vn 0.253882 0.864594 0.433613
vn 0.000000 0.369565 0.929205
vn 0.000000 0.369565 0.929205
vn 0.000000 0.000000 1.000000
vn 0.000000 0.000000 1.000000
vn 0.000000 0.000000 1.000000
vn 0.000000 0.369565 0.929205
vn 0.000000 0.369565 0.929205
vn -0.253626 0.864726 0.433500
vn 0.000000 0.000000 1.000000
vn 0.000000 0.000000 1.000000
vn -0.000001 0.089558 0.995982
vn 0.000000 0.000000 1.000000
vn -0.000001 0.089558 0.995982
vn 0.000002 0.089567 0.995981
vn 0.000000 0.000000 1.000000
vn 0.000000 0.000000 1.000000
vn 0.000000 0.000000 1.000000
vn 0.000000 0.000000 1.000000
vn 0.000000 0.000000 1.000000
vn 0.000000 0.000000 1.000000
vn -1.000000 0.000000 0.000000
vn -1.000000 0.000000 0.000000
vn -1.000000 0.000000 0.000000
vn -1.000000 0.000000 0.000000
vn -1.000000 0.000000 0.000000
vn -0.961891 0.273434 -0.000030
vn -1.000000 0.000000 0.000000
vn -0.961891 0.273434 -0.000030
vn -0.961891 0.273434 -0.000030
vn -1.000000 0.000000 0.000000
vn -0.961891 0.273434 -0.000030
vn -1.000000 0.000000 0.000000
vn -1.000000 0.000000 0.000000
vn -1.000000 0.000000 0.000000
vn -1.000000 0.000000 0.000000
vn -1.000000 0.000000 0.000000
vn -1.000000 0.000000 0.000000
vn -1.000000 0.000000 0.000000
vn 0.000000 0.369565 0.929205
vn 0.000000 0.214440 0.976737
vn 0.000007 0.758697 0.651444
vn 0.000000 0.369565 0.929205
vn 0.000007 0.758697 0.651444
vn 0.000000 0.369565 0.929205
vn 0.000000 0.369565 0.929205
vn 0.000000 0.214440 0.976737
vn 0.000000 0.214440 0.976737
vn 0.000000 0.369565 0.929205
vn 0.000000 0.214440 0.976737
vn 0.000000 0.369565 0.929205
vn 0.000000 0.369565 0.929205
vn -0.000000 0.758690 0.651452
vn 0.000000 0.214440 0.976737
vn 0.000000 0.369565 0.929205
vn 0.000000 0.214440 0.976737
vn 0.000000 0.369565 0.929205
vn 0.962065 0.272820 0.000000
vn 1.000000 0.000000 0.000000
vn 1.000000 0.000000 0.000000
vn 0.962065 0.272820 0.000000
vn 1.000000 0.000000 0.000000
vn 1.000000 0.000000 0.000000
vn 0.962065 0.272820 0.000000
vn 1.000000 0.000000 0.000000
vn 1.000000 0.000000 0.000000
vn 0.962065 0.272820 0.000000
vn 1.000000 0.000000 0.000000
vn 1.000000 0.000000 0.000000
vn 0.962065 0.272820 0.000000
vn 1.000000 0.000000 0.000000
vn 1.000000 0.000000 0.000000
vn 0.962065 0.272820 0.000000
vn 1.000000 0.000000 0.000000
vn 0.962065 0.272820 0.000000
vn 0.487370 0.873196 0.000000
vn -0.486813 0.873506 -0.000033
vn -0.253626 0.864726 0.433500
vn 0.487370 0.873196 0.000000
vn -0.253626 0.864726 0.433500
vn 0.253882 0.864594 0.433613
vn -0.961891 0.273434 -0.000030
vn -0.961891 0.273434 -0.000030
vn -0.253626 0.864726 0.433500
vn -0.961891 0.273434 -0.000030
vn -0.253626 0.864726 0.433500
vn -0.486813 0.873506 -0.000033
vn 0.487370 0.873196 0.000000
vn 0.253882 0.864594 0.433613
vn 0.962065 0.272820 0.000000
vn 0.487370 0.873196 0.000000
vn 0.962065 0.272820 0.000000
vn 0.962065 0.272820 0.000000
vn 0.000000 0.000000 1.000000
vn 0.000000 0.000000 1.000000
vn 0.000000 0.000000 1.000000
vn 0.000000 0.000000 1.000000
vn 0.000000 0.000000 1.000000
vn 0.000000 0.000000 1.000000
vn 0.000000 -1.000000 0.000000
vn 0.000000 -1.000000 0.000000
vn 0.000000 -1.000000 0.000000
vn 0.000000 -1.000000 0.000000
vn 0.000000 -1.000000 0.000000
vn 0.000000 -1.000000 0.000000
vn 0.000000 -1.000000 0.000000
vn 0.000000 -1.000000 0.000000
vn 0.000000 -1.000000 0.000000
vn 0.000000 -1.000000 0.000000
vn 0.000000 -1.000000 0.000000
vn 0.000000 -1.000000 0.000000
vn 0.000000 -1.000000 0.000000
vn 0.000000 -1.000000 0.000000
vn 0.000000 -1.000000 0.000000
vn 0.000000 -1.000000 0.000000
vn 0.000000 -1.000000 0.000000
vn 0.000000 -1.000000 0.000000
vn -1.000000 0.000000 -0.000146
vn -1.000000 0.000000 -0.000146
vn -1.000000 0.000000 -0.000146
vn -1.000000 0.000000 -0.000146
vn -1.000000 0.000000 -0.000146
vn -1.000000 0.000000 -0.000146
vn 0.000000 0.000000 1.000000
vn 0.000000 0.000000 1.000000
vn 0.000000 0.000000 1.000000
vn 0.000000 0.000000 1.000000
vn 0.000000 0.000000 1.000000
vn 0.000000 0.000000 1.000000
vn 0.000000 0.000000 1.000000
vn 0.000000 0.000000 1.000000
vn 0.000000 0.000000 1.000000
vn 0.000000 0.000000 1.000000
vn 0.000000 0.000000 1.000000
vn 0.000000 0.000000 1.000000
vn 0.000000 0.000000 1.000000
vn 0.000000 0.000000 1.000000
vn 0.000000 0.000000 1.000000
vn 0.000000 0.000000 1.000000
vn 0.000000 0.000000 1.000000
vn 0.000000 0.000000 1.000000
vn 0.000000 -1.000000 0.000000
vn 0.000000 -1.000000 0.000000
vn 0.000000 -1.000000 0.000000
vn 0.000000 -1.000000 0.000000
vn 0.000000 -1.000000 0.000000
vn 0.000000 -1.000000 0.000000
vn 0.965675 0.249810 -0.071178
vn 0.963468 0.265708 -0.033598
vn 0.985773 -0.091160 0.141214
vn 0.965675 0.249810 -0.071178
vn 0.985773 -0.091160 0.141214
vn 1.000000 -0.000000 0.000000
vn 0.966139 0.248145 -0.070704
vn 0.965675 0.249810 -0.071178
vn 1.000000 -0.000000 0.000000
vn 0.966139 0.248145 -0.070704
vn 1.000000 -0.000000 0.000000
vn 1.000000 -0.000000 -0.000000
vn 0.966594 0.246500 -0.070235
vn 0.966139 0.248145 -0.070704
vn 1.000000 -0.000000 -0.000000
vn 0.966594 0.246500 -0.070235
vn 1.000000 -0.000000 -0.000000
vn 1.000000 -0.000000 -0.000000
vn -1.000000 0.000000 0.000000
vn -0.985773 -0.091160 0.141214
vn -0.963468 0.265708 -0.033598
vn -1.000000 0.000000 0.000000
vn -0.963468 0.265708 -0.033598
vn -0.965675 0.249810 -0.071178
vn -0.966139 0.248145 -0.070704
vn -0.966595 0.246500 -0.070235
vn -1.000000 0.000000 0.000000
vn -0.966139 0.248145 -0.070704
vn -1.000000 0.000000 0.000000
vn -1.000000 0.000000 0.000000
vn -0.965675 0.249810 -0.071178
vn -0.966139 0.248145 -0.070704
vn -1.000000 0.000000 0.000000
vn -0.965675 0.249810 -0.071178
vn -1.000000 0.000000 0.000000
vn -1.000000 0.000000 0.000000
vn 0.000025 0.398255 0.917275
vn 0.000006 0.089576 0.995980
vn 0.000002 0.089567 0.995981
vn 0.000025 0.398255 0.917275
vn 0.000002 0.089567 0.995981
vn 0.000005 0.398218 0.917291
vn 0.000000 0.946712 0.322081
vn 0.000000 0.946712 0.322081
vn 0.000006 0.997410 0.071925
vn 0.000000 0.946712 0.322081
vn 0.000006 0.997410 0.071925
vn 0.000006 0.997406 0.071986
vn 0.000000 0.000000 1.000000
vn 0.000000 0.000000 1.000000
vn 0.000000 0.000000 1.000000
vn 0.000000 0.000000 1.000000
vn 0.000000 0.000000 1.000000
vn 0.000000 0.000000 1.000000
vn 0.000000 0.000000 1.000000
vn 0.000000 0.000000 1.000000
vn -0.000000 0.089604 0.995977
vn 0.000000 0.000000 1.000000
vn -0.000000 0.089604 0.995977
vn -0.000001 0.089607 0.995977
vn -0.000038 0.944607 0.328203
vn -0.000010 0.997407 0.071964
vn -0.000002 0.997406 0.071983
vn -0.000038 0.944607 0.328203
vn -0.000002 0.997406 0.071983
vn -0.000007 0.944595 0.328238
vn -0.000002 0.997406 0.071983
vn -0.000010 0.997407 0.071964
vn 0.000007 0.758697 0.651444
vn -0.000002 0.997406 0.071983
vn 0.000007 0.758697 0.651444
vn 0.000006 0.946715 0.322072
vn 0.000146 0.792434 0.609958
vn 0.000115 0.792417 0.609980
vn 0.000061 0.946683 0.322167
vn 0.000146 0.792434 0.609958
vn 0.000061 0.946683 0.322167
vn 0.000061 0.946683 0.322167
vn 0.000146 0.792434 0.609958
vn 0.000061 0.946683 0.322167
vn 0.000097 0.792465 0.609917
vn 0.000061 0.946683 0.322167
vn 0.000061 0.946683 0.322167
vn 0.000000 1.000000 0.000000
vn 0.000061 0.946683 0.322167
vn 0.000000 1.000000 0.000000
vn 0.000000 1.000000 0.000000
vn 0.000000 1.000000 0.000000
vn 0.000000 1.000000 0.000000
vn -0.000000 0.946712 0.322081
vn 0.000000 1.000000 0.000000
vn -0.000000 0.946712 0.322081
vn -0.000000 0.946712 0.322081
vn -0.000000 0.792528 0.609835
vn 0.000000 0.946712 0.322081
vn 0.000000 0.946712 0.322081
vn -0.000000 0.792528 0.609835
vn 0.000000 0.946712 0.322081
vn 0.000000 0.792528 0.609835
vn 0.000000 0.946712 0.322081
vn 0.000000 0.946712 0.322081
vn 0.000006 0.997406 0.071986
vn 0.000000 0.946712 0.322081
vn 0.000006 0.997406 0.071986
vn -0.000002 0.997403 0.072026
vn 0.000007 0.398147 0.917322
vn -0.000001 0.089550 0.995982
vn -0.000003 0.089574 0.995980
vn 0.000007 0.398147 0.917322
vn -0.000003 0.089574 0.995980
vn -0.000009 0.398245 0.917279
vn -0.000009 0.398245 0.917279
vn -0.000003 0.089574 0.995980
vn 0.000002 0.089566 0.995981
vn -0.000009 0.398245 0.917279
vn 0.000002 0.089566 0.995981
vn 0.000001 0.398214 0.917293
vn 0.000000 0.946712 0.322081
vn 0.000000 0.946712 0.322081
vn -0.000002 0.997403 0.072026
vn 0.000000 0.946712 0.322081
vn -0.000002 0.997403 0.072026
vn -0.000002 0.997406 0.071984
vn 0.000000 0.792528 0.609835
vn 0.000000 0.946712 0.322081
vn 0.000000 0.946712 0.322081
vn 0.000000 0.792528 0.609835
vn 0.000000 0.946712 0.322081
vn 0.000000 0.792528 0.609835
vn 0.000000 1.000000 0.000000
vn 0.000000 1.000000 0.000000
vn -0.000000 0.946712 0.322081
vn 0.000000 1.000000 0.000000
vn -0.000000 0.946712 0.322081
vn 0.000000 0.946712 0.322081
vn 0.000000 1.000000 0.000000
vn 0.000000 1.000000 0.000000
vn 0.000000 0.946712 0.322081
vn 0.000000 1.000000 0.000000
vn 0.000000 0.946712 0.322081
vn 0.000000 0.946712 0.322081
vn 0.000000 0.792528 0.609835
vn 0.000000 0.946712 0.322081
vn 0.000000 0.946712 0.322081
vn 0.000000 0.792528 0.609835
vn 0.000000 0.946712 0.322081
vn 0.000000 0.792528 0.609835
vn 0.000000 0.946712 0.322081
vn 0.000000 0.946712 0.322081
vn -0.000002 0.997406 0.071984
vn 0.000000 0.946712 0.322081
vn -0.000002 0.997406 0.071984
vn -0.000002 0.997409 0.071944
vn 0.000001 0.398214 0.917293
vn 0.000002 0.089566 0.995981
vn -0.000003 0.089558 0.995982
vn 0.000001 0.398214 0.917293
vn -0.000003 0.089558 0.995982
vn -0.000009 0.398183 0.917306
vn -0.000009 0.398183 0.917306
vn -0.000003 0.089558 0.995982
vn -0.000003 0.089566 0.995981
vn -0.000009 0.398183 0.917306
vn -0.000003 0.089566 0.995981
vn -0.000009 0.398215 0.917292
vn 0.000000 0.946712 0.322081
vn 0.000000 0.946712 0.322081
vn -0.000002 0.997409 0.071944
vn 0.000000 0.946712 0.322081
vn -0.000002 0.997409 0.071944
vn -0.000002 0.997412 0.071903
vn 0.000000 0.792528 0.609835
vn 0.000000 0.946712 0.322081
vn 0.000000 0.946712 0.322081
vn 0.000000 0.792528 0.609835
vn 0.000000 0.946712 0.322081
vn 0.000000 0.792528 0.609835
vn 0.000000 1.000000 0.000000
vn 0.000000 1.000000 0.000000
vn 0.000000 0.946712 0.322081
vn 0.000000 1.000000 0.000000
vn 0.000000 0.946712 0.322081
vn 0.000000 0.946712 0.322081
vn 0.000000 1.000000 0.000000
vn 0.000000 1.000000 0.000000
vn 0.000000 0.946712 0.322081
vn 0.000000 1.000000 0.000000
vn 0.000000 0.946712 0.322081
vn 0.000000 0.946712 0.322081
vn 0.000000 0.792528 0.609835
vn 0.000000 0.946712 0.322081
vn 0.000000 0.946712 0.322081
vn 0.000000 0.792528 0.609835
vn 0.000000 0.946712 0.322081
vn 0.000000 0.792528 0.609835
vn 0.000000 0.946712 0.322081
vn 0.000000 0.946712 0.322081
vn -0.000002 0.997412 0.071903
vn 0.000000 0.946712 0.322081
vn -0.000002 0.997412 0.071903
vn 0.000006 0.997409 0.071942
vn -0.000009 0.398215 0.917292
vn -0.000003 0.089566 0.995981
vn -0.000001 0.089590 0.995979
vn -0.000009 0.398215 0.917292
vn -0.000001 0.089590 0.995979
vn 0.000008 0.398311 0.917251
vn 0.000008 0.398311 0.917251
vn -0.000001 0.089590 0.995979
vn -0.000001 0.089607 0.995977
vn 0.000008 0.398311 0.917251
vn -0.000001 0.089607 0.995977
vn -0.000004 0.398380 0.917221
vn 0.000006 0.946715 0.322072
vn 0.000000 0.946712 0.322081
vn 0.000006 0.997409 0.071942
vn 0.000006 0.946715 0.322072
vn 0.000006 0.997409 0.071942
vn -0.000002 0.997406 0.071983
vn 0.000000 0.792528 0.609835
vn 0.000000 0.946712 0.322081
vn 0.000006 0.946715 0.322072
vn 0.000000 0.792528 0.609835
vn 0.000006 0.946715 0.322072
vn 0.000029 0.792547 0.609811
vn 0.000000 1.000000 0.000000
vn 0.000000 1.000000 0.000000
vn 0.000000 0.946712 0.322081
vn 0.000000 1.000000 0.000000
vn 0.000000 0.946712 0.322081
vn 0.000061 0.946683 0.322167
vn 0.000000 0.000000 1.000000
vn 0.000000 0.000000 1.000000
vn 0.000000 0.000000 1.000000
vn 0.000000 0.000000 1.000000
vn 0.000000 0.000000 1.000000
vn 0.000000 0.000000 1.000000
vn 0.000002 0.089567 0.995981
vn 0.000006 0.089576 0.995980
vn 0.000000 0.000000 1.000000
vn 0.000002 0.089567 0.995981
vn 0.000000 0.000000 1.000000
vn 0.000000 0.000000 1.000000
vn 0.000002 0.089567 0.995981
vn 0.000000 0.000000 1.000000
vn 0.000000 0.000000 1.000000
vn 0.000002 0.089567 0.995981
vn 0.000000 0.000000 1.000000
vn 0.000000 0.000000 1.000000
vn -0.000027 0.944620 0.328167
vn -0.000007 0.997409 0.071944
vn 0.000000 0.997409 0.071944
vn -0.000027 0.944620 0.328167
vn 0.000000 0.997409 0.071944
vn 0.000000 0.944620 0.328166
vn 0.000000 0.997409 0.071944
vn -0.000007 0.997409 0.071944
vn 0.000000 0.946712 0.322081
vn 0.000000 0.997409 0.071944
vn 0.000000 0.946712 0.322081
vn -0.000000 0.946712 0.322081
vn 0.000000 1.000000 0.000000
vn 0.000000 1.000000 0.000000
vn -0.000000 0.946712 0.322081
vn 0.000000 1.000000 0.000000
vn -0.000000 0.946712 0.322081
vn -0.000000 0.946712 0.322081
vn -0.000001 0.089550 0.995982
vn 0.000008 0.089530 0.995984
vn 0.000000 0.000000 1.000000
vn -0.000001 0.089550 0.995982
vn 0.000000 0.000000 1.000000
vn 0.000000 0.000000 1.000000
vn -0.000003 0.089574 0.995980
vn -0.000001 0.089550 0.995982
vn 0.000000 0.000000 1.000000
vn -0.000003 0.089574 0.995980
vn 0.000000 0.000000 1.000000
vn 0.000000 0.000000 1.000000
vn -0.000003 0.089574 0.995980
vn 0.000000 0.000000 1.000000
vn 0.000000 0.000000 1.000000
vn 0.000000 0.000000 1.000000
vn 0.000000 0.000000 1.000000
vn -0.000001 0.089607 0.995977
vn 0.000000 0.000000 1.000000
vn -0.000001 0.089607 0.995977
vn -0.000001 0.089590 0.995979
vn 0.000000 0.000000 1.000000
vn 0.000000 0.000000 1.000000
vn -0.000001 0.089590 0.995979
vn 0.000000 0.000000 1.000000
vn -0.000001 0.089590 0.995979
vn -0.000003 0.089566 0.995981
vn 0.000000 0.000000 1.000000
vn 0.000000 0.000000 1.000000
vn -0.000003 0.089566 0.995981
vn 0.000000 0.000000 1.000000
vn -0.000003 0.089566 0.995981
vn -0.000003 0.089558 0.995982
vn 0.000000 0.000000 1.000000
vn 0.000000 0.000000 1.000000
vn -0.000003 0.089558 0.995982
vn 0.000000 0.000000 1.000000
vn -0.000003 0.089558 0.995982
vn 0.000002 0.089566 0.995981
vn 0.000000 0.000000 1.000000
vn 0.000000 0.000000 1.000000
vn 0.000002 0.089566 0.995981
vn 0.000000 0.000000 1.000000
vn 0.000002 0.089566 0.995981
vn -0.000003 0.089574 0.995980
vn 0.000000 -1.000000 0.000000
vn 0.000000 -1.000000 0.000000
vn 0.000000 -1.000000 0.000000
vn 0.000000 -1.000000 0.000000
vn 0.000000 -1.000000 0.000000
vn 0.000000 -1.000000 0.000000
vn 0.000000 -1.000000 0.000000
vn 0.000000 -1.000000 0.000000
vn 0.000000 -1.000000 0.000000
vn 0.000000 0.000000 1.000000
vn 0.000000 0.000000 1.000000
vn 0.000000 0.000000 1.000000
vn 0.000000 0.000000 1.000000
vn 0.000000 0.000000 1.000000
vn 0.000000 0.000000 1.000000
vn 0.000005 0.398218 0.917291
vn 0.000002 0.089567 0.995981
vn -0.000001 0.089558 0.995982
vn 0.000005 0.398218 0.917291
vn -0.000001 0.089558 0.995982
vn -0.000015 0.398181 0.917307
vn 0.000000 0.944620 0.328166
vn 0.000000 0.997409 0.071944
vn 0.000007 0.997409 0.071944
vn 0.000000 0.944620 0.328166
vn 0.000007 0.997409 0.071944
vn 0.000027 0.944620 0.328166
vn -0.000004 0.398380 0.917221
vn -0.000001 0.089607 0.995977
vn -0.000000 0.089604 0.995977
vn -0.000004 0.398380 0.917221
vn -0.000000 0.089604 0.995977
vn -0.000017 0.398368 0.917226
vn -0.000007 0.944595 0.328238
vn -0.000002 0.997406 0.071983
vn 0.000006 0.997409 0.071942
vn -0.000007 0.944595 0.328238
vn 0.000006 0.997409 0.071942
vn 0.000022 0.944622 0.328162
vn 0.000022 0.944622 0.328162
vn 0.000006 0.997409 0.071942
vn -0.000002 0.997412 0.071903
vn 0.000022 0.944622 0.328162
vn -0.000002 0.997412 0.071903
vn -0.000008 0.944646 0.328091
vn -0.000008 0.944646 0.328091
vn -0.000002 0.997412 0.071903
vn -0.000002 0.997409 0.071944
vn -0.000008 0.944646 0.328091
vn -0.000002 0.997409 0.071944
vn -0.000007 0.944620 0.328167
vn 0.000022 0.944594 0.328242
vn 0.000006 0.997406 0.071986
vn 0.000006 0.997410 0.071925
vn 0.000022 0.944594 0.328242
vn 0.000006 0.997410 0.071925
vn 0.000023 0.944632 0.328131
vn -0.000008 0.944568 0.328315
vn -0.000002 0.997403 0.072026
vn 0.000006 0.997406 0.071986
vn -0.000008 0.944568 0.328315
vn 0.000006 0.997406 0.071986
vn 0.000022 0.944594 0.328242
vn -0.000007 0.944594 0.328240
vn -0.000002 0.997406 0.071984
vn -0.000002 0.997403 0.072026
vn -0.000007 0.944594 0.328240
vn -0.000002 0.997403 0.072026
vn -0.000008 0.944568 0.328315
vn -0.000007 0.944620 0.328167
vn -0.000002 0.997409 0.071944
vn -0.000002 0.997406 0.071984
vn -0.000007 0.944620 0.328167
vn -0.000002 0.997406 0.071984
vn -0.000007 0.944594 0.328240
vn -0.000015 0.398181 0.917307
vn -0.000034 0.746574 0.665303
vn 0.000003 0.746595 0.665279
vn -0.000015 0.398181 0.917307
vn 0.000003 0.746595 0.665279
vn 0.000005 0.398218 0.917291
vn 0.000000 0.944620 0.328166
vn 0.000003 0.746595 0.665279
vn -0.000034 0.746574 0.665303
vn 0.000000 0.944620 0.328166
vn -0.000034 0.746574 0.665303
vn -0.000027 0.944620 0.328167
vn 0.000005 0.398218 0.917291
vn 0.000003 0.746595 0.665279
vn 0.000039 0.746616 0.665256
vn 0.000005 0.398218 0.917291
vn 0.000039 0.746616 0.665256
vn 0.000025 0.398255 0.917275
vn 0.000027 0.944620 0.328166
vn 0.000039 0.746616 0.665256
vn 0.000003 0.746595 0.665279
vn 0.000027 0.944620 0.328166
vn 0.000003 0.746595 0.665279
vn 0.000000 0.944620 0.328166
vn -0.000017 0.398368 0.917226
vn -0.000044 0.746667 0.665198
vn -0.000009 0.746661 0.665204
vn -0.000017 0.398368 0.917226
vn -0.000009 0.746661 0.665204
vn -0.000004 0.398380 0.917221
vn -0.000004 0.398380 0.917221
vn -0.000009 0.746661 0.665204
vn 0.000025 0.746648 0.665219
vn -0.000004 0.398380 0.917221
vn 0.000025 0.746648 0.665219
vn 0.000008 0.398311 0.917251
vn 0.000008 0.398311 0.917251
vn 0.000025 0.746648 0.665219
vn -0.000012 0.746619 0.665252
vn 0.000008 0.398311 0.917251
vn -0.000012 0.746619 0.665252
vn -0.000009 0.398215 0.917292
vn -0.000009 0.398215 0.917292
vn -0.000012 0.746619 0.665252
vn -0.000011 0.746575 0.665301
vn -0.000009 0.398215 0.917292
vn -0.000011 0.746575 0.665301
vn -0.000009 0.398183 0.917306
vn -0.000009 0.398183 0.917306
vn -0.000011 0.746575 0.665301
vn -0.000006 0.746568 0.665309
vn -0.000009 0.398183 0.917306
vn -0.000006 0.746568 0.665309
vn 0.000001 0.398214 0.917293
vn 0.000001 0.398214 0.917293
vn -0.000006 0.746568 0.665309
vn -0.000012 0.746560 0.665318
vn 0.000001 0.398214 0.917293
vn -0.000012 0.746560 0.665318
vn -0.000009 0.398245 0.917279
vn -0.000009 0.398245 0.917279
vn -0.000012 0.746560 0.665318
vn 0.000025 0.746529 0.665352
vn -0.000009 0.398245 0.917279
vn 0.000025 0.746529 0.665352
vn 0.000007 0.398147 0.917322
vn 0.000007 0.398147 0.917322
vn 0.000025 0.746529 0.665352
vn 0.000036 0.746522 0.665361
vn 0.000007 0.398147 0.917322
vn 0.000036 0.746522 0.665361
vn 0.000027 0.398066 0.917357
vn 0.000023 0.944632 0.328131
vn 0.000036 0.746522 0.665361
vn 0.000025 0.746529 0.665352
vn 0.000023 0.944632 0.328131
vn 0.000025 0.746529 0.665352
vn 0.000022 0.944594 0.328242
vn 0.000022 0.944594 0.328242
vn 0.000025 0.746529 0.665352
vn -0.000012 0.746560 0.665318
vn 0.000022 0.944594 0.328242
vn -0.000012 0.746560 0.665318
vn -0.000008 0.944568 0.328315
vn -0.000008 0.944568 0.328315
vn -0.000012 0.746560 0.665318
vn -0.000006 0.746568 0.665309
vn -0.000008 0.944568 0.328315
vn -0.000006 0.746568 0.665309
vn -0.000007 0.944594 0.328240
vn -0.000007 0.944594 0.328240
vn -0.000006 0.746568 0.665309
vn -0.000011 0.746575 0.665301
vn -0.000007 0.944594 0.328240
vn -0.000011 0.746575 0.665301
vn -0.000007 0.944620 0.328167
vn -0.000007 0.944620 0.328167
vn -0.000011 0.746575 0.665301
vn -0.000012 0.746619 0.665252
vn -0.000007 0.944620 0.328167
vn -0.000012 0.746619 0.665252
vn -0.000008 0.944646 0.328091
vn -0.000008 0.944646 0.328091
vn -0.000012 0.746619 0.665252
vn 0.000025 0.746648 0.665219
vn -0.000008 0.944646 0.328091
vn 0.000025 0.746648 0.665219
vn 0.000022 0.944622 0.328162
vn 0.000022 0.944622 0.328162
vn 0.000025 0.746648 0.665219
vn -0.000009 0.746661 0.665204
vn 0.000022 0.944622 0.328162
vn -0.000009 0.746661 0.665204
vn -0.000007 0.944595 0.328238
vn -0.000007 0.944595 0.328238
vn -0.000009 0.746661 0.665204
vn -0.000044 0.746667 0.665198
vn -0.000007 0.944595 0.328238
vn -0.000044 0.746667 0.665198
vn -0.000038 0.944607 0.328203
vn -0.000000 0.792528 0.609835
vn -0.000000 0.946712 0.322081
vn -0.000000 0.946712 0.322081
vn -0.000000 0.792528 0.609835
vn -0.000000 0.946712 0.322081
vn -0.000000 0.792528 0.609835
vn 0.000000 0.792528 0.609835
vn 0.000000 0.946712 0.322081
vn -0.000000 0.946712 0.322081
vn 0.000000 0.792528 0.609835
vn -0.000000 0.946712 0.322081
vn -0.000000 0.792528 0.609835
vn 0.000000 0.792528 0.609835
vn 0.000000 0.946712 0.322081
vn 0.000000 0.946712 0.322081
vn 0.000000 0.792528 0.609835
vn 0.000000 0.946712 0.322081
vn 0.000000 0.792528 0.609835
vn 0.000000 0.792528 0.609835
vn 0.000000 0.792528 0.609835
vn 0.000000 0.792528 0.609835
vn 0.000000 0.792528 0.609835
vn 0.000000 0.792528 0.609835
vn 0.000000 0.792528 0.609835
vn 0.000097 0.792465 0.609917
vn 0.000061 0.946683 0.322167
vn 0.000000 0.946712 0.322081
vn 0.000097 0.792465 0.609917
vn 0.000000 0.946712 0.322081
vn 0.000000 0.792528 0.609835
vn 0.000000 0.792322 0.610103
vn 0.000000 0.792322 0.610103
vn 0.000000 0.792322 0.610103
vn 0.000000 0.792322 0.610103
vn 0.000000 0.792322 0.610103
vn 0.000000 0.792322 0.610103
vn 0.000000 0.792806 0.609474
vn 0.000000 0.792806 0.609474
vn 0.000000 0.792806 0.609474
vn 0.000000 0.792806 0.609474
vn 0.000000 0.792806 0.609474
vn 0.000000 0.792806 0.609474
vn 0.000000 0.792528 0.609835
vn 0.000000 0.792528 0.609835
vn 0.000031 0.792545 0.609814
vn 0.000000 0.792528 0.609835
vn 0.000031 0.792545 0.609814
vn 0.000031 0.792545 0.609814
vn 0.000000 0.792528 0.609835
vn 0.000000 0.792528 0.609835
vn 0.000000 0.792528 0.609835
vn 0.000000 0.792528 0.609835
vn 0.000000 0.792528 0.609835
vn 0.000000 0.792528 0.609835
vn 0.000000 0.792528 0.609835
vn 0.000000 0.946712 0.322081
vn 0.000000 0.946712 0.322081
vn 0.000000 0.792528 0.609835
vn 0.000000 0.946712 0.322081
vn 0.000000 0.792528 0.609835
vn -0.002036 -0.999994 0.002637
vn -0.002036 -0.999994 0.002637
vn -0.002036 -0.999994 0.002637
vn -0.002036 -0.999994 0.002637
vn -0.002036 -0.999994 0.002637
vn -0.002036 -0.999994 0.002637
vn -0.002036 -0.999994 0.002637
vn -0.002036 -0.999994 0.002637
vn -0.002036 -0.999994 0.002637
vn -0.002036 -0.999994 0.002637
vn -0.002036 -0.999994 0.002637
vn -0.002036 -0.999994 0.002637
vn -0.002036 -0.999994 0.002637
vn -0.002036 -0.999994 0.002637
vn -0.002036 -0.999994 0.002637
vn -0.002036 -0.999994 0.002637
vn -0.002036 -0.999994 0.002637
vn -0.002036 -0.999994 0.002637
vn -0.002036 -0.999994 0.002637
vn -0.002036 -0.999994 0.002637
vn -0.002036 -0.999994 0.002637
vn -0.002036 -0.999994 0.002637
vn -0.002036 -0.999994 0.002637
vn -0.002036 -0.999994 0.002637
vn -0.002036 -0.999994 0.002637
vn -0.002036 -0.999994 0.002637
vn -0.002036 -0.999994 0.002637
vn 0.000000 0.797239 -0.603664
vn 0.000000 0.797239 -0.603664
vn 0.000000 0.797239 -0.603664
vn 0.000000 0.797239 -0.603664
vn 0.000000 0.797239 -0.603664
vn 0.000000 0.797239 -0.603664
vn 0.000000 0.797239 -0.603664
vn 0.000000 0.797239 -0.603664
vn 0.000000 0.797239 -0.603664
vn 0.000000 0.797239 -0.603664
vn 0.000000 0.797239 -0.603664
vn 0.000000 0.797239 -0.603664
vn 0.000000 -0.155871 0.987777
vn 0.000000 -0.155871 0.987777
vn 0.000000 -0.155871 0.987777
vn 0.000000 -0.155871 0.987777
vn 0.000000 -0.155871 0.987777
vn 0.000000 -0.155871 0.987777
vn 0.000000 -0.155871 0.987777
vn 0.000000 -0.155871 0.987777
vn 0.000000 -0.155871 0.987777
vn 0.000000 -0.155871 0.987777
vn 0.000000 -0.155871 0.987777
vn 0.000000 -0.155871 0.987777
vn -0.976762 0.169838 0.130731
vn -0.976762 0.169838 0.130731
vn -0.976762 0.169838 0.130731
vn -0.976762 0.169838 0.130731
vn -0.976762 0.169838 0.130731
vn -0.976762 0.169838 0.130731
vn 0.976763 0.169837 0.130730
vn 0.976763 0.169837 0.130730
vn 0.976763 0.169837 0.130730
vn 0.976763 0.169837 0.130730
vn 0.976763 0.169837 0.130730
vn 0.976763 0.169837 0.130730
vn 0.000000 -0.202539 0.979274
vn 0.000000 -0.202539 0.979274
vn 0.000000 -0.202539 0.979274
vn 0.000000 -0.202539 0.979274
vn 0.000000 -0.202539 0.979274
vn 0.000000 -0.202539 0.979274
vn 0.000000 0.915616 -0.402054
vn 0.000000 0.915616 -0.402054
vn 0.000000 0.915616 -0.402054
vn 0.000000 0.915616 -0.402054
vn 0.000000 0.915616 -0.402054
vn 0.000000 0.915616 -0.402054
vn -0.976981 0.169094 0.130057
vn -0.976981 0.169094 0.130057
vn -0.976981 0.169094 0.130057
vn -0.976981 0.169094 0.130057
vn -0.976981 0.169094 0.130057
vn -0.976981 0.169094 0.130057
vn 0.976982 0.169092 0.130056
vn 0.976982 0.169092 0.130056
vn 0.976982 0.169092 0.130056
vn 0.976982 0.169092 0.130056
vn 0.976982 0.169092 0.130056
vn 0.976982 0.169092 0.130056
vn 0.000000 -0.202539 0.979274
vn 0.000000 -0.202539 0.979274
vn 0.000000 -0.202539 0.979274
vn 0.000000 -0.202539 0.979274
vn 0.000000 -0.202539 0.979274
vn 0.000000 -0.202539 0.979274
vn 0.000000 0.915616 -0.402054
vn 0.000000 0.915616 -0.402054
vn 0.000000 0.915616 -0.402054
vn 0.000000 0.915616 -0.402054
vn 0.000000 0.915616 -0.402054
vn 0.000000 0.915616 -0.402054
vn 0.000000 0.915256 -0.402872
vn 0.000000 0.915256 -0.402872
vn 0.000000 0.915256 -0.402872
vn 0.000000 0.915256 -0.402872
vn 0.000000 0.915256 -0.402872
vn 0.000000 0.915256 -0.402872
vn 0.000000 0.915256 -0.402872
vn 0.000000 0.915256 -0.402872
vn 0.000000 0.915256 -0.402872
vn 0.000000 0.915256 -0.402872
vn 0.000000 0.915256 -0.402872
vn 0.000000 0.915256 -0.402872
vn 0.000000 0.915256 -0.402872
vn 0.000000 0.915256 -0.402872
vn 0.000000 0.915256 -0.402872
vn 0.000000 0.915256 -0.402872
vn 0.000000 0.915256 -0.402872
vn 0.000000 0.915256 -0.402872
vn 0.950029 0.247396 0.190366
vn 0.950029 0.247396 0.190366
vn 0.950029 0.247396 0.190366
vn 0.950029 0.247396 0.190366
vn 0.950029 0.247396 0.190366
vn 0.950029 0.247396 0.190366
vn 0.000000 -0.154913 0.987928
vn 0.000000 -0.154913 0.987928
vn 0.000000 -0.154913 0.987928
vn 0.000000 -0.154913 0.987928
vn 0.000000 -0.154913 0.987928
vn 0.000000 -0.154913 0.987928
vn 0.000000 -0.154913 0.987928
vn 0.000000 -0.154913 0.987928
vn 0.000000 -0.154913 0.987928
vn 0.000000 -0.154913 0.987928
vn 0.000000 -0.154913 0.987928
vn 0.000000 -0.154913 0.987928
vn 0.000000 -0.154913 0.987928
vn 0.000000 -0.154913 0.987928
vn 0.000000 -0.154913 0.987928
vn 0.000000 -0.154913 0.987928
vn 0.000000 -0.154913 0.987928
vn 0.000000 -0.154913 0.987928
vn -0.950030 0.247395 0.190366
vn -0.950030 0.247395 0.190366
vn -0.950030 0.247395 0.190366
vn -0.950030 0.247395 0.190366
vn -0.950030 0.247395 0.190366
vn -0.950030 0.247395 0.190366
vn 1.000000 -0.000000 -0.000000
vn 0.966245 -0.000000 -0.257624
vn 0.978289 0.124372 -0.165777
vn 1.000000 -0.000000 -0.000000
vn 0.978289 0.124372 -0.165777
vn 1.000000 -0.000000 -0.000000
vn 1.000000 -0.000000 -0.000000
vn 1.000000 -0.000000 -0.000000
vn 1.000000 -0.000000 -0.000000
vn 1.000000 -0.000000 -0.000000
vn 1.000000 -0.000000 -0.000000
vn 1.000000 -0.000000 -0.000000
vn 1.000000 -0.000000 -0.000000
vn 1.000000 -0.000000 -0.000000
vn 1.000000 -0.000000 -0.000000
vn 1.000000 -0.000000 -0.000000
vn 1.000000 -0.000000 -0.000000
vn 1.000000 -0.000000 0.000000
vn -0.000000 0.946712 0.322081
vn -0.000000 0.946712 0.322081
vn -0.000000 0.792528 0.609836
vn -0.000000 0.946712 0.322081
vn -0.000000 0.792528 0.609836
vn -0.000000 0.792528 0.609835
vn -0.000000 0.946712 0.322081
vn -0.000000 0.792528 0.609835
vn -0.000000 0.792528 0.609835
vn -0.000000 0.946712 0.322081
vn -0.000000 0.792528 0.609835
vn -0.000000 0.792528 0.609835
vn -0.000000 0.946712 0.322081
vn -0.000000 0.792528 0.609835
vn -0.000000 0.792528 0.609835
vn -0.000000 0.946712 0.322081
vn -0.000000 0.792528 0.609835
vn -0.000000 0.758690 0.651452
vn -0.000000 0.946712 0.322081
vn -0.000000 0.758690 0.651452
vn -0.000000 0.946712 0.322081
vn 0.000000 0.792528 0.609835
vn 0.000000 0.946712 0.322081
vn 0.000000 0.946712 0.322081
vn 0.000000 0.792528 0.609835
vn 0.000000 0.946712 0.322081
vn 0.000000 0.792528 0.609835
vn 0.000000 0.792528 0.609835
vn 0.000000 0.792528 0.609835
vn 0.000000 0.792528 0.609835
vn 0.000000 0.792528 0.609835
vn 0.000000 0.792528 0.609835
vn 0.000000 0.792528 0.609835
vn 0.000000 0.792528 0.609835
vn 0.000000 0.792528 0.609835
vn 0.000000 0.792528 0.609835
vn 0.000000 0.792528 0.609835
vn 0.000000 0.792528 0.609835
vn 0.000000 0.792528 0.609835
vn -1.000000 0.000000 0.000000
vn -0.978289 0.124372 -0.165777
vn -0.966245 0.000000 -0.257623
vn -1.000000 0.000000 0.000000
vn -0.966245 0.000000 -0.257623
vn -1.000000 0.000000 0.000000
vn -1.000000 0.000000 0.000000
vn -1.000000 0.000000 0.000000
vn -1.000000 0.000000 0.000000
vn -1.000000 0.000000 0.000000
vn -1.000000 0.000000 0.000000
vn -1.000000 0.000000 0.000000
vn -1.000000 0.000000 0.000000
vn -1.000000 0.000000 0.000000
vn -1.000000 0.000000 0.000000
vn -1.000000 0.000000 0.000000
vn -1.000000 0.000000 0.000000
vn -1.000000 0.000000 0.000000
vn -1.000000 0.000000 0.000000
vn -1.000000 0.000000 0.000000
vn -1.000000 0.000000 0.000000
vn 0.000000 0.792322 0.610103
vn 0.000000 0.792322 0.610103
vn 0.000000 0.792322 0.610103
vn 0.000000 0.792322 0.610103
vn 0.000000 0.792322 0.610103
vn 0.000000 0.792322 0.610103
vn 0.000000 0.792806 0.609474
vn 0.000000 0.792806 0.609474
vn 0.000000 0.792806 0.609474
vn 0.000000 0.792806 0.609474
vn 0.000000 0.792806 0.609474
vn 0.000000 0.792806 0.609474
vn -0.000000 0.792528 0.609835
vn -0.000000 0.792528 0.609835
vn -0.000000 0.792528 0.609835
vn -0.000000 0.792528 0.609835
vn -0.000000 0.792528 0.609835
vn -0.000000 0.792528 0.609835
vn -0.000000 0.792528 0.609835
vn 0.000000 0.792528 0.609835
vn 0.000000 0.792528 0.609835
vn -0.000000 0.792528 0.609835
vn 0.000000 0.792528 0.609835
vn -0.000000 0.792528 0.609835
vn 0.000010 0.137435 0.990511
vn 0.000024 0.137442 0.990510
vn 0.000024 0.137442 0.990510
vn 0.000010 0.137435 0.990511
vn 0.000024 0.137442 0.990510
vn 0.000010 0.137435 0.990511
vn 0.000000 0.137428 0.990512
vn 0.000010 0.137435 0.990511
vn 0.000010 0.137435 0.990511
vn 0.000000 0.137428 0.990512
vn 0.000010 0.137435 0.990511
vn 0.000000 0.137428 0.990512
vn 0.000000 0.137428 0.990512
vn 0.000000 0.137428 0.990512
vn 0.000000 0.137428 0.990512
vn 0.000000 0.137428 0.990512
vn 0.000000 0.137428 0.990512
vn 0.000000 0.137428 0.990512
vn 0.000000 0.137428 0.990512
vn 0.000000 0.137428 0.990512
vn 0.000000 0.137428 0.990512
vn 0.000000 0.137428 0.990512
vn 0.000000 0.137428 0.990512
vn 0.000000 0.137428 0.990512
vn 0.000000 0.137428 0.990512
vn 0.000000 0.137428 0.990512
vn 0.000000 0.137428 0.990512
vn 0.000000 0.137428 0.990512
vn 0.000000 0.137428 0.990512
vn 0.000000 0.137428 0.990512
vn 0.000000 0.137428 0.990512
vn 0.000000 0.137428 0.990512
vn 0.000000 0.137428 0.990512
vn 0.000000 0.137428 0.990512
vn 0.000000 0.137428 0.990512
vn 0.000000 0.137428 0.990512
vn -0.000010 0.137435 0.990511
vn 0.000000 0.137428 0.990512
vn 0.000000 0.137428 0.990512
vn -0.000010 0.137435 0.990511
vn 0.000000 0.137428 0.990512
vn -0.000010 0.137435 0.990511
vn -0.000024 0.137442 0.990510
vn -0.000010 0.137435 0.990511
vn -0.000010 0.137435 0.990511
vn -0.000024 0.137442 0.990510
vn -0.000010 0.137435 0.990511
vn -0.000024 0.137442 0.990510
vn -0.000018 0.137450 0.990509
vn -0.000024 0.137442 0.990510
vn -0.000024 0.137442 0.990510
vn -0.000018 0.137450 0.990509
vn -0.000024 0.137442 0.990510
vn -0.000018 0.137450 0.990509
vn -0.000005 0.137458 0.990508
vn -0.000018 0.137450 0.990509
vn -0.000018 0.137450 0.990509
vn -0.000005 0.137458 0.990508
vn -0.000018 0.137450 0.990509
vn -0.000005 0.137458 0.990508
vn 0.000005 0.137458 0.990508
vn -0.000005 0.137458 0.990508
vn -0.000005 0.137458 0.990508
vn 0.000005 0.137458 0.990508
vn -0.000005 0.137458 0.990508
vn 0.000005 0.137458 0.990508
vn 0.000018 0.137450 0.990509
vn 0.000005 0.137458 0.990508
vn 0.000005 0.137458 0.990508
vn 0.000018 0.137450 0.990509
vn 0.000005 0.137458 0.990508
vn 0.000018 0.137450 0.990509
vn 0.000024 0.137442 0.990510
vn 0.000018 0.137450 0.990509
vn 0.000018 0.137450 0.990509
vn 0.000024 0.137442 0.990510
vn 0.000018 0.137450 0.990509
vn 0.000024 0.137442 0.990510
vn 0.492955 -0.861800 0.119566
vn 0.963794 -0.264120 0.036644
vn 0.963794 -0.264120 0.036644
vn 0.492955 -0.861800 0.119566
vn 0.963794 -0.264120 0.036644
vn 0.492955 -0.861800 0.119566
vn 0.000000 -0.990512 0.137423
vn 0.492955 -0.861800 0.119566
vn 0.492955 -0.861800 0.119566
vn 0.000000 -0.990512 0.137423
vn 0.492955 -0.861800 0.119566
vn 0.000000 -0.990512 0.137423
vn 0.000000 -0.990512 0.137423
vn 0.000000 -0.990512 0.137423
vn 0.000000 -0.990512 0.137423
vn 0.000000 -0.990512 0.137423
vn 0.000000 -0.990512 0.137423
vn 0.000000 -0.990512 0.137423
vn 0.000000 -0.990512 0.137423
vn 0.000000 -0.990512 0.137423
vn 0.000000 -0.990512 0.137423
vn 0.000000 -0.990512 0.137423
vn 0.000000 -0.990512 0.137423
vn 0.000000 -0.990512 0.137423
vn 0.000000 -0.990512 0.137423
vn 0.000000 -0.990512 0.137423
vn 0.000000 -0.990512 0.137423
vn 0.000000 -0.990512 0.137423
vn 0.000000 -0.990512 0.137423
vn 0.000000 -0.990512 0.137423
vn 0.000000 -0.990512 0.137423
vn 0.000000 -0.990512 0.137423
vn 0.000000 -0.990512 0.137423
vn 0.000000 -0.990512 0.137423
vn 0.000000 -0.990512 0.137423
vn 0.000000 -0.990512 0.137423
vn -0.492950 -0.861803 0.119566
vn 0.000000 -0.990512 0.137423
vn 0.000000 -0.990512 0.137423
vn -0.492950 -0.861803 0.119566
vn 0.000000 -0.990512 0.137423
vn -0.492950 -0.861803 0.119566
vn -0.963792 -0.264126 0.036645
vn -0.492950 -0.861803 0.119566
vn -0.492950 -0.861803 0.119566
vn -0.963792 -0.264126 0.036645
vn -0.492950 -0.861803 0.119566
vn -0.963792 -0.264126 0.036645
vn -0.965623 0.257479 -0.035729
vn -0.963792 -0.264126 0.036645
vn -0.963792 -0.264126 0.036645
vn -0.965623 0.257479 -0.035729
vn -0.963792 -0.264126 0.036645
vn -0.965623 0.257479 -0.035729
vn -0.498989 0.858383 -0.119114
vn -0.965623 0.257479 -0.035729
vn -0.965623 0.257479 -0.035729
vn -0.498989 0.858383 -0.119114
vn -0.965623 0.257479 -0.035729
vn -0.498989 0.858383 -0.119114
vn 0.498994 0.858380 -0.119113
vn -0.498989 0.858383 -0.119114
vn -0.498989 0.858383 -0.119114
vn 0.498994 0.858380 -0.119113
vn -0.498989 0.858383 -0.119114
vn 0.498994 0.858380 -0.119113
vn 0.965625 0.257473 -0.035728
vn 0.498994 0.858380 -0.119113
vn 0.498994 0.858380 -0.119113
vn 0.965625 0.257473 -0.035728
vn 0.498994 0.858380 -0.119113
vn 0.965625 0.257473 -0.035728
vn 0.963794 -0.264120 0.036644
vn 0.965625 0.257473 -0.035728
vn 0.965625 0.257473 -0.035728
vn 0.963794 -0.264120 0.036644
vn 0.965625 0.257473 -0.035728
vn 0.963794 -0.264120 0.036644
vn -0.000000 0.792528 0.609835
vn -0.000000 0.946712 0.322081
vn 0.000000 0.946712 0.322081
vn -0.000000 0.792528 0.609835
vn 0.000000 0.946712 0.322081
vn -0.000000 0.792528 0.609835
vn -0.000000 0.792528 0.609835
vn -0.000000 0.792528 0.609835
vn -0.000000 0.792528 0.609835
vn -0.000000 0.792528 0.609835
vn -0.000000 0.792528 0.609835
vn -0.000000 0.792528 0.609835
vn 0.000029 0.792547 0.609811
vn 0.000006 0.946715 0.322072
vn 0.000007 0.758697 0.651444
vn 0.000029 0.792547 0.609811
vn 0.000007 0.758697 0.651444
vn 0.000012 0.792540 0.609820
vn 0.000029 0.792547 0.609811
vn 0.000012 0.792540 0.609820
vn 0.000043 0.792556 0.609799
vn 0.000043 0.792556 0.609799
vn 0.000063 0.792561 0.609792
vn 0.000063 0.792561 0.609792
vn 0.000043 0.792556 0.609799
vn 0.000063 0.792561 0.609792
vn 0.000063 0.792561 0.609792
vn 0.000043 0.792556 0.609799
vn 0.000063 0.792561 0.609792
vn 0.000146 0.792434 0.609958
vn 0.000043 0.792556 0.609799
vn 0.000146 0.792434 0.609958
vn 0.000097 0.792465 0.609917
vn 0.000043 0.792556 0.609799
vn 0.000097 0.792465 0.609917
vn 0.000031 0.792545 0.609814
vn 0.000043 0.792556 0.609799
vn 0.000031 0.792545 0.609814
vn 0.000031 0.792545 0.609814
vn 0.000043 0.792556 0.609799
vn 0.000031 0.792545 0.609814
vn 0.000029 0.792547 0.609811
f 230/1/1 166/2/2 10/3/3
f 230/4/4 10/5/5 328/6/6
f 230/7/7 328/8/8 327/9/9
f 230/10/10 327/11/11 12/12/12
f 230/13/13 12/14/14 3/15/15
f 230/16/16 3/17/17 1/18/18
f 230/19/19 1/20/20 2/21/21
f 230/22/22 2/23/23 147/24/24
f 230/25/25 147/26/26 14/27/27
f 230/28/28 14/29/29 231/30/30
f 230/31/31 231/32/32 218/33/33
f 144/34/34 138/35/35 136/36/36
f 6/37/37 5/38/38 7/39/39
f 6/40/40 7/41/41 11/42/42
f 6/43/43 11/44/44 9/45/45
f 6/46/46 9/47/47 8/48/48
f 6/49/49 8/50/50 253/51/51
f 6/52/52 253/53/53 227/54/54
f 6/55/55 227/56/56 252/57/57
f 6/58/58 252/59/59 165/60/60
f 6/61/61 165/62/62 149/63/63
f 5/64/64 151/65/65 152/66/66
f 5/67/67 152/68/68 217/69/69
f 5/70/70 217/71/71 1/72/72
f 5/73/73 1/74/74 3/75/75
f 5/76/76 3/77/77 176/78/78
f 5/79/79 176/80/80 175/81/81
f 5/82/82 175/83/83 177/84/84
f 5/85/85 177/86/86 174/87/87
f 5/88/88 174/89/89 179/90/90
f 5/91/91 179/92/92 178/93/93
f 5/94/94 178/95/95 180/96/96
f 5/97/97 180/98/98 16/99/99
f 5/100/100 16/101/101 75/102/102
f 5/103/103 75/104/104 65/105/105
f 5/106/106 65/107/107 95/108/108
f 5/109/109 95/110/110 66/111/111
f 5/112/112 66/113/113 89/114/114
f 5/115/115 89/116/116 20/117/117
f 5/118/118 20/119/119 202/120/120
f 5/121/121 202/122/122 7/123/123
f 154/124/124 155/125/125 139/126/126
f 154/127/127 139/128/128 150/129/129
f 204/130/130 17/131/131 4/132/132
f 204/133/133 4/134/134 205/135/135
f 176/136/136 3/137/137 12/138/138
f 176/139/139 12/140/140 173/141/141
f 11/142/142 203/143/143 204/144/144
f 11/145/145 204/146/146 9/147/147
f 231/148/148 14/149/149 197/150/150
f 231/151/151 197/152/152 233/153/153
f 203/154/154 11/155/155 7/156/156
f 203/157/157 7/158/158 202/159/159
f 328/160/160 10/161/161 183/162/162
f 328/163/163 183/164/164 272/165/165
f 75/166/166 16/167/167 15/168/168
f 75/169/169 15/170/170 42/171/171
f 75/172/172 42/173/173 76/174/174
f 325/175/175 324/176/176 323/177/177
f 325/178/178 323/179/179 322/180/180
f 325/181/181 322/182/182 321/183/183
f 325/184/184 321/185/185 320/186/186
f 325/187/187 320/188/188 319/189/189
f 325/190/190 319/191/191 318/192/192
f 325/193/193 318/194/194 317/195/195
f 325/196/196 317/197/197 316/198/198
f 325/199/199 316/200/200 314/201/201
f 325/202/202 314/203/203 315/204/204
f 325/205/205 315/206/206 326/207/207
f 84/208/208 46/209/209 57/210/210
f 84/211/211 57/212/212 86/213/213
f 25/214/214 33/215/215 26/216/216
f 25/217/217 26/218/218 28/219/219
f 158/220/220 40/221/221 119/222/222
f 56/223/223 41/224/224 23/225/225
f 56/226/226 23/227/227 55/228/228
f 28/229/229 26/230/230 32/231/231
f 28/232/232 32/233/233 31/234/234
f 34/235/235 29/236/236 28/237/237
f 34/238/238 28/239/239 31/240/240
f 28/241/241 29/242/242 30/243/243
f 28/244/244 30/245/245 25/246/246
f 25/247/247 30/248/248 13/249/249
f 33/250/250 17/251/251 35/252/252
f 35/253/253 36/254/254 26/255/255
f 35/256/256 26/257/257 33/258/258
f 26/259/259 36/260/260 37/261/261
f 26/262/262 37/263/263 32/264/264
f 57/265/265 46/266/266 43/267/267
f 57/268/268 43/269/269 58/270/270
f 29/271/271 34/272/272 41/273/273
f 29/274/274 41/275/275 56/276/276
f 300/277/277 329/278/278 30/279/279
f 300/280/280 30/281/281 29/282/282
f 300/283/283 29/284/284 161/285/285
f 76/286/286 42/287/287 44/288/288
f 76/289/289 44/290/290 77/291/291
f 159/292/292 36/293/293 35/294/294
f 159/295/295 35/296/296 296/297/297
f 44/298/298 42/299/299 22/300/300
f 44/301/301 22/302/302 39/303/303
f 40/304/304 38/305/305 45/306/306
f 40/307/307 45/308/308 24/309/309
f 45/310/310 38/311/311 19/312/312
f 42/313/313 15/314/314 22/315/315
f 34/316/316 48/317/317 47/318/318
f 34/319/319 47/320/320 41/321/321
f 49/322/322 37/323/323 43/324/324
f 49/325/325 43/326/326 50/327/327
f 32/328/328 37/329/329 49/330/330
f 32/331/331 49/332/332 51/333/333
f 34/334/334 31/335/335 52/336/336
f 34/337/337 52/338/338 48/339/339
f 31/340/340 32/341/341 51/342/342
f 31/343/343 51/344/344 52/345/345
f 43/346/346 46/347/347 53/348/348
f 43/349/349 53/350/350 50/351/351
f 79/352/352 23/353/353 54/354/354
f 79/355/355 54/356/356 82/357/357
f 23/358/358 41/359/359 47/360/360
f 23/361/361 47/362/362 54/363/363
f 37/364/364 36/365/365 58/366/366
f 37/367/367 58/368/368 43/369/369
f 119/370/370 40/371/371 24/372/372
f 119/373/373 24/374/374 116/375/375
f 125/376/376 55/377/377 78/378/378
f 125/379/379 78/380/380 121/381/381
f 124/382/382 44/383/383 39/384/384
f 124/385/385 39/386/386 21/387/387
f 21/388/388 39/389/389 162/390/390
f 116/391/391 24/392/392 88/393/393
f 116/394/394 88/395/395 113/396/396
f 88/397/397 24/398/398 45/399/399
f 88/400/400 45/401/401 87/402/402
f 87/403/403 45/404/404 19/405/405
f 87/406/406 19/407/407 20/408/408
f 87/409/409 20/410/410 89/411/411
f 98/412/412 62/413/413 100/414/414
f 71/415/415 129/416/416 63/417/417
f 130/418/418 69/419/419 63/420/420
f 65/421/421 61/422/422 67/423/423
f 127/424/424 128/425/425 70/426/426
f 127/427/427 70/428/428 92/429/429
f 68/430/430 60/431/431 66/432/432
f 130/433/433 68/434/434 94/435/435
f 130/436/436 94/437/437 131/438/438
f 72/439/439 132/440/440 64/441/441
f 94/442/442 68/443/443 66/444/444
f 94/445/445 66/446/446 95/447/447
f 78/448/448 55/449/449 23/450/450
f 78/451/451 23/452/452 79/453/453
f 90/454/454 73/455/455 59/456/456
f 90/457/457 59/458/458 91/459/459
f 87/460/460 60/461/461 63/462/462
f 87/463/463 63/464/464 88/465/465
f 89/466/466 66/467/467 60/468/468
f 89/469/469 60/470/470 87/471/471
f 109/472/472 59/473/473 86/474/474
f 109/475/475 86/476/476 112/477/477
f 86/478/478 59/479/479 73/480/480
f 86/481/481 73/482/482 84/483/483
f 85/484/484 53/485/485 46/486/486
f 85/487/487 46/488/488 84/489/489
f 83/490/490 85/491/491 84/492/492
f 83/493/493 84/494/494 73/495/495
f 80/496/496 83/497/497 73/498/498
f 80/499/499 73/500/500 90/501/501
f 82/502/502 81/503/503 74/504/504
f 82/505/505 74/506/506 79/507/507
f 79/508/508 74/509/509 62/510/510
f 79/511/511 62/512/512 78/513/513
f 97/514/514 64/515/515 77/516/516
f 97/517/517 77/518/518 122/519/519
f 77/520/520 64/521/521 61/522/522
f 77/523/523 61/524/524 76/525/525
f 76/526/526 61/527/527 65/528/528
f 76/529/529 65/530/530 75/531/531
f 95/532/532 65/533/533 67/534/534
f 95/535/535 67/536/536 94/537/537
f 131/538/538 93/539/539 69/540/540
f 131/541/541 69/542/542 130/543/543
f 100/544/544 62/545/545 91/546/546
f 100/547/547 91/548/548 104/549/549
f 91/550/550 62/551/551 74/552/552
f 91/553/553 74/554/554 90/555/555
f 90/556/556 74/557/557 81/558/558
f 90/559/559 81/560/560 80/561/561
f 115/562/562 57/563/563 58/564/564
f 115/565/565 58/566/566 118/567/567
f 112/568/568 86/569/569 57/570/570
f 112/571/571 57/572/572 115/573/573
f 113/574/574 88/575/575 63/576/576
f 113/577/577 63/578/578 110/579/579
f 106/580/580 59/581/581 109/582/582
f 104/583/583 91/584/584 59/585/585
f 104/586/586 59/587/587 106/588/588
f 64/589/589 92/590/590 70/591/591
f 27/592/592 56/593/593 55/594/594
f 27/595/595 55/596/596 125/597/597
f 122/598/598 77/599/599 44/600/600
f 122/601/601 44/602/602 124/603/603
f 121/604/604 78/605/605 62/606/606
f 121/607/607 62/608/608 98/609/609
f 126/610/610 27/611/611 125/612/612
f 126/613/613 125/614/614 123/615/615
f 123/616/616 125/617/617 121/618/618
f 123/619/619 121/620/620 120/621/621
f 120/622/622 121/623/623 98/624/624
f 120/625/625 98/626/626 96/627/627
f 96/628/628 98/629/629 100/630/630
f 96/631/631 100/632/632 99/633/633
f 99/634/634 100/635/635 104/636/636
f 99/637/637 104/638/638 102/639/639
f 102/640/640 104/641/641 106/642/642
f 102/643/643 106/644/644 105/645/645
f 105/646/646 106/647/647 109/648/648
f 105/649/649 109/650/650 108/651/651
f 108/652/652 109/653/653 112/654/654
f 108/655/655 112/656/656 111/657/657
f 111/658/658 112/659/659 115/660/660
f 111/661/661 115/662/662 114/663/663
f 114/664/664 115/665/665 118/666/666
f 114/667/667 118/668/668 117/669/669
f 116/670/670 114/671/671 117/672/672
f 116/673/673 117/674/674 119/675/675
f 113/676/676 111/677/677 114/678/678
f 113/679/679 114/680/680 116/681/681
f 107/682/682 105/683/683 108/684/684
f 107/685/685 108/686/686 110/687/687
f 110/688/688 108/689/689 111/690/690
f 110/691/691 111/692/692 113/693/693
f 103/694/694 102/695/695 105/696/696
f 103/697/697 105/698/698 107/699/699
f 101/700/700 99/701/701 102/702/702
f 101/703/703 102/704/704 103/705/705
f 97/706/706 96/707/707 99/708/708
f 97/709/709 99/710/710 101/711/711
f 122/712/712 120/713/713 96/714/714
f 122/715/715 96/716/716 97/717/717
f 21/718/718 126/719/719 123/720/720
f 21/721/721 123/722/722 124/723/723
f 124/724/724 123/725/725 120/726/726
f 124/727/727 120/728/728 122/729/729
f 129/730/730 71/731/731 128/732/732
f 129/733/733 128/734/734 127/735/735
f 132/736/736 72/737/737 93/738/738
f 132/739/739 93/740/740 131/741/741
f 127/742/742 103/743/743 107/744/744
f 127/745/745 107/746/746 129/747/747
f 92/748/748 101/749/749 103/750/750
f 92/751/751 103/752/752 127/753/753
f 129/754/754 107/755/755 110/756/756
f 129/757/757 110/758/758 63/759/759
f 64/760/760 97/761/761 101/762/762
f 64/763/763 101/764/764 92/765/765
f 60/766/766 68/767/767 130/768/768
f 94/769/769 67/770/770 132/771/771
f 94/772/772 132/773/773 131/774/774
f 61/775/775 64/776/776 132/777/777
f 71/778/778 63/779/779 69/780/780
f 128/781/781 71/782/782 69/783/783
f 128/784/784 69/785/785 93/786/786
f 70/787/787 128/788/788 93/789/789
f 70/790/790 93/791/791 72/792/792
f 64/793/793 70/794/794 72/795/795
f 130/796/796 63/797/797 60/798/798
f 132/799/799 67/800/800 61/801/801
f 143/802/802 134/803/803 133/804/804
f 143/805/805 133/806/806 141/807/807
f 134/808/808 143/809/809 142/810/810
f 135/811/811 137/812/812 145/813/813
f 146/814/814 141/815/815 133/816/816
f 207/817/817 149/818/818 165/819/819
f 207/820/820 165/821/821 206/822/822
f 209/823/823 147/824/824 2/825/825
f 209/826/826 2/827/827 216/828/828
f 248/829/829 4/830/830 17/831/831
f 248/832/832 17/833/833 146/834/834
f 248/835/835 146/836/836 145/837/837
f 248/838/838 145/839/839 18/840/840
f 248/841/841 18/842/842 249/843/843
f 248/844/844 249/845/845 225/846/846
f 143/847/847 25/848/848 13/849/849
f 143/850/850 13/851/851 142/852/852
f 141/853/853 33/854/854 25/855/855
f 141/856/856 25/857/857 143/858/858
f 146/859/859 17/860/860 33/861/861
f 146/862/862 33/863/863 141/864/864
f 142/865/865 13/866/866 163/867/867
f 142/868/868 163/869/869 246/870/870
f 142/871/871 246/872/872 224/873/873
f 142/874/874 224/875/875 247/876/876
f 142/877/877 247/878/878 164/879/879
f 142/880/880 164/881/881 144/882/882
f 136/883/883 135/884/884 133/885/885
f 136/886/886 133/887/887 134/888/888
f 145/889/889 146/890/890 133/891/891
f 145/892/892 133/893/893 135/894/894
f 136/895/895 134/896/896 142/897/897
f 136/898/898 142/899/899 144/900/900
f 208/901/901 6/902/902 149/903/903
f 208/904/904 149/905/905 207/906/906
f 151/907/907 5/908/908 6/909/909
f 151/910/910 6/911/911 208/912/912
f 151/913/913 208/914/914 140/915/915
f 151/916/916 140/917/917 156/918/918
f 154/919/919 152/920/920 151/921/921
f 154/922/922 151/923/923 156/924/924
f 148/925/925 153/926/926 156/927/927
f 148/928/928 156/929/929 140/930/930
f 154/931/931 156/932/932 153/933/933
f 154/934/934 153/935/935 155/936/936
f 148/937/937 137/938/938 135/939/939
f 148/940/940 135/941/941 136/942/942
f 148/943/943 136/944/944 138/945/945
f 148/946/946 138/947/947 274/948/948
f 216/949/949 2/950/950 1/951/951
f 216/952/952 1/953/953 217/954/954
f 118/955/955 58/956/956 36/957/957
f 118/958/958 36/959/959 159/960/960
f 117/961/961 118/962/962 159/963/963
f 117/964/964 159/965/965 157/966/966
f 119/967/967 117/968/968 157/969/969
f 119/970/970 157/971/971 158/972/972
f 161/973/973 29/974/974 56/975/975
f 161/976/976 56/977/977 27/978/978
f 126/979/979 21/980/980 162/981/981
f 126/982/982 162/983/983 160/984/984
f 27/985/985 126/986/986 160/987/987
f 27/988/988 160/989/989 161/990/990
f 249/991/991 18/992/992 206/993/993
f 249/994/994 206/995/995 251/996/996
f 183/997/997 10/998/998 166/999/999
f 183/1000/1000 166/1001/1001 194/1002/1002
f 214/1003/1003 274/1004/1004 138/1005/1005
f 214/1006/1006 138/1007/1007 144/1008/1008
f 214/1009/1009 144/1010/1010 164/1011/1011
f 214/1012/1012 164/1013/1013 201/1014/1014
f 246/1015/1015 163/1016/1016 193/1017/1017
f 246/1018/1018 193/1019/1019 244/1020/1020
f 193/1021/1021 163/1022/1022 13/1023/1023
f 193/1024/1024 13/1025/1025 187/1026/1026
f 330/1027/1027 22/1028/1028 15/1029/1029
f 330/1030/1030 15/1031/1031 169/1032/1032
f 330/1033/1033 169/1034/1034 270/1035/1035
f 169/1036/1036 15/1037/1037 16/1038/1038
f 169/1039/1039 16/1040/1040 180/1041/1041
f 175/1042/1042 176/1043/1043 173/1044/1044
f 175/1045/1045 173/1046/1046 171/1047/1047
f 272/1048/1048 183/1049/1049 182/1050/1050
f 272/1051/1051 182/1052/1052 271/1053/1053
f 182/1054/1054 183/1055/1055 194/1056/1056
f 182/1057/1057 194/1058/1058 189/1059/1059
f 233/1060/1060 197/1061/1061 196/1062/1062
f 233/1063/1063 196/1064/1064 235/1065/1065
f 235/1066/1066 196/1067/1067 198/1068/1068
f 235/1069/1069 198/1070/1070 237/1071/1071
f 184/1072/1072 182/1073/1073 189/1074/1074
f 184/1075/1075 189/1076/1076 190/1077/1077
f 271/1078/1078 182/1079/1079 184/1080/1080
f 271/1081/1081 184/1082/1082 254/1083/1083
f 177/1084/1084 175/1085/1085 171/1086/1086
f 177/1087/1087 171/1088/1088 172/1089/1089
f 174/1090/1090 177/1091/1091 172/1092/1092
f 174/1093/1093 172/1094/1094 167/1095/1095
f 254/1096/1096 184/1097/1097 181/1098/1098
f 254/1099/1099 181/1100/1100 273/1101/1101
f 181/1102/1102 184/1103/1103 190/1104/1104
f 181/1105/1105 190/1106/1106 188/1107/1107
f 237/1108/1108 198/1109/1109 195/1110/1110
f 237/1111/1111 195/1112/1112 239/1113/1113
f 239/1114/1114 195/1115/1115 200/1116/1116
f 239/1117/1117 200/1118/1118 241/1119/1119
f 186/1120/1120 181/1121/1121 188/1122/1122
f 186/1123/1123 188/1124/1124 192/1125/1125
f 273/1126/1126 181/1127/1127 186/1128/1128
f 273/1129/1129 186/1130/1130 256/1131/1131
f 179/1132/1132 174/1133/1133 167/1134/1134
f 179/1135/1135 167/1136/1136 170/1137/1137
f 178/1138/1138 179/1139/1139 170/1140/1140
f 178/1141/1141 170/1142/1142 168/1143/1143
f 256/1144/1144 186/1145/1145 185/1146/1146
f 256/1147/1147 185/1148/1148 258/1149/1149
f 185/1150/1150 186/1151/1151 192/1152/1152
f 185/1153/1153 192/1154/1154 191/1155/1155
f 241/1156/1156 200/1157/1157 199/1158/1158
f 241/1159/1159 199/1160/1160 243/1161/1161
f 243/1162/1162 199/1163/1163 201/1164/1164
f 243/1165/1165 201/1166/1166 245/1167/1167
f 187/1168/1168 185/1169/1169 191/1170/1170
f 187/1171/1171 191/1172/1172 193/1173/1173
f 258/1174/1174 185/1175/1175 187/1176/1176
f 258/1177/1177 187/1178/1178 260/1179/1179
f 180/1180/1180 178/1181/1181 168/1182/1182
f 180/1183/1183 168/1184/1184 169/1185/1185
f 207/1186/1186 148/1187/1187 140/1188/1188
f 207/1189/1189 140/1190/1190 208/1191/1191
f 206/1192/1192 18/1193/1193 145/1194/1194
f 206/1195/1195 145/1196/1196 137/1197/1197
f 206/1198/1198 137/1199/1199 148/1200/1200
f 206/1201/1201 148/1202/1202 207/1203/1203
f 253/1204/1204 8/1205/1205 205/1206/1206
f 253/1207/1207 205/1208/1208 250/1209/1209
f 205/1210/1210 8/1211/1211 9/1212/1212
f 205/1213/1213 9/1214/1214 204/1215/1215
f 202/1216/1216 20/1217/1217 19/1218/1218
f 202/1219/1219 19/1220/1220 203/1221/1221
f 197/1222/1222 14/1223/1223 147/1224/1224
f 197/1225/1225 147/1226/1226 209/1227/1227
f 196/1228/1228 197/1229/1229 209/1230/1230
f 196/1231/1231 209/1232/1232 139/1233/1233
f 196/1234/1234 139/1235/1235 213/1236/1236
f 215/1237/1237 214/1238/1238 201/1239/1239
f 215/1240/1240 201/1241/1241 199/1242/1242
f 210/1243/1243 215/1244/1244 199/1245/1245
f 210/1246/1246 199/1247/1247 200/1248/1248
f 212/1249/1249 210/1250/1250 200/1251/1251
f 212/1252/1252 200/1253/1253 195/1254/1254
f 211/1255/1255 212/1256/1256 195/1257/1257
f 211/1258/1258 195/1259/1259 198/1260/1260
f 213/1261/1261 211/1262/1262 198/1263/1263
f 213/1264/1264 198/1265/1265 196/1266/1266
f 217/1267/1267 152/1268/1268 154/1269/1269
f 217/1270/1270 154/1271/1271 150/1272/1272
f 217/1273/1273 150/1274/1274 216/1275/1275
f 216/1276/1276 150/1277/1277 139/1278/1278
f 216/1279/1279 139/1280/1280 209/1281/1281
f 251/1282/1282 206/1283/1283 165/1284/1284
f 251/1285/1285 165/1286/1286 252/1287/1287
f 250/1288/1288 205/1289/1289 4/1290/1290
f 250/1291/1291 4/1292/1292 248/1293/1293
f 245/1294/1294 201/1295/1295 164/1296/1296
f 245/1297/1297 164/1298/1298 247/1299/1299
f 244/1300/1300 193/1301/1301 191/1302/1302
f 244/1303/1303 191/1304/1304 242/1305/1305
f 242/1306/1306 191/1307/1307 192/1308/1308
f 242/1309/1309 192/1310/1310 240/1311/1311
f 240/1312/1312 192/1313/1313 188/1314/1314
f 240/1315/1315 188/1316/1316 238/1317/1317
f 232/1318/1318 194/1319/1319 166/1320/1320
f 232/1321/1321 166/1322/1322 230/1323/1323
f 234/1324/1324 189/1325/1325 194/1326/1326
f 234/1327/1327 194/1328/1328 232/1329/1329
f 236/1330/1330 190/1331/1331 189/1332/1332
f 236/1333/1333 189/1334/1334 234/1335/1335
f 238/1336/1336 188/1337/1337 190/1338/1338
f 238/1339/1339 190/1340/1340 236/1341/1341
f 252/1342/1342 227/1343/1343 226/1344/1344
f 252/1345/1345 226/1346/1346 251/1347/1347
f 250/1348/1348 226/1349/1349 227/1350/1350
f 250/1351/1351 227/1352/1352 253/1353/1353
f 251/1354/1354 226/1355/1355 225/1356/1356
f 251/1357/1357 225/1358/1358 249/1359/1359
f 248/1360/1360 225/1361/1361 226/1362/1362
f 248/1363/1363 226/1364/1364 250/1365/1365
f 247/1366/1366 224/1367/1367 223/1368/1368
f 247/1369/1369 223/1370/1370 245/1371/1371
f 245/1372/1372 223/1373/1373 222/1374/1374
f 245/1375/1375 222/1376/1376 243/1377/1377
f 243/1378/1378 222/1379/1379 221/1380/1380
f 243/1381/1381 221/1382/1382 241/1383/1383
f 241/1384/1384 221/1385/1385 220/1386/1386
f 241/1387/1387 220/1388/1388 239/1389/1389
f 239/1390/1390 220/1391/1391 228/1392/1392
f 239/1393/1393 228/1394/1394 237/1395/1395
f 237/1396/1396 228/1397/1397 229/1398/1398
f 237/1399/1399 229/1400/1400 235/1401/1401
f 235/1402/1402 229/1403/1403 219/1404/1404
f 235/1405/1405 219/1406/1406 233/1407/1407
f 233/1408/1408 219/1409/1409 218/1410/1410
f 233/1411/1411 218/1412/1412 231/1413/1413
f 230/1414/1414 218/1415/1415 219/1416/1416
f 230/1417/1417 219/1418/1418 232/1419/1419
f 232/1420/1420 219/1421/1421 229/1422/1422
f 232/1423/1423 229/1424/1424 234/1425/1425
f 234/1426/1426 229/1427/1427 228/1428/1428
f 234/1429/1429 228/1430/1430 236/1431/1431
f 236/1432/1432 228/1433/1433 220/1434/1434
f 236/1435/1435 220/1436/1436 238/1437/1437
f 238/1438/1438 220/1439/1439 221/1440/1440
f 238/1441/1441 221/1442/1442 240/1443/1443
f 240/1444/1444 221/1445/1445 222/1446/1446
f 240/1447/1447 222/1448/1448 242/1449/1449
f 242/1450/1450 222/1451/1451 223/1452/1452
f 242/1453/1453 223/1454/1454 244/1455/1455
f 244/1456/1456 223/1457/1457 224/1458/1458
f 244/1459/1459 224/1460/1460 246/1461/1461
f 257/1462/1462 171/1463/1463 173/1464/1464
f 257/1465/1465 173/1466/1466 255/1467/1467
f 259/1468/1468 172/1469/1469 171/1470/1470
f 259/1471/1471 171/1472/1472 257/1473/1473
f 262/1474/1474 167/1475/1475 172/1476/1476
f 262/1477/1477 172/1478/1478 259/1479/1479
f 292/1480/1480 291/1481/1481 288/1482/1482
f 292/1483/1483 288/1484/1484 287/1485/1485
f 270/1486/1486 169/1487/1487 168/1488/1488
f 270/1489/1489 168/1490/1490 267/1491/1491
f 279/1492/1492 278/1493/1493 277/1494/1494
f 279/1495/1495 277/1496/1496 275/1497/1497
f 281/1498/1498 282/1499/1499 284/1500/1500
f 281/1501/1501 284/1502/1502 283/1503/1503
f 261/1504/1504 265/1505/1505 268/1506/1506
f 261/1507/1507 268/1508/1508 266/1509/1509
f 269/1510/1510 263/1511/1511 265/1512/1512
f 269/1513/1513 265/1514/1514 261/1515/1515
f 267/1516/1516 168/1517/1517 170/1518/1518
f 267/1519/1519 170/1520/1520 264/1521/1521
f 148/1522/1522 274/1523/1523 214/1524/1524
f 148/1525/1525 214/1526/1526 215/1527/1527
f 148/1528/1528 215/1529/1529 210/1530/1530
f 148/1531/1531 210/1532/1532 212/1533/1533
f 148/1534/1534 212/1535/1535 211/1536/1536
f 148/1537/1537 211/1538/1538 213/1539/1539
f 148/1540/1540 213/1541/1541 139/1542/1542
f 148/1543/1543 139/1544/1544 155/1545/1545
f 148/1546/1546 155/1547/1547 153/1548/1548
f 265/1549/1549 263/1550/1550 276/1551/1551
f 265/1552/1552 276/1553/1553 275/1554/1554
f 268/1555/1555 265/1556/1556 275/1557/1557
f 268/1558/1558 275/1559/1559 277/1560/1560
f 258/1561/1561 260/1562/1562 278/1563/1563
f 258/1564/1564 278/1565/1565 279/1566/1566
f 256/1567/1567 258/1568/1568 279/1569/1569
f 256/1570/1570 279/1571/1571 280/1572/1572
f 263/1573/1573 256/1574/1574 280/1575/1575
f 263/1576/1576 280/1577/1577 276/1578/1578
f 260/1579/1579 268/1580/1580 277/1581/1581
f 260/1582/1582 277/1583/1583 278/1584/1584
f 261/1585/1585 266/1586/1586 282/1587/1587
f 261/1588/1588 282/1589/1589 281/1590/1590
f 270/1591/1591 267/1592/1592 283/1593/1593
f 270/1594/1594 283/1595/1595 284/1596/1596
f 264/1597/1597 269/1598/1598 285/1599/1599
f 264/1600/1600 285/1601/1601 286/1602/1602
f 266/1603/1603 270/1604/1604 284/1605/1605
f 266/1606/1606 284/1607/1607 282/1608/1608
f 269/1609/1609 261/1610/1610 281/1611/1611
f 269/1612/1612 281/1613/1613 285/1614/1614
f 267/1615/1615 264/1616/1616 286/1617/1617
f 267/1618/1618 286/1619/1619 283/1620/1620
f 262/1621/1621 259/1622/1622 287/1623/1623
f 262/1624/1624 287/1625/1625 288/1626/1626
f 259/1627/1627 257/1628/1628 289/1629/1629
f 259/1630/1630 289/1631/1631 287/1632/1632
f 257/1633/1633 255/1634/1634 290/1635/1635
f 257/1636/1636 290/1637/1637 289/1638/1638
f 273/1639/1639 262/1640/1640 288/1641/1641
f 273/1642/1642 288/1643/1643 291/1644/1644
f 254/1645/1645 273/1646/1646 291/1647/1647
f 254/1648/1648 291/1649/1649 292/1650/1650
f 271/1651/1651 254/1652/1652 292/1653/1653
f 271/1654/1654 292/1655/1655 293/1656/1656
f 272/1657/1657 271/1658/1658 293/1659/1659
f 272/1660/1660 293/1661/1661 294/1662/1662
f 255/1663/1663 272/1664/1664 294/1665/1665
f 255/1666/1666 294/1667/1667 290/1668/1668
f 297/1669/1669 38/1670/1670 40/1671/1671
f 297/1672/1672 40/1673/1673 158/1674/1674
f 295/1675/1675 297/1676/1676 158/1677/1677
f 295/1678/1678 158/1679/1679 157/1680/1680
f 296/1681/1681 295/1682/1682 157/1683/1683
f 296/1684/1684 157/1685/1685 159/1686/1686
f 203/1687/1687 19/1688/1688 38/1689/1689
f 203/1690/1690 38/1691/1691 297/1692/1692
f 203/1693/1693 297/1694/1694 295/1695/1695
f 203/1696/1696 295/1697/1697 296/1698/1698
f 203/1699/1699 296/1700/1700 35/1701/1701
f 203/1702/1702 35/1703/1703 17/1704/1704
f 203/1705/1705 17/1706/1706 204/1707/1707
f 264/1708/1708 170/1709/1709 167/1710/1710
f 264/1711/1711 167/1712/1712 262/1713/1713
f 262/1714/1714 273/1715/1715 256/1716/1716
f 262/1717/1717 256/1718/1718 263/1719/1719
f 262/1720/1720 263/1721/1721 269/1722/1722
f 262/1723/1723 269/1724/1724 264/1725/1725
f 162/1726/1726 39/1727/1727 22/1728/1728
f 162/1729/1729 22/1730/1730 330/1731/1731
f 162/1732/1732 330/1733/1733 299/1734/1734
f 298/1735/1735 300/1736/1736 161/1737/1737
f 298/1738/1738 161/1739/1739 160/1740/1740
f 299/1741/1741 298/1742/1742 160/1743/1743
f 299/1744/1744 160/1745/1745 162/1746/1746
f 275/1747/1747 276/1748/1748 280/1749/1749
f 275/1750/1750 280/1751/1751 279/1752/1752
f 283/1753/1753 286/1754/1754 285/1755/1755
f 283/1756/1756 285/1757/1757 281/1758/1758
f 289/1759/1759 290/1760/1760 294/1761/1761
f 289/1762/1762 294/1763/1763 293/1764/1764
f 293/1765/1765 292/1766/1766 287/1767/1767
f 293/1768/1768 287/1769/1769 289/1770/1770
f 54/1771/1771 47/1772/1772 302/1773/1773
f 54/1774/1774 302/1775/1775 301/1776/1776
f 82/1777/1777 54/1778/1778 301/1779/1779
f 82/1780/1780 301/1781/1781 303/1782/1782
f 81/1783/1783 82/1784/1784 303/1785/1785
f 81/1786/1786 303/1787/1787 304/1788/1788
f 80/1789/1789 81/1790/1790 304/1791/1791
f 80/1792/1792 304/1793/1793 305/1794/1794
f 83/1795/1795 80/1796/1796 305/1797/1797
f 83/1798/1798 305/1799/1799 306/1800/1800
f 85/1801/1801 83/1802/1802 306/1803/1803
f 85/1804/1804 306/1805/1805 307/1806/1806
f 53/1807/1807 85/1808/1808 307/1809/1809
f 53/1810/1810 307/1811/1811 308/1812/1812
f 50/1813/1813 53/1814/1814 308/1815/1815
f 50/1816/1816 308/1817/1817 309/1818/1818
f 49/1819/1819 50/1820/1820 309/1821/1821
f 49/1822/1822 309/1823/1823 310/1824/1824
f 51/1825/1825 49/1826/1826 310/1827/1827
f 51/1828/1828 310/1829/1829 311/1830/1830
f 52/1831/1831 51/1832/1832 311/1833/1833
f 52/1834/1834 311/1835/1835 312/1836/1836
f 48/1837/1837 52/1838/1838 312/1839/1839
f 48/1840/1840 312/1841/1841 313/1842/1842
f 47/1843/1843 48/1844/1844 313/1845/1845
f 47/1846/1846 313/1847/1847 302/1848/1848
f 301/1849/1849 302/1850/1850 315/1851/1851
f 301/1852/1852 315/1853/1853 314/1854/1854
f 303/1855/1855 301/1856/1856 314/1857/1857
f 303/1858/1858 314/1859/1859 316/1860/1860
f 304/1861/1861 303/1862/1862 316/1863/1863
f 304/1864/1864 316/1865/1865 317/1866/1866
f 305/1867/1867 304/1868/1868 317/1869/1869
f 305/1870/1870 317/1871/1871 318/1872/1872
f 306/1873/1873 305/1874/1874 318/1875/1875
f 306/1876/1876 318/1877/1877 319/1878/1878
f 307/1879/1879 306/1880/1880 319/1881/1881
f 307/1882/1882 319/1883/1883 320/1884/1884
f 308/1885/1885 307/1886/1886 320/1887/1887
f 308/1888/1888 320/1889/1889 321/1890/1890
f 309/1891/1891 308/1892/1892 321/1893/1893
f 309/1894/1894 321/1895/1895 322/1896/1896
f 310/1897/1897 309/1898/1898 322/1899/1899
f 310/1900/1900 322/1901/1901 323/1902/1902
f 311/1903/1903 310/1904/1904 323/1905/1905
f 311/1906/1906 323/1907/1907 324/1908/1908
f 312/1909/1909 311/1910/1910 324/1911/1911
f 312/1912/1912 324/1913/1913 325/1914/1914
f 313/1915/1915 312/1916/1916 325/1917/1917
f 313/1918/1918 325/1919/1919 326/1920/1920
f 302/1921/1921 313/1922/1922 326/1923/1923
f 302/1924/1924 326/1925/1925 315/1926/1926
f 255/1927/1927 173/1928/1928 12/1929/1929
f 255/1930/1930 12/1931/1931 327/1932/1932
f 327/1933/1933 328/1934/1934 272/1935/1935
f 327/1936/1936 272/1937/1937 255/1938/1938
f 260/1939/1939 187/1940/1940 13/1941/1941
f 260/1942/1942 13/1943/1943 30/1944/1944
f 260/1945/1945 30/1946/1946 329/1947/1947
f 329/1948/1948 300/1949/1949 298/1950/1950
f 329/1951/1951 298/1952/1952 299/1953/1953
f 329/1954/1954 299/1955/1955 330/1956/1956
f 329/1957/1957 330/1958/1958 270/1959/1959
f 329/1960/1960 270/1961/1961 266/1962/1962
f 329/1963/1963 266/1964/1964 268/1965/1965
f 329/1966/1966 268/1967/1967 260/1968/1968
