v -8.133067 -5.000000 -5.422502
v -8.133067 -5.000000 8.692113
v -8.133067 10.049720 -5.422502
v 5.469972 5.000000 8.383230
v 8.201872 -5.000000 -5.422502
v 8.201872 -5.000000 8.692113
v 8.201872 10.049720 -5.422502
v 8.201872 5.000000 8.383230
v 8.201872 5.000000 3.750000
v -8.133067 5.000000 3.750000
v 8.201872 10.049720 -2.812500
v -8.133067 10.049720 -2.812500
v 1.820463 5.000000 3.750000
v -8.133067 4.722532 8.692113
v 1.820463 10.049720 -2.812500
v 1.820463 10.049720 -5.422502
v 5.469972 5.000000 3.750000
v 5.469972 4.722626 8.692113
v 5.469972 10.049720 -2.812500
v 5.469972 10.049720 -5.422502
v 1.820463 11.133784 -1.308359
v 1.820463 9.896847 -2.613830
v 1.934510 12.415249 3.576099
v 5.355925 10.913945 -2.812500
v 1.934510 5.000000 3.750000
v 5.355925 5.860752 3.750000
v 1.820463 11.879419 1.302585
v 1.934510 5.860752 3.750000
v 1.820463 6.018664 3.544922
v 1.820463 5.157804 3.544922
v 1.934510 6.187529 4.440289
v 5.355925 6.187529 4.440289
v 5.355925 5.000000 3.750000
v 1.820463 6.382145 4.413284
v 5.469972 5.157804 3.544922
v 5.469972 6.018664 3.544922
v 5.469972 6.382145 4.413284
v 5.469972 9.896847 -2.613830
v 1.820463 10.760967 -2.613830
v 5.469972 10.760967 -2.613830
v 1.820463 12.226714 3.602262
v 1.934510 10.049720 -2.812500
v 5.469972 12.226714 3.602262
v 1.934510 10.913945 -2.812500
v 5.355925 10.049720 -2.812500
v 5.355925 12.415249 3.576099
v 1.874387 12.162790 3.776728
v 1.874387 6.490911 4.563761
v 5.416048 6.490911 4.563761
v 5.416048 12.162790 3.776728
v 5.305371 6.302046 4.589969
v 1.985064 6.302046 4.589969
v 5.305371 12.345751 3.751339
v 1.985064 12.345751 3.751339
v 1.934510 12.422992 2.495641
v 1.820463 12.252236 2.608057
v 5.355925 12.422992 2.495641
v 5.469972 12.252236 2.608057
v 4.500571 12.422992 2.495641
v 4.500571 10.049720 -2.812500
v 2.789864 10.049720 -2.812500
v 2.789864 12.422992 2.495641
v 4.500571 10.913945 -2.812500
v 2.789864 10.913945 -2.812500
v 2.790936 10.049720 -5.422502
v 4.499499 10.049720 -5.422502
v 2.998034 10.049720 -4.453125
v 4.292401 10.049720 -4.453125
v 4.290647 10.826632 -4.363403
v 2.999693 12.092325 -3.017578
v 4.290742 12.092325 -3.017578
v 2.999788 10.826632 -4.363403
v 4.500571 12.415249 3.576099
v 2.789864 12.415249 3.576099
v 2.361155 10.049720 -5.422502
v 2.362187 10.049720 -2.812500
v 2.362187 10.913945 -2.812500
v 2.362187 12.422992 2.495641
v 2.362187 12.415249 3.576099
v 3.645218 12.345751 3.751339
v 2.815141 12.345751 3.751339
v 2.400102 12.345751 3.751339
v 4.475295 12.345751 3.751339
v 4.928248 12.415249 3.576099
v 4.890333 12.345751 3.751339
v 4.928248 12.422992 2.495641
v 4.928248 10.049720 -2.812500
v 4.928248 10.913945 -2.812500
v 4.929280 10.049720 -5.422502
v 3.645217 12.415249 3.576099
v 3.645217 12.422992 2.495641
v 2.997020 12.289499 -2.646621
v 3.645218 10.826632 -4.363403
v 3.645218 10.049720 -4.453125
v 3.645218 10.049720 -5.422502
v 2.789864 11.668468 -0.158430
v 2.789864 11.291206 -1.485465
v 2.789864 12.045731 1.168606
v 2.896783 12.354093 -0.158430
v 2.843323 12.388542 1.168606
v 2.950243 12.319643 -1.485465
v 3.645217 12.354093 -0.158430
v 3.645217 12.319643 -1.485465
v 3.645217 12.388542 1.168606
v 4.393652 12.354093 -0.158430
v 4.447112 12.388542 1.168605
v 4.340192 12.319643 -1.485465
v 4.500571 11.668468 -0.158430
v 4.500571 12.045731 1.168606
v 4.500571 11.291206 -1.485465
v 4.928248 11.668468 -0.158430
v 4.928248 12.045731 1.168606
v 4.928248 11.291206 -1.485465
v 5.355925 11.668468 -0.158430
v 5.355925 12.045731 1.168606
v 5.355925 11.291206 -1.485465
v 5.469972 11.506601 -0.002887
v 5.469972 11.879419 1.302585
v 5.469972 11.133784 -1.308359
v 2.362187 11.668468 -0.158430
v 2.362187 12.045731 1.168606
v 2.362187 11.291206 -1.485465
v 1.934510 11.668468 -0.158430
v 1.934510 11.291206 -1.485465
v 1.934510 12.045731 1.168606
v 1.820463 11.506601 -0.002887
v 3.645217 12.289499 -2.646621
v 3.645217 12.092325 -3.017578
v 4.293415 12.289499 -2.646621
v 4.292401 10.569118 -4.453125
v 3.645218 10.569118 -4.453125
v 2.998034 10.569118 -4.453125
v 5.355925 4.260335 3.924730
v 1.934510 4.260335 3.924730
v 5.355260 4.260335 8.692113
v 1.934510 4.260335 8.692113
v 5.469972 4.260335 8.692113
v 1.820463 4.260335 8.692113
v -6.117864 3.109008 8.692113
v 5.469590 -5.000000 8.692113
v 5.355925 4.445251 3.750000
v 1.820463 4.445251 3.750000
v 1.934510 4.445251 3.750000
v 1.820463 4.445251 8.692113
v 5.469972 4.445251 8.692113
v 5.469972 4.445251 3.750000
v -8.133067 3.109008 8.692113
v 5.469590 3.109008 8.692113
v 8.201872 3.109008 8.692113
v -6.117253 -5.000000 8.692113
v 5.471586 -5.000000 -5.422502
v -6.108922 -5.000000 -5.422502
v 5.471337 3.118622 -3.288486
v -6.109963 -5.000000 -3.288486
v -6.109963 3.118608 -3.288486
v 5.471337 -5.000000 -3.288486
v 5.469972 8.389816 0.465545
v 5.469972 9.575392 -1.074143
v 5.469972 7.204240 2.005234
v 1.820463 8.389816 0.465545
v 1.820463 7.204240 2.005234
v 1.820463 9.575392 -1.074143
v 1.820463 5.000000 8.383230
v 1.820463 4.722626 8.692113
v 8.201872 4.722532 8.692113
v -8.133067 5.000000 8.383230
v -3.156302 10.049720 -2.812500
v -0.667919 10.049720 -2.812500
v 0.576272 10.049720 -2.812500
v -1.912111 10.049720 -2.812500
v -5.644685 10.049720 -2.812500
v -4.400494 10.049720 -2.812500
v -6.888876 10.049720 -2.812500
v -3.156302 10.049720 -5.422502
v -5.644685 10.049720 -5.422502
v -6.888876 10.049720 -5.422502
v -4.400494 10.049720 -5.422502
v -0.667919 10.049720 -5.422502
v -1.912111 10.049720 -5.422502
v 0.576272 10.049720 -5.422502
v -3.156302 5.000000 3.750000
v -5.644685 5.000000 3.750000
v -6.888876 5.000000 3.750000
v -4.400494 5.000000 3.750000
v -0.667919 5.000000 3.750000
v -1.912111 5.000000 3.750000
v 0.576272 5.000000 3.750000
v -3.156302 5.000000 8.383230
v -5.644685 5.000000 8.383230
v -4.400494 5.000000 8.383230
v -0.667919 5.000000 8.383230
v -1.912111 5.000000 8.383230
v 0.576272 5.000000 8.383230
v -6.888876 5.000000 8.383230
v -3.156302 4.722534 8.692113
v -5.644685 4.722616 8.692113
v -6.888876 4.722408 8.692113
v -4.400494 4.722493 8.692113
v -0.667919 4.722616 8.692113
v -1.912111 4.722575 8.692113
v 0.576272 4.722657 8.692113
v 6.835922 10.049720 -5.422502
v 6.835922 10.049720 -2.812500
v 6.835922 5.000000 3.750000
v 6.835922 5.000000 8.383230
v 6.835922 4.722534 8.692113
v 6.835385 3.109008 8.692113
v 6.835731 -5.000000 8.692113
v -6.882082 3.109008 8.692113
v -1.917471 3.109008 8.692113
v -4.403695 3.109008 8.692113
v -3.157764 3.109008 8.692113
v -5.643989 3.109009 8.692113
v 0.580017 3.109008 8.692113
v -0.665912 3.109008 8.692113
v -6.891047 -5.000000 8.692113
v -6.886881 -5.000000 -5.422502
v -8.133067 4.924311 8.605101
v -6.888876 4.924249 8.605101
v -3.156302 4.924229 8.605101
v -1.912111 4.924331 8.605101
v -0.667919 4.924273 8.605101
v 0.576272 4.924209 8.605101
v 1.820463 4.924312 8.605101
v 5.469972 4.924312 8.605101
v 6.835922 4.924229 8.605101
v 8.201872 4.924311 8.605101
v -4.400494 4.924291 8.605101
v -5.644685 4.924190 8.605101
v -8.133067 4.982405 8.504702
v -8.133067 4.834671 8.671785
v -6.888876 4.982374 8.504702
v -6.888876 4.834578 8.671785
v -5.644685 4.982344 8.504702
v -5.644685 4.834652 8.671785
v -4.400494 4.982395 8.504702
v -4.400494 4.834642 8.671785
v -3.156302 4.982364 8.504702
v -3.156302 4.834631 8.671785
v -1.912111 4.982415 8.504702
v -1.912111 4.834703 8.671785
v -0.667919 4.982386 8.504702
v -0.667919 4.834694 8.671785
v 0.576272 4.982354 8.504702
v 0.576272 4.834683 8.671785
v 1.820463 4.982405 8.504702
v 1.820463 4.834718 8.671785
v 5.469972 4.982405 8.504702
v 5.469972 4.834718 8.671785
v 6.835922 4.982364 8.504702
v 6.835922 4.834631 8.671785
v 8.201872 4.834671 8.671785
v 8.201872 4.982405 8.504702
v -4.400494 5.631215 2.929688
v -6.888876 9.418505 -1.992188
v -1.912111 5.631215 2.929688
v -5.644685 9.418505 -1.992187
v -0.667919 5.631215 2.929688
v -4.400494 9.418505 -1.992187
v 0.576272 5.631215 2.929688
v -0.667919 7.840467 0.058594
v -3.156302 9.418505 -1.992187
v -1.912111 7.524860 0.468750
v -1.912111 9.418505 -1.992187
v -0.667919 7.524860 0.468750
v 0.576272 7.840467 0.058594
v -0.667919 9.418505 -1.992187
v 0.576272 7.524860 0.468750
v -1.912111 7.840467 0.058594
v 0.576272 9.418505 -1.992187
v -5.644685 5.631215 2.929688
v -6.888876 5.631215 2.929688
v -3.156302 5.631215 2.929688
v 1.820812 3.109008 8.692113
v -0.667919 7.702593 0.703476
v -1.849901 7.702593 0.703476
v 0.514063 7.702593 0.703476
v 0.514063 5.949673 2.979940
v -0.667919 5.949673 2.979940
v -1.849901 5.949673 2.979940
v -0.667919 8.151172 0.122855
v 0.514063 8.151172 0.122855
v -0.667919 9.548877 -1.695285
v 0.514063 9.548877 -1.695285
v -1.849901 8.151172 0.122855
v -1.849901 9.548877 -1.695285
v -4.431598 9.548898 -1.695957
v -3.249616 9.548898 -1.695957
v -5.613581 9.548898 -1.695957
v -6.795562 9.548898 -1.695957
v -3.249616 5.950970 2.979827
v -4.431598 5.950970 2.979827
v -5.613581 5.950970 2.979827
v -6.795562 5.950970 2.979827
v 5.469972 7.527325 0.465546
v 5.469972 6.342565 2.005234
v 5.469972 8.712086 -1.074142
v 1.820463 7.527325 0.465546
v 1.820463 8.712086 -1.074142
v 1.820463 6.342565 2.005234
v 2.154397 12.037521 3.794104
v 2.055010 11.873229 3.816904
v 2.527103 12.037521 3.794104
v 2.899807 12.037521 3.794104
v 3.645218 12.037521 3.794104
v 4.390626 12.037521 3.794104
v 4.763337 12.037521 3.794104
v 5.136040 12.037521 3.794104
v 5.235430 11.873229 3.816904
v 5.235430 6.779878 4.523658
v 5.136040 6.610279 4.547193
v 2.154397 6.610279 4.547193
v 2.055010 6.779878 4.523658
v 2.154397 12.019382 3.663357
v 2.055010 11.855089 3.686157
v 2.527103 12.019382 3.663357
v 2.899807 12.019382 3.663357
v 3.645218 12.019382 3.663357
v 4.390626 12.019382 3.663357
v 4.763337 12.019382 3.663357
v 5.136040 12.019382 3.663357
v 5.235430 11.855089 3.686157
v 5.235430 6.761734 4.392910
v 5.136040 6.592135 4.416446
v 2.154397 6.592135 4.416446
v 2.055010 6.761734 4.392910
v -8.133067 9.418505 -1.992188
v -8.133067 5.631215 2.929688
v 1.820463 5.631299 2.929451
v 1.820463 9.417647 -1.992309
v 6.836729 -5.000000 -5.422502
v -0.674591 3.118608 -3.288486
v -3.163539 3.118608 -3.288486
v -1.912059 3.118608 -3.288486
v -4.389771 3.118608 -3.288486
v 1.828367 3.118608 -3.288486
v 0.576889 3.118608 -3.288486
v -0.674591 -5.000000 -3.288486
v -3.163539 -5.000000 -3.288486
v -1.912059 -5.000000 -3.288486
v -4.389771 -5.000000 -3.288486
v 1.828367 -5.000000 -3.288486
v 0.576889 -5.000000 -3.288486
v -0.667237 -5.000000 -5.422502
v -3.155701 -5.000000 -5.422502
v -4.392008 -5.000000 -5.422502
v -1.908827 -5.000000 -5.422502
v 1.831787 -5.000000 -5.422502
v 0.574355 -5.000000 -5.422502
v 1.934837 3.109008 8.692113
v 5.355566 3.109009 8.692113
v 0.578144 4.261349 8.692113
v -0.666916 4.262370 8.692113
v -1.914791 4.263390 8.692113
v -3.157033 4.264410 8.692113
v -4.402094 4.265431 8.692113
v -5.644337 4.266533 8.692113
v -6.885479 4.268858 8.692113
v -8.133067 4.270308 8.692113
v 6.835653 4.441158 8.692113
v 8.201872 4.446709 8.692113
v 6.835519 4.262393 8.692113
v 8.201872 4.260897 8.692113
v 0.577208 4.450749 8.692113
v -0.667418 4.451239 8.692113
v -1.913451 4.451729 8.692113
v -3.156667 4.452218 8.692113
v -4.401294 4.452708 8.692113
v -5.644511 4.453321 8.692113
v -6.887177 4.454379 8.692113
v -8.133067 4.455166 8.692113
v 0.576272 5.157804 3.544922
v -8.133067 5.157804 3.544922
v -0.667919 5.157804 3.544922
v -4.400494 5.157804 3.544922
v -1.912111 5.157804 3.544922
v -6.888876 5.157804 3.544922
v -3.156302 5.157804 3.544922
v -5.644685 5.157804 3.544922
v 6.835922 7.524860 0.468750
v 6.835922 8.712073 -1.068138
v 6.835922 6.337649 2.005638
v 8.201872 5.157804 3.544922
v 8.201872 7.524860 0.468750
v 8.201872 6.337649 2.005638
v 6.835922 5.157804 3.544922
v 8.201872 8.712073 -1.068138
v 5.469972 5.750184 2.775078
v 6.835922 5.747726 2.775280
v 8.201872 5.747726 2.775280
vt 0.000000 0.000000
vt 0.000000 0.000000
vt 0.000000 0.000000
vt 0.000000 0.000000
vt 0.000000 0.000000
vt 0.000000 0.000000
vt 0.000000 0.000000
vt 0.000000 0.000000
vt 0.000000 0.000000
vt 0.000000 0.000000
vt 0.000000 0.000000
vt 0.000000 0.000000
vt 0.000000 0.000000
vt 0.000000 0.000000
vt 0.000000 0.000000
vt 0.000000 0.000000
vt 0.000000 0.000000
vt 0.000000 0.000000
vt 0.000000 0.000000
vt 0.000000 0.000000
vt 0.000000 0.000000
vt 0.000000 0.000000
vt 0.000000 0.000000
vt 0.000000 0.000000
vt 0.000000 0.000000
vt 0.000000 0.000000
vt 0.000000 0.000000
vt 0.000000 0.000000
vt 0.000000 0.000000
vt 0.000000 0.000000
vt 0.000000 0.000000
vt 0.000000 0.000000
vt 0.000000 0.000000
vt 0.000000 0.000000
vt 0.000000 0.000000
vt 0.000000 0.000000
vt 0.000000 0.000000
vt 0.000000 0.000000
vt 0.000000 0.000000
vt 0.000000 0.000000
vt 0.000000 0.000000
vt 0.000000 0.000000
vt 0.000000 0.000000
vt 0.000000 0.000000
vt 0.000000 0.000000
vt 0.000000 0.000000
vt 0.000000 0.000000
vt 0.000000 0.000000
vt 0.000000 0.000000
vt 0.000000 0.000000
vt 0.000000 0.000000
vt 0.000000 0.000000
vt 0.000000 0.000000
vt 0.000000 0.000000
vt 0.000000 0.000000
vt 0.000000 0.000000
vt 0.000000 0.000000
vt 0.000000 0.000000
vt 0.000000 0.000000
vt 0.000000 0.000000
vt 0.000000 0.000000
vt 0.000000 0.000000
vt 0.000000 0.000000
vt 0.000000 0.000000
vt 0.000000 0.000000
vt 0.000000 0.000000
vt 0.000000 0.000000
vt 0.000000 0.000000
vt 0.000000 0.000000
vt 0.000000 0.000000
vt 0.000000 0.000000
vt 0.000000 0.000000
vt 0.000000 0.000000
vt 0.000000 0.000000
vt 0.000000 0.000000
vt 0.000000 0.000000
vt 0.000000 0.000000
vt 0.000000 0.000000
vt 0.000000 0.000000
vt 0.000000 0.000000
vt 0.000000 0.000000
vt 0.000000 0.000000
vt 0.000000 0.000000
vt 0.000000 0.000000
vt 0.000000 0.000000
vt 0.000000 0.000000
vt 0.000000 0.000000
vt 0.000000 0.000000
vt 0.000000 0.000000
vt 0.000000 0.000000
vt 0.000000 0.000000
vt 0.000000 0.000000
vt 0.000000 0.000000
vt 0.000000 0.000000
vt 0.000000 0.000000
vt 0.000000 0.000000
vt 0.000000 0.000000
vt 0.000000 0.000000
vt 0.000000 0.000000
vt 0.000000 0.000000
vt 0.000000 0.000000
vt 0.000000 0.000000
vt 0.000000 0.000000
vt 0.000000 0.000000
vt 0.000000 0.000000
vt 0.000000 0.000000
vt 0.000000 0.000000
vt 0.000000 0.000000
vt 0.000000 0.000000
vt 0.000000 0.000000
vt 0.000000 0.000000
vt 0.000000 0.000000
vt 0.000000 0.000000
vt 0.000000 0.000000
vt 0.000000 0.000000
vt 0.000000 0.000000
vt 0.000000 0.000000
vt 0.000000 0.000000
vt 0.000000 0.000000
vt 0.000000 0.000000
vt 0.000000 0.000000
vt 0.000000 0.000000
vt 0.000000 0.000000
vt 0.000000 0.000000
vt 0.000000 0.000000
vt 0.000000 0.000000
vt 0.000000 0.000000
vt 0.000000 0.000000
vt 0.000000 0.000000
vt 0.000000 0.000000
vt 0.000000 0.000000
vt 0.000000 0.000000
vt 0.000000 0.000000
vt 0.000000 0.000000
vt 0.000000 0.000000
vt 0.000000 0.000000
vt 0.000000 0.000000
vt 0.000000 0.000000
vt 0.000000 0.000000
vt 0.000000 0.000000
vt 0.000000 0.000000
vt 0.000000 0.000000
vt 0.000000 0.000000
vt 0.000000 0.000000
vt 0.000000 0.000000
vt 0.000000 0.000000
vt 0.000000 0.000000
vt 0.000000 0.000000
vt 0.000000 0.000000
vt 0.000000 0.000000
vt 0.000000 0.000000
vt 0.000000 0.000000
vt 0.000000 0.000000
vt 0.000000 0.000000
vt 0.000000 0.000000
vt 0.000000 0.000000
vt 0.000000 0.000000
vt 0.000000 0.000000
vt 0.000000 0.000000
vt 0.000000 0.000000
vt 0.000000 0.000000
vt 0.000000 0.000000
vt 0.000000 0.000000
vt 0.000000 0.000000
vt 0.000000 0.000000
vt 0.000000 0.000000
vt 0.000000 0.000000
vt 0.000000 0.000000
vt 0.000000 0.000000
vt 0.000000 0.000000
vt 0.000000 0.000000
vt 0.000000 0.000000
vt 0.000000 0.000000
vt 0.000000 0.000000
vt 0.000000 0.000000
vt 0.000000 0.000000
vt 0.000000 0.000000
vt 0.000000 0.000000
vt 0.000000 0.000000
vt 0.000000 0.000000
vt 0.000000 0.000000
vt 0.000000 0.000000
vt 0.000000 0.000000
vt 0.000000 0.000000
vt 0.000000 0.000000
vt 0.000000 0.000000
vt 0.000000 0.000000
vt 0.000000 0.000000
vt 0.000000 0.000000
vt 0.000000 0.000000
vt 0.000000 0.000000
vt 0.000000 0.000000
vt 0.000000 0.000000
vt 0.000000 0.000000
vt 0.000000 0.000000
vt 0.000000 0.000000
vt 0.000000 0.000000
vt 0.000000 0.000000
vt 0.000000 0.000000
vt 0.000000 0.000000
vt 0.000000 0.000000
vt 0.000000 0.000000
vt 0.000000 0.000000
vt 0.000000 0.000000
vt 0.000000 0.000000
vt 0.000000 0.000000
vt 0.000000 0.000000
vt 0.000000 0.000000
vt 0.000000 0.000000
vt 0.000000 0.000000
vt 0.000000 0.000000
vt 0.000000 0.000000
vt 0.000000 0.000000
vt 0.000000 0.000000
vt 0.000000 0.000000
vt 0.000000 0.000000
vt 0.000000 0.000000
vt 0.000000 0.000000
vt 0.000000 0.000000
vt 0.000000 0.000000
vt 0.000000 0.000000
vt 0.000000 0.000000
vt 0.000000 0.000000
vt 0.000000 0.000000
vt 0.000000 0.000000
vt 0.000000 0.000000
vt 0.000000 0.000000
vt 0.000000 0.000000
vt 0.000000 0.000000
vt 0.000000 0.000000
vt 0.000000 0.000000
vt 0.000000 0.000000
vt 0.000000 0.000000
vt 0.000000 0.000000
vt 0.000000 0.000000
vt 0.000000 0.000000
vt 0.000000 0.000000
vt 0.000000 0.000000
vt 0.000000 0.000000
vt 0.000000 0.000000
vt 0.000000 0.000000
vt 0.000000 0.000000
vt 0.000000 0.000000
vt 0.000000 0.000000
vt 0.000000 0.000000
vt 0.000000 0.000000
vt 0.000000 0.000000
vt 0.000000 0.000000
vt 0.000000 0.000000
vt 0.000000 0.000000
vt 0.000000 0.000000
vt 0.000000 0.000000
vt 0.000000 0.000000
vt 0.000000 0.000000
vt 0.000000 0.000000
vt 0.000000 0.000000
vt 0.000000 0.000000
vt 0.000000 0.000000
vt 0.000000 0.000000
vt 0.000000 0.000000
vt 0.000000 0.000000
vt 0.000000 0.000000
vt 0.000000 0.000000
vt 0.000000 0.000000
vt 0.000000 0.000000
vt 0.000000 0.000000
vt 0.000000 0.000000
vt 0.000000 0.000000
vt 0.000000 0.000000
vt 0.000000 0.000000
vt 0.000000 0.000000
vt 0.000000 0.000000
vt 0.000000 0.000000
vt 0.000000 0.000000
vt 0.000000 0.000000
vt 0.000000 0.000000
vt 0.000000 0.000000
vt 0.000000 0.000000
vt 0.000000 0.000000
vt 0.000000 0.000000
vt 0.000000 0.000000
vt 0.000000 0.000000
vt 0.000000 0.000000
vt 0.000000 0.000000
vt 0.000000 0.000000
vt 0.000000 0.000000
vt 0.000000 0.000000
vt 0.000000 0.000000
vt 0.000000 0.000000
vt 0.000000 0.000000
vt 0.000000 0.000000
vt 0.000000 0.000000
vt 0.000000 0.000000
vt 0.000000 0.000000
vt 0.000000 0.000000
vt 0.000000 0.000000
vt 0.000000 0.000000
vt 0.000000 0.000000
vt 0.000000 0.000000
vt 0.000000 0.000000
vt 0.000000 0.000000
vt 0.000000 0.000000
vt 0.000000 0.000000
vt 0.000000 0.000000
vt 0.000000 0.000000
vt 0.000000 0.000000
vt 0.000000 0.000000
vt 0.000000 0.000000
vt 0.000000 0.000000
vt 0.000000 0.000000
vt 0.000000 0.000000
vt 0.000000 0.000000
vt 0.000000 0.000000
vt 0.000000 0.000000
vt 0.000000 0.000000
vt 0.000000 0.000000
vt 0.000000 0.000000
vt 0.000000 0.000000
vt 0.000000 0.000000
vt 0.000000 0.000000
vt 0.000000 0.000000
vt 0.000000 0.000000
vt 0.000000 0.000000
vt 0.000000 0.000000
vt 0.000000 0.000000
vt 0.000000 0.000000
vt 0.000000 0.000000
vt 0.000000 0.000000
vt 0.000000 0.000000
vt 0.000000 0.000000
vt 0.000000 0.000000
vt 0.000000 0.000000
vt 0.000000 0.000000
vt 0.000000 0.000000
vt 0.000000 0.000000
vt 0.000000 0.000000
vt 0.000000 0.000000
vt 0.000000 0.000000
vt 0.000000 0.000000
vt 0.000000 0.000000
vt 0.000000 0.000000
vt 0.000000 0.000000
vt 0.000000 0.000000
vt 0.000000 0.000000
vt 0.000000 0.000000
vt 0.000000 0.000000
vt 0.000000 0.000000
vt 0.000000 0.000000
vt 0.000000 0.000000
vt 0.000000 0.000000
vt 0.000000 0.000000
vt 0.000000 0.000000
vt 0.000000 0.000000
vt 0.000000 0.000000
vt 0.000000 0.000000
vt 0.000000 0.000000
vt 0.000000 0.000000
vt 0.000000 0.000000
vt 0.000000 0.000000
vt 0.000000 0.000000
vt 0.000000 0.000000
vt 0.000000 0.000000
vt 0.000000 0.000000
vt 0.000000 0.000000
vt 0.000000 0.000000
vt 0.000000 0.000000
vt 0.000000 0.000000
vt 0.000000 0.000000
vt 0.000000 0.000000
vt 0.000000 0.000000
vt 0.000000 0.000000
vt 0.000000 0.000000
vt 0.000000 0.000000
vt 0.000000 0.000000
vt 0.000000 0.000000
vt 0.000000 0.000000
vt 0.000000 0.000000
vt 0.000000 0.000000
vt 0.000000 0.000000
vt 0.000000 0.000000
vt 0.000000 0.000000
vt 0.000000 0.000000
vt 0.000000 0.000000
vt 0.000000 0.000000
vt 0.000000 0.000000
vt 0.000000 0.000000
vt 0.000000 0.000000
vt 0.000000 0.000000
vt 0.000000 0.000000
vt 0.000000 0.000000
vt 0.000000 0.000000
vt 0.000000 0.000000
vt 0.000000 0.000000
vt 0.000000 0.000000
vt 0.000000 0.000000
vt 0.000000 0.000000
vt 0.000000 0.000000
vt 0.000000 0.000000
vt 0.000000 0.000000
vt 0.000000 0.000000
vt 0.000000 0.000000
vt 0.000000 0.000000
vt 0.000000 0.000000
vt 0.000000 0.000000
vt 0.000000 0.000000
vt 0.000000 0.000000
vt 0.000000 0.000000
vt 0.000000 0.000000
vt 0.000000 0.000000
vt 0.000000 0.000000
vt 0.000000 0.000000
vt 0.000000 0.000000
vt 0.000000 0.000000
vt 0.000000 0.000000
vt 0.000000 0.000000
vt 0.000000 0.000000
vt 0.000000 0.000000
vt 0.000000 0.000000
vt 0.000000 0.000000
vt 0.000000 0.000000
vt 0.000000 0.000000
vt 0.000000 0.000000
vt 0.000000 0.000000
vt 0.000000 0.000000
vt 0.000000 0.000000
vt 0.000000 0.000000
vt 0.000000 0.000000
vt 0.000000 0.000000
vt 0.000000 0.000000
vt 0.000000 0.000000
vt 0.000000 0.000000
vt 0.000000 0.000000
vt 0.000000 0.000000
vt 0.000000 0.000000
vt 0.000000 0.000000
vt 0.000000 0.000000
vt 0.000000 0.000000
vt 0.000000 0.000000
vt 0.000000 0.000000
vt 0.000000 0.000000
vt 0.000000 0.000000
vt 0.000000 0.000000
vt 0.000000 0.000000
vt 0.000000 0.000000
vt 0.000000 0.000000
vt 0.000000 0.000000
vt 0.000000 0.000000
vt 0.000000 0.000000
vt 0.000000 0.000000
vt 0.000000 0.000000
vt 0.000000 0.000000
vt 0.000000 0.000000
vt 0.000000 0.000000
vt 0.000000 0.000000
vt 0.000000 0.000000
vt 0.000000 0.000000
vt 0.000000 0.000000
vt 0.000000 0.000000
vt 0.000000 0.000000
vt 0.000000 0.000000
vt 0.000000 0.000000
vt 0.000000 0.000000
vt 0.000000 0.000000
vt 0.000000 0.000000
vt 0.000000 0.000000
vt 0.000000 0.000000
vt 0.000000 0.000000
vt 0.000000 0.000000
vt 0.000000 0.000000
vt 0.000000 0.000000
vt 0.000000 0.000000
vt 0.000000 0.000000
vt 0.000000 0.000000
vt 0.000000 0.000000
vt 0.000000 0.000000
vt 0.000000 0.000000
vt 0.000000 0.000000
vt 0.000000 0.000000
vt 0.000000 0.000000
vt 0.000000 0.000000
vt 0.000000 0.000000
vt 0.000000 0.000000
vt 0.000000 0.000000
vt 0.000000 0.000000
vt 0.000000 0.000000
vt 0.000000 0.000000
vt 0.000000 0.000000
vt 0.000000 0.000000
vt 0.000000 0.000000
vt 0.000000 0.000000
vt 0.000000 0.000000
vt 0.000000 0.000000
vt 0.000000 0.000000
vt 0.000000 0.000000
vt 0.000000 0.000000
vt 0.000000 0.000000
vt 0.000000 0.000000
vt 0.000000 0.000000
vt 0.000000 0.000000
vt 0.000000 0.000000
vt 0.000000 0.000000
vt 0.000000 0.000000
vt 0.000000 0.000000
vt 0.000000 0.000000
vt 0.000000 0.000000
vt 0.000000 0.000000
vt 0.000000 0.000000
vt 0.000000 0.000000
vt 0.000000 0.000000
vt 0.000000 0.000000
vt 0.000000 0.000000
vt 0.000000 0.000000
vt 0.000000 0.000000
vt 0.000000 0.000000
vt 0.000000 0.000000
vt 0.000000 0.000000
vt 0.000000 0.000000
vt 0.000000 0.000000
vt 0.000000 0.000000
vt 0.000000 0.000000
vt 0.000000 0.000000
vt 0.000000 0.000000
vt 0.000000 0.000000
vt 0.000000 0.000000
vt 0.000000 0.000000
vt 0.000000 0.000000
vt 0.000000 0.000000
vt 0.000000 0.000000
vt 0.000000 0.000000
vt 0.000000 0.000000
vt 0.000000 0.000000
vt 0.000000 0.000000
vt 0.000000 0.000000
vt 0.000000 0.000000
vt 0.000000 0.000000
vt 0.000000 0.000000
vt 0.000000 0.000000
vt 0.000000 0.000000
vt 0.000000 0.000000
vt 0.000000 0.000000
vt 0.000000 0.000000
vt 0.000000 0.000000
vt 0.000000 0.000000
vt 0.000000 0.000000
vt 0.000000 0.000000
vt 0.000000 0.000000
vt 0.000000 0.000000
vt 0.000000 0.000000
vt 0.000000 0.000000
vt 0.000000 0.000000
vt 0.000000 0.000000
vt 0.000000 0.000000
vt 0.000000 0.000000
vt 0.000000 0.000000
vt 0.000000 0.000000
vt 0.000000 0.000000
vt 0.000000 0.000000
vt 0.000000 0.000000
vt 0.000000 0.000000
vt 0.000000 0.000000
vt 0.000000 0.000000
vt 0.000000 0.000000
vt 0.000000 0.000000
vt 0.000000 0.000000
vt 0.000000 0.000000
vt 0.000000 0.000000
vt 0.000000 0.000000
vt 0.000000 0.000000
vt 0.000000 0.000000
vt 0.000000 0.000000
vt 0.000000 0.000000
vt 0.000000 0.000000
vt 0.000000 0.000000
vt 0.000000 0.000000
vt 0.000000 0.000000
vt 0.000000 0.000000
vt 0.000000 0.000000
vt 0.000000 0.000000
vt 0.000000 0.000000
vt 0.000000 0.000000
vt 0.000000 0.000000
vt 0.000000 0.000000
vt 0.000000 0.000000
vt 0.000000 0.000000
vt 0.000000 0.000000
vt 0.000000 0.000000
vt 0.000000 0.000000
vt 0.000000 0.000000
vt 0.000000 0.000000
vt 0.000000 0.000000
vt 0.000000 0.000000
vt 0.000000 0.000000
vt 0.000000 0.000000
vt 0.000000 0.000000
vt 0.000000 0.000000
vt 0.000000 0.000000
vt 0.000000 0.000000
vt 0.000000 0.000000
vt 0.000000 0.000000
vt 0.000000 0.000000
vt 0.000000 0.000000
vt 0.000000 0.000000
vt 0.000000 0.000000
vt 0.000000 0.000000
vt 0.000000 0.000000
vt 0.000000 0.000000
vt 0.000000 0.000000
vt 0.000000 0.000000
vt 0.000000 0.000000
vt 0.000000 0.000000
vt 0.000000 0.000000
vt 0.000000 0.000000
vt 0.000000 0.000000
vt 0.000000 0.000000
vt 0.000000 0.000000
vt 0.000000 0.000000
vt 0.000000 0.000000
vt 0.000000 0.000000
vt 0.000000 0.000000
vt 0.000000 0.000000
vt 0.000000 0.000000
vt 0.000000 0.000000
vt 0.000000 0.000000
vt 0.000000 0.000000
vt 0.000000 0.000000
vt 0.000000 0.000000
vt 0.000000 0.000000
vt 0.000000 0.000000
vt 0.000000 0.000000
vt 0.000000 0.000000
vt 0.000000 0.000000
vt 0.000000 0.000000
vt 0.000000 0.000000
vt 0.000000 0.000000
vt 0.000000 0.000000
vt 0.000000 0.000000
vt 0.000000 0.000000
vt 0.000000 0.000000
vt 0.000000 0.000000
vt 0.000000 0.000000
vt 0.000000 0.000000
vt 0.000000 0.000000
vt 0.000000 0.000000
vt 0.000000 0.000000
vt 0.000000 0.000000
vt 0.000000 0.000000
vt 0.000000 0.000000
vt 0.000000 0.000000
vt 0.000000 0.000000
vt 0.000000 0.000000
vt 0.000000 0.000000
vt 0.000000 0.000000
vt 0.000000 0.000000
vt 0.000000 0.000000
vt 0.000000 0.000000
vt 0.000000 0.000000
vt 0.000000 0.000000
vt 0.000000 0.000000
vt 0.000000 0.000000
vt 0.000000 0.000000
vt 0.000000 0.000000
vt 0.000000 0.000000
vt 0.000000 0.000000
vt 0.000000 0.000000
vt 0.000000 0.000000
vt 0.000000 0.000000
vt 0.000000 0.000000
vt 0.000000 0.000000
vt 0.000000 0.000000
vt 0.000000 0.000000
vt 0.000000 0.000000
vt 0.000000 0.000000
vt 0.000000 0.000000
vt 0.000000 0.000000
vt 0.000000 0.000000
vt 0.000000 0.000000
vt 0.000000 0.000000
vt 0.000000 0.000000
vt 0.000000 0.000000
vt 0.000000 0.000000
vt 0.000000 0.000000
vt 0.000000 0.000000
vt 0.000000 0.000000
vt 0.000000 0.000000
vt 0.000000 0.000000
vt 0.000000 0.000000
vt 0.000000 0.000000
vt 0.000000 0.000000
vt 0.000000 0.000000
vt 0.000000 0.000000
vt 0.000000 0.000000
vt 0.000000 0.000000
vt 0.000000 0.000000
vt 0.000000 0.000000
vt 0.000000 0.000000
vt 0.000000 0.000000
vt 0.000000 0.000000
vt 0.000000 0.000000
vt 0.000000 0.000000
vt 0.000000 0.000000
vt 0.000000 0.000000
vt 0.000000 0.000000
vt 0.000000 0.000000
vt 0.000000 0.000000
vt 0.000000 0.000000
vt 0.000000 0.000000
vt 0.000000 0.000000
vt 0.000000 0.000000
vt 0.000000 0.000000
vt 0.000000 0.000000
vt 0.000000 0.000000
vt 0.000000 0.000000
vt 0.000000 0.000000
vt 0.000000 0.000000
vt 0.000000 0.000000
vt 0.000000 0.000000
vt 0.000000 0.000000
vt 0.000000 0.000000
vt 0.000000 0.000000
vt 0.000000 0.000000
vt 0.000000 0.000000
vt 0.000000 0.000000
vt 0.000000 0.000000
vt 0.000000 0.000000
vt 0.000000 0.000000
vt 0.000000 0.000000
vt 0.000000 0.000000
vt 0.000000 0.000000
vt 0.000000 0.000000
vt 0.000000 0.000000
vt 0.000000 0.000000
vt 0.000000 0.000000
vt 0.000000 0.000000
vt 0.000000 0.000000
vt 0.000000 0.000000
vt 0.000000 0.000000
vt 0.000000 0.000000
vt 0.000000 0.000000
vt 0.000000 0.000000
vt 0.000000 0.000000
vt 0.000000 0.000000
vt 0.000000 0.000000
vt 0.000000 0.000000
vt 0.000000 0.000000
vt 0.000000 0.000000
vt 0.000000 0.000000
vt 0.000000 0.000000
vt 0.000000 0.000000
vt 0.000000 0.000000
vt 0.000000 0.000000
vt 0.000000 0.000000
vt 0.000000 0.000000
vt 0.000000 0.000000
vt 0.000000 0.000000
vt 0.000000 0.000000
vt 0.000000 0.000000
vt 0.000000 0.000000
vt 0.000000 0.000000
vt 0.000000 0.000000
vt 0.000000 0.000000
vt 0.000000 0.000000
vt 0.000000 0.000000
vt 0.000000 0.000000
vt 0.000000 0.000000
vt 0.000000 0.000000
vt 0.000000 0.000000
vt 0.000000 0.000000
vt 0.000000 0.000000
vt 0.000000 0.000000
vt 0.000000 0.000000
vt 0.000000 0.000000
vt 0.000000 0.000000
vt 0.000000 0.000000
vt 0.000000 0.000000
vt 0.000000 0.000000
vt 0.000000 0.000000
vt 0.000000 0.000000
vt 0.000000 0.000000
vt 0.000000 0.000000
vt 0.000000 0.000000
vt 0.000000 0.000000
vt 0.000000 0.000000
vt 0.000000 0.000000
vt 0.000000 0.000000
vt 0.000000 0.000000
vt 0.000000 0.000000
vt 0.000000 0.000000
vt 0.000000 0.000000
vt 0.000000 0.000000
vt 0.000000 0.000000
vt 0.000000 0.000000
vt 0.000000 0.000000
vt 0.000000 0.000000
vt 0.000000 0.000000
vt 0.000000 0.000000
vt 0.000000 0.000000
vt 0.000000 0.000000
vt 0.000000 0.000000
vt 0.000000 0.000000
vt 0.000000 0.000000
vt 0.000000 0.000000
vt 0.000000 0.000000
vt 0.000000 0.000000
vt 0.000000 0.000000
vt 0.000000 0.000000
vt 0.000000 0.000000
vt 0.000000 0.000000
vt 0.000000 0.000000
vt 0.000000 0.000000
vt 0.000000 0.000000
vt 0.000000 0.000000
vt 0.000000 0.000000
vt 0.000000 0.000000
vt 0.000000 0.000000
vt 0.000000 0.000000
vt 0.000000 0.000000
vt 0.000000 0.000000
vt 0.000000 0.000000
vt 0.000000 0.000000
vt 0.000000 0.000000
vt 0.000000 0.000000
vt 0.000000 0.000000
vt 0.000000 0.000000
vt 0.000000 0.000000
vt 0.000000 0.000000
vt 0.000000 0.000000
vt 0.000000 0.000000
vt 0.000000 0.000000
vt 0.000000 0.000000
vt 0.000000 0.000000
vt 0.000000 0.000000
vt 0.000000 0.000000
vt 0.000000 0.000000
vt 0.000000 0.000000
vt 0.000000 0.000000
vt 0.000000 0.000000
vt 0.000000 0.000000
vt 0.000000 0.000000
vt 0.000000 0.000000
vt 0.000000 0.000000
vt 0.000000 0.000000
vt 0.000000 0.000000
vt 0.000000 0.000000
vt 0.000000 0.000000
vt 0.000000 0.000000
vt 0.000000 0.000000
vt 0.000000 0.000000
vt 0.000000 0.000000
vt 0.000000 0.000000
vt 0.000000 0.000000
vt 0.000000 0.000000
vt 0.000000 0.000000
vt 0.000000 0.000000
vt 0.000000 0.000000
vt 0.000000 0.000000
vt 0.000000 0.000000
vt 0.000000 0.000000
vt 0.000000 0.000000
vt 0.000000 0.000000
vt 0.000000 0.000000
vt 0.000000 0.000000
vt 0.000000 0.000000
vt 0.000000 0.000000
vt 0.000000 0.000000
vt 0.000000 0.000000
vt 0.000000 0.000000
vt 0.000000 0.000000
vt 0.000000 0.000000
vt 0.000000 0.000000
vt 0.000000 0.000000
vt 0.000000 0.000000
vt 0.000000 0.000000
vt 0.000000 0.000000
vt 0.000000 0.000000
vt 0.000000 0.000000
vt 0.000000 0.000000
vt 0.000000 0.000000
vt 0.000000 0.000000
vt 0.000000 0.000000
vt 0.000000 0.000000
vt 0.000000 0.000000
vt 0.000000 0.000000
vt 0.000000 0.000000
vt 0.000000 0.000000
vt 0.000000 0.000000
vt 0.000000 0.000000
vt 0.000000 0.000000
vt 0.000000 0.000000
vt 0.000000 0.000000
vt 0.000000 0.000000
vt 0.000000 0.000000
vt 0.000000 0.000000
vt 0.000000 0.000000
vt 0.000000 0.000000
vt 0.000000 0.000000
vt 0.000000 0.000000
vt 0.000000 0.000000
vt 0.000000 0.000000
vt 0.000000 0.000000
vt 0.000000 0.000000
vt 0.000000 0.000000
vt 0.000000 0.000000
vt 0.000000 0.000000
vt 0.000000 0.000000
vt 0.000000 0.000000
vt 0.000000 0.000000
vt 0.000000 0.000000
vt 0.000000 0.000000
vt 0.000000 0.000000
vt 0.000000 0.000000
vt 0.000000 0.000000
vt 0.000000 0.000000
vt 0.000000 0.000000
vt 0.000000 0.000000
vt 0.000000 0.000000
vt 0.000000 0.000000
vt 0.000000 0.000000
vt 0.000000 0.000000
vt 0.000000 0.000000
vt 0.000000 0.000000
vt 0.000000 0.000000
vt 0.000000 0.000000
vt 0.000000 0.000000
vt 0.000000 0.000000
vt 0.000000 0.000000
vt 0.000000 0.000000
vt 0.000000 0.000000
vt 0.000000 0.000000
vt 0.000000 0.000000
vt 0.000000 0.000000
vt 0.000000 0.000000
vt 0.000000 0.000000
vt 0.000000 0.000000
vt 0.000000 0.000000
vt 0.000000 0.000000
vt 0.000000 0.000000
vt 0.000000 0.000000
vt 0.000000 0.000000
vt 0.000000 0.000000
vt 0.000000 0.000000
vt 0.000000 0.000000
vt 0.000000 0.000000
vt 0.000000 0.000000
vt 0.000000 0.000000
vt 0.000000 0.000000
vt 0.000000 0.000000
vt 0.000000 0.000000
vt 0.000000 0.000000
vt 0.000000 0.000000
vt 0.000000 0.000000
vt 0.000000 0.000000
vt 0.000000 0.000000
vt 0.000000 0.000000
vt 0.000000 0.000000
vt 0.000000 0.000000
vt 0.000000 0.000000
vt 0.000000 0.000000
vt 0.000000 0.000000
vt 0.000000 0.000000
vt 0.000000 0.000000
vt 0.000000 0.000000
vt 0.000000 0.000000
vt 0.000000 0.000000
vt 0.000000 0.000000
vt 0.000000 0.000000
vt 0.000000 0.000000
vt 0.000000 0.000000
vt 0.000000 0.000000
vt 0.000000 0.000000
vt 0.000000 0.000000
vt 0.000000 0.000000
vt 0.000000 0.000000
vt 0.000000 0.000000
vt 0.000000 0.000000
vt 0.000000 0.000000
vt 0.000000 0.000000
vt 0.000000 0.000000
vt 0.000000 0.000000
vt 0.000000 0.000000
vt 0.000000 0.000000
vt 0.000000 0.000000
vt 0.000000 0.000000
vt 0.000000 0.000000
vt 0.000000 0.000000
vt 0.000000 0.000000
vt 0.000000 0.000000
vt 0.000000 0.000000
vt 0.000000 0.000000
vt 0.000000 0.000000
vt 0.000000 0.000000
vt 0.000000 0.000000
vt 0.000000 0.000000
vt 0.000000 0.000000
vt 0.000000 0.000000
vt 0.000000 0.000000
vt 0.000000 0.000000
vt 0.000000 0.000000
vt 0.000000 0.000000
vt 0.000000 0.000000
vt 0.000000 0.000000
vt 0.000000 0.000000
vt 0.000000 0.000000
vt 0.000000 0.000000
vt 0.000000 0.000000
vt 0.000000 0.000000
vt 0.000000 0.000000
vt 0.000000 0.000000
vt 0.000000 0.000000
vt 0.000000 0.000000
vt 0.000000 0.000000
vt 0.000000 0.000000
vt 0.000000 0.000000
vt 0.000000 0.000000
vt 0.000000 0.000000
vt 0.000000 0.000000
vt 0.000000 0.000000
vt 0.000000 0.000000
vt 0.000000 0.000000
vt 0.000000 0.000000
vt 0.000000 0.000000
vt 0.000000 0.000000
vt 0.000000 0.000000
vt 0.000000 0.000000
vt 0.000000 0.000000
vt 0.000000 0.000000
vt 0.000000 0.000000
vt 0.000000 0.000000
vt 0.000000 0.000000
vt 0.000000 0.000000
vt 0.000000 0.000000
vt 0.000000 0.000000
vt 0.000000 0.000000
vt 0.000000 0.000000
vt 0.000000 0.000000
vt 0.000000 0.000000
vt 0.000000 0.000000
vt 0.000000 0.000000
vt 0.000000 0.000000
vt 0.000000 0.000000
vt 0.000000 0.000000
vt 0.000000 0.000000
vt 0.000000 0.000000
vt 0.000000 0.000000
vt 0.000000 0.000000
vt 0.000000 0.000000
vt 0.000000 0.000000
vt 0.000000 0.000000
vt 0.000000 0.000000
vt 0.000000 0.000000
vt 0.000000 0.000000
vt 0.000000 0.000000
vt 0.000000 0.000000
vt 0.000000 0.000000
vt 0.000000 0.000000
vt 0.000000 0.000000
vt 0.000000 0.000000
vt 0.000000 0.000000
vt 0.000000 0.000000
vt 0.000000 0.000000
vt 0.000000 0.000000
vt 0.000000 0.000000
vt 0.000000 0.000000
vt 0.000000 0.000000
vt 0.000000 0.000000
vt 0.000000 0.000000
vt 0.000000 0.000000
vt 0.000000 0.000000
vt 0.000000 0.000000
vt 0.000000 0.000000
vt 0.000000 0.000000
vt 0.000000 0.000000
vt 0.000000 0.000000
vt 0.000000 0.000000
vt 0.000000 0.000000
vt 0.000000 0.000000
vt 0.000000 0.000000
vt 0.000000 0.000000
vt 0.000000 0.000000
vt 0.000000 0.000000
vt 0.000000 0.000000
vt 0.000000 0.000000
vt 0.000000 0.000000
vt 0.000000 0.000000
vt 0.000000 0.000000
vt 0.000000 0.000000
vt 0.000000 0.000000
vt 0.000000 0.000000
vt 0.000000 0.000000
vt 0.000000 0.000000
vt 0.000000 0.000000
vt 0.000000 0.000000
vt 0.000000 0.000000
vt 0.000000 0.000000
vt 0.000000 0.000000
vt 0.000000 0.000000
vt 0.000000 0.000000
vt 0.000000 0.000000
vt 0.000000 0.000000
vt 0.000000 0.000000
vt 0.000000 0.000000
vt 0.000000 0.000000
vt 0.000000 0.000000
vt 0.000000 0.000000
vt 0.000000 0.000000
vt 0.000000 0.000000
vt 0.000000 0.000000
vt 0.000000 0.000000
vt 0.000000 0.000000
vt 0.000000 0.000000
vt 0.000000 0.000000
vt 0.000000 0.000000
vt 0.000000 0.000000
vt 0.000000 0.000000
vt 0.000000 0.000000
vt 0.000000 0.000000
vt 0.000000 0.000000
vt 0.000000 0.000000
vt 0.000000 0.000000
vt 0.000000 0.000000
vt 0.000000 0.000000
vt 0.000000 0.000000
vt 0.000000 0.000000
vt 0.000000 0.000000
vt 0.000000 0.000000
vt 0.000000 0.000000
vt 0.000000 0.000000
vt 0.000000 0.000000
vt 0.000000 0.000000
vt 0.000000 0.000000
vt 0.000000 0.000000
vt 0.000000 0.000000
vt 0.000000 0.000000
vt 0.000000 0.000000
vt 0.000000 0.000000
vt 0.000000 0.000000
vt 0.000000 0.000000
vt 0.000000 0.000000
vt 0.000000 0.000000
vt 0.000000 0.000000
vt 0.000000 0.000000
vt 0.000000 0.000000
vt 0.000000 0.000000
vt 0.000000 0.000000
vt 0.000000 0.000000
vt 0.000000 0.000000
vt 0.000000 0.000000
vt 0.000000 0.000000
vt 0.000000 0.000000
vt 0.000000 0.000000
vt 0.000000 0.000000
vt 0.000000 0.000000
vt 0.000000 0.000000
vt 0.000000 0.000000
vt 0.000000 0.000000
vt 0.000000 0.000000
vt 0.000000 0.000000
vt 0.000000 0.000000
vt 0.000000 0.000000
vt 0.000000 0.000000
vt 0.000000 0.000000
vt 0.000000 0.000000
vt 0.000000 0.000000
vt 0.000000 0.000000
vt 0.000000 0.000000
vt 0.000000 0.000000
vt 0.000000 0.000000
vt 0.000000 0.000000
vt 0.000000 0.000000
vt 0.000000 0.000000
vt 0.000000 0.000000
vt 0.000000 0.000000
vt 0.000000 0.000000
vt 0.000000 0.000000
vt 0.000000 0.000000
vt 0.000000 0.000000
vt 0.000000 0.000000
vt 0.000000 0.000000
vt 0.000000 0.000000
vt 0.000000 0.000000
vt 0.000000 0.000000
vt 0.000000 0.000000
vt 0.000000 0.000000
vt 0.000000 0.000000
vt 0.000000 0.000000
vt 0.000000 0.000000
vt 0.000000 0.000000
vt 0.000000 0.000000
vt 0.000000 0.000000
vt 0.000000 0.000000
vt 0.000000 0.000000
vt 0.000000 0.000000
vt 0.000000 0.000000
vt 0.000000 0.000000
vt 0.000000 0.000000
vt 0.000000 0.000000
vt 0.000000 0.000000
vt 0.000000 0.000000
vt 0.000000 0.000000
vt 0.000000 0.000000
vt 0.000000 0.000000
vt 0.000000 0.000000
vt 0.000000 0.000000
vt 0.000000 0.000000
vt 0.000000 0.000000
vt 0.000000 0.000000
vt 0.000000 0.000000
vt 0.000000 0.000000
vt 0.000000 0.000000
vt 0.000000 0.000000
vt 0.000000 0.000000
vt 0.000000 0.000000
vt 0.000000 0.000000
vt 0.000000 0.000000
vt 0.000000 0.000000
vt 0.000000 0.000000
vt 0.000000 0.000000
vt 0.000000 0.000000
vt 0.000000 0.000000
vt 0.000000 0.000000
vt 0.000000 0.000000
vt 0.000000 0.000000
vt 0.000000 0.000000
vt 0.000000 0.000000
vt 0.000000 0.000000
vt 0.000000 0.000000
vt 0.000000 0.000000
vt 0.000000 0.000000
vt 0.000000 0.000000
vt 0.000000 0.000000
vt 0.000000 0.000000
vt 0.000000 0.000000
vt 0.000000 0.000000
vt 0.000000 0.000000
vt 0.000000 0.000000
vt 0.000000 0.000000
vt 0.000000 0.000000
vt 0.000000 0.000000
vt 0.000000 0.000000
vt 0.000000 0.000000
vt 0.000000 0.000000
vt 0.000000 0.000000
vt 0.000000 0.000000
vt 0.000000 0.000000
vt 0.000000 0.000000
vt 0.000000 0.000000
vt 0.000000 0.000000
vt 0.000000 0.000000
vt 0.000000 0.000000
vt 0.000000 0.000000
vt 0.000000 0.000000
vt 0.000000 0.000000
vt 0.000000 0.000000
vt 0.000000 0.000000
vt 0.000000 0.000000
vt 0.000000 0.000000
vt 0.000000 0.000000
vt 0.000000 0.000000
vt 0.000000 0.000000
vt 0.000000 0.000000
vt 0.000000 0.000000
vt 0.000000 0.000000
vt 0.000000 0.000000
vt 0.000000 0.000000
vt 0.000000 0.000000
vt 0.000000 0.000000
vt 0.000000 0.000000
vt 0.000000 0.000000
vt 0.000000 0.000000
vt 0.000000 0.000000
vt 0.000000 0.000000
vt 0.000000 0.000000
vt 0.000000 0.000000
vt 0.000000 0.000000
vt 0.000000 0.000000
vt 0.000000 0.000000
vt 0.000000 0.000000
vt 0.000000 0.000000
vt 0.000000 0.000000
vt 0.000000 0.000000
vt 0.000000 0.000000
vt 0.000000 0.000000
vt 0.000000 0.000000
vt 0.000000 0.000000
vt 0.000000 0.000000
vt 0.000000 0.000000
vt 0.000000 0.000000
vt 0.000000 0.000000
vt 0.000000 0.000000
vt 0.000000 0.000000
vt 0.000000 0.000000
vt 0.000000 0.000000
vt 0.000000 0.000000
vt 0.000000 0.000000
vt 0.000000 0.000000
vt 0.000000 0.000000
vt 0.000000 0.000000
vt 0.000000 0.000000
vt 0.000000 0.000000
vt 0.000000 0.000000
vt 0.000000 0.000000
vt 0.000000 0.000000
vt 0.000000 0.000000
vt 0.000000 0.000000
vt 0.000000 0.000000
vt 0.000000 0.000000
vt 0.000000 0.000000
vt 0.000000 0.000000
vt 0.000000 0.000000
vt 0.000000 0.000000
vt 0.000000 0.000000
vt 0.000000 0.000000
vt 0.000000 0.000000
vt 0.000000 0.000000
vt 0.000000 0.000000
vt 0.000000 0.000000
vt 0.000000 0.000000
vt 0.000000 0.000000
vt 0.000000 0.000000
vt 0.000000 0.000000
vt 0.000000 0.000000
vt 0.000000 0.000000
vt 0.000000 0.000000
vt 0.000000 0.000000
vt 0.000000 0.000000
vt 0.000000 0.000000
vt 0.000000 0.000000
vt 0.000000 0.000000
vt 0.000000 0.000000
vt 0.000000 0.000000
vt 0.000000 0.000000
vt 0.000000 0.000000
vt 0.000000 0.000000
vt 0.000000 0.000000
vt 0.000000 0.000000
vt 0.000000 0.000000
vt 0.000000 0.000000
vt 0.000000 0.000000
vt 0.000000 0.000000
vt 0.000000 0.000000
vt 0.000000 0.000000
vt 0.000000 0.000000
vt 0.000000 0.000000
vt 0.000000 0.000000
vt 0.000000 0.000000
vt 0.000000 0.000000
vt 0.000000 0.000000
vt 0.000000 0.000000
vt 0.000000 0.000000
vt 0.000000 0.000000
vt 0.000000 0.000000
vt 0.000000 0.000000
vt 0.000000 0.000000
vt 0.000000 0.000000
vt 0.000000 0.000000
vt 0.000000 0.000000
vt 0.000000 0.000000
vt 0.000000 0.000000
vt 0.000000 0.000000
vt 0.000000 0.000000
vt 0.000000 0.000000
vt 0.000000 0.000000
vt 0.000000 0.000000
vt 0.000000 0.000000
vt 0.000000 0.000000
vt 0.000000 0.000000
vt 0.000000 0.000000
vt 0.000000 0.000000
vt 0.000000 0.000000
vt 0.000000 0.000000
vt 0.000000 0.000000
vt 0.000000 0.000000
vt 0.000000 0.000000
vt 0.000000 0.000000
vt 0.000000 0.000000
vt 0.000000 0.000000
vt 0.000000 0.000000
vt 0.000000 0.000000
vt 0.000000 0.000000
vt 0.000000 0.000000
vt 0.000000 0.000000
vt 0.000000 0.000000
vt 0.000000 0.000000
vt 0.000000 0.000000
vt 0.000000 0.000000
vt 0.000000 0.000000
vt 0.000000 0.000000
vt 0.000000 0.000000
vt 0.000000 0.000000
vt 0.000000 0.000000
vt 0.000000 0.000000
vt 0.000000 0.000000
vt 0.000000 0.000000
vt 0.000000 0.000000
vt 0.000000 0.000000
vt 0.000000 0.000000
vt 0.000000 0.000000
vt 0.000000 0.000000
vt 0.000000 0.000000
vt 0.000000 0.000000
vt 0.000000 0.000000
vt 0.000000 0.000000
vt 0.000000 0.000000
vt 0.000000 0.000000
vt 0.000000 0.000000
vt 0.000000 0.000000
vt 0.000000 0.000000
vt 0.000000 0.000000
vt 0.000000 0.000000
vt 0.000000 0.000000
vt 0.000000 0.000000
vt 0.000000 0.000000
vt 0.000000 0.000000
vt 0.000000 0.000000
vt 0.000000 0.000000
vt 0.000000 0.000000
vt 0.000000 0.000000
vt 0.000000 0.000000
vt 0.000000 0.000000
vt 0.000000 0.000000
vt 0.000000 0.000000
vt 0.000000 0.000000
vt 0.000000 0.000000
vt 0.000000 0.000000
vt 0.000000 0.000000
vt 0.000000 0.000000
vt 0.000000 0.000000
vt 0.000000 0.000000
vt 0.000000 0.000000
vt 0.000000 0.000000
vt 0.000000 0.000000
vt 0.000000 0.000000
vt 0.000000 0.000000
vt 0.000000 0.000000
vt 0.000000 0.000000
vt 0.000000 0.000000
vt 0.000000 0.000000
vt 0.000000 0.000000
vt 0.000000 0.000000
vt 0.000000 0.000000
vt 0.000000 0.000000
vt 0.000000 0.000000
vt 0.000000 0.000000
vt 0.000000 0.000000
vt 0.000000 0.000000
vt 0.000000 0.000000
vt 0.000000 0.000000
vt 0.000000 0.000000
vt 0.000000 0.000000
vt 0.000000 0.000000
vt 0.000000 0.000000
vt 0.000000 0.000000
vt 0.000000 0.000000
vt 0.000000 0.000000
vt 0.000000 0.000000
vt 0.000000 0.000000
vt 0.000000 0.000000
vt 0.000000 0.000000
vt 0.000000 0.000000
vt 0.000000 0.000000
vt 0.000000 0.000000
vt 0.000000 0.000000
vt 0.000000 0.000000
vt 0.000000 0.000000
vt 0.000000 0.000000
vt 0.000000 0.000000
vt 0.000000 0.000000
vt 0.000000 0.000000
vt 0.000000 0.000000
vt 0.000000 0.000000
vt 0.000000 0.000000
vt 0.000000 0.000000
vt 0.000000 0.000000
vt 0.000000 0.000000
vt 0.000000 0.000000
vt 0.000000 0.000000
vt 0.000000 0.000000
vt 0.000000 0.000000
vt 0.000000 0.000000
vt 0.000000 0.000000
vt 0.000000 0.000000
vt 0.000000 0.000000
vt 0.000000 0.000000
vt 0.000000 0.000000
vt 0.000000 0.000000
vt 0.000000 0.000000
vt 0.000000 0.000000
vt 0.000000 0.000000
vt 0.000000 0.000000
vt 0.000000 0.000000
vt 0.000000 0.000000
vt 0.000000 0.000000
vt 0.000000 0.000000
vt 0.000000 0.000000
vt 0.000000 0.000000
vt 0.000000 0.000000
vt 0.000000 0.000000
vt 0.000000 0.000000
vt 0.000000 0.000000
vt 0.000000 0.000000
vt 0.000000 0.000000
vt 0.000000 0.000000
vt 0.000000 0.000000
vt 0.000000 0.000000
vt 0.000000 0.000000
vt 0.000000 0.000000
vt 0.000000 0.000000
vt 0.000000 0.000000
vt 0.000000 0.000000
vt 0.000000 0.000000
vt 0.000000 0.000000
vt 0.000000 0.000000
vt 0.000000 0.000000
vt 0.000000 0.000000
vt 0.000000 0.000000
vt 0.000000 0.000000
vt 0.000000 0.000000
vt 0.000000 0.000000
vt 0.000000 0.000000
vt 0.000000 0.000000
vt 0.000000 0.000000
vt 0.000000 0.000000
vt 0.000000 0.000000
vt 0.000000 0.000000
vt 0.000000 0.000000
vt 0.000000 0.000000
vt 0.000000 0.000000
vt 0.000000 0.000000
vt 0.000000 0.000000
vt 0.000000 0.000000
vt 0.000000 0.000000
vt 0.000000 0.000000
vt 0.000000 0.000000
vt 0.000000 0.000000
vt 0.000000 0.000000
vt 0.000000 0.000000
vt 0.000000 0.000000
vt 0.000000 0.000000
vt 0.000000 0.000000
vt 0.000000 0.000000
vt 0.000000 0.000000
vt 0.000000 0.000000
vt 0.000000 0.000000
vt 0.000000 0.000000
vt 0.000000 0.000000
vt 0.000000 0.000000
vt 0.000000 0.000000
vt 0.000000 0.000000
vt 0.000000 0.000000
vt 0.000000 0.000000
vt 0.000000 0.000000
vt 0.000000 0.000000
vt 0.000000 0.000000
vt 0.000000 0.000000
vt 0.000000 0.000000
vt 0.000000 0.000000
vt 0.000000 0.000000
vt 0.000000 0.000000
vt 0.000000 0.000000
vt 0.000000 0.000000
vt 0.000000 0.000000
vt 0.000000 0.000000
vt 0.000000 0.000000
vt 0.000000 0.000000
vt 0.000000 0.000000
vt 0.000000 0.000000
vt 0.000000 0.000000
vt 0.000000 0.000000
vt 0.000000 0.000000
vt 0.000000 0.000000
vt 0.000000 0.000000
vt 0.000000 0.000000
vt 0.000000 0.000000
vt 0.000000 0.000000
vt 0.000000 0.000000
vt 0.000000 0.000000
vt 0.000000 0.000000
vt 0.000000 0.000000
vt 0.000000 0.000000
vt 0.000000 0.000000
vt 0.000000 0.000000
vt 0.000000 0.000000
vt 0.000000 0.000000
vt 0.000000 0.000000
vt 0.000000 0.000000
vt 0.000000 0.000000
vt 0.000000 0.000000
vt 0.000000 0.000000
vt 0.000000 0.000000
vt 0.000000 0.000000
vt 0.000000 0.000000
vt 0.000000 0.000000
vt 0.000000 0.000000
vt 0.000000 0.000000
vt 0.000000 0.000000
vt 0.000000 0.000000
vt 0.000000 0.000000
vt 0.000000 0.000000
vt 0.000000 0.000000
vt 0.000000 0.000000
vt 0.000000 0.000000
vt 0.000000 0.000000
vt 0.000000 0.000000
vt 0.000000 0.000000
vt 0.000000 0.000000
vt 0.000000 0.000000
vt 0.000000 0.000000
vt 0.000000 0.000000
vt 0.000000 0.000000
vt 0.000000 0.000000
vt 0.000000 0.000000
vt 0.000000 0.000000
vt 0.000000 0.000000
vt 0.000000 0.000000
vt 0.000000 0.000000
vt 0.000000 0.000000
vt 0.000000 0.000000
vt 0.000000 0.000000
vt 0.000000 0.000000
vt 0.000000 0.000000
vt 0.000000 0.000000
vt 0.000000 0.000000
vt 0.000000 0.000000
vt 0.000000 0.000000
vt 0.000000 0.000000
vt 0.000000 0.000000
vt 0.000000 0.000000
vt 0.000000 0.000000
vt 0.000000 0.000000
vt 0.000000 0.000000
vt 0.000000 0.000000
vt 0.000000 0.000000
vt 0.000000 0.000000
vt 0.000000 0.000000
vt 0.000000 0.000000
vt 0.000000 0.000000
vt 0.000000 0.000000
vt 0.000000 0.000000
vt 0.000000 0.000000
vt 0.000000 0.000000
vt 0.000000 0.000000
vt 0.000000 0.000000
vt 0.000000 0.000000
vt 0.000000 0.000000
vt 0.000000 0.000000
vt 0.000000 0.000000
vt 0.000000 0.000000
vt 0.000000 0.000000
vt 0.000000 0.000000
vt 0.000000 0.000000
vt 0.000000 0.000000
vt 0.000000 0.000000
vt 0.000000 0.000000
vt 0.000000 0.000000
vt 0.000000 0.000000
vt 0.000000 0.000000
vt 0.000000 0.000000
vt 0.000000 0.000000
vt 0.000000 0.000000
vt 0.000000 0.000000
vt 0.000000 0.000000
vt 0.000000 0.000000
vt 0.000000 0.000000
vt 0.000000 0.000000
vt 0.000000 0.000000
vt 0.000000 0.000000
vt 0.000000 0.000000
vt 0.000000 0.000000
vt 0.000000 0.000000
vt 0.000000 0.000000
vt 0.000000 0.000000
vt 0.000000 0.000000
vt 0.000000 0.000000
vt 0.000000 0.000000
vt 0.000000 0.000000
vt 0.000000 0.000000
vt 0.000000 0.000000
vt 0.000000 0.000000
vt 0.000000 0.000000
vt 0.000000 0.000000
vt 0.000000 0.000000
vt 0.000000 0.000000
vt 0.000000 0.000000
vt 0.000000 0.000000
vt 0.000000 0.000000
vt 0.000000 0.000000
vt 0.000000 0.000000
vt 0.000000 0.000000
vt 0.000000 0.000000
vt 0.000000 0.000000
vt 0.000000 0.000000
vt 0.000000 0.000000
vt 0.000000 0.000000
vt 0.000000 0.000000
vt 0.000000 0.000000
vt 0.000000 0.000000
vt 0.000000 0.000000
vt 0.000000 0.000000
vt 0.000000 0.000000
vt 0.000000 0.000000
vt 0.000000 0.000000
vt 0.000000 0.000000
vt 0.000000 0.000000
vt 0.000000 0.000000
vt 0.000000 0.000000
vt 0.000000 0.000000
vt 0.000000 0.000000
vt 0.000000 0.000000
vt 0.000000 0.000000
vt 0.000000 0.000000
vt 0.000000 0.000000
vt 0.000000 0.000000
vt 0.000000 0.000000
vt 0.000000 0.000000
vt 0.000000 0.000000
vt 0.000000 0.000000
vt 0.000000 0.000000
vt 0.000000 0.000000
vt 0.000000 0.000000
vt 0.000000 0.000000
vt 0.000000 0.000000
vt 0.000000 0.000000
vt 0.000000 0.000000
vt 0.000000 0.000000
vt 0.000000 0.000000
vt 0.000000 0.000000
vt 0.000000 0.000000
vt 0.000000 0.000000
vt 0.000000 0.000000
vt 0.000000 0.000000
vt 0.000000 0.000000
vt 0.000000 0.000000
vt 0.000000 0.000000
vt 0.000000 0.000000
vt 0.000000 0.000000
vt 0.000000 0.000000
vt 0.000000 0.000000
vt 0.000000 0.000000
vt 0.000000 0.000000
vt 0.000000 0.000000
vt 0.000000 0.000000
vt 0.000000 0.000000
vt 0.000000 0.000000
vt 0.000000 0.000000
vt 0.000000 0.000000
vt 0.000000 0.000000
vt 0.000000 0.000000
vt 0.000000 0.000000
vt 0.000000 0.000000
vt 0.000000 0.000000
vt 0.000000 0.000000
vt 0.000000 0.000000
vt 0.000000 0.000000
vt 0.000000 0.000000
vt 0.000000 0.000000
vt 0.000000 0.000000
vt 0.000000 0.000000
vt 0.000000 0.000000
vt 0.000000 0.000000
vt 0.000000 0.000000
vt 0.000000 0.000000
vt 0.000000 0.000000
vt 0.000000 0.000000
vt 0.000000 0.000000
vt 0.000000 0.000000
vt 0.000000 0.000000
vt 0.000000 0.000000
vt 0.000000 0.000000
vt 0.000000 0.000000
vt 0.000000 0.000000
vt 0.000000 0.000000
vt 0.000000 0.000000
vt 0.000000 0.000000
vt 0.000000 0.000000
vt 0.000000 0.000000
vt 0.000000 0.000000
vt 0.000000 0.000000
vt 0.000000 0.000000
vt 0.000000 0.000000
vt 0.000000 0.000000
vt 0.000000 0.000000
vt 0.000000 0.000000
vt 0.000000 0.000000
vt 0.000000 0.000000
vt 0.000000 0.000000
vt 0.000000 0.000000
vt 0.000000 0.000000
vt 0.000000 0.000000
vt 0.000000 0.000000
vt 0.000000 0.000000
vt 0.000000 0.000000
vt 0.000000 0.000000
vt 0.000000 0.000000
vt 0.000000 0.000000
vt 0.000000 0.000000
vt 0.000000 0.000000
vt 0.000000 0.000000
vt 0.000000 0.000000
vt 0.000000 0.000000
vt 0.000000 0.000000
vt 0.000000 0.000000
vt 0.000000 0.000000
vt 0.000000 0.000000
vt 0.000000 0.000000
vt 0.000000 0.000000
vt 0.000000 0.000000
vt 0.000000 0.000000
vt 0.000000 0.000000
vt 0.000000 0.000000
vt 0.000000 0.000000
vt 0.000000 0.000000
vt 0.000000 0.000000
vt 0.000000 0.000000
vt 0.000000 0.000000
vt 0.000000 0.000000
vt 0.000000 0.000000
vt 0.000000 0.000000
vt 0.000000 0.000000
vt 0.000000 0.000000
vt 0.000000 0.000000
vt 0.000000 0.000000
vt 0.000000 0.000000
vt 0.000000 0.000000
vt 0.000000 0.000000
vt 0.000000 0.000000
vt 0.000000 0.000000
vt 0.000000 0.000000
vt 0.000000 0.000000
vt 0.000000 0.000000
vt 0.000000 0.000000
vt 0.000000 0.000000
vt 0.000000 0.000000
vt 0.000000 0.000000
vt 0.000000 0.000000
vt 0.000000 0.000000
vt 0.000000 0.000000
vt 0.000000 0.000000
vt 0.000000 0.000000
vt 0.000000 0.000000
vt 0.000000 0.000000
vt 0.000000 0.000000
vt 0.000000 0.000000
vt 0.000000 0.000000
vt 0.000000 0.000000
vt 0.000000 0.000000
vt 0.000000 0.000000
vt 0.000000 0.000000
vt 0.000000 0.000000
vt 0.000000 0.000000
vt 0.000000 0.000000
vt 0.000000 0.000000
vt 0.000000 0.000000
vt 0.000000 0.000000
vt 0.000000 0.000000
vt 0.000000 0.000000
vt 0.000000 0.000000
vt 0.000000 0.000000
vt 0.000000 0.000000
vt 0.000000 0.000000
vt 0.000000 0.000000
vt 0.000000 0.000000
vt 0.000000 0.000000
vt 0.000000 0.000000
vt 0.000000 0.000000
vt 0.000000 0.000000
vt 0.000000 0.000000
vt 0.000000 0.000000
vt 0.000000 0.000000
vt 0.000000 0.000000
vt 0.000000 0.000000
vt 0.000000 0.000000
vt 0.000000 0.000000
vt 0.000000 0.000000
vt 0.000000 0.000000
vt 0.000000 0.000000
vt 0.000000 0.000000
vt 0.000000 0.000000
vt 0.000000 0.000000
vt 0.000000 0.000000
vt 0.000000 0.000000
vt 0.000000 0.000000
vt 0.000000 0.000000
vt 0.000000 0.000000
vt 0.000000 0.000000
vt 0.000000 0.000000
vt 0.000000 0.000000
vt 0.000000 0.000000
vt 0.000000 0.000000
vt 0.000000 0.000000
vt 0.000000 0.000000
vt 0.000000 0.000000
vt 0.000000 0.000000
vt 0.000000 0.000000
vt 0.000000 0.000000
vt 0.000000 0.000000
vt 0.000000 0.000000
vt 0.000000 0.000000
vt 0.000000 0.000000
vt 0.000000 0.000000
vt 0.000000 0.000000
vt 0.000000 0.000000
vt 0.000000 0.000000
vt 0.000000 0.000000
vt 0.000000 0.000000
vt 0.000000 0.000000
vt 0.000000 0.000000
vt 0.000000 0.000000
vt 0.000000 0.000000
vt 0.000000 0.000000
vt 0.000000 0.000000
vt 0.000000 0.000000
vt 0.000000 0.000000
vt 0.000000 0.000000
vt 0.000000 0.000000
vt 0.000000 0.000000
vt 0.000000 0.000000
vt 0.000000 0.000000
vt 0.000000 0.000000
vt 0.000000 0.000000
vt 0.000000 0.000000
vt 0.000000 0.000000
vt 0.000000 0.000000
vt 0.000000 0.000000
vt 0.000000 0.000000
vt 0.000000 0.000000
vt 0.000000 0.000000
vt 0.000000 0.000000
vt 0.000000 0.000000
vt 0.000000 0.000000
vt 0.000000 0.000000
vt 0.000000 0.000000
vt 0.000000 0.000000
vt 0.000000 0.000000
vt 0.000000 0.000000
vt 0.000000 0.000000
vt 0.000000 0.000000
vt 0.000000 0.000000
vt 0.000000 0.000000
vt 0.000000 0.000000
vt 0.000000 0.000000
vt 0.000000 0.000000
vt 0.000000 0.000000
vt 0.000000 0.000000
vt 0.000000 0.000000
vt 0.000000 0.000000
vt 0.000000 0.000000
vt 0.000000 0.000000
vt 0.000000 0.000000
vt 0.000000 0.000000
vt 0.000000 0.000000
vt 0.000000 0.000000
vt 0.000000 0.000000
vt 0.000000 0.000000
vt 0.000000 0.000000
vt 0.000000 0.000000
vt 0.000000 0.000000
vt 0.000000 0.000000
vt 0.000000 0.000000
vt 0.000000 0.000000
vt 0.000000 0.000000
vt 0.000000 0.000000
vt 0.000000 0.000000
vt 0.000000 0.000000
vt 0.000000 0.000000
vt 0.000000 0.000000
vt 0.000000 0.000000
vt 0.000000 0.000000
vt 0.000000 0.000000
vt 0.000000 0.000000
vt 0.000000 0.000000
vt 0.000000 0.000000
vt 0.000000 0.000000
vt 0.000000 0.000000
vt 0.000000 0.000000
vt 0.000000 0.000000
vt 0.000000 0.000000
vt 0.000000 0.000000
vt 0.000000 0.000000
vt 0.000000 0.000000
vt 0.000000 0.000000
vt 0.000000 0.000000
vt 0.000000 0.000000
vt 0.000000 0.000000
vt 0.000000 0.000000
vt 0.000000 0.000000
vt 0.000000 0.000000
vt 0.000000 0.000000
vt 0.000000 0.000000
vt 0.000000 0.000000
vt 0.000000 0.000000
vt 0.000000 0.000000
vt 0.000000 0.000000
vt 0.000000 0.000000
vt 0.000000 0.000000
vt 0.000000 0.000000
vt 0.000000 0.000000
vt 0.000000 0.000000
vt 0.000000 0.000000
vt 0.000000 0.000000
vt 0.000000 0.000000
vt 0.000000 0.000000
vt 0.000000 0.000000
vt 0.000000 0.000000
vt 0.000000 0.000000
vt 0.000000 0.000000
vt 0.000000 0.000000
vt 0.000000 0.000000
vt 0.000000 0.000000
vt 0.000000 0.000000
vt 0.000000 0.000000
vt 0.000000 0.000000
vt 0.000000 0.000000
vt 0.000000 0.000000
vt 0.000000 0.000000
vt 0.000000 0.000000
vt 0.000000 0.000000
vt 0.000000 0.000000
vt 0.000000 0.000000
vt 0.000000 0.000000
vt 0.000000 0.000000
vt 0.000000 0.000000
vt 0.000000 0.000000
vt 0.000000 0.000000
vt 0.000000 0.000000
vt 0.000000 0.000000
vt 0.000000 0.000000
vt 0.000000 0.000000
vt 0.000000 0.000000
vt 0.000000 0.000000
vt 0.000000 0.000000
vt 0.000000 0.000000
vt 0.000000 0.000000
vt 0.000000 0.000000
vt 0.000000 0.000000
vt 0.000000 0.000000
vt 0.000000 0.000000
vt 0.000000 0.000000
vt 0.000000 0.000000
vt 0.000000 0.000000
vt 0.000000 0.000000
vt 0.000000 0.000000
vt 0.000000 0.000000
vt 0.000000 0.000000
vt 0.000000 0.000000
vt 0.000000 0.000000
vt 0.000000 0.000000
vt 0.000000 0.000000
vt 0.000000 0.000000
vt 0.000000 0.000000
vt 0.000000 0.000000
vt 0.000000 0.000000
vt 0.000000 0.000000
vt 0.000000 0.000000
vt 0.000000 0.000000
vt 0.000000 0.000000
vt 0.000000 0.000000
vt 0.000000 0.000000
vt 0.000000 0.000000
vt 0.000000 0.000000
vt 0.000000 0.000000
vt 0.000000 0.000000
vt 0.000000 0.000000
vt 0.000000 0.000000
vt 0.000000 0.000000
vt 0.000000 0.000000
vt 0.000000 0.000000
vt 0.000000 0.000000
vt 0.000000 0.000000
vt 0.000000 0.000000
vt 0.000000 0.000000
vt 0.000000 0.000000
vt 0.000000 0.000000
vt 0.000000 0.000000
vt 0.000000 0.000000
vt 0.000000 0.000000
vt 0.000000 0.000000
vt 0.000000 0.000000
vt 0.000000 0.000000
vt 0.000000 0.000000
vt 0.000000 0.000000
vt 0.000000 0.000000
vt 0.000000 0.000000
vt 0.000000 0.000000
vt 0.000000 0.000000
vt 0.000000 0.000000
vt 0.000000 0.000000
vt 0.000000 0.000000
vt 0.000000 0.000000
vt 0.000000 0.000000
vt 0.000000 0.000000
vt 0.000000 0.000000
vt 0.000000 0.000000
vt 0.000000 0.000000
vt 0.000000 0.000000
vt 0.000000 0.000000
vt 0.000000 0.000000
vt 0.000000 0.000000
vt 0.000000 0.000000
vt 0.000000 0.000000
vt 0.000000 0.000000
vt 0.000000 0.000000
vt 0.000000 0.000000
vt 0.000000 0.000000
vt 0.000000 0.000000
vt 0.000000 0.000000
vt 0.000000 0.000000
vt 0.000000 0.000000
vt 0.000000 0.000000
vt 0.000000 0.000000
vt 0.000000 0.000000
vt 0.000000 0.000000
vt 0.000000 0.000000
vt 0.000000 0.000000
vt 0.000000 0.000000
vt 0.000000 0.000000
vt 0.000000 0.000000
vt 0.000000 0.000000
vt 0.000000 0.000000
vt 0.000000 0.000000
vt 0.000000 0.000000
vt 0.000000 0.000000
vt 0.000000 0.000000
vt 0.000000 0.000000
vt 0.000000 0.000000
vt 0.000000 0.000000
vt 0.000000 0.000000
vt 0.000000 0.000000
vt 0.000000 0.000000
vt 0.000000 0.000000
vt 0.000000 0.000000
vt 0.000000 0.000000
vt 0.000000 0.000000
vt 0.000000 0.000000
vt 0.000000 0.000000
vt 0.000000 0.000000
vt 0.000000 0.000000
vt 0.000000 0.000000
vt 0.000000 0.000000
vt 0.000000 0.000000
vt 0.000000 0.000000
vt 0.000000 0.000000
vt 0.000000 0.000000
vt 0.000000 0.000000
vt 0.000000 0.000000
vt 0.000000 0.000000
vt 0.000000 0.000000
vt 0.000000 0.000000
vt 0.000000 0.000000
vt 0.000000 0.000000
vt 0.000000 0.000000
vt 0.000000 0.000000
vt 0.000000 0.000000
vt 0.000000 0.000000
vt 0.000000 0.000000
vt 0.000000 0.000000
vt 0.000000 0.000000
vt 0.000000 0.000000
vt 0.000000 0.000000
vt 0.000000 0.000000
vt 0.000000 0.000000
vt 0.000000 0.000000
vt 0.000000 0.000000
vt 0.000000 0.000000
vt 0.000000 0.000000
vt 0.000000 0.000000
vt 0.000000 0.000000
vt 0.000000 0.000000
vt 0.000000 0.000000
vt 0.000000 0.000000
vt 0.000000 0.000000
vt 0.000000 0.000000
vt 0.000000 0.000000
vt 0.000000 0.000000
vt 0.000000 0.000000
vt 0.000000 0.000000
vt 0.000000 0.000000
vt 0.000000 0.000000
vt 0.000000 0.000000
vt 0.000000 0.000000
vt 0.000000 0.000000
vt 0.000000 0.000000
vt 0.000000 0.000000
vt 0.000000 0.000000
vt 0.000000 0.000000
vt 0.000000 0.000000
vt 0.000000 0.000000
vt 0.000000 0.000000
vt 0.000000 0.000000
vt 0.000000 0.000000
vt 0.000000 0.000000
vt 0.000000 0.000000
vt 0.000000 0.000000
vt 0.000000 0.000000
vt 0.000000 0.000000
vt 0.000000 0.000000
vt 0.000000 0.000000
vt 0.000000 0.000000
vt 0.000000 0.000000
vt 0.000000 0.000000
vt 0.000000 0.000000
vt 0.000000 0.000000
vt 0.000000 0.000000
vt 0.000000 0.000000
vt 0.000000 0.000000
vt 0.000000 0.000000
vt 0.000000 0.000000
vt 0.000000 0.000000
vt 0.000000 0.000000
vt 0.000000 0.000000
vt 0.000000 0.000000
vt 0.000000 0.000000
vt 0.000000 0.000000
vt 0.000000 0.000000
vt 0.000000 0.000000
vt 0.000000 0.000000
vt 0.000000 0.000000
vt 0.000000 0.000000
vt 0.000000 0.000000
vt 0.000000 0.000000
vt 0.000000 0.000000
vt 0.000000 0.000000
vt 0.000000 0.000000
vt 0.000000 0.000000
vt 0.000000 0.000000
vt 0.000000 0.000000
vt 0.000000 0.000000
vt 0.000000 0.000000
vt 0.000000 0.000000
vt 0.000000 0.000000
vt 0.000000 0.000000
vt 0.000000 0.000000
vt 0.000000 0.000000
vt 0.000000 0.000000
vt 0.000000 0.000000
vt 0.000000 0.000000
vt 0.000000 0.000000
vt 0.000000 0.000000
vt 0.000000 0.000000
vt 0.000000 0.000000
vt 0.000000 0.000000
vt 0.000000 0.000000
vt 0.000000 0.000000
vt 0.000000 0.000000
vt 0.000000 0.000000
vt 0.000000 0.000000
vt 0.000000 0.000000
vt 0.000000 0.000000
vt 0.000000 0.000000
vt 0.000000 0.000000
vt 0.000000 0.000000
vt 0.000000 0.000000
vt 0.000000 0.000000
vt 0.000000 0.000000
vt 0.000000 0.000000
vt 0.000000 0.000000
vt 0.000000 0.000000
vt 0.000000 0.000000
vt 0.000000 0.000000
vt 0.000000 0.000000
vt 0.000000 0.000000
vt 0.000000 0.000000
vt 0.000000 0.000000
vt 0.000000 0.000000
vt 0.000000 0.000000
vt 0.000000 0.000000
vt 0.000000 0.000000
vt 0.000000 0.000000
vt 0.000000 0.000000
vt 0.000000 0.000000
vt 0.000000 0.000000
vt 0.000000 0.000000
vt 0.000000 0.000000
vt 0.000000 0.000000
vt 0.000000 0.000000
vt 0.000000 0.000000
vt 0.000000 0.000000
vt 0.000000 0.000000
vt 0.000000 0.000000
vt 0.000000 0.000000
vt 0.000000 0.000000
vt 0.000000 0.000000
vt 0.000000 0.000000
vt 0.000000 0.000000
vt 0.000000 0.000000
vt 0.000000 0.000000
vt 0.000000 0.000000
vt 0.000000 0.000000
vt 0.000000 0.000000
vt 0.000000 0.000000
vt 0.000000 0.000000
vt 0.000000 0.000000
vt 0.000000 0.000000
vt 0.000000 0.000000
vt 0.000000 0.000000
vt 0.000000 0.000000
vt 0.000000 0.000000
vt 0.000000 0.000000
vt 0.000000 0.000000
vt 0.000000 0.000000
vt 0.000000 0.000000
vt 0.000000 0.000000
vt 0.000000 0.000000
vt 0.000000 0.000000
vt 0.000000 0.000000
vt 0.000000 0.000000
vt 0.000000 0.000000
vt 0.000000 0.000000
vt 0.000000 0.000000
vt 0.000000 0.000000
vt 0.000000 0.000000
vt 0.000000 0.000000
vt 0.000000 0.000000
vt 0.000000 0.000000
vt 0.000000 0.000000
vt 0.000000 0.000000
vt 0.000000 0.000000
vt 0.000000 0.000000
vt 0.000000 0.000000
vt 0.000000 0.000000
vt 0.000000 0.000000
vt 0.000000 0.000000
vt 0.000000 0.000000
vt 0.000000 0.000000
vt 0.000000 0.000000
vt 0.000000 0.000000
vt 0.000000 0.000000
vt 0.000000 0.000000
vt 0.000000 0.000000
vt 0.000000 0.000000
vn -1.000000 0.000000 0.000000
vn -1.000000 0.000000 0.000000
vn -1.000000 0.000000 0.000000
vn -1.000000 0.000000 0.000000
vn -1.000000 0.000000 0.000000
vn -1.000000 0.000000 0.000000
vn -1.000000 0.000000 0.000000
vn -1.000000 0.000000 0.000000
vn -1.000000 0.000000 0.000000
vn -1.000000 0.000000 0.000000
vn -1.000000 0.000000 0.000000
vn -1.000000 0.000000 0.000000
vn -1.000000 0.000000 0.000000
vn -1.000000 0.000000 0.000000
vn -1.000000 0.000000 0.000000
vn -1.000000 0.000000 0.000000
vn -1.000000 0.000000 0.000000
vn -1.000000 0.000000 0.000000
vn -1.000000 0.000000 0.000000
vn -1.000000 0.000000 0.000000
vn -1.000000 0.000000 0.000000
vn -1.000000 0.000000 0.000000
vn -1.000000 0.000000 0.000000
vn -1.000000 0.000000 0.000000
vn -1.000000 0.000000 0.000000
vn -1.000000 0.000000 0.000000
vn -1.000000 0.000000 0.000000
vn -1.000000 0.000000 0.000000
vn -1.000000 0.000000 0.000000
vn -1.000000 0.000000 0.000000
vn -1.000000 0.000000 0.000000
vn -1.000000 0.000000 0.000000
vn -1.000000 0.000000 0.000000
vn -1.000000 0.000000 0.000000
vn -1.000000 0.000000 0.000000
vn -1.000000 0.000000 0.000000
vn -1.000000 0.000000 0.000000
vn -1.000000 0.000000 0.000000
vn -1.000000 0.000000 0.000000
vn -1.000000 0.000000 0.000000
vn -1.000000 0.000000 0.000000
vn -1.000000 0.000000 0.000000
vn 0.000000 0.000000 1.000000
vn 0.000000 0.000000 1.000000
vn 0.000000 0.000000 1.000000
vn 1.000000 0.000000 0.000000
vn 1.000000 0.000000 0.000000
vn 1.000000 0.000000 0.000000
vn 1.000000 0.000000 0.000000
vn 1.000000 0.000000 0.000000
vn 1.000000 0.000000 0.000000
vn 1.000000 0.000000 0.000000
vn 1.000000 0.000000 0.000000
vn 1.000000 0.000000 0.000000
vn 1.000000 0.000000 0.000000
vn 1.000000 0.000000 0.000000
vn 1.000000 0.000000 0.000000
vn 1.000000 0.000000 0.000000
vn 1.000000 0.000000 0.000000
vn 1.000000 0.000000 0.000000
vn 1.000000 0.000000 0.000000
vn 1.000000 0.000000 0.000000
vn 1.000000 0.000000 0.000000
vn 1.000000 0.000000 0.000000
vn 1.000000 0.000000 0.000000
vn 1.000000 0.000000 0.000000
vn 1.000000 0.000000 0.000000
vn 1.000000 0.000000 0.000000
vn 1.000000 0.000000 0.000000
vn 1.000000 0.000000 0.000000
vn 1.000000 0.000000 0.000000
vn 1.000000 0.000000 0.000000
vn 1.000000 0.000000 0.000000
vn 1.000000 0.000000 0.000000
vn 1.000000 0.000000 0.000000
vn 1.000000 0.000000 0.000000
vn 1.000000 0.000000 0.000000
vn 1.000000 0.000000 0.000000
vn 1.000000 0.000000 0.000000
vn 1.000000 0.000000 0.000000
vn 1.000000 0.000000 0.000000
vn 1.000000 0.000000 0.000000
vn 1.000000 0.000000 0.000000
vn 1.000000 0.000000 0.000000
vn 1.000000 0.000000 0.000000
vn 1.000000 0.000000 0.000000
vn 1.000000 0.000000 0.000000
vn 1.000000 0.000000 0.000000
vn 1.000000 0.000000 0.000000
vn 1.000000 0.000000 0.000000
vn 1.000000 0.000000 0.000000
vn 1.000000 0.000000 0.000000
vn 1.000000 0.000000 0.000000
vn 0.000000 0.000000 -1.000000
vn 0.000000 0.000000 -1.000000
vn 0.000000 0.000000 -1.000000
vn 0.000000 0.000000 -1.000000
vn 0.000000 0.000000 -1.000000
vn 0.000000 0.000000 -1.000000
vn 0.000000 0.000000 -1.000000
vn 0.000000 0.000000 -1.000000
vn 0.000000 0.000000 -1.000000
vn 0.000000 0.000000 -1.000000
vn 0.000000 0.000000 -1.000000
vn 0.000000 0.000000 -1.000000
vn 0.000000 0.000000 -1.000000
vn 0.000000 0.000000 -1.000000
vn 0.000000 0.000000 -1.000000
vn 0.000000 0.000000 -1.000000
vn 0.000000 0.000000 -1.000000
vn 0.000000 0.000000 -1.000000
vn 0.000000 0.000000 -1.000000
vn 0.000000 0.000000 -1.000000
vn 0.000000 0.000000 -1.000000
vn 0.000000 0.000000 -1.000000
vn 0.000000 0.000000 -1.000000
vn 0.000000 0.000000 -1.000000
vn 0.000000 0.000000 -1.000000
vn 0.000000 0.000000 -1.000000
vn 0.000000 0.000000 -1.000000
vn 0.000000 0.000000 -1.000000
vn 0.000000 0.000000 -1.000000
vn 0.000000 0.000000 -1.000000
vn 0.000000 0.000000 -1.000000
vn 0.000000 0.000000 -1.000000
vn 0.000000 0.000000 -1.000000
vn 0.000000 0.000000 -1.000000
vn 0.000000 0.000000 -1.000000
vn 0.000000 0.000000 -1.000000
vn 0.000000 0.000000 -1.000000
vn 0.000000 0.000000 -1.000000
vn 0.000000 0.000000 -1.000000
vn 0.000000 0.000000 -1.000000
vn 0.000000 0.000000 -1.000000
vn 0.000000 0.000000 -1.000000
vn 0.000000 0.000000 -1.000000
vn 0.000000 0.000000 -1.000000
vn 0.000000 0.000000 -1.000000
vn 0.000000 0.000000 -1.000000
vn 0.000000 0.000000 -1.000000
vn 0.000000 0.000000 -1.000000
vn 0.000000 0.000000 -1.000000
vn 0.000000 0.000000 -1.000000
vn 0.000000 0.000000 -1.000000
vn 0.000000 0.000000 -1.000000
vn 0.000000 0.000000 -1.000000
vn 0.000000 0.000000 -1.000000
vn 0.000000 0.000000 -1.000000
vn 0.000000 0.000000 -1.000000
vn 0.000000 0.000000 -1.000000
vn 0.000000 0.000000 -1.000000
vn 0.000000 0.000000 -1.000000
vn 0.000000 0.000000 -1.000000
vn 0.000000 0.000000 -1.000000
vn 0.000000 0.000000 -1.000000
vn 0.000000 0.000000 -1.000000
vn 0.000000 0.000000 -1.000000
vn 0.000000 0.000000 -1.000000
vn 0.000000 0.000000 -1.000000
vn 0.000000 0.000000 -1.000000
vn 0.000000 0.000000 -1.000000
vn 0.000000 0.000000 -1.000000
vn 0.000000 0.000000 -1.000000
vn 0.000000 0.000000 -1.000000
vn 0.000000 0.000000 -1.000000
vn 0.000000 0.000000 -1.000000
vn 0.000000 0.000000 -1.000000
vn 0.000000 0.000000 -1.000000
vn 0.000000 0.000000 -1.000000
vn 0.000000 0.000000 -1.000000
vn 0.000000 0.000000 -1.000000
vn 0.000000 0.000000 -1.000000
vn 0.000000 0.000000 -1.000000
vn 0.000000 0.000000 -1.000000
vn 1.000000 0.000038 0.000634
vn 1.000000 0.000038 0.000634
vn 1.000000 0.000038 0.000634
vn 1.000000 0.000038 0.000634
vn 1.000000 0.000038 0.000634
vn 1.000000 0.000038 0.000634
vn 0.000000 1.000000 0.000000
vn 0.000000 1.000000 0.000000
vn 0.000007 0.997409 0.071944
vn 0.000000 1.000000 0.000000
vn 0.000007 0.997409 0.071944
vn 0.000000 0.997409 0.071944
vn 0.000000 1.000000 0.000000
vn 0.000000 1.000000 0.000000
vn 0.000000 1.000000 0.000000
vn 0.000000 1.000000 0.000000
vn 0.000000 1.000000 0.000000
vn 0.000000 1.000000 0.000000
vn 0.000167 0.792958 0.609276
vn 0.000000 0.792529 0.609835
vn 0.000000 0.792529 0.609835
vn 0.000167 0.792958 0.609276
vn 0.000000 0.792529 0.609835
vn 0.000000 0.793102 0.609089
vn 0.000027 0.398066 0.917357
vn 0.000008 0.089530 0.995984
vn -0.000001 0.089550 0.995982
vn 0.000027 0.398066 0.917357
vn -0.000001 0.089550 0.995982
vn 0.000007 0.398147 0.917322
vn 0.000000 1.000000 0.000000
vn 0.000000 1.000000 0.000000
vn 0.000000 1.000000 0.000000
vn 0.000000 1.000000 0.000000
vn 0.000000 1.000000 0.000000
vn 0.000000 1.000000 0.000000
vn 0.000000 0.792528 0.609835
vn 0.000000 0.792529 0.609835
vn 0.000000 0.792529 0.609835
vn 0.000000 0.792528 0.609835
vn 0.000000 0.792529 0.609835
vn 0.000000 0.792528 0.609835
vn 0.000000 1.000000 0.000000
vn 0.000000 1.000000 0.000000
vn 0.000000 1.000000 0.000000
vn 0.000000 1.000000 0.000000
vn 0.000000 1.000000 0.000000
vn 0.000000 1.000000 0.000000
vn 0.000000 1.000000 0.000000
vn 0.000000 1.000000 0.000000
vn 0.000000 1.000000 0.000000
vn 0.000000 0.137444 0.990510
vn 0.000000 0.137444 0.990510
vn 0.000000 0.137444 0.990510
vn 0.000000 0.137444 0.990510
vn 0.000000 0.137444 0.990510
vn 0.000000 0.137444 0.990510
vn 0.000000 0.137444 0.990510
vn 0.000000 0.137444 0.990510
vn 0.000000 0.137444 0.990510
vn 0.000000 0.137444 0.990510
vn 0.000000 0.137444 0.990510
vn 0.000000 0.137444 0.990510
vn 0.000000 0.137444 0.990510
vn 0.000000 0.137444 0.990510
vn 0.000000 0.137444 0.990510
vn 0.000000 0.137444 0.990510
vn 0.000000 0.137444 0.990510
vn 0.000000 0.137444 0.990510
vn 0.000000 0.137444 0.990510
vn 0.000000 0.137444 0.990510
vn 0.000000 0.137444 0.990510
vn 0.000000 0.137444 0.990510
vn 0.000000 0.137444 0.990510
vn 0.000000 0.137444 0.990510
vn 0.000000 0.137444 0.990510
vn 0.000000 0.137444 0.990510
vn 0.000000 0.137444 0.990510
vn 0.000000 0.137444 0.990510
vn 0.000000 0.137444 0.990510
vn 0.000000 0.137444 0.990510
vn 0.000000 0.137444 0.990510
vn 0.000000 0.137444 0.990510
vn 0.000000 0.137444 0.990510
vn 0.000000 0.981555 0.191180
vn 0.000000 0.981555 0.191180
vn 0.000000 0.990914 -0.134499
vn 0.000000 0.981555 0.191180
vn 0.000000 0.990914 -0.134499
vn 0.000000 0.990914 -0.134499
vn 0.000000 0.000000 1.000000
vn 0.000000 0.000000 1.000000
vn 0.000000 0.000000 1.000000
vn 0.000000 0.000000 1.000000
vn 0.000000 0.000000 1.000000
vn 0.000000 0.000000 1.000000
vn 1.000000 -0.000000 -0.000000
vn 0.978289 0.124372 -0.165777
vn 0.966594 0.246500 -0.070235
vn -0.963468 0.265708 -0.033598
vn -0.937196 0.289166 0.195053
vn -0.814604 0.537133 0.218881
vn -0.963468 0.265708 -0.033598
vn -0.814604 0.537133 0.218881
vn -0.856092 0.512740 -0.064835
vn 0.000000 -0.903840 0.427870
vn 0.000000 -0.903840 0.427870
vn 0.000000 -0.853771 0.520648
vn 0.000000 -0.903840 0.427870
vn 0.000000 -0.853771 0.520648
vn 0.000000 -0.853771 0.520648
vn -0.940649 -0.200920 0.273516
vn -0.990225 -0.075649 0.117186
vn -0.907575 -0.227728 0.352770
vn -0.940649 -0.200920 0.273516
vn -0.907575 -0.227728 0.352770
vn -0.831671 -0.411410 0.372914
vn -0.907575 -0.227728 0.352770
vn -0.990225 -0.075649 0.117186
vn -0.967975 0.000000 0.251048
vn -0.907575 -0.227728 0.352770
vn -0.967975 0.000000 0.251048
vn -0.873949 0.000000 0.486017
vn 0.000000 0.792529 0.609835
vn 0.000010 0.792539 0.609822
vn 0.000000 0.792529 0.609835
vn 0.000000 0.792529 0.609835
vn 0.000000 0.792529 0.609835
vn 0.000223 0.792719 0.609587
vn 0.967975 0.000000 0.251048
vn 0.990225 -0.075649 0.117186
vn 0.907575 -0.227728 0.352770
vn 0.967975 0.000000 0.251048
vn 0.907575 -0.227728 0.352770
vn 0.873950 0.000000 0.486017
vn 0.907575 -0.227728 0.352770
vn 0.990225 -0.075649 0.117186
vn 0.940649 -0.200919 0.273516
vn 0.907575 -0.227728 0.352770
vn 0.940649 -0.200919 0.273516
vn 0.831672 -0.411410 0.372913
vn 0.856092 0.512740 -0.064835
vn 0.814604 0.537132 0.218881
vn 0.937196 0.289166 0.195053
vn 0.856092 0.512740 -0.064835
vn 0.937196 0.289166 0.195053
vn 0.963468 0.265708 -0.033598
vn -0.990225 -0.075649 0.117186
vn -0.940649 -0.200920 0.273516
vn -0.937196 0.289166 0.195053
vn -0.990225 -0.075649 0.117186
vn -0.937196 0.289166 0.195053
vn -0.963468 0.265708 -0.033598
vn -1.000000 0.000000 0.000000
vn -0.967975 0.000000 0.251048
vn -0.990225 -0.075649 0.117186
vn 0.000000 0.000000 -1.000000
vn 0.000000 0.000000 -1.000000
vn 0.000000 0.000000 -1.000000
vn 0.000000 0.000000 -1.000000
vn 0.000000 0.000000 -1.000000
vn 0.000000 0.000000 -1.000000
vn 0.990225 -0.075649 0.117186
vn 0.967975 0.000000 0.251048
vn 1.000000 0.000000 0.000000
vn -0.909936 0.248900 -0.331761
vn -0.867261 0.000000 -0.497855
vn -0.966245 0.000000 -0.257623
vn -0.909936 0.248900 -0.331761
vn -0.966245 0.000000 -0.257623
vn -0.978289 0.124372 -0.165777
vn 0.978289 0.124372 -0.165777
vn 0.966245 -0.000000 -0.257624
vn 0.867260 0.000000 -0.497856
vn 0.978289 0.124372 -0.165777
vn 0.867260 0.000000 -0.497856
vn 0.909935 0.248900 -0.331762
vn 0.000000 0.792527 0.609837
vn -0.000668 0.792781 0.609506
vn -0.000668 0.792781 0.609506
vn 0.000000 0.792527 0.609837
vn 0.000115 0.792417 0.609980
vn 0.000115 0.792417 0.609980
vn -0.940649 -0.200920 0.273516
vn -0.882853 -0.168707 0.438302
vn -0.880367 0.287294 0.377381
vn -0.940649 -0.200920 0.273516
vn -0.880367 0.287294 0.377381
vn -0.937196 0.289166 0.195053
vn 0.882853 -0.168707 0.438302
vn 0.940649 -0.200919 0.273516
vn 0.937196 0.289166 0.195053
vn 0.882853 -0.168707 0.438302
vn 0.937196 0.289166 0.195053
vn 0.880367 0.287293 0.377380
vn 0.831672 -0.411410 0.372913
vn 0.940649 -0.200919 0.273516
vn 0.882853 -0.168707 0.438302
vn 0.831672 -0.411410 0.372913
vn 0.882853 -0.168707 0.438302
vn 0.757538 -0.369222 0.538342
vn -0.940649 -0.200920 0.273516
vn -0.831671 -0.411410 0.372914
vn -0.757537 -0.369222 0.538343
vn -0.940649 -0.200920 0.273516
vn -0.757537 -0.369222 0.538343
vn -0.882853 -0.168707 0.438302
vn 0.000000 -0.853771 0.520648
vn 0.000000 -0.853771 0.520648
vn 0.000000 -0.794213 0.607640
vn 0.000000 -0.853771 0.520648
vn 0.000000 -0.794213 0.607640
vn 0.000000 -0.794213 0.607640
vn 0.937196 0.289166 0.195053
vn 0.814604 0.537132 0.218881
vn 0.749855 0.511781 0.419282
vn 0.937196 0.289166 0.195053
vn 0.749855 0.511781 0.419282
vn 0.880367 0.287293 0.377380
vn 0.000000 0.981555 0.191180
vn 0.000000 0.981555 0.191180
vn 0.000000 0.929566 0.368655
vn 0.000000 0.981555 0.191180
vn 0.000000 0.929566 0.368655
vn 0.000000 0.929566 0.368655
vn -0.814604 0.537133 0.218881
vn -0.937196 0.289166 0.195053
vn -0.880367 0.287294 0.377381
vn -0.814604 0.537133 0.218881
vn -0.880367 0.287294 0.377381
vn -0.749854 0.511782 0.419283
vn 0.940649 -0.200919 0.273516
vn 0.990225 -0.075649 0.117186
vn 0.963468 0.265708 -0.033598
vn 0.940649 -0.200919 0.273516
vn 0.963468 0.265708 -0.033598
vn 0.937196 0.289166 0.195053
vn 0.966594 0.246500 -0.070235
vn 0.978289 0.124372 -0.165777
vn 0.909935 0.248900 -0.331762
vn 0.966594 0.246500 -0.070235
vn 0.909935 0.248900 -0.331762
vn 0.868610 0.476531 -0.135778
vn 0.000000 0.961885 -0.273453
vn 0.000000 0.990914 -0.134499
vn 0.000000 0.990914 -0.134499
vn 0.000000 0.961885 -0.273453
vn 0.000000 0.990914 -0.134499
vn 0.000000 0.961885 -0.273453
vn -0.868609 0.476531 -0.135778
vn -0.909936 0.248900 -0.331761
vn -0.978289 0.124372 -0.165777
vn -0.868609 0.476531 -0.135778
vn -0.978289 0.124372 -0.165777
vn -0.966595 0.246500 -0.070235
vn -0.966595 0.246500 -0.070235
vn -0.978289 0.124372 -0.165777
vn -1.000000 0.000000 0.000000
vn 0.000000 0.961885 -0.273453
vn 0.000000 0.961885 -0.273453
vn 0.000000 0.961885 -0.273453
vn 0.000000 0.961885 -0.273453
vn 0.000000 0.961885 -0.273453
vn 0.000000 0.961885 -0.273453
vn 0.000000 0.000000 -1.000000
vn 0.000000 0.000000 -1.000000
vn 0.000000 0.000000 -1.000000
vn 0.000000 0.000000 -1.000000
vn 0.000000 0.000000 -1.000000
vn 0.000000 0.000000 -1.000000
vn 0.000000 1.000000 0.000000
vn 0.000000 1.000000 0.000000
vn 0.000000 1.000000 0.000000
vn 0.000000 1.000000 0.000000
vn 0.000000 1.000000 0.000000
vn 0.000000 1.000000 0.000000
vn 0.000000 1.000000 0.000000
vn 0.000000 1.000000 0.000000
vn 0.000000 1.000000 0.000000
vn -0.987112 0.153934 -0.043762
vn -0.987112 0.153934 -0.043762
vn -0.987112 0.153934 -0.043762
vn 0.981129 0.154464 -0.116305
vn 0.985344 0.156558 -0.067722
vn 0.988711 0.103730 -0.108123
vn 0.991399 0.018157 -0.129609
vn 0.984992 0.102214 -0.139079
vn 0.988711 0.103730 -0.108123
vn 0.000000 1.000000 0.000000
vn 0.000000 1.000000 0.000000
vn 0.000000 1.000000 0.000000
vn -0.000000 0.967093 -0.254424
vn 0.000000 0.812926 -0.582367
vn 0.000000 0.812926 -0.582367
vn -0.000000 0.967093 -0.254424
vn 0.000000 0.812926 -0.582367
vn 0.000000 0.967093 -0.254424
vn 0.000000 1.000000 0.000000
vn 0.000000 1.000000 0.000000
vn 0.000000 1.000000 0.000000
vn 0.000000 0.166848 -0.985983
vn 0.000000 0.000000 -1.000000
vn 0.000000 0.000000 -1.000000
vn 0.000000 0.166848 -0.985983
vn 0.000000 0.000000 -1.000000
vn 0.000000 0.166848 -0.985983
vn -0.984992 0.102214 -0.139079
vn -0.991399 0.018157 -0.129609
vn -0.988711 0.103730 -0.108123
vn 0.000000 1.000000 0.000000
vn 0.000000 1.000000 0.000000
vn 0.000000 1.000000 0.000000
vn 0.000000 1.000000 0.000000
vn 0.000000 1.000000 0.000000
vn 0.000000 1.000000 0.000000
vn 0.000000 0.990914 -0.134499
vn 0.000000 0.990914 -0.134499
vn 0.000000 0.981555 0.191180
vn 0.000000 0.990914 -0.134499
vn 0.000000 0.981555 0.191180
vn 0.000000 0.981555 0.191180
vn 0.000000 0.981555 0.191180
vn 0.000000 0.981555 0.191180
vn -0.000000 0.997421 -0.071775
vn 0.000000 0.981555 0.191180
vn -0.000000 0.997421 -0.071775
vn -0.000000 0.999956 -0.009394
vn 0.000000 0.000000 -1.000000
vn 0.000000 0.000000 -1.000000
vn 0.000000 0.000000 -1.000000
vn 0.000000 0.000000 -1.000000
vn 0.000000 0.000000 -1.000000
vn 0.000000 0.000000 -1.000000
vn 0.000000 1.000000 0.000000
vn 0.000000 1.000000 0.000000
vn 0.000000 1.000000 0.000000
vn 0.000000 1.000000 0.000000
vn 0.000000 1.000000 0.000000
vn 0.000000 1.000000 0.000000
vn 0.000000 0.961885 -0.273454
vn -0.000000 0.997421 -0.071775
vn 0.000000 0.990914 -0.134499
vn 0.000000 0.961885 -0.273454
vn 0.000000 0.990914 -0.134499
vn 0.000000 0.961885 -0.273454
vn 0.000000 0.990914 -0.134499
vn -0.000000 0.997421 -0.071775
vn 0.000000 0.981555 0.191180
vn 0.000000 0.990914 -0.134499
vn 0.000000 0.981555 0.191180
vn 0.000000 0.981555 0.191180
vn 0.000000 0.929566 0.368655
vn 0.000000 0.929566 0.368655
vn 0.000000 0.981555 0.191180
vn 0.000000 0.929566 0.368655
vn 0.000000 0.981555 0.191180
vn 0.000000 0.981555 0.191180
vn 0.000000 0.929566 0.368655
vn 0.000000 0.929566 0.368655
vn 0.000000 0.981555 0.191180
vn 0.000000 0.929566 0.368655
vn 0.000000 0.981555 0.191180
vn 0.000000 0.981555 0.191180
vn 0.000000 0.929566 0.368655
vn 0.000000 0.929566 0.368655
vn 0.000000 0.981555 0.191180
vn 0.000000 0.929566 0.368655
vn 0.000000 0.981555 0.191180
vn 0.000000 0.981555 0.191180
vn 0.000000 0.929566 0.368655
vn 0.000000 0.929566 0.368655
vn 0.000000 0.981555 0.191180
vn 0.000000 0.929566 0.368655
vn 0.000000 0.981555 0.191180
vn 0.000000 0.981555 0.191180
vn 0.000000 0.981555 0.191180
vn 0.000000 0.981555 0.191180
vn 0.000000 0.997421 -0.071775
vn 0.000000 0.981555 0.191180
vn 0.000000 0.997421 -0.071775
vn 0.000000 0.990914 -0.134499
vn 0.000000 0.961885 -0.273453
vn 0.000000 0.961885 -0.273453
vn 0.000000 0.961885 -0.273453
vn 0.000000 0.961885 -0.273453
vn 0.000000 0.961885 -0.273453
vn 0.000000 0.961885 -0.273453
vn 0.000000 0.000000 -1.000000
vn 0.000000 0.000000 -1.000000
vn 0.000000 0.000000 -1.000000
vn 0.000000 0.000000 -1.000000
vn 0.000000 0.000000 -1.000000
vn 0.000000 0.000000 -1.000000
vn 0.000000 1.000000 0.000000
vn 0.000000 1.000000 0.000000
vn 0.000000 1.000000 0.000000
vn 0.000000 1.000000 0.000000
vn 0.000000 1.000000 0.000000
vn 0.000000 1.000000 0.000000
vn 0.000000 1.000000 0.000000
vn 0.000000 1.000000 0.000000
vn 0.000000 1.000000 0.000000
vn 0.000000 1.000000 0.000000
vn 0.000000 1.000000 0.000000
vn 0.000000 1.000000 0.000000
vn 0.000000 0.166848 -0.985983
vn 0.000000 0.544395 -0.838829
vn 0.000000 0.544395 -0.838829
vn 0.000000 0.166848 -0.985983
vn 0.000000 0.544395 -0.838829
vn 0.000000 0.166848 -0.985983
vn 0.000000 0.999663 -0.025951
vn 0.000000 0.997421 -0.071775
vn -0.000000 0.999956 -0.009394
vn 0.000000 0.999663 -0.025951
vn -0.000000 0.999956 -0.009394
vn -0.000000 0.999663 -0.025951
vn -0.000000 0.999956 -0.009394
vn 0.000000 0.997421 -0.071775
vn 0.000000 0.981555 0.191180
vn -0.000000 0.999956 -0.009394
vn 0.000000 0.981555 0.191180
vn 0.000000 0.981555 0.191180
vn 0.000000 0.981555 0.191180
vn 0.000000 0.981555 0.191180
vn 0.000000 0.929566 0.368655
vn 0.000000 0.981555 0.191180
vn 0.000000 0.929566 0.368655
vn 0.000000 0.929566 0.368655
vn 0.865057 0.482471 -0.137470
vn 0.856092 0.512740 -0.064835
vn 0.963468 0.265708 -0.033598
vn 0.865057 0.482471 -0.137470
vn 0.963468 0.265708 -0.033598
vn 0.965675 0.249810 -0.071178
vn 0.000000 0.961885 -0.273454
vn 0.000000 0.990914 -0.134499
vn 0.000000 0.990914 -0.134499
vn 0.000000 0.961885 -0.273454
vn 0.000000 0.990914 -0.134499
vn 0.000000 0.961885 -0.273454
vn 0.000000 0.961885 -0.273453
vn 0.000000 0.961885 -0.273453
vn 0.000000 0.961885 -0.273453
vn 0.000000 0.961885 -0.273453
vn 0.000000 0.961885 -0.273453
vn 0.000000 0.961885 -0.273453
vn 0.987111 0.153935 -0.043762
vn 0.987111 0.153935 -0.043762
vn 0.987111 0.153935 -0.043762
vn -0.000000 0.999663 -0.025951
vn -0.000000 0.999956 -0.009394
vn -0.000000 0.997421 -0.071775
vn -0.000000 0.999663 -0.025951
vn -0.000000 0.997421 -0.071775
vn -0.000000 0.999663 -0.025951
vn -0.988711 0.103730 -0.108123
vn -0.985344 0.156558 -0.067722
vn -0.981129 0.154464 -0.116306
vn -0.965675 0.249810 -0.071178
vn -0.963468 0.265708 -0.033598
vn -0.856092 0.512740 -0.064835
vn -0.965675 0.249810 -0.071178
vn -0.856092 0.512740 -0.064835
vn -0.865057 0.482471 -0.137470
vn 0.000000 0.961885 -0.273453
vn 0.000000 0.961885 -0.273453
vn 0.000000 0.961885 -0.273453
vn 0.000000 0.961885 -0.273453
vn 0.000000 0.961885 -0.273453
vn 0.000000 0.961885 -0.273453
vn 0.000000 0.961885 -0.273453
vn 0.000000 0.990914 -0.134499
vn 0.000000 0.997421 -0.071775
vn 0.000000 0.961885 -0.273453
vn 0.000000 0.997421 -0.071775
vn 0.000000 0.961885 -0.273453
vn -0.966139 0.248145 -0.070704
vn -0.965675 0.249810 -0.071178
vn -0.865057 0.482471 -0.137470
vn -0.966139 0.248145 -0.070704
vn -0.865057 0.482471 -0.137470
vn -0.866850 0.479486 -0.136620
vn 0.000000 0.961885 -0.273454
vn 0.000000 0.961885 -0.273453
vn 0.000000 0.961885 -0.273453
vn 0.000000 0.961885 -0.273454
vn 0.000000 0.961885 -0.273453
vn 0.000000 0.961885 -0.273454
vn 0.000000 0.961885 -0.273454
vn 0.000000 0.961885 -0.273453
vn 0.000000 0.961885 -0.273453
vn 0.000000 0.961885 -0.273454
vn 0.000000 0.961885 -0.273453
vn 0.000000 0.961885 -0.273454
vn -0.987112 0.153934 -0.043762
vn -0.987112 0.153934 -0.043762
vn -0.987112 0.153934 -0.043762
vn -0.987112 0.153934 -0.043762
vn -0.987112 0.153934 -0.043762
vn -0.987112 0.153934 -0.043762
vn 0.000000 0.999663 -0.025951
vn 0.000000 0.999663 -0.025951
vn -0.000000 0.999663 -0.025951
vn 0.000000 0.999663 -0.025951
vn -0.000000 0.999663 -0.025951
vn -0.000000 0.999663 -0.025951
vn -0.000000 0.999663 -0.025951
vn -0.000000 0.999663 -0.025951
vn -0.000000 0.999663 -0.025951
vn -0.000000 0.999663 -0.025951
vn -0.000000 0.999663 -0.025951
vn -0.000000 0.999663 -0.025951
vn 0.987111 0.153935 -0.043762
vn 0.987111 0.153935 -0.043762
vn 0.987111 0.153935 -0.043762
vn 0.987111 0.153935 -0.043762
vn 0.987111 0.153935 -0.043762
vn 0.987111 0.153935 -0.043762
vn 0.000000 0.961885 -0.273454
vn 0.000000 0.961885 -0.273454
vn 0.000000 0.961885 -0.273454
vn 0.000000 0.961885 -0.273454
vn 0.000000 0.961885 -0.273454
vn 0.000000 0.961885 -0.273454
vn 0.000000 0.961885 -0.273454
vn 0.000000 0.961885 -0.273454
vn 0.000000 0.961885 -0.273454
vn 0.000000 0.961885 -0.273454
vn 0.000000 0.961885 -0.273454
vn 0.000000 0.961885 -0.273454
vn 0.866850 0.479485 -0.136620
vn 0.865057 0.482471 -0.137470
vn 0.965675 0.249810 -0.071178
vn 0.866850 0.479485 -0.136620
vn 0.965675 0.249810 -0.071178
vn 0.966139 0.248145 -0.070704
vn 0.868610 0.476531 -0.135778
vn 0.866850 0.479485 -0.136620
vn 0.966139 0.248145 -0.070704
vn 0.868610 0.476531 -0.135778
vn 0.966139 0.248145 -0.070704
vn 0.966594 0.246500 -0.070235
vn 0.000000 0.961885 -0.273453
vn 0.000000 0.961885 -0.273454
vn 0.000000 0.961885 -0.273454
vn 0.000000 0.961885 -0.273453
vn 0.000000 0.961885 -0.273454
vn 0.000000 0.961885 -0.273453
vn 0.987111 0.153935 -0.043762
vn 0.987111 0.153935 -0.043762
vn 0.987111 0.153935 -0.043762
vn 0.987111 0.153935 -0.043762
vn 0.987111 0.153935 -0.043762
vn 0.987111 0.153935 -0.043762
vn 0.000000 0.961885 -0.273453
vn 0.000000 0.961885 -0.273454
vn 0.000000 0.961885 -0.273454
vn 0.000000 0.961885 -0.273453
vn 0.000000 0.961885 -0.273454
vn 0.000000 0.961885 -0.273453
vn -0.000000 0.999663 -0.025951
vn -0.000000 0.999663 -0.025951
vn -0.000000 0.999663 -0.025951
vn -0.000000 0.999663 -0.025951
vn -0.000000 0.999663 -0.025951
vn -0.000000 0.999663 -0.025951
vn 0.000000 0.999663 -0.025951
vn 0.000000 0.999663 -0.025951
vn -0.000000 0.999663 -0.025951
vn 0.000000 0.999663 -0.025951
vn -0.000000 0.999663 -0.025951
vn -0.000000 0.999663 -0.025951
vn -0.987112 0.153934 -0.043762
vn -0.987112 0.153934 -0.043762
vn -0.987112 0.153934 -0.043762
vn -0.987112 0.153934 -0.043762
vn -0.987112 0.153934 -0.043762
vn -0.987112 0.153934 -0.043762
vn 0.000000 0.961885 -0.273453
vn 0.000000 0.961885 -0.273454
vn 0.000000 0.961885 -0.273454
vn 0.000000 0.961885 -0.273453
vn 0.000000 0.961885 -0.273454
vn 0.000000 0.961885 -0.273453
vn -0.966595 0.246500 -0.070235
vn -0.966139 0.248145 -0.070704
vn -0.866850 0.479486 -0.136620
vn -0.966595 0.246500 -0.070235
vn -0.866850 0.479486 -0.136620
vn -0.868609 0.476531 -0.135778
vn 0.000000 0.961885 -0.273453
vn 0.000000 0.961885 -0.273454
vn 0.000000 0.961885 -0.273454
vn 0.000000 0.961885 -0.273453
vn 0.000000 0.961885 -0.273454
vn 0.000000 0.961885 -0.273453
vn -0.000000 0.967093 -0.254424
vn 0.000000 0.812926 -0.582367
vn 0.000000 0.812926 -0.582367
vn -0.000000 0.967093 -0.254424
vn 0.000000 0.812926 -0.582367
vn -0.000000 0.967093 -0.254424
vn 0.000000 0.166848 -0.985983
vn 0.000000 0.544395 -0.838829
vn 0.000000 0.544395 -0.838829
vn 0.000000 0.166848 -0.985983
vn 0.000000 0.544395 -0.838829
vn 0.000000 0.166848 -0.985983
vn -0.000000 0.967093 -0.254424
vn -0.000000 0.999663 -0.025951
vn -0.000000 0.999663 -0.025951
vn -0.000000 0.967093 -0.254424
vn -0.000000 0.999663 -0.025951
vn -0.000000 0.967093 -0.254424
vn 0.000000 0.967093 -0.254424
vn 0.000000 0.999663 -0.025951
vn -0.000000 0.999663 -0.025951
vn 0.000000 0.967093 -0.254424
vn -0.000000 0.999663 -0.025951
vn -0.000000 0.967093 -0.254424
vn 0.985344 0.156558 -0.067722
vn 0.987111 0.153935 -0.043762
vn 0.987111 0.153935 -0.043762
vn 0.985344 0.156558 -0.067722
vn 0.987111 0.153935 -0.043762
vn 0.988711 0.103730 -0.108123
vn -0.988711 0.103730 -0.108123
vn -0.987112 0.153934 -0.043762
vn -0.987112 0.153934 -0.043762
vn -0.988711 0.103730 -0.108123
vn -0.987112 0.153934 -0.043762
vn -0.985344 0.156558 -0.067722
vn 0.992046 0.000000 -0.125875
vn 0.992046 0.000000 -0.125875
vn 0.991399 0.018157 -0.129609
vn 0.000000 0.000000 -1.000000
vn 0.000000 0.000000 -1.000000
vn 0.000000 0.166848 -0.985983
vn 0.000000 0.000000 -1.000000
vn 0.000000 0.166848 -0.985983
vn 0.000000 0.166848 -0.985983
vn -0.992046 0.000000 -0.125875
vn -0.988711 0.103730 -0.108123
vn -0.991399 0.018157 -0.129609
vn 0.981129 0.154464 -0.116305
vn 0.988711 0.103730 -0.108123
vn 0.984992 0.102214 -0.139079
vn 0.000000 0.812926 -0.582367
vn 0.000000 0.812926 -0.582367
vn 0.000000 0.544395 -0.838829
vn 0.000000 0.812926 -0.582367
vn 0.000000 0.544395 -0.838829
vn 0.000000 0.544395 -0.838829
vn 0.000000 0.812926 -0.582367
vn 0.000000 0.812926 -0.582367
vn 0.000000 0.544395 -0.838829
vn 0.000000 0.812926 -0.582367
vn 0.000000 0.544395 -0.838829
vn 0.000000 0.544395 -0.838829
vn -0.988711 0.103730 -0.108123
vn -0.981129 0.154464 -0.116306
vn -0.984992 0.102214 -0.139079
vn 0.991399 0.018157 -0.129609
vn 0.988711 0.103730 -0.108123
vn 0.992046 0.000000 -0.125875
vn -0.991399 0.018157 -0.129609
vn -0.992046 0.000000 -0.125875
vn -0.992046 0.000000 -0.125875
vn 0.000000 0.686804 0.726843
vn 0.000000 0.686804 0.726843
vn 0.000000 0.686804 0.726843
vn 0.000000 0.686804 0.726843
vn 0.000000 0.686804 0.726843
vn 0.000000 0.686804 0.726843
vn 0.000000 0.686804 0.726843
vn 0.000000 0.686804 0.726843
vn 0.000000 0.686804 0.726843
vn 0.000000 0.000000 1.000000
vn 0.000000 0.000000 1.000000
vn 0.000000 0.000000 1.000000
vn 0.000000 0.686804 0.726843
vn 0.000000 0.686804 0.726843
vn 0.000000 0.686804 0.726843
vn 0.000000 0.000000 1.000000
vn -0.000001 0.089558 0.995982
vn 0.000002 0.089567 0.995981
vn 0.000000 0.000000 1.000000
vn 0.000002 0.089567 0.995981
vn 0.000000 0.000000 1.000000
vn 0.000000 0.000000 1.000000
vn 0.000000 0.000000 1.000000
vn 0.000000 0.000000 1.000000
vn 0.000000 0.000000 1.000000
vn 0.000000 0.000000 1.000000
vn 0.000000 0.000000 1.000000
vn -1.000000 0.000000 0.000000
vn -1.000000 0.000000 0.000000
vn -1.000000 0.000000 0.000000
vn -1.000000 0.000000 0.000000
vn -1.000000 0.000000 0.000000
vn -0.961891 0.273434 -0.000030
vn -1.000000 0.000000 0.000000
vn -0.961891 0.273434 -0.000030
vn -0.961891 0.273434 -0.000030
vn -1.000000 0.000000 0.000000
vn -0.961891 0.273434 -0.000030
vn -1.000000 0.000000 0.000000
vn -1.000000 0.000000 0.000000
vn -1.000000 0.000000 0.000000
vn -1.000000 0.000000 0.000000
vn -1.000000 0.000000 0.000000
vn -1.000000 0.000000 0.000000
vn -1.000000 0.000000 0.000000
vn 0.000000 0.000000 1.000000
vn 0.000000 0.000000 1.000000
vn 0.000000 0.000000 1.000000
vn 0.000000 0.000000 1.000000
vn 0.000000 0.000000 1.000000
vn 0.000000 0.000000 1.000000
vn 0.000000 0.000000 1.000000
vn 0.000000 0.000000 1.000000
vn 0.000000 0.000000 1.000000
vn 0.000000 0.000000 1.000000
vn 0.000000 0.000000 1.000000
vn 0.000000 0.000000 1.000000
vn 0.000000 0.000000 1.000000
vn 0.000000 0.000000 1.000000
vn 0.000000 0.000000 1.000000
vn 0.000000 0.000000 1.000000
vn 0.000000 0.000000 1.000000
vn 0.000000 0.000000 1.000000
vn 0.962065 0.272820 0.000000
vn 1.000000 0.000000 0.000000
vn 1.000000 0.000000 0.000000
vn 0.962065 0.272820 0.000000
vn 1.000000 0.000000 0.000000
vn 1.000000 0.000000 0.000000
vn 0.962065 0.272820 0.000000
vn 1.000000 0.000000 0.000000
vn 1.000000 0.000000 0.000000
vn 0.962065 0.272820 0.000000
vn 1.000000 0.000000 0.000000
vn 1.000000 0.000000 0.000000
vn 0.962065 0.272820 0.000000
vn 1.000000 0.000000 0.000000
vn 1.000000 0.000000 0.000000
vn 0.962065 0.272820 0.000000
vn 1.000000 0.000000 0.000000
vn 0.962065 0.272820 0.000000
vn 0.000000 1.000000 0.000000
vn 0.000000 1.000000 0.000000
vn 0.000000 1.000000 0.000000
vn 0.000000 1.000000 0.000000
vn 0.000000 1.000000 0.000000
vn 0.000000 1.000000 0.000000
vn -0.961891 0.273434 -0.000030
vn -0.961891 0.273434 -0.000030
vn -0.850468 0.526027 -0.000058
vn -0.961891 0.273434 -0.000030
vn -0.850468 0.526027 -0.000058
vn -0.850468 0.526027 -0.000058
vn 0.851139 0.524941 0.000000
vn 0.851139 0.524941 0.000000
vn 0.962065 0.272820 0.000000
vn 0.851139 0.524941 0.000000
vn 0.962065 0.272820 0.000000
vn 0.962065 0.272820 0.000000
vn 0.000000 0.000000 1.000000
vn 0.000000 0.000000 1.000000
vn 0.000000 0.000000 1.000000
vn 0.000000 0.000000 1.000000
vn 0.000000 0.000000 1.000000
vn 0.000000 0.000000 1.000000
vn 0.000000 -1.000000 0.000000
vn 0.000000 -1.000000 0.000000
vn 0.000000 -1.000000 0.000000
vn 0.000000 -1.000000 0.000000
vn 0.000000 -1.000000 0.000000
vn 0.000000 -1.000000 0.000000
vn 0.000000 -1.000000 0.000000
vn 0.000000 -1.000000 0.000000
vn 0.000000 -1.000000 0.000000
vn 0.000000 -1.000000 0.000000
vn 0.000000 -1.000000 0.000000
vn 0.000000 -1.000000 0.000000
vn -1.000000 0.000000 -0.000146
vn -1.000000 0.000000 -0.000146
vn -1.000000 0.000000 -0.000146
vn -1.000000 0.000000 -0.000146
vn -1.000000 0.000000 -0.000146
vn -1.000000 0.000000 -0.000146
vn 0.000000 0.000000 1.000000
vn 0.000000 0.000000 1.000000
vn 0.000000 0.000000 1.000000
vn 0.000000 0.000000 1.000000
vn 0.000000 0.000000 1.000000
vn 0.000000 0.000000 1.000000
vn 0.000000 0.000000 1.000000
vn 0.000000 0.000000 1.000000
vn 0.000000 0.000000 1.000000
vn 0.000000 0.000000 1.000000
vn 0.000000 0.000000 1.000000
vn 0.000000 0.000000 1.000000
vn 0.000000 -1.000000 0.000000
vn 0.000000 -1.000000 0.000000
vn 0.000000 -1.000000 0.000000
vn 0.000000 -1.000000 0.000000
vn 0.000000 -1.000000 0.000000
vn 0.000000 -1.000000 0.000000
vn 0.965675 0.249810 -0.071178
vn 0.963468 0.265708 -0.033598
vn 0.990225 -0.075649 0.117186
vn 0.965675 0.249810 -0.071178
vn 0.990225 -0.075649 0.117186
vn 1.000000 -0.000000 0.000000
vn 0.966139 0.248145 -0.070704
vn 0.965675 0.249810 -0.071178
vn 1.000000 -0.000000 0.000000
vn 0.966139 0.248145 -0.070704
vn 1.000000 -0.000000 0.000000
vn 1.000000 -0.000000 -0.000000
vn 0.966594 0.246500 -0.070235
vn 0.966139 0.248145 -0.070704
vn 1.000000 -0.000000 -0.000000
vn 0.966594 0.246500 -0.070235
vn 1.000000 -0.000000 -0.000000
vn 1.000000 -0.000000 -0.000000
vn -1.000000 0.000000 0.000000
vn -0.990225 -0.075649 0.117186
vn -0.963468 0.265708 -0.033598
vn -1.000000 0.000000 0.000000
vn -0.963468 0.265708 -0.033598
vn -0.965675 0.249810 -0.071178
vn -0.966139 0.248145 -0.070704
vn -0.966595 0.246500 -0.070235
vn -1.000000 0.000000 0.000000
vn -0.966139 0.248145 -0.070704
vn -1.000000 0.000000 0.000000
vn -1.000000 0.000000 0.000000
vn -0.965675 0.249810 -0.071178
vn -0.966139 0.248145 -0.070704
vn -1.000000 0.000000 0.000000
vn -0.965675 0.249810 -0.071178
vn -1.000000 0.000000 0.000000
vn -1.000000 0.000000 0.000000
vn 0.000025 0.398255 0.917275
vn 0.000006 0.089576 0.995980
vn 0.000002 0.089567 0.995981
vn 0.000025 0.398255 0.917275
vn 0.000002 0.089567 0.995981
vn 0.000005 0.398218 0.917291
vn 0.000000 1.000000 0.000000
vn 0.000000 1.000000 0.000000
vn 0.000006 0.997410 0.071925
vn 0.000000 1.000000 0.000000
vn 0.000006 0.997410 0.071925
vn 0.000006 0.997406 0.071986
vn 0.000000 0.000000 1.000000
vn -0.000000 0.089604 0.995977
vn -0.000001 0.089607 0.995977
vn 0.000000 0.000000 1.000000
vn -0.000001 0.089607 0.995977
vn 0.000000 0.000000 1.000000
vn -0.000038 0.944607 0.328203
vn -0.000010 0.997407 0.071964
vn -0.000002 0.997406 0.071983
vn -0.000038 0.944607 0.328203
vn -0.000002 0.997406 0.071983
vn -0.000007 0.944595 0.328238
vn -0.000002 0.997406 0.071983
vn -0.000010 0.997407 0.071964
vn 0.000000 1.000000 0.000000
vn -0.000002 0.997406 0.071983
vn 0.000000 1.000000 0.000000
vn 0.000000 1.000000 0.000000
vn 0.000146 0.792434 0.609958
vn 0.000115 0.792417 0.609980
vn 0.000115 0.792417 0.609980
vn 0.000146 0.792434 0.609958
vn 0.000115 0.792417 0.609980
vn 0.000115 0.792417 0.609980
vn 0.000146 0.792434 0.609958
vn 0.000115 0.792417 0.609980
vn 0.000097 0.792465 0.609917
vn 0.000000 1.000000 0.000000
vn 0.000000 1.000000 0.000000
vn 0.000000 1.000000 0.000000
vn 0.000000 1.000000 0.000000
vn 0.000000 1.000000 0.000000
vn 0.000000 1.000000 0.000000
vn 0.000000 1.000000 0.000000
vn 0.000000 1.000000 0.000000
vn 0.000000 1.000000 0.000000
vn 0.000000 1.000000 0.000000
vn 0.000000 1.000000 0.000000
vn 0.000000 1.000000 0.000000
vn 0.000000 0.792528 0.609835
vn 0.000000 0.792529 0.609835
vn 0.000000 0.792529 0.609835
vn 0.000000 0.792528 0.609835
vn 0.000000 0.792529 0.609835
vn 0.000000 0.792528 0.609835
vn 0.000000 1.000000 0.000000
vn 0.000000 1.000000 0.000000
vn 0.000006 0.997406 0.071986
vn 0.000000 1.000000 0.000000
vn 0.000006 0.997406 0.071986
vn -0.000002 0.997403 0.072026
vn 0.000007 0.398147 0.917322
vn -0.000001 0.089550 0.995982
vn -0.000003 0.089574 0.995980
vn 0.000007 0.398147 0.917322
vn -0.000003 0.089574 0.995980
vn -0.000009 0.398245 0.917279
vn -0.000009 0.398245 0.917279
vn -0.000003 0.089574 0.995980
vn 0.000002 0.089566 0.995981
vn -0.000009 0.398245 0.917279
vn 0.000002 0.089566 0.995981
vn 0.000001 0.398214 0.917293
vn 0.000000 1.000000 0.000000
vn 0.000000 1.000000 0.000000
vn -0.000002 0.997403 0.072026
vn 0.000000 1.000000 0.000000
vn -0.000002 0.997403 0.072026
vn -0.000002 0.997406 0.071984
vn 0.000000 0.792528 0.609835
vn 0.000000 0.792529 0.609835
vn 0.000000 0.792529 0.609835
vn 0.000000 0.792528 0.609835
vn 0.000000 0.792529 0.609835
vn 0.000000 0.792528 0.609835
vn 0.000000 1.000000 0.000000
vn 0.000000 1.000000 0.000000
vn 0.000000 1.000000 0.000000
vn 0.000000 1.000000 0.000000
vn 0.000000 1.000000 0.000000
vn 0.000000 1.000000 0.000000
vn 0.000000 1.000000 0.000000
vn 0.000000 1.000000 0.000000
vn 0.000000 1.000000 0.000000
vn 0.000000 1.000000 0.000000
vn 0.000000 1.000000 0.000000
vn 0.000000 1.000000 0.000000
vn 0.000000 0.792528 0.609835
vn 0.000000 0.792529 0.609835
vn 0.000000 0.792529 0.609835
vn 0.000000 0.792528 0.609835
vn 0.000000 0.792529 0.609835
vn 0.000000 0.792528 0.609835
vn 0.000000 1.000000 0.000000
vn 0.000000 1.000000 0.000000
vn -0.000002 0.997406 0.071984
vn 0.000000 1.000000 0.000000
vn -0.000002 0.997406 0.071984
vn -0.000002 0.997409 0.071944
vn 0.000001 0.398214 0.917293
vn 0.000002 0.089566 0.995981
vn -0.000003 0.089558 0.995982
vn 0.000001 0.398214 0.917293
vn -0.000003 0.089558 0.995982
vn -0.000009 0.398183 0.917306
vn -0.000009 0.398183 0.917306
vn -0.000003 0.089558 0.995982
vn -0.000003 0.089566 0.995981
vn -0.000009 0.398183 0.917306
vn -0.000003 0.089566 0.995981
vn -0.000009 0.398215 0.917292
vn 0.000000 1.000000 0.000000
vn 0.000000 1.000000 0.000000
vn -0.000002 0.997409 0.071944
vn 0.000000 1.000000 0.000000
vn -0.000002 0.997409 0.071944
vn -0.000002 0.997412 0.071903
vn 0.000000 0.792528 0.609835
vn 0.000000 0.792529 0.609835
vn 0.000000 0.792529 0.609835
vn 0.000000 0.792528 0.609835
vn 0.000000 0.792529 0.609835
vn 0.000000 0.792528 0.609835
vn 0.000000 1.000000 0.000000
vn 0.000000 1.000000 0.000000
vn 0.000000 1.000000 0.000000
vn 0.000000 1.000000 0.000000
vn 0.000000 1.000000 0.000000
vn 0.000000 1.000000 0.000000
vn 0.000000 1.000000 0.000000
vn 0.000000 1.000000 0.000000
vn 0.000000 1.000000 0.000000
vn 0.000000 1.000000 0.000000
vn 0.000000 1.000000 0.000000
vn 0.000000 1.000000 0.000000
vn 0.000000 0.792528 0.609835
vn 0.000000 0.792529 0.609835
vn 0.000000 0.792529 0.609835
vn 0.000000 0.792528 0.609835
vn 0.000000 0.792529 0.609835
vn 0.000000 0.792528 0.609835
vn 0.000000 1.000000 0.000000
vn 0.000000 1.000000 0.000000
vn -0.000002 0.997412 0.071903
vn 0.000000 1.000000 0.000000
vn -0.000002 0.997412 0.071903
vn 0.000006 0.997409 0.071942
vn -0.000009 0.398215 0.917292
vn -0.000003 0.089566 0.995981
vn -0.000001 0.089590 0.995979
vn -0.000009 0.398215 0.917292
vn -0.000001 0.089590 0.995979
vn 0.000008 0.398311 0.917251
vn 0.000008 0.398311 0.917251
vn -0.000001 0.089590 0.995979
vn -0.000001 0.089607 0.995977
vn 0.000008 0.398311 0.917251
vn -0.000001 0.089607 0.995977
vn -0.000004 0.398380 0.917221
vn 0.000000 1.000000 0.000000
vn 0.000000 1.000000 0.000000
vn 0.000006 0.997409 0.071942
vn 0.000000 1.000000 0.000000
vn 0.000006 0.997409 0.071942
vn -0.000002 0.997406 0.071983
vn 0.000000 0.792528 0.609835
vn 0.000000 0.792529 0.609835
vn 0.000000 0.792529 0.609835
vn 0.000000 0.792528 0.609835
vn 0.000000 0.792529 0.609835
vn 0.000008 0.792536 0.609825
vn 0.000000 1.000000 0.000000
vn 0.000000 1.000000 0.000000
vn 0.000000 1.000000 0.000000
vn 0.000000 1.000000 0.000000
vn 0.000000 1.000000 0.000000
vn 0.000000 1.000000 0.000000
vn 0.000000 0.000000 1.000000
vn 0.000000 0.000000 1.000000
vn 0.000000 0.000000 1.000000
vn 0.000000 0.000000 1.000000
vn 0.000000 0.000000 1.000000
vn 0.000000 0.000000 1.000000
vn 0.000000 0.000000 1.000000
vn 0.000000 0.000000 1.000000
vn 0.000000 0.000000 1.000000
vn 0.000000 0.000000 1.000000
vn 0.000000 0.000000 1.000000
vn 0.000000 0.000000 1.000000
vn -0.000027 0.944620 0.328167
vn -0.000007 0.997409 0.071944
vn 0.000000 0.997409 0.071944
vn -0.000027 0.944620 0.328167
vn 0.000000 0.997409 0.071944
vn 0.000000 0.944620 0.328166
vn 0.000000 0.997409 0.071944
vn -0.000007 0.997409 0.071944
vn 0.000000 1.000000 0.000000
vn 0.000000 0.997409 0.071944
vn 0.000000 1.000000 0.000000
vn 0.000000 1.000000 0.000000
vn 0.000000 1.000000 0.000000
vn 0.000000 1.000000 0.000000
vn 0.000000 1.000000 0.000000
vn 0.000000 1.000000 0.000000
vn 0.000000 1.000000 0.000000
vn 0.000000 1.000000 0.000000
vn 0.000000 0.000000 1.000000
vn 0.000000 0.000000 1.000000
vn 0.000000 0.000000 1.000000
vn 0.000000 0.000000 1.000000
vn 0.000000 0.000000 1.000000
vn 0.000000 0.000000 1.000000
vn 0.000000 0.000000 1.000000
vn 0.000000 0.000000 1.000000
vn 0.000000 0.000000 1.000000
vn 0.000000 0.000000 1.000000
vn 0.000000 0.000000 1.000000
vn 0.000000 0.000000 1.000000
vn 0.000000 0.000000 1.000000
vn 0.000000 0.000000 1.000000
vn 0.000000 0.000000 1.000000
vn 0.000000 0.000000 1.000000
vn -0.000001 0.089607 0.995977
vn -0.000001 0.089590 0.995979
vn 0.000000 0.000000 1.000000
vn -0.000001 0.089590 0.995979
vn 0.000000 0.000000 1.000000
vn 0.000000 0.000000 1.000000
vn -0.000001 0.089590 0.995979
vn -0.000003 0.089566 0.995981
vn 0.000000 0.000000 1.000000
vn -0.000003 0.089566 0.995981
vn 0.000000 0.000000 1.000000
vn 0.000000 0.000000 1.000000
vn -0.000003 0.089566 0.995981
vn -0.000003 0.089558 0.995982
vn 0.000000 0.000000 1.000000
vn -0.000003 0.089558 0.995982
vn 0.000000 0.000000 1.000000
vn 0.000000 0.000000 1.000000
vn -0.000003 0.089558 0.995982
vn 0.000002 0.089566 0.995981
vn 0.000000 0.000000 1.000000
vn 0.000002 0.089566 0.995981
vn 0.000000 0.000000 1.000000
vn 0.000000 0.000000 1.000000
vn 0.000002 0.089566 0.995981
vn -0.000003 0.089574 0.995980
vn 0.000000 0.000000 1.000000
vn -0.000003 0.089574 0.995980
vn 0.000000 0.000000 1.000000
vn 0.000000 -1.000000 0.000000
vn 0.000000 -1.000000 0.000000
vn 0.000000 -1.000000 0.000000
vn 0.000000 -1.000000 0.000000
vn 0.000000 -1.000000 0.000000
vn 0.000000 -1.000000 0.000000
vn 0.000000 -1.000000 0.000000
vn 0.000000 -1.000000 0.000000
vn 0.000000 -1.000000 0.000000
vn 0.000000 0.000000 1.000000
vn 0.000000 0.000000 1.000000
vn 0.000000 0.000000 1.000000
vn 0.000000 0.000000 1.000000
vn 0.000000 0.000000 1.000000
vn 0.000000 0.000000 1.000000
vn 0.000005 0.398218 0.917291
vn 0.000002 0.089567 0.995981
vn -0.000001 0.089558 0.995982
vn 0.000005 0.398218 0.917291
vn -0.000001 0.089558 0.995982
vn -0.000015 0.398181 0.917307
vn 0.000000 0.944620 0.328166
vn 0.000000 0.997409 0.071944
vn 0.000007 0.997409 0.071944
vn 0.000000 0.944620 0.328166
vn 0.000007 0.997409 0.071944
vn 0.000027 0.944620 0.328166
vn -0.000004 0.398380 0.917221
vn -0.000001 0.089607 0.995977
vn -0.000000 0.089604 0.995977
vn -0.000004 0.398380 0.917221
vn -0.000000 0.089604 0.995977
vn -0.000017 0.398368 0.917226
vn -0.000007 0.944595 0.328238
vn -0.000002 0.997406 0.071983
vn 0.000006 0.997409 0.071942
vn -0.000007 0.944595 0.328238
vn 0.000006 0.997409 0.071942
vn 0.000022 0.944622 0.328162
vn 0.000022 0.944622 0.328162
vn 0.000006 0.997409 0.071942
vn -0.000002 0.997412 0.071903
vn 0.000022 0.944622 0.328162
vn -0.000002 0.997412 0.071903
vn -0.000008 0.944646 0.328091
vn -0.000008 0.944646 0.328091
vn -0.000002 0.997412 0.071903
vn -0.000002 0.997409 0.071944
vn -0.000008 0.944646 0.328091
vn -0.000002 0.997409 0.071944
vn -0.000007 0.944620 0.328167
vn 0.000022 0.944594 0.328242
vn 0.000006 0.997406 0.071986
vn 0.000006 0.997410 0.071925
vn 0.000022 0.944594 0.328242
vn 0.000006 0.997410 0.071925
vn 0.000023 0.944632 0.328131
vn -0.000008 0.944568 0.328315
vn -0.000002 0.997403 0.072026
vn 0.000006 0.997406 0.071986
vn -0.000008 0.944568 0.328315
vn 0.000006 0.997406 0.071986
vn 0.000022 0.944594 0.328242
vn -0.000007 0.944594 0.328240
vn -0.000002 0.997406 0.071984
vn -0.000002 0.997403 0.072026
vn -0.000007 0.944594 0.328240
vn -0.000002 0.997403 0.072026
vn -0.000008 0.944568 0.328315
vn -0.000007 0.944620 0.328167
vn -0.000002 0.997409 0.071944
vn -0.000002 0.997406 0.071984
vn -0.000007 0.944620 0.328167
vn -0.000002 0.997406 0.071984
vn -0.000007 0.944594 0.328240
vn -0.000015 0.398181 0.917307
vn -0.000034 0.746574 0.665303
vn 0.000003 0.746595 0.665279
vn -0.000015 0.398181 0.917307
vn 0.000003 0.746595 0.665279
vn 0.000005 0.398218 0.917291
vn 0.000000 0.944620 0.328166
vn 0.000003 0.746595 0.665279
vn -0.000034 0.746574 0.665303
vn 0.000000 0.944620 0.328166
vn -0.000034 0.746574 0.665303
vn -0.000027 0.944620 0.328167
vn 0.000005 0.398218 0.917291
vn 0.000003 0.746595 0.665279
vn 0.000039 0.746616 0.665256
vn 0.000005 0.398218 0.917291
vn 0.000039 0.746616 0.665256
vn 0.000025 0.398255 0.917275
vn 0.000027 0.944620 0.328166
vn 0.000039 0.746616 0.665256
vn 0.000003 0.746595 0.665279
vn 0.000027 0.944620 0.328166
vn 0.000003 0.746595 0.665279
vn 0.000000 0.944620 0.328166
vn -0.000017 0.398368 0.917226
vn -0.000044 0.746667 0.665198
vn -0.000009 0.746661 0.665204
vn -0.000017 0.398368 0.917226
vn -0.000009 0.746661 0.665204
vn -0.000004 0.398380 0.917221
vn -0.000004 0.398380 0.917221
vn -0.000009 0.746661 0.665204
vn 0.000025 0.746648 0.665219
vn -0.000004 0.398380 0.917221
vn 0.000025 0.746648 0.665219
vn 0.000008 0.398311 0.917251
vn 0.000008 0.398311 0.917251
vn 0.000025 0.746648 0.665219
vn -0.000012 0.746619 0.665252
vn 0.000008 0.398311 0.917251
vn -0.000012 0.746619 0.665252
vn -0.000009 0.398215 0.917292
vn -0.000009 0.398215 0.917292
vn -0.000012 0.746619 0.665252
vn -0.000011 0.746575 0.665301
vn -0.000009 0.398215 0.917292
vn -0.000011 0.746575 0.665301
vn -0.000009 0.398183 0.917306
vn -0.000009 0.398183 0.917306
vn -0.000011 0.746575 0.665301
vn -0.000006 0.746568 0.665309
vn -0.000009 0.398183 0.917306
vn -0.000006 0.746568 0.665309
vn 0.000001 0.398214 0.917293
vn 0.000001 0.398214 0.917293
vn -0.000006 0.746568 0.665309
vn -0.000012 0.746560 0.665318
vn 0.000001 0.398214 0.917293
vn -0.000012 0.746560 0.665318
vn -0.000009 0.398245 0.917279
vn -0.000009 0.398245 0.917279
vn -0.000012 0.746560 0.665318
vn 0.000025 0.746529 0.665352
vn -0.000009 0.398245 0.917279
vn 0.000025 0.746529 0.665352
vn 0.000007 0.398147 0.917322
vn 0.000007 0.398147 0.917322
vn 0.000025 0.746529 0.665352
vn 0.000036 0.746522 0.665361
vn 0.000007 0.398147 0.917322
vn 0.000036 0.746522 0.665361
vn 0.000027 0.398066 0.917357
vn 0.000023 0.944632 0.328131
vn 0.000036 0.746522 0.665361
vn 0.000025 0.746529 0.665352
vn 0.000023 0.944632 0.328131
vn 0.000025 0.746529 0.665352
vn 0.000022 0.944594 0.328242
vn 0.000022 0.944594 0.328242
vn 0.000025 0.746529 0.665352
vn -0.000012 0.746560 0.665318
vn 0.000022 0.944594 0.328242
vn -0.000012 0.746560 0.665318
vn -0.000008 0.944568 0.328315
vn -0.000008 0.944568 0.328315
vn -0.000012 0.746560 0.665318
vn -0.000006 0.746568 0.665309
vn -0.000008 0.944568 0.328315
vn -0.000006 0.746568 0.665309
vn -0.000007 0.944594 0.328240
vn -0.000007 0.944594 0.328240
vn -0.000006 0.746568 0.665309
vn -0.000011 0.746575 0.665301
vn -0.000007 0.944594 0.328240
vn -0.000011 0.746575 0.665301
vn -0.000007 0.944620 0.328167
vn -0.000007 0.944620 0.328167
vn -0.000011 0.746575 0.665301
vn -0.000012 0.746619 0.665252
vn -0.000007 0.944620 0.328167
vn -0.000012 0.746619 0.665252
vn -0.000008 0.944646 0.328091
vn -0.000008 0.944646 0.328091
vn -0.000012 0.746619 0.665252
vn 0.000025 0.746648 0.665219
vn -0.000008 0.944646 0.328091
vn 0.000025 0.746648 0.665219
vn 0.000022 0.944622 0.328162
vn 0.000022 0.944622 0.328162
vn 0.000025 0.746648 0.665219
vn -0.000009 0.746661 0.665204
vn 0.000022 0.944622 0.328162
vn -0.000009 0.746661 0.665204
vn -0.000007 0.944595 0.328238
vn -0.000007 0.944595 0.328238
vn -0.000009 0.746661 0.665204
vn -0.000044 0.746667 0.665198
vn -0.000007 0.944595 0.328238
vn -0.000044 0.746667 0.665198
vn -0.000038 0.944607 0.328203
vn -0.000000 0.792528 0.609835
vn -0.000000 0.792528 0.609835
vn -0.000000 0.792528 0.609835
vn -0.000000 0.792528 0.609835
vn -0.000000 0.792528 0.609835
vn -0.000000 0.792528 0.609835
vn 0.000000 0.792528 0.609835
vn 0.000000 0.792528 0.609835
vn -0.000000 0.792528 0.609835
vn 0.000000 0.792528 0.609835
vn -0.000000 0.792528 0.609835
vn -0.000000 0.792528 0.609835
vn 0.000000 0.792528 0.609835
vn 0.000000 0.792528 0.609835
vn 0.000000 0.792528 0.609835
vn 0.000000 0.792528 0.609835
vn 0.000000 0.792528 0.609835
vn 0.000000 0.792528 0.609835
vn 0.000000 0.792528 0.609835
vn 0.000000 0.792528 0.609835
vn 0.000000 0.792528 0.609835
vn 0.000000 0.792528 0.609835
vn 0.000000 0.792528 0.609835
vn 0.000000 0.792528 0.609835
vn 0.000097 0.792465 0.609917
vn 0.000115 0.792417 0.609980
vn 0.000000 0.792528 0.609835
vn 0.000097 0.792465 0.609917
vn 0.000000 0.792528 0.609835
vn 0.000000 0.792528 0.609835
vn 0.000000 0.792322 0.610103
vn 0.000000 0.792322 0.610103
vn 0.000000 0.792322 0.610103
vn 0.000000 0.792322 0.610103
vn 0.000000 0.792322 0.610103
vn 0.000000 0.792322 0.610103
vn 0.000000 0.792806 0.609474
vn 0.000000 0.792806 0.609474
vn 0.000000 0.792806 0.609474
vn 0.000000 0.792806 0.609474
vn 0.000000 0.792806 0.609474
vn 0.000000 0.792806 0.609474
vn 0.000000 0.792528 0.609835
vn 0.000000 0.792528 0.609835
vn 0.000031 0.792545 0.609814
vn 0.000000 0.792528 0.609835
vn 0.000031 0.792545 0.609814
vn 0.000031 0.792545 0.609814
vn 0.000000 0.792528 0.609835
vn 0.000000 0.792528 0.609835
vn 0.000000 0.792528 0.609835
vn 0.000000 0.792528 0.609835
vn 0.000000 0.792528 0.609835
vn 0.000000 0.792528 0.609835
vn 0.000000 0.792528 0.609835
vn 0.000000 0.792528 0.609835
vn 0.000000 0.792528 0.609835
vn 0.000000 0.792528 0.609835
vn 0.000000 0.792528 0.609835
vn 0.000000 0.792528 0.609835
vn -0.000000 -1.000000 -0.000801
vn -0.000000 -1.000000 -0.000801
vn -0.000000 -1.000000 -0.000801
vn -0.000000 -1.000000 -0.000801
vn -0.000000 -1.000000 -0.000801
vn -0.000000 -1.000000 -0.000801
vn -0.000000 -1.000000 -0.000801
vn -0.000000 -1.000000 -0.000801
vn -0.000000 -1.000000 -0.000801
vn 0.000000 0.797239 -0.603664
vn 0.000000 0.797239 -0.603664
vn 0.000000 0.797239 -0.603664
vn 0.000000 0.797239 -0.603664
vn 0.000000 0.797239 -0.603664
vn 0.000000 0.797239 -0.603664
vn 0.000000 0.797239 -0.603664
vn 0.000000 0.797239 -0.603664
vn 0.000000 0.797239 -0.603664
vn 0.000000 0.797239 -0.603664
vn 0.000000 0.797239 -0.603664
vn 0.000000 0.797239 -0.603664
vn 0.000000 -0.155871 0.987777
vn 0.000000 -0.155871 0.987777
vn 0.000000 -0.155871 0.987777
vn 0.000000 -0.155871 0.987777
vn 0.000000 -0.155871 0.987777
vn 0.000000 -0.155871 0.987777
vn 0.000000 -0.155871 0.987777
vn 0.000000 -0.155871 0.987777
vn 0.000000 -0.155871 0.987777
vn 0.000000 -0.155871 0.987777
vn 0.000000 -0.155871 0.987777
vn 0.000000 -0.155871 0.987777
vn -0.976762 0.169838 0.130731
vn -0.976762 0.169838 0.130731
vn -0.976762 0.169838 0.130731
vn -0.976762 0.169838 0.130731
vn -0.976762 0.169838 0.130731
vn -0.976762 0.169838 0.130731
vn 0.976763 0.169837 0.130730
vn 0.976763 0.169837 0.130730
vn 0.976763 0.169837 0.130730
vn 0.976763 0.169837 0.130730
vn 0.976763 0.169837 0.130730
vn 0.976763 0.169837 0.130730
vn 0.000000 -0.202539 0.979274
vn 0.000000 -0.202539 0.979274
vn 0.000000 -0.202539 0.979274
vn 0.000000 -0.202539 0.979274
vn 0.000000 -0.202539 0.979274
vn 0.000000 -0.202539 0.979274
vn 0.000000 0.915616 -0.402054
vn 0.000000 0.915616 -0.402054
vn 0.000000 0.915616 -0.402054
vn 0.000000 0.915616 -0.402054
vn 0.000000 0.915616 -0.402054
vn 0.000000 0.915616 -0.402054
vn -0.976981 0.169094 0.130057
vn -0.976981 0.169094 0.130057
vn -0.976981 0.169094 0.130057
vn -0.976981 0.169094 0.130057
vn -0.976981 0.169094 0.130057
vn -0.976981 0.169094 0.130057
vn 0.976982 0.169092 0.130056
vn 0.976982 0.169092 0.130056
vn 0.976982 0.169092 0.130056
vn 0.976982 0.169092 0.130056
vn 0.976982 0.169092 0.130056
vn 0.976982 0.169092 0.130056
vn 0.000000 -0.202539 0.979274
vn 0.000000 -0.202539 0.979274
vn 0.000000 -0.202539 0.979274
vn 0.000000 -0.202539 0.979274
vn 0.000000 -0.202539 0.979274
vn 0.000000 -0.202539 0.979274
vn 0.000000 0.915616 -0.402054
vn 0.000000 0.915616 -0.402054
vn 0.000000 0.915616 -0.402054
vn 0.000000 0.915616 -0.402054
vn 0.000000 0.915616 -0.402054
vn 0.000000 0.915616 -0.402054
vn 0.000000 0.915256 -0.402872
vn 0.000000 0.915256 -0.402872
vn 0.000000 0.915256 -0.402872
vn 0.000000 0.915256 -0.402872
vn 0.000000 0.915256 -0.402872
vn 0.000000 0.915256 -0.402872
vn 0.000000 0.915256 -0.402872
vn 0.000000 0.915256 -0.402872
vn 0.000000 0.915256 -0.402872
vn 0.000000 0.915256 -0.402872
vn 0.000000 0.915256 -0.402872
vn 0.000000 0.915256 -0.402872
vn 0.000000 0.915256 -0.402872
vn 0.000000 0.915256 -0.402872
vn 0.000000 0.915256 -0.402872
vn 0.000000 0.915256 -0.402872
vn 0.000000 0.915256 -0.402872
vn 0.000000 0.915256 -0.402872
vn 0.950029 0.247396 0.190366
vn 0.950029 0.247396 0.190366
vn 0.950029 0.247396 0.190366
vn 0.950029 0.247396 0.190366
vn 0.950029 0.247396 0.190366
vn 0.950029 0.247396 0.190366
vn 0.000000 -0.154913 0.987928
vn 0.000000 -0.154913 0.987928
vn 0.000000 -0.154913 0.987928
vn 0.000000 -0.154913 0.987928
vn 0.000000 -0.154913 0.987928
vn 0.000000 -0.154913 0.987928
vn 0.000000 -0.154913 0.987928
vn 0.000000 -0.154913 0.987928
vn 0.000000 -0.154913 0.987928
vn 0.000000 -0.154913 0.987928
vn 0.000000 -0.154913 0.987928
vn 0.000000 -0.154913 0.987928
vn 0.000000 -0.154913 0.987928
vn 0.000000 -0.154913 0.987928
vn 0.000000 -0.154913 0.987928
vn 0.000000 -0.154913 0.987928
vn 0.000000 -0.154913 0.987928
vn 0.000000 -0.154913 0.987928
vn -0.950030 0.247395 0.190366
vn -0.950030 0.247395 0.190366
vn -0.950030 0.247395 0.190366
vn -0.950030 0.247395 0.190366
vn -0.950030 0.247395 0.190366
vn -0.950030 0.247395 0.190366
vn 1.000000 -0.000000 -0.000000
vn 0.966245 -0.000000 -0.257624
vn 0.978289 0.124372 -0.165777
vn 1.000000 -0.000000 -0.000000
vn 0.978289 0.124372 -0.165777
vn 1.000000 -0.000000 -0.000000
vn 1.000000 -0.000000 -0.000000
vn 1.000000 -0.000000 -0.000000
vn 1.000000 -0.000000 -0.000000
vn 1.000000 -0.000000 -0.000000
vn 1.000000 -0.000000 -0.000000
vn 1.000000 -0.000000 -0.000000
vn 1.000000 -0.000000 -0.000000
vn 1.000000 -0.000000 -0.000000
vn 1.000000 -0.000000 -0.000000
vn 1.000000 -0.000000 -0.000000
vn 1.000000 -0.000000 -0.000000
vn 1.000000 -0.000000 0.000000
vn 0.000223 0.792719 0.609587
vn 0.000000 0.792529 0.609835
vn 0.000000 0.792529 0.609835
vn 0.000223 0.792719 0.609587
vn 0.000000 0.792529 0.609835
vn 0.000167 0.792958 0.609276
vn 0.000000 0.792528 0.609835
vn 0.000000 0.792528 0.609835
vn 0.000000 0.792528 0.609835
vn 0.000000 0.792528 0.609835
vn 0.000000 0.792528 0.609835
vn 0.000000 0.792528 0.609835
vn 0.000000 0.792528 0.609835
vn 0.000000 0.792528 0.609836
vn 0.000000 0.792528 0.609836
vn 0.000000 0.792528 0.609835
vn 0.000000 0.792528 0.609836
vn 0.000000 0.792528 0.609835
vn 0.000000 0.792528 0.609835
vn 0.000000 0.792528 0.609835
vn 0.000000 0.792528 0.609835
vn 0.000000 0.792528 0.609835
vn 0.000000 0.792528 0.609835
vn 0.000000 0.792528 0.609835
vn -1.000000 0.000000 0.000000
vn -0.978289 0.124372 -0.165777
vn -0.966245 0.000000 -0.257623
vn -1.000000 0.000000 0.000000
vn -0.966245 0.000000 -0.257623
vn -1.000000 0.000000 0.000000
vn -1.000000 0.000000 0.000000
vn -1.000000 0.000000 0.000000
vn -1.000000 0.000000 0.000000
vn -1.000000 0.000000 0.000000
vn -1.000000 0.000000 0.000000
vn -1.000000 0.000000 0.000000
vn -1.000000 0.000000 0.000000
vn -1.000000 0.000000 0.000000
vn -1.000000 0.000000 0.000000
vn -1.000000 0.000000 0.000000
vn -1.000000 0.000000 0.000000
vn -1.000000 0.000000 0.000000
vn -1.000000 0.000000 0.000000
vn -1.000000 0.000000 0.000000
vn -1.000000 0.000000 0.000000
vn 0.000000 0.792322 0.610103
vn 0.000000 0.792322 0.610103
vn 0.000000 0.792322 0.610103
vn 0.000000 0.792322 0.610103
vn 0.000000 0.792322 0.610103
vn 0.000000 0.792322 0.610103
vn 0.000000 0.792806 0.609474
vn 0.000000 0.792806 0.609474
vn 0.000000 0.792806 0.609474
vn 0.000000 0.792806 0.609474
vn 0.000000 0.792806 0.609474
vn 0.000000 0.792806 0.609474
vn -0.000000 0.792528 0.609835
vn -0.000000 0.792528 0.609835
vn -0.000000 0.792528 0.609835
vn -0.000000 0.792528 0.609835
vn -0.000000 0.792528 0.609835
vn -0.000000 0.792528 0.609835
vn -0.000000 0.792528 0.609835
vn 0.000000 0.792528 0.609835
vn 0.000000 0.792528 0.609835
vn -0.000000 0.792528 0.609835
vn 0.000000 0.792528 0.609835
vn -0.000000 0.792528 0.609835
vn 0.000010 0.137435 0.990511
vn 0.000024 0.137442 0.990510
vn 0.000024 0.137442 0.990510
vn 0.000010 0.137435 0.990511
vn 0.000024 0.137442 0.990510
vn 0.000010 0.137435 0.990511
vn 0.000000 0.137428 0.990512
vn 0.000010 0.137435 0.990511
vn 0.000010 0.137435 0.990511
vn 0.000000 0.137428 0.990512
vn 0.000010 0.137435 0.990511
vn 0.000000 0.137428 0.990512
vn 0.000000 0.137428 0.990512
vn 0.000000 0.137428 0.990512
vn 0.000000 0.137428 0.990512
vn 0.000000 0.137428 0.990512
vn 0.000000 0.137428 0.990512
vn 0.000000 0.137428 0.990512
vn 0.000000 0.137428 0.990512
vn 0.000000 0.137428 0.990512
vn 0.000000 0.137428 0.990512
vn 0.000000 0.137428 0.990512
vn 0.000000 0.137428 0.990512
vn 0.000000 0.137428 0.990512
vn 0.000000 0.137428 0.990512
vn 0.000000 0.137428 0.990512
vn 0.000000 0.137428 0.990512
vn 0.000000 0.137428 0.990512
vn 0.000000 0.137428 0.990512
vn 0.000000 0.137428 0.990512
vn 0.000000 0.137428 0.990512
vn 0.000000 0.137428 0.990512
vn 0.000000 0.137428 0.990512
vn 0.000000 0.137428 0.990512
vn 0.000000 0.137428 0.990512
vn 0.000000 0.137428 0.990512
vn -0.000010 0.137435 0.990511
vn 0.000000 0.137428 0.990512
vn 0.000000 0.137428 0.990512
vn -0.000010 0.137435 0.990511
vn 0.000000 0.137428 0.990512
vn -0.000010 0.137435 0.990511
vn -0.000024 0.137442 0.990510
vn -0.000010 0.137435 0.990511
vn -0.000010 0.137435 0.990511
vn -0.000024 0.137442 0.990510
vn -0.000010 0.137435 0.990511
vn -0.000024 0.137442 0.990510
vn -0.000018 0.137450 0.990509
vn -0.000024 0.137442 0.990510
vn -0.000024 0.137442 0.990510
vn -0.000018 0.137450 0.990509
vn -0.000024 0.137442 0.990510
vn -0.000018 0.137450 0.990509
vn -0.000005 0.137458 0.990508
vn -0.000018 0.137450 0.990509
vn -0.000018 0.137450 0.990509
vn -0.000005 0.137458 0.990508
vn -0.000018 0.137450 0.990509
vn -0.000005 0.137458 0.990508
vn 0.000005 0.137458 0.990508
vn -0.000005 0.137458 0.990508
vn -0.000005 0.137458 0.990508
vn 0.000005 0.137458 0.990508
vn -0.000005 0.137458 0.990508
vn 0.000005 0.137458 0.990508
vn 0.000018 0.137450 0.990509
vn 0.000005 0.137458 0.990508
vn 0.000005 0.137458 0.990508
vn 0.000018 0.137450 0.990509
vn 0.000005 0.137458 0.990508
vn 0.000018 0.137450 0.990509
vn 0.000024 0.137442 0.990510
vn 0.000018 0.137450 0.990509
vn 0.000018 0.137450 0.990509
vn 0.000024 0.137442 0.990510
vn 0.000018 0.137450 0.990509
vn 0.000024 0.137442 0.990510
vn 0.857796 -0.509114 0.070634
vn 0.963794 -0.264120 0.036644
vn 0.963794 -0.264120 0.036644
vn 0.857796 -0.509114 0.070634
vn 0.963794 -0.264120 0.036644
vn 0.857796 -0.509114 0.070634
vn 0.000000 -0.990512 0.137423
vn 0.000000 -0.990512 0.137423
vn 0.000000 -0.990512 0.137423
vn 0.000000 -0.990512 0.137423
vn 0.000000 -0.990512 0.137423
vn 0.000000 -0.990512 0.137423
vn 0.000000 -0.990512 0.137423
vn 0.000000 -0.990512 0.137423
vn 0.000000 -0.990512 0.137423
vn 0.000000 -0.990512 0.137423
vn 0.000000 -0.990512 0.137423
vn 0.000000 -0.990512 0.137423
vn 0.000000 -0.990512 0.137423
vn 0.000000 -0.990512 0.137423
vn 0.000000 -0.990512 0.137423
vn 0.000000 -0.990512 0.137423
vn 0.000000 -0.990512 0.137423
vn 0.000000 -0.990512 0.137423
vn 0.000000 -0.990512 0.137423
vn 0.000000 -0.990512 0.137423
vn 0.000000 -0.990512 0.137423
vn 0.000000 -0.990512 0.137423
vn 0.000000 -0.990512 0.137423
vn 0.000000 -0.990512 0.137423
vn 0.000000 -0.990512 0.137423
vn 0.000000 -0.990512 0.137423
vn 0.000000 -0.990512 0.137423
vn 0.000000 -0.990512 0.137423
vn 0.000000 -0.990512 0.137423
vn 0.000000 -0.990512 0.137423
vn 0.000000 -0.990512 0.137423
vn 0.000000 -0.990512 0.137423
vn 0.000000 -0.990512 0.137423
vn 0.000000 -0.990512 0.137423
vn 0.000000 -0.990512 0.137423
vn 0.000000 -0.990512 0.137423
vn -0.963792 -0.264126 0.036645
vn -0.857789 -0.509125 0.070636
vn -0.857789 -0.509125 0.070636
vn -0.963792 -0.264126 0.036645
vn -0.857789 -0.509125 0.070636
vn -0.963792 -0.264126 0.036645
vn -0.965623 0.257479 -0.035729
vn -0.963792 -0.264126 0.036645
vn -0.963792 -0.264126 0.036645
vn -0.965623 0.257479 -0.035729
vn -0.963792 -0.264126 0.036645
vn -0.965623 0.257479 -0.035729
vn -0.864856 0.497256 -0.069002
vn -0.965623 0.257479 -0.035729
vn -0.965623 0.257479 -0.035729
vn -0.864856 0.497256 -0.069002
vn -0.965623 0.257479 -0.035729
vn -0.864856 0.497256 -0.069002
vn 0.000000 0.990509 -0.137448
vn 0.000000 0.990509 -0.137448
vn 0.000000 0.990509 -0.137448
vn 0.000000 0.990509 -0.137448
vn 0.000000 0.990509 -0.137448
vn 0.000000 0.990509 -0.137448
vn 0.965625 0.257473 -0.035728
vn 0.864862 0.497245 -0.069000
vn 0.864862 0.497245 -0.069000
vn 0.965625 0.257473 -0.035728
vn 0.864862 0.497245 -0.069000
vn 0.965625 0.257473 -0.035728
vn 0.963794 -0.264120 0.036644
vn 0.965625 0.257473 -0.035728
vn 0.965625 0.257473 -0.035728
vn 0.963794 -0.264120 0.036644
vn 0.965625 0.257473 -0.035728
vn 0.963794 -0.264120 0.036644
vn -0.000000 0.792528 0.609835
vn -0.000000 0.792528 0.609835
vn 0.000000 0.792528 0.609835
vn -0.000000 0.792528 0.609835
vn 0.000000 0.792528 0.609835
vn -0.000000 0.792528 0.609835
vn -0.000000 0.792528 0.609835
vn -0.000000 0.792528 0.609836
vn -0.000000 0.792528 0.609836
vn -0.000000 0.792528 0.609835
vn -0.000000 0.792528 0.609836
vn -0.000000 0.792528 0.609835
vn 0.000008 0.792536 0.609825
vn 0.000000 0.792529 0.609835
vn 0.000000 0.792529 0.609835
vn 0.000008 0.792536 0.609825
vn 0.000000 0.792529 0.609835
vn 0.000010 0.792539 0.609822
vn 0.000047 0.792560 0.609794
vn 0.000063 0.792561 0.609792
vn 0.000063 0.792561 0.609792
vn 0.000047 0.792560 0.609794
vn 0.000063 0.792561 0.609792
vn 0.000063 0.792561 0.609792
vn 0.000047 0.792560 0.609794
vn 0.000063 0.792561 0.609792
vn 0.000146 0.792434 0.609958
vn 0.000047 0.792560 0.609794
vn 0.000146 0.792434 0.609958
vn 0.000097 0.792465 0.609917
vn 0.000047 0.792560 0.609794
vn 0.000097 0.792465 0.609917
vn 0.000031 0.792545 0.609814
vn 0.000047 0.792560 0.609794
vn 0.000031 0.792545 0.609814
vn 0.000031 0.792545 0.609814
vn 0.000047 0.792560 0.609794
vn 0.000031 0.792545 0.609814
vn 0.000031 0.792549 0.609808
vn 0.000000 -1.000000 0.000000
vn 0.000000 -1.000000 0.000000
vn 0.000000 -1.000000 0.000000
vn 0.000000 -1.000000 0.000000
vn 0.000000 -1.000000 0.000000
vn 0.000000 -1.000000 0.000000
vn 0.000000 -1.000000 0.000000
vn 0.000000 -1.000000 0.000000
vn 0.000000 -1.000000 0.000000
vn 0.000001 -1.000000 -0.000802
vn 0.000002 -1.000000 -0.000802
vn 0.000002 -1.000000 -0.000802
vn 0.000001 -1.000000 -0.000802
vn 0.000002 -1.000000 -0.000802
vn 0.000002 -1.000000 -0.000802
vn 0.000001 -1.000000 -0.000802
vn 0.000002 -1.000000 -0.000802
vn 0.000002 -1.000000 -0.000802
vn 0.000001 -1.000000 -0.000802
vn 0.000002 -1.000000 -0.000802
vn 0.000001 -1.000000 -0.000802
vn 0.000000 -1.000000 -0.000801
vn 0.000001 -1.000000 -0.000802
vn 0.000001 -1.000000 -0.000802
vn 0.000000 -1.000000 -0.000801
vn 0.000001 -1.000000 -0.000802
vn 0.000000 -1.000000 -0.000801
vn 0.000000 -1.000000 -0.000801
vn 0.000000 -1.000000 -0.000801
vn 0.000000 -1.000000 -0.000801
vn 0.000000 -1.000000 -0.000801
vn 0.000000 -1.000000 -0.000801
vn 0.000000 -1.000000 -0.000801
vn 0.000000 -1.000000 -0.000801
vn 0.000000 -1.000000 -0.000801
vn 0.000000 -1.000000 -0.000801
vn 0.000000 -1.000000 -0.000801
vn 0.000000 -1.000000 -0.000801
vn 0.000000 -1.000000 -0.000801
vn -0.000000 -1.000000 -0.000801
vn 0.000000 -1.000000 -0.000801
vn 0.000000 -1.000000 -0.000801
vn -0.000000 -1.000000 -0.000801
vn 0.000000 -1.000000 -0.000801
vn -0.000000 -1.000000 -0.000801
vn -0.000000 -1.000000 -0.000801
vn -0.000000 -1.000000 -0.000801
vn -0.000000 -1.000000 -0.000801
vn -0.000000 -1.000000 -0.000801
vn -0.000000 -1.000000 -0.000801
vn -0.000000 -1.000000 -0.000801
vn 0.000000 0.000000 1.000000
vn 0.000000 0.000000 1.000000
vn 0.000000 0.000000 1.000000
vn 0.000000 0.000000 1.000000
vn 0.000000 0.000000 1.000000
vn 0.000000 0.000000 1.000000
vn 0.000000 0.000000 1.000000
vn 0.000000 0.000000 1.000000
vn 0.000000 0.000000 1.000000
vn 0.000000 0.000000 1.000000
vn 0.000000 0.000000 1.000000
vn 0.000000 0.000000 1.000000
vn 0.000000 0.000000 1.000000
vn 0.000000 0.000000 1.000000
vn 0.000000 0.000000 1.000000
vn 0.000000 0.000000 1.000000
vn 0.000000 0.000000 1.000000
vn 0.000000 0.000000 1.000000
vn 0.000000 0.000000 1.000000
vn 0.000000 0.000000 1.000000
vn 0.000000 0.000000 1.000000
vn 0.000000 0.000000 1.000000
vn 0.000000 0.000000 1.000000
vn 0.000000 0.000000 1.000000
vn 0.000000 0.000000 1.000000
vn 0.000000 0.000000 1.000000
vn 0.000000 0.000000 1.000000
vn 0.000000 0.000000 1.000000
vn 0.000000 0.000000 1.000000
vn 0.000000 0.000000 1.000000
vn 0.000000 0.000000 1.000000
vn 0.000000 0.000000 1.000000
vn 0.000000 0.000000 1.000000
vn 0.000000 0.000000 1.000000
vn 0.000000 0.000000 1.000000
vn 0.000000 0.000000 1.000000
vn 0.000000 -1.000000 0.000000
vn 0.000000 -1.000000 0.000000
vn 0.000000 -1.000000 0.000000
vn 0.000000 -1.000000 0.000000
vn 0.000000 -1.000000 0.000000
vn 0.000000 -1.000000 0.000000
vn 0.000000 -1.000000 0.000000
vn 0.000000 -1.000000 0.000000
vn 0.000000 -1.000000 0.000000
vn 0.000000 -1.000000 0.000000
vn 0.000000 -1.000000 0.000000
vn 0.000000 -1.000000 0.000000
vn 0.000000 -1.000000 0.000000
vn 0.000000 -1.000000 0.000000
vn 0.000000 -1.000000 0.000000
vn 0.000000 -1.000000 0.000000
vn 0.000000 -1.000000 0.000000
vn 0.000000 -1.000000 0.000000
vn 0.000000 -1.000000 0.000000
vn 0.000000 -1.000000 0.000000
vn 0.000000 -1.000000 0.000000
vn 0.000000 -1.000000 0.000000
vn 0.000000 -1.000000 0.000000
vn 0.000000 -1.000000 0.000000
vn 0.000000 -1.000000 0.000000
vn 0.000000 -1.000000 0.000000
vn 0.000000 -1.000000 0.000000
vn 0.000000 -1.000000 0.000000
vn 0.000000 -1.000000 0.000000
vn 0.000000 -1.000000 0.000000
vn 0.000000 -1.000000 0.000000
vn 0.000000 -1.000000 0.000000
vn 0.000000 -1.000000 0.000000
vn 0.000000 -1.000000 0.000000
vn 0.000000 -1.000000 0.000000
vn 0.000000 -1.000000 0.000000
vn 0.000000 0.000000 1.000000
vn 0.000000 0.000000 1.000000
vn 0.000000 0.000000 1.000000
vn 0.000000 0.000000 1.000000
vn 0.000000 0.000000 1.000000
vn 0.000000 0.000000 1.000000
vn 0.000000 0.000000 1.000000
vn 0.000000 0.000000 1.000000
vn 0.000000 0.000000 1.000000
vn 0.000000 0.000000 1.000000
vn 0.000000 0.000000 1.000000
vn 0.000000 0.000000 1.000000
vn 0.000000 0.000000 1.000000
vn -0.000001 0.089550 0.995982
vn 0.000008 0.089530 0.995984
vn 0.000000 0.000000 1.000000
vn 0.000008 0.089530 0.995984
vn 0.000000 0.000000 1.000000
vn 0.000000 0.000000 1.000000
vn -0.000003 0.089574 0.995980
vn -0.000001 0.089550 0.995982
vn 0.000000 0.000000 1.000000
vn -0.000001 0.089550 0.995982
vn 0.000000 0.000000 1.000000
vn 0.000000 0.000000 1.000000
vn 0.000000 0.000000 1.000000
vn 0.000000 0.000000 1.000000
vn 0.000000 0.000000 1.000000
vn 0.000000 0.000000 1.000000
vn 0.000000 0.000000 1.000000
vn 0.000000 0.000000 1.000000
vn 0.000000 0.000000 1.000000
vn 0.000000 0.000000 1.000000
vn 0.000000 0.000000 1.000000
vn 0.000000 0.000000 1.000000
vn 0.000000 0.000000 1.000000
vn 0.000000 0.000000 1.000000
vn 0.000000 0.000000 1.000000
vn 0.000000 0.000000 1.000000
vn 0.000000 0.000000 1.000000
vn 0.000000 0.000000 1.000000
vn 0.000000 0.000000 1.000000
vn 0.000000 0.000000 1.000000
vn 0.000000 0.000000 1.000000
vn 0.000000 0.000000 1.000000
vn 0.000000 0.000000 1.000000
vn 0.000000 0.000000 1.000000
vn 0.000000 0.000000 1.000000
vn 0.000000 0.000000 1.000000
vn 0.000000 0.000000 1.000000
vn 0.000000 0.000000 1.000000
vn 0.000000 0.000000 1.000000
vn 0.000000 0.000000 1.000000
vn 0.000000 0.000000 1.000000
vn 0.000000 0.000000 1.000000
vn 0.000000 0.000000 1.000000
vn 0.000000 0.000000 1.000000
vn 0.000000 0.000000 1.000000
vn 0.000000 0.000000 1.000000
vn 0.000000 0.000000 1.000000
vn 0.000000 0.000000 1.000000
vn 0.000000 0.000000 1.000000
vn 0.000000 0.000000 1.000000
vn 0.000000 0.000000 1.000000
vn 0.000000 0.000000 1.000000
vn 0.000000 0.000000 1.000000
vn 0.000000 0.000000 1.000000
vn 0.000002 0.089567 0.995981
vn 0.000006 0.089576 0.995980
vn 0.000000 0.000000 1.000000
vn 0.000006 0.089576 0.995980
vn 0.000000 0.000000 1.000000
vn 0.000000 0.000000 1.000000
vn 0.000000 0.000000 1.000000
vn 0.000000 0.000000 1.000000
vn 0.000000 0.000000 1.000000
vn 0.000000 0.000000 1.000000
vn 0.000000 0.000000 1.000000
vn 0.000000 0.000000 1.000000
vn 0.000000 0.000000 1.000000
vn 0.000000 0.000000 1.000000
vn 0.000000 0.000000 1.000000
vn 0.000000 0.000000 1.000000
vn 0.000000 0.000000 1.000000
vn 0.000000 0.000000 1.000000
vn 0.000000 0.000000 1.000000
vn 0.000000 0.000000 1.000000
vn 0.000000 0.000000 1.000000
vn 0.000000 0.000000 1.000000
vn 0.000000 0.000000 1.000000
vn 0.000000 0.000000 1.000000
vn 0.000000 0.000000 1.000000
vn 0.000000 0.000000 1.000000
vn 0.000000 0.000000 1.000000
vn 0.000000 0.000000 1.000000
vn 0.000000 0.000000 1.000000
vn 0.000000 0.000000 1.000000
vn 0.000000 0.000000 1.000000
vn 0.000000 0.000000 1.000000
vn 0.000000 0.000000 1.000000
vn 0.000000 0.000000 1.000000
vn 0.000000 0.000000 1.000000
vn 0.000000 0.000000 1.000000
vn 0.000000 0.000000 1.000000
vn 0.000000 0.000000 1.000000
vn 0.000000 0.000000 1.000000
vn 0.000000 0.000000 1.000000
vn 0.000000 0.000000 1.000000
vn 0.000000 0.000000 1.000000
vn 0.000000 0.000000 1.000000
vn 0.000000 0.000000 1.000000
vn 0.000000 0.000000 1.000000
vn 0.000000 0.000000 1.000000
vn 0.000000 0.000000 1.000000
vn 0.000000 0.000000 1.000000
vn 0.000000 0.000000 1.000000
vn 0.000000 0.000000 1.000000
vn 0.000000 0.000000 1.000000
vn 0.000000 0.000000 1.000000
vn 0.000000 0.000000 1.000000
vn 0.000000 0.000000 1.000000
vn 0.000000 0.000000 1.000000
vn 0.000000 0.000000 1.000000
vn 0.000000 0.000000 1.000000
vn 0.000000 0.000000 1.000000
vn 0.000000 0.000000 1.000000
vn 0.000000 0.000000 1.000000
vn 0.000000 0.000000 1.000000
vn 0.000000 0.000000 1.000000
vn 0.000000 0.000000 1.000000
vn 0.000000 0.000000 1.000000
vn 0.000000 0.000000 1.000000
vn 0.000010 0.792539 0.609822
vn 0.000047 0.792560 0.609794
vn 0.000031 0.792549 0.609808
vn 0.000010 0.792539 0.609822
vn 0.000031 0.792549 0.609808
vn 0.000008 0.792536 0.609825
vn 0.000000 0.792528 0.609835
vn -0.000000 0.792528 0.609836
vn -0.000000 0.792528 0.609836
vn 0.000000 0.792528 0.609835
vn -0.000000 0.792528 0.609836
vn 0.000000 0.792528 0.609835
vn 0.000000 0.792528 0.609835
vn 0.000000 0.792528 0.609836
vn -0.000000 0.792528 0.609836
vn 0.000000 0.792528 0.609835
vn -0.000000 0.792528 0.609836
vn 0.000000 0.792528 0.609835
vn 0.000000 0.792528 0.609835
vn 0.000000 0.792528 0.609836
vn 0.000000 0.792528 0.609836
vn 0.000000 0.792528 0.609835
vn 0.000000 0.792528 0.609836
vn 0.000000 0.792528 0.609835
vn 0.000000 0.792528 0.609835
vn 0.000000 0.792528 0.609836
vn 0.000000 0.792528 0.609836
vn 0.000000 0.792528 0.609835
vn 0.000000 0.792528 0.609836
vn 0.000000 0.792528 0.609835
vn 0.000000 0.792528 0.609835
vn 0.000000 0.792528 0.609836
vn 0.000000 0.792528 0.609836
vn 0.000000 0.792528 0.609835
vn 0.000000 0.792528 0.609836
vn 0.000000 0.792528 0.609835
vn 0.000000 0.792528 0.609835
vn 0.000000 0.792528 0.609836
vn 0.000000 0.792528 0.609836
vn 0.000000 0.792528 0.609835
vn 0.000000 0.792528 0.609836
vn 0.000000 0.792528 0.609835
vn 0.000008 0.792536 0.609825
vn 0.000031 0.792549 0.609808
vn 0.000000 0.792528 0.609836
vn 0.000008 0.792536 0.609825
vn 0.000000 0.792528 0.609836
vn 0.000000 0.792528 0.609835
vn -0.000669 0.792478 0.609900
vn -0.000668 0.793287 0.608847
vn -0.000668 0.792781 0.609506
vn -0.000669 0.792478 0.609900
vn -0.000668 0.792781 0.609506
vn -0.000668 0.792781 0.609506
vn -0.000669 0.792478 0.609900
vn -0.000668 0.792781 0.609506
vn -0.001338 0.792494 0.609878
vn 0.000000 0.792461 0.609922
vn 0.000000 0.793540 0.608518
vn -0.000668 0.793287 0.608847
vn 0.000000 0.792461 0.609922
vn -0.000668 0.793287 0.608847
vn -0.000669 0.792478 0.609900
vn 0.001337 0.793100 0.609090
vn 0.000223 0.792719 0.609587
vn 0.000167 0.792958 0.609276
vn 0.001337 0.793100 0.609090
vn 0.000167 0.792958 0.609276
vn 0.000668 0.793387 0.608717
vn 0.000668 0.793387 0.608717
vn 0.000167 0.792958 0.609276
vn 0.000000 0.793102 0.609089
vn 0.000668 0.793387 0.608717
vn 0.000000 0.793102 0.609089
vn 0.000000 0.793674 0.608343
vn -0.000002 0.791668 0.610952
vn 0.000835 0.792528 0.609835
vn 0.000000 0.792529 0.609834
vn -0.000002 0.791668 0.610952
vn 0.000000 0.792529 0.609834
vn 0.000000 0.791380 0.611324
vn -0.000003 0.791955 0.610580
vn 0.001669 0.792527 0.609834
vn 0.000835 0.792528 0.609835
vn -0.000003 0.791955 0.610580
vn 0.000835 0.792528 0.609835
vn -0.000002 0.791668 0.610952
vn -0.001338 0.792494 0.609878
vn -0.000003 0.791955 0.610580
vn -0.000002 0.791668 0.610952
vn -0.001338 0.792494 0.609878
vn -0.000002 0.791668 0.610952
vn -0.000669 0.792478 0.609900
vn -0.000669 0.792478 0.609900
vn -0.000002 0.791668 0.610952
vn 0.000000 0.791380 0.611324
vn -0.000669 0.792478 0.609900
vn 0.000000 0.791380 0.611324
vn 0.000000 0.792461 0.609922
vn -0.990225 -0.075649 0.117186
vn -1.000000 0.000000 0.000000
vn -1.000000 0.000000 0.000000
vn -0.990225 -0.075649 0.117186
vn -1.000000 0.000000 0.000000
vn -1.000000 0.000000 0.000000
vn 1.000000 0.000000 0.000000
vn 1.000000 -0.000000 -0.000000
vn 1.000000 -0.000000 0.000000
vn 1.000000 0.000000 0.000000
vn 1.000000 -0.000000 0.000000
vn 0.990225 -0.075649 0.117186
vn 0.000000 0.793674 0.608343
vn 0.000000 0.792529 0.609834
vn 0.000835 0.792528 0.609835
vn 0.000000 0.793674 0.608343
vn 0.000835 0.792528 0.609835
vn 0.000668 0.793387 0.608717
vn 0.000668 0.793387 0.608717
vn 0.000835 0.792528 0.609835
vn 0.001669 0.792527 0.609834
vn 0.000668 0.793387 0.608717
vn 0.001669 0.792527 0.609834
vn 0.001337 0.793100 0.609090
f 230/1/1 166/2/2 10/3/3
f 230/4/4 10/5/5 373/6/6
f 230/7/7 373/8/8 328/9/9
f 230/10/10 328/11/11 327/12/12
f 230/13/13 327/14/14 12/15/15
f 230/16/16 12/17/17 3/18/18
f 230/19/19 3/20/20 1/21/21
f 230/22/22 1/23/23 2/24/24
f 230/25/25 2/26/26 147/27/27
f 230/28/28 147/29/29 359/30/30
f 230/31/31 359/32/32 371/33/33
f 230/34/34 371/35/35 14/36/36
f 230/37/37 14/38/38 231/39/39
f 230/40/40 231/41/41 218/42/42
f 144/43/43 138/44/44 136/45/45
f 6/46/46 5/47/47 7/48/48
f 6/49/49 7/50/50 11/51/51
f 6/52/52 11/53/53 387/54/54
f 6/55/55 387/56/56 384/57/57
f 6/58/58 384/59/59 385/60/60
f 6/61/61 385/62/62 390/63/63
f 6/64/64 390/65/65 383/66/66
f 6/67/67 383/68/68 9/69/69
f 6/70/70 9/71/71 8/72/72
f 6/73/73 8/74/74 253/75/75
f 6/76/76 253/77/77 227/78/78
f 6/79/79 227/80/80 252/81/81
f 6/82/82 252/83/83 165/84/84
f 6/85/85 165/86/86 361/87/87
f 6/88/88 361/89/89 363/90/90
f 6/91/91 363/92/92 149/93/93
f 5/94/94 331/95/95 151/96/96
f 5/97/97 151/98/98 348/99/99
f 5/100/100 348/101/101 349/102/102
f 5/103/103 349/104/104 344/105/105
f 5/106/106 344/107/107 347/108/108
f 5/109/109 347/110/110 345/111/111
f 5/112/112 345/113/113 346/114/114
f 5/115/115 346/116/116 152/117/117
f 5/118/118 152/119/119 217/120/120
f 5/121/121 217/122/122 1/123/123
f 5/124/124 1/125/125 3/126/126
f 5/127/127 3/128/128 176/129/129
f 5/130/130 176/131/131 175/132/132
f 5/133/133 175/134/134 177/135/135
f 5/136/136 177/137/137 174/138/138
f 5/139/139 174/140/140 179/141/141
f 5/142/142 179/143/143 178/144/144
f 5/145/145 178/146/146 180/147/147
f 5/148/148 180/149/149 16/150/150
f 5/151/151 16/152/152 75/153/153
f 5/154/154 75/155/155 65/156/156
f 5/157/157 65/158/158 95/159/159
f 5/160/160 95/161/161 66/162/162
f 5/163/163 66/164/164 89/165/165
f 5/166/166 89/167/167 20/168/168
f 5/169/169 20/170/170 202/171/171
f 5/172/172 202/173/173 7/174/174
f 154/175/175 155/176/176 139/177/177
f 154/178/178 139/179/179 150/180/180
f 204/181/181 17/182/182 4/183/183
f 204/184/184 4/185/185 205/186/186
f 176/187/187 3/188/188 12/189/189
f 176/190/190 12/191/191 173/192/192
f 386/193/193 204/194/194 9/195/195
f 386/196/196 9/197/197 383/198/198
f 231/199/199 14/200/200 197/201/201
f 231/202/202 197/203/203 233/204/204
f 203/205/205 11/206/206 7/207/207
f 203/208/208 7/209/209 202/210/210
f 373/211/211 10/212/212 183/213/213
f 373/214/214 183/215/215 377/216/216
f 75/217/217 16/218/218 15/219/219
f 75/220/220 15/221/221 42/222/222
f 75/223/223 42/224/224 76/225/225
f 325/226/226 324/227/227 323/228/228
f 325/229/229 323/230/230 322/231/231
f 325/232/232 322/233/233 321/234/234
f 325/235/235 321/236/236 320/237/237
f 325/238/238 320/239/239 319/240/240
f 325/241/241 319/242/242 318/243/243
f 325/244/244 318/245/245 317/246/246
f 325/247/247 317/248/248 316/249/249
f 325/250/250 316/251/251 314/252/252
f 325/253/253 314/254/254 315/255/255
f 325/256/256 315/257/257 326/258/258
f 84/259/259 46/260/260 57/261/261
f 84/262/262 57/263/263 86/264/264
f 25/265/265 33/266/266 26/267/267
f 25/268/268 26/269/269 28/270/270
f 158/271/271 40/272/272 119/273/273
f 56/274/274 41/275/275 23/276/276
f 56/277/277 23/278/278 55/279/279
f 28/280/280 26/281/281 32/282/282
f 28/283/283 32/284/284 31/285/285
f 34/286/286 29/287/287 28/288/288
f 34/289/289 28/290/290 31/291/291
f 28/292/292 29/293/293 30/294/294
f 28/295/295 30/296/296 25/297/297
f 25/298/298 30/299/299 13/300/300
f 33/301/301 17/302/302 35/303/303
f 35/304/304 36/305/305 26/306/306
f 35/307/307 26/308/308 33/309/309
f 26/310/310 36/311/311 37/312/312
f 26/313/313 37/314/314 32/315/315
f 57/316/316 46/317/317 43/318/318
f 57/319/319 43/320/320 58/321/321
f 29/322/322 34/323/323 41/324/324
f 29/325/325 41/326/326 56/327/327
f 329/328/328 30/329/329 29/330/330
f 76/331/331 42/332/332 44/333/333
f 76/334/334 44/335/335 77/336/336
f 36/337/337 35/338/338 388/339/339
f 44/340/340 42/341/341 22/342/342
f 44/343/343 22/344/344 39/345/345
f 40/346/346 38/347/347 45/348/348
f 40/349/349 45/350/350 24/351/351
f 45/352/352 38/353/353 19/354/354
f 42/355/355 15/356/356 22/357/357
f 34/358/358 48/359/359 47/360/360
f 34/361/361 47/362/362 41/363/363
f 49/364/364 37/365/365 43/366/366
f 49/367/367 43/368/368 50/369/369
f 32/370/370 37/371/371 49/372/372
f 32/373/373 49/374/374 51/375/375
f 34/376/376 31/377/377 52/378/378
f 34/379/379 52/380/380 48/381/381
f 31/382/382 32/383/383 51/384/384
f 31/385/385 51/386/386 52/387/387
f 43/388/388 46/389/389 53/390/390
f 43/391/391 53/392/392 50/393/393
f 79/394/394 23/395/395 54/396/396
f 79/397/397 54/398/398 82/399/399
f 23/400/400 41/401/401 47/402/402
f 23/403/403 47/404/404 54/405/405
f 37/406/406 36/407/407 58/408/408
f 37/409/409 58/410/410 43/411/411
f 119/412/412 40/413/413 24/414/414
f 119/415/415 24/416/416 116/417/417
f 125/418/418 55/419/419 78/420/420
f 125/421/421 78/422/422 121/423/423
f 124/424/424 44/425/425 39/426/426
f 124/427/427 39/428/428 21/429/429
f 21/430/430 39/431/431 162/432/432
f 116/433/433 24/434/434 88/435/435
f 116/436/436 88/437/437 113/438/438
f 88/439/439 24/440/440 45/441/441
f 88/442/442 45/443/443 87/444/444
f 87/445/445 45/446/446 19/447/447
f 87/448/448 19/449/449 20/450/450
f 87/451/451 20/452/452 89/453/453
f 98/454/454 62/455/455 100/456/456
f 71/457/457 129/458/458 63/459/459
f 130/460/460 69/461/461 63/462/462
f 65/463/463 61/464/464 67/465/465
f 127/466/466 128/467/467 70/468/468
f 127/469/469 70/470/470 92/471/471
f 68/472/472 60/473/473 66/474/474
f 130/475/475 68/476/476 94/477/477
f 130/478/478 94/479/479 131/480/480
f 72/481/481 132/482/482 64/483/483
f 94/484/484 68/485/485 66/486/486
f 94/487/487 66/488/488 95/489/489
f 78/490/490 55/491/491 23/492/492
f 78/493/493 23/494/494 79/495/495
f 90/496/496 73/497/497 59/498/498
f 90/499/499 59/500/500 91/501/501
f 87/502/502 60/503/503 63/504/504
f 87/505/505 63/506/506 88/507/507
f 89/508/508 66/509/509 60/510/510
f 89/511/511 60/512/512 87/513/513
f 109/514/514 59/515/515 86/516/516
f 109/517/517 86/518/518 112/519/519
f 86/520/520 59/521/521 73/522/522
f 86/523/523 73/524/524 84/525/525
f 85/526/526 53/527/527 46/528/528
f 85/529/529 46/530/530 84/531/531
f 83/532/532 85/533/533 84/534/534
f 83/535/535 84/536/536 73/537/537
f 80/538/538 83/539/539 73/540/540
f 80/541/541 73/542/542 90/543/543
f 82/544/544 81/545/545 74/546/546
f 82/547/547 74/548/548 79/549/549
f 79/550/550 74/551/551 62/552/552
f 79/553/553 62/554/554 78/555/555
f 97/556/556 64/557/557 77/558/558
f 97/559/559 77/560/560 122/561/561
f 77/562/562 64/563/563 61/564/564
f 77/565/565 61/566/566 76/567/567
f 76/568/568 61/569/569 65/570/570
f 76/571/571 65/572/572 75/573/573
f 95/574/574 65/575/575 67/576/576
f 95/577/577 67/578/578 94/579/579
f 131/580/580 93/581/581 69/582/582
f 131/583/583 69/584/584 130/585/585
f 100/586/586 62/587/587 91/588/588
f 100/589/589 91/590/590 104/591/591
f 91/592/592 62/593/593 74/594/594
f 91/595/595 74/596/596 90/597/597
f 90/598/598 74/599/599 81/600/600
f 90/601/601 81/602/602 80/603/603
f 115/604/604 57/605/605 58/606/606
f 115/607/607 58/608/608 118/609/609
f 112/610/610 86/611/611 57/612/612
f 112/613/613 57/614/614 115/615/615
f 113/616/616 88/617/617 63/618/618
f 113/619/619 63/620/620 110/621/621
f 106/622/622 59/623/623 109/624/624
f 104/625/625 91/626/626 59/627/627
f 104/628/628 59/629/629 106/630/630
f 64/631/631 92/632/632 70/633/633
f 27/634/634 56/635/635 55/636/636
f 27/637/637 55/638/638 125/639/639
f 122/640/640 77/641/641 44/642/642
f 122/643/643 44/644/644 124/645/645
f 121/646/646 78/647/647 62/648/648
f 121/649/649 62/650/650 98/651/651
f 126/652/652 27/653/653 125/654/654
f 126/655/655 125/656/656 123/657/657
f 123/658/658 125/659/659 121/660/660
f 123/661/661 121/662/662 120/663/663
f 120/664/664 121/665/665 98/666/666
f 120/667/667 98/668/668 96/669/669
f 96/670/670 98/671/671 100/672/672
f 96/673/673 100/674/674 99/675/675
f 99/676/676 100/677/677 104/678/678
f 99/679/679 104/680/680 102/681/681
f 102/682/682 104/683/683 106/684/684
f 102/685/685 106/686/686 105/687/687
f 105/688/688 106/689/689 109/690/690
f 105/691/691 109/692/692 108/693/693
f 108/694/694 109/695/695 112/696/696
f 108/697/697 112/698/698 111/699/699
f 111/700/700 112/701/701 115/702/702
f 111/703/703 115/704/704 114/705/705
f 114/706/706 115/707/707 118/708/708
f 114/709/709 118/710/710 117/711/711
f 116/712/712 114/713/713 117/714/714
f 116/715/715 117/716/716 119/717/717
f 113/718/718 111/719/719 114/720/720
f 113/721/721 114/722/722 116/723/723
f 107/724/724 105/725/725 108/726/726
f 107/727/727 108/728/728 110/729/729
f 110/730/730 108/731/731 111/732/732
f 110/733/733 111/734/734 113/735/735
f 103/736/736 102/737/737 105/738/738
f 103/739/739 105/740/740 107/741/741
f 101/742/742 99/743/743 102/744/744
f 101/745/745 102/746/746 103/747/747
f 97/748/748 96/749/749 99/750/750
f 97/751/751 99/752/752 101/753/753
f 122/754/754 120/755/755 96/756/756
f 122/757/757 96/758/758 97/759/759
f 21/760/760 126/761/761 123/762/762
f 21/763/763 123/764/764 124/765/765
f 124/766/766 123/767/767 120/768/768
f 124/769/769 120/770/770 122/771/771
f 129/772/772 71/773/773 128/774/774
f 129/775/775 128/776/776 127/777/777
f 132/778/778 72/779/779 93/780/780
f 132/781/781 93/782/782 131/783/783
f 127/784/784 103/785/785 107/786/786
f 127/787/787 107/788/788 129/789/789
f 92/790/790 101/791/791 103/792/792
f 92/793/793 103/794/794 127/795/795
f 129/796/796 107/797/797 110/798/798
f 129/799/799 110/800/800 63/801/801
f 64/802/802 97/803/803 101/804/804
f 64/805/805 101/806/806 92/807/807
f 60/808/808 68/809/809 130/810/810
f 94/811/811 67/812/812 132/813/813
f 94/814/814 132/815/815 131/816/816
f 61/817/817 64/818/818 132/819/819
f 71/820/820 63/821/821 69/822/822
f 128/823/823 71/824/824 69/825/825
f 128/826/826 69/827/827 93/828/828
f 70/829/829 128/830/830 93/831/831
f 70/832/832 93/833/833 72/834/834
f 64/835/835 70/836/836 72/837/837
f 130/838/838 63/839/839 60/840/840
f 132/841/841 67/842/842 61/843/843
f 143/844/844 134/845/845 133/846/846
f 143/847/847 133/848/848 141/849/849
f 134/850/850 143/851/851 142/852/852
f 135/853/853 137/854/854 145/855/855
f 146/856/856 141/857/857 133/858/858
f 361/859/859 165/860/860 206/861/861
f 361/862/862 206/863/863 360/864/864
f 209/865/865 147/866/866 2/867/867
f 209/868/868 2/869/869 216/870/870
f 248/871/871 4/872/872 17/873/873
f 248/874/874 17/875/875 146/876/876
f 248/877/877 146/878/878 145/879/879
f 248/880/880 145/881/881 18/882/882
f 248/883/883 18/884/884 249/885/885
f 248/886/886 249/887/887 225/888/888
f 143/889/889 25/890/890 13/891/891
f 143/892/892 13/893/893 142/894/894
f 141/895/895 33/896/896 25/897/897
f 141/898/898 25/899/899 143/900/900
f 146/901/901 17/902/902 33/903/903
f 146/904/904 33/905/905 141/906/906
f 142/907/907 13/908/908 163/909/909
f 142/910/910 163/911/911 246/912/912
f 142/913/913 246/914/914 224/915/915
f 142/916/916 224/917/917 247/918/918
f 142/919/919 247/920/920 164/921/921
f 142/922/922 164/923/923 144/924/924
f 136/925/925 135/926/926 133/927/927
f 136/928/928 133/929/929 134/930/930
f 145/931/931 146/932/932 133/933/933
f 145/934/934 133/935/935 135/936/936
f 136/937/937 134/938/938 142/939/939
f 136/940/940 142/941/941 144/942/942
f 208/943/943 6/944/944 149/945/945
f 208/946/946 149/947/947 207/948/948
f 331/949/949 5/950/950 6/951/951
f 331/952/952 6/953/953 208/954/954
f 348/955/955 151/956/956 156/957/957
f 348/958/958 156/959/959 342/960/960
f 148/961/961 153/962/962 156/963/963
f 148/964/964 156/965/965 140/966/966
f 342/967/967 156/968/968 153/969/969
f 342/970/970 153/971/971 336/972/972
f 136/973/973 138/974/974 274/975/975
f 136/976/976 274/977/977 350/978/978
f 216/979/979 2/980/980 1/981/981
f 216/982/982 1/983/983 217/984/984
f 118/985/985 58/986/986 36/987/987
f 118/988/988 36/989/989 159/990/990
f 117/991/991 118/992/992 159/993/993
f 117/994/994 159/995/995 157/996/996
f 119/997/997 117/998/998 157/999/999
f 119/1000/1000 157/1001/1001 158/1002/1002
f 161/1003/1003 29/1004/1004 56/1005/1005
f 161/1006/1006 56/1007/1007 27/1008/1008
f 126/1009/1009 21/1010/1010 162/1011/1011
f 126/1012/1012 162/1013/1013 160/1014/1014
f 27/1015/1015 126/1016/1016 160/1017/1017
f 27/1018/1018 160/1019/1019 161/1020/1020
f 249/1021/1021 18/1022/1022 206/1023/1023
f 249/1024/1024 206/1025/1025 251/1026/1026
f 183/1027/1027 10/1028/1028 166/1029/1029
f 183/1030/1030 166/1031/1031 194/1032/1032
f 144/1033/1033 164/1034/1034 201/1035/1035
f 144/1036/1036 201/1037/1037 364/1038/1038
f 246/1039/1039 163/1040/1040 193/1041/1041
f 246/1042/1042 193/1043/1043 244/1044/1044
f 193/1045/1045 163/1046/1046 13/1047/1047
f 193/1048/1048 13/1049/1049 187/1050/1050
f 330/1051/1051 22/1052/1052 15/1053/1053
f 330/1054/1054 15/1055/1055 169/1056/1056
f 330/1057/1057 169/1058/1058 270/1059/1059
f 169/1060/1060 15/1061/1061 16/1062/1062
f 169/1063/1063 16/1064/1064 180/1065/1065
f 175/1066/1066 176/1067/1067 173/1068/1068
f 175/1069/1069 173/1070/1070 171/1071/1071
f 377/1072/1072 183/1073/1073 182/1074/1074
f 377/1075/1075 182/1076/1076 379/1077/1077
f 182/1078/1078 183/1079/1079 194/1080/1080
f 182/1081/1081 194/1082/1082 189/1083/1083
f 233/1084/1084 197/1085/1085 196/1086/1086
f 233/1087/1087 196/1088/1088 235/1089/1089
f 235/1090/1090 196/1091/1091 198/1092/1092
f 235/1093/1093 198/1094/1094 237/1095/1095
f 184/1096/1096 182/1097/1097 189/1098/1098
f 184/1099/1099 189/1100/1100 190/1101/1101
f 379/1102/1102 182/1103/1103 184/1104/1104
f 379/1105/1105 184/1106/1106 375/1107/1107
f 177/1108/1108 175/1109/1109 171/1110/1110
f 177/1111/1111 171/1112/1112 172/1113/1113
f 174/1114/1114 177/1115/1115 172/1116/1116
f 174/1117/1117 172/1118/1118 167/1119/1119
f 375/1120/1120 184/1121/1121 181/1122/1122
f 375/1123/1123 181/1124/1124 378/1125/1125
f 181/1126/1126 184/1127/1127 190/1128/1128
f 181/1129/1129 190/1130/1130 188/1131/1131
f 237/1132/1132 198/1133/1133 195/1134/1134
f 237/1135/1135 195/1136/1136 239/1137/1137
f 239/1138/1138 195/1139/1139 200/1140/1140
f 239/1141/1141 200/1142/1142 241/1143/1143
f 186/1144/1144 181/1145/1145 188/1146/1146
f 186/1147/1147 188/1148/1148 192/1149/1149
f 378/1150/1150 181/1151/1151 186/1152/1152
f 378/1153/1153 186/1154/1154 376/1155/1155
f 179/1156/1156 174/1157/1157 167/1158/1158
f 179/1159/1159 167/1160/1160 170/1161/1161
f 178/1162/1162 179/1163/1163 170/1164/1164
f 178/1165/1165 170/1166/1166 168/1167/1167
f 376/1168/1168 186/1169/1169 185/1170/1170
f 376/1171/1171 185/1172/1172 374/1173/1173
f 185/1174/1174 186/1175/1175 192/1176/1176
f 185/1177/1177 192/1178/1178 191/1179/1179
f 241/1180/1180 200/1181/1181 199/1182/1182
f 241/1183/1183 199/1184/1184 243/1185/1185
f 243/1186/1186 199/1187/1187 201/1188/1188
f 243/1189/1189 201/1190/1190 245/1191/1191
f 187/1192/1192 185/1193/1193 191/1194/1194
f 187/1195/1195 191/1196/1196 193/1197/1197
f 374/1198/1198 185/1199/1199 187/1200/1200
f 374/1201/1201 187/1202/1202 372/1203/1203
f 180/1204/1204 178/1205/1205 168/1206/1206
f 180/1207/1207 168/1208/1208 169/1209/1209
f 207/1210/1210 148/1211/1211 140/1212/1212
f 207/1213/1213 140/1214/1214 208/1215/1215
f 137/1216/1216 148/1217/1217 207/1218/1218
f 137/1219/1219 207/1220/1220 362/1221/1221
f 253/1222/1222 8/1223/1223 205/1224/1224
f 253/1225/1225 205/1226/1226 250/1227/1227
f 205/1228/1228 8/1229/1229 9/1230/1230
f 205/1231/1231 9/1232/1232 204/1233/1233
f 202/1234/1234 20/1235/1235 19/1236/1236
f 202/1237/1237 19/1238/1238 203/1239/1239
f 359/1240/1240 147/1241/1241 209/1242/1242
f 359/1243/1243 209/1244/1244 358/1245/1245
f 358/1246/1246 209/1247/1247 139/1248/1248
f 358/1249/1249 139/1250/1250 213/1251/1251
f 358/1252/1252 213/1253/1253 357/1254/1254
f 364/1255/1255 201/1256/1256 199/1257/1257
f 364/1258/1258 199/1259/1259 365/1260/1260
f 365/1261/1261 199/1262/1262 200/1263/1263
f 365/1264/1264 200/1265/1265 366/1266/1266
f 366/1267/1267 200/1268/1268 195/1269/1269
f 366/1270/1270 195/1271/1271 367/1272/1272
f 367/1273/1273 195/1274/1274 198/1275/1275
f 367/1276/1276 198/1277/1277 368/1278/1278
f 368/1279/1279 198/1280/1280 196/1281/1281
f 368/1282/1282 196/1283/1283 369/1284/1284
f 217/1285/1285 152/1286/1286 154/1287/1287
f 217/1288/1288 154/1289/1289 150/1290/1290
f 217/1291/1291 150/1292/1292 216/1293/1293
f 216/1294/1294 150/1295/1295 139/1296/1296
f 216/1297/1297 139/1298/1298 209/1299/1299
f 251/1300/1300 206/1301/1301 165/1302/1302
f 251/1303/1303 165/1304/1304 252/1305/1305
f 250/1306/1306 205/1307/1307 4/1308/1308
f 250/1309/1309 4/1310/1310 248/1311/1311
f 245/1312/1312 201/1313/1313 164/1314/1314
f 245/1315/1315 164/1316/1316 247/1317/1317
f 244/1318/1318 193/1319/1319 191/1320/1320
f 244/1321/1321 191/1322/1322 242/1323/1323
f 242/1324/1324 191/1325/1325 192/1326/1326
f 242/1327/1327 192/1328/1328 240/1329/1329
f 240/1330/1330 192/1331/1331 188/1332/1332
f 240/1333/1333 188/1334/1334 238/1335/1335
f 232/1336/1336 194/1337/1337 166/1338/1338
f 232/1339/1339 166/1340/1340 230/1341/1341
f 234/1342/1342 189/1343/1343 194/1344/1344
f 234/1345/1345 194/1346/1346 232/1347/1347
f 236/1348/1348 190/1349/1349 189/1350/1350
f 236/1351/1351 189/1352/1352 234/1353/1353
f 238/1354/1354 188/1355/1355 190/1356/1356
f 238/1357/1357 190/1358/1358 236/1359/1359
f 252/1360/1360 227/1361/1361 226/1362/1362
f 252/1363/1363 226/1364/1364 251/1365/1365
f 250/1366/1366 226/1367/1367 227/1368/1368
f 250/1369/1369 227/1370/1370 253/1371/1371
f 251/1372/1372 226/1373/1373 225/1374/1374
f 251/1375/1375 225/1376/1376 249/1377/1377
f 248/1378/1378 225/1379/1379 226/1380/1380
f 248/1381/1381 226/1382/1382 250/1383/1383
f 247/1384/1384 224/1385/1385 223/1386/1386
f 247/1387/1387 223/1388/1388 245/1389/1389
f 245/1390/1390 223/1391/1391 222/1392/1392
f 245/1393/1393 222/1394/1394 243/1395/1395
f 243/1396/1396 222/1397/1397 221/1398/1398
f 243/1399/1399 221/1400/1400 241/1401/1401
f 241/1402/1402 221/1403/1403 220/1404/1404
f 241/1405/1405 220/1406/1406 239/1407/1407
f 239/1408/1408 220/1409/1409 228/1410/1410
f 239/1411/1411 228/1412/1412 237/1413/1413
f 237/1414/1414 228/1415/1415 229/1416/1416
f 237/1417/1417 229/1418/1418 235/1419/1419
f 235/1420/1420 229/1421/1421 219/1422/1422
f 235/1423/1423 219/1424/1424 233/1425/1425
f 233/1426/1426 219/1427/1427 218/1428/1428
f 233/1429/1429 218/1430/1430 231/1431/1431
f 230/1432/1432 218/1433/1433 219/1434/1434
f 230/1435/1435 219/1436/1436 232/1437/1437
f 232/1438/1438 219/1439/1439 229/1440/1440
f 232/1441/1441 229/1442/1442 234/1443/1443
f 234/1444/1444 229/1445/1445 228/1446/1446
f 234/1447/1447 228/1448/1448 236/1449/1449
f 236/1450/1450 228/1451/1451 220/1452/1452
f 236/1453/1453 220/1454/1454 238/1455/1455
f 238/1456/1456 220/1457/1457 221/1458/1458
f 238/1459/1459 221/1460/1460 240/1461/1461
f 240/1462/1462 221/1463/1463 222/1464/1464
f 240/1465/1465 222/1466/1466 242/1467/1467
f 242/1468/1468 222/1469/1469 223/1470/1470
f 242/1471/1471 223/1472/1472 244/1473/1473
f 244/1474/1474 223/1475/1475 224/1476/1476
f 244/1477/1477 224/1478/1478 246/1479/1479
f 257/1480/1480 171/1481/1481 173/1482/1482
f 257/1483/1483 173/1484/1484 255/1485/1485
f 259/1486/1486 172/1487/1487 171/1488/1488
f 259/1489/1489 171/1490/1490 257/1491/1491
f 262/1492/1492 167/1493/1493 172/1494/1494
f 262/1495/1495 172/1496/1496 259/1497/1497
f 292/1498/1498 291/1499/1499 288/1500/1500
f 292/1501/1501 288/1502/1502 287/1503/1503
f 270/1504/1504 169/1505/1505 168/1506/1506
f 270/1507/1507 168/1508/1508 267/1509/1509
f 279/1510/1510 278/1511/1511 277/1512/1512
f 279/1513/1513 277/1514/1514 275/1515/1515
f 281/1516/1516 282/1517/1517 284/1518/1518
f 281/1519/1519 284/1520/1520 283/1521/1521
f 261/1522/1522 265/1523/1523 268/1524/1524
f 261/1525/1525 268/1526/1526 266/1527/1527
f 269/1528/1528 263/1529/1529 265/1530/1530
f 269/1531/1531 265/1532/1532 261/1533/1533
f 267/1534/1534 168/1535/1535 170/1536/1536
f 267/1537/1537 170/1538/1538 264/1539/1539
f 211/1540/1540 213/1541/1541 139/1542/1542
f 211/1543/1543 139/1544/1544 155/1545/1545
f 211/1546/1546 155/1547/1547 335/1548/1548
f 265/1549/1549 263/1550/1550 276/1551/1551
f 265/1552/1552 276/1553/1553 275/1554/1554
f 268/1555/1555 265/1556/1556 275/1557/1557
f 268/1558/1558 275/1559/1559 277/1560/1560
f 258/1561/1561 260/1562/1562 278/1563/1563
f 258/1564/1564 278/1565/1565 279/1566/1566
f 256/1567/1567 258/1568/1568 279/1569/1569
f 256/1570/1570 279/1571/1571 280/1572/1572
f 263/1573/1573 256/1574/1574 280/1575/1575
f 263/1576/1576 280/1577/1577 276/1578/1578
f 260/1579/1579 268/1580/1580 277/1581/1581
f 260/1582/1582 277/1583/1583 278/1584/1584
f 261/1585/1585 266/1586/1586 282/1587/1587
f 261/1588/1588 282/1589/1589 281/1590/1590
f 270/1591/1591 267/1592/1592 283/1593/1593
f 270/1594/1594 283/1595/1595 284/1596/1596
f 264/1597/1597 269/1598/1598 285/1599/1599
f 264/1600/1600 285/1601/1601 286/1602/1602
f 266/1603/1603 270/1604/1604 284/1605/1605
f 266/1606/1606 284/1607/1607 282/1608/1608
f 269/1609/1609 261/1610/1610 281/1611/1611
f 269/1612/1612 281/1613/1613 285/1614/1614
f 267/1615/1615 264/1616/1616 286/1617/1617
f 267/1618/1618 286/1619/1619 283/1620/1620
f 262/1621/1621 259/1622/1622 287/1623/1623
f 262/1624/1624 287/1625/1625 288/1626/1626
f 259/1627/1627 257/1628/1628 289/1629/1629
f 259/1630/1630 289/1631/1631 287/1632/1632
f 257/1633/1633 255/1634/1634 290/1635/1635
f 257/1636/1636 290/1637/1637 289/1638/1638
f 273/1639/1639 262/1640/1640 288/1641/1641
f 273/1642/1642 288/1643/1643 291/1644/1644
f 254/1645/1645 273/1646/1646 291/1647/1647
f 254/1648/1648 291/1649/1649 292/1650/1650
f 271/1651/1651 254/1652/1652 292/1653/1653
f 271/1654/1654 292/1655/1655 293/1656/1656
f 272/1657/1657 271/1658/1658 293/1659/1659
f 272/1660/1660 293/1661/1661 294/1662/1662
f 255/1663/1663 272/1664/1664 294/1665/1665
f 255/1666/1666 294/1667/1667 290/1668/1668
f 297/1669/1669 38/1670/1670 40/1671/1671
f 297/1672/1672 40/1673/1673 158/1674/1674
f 295/1675/1675 297/1676/1676 158/1677/1677
f 295/1678/1678 158/1679/1679 157/1680/1680
f 296/1681/1681 295/1682/1682 157/1683/1683
f 296/1684/1684 157/1685/1685 159/1686/1686
f 35/1687/1687 17/1688/1688 204/1689/1689
f 35/1690/1690 204/1691/1691 386/1692/1692
f 264/1693/1693 170/1694/1694 167/1695/1695
f 264/1696/1696 167/1697/1697 262/1698/1698
f 262/1699/1699 273/1700/1700 256/1701/1701
f 262/1702/1702 256/1703/1703 263/1704/1704
f 262/1705/1705 263/1706/1706 269/1707/1707
f 262/1708/1708 269/1709/1709 264/1710/1710
f 162/1711/1711 39/1712/1712 22/1713/1713
f 162/1714/1714 22/1715/1715 330/1716/1716
f 162/1717/1717 330/1718/1718 299/1719/1719
f 298/1720/1720 300/1721/1721 161/1722/1722
f 298/1723/1723 161/1724/1724 160/1725/1725
f 299/1726/1726 298/1727/1727 160/1728/1728
f 299/1729/1729 160/1730/1730 162/1731/1731
f 275/1732/1732 276/1733/1733 280/1734/1734
f 275/1735/1735 280/1736/1736 279/1737/1737
f 283/1738/1738 286/1739/1739 285/1740/1740
f 283/1741/1741 285/1742/1742 281/1743/1743
f 289/1744/1744 290/1745/1745 294/1746/1746
f 289/1747/1747 294/1748/1748 293/1749/1749
f 293/1750/1750 292/1751/1751 287/1752/1752
f 293/1753/1753 287/1754/1754 289/1755/1755
f 54/1756/1756 47/1757/1757 302/1758/1758
f 54/1759/1759 302/1760/1760 301/1761/1761
f 82/1762/1762 54/1763/1763 301/1764/1764
f 82/1765/1765 301/1766/1766 303/1767/1767
f 81/1768/1768 82/1769/1769 303/1770/1770
f 81/1771/1771 303/1772/1772 304/1773/1773
f 80/1774/1774 81/1775/1775 304/1776/1776
f 80/1777/1777 304/1778/1778 305/1779/1779
f 83/1780/1780 80/1781/1781 305/1782/1782
f 83/1783/1783 305/1784/1784 306/1785/1785
f 85/1786/1786 83/1787/1787 306/1788/1788
f 85/1789/1789 306/1790/1790 307/1791/1791
f 53/1792/1792 85/1793/1793 307/1794/1794
f 53/1795/1795 307/1796/1796 308/1797/1797
f 50/1798/1798 53/1799/1799 308/1800/1800
f 50/1801/1801 308/1802/1802 309/1803/1803
f 49/1804/1804 50/1805/1805 309/1806/1806
f 49/1807/1807 309/1808/1808 310/1809/1809
f 51/1810/1810 49/1811/1811 310/1812/1812
f 51/1813/1813 310/1814/1814 311/1815/1815
f 52/1816/1816 51/1817/1817 311/1818/1818
f 52/1819/1819 311/1820/1820 312/1821/1821
f 48/1822/1822 52/1823/1823 312/1824/1824
f 48/1825/1825 312/1826/1826 313/1827/1827
f 47/1828/1828 48/1829/1829 313/1830/1830
f 47/1831/1831 313/1832/1832 302/1833/1833
f 301/1834/1834 302/1835/1835 315/1836/1836
f 301/1837/1837 315/1838/1838 314/1839/1839
f 303/1840/1840 301/1841/1841 314/1842/1842
f 303/1843/1843 314/1844/1844 316/1845/1845
f 304/1846/1846 303/1847/1847 316/1848/1848
f 304/1849/1849 316/1850/1850 317/1851/1851
f 305/1852/1852 304/1853/1853 317/1854/1854
f 305/1855/1855 317/1856/1856 318/1857/1857
f 306/1858/1858 305/1859/1859 318/1860/1860
f 306/1861/1861 318/1862/1862 319/1863/1863
f 307/1864/1864 306/1865/1865 319/1866/1866
f 307/1867/1867 319/1868/1868 320/1869/1869
f 308/1870/1870 307/1871/1871 320/1872/1872
f 308/1873/1873 320/1874/1874 321/1875/1875
f 309/1876/1876 308/1877/1877 321/1878/1878
f 309/1879/1879 321/1880/1880 322/1881/1881
f 310/1882/1882 309/1883/1883 322/1884/1884
f 310/1885/1885 322/1886/1886 323/1887/1887
f 311/1888/1888 310/1889/1889 323/1890/1890
f 311/1891/1891 323/1892/1892 324/1893/1893
f 312/1894/1894 311/1895/1895 324/1896/1896
f 312/1897/1897 324/1898/1898 325/1899/1899
f 313/1900/1900 312/1901/1901 325/1902/1902
f 313/1903/1903 325/1904/1904 326/1905/1905
f 302/1906/1906 313/1907/1907 326/1908/1908
f 302/1909/1909 326/1910/1910 315/1911/1911
f 255/1912/1912 173/1913/1913 12/1914/1914
f 255/1915/1915 12/1916/1916 327/1917/1917
f 327/1918/1918 328/1919/1919 272/1920/1920
f 327/1921/1921 272/1922/1922 255/1923/1923
f 372/1924/1924 187/1925/1925 13/1926/1926
f 372/1927/1927 13/1928/1928 30/1929/1929
f 329/1930/1930 300/1931/1931 298/1932/1932
f 329/1933/1933 298/1934/1934 299/1935/1935
f 329/1936/1936 299/1937/1937 330/1938/1938
f 329/1939/1939 330/1940/1940 270/1941/1941
f 329/1942/1942 270/1943/1943 266/1944/1944
f 329/1945/1945 266/1946/1946 268/1947/1947
f 329/1948/1948 268/1949/1949 260/1950/1950
f 208/1951/1951 140/1952/1952 156/1953/1953
f 208/1954/1954 156/1955/1955 151/1956/1956
f 208/1957/1957 151/1958/1958 331/1959/1959
f 336/1960/1960 153/1961/1961 148/1962/1962
f 336/1963/1963 148/1964/1964 351/1965/1965
f 336/1966/1966 351/1967/1967 350/1968/1968
f 336/1969/1969 350/1970/1970 274/1971/1971
f 337/1972/1972 336/1973/1973 274/1974/1974
f 337/1975/1975 274/1976/1976 214/1977/1977
f 332/1978/1978 337/1979/1979 214/1980/1980
f 332/1981/1981 214/1982/1982 215/1983/1983
f 334/1984/1984 332/1985/1985 215/1986/1986
f 334/1987/1987 215/1988/1988 210/1989/1989
f 333/1990/1990 334/1991/1991 210/1992/1992
f 333/1993/1993 210/1994/1994 212/1995/1995
f 335/1996/1996 333/1997/1997 212/1998/1998
f 335/1999/1999 212/2000/2000 211/2001/2001
f 335/2002/2002 155/2003/2003 154/2004/2004
f 335/2005/2005 154/2006/2006 341/2007/2007
f 343/2008/2008 342/2009/2009 336/2010/2010
f 343/2011/2011 336/2012/2012 337/2013/2013
f 338/2014/2014 343/2015/2015 337/2016/2016
f 338/2017/2017 337/2018/2018 332/2019/2019
f 340/2020/2020 338/2021/2021 332/2022/2022
f 340/2023/2023 332/2024/2024 334/2025/2025
f 339/2026/2026 340/2027/2027 334/2028/2028
f 339/2029/2029 334/2030/2030 333/2031/2031
f 341/2032/2032 339/2033/2033 333/2034/2034
f 341/2035/2035 333/2036/2036 335/2037/2037
f 341/2038/2038 154/2039/2039 152/2040/2040
f 341/2041/2041 152/2042/2042 346/2043/2043
f 349/2044/2044 348/2045/2045 342/2046/2046
f 349/2047/2047 342/2048/2048 343/2049/2049
f 344/2050/2050 349/2051/2051 343/2052/2052
f 344/2053/2053 343/2054/2054 338/2055/2055
f 347/2056/2056 344/2057/2057 338/2058/2058
f 347/2059/2059 338/2060/2060 340/2061/2061
f 345/2062/2062 347/2063/2063 340/2064/2064
f 345/2065/2065 340/2066/2066 339/2067/2067
f 346/2068/2068 345/2069/2069 339/2070/2070
f 346/2071/2071 339/2072/2072 341/2073/2073
f 351/2074/2074 148/2075/2075 137/2076/2076
f 351/2077/2077 137/2078/2078 135/2079/2079
f 350/2080/2080 351/2081/2081 135/2082/2082
f 350/2083/2083 135/2084/2084 136/2085/2085
f 370/2086/2086 197/2087/2087 14/2088/2088
f 370/2089/2089 14/2090/2090 371/2091/2091
f 369/2092/2092 196/2093/2093 197/2094/2094
f 369/2095/2095 197/2096/2096 370/2097/2097
f 357/2098/2098 213/2099/2099 211/2100/2100
f 357/2101/2101 211/2102/2102 356/2103/2103
f 356/2104/2104 211/2105/2105 212/2106/2106
f 356/2107/2107 212/2108/2108 355/2109/2109
f 355/2110/2110 212/2111/2111 210/2112/2112
f 355/2113/2113 210/2114/2114 354/2115/2115
f 354/2116/2116 210/2117/2117 215/2118/2118
f 354/2119/2119 215/2120/2120 353/2121/2121
f 353/2122/2122 215/2123/2123 214/2124/2124
f 353/2125/2125 214/2126/2126 352/2127/2127
f 352/2128/2128 214/2129/2129 274/2130/2130
f 352/2131/2131 274/2132/2132 138/2133/2133
f 362/2134/2134 207/2135/2135 149/2136/2136
f 362/2137/2137 149/2138/2138 363/2139/2139
f 360/2140/2140 206/2141/2141 18/2142/2142
f 360/2143/2143 18/2144/2144 145/2145/2145
f 362/2146/2146 360/2147/2147 145/2148/2148
f 362/2149/2149 145/2150/2150 137/2151/2151
f 363/2152/2152 361/2153/2153 360/2154/2154
f 363/2155/2155 360/2156/2156 362/2157/2157
f 371/2158/2158 359/2159/2159 358/2160/2160
f 371/2161/2161 358/2162/2162 370/2163/2163
f 370/2164/2164 358/2165/2165 357/2166/2166
f 370/2167/2167 357/2168/2168 369/2169/2169
f 369/2170/2170 357/2171/2171 356/2172/2172
f 369/2173/2173 356/2174/2174 368/2175/2175
f 368/2176/2176 356/2177/2177 355/2178/2178
f 368/2179/2179 355/2180/2180 367/2181/2181
f 367/2182/2182 355/2183/2183 354/2184/2184
f 367/2185/2185 354/2186/2186 366/2187/2187
f 366/2188/2188 354/2189/2189 353/2190/2190
f 366/2191/2191 353/2192/2192 365/2193/2193
f 365/2194/2194 353/2195/2195 352/2196/2196
f 365/2197/2197 352/2198/2198 364/2199/2199
f 364/2200/2200 352/2201/2201 138/2202/2202
f 364/2203/2203 138/2204/2204 144/2205/2205
f 30/2206/2206 329/2207/2207 260/2208/2208
f 30/2209/2209 260/2210/2210 372/2211/2211
f 377/2212/2212 272/2213/2213 328/2214/2214
f 377/2215/2215 328/2216/2216 373/2217/2217
f 379/2218/2218 271/2219/2219 272/2220/2220
f 379/2221/2221 272/2222/2222 377/2223/2223
f 375/2224/2224 254/2225/2225 271/2226/2226
f 375/2227/2227 271/2228/2228 379/2229/2229
f 378/2230/2230 273/2231/2231 254/2232/2232
f 378/2233/2233 254/2234/2234 375/2235/2235
f 376/2236/2236 256/2237/2237 273/2238/2238
f 376/2239/2239 273/2240/2240 378/2241/2241
f 374/2242/2242 258/2243/2243 256/2244/2244
f 374/2245/2245 256/2246/2246 376/2247/2247
f 372/2248/2248 260/2249/2249 258/2250/2250
f 372/2251/2251 258/2252/2252 374/2253/2253
f 381/2254/2254 203/2255/2255 19/2256/2256
f 381/2257/2257 19/2258/2258 38/2259/2259
f 381/2260/2260 38/2261/2261 297/2262/2262
f 387/2263/2263 11/2264/2264 203/2265/2265
f 387/2266/2266 203/2267/2267 381/2268/2268
f 388/2269/2269 35/2270/2270 386/2271/2271
f 388/2272/2272 386/2273/2273 389/2274/2274
f 389/2275/2275 386/2276/2276 383/2277/2277
f 389/2278/2278 383/2279/2279 390/2280/2280
f 380/2281/2281 382/2282/2282 385/2283/2283
f 380/2284/2284 385/2285/2285 384/2286/2286
f 295/2287/2287 296/2288/2288 382/2289/2289
f 295/2290/2290 382/2291/2291 380/2292/2292
f 297/2293/2293 295/2294/2294 380/2295/2295
f 297/2296/2296 380/2297/2297 381/2298/2298
f 381/2299/2299 380/2300/2300 384/2301/2301
f 381/2302/2302 384/2303/2303 387/2304/2304
f 29/2305/2305 161/2306/2306 300/2307/2307
f 29/2308/2308 300/2309/2309 329/2310/2310
f 388/2311/2311 296/2312/2312 159/2313/2313
f 388/2314/2314 159/2315/2315 36/2316/2316
f 390/2317/2317 385/2318/2318 382/2319/2319
f 390/2320/2320 382/2321/2321 389/2322/2322
f 389/2323/2323 382/2324/2324 296/2325/2325
f 389/2326/2326 296/2327/2327 388/2328/2328
