v 0.000029 8.228906 0.004005
v -0.392350 10.048789 1.014821
v -0.463001 13.599916 0.652901
v -0.185417 14.090390 0.378663
v -0.647569 10.956638 0.927172
v -0.670574 11.249297 0.957758
v -0.012279 9.122441 1.156013
v 0.772272 13.590699 -1.080197
v -0.796724 11.547400 1.133042
v -0.026936 14.626953 0.567263
v -0.004578 14.248759 0.539829
v 0.398432 14.085554 -0.692040
v 0.053803 8.828041 -1.340732
v 0.091086 9.372373 -1.297199
v 0.116521 14.643404 -0.662278
v 0.137844 14.286367 -0.661857
v -0.747863 13.044182 1.055822
v 0.884154 12.017708 -1.228258
v 0.882890 13.037813 -1.232387
v 0.628428 10.945576 -0.863231
v -1.661363 12.484732 3.318177
v -0.011264 8.386559 1.069754
v -0.009431 8.247006 0.890320
v 0.011158 8.234733 -1.049492
v 0.387786 10.051325 -0.951946
v -3.389818 12.547365 -0.320901
v -3.536467 12.036610 -0.384393
v -0.277780 0.208213 -0.802734
v -2.897326 12.379145 -0.238741
v -0.282740 -0.005853 -0.802299
v -0.838838 5.224515 -0.458105
v -1.188320 13.599819 -0.038094
v -0.485728 14.087855 -0.476780
v -1.610628 13.554491 -1.527492
v -1.913404 13.246655 -1.633960
v -2.356138 12.672058 -0.097084
v -1.720004 13.255969 1.323349
v -1.900590 13.607615 1.768787
v -1.923856 13.684783 2.353415
v -1.871011 13.379715 2.190712
v -1.063310 13.186803 2.287125
v -1.061851 12.722021 2.230659
v -1.862586 12.743390 1.483311
v -3.147671 12.283812 0.725352
v -0.578886 0.214620 1.976112
v -1.523122 12.022298 -0.945616
v -1.188728 10.963265 -0.827076
v -1.261850 10.081417 -0.504793
v -1.346669 9.762212 -0.259442
v 1.290037 11.540836 0.943521
v -1.705707 6.544013 0.131863
v -1.605809 5.455918 0.298565
v -1.639876 5.026675 0.307857
v -1.693355 4.132857 0.123679
v -1.888856 13.254756 -1.307626
v -1.429867 0.538772 -0.029201
v -1.383389 0.205619 -0.801717
v -0.307919 0.542805 -0.028826
v -1.923983 12.752800 1.384638
v -0.201641 4.153757 0.258722
v -0.284051 5.020391 0.428372
v -0.277699 5.442233 0.417294
v -0.534710 14.658930 -0.203967
v -1.086727 10.948022 0.332915
v -0.861865 10.052580 0.634240
v -2.776641 12.440271 -0.381572
v -3.550714 12.051163 0.153682
v -3.203911 12.697040 -0.423408
v -2.791305 11.915193 -0.394277
v -1.567407 12.940388 1.400383
v -2.534945 12.022139 0.349670
v -2.948578 11.850410 -0.103341
v -0.577429 0.000576 1.976064
v -2.771893 12.448750 -0.042516
v -1.610089 12.938243 -0.667748
v -1.575230 11.524574 0.304104
v -0.983261 5.029459 1.182739
v -0.887013 0.813441 0.556788
v -0.196374 3.401335 0.111651
v -0.978801 12.980011 2.658903
v -0.989046 5.502338 1.296348
v -0.611706 9.185124 1.010268
v -0.969680 12.701681 2.921856
v 1.741983 13.804534 0.888481
v -0.964580 3.361206 0.859867
v -0.862111 0.559787 0.985753
v -1.374375 -0.010100 -0.801274
v -1.257969 0.211911 1.980372
v -1.253199 -0.002119 1.981185
v -1.665962 3.408132 -0.018977
v -1.623404 5.242955 0.309606
v -0.973944 4.085956 1.002910
v -0.392219 8.460248 0.936506
v -1.675455 12.713438 3.046382
v -1.672001 8.819558 -0.045816
v -0.938111 9.383058 0.884142
v -1.246752 11.245313 0.272906
v -0.527194 14.322773 -0.281607
v -0.092974 6.534546 0.263552
v -0.185076 0.000705 1.212808
v -3.026513 11.857649 -0.297106
v -1.066462 8.802769 -0.946774
v -0.038771 13.587719 -1.658437
v 0.056332 10.943216 -1.270950
v -0.148311 10.050110 -1.164598
v -2.002780 13.103401 1.392607
v -3.020092 12.941533 0.316767
v -3.360579 12.630252 -0.130924
v -3.235025 12.176797 -0.792670
v 0.267843 12.015167 -1.667489
v -0.399269 8.214418 -1.047366
v -0.842016 5.046789 -0.468400
v -0.817153 0.876449 -1.005334
v -0.573248 6.441814 -0.653234
v -0.840537 5.422804 -0.440287
v -0.941551 9.373025 -0.922397
v -0.916077 6.443845 -0.683757
v 1.085663 13.390470 1.301637
v -0.823735 3.500151 -0.717434
v -2.061841 13.174230 1.136338
v -0.867037 0.207160 -1.035664
v -0.862951 -0.006874 -1.035226
v -0.823950 4.214614 -0.677874
v -1.722162 0.208190 1.213102
v -1.696951 -0.005767 1.213547
v -0.184032 0.214758 1.213717
v -1.521162 12.740103 -1.892519
v -0.035083 13.034027 -1.886606
v 1.985206 13.157089 0.245239
v -0.985523 6.664463 1.178419
v -0.271814 5.232964 0.429831
v -0.990726 5.244450 1.315040
v -0.348624 0.827176 -0.224877
v -1.385902 0.830691 -0.303253
v -0.349663 1.213721 -0.146968
v -0.814601 1.279199 -0.934989
v -1.416626 1.218655 -0.241808
v -0.919433 1.173222 0.372249
v -1.524402 13.052240 0.228103
v -0.488119 8.821250 -1.241834
v -0.477537 9.372234 -1.225108
v -1.777708 12.850926 -0.629187
v -2.085483 12.586739 -1.651865
v -1.089911 13.815260 -1.053257
v -1.956149 13.044463 2.242388
v -1.747980 13.078232 2.074491
v -1.731948 12.846432 2.053647
v -1.940116 12.812660 2.221545
v -1.823180 12.563086 2.107024
v -2.017335 13.115551 1.264558
v -1.701658 13.138984 0.946441
v -1.721726 13.235284 1.165225
v -2.085351 12.783241 1.356998
v -1.709840 12.762203 1.150744
v -1.616103 12.901749 1.272112
v -1.340570 11.528343 -0.918114
v -1.380036 13.757927 -1.345958
v -0.963076 13.142823 -1.828094
v -1.521561 13.231583 -0.580121
v 0.890575 11.752837 2.451231
v 0.959653 11.284027 2.048285
v 0.277584 0.203028 -0.802248
v 0.415737 12.065839 2.227993
v 0.282417 -0.011038 -0.801172
v 0.832469 5.223718 -0.465198
v 0.426806 13.606479 1.112971
v 0.696302 14.091585 0.167758
v 2.018448 13.578923 1.079791
v 2.218010 13.206112 1.327156
v 0.303807 12.580329 2.186022
v -0.949440 13.141304 3.089785
v -1.143977 12.880873 3.662840
v -1.593961 12.628727 3.949586
v -1.569341 12.666348 3.602801
v -2.120947 13.259018 3.398167
v -2.205047 13.168978 2.946467
v -1.172487 12.856341 2.808444
v -0.174658 11.617127 2.730975
v 0.578879 0.217184 1.976547
v 1.318982 12.048250 1.043317
v 1.170782 10.973052 0.847193
v 1.282274 10.087185 0.504377
v 1.356869 9.765096 0.260363
v -0.679676 13.213927 2.797832
v 1.709113 6.543226 0.117995
v 1.612868 5.453586 0.276076
v 1.647480 5.024625 0.282981
v 1.698591 4.130752 0.100013
v 1.923632 12.982258 1.424132
v 1.429920 0.535216 -0.029784
v 1.383192 0.199778 -0.801297
v 0.307975 0.539919 -0.029348
v -1.064380 12.837404 2.813458
v 0.209904 4.149750 0.265341
v 0.294397 5.016609 0.431062
v 0.287462 5.438215 0.421766
v 0.620044 14.660267 0.027141
v 0.057463 10.952740 1.148355
v 0.210329 10.055011 1.059544
v 0.637106 12.149636 2.063968
v 0.388326 11.237951 2.443482
v 1.039375 11.915640 2.374223
v 0.556593 11.748462 1.652177
v -1.188586 13.138501 2.868961
v -0.222577 11.979673 2.059182
v 0.268769 11.614093 1.883880
v 0.577295 0.003142 1.977141
v 0.537360 12.188525 2.115610
v 1.231515 13.157421 1.398650
v 0.240955 11.532063 1.598458
v 1.008815 5.024401 1.171049
v 0.893047 0.811280 0.554825
v 0.202742 3.397082 0.119619
v -1.074098 13.116476 2.800784
v 1.016521 5.495202 1.286372
v 0.590088 9.185124 1.023046
v -0.824448 13.180511 3.003862
v -1.751370 12.538910 2.811005
v 0.986065 3.358879 0.852082
v 0.862243 0.559214 0.985140
v 1.374049 -0.015933 -0.800207
v 1.257961 0.214084 1.980771
v 1.253064 0.000060 1.982226
v 1.669358 3.405756 -0.040889
v 1.630835 5.240799 0.285656
v 0.997281 4.083874 0.993738
v 0.372219 8.460248 0.944633
v -1.620138 12.748798 3.270264
v 1.671289 8.819810 -0.016573
v 0.919101 9.383058 0.903888
v 0.164781 11.251133 1.278875
v 0.650187 14.324795 0.067957
v 0.099405 6.531802 0.282461
v 0.184890 0.001219 1.213914
v 0.464916 11.603614 1.814980
v 1.082113 8.803457 -0.924219
v 1.583362 13.594408 -0.502378
v 1.200523 10.947934 -0.455511
v 0.923883 10.052541 -0.739294
v -0.914188 12.883824 3.053713
v 0.345075 12.177850 2.907847
v 0.750202 11.781764 2.604135
v 1.081720 11.470225 1.918386
v 1.500464 12.020249 -0.789027
v 0.415236 8.215408 -1.035593
v 0.835612 5.045790 -0.475942
v 0.807054 0.871523 -1.005713
v 0.560727 6.445788 -0.646448
v 0.834330 5.422718 -0.446611
v 0.960949 9.373025 -0.902170
v 0.902861 6.448258 -0.683938
v -1.716682 12.449371 3.094294
v 0.812965 3.495432 -0.722215
v -0.659004 12.956051 3.055848
v 0.866825 0.200926 -1.035213
v 0.862611 -0.013103 -1.034134
v 0.812796 4.211361 -0.685097
v 1.722100 0.207787 1.213485
v 1.696762 -0.006152 1.214573
v 0.183975 0.215274 1.214182
v 2.122454 12.611143 0.620567
v 1.800863 13.041598 -0.578169
v -0.800288 12.922211 3.028094
v 1.010375 6.654850 1.179953
v 0.281983 5.229092 0.433347
v 1.018767 5.238292 1.303757
v 0.351616 0.822747 -0.217400
v 1.387111 0.827295 -0.313701
v 0.353925 1.209267 -0.138543
v 0.802644 1.274593 -0.935921
v 1.418730 1.215564 -0.255077
v 0.931553 1.170192 0.368935
v 0.287852 13.059713 1.519657
v 0.586240 8.821432 -1.199411
v 0.644452 9.372619 -1.147817
v 1.192141 12.982243 1.498077
v 1.943354 12.257712 1.064290
v 1.353089 13.825334 0.687816
vt 0.538086 0.237305
vt 0.468750 0.181641
vt 0.489746 0.183105
vt 0.769531 0.987500
vt 0.791406 0.982031
vt 0.719531 0.955469
vt 0.485352 0.261719
vt 0.468750 0.181641
vt 0.494629 0.225586
vt 0.717969 0.954687
vt 0.791406 0.982031
vt 0.765234 0.942969
vt 0.764844 0.910937
vt 0.739062 0.903906
vt 0.765234 0.942969
vt 0.538086 0.237305
vt 0.520508 0.269531
vt 0.494629 0.225586
vt 0.680990 0.656250
vt 0.744792 0.678385
vt 0.745325 0.649926
vt 0.680990 0.656250
vt 0.745325 0.649926
vt 0.720390 0.577612
vt 0.765234 0.942969
vt 0.739062 0.903906
vt 0.717969 0.954687
vt 0.347656 0.856771
vt 0.322266 0.871745
vt 0.319661 0.895833
vt 0.907552 0.102865
vt 0.864583 0.102865
vt 0.846354 0.208333
vt 0.907552 0.102865
vt 0.846354 0.208333
vt 0.910156 0.208333
vt 0.321777 0.901855
vt 0.321777 0.925781
vt 0.337402 0.925293
vt 0.307292 0.302083
vt 0.321875 0.271094
vt 0.318750 0.236719
vt 0.318750 0.235156
vt 0.320312 0.274219
vt 0.307292 0.302083
vt 0.260742 0.322266
vt 0.260156 0.260938
vt 0.305990 0.257812
vt 0.305990 0.257812
vt 0.260156 0.260938
vt 0.260742 0.322266
vt 0.291992 0.269531
vt 0.260156 0.260938
vt 0.260938 0.210156
vt 0.253906 0.961914
vt 0.253255 0.910807
vt 0.292969 0.911458
vt 0.317708 0.886068
vt 0.318359 0.922526
vt 0.293620 0.949870
vt 0.303906 0.944531
vt 0.322656 0.938281
vt 0.322656 0.897656
vt 0.321777 0.901855
vt 0.336914 0.901367
vt 0.337402 0.925293
vt 0.322266 0.901855
vt 0.322266 0.876465
vt 0.336426 0.875488
vt 0.423828 0.953776
vt 0.405599 0.908854
vt 0.459635 0.908854
vt 0.322656 0.897656
vt 0.305469 0.900781
vt 0.303906 0.944531
vt 0.745999 0.732382
vt 0.685787 0.754620
vt 0.730946 0.775085
vt 0.337402 0.925293
vt 0.321777 0.925781
vt 0.321777 0.901855
vt 0.319661 0.895833
vt 0.346354 0.890625
vt 0.347656 0.856771
vt 0.336426 0.875488
vt 0.336914 0.901367
vt 0.322266 0.901855
vt 0.307292 0.302083
vt 0.305990 0.257812
vt 0.318750 0.235156
vt 0.337402 0.925293
vt 0.336914 0.901367
vt 0.321777 0.901855
vt 0.571615 0.714844
vt 0.603125 0.600781
vt 0.634375 0.583594
vt 0.571615 0.714844
vt 0.634375 0.583594
vt 0.664062 0.601562
vt 0.571615 0.714844
vt 0.664062 0.601562
vt 0.677083 0.714844
vt 0.411133 0.353841
vt 0.430990 0.354818
vt 0.392076 0.388265
vt 0.846354 0.208333
vt 0.842448 0.361979
vt 0.871094 0.389323
vt 0.401568 0.470421
vt 0.400185 0.599657
vt 0.365538 0.601214
vt 0.401568 0.470421
vt 0.365538 0.601214
vt 0.365534 0.471975
vt 0.324870 0.390625
vt 0.296875 0.352865
vt 0.392076 0.388265
vt 0.296875 0.352865
vt 0.391276 0.352865
vt 0.392076 0.388265
vt 0.392076 0.388265
vt 0.430990 0.354818
vt 0.427083 0.386719
vt 0.427083 0.386719
vt 0.392876 0.423665
vt 0.392076 0.388265
vt 0.907552 0.102865
vt 0.910156 0.208333
vt 0.976562 0.208333
vt 0.907552 0.102865
vt 0.976562 0.208333
vt 0.945312 0.102865
vt 0.164714 0.300781
vt 0.147786 0.300130
vt 0.147786 0.263021
vt 0.164714 0.300781
vt 0.147786 0.263021
vt 0.166016 0.263021
vt 0.166016 0.263021
vt 0.147786 0.263021
vt 0.148438 0.236328
vt 0.166016 0.263021
vt 0.148438 0.236328
vt 0.164714 0.236328
vt 0.158594 0.934766
vt 0.145703 0.935156
vt 0.145703 0.906250
vt 0.158594 0.934766
vt 0.145703 0.906250
vt 0.158984 0.906250
vt 0.158984 0.906250
vt 0.145149 0.906291
vt 0.144922 0.874609
vt 0.158984 0.906250
vt 0.144922 0.874609
vt 0.158594 0.874609
vt 0.147786 0.300130
vt 0.130208 0.300130
vt 0.130859 0.263672
vt 0.147786 0.300130
vt 0.130859 0.263672
vt 0.147786 0.263021
vt 0.164714 0.236328
vt 0.260938 0.210156
vt 0.259766 0.263021
vt 0.164714 0.236328
vt 0.259766 0.263021
vt 0.166016 0.263021
vt 0.145703 0.935156
vt 0.129297 0.935156
vt 0.129297 0.906641
vt 0.145703 0.935156
vt 0.129297 0.906641
vt 0.145703 0.906250
vt 0.159375 0.870313
vt 0.251953 0.849609
vt 0.252011 0.906578
vt 0.159375 0.870313
vt 0.252011 0.906578
vt 0.159375 0.906250
vt 0.075466 0.306041
vt 0.029855 0.308683
vt 0.075437 0.290303
vt 0.058166 0.260570
vt 0.121019 0.271922
vt 0.069103 0.290258
vt 0.047656 0.235937
vt 0.121019 0.271922
vt 0.058166 0.260570
vt 0.064231 0.908136
vt 0.123418 0.900767
vt 0.060893 0.926969
vt 0.064231 0.908136
vt 0.005044 0.915506
vt 0.027961 0.879477
vt 0.064231 0.908136
vt 0.027961 0.879477
vt 0.075690 0.890122
vt 0.401568 0.470421
vt 0.400185 0.599657
vt 0.365538 0.601214
vt 0.401568 0.470421
vt 0.365538 0.601214
vt 0.365534 0.471975
vt 0.075690 0.890122
vt 0.027961 0.879477
vt 0.074713 0.878658
vt 0.387152 0.818648
vt 0.385243 0.795578
vt 0.429036 0.796875
vt 0.387152 0.818648
vt 0.429036 0.796875
vt 0.429688 0.819010
vt 0.958333 0.425781
vt 0.976562 0.208333
vt 0.910156 0.208333
vt 0.744792 0.678385
vt 0.679688 0.653646
vt 0.685787 0.754620
vt 0.744792 0.678385
vt 0.685787 0.754620
vt 0.745999 0.732382
vt 0.682617 0.656250
vt 0.624576 0.655925
vt 0.624576 0.756553
vt 0.682617 0.656250
vt 0.624576 0.756553
vt 0.685787 0.754620
vt 0.677083 0.714844
vt 0.649219 0.767969
vt 0.598958 0.768229
vt 0.677083 0.714844
vt 0.598958 0.768229
vt 0.571615 0.714844
vt 0.293620 0.949870
vt 0.292969 0.911458
vt 0.317708 0.886068
vt 0.074713 0.878658
vt 0.121464 0.877839
vt 0.123418 0.900767
vt 0.074713 0.878658
vt 0.123418 0.900767
vt 0.075690 0.890122
vt 0.292969 0.911458
vt 0.293620 0.949870
vt 0.253906 0.961914
vt 0.158984 0.906250
vt 0.252011 0.906578
vt 0.253906 0.961914
vt 0.158984 0.906250
vt 0.253906 0.961914
vt 0.158594 0.935156
vt 0.392090 0.873047
vt 0.459635 0.908854
vt 0.405599 0.908854
vt 0.717969 0.954687
vt 0.685060 0.973129
vt 0.747656 0.992969
vt 0.405599 0.908854
vt 0.336914 0.901367
vt 0.337240 0.860677
vt 0.336589 0.925781
vt 0.336914 0.901367
vt 0.405599 0.908854
vt 0.318750 0.236719
vt 0.305990 0.257812
vt 0.307292 0.302083
vt 0.260742 0.322266
vt 0.307292 0.302083
vt 0.305990 0.257812
vt 0.145149 0.906291
vt 0.129883 0.906250
vt 0.130078 0.874609
vt 0.145149 0.906291
vt 0.130078 0.874609
vt 0.144922 0.874609
vt 0.717969 0.954687
vt 0.625000 0.958594
vt 0.624219 0.971094
vt 0.739062 0.903906
vt 0.742498 0.798493
vt 0.624576 0.800003
vt 0.739062 0.903906
vt 0.624576 0.800003
vt 0.624576 0.902967
vt 0.000000 0.000000
vt 0.000000 0.000000
vt 0.000000 0.000000
vt 0.180990 0.658854
vt 0.238281 0.716146
vt 0.188802 0.717448
vt 0.765234 0.942969
vt 0.791406 0.982031
vt 0.764844 0.910937
vt 0.742498 0.798493
vt 0.764844 0.911719
vt 0.784375 0.824219
vt 0.340495 0.425781
vt 0.324870 0.390625
vt 0.392876 0.423665
vt 0.429036 0.796875
vt 0.385243 0.795578
vt 0.389060 0.712915
vt 0.387152 0.818648
vt 0.386068 0.839193
vt 0.337891 0.839193
vt 0.387152 0.818648
vt 0.337891 0.839193
vt 0.339193 0.817057
vt 0.187500 0.769531
vt 0.146040 0.768731
vt 0.146040 0.716464
vt 0.187500 0.769531
vt 0.146040 0.716464
vt 0.188802 0.717448
vt 0.389060 0.712915
vt 0.385243 0.795578
vt 0.327474 0.796875
vt 0.392876 0.423665
vt 0.427083 0.386719
vt 0.429036 0.424479
vt 0.309447 0.710421
vt 0.315879 0.638092
vt 0.389060 0.640586
vt 0.309447 0.710421
vt 0.389060 0.640586
vt 0.389060 0.712915
vt 0.392876 0.423665
vt 0.296875 0.352865
vt 0.324870 0.390625
vt 0.401568 0.470421
vt 0.400185 0.599657
vt 0.365538 0.601214
vt 0.401568 0.470421
vt 0.365538 0.601214
vt 0.365534 0.471975
vt 0.427083 0.386719
vt 0.430990 0.354818
vt 0.392876 0.423665
vt 0.390625 0.465820
vt 0.389060 0.640586
vt 0.315879 0.638092
vt 0.390625 0.465820
vt 0.315879 0.638092
vt 0.347656 0.466797
vt 0.440044 0.638092
vt 0.445031 0.712915
vt 0.389060 0.712915
vt 0.440044 0.638092
vt 0.389060 0.712915
vt 0.389060 0.640586
vt 0.433594 0.466146
vt 0.440044 0.638092
vt 0.389060 0.640586
vt 0.433594 0.466146
vt 0.389060 0.640586
vt 0.393229 0.467448
vt 0.625000 0.576172
vt 0.625000 0.657227
vt 0.682617 0.656250
vt 0.625000 0.576172
vt 0.682617 0.656250
vt 0.674805 0.576172
vt 0.720390 0.577612
vt 0.674479 0.576823
vt 0.680990 0.656250
vt 0.730946 0.775085
vt 0.685787 0.754620
vt 0.624576 0.756553
vt 0.730946 0.775085
vt 0.624576 0.756553
vt 0.624576 0.775085
vt 0.764844 0.910937
vt 0.791406 0.982031
vt 0.794531 0.936719
vt 0.742498 0.798493
vt 0.730946 0.775085
vt 0.624576 0.775085
vt 0.742498 0.798493
vt 0.624576 0.775085
vt 0.624576 0.800003
vt 0.145546 0.658937
vt 0.181973 0.659496
vt 0.146040 0.659496
vt 0.188802 0.826823
vt 0.146040 0.768731
vt 0.187500 0.769531
vt 0.624219 0.971094
vt 0.685060 0.973129
vt 0.717969 0.954687
vt 0.238281 0.716146
vt 0.282552 0.713542
vt 0.248230 0.806222
vt 0.685420 0.350733
vt 0.690358 0.346801
vt 0.620543 0.344369
vt 0.685420 0.350733
vt 0.620543 0.344369
vt 0.620688 0.348730
vt 0.146040 0.768731
vt 0.188802 0.826823
vt 0.146040 0.826306
vt 0.620688 0.348730
vt 0.620834 0.353062
vt 0.682401 0.361654
vt 0.620688 0.348730
vt 0.682401 0.361654
vt 0.685420 0.350733
vt 0.489746 0.183105
vt 0.510742 0.184570
vt 0.538086 0.237305
vt 0.188802 0.717448
vt 0.146040 0.716464
vt 0.145833 0.658854
vt 0.871094 0.389323
vt 0.842448 0.361979
vt 0.842448 0.386719
vt 0.871094 0.389323
vt 0.841309 0.389648
vt 0.841309 0.478027
vt 0.871094 0.389323
vt 0.841309 0.478027
vt 0.885417 0.477865
vt 0.494629 0.225586
vt 0.468750 0.181641
vt 0.538086 0.237305
vt 0.719531 0.955469
vt 0.747656 0.992969
vt 0.769531 0.987500
vt 0.794531 0.936719
vt 0.791406 0.982031
vt 0.764844 0.910937
vt 0.405599 0.908854
vt 0.392090 0.873047
vt 0.337240 0.860677
vt 0.151487 0.514231
vt 0.170573 0.407552
vt 0.215985 0.407214
vt 0.151487 0.514231
vt 0.215985 0.407214
vt 0.184896 0.511719
vt 0.151487 0.514231
vt 0.184896 0.511719
vt 0.180990 0.658854
vt 0.151487 0.514231
vt 0.180990 0.658854
vt 0.145833 0.658854
vt 0.626327 0.354942
vt 0.552734 0.354492
vt 0.521094 0.270312
vt 0.626327 0.354942
vt 0.521094 0.270312
vt 0.626327 0.270527
vt 0.626302 0.519531
vt 0.562500 0.520833
vt 0.553031 0.443666
vt 0.626302 0.519531
vt 0.553031 0.443666
vt 0.625000 0.444010
vt 0.337240 0.860677
vt 0.336914 0.901367
vt 0.405599 0.908854
vt 0.908854 0.479167
vt 0.910156 0.208333
vt 0.871094 0.389323
vt 0.248230 0.806222
vt 0.188802 0.826823
vt 0.223133 0.768731
vt 0.624576 0.902967
vt 0.625000 0.958594
vt 0.717969 0.954687
vt 0.624576 0.902967
vt 0.717969 0.954687
vt 0.739062 0.903906
vt 0.764844 0.910937
vt 0.742498 0.798493
vt 0.739062 0.903906
vt 0.075690 0.890122
vt 0.123418 0.900767
vt 0.064231 0.908136
vt 0.069103 0.290258
vt 0.017188 0.308594
vt -0.004688 0.249219
vt 0.069103 0.290258
vt -0.004688 0.249219
vt 0.058166 0.260570
vt 0.060156 0.235937
vt 0.060938 0.211719
vt 0.120320 0.272165
vt 0.122396 0.901693
vt 0.051432 0.978516
vt 0.056641 0.930990
vt 0.626327 0.270527
vt 0.521094 0.270312
vt 0.538281 0.238281
vt 0.626327 0.270527
vt 0.538281 0.238281
vt 0.625781 0.239062
vt 0.060938 0.211719
vt 0.097656 0.230469
vt 0.120320 0.272165
vt 0.122396 0.901693
vt 0.087891 0.952474
vt 0.051432 0.978516
vt 0.058166 0.260570
vt -0.004688 0.249219
vt 0.047656 0.235937
vt 0.060893 0.926969
vt 0.005044 0.915506
vt 0.064231 0.908136
vt 0.097656 0.230469
vt 0.120960 0.240444
vt 0.121019 0.271922
vt 0.122396 0.901693
vt 0.124045 0.936864
vt 0.089094 0.952823
vt 0.058594 0.471354
vt 0.057872 0.429583
vt 0.096354 0.432292
vt 0.058594 0.471354
vt 0.096354 0.432292
vt 0.098958 0.471354
vt 0.347656 0.466797
vt 0.340495 0.425781
vt 0.392876 0.423665
vt 0.347656 0.466797
vt 0.392876 0.423665
vt 0.392240 0.466363
vt 0.013021 0.473958
vt 0.029720 0.430025
vt 0.057872 0.429583
vt 0.013021 0.473958
vt 0.057872 0.429583
vt 0.054688 0.475260
vt 0.393229 0.467448
vt 0.392876 0.423665
vt 0.429036 0.424479
vt 0.393229 0.467448
vt 0.429036 0.424479
vt 0.433594 0.466146
vt 0.392876 0.423665
vt 0.429036 0.424479
vt 0.427083 0.386719
vt 0.324870 0.390625
vt 0.340495 0.425781
vt 0.392876 0.423665
vt 0.401568 0.470421
vt 0.400185 0.599657
vt 0.365538 0.601214
vt 0.401568 0.470421
vt 0.365538 0.601214
vt 0.365534 0.471975
vt 0.842448 0.361979
vt 0.842448 0.386719
vt 0.871094 0.389323
vt 0.401568 0.470421
vt 0.400185 0.599657
vt 0.365538 0.601214
vt 0.401568 0.470421
vt 0.365538 0.601214
vt 0.365534 0.471975
vt 0.075437 0.290303
vt 0.121019 0.271922
vt 0.121078 0.303400
vt 0.075437 0.290303
vt 0.121078 0.303400
vt 0.075466 0.306041
vt 0.063267 0.831325
vt 0.061468 0.854906
vt 0.005208 0.856771
vt 0.063267 0.831325
vt 0.005208 0.856771
vt 0.013021 0.829427
vt 0.239583 0.511719
vt 0.282552 0.511719
vt 0.282552 0.713542
vt 0.239583 0.511719
vt 0.282552 0.713542
vt 0.238281 0.716146
vt 0.509115 0.444010
vt 0.553385 0.442708
vt 0.562500 0.522135
vt 0.509115 0.444010
vt 0.562500 0.522135
vt 0.522135 0.520833
vt 0.260938 0.210156
vt 0.293945 0.227539
vt 0.291992 0.269531
vt 0.147786 0.263021
vt 0.130859 0.263672
vt 0.131510 0.236979
vt 0.147786 0.263021
vt 0.131510 0.236979
vt 0.148438 0.236328
vt 0.485352 0.262695
vt 0.552734 0.354492
vt 0.465820 0.333008
vt 0.511719 0.185938
vt 0.549219 0.196094
vt 0.537500 0.238281
vt 0.305990 0.257812
vt 0.307292 0.302083
vt 0.260742 0.322266
vt 0.166016 0.263021
vt 0.259766 0.263021
vt 0.259680 0.321884
vt 0.166016 0.263021
vt 0.259680 0.321884
vt 0.164714 0.300781
vt 0.553031 0.443666
vt 0.508789 0.444336
vt 0.487305 0.388672
vt 0.013021 0.829427
vt 0.013021 0.794271
vt 0.062500 0.794271
vt 0.013021 0.829427
vt 0.062500 0.794271
vt 0.063267 0.831325
vt 0.057872 0.429583
vt 0.059935 0.359080
vt 0.099963 0.358443
vt 0.061468 0.723255
vt 0.062500 0.794271
vt 0.013021 0.794271
vt 0.063267 0.831325
vt 0.062500 0.794271
vt 0.115885 0.792969
vt 0.063267 0.831325
vt 0.115885 0.792969
vt 0.097656 0.828125
vt 0.239583 0.511719
vt 0.184896 0.511719
vt 0.215985 0.407214
vt 0.215985 0.407214
vt 0.250000 0.407552
vt 0.282552 0.511719
vt 0.215985 0.407214
vt 0.282552 0.511719
vt 0.239583 0.511719
vt 0.115885 0.792969
vt 0.062500 0.794271
vt 0.061468 0.723255
vt 0.024848 0.359718
vt 0.059935 0.359080
vt 0.057872 0.429583
vt 0.061468 0.723255
vt 0.061468 0.649327
vt 0.130435 0.646778
vt 0.061468 0.723255
vt 0.130435 0.646778
vt 0.136497 0.720706
vt 0.098958 0.471354
vt 0.130435 0.646778
vt 0.061468 0.649327
vt 0.098958 0.471354
vt 0.061468 0.649327
vt 0.058594 0.471354
vt 0.061468 0.649327
vt 0.061468 0.723255
vt 0.008720 0.723255
vt 0.061468 0.649327
vt 0.008720 0.723255
vt 0.013420 0.646778
vt 0.054688 0.475260
vt 0.061468 0.649327
vt 0.013420 0.646778
vt 0.054688 0.475260
vt 0.013420 0.646778
vt 0.013021 0.473958
vt 0.248230 0.806222
vt 0.248230 0.836998
vt 0.197382 0.826306
vt 0.184896 0.511719
vt 0.239583 0.511719
vt 0.238281 0.716146
vt 0.184896 0.511719
vt 0.238281 0.716146
vt 0.180990 0.658854
vt 0.188802 0.717448
vt 0.238281 0.716146
vt 0.223133 0.768731
vt 0.521094 0.270312
vt 0.552734 0.354492
vt 0.485352 0.261719
vt 0.097656 0.828125
vt 0.106771 0.854167
vt 0.061468 0.854906
vt 0.097656 0.828125
vt 0.061468 0.854906
vt 0.063267 0.831325
vt 0.429688 0.819010
vt 0.428385 0.839193
vt 0.386068 0.839193
vt 0.429688 0.819010
vt 0.386068 0.839193
vt 0.387152 0.818648
vt 0.730946 0.775085
vt 0.795898 0.823242
vt 0.770949 0.777812
vt 0.622045 0.263501
vt 0.621932 0.276520
vt 0.681224 0.271313
vt 0.622045 0.263501
vt 0.681224 0.271313
vt 0.677030 0.265600
vt 0.339844 0.816406
vt 0.327474 0.796875
vt 0.385243 0.795578
vt 0.339844 0.816406
vt 0.385243 0.795578
vt 0.387152 0.818648
vt 0.689326 0.260890
vt 0.686308 0.271810
vt 0.624715 0.274369
vt 0.689326 0.260890
vt 0.624715 0.274369
vt 0.624582 0.262335
vt 0.730946 0.775085
vt 0.742498 0.798493
vt 0.795898 0.823242
vt 0.401568 0.470421
vt 0.400185 0.599657
vt 0.365538 0.601214
vt 0.401568 0.470421
vt 0.365538 0.601214
vt 0.365534 0.471975
vt 0.625000 0.444010
vt 0.553031 0.443666
vt 0.552734 0.354492
vt 0.625000 0.444010
vt 0.552734 0.354492
vt 0.626327 0.354942
vt 0.392076 0.388265
vt 0.392876 0.423665
vt 0.324870 0.390625
vt 0.405599 0.908854
vt 0.336914 0.901367
vt 0.336589 0.925781
vt 0.401568 0.470421
vt 0.400185 0.599657
vt 0.365538 0.601214
vt 0.401568 0.470421
vt 0.365538 0.601214
vt 0.365534 0.471975
vt 0.392076 0.388265
vt 0.391276 0.352865
vt 0.411133 0.353841
vt 0.187500 0.769531
vt 0.223133 0.768731
vt 0.188802 0.826823
vt 0.626562 0.228906
vt 0.538281 0.237500
vt 0.625781 0.238281
vt 0.537500 0.238281
vt 0.550000 0.196094
vt 0.626562 0.228906
vt 0.337240 0.860677
vt 0.392090 0.873047
vt 0.405599 0.908854
vt 0.405599 0.908854
vt 0.459635 0.908854
vt 0.392090 0.873047
vt 0.428819 0.956597
vt 0.432292 0.959635
vt 0.477431 0.928385
vt 0.423828 0.953776
vt 0.336589 0.925781
vt 0.405599 0.908854
vt 0.405599 0.908854
vt 0.336589 0.925781
vt 0.423828 0.953776
vt 0.477431 0.928385
vt 0.432292 0.959635
vt 0.428819 0.956597
vt 0.459635 0.908854
vt 0.405599 0.908854
vt 0.423828 0.953776
vt 0.494629 0.225586
vt 0.520508 0.269531
vt 0.485352 0.261719
vt 0.770949 0.777812
vt 0.745999 0.732382
vt 0.730946 0.775085
vt 0.487305 0.388672
vt 0.465820 0.333008
vt 0.552734 0.354492
vt 0.487305 0.388672
vt 0.552734 0.354492
vt 0.553031 0.443666
vt 0.489746 0.183105
vt 0.468750 0.181641
vt 0.538086 0.237305
vt 0.719531 0.955469
vt 0.791406 0.982031
vt 0.769531 0.987500
vt 0.494629 0.225586
vt 0.468750 0.181641
vt 0.485352 0.261719
vt 0.765234 0.942969
vt 0.791406 0.982031
vt 0.717969 0.954687
vt 0.765234 0.942969
vt 0.739062 0.903906
vt 0.764844 0.910937
vt 0.494629 0.225586
vt 0.520508 0.269531
vt 0.538086 0.237305
vt 0.720390 0.577612
vt 0.745325 0.649926
vt 0.744792 0.678385
vt 0.720390 0.577612
vt 0.744792 0.678385
vt 0.680990 0.656250
vt 0.717969 0.954687
vt 0.739062 0.903906
vt 0.765234 0.942969
vt 0.319661 0.895833
vt 0.322266 0.871745
vt 0.347656 0.856771
vt 0.846354 0.208333
vt 0.864583 0.102865
vt 0.907552 0.102865
vt 0.846354 0.208333
vt 0.907552 0.102865
vt 0.910156 0.208333
vt 0.337402 0.925293
vt 0.321777 0.925781
vt 0.321777 0.901855
vt 0.318750 0.236719
vt 0.321875 0.271094
vt 0.307292 0.302083
vt 0.307292 0.302083
vt 0.320312 0.274219
vt 0.318750 0.235156
vt 0.305990 0.257812
vt 0.260156 0.260938
vt 0.260742 0.322266
vt 0.260742 0.322266
vt 0.260156 0.260938
vt 0.305990 0.257812
vt 0.260938 0.210156
vt 0.260156 0.260938
vt 0.291992 0.269531
vt 0.292969 0.911458
vt 0.253255 0.910807
vt 0.253906 0.961914
vt 0.293620 0.949870
vt 0.318359 0.922526
vt 0.317708 0.886068
vt 0.322656 0.897656
vt 0.322656 0.938281
vt 0.303906 0.944531
vt 0.337402 0.925293
vt 0.336426 0.901367
vt 0.321777 0.901855
vt 0.337402 0.874023
vt 0.322266 0.873535
vt 0.321777 0.901855
vt 0.459635 0.908854
vt 0.405599 0.908854
vt 0.423828 0.953776
vt 0.303906 0.944531
vt 0.305469 0.900781
vt 0.322656 0.897656
vt 0.730946 0.775085
vt 0.685787 0.754620
vt 0.745999 0.732382
vt 0.321777 0.901855
vt 0.321777 0.925781
vt 0.337402 0.925293
vt 0.347656 0.856771
vt 0.346354 0.890625
vt 0.319661 0.895833
vt 0.321777 0.901855
vt 0.336426 0.901367
vt 0.337402 0.874023
vt 0.318750 0.235156
vt 0.305990 0.257812
vt 0.307292 0.302083
vt 0.321777 0.901855
vt 0.336914 0.901367
vt 0.337402 0.925293
vt 0.677083 0.714844
vt 0.664062 0.601562
vt 0.634375 0.583594
vt 0.677083 0.714844
vt 0.634375 0.583594
vt 0.603125 0.600781
vt 0.677083 0.714844
vt 0.603125 0.600781
vt 0.571615 0.714844
vt 0.392076 0.388265
vt 0.430990 0.354818
vt 0.411133 0.353841
vt 0.871094 0.388021
vt 0.842448 0.361979
vt 0.846354 0.208333
vt 0.401568 0.470421
vt 0.400185 0.599657
vt 0.365538 0.601214
vt 0.401568 0.470421
vt 0.365538 0.601214
vt 0.365534 0.471975
vt 0.392076 0.388265
vt 0.296875 0.352865
vt 0.324870 0.390625
vt 0.392076 0.388265
vt 0.391276 0.352865
vt 0.296875 0.352865
vt 0.427083 0.386719
vt 0.430990 0.354818
vt 0.392076 0.388265
vt 0.392076 0.388265
vt 0.392876 0.423665
vt 0.427083 0.386719
vt 0.945312 0.102865
vt 0.977865 0.208333
vt 0.910156 0.208333
vt 0.945312 0.102865
vt 0.910156 0.208333
vt 0.907552 0.102865
vt 0.968750 0.423177
vt 0.936731 0.505394
vt 0.895833 0.480469
vt 0.166016 0.263021
vt 0.147786 0.263021
vt 0.147786 0.300130
vt 0.166016 0.263021
vt 0.147786 0.300130
vt 0.164714 0.300781
vt 0.164714 0.236328
vt 0.148438 0.236328
vt 0.147786 0.263021
vt 0.164714 0.236328
vt 0.147786 0.263021
vt 0.166016 0.263021
vt 0.158984 0.906250
vt 0.145703 0.906250
vt 0.145703 0.935156
vt 0.158984 0.906250
vt 0.145703 0.935156
vt 0.158594 0.934766
vt 0.158594 0.874609
vt 0.144922 0.874609
vt 0.145149 0.906291
vt 0.158594 0.874609
vt 0.145149 0.906291
vt 0.158984 0.906250
vt 0.147786 0.263021
vt 0.130859 0.263672
vt 0.130208 0.300130
vt 0.147786 0.263021
vt 0.130208 0.300130
vt 0.147786 0.300130
vt 0.166016 0.263021
vt 0.259766 0.263021
vt 0.260938 0.210156
vt 0.166016 0.263021
vt 0.260938 0.210156
vt 0.164714 0.236328
vt 0.145703 0.906250
vt 0.129297 0.906641
vt 0.129297 0.935156
vt 0.145703 0.906250
vt 0.129297 0.935156
vt 0.145703 0.935156
vt 0.159375 0.906250
vt 0.252011 0.906578
vt 0.251953 0.849609
vt 0.159375 0.906250
vt 0.251953 0.849609
vt 0.159375 0.870313
vt 0.075437 0.290303
vt 0.029855 0.308683
vt 0.075466 0.306041
vt 0.069103 0.290258
vt 0.121019 0.271922
vt 0.058166 0.260570
vt 0.058166 0.260570
vt 0.121019 0.271922
vt 0.047656 0.235937
vt 0.060893 0.926969
vt 0.123418 0.900767
vt 0.064231 0.908136
vt 0.075690 0.890122
vt 0.027961 0.879477
vt 0.005044 0.915506
vt 0.075690 0.890122
vt 0.005044 0.915506
vt 0.064231 0.908136
vt 0.401568 0.470421
vt 0.400185 0.599657
vt 0.365538 0.601214
vt 0.401568 0.470421
vt 0.365538 0.601214
vt 0.365534 0.471975
vt 0.074713 0.878658
vt 0.027961 0.879477
vt 0.075690 0.890122
vt 0.429688 0.819010
vt 0.429036 0.796875
vt 0.385243 0.795578
vt 0.429688 0.819010
vt 0.385243 0.795578
vt 0.387152 0.818648
vt 0.745999 0.732382
vt 0.685787 0.754620
vt 0.679688 0.653646
vt 0.745999 0.732382
vt 0.679688 0.653646
vt 0.744792 0.678385
vt 0.685787 0.754620
vt 0.624576 0.756553
vt 0.624576 0.655925
vt 0.685787 0.754620
vt 0.624576 0.655925
vt 0.682617 0.656250
vt 0.571615 0.714844
vt 0.598958 0.768229
vt 0.649219 0.767969
vt 0.571615 0.714844
vt 0.649219 0.767969
vt 0.677083 0.714844
vt 0.317708 0.886068
vt 0.292969 0.911458
vt 0.293620 0.949870
vt 0.075690 0.890122
vt 0.123418 0.900767
vt 0.121464 0.877839
vt 0.075690 0.890122
vt 0.121464 0.877839
vt 0.074713 0.878658
vt 0.253906 0.961914
vt 0.293620 0.949870
vt 0.292969 0.911458
vt 0.158594 0.935156
vt 0.253906 0.961914
vt 0.252011 0.906578
vt 0.158594 0.935156
vt 0.252011 0.906578
vt 0.158984 0.906250
vt 0.405599 0.908854
vt 0.459635 0.908854
vt 0.392090 0.873047
vt 0.747656 0.992969
vt 0.685060 0.973129
vt 0.717969 0.954687
vt 0.337240 0.860677
vt 0.336426 0.901367
vt 0.405599 0.908854
vt 0.405599 0.908854
vt 0.336914 0.901367
vt 0.336589 0.925781
vt 0.307292 0.302083
vt 0.305990 0.257812
vt 0.318750 0.236719
vt 0.305990 0.257812
vt 0.307292 0.302083
vt 0.260742 0.322266
vt 0.144922 0.874609
vt 0.130078 0.874609
vt 0.129883 0.906250
vt 0.144922 0.874609
vt 0.129883 0.906250
vt 0.145149 0.906291
vt 0.624219 0.971094
vt 0.625000 0.958594
vt 0.717969 0.954687
vt 0.624576 0.902967
vt 0.624576 0.800003
vt 0.742498 0.798493
vt 0.624576 0.902967
vt 0.742498 0.798493
vt 0.739062 0.903906
vt 0.000000 0.000000
vt 0.000000 0.000000
vt 0.000000 0.000000
vt 0.188802 0.717448
vt 0.238281 0.716146
vt 0.180990 0.658854
vt 0.764844 0.910937
vt 0.791406 0.982031
vt 0.765234 0.942969
vt 0.784375 0.824219
vt 0.764844 0.911719
vt 0.742498 0.798493
vt 0.392876 0.423665
vt 0.324870 0.390625
vt 0.340495 0.425781
vt 0.389060 0.712915
vt 0.385243 0.795578
vt 0.429036 0.796875
vt 0.339193 0.817057
vt 0.337891 0.839193
vt 0.386068 0.839193
vt 0.339193 0.817057
vt 0.386068 0.839193
vt 0.387152 0.818648
vt 0.188802 0.717448
vt 0.146040 0.716464
vt 0.146040 0.768731
vt 0.188802 0.717448
vt 0.146040 0.768731
vt 0.188802 0.769531
vt 0.389060 0.712915
vt 0.309447 0.710421
vt 0.327474 0.796875
vt 0.429036 0.424479
vt 0.427083 0.386719
vt 0.392876 0.423665
vt 0.389060 0.712915
vt 0.389060 0.640586
vt 0.315879 0.638092
vt 0.389060 0.712915
vt 0.315879 0.638092
vt 0.309447 0.710421
vt 0.324870 0.390625
vt 0.296875 0.352865
vt 0.392876 0.423665
vt 0.401568 0.470421
vt 0.400185 0.599657
vt 0.365538 0.601214
vt 0.401568 0.470421
vt 0.365538 0.601214
vt 0.365534 0.471975
vt 0.392876 0.423665
vt 0.430990 0.354818
vt 0.427083 0.386719
vt 0.347656 0.466797
vt 0.315879 0.638092
vt 0.389060 0.640586
vt 0.347656 0.466797
vt 0.389060 0.640586
vt 0.390625 0.465820
vt 0.389060 0.640586
vt 0.389060 0.712915
vt 0.445031 0.712915
vt 0.389060 0.640586
vt 0.445031 0.712915
vt 0.440044 0.638092
vt 0.393229 0.467448
vt 0.389060 0.640586
vt 0.440044 0.638092
vt 0.393229 0.467448
vt 0.440044 0.638092
vt 0.433594 0.466146
vt 0.674805 0.576172
vt 0.682617 0.656250
vt 0.625000 0.657227
vt 0.674805 0.576172
vt 0.625000 0.657227
vt 0.625000 0.576172
vt 0.680990 0.656250
vt 0.674479 0.576823
vt 0.720390 0.577612
vt 0.624576 0.775085
vt 0.624576 0.756553
vt 0.685787 0.754620
vt 0.624576 0.775085
vt 0.685787 0.754620
vt 0.730946 0.775085
vt 0.794531 0.936719
vt 0.791406 0.982031
vt 0.764844 0.910937
vt 0.624576 0.800003
vt 0.624576 0.775085
vt 0.730946 0.775085
vt 0.624576 0.800003
vt 0.730946 0.775085
vt 0.742498 0.798493
vt 0.146040 0.659496
vt 0.181973 0.659496
vt 0.145546 0.658937
vt 0.188802 0.769531
vt 0.146040 0.768731
vt 0.187500 0.826823
vt 0.717969 0.954687
vt 0.685060 0.973129
vt 0.624219 0.971094
vt 0.238329 0.715173
vt 0.223133 0.768731
vt 0.248230 0.806222
vt 0.620688 0.348730
vt 0.620543 0.344369
vt 0.690358 0.346801
vt 0.620688 0.348730
vt 0.690358 0.346801
vt 0.685420 0.350733
vt 0.146040 0.826306
vt 0.187500 0.826823
vt 0.146040 0.768731
vt 0.685420 0.350733
vt 0.682401 0.361654
vt 0.620834 0.353062
vt 0.685420 0.350733
vt 0.620834 0.353062
vt 0.620688 0.348730
vt 0.538086 0.237305
vt 0.510742 0.184570
vt 0.489746 0.183105
vt 0.145833 0.658854
vt 0.146040 0.716464
vt 0.188802 0.717448
vt 0.841825 0.348509
vt 0.841671 0.356822
vt 0.867778 0.357386
vt 0.885417 0.477865
vt 0.841309 0.478027
vt 0.841309 0.389648
vt 0.885417 0.477865
vt 0.841309 0.389648
vt 0.871094 0.389323
vt 0.538086 0.237305
vt 0.468750 0.181641
vt 0.494629 0.225586
vt 0.769531 0.987500
vt 0.747656 0.992969
vt 0.719531 0.955469
vt 0.764844 0.910937
vt 0.791406 0.982031
vt 0.794531 0.936719
vt 0.337240 0.860677
vt 0.392090 0.873047
vt 0.405599 0.908854
vt 0.184896 0.511719
vt 0.215985 0.407214
vt 0.170573 0.407552
vt 0.184896 0.511719
vt 0.170573 0.407552
vt 0.151487 0.514231
vt 0.145833 0.658854
vt 0.180990 0.658854
vt 0.184896 0.511719
vt 0.145833 0.658854
vt 0.184896 0.511719
vt 0.151487 0.514231
vt 0.626327 0.270527
vt 0.521094 0.270312
vt 0.552734 0.354492
vt 0.626327 0.270527
vt 0.552734 0.354492
vt 0.626327 0.354942
vt 0.625000 0.444010
vt 0.553031 0.443666
vt 0.562500 0.520833
vt 0.625000 0.444010
vt 0.562500 0.520833
vt 0.626302 0.519531
vt 0.405599 0.908854
vt 0.336914 0.901367
vt 0.337240 0.860677
vt 0.871094 0.389323
vt 0.910156 0.208333
vt 0.908854 0.479167
vt 0.223133 0.768731
vt 0.187500 0.826823
vt 0.248230 0.806222
vt 0.739062 0.903906
vt 0.717969 0.954687
vt 0.625000 0.958594
vt 0.739062 0.903906
vt 0.625000 0.958594
vt 0.624576 0.902967
vt 0.739062 0.903906
vt 0.742498 0.798493
vt 0.764844 0.910937
vt 0.064231 0.908136
vt 0.123418 0.900767
vt 0.075690 0.890122
vt 0.058166 0.260570
vt -0.004688 0.249219
vt 0.017188 0.308594
vt 0.058166 0.260570
vt 0.017188 0.308594
vt 0.069103 0.290258
vt 0.120320 0.272165
vt 0.060938 0.211719
vt 0.060156 0.235937
vt 0.056641 0.930990
vt 0.051432 0.978516
vt 0.122396 0.901693
vt 0.625781 0.239062
vt 0.538281 0.238281
vt 0.521094 0.270312
vt 0.625781 0.239062
vt 0.521094 0.270312
vt 0.626327 0.270527
vt 0.120320 0.272165
vt 0.097656 0.230469
vt 0.060938 0.211719
vt 0.051432 0.978516
vt 0.087891 0.952474
vt 0.122396 0.901693
vt 0.047656 0.235937
vt -0.004688 0.249219
vt 0.058166 0.260570
vt 0.064231 0.908136
vt 0.005044 0.915506
vt 0.060893 0.926969
vt 0.121019 0.271922
vt 0.120960 0.240444
vt 0.097656 0.230469
vt 0.089094 0.952823
vt 0.124045 0.936864
vt 0.122396 0.901693
vt 0.098958 0.471354
vt 0.096354 0.432292
vt 0.057872 0.429583
vt 0.098958 0.471354
vt 0.057872 0.429583
vt 0.058594 0.471354
vt 0.392240 0.466363
vt 0.392876 0.423665
vt 0.340495 0.425781
vt 0.392240 0.466363
vt 0.340495 0.425781
vt 0.347656 0.466797
vt 0.054688 0.475260
vt 0.057872 0.429583
vt 0.029720 0.430025
vt 0.054688 0.475260
vt 0.029720 0.430025
vt 0.013021 0.473958
vt 0.433594 0.466146
vt 0.429036 0.424479
vt 0.392876 0.423665
vt 0.433594 0.466146
vt 0.392876 0.423665
vt 0.393229 0.467448
vt 0.427083 0.386719
vt 0.429036 0.424479
vt 0.392876 0.423665
vt 0.392876 0.423665
vt 0.340495 0.425781
vt 0.324870 0.390625
vt 0.401568 0.470421
vt 0.400185 0.599657
vt 0.365538 0.601214
vt 0.401568 0.470421
vt 0.365538 0.601214
vt 0.365534 0.471975
vt 0.871094 0.388021
vt 0.842448 0.386719
vt 0.842448 0.361979
vt 0.401568 0.470421
vt 0.400185 0.599657
vt 0.365538 0.601214
vt 0.401568 0.470421
vt 0.365538 0.601214
vt 0.365534 0.471975
vt 0.075466 0.306041
vt 0.121078 0.303400
vt 0.121019 0.271922
vt 0.075466 0.306041
vt 0.121019 0.271922
vt 0.075437 0.290303
vt 0.013021 0.829427
vt 0.005208 0.856771
vt 0.061468 0.854906
vt 0.013021 0.829427
vt 0.061468 0.854906
vt 0.063267 0.831325
vt 0.238281 0.716146
vt 0.282552 0.713542
vt 0.282552 0.511719
vt 0.238281 0.716146
vt 0.282552 0.511719
vt 0.239583 0.511719
vt 0.522135 0.520833
vt 0.562500 0.522135
vt 0.553385 0.442708
vt 0.522135 0.520833
vt 0.553385 0.442708
vt 0.509115 0.444010
vt 0.291992 0.269531
vt 0.293945 0.227539
vt 0.260938 0.210156
vt 0.148438 0.236328
vt 0.131510 0.236979
vt 0.130859 0.263672
vt 0.148438 0.236328
vt 0.130859 0.263672
vt 0.147786 0.263021
vt 0.465820 0.333008
vt 0.552734 0.354492
vt 0.485352 0.262695
vt 0.537500 0.238281
vt 0.549219 0.196094
vt 0.511719 0.185938
vt 0.260742 0.322266
vt 0.307292 0.302083
vt 0.305990 0.257812
vt 0.164714 0.300781
vt 0.259680 0.321884
vt 0.259766 0.263021
vt 0.164714 0.300781
vt 0.259766 0.263021
vt 0.166016 0.263021
vt 0.487305 0.388672
vt 0.508789 0.444336
vt 0.553031 0.443666
vt 0.063267 0.831325
vt 0.062500 0.794271
vt 0.013021 0.794271
vt 0.063267 0.831325
vt 0.013021 0.794271
vt 0.013021 0.829427
vt 0.099963 0.358443
vt 0.059935 0.359080
vt 0.057872 0.429583
vt 0.013021 0.794271
vt 0.062500 0.794271
vt 0.061468 0.723255
vt 0.097656 0.828125
vt 0.115885 0.792969
vt 0.062500 0.794271
vt 0.097656 0.828125
vt 0.062500 0.794271
vt 0.063267 0.831325
vt 0.215985 0.407214
vt 0.188802 0.509115
vt 0.249183 0.508974
vt 0.239583 0.511719
vt 0.282552 0.511719
vt 0.250000 0.407552
vt 0.239583 0.511719
vt 0.250000 0.407552
vt 0.215985 0.407214
vt 0.061468 0.723255
vt 0.062500 0.794271
vt 0.115885 0.792969
vt 0.057872 0.429583
vt 0.059935 0.359080
vt 0.024848 0.359718
vt 0.136497 0.720706
vt 0.130435 0.646778
vt 0.061468 0.649327
vt 0.136497 0.720706
vt 0.061468 0.649327
vt 0.061468 0.723255
vt 0.058594 0.471354
vt 0.061468 0.649327
vt 0.130435 0.646778
vt 0.058594 0.471354
vt 0.130435 0.646778
vt 0.098958 0.471354
vt 0.013420 0.646778
vt 0.008720 0.723255
vt 0.061468 0.723255
vt 0.013420 0.646778
vt 0.061468 0.723255
vt 0.061468 0.649327
vt 0.013021 0.473958
vt 0.013420 0.646778
vt 0.061468 0.649327
vt 0.013021 0.473958
vt 0.061468 0.649327
vt 0.054688 0.475260
vt 0.187500 0.826823
vt 0.248230 0.836998
vt 0.248230 0.806222
vt 0.180990 0.658854
vt 0.238281 0.716146
vt 0.239583 0.511719
vt 0.180990 0.658854
vt 0.239583 0.511719
vt 0.184896 0.511719
vt 0.223133 0.768731
vt 0.238281 0.716146
vt 0.188802 0.717448
vt 0.485352 0.261719
vt 0.552734 0.354492
vt 0.521094 0.270312
vt 0.063267 0.831325
vt 0.061468 0.854906
vt 0.106771 0.854167
vt 0.063267 0.831325
vt 0.106771 0.854167
vt 0.097656 0.828125
vt 0.387152 0.818648
vt 0.386068 0.839193
vt 0.428385 0.839193
vt 0.387152 0.818648
vt 0.428385 0.839193
vt 0.429688 0.819010
vt 0.770949 0.777812
vt 0.795898 0.823242
vt 0.730946 0.775085
vt 0.677030 0.265600
vt 0.681224 0.271313
vt 0.621932 0.276520
vt 0.677030 0.265600
vt 0.621932 0.276520
vt 0.622045 0.263501
vt 0.387152 0.818648
vt 0.385243 0.795578
vt 0.327474 0.796875
vt 0.387152 0.818648
vt 0.327474 0.796875
vt 0.339844 0.816406
vt 0.624582 0.262335
vt 0.624715 0.274369
vt 0.686308 0.271810
vt 0.624582 0.262335
vt 0.686308 0.271810
vt 0.689326 0.260890
vt 0.795898 0.823242
vt 0.742498 0.798493
vt 0.730946 0.775085
vt 0.401568 0.470421
vt 0.400185 0.599657
vt 0.365538 0.601214
vt 0.401568 0.470421
vt 0.365538 0.601214
vt 0.365534 0.471975
vt 0.626327 0.354942
vt 0.552734 0.354492
vt 0.553031 0.443666
vt 0.626327 0.354942
vt 0.553031 0.443666
vt 0.625000 0.444010
vt 0.324870 0.390625
vt 0.392876 0.423665
vt 0.392076 0.388265
vt 0.336589 0.925781
vt 0.336914 0.901367
vt 0.405599 0.908854
vt 0.401568 0.470421
vt 0.400185 0.599657
vt 0.365538 0.601214
vt 0.401568 0.470421
vt 0.365538 0.601214
vt 0.365534 0.471975
vt 0.411133 0.353841
vt 0.391276 0.352865
vt 0.392076 0.388265
vt 0.187500 0.826823
vt 0.223133 0.768731
vt 0.188802 0.769531
vt 0.625781 0.238281
vt 0.538281 0.237500
vt 0.626562 0.228906
vt 0.626562 0.228906
vt 0.550000 0.196094
vt 0.537500 0.238281
vt 0.405599 0.908854
vt 0.392090 0.873047
vt 0.337240 0.860677
vt 0.392090 0.873047
vt 0.459635 0.908854
vt 0.405599 0.908854
vt 0.477431 0.928385
vt 0.432292 0.959635
vt 0.428819 0.956597
vt 0.405599 0.908854
vt 0.336589 0.925781
vt 0.423828 0.953776
vt 0.423828 0.953776
vt 0.336589 0.925781
vt 0.405599 0.908854
vt 0.428819 0.956597
vt 0.432292 0.959635
vt 0.477431 0.928385
vt 0.423828 0.953776
vt 0.405599 0.908854
vt 0.459635 0.908854
vt 0.485352 0.261719
vt 0.520508 0.269531
vt 0.494629 0.225586
vt 0.730946 0.775085
vt 0.745999 0.732382
vt 0.770949 0.777812
vt 0.553031 0.443666
vt 0.552734 0.354492
vt 0.465820 0.333008
vt 0.553031 0.443666
vt 0.465820 0.333008
vt 0.487305 0.388672
vt 0.188802 0.717448
vt 0.188802 0.769531
vt 0.223133 0.768731
vt 0.223133 0.768731
vt 0.187500 0.769531
vt 0.188802 0.717448
vt 0.188802 0.717448
vt 0.180990 0.658854
vt 0.145833 0.658854
vt 0.145833 0.658854
vt 0.180990 0.658854
vt 0.188802 0.717448
vt 0.248230 0.806222
vt 0.282552 0.713542
vt 0.238281 0.716146
vt 0.248230 0.806222
vt 0.223133 0.768731
vt 0.238281 0.716146
vt 0.871094 0.389323
vt 0.910156 0.208333
vt 0.846354 0.208333
vt 0.846354 0.208333
vt 0.910156 0.208333
vt 0.871094 0.388021
vt 0.895833 0.480469
vt 0.936731 0.505394
vt 0.968750 0.423177
vt 0.910156 0.208333
vt 0.977865 0.208333
vt 0.958333 0.425781
vt 0.910156 0.208333
vt 0.908854 0.479167
vt 0.958333 0.425781
vt 0.958333 0.425781
vt 0.908854 0.479167
vt 0.910156 0.208333
vt 0.885417 0.477865
vt 0.908854 0.479167
vt 0.871094 0.389323
vt 0.871094 0.389323
vt 0.908854 0.479167
vt 0.885417 0.477865
vt 0.327474 0.796875
vt 0.385243 0.795578
vt 0.389060 0.712915
vt 0.327474 0.796875
vt 0.309447 0.710421
vt 0.389060 0.712915
vt 0.389060 0.712915
vt 0.445031 0.712915
vt 0.429036 0.796875
vt 0.429036 0.796875
vt 0.445031 0.712915
vt 0.389060 0.712915
vt 0.061468 0.723255
vt 0.136497 0.720706
vt 0.115885 0.792969
vt 0.013021 0.794271
vt 0.008720 0.723255
vt 0.061468 0.723255
vt 0.061468 0.723255
vt 0.008720 0.723255
vt 0.013021 0.794271
vt 0.115885 0.792969
vt 0.136497 0.720706
vt 0.061468 0.723255
vt 0.057872 0.429583
vt 0.096354 0.432292
vt 0.099963 0.358443
vt 0.024848 0.359718
vt 0.029720 0.430025
vt 0.057872 0.429583
vt 0.057872 0.429583
vt 0.029720 0.430025
vt 0.024848 0.359718
vt 0.099963 0.358443
vt 0.096354 0.432292
vt 0.057872 0.429583
vn 0.096027 0.739781 -0.665961
vn -0.105299 0.505360 -0.856460
vn -0.311094 0.934418 -0.173445
vn -0.311094 0.934418 -0.173445
vn -0.835584 0.486881 0.254452
vn -0.631877 0.724379 0.275694
vn -0.323157 -0.018953 -0.946156
vn -0.105299 0.505360 -0.856460
vn -0.077586 0.371937 -0.925010
vn -0.631877 0.724379 0.275694
vn -0.835584 0.486881 0.254452
vn -0.911789 0.383322 0.147327
vn -0.840087 0.493251 0.225738
vn -0.881664 0.341396 0.325755
vn -0.911789 0.383322 0.147327
vn 0.096027 0.739781 -0.665961
vn 0.240599 0.152432 -0.958581
vn -0.077586 0.371937 -0.925010
vn -0.705526 0.164604 0.689303
vn -0.941593 0.161536 0.295480
vn -0.848604 0.353051 0.393988
vn -0.705526 0.164604 0.689303
vn -0.848604 0.353051 0.393988
vn -0.578207 0.195139 0.792211
vn -0.911789 0.383322 0.147327
vn -0.881664 0.341396 0.325755
vn -0.631877 0.724379 0.275694
vn -0.126053 -0.828987 -0.544877
vn -0.267983 -0.937585 -0.221630
vn -0.214605 -0.894437 -0.392335
vn 0.761891 0.033424 0.646842
vn 0.761891 0.033424 0.646842
vn 0.970603 -0.122053 0.207445
vn 0.761891 0.033424 0.646842
vn 0.970603 -0.122053 0.207445
vn -0.225504 0.036991 0.973540
vn -0.839976 0.326325 -0.433535
vn -0.910263 0.311210 -0.273074
vn -0.676303 0.409073 -0.612596
vn -0.248257 -0.951325 0.182617
vn -0.214605 -0.894437 -0.392335
vn -0.267983 -0.937585 -0.221630
vn -0.910263 0.311210 -0.273074
vn -0.839976 0.326325 -0.433535
vn -0.925833 0.357567 0.122387
vn -0.765908 0.442871 0.466101
vn -0.743548 0.436430 0.506622
vn -0.882020 0.394222 0.258126
vn -0.171663 -0.929858 0.325417
vn -0.004382 -0.860654 0.509172
vn -0.039668 -0.872581 0.486855
vn 0.030179 0.843775 -0.535848
vn 0.015600 0.878684 -0.477149
vn 0.006493 0.849763 -0.527124
vn 0.739154 -0.465857 -0.486444
vn 0.775332 -0.460963 -0.431709
vn 0.745803 -0.469760 -0.472338
vn 0.794344 -0.606160 -0.039844
vn -0.748768 -0.209827 0.628744
vn 0.399712 -0.351823 -0.846434
vn -0.051349 0.481998 -0.874666
vn -0.616388 -0.458944 0.639872
vn -0.064956 0.987709 -0.142166
vn -0.616388 -0.458944 0.639872
vn -0.510089 0.330587 0.794054
vn -0.222714 0.582188 0.781956
vn -0.748768 -0.209827 0.628744
vn 0.794344 -0.606160 -0.039844
vn 0.203271 -0.370956 0.906130
vn 0.204024 0.898608 0.388430
vn -0.108998 0.837497 0.535460
vn -0.840087 0.493251 0.225738
vn -0.064956 0.987709 -0.142166
vn 0.030179 0.843775 -0.535848
vn -0.051349 0.481998 -0.874666
vn -0.963403 -0.247827 0.102162
vn -0.888453 -0.191793 0.416974
vn -0.864282 -0.475697 0.163492
vn -0.222714 0.582188 0.781956
vn -0.064956 0.987709 -0.142166
vn -0.616388 -0.458944 0.639872
vn -0.214605 -0.894437 -0.392335
vn -0.107585 -0.881793 -0.459203
vn -0.126053 -0.828987 -0.544877
vn 0.203271 -0.370956 0.906130
vn -0.092388 -0.545720 0.832859
vn -0.748768 -0.209827 0.628744
vn -0.925833 0.357567 0.122387
vn -0.882020 0.394222 0.258126
vn -0.910263 0.311210 -0.273074
vn -0.676303 0.409073 -0.612596
vn -0.721478 0.428963 -0.543563
vn -0.839976 0.326325 -0.433535
vn 0.004152 -0.999989 0.002354
vn 0.004108 -0.999988 0.002551
vn 0.004108 -0.999988 0.002551
vn 0.004152 -0.999989 0.002354
vn 0.004108 -0.999988 0.002551
vn 0.004108 -0.999988 0.002551
vn 0.004152 -0.999989 0.002354
vn 0.004108 -0.999988 0.002551
vn 0.004152 -0.999989 0.002354
vn 0.198149 0.941798 0.271575
vn 0.864423 0.468918 0.181355
vn 0.011014 0.954176 0.299044
vn 0.970603 -0.122053 0.207445
vn 0.997220 -0.074262 -0.006111
vn 0.024003 -0.411299 0.911185
vn 0.888674 -0.000166 0.458540
vn 0.977059 -0.007309 0.212843
vn 0.864423 0.468918 0.181355
vn 0.888674 -0.000166 0.458540
vn 0.864423 0.468918 0.181355
vn 0.888674 -0.000166 0.458540
vn -0.835686 0.523525 0.165985
vn -0.862578 0.487200 0.136364
vn 0.011014 0.954176 0.299044
vn -0.862578 0.487200 0.136364
vn -0.166993 0.949501 0.265632
vn 0.011014 0.954176 0.299044
vn 0.011014 0.954176 0.299044
vn 0.864423 0.468918 0.181355
vn 0.827968 0.515930 0.219738
vn 0.827968 0.515930 0.219738
vn 0.739392 0.428014 0.519715
vn 0.011014 0.954176 0.299044
vn -0.842649 0.050524 0.536088
vn -0.225504 0.036991 0.973540
vn -0.831697 0.044583 0.553437
vn -0.842649 0.050524 0.536088
vn -0.831697 0.044583 0.553437
vn -0.842649 0.050524 0.536088
vn -0.554613 0.399758 0.729793
vn -0.784678 0.060565 0.616938
vn -0.784678 0.060565 0.616938
vn -0.554613 0.399758 0.729793
vn -0.784678 0.060565 0.616938
vn -0.554613 0.399758 0.729793
vn -0.061876 0.967672 -0.244505
vn -0.300415 0.952542 -0.049128
vn -0.300415 0.952542 -0.049128
vn -0.061876 0.967672 -0.244505
vn -0.300415 0.952542 -0.049128
vn -0.061876 0.967672 -0.244505
vn 0.926190 -0.191238 -0.324962
vn 0.957989 0.169465 -0.231385
vn 0.957989 0.169465 -0.231385
vn 0.926190 -0.191238 -0.324962
vn 0.957989 0.169465 -0.231385
vn 0.926190 -0.191238 -0.324962
vn 0.193178 -0.895477 0.401002
vn 0.378019 -0.924361 0.051563
vn 0.378019 -0.924361 0.051563
vn 0.193178 -0.895477 0.401002
vn 0.378019 -0.924361 0.051563
vn 0.193178 -0.895477 0.401002
vn -0.784678 0.060565 0.616938
vn -0.944411 -0.306918 0.117850
vn -0.988008 0.153284 -0.018555
vn -0.784678 0.060565 0.616938
vn -0.988008 0.153284 -0.018555
vn -0.784678 0.060565 0.616938
vn -0.061876 0.967672 -0.244505
vn 0.006493 0.849763 -0.527124
vn 0.015600 0.878684 -0.477149
vn -0.061876 0.967672 -0.244505
vn 0.015600 0.878684 -0.477149
vn -0.061876 0.967672 -0.244505
vn 0.957989 0.169465 -0.231385
vn 0.920992 0.375146 -0.105072
vn 0.998196 -0.000201 0.060044
vn 0.957989 0.169465 -0.231385
vn 0.998196 -0.000201 0.060044
vn 0.957989 0.169465 -0.231385
vn 0.193178 -0.895477 0.401002
vn -0.039668 -0.872581 0.486855
vn -0.004382 -0.860654 0.509172
vn 0.193178 -0.895477 0.401002
vn -0.004382 -0.860654 0.509172
vn 0.193178 -0.895477 0.401002
vn -0.638835 -0.539462 0.548516
vn -0.041319 -0.278250 0.959619
vn -0.683613 -0.344749 0.643290
vn -0.699218 0.082094 0.710179
vn -0.988008 0.153284 -0.018555
vn -0.683613 -0.344749 0.643290
vn -0.830864 0.055671 0.553684
vn -0.988008 0.153284 -0.018555
vn -0.699218 0.082094 0.710179
vn 0.820691 0.306632 -0.482123
vn 0.998196 -0.000201 0.060044
vn 0.938362 0.314253 -0.143947
vn 0.820691 0.306632 -0.482123
vn 0.244503 0.272194 -0.930660
vn 0.244500 -0.066951 -0.967335
vn 0.820691 0.306632 -0.482123
vn 0.244500 -0.066951 -0.967335
vn 0.766128 -0.249952 -0.592091
vn 0.870282 0.157511 -0.466689
vn 0.864423 0.468918 0.181355
vn 0.977059 -0.007309 0.212843
vn 0.870282 0.157511 -0.466689
vn 0.977059 -0.007309 0.212843
vn 0.998780 -0.013953 -0.047375
vn 0.766128 -0.249952 -0.592091
vn 0.244500 -0.066951 -0.967335
vn 0.588214 -0.531780 -0.609274
vn 0.764138 -0.080635 0.639993
vn 0.733620 -0.165396 0.659125
vn 0.721891 -0.135043 0.678703
vn 0.764138 -0.080635 0.639993
vn 0.721891 -0.135043 0.678703
vn 0.764138 -0.080635 0.639993
vn -0.829622 0.173543 0.530670
vn -0.831697 0.044583 0.553437
vn -0.225504 0.036991 0.973540
vn -0.941593 0.161536 0.295480
vn -0.705526 0.164604 0.689303
vn -0.888453 -0.191793 0.416974
vn -0.941593 0.161536 0.295480
vn -0.888453 -0.191793 0.416974
vn -0.963403 -0.247827 0.102162
vn -0.705526 0.164604 0.689303
vn -0.342842 0.026190 0.939028
vn -0.529951 -0.132588 0.837599
vn -0.705526 0.164604 0.689303
vn -0.529951 -0.132588 0.837599
vn -0.888453 -0.191793 0.416974
vn 0.004152 -0.999989 0.002354
vn 0.004196 -0.999989 0.002157
vn 0.004196 -0.999989 0.002157
vn 0.004152 -0.999989 0.002354
vn 0.004196 -0.999989 0.002157
vn 0.004152 -0.999989 0.002354
vn 0.399712 -0.351823 -0.846434
vn 0.745803 -0.469760 -0.472338
vn 0.794344 -0.606160 -0.039844
vn 0.588214 -0.531780 -0.609274
vn 0.629946 -0.771522 -0.088998
vn 0.998196 -0.000201 0.060044
vn 0.588214 -0.531780 -0.609274
vn 0.998196 -0.000201 0.060044
vn 0.766128 -0.249952 -0.592091
vn 0.745803 -0.469760 -0.472338
vn 0.399712 -0.351823 -0.846434
vn 0.739154 -0.465857 -0.486444
vn 0.926190 -0.191238 -0.324962
vn 0.775332 -0.460963 -0.431709
vn 0.739154 -0.465857 -0.486444
vn 0.926190 -0.191238 -0.324962
vn 0.739154 -0.465857 -0.486444
vn 0.926190 -0.191238 -0.324962
vn 0.370745 -0.229728 0.899874
vn 0.336354 -0.244000 0.909577
vn 0.448794 -0.312613 0.837172
vn -0.631877 0.724379 0.275694
vn -0.528113 0.819869 -0.221157
vn -0.218761 0.971124 -0.095198
vn 0.448794 -0.312613 0.837172
vn -0.092388 -0.545720 0.832859
vn 0.203271 -0.370956 0.906130
vn -0.222714 0.582188 0.781956
vn -0.510089 0.330587 0.794054
vn -0.108998 0.837497 0.535460
vn -0.267983 -0.937585 -0.221630
vn -0.171663 -0.929858 0.325417
vn -0.248257 -0.951325 0.182617
vn -0.039668 -0.872581 0.486855
vn -0.248257 -0.951325 0.182617
vn -0.171663 -0.929858 0.325417
vn 0.378019 -0.924361 0.051563
vn 0.998196 -0.000201 0.060044
vn 0.629946 -0.771522 -0.088998
vn 0.378019 -0.924361 0.051563
vn 0.629946 -0.771522 -0.088998
vn 0.378019 -0.924361 0.051563
vn -0.631877 0.724379 0.275694
vn -0.452003 0.629969 0.631532
vn -0.394318 0.576088 0.715986
vn -0.881664 0.341396 0.325755
vn -0.925247 -0.311937 0.215902
vn -0.549972 -0.314938 0.773527
vn -0.881664 0.341396 0.325755
vn -0.549972 -0.314938 0.773527
vn -0.539720 0.372056 0.755166
vn -0.004216 0.999908 0.012887
vn 0.036203 0.999190 0.017593
vn -0.004216 0.999908 0.012887
vn -0.193284 -0.268931 -0.943566
vn -0.606046 -0.013312 -0.795318
vn -0.300576 -0.144788 -0.942704
vn -0.911789 0.383322 0.147327
vn -0.835584 0.486881 0.254452
vn -0.840087 0.493251 0.225738
vn -0.925247 -0.311937 0.215902
vn -0.840087 0.493251 0.225738
vn -0.906507 -0.399275 -0.137198
vn -0.961260 0.267545 -0.066325
vn -0.835686 0.523525 0.165985
vn -0.786888 0.389685 0.478490
vn 0.721891 -0.135043 0.678703
vn 0.733620 -0.165396 0.659125
vn 0.706094 -0.109207 0.699646
vn -0.836336 -0.044654 0.546396
vn -0.842649 0.050524 0.536088
vn -0.842649 0.050524 0.536088
vn -0.836336 -0.044654 0.546396
vn -0.842649 0.050524 0.536088
vn -0.836336 -0.044654 0.546396
vn -0.345195 0.146028 -0.927101
vn 0.158596 0.222951 -0.961842
vn 0.045909 -0.197009 -0.979326
vn -0.345195 0.146028 -0.927101
vn 0.045909 -0.197009 -0.979326
vn -0.300576 -0.144788 -0.942704
vn -0.780584 -0.115390 0.614308
vn -0.804351 -0.139112 0.577640
vn -0.794628 -0.120563 0.595004
vn 0.739392 0.428014 0.519715
vn 0.827968 0.515930 0.219738
vn 0.952589 0.300393 0.048346
vn -0.773867 -0.112337 0.623306
vn -0.774489 -0.146514 0.615386
vn -0.774489 -0.146514 0.615386
vn -0.773867 -0.112337 0.623306
vn -0.774489 -0.146514 0.615386
vn -0.780584 -0.115390 0.614308
vn -0.841626 0.135608 -0.522759
vn -0.862578 0.487200 0.136364
vn -0.835686 0.523525 0.165985
vn -0.792614 -0.052833 -0.607430
vn -0.980091 -0.073062 0.184619
vn -0.862578 0.487200 0.136364
vn -0.792614 -0.052833 -0.607430
vn -0.862578 0.487200 0.136364
vn -0.841626 0.135608 -0.522759
vn 0.827968 0.515930 0.219738
vn 0.864423 0.468918 0.181355
vn 0.870282 0.157511 -0.466689
vn -0.805236 -0.064952 0.589386
vn -0.774489 -0.146514 0.615386
vn -0.774489 -0.146514 0.615386
vn -0.805236 -0.064952 0.589386
vn -0.774489 -0.146514 0.615386
vn -0.805236 -0.064952 0.589386
vn 0.689973 -0.135441 0.711051
vn 0.695203 -0.102973 0.711400
vn 0.706094 -0.109207 0.699646
vn 0.689973 -0.135441 0.711051
vn 0.706094 -0.109207 0.699646
vn 0.689973 -0.135441 0.711051
vn 0.726248 -0.006443 0.687402
vn 0.689973 -0.135441 0.711051
vn 0.689973 -0.135441 0.711051
vn 0.726248 -0.006443 0.687402
vn 0.689973 -0.135441 0.711051
vn 0.726248 -0.006443 0.687402
vn -0.101459 -0.026918 0.994475
vn -0.342842 0.026190 0.939028
vn -0.705526 0.164604 0.689303
vn -0.101459 -0.026918 0.994475
vn -0.705526 0.164604 0.689303
vn -0.345109 0.023250 0.938275
vn -0.578207 0.195139 0.792211
vn -0.345109 0.023250 0.938275
vn -0.705526 0.164604 0.689303
vn -0.864282 -0.475697 0.163492
vn -0.888453 -0.191793 0.416974
vn -0.529951 -0.132588 0.837599
vn -0.864282 -0.475697 0.163492
vn -0.529951 -0.132588 0.837599
vn -0.518750 -0.444202 0.730468
vn -0.840087 0.493251 0.225738
vn -0.835584 0.486881 0.254452
vn 0.085539 0.956620 0.278498
vn -0.925247 -0.311937 0.215902
vn -0.864282 -0.475697 0.163492
vn -0.518750 -0.444202 0.730468
vn -0.925247 -0.311937 0.215902
vn -0.518750 -0.444202 0.730468
vn -0.549972 -0.314938 0.773527
vn 0.000925 -0.999984 -0.005521
vn 0.049408 -0.998766 -0.005002
vn 0.000925 -0.999984 -0.005521
vn -0.215446 0.083768 -0.972916
vn 0.158596 0.222951 -0.961842
vn -0.345195 0.146028 -0.927101
vn -0.394318 0.576088 0.715986
vn -0.528113 0.819869 -0.221157
vn -0.631877 0.724379 0.275694
vn -0.606046 -0.013312 -0.795318
vn -0.803589 0.039356 -0.593882
vn -0.718826 0.098985 -0.688107
vn -0.868506 -0.095930 0.486306
vn -0.528113 0.819869 -0.221157
vn -0.394318 0.576088 0.715986
vn -0.868506 -0.095930 0.486306
vn -0.394318 0.576088 0.715986
vn -0.868506 -0.095930 0.486306
vn 0.158596 0.222951 -0.961842
vn -0.215446 0.083768 -0.972916
vn 0.426958 0.129128 -0.895004
vn -0.868506 -0.095930 0.486306
vn -0.837603 -0.113623 0.534333
vn -0.837603 -0.113623 0.534333
vn -0.868506 -0.095930 0.486306
vn -0.837603 -0.113623 0.534333
vn -0.868506 -0.095930 0.486306
vn -0.311094 0.934418 -0.173445
vn -0.218761 0.971124 -0.095198
vn 0.096027 0.739781 -0.665961
vn -0.300576 -0.144788 -0.942704
vn 0.045909 -0.197009 -0.979326
vn 0.024875 -0.364336 -0.930935
vn 0.024003 -0.411299 0.911185
vn -0.000181 -0.999792 0.020416
vn -0.003615 -0.938380 0.345587
vn 0.024003 -0.411299 0.911185
vn -0.009126 -0.503740 0.863807
vn -0.101459 -0.026918 0.994475
vn 0.024003 -0.411299 0.911185
vn -0.101459 -0.026918 0.994475
vn -0.345109 0.023250 0.938275
vn -0.077586 0.371937 -0.925010
vn -0.105299 0.505360 -0.856460
vn 0.096027 0.739781 -0.665961
vn -0.631877 0.724379 0.275694
vn -0.218761 0.971124 -0.095198
vn -0.311094 0.934418 -0.173445
vn -0.700669 -0.191773 -0.687230
vn -0.105299 0.505360 -0.856460
vn -0.323157 -0.018953 -0.946156
vn -0.089079 -0.832652 -0.546586
vn -0.101838 -0.815079 -0.570329
vn -0.126053 -0.828987 -0.544877
vn 0.970603 -0.122053 0.207445
vn 0.848196 -0.121181 -0.515635
vn 0.105308 -0.178146 -0.978353
vn 0.970603 -0.122053 0.207445
vn 0.105308 -0.178146 -0.978353
vn 0.496090 -0.233268 -0.836350
vn 0.970603 -0.122053 0.207445
vn 0.496090 -0.233268 -0.836350
vn 0.906285 -0.144669 -0.397139
vn 0.970603 -0.122053 0.207445
vn 0.906285 -0.144669 -0.397139
vn 0.997220 -0.074262 -0.006111
vn 0.569540 -0.196970 -0.798015
vn 0.130388 -0.364578 -0.921999
vn 0.240599 0.152432 -0.958581
vn 0.569540 -0.196970 -0.798015
vn 0.240599 0.152432 -0.958581
vn 0.572276 0.161856 -0.803930
vn 0.426958 0.129128 -0.895004
vn -0.215446 0.083768 -0.972916
vn -0.017759 -0.254072 -0.967022
vn 0.426958 0.129128 -0.895004
vn -0.017759 -0.254072 -0.967022
vn 0.521246 -0.218152 -0.825053
vn -0.126053 -0.828987 -0.544877
vn -0.107585 -0.881793 -0.459203
vn -0.089079 -0.832652 -0.546586
vn -0.578207 0.195139 0.792211
vn -0.225504 0.036991 0.973540
vn 0.024003 -0.411299 0.911185
vn -0.718826 0.098985 -0.688107
vn -0.215446 0.083768 -0.972916
vn -0.594037 0.238618 -0.768233
vn -0.539720 0.372056 0.755166
vn -0.452003 0.629969 0.631532
vn -0.631877 0.724379 0.275694
vn -0.539720 0.372056 0.755166
vn -0.631877 0.724379 0.275694
vn -0.881664 0.341396 0.325755
vn -0.840087 0.493251 0.225738
vn -0.925247 -0.311937 0.215902
vn -0.881664 0.341396 0.325755
vn 0.766128 -0.249952 -0.592091
vn 0.998196 -0.000201 0.060044
vn 0.820691 0.306632 -0.482123
vn -0.683613 -0.344749 0.643290
vn -0.041319 -0.278250 0.959619
vn -0.052250 0.030262 0.998175
vn -0.683613 -0.344749 0.643290
vn -0.052250 0.030262 0.998175
vn -0.699218 0.082094 0.710179
vn -0.830864 0.055671 0.553684
vn -0.995038 -0.024355 0.096473
vn -0.988008 0.153284 -0.018555
vn 0.998196 -0.000201 0.060044
vn 0.957569 0.219675 0.186562
vn 0.938362 0.314253 -0.143947
vn 0.572276 0.161856 -0.803930
vn 0.240599 0.152432 -0.958581
vn 0.096027 0.739781 -0.665961
vn 0.572276 0.161856 -0.803930
vn 0.096027 0.739781 -0.665961
vn 0.485554 0.543835 -0.684456
vn -0.995038 -0.024355 0.096473
vn -0.793361 0.459068 -0.399794
vn -0.988008 0.153284 -0.018555
vn 0.998196 -0.000201 0.060044
vn 0.893857 0.448338 -0.003599
vn 0.957569 0.219675 0.186562
vn -0.699218 0.082094 0.710179
vn -0.052250 0.030262 0.998175
vn -0.830864 0.055671 0.553684
vn 0.938362 0.314253 -0.143947
vn 0.244503 0.272194 -0.930660
vn 0.820691 0.306632 -0.482123
vn -0.793361 0.459068 -0.399794
vn -0.484876 0.799995 -0.353416
vn -0.988008 0.153284 -0.018555
vn 0.998196 -0.000201 0.060044
vn 0.920992 0.375146 -0.105072
vn 0.893857 0.448338 -0.003599
vn -0.732193 0.055026 -0.678870
vn 0.023491 0.285699 -0.958032
vn -0.961260 0.267545 -0.066325
vn -0.732193 0.055026 -0.678870
vn -0.961260 0.267545 -0.066325
vn -0.732193 0.055026 -0.678870
vn -0.805236 -0.064952 0.589386
vn -0.961260 0.267545 -0.066325
vn -0.786888 0.389685 0.478490
vn -0.805236 -0.064952 0.589386
vn -0.786888 0.389685 0.478490
vn -0.805236 -0.064952 0.589386
vn 0.844939 0.063105 -0.531127
vn 0.952589 0.300393 0.048346
vn 0.023491 0.285699 -0.958032
vn 0.844939 0.063105 -0.531127
vn 0.023491 0.285699 -0.958032
vn 0.844939 0.063105 -0.531127
vn 0.726248 -0.006443 0.687402
vn 0.739392 0.428014 0.519715
vn 0.952589 0.300393 0.048346
vn 0.726248 -0.006443 0.687402
vn 0.952589 0.300393 0.048346
vn 0.726248 -0.006443 0.687402
vn 0.870282 0.157511 -0.466689
vn 0.952589 0.300393 0.048346
vn 0.827968 0.515930 0.219738
vn -0.835686 0.523525 0.165985
vn -0.961260 0.267545 -0.066325
vn -0.841626 0.135608 -0.522759
vn -0.841626 0.135608 -0.522759
vn -0.024033 0.018880 -0.999533
vn -0.024008 -0.009318 -0.999668
vn -0.841626 0.135608 -0.522759
vn -0.024008 -0.009318 -0.999668
vn -0.792614 -0.052833 -0.607430
vn -0.003615 -0.938380 0.345587
vn -0.009126 -0.503740 0.863807
vn 0.024003 -0.411299 0.911185
vn 0.370072 -0.002650 -0.928999
vn -0.024008 -0.009318 -0.999668
vn -0.024033 0.018880 -0.999533
vn 0.370072 -0.002650 -0.928999
vn -0.024033 0.018880 -0.999533
vn 0.870282 0.157511 -0.466689
vn -0.683613 -0.344749 0.643290
vn -0.988008 0.153284 -0.018555
vn -0.944411 -0.306918 0.117850
vn -0.683613 -0.344749 0.643290
vn -0.944411 -0.306918 0.117850
vn -0.638835 -0.539462 0.548516
vn 0.842610 0.002657 -0.538518
vn 0.105308 -0.178146 -0.978353
vn 0.848196 -0.121181 -0.515635
vn 0.842610 0.002657 -0.538518
vn 0.848196 -0.121181 -0.515635
vn 0.842610 0.002657 -0.538518
vn -0.423104 -0.177362 -0.888553
vn -0.741165 -0.135767 -0.657451
vn -0.803589 0.039356 -0.593882
vn -0.423104 -0.177362 -0.888553
vn -0.803589 0.039356 -0.593882
vn -0.606046 -0.013312 -0.795318
vn -0.376473 -0.193305 -0.906036
vn -0.017759 -0.254072 -0.967022
vn -0.215446 0.083768 -0.972916
vn -0.376473 -0.193305 -0.906036
vn -0.215446 0.083768 -0.972916
vn -0.448511 -0.309485 -0.838485
vn 0.006493 0.849763 -0.527124
vn -0.051349 0.481998 -0.874666
vn 0.030179 0.843775 -0.535848
vn -0.300415 0.952542 -0.049128
vn -0.988008 0.153284 -0.018555
vn -0.484876 0.799995 -0.353416
vn -0.300415 0.952542 -0.049128
vn -0.484876 0.799995 -0.353416
vn -0.300415 0.952542 -0.049128
vn -0.323157 -0.018953 -0.946156
vn 0.130388 -0.364578 -0.921999
vn -0.310616 -0.533508 -0.786694
vn -0.218761 0.971124 -0.095198
vn -0.528113 0.819869 -0.221157
vn 0.096027 0.739781 -0.665961
vn -0.882020 0.394222 0.258126
vn -0.925833 0.357567 0.122387
vn -0.765908 0.442871 0.466101
vn -0.554613 0.399758 0.729793
vn -0.743548 0.436430 0.506622
vn -0.765908 0.442871 0.466101
vn -0.554613 0.399758 0.729793
vn -0.765908 0.442871 0.466101
vn -0.554613 0.399758 0.729793
vn -0.017759 -0.254072 -0.967022
vn -0.376473 -0.193305 -0.906036
vn -0.339754 -0.237368 -0.910068
vn 0.842610 0.002657 -0.538518
vn 0.840476 0.105373 -0.531505
vn 0.846609 0.066042 -0.528102
vn 0.842610 0.002657 -0.538518
vn 0.846609 0.066042 -0.528102
vn 0.842610 0.002657 -0.538518
vn 0.023491 0.285699 -0.958032
vn -0.024033 0.018880 -0.999533
vn -0.841626 0.135608 -0.522759
vn 0.828715 0.136172 -0.542853
vn 0.846609 0.066042 -0.528102
vn 0.840476 0.105373 -0.531505
vn -0.696582 0.047667 -0.715892
vn -0.694703 0.109725 -0.710878
vn -0.688719 0.135736 -0.712209
vn -0.696582 0.047667 -0.715892
vn -0.688719 0.135736 -0.712209
vn -0.696582 0.047667 -0.715892
vn -0.423104 -0.177362 -0.888553
vn 0.496090 -0.233268 -0.836350
vn 0.105308 -0.178146 -0.978353
vn 0.105308 -0.178146 -0.978353
vn -0.703729 -0.077051 -0.706278
vn -0.741165 -0.135767 -0.657451
vn 0.105308 -0.178146 -0.978353
vn -0.741165 -0.135767 -0.657451
vn -0.423104 -0.177362 -0.888553
vn -0.688719 0.135736 -0.712209
vn -0.694703 0.109725 -0.710878
vn -0.676512 0.144046 -0.722207
vn 0.870282 0.157511 -0.466689
vn -0.024033 0.018880 -0.999533
vn 0.023491 0.285699 -0.958032
vn -0.676512 0.144046 -0.722207
vn -0.678773 0.056356 -0.732183
vn -0.678773 0.056356 -0.732183
vn -0.676512 0.144046 -0.722207
vn -0.678773 0.056356 -0.732183
vn -0.669465 0.134750 -0.730519
vn -0.732193 0.055026 -0.678870
vn -0.678773 0.056356 -0.732183
vn -0.678773 0.056356 -0.732183
vn -0.732193 0.055026 -0.678870
vn -0.678773 0.056356 -0.732183
vn -0.732193 0.055026 -0.678870
vn 0.823670 0.054417 -0.564452
vn 0.828715 0.136172 -0.542853
vn 0.822008 0.129718 -0.554505
vn 0.823670 0.054417 -0.564452
vn 0.822008 0.129718 -0.554505
vn 0.823670 0.054417 -0.564452
vn 0.844939 0.063105 -0.531127
vn 0.823670 0.054417 -0.564452
vn 0.823670 0.054417 -0.564452
vn 0.844939 0.063105 -0.531127
vn 0.823670 0.054417 -0.564452
vn 0.844939 0.063105 -0.531127
vn -0.718826 0.098985 -0.688107
vn -0.448511 -0.309485 -0.838485
vn -0.215446 0.083768 -0.972916
vn 0.496090 -0.233268 -0.836350
vn -0.423104 -0.177362 -0.888553
vn -0.606046 -0.013312 -0.795318
vn 0.496090 -0.233268 -0.836350
vn -0.606046 -0.013312 -0.795318
vn -0.193284 -0.268931 -0.943566
vn -0.300576 -0.144788 -0.942704
vn -0.606046 -0.013312 -0.795318
vn -0.594037 0.238618 -0.768233
vn 0.240599 0.152432 -0.958581
vn 0.130388 -0.364578 -0.921999
vn -0.323157 -0.018953 -0.946156
vn -0.696582 0.047667 -0.715892
vn -0.703729 -0.077051 -0.706278
vn 0.105308 -0.178146 -0.978353
vn -0.696582 0.047667 -0.715892
vn 0.105308 -0.178146 -0.978353
vn -0.696582 0.047667 -0.715892
vn 0.764138 -0.080635 0.639993
vn 0.761891 0.033424 0.646842
vn 0.761891 0.033424 0.646842
vn 0.764138 -0.080635 0.639993
vn 0.761891 0.033424 0.646842
vn 0.764138 -0.080635 0.639993
vn -0.864282 -0.475697 0.163492
vn -0.906507 -0.399275 -0.137198
vn -0.953144 -0.302501 0.003195
vn -0.442614 0.153164 -0.883535
vn 0.290840 0.765145 -0.574425
vn -0.528113 0.819869 -0.221157
vn -0.442614 0.153164 -0.883535
vn -0.528113 0.819869 -0.221157
vn -0.442614 0.153164 -0.883535
vn -0.836336 -0.044654 0.546396
vn -0.794628 -0.120563 0.595004
vn -0.804351 -0.139112 0.577640
vn -0.836336 -0.044654 0.546396
vn -0.804351 -0.139112 0.577640
vn -0.836336 -0.044654 0.546396
vn -0.442614 0.153164 -0.883535
vn -0.533909 0.071639 -0.842501
vn -0.533909 0.071639 -0.842501
vn -0.442614 0.153164 -0.883535
vn -0.533909 0.071639 -0.842501
vn -0.442614 0.153164 -0.883535
vn -0.864282 -0.475697 0.163492
vn -0.925247 -0.311937 0.215902
vn -0.906507 -0.399275 -0.137198
vn -0.980091 -0.073062 0.184619
vn -0.491608 -0.032766 0.870200
vn -0.491608 -0.032766 0.870200
vn -0.980091 -0.073062 0.184619
vn -0.491608 -0.032766 0.870200
vn -0.862578 0.487200 0.136364
vn 0.521246 -0.218152 -0.825053
vn -0.017759 -0.254072 -0.967022
vn 0.130388 -0.364578 -0.921999
vn 0.521246 -0.218152 -0.825053
vn 0.130388 -0.364578 -0.921999
vn 0.569540 -0.196970 -0.798015
vn 0.011014 0.954176 0.299044
vn -0.786888 0.389685 0.478490
vn -0.835686 0.523525 0.165985
vn -0.569466 0.496050 -0.655472
vn -0.721478 0.428963 -0.543563
vn -0.676303 0.409073 -0.612596
vn 0.006917 0.001888 0.999974
vn -0.491608 -0.032766 0.870200
vn -0.491608 -0.032766 0.870200
vn 0.006917 0.001888 0.999974
vn -0.491608 -0.032766 0.870200
vn 0.006917 0.001888 0.999974
vn 0.011014 0.954176 0.299044
vn -0.166993 0.949501 0.265632
vn 0.198149 0.941798 0.271575
vn -0.345195 0.146028 -0.927101
vn -0.594037 0.238618 -0.768233
vn -0.215446 0.083768 -0.972916
vn 0.485554 0.543835 -0.684456
vn 0.096027 0.739781 -0.665961
vn 0.290840 0.765145 -0.574425
vn 0.096027 0.739781 -0.665961
vn -0.528113 0.819869 -0.221157
vn 0.290840 0.765145 -0.574425
vn 0.203271 -0.370956 0.906130
vn 0.370745 -0.229728 0.899874
vn 0.448794 -0.312613 0.837172
vn -0.089079 -0.832652 -0.546586
vn -0.041044 -0.796196 -0.603646
vn -0.101838 -0.815079 -0.570329
vn -0.812434 0.164328 -0.559416
vn -0.700669 -0.191773 -0.687230
vn -0.323157 -0.018953 -0.946156
vn 0.204024 0.898608 0.388430
vn -0.222714 0.582188 0.781956
vn -0.108998 0.837497 0.535460
vn -0.569466 0.496050 -0.655472
vn -0.676303 0.409073 -0.612596
vn -0.812434 0.164328 -0.559416
vn -0.840087 0.493251 0.225738
vn 0.085539 0.956620 0.278498
vn 0.204024 0.898608 0.388430
vn -0.323157 -0.018953 -0.946156
vn -0.569466 0.496050 -0.655472
vn -0.812434 0.164328 -0.559416
vn -0.077586 0.371937 -0.925010
vn 0.240599 0.152432 -0.958581
vn -0.323157 -0.018953 -0.946156
vn -0.953144 -0.302501 0.003195
vn -0.963403 -0.247827 0.102162
vn -0.864282 -0.475697 0.163492
vn -0.339754 -0.237368 -0.910068
vn -0.310616 -0.533508 -0.786694
vn 0.130388 -0.364578 -0.921999
vn -0.339754 -0.237368 -0.910068
vn 0.130388 -0.364578 -0.921999
vn -0.017759 -0.254072 -0.967022
vn 0.221337 0.954925 0.197811
vn 0.891580 0.391396 -0.227802
vn 0.600180 0.728963 -0.329236
vn -0.086806 0.769624 0.632569
vn 0.052195 0.599454 0.798705
vn 0.221337 0.954925 0.197811
vn 0.941212 0.262162 -0.213052
vn 0.891580 0.391396 -0.227802
vn 0.978165 -0.205145 -0.033283
vn 0.047798 0.549029 0.834436
vn 0.052195 0.599454 0.798705
vn -0.086806 0.769624 0.632569
vn 0.047798 0.549029 0.834436
vn -0.124757 0.377711 0.917480
vn 0.152570 0.311572 0.937894
vn 0.941212 0.262162 -0.213052
vn 0.846462 0.126431 -0.517221
vn 0.600180 0.728963 -0.329236
vn 0.508563 0.050183 0.859561
vn 0.701437 0.119562 0.702631
vn 0.486881 -0.011220 0.873396
vn 0.508563 0.050183 0.859561
vn 0.486881 -0.011220 0.873396
vn 0.233705 0.022366 0.972050
vn -0.086806 0.769624 0.632569
vn -0.124757 0.377711 0.917480
vn 0.047798 0.549029 0.834436
vn -0.112834 -0.723623 -0.680910
vn -0.213430 -0.788738 -0.576489
vn 0.065338 -0.796010 -0.601747
vn -0.968871 -0.125477 0.213410
vn -0.748564 0.028213 0.662462
vn -0.748564 0.028213 0.662462
vn -0.968871 -0.125477 0.213410
vn -0.748564 0.028213 0.662462
vn 0.233653 0.029034 0.971887
vn 0.811163 -0.330153 0.482714
vn 0.602971 -0.488626 0.630611
vn 0.719332 -0.411727 0.559502
vn -0.213430 -0.788738 -0.576489
vn -0.112834 -0.723623 -0.680910
vn -0.390954 -0.797232 -0.459973
vn 0.432479 -0.498662 0.751198
vn 0.719332 -0.411727 0.559502
vn 0.602971 -0.488626 0.630611
vn 0.325488 -0.480929 0.814104
vn 0.052908 -0.369347 0.927784
vn 0.100501 -0.378594 0.920090
vn -0.702812 -0.635162 -0.320352
vn -0.733586 -0.602775 -0.313868
vn -0.511963 -0.759807 -0.400734
vn 0.737991 0.603775 0.301373
vn 0.702500 0.622960 0.344114
vn 0.719839 0.629131 0.293301
vn -0.118222 0.359830 -0.925498
vn -0.147654 0.379418 -0.913368
vn -0.087160 0.353552 -0.931345
vn 0.309266 0.224754 -0.924035
vn -0.983031 0.123172 -0.135936
vn -0.680181 0.237347 -0.693556
vn 0.349285 0.576450 0.738719
vn -0.261596 0.388627 0.883480
vn 0.906275 0.421254 -0.034789
vn -0.016215 0.611748 0.790886
vn -0.028583 0.659386 0.751261
vn -0.261596 0.388627 0.883480
vn -0.820998 0.317959 -0.474198
vn -0.680181 0.237347 -0.693556
vn -0.983031 0.123172 -0.135936
vn 0.152570 0.311572 0.937894
vn 0.039531 0.583675 0.811024
vn 0.073395 0.485178 0.871330
vn 0.906275 0.421254 -0.034789
vn 0.719839 0.629131 0.293301
vn 0.349285 0.576450 0.738719
vn 0.153731 -0.443295 0.883095
vn 0.020802 -0.232643 0.972340
vn 0.314375 -0.287187 0.904816
vn -0.261596 0.388627 0.883480
vn 0.349285 0.576450 0.738719
vn -0.016215 0.611748 0.790886
vn 0.065338 -0.796010 -0.601747
vn 0.025591 -0.665453 -0.746001
vn -0.112834 -0.723623 -0.680910
vn -0.983031 0.123172 -0.135936
vn -0.821368 0.396218 -0.410325
vn -0.820998 0.317959 -0.474198
vn 0.602971 -0.488626 0.630611
vn 0.325488 -0.480929 0.814104
vn 0.432479 -0.498662 0.751198
vn 0.719332 -0.411727 0.559502
vn 0.839488 -0.347609 0.417645
vn 0.811163 -0.330153 0.482714
vn -0.004748 -0.999975 0.005257
vn -0.004704 -0.999975 0.005360
vn -0.004704 -0.999975 0.005360
vn -0.004748 -0.999975 0.005257
vn -0.004704 -0.999975 0.005360
vn -0.004704 -0.999975 0.005360
vn -0.004748 -0.999975 0.005257
vn -0.004704 -0.999975 0.005360
vn -0.004748 -0.999975 0.005257
vn -0.008314 0.955077 0.296242
vn -0.864123 0.469958 0.180086
vn -0.197570 0.942725 0.268766
vn -0.033880 -0.413075 0.910067
vn -0.997187 -0.073154 -0.016332
vn -0.968871 -0.125477 0.213410
vn -0.888643 0.001738 0.458596
vn -0.864123 0.469958 0.180086
vn -0.977049 -0.006088 0.212926
vn -0.888643 0.001738 0.458596
vn -0.977049 -0.006088 0.212926
vn -0.888643 0.001738 0.458596
vn -0.008314 0.955077 0.296242
vn 0.862877 0.487069 0.134934
vn 0.837575 0.521055 0.164224
vn -0.008314 0.955077 0.296242
vn 0.167577 0.950193 0.262775
vn 0.862877 0.487069 0.134934
vn -0.825523 0.520448 0.218280
vn -0.864123 0.469958 0.180086
vn -0.008314 0.955077 0.296242
vn -0.008314 0.955077 0.296242
vn -0.733069 0.434662 0.523143
vn -0.825523 0.520448 0.218280
vn 0.853394 0.047164 0.519129
vn 0.842745 0.037146 0.537030
vn 0.233653 0.029034 0.971887
vn 0.853394 0.047164 0.519129
vn 0.233653 0.029034 0.971887
vn 0.853394 0.047164 0.519129
vn 0.810934 0.074682 0.580352
vn 0.701437 0.119562 0.702631
vn 0.508563 0.050183 0.859561
vn -0.311387 -0.150756 0.938249
vn -0.277688 -0.686504 0.672013
vn -0.277688 -0.686504 0.672013
vn -0.311387 -0.150756 0.938249
vn -0.277688 -0.686504 0.672013
vn -0.311387 -0.150756 0.938249
vn 0.522714 0.584260 0.620815
vn 0.411438 0.254349 0.875228
vn 0.411438 0.254349 0.875228
vn 0.522714 0.584260 0.620815
vn 0.411438 0.254349 0.875228
vn 0.522714 0.584260 0.620815
vn -0.211094 0.704746 -0.677327
vn -0.163459 0.958557 -0.233344
vn -0.163459 0.958557 -0.233344
vn -0.211094 0.704746 -0.677327
vn -0.163459 0.958557 -0.233344
vn -0.211094 0.704746 -0.677327
vn -0.745683 -0.439950 -0.500401
vn -0.472298 -0.152555 -0.868137
vn -0.472298 -0.152555 -0.868137
vn -0.745683 -0.439950 -0.500401
vn -0.472298 -0.152555 -0.868137
vn -0.745683 -0.439950 -0.500401
vn -0.277688 -0.686504 0.672013
vn 0.571475 -0.786616 0.233778
vn 0.282888 -0.952641 -0.111578
vn -0.277688 -0.686504 0.672013
vn 0.282888 -0.952641 -0.111578
vn -0.277688 -0.686504 0.672013
vn 0.522714 0.584260 0.620815
vn 0.702500 0.622960 0.344114
vn 0.737991 0.603775 0.301373
vn 0.522714 0.584260 0.620815
vn 0.737991 0.603775 0.301373
vn 0.522714 0.584260 0.620815
vn -0.163459 0.958557 -0.233344
vn -0.508511 0.853341 -0.115006
vn -0.202145 0.969799 0.136484
vn -0.163459 0.958557 -0.233344
vn -0.202145 0.969799 0.136484
vn -0.163459 0.958557 -0.233344
vn -0.745683 -0.439950 -0.500401
vn -0.733586 -0.602775 -0.313868
vn -0.702812 -0.635162 -0.320352
vn -0.745683 -0.439950 -0.500401
vn -0.702812 -0.635162 -0.320352
vn -0.745683 -0.439950 -0.500401
vn -0.249470 -0.967202 -0.047804
vn -0.831243 -0.548077 0.092988
vn -0.248903 -0.927305 -0.279558
vn -0.249470 -0.967202 -0.047804
vn 0.571475 -0.786616 0.233778
vn -0.176194 -0.903732 0.390159
vn -0.176194 -0.903732 0.390159
vn 0.571475 -0.786616 0.233778
vn 0.032142 -0.944445 0.327093
vn -0.236865 0.958603 0.158034
vn -0.508511 0.853341 -0.115006
vn 0.079841 0.996071 0.038310
vn 0.037196 0.856013 -0.515615
vn 0.631260 0.639369 -0.438997
vn 0.697443 0.709059 -0.103969
vn 0.037196 0.856013 -0.515615
vn 0.697443 0.709059 -0.103969
vn 0.079841 0.996071 0.038310
vn -0.998791 -0.013499 -0.047271
vn -0.977049 -0.006088 0.212926
vn -0.864123 0.469958 0.180086
vn -0.998791 -0.013499 -0.047271
vn -0.864123 0.469958 0.180086
vn -0.871246 0.157097 -0.465027
vn 0.061444 0.633703 -0.771132
vn 0.631260 0.639369 -0.438997
vn 0.037196 0.856013 -0.515615
vn -0.750813 -0.083918 0.655162
vn -0.707929 -0.135680 0.693128
vn -0.720050 -0.166732 0.673594
vn -0.750813 -0.083918 0.655162
vn -0.720050 -0.166732 0.673594
vn -0.750813 -0.083918 0.655162
vn 0.314375 -0.287187 0.904816
vn 0.020802 -0.232643 0.972340
vn 0.233705 0.022366 0.972050
vn 0.314375 -0.287187 0.904816
vn 0.233705 0.022366 0.972050
vn 0.486881 -0.011220 0.873396
vn 0.020802 -0.232643 0.972340
vn -0.529951 -0.132588 0.837599
vn -0.342842 0.026190 0.939028
vn 0.020802 -0.232643 0.972340
vn -0.342842 0.026190 0.939028
vn 0.233705 0.022366 0.972050
vn -0.004748 -0.999975 0.005257
vn -0.004792 -0.999975 0.005153
vn -0.004792 -0.999975 0.005153
vn -0.004748 -0.999975 0.005257
vn -0.004792 -0.999975 0.005153
vn -0.004748 -0.999975 0.005257
vn -0.680181 0.237347 -0.693556
vn -0.118222 0.359830 -0.925498
vn 0.309266 0.224754 -0.924035
vn 0.037196 0.856013 -0.515615
vn -0.508511 0.853341 -0.115006
vn -0.386593 0.307588 -0.869445
vn 0.037196 0.856013 -0.515615
vn -0.386593 0.307588 -0.869445
vn 0.061444 0.633703 -0.771132
vn -0.087160 0.353552 -0.931345
vn 0.309266 0.224754 -0.924035
vn -0.118222 0.359830 -0.925498
vn -0.211094 0.704746 -0.677327
vn -0.087160 0.353552 -0.931345
vn -0.147654 0.379418 -0.913368
vn -0.211094 0.704746 -0.677327
vn -0.147654 0.379418 -0.913368
vn -0.211094 0.704746 -0.677327
vn -0.841115 0.228234 -0.490342
vn -0.945812 0.029023 -0.323414
vn -0.833452 0.146272 -0.532882
vn 0.125665 0.983667 0.128871
vn 0.473785 0.841297 0.260282
vn -0.086806 0.769624 0.632569
vn -0.820998 0.317959 -0.474198
vn -0.821368 0.396218 -0.410325
vn -0.841115 0.228234 -0.490342
vn 0.039531 0.583675 0.811024
vn -0.028583 0.659386 0.751261
vn -0.016215 0.611748 0.790886
vn -0.390954 -0.797232 -0.459973
vn -0.511963 -0.759807 -0.400734
vn -0.213430 -0.788738 -0.576489
vn -0.511963 -0.759807 -0.400734
vn -0.390954 -0.797232 -0.459973
vn -0.702812 -0.635162 -0.320352
vn -0.472298 -0.152555 -0.868137
vn -0.386593 0.307588 -0.869445
vn -0.508511 0.853341 -0.115006
vn -0.472298 -0.152555 -0.868137
vn -0.508511 0.853341 -0.115006
vn -0.472298 -0.152555 -0.868137
vn -0.394318 0.576088 0.715986
vn -0.452003 0.629969 0.631532
vn -0.086806 0.769624 0.632569
vn -0.539720 0.372056 0.755166
vn -0.549972 -0.314938 0.773527
vn 0.120573 -0.341783 0.932012
vn -0.539720 0.372056 0.755166
vn 0.120573 -0.341783 0.932012
vn -0.124757 0.377711 0.917480
vn -0.004216 0.999908 0.012887
vn -0.044627 0.998970 0.008159
vn -0.004216 0.999908 0.012887
vn 0.357696 -0.148612 -0.921937
vn 0.645654 0.031421 -0.762983
vn 0.212876 -0.260617 -0.941681
vn 0.152570 0.311572 0.937894
vn 0.052195 0.599454 0.798705
vn 0.047798 0.549029 0.834436
vn 0.498802 -0.387316 0.775360
vn 0.152570 0.311572 0.937894
vn 0.120573 -0.341783 0.932012
vn 0.792276 0.385740 0.472761
vn 0.837575 0.521055 0.164224
vn 0.960927 0.265848 -0.077103
vn -0.691673 -0.108816 0.713966
vn -0.720050 -0.166732 0.673594
vn -0.707929 -0.135680 0.693128
vn 0.847297 -0.046031 0.529122
vn 0.853394 0.047164 0.519129
vn 0.853394 0.047164 0.519129
vn 0.847297 -0.046031 0.529122
vn 0.853394 0.047164 0.519129
vn 0.847297 -0.046031 0.529122
vn 0.357696 -0.148612 -0.921937
vn 0.045909 -0.197009 -0.979326
vn 0.158596 0.222951 -0.961842
vn 0.357696 -0.148612 -0.921937
vn 0.158596 0.222951 -0.961842
vn 0.440796 0.184950 -0.878346
vn 0.793193 -0.113008 0.598393
vn 0.786579 -0.109903 0.607631
vn 0.806854 -0.119214 0.578597
vn -0.951511 0.302267 0.057113
vn -0.825523 0.520448 0.218280
vn -0.733069 0.434662 0.523143
vn 0.793193 -0.113008 0.598393
vn 0.786716 -0.144684 0.600121
vn 0.786716 -0.144684 0.600121
vn 0.793193 -0.113008 0.598393
vn 0.786716 -0.144684 0.600121
vn 0.786579 -0.109903 0.607631
vn 0.837575 0.521055 0.164224
vn 0.862877 0.487069 0.134934
vn 0.840335 0.134128 -0.525212
vn 0.840335 0.134128 -0.525212
vn 0.862877 0.487069 0.134934
vn 0.980061 -0.073093 0.184766
vn 0.840335 0.134128 -0.525212
vn 0.980061 -0.073093 0.184766
vn 0.792537 -0.055125 -0.607327
vn -0.871246 0.157097 -0.465027
vn -0.864123 0.469958 0.180086
vn -0.825523 0.520448 0.218280
vn 0.814444 -0.067708 0.576279
vn 0.786716 -0.144684 0.600121
vn 0.786716 -0.144684 0.600121
vn 0.814444 -0.067708 0.576279
vn 0.786716 -0.144684 0.600121
vn 0.814444 -0.067708 0.576279
vn -0.675543 -0.135020 0.724853
vn -0.691673 -0.108816 0.713966
vn -0.680457 -0.102497 0.725585
vn -0.675543 -0.135020 0.724853
vn -0.680457 -0.102497 0.725585
vn -0.675543 -0.135020 0.724853
vn -0.714916 -0.001712 0.699208
vn -0.675543 -0.135020 0.724853
vn -0.675543 -0.135020 0.724853
vn -0.714916 -0.001712 0.699208
vn -0.675543 -0.135020 0.724853
vn -0.714916 -0.001712 0.699208
vn 0.275567 -0.051488 0.959902
vn 0.233705 0.022366 0.972050
vn -0.342842 0.026190 0.939028
vn 0.275567 -0.051488 0.959902
vn -0.342842 0.026190 0.939028
vn -0.101459 -0.026918 0.994475
vn 0.233705 0.022366 0.972050
vn 0.275567 -0.051488 0.959902
vn 0.508563 0.050183 0.859561
vn -0.518750 -0.444202 0.730468
vn -0.529951 -0.132588 0.837599
vn 0.020802 -0.232643 0.972340
vn -0.518750 -0.444202 0.730468
vn 0.020802 -0.232643 0.972340
vn 0.153731 -0.443295 0.883095
vn 0.041958 0.455568 0.889212
vn 0.052195 0.599454 0.798705
vn 0.152570 0.311572 0.937894
vn -0.549972 -0.314938 0.773527
vn -0.518750 -0.444202 0.730468
vn 0.153731 -0.443295 0.883095
vn -0.549972 -0.314938 0.773527
vn 0.153731 -0.443295 0.883095
vn 0.120573 -0.341783 0.932012
vn 0.000925 -0.999984 -0.005521
vn -0.047561 -0.998850 -0.006027
vn 0.000925 -0.999984 -0.005521
vn 0.440796 0.184950 -0.878346
vn 0.158596 0.222951 -0.961842
vn 0.711428 0.235219 -0.662225
vn -0.086806 0.769624 0.632569
vn 0.473785 0.841297 0.260282
vn -0.394318 0.576088 0.715986
vn 0.645654 0.031421 -0.762983
vn 0.735825 0.147640 -0.660881
vn 0.877688 0.290672 -0.381017
vn 0.516301 -0.109995 0.849314
vn -0.394318 0.576088 0.715986
vn 0.473785 0.841297 0.260282
vn 0.516301 -0.109995 0.849314
vn 0.473785 0.841297 0.260282
vn 0.516301 -0.109995 0.849314
vn 0.426958 0.129128 -0.895004
vn 0.711428 0.235219 -0.662225
vn 0.158596 0.222951 -0.961842
vn 0.516301 -0.109995 0.849314
vn 0.609539 0.059665 0.790507
vn 0.609539 0.059665 0.790507
vn 0.516301 -0.109995 0.849314
vn 0.609539 0.059665 0.790507
vn 0.516301 -0.109995 0.849314
vn 0.600180 0.728963 -0.329236
vn 0.125665 0.983667 0.128871
vn 0.221337 0.954925 0.197811
vn 0.024875 -0.364336 -0.930935
vn 0.045909 -0.197009 -0.979326
vn 0.357696 -0.148612 -0.921937
vn -0.003615 -0.938380 0.345587
vn -0.000181 -0.999792 0.020416
vn -0.033880 -0.413075 0.910067
vn 0.275567 -0.051488 0.959902
vn -0.101459 -0.026918 0.994475
vn -0.009126 -0.503740 0.863807
vn 0.275567 -0.051488 0.959902
vn -0.009126 -0.503740 0.863807
vn -0.033880 -0.413075 0.910067
vn 0.600180 0.728963 -0.329236
vn 0.891580 0.391396 -0.227802
vn 0.941212 0.262162 -0.213052
vn 0.221337 0.954925 0.197811
vn 0.125665 0.983667 0.128871
vn -0.086806 0.769624 0.632569
vn 0.978165 -0.205145 -0.033283
vn 0.891580 0.391396 -0.227802
vn 0.969033 -0.237190 0.068673
vn 0.065338 -0.796010 -0.601747
vn 0.312210 -0.900270 -0.303378
vn 0.202949 -0.868829 -0.451606
vn -0.504998 -0.227775 -0.832523
vn -0.124526 -0.171285 -0.977320
vn -0.857969 -0.118597 -0.499823
vn -0.504998 -0.227775 -0.832523
vn -0.857969 -0.118597 -0.499823
vn -0.968871 -0.125477 0.213410
vn -0.997187 -0.073154 -0.016332
vn -0.907089 -0.140485 -0.396803
vn -0.504998 -0.227775 -0.832523
vn -0.997187 -0.073154 -0.016332
vn -0.504998 -0.227775 -0.832523
vn -0.968871 -0.125477 0.213410
vn 0.572276 0.161856 -0.803930
vn 0.846462 0.126431 -0.517221
vn 0.837373 -0.366850 -0.405249
vn 0.572276 0.161856 -0.803930
vn 0.837373 -0.366850 -0.405249
vn 0.569540 -0.196970 -0.798015
vn 0.521246 -0.218152 -0.825053
vn 0.907462 -0.181534 -0.378890
vn 0.711428 0.235219 -0.662225
vn 0.521246 -0.218152 -0.825053
vn 0.711428 0.235219 -0.662225
vn 0.426958 0.129128 -0.895004
vn 0.202949 -0.868829 -0.451606
vn 0.025591 -0.665453 -0.746001
vn 0.065338 -0.796010 -0.601747
vn -0.033880 -0.413075 0.910067
vn 0.233653 0.029034 0.971887
vn 0.508563 0.050183 0.859561
vn 0.735825 0.147640 -0.660881
vn 0.711428 0.235219 -0.662225
vn 0.877688 0.290672 -0.381017
vn -0.124757 0.377711 0.917480
vn -0.086806 0.769624 0.632569
vn -0.452003 0.629969 0.631532
vn -0.124757 0.377711 0.917480
vn -0.452003 0.629969 0.631532
vn -0.539720 0.372056 0.755166
vn -0.124757 0.377711 0.917480
vn 0.120573 -0.341783 0.932012
vn 0.152570 0.311572 0.937894
vn 0.079841 0.996071 0.038310
vn -0.508511 0.853341 -0.115006
vn 0.037196 0.856013 -0.515615
vn -0.176194 -0.903732 0.390159
vn -0.770392 -0.495854 0.400780
vn -0.831243 -0.548077 0.092988
vn -0.176194 -0.903732 0.390159
vn -0.831243 -0.548077 0.092988
vn -0.249470 -0.967202 -0.047804
vn 0.571475 -0.786616 0.233778
vn 0.425027 -0.902813 0.065430
vn 0.032142 -0.944445 0.327093
vn -0.236865 0.958603 0.158034
vn -0.563171 0.808623 0.170198
vn -0.508511 0.853341 -0.115006
vn 0.485554 0.543835 -0.684456
vn 0.600180 0.728963 -0.329236
vn 0.846462 0.126431 -0.517221
vn 0.485554 0.543835 -0.684456
vn 0.846462 0.126431 -0.517221
vn 0.572276 0.161856 -0.803930
vn 0.571475 -0.786616 0.233778
vn 0.857148 -0.402490 0.321403
vn 0.425027 -0.902813 0.065430
vn -0.563171 0.808623 0.170198
vn -0.301932 0.901666 0.309573
vn -0.508511 0.853341 -0.115006
vn 0.032142 -0.944445 0.327093
vn -0.770392 -0.495854 0.400780
vn -0.176194 -0.903732 0.390159
vn 0.079841 0.996071 0.038310
vn 0.697443 0.709059 -0.103969
vn -0.236865 0.958603 0.158034
vn 0.571475 -0.786616 0.233778
vn 0.729094 0.056971 0.682038
vn 0.857148 -0.402490 0.321403
vn -0.301932 0.901666 0.309573
vn -0.202145 0.969799 0.136484
vn -0.508511 0.853341 -0.115006
vn 0.718773 0.055368 -0.693037
vn 0.960927 0.265848 -0.077103
vn -0.032858 0.283659 -0.958362
vn 0.718773 0.055368 -0.693037
vn -0.032858 0.283659 -0.958362
vn 0.718773 0.055368 -0.693037
vn 0.814444 -0.067708 0.576279
vn 0.792276 0.385740 0.472761
vn 0.960927 0.265848 -0.077103
vn 0.814444 -0.067708 0.576279
vn 0.960927 0.265848 -0.077103
vn 0.814444 -0.067708 0.576279
vn -0.855205 0.060349 -0.514765
vn -0.032858 0.283659 -0.958362
vn -0.951511 0.302267 0.057113
vn -0.855205 0.060349 -0.514765
vn -0.951511 0.302267 0.057113
vn -0.855205 0.060349 -0.514765
vn -0.714916 -0.001712 0.699208
vn -0.951511 0.302267 0.057113
vn -0.733069 0.434662 0.523143
vn -0.714916 -0.001712 0.699208
vn -0.733069 0.434662 0.523143
vn -0.714916 -0.001712 0.699208
vn -0.825523 0.520448 0.218280
vn -0.951511 0.302267 0.057113
vn -0.871246 0.157097 -0.465027
vn 0.840335 0.134128 -0.525212
vn 0.960927 0.265848 -0.077103
vn 0.837575 0.521055 0.164224
vn 0.792537 -0.055125 -0.607327
vn 0.023935 -0.012328 -0.999637
vn 0.023912 0.016880 -0.999572
vn 0.792537 -0.055125 -0.607327
vn 0.023912 0.016880 -0.999572
vn 0.840335 0.134128 -0.525212
vn -0.033880 -0.413075 0.910067
vn -0.009126 -0.503740 0.863807
vn -0.003615 -0.938380 0.345587
vn -0.871246 0.157097 -0.465027
vn 0.023912 0.016880 -0.999572
vn 0.023935 -0.012328 -0.999637
vn -0.871246 0.157097 -0.465027
vn 0.023935 -0.012328 -0.999637
vn -0.370136 -0.005212 -0.928963
vn -0.248903 -0.927305 -0.279558
vn 0.282888 -0.952641 -0.111578
vn 0.571475 -0.786616 0.233778
vn -0.248903 -0.927305 -0.279558
vn 0.571475 -0.786616 0.233778
vn -0.249470 -0.967202 -0.047804
vn -0.852515 0.003756 -0.522689
vn -0.857969 -0.118597 -0.499823
vn -0.124526 -0.171285 -0.977320
vn -0.852515 0.003756 -0.522689
vn -0.124526 -0.171285 -0.977320
vn -0.852515 0.003756 -0.522689
vn 0.645654 0.031421 -0.762983
vn 0.794264 0.168926 -0.583617
vn 0.734217 -0.129981 -0.666356
vn 0.645654 0.031421 -0.762983
vn 0.734217 -0.129981 -0.666356
vn 0.414462 -0.171117 -0.893834
vn 0.962247 0.183230 -0.201265
vn 0.711428 0.235219 -0.662225
vn 0.907462 -0.181534 -0.378890
vn 0.962247 0.183230 -0.201265
vn 0.907462 -0.181534 -0.378890
vn 0.990314 -0.129325 -0.050523
vn 0.719839 0.629131 0.293301
vn 0.906275 0.421254 -0.034789
vn 0.737991 0.603775 0.301373
vn 0.411438 0.254349 0.875228
vn 0.729094 0.056971 0.682038
vn 0.571475 -0.786616 0.233778
vn 0.411438 0.254349 0.875228
vn 0.571475 -0.786616 0.233778
vn 0.411438 0.254349 0.875228
vn 0.843798 -0.531660 0.073092
vn 0.837373 -0.366850 -0.405249
vn 0.978165 -0.205145 -0.033283
vn 0.600180 0.728963 -0.329236
vn 0.473785 0.841297 0.260282
vn 0.125665 0.983667 0.128871
vn 0.100501 -0.378594 0.920090
vn 0.432479 -0.498662 0.751198
vn 0.325488 -0.480929 0.814104
vn -0.311387 -0.150756 0.938249
vn 0.100501 -0.378594 0.920090
vn 0.052908 -0.369347 0.927784
vn -0.311387 -0.150756 0.938249
vn 0.052908 -0.369347 0.927784
vn -0.311387 -0.150756 0.938249
vn 0.978317 -0.201994 0.045770
vn 0.990314 -0.129325 -0.050523
vn 0.907462 -0.181534 -0.378890
vn -0.852515 0.003756 -0.522689
vn -0.856350 0.066514 -0.512094
vn -0.850763 0.104783 -0.514997
vn -0.852515 0.003756 -0.522689
vn -0.850763 0.104783 -0.514997
vn -0.852515 0.003756 -0.522689
vn 0.840335 0.134128 -0.525212
vn 0.023912 0.016880 -0.999572
vn -0.032858 0.283659 -0.958362
vn -0.850763 0.104783 -0.514997
vn -0.856350 0.066514 -0.512094
vn -0.839742 0.134494 -0.526066
vn 0.682180 0.050859 -0.729414
vn 0.674434 0.135988 -0.725703
vn 0.680416 0.110530 -0.724443
vn 0.682180 0.050859 -0.729414
vn 0.680416 0.110530 -0.724443
vn 0.682180 0.050859 -0.729414
vn -0.124526 -0.171285 -0.977320
vn -0.504998 -0.227775 -0.832523
vn 0.414462 -0.171117 -0.893834
vn 0.414462 -0.171117 -0.893834
vn 0.734217 -0.129981 -0.666356
vn 0.689744 -0.071501 -0.720514
vn 0.414462 -0.171117 -0.893834
vn 0.689744 -0.071501 -0.720514
vn -0.124526 -0.171285 -0.977320
vn 0.662063 0.143156 -0.735649
vn 0.680416 0.110530 -0.724443
vn 0.674434 0.135988 -0.725703
vn -0.032858 0.283659 -0.958362
vn 0.023912 0.016880 -0.999572
vn -0.871246 0.157097 -0.465027
vn 0.654805 0.133832 -0.743854
vn 0.663808 0.055761 -0.745821
vn 0.663808 0.055761 -0.745821
vn 0.654805 0.133832 -0.743854
vn 0.663808 0.055761 -0.745821
vn 0.662063 0.143156 -0.735649
vn 0.718773 0.055368 -0.693037
vn 0.663808 0.055761 -0.745821
vn 0.663808 0.055761 -0.745821
vn 0.718773 0.055368 -0.693037
vn 0.663808 0.055761 -0.745821
vn 0.718773 0.055368 -0.693037
vn -0.835178 0.051982 -0.547518
vn -0.833721 0.126993 -0.537385
vn -0.839742 0.134494 -0.526066
vn -0.835178 0.051982 -0.547518
vn -0.839742 0.134494 -0.526066
vn -0.835178 0.051982 -0.547518
vn -0.855205 0.060349 -0.514765
vn -0.835178 0.051982 -0.547518
vn -0.835178 0.051982 -0.547518
vn -0.855205 0.060349 -0.514765
vn -0.835178 0.051982 -0.547518
vn -0.855205 0.060349 -0.514765
vn 0.711428 0.235219 -0.662225
vn 0.962247 0.183230 -0.201265
vn 0.877688 0.290672 -0.381017
vn 0.212876 -0.260617 -0.941681
vn 0.645654 0.031421 -0.762983
vn 0.414462 -0.171117 -0.893834
vn 0.212876 -0.260617 -0.941681
vn 0.414462 -0.171117 -0.893834
vn -0.504998 -0.227775 -0.832523
vn 0.735825 0.147640 -0.660881
vn 0.645654 0.031421 -0.762983
vn 0.357696 -0.148612 -0.921937
vn 0.978165 -0.205145 -0.033283
vn 0.837373 -0.366850 -0.405249
vn 0.846462 0.126431 -0.517221
vn 0.682180 0.050859 -0.729414
vn -0.124526 -0.171285 -0.977320
vn 0.689744 -0.071501 -0.720514
vn 0.682180 0.050859 -0.729414
vn 0.689744 -0.071501 -0.720514
vn 0.682180 0.050859 -0.729414
vn -0.750813 -0.083918 0.655162
vn -0.748564 0.028213 0.662462
vn -0.748564 0.028213 0.662462
vn -0.750813 -0.083918 0.655162
vn -0.748564 0.028213 0.662462
vn -0.750813 -0.083918 0.655162
vn 0.328960 -0.212667 0.920086
vn 0.498802 -0.387316 0.775360
vn 0.153731 -0.443295 0.883095
vn 0.818661 0.261897 -0.511082
vn 0.473785 0.841297 0.260282
vn 0.290840 0.765145 -0.574425
vn 0.818661 0.261897 -0.511082
vn 0.290840 0.765145 -0.574425
vn 0.818661 0.261897 -0.511082
vn 0.847297 -0.046031 0.529122
vn 0.816250 -0.138460 0.560861
vn 0.806854 -0.119214 0.578597
vn 0.847297 -0.046031 0.529122
vn 0.806854 -0.119214 0.578597
vn 0.847297 -0.046031 0.529122
vn 0.818661 0.261897 -0.511082
vn 0.812414 0.025691 -0.582514
vn 0.812414 0.025691 -0.582514
vn 0.818661 0.261897 -0.511082
vn 0.812414 0.025691 -0.582514
vn 0.818661 0.261897 -0.511082
vn 0.498802 -0.387316 0.775360
vn 0.120573 -0.341783 0.932012
vn 0.153731 -0.443295 0.883095
vn 0.862877 0.487069 0.134934
vn 0.491647 -0.030451 0.870262
vn 0.491647 -0.030451 0.870262
vn 0.862877 0.487069 0.134934
vn 0.491647 -0.030451 0.870262
vn 0.980061 -0.073093 0.184766
vn 0.569540 -0.196970 -0.798015
vn 0.837373 -0.366850 -0.405249
vn 0.907462 -0.181534 -0.378890
vn 0.569540 -0.196970 -0.798015
vn 0.907462 -0.181534 -0.378890
vn 0.521246 -0.218152 -0.825053
vn 0.837575 0.521055 0.164224
vn 0.792276 0.385740 0.472761
vn -0.008314 0.955077 0.296242
vn 0.811163 -0.330153 0.482714
vn 0.839488 -0.347609 0.417645
vn 0.871276 -0.248613 0.423165
vn -0.006848 0.004889 0.999965
vn 0.491647 -0.030451 0.870262
vn 0.491647 -0.030451 0.870262
vn -0.006848 0.004889 0.999965
vn 0.491647 -0.030451 0.870262
vn -0.006848 0.004889 0.999965
vn -0.197570 0.942725 0.268766
vn 0.167577 0.950193 0.262775
vn -0.008314 0.955077 0.296242
vn 0.711428 0.235219 -0.662225
vn 0.735825 0.147640 -0.660881
vn 0.440796 0.184950 -0.878346
vn 0.290840 0.765145 -0.574425
vn 0.600180 0.728963 -0.329236
vn 0.485554 0.543835 -0.684456
vn 0.290840 0.765145 -0.574425
vn 0.473785 0.841297 0.260282
vn 0.600180 0.728963 -0.329236
vn -0.841115 0.228234 -0.490342
vn -0.833452 0.146272 -0.532882
vn -0.820998 0.317959 -0.474198
vn 0.312210 -0.900270 -0.303378
vn 0.286766 -0.802399 -0.523374
vn 0.202949 -0.868829 -0.451606
vn 0.978165 -0.205145 -0.033283
vn 0.969033 -0.237190 0.068673
vn 0.834530 -0.340761 0.432946
vn 0.039531 0.583675 0.811024
vn -0.016215 0.611748 0.790886
vn 0.073395 0.485178 0.871330
vn 0.834530 -0.340761 0.432946
vn 0.811163 -0.330153 0.482714
vn 0.871276 -0.248613 0.423165
vn 0.073395 0.485178 0.871330
vn 0.041958 0.455568 0.889212
vn 0.152570 0.311572 0.937894
vn 0.834530 -0.340761 0.432946
vn 0.871276 -0.248613 0.423165
vn 0.978165 -0.205145 -0.033283
vn 0.978165 -0.205145 -0.033283
vn 0.846462 0.126431 -0.517221
vn 0.941212 0.262162 -0.213052
vn 0.153731 -0.443295 0.883095
vn 0.314375 -0.287187 0.904816
vn 0.328960 -0.212667 0.920086
vn 0.907462 -0.181534 -0.378890
vn 0.837373 -0.366850 -0.405249
vn 0.843798 -0.531660 0.073092
vn 0.907462 -0.181534 -0.378890
vn 0.843798 -0.531660 0.073092
vn 0.978317 -0.201994 0.045770
vn 0.357696 -0.148612 -0.921937
vn 0.440796 0.184950 -0.878346
vn 0.735825 0.147640 -0.660881
vn -0.594037 0.238618 -0.768233
vn -0.345195 0.146028 -0.927101
vn -0.300576 -0.144788 -0.942704
vn 0.357696 -0.148612 -0.921937
vn 0.212876 -0.260617 -0.941681
vn 0.024875 -0.364336 -0.930935
vn 0.024875 -0.364336 -0.930935
vn -0.193284 -0.268931 -0.943566
vn -0.300576 -0.144788 -0.942704
vn 0.877688 0.290672 -0.381017
vn 0.794264 0.168926 -0.583617
vn 0.645654 0.031421 -0.762983
vn -0.718826 0.098985 -0.688107
vn -0.594037 0.238618 -0.768233
vn -0.606046 -0.013312 -0.795318
vn 0.024003 -0.411299 0.911185
vn -0.225504 0.036991 0.973540
vn 0.970603 -0.122053 0.207445
vn -0.968871 -0.125477 0.213410
vn 0.233653 0.029034 0.971887
vn -0.033880 -0.413075 0.910067
vn -0.578207 0.195139 0.792211
vn -0.848604 0.353051 0.393988
vn -0.829622 0.173543 0.530670
vn 0.233653 0.029034 0.971887
vn 0.842745 0.037146 0.537030
vn 0.810934 0.074682 0.580352
vn -0.225504 0.036991 0.973540
vn -0.578207 0.195139 0.792211
vn -0.829622 0.173543 0.530670
vn 0.810934 0.074682 0.580352
vn 0.508563 0.050183 0.859561
vn 0.233653 0.029034 0.971887
vn -0.345109 0.023250 0.938275
vn -0.578207 0.195139 0.792211
vn 0.024003 -0.411299 0.911185
vn -0.033880 -0.413075 0.910067
vn 0.508563 0.050183 0.859561
vn 0.275567 -0.051488 0.959902
vn 0.806854 -0.119214 0.578597
vn 0.816250 -0.138460 0.560861
vn 0.793193 -0.113008 0.598393
vn -0.794628 -0.120563 0.595004
vn -0.773867 -0.112337 0.623306
vn -0.780584 -0.115390 0.614308
vn 0.706094 -0.109207 0.699646
vn 0.695203 -0.102973 0.711400
vn 0.721891 -0.135043 0.678703
vn -0.707929 -0.135680 0.693128
vn -0.680457 -0.102497 0.725585
vn -0.691673 -0.108816 0.713966
vn -0.676512 0.144046 -0.722207
vn -0.669465 0.134750 -0.730519
vn -0.688719 0.135736 -0.712209
vn 0.840476 0.105373 -0.531505
vn 0.822008 0.129718 -0.554505
vn 0.828715 0.136172 -0.542853
vn -0.839742 0.134494 -0.526066
vn -0.833721 0.126993 -0.537385
vn -0.850763 0.104783 -0.514997
vn 0.674434 0.135988 -0.725703
vn 0.654805 0.133832 -0.743854
vn 0.662063 0.143156 -0.735649
vn -0.032858 0.283659 -0.958362
vn 0.960927 0.265848 -0.077103
vn 0.840335 0.134128 -0.525212
vn -0.871246 0.157097 -0.465027
vn -0.951511 0.302267 0.057113
vn -0.032858 0.283659 -0.958362
vn 0.023491 0.285699 -0.958032
vn 0.952589 0.300393 0.048346
vn 0.870282 0.157511 -0.466689
vn -0.841626 0.135608 -0.522759
vn -0.961260 0.267545 -0.066325
vn 0.023491 0.285699 -0.958032
f 103/1/1 34/2/2 157/3/3
f 157/4/4 34/5/5 32/6/6
f 127/7/7 34/8/8 158/9/9
f 32/10/10 34/11/11 159/12/12
f 75/13/13 139/14/14 159/15/15
f 103/16/16 128/17/17 158/18/18
f 65/19/19 48/20/20 49/21/21
f 65/22/22 49/23/23 96/24/24
f 159/25/25 139/26/26 32/27/27
f 69/28/28 101/29/29 27/30/30
f 81/31/31 62/32/32 99/33/33
f 81/34/34 99/35/35 130/36/36
f 27/37/37 26/38/38 68/39/39
f 67/40/40 27/41/41 101/42/42
f 26/43/43 27/44/44 67/45/45
f 44/46/46 107/47/47 108/48/48
f 72/49/49 71/50/50 44/51/51
f 108/52/52 107/53/53 36/54/54
f 36/55/55 71/56/56 72/57/57
f 101/58/58 29/59/59 66/60/60
f 66/61/61 29/62/62 26/63/63
f 29/64/64 74/65/65 68/66/66
f 29/67/67 101/68/68 69/69/69
f 55/70/70 142/71/71 75/72/72
f 26/73/73 108/74/74 66/75/75
f 47/76/76 64/77/77 97/78/78
f 68/79/79 26/80/80 29/81/81
f 27/82/82 109/83/83 69/84/84
f 69/85/85 74/86/86 29/87/87
f 67/88/88 108/89/89 26/90/90
f 68/91/91 109/92/92 27/93/93
f 125/94/94 87/95/95 122/96/96
f 125/97/97 122/98/98 30/99/99
f 125/100/100 30/101/101 100/102/102
f 45/103/103 126/104/104 86/105/105
f 99/106/106 1/107/107 93/108/108
f 73/109/109 100/110/110 126/111/111
f 73/112/112 126/113/113 45/114/114
f 56/115/115 124/116/116 86/117/117
f 124/118/118 88/119/119 86/120/120
f 86/121/121 126/122/122 58/123/123
f 58/124/124 78/125/125 86/126/126
f 81/127/127 130/128/128 51/129/129
f 81/130/130 51/131/131 52/132/132
f 153/133/133 59/134/134 150/135/135
f 153/136/136 150/137/137 120/138/138
f 120/139/139 150/140/140 152/141/141
f 120/142/142 152/143/143 151/144/144
f 151/145/145 152/146/146 155/147/147
f 151/148/148 155/149/149 154/150/150
f 154/151/151 155/152/152 59/153/153
f 154/154/154 59/155/155 153/156/156
f 59/157/157 43/158/158 106/159/159
f 59/160/160 106/161/161 150/162/162
f 151/163/163 36/164/164 107/165/165
f 151/166/166 107/167/167 120/168/168
f 152/169/169 37/170/170 70/171/171
f 152/172/172 70/173/173 155/174/174
f 153/175/175 44/176/176 71/177/177
f 153/178/178 71/179/179 154/180/180
f 149/181/181 42/182/182 148/183/183
f 145/184/184 106/185/185 148/186/186
f 40/187/187 106/188/188 145/189/189
f 146/190/190 70/191/191 40/192/192
f 146/193/193 41/194/194 42/195/195
f 146/196/196 42/197/197 147/198/198
f 28/199/199 126/200/200 100/201/201
f 28/202/202 100/203/203 30/204/204
f 147/205/205 42/206/206 149/207/207
f 132/208/208 77/209/209 61/210/210
f 132/211/211 61/212/212 131/213/213
f 95/214/214 51/215/215 130/216/216
f 48/217/217 65/218/218 64/219/219
f 48/220/220 64/221/221 47/222/222
f 65/223/223 2/224/224 5/225/225
f 65/226/226 5/227/227 64/228/228
f 100/229/229 73/230/230 89/231/231
f 100/232/232 89/233/233 125/234/234
f 66/235/235 72/236/236 101/237/237
f 149/238/238 43/239/239 70/240/240
f 149/241/241 70/242/242 147/243/243
f 72/244/244 66/245/245 36/246/246
f 154/247/247 71/248/248 36/249/249
f 154/250/250 36/251/251 151/252/252
f 46/253/253 75/254/254 142/255/255
f 32/256/256 33/257/257 144/258/258
f 142/259/259 74/260/260 69/261/261
f 68/262/262 74/263/263 142/264/264
f 101/265/265 72/266/266 67/267/267
f 44/268/268 67/269/269 72/270/270
f 155/271/271 70/272/272 43/273/273
f 155/274/274 43/275/275 59/276/276
f 32/277/277 3/278/278 4/279/279
f 139/280/280 76/281/281 9/282/282
f 139/283/283 9/284/284 17/285/285
f 15/286/286 63/287/287 10/288/288
f 111/289/289 102/290/290 140/291/291
f 159/292/292 34/293/293 75/294/294
f 76/295/295 75/296/296 46/297/297
f 134/298/298 56/299/299 78/300/300
f 61/301/301 77/302/302 92/303/303
f 132/304/304 81/305/305 52/306/306
f 132/307/307 52/308/308 91/309/309
f 141/310/310 14/311/311 13/312/312
f 141/313/313 13/314/314 140/315/315
f 92/316/316 77/317/317 53/318/318
f 78/319/319 58/320/320 133/321/321
f 54/322/322 90/323/323 85/324/324
f 54/325/325 85/326/326 92/327/327
f 57/328/328 124/329/329 56/330/330
f 87/331/331 125/332/332 124/333/333
f 87/334/334 124/335/335 57/336/336
f 58/337/337 126/338/338 28/339/339
f 138/340/340 85/341/341 90/342/342
f 138/343/343 90/344/344 137/345/345
f 79/346/346 60/347/347 92/348/348
f 79/349/349 92/350/350 85/351/351
f 135/352/352 79/353/353 85/354/354
f 135/355/355 85/356/356 138/357/357
f 7/358/358 2/359/359 65/360/360
f 7/361/361 65/362/362 82/363/363
f 96/364/364 82/365/365 65/366/366
f 97/367/367 64/368/368 5/369/369
f 97/370/370 5/371/371 6/372/372
f 75/373/373 34/374/374 35/375/375
f 76/376/376 97/377/377 6/378/378
f 76/379/379 6/380/380 9/381/381
f 1/382/382 111/383/383 24/384/384
f 105/385/385 14/386/386 141/387/387
f 4/388/388 33/389/389 32/390/390
f 102/391/391 95/392/392 49/393/393
f 98/394/394 33/395/395 4/396/396
f 98/397/397 4/398/398 11/399/399
f 14/400/400 105/401/401 25/402/402
f 11/403/403 10/404/404 63/405/405
f 11/406/406 63/407/407 98/408/408
f 157/409/409 144/410/410 103/411/411
f 140/412/412 13/413/413 24/414/414
f 93/415/415 1/416/416 23/417/417
f 93/418/418 22/419/419 7/420/420
f 93/421/421 7/422/422 82/423/423
f 158/424/424 34/425/425 103/426/426
f 32/427/427 144/428/428 157/429/429
f 35/430/430 34/431/431 127/432/432
f 143/433/433 46/434/434 69/435/435
f 99/436/436 62/437/437 115/438/438
f 99/439/439 115/440/440 114/441/441
f 99/442/442 114/443/443 111/444/444
f 99/445/445 111/446/446 1/447/447
f 18/448/448 110/449/449 128/450/450
f 18/451/451 128/452/452 19/453/453
f 25/454/454 105/455/455 104/456/456
f 25/457/457 104/458/458 20/459/459
f 69/460/460 109/461/461 143/462/462
f 96/463/463 130/464/464 93/465/465
f 49/466/466 105/467/467 116/468/468
f 17/469/469 3/470/470 32/471/471
f 17/472/472 32/473/473 139/474/474
f 75/475/475 76/476/476 139/477/477
f 147/478/478 70/479/479 146/480/480
f 148/481/481 42/482/482 41/483/483
f 148/484/484 41/485/485 145/486/486
f 40/487/487 39/488/488 106/489/489
f 70/490/490 39/491/491 40/492/492
f 19/493/493 128/494/494 103/495/495
f 19/496/496 103/497/497 8/498/498
f 39/499/499 38/500/500 106/501/501
f 70/502/502 38/503/503 39/504/504
f 145/505/505 41/506/506 40/507/507
f 40/508/508 41/509/509 146/510/510
f 38/511/511 37/512/512 106/513/513
f 70/514/514 37/515/515 38/516/516
f 136/517/517 113/518/518 134/519/519
f 136/520/520 134/521/521 137/522/522
f 137/523/523 134/524/524 78/525/525
f 137/526/526 78/527/527 138/528/528
f 135/529/529 133/530/530 113/531/531
f 135/532/532 113/533/533 136/534/534
f 138/535/535 78/536/536 133/537/537
f 138/538/538 133/539/539 135/540/540
f 28/541/541 133/542/542 58/543/543
f 56/544/544 134/545/545 57/546/546
f 57/547/547 121/548/548 122/549/549
f 57/550/550 122/551/551 87/552/552
f 23/553/553 22/554/554 93/555/555
f 30/556/556 122/557/557 121/558/558
f 30/559/559 121/560/560 28/561/561
f 148/562/562 106/563/563 43/564/564
f 148/565/565 43/566/566 149/567/567
f 31/568/568 115/569/569 62/570/570
f 31/571/571 62/572/572 131/573/573
f 117/574/574 51/575/575 95/576/576
f 117/577/577 95/578/578 102/579/579
f 47/580/580 104/581/581 105/582/582
f 47/583/583 105/584/584 48/585/585
f 36/586/586 66/587/587 108/588/588
f 150/589/589 106/590/590 37/591/591
f 150/592/592 37/593/593 152/594/594
f 127/595/595 110/596/596 46/597/597
f 144/598/598 33/599/599 103/600/600
f 108/601/601 67/602/602 44/603/603
f 120/604/604 107/605/605 44/606/606
f 120/607/607 44/608/608 153/609/609
f 104/610/610 47/611/611 156/612/612
f 131/613/613 61/614/614 112/615/615
f 131/616/616 112/617/617 31/618/618
f 113/619/619 121/620/620 57/621/621
f 123/622/622 112/623/623 61/624/624
f 31/625/625 112/626/626 53/627/627
f 31/628/628 53/629/629 91/630/630
f 117/631/631 114/632/632 115/633/633
f 115/634/634 52/635/635 51/636/636
f 115/637/637 51/638/638 117/639/639
f 53/640/640 112/641/641 123/642/642
f 28/643/643 121/644/644 113/645/645
f 123/646/646 119/647/647 90/648/648
f 123/649/649 90/650/650 54/651/651
f 137/652/652 90/653/653 119/654/654
f 137/655/655 119/656/656 136/657/657
f 119/658/658 123/659/659 60/660/660
f 119/661/661 60/662/662 79/663/663
f 136/664/664 119/665/665 79/666/666
f 136/667/667 79/668/668 135/669/669
f 49/670/670 48/671/671 105/672/672
f 114/673/673 117/674/674 102/675/675
f 114/676/676 102/677/677 111/678/678
f 140/679/679 102/680/680 116/681/681
f 128/682/682 110/683/683 127/684/684
f 91/685/685 52/686/686 115/687/687
f 91/688/688 115/689/689 31/690/690
f 131/691/691 62/692/692 81/693/693
f 131/694/694 81/695/695 132/696/696
f 97/697/697 46/698/698 156/699/699
f 16/700/700 12/701/701 33/702/702
f 16/703/703 33/704/704 98/705/705
f 91/706/706 53/707/707 77/708/708
f 91/709/709 77/710/710 132/711/711
f 98/712/712 63/713/713 15/714/714
f 98/715/715 15/716/716 16/717/717
f 97/718/718 76/719/719 46/720/720
f 125/721/721 89/722/722 88/723/723
f 125/724/724 88/725/725 124/726/726
f 20/727/727 104/728/728 110/729/729
f 20/730/730 110/731/731 18/732/732
f 86/733/733 78/734/734 56/735/735
f 143/736/736 109/737/737 68/738/738
f 45/739/739 88/740/740 89/741/741
f 45/742/742 89/743/743 73/744/744
f 86/745/745 88/746/746 45/747/747
f 141/748/748 116/749/749 105/750/750
f 8/751/751 103/752/752 12/753/753
f 103/754/754 33/755/755 12/756/756
f 69/757/757 46/758/758 142/759/759
f 143/760/760 127/761/761 46/762/762
f 55/763/763 35/764/764 127/765/765
f 55/766/766 68/767/767 142/768/768
f 143/769/769 68/770/770 55/771/771
f 75/772/772 35/773/773 55/774/774
f 127/775/775 143/776/776 55/777/777
f 158/778/778 128/779/779 127/780/780
f 156/781/781 47/782/782 97/783/783
f 156/784/784 46/785/785 110/786/786
f 156/787/787 110/788/788 104/789/789
f 84/790/790 168/791/791 237/792/792
f 166/793/793 168/794/794 84/795/795
f 129/796/796 168/797/797 261/798/798
f 118/799/799 168/800/800 166/801/801
f 118/802/802 273/803/803 209/804/804
f 129/805/805 262/806/806 237/807/807
f 230/808/808 183/809/809 182/810/810
f 230/811/811 182/812/812 199/813/813
f 166/814/814 273/815/815 118/816/816
f 161/817/817 235/818/818 203/819/819
f 233/820/820 196/821/821 215/822/822
f 233/823/823 215/824/824 264/825/825
f 202/826/826 160/827/827 161/828/828
f 235/829/829 161/830/830 201/831/831
f 201/832/832 161/833/833 160/834/834
f 242/835/835 241/836/836 178/837/837
f 178/838/838 205/839/839 206/840/840
f 170/841/841 241/842/842 242/843/843
f 206/844/844 205/845/845 170/846/846
f 200/847/847 163/848/848 235/849/849
f 160/850/850 163/851/851 200/852/852
f 202/853/853 208/854/854 163/855/855
f 203/856/856 235/857/857 163/858/858
f 209/859/859 276/860/860 189/861/861
f 200/862/862 242/863/863 160/864/864
f 231/865/865 198/866/866 181/867/867
f 163/868/868 160/869/869 202/870/870
f 203/871/871 243/872/872 161/873/873
f 163/874/874 208/875/875 203/876/876
f 160/877/877 242/878/878 201/879/879
f 161/880/880 243/881/881 202/882/882
f 234/883/883 164/884/884 256/885/885
f 234/886/886 256/887/887 221/888/888
f 234/889/889 221/890/890 259/891/891
f 220/892/892 260/893/893 179/894/894
f 227/895/895 1/896/896 233/897/897
f 179/898/898 260/899/899 234/900/900
f 179/901/901 234/902/902 207/903/903
f 220/904/904 258/905/905 190/906/906
f 220/907/907 222/908/908 258/909/909
f 192/910/910 260/911/911 220/912/912
f 220/913/913 212/914/914 192/915/915
f 186/916/916 185/917/917 264/918/918
f 186/919/919 264/920/920 215/921/921
f 229/922/922 183/923/923 230/924/924
f 254/925/925 263/926/926 193/927/927
f 254/928/928 193/929/929 83/930/930
f 184/931/931 217/932/932 263/933/933
f 184/934/934 263/935/935 254/936/936
f 80/937/937 214/938/938 217/939/939
f 80/940/940 217/941/941 184/942/942
f 83/943/943 193/944/944 214/945/945
f 83/946/946 214/947/947 80/948/948
f 263/949/949 240/950/950 177/951/951
f 263/952/952 177/953/953 193/954/954
f 254/955/955 241/956/956 170/957/957
f 254/958/958 170/959/959 184/960/960
f 214/961/961 204/962/962 171/963/963
f 214/964/964 171/965/965 217/966/966
f 80/967/967 205/968/968 178/969/969
f 80/970/970 178/971/971 83/972/972
f 252/973/973 176/974/974 218/975/975
f 252/976/976 240/977/977 21/978/978
f 21/979/979 240/980/980 174/981/981
f 174/982/982 204/983/983 228/984/984
f 94/985/985 176/986/986 175/987/987
f 94/988/988 175/989/989 228/990/990
f 164/991/991 234/992/992 260/993/993
f 164/994/994 260/995/995 162/996/996
f 218/997/997 176/998/998 94/999/999
f 265/1000/1000 195/1001/1001 211/1002/1002
f 265/1003/1003 211/1004/1004 266/1005/1005
f 181/1006/1006 198/1007/1007 199/1008/1008
f 181/1009/1009 199/1010/1010 182/1011/1011
f 198/1012/1012 5/1013/1013 2/1014/1014
f 198/1015/1015 2/1016/1016 199/1017/1017
f 259/1018/1018 223/1019/1019 207/1020/1020
f 259/1021/1021 207/1022/1022 234/1023/1023
f 235/1024/1024 206/1025/1025 200/1026/1026
f 94/1027/1027 204/1028/1028 177/1029/1029
f 94/1030/1030 177/1031/1031 218/1032/1032
f 170/1033/1033 200/1034/1034 206/1035/1035
f 184/1036/1036 170/1037/1037 205/1038/1038
f 184/1039/1039 205/1040/1040 80/1041/1041
f 276/1042/1042 209/1043/1043 180/1044/1044
f 278/1045/1045 167/1046/1046 166/1047/1047
f 203/1048/1048 208/1049/1049 276/1050/1050
f 276/1051/1051 208/1052/1052 202/1053/1053
f 201/1054/1054 206/1055/1055 235/1056/1056
f 206/1057/1057 201/1058/1058 178/1059/1059
f 193/1060/1060 177/1061/1061 204/1062/1062
f 193/1063/1063 204/1064/1064 214/1065/1065
f 4/1066/1066 3/1067/1067 166/1068/1068
f 17/1069/1069 9/1070/1070 210/1071/1071
f 17/1072/1072 210/1073/1073 273/1074/1074
f 10/1075/1075 197/1076/1076 15/1077/1077
f 274/1078/1078 236/1079/1079 245/1080/1080
f 209/1081/1081 168/1082/1082 118/1083/1083
f 180/1084/1084 209/1085/1085 210/1086/1086
f 212/1087/1087 190/1088/1088 268/1089/1089
f 226/1090/1090 211/1091/1091 195/1092/1092
f 225/1093/1093 186/1094/1094 215/1095/1095
f 225/1096/1096 215/1097/1097 266/1098/1098
f 274/1099/1099 13/1100/1100 14/1101/1101
f 274/1102/1102 14/1103/1103 275/1104/1104
f 226/1105/1105 188/1106/1106 187/1107/1107
f 267/1108/1108 192/1109/1109 212/1110/1110
f 226/1111/1111 219/1112/1112 224/1113/1113
f 226/1114/1114 224/1115/1115 188/1116/1116
f 190/1117/1117 258/1118/1118 191/1119/1119
f 191/1120/1120 258/1121/1121 259/1122/1122
f 191/1123/1123 259/1124/1124 221/1125/1125
f 162/1126/1126 260/1127/1127 192/1128/1128
f 271/1129/1129 224/1130/1130 219/1131/1131
f 271/1132/1132 219/1133/1133 272/1134/1134
f 219/1135/1135 226/1136/1136 194/1137/1137
f 219/1138/1138 194/1139/1139 213/1140/1140
f 272/1141/1141 219/1142/1142 213/1143/1143
f 272/1144/1144 213/1145/1145 269/1146/1146
f 216/1147/1147 199/1148/1148 2/1149/1149
f 216/1150/1150 2/1151/1151 7/1152/1152
f 199/1153/1153 216/1154/1154 230/1155/1155
f 6/1156/1156 5/1157/1157 198/1158/1158
f 6/1159/1159 198/1160/1160 231/1161/1161
f 169/1162/1162 168/1163/1163 209/1164/1164
f 9/1165/1165 6/1166/1166 231/1167/1167
f 9/1168/1168 231/1169/1169 210/1170/1170
f 24/1171/1171 245/1172/1172 1/1173/1173
f 275/1174/1174 14/1175/1175 239/1176/1176
f 166/1177/1177 167/1178/1178 4/1179/1179
f 236/1180/1180 250/1181/1181 183/1182/1182
f 11/1183/1183 4/1184/1184 167/1185/1185
f 11/1186/1186 167/1187/1187 232/1188/1188
f 25/1189/1189 239/1190/1190 14/1191/1191
f 232/1192/1192 197/1193/1193 10/1194/1194
f 232/1195/1195 10/1196/1196 11/1197/1197
f 237/1198/1198 278/1199/1199 84/1200/1200
f 24/1201/1201 13/1202/1202 274/1203/1203
f 23/1204/1204 1/1205/1205 227/1206/1206
f 216/1207/1207 7/1208/1208 22/1209/1209
f 216/1210/1210 22/1211/1211 227/1212/1212
f 237/1213/1213 168/1214/1214 129/1215/1215
f 84/1216/1216 278/1217/1217 166/1218/1218
f 261/1219/1219 168/1220/1220 169/1221/1221
f 203/1222/1222 180/1223/1223 277/1224/1224
f 248/1225/1225 249/1226/1226 196/1227/1227
f 248/1228/1228 196/1229/1229 233/1230/1230
f 1/1231/1231 245/1232/1232 248/1233/1233
f 1/1234/1234 248/1235/1235 233/1236/1236
f 19/1237/1237 262/1238/1238 244/1239/1239
f 19/1240/1240 244/1241/1241 18/1242/1242
f 20/1243/1243 238/1244/1244 239/1245/1245
f 20/1246/1246 239/1247/1247 25/1248/1248
f 277/1249/1249 243/1250/1250 203/1251/1251
f 227/1252/1252 264/1253/1253 230/1254/1254
f 250/1255/1255 239/1256/1256 183/1257/1257
f 273/1258/1258 166/1259/1259 3/1260/1260
f 273/1261/1261 3/1262/1262 17/1263/1263
f 273/1264/1264 210/1265/1265 209/1266/1266
f 228/1267/1267 204/1268/1268 94/1269/1269
f 21/1270/1270 175/1271/1271 176/1272/1272
f 21/1273/1273 176/1274/1274 252/1275/1275
f 240/1276/1276 173/1277/1277 174/1278/1278
f 174/1279/1279 173/1280/1280 204/1281/1281
f 8/1282/1282 237/1283/1283 262/1284/1284
f 8/1285/1285 262/1286/1286 19/1287/1287
f 240/1288/1288 172/1289/1289 173/1290/1290
f 173/1291/1291 172/1292/1292 204/1293/1293
f 174/1294/1294 175/1295/1295 21/1296/1296
f 228/1297/1297 175/1298/1298 174/1299/1299
f 240/1300/1300 171/1301/1301 172/1302/1302
f 172/1303/1303 171/1304/1304 204/1305/1305
f 271/1306/1306 268/1307/1307 247/1308/1308
f 271/1309/1309 247/1310/1310 270/1311/1311
f 272/1312/1312 212/1313/1313 268/1314/1314
f 272/1315/1315 268/1316/1316 271/1317/1317
f 270/1318/1318 247/1319/1319 267/1320/1320
f 270/1321/1321 267/1322/1322 269/1323/1323
f 269/1324/1324 267/1325/1325 212/1326/1326
f 269/1327/1327 212/1328/1328 272/1329/1329
f 192/1330/1330 267/1331/1331 162/1332/1332
f 191/1333/1333 268/1334/1334 190/1335/1335
f 221/1336/1336 256/1337/1337 255/1338/1338
f 221/1339/1339 255/1340/1340 191/1341/1341
f 227/1342/1342 22/1343/1343 23/1344/1344
f 162/1345/1345 255/1346/1346 256/1347/1347
f 162/1348/1348 256/1349/1349 164/1350/1350
f 218/1351/1351 177/1352/1352 240/1353/1353
f 218/1354/1354 240/1355/1355 252/1356/1356
f 265/1357/1357 196/1358/1358 249/1359/1359
f 265/1360/1360 249/1361/1361 165/1362/1362
f 236/1363/1363 229/1364/1364 185/1365/1365
f 236/1366/1366 185/1367/1367 251/1368/1368
f 182/1369/1369 239/1370/1370 238/1371/1371
f 182/1372/1372 238/1373/1373 181/1374/1374
f 242/1375/1375 200/1376/1376 170/1377/1377
f 217/1378/1378 171/1379/1379 240/1380/1380
f 217/1381/1381 240/1382/1382 263/1383/1383
f 180/1384/1384 244/1385/1385 261/1386/1386
f 237/1387/1387 167/1388/1388 278/1389/1389
f 178/1390/1390 201/1391/1391 242/1392/1392
f 83/1393/1393 178/1394/1394 241/1395/1395
f 83/1396/1396 241/1397/1397 254/1398/1398
f 50/1399/1399 181/1400/1400 238/1401/1401
f 165/1402/1402 246/1403/1403 195/1404/1404
f 165/1405/1405 195/1406/1406 265/1407/1407
f 191/1408/1408 255/1409/1409 247/1410/1410
f 195/1411/1411 246/1412/1412 257/1413/1413
f 225/1414/1414 187/1415/1415 246/1416/1416
f 225/1417/1417 246/1418/1418 165/1419/1419
f 249/1420/1420 248/1421/1421 251/1422/1422
f 251/1423/1423 185/1424/1424 186/1425/1425
f 251/1426/1426 186/1427/1427 249/1428/1428
f 257/1429/1429 246/1430/1430 187/1431/1431
f 247/1432/1432 255/1433/1433 162/1434/1434
f 188/1435/1435 224/1436/1436 253/1437/1437
f 188/1438/1438 253/1439/1439 257/1440/1440
f 270/1441/1441 253/1442/1442 224/1443/1443
f 270/1444/1444 224/1445/1445 271/1446/1446
f 213/1447/1447 194/1448/1448 257/1449/1449
f 213/1450/1450 257/1451/1451 253/1452/1452
f 269/1453/1453 213/1454/1454 253/1455/1455
f 269/1456/1456 253/1457/1457 270/1458/1458
f 239/1459/1459 182/1460/1460 183/1461/1461
f 245/1462/1462 236/1463/1463 251/1464/1464
f 245/1465/1465 251/1466/1466 248/1467/1467
f 250/1468/1468 236/1469/1469 274/1470/1470
f 261/1471/1471 244/1472/1472 262/1473/1473
f 165/1474/1474 249/1475/1475 186/1476/1476
f 165/1477/1477 186/1478/1478 225/1479/1479
f 266/1480/1480 215/1481/1481 196/1482/1482
f 266/1483/1483 196/1484/1484 265/1485/1485
f 50/1486/1486 180/1487/1487 231/1488/1488
f 232/1489/1489 167/1490/1490 12/1491/1491
f 232/1492/1492 12/1493/1493 16/1494/1494
f 266/1495/1495 211/1496/1496 187/1497/1497
f 266/1498/1498 187/1499/1499 225/1500/1500
f 16/1501/1501 15/1502/1502 197/1503/1503
f 16/1504/1504 197/1505/1505 232/1506/1506
f 180/1507/1507 210/1508/1508 231/1509/1509
f 258/1510/1510 222/1511/1511 223/1512/1512
f 258/1513/1513 223/1514/1514 259/1515/1515
f 18/1516/1516 244/1517/1517 238/1518/1518
f 18/1519/1519 238/1520/1520 20/1521/1521
f 190/1522/1522 212/1523/1523 220/1524/1524
f 202/1525/1525 243/1526/1526 277/1527/1527
f 207/1528/1528 223/1529/1529 222/1530/1530
f 207/1531/1531 222/1532/1532 179/1533/1533
f 179/1534/1534 222/1535/1535 220/1536/1536
f 239/1537/1537 250/1538/1538 275/1539/1539
f 12/1540/1540 237/1541/1541 8/1542/1542
f 12/1543/1543 167/1544/1544 237/1545/1545
f 276/1546/1546 180/1547/1547 203/1548/1548
f 180/1549/1549 261/1550/1550 277/1551/1551
f 261/1552/1552 169/1553/1553 189/1554/1554
f 276/1555/1555 202/1556/1556 189/1557/1557
f 189/1558/1558 202/1559/1559 277/1560/1560
f 189/1561/1561 169/1562/1562 209/1563/1563
f 189/1564/1564 277/1565/1565 261/1566/1566
f 261/1567/1567 262/1568/1568 129/1569/1569
f 231/1570/1570 181/1571/1571 50/1572/1572
f 238/1573/1573 244/1574/1574 180/1575/1575
f 238/1576/1576 180/1577/1577 50/1578/1578
f 274/1579/1579 275/1580/1580 250/1581/1581
f 116/1582/1582 141/1583/1583 140/1584/1584
f 274/1585/1585 245/1586/1586 24/1587/1587
f 24/1588/1588 111/1589/1589 140/1590/1590
f 183/1591/1591 229/1592/1592 236/1593/1593
f 49/1594/1594 116/1595/1595 102/1596/1596
f 93/1597/1597 130/1598/1598 99/1599/1599
f 233/1600/1600 264/1601/1601 227/1602/1602
f 96/1603/1603 49/1604/1604 95/1605/1605
f 264/1606/1606 185/1607/1607 229/1608/1608
f 130/1609/1609 96/1610/1610 95/1611/1611
f 229/1612/1612 230/1613/1613 264/1614/1614
f 82/1615/1615 96/1616/1616 93/1617/1617
f 227/1618/1618 230/1619/1619 216/1620/1620
f 187/1621/1621 211/1622/1622 226/1623/1623
f 53/1624/1624 54/1625/1625 92/1626/1626
f 92/1627/1627 60/1628/1628 61/1629/1629
f 195/1630/1630 194/1631/1631 226/1632/1632
f 123/1633/1633 54/1634/1634 53/1635/1635
f 61/1636/1636 60/1637/1637 123/1638/1638
f 257/1639/1639 194/1640/1640 195/1641/1641
f 187/1642/1642 188/1643/1643 257/1644/1644
f 247/1645/1645 268/1646/1646 191/1647/1647
f 162/1648/1648 267/1649/1649 247/1650/1650
f 113/1651/1651 133/1652/1652 28/1653/1653
f 57/1654/1654 134/1655/1655 113/1656/1656
