v 0.000029 8.176400 0.004005
v -0.004988 10.149544 1.138724
v 0.000072 13.600757 0.800986
v 0.000056 14.090727 0.437969
v -0.003688 10.955859 1.137518
v -0.000038 11.250515 1.172193
v -0.009861 9.071259 1.156040
v -0.000071 13.589296 -1.327273
v 0.000003 11.548847 1.387835
v -0.000001 14.627003 0.575878
v 0.000009 14.248767 0.541296
v -0.000048 14.084830 -0.819494
v 0.014392 8.775868 -1.353647
v 0.012607 9.319724 -1.322268
v 0.000073 14.643192 -0.699533
v -0.000045 14.286117 -0.705952
v 0.000088 13.045540 1.295017
v -0.000291 12.016102 -1.511121
v -0.000227 13.036209 -1.514826
v -0.000312 10.944434 -1.064314
v -1.661362 12.484733 3.318177
v -0.011264 8.334054 1.069754
v -0.009431 8.194501 0.890320
v 0.011158 8.182227 -1.049492
v 0.004263 9.998123 -0.970867
v -3.670937 11.831781 0.685835
v -3.593048 11.379419 0.619686
v -0.277780 0.208213 -0.802734
v -3.224730 11.743835 0.632371
v -0.282740 -0.005853 -0.802299
v -0.838839 5.224326 -0.458099
v -0.991635 13.603903 0.659326
v -0.694125 14.089563 -0.188133
v -2.175455 13.591444 -0.258529
v -2.528629 13.247375 -0.213190
v -2.763352 12.265756 0.358211
v -1.785114 13.272833 1.269598
v -1.900597 13.607617 1.768788
v -1.923853 13.684781 2.353417
v -1.871010 13.379715 2.190710
v -1.063310 13.186804 2.287127
v -1.061850 12.722022 2.230657
v -1.779953 12.758646 1.494847
v -2.926458 11.856371 1.480468
v -0.578886 0.214620 1.976112
v -1.852203 11.974171 0.040761
v -1.468900 10.957644 0.003764
v -1.431750 10.184388 -0.009518
v -1.431621 9.711156 -0.010545
v 1.557355 11.571259 0.007615
v -1.705706 7.490838 0.040628
v -1.605810 5.631341 0.288819
v -1.639876 4.802527 0.259128
v -1.693355 3.908706 0.074950
v -2.454742 13.143348 -0.086297
v -1.429867 0.538772 -0.029201
v -1.383389 0.205619 -0.801717
v -0.307919 0.542805 -0.028826
v -1.827296 12.751021 1.428493
v -0.201641 3.929606 0.209993
v -0.284051 4.796243 0.379643
v -0.277699 5.617656 0.407548
v -0.614336 14.659534 -0.102037
v -0.941585 10.949789 0.905508
v -0.914940 10.152265 0.945824
v -3.162039 11.876490 0.326553
v -3.437950 11.412162 1.189898
v -3.528255 12.058175 0.615294
v -2.912577 11.437283 0.481842
v -1.542253 12.977106 1.354289
v -2.496661 11.697500 0.868032
v -2.984556 11.332097 0.682990
v -0.577429 0.000576 1.976064
v -3.030512 11.863571 0.943540
v -1.886338 12.901923 0.536846
v -1.115161 11.529600 1.164745
v -0.983261 4.805312 1.134011
v -0.887013 0.813441 0.556788
v -0.196374 3.177181 0.062922
v -1.009124 12.974836 2.667635
v -0.989046 5.677761 1.286603
v 1.985617 12.443744 0.137257
v -0.750182 12.742727 2.856333
v 1.978958 13.747928 -0.291080
v -0.964580 3.137052 0.811138
v -0.862111 0.559787 0.985753
v -1.374375 -0.010100 -0.801274
v -1.257969 0.211911 1.980372
v -1.253199 -0.002119 1.981185
v -1.665962 3.183977 -0.067706
v -1.623404 5.242949 0.309607
v -0.973944 3.861804 0.954181
v -0.342015 8.407743 0.936506
v -1.675455 12.713440 3.046382
v -1.670598 8.761738 -0.048648
v -0.915886 9.925751 0.926464
v -1.005430 11.249260 0.948970
v -0.644604 14.323691 -0.126463
v -0.092974 7.481371 0.172317
v -0.185076 0.000705 1.212808
v -3.128762 11.284250 0.565350
v -1.066462 8.750263 -0.946774
v -0.996143 13.589724 -1.327355
v -0.702832 10.944478 -1.064242
v -0.599039 9.998146 -0.973395
v -2.023203 13.098967 1.390794
v -3.221384 12.426043 1.028463
v -3.599541 11.949990 0.819594
v -3.425907 11.644897 0.139163
v -0.757106 12.016150 -1.511043
v -0.399269 8.161913 -1.047366
v -0.842016 4.822641 -0.517128
v -0.817153 0.876449 -1.005334
v -0.573248 7.339911 -0.812690
v -0.840537 5.598228 -0.450032
v -0.942566 9.319971 -0.921518
v -0.916077 7.341943 -0.843213
v 1.681281 13.349566 0.279136
v -0.823735 3.275996 -0.834383
v -2.134587 13.093021 1.231018
v -0.867037 0.207160 -1.035664
v -0.862951 -0.006874 -1.035226
v -0.823950 3.990464 -0.765586
v -1.722162 0.208189 1.213102
v -1.696951 -0.005767 1.213547
v -0.184032 0.214758 1.213717
v -2.179034 12.758591 -0.861910
v -1.127476 13.036280 -1.514709
v 1.814429 13.077674 -0.851308
v -0.985523 7.669762 1.184641
v -0.271814 5.232956 0.429833
v -0.990726 5.244450 1.315040
v -0.348624 0.827176 -0.224877
v -1.385902 0.830691 -0.303253
v -0.348442 1.224159 -0.251907
v -0.823144 1.279125 -0.935431
v -1.416219 1.227689 -0.331348
v -0.908978 1.173325 0.372653
v -1.112661 13.057170 1.071745
v -0.529109 8.769139 -1.238179
v -0.560079 9.319795 -1.214899
v -2.178245 12.681642 0.539269
v -2.565452 12.490089 -0.578810
v -1.500018 13.820152 -0.224664
v -1.956148 13.044462 2.242384
v -1.747979 13.078234 2.074484
v -1.731947 12.846432 2.053638
v -1.940115 12.812660 2.221539
v -1.823178 12.563086 2.107014
v -2.050154 13.090010 1.290118
v -1.875676 13.105763 0.923854
v -1.815450 13.236275 1.123861
v -1.937627 12.743473 1.481302
v -1.676225 12.770692 1.151908
v -1.591842 12.926683 1.243865
v -1.652533 11.514454 0.004785
v -1.877169 13.792044 -0.256583
v -1.739094 13.190325 -0.966787
v -1.610943 13.258197 0.518470
v 0.966431 13.015347 1.584789
v 0.898796 12.400291 1.521138
v 0.277584 0.203027 -0.802248
v 0.565560 13.246377 1.185786
v 0.282417 -0.011038 -0.801172
v 0.832472 5.223317 -0.465184
v 0.991702 13.603778 0.659121
v 0.694085 14.089495 -0.188248
v 2.317848 13.516320 -0.282872
v 2.561390 13.207873 -0.180526
v -0.071305 13.380134 1.733894
v -1.042021 13.123517 3.117731
v -1.143978 12.880874 3.662840
v -1.593961 12.628728 3.949587
v -1.569341 12.666349 3.602801
v -2.120947 13.259019 3.398167
v -2.205046 13.168979 2.946467
v -1.066621 12.812998 2.817785
v 0.316300 12.329958 2.181727
v 0.578879 0.217184 1.976547
v 1.584179 12.142820 0.035314
v 1.416824 10.987652 0.006725
v 1.431300 10.184278 0.002480
v 1.431396 9.711083 0.007600
v -0.898358 13.306308 2.776693
v 1.709113 7.490051 0.026760
v 1.612868 5.629009 0.266330
v 1.647479 4.800477 0.234252
v 1.698591 3.906600 0.051285
v 2.194330 13.178443 0.135902
v 1.429920 0.535216 -0.029784
v 1.383192 0.199777 -0.801296
v 0.307975 0.539919 -0.029348
v -0.931981 12.821470 2.800322
v 0.209904 3.925600 0.216613
v 0.294397 4.792460 0.382332
v 0.287462 5.613638 0.412021
v 0.614346 14.659509 -0.102078
v 0.935517 10.949736 0.911409
v 0.894296 10.152271 0.958650
v 0.360292 13.224154 1.416284
v 0.823532 12.347107 1.647125
v 1.144282 13.067440 1.442552
v 0.592524 12.637932 0.900829
v -1.202488 13.075812 2.912076
v -0.184115 12.582656 1.661371
v 0.307568 12.571006 1.256509
v 0.577295 0.003142 1.977142
v 0.705470 13.252867 1.034599
v 1.766188 13.228214 0.090839
v 1.115071 11.529460 1.164515
v 1.008815 4.800253 1.122320
v 0.893047 0.811280 0.554825
v 0.202742 3.172926 0.070889
v -1.091941 13.076632 2.829783
v 1.016521 5.670624 1.276627
v 1.499929 13.819963 -0.224974
v -0.948878 13.196456 3.015579
v -1.751370 12.538912 2.811005
v 0.986065 3.134724 0.803353
v 0.862243 0.559214 0.985140
v 1.374049 -0.015933 -0.800207
v 1.257961 0.214084 1.980772
v 1.253064 0.000060 1.982227
v 1.669358 3.181602 -0.089618
v 1.630835 5.240786 0.285657
v 0.997281 3.859722 0.945010
v 0.324575 8.407743 0.944633
v -1.620138 12.748800 3.270264
v 1.664706 8.759563 -0.063668
v 0.910044 9.932649 0.938003
v 1.005233 11.249150 0.948792
v 0.644598 14.323653 -0.126525
v 0.099405 7.478627 0.191226
v 0.184890 0.001219 1.213914
v 0.479550 12.635413 1.108485
v 1.082113 8.750952 -0.924219
v 0.995798 13.589598 -1.327561
v 0.702207 10.944389 -1.064387
v 0.607564 9.998101 -0.968339
v -0.904192 12.887550 3.049525
v 0.465861 13.092150 2.293575
v 0.859238 13.002794 1.793051
v 1.052968 12.447269 1.319971
v 0.756524 12.016054 -1.511199
v 0.415236 8.162903 -1.035593
v 0.835612 4.821641 -0.524672
v 0.807054 0.871523 -1.005713
v 0.560727 7.343885 -0.805904
v 0.834330 5.598142 -0.456355
v 0.959945 9.319960 -0.903333
v 0.902861 7.346356 -0.843394
v -1.716681 12.449373 3.094294
v 0.812965 3.271276 -0.839165
v -0.645351 13.096691 2.962233
v 0.866825 0.200926 -1.035213
v 0.862611 -0.013104 -1.034133
v 0.812796 3.987212 -0.772809
v 1.722100 0.207787 1.213486
v 1.696762 -0.006152 1.214573
v 0.183975 0.215274 1.214182
v 2.076679 12.587635 -0.448802
v 1.127022 13.036138 -1.514942
v -0.790020 12.963967 2.999198
v 1.010375 7.660149 1.186174
v 0.281983 5.229074 0.433350
v 1.018767 5.238293 1.303757
v 0.351616 0.822747 -0.217400
v 1.387111 0.827295 -0.313701
v 0.352081 1.220060 -0.247509
v 0.815879 1.274470 -0.936620
v 1.418159 1.224228 -0.340273
v 0.915472 1.170364 0.369507
v 1.112745 13.057030 1.071515
v 0.555314 8.769139 -1.226650
v 0.583136 9.319787 -1.203972
v 1.578297 13.291047 0.118519
vt 0.538086 0.237305
vt 0.468750 0.181641
vt 0.489746 0.183105
vt 0.769531 0.987500
vt 0.791406 0.982031
vt 0.719531 0.955469
vt 0.485352 0.261719
vt 0.468750 0.181641
vt 0.494629 0.225586
vt 0.717969 0.954687
vt 0.791406 0.982031
vt 0.765234 0.942969
vt 0.764844 0.910937
vt 0.739062 0.903906
vt 0.765234 0.942969
vt 0.538086 0.237305
vt 0.520508 0.269531
vt 0.494629 0.225586
vt 0.740885 0.658854
vt 0.737512 0.630394
vt 0.696952 0.640112
vt 0.765234 0.942969
vt 0.739062 0.903906
vt 0.717969 0.954687
vt 0.347656 0.856771
vt 0.322266 0.871745
vt 0.319661 0.895833
vt 0.907552 0.102865
vt 0.864583 0.102865
vt 0.846354 0.208333
vt 0.907552 0.102865
vt 0.846354 0.208333
vt 0.910156 0.208333
vt 0.321777 0.901855
vt 0.321777 0.925781
vt 0.337402 0.925293
vt 0.307292 0.302083
vt 0.321875 0.271094
vt 0.318750 0.236719
vt 0.318750 0.235156
vt 0.320312 0.274219
vt 0.307292 0.302083
vt 0.260742 0.322266
vt 0.260156 0.260938
vt 0.305990 0.257812
vt 0.305990 0.257812
vt 0.260156 0.260938
vt 0.260742 0.322266
vt 0.291992 0.269531
vt 0.260156 0.260938
vt 0.260938 0.210156
vt 0.253906 0.961914
vt 0.253255 0.910807
vt 0.292969 0.911458
vt 0.317708 0.886068
vt 0.318359 0.922526
vt 0.293620 0.949870
vt 0.303906 0.944531
vt 0.322656 0.938281
vt 0.322656 0.897656
vt 0.321777 0.901855
vt 0.336914 0.901367
vt 0.337402 0.925293
vt 0.322266 0.901855
vt 0.322266 0.876465
vt 0.336426 0.875488
vt 0.423828 0.953776
vt 0.405599 0.908854
vt 0.459635 0.908854
vt 0.322656 0.897656
vt 0.305469 0.900781
vt 0.303906 0.944531
vt 0.745999 0.732382
vt 0.701412 0.738995
vt 0.711415 0.763366
vt 0.337402 0.925293
vt 0.321777 0.925781
vt 0.321777 0.901855
vt 0.319661 0.895833
vt 0.346354 0.890625
vt 0.347656 0.856771
vt 0.336426 0.875488
vt 0.336914 0.901367
vt 0.322266 0.901855
vt 0.307292 0.302083
vt 0.305990 0.257812
vt 0.318750 0.235156
vt 0.337402 0.925293
vt 0.336914 0.901367
vt 0.321777 0.901855
vt 0.571615 0.714844
vt 0.603125 0.600781
vt 0.634375 0.583594
vt 0.571615 0.714844
vt 0.634375 0.583594
vt 0.664062 0.601562
vt 0.571615 0.714844
vt 0.664062 0.601562
vt 0.677083 0.714844
vt 0.411133 0.353841
vt 0.430990 0.354818
vt 0.392076 0.388265
vt 0.846354 0.208333
vt 0.842448 0.361979
vt 0.871094 0.389323
vt 0.401568 0.470421
vt 0.400185 0.599657
vt 0.365538 0.601214
vt 0.401568 0.470421
vt 0.365538 0.601214
vt 0.365534 0.471975
vt 0.324870 0.390625
vt 0.296875 0.352865
vt 0.392076 0.388265
vt 0.296875 0.352865
vt 0.391276 0.352865
vt 0.392076 0.388265
vt 0.392076 0.388265
vt 0.430990 0.354818
vt 0.427083 0.386719
vt 0.427083 0.386719
vt 0.392876 0.423665
vt 0.392076 0.388265
vt 0.907552 0.102865
vt 0.910156 0.208333
vt 0.976562 0.208333
vt 0.907552 0.102865
vt 0.976562 0.208333
vt 0.945312 0.102865
vt 0.164714 0.300781
vt 0.147786 0.300130
vt 0.147786 0.263021
vt 0.164714 0.300781
vt 0.147786 0.263021
vt 0.166016 0.263021
vt 0.166016 0.263021
vt 0.147786 0.263021
vt 0.148438 0.236328
vt 0.166016 0.263021
vt 0.148438 0.236328
vt 0.164714 0.236328
vt 0.158594 0.934766
vt 0.145703 0.935156
vt 0.145703 0.906250
vt 0.158594 0.934766
vt 0.145703 0.906250
vt 0.158984 0.906250
vt 0.158984 0.906250
vt 0.145149 0.906291
vt 0.144922 0.874609
vt 0.158984 0.906250
vt 0.144922 0.874609
vt 0.158594 0.874609
vt 0.147786 0.300130
vt 0.130208 0.300130
vt 0.130859 0.263672
vt 0.147786 0.300130
vt 0.130859 0.263672
vt 0.147786 0.263021
vt 0.164714 0.236328
vt 0.260938 0.210156
vt 0.259766 0.263021
vt 0.164714 0.236328
vt 0.259766 0.263021
vt 0.166016 0.263021
vt 0.145703 0.935156
vt 0.129297 0.935156
vt 0.129297 0.906641
vt 0.145703 0.935156
vt 0.129297 0.906641
vt 0.145703 0.906250
vt 0.159375 0.870313
vt 0.251953 0.849609
vt 0.252011 0.906578
vt 0.159375 0.870313
vt 0.252011 0.906578
vt 0.159375 0.906250
vt 0.075466 0.306041
vt 0.029855 0.308683
vt 0.075437 0.290303
vt 0.058166 0.260570
vt 0.121019 0.271922
vt 0.069103 0.290258
vt 0.047656 0.235937
vt 0.121019 0.271922
vt 0.058166 0.260570
vt 0.064231 0.908136
vt 0.123418 0.900767
vt 0.060893 0.926969
vt 0.064231 0.908136
vt 0.005044 0.915506
vt 0.027961 0.879477
vt 0.064231 0.908136
vt 0.027961 0.879477
vt 0.075690 0.890122
vt 0.401568 0.470421
vt 0.400185 0.599657
vt 0.365538 0.601214
vt 0.401568 0.470421
vt 0.365538 0.601214
vt 0.365534 0.471975
vt 0.075690 0.890122
vt 0.027961 0.879477
vt 0.074713 0.878658
vt 0.387152 0.818648
vt 0.385243 0.795578
vt 0.429036 0.796875
vt 0.387152 0.818648
vt 0.429036 0.796875
vt 0.429688 0.819010
vt 0.958333 0.425781
vt 0.976562 0.208333
vt 0.910156 0.208333
vt 0.740885 0.658854
vt 0.695312 0.661458
vt 0.701412 0.738995
vt 0.740885 0.658854
vt 0.701412 0.738995
vt 0.745999 0.732382
vt 0.698242 0.664062
vt 0.620670 0.663738
vt 0.624576 0.740928
vt 0.698242 0.664062
vt 0.624576 0.740928
vt 0.701412 0.738995
vt 0.677083 0.714844
vt 0.649219 0.767969
vt 0.598958 0.768229
vt 0.677083 0.714844
vt 0.598958 0.768229
vt 0.571615 0.714844
vt 0.293620 0.949870
vt 0.292969 0.911458
vt 0.317708 0.886068
vt 0.074713 0.878658
vt 0.121464 0.877839
vt 0.123418 0.900767
vt 0.074713 0.878658
vt 0.123418 0.900767
vt 0.075690 0.890122
vt 0.292969 0.911458
vt 0.293620 0.949870
vt 0.253906 0.961914
vt 0.158984 0.906250
vt 0.252011 0.906578
vt 0.253906 0.961914
vt 0.158984 0.906250
vt 0.253906 0.961914
vt 0.158594 0.935156
vt 0.392090 0.873047
vt 0.459635 0.908854
vt 0.405599 0.908854
vt 0.717969 0.954687
vt 0.685060 0.973129
vt 0.747656 0.992969
vt 0.405599 0.908854
vt 0.336914 0.901367
vt 0.337240 0.860677
vt 0.336589 0.925781
vt 0.336914 0.901367
vt 0.405599 0.908854
vt 0.318750 0.236719
vt 0.305990 0.257812
vt 0.307292 0.302083
vt 0.260742 0.322266
vt 0.307292 0.302083
vt 0.305990 0.257812
vt 0.145149 0.906291
vt 0.129883 0.906250
vt 0.130078 0.874609
vt 0.145149 0.906291
vt 0.130078 0.874609
vt 0.144922 0.874609
vt 0.717969 0.954687
vt 0.625000 0.958594
vt 0.624219 0.971094
vt 0.739062 0.903906
vt 0.742498 0.798493
vt 0.624576 0.800003
vt 0.739062 0.903906
vt 0.624576 0.800003
vt 0.624576 0.902967
vt 0.000000 0.000000
vt 0.000000 0.000000
vt 0.000000 0.000000
vt 0.180990 0.658854
vt 0.238281 0.716146
vt 0.188802 0.717448
vt 0.765234 0.942969
vt 0.791406 0.982031
vt 0.764844 0.910937
vt 0.742498 0.798493
vt 0.764844 0.911719
vt 0.784375 0.824219
vt 0.340495 0.425781
vt 0.324870 0.390625
vt 0.392876 0.423665
vt 0.429036 0.796875
vt 0.385243 0.795578
vt 0.389060 0.712915
vt 0.387152 0.818648
vt 0.386068 0.839193
vt 0.337891 0.839193
vt 0.387152 0.818648
vt 0.337891 0.839193
vt 0.339193 0.817057
vt 0.187500 0.769531
vt 0.146040 0.768731
vt 0.146040 0.716464
vt 0.187500 0.769531
vt 0.146040 0.716464
vt 0.188802 0.717448
vt 0.389060 0.712915
vt 0.385243 0.795578
vt 0.327474 0.796875
vt 0.392876 0.423665
vt 0.427083 0.386719
vt 0.429036 0.424479
vt 0.309447 0.710421
vt 0.315879 0.638092
vt 0.389060 0.640586
vt 0.309447 0.710421
vt 0.389060 0.640586
vt 0.389060 0.712915
vt 0.392876 0.423665
vt 0.296875 0.352865
vt 0.324870 0.390625
vt 0.401568 0.470421
vt 0.400185 0.599657
vt 0.365538 0.601214
vt 0.401568 0.470421
vt 0.365538 0.601214
vt 0.365534 0.471975
vt 0.427083 0.386719
vt 0.430990 0.354818
vt 0.392876 0.423665
vt 0.390625 0.465820
vt 0.389060 0.640586
vt 0.315879 0.638092
vt 0.390625 0.465820
vt 0.315879 0.638092
vt 0.347656 0.466797
vt 0.440044 0.638092
vt 0.445031 0.712915
vt 0.389060 0.712915
vt 0.440044 0.638092
vt 0.389060 0.712915
vt 0.389060 0.640586
vt 0.433594 0.466146
vt 0.440044 0.638092
vt 0.389060 0.640586
vt 0.433594 0.466146
vt 0.389060 0.640586
vt 0.393229 0.467448
vt 0.696952 0.640112
vt 0.623698 0.580729
vt 0.622396 0.664062
vt 0.711415 0.763366
vt 0.701412 0.738995
vt 0.624576 0.740928
vt 0.711415 0.763366
vt 0.624576 0.740928
vt 0.624576 0.763366
vt 0.764844 0.910937
vt 0.791406 0.982031
vt 0.794531 0.936719
vt 0.742498 0.798493
vt 0.711415 0.763366
vt 0.624576 0.763366
vt 0.742498 0.798493
vt 0.624576 0.763366
vt 0.624576 0.800003
vt 0.145546 0.658937
vt 0.181973 0.659496
vt 0.146040 0.659496
vt 0.188802 0.826823
vt 0.146040 0.768731
vt 0.187500 0.769531
vt 0.624219 0.971094
vt 0.685060 0.973129
vt 0.717969 0.954687
vt 0.238281 0.716146
vt 0.282552 0.713542
vt 0.248230 0.806222
vt 0.685420 0.350733
vt 0.690358 0.346801
vt 0.620543 0.344369
vt 0.685420 0.350733
vt 0.620543 0.344369
vt 0.620688 0.348730
vt 0.146040 0.768731
vt 0.188802 0.826823
vt 0.146040 0.826306
vt 0.620688 0.348730
vt 0.620834 0.353062
vt 0.682401 0.361654
vt 0.620688 0.348730
vt 0.682401 0.361654
vt 0.685420 0.350733
vt 0.489746 0.183105
vt 0.510742 0.184570
vt 0.538086 0.237305
vt 0.188802 0.717448
vt 0.146040 0.716464
vt 0.145833 0.658854
vt 0.871094 0.389323
vt 0.842448 0.361979
vt 0.842448 0.386719
vt 0.904948 0.533854
vt 0.865885 0.393229
vt 0.840625 0.392188
vt 0.904948 0.533854
vt 0.840625 0.392188
vt 0.840625 0.482031
vt 0.494629 0.225586
vt 0.468750 0.181641
vt 0.538086 0.237305
vt 0.719531 0.955469
vt 0.747656 0.992969
vt 0.769531 0.987500
vt 0.794531 0.936719
vt 0.791406 0.982031
vt 0.764844 0.910937
vt 0.405599 0.908854
vt 0.392090 0.873047
vt 0.337240 0.860677
vt 0.151487 0.514231
vt 0.170573 0.407552
vt 0.215985 0.407214
vt 0.151487 0.514231
vt 0.215985 0.407214
vt 0.184896 0.511719
vt 0.151487 0.514231
vt 0.184896 0.511719
vt 0.180990 0.658854
vt 0.151487 0.514231
vt 0.180990 0.658854
vt 0.145833 0.658854
vt 0.626327 0.354942
vt 0.552734 0.354492
vt 0.521094 0.270312
vt 0.626327 0.354942
vt 0.521094 0.270312
vt 0.626327 0.270527
vt 0.626302 0.519531
vt 0.562500 0.520833
vt 0.553031 0.443666
vt 0.626302 0.519531
vt 0.553031 0.443666
vt 0.625000 0.444010
vt 0.337240 0.860677
vt 0.336914 0.901367
vt 0.405599 0.908854
vt 0.905469 0.535937
vt 0.910156 0.208333
vt 0.871094 0.389323
vt 0.248230 0.806222
vt 0.188802 0.826823
vt 0.223133 0.768731
vt 0.624576 0.902967
vt 0.625000 0.958594
vt 0.717969 0.954687
vt 0.624576 0.902967
vt 0.717969 0.954687
vt 0.739062 0.903906
vt 0.764844 0.910937
vt 0.742498 0.798493
vt 0.739062 0.903906
vt 0.075690 0.890122
vt 0.123418 0.900767
vt 0.064231 0.908136
vt 0.069103 0.290258
vt 0.017188 0.308594
vt -0.004688 0.249219
vt 0.069103 0.290258
vt -0.004688 0.249219
vt 0.058166 0.260570
vt 0.060156 0.235937
vt 0.060938 0.211719
vt 0.120320 0.272165
vt 0.122396 0.901693
vt 0.051432 0.978516
vt 0.056641 0.930990
vt 0.626327 0.270527
vt 0.521094 0.270312
vt 0.538281 0.238281
vt 0.626327 0.270527
vt 0.538281 0.238281
vt 0.625781 0.239062
vt 0.060938 0.211719
vt 0.097656 0.230469
vt 0.120320 0.272165
vt 0.122396 0.901693
vt 0.087891 0.952474
vt 0.051432 0.978516
vt 0.058166 0.260570
vt -0.004688 0.249219
vt 0.047656 0.235937
vt 0.060893 0.926969
vt 0.005044 0.915506
vt 0.064231 0.908136
vt 0.097656 0.230469
vt 0.120960 0.240444
vt 0.121019 0.271922
vt 0.122396 0.901693
vt 0.124045 0.936864
vt 0.089094 0.952823
vt 0.058594 0.471354
vt 0.057872 0.429583
vt 0.096354 0.432292
vt 0.058594 0.471354
vt 0.096354 0.432292
vt 0.098958 0.471354
vt 0.347656 0.466797
vt 0.340495 0.425781
vt 0.392876 0.423665
vt 0.347656 0.466797
vt 0.392876 0.423665
vt 0.392240 0.466363
vt 0.013021 0.473958
vt 0.029720 0.430025
vt 0.057872 0.429583
vt 0.013021 0.473958
vt 0.057872 0.429583
vt 0.054688 0.475260
vt 0.393229 0.467448
vt 0.392876 0.423665
vt 0.429036 0.424479
vt 0.393229 0.467448
vt 0.429036 0.424479
vt 0.433594 0.466146
vt 0.392876 0.423665
vt 0.429036 0.424479
vt 0.427083 0.386719
vt 0.324870 0.390625
vt 0.340495 0.425781
vt 0.392876 0.423665
vt 0.401568 0.470421
vt 0.400185 0.599657
vt 0.365538 0.601214
vt 0.401568 0.470421
vt 0.365538 0.601214
vt 0.365534 0.471975
vt 0.842448 0.361979
vt 0.842448 0.386719
vt 0.871094 0.389323
vt 0.401568 0.470421
vt 0.400185 0.599657
vt 0.365538 0.601214
vt 0.401568 0.470421
vt 0.365538 0.601214
vt 0.365534 0.471975
vt 0.075437 0.290303
vt 0.121019 0.271922
vt 0.121078 0.303400
vt 0.075437 0.290303
vt 0.121078 0.303400
vt 0.075466 0.306041
vt 0.063267 0.831325
vt 0.061468 0.854906
vt 0.005208 0.856771
vt 0.063267 0.831325
vt 0.005208 0.856771
vt 0.013021 0.829427
vt 0.239583 0.511719
vt 0.282552 0.511719
vt 0.282552 0.713542
vt 0.239583 0.511719
vt 0.282552 0.713542
vt 0.238281 0.716146
vt 0.509115 0.444010
vt 0.553385 0.442708
vt 0.562500 0.522135
vt 0.509115 0.444010
vt 0.562500 0.522135
vt 0.522135 0.520833
vt 0.260938 0.210156
vt 0.293945 0.227539
vt 0.291992 0.269531
vt 0.147786 0.263021
vt 0.130859 0.263672
vt 0.131510 0.236979
vt 0.147786 0.263021
vt 0.131510 0.236979
vt 0.148438 0.236328
vt 0.485352 0.262695
vt 0.552734 0.354492
vt 0.465820 0.333008
vt 0.511719 0.185938
vt 0.549219 0.196094
vt 0.537500 0.238281
vt 0.305990 0.257812
vt 0.307292 0.302083
vt 0.260742 0.322266
vt 0.166016 0.263021
vt 0.259766 0.263021
vt 0.259680 0.321884
vt 0.166016 0.263021
vt 0.259680 0.321884
vt 0.164714 0.300781
vt 0.553031 0.443666
vt 0.508789 0.444336
vt 0.487305 0.388672
vt 0.013021 0.829427
vt 0.013021 0.794271
vt 0.062500 0.794271
vt 0.013021 0.829427
vt 0.062500 0.794271
vt 0.063267 0.831325
vt 0.057872 0.429583
vt 0.059935 0.359080
vt 0.099963 0.358443
vt 0.061468 0.723255
vt 0.062500 0.794271
vt 0.013021 0.794271
vt 0.063267 0.831325
vt 0.062500 0.794271
vt 0.115885 0.792969
vt 0.063267 0.831325
vt 0.115885 0.792969
vt 0.097656 0.828125
vt 0.239583 0.511719
vt 0.184896 0.511719
vt 0.215985 0.407214
vt 0.215985 0.407214
vt 0.250000 0.407552
vt 0.282552 0.511719
vt 0.215985 0.407214
vt 0.282552 0.511719
vt 0.239583 0.511719
vt 0.115885 0.792969
vt 0.062500 0.794271
vt 0.061468 0.723255
vt 0.024848 0.359718
vt 0.059935 0.359080
vt 0.057872 0.429583
vt 0.061468 0.723255
vt 0.061468 0.649327
vt 0.130435 0.646778
vt 0.061468 0.723255
vt 0.130435 0.646778
vt 0.136497 0.720706
vt 0.098958 0.471354
vt 0.130435 0.646778
vt 0.061468 0.649327
vt 0.098958 0.471354
vt 0.061468 0.649327
vt 0.058594 0.471354
vt 0.061468 0.649327
vt 0.061468 0.723255
vt 0.008720 0.723255
vt 0.061468 0.649327
vt 0.008720 0.723255
vt 0.013420 0.646778
vt 0.054688 0.475260
vt 0.061468 0.649327
vt 0.013420 0.646778
vt 0.054688 0.475260
vt 0.013420 0.646778
vt 0.013021 0.473958
vt 0.248230 0.806222
vt 0.248230 0.836998
vt 0.197382 0.826306
vt 0.184896 0.511719
vt 0.239583 0.511719
vt 0.238281 0.716146
vt 0.184896 0.511719
vt 0.238281 0.716146
vt 0.180990 0.658854
vt 0.188802 0.717448
vt 0.238281 0.716146
vt 0.223133 0.768731
vt 0.521094 0.270312
vt 0.552734 0.354492
vt 0.485352 0.261719
vt 0.097656 0.828125
vt 0.106771 0.854167
vt 0.061468 0.854906
vt 0.097656 0.828125
vt 0.061468 0.854906
vt 0.063267 0.831325
vt 0.429688 0.819010
vt 0.428385 0.839193
vt 0.386068 0.839193
vt 0.429688 0.819010
vt 0.386068 0.839193
vt 0.387152 0.818648
vt 0.711415 0.763366
vt 0.795898 0.823242
vt 0.770949 0.777812
vt 0.622045 0.263501
vt 0.621932 0.276520
vt 0.681224 0.271313
vt 0.622045 0.263501
vt 0.681224 0.271313
vt 0.677030 0.265600
vt 0.339844 0.816406
vt 0.327474 0.796875
vt 0.385243 0.795578
vt 0.339844 0.816406
vt 0.385243 0.795578
vt 0.387152 0.818648
vt 0.689326 0.260890
vt 0.686308 0.271810
vt 0.624715 0.274369
vt 0.689326 0.260890
vt 0.624715 0.274369
vt 0.624582 0.262335
vt 0.711415 0.763366
vt 0.742498 0.798493
vt 0.795898 0.823242
vt 0.401568 0.470421
vt 0.400185 0.599657
vt 0.365538 0.601214
vt 0.401568 0.470421
vt 0.365538 0.601214
vt 0.365534 0.471975
vt 0.625000 0.444010
vt 0.553031 0.443666
vt 0.552734 0.354492
vt 0.625000 0.444010
vt 0.552734 0.354492
vt 0.626327 0.354942
vt 0.392076 0.388265
vt 0.392876 0.423665
vt 0.324870 0.390625
vt 0.405599 0.908854
vt 0.336914 0.901367
vt 0.336589 0.925781
vt 0.401568 0.470421
vt 0.400185 0.599657
vt 0.365538 0.601214
vt 0.401568 0.470421
vt 0.365538 0.601214
vt 0.365534 0.471975
vt 0.392076 0.388265
vt 0.391276 0.352865
vt 0.411133 0.353841
vt 0.187500 0.769531
vt 0.223133 0.768731
vt 0.188802 0.826823
vt 0.626562 0.228906
vt 0.538281 0.237500
vt 0.625781 0.238281
vt 0.537500 0.238281
vt 0.550000 0.196094
vt 0.626562 0.228906
vt 0.337240 0.860677
vt 0.392090 0.873047
vt 0.405599 0.908854
vt 0.405599 0.908854
vt 0.459635 0.908854
vt 0.392090 0.873047
vt 0.428819 0.956597
vt 0.432292 0.959635
vt 0.477431 0.928385
vt 0.423828 0.953776
vt 0.336589 0.925781
vt 0.405599 0.908854
vt 0.405599 0.908854
vt 0.336589 0.925781
vt 0.423828 0.953776
vt 0.477431 0.928385
vt 0.432292 0.959635
vt 0.428819 0.956597
vt 0.459635 0.908854
vt 0.405599 0.908854
vt 0.423828 0.953776
vt 0.494629 0.225586
vt 0.520508 0.269531
vt 0.485352 0.261719
vt 0.770949 0.777812
vt 0.745999 0.732382
vt 0.711415 0.763366
vt 0.487305 0.388672
vt 0.465820 0.333008
vt 0.552734 0.354492
vt 0.487305 0.388672
vt 0.552734 0.354492
vt 0.553031 0.443666
vt 0.489746 0.183105
vt 0.468750 0.181641
vt 0.538086 0.237305
vt 0.719531 0.955469
vt 0.791406 0.982031
vt 0.769531 0.987500
vt 0.494629 0.225586
vt 0.468750 0.181641
vt 0.485352 0.261719
vt 0.765234 0.942969
vt 0.791406 0.982031
vt 0.717969 0.954687
vt 0.765234 0.942969
vt 0.739062 0.903906
vt 0.764844 0.910937
vt 0.494629 0.225586
vt 0.520508 0.269531
vt 0.538086 0.237305
vt 0.696952 0.640112
vt 0.737512 0.630394
vt 0.740885 0.658854
vt 0.717969 0.954687
vt 0.739062 0.903906
vt 0.765234 0.942969
vt 0.319661 0.895833
vt 0.322266 0.871745
vt 0.347656 0.856771
vt 0.846354 0.208333
vt 0.864583 0.102865
vt 0.907552 0.102865
vt 0.846354 0.208333
vt 0.907552 0.102865
vt 0.910156 0.208333
vt 0.337402 0.925293
vt 0.321777 0.925781
vt 0.321777 0.901855
vt 0.318750 0.236719
vt 0.321875 0.271094
vt 0.307292 0.302083
vt 0.307292 0.302083
vt 0.320312 0.274219
vt 0.318750 0.235156
vt 0.305990 0.257812
vt 0.260156 0.260938
vt 0.260742 0.322266
vt 0.260742 0.322266
vt 0.260156 0.260938
vt 0.305990 0.257812
vt 0.260938 0.210156
vt 0.260156 0.260938
vt 0.291992 0.269531
vt 0.292969 0.911458
vt 0.253255 0.910807
vt 0.253906 0.961914
vt 0.293620 0.949870
vt 0.318359 0.922526
vt 0.317708 0.886068
vt 0.322656 0.897656
vt 0.322656 0.938281
vt 0.303906 0.944531
vt 0.337402 0.925293
vt 0.336426 0.901367
vt 0.321777 0.901855
vt 0.337402 0.874023
vt 0.322266 0.873535
vt 0.321777 0.901855
vt 0.459635 0.908854
vt 0.405599 0.908854
vt 0.423828 0.953776
vt 0.303906 0.944531
vt 0.305469 0.900781
vt 0.322656 0.897656
vt 0.711415 0.763366
vt 0.701412 0.738995
vt 0.745999 0.732382
vt 0.321777 0.901855
vt 0.321777 0.925781
vt 0.337402 0.925293
vt 0.347656 0.856771
vt 0.346354 0.890625
vt 0.319661 0.895833
vt 0.321777 0.901855
vt 0.336426 0.901367
vt 0.337402 0.874023
vt 0.318750 0.235156
vt 0.305990 0.257812
vt 0.307292 0.302083
vt 0.321777 0.901855
vt 0.336914 0.901367
vt 0.337402 0.925293
vt 0.677083 0.714844
vt 0.664062 0.601562
vt 0.634375 0.583594
vt 0.677083 0.714844
vt 0.634375 0.583594
vt 0.603125 0.600781
vt 0.677083 0.714844
vt 0.603125 0.600781
vt 0.571615 0.714844
vt 0.392076 0.388265
vt 0.430990 0.354818
vt 0.411133 0.353841
vt 0.871094 0.388021
vt 0.842448 0.361979
vt 0.846354 0.208333
vt 0.401568 0.470421
vt 0.400185 0.599657
vt 0.365538 0.601214
vt 0.401568 0.470421
vt 0.365538 0.601214
vt 0.365534 0.471975
vt 0.392076 0.388265
vt 0.296875 0.352865
vt 0.324870 0.390625
vt 0.392076 0.388265
vt 0.391276 0.352865
vt 0.296875 0.352865
vt 0.427083 0.386719
vt 0.430990 0.354818
vt 0.392076 0.388265
vt 0.392076 0.388265
vt 0.392876 0.423665
vt 0.427083 0.386719
vt 0.945312 0.102865
vt 0.977865 0.208333
vt 0.910156 0.208333
vt 0.945312 0.102865
vt 0.910156 0.208333
vt 0.907552 0.102865
vt 0.960938 0.427083
vt 0.936731 0.524926
vt 0.903646 0.535156
vt 0.166016 0.263021
vt 0.147786 0.263021
vt 0.147786 0.300130
vt 0.166016 0.263021
vt 0.147786 0.300130
vt 0.164714 0.300781
vt 0.164714 0.236328
vt 0.148438 0.236328
vt 0.147786 0.263021
vt 0.164714 0.236328
vt 0.147786 0.263021
vt 0.166016 0.263021
vt 0.158984 0.906250
vt 0.145703 0.906250
vt 0.145703 0.935156
vt 0.158984 0.906250
vt 0.145703 0.935156
vt 0.158594 0.934766
vt 0.158594 0.874609
vt 0.144922 0.874609
vt 0.145149 0.906291
vt 0.158594 0.874609
vt 0.145149 0.906291
vt 0.158984 0.906250
vt 0.147786 0.263021
vt 0.130859 0.263672
vt 0.130208 0.300130
vt 0.147786 0.263021
vt 0.130208 0.300130
vt 0.147786 0.300130
vt 0.166016 0.263021
vt 0.259766 0.263021
vt 0.260938 0.210156
vt 0.166016 0.263021
vt 0.260938 0.210156
vt 0.164714 0.236328
vt 0.145703 0.906250
vt 0.129297 0.906641
vt 0.129297 0.935156
vt 0.145703 0.906250
vt 0.129297 0.935156
vt 0.145703 0.935156
vt 0.159375 0.906250
vt 0.252011 0.906578
vt 0.251953 0.849609
vt 0.159375 0.906250
vt 0.251953 0.849609
vt 0.159375 0.870313
vt 0.075437 0.290303
vt 0.029855 0.308683
vt 0.075466 0.306041
vt 0.069103 0.290258
vt 0.121019 0.271922
vt 0.058166 0.260570
vt 0.058166 0.260570
vt 0.121019 0.271922
vt 0.047656 0.235937
vt 0.060893 0.926969
vt 0.123418 0.900767
vt 0.064231 0.908136
vt 0.075690 0.890122
vt 0.027961 0.879477
vt 0.005044 0.915506
vt 0.075690 0.890122
vt 0.005044 0.915506
vt 0.064231 0.908136
vt 0.401568 0.470421
vt 0.400185 0.599657
vt 0.365538 0.601214
vt 0.401568 0.470421
vt 0.365538 0.601214
vt 0.365534 0.471975
vt 0.074713 0.878658
vt 0.027961 0.879477
vt 0.075690 0.890122
vt 0.429688 0.819010
vt 0.429036 0.796875
vt 0.385243 0.795578
vt 0.429688 0.819010
vt 0.385243 0.795578
vt 0.387152 0.818648
vt 0.745999 0.732382
vt 0.701412 0.738995
vt 0.695312 0.661458
vt 0.745999 0.732382
vt 0.695312 0.661458
vt 0.740885 0.658854
vt 0.701412 0.738995
vt 0.624576 0.740928
vt 0.620670 0.663738
vt 0.701412 0.738995
vt 0.620670 0.663738
vt 0.698242 0.664062
vt 0.571615 0.714844
vt 0.598958 0.768229
vt 0.649219 0.767969
vt 0.571615 0.714844
vt 0.649219 0.767969
vt 0.677083 0.714844
vt 0.317708 0.886068
vt 0.292969 0.911458
vt 0.293620 0.949870
vt 0.075690 0.890122
vt 0.123418 0.900767
vt 0.121464 0.877839
vt 0.075690 0.890122
vt 0.121464 0.877839
vt 0.074713 0.878658
vt 0.253906 0.961914
vt 0.293620 0.949870
vt 0.292969 0.911458
vt 0.158594 0.935156
vt 0.253906 0.961914
vt 0.252011 0.906578
vt 0.158594 0.935156
vt 0.252011 0.906578
vt 0.158984 0.906250
vt 0.405599 0.908854
vt 0.459635 0.908854
vt 0.392090 0.873047
vt 0.747656 0.992969
vt 0.685060 0.973129
vt 0.717969 0.954687
vt 0.337240 0.860677
vt 0.336426 0.901367
vt 0.405599 0.908854
vt 0.405599 0.908854
vt 0.336914 0.901367
vt 0.336589 0.925781
vt 0.307292 0.302083
vt 0.305990 0.257812
vt 0.318750 0.236719
vt 0.305990 0.257812
vt 0.307292 0.302083
vt 0.260742 0.322266
vt 0.144922 0.874609
vt 0.130078 0.874609
vt 0.129883 0.906250
vt 0.144922 0.874609
vt 0.129883 0.906250
vt 0.145149 0.906291
vt 0.624219 0.971094
vt 0.625000 0.958594
vt 0.717969 0.954687
vt 0.624576 0.902967
vt 0.624576 0.800003
vt 0.742498 0.798493
vt 0.624576 0.902967
vt 0.742498 0.798493
vt 0.739062 0.903906
vt 0.000000 0.000000
vt 0.000000 0.000000
vt 0.000000 0.000000
vt 0.188802 0.717448
vt 0.238281 0.716146
vt 0.180990 0.658854
vt 0.764844 0.910937
vt 0.791406 0.982031
vt 0.765234 0.942969
vt 0.784375 0.824219
vt 0.764844 0.911719
vt 0.742498 0.798493
vt 0.392876 0.423665
vt 0.324870 0.390625
vt 0.340495 0.425781
vt 0.389060 0.712915
vt 0.385243 0.795578
vt 0.429036 0.796875
vt 0.339193 0.817057
vt 0.337891 0.839193
vt 0.386068 0.839193
vt 0.339193 0.817057
vt 0.386068 0.839193
vt 0.387152 0.818648
vt 0.188802 0.717448
vt 0.146040 0.716464
vt 0.146040 0.768731
vt 0.188802 0.717448
vt 0.146040 0.768731
vt 0.188802 0.769531
vt 0.389060 0.712915
vt 0.309447 0.710421
vt 0.327474 0.796875
vt 0.429036 0.424479
vt 0.427083 0.386719
vt 0.392876 0.423665
vt 0.389060 0.712915
vt 0.389060 0.640586
vt 0.315879 0.638092
vt 0.389060 0.712915
vt 0.315879 0.638092
vt 0.309447 0.710421
vt 0.324870 0.390625
vt 0.296875 0.352865
vt 0.392876 0.423665
vt 0.401568 0.470421
vt 0.400185 0.599657
vt 0.365538 0.601214
vt 0.401568 0.470421
vt 0.365538 0.601214
vt 0.365534 0.471975
vt 0.392876 0.423665
vt 0.430990 0.354818
vt 0.427083 0.386719
vt 0.347656 0.466797
vt 0.315879 0.638092
vt 0.389060 0.640586
vt 0.347656 0.466797
vt 0.389060 0.640586
vt 0.390625 0.465820
vt 0.389060 0.640586
vt 0.389060 0.712915
vt 0.445031 0.712915
vt 0.389060 0.640586
vt 0.445031 0.712915
vt 0.440044 0.638092
vt 0.393229 0.467448
vt 0.389060 0.640586
vt 0.440044 0.638092
vt 0.393229 0.467448
vt 0.440044 0.638092
vt 0.433594 0.466146
vt 0.621094 0.665039
vt 0.623698 0.580729
vt 0.696615 0.640625
vt 0.624576 0.763366
vt 0.624576 0.740928
vt 0.701412 0.738995
vt 0.624576 0.763366
vt 0.701412 0.738995
vt 0.711415 0.763366
vt 0.794531 0.936719
vt 0.791406 0.982031
vt 0.764844 0.910937
vt 0.624576 0.800003
vt 0.624576 0.763366
vt 0.711415 0.763366
vt 0.624576 0.800003
vt 0.711415 0.763366
vt 0.742498 0.798493
vt 0.146040 0.659496
vt 0.181973 0.659496
vt 0.145546 0.658937
vt 0.188802 0.769531
vt 0.146040 0.768731
vt 0.187500 0.826823
vt 0.717969 0.954687
vt 0.685060 0.973129
vt 0.624219 0.971094
vt 0.238329 0.715173
vt 0.223133 0.768731
vt 0.248230 0.806222
vt 0.620688 0.348730
vt 0.620543 0.344369
vt 0.690358 0.346801
vt 0.620688 0.348730
vt 0.690358 0.346801
vt 0.685420 0.350733
vt 0.146040 0.826306
vt 0.187500 0.826823
vt 0.146040 0.768731
vt 0.685420 0.350733
vt 0.682401 0.361654
vt 0.620834 0.353062
vt 0.685420 0.350733
vt 0.620834 0.353062
vt 0.620688 0.348730
vt 0.538086 0.237305
vt 0.510742 0.184570
vt 0.489746 0.183105
vt 0.145833 0.658854
vt 0.146040 0.716464
vt 0.188802 0.717448
vt 0.841825 0.348509
vt 0.841671 0.356822
vt 0.867778 0.357386
vt 0.865885 0.393229
vt 0.905469 0.535937
vt 0.840625 0.482031
vt 0.865885 0.393229
vt 0.840625 0.482031
vt 0.840625 0.392188
vt 0.538086 0.237305
vt 0.468750 0.181641
vt 0.494629 0.225586
vt 0.769531 0.987500
vt 0.747656 0.992969
vt 0.719531 0.955469
vt 0.764844 0.910937
vt 0.791406 0.982031
vt 0.794531 0.936719
vt 0.337240 0.860677
vt 0.392090 0.873047
vt 0.405599 0.908854
vt 0.184896 0.511719
vt 0.215985 0.407214
vt 0.170573 0.407552
vt 0.184896 0.511719
vt 0.170573 0.407552
vt 0.151487 0.514231
vt 0.145833 0.658854
vt 0.180990 0.658854
vt 0.184896 0.511719
vt 0.145833 0.658854
vt 0.184896 0.511719
vt 0.151487 0.514231
vt 0.626327 0.270527
vt 0.521094 0.270312
vt 0.552734 0.354492
vt 0.626327 0.270527
vt 0.552734 0.354492
vt 0.626327 0.354942
vt 0.625000 0.444010
vt 0.553031 0.443666
vt 0.562500 0.520833
vt 0.625000 0.444010
vt 0.562500 0.520833
vt 0.626302 0.519531
vt 0.405599 0.908854
vt 0.336914 0.901367
vt 0.337240 0.860677
vt 0.871094 0.389323
vt 0.910156 0.208333
vt 0.905469 0.535937
vt 0.223133 0.768731
vt 0.187500 0.826823
vt 0.248230 0.806222
vt 0.739062 0.903906
vt 0.717969 0.954687
vt 0.625000 0.958594
vt 0.739062 0.903906
vt 0.625000 0.958594
vt 0.624576 0.902967
vt 0.739062 0.903906
vt 0.742498 0.798493
vt 0.764844 0.910937
vt 0.064231 0.908136
vt 0.123418 0.900767
vt 0.075690 0.890122
vt 0.058166 0.260570
vt -0.004688 0.249219
vt 0.017188 0.308594
vt 0.058166 0.260570
vt 0.017188 0.308594
vt 0.069103 0.290258
vt 0.120320 0.272165
vt 0.060938 0.211719
vt 0.060156 0.235937
vt 0.056641 0.930990
vt 0.051432 0.978516
vt 0.122396 0.901693
vt 0.625781 0.239062
vt 0.538281 0.238281
vt 0.521094 0.270312
vt 0.625781 0.239062
vt 0.521094 0.270312
vt 0.626327 0.270527
vt 0.120320 0.272165
vt 0.097656 0.230469
vt 0.060938 0.211719
vt 0.051432 0.978516
vt 0.087891 0.952474
vt 0.122396 0.901693
vt 0.047656 0.235937
vt -0.004688 0.249219
vt 0.058166 0.260570
vt 0.064231 0.908136
vt 0.005044 0.915506
vt 0.060893 0.926969
vt 0.121019 0.271922
vt 0.120960 0.240444
vt 0.097656 0.230469
vt 0.089094 0.952823
vt 0.124045 0.936864
vt 0.122396 0.901693
vt 0.098958 0.471354
vt 0.096354 0.432292
vt 0.057872 0.429583
vt 0.098958 0.471354
vt 0.057872 0.429583
vt 0.058594 0.471354
vt 0.392240 0.466363
vt 0.392876 0.423665
vt 0.340495 0.425781
vt 0.392240 0.466363
vt 0.340495 0.425781
vt 0.347656 0.466797
vt 0.054688 0.475260
vt 0.057872 0.429583
vt 0.029720 0.430025
vt 0.054688 0.475260
vt 0.029720 0.430025
vt 0.013021 0.473958
vt 0.433594 0.466146
vt 0.429036 0.424479
vt 0.392876 0.423665
vt 0.433594 0.466146
vt 0.392876 0.423665
vt 0.393229 0.467448
vt 0.427083 0.386719
vt 0.429036 0.424479
vt 0.392876 0.423665
vt 0.392876 0.423665
vt 0.340495 0.425781
vt 0.324870 0.390625
vt 0.401568 0.470421
vt 0.400185 0.599657
vt 0.365538 0.601214
vt 0.401568 0.470421
vt 0.365538 0.601214
vt 0.365534 0.471975
vt 0.871094 0.388021
vt 0.842448 0.386719
vt 0.842448 0.361979
vt 0.401568 0.470421
vt 0.400185 0.599657
vt 0.365538 0.601214
vt 0.401568 0.470421
vt 0.365538 0.601214
vt 0.365534 0.471975
vt 0.075466 0.306041
vt 0.121078 0.303400
vt 0.121019 0.271922
vt 0.075466 0.306041
vt 0.121019 0.271922
vt 0.075437 0.290303
vt 0.013021 0.829427
vt 0.005208 0.856771
vt 0.061468 0.854906
vt 0.013021 0.829427
vt 0.061468 0.854906
vt 0.063267 0.831325
vt 0.238281 0.716146
vt 0.282552 0.713542
vt 0.282552 0.511719
vt 0.238281 0.716146
vt 0.282552 0.511719
vt 0.239583 0.511719
vt 0.522135 0.520833
vt 0.562500 0.522135
vt 0.553385 0.442708
vt 0.522135 0.520833
vt 0.553385 0.442708
vt 0.509115 0.444010
vt 0.291992 0.269531
vt 0.293945 0.227539
vt 0.260938 0.210156
vt 0.148438 0.236328
vt 0.131510 0.236979
vt 0.130859 0.263672
vt 0.148438 0.236328
vt 0.130859 0.263672
vt 0.147786 0.263021
vt 0.465820 0.333008
vt 0.552734 0.354492
vt 0.485352 0.262695
vt 0.537500 0.238281
vt 0.549219 0.196094
vt 0.511719 0.185938
vt 0.260742 0.322266
vt 0.307292 0.302083
vt 0.305990 0.257812
vt 0.164714 0.300781
vt 0.259680 0.321884
vt 0.259766 0.263021
vt 0.164714 0.300781
vt 0.259766 0.263021
vt 0.166016 0.263021
vt 0.487305 0.388672
vt 0.508789 0.444336
vt 0.553031 0.443666
vt 0.063267 0.831325
vt 0.062500 0.794271
vt 0.013021 0.794271
vt 0.063267 0.831325
vt 0.013021 0.794271
vt 0.013021 0.829427
vt 0.099963 0.358443
vt 0.059935 0.359080
vt 0.057872 0.429583
vt 0.013021 0.794271
vt 0.062500 0.794271
vt 0.061468 0.723255
vt 0.097656 0.828125
vt 0.115885 0.792969
vt 0.062500 0.794271
vt 0.097656 0.828125
vt 0.062500 0.794271
vt 0.063267 0.831325
vt 0.215985 0.407214
vt 0.188802 0.509115
vt 0.249183 0.508974
vt 0.239583 0.511719
vt 0.282552 0.511719
vt 0.250000 0.407552
vt 0.239583 0.511719
vt 0.250000 0.407552
vt 0.215985 0.407214
vt 0.061468 0.723255
vt 0.062500 0.794271
vt 0.115885 0.792969
vt 0.057872 0.429583
vt 0.059935 0.359080
vt 0.024848 0.359718
vt 0.136497 0.720706
vt 0.130435 0.646778
vt 0.061468 0.649327
vt 0.136497 0.720706
vt 0.061468 0.649327
vt 0.061468 0.723255
vt 0.058594 0.471354
vt 0.061468 0.649327
vt 0.130435 0.646778
vt 0.058594 0.471354
vt 0.130435 0.646778
vt 0.098958 0.471354
vt 0.013420 0.646778
vt 0.008720 0.723255
vt 0.061468 0.723255
vt 0.013420 0.646778
vt 0.061468 0.723255
vt 0.061468 0.649327
vt 0.013021 0.473958
vt 0.013420 0.646778
vt 0.061468 0.649327
vt 0.013021 0.473958
vt 0.061468 0.649327
vt 0.054688 0.475260
vt 0.187500 0.826823
vt 0.248230 0.836998
vt 0.248230 0.806222
vt 0.180990 0.658854
vt 0.238281 0.716146
vt 0.239583 0.511719
vt 0.180990 0.658854
vt 0.239583 0.511719
vt 0.184896 0.511719
vt 0.223133 0.768731
vt 0.238281 0.716146
vt 0.188802 0.717448
vt 0.485352 0.261719
vt 0.552734 0.354492
vt 0.521094 0.270312
vt 0.063267 0.831325
vt 0.061468 0.854906
vt 0.106771 0.854167
vt 0.063267 0.831325
vt 0.106771 0.854167
vt 0.097656 0.828125
vt 0.387152 0.818648
vt 0.386068 0.839193
vt 0.428385 0.839193
vt 0.387152 0.818648
vt 0.428385 0.839193
vt 0.429688 0.819010
vt 0.770949 0.777812
vt 0.795898 0.823242
vt 0.711415 0.763366
vt 0.677030 0.265600
vt 0.681224 0.271313
vt 0.621932 0.276520
vt 0.677030 0.265600
vt 0.621932 0.276520
vt 0.622045 0.263501
vt 0.387152 0.818648
vt 0.385243 0.795578
vt 0.327474 0.796875
vt 0.387152 0.818648
vt 0.327474 0.796875
vt 0.339844 0.816406
vt 0.624582 0.262335
vt 0.624715 0.274369
vt 0.686308 0.271810
vt 0.624582 0.262335
vt 0.686308 0.271810
vt 0.689326 0.260890
vt 0.795898 0.823242
vt 0.742498 0.798493
vt 0.711415 0.763366
vt 0.401568 0.470421
vt 0.400185 0.599657
vt 0.365538 0.601214
vt 0.401568 0.470421
vt 0.365538 0.601214
vt 0.365534 0.471975
vt 0.626327 0.354942
vt 0.552734 0.354492
vt 0.553031 0.443666
vt 0.626327 0.354942
vt 0.553031 0.443666
vt 0.625000 0.444010
vt 0.324870 0.390625
vt 0.392876 0.423665
vt 0.392076 0.388265
vt 0.336589 0.925781
vt 0.336914 0.901367
vt 0.405599 0.908854
vt 0.401568 0.470421
vt 0.400185 0.599657
vt 0.365538 0.601214
vt 0.401568 0.470421
vt 0.365538 0.601214
vt 0.365534 0.471975
vt 0.411133 0.353841
vt 0.391276 0.352865
vt 0.392076 0.388265
vt 0.187500 0.826823
vt 0.223133 0.768731
vt 0.188802 0.769531
vt 0.625781 0.238281
vt 0.538281 0.237500
vt 0.626562 0.228906
vt 0.626562 0.228906
vt 0.550000 0.196094
vt 0.537500 0.238281
vt 0.405599 0.908854
vt 0.392090 0.873047
vt 0.337240 0.860677
vt 0.392090 0.873047
vt 0.459635 0.908854
vt 0.405599 0.908854
vt 0.477431 0.928385
vt 0.432292 0.959635
vt 0.428819 0.956597
vt 0.405599 0.908854
vt 0.336589 0.925781
vt 0.423828 0.953776
vt 0.423828 0.953776
vt 0.336589 0.925781
vt 0.405599 0.908854
vt 0.428819 0.956597
vt 0.432292 0.959635
vt 0.477431 0.928385
vt 0.423828 0.953776
vt 0.405599 0.908854
vt 0.459635 0.908854
vt 0.485352 0.261719
vt 0.520508 0.269531
vt 0.494629 0.225586
vt 0.711415 0.763366
vt 0.745999 0.732382
vt 0.770949 0.777812
vt 0.553031 0.443666
vt 0.552734 0.354492
vt 0.465820 0.333008
vt 0.553031 0.443666
vt 0.465820 0.333008
vt 0.487305 0.388672
vt 0.188802 0.717448
vt 0.188802 0.769531
vt 0.223133 0.768731
vt 0.223133 0.768731
vt 0.187500 0.769531
vt 0.188802 0.717448
vt 0.188802 0.717448
vt 0.180990 0.658854
vt 0.145833 0.658854
vt 0.145833 0.658854
vt 0.180990 0.658854
vt 0.188802 0.717448
vt 0.248230 0.806222
vt 0.282552 0.713542
vt 0.238281 0.716146
vt 0.248230 0.806222
vt 0.223133 0.768731
vt 0.238281 0.716146
vt 0.871094 0.389323
vt 0.910156 0.208333
vt 0.846354 0.208333
vt 0.846354 0.208333
vt 0.910156 0.208333
vt 0.871094 0.388021
vt 0.903646 0.535156
vt 0.936731 0.524926
vt 0.960938 0.427083
vt 0.910156 0.208333
vt 0.977865 0.208333
vt 0.958333 0.425781
vt 0.910156 0.208333
vt 0.905469 0.535937
vt 0.958333 0.425781
vt 0.958333 0.425781
vt 0.905469 0.535937
vt 0.910156 0.208333
vt 0.327474 0.796875
vt 0.385243 0.795578
vt 0.389060 0.712915
vt 0.327474 0.796875
vt 0.309447 0.710421
vt 0.389060 0.712915
vt 0.389060 0.712915
vt 0.445031 0.712915
vt 0.429036 0.796875
vt 0.429036 0.796875
vt 0.445031 0.712915
vt 0.389060 0.712915
vt 0.061468 0.723255
vt 0.136497 0.720706
vt 0.115885 0.792969
vt 0.013021 0.794271
vt 0.008720 0.723255
vt 0.061468 0.723255
vt 0.061468 0.723255
vt 0.008720 0.723255
vt 0.013021 0.794271
vt 0.115885 0.792969
vt 0.136497 0.720706
vt 0.061468 0.723255
vt 0.057872 0.429583
vt 0.096354 0.432292
vt 0.099963 0.358443
vt 0.024848 0.359718
vt 0.029720 0.430025
vt 0.057872 0.429583
vt 0.057872 0.429583
vt 0.029720 0.430025
vt 0.024848 0.359718
vt 0.099963 0.358443
vt 0.096354 0.432292
vt 0.057872 0.429583
vt 0.696952 0.640112
vt 0.696615 0.664062
vt 0.740885 0.658854
vt 0.740885 0.658854
vt 0.696615 0.664062
vt 0.696952 0.640112
vt 0.696952 0.640112
vt 0.698242 0.664062
vt 0.621094 0.665039
vt 0.621094 0.665039
vt 0.696615 0.664062
vt 0.696952 0.640112
vn -0.305753 0.737622 -0.602021
vn -0.560572 0.545091 -0.623406
vn -0.309894 0.950171 0.033766
vn -0.309894 0.950171 0.033766
vn -0.503881 0.591474 0.629493
vn -0.312235 0.753378 0.578732
vn -0.746552 0.063804 -0.662260
vn -0.560572 0.545091 -0.623406
vn -0.579087 0.436057 -0.688848
vn -0.312235 0.753378 0.578732
vn -0.503881 0.591474 0.629493
vn -0.531720 0.545159 0.648133
vn -0.619766 0.358355 0.698192
vn -0.412690 0.385765 0.825150
vn -0.531720 0.545159 0.648133
vn -0.305753 0.737622 -0.602021
vn -0.344794 0.195767 -0.918037
vn -0.579087 0.436057 -0.688848
vn -0.875941 -0.001285 0.482417
vn -0.881179 0.101505 0.461759
vn -0.526932 0.021999 0.849623
vn -0.531720 0.545159 0.648133
vn -0.412690 0.385765 0.825150
vn -0.312235 0.753378 0.578732
vn 0.010142 -0.680514 -0.732665
vn -0.105276 -0.961423 -0.254132
vn -0.150079 -0.838486 -0.523848
vn 0.770463 0.031040 0.636728
vn 0.770463 0.031040 0.636728
vn 0.962810 -0.192097 0.189990
vn 0.770463 0.031040 0.636728
vn 0.962810 -0.192097 0.189990
vn -0.215566 -0.016252 0.976354
vn -0.937804 -0.027602 -0.346066
vn -0.996425 -0.052311 -0.066344
vn -0.792227 0.257457 -0.553256
vn 0.114269 -0.948875 0.294244
vn -0.150079 -0.838486 -0.523848
vn -0.105276 -0.961423 -0.254132
vn -0.996425 -0.052311 -0.066344
vn -0.937804 -0.027602 -0.346066
vn -0.868283 0.043497 0.494159
vn -0.577508 0.311945 0.754437
vn -0.538786 0.322757 0.778163
vn -0.752453 0.185156 0.632086
vn 0.310847 -0.855638 0.413833
vn 0.498629 -0.704583 0.504908
vn 0.467011 -0.730536 0.498215
vn -0.499483 0.686376 -0.528588
vn -0.487781 0.727073 -0.483150
vn -0.509141 0.689050 -0.515738
vn 0.554214 -0.345261 -0.757391
vn 0.607171 -0.322450 -0.726202
vn 0.559995 -0.343163 -0.754085
vn 0.213056 -0.970324 -0.114360
vn -0.548949 -0.510194 0.662085
vn 0.077081 -0.406034 -0.910601
vn -0.600781 0.261957 -0.755275
vn -0.372984 -0.682193 0.628884
vn -0.965974 0.221204 0.134025
vn -0.372984 -0.682193 0.628884
vn -0.536639 0.048376 0.842424
vn -0.300836 0.302534 0.904418
vn -0.548949 -0.510194 0.662085
vn 0.213056 -0.970324 -0.114360
vn 0.334549 -0.447229 0.829496
vn -0.444759 0.591589 0.672467
vn -0.331676 0.649479 0.684228
vn -0.619766 0.358355 0.698192
vn -0.965974 0.221204 0.134025
vn -0.499483 0.686376 -0.528588
vn -0.600781 0.261957 -0.755275
vn -0.850760 -0.184481 0.492112
vn -0.591427 -0.110703 0.798723
vn -0.663279 -0.402109 0.631165
vn -0.300836 0.302534 0.904418
vn -0.965974 0.221204 0.134025
vn -0.372984 -0.682193 0.628884
vn -0.150079 -0.838486 -0.523848
vn 0.065014 -0.807325 -0.586515
vn 0.010142 -0.680514 -0.732665
vn 0.334549 -0.447229 0.829496
vn 0.156116 -0.705516 0.691285
vn -0.548949 -0.510194 0.662085
vn -0.868283 0.043497 0.494159
vn -0.752453 0.185156 0.632086
vn -0.996425 -0.052311 -0.066344
vn -0.792227 0.257457 -0.553256
vn -0.886586 0.237644 -0.396851
vn -0.937804 -0.027602 -0.346066
vn 0.004152 -0.999989 0.002354
vn 0.004108 -0.999988 0.002551
vn 0.004108 -0.999988 0.002551
vn 0.004152 -0.999989 0.002354
vn 0.004108 -0.999988 0.002551
vn 0.004108 -0.999988 0.002551
vn 0.004152 -0.999989 0.002354
vn 0.004108 -0.999988 0.002551
vn 0.004152 -0.999989 0.002354
vn 0.198149 0.941798 0.271575
vn 0.864423 0.468918 0.181355
vn 0.011014 0.954176 0.299044
vn 0.962810 -0.192097 0.189990
vn 0.987255 -0.158966 -0.007635
vn 0.024576 -0.446175 0.894608
vn 0.888674 -0.000166 0.458540
vn 0.977059 -0.007309 0.212843
vn 0.864423 0.468918 0.181355
vn 0.888674 -0.000166 0.458540
vn 0.864423 0.468918 0.181355
vn 0.888674 -0.000166 0.458540
vn -0.835686 0.523525 0.165985
vn -0.862578 0.487200 0.136364
vn 0.011014 0.954176 0.299044
vn -0.862578 0.487200 0.136364
vn -0.166993 0.949501 0.265632
vn 0.011014 0.954176 0.299044
vn 0.011014 0.954176 0.299044
vn 0.864423 0.468918 0.181355
vn 0.827968 0.515930 0.219738
vn 0.827968 0.515930 0.219738
vn 0.739340 0.447368 0.503228
vn 0.011014 0.954176 0.299044
vn -0.848649 0.039096 0.527509
vn -0.215566 -0.016252 0.976354
vn -0.849227 0.043517 0.526232
vn -0.848649 0.039096 0.527509
vn -0.849227 0.043517 0.526232
vn -0.848649 0.039096 0.527509
vn -0.219503 0.452211 0.864479
vn -0.553675 0.037320 0.831896
vn -0.553675 0.037320 0.831896
vn -0.219503 0.452211 0.864479
vn -0.553675 0.037320 0.831896
vn -0.219503 0.452211 0.864479
vn -0.446433 0.839427 -0.309936
vn -0.513045 0.852608 -0.099219
vn -0.513045 0.852608 -0.099219
vn -0.446433 0.839427 -0.309936
vn -0.513045 0.852608 -0.099219
vn -0.446433 0.839427 -0.309936
vn 0.738322 -0.028898 -0.673829
vn 0.796208 0.338665 -0.501357
vn 0.796208 0.338665 -0.501357
vn 0.738322 -0.028898 -0.673829
vn 0.796208 0.338665 -0.501357
vn 0.738322 -0.028898 -0.673829
vn 0.594853 -0.698903 0.397094
vn 0.606799 -0.788796 0.097964
vn 0.606799 -0.788796 0.097964
vn 0.594853 -0.698903 0.397094
vn 0.606799 -0.788796 0.097964
vn 0.594853 -0.698903 0.397094
vn -0.553675 0.037320 0.831896
vn -0.864984 -0.483798 0.133199
vn -0.995942 0.089015 0.013245
vn -0.553675 0.037320 0.831896
vn -0.995942 0.089015 0.013245
vn -0.553675 0.037320 0.831896
vn -0.446433 0.839427 -0.309936
vn -0.509141 0.689050 -0.515738
vn -0.487781 0.727073 -0.483150
vn -0.446433 0.839427 -0.309936
vn -0.487781 0.727073 -0.483150
vn -0.446433 0.839427 -0.309936
vn 0.796208 0.338665 -0.501357
vn 0.789896 0.529616 -0.309147
vn 0.996701 0.077115 0.025297
vn 0.796208 0.338665 -0.501357
vn 0.996701 0.077115 0.025297
vn 0.796208 0.338665 -0.501357
vn 0.594853 -0.698903 0.397094
vn 0.467011 -0.730536 0.498215
vn 0.498629 -0.704583 0.504908
vn 0.594853 -0.698903 0.397094
vn 0.498629 -0.704583 0.504908
vn 0.594853 -0.698903 0.397094
vn -0.596445 -0.630378 0.496868
vn -0.041324 -0.278262 0.959616
vn -0.667498 -0.395129 0.631126
vn -0.690862 0.081487 0.718380
vn -0.995942 0.089015 0.013245
vn -0.667498 -0.395129 0.631126
vn -0.819670 0.051341 0.570531
vn -0.995942 0.089015 0.013245
vn -0.690862 0.081487 0.718380
vn 0.829044 0.304587 -0.468948
vn 0.996701 0.077115 0.025297
vn 0.943164 0.307862 -0.125148
vn 0.829044 0.304587 -0.468948
vn 0.244512 0.272206 -0.930655
vn 0.244510 -0.066944 -0.967333
vn 0.829044 0.304587 -0.468948
vn 0.244510 -0.066944 -0.967333
vn 0.795264 -0.220901 -0.564587
vn 0.870282 0.157511 -0.466689
vn 0.864423 0.468918 0.181355
vn 0.977059 -0.007309 0.212843
vn 0.870282 0.157511 -0.466689
vn 0.977059 -0.007309 0.212843
vn 0.998780 -0.013953 -0.047375
vn 0.795264 -0.220901 -0.564587
vn 0.244510 -0.066944 -0.967333
vn 0.649156 -0.490805 -0.581126
vn 0.764966 -0.066150 0.640665
vn 0.735816 -0.148076 0.660794
vn 0.723129 -0.123455 0.679591
vn 0.764966 -0.066150 0.640665
vn 0.723129 -0.123455 0.679591
vn 0.764966 -0.066150 0.640665
vn -0.856504 0.117481 0.502592
vn -0.849227 0.043517 0.526232
vn -0.215566 -0.016252 0.976354
vn -0.871604 -0.026975 0.489468
vn -0.470906 -0.031723 0.881613
vn -0.591427 -0.110703 0.798723
vn -0.871604 -0.026975 0.489468
vn -0.591427 -0.110703 0.798723
vn -0.850760 -0.184481 0.492112
vn -0.470906 -0.031723 0.881613
vn -0.006056 -0.021977 0.999740
vn -0.002835 -0.063926 0.997951
vn -0.470906 -0.031723 0.881613
vn -0.002835 -0.063926 0.997951
vn -0.591427 -0.110703 0.798723
vn 0.004152 -0.999989 0.002354
vn 0.004196 -0.999989 0.002157
vn 0.004196 -0.999989 0.002157
vn 0.004152 -0.999989 0.002354
vn 0.004196 -0.999989 0.002157
vn 0.004152 -0.999989 0.002354
vn 0.077081 -0.406034 -0.910601
vn 0.559995 -0.343163 -0.754085
vn 0.213056 -0.970324 -0.114360
vn 0.649156 -0.490805 -0.581126
vn 0.734495 -0.677924 -0.030579
vn 0.996701 0.077115 0.025297
vn 0.649156 -0.490805 -0.581126
vn 0.996701 0.077115 0.025297
vn 0.795264 -0.220901 -0.564587
vn 0.559995 -0.343163 -0.754085
vn 0.077081 -0.406034 -0.910601
vn 0.554214 -0.345261 -0.757391
vn 0.738322 -0.028898 -0.673829
vn 0.607171 -0.322450 -0.726202
vn 0.554214 -0.345261 -0.757391
vn 0.738322 -0.028898 -0.673829
vn 0.554214 -0.345261 -0.757391
vn 0.738322 -0.028898 -0.673829
vn 0.419925 -0.385435 0.821646
vn 0.334965 -0.434684 0.835972
vn 0.518471 -0.408030 0.751464
vn -0.312235 0.753378 0.578732
vn -0.565792 0.824095 0.027322
vn -0.197158 0.979767 0.034439
vn 0.518471 -0.408030 0.751464
vn 0.156116 -0.705516 0.691285
vn 0.334549 -0.447229 0.829496
vn -0.300836 0.302534 0.904418
vn -0.536639 0.048376 0.842424
vn -0.331676 0.649479 0.684228
vn -0.105276 -0.961423 -0.254132
vn 0.310847 -0.855638 0.413833
vn 0.114269 -0.948875 0.294244
vn 0.467011 -0.730536 0.498215
vn 0.114269 -0.948875 0.294244
vn 0.310847 -0.855638 0.413833
vn 0.606799 -0.788796 0.097964
vn 0.996701 0.077115 0.025297
vn 0.734495 -0.677924 -0.030579
vn 0.606799 -0.788796 0.097964
vn 0.734495 -0.677924 -0.030579
vn 0.606799 -0.788796 0.097964
vn -0.312235 0.753378 0.578732
vn 0.000123 0.619743 0.784805
vn 0.000116 0.554569 0.832137
vn -0.412690 0.385765 0.825150
vn -0.583159 -0.297850 0.755785
vn 0.000083 -0.298422 0.954434
vn -0.412690 0.385765 0.825150
vn 0.000083 -0.298422 0.954434
vn 0.000123 0.373037 0.927817
vn 0.000018 0.999919 0.012693
vn 0.038910 0.999162 0.012685
vn 0.000018 0.999919 0.012693
vn -0.197939 -0.272251 -0.941647
vn -0.624587 -0.001451 -0.780954
vn -0.331157 -0.160485 -0.929828
vn -0.531720 0.545159 0.648133
vn -0.503881 0.591474 0.629493
vn -0.619766 0.358355 0.698192
vn -0.583159 -0.297850 0.755785
vn -0.619766 0.358355 0.698192
vn -0.821995 -0.402748 0.402638
vn -0.960663 0.266688 -0.077480
vn -0.835686 0.523525 0.165985
vn -0.782490 0.410880 0.467853
vn 0.723129 -0.123455 0.679591
vn 0.735816 -0.148076 0.660794
vn 0.706094 -0.109206 0.699646
vn -0.836266 -0.044010 0.546555
vn -0.848649 0.039096 0.527509
vn -0.848649 0.039096 0.527509
vn -0.836266 -0.044010 0.546555
vn -0.848649 0.039096 0.527509
vn -0.836266 -0.044010 0.546555
vn -0.406655 0.156489 -0.900079
vn 0.007779 0.281974 -0.959390
vn 0.010103 -0.213522 -0.976886
vn -0.406655 0.156489 -0.900079
vn 0.010103 -0.213522 -0.976886
vn -0.331157 -0.160485 -0.929828
vn -0.780584 -0.115389 0.614308
vn -0.805349 -0.130305 0.578302
vn -0.795215 -0.114678 0.595384
vn 0.739340 0.447368 0.503228
vn 0.827968 0.515930 0.219738
vn 0.952662 0.302383 0.031616
vn -0.773867 -0.112336 0.623306
vn -0.781328 -0.154406 0.604720
vn -0.781328 -0.154406 0.604720
vn -0.773867 -0.112336 0.623306
vn -0.781328 -0.154406 0.604720
vn -0.780584 -0.115389 0.614308
vn -0.841626 0.135608 -0.522759
vn -0.862578 0.487200 0.136364
vn -0.835686 0.523525 0.165985
vn -0.792614 -0.052833 -0.607431
vn -0.980091 -0.073063 0.184619
vn -0.862578 0.487200 0.136364
vn -0.792614 -0.052833 -0.607431
vn -0.862578 0.487200 0.136364
vn -0.841626 0.135608 -0.522759
vn 0.827968 0.515930 0.219738
vn 0.864423 0.468918 0.181355
vn 0.870282 0.157511 -0.466689
vn -0.819532 -0.036942 0.571842
vn -0.781328 -0.154406 0.604720
vn -0.781328 -0.154406 0.604720
vn -0.819532 -0.036942 0.571842
vn -0.781328 -0.154406 0.604720
vn -0.819532 -0.036942 0.571842
vn 0.705071 -0.140496 0.695079
vn 0.695203 -0.102973 0.711400
vn 0.706094 -0.109206 0.699646
vn 0.705071 -0.140496 0.695079
vn 0.706094 -0.109206 0.699646
vn 0.705071 -0.140496 0.695079
vn 0.754023 0.022013 0.656480
vn 0.705071 -0.140496 0.695079
vn 0.705071 -0.140496 0.695079
vn 0.754023 0.022013 0.656480
vn 0.705071 -0.140496 0.695079
vn 0.754023 0.022013 0.656480
vn -0.526932 0.021999 0.849623
vn -0.010370 -0.072765 0.997295
vn -0.006056 -0.021977 0.999740
vn -0.663279 -0.402109 0.631165
vn -0.591427 -0.110703 0.798723
vn -0.002835 -0.063926 0.997951
vn -0.663279 -0.402109 0.631165
vn -0.002835 -0.063926 0.997951
vn -0.000673 -0.398454 0.917188
vn -0.619766 0.358355 0.698192
vn -0.503881 0.591474 0.629493
vn -0.525055 0.507355 0.683307
vn -0.583159 -0.297850 0.755785
vn -0.663279 -0.402109 0.631165
vn -0.000673 -0.398454 0.917188
vn -0.583159 -0.297850 0.755785
vn -0.000673 -0.398454 0.917188
vn 0.000083 -0.298422 0.954434
vn 0.000925 -0.999984 -0.005521
vn 0.049408 -0.998766 -0.005002
vn 0.000925 -0.999984 -0.005521
vn -0.484464 0.186068 -0.854794
vn 0.007779 0.281974 -0.959390
vn -0.406655 0.156489 -0.900079
vn 0.000116 0.554569 0.832137
vn -0.565792 0.824095 0.027322
vn -0.312235 0.753378 0.578732
vn -0.624587 -0.001451 -0.780954
vn -0.807672 0.074520 -0.584905
vn -0.793901 0.194513 -0.576096
vn -0.711534 -0.116732 0.692888
vn -0.565792 0.824095 0.027322
vn 0.000116 0.554569 0.832137
vn -0.711534 -0.116732 0.692888
vn 0.000116 0.554569 0.832137
vn -0.711534 -0.116732 0.692888
vn 0.007779 0.281974 -0.959390
vn -0.484464 0.186068 -0.854794
vn 0.002923 0.188637 -0.982042
vn -0.711534 -0.116732 0.692888
vn -0.731021 -0.025370 0.681883
vn -0.731021 -0.025370 0.681883
vn -0.711534 -0.116732 0.692888
vn -0.731021 -0.025370 0.681883
vn -0.711534 -0.116732 0.692888
vn -0.309894 0.950171 0.033766
vn -0.197158 0.979767 0.034439
vn -0.305753 0.737622 -0.602021
vn -0.331157 -0.160485 -0.929828
vn 0.010103 -0.213522 -0.976886
vn 0.011794 -0.379183 -0.925247
vn 0.024576 -0.446175 0.894608
vn -0.001935 -0.999790 0.020398
vn -0.005711 -0.937340 0.348369
vn -0.526932 0.021999 0.849623
vn 0.024576 -0.446175 0.894608
vn -0.011381 -0.498388 0.866880
vn -0.526932 0.021999 0.849623
vn -0.011381 -0.498388 0.866880
vn -0.010370 -0.072765 0.997295
vn -0.579087 0.436057 -0.688848
vn -0.560572 0.545091 -0.623406
vn -0.305753 0.737622 -0.602021
vn -0.312235 0.753378 0.578732
vn -0.197158 0.979767 0.034439
vn -0.309894 0.950171 0.033766
vn -0.897063 -0.060666 -0.437718
vn -0.560572 0.545091 -0.623406
vn -0.746552 0.063804 -0.662260
vn 0.088830 -0.732445 -0.675006
vn 0.056175 -0.734495 -0.676285
vn 0.010142 -0.680514 -0.732665
vn 0.962810 -0.192097 0.189990
vn 0.854937 -0.094502 -0.510051
vn 0.106784 -0.161515 -0.981076
vn 0.962810 -0.192097 0.189990
vn 0.106784 -0.161515 -0.981076
vn 0.502889 -0.239295 -0.830566
vn 0.962810 -0.192097 0.189990
vn 0.502889 -0.239295 -0.830566
vn 0.894650 -0.254915 -0.366905
vn 0.962810 -0.192097 0.189990
vn 0.894650 -0.254915 -0.366905
vn 0.987255 -0.158966 -0.007635
vn -0.000114 -0.198005 -0.980201
vn -0.410910 -0.350108 -0.841771
vn -0.344794 0.195767 -0.918037
vn -0.000114 -0.198005 -0.980201
vn -0.344794 0.195767 -0.918037
vn -0.000092 0.160816 -0.986984
vn 0.002923 0.188637 -0.982042
vn -0.484464 0.186068 -0.854794
vn -0.525807 -0.248002 -0.813648
vn 0.002923 0.188637 -0.982042
vn -0.525807 -0.248002 -0.813648
vn 0.000883 -0.244221 -0.969719
vn 0.010142 -0.680514 -0.732665
vn 0.065014 -0.807325 -0.586515
vn 0.088830 -0.732445 -0.675006
vn -0.526932 0.021999 0.849623
vn -0.215566 -0.016252 0.976354
vn 0.024576 -0.446175 0.894608
vn -0.793901 0.194513 -0.576096
vn -0.484464 0.186068 -0.854794
vn -0.667379 0.189736 -0.720143
vn 0.000123 0.373037 0.927817
vn 0.000123 0.619743 0.784805
vn -0.312235 0.753378 0.578732
vn 0.000123 0.373037 0.927817
vn -0.312235 0.753378 0.578732
vn -0.412690 0.385765 0.825150
vn -0.619766 0.358355 0.698192
vn -0.583159 -0.297850 0.755785
vn -0.412690 0.385765 0.825150
vn 0.795264 -0.220901 -0.564587
vn 0.996701 0.077115 0.025297
vn 0.829044 0.304587 -0.468948
vn -0.667498 -0.395129 0.631126
vn -0.041324 -0.278262 0.959616
vn -0.052257 0.030254 0.998175
vn -0.667498 -0.395129 0.631126
vn -0.052257 0.030254 0.998175
vn -0.690862 0.081487 0.718380
vn -0.819670 0.051341 0.570531
vn -0.993946 -0.011053 0.109310
vn -0.995942 0.089015 0.013245
vn 0.996701 0.077115 0.025297
vn 0.950458 0.248103 0.187282
vn 0.943164 0.307862 -0.125148
vn -0.000092 0.160816 -0.986984
vn -0.344794 0.195767 -0.918037
vn -0.305753 0.737622 -0.602021
vn -0.000092 0.160816 -0.986984
vn -0.305753 0.737622 -0.602021
vn -0.000054 0.532993 -0.846119
vn -0.993946 -0.011053 0.109310
vn -0.845446 0.434527 -0.310496
vn -0.995942 0.089015 0.013245
vn 0.996701 0.077115 0.025297
vn 0.826192 0.549955 -0.122297
vn 0.950458 0.248103 0.187282
vn -0.690862 0.081487 0.718380
vn -0.052257 0.030254 0.998175
vn -0.819670 0.051341 0.570531
vn 0.943164 0.307862 -0.125148
vn 0.244512 0.272206 -0.930655
vn 0.829044 0.304587 -0.468948
vn -0.845446 0.434527 -0.310496
vn -0.642041 0.713487 -0.280572
vn -0.995942 0.089015 0.013245
vn 0.996701 0.077115 0.025297
vn 0.789896 0.529616 -0.309147
vn 0.826192 0.549955 -0.122297
vn -0.720059 0.011816 -0.693812
vn 0.023852 0.251290 -0.967618
vn -0.960663 0.266688 -0.077480
vn -0.720059 0.011816 -0.693812
vn -0.960663 0.266688 -0.077480
vn -0.720059 0.011816 -0.693812
vn -0.819532 -0.036942 0.571842
vn -0.960663 0.266688 -0.077480
vn -0.782490 0.410880 0.467853
vn -0.819532 -0.036942 0.571842
vn -0.782490 0.410880 0.467853
vn -0.819532 -0.036942 0.571842
vn 0.831413 0.031772 -0.554746
vn 0.952662 0.302383 0.031616
vn 0.023852 0.251290 -0.967618
vn 0.831413 0.031772 -0.554746
vn 0.023852 0.251290 -0.967618
vn 0.831413 0.031772 -0.554746
vn 0.754023 0.022013 0.656480
vn 0.739340 0.447368 0.503228
vn 0.952662 0.302383 0.031616
vn 0.754023 0.022013 0.656480
vn 0.952662 0.302383 0.031616
vn 0.754023 0.022013 0.656480
vn 0.870282 0.157511 -0.466689
vn 0.952662 0.302383 0.031616
vn 0.827968 0.515930 0.219738
vn -0.835686 0.523525 0.165985
vn -0.960663 0.266688 -0.077480
vn -0.841626 0.135608 -0.522759
vn -0.841626 0.135608 -0.522759
vn -0.024033 0.018880 -0.999533
vn -0.024008 -0.009318 -0.999668
vn -0.841626 0.135608 -0.522759
vn -0.024008 -0.009318 -0.999668
vn -0.792614 -0.052833 -0.607431
vn -0.005711 -0.937340 0.348369
vn -0.011381 -0.498388 0.866880
vn 0.024576 -0.446175 0.894608
vn 0.370072 -0.002650 -0.928999
vn -0.024008 -0.009318 -0.999668
vn -0.024033 0.018880 -0.999533
vn 0.370072 -0.002650 -0.928999
vn -0.024033 0.018880 -0.999533
vn 0.870282 0.157511 -0.466689
vn -0.667498 -0.395129 0.631126
vn -0.995942 0.089015 0.013245
vn -0.864984 -0.483798 0.133199
vn -0.667498 -0.395129 0.631126
vn -0.864984 -0.483798 0.133199
vn -0.596445 -0.630378 0.496868
vn 0.842575 0.026005 -0.537951
vn 0.106784 -0.161515 -0.981076
vn 0.854937 -0.094502 -0.510051
vn 0.842575 0.026005 -0.537951
vn 0.854937 -0.094502 -0.510051
vn 0.842575 0.026005 -0.537951
vn -0.432790 -0.163174 -0.886604
vn -0.756680 -0.116720 -0.643282
vn -0.807672 0.074520 -0.584905
vn -0.432790 -0.163174 -0.886604
vn -0.807672 0.074520 -0.584905
vn -0.624587 -0.001451 -0.780954
vn -0.789684 -0.175850 -0.587772
vn -0.525807 -0.248002 -0.813648
vn -0.484464 0.186068 -0.854794
vn -0.789684 -0.175850 -0.587772
vn -0.484464 0.186068 -0.854794
vn -0.772875 -0.045470 -0.632927
vn -0.509141 0.689050 -0.515738
vn -0.600781 0.261957 -0.755275
vn -0.499483 0.686376 -0.528588
vn -0.513045 0.852608 -0.099219
vn -0.995942 0.089015 0.013245
vn -0.642041 0.713487 -0.280572
vn -0.513045 0.852608 -0.099219
vn -0.642041 0.713487 -0.280572
vn -0.513045 0.852608 -0.099219
vn -0.746552 0.063804 -0.662260
vn -0.410910 -0.350108 -0.841771
vn -0.695988 -0.513146 -0.502277
vn -0.197158 0.979767 0.034439
vn -0.565792 0.824095 0.027322
vn -0.305753 0.737622 -0.602021
vn -0.752453 0.185156 0.632086
vn -0.868283 0.043497 0.494159
vn -0.577508 0.311945 0.754437
vn -0.219503 0.452211 0.864479
vn -0.538786 0.322757 0.778163
vn -0.577508 0.311945 0.754437
vn -0.219503 0.452211 0.864479
vn -0.577508 0.311945 0.754437
vn -0.219503 0.452211 0.864479
vn -0.525807 -0.248002 -0.813648
vn -0.789684 -0.175850 -0.587772
vn -0.785086 -0.268631 -0.558101
vn 0.842575 0.026005 -0.537951
vn 0.840710 0.136079 -0.524107
vn 0.843309 0.113332 -0.525343
vn 0.842575 0.026005 -0.537951
vn 0.843309 0.113332 -0.525343
vn 0.842575 0.026005 -0.537951
vn 0.023852 0.251290 -0.967618
vn -0.024033 0.018880 -0.999533
vn -0.841626 0.135608 -0.522759
vn 0.835895 0.145998 -0.529116
vn 0.843309 0.113332 -0.525343
vn 0.840710 0.136079 -0.524107
vn -0.696608 0.055722 -0.715285
vn -0.691062 0.151641 -0.706709
vn -0.691466 0.162849 -0.703815
vn -0.696608 0.055722 -0.715285
vn -0.691466 0.162849 -0.703815
vn -0.696608 0.055722 -0.715285
vn -0.432790 -0.163174 -0.886604
vn 0.502889 -0.239295 -0.830566
vn 0.106784 -0.161515 -0.981076
vn 0.106784 -0.161515 -0.981076
vn -0.711884 -0.076570 -0.698110
vn -0.756680 -0.116720 -0.643282
vn 0.106784 -0.161515 -0.981076
vn -0.756680 -0.116720 -0.643282
vn -0.432790 -0.163174 -0.886604
vn -0.691466 0.162849 -0.703815
vn -0.691062 0.151641 -0.706709
vn -0.689136 0.157588 -0.707289
vn 0.870282 0.157511 -0.466689
vn -0.024033 0.018880 -0.999533
vn 0.023852 0.251290 -0.967618
vn -0.689136 0.157588 -0.707289
vn -0.689539 0.057823 -0.721937
vn -0.689539 0.057823 -0.721937
vn -0.689136 0.157588 -0.707289
vn -0.689539 0.057823 -0.721937
vn -0.690063 0.139139 -0.710249
vn -0.720059 0.011816 -0.693812
vn -0.689539 0.057823 -0.721937
vn -0.689539 0.057823 -0.721937
vn -0.720059 0.011816 -0.693812
vn -0.689539 0.057823 -0.721937
vn -0.720059 0.011816 -0.693812
vn 0.827119 0.056160 -0.559214
vn 0.835895 0.145998 -0.529116
vn 0.834264 0.132696 -0.535160
vn 0.827119 0.056160 -0.559214
vn 0.834264 0.132696 -0.535160
vn 0.827119 0.056160 -0.559214
vn 0.831413 0.031772 -0.554746
vn 0.827119 0.056160 -0.559214
vn 0.827119 0.056160 -0.559214
vn 0.831413 0.031772 -0.554746
vn 0.827119 0.056160 -0.559214
vn 0.831413 0.031772 -0.554746
vn -0.793901 0.194513 -0.576096
vn -0.772875 -0.045470 -0.632927
vn -0.484464 0.186068 -0.854794
vn 0.502889 -0.239295 -0.830566
vn -0.432790 -0.163174 -0.886604
vn -0.624587 -0.001451 -0.780954
vn 0.502889 -0.239295 -0.830566
vn -0.624587 -0.001451 -0.780954
vn -0.197939 -0.272251 -0.941647
vn -0.331157 -0.160485 -0.929828
vn -0.624587 -0.001451 -0.780954
vn -0.667379 0.189736 -0.720143
vn -0.344794 0.195767 -0.918037
vn -0.410910 -0.350108 -0.841771
vn -0.746552 0.063804 -0.662260
vn -0.696608 0.055722 -0.715285
vn -0.711884 -0.076570 -0.698110
vn 0.106784 -0.161515 -0.981076
vn -0.696608 0.055722 -0.715285
vn 0.106784 -0.161515 -0.981076
vn -0.696608 0.055722 -0.715285
vn 0.764966 -0.066150 0.640665
vn 0.770463 0.031040 0.636728
vn 0.770463 0.031040 0.636728
vn 0.764966 -0.066150 0.640665
vn 0.770463 0.031040 0.636728
vn 0.764966 -0.066150 0.640665
vn -0.663279 -0.402109 0.631165
vn -0.821995 -0.402748 0.402638
vn -0.819252 -0.330406 0.468677
vn -0.658241 0.209615 -0.723035
vn -0.000012 0.753716 -0.657201
vn -0.565792 0.824095 0.027322
vn -0.658241 0.209615 -0.723035
vn -0.565792 0.824095 0.027322
vn -0.658241 0.209615 -0.723035
vn -0.836266 -0.044010 0.546555
vn -0.795215 -0.114678 0.595384
vn -0.805349 -0.130305 0.578302
vn -0.836266 -0.044010 0.546555
vn -0.805349 -0.130305 0.578302
vn -0.836266 -0.044010 0.546555
vn -0.658241 0.209615 -0.723035
vn -0.680168 0.062341 -0.730400
vn -0.680168 0.062341 -0.730400
vn -0.658241 0.209615 -0.723035
vn -0.680168 0.062341 -0.730400
vn -0.658241 0.209615 -0.723035
vn -0.663279 -0.402109 0.631165
vn -0.583159 -0.297850 0.755785
vn -0.821995 -0.402748 0.402638
vn -0.980091 -0.073063 0.184619
vn -0.491608 -0.032766 0.870200
vn -0.491608 -0.032766 0.870200
vn -0.980091 -0.073063 0.184619
vn -0.491608 -0.032766 0.870200
vn -0.862578 0.487200 0.136364
vn 0.000883 -0.244221 -0.969719
vn -0.525807 -0.248002 -0.813648
vn -0.410910 -0.350108 -0.841771
vn 0.000883 -0.244221 -0.969719
vn -0.410910 -0.350108 -0.841771
vn -0.000114 -0.198005 -0.980201
vn 0.011014 0.954176 0.299044
vn -0.782490 0.410880 0.467853
vn -0.835686 0.523525 0.165985
vn -0.753828 0.447354 -0.481267
vn -0.886586 0.237644 -0.396851
vn -0.792227 0.257457 -0.553256
vn 0.006917 0.001888 0.999974
vn -0.491608 -0.032766 0.870200
vn -0.491608 -0.032766 0.870200
vn 0.006917 0.001888 0.999974
vn -0.491608 -0.032766 0.870200
vn 0.006917 0.001888 0.999974
vn 0.011014 0.954176 0.299044
vn -0.166993 0.949501 0.265632
vn 0.198149 0.941798 0.271575
vn -0.406655 0.156489 -0.900079
vn -0.667379 0.189736 -0.720143
vn -0.484464 0.186068 -0.854794
vn -0.000054 0.532993 -0.846119
vn -0.305753 0.737622 -0.602021
vn -0.000012 0.753716 -0.657201
vn -0.305753 0.737622 -0.602021
vn -0.565792 0.824095 0.027322
vn -0.000012 0.753716 -0.657201
vn 0.334549 -0.447229 0.829496
vn 0.419925 -0.385435 0.821646
vn 0.518471 -0.408030 0.751464
vn 0.088830 -0.732445 -0.675006
vn 0.034412 -0.748168 -0.662617
vn 0.056175 -0.734495 -0.676285
vn -0.913130 0.152612 -0.378026
vn -0.897063 -0.060666 -0.437718
vn -0.746552 0.063804 -0.662260
vn -0.444759 0.591589 0.672467
vn -0.300836 0.302534 0.904418
vn -0.331676 0.649479 0.684228
vn -0.753828 0.447354 -0.481267
vn -0.792227 0.257457 -0.553256
vn -0.913130 0.152612 -0.378026
vn -0.619766 0.358355 0.698192
vn -0.525055 0.507355 0.683307
vn -0.444759 0.591589 0.672467
vn -0.746552 0.063804 -0.662260
vn -0.753828 0.447354 -0.481267
vn -0.913130 0.152612 -0.378026
vn -0.579087 0.436057 -0.688848
vn -0.344794 0.195767 -0.918037
vn -0.746552 0.063804 -0.662260
vn -0.819252 -0.330406 0.468677
vn -0.850760 -0.184481 0.492112
vn -0.663279 -0.402109 0.631165
vn -0.785086 -0.268631 -0.558101
vn -0.695988 -0.513146 -0.502277
vn -0.410910 -0.350108 -0.841771
vn -0.785086 -0.268631 -0.558101
vn -0.410910 -0.350108 -0.841771
vn -0.525807 -0.248002 -0.813648
vn 0.352781 0.935280 0.028241
vn 0.612982 0.241976 -0.752131
vn 0.330630 0.708531 -0.623433
vn 0.343131 0.724113 0.598266
vn 0.551757 0.312453 0.773264
vn 0.352781 0.935280 0.028241
vn 0.698979 0.091686 -0.709241
vn 0.612982 0.241976 -0.752131
vn 0.807065 -0.393884 -0.439888
vn 0.721703 0.077817 0.687815
vn 0.551757 0.312453 0.773264
vn 0.343131 0.724113 0.598266
vn 0.721703 0.077817 0.687815
vn 0.576182 0.249211 0.778401
vn 0.812124 0.299773 0.500591
vn 0.698979 0.091686 -0.709241
vn 0.442186 0.054346 -0.895275
vn 0.330630 0.708531 -0.623433
vn 0.525784 0.019579 0.850393
vn 0.877887 0.093710 0.469609
vn 0.872916 0.005457 0.487840
vn 0.343131 0.724113 0.598266
vn 0.576182 0.249211 0.778401
vn 0.721703 0.077817 0.687815
vn -0.176932 -0.933354 -0.312323
vn -0.156463 -0.919421 -0.360812
vn -0.107694 -0.994145 0.008823
vn -0.961019 -0.195986 0.195018
vn -0.757546 0.028356 0.652166
vn -0.757546 0.028356 0.652166
vn -0.961019 -0.195986 0.195018
vn -0.757546 0.028356 0.652166
vn 0.235509 -0.021389 0.971637
vn 0.747466 -0.207392 0.631097
vn 0.813753 -0.148992 0.561789
vn 0.782133 -0.175663 0.597839
vn -0.156463 -0.919421 -0.360812
vn -0.176932 -0.933354 -0.312323
vn -0.119860 -0.918919 -0.375794
vn 0.831650 -0.161377 0.531334
vn 0.782133 -0.175663 0.597839
vn 0.813753 -0.148992 0.561789
vn 0.786827 -0.192763 0.586298
vn 0.614523 -0.258164 0.745462
vn 0.649982 -0.235294 0.722607
vn -0.307292 -0.930673 -0.198541
vn -0.347863 -0.921056 -0.175062
vn -0.167285 -0.934603 -0.313900
vn 0.335575 0.926595 0.169739
vn 0.315026 0.921173 0.228469
vn 0.337290 0.933232 0.123749
vn -0.610909 0.209482 -0.763484
vn -0.683560 0.203503 -0.700951
vn -0.630819 0.217632 -0.744784
vn -0.652292 0.219576 -0.725466
vn -0.778289 0.214259 -0.590220
vn -0.769375 0.198923 -0.607035
vn 0.198420 0.929048 0.312249
vn 0.173242 0.931236 0.320603
vn 0.294787 0.937830 0.183237
vn 0.162137 0.947233 0.276517
vn 0.195373 0.954840 0.223851
vn 0.173242 0.931236 0.320603
vn -0.740025 0.196815 -0.643138
vn -0.769375 0.198923 -0.607035
vn -0.778289 0.214259 -0.590220
vn 0.812124 0.299773 0.500591
vn 0.190634 0.978824 -0.074579
vn 0.152945 0.984636 -0.084265
vn 0.294787 0.937830 0.183237
vn 0.337290 0.933232 0.123749
vn 0.198420 0.929048 0.312249
vn 0.724994 -0.324160 0.607705
vn 0.600900 -0.104467 0.792468
vn 0.874916 -0.157010 0.458116
vn 0.173242 0.931236 0.320603
vn 0.198420 0.929048 0.312249
vn 0.162137 0.947233 0.276517
vn -0.107694 -0.994145 0.008823
vn -0.172722 -0.954191 -0.244308
vn -0.176932 -0.933354 -0.312323
vn -0.778289 0.214259 -0.590220
vn -0.707246 0.271865 -0.652605
vn -0.740025 0.196815 -0.643138
vn 0.813753 -0.148992 0.561789
vn 0.786827 -0.192763 0.586298
vn 0.831650 -0.161377 0.531334
vn 0.782133 -0.175663 0.597839
vn 0.780985 -0.229780 0.580743
vn 0.747466 -0.207392 0.631097
vn -0.004748 -0.999975 0.005257
vn -0.004704 -0.999975 0.005360
vn -0.004704 -0.999975 0.005360
vn -0.004748 -0.999975 0.005257
vn -0.004704 -0.999975 0.005360
vn -0.004704 -0.999975 0.005360
vn -0.004748 -0.999975 0.005257
vn -0.004704 -0.999975 0.005360
vn -0.004748 -0.999975 0.005257
vn -0.008314 0.955077 0.296242
vn -0.864123 0.469957 0.180086
vn -0.197570 0.942725 0.268765
vn -0.026829 -0.451024 0.892109
vn -0.987633 -0.155807 -0.017473
vn -0.961019 -0.195986 0.195018
vn -0.888643 0.001738 0.458596
vn -0.864123 0.469957 0.180086
vn -0.977049 -0.006088 0.212926
vn -0.888643 0.001738 0.458596
vn -0.977049 -0.006088 0.212926
vn -0.888643 0.001738 0.458596
vn -0.008314 0.955077 0.296242
vn 0.862877 0.487069 0.134934
vn 0.837575 0.521055 0.164224
vn -0.008314 0.955077 0.296242
vn 0.167577 0.950193 0.262775
vn 0.862877 0.487069 0.134934
vn -0.825523 0.520448 0.218280
vn -0.864123 0.469957 0.180086
vn -0.008314 0.955077 0.296242
vn -0.008314 0.955077 0.296242
vn -0.734233 0.453136 0.505540
vn -0.825523 0.520448 0.218280
vn 0.859020 0.036857 0.510614
vn 0.859351 0.044950 0.509406
vn 0.235509 -0.021389 0.971637
vn 0.859020 0.036857 0.510614
vn 0.235509 -0.021389 0.971637
vn 0.859020 0.036857 0.510614
vn 0.861531 0.114265 0.494680
vn 0.877887 0.093710 0.469609
vn 0.525784 0.019579 0.850393
vn 0.261902 -0.417306 0.870209
vn 0.221202 -0.790973 0.570466
vn 0.221202 -0.790973 0.570466
vn 0.261902 -0.417306 0.870209
vn 0.221202 -0.790973 0.570466
vn 0.261902 -0.417306 0.870209
vn 0.302015 0.773807 0.556785
vn 0.425313 0.386520 0.818359
vn 0.425313 0.386520 0.818359
vn 0.302015 0.773807 0.556785
vn 0.425313 0.386520 0.818359
vn 0.302015 0.773807 0.556785
vn -0.778640 0.434215 -0.452965
vn -0.605577 0.778090 -0.166892
vn -0.605577 0.778090 -0.166892
vn -0.778640 0.434215 -0.452965
vn -0.605577 0.778090 -0.166892
vn -0.778640 0.434215 -0.452965
vn -0.554423 -0.789809 -0.262330
vn -0.555786 -0.368752 -0.745066
vn -0.555786 -0.368752 -0.745066
vn -0.554423 -0.789809 -0.262330
vn -0.555786 -0.368752 -0.745066
vn -0.554423 -0.789809 -0.262330
vn 0.221202 -0.790973 0.570466
vn 0.626959 -0.732650 0.264853
vn 0.399218 -0.916826 0.007380
vn 0.221202 -0.790973 0.570466
vn 0.399218 -0.916826 0.007380
vn 0.221202 -0.790973 0.570466
vn 0.302015 0.773807 0.556785
vn 0.315026 0.921173 0.228469
vn 0.335575 0.926595 0.169739
vn 0.302015 0.773807 0.556785
vn 0.335575 0.926595 0.169739
vn 0.302015 0.773807 0.556785
vn -0.605577 0.778090 -0.166892
vn -0.564921 0.813424 -0.138581
vn -0.487516 0.868790 0.086790
vn -0.605577 0.778090 -0.166892
vn -0.487516 0.868790 0.086790
vn -0.605577 0.778090 -0.166892
vn -0.554423 -0.789809 -0.262330
vn -0.347863 -0.921056 -0.175062
vn -0.307292 -0.930673 -0.198541
vn -0.554423 -0.789809 -0.262330
vn -0.307292 -0.930673 -0.198541
vn -0.554423 -0.789809 -0.262330
vn -0.252495 -0.967578 0.006313
vn -0.831243 -0.548078 0.092988
vn -0.259474 -0.950069 -0.173328
vn -0.252495 -0.967578 0.006313
vn 0.626959 -0.732650 0.264853
vn -0.176867 -0.903556 0.390262
vn -0.176867 -0.903556 0.390262
vn 0.626959 -0.732650 0.264853
vn 0.032212 -0.944359 0.327336
vn -0.189411 0.969201 0.157394
vn -0.564921 0.813424 -0.138581
vn 0.110318 0.993395 0.031575
vn 0.086480 0.845926 -0.526243
vn 0.631259 0.639369 -0.438997
vn 0.697442 0.709059 -0.103968
vn 0.086480 0.845926 -0.526243
vn 0.697442 0.709059 -0.103968
vn 0.110318 0.993395 0.031575
vn -0.998791 -0.013499 -0.047271
vn -0.977049 -0.006088 0.212926
vn -0.864123 0.469957 0.180086
vn -0.998791 -0.013499 -0.047271
vn -0.864123 0.469957 0.180086
vn -0.871247 0.157097 -0.465027
vn 0.121431 0.615210 -0.778955
vn 0.631259 0.639369 -0.438997
vn 0.086480 0.845926 -0.526243
vn -0.751713 -0.068522 0.655920
vn -0.709139 -0.124126 0.694056
vn -0.722204 -0.149466 0.675338
vn -0.751713 -0.068522 0.655920
vn -0.722204 -0.149466 0.675338
vn -0.751713 -0.068522 0.655920
vn 0.874916 -0.157010 0.458116
vn 0.600900 -0.104467 0.792468
vn 0.467944 -0.020272 0.883526
vn 0.874916 -0.157010 0.458116
vn 0.467944 -0.020272 0.883526
vn 0.877267 -0.001764 0.479999
vn 0.600900 -0.104467 0.792468
vn -0.002835 -0.063926 0.997951
vn -0.006056 -0.021977 0.999740
vn 0.600900 -0.104467 0.792468
vn -0.006056 -0.021977 0.999740
vn 0.467944 -0.020272 0.883526
vn -0.004748 -0.999975 0.005257
vn -0.004792 -0.999975 0.005153
vn -0.004792 -0.999975 0.005153
vn -0.004748 -0.999975 0.005257
vn -0.004792 -0.999975 0.005153
vn -0.004748 -0.999975 0.005257
vn -0.769375 0.198923 -0.607035
vn -0.610909 0.209482 -0.763484
vn -0.652292 0.219576 -0.725466
vn 0.086480 0.845926 -0.526243
vn -0.564921 0.813424 -0.138581
vn -0.389734 0.276042 -0.878583
vn 0.086480 0.845926 -0.526243
vn -0.389734 0.276042 -0.878583
vn 0.121431 0.615210 -0.778955
vn -0.630819 0.217632 -0.744784
vn -0.652292 0.219576 -0.725466
vn -0.610909 0.209482 -0.763484
vn -0.778640 0.434215 -0.452965
vn -0.630819 0.217632 -0.744784
vn -0.683560 0.203503 -0.700951
vn -0.778640 0.434215 -0.452965
vn -0.683560 0.203503 -0.700951
vn -0.778640 0.434215 -0.452965
vn -0.514260 0.138676 -0.846349
vn -0.122062 0.071112 -0.989972
vn -0.398225 0.064267 -0.915034
vn 0.236347 0.970846 0.039980
vn 0.565888 0.824032 0.027244
vn 0.343131 0.724113 0.598266
vn -0.740025 0.196815 -0.643138
vn -0.707246 0.271865 -0.652605
vn -0.514260 0.138676 -0.846349
vn 0.190634 0.978824 -0.074579
vn 0.195373 0.954840 0.223851
vn 0.162137 0.947233 0.276517
vn -0.119860 -0.918919 -0.375794
vn -0.167285 -0.934603 -0.313900
vn -0.156463 -0.919421 -0.360812
vn -0.167285 -0.934603 -0.313900
vn -0.119860 -0.918919 -0.375794
vn -0.307292 -0.930673 -0.198541
vn -0.555786 -0.368752 -0.745066
vn -0.389734 0.276042 -0.878583
vn -0.564921 0.813424 -0.138581
vn -0.555786 -0.368752 -0.745066
vn -0.564921 0.813424 -0.138581
vn -0.555786 -0.368752 -0.745066
vn 0.000116 0.554569 0.832137
vn 0.000123 0.619743 0.784805
vn 0.343131 0.724113 0.598266
vn 0.000123 0.373037 0.927817
vn 0.000083 -0.298422 0.954434
vn 0.712669 -0.267946 0.648312
vn 0.000123 0.373037 0.927817
vn 0.712669 -0.267946 0.648312
vn 0.576182 0.249211 0.778401
vn 0.000018 0.999919 0.012693
vn -0.038874 0.999164 0.012681
vn 0.000018 0.999919 0.012693
vn 0.352306 -0.163491 -0.921494
vn 0.630880 -0.001038 -0.775880
vn 0.213779 -0.274896 -0.937406
vn 0.812124 0.299773 0.500591
vn 0.551757 0.312453 0.773264
vn 0.721703 0.077817 0.687815
vn 0.921238 -0.233057 0.311455
vn 0.812124 0.299773 0.500591
vn 0.712669 -0.267946 0.648312
vn 0.786737 0.407967 0.463259
vn 0.837575 0.521055 0.164224
vn 0.960269 0.265224 -0.086835
vn -0.691673 -0.108815 0.713966
vn -0.722204 -0.149466 0.675338
vn -0.709139 -0.124126 0.694056
vn 0.847283 -0.044030 0.529314
vn 0.859020 0.036857 0.510614
vn 0.859020 0.036857 0.510614
vn 0.847283 -0.044030 0.529314
vn 0.859020 0.036857 0.510614
vn 0.847283 -0.044030 0.529314
vn 0.352306 -0.163491 -0.921494
vn 0.010103 -0.213522 -0.976886
vn 0.007779 0.281974 -0.959390
vn 0.352306 -0.163491 -0.921494
vn 0.007779 0.281974 -0.959390
vn 0.423956 0.155722 -0.892195
vn 0.793193 -0.113007 0.598392
vn 0.786579 -0.109902 0.607630
vn 0.807506 -0.112535 0.579025
vn -0.951732 0.304431 0.039097
vn -0.825523 0.520448 0.218280
vn -0.734233 0.453136 0.505540
vn 0.793193 -0.113007 0.598392
vn 0.792063 -0.152964 0.590964
vn 0.792063 -0.152964 0.590964
vn 0.793193 -0.113007 0.598392
vn 0.792063 -0.152964 0.590964
vn 0.786579 -0.109902 0.607630
vn 0.837575 0.521055 0.164224
vn 0.862877 0.487069 0.134934
vn 0.840335 0.134127 -0.525211
vn 0.840335 0.134127 -0.525211
vn 0.862877 0.487069 0.134934
vn 0.980061 -0.073094 0.184766
vn 0.840335 0.134127 -0.525211
vn 0.980061 -0.073094 0.184766
vn 0.792537 -0.055125 -0.607327
vn -0.871247 0.157097 -0.465027
vn -0.864123 0.469957 0.180086
vn -0.825523 0.520448 0.218280
vn 0.826167 -0.038446 0.562112
vn 0.792063 -0.152964 0.590964
vn 0.792063 -0.152964 0.590964
vn 0.826167 -0.038446 0.562112
vn 0.792063 -0.152964 0.590964
vn 0.826167 -0.038446 0.562112
vn -0.692465 -0.139665 0.707803
vn -0.691673 -0.108815 0.713966
vn -0.680457 -0.102496 0.725585
vn -0.692465 -0.139665 0.707803
vn -0.680457 -0.102496 0.725585
vn -0.692465 -0.139665 0.707803
vn -0.745999 0.025893 0.665443
vn -0.692465 -0.139665 0.707803
vn -0.692465 -0.139665 0.707803
vn -0.745999 0.025893 0.665443
vn -0.692465 -0.139665 0.707803
vn -0.745999 0.025893 0.665443
vn -0.006056 -0.021977 0.999740
vn -0.010370 -0.072765 0.997295
vn 0.525784 0.019579 0.850393
vn -0.000673 -0.398454 0.917188
vn -0.002835 -0.063926 0.997951
vn 0.600900 -0.104467 0.792468
vn -0.000673 -0.398454 0.917188
vn 0.600900 -0.104467 0.792468
vn 0.724994 -0.324160 0.607705
vn 0.209494 0.806088 0.553475
vn 0.551757 0.312453 0.773264
vn 0.812124 0.299773 0.500591
vn 0.000083 -0.298422 0.954434
vn -0.000673 -0.398454 0.917188
vn 0.724994 -0.324160 0.607705
vn 0.000083 -0.298422 0.954434
vn 0.724994 -0.324160 0.607705
vn 0.712669 -0.267946 0.648312
vn 0.000925 -0.999984 -0.005521
vn -0.047561 -0.998850 -0.006027
vn 0.000925 -0.999984 -0.005521
vn 0.423956 0.155722 -0.892195
vn 0.007779 0.281974 -0.959390
vn 0.495731 0.188095 -0.847863
vn 0.343131 0.724113 0.598266
vn 0.565888 0.824032 0.027244
vn 0.000116 0.554569 0.832137
vn 0.630880 -0.001038 -0.775880
vn 0.680509 0.189110 -0.707916
vn 0.798954 0.195450 -0.568746
vn 0.711592 -0.116703 0.692833
vn 0.000116 0.554569 0.832137
vn 0.565888 0.824032 0.027244
vn 0.711592 -0.116703 0.692833
vn 0.565888 0.824032 0.027244
vn 0.711592 -0.116703 0.692833
vn 0.002923 0.188637 -0.982042
vn 0.495731 0.188095 -0.847863
vn 0.007779 0.281974 -0.959390
vn 0.711592 -0.116703 0.692833
vn 0.731050 -0.025384 0.681851
vn 0.731050 -0.025384 0.681851
vn 0.711592 -0.116703 0.692833
vn 0.731050 -0.025384 0.681851
vn 0.711592 -0.116703 0.692833
vn 0.330630 0.708531 -0.623433
vn 0.236347 0.970846 0.039980
vn 0.352781 0.935280 0.028241
vn 0.011794 -0.379183 -0.925247
vn 0.010103 -0.213522 -0.976886
vn 0.352306 -0.163491 -0.921494
vn -0.005711 -0.937340 0.348369
vn -0.001935 -0.999790 0.020398
vn -0.026829 -0.451024 0.892109
vn -0.026829 -0.451024 0.892109
vn 0.525784 0.019579 0.850393
vn -0.010370 -0.072765 0.997295
vn -0.026829 -0.451024 0.892109
vn -0.010370 -0.072765 0.997295
vn -0.011381 -0.498388 0.866880
vn 0.330630 0.708531 -0.623433
vn 0.612982 0.241976 -0.752131
vn 0.698979 0.091686 -0.709241
vn 0.352781 0.935280 0.028241
vn 0.236347 0.970846 0.039980
vn 0.343131 0.724113 0.598266
vn 0.807065 -0.393884 -0.439888
vn 0.612982 0.241976 -0.752131
vn 0.810700 -0.506685 -0.293319
vn -0.107694 -0.994145 0.008823
vn 0.507285 -0.791893 0.339952
vn 0.270690 -0.947249 0.171600
vn -0.512461 -0.232228 -0.826713
vn -0.125899 -0.157441 -0.979470
vn -0.864444 -0.092376 -0.494168
vn -0.512461 -0.232228 -0.826713
vn -0.864444 -0.092376 -0.494168
vn -0.961019 -0.195986 0.195018
vn -0.987633 -0.155807 -0.017473
vn -0.896712 -0.245916 -0.368012
vn -0.512461 -0.232228 -0.826713
vn -0.987633 -0.155807 -0.017473
vn -0.512461 -0.232228 -0.826713
vn -0.961019 -0.195986 0.195018
vn -0.000092 0.160816 -0.986984
vn 0.442186 0.054346 -0.895275
vn 0.483405 -0.383073 -0.787131
vn -0.000092 0.160816 -0.986984
vn 0.483405 -0.383073 -0.787131
vn -0.000114 -0.198005 -0.980201
vn 0.000883 -0.244221 -0.969719
vn 0.559003 -0.207565 -0.802765
vn 0.495731 0.188095 -0.847863
vn 0.000883 -0.244221 -0.969719
vn 0.495731 0.188095 -0.847863
vn 0.002923 0.188637 -0.982042
vn 0.270690 -0.947249 0.171600
vn -0.172722 -0.954191 -0.244308
vn -0.107694 -0.994145 0.008823
vn -0.026829 -0.451024 0.892109
vn 0.235509 -0.021389 0.971637
vn 0.525784 0.019579 0.850393
vn 0.680509 0.189110 -0.707916
vn 0.495731 0.188095 -0.847863
vn 0.798954 0.195450 -0.568746
vn 0.576182 0.249211 0.778401
vn 0.343131 0.724113 0.598266
vn 0.000123 0.619743 0.784805
vn 0.576182 0.249211 0.778401
vn 0.000123 0.619743 0.784805
vn 0.000123 0.373037 0.927817
vn 0.576182 0.249211 0.778401
vn 0.712669 -0.267946 0.648312
vn 0.812124 0.299773 0.500591
vn 0.110318 0.993395 0.031575
vn -0.564921 0.813424 -0.138581
vn 0.086480 0.845926 -0.526243
vn -0.176867 -0.903556 0.390262
vn -0.770393 -0.495854 0.400779
vn -0.831243 -0.548078 0.092988
vn -0.176867 -0.903556 0.390262
vn -0.831243 -0.548078 0.092988
vn -0.252495 -0.967578 0.006313
vn 0.626959 -0.732650 0.264853
vn 0.426425 -0.902008 0.067412
vn 0.032212 -0.944359 0.327336
vn -0.189411 0.969201 0.157394
vn -0.549867 0.822242 0.146845
vn -0.564921 0.813424 -0.138581
vn -0.000054 0.532993 -0.846119
vn 0.330630 0.708531 -0.623433
vn 0.442186 0.054346 -0.895275
vn -0.000054 0.532993 -0.846119
vn 0.442186 0.054346 -0.895275
vn -0.000092 0.160816 -0.986984
vn 0.626959 -0.732650 0.264853
vn 0.904196 -0.243573 0.350859
vn 0.426425 -0.902008 0.067412
vn -0.549867 0.822242 0.146845
vn -0.450940 0.854730 0.257078
vn -0.564921 0.813424 -0.138581
vn 0.032212 -0.944359 0.327336
vn -0.770393 -0.495854 0.400779
vn -0.176867 -0.903556 0.390262
vn 0.110318 0.993395 0.031575
vn 0.697442 0.709059 -0.103968
vn -0.189411 0.969201 0.157394
vn 0.626959 -0.732650 0.264853
vn 0.718258 0.299921 0.627816
vn 0.904196 -0.243573 0.350859
vn -0.450940 0.854730 0.257078
vn -0.487516 0.868790 0.086790
vn -0.564921 0.813424 -0.138581
vn 0.708554 0.010596 -0.705577
vn 0.960269 0.265224 -0.086835
vn -0.032536 0.249560 -0.967813
vn 0.708554 0.010596 -0.705577
vn -0.032536 0.249560 -0.967813
vn 0.708554 0.010596 -0.705577
vn 0.826167 -0.038446 0.562112
vn 0.786737 0.407967 0.463259
vn 0.960269 0.265224 -0.086835
vn 0.826167 -0.038446 0.562112
vn 0.960269 0.265224 -0.086835
vn 0.826167 -0.038446 0.562112
vn -0.840472 0.030984 -0.540969
vn -0.032536 0.249560 -0.967813
vn -0.951732 0.304431 0.039097
vn -0.840472 0.030984 -0.540969
vn -0.951732 0.304431 0.039097
vn -0.840472 0.030984 -0.540969
vn -0.745999 0.025893 0.665443
vn -0.951732 0.304431 0.039097
vn -0.734233 0.453136 0.505540
vn -0.745999 0.025893 0.665443
vn -0.734233 0.453136 0.505540
vn -0.745999 0.025893 0.665443
vn -0.825523 0.520448 0.218280
vn -0.951732 0.304431 0.039097
vn -0.871247 0.157097 -0.465027
vn 0.840335 0.134127 -0.525211
vn 0.960269 0.265224 -0.086835
vn 0.837575 0.521055 0.164224
vn 0.792537 -0.055125 -0.607327
vn 0.023935 -0.012328 -0.999637
vn 0.023912 0.016880 -0.999572
vn 0.792537 -0.055125 -0.607327
vn 0.023912 0.016880 -0.999572
vn 0.840335 0.134127 -0.525211
vn -0.026829 -0.451024 0.892109
vn -0.011381 -0.498388 0.866880
vn -0.005711 -0.937340 0.348369
vn -0.871247 0.157097 -0.465027
vn 0.023912 0.016880 -0.999572
vn 0.023935 -0.012328 -0.999637
vn -0.871247 0.157097 -0.465027
vn 0.023935 -0.012328 -0.999637
vn -0.370136 -0.005213 -0.928963
vn -0.259474 -0.950069 -0.173328
vn 0.399218 -0.916826 0.007380
vn 0.626959 -0.732650 0.264853
vn -0.259474 -0.950069 -0.173328
vn 0.626959 -0.732650 0.264853
vn -0.252495 -0.967578 0.006313
vn -0.852498 0.025865 -0.522091
vn -0.864444 -0.092376 -0.494168
vn -0.125899 -0.157441 -0.979470
vn -0.852498 0.025865 -0.522091
vn -0.125899 -0.157441 -0.979470
vn -0.852498 0.025865 -0.522091
vn 0.630880 -0.001038 -0.775880
vn 0.802782 0.080472 -0.590817
vn 0.746330 -0.115718 -0.655439
vn 0.630880 -0.001038 -0.775880
vn 0.746330 -0.115718 -0.655439
vn 0.421342 -0.159183 -0.892822
vn 0.782576 -0.037415 -0.621430
vn 0.495731 0.188095 -0.847863
vn 0.559003 -0.207565 -0.802765
vn 0.782576 -0.037415 -0.621430
vn 0.559003 -0.207565 -0.802765
vn 0.811942 -0.132525 -0.568495
vn 0.337290 0.933232 0.123749
vn 0.294787 0.937830 0.183237
vn 0.335575 0.926595 0.169739
vn 0.425313 0.386520 0.818359
vn 0.718258 0.299921 0.627816
vn 0.626959 -0.732650 0.264853
vn 0.425313 0.386520 0.818359
vn 0.626959 -0.732650 0.264853
vn 0.425313 0.386520 0.818359
vn 0.749037 -0.537342 -0.387566
vn 0.483405 -0.383073 -0.787131
vn 0.807065 -0.393884 -0.439888
vn 0.330630 0.708531 -0.623433
vn 0.565888 0.824032 0.027244
vn 0.236347 0.970846 0.039980
vn 0.649982 -0.235294 0.722607
vn 0.831650 -0.161377 0.531334
vn 0.786827 -0.192763 0.586298
vn 0.261902 -0.417306 0.870209
vn 0.649982 -0.235294 0.722607
vn 0.614523 -0.258164 0.745462
vn 0.261902 -0.417306 0.870209
vn 0.614523 -0.258164 0.745462
vn 0.261902 -0.417306 0.870209
vn 0.835280 -0.182813 -0.518543
vn 0.811942 -0.132525 -0.568495
vn 0.559003 -0.207565 -0.802765
vn -0.852498 0.025865 -0.522091
vn -0.853176 0.112343 -0.509382
vn -0.850912 0.134554 -0.507784
vn -0.852498 0.025865 -0.522091
vn -0.850912 0.134554 -0.507784
vn -0.852498 0.025865 -0.522091
vn 0.840335 0.134127 -0.525211
vn 0.023912 0.016880 -0.999572
vn -0.032536 0.249560 -0.967813
vn -0.850912 0.134554 -0.507784
vn -0.853176 0.112343 -0.509382
vn -0.846453 0.144014 -0.512618
vn 0.682249 0.057982 -0.728817
vn 0.677436 0.163371 -0.717210
vn 0.676826 0.152837 -0.720103
vn 0.682249 0.057982 -0.728817
vn 0.676826 0.152837 -0.720103
vn 0.682249 0.057982 -0.728817
vn -0.125899 -0.157441 -0.979470
vn -0.512461 -0.232228 -0.826713
vn 0.421342 -0.159183 -0.892822
vn 0.421342 -0.159183 -0.892822
vn 0.746330 -0.115718 -0.655439
vn 0.698158 -0.074036 -0.712105
vn 0.421342 -0.159183 -0.892822
vn 0.698158 -0.074036 -0.712105
vn -0.125899 -0.157441 -0.979470
vn 0.675223 0.156978 -0.720716
vn 0.676826 0.152837 -0.720103
vn 0.677436 0.163371 -0.717210
vn -0.032536 0.249560 -0.967813
vn 0.023912 0.016880 -0.999572
vn -0.871247 0.157097 -0.465027
vn 0.676171 0.138377 -0.723633
vn 0.676164 0.057051 -0.734539
vn 0.676164 0.057051 -0.734539
vn 0.676171 0.138377 -0.723633
vn 0.676164 0.057051 -0.734539
vn 0.675223 0.156978 -0.720716
vn 0.708554 0.010596 -0.705577
vn 0.676164 0.057051 -0.734539
vn 0.676164 0.057051 -0.734539
vn 0.708554 0.010596 -0.705577
vn 0.676164 0.057051 -0.734539
vn 0.708554 0.010596 -0.705577
vn -0.837449 0.053651 -0.543876
vn -0.845205 0.129909 -0.518414
vn -0.846453 0.144014 -0.512618
vn -0.837449 0.053651 -0.543876
vn -0.846453 0.144014 -0.512618
vn -0.837449 0.053651 -0.543876
vn -0.840472 0.030984 -0.540969
vn -0.837449 0.053651 -0.543876
vn -0.837449 0.053651 -0.543876
vn -0.840472 0.030984 -0.540969
vn -0.837449 0.053651 -0.543876
vn -0.840472 0.030984 -0.540969
vn 0.495731 0.188095 -0.847863
vn 0.782576 -0.037415 -0.621430
vn 0.798954 0.195450 -0.568746
vn 0.213779 -0.274896 -0.937406
vn 0.630880 -0.001038 -0.775880
vn 0.421342 -0.159183 -0.892822
vn 0.213779 -0.274896 -0.937406
vn 0.421342 -0.159183 -0.892822
vn -0.512461 -0.232228 -0.826713
vn 0.680509 0.189110 -0.707916
vn 0.630880 -0.001038 -0.775880
vn 0.352306 -0.163491 -0.921494
vn 0.807065 -0.393884 -0.439888
vn 0.483405 -0.383073 -0.787131
vn 0.442186 0.054346 -0.895275
vn 0.682249 0.057982 -0.728817
vn -0.125899 -0.157441 -0.979470
vn 0.698158 -0.074036 -0.712105
vn 0.682249 0.057982 -0.728817
vn 0.698158 -0.074036 -0.712105
vn 0.682249 0.057982 -0.728817
vn -0.751713 -0.068522 0.655920
vn -0.757546 0.028356 0.652166
vn -0.757546 0.028356 0.652166
vn -0.751713 -0.068522 0.655920
vn -0.757546 0.028356 0.652166
vn -0.751713 -0.068522 0.655920
vn 0.874178 -0.138101 0.465555
vn 0.921238 -0.233057 0.311455
vn 0.724994 -0.324160 0.607705
vn 0.658215 0.209514 -0.723089
vn 0.565888 0.824032 0.027244
vn -0.000012 0.753716 -0.657201
vn 0.658215 0.209514 -0.723089
vn -0.000012 0.753716 -0.657201
vn 0.658215 0.209514 -0.723089
vn 0.847283 -0.044030 0.529314
vn 0.817370 -0.128466 0.561607
vn 0.807506 -0.112535 0.579025
vn 0.847283 -0.044030 0.529314
vn 0.807506 -0.112535 0.579025
vn 0.847283 -0.044030 0.529314
vn 0.658215 0.209514 -0.723089
vn 0.680168 0.062115 -0.730420
vn 0.680168 0.062115 -0.730420
vn 0.658215 0.209514 -0.723089
vn 0.680168 0.062115 -0.730420
vn 0.658215 0.209514 -0.723089
vn 0.921238 -0.233057 0.311455
vn 0.712669 -0.267946 0.648312
vn 0.724994 -0.324160 0.607705
vn 0.862877 0.487069 0.134934
vn 0.491647 -0.030450 0.870262
vn 0.491647 -0.030450 0.870262
vn 0.862877 0.487069 0.134934
vn 0.491647 -0.030450 0.870262
vn 0.980061 -0.073094 0.184766
vn -0.000114 -0.198005 -0.980201
vn 0.483405 -0.383073 -0.787131
vn 0.559003 -0.207565 -0.802765
vn -0.000114 -0.198005 -0.980201
vn 0.559003 -0.207565 -0.802765
vn 0.000883 -0.244221 -0.969719
vn 0.837575 0.521055 0.164224
vn 0.786737 0.407967 0.463259
vn -0.008314 0.955077 0.296242
vn 0.747466 -0.207392 0.631097
vn 0.780985 -0.229780 0.580743
vn 0.860761 -0.249155 0.443861
vn -0.006849 0.004891 0.999965
vn 0.491647 -0.030450 0.870262
vn 0.491647 -0.030450 0.870262
vn -0.006849 0.004891 0.999965
vn 0.491647 -0.030450 0.870262
vn -0.006849 0.004891 0.999965
vn -0.197570 0.942725 0.268765
vn 0.167577 0.950193 0.262775
vn -0.008314 0.955077 0.296242
vn 0.495731 0.188095 -0.847863
vn 0.680509 0.189110 -0.707916
vn 0.423956 0.155722 -0.892195
vn -0.000012 0.753716 -0.657201
vn 0.330630 0.708531 -0.623433
vn -0.000054 0.532993 -0.846119
vn -0.000012 0.753716 -0.657201
vn 0.565888 0.824032 0.027244
vn 0.330630 0.708531 -0.623433
vn -0.514260 0.138676 -0.846349
vn -0.398225 0.064267 -0.915034
vn -0.740025 0.196815 -0.643138
vn 0.507285 -0.791893 0.339952
vn 0.612665 -0.784321 -0.097374
vn 0.270690 -0.947249 0.171600
vn 0.807065 -0.393884 -0.439888
vn 0.810700 -0.506685 -0.293319
vn 0.802253 -0.405184 0.438424
vn 0.190634 0.978824 -0.074579
vn 0.162137 0.947233 0.276517
vn 0.152945 0.984636 -0.084265
vn 0.802253 -0.405184 0.438424
vn 0.747466 -0.207392 0.631097
vn 0.860761 -0.249155 0.443861
vn 0.152945 0.984636 -0.084265
vn 0.209494 0.806088 0.553475
vn 0.812124 0.299773 0.500591
vn 0.802253 -0.405184 0.438424
vn 0.860761 -0.249155 0.443861
vn 0.807065 -0.393884 -0.439888
vn 0.807065 -0.393884 -0.439888
vn 0.442186 0.054346 -0.895275
vn 0.698979 0.091686 -0.709241
vn 0.724994 -0.324160 0.607705
vn 0.874916 -0.157010 0.458116
vn 0.874178 -0.138101 0.465555
vn 0.559003 -0.207565 -0.802765
vn 0.483405 -0.383073 -0.787131
vn 0.749037 -0.537342 -0.387566
vn 0.559003 -0.207565 -0.802765
vn 0.749037 -0.537342 -0.387566
vn 0.835280 -0.182813 -0.518543
vn 0.352306 -0.163491 -0.921494
vn 0.423956 0.155722 -0.892195
vn 0.680509 0.189110 -0.707916
vn -0.667379 0.189736 -0.720143
vn -0.406655 0.156489 -0.900079
vn -0.331157 -0.160485 -0.929828
vn 0.352306 -0.163491 -0.921494
vn 0.213779 -0.274896 -0.937406
vn 0.011794 -0.379183 -0.925247
vn 0.011794 -0.379183 -0.925247
vn -0.197939 -0.272251 -0.941647
vn -0.331157 -0.160485 -0.929828
vn 0.798954 0.195450 -0.568746
vn 0.802782 0.080472 -0.590817
vn 0.630880 -0.001038 -0.775880
vn -0.793901 0.194513 -0.576096
vn -0.667379 0.189736 -0.720143
vn -0.624587 -0.001451 -0.780954
vn 0.024576 -0.446175 0.894608
vn -0.215566 -0.016252 0.976354
vn 0.962810 -0.192097 0.189990
vn -0.961019 -0.195986 0.195018
vn 0.235509 -0.021389 0.971637
vn -0.026829 -0.451024 0.892109
vn -0.526932 0.021999 0.849623
vn -0.881179 0.101505 0.461759
vn -0.856504 0.117481 0.502592
vn 0.235509 -0.021389 0.971637
vn 0.859351 0.044950 0.509406
vn 0.861531 0.114265 0.494680
vn -0.215566 -0.016252 0.976354
vn -0.526932 0.021999 0.849623
vn -0.856504 0.117481 0.502592
vn 0.861531 0.114265 0.494680
vn 0.525784 0.019579 0.850393
vn 0.235509 -0.021389 0.971637
vn 0.807506 -0.112535 0.579025
vn 0.817370 -0.128466 0.561607
vn 0.793193 -0.113007 0.598392
vn -0.795215 -0.114678 0.595384
vn -0.773867 -0.112336 0.623306
vn -0.780584 -0.115389 0.614308
vn 0.706094 -0.109206 0.699646
vn 0.695203 -0.102973 0.711400
vn 0.723129 -0.123455 0.679591
vn -0.709139 -0.124126 0.694056
vn -0.680457 -0.102496 0.725585
vn -0.691673 -0.108815 0.713966
vn -0.689136 0.157588 -0.707289
vn -0.690063 0.139139 -0.710249
vn -0.691466 0.162849 -0.703815
vn 0.840710 0.136079 -0.524107
vn 0.834264 0.132696 -0.535160
vn 0.835895 0.145998 -0.529116
vn -0.846453 0.144014 -0.512618
vn -0.845205 0.129909 -0.518414
vn -0.850912 0.134554 -0.507784
vn 0.677436 0.163371 -0.717210
vn 0.676171 0.138377 -0.723633
vn 0.675223 0.156978 -0.720716
vn -0.032536 0.249560 -0.967813
vn 0.960269 0.265224 -0.086835
vn 0.840335 0.134127 -0.525211
vn -0.871247 0.157097 -0.465027
vn -0.951732 0.304431 0.039097
vn -0.032536 0.249560 -0.967813
vn 0.023852 0.251290 -0.967618
vn 0.952662 0.302383 0.031616
vn 0.870282 0.157511 -0.466689
vn -0.841626 0.135608 -0.522759
vn -0.960663 0.266688 -0.077480
vn 0.023852 0.251290 -0.967618
vn -0.879469 -0.036883 0.474525
vn -0.879469 -0.036883 0.474525
vn -0.879469 -0.036883 0.474525
vn 0.871551 0.016424 0.490030
vn 0.871551 0.016424 0.490030
vn 0.871551 0.016424 0.490030
vn 0.525784 0.019579 0.850393
vn 0.467944 -0.020272 0.883526
vn -0.006056 -0.021977 0.999740
vn -0.006056 -0.021977 0.999740
vn -0.470906 -0.031723 0.881613
vn -0.526932 0.021999 0.849623
f 103/1/1 34/2/2 157/3/3
f 157/4/4 34/5/5 32/6/6
f 127/7/7 34/8/8 158/9/9
f 32/10/10 34/11/11 159/12/12
f 75/13/13 139/14/14 159/15/15
f 103/16/16 128/17/17 158/18/18
f 48/19/19 49/20/20 96/21/21
f 159/22/22 139/23/23 32/24/24
f 69/25/25 101/26/26 27/27/27
f 81/28/28 62/29/29 99/30/30
f 81/31/31 99/32/32 130/33/33
f 27/34/34 26/35/35 68/36/36
f 67/37/37 27/38/38 101/39/39
f 26/40/40 27/41/41 67/42/42
f 44/43/43 107/44/44 108/45/45
f 72/46/46 71/47/47 44/48/48
f 108/49/49 107/50/50 36/51/51
f 36/52/52 71/53/53 72/54/54
f 101/55/55 29/56/56 66/57/57
f 66/58/58 29/59/59 26/60/60
f 29/61/61 74/62/62 68/63/63
f 29/64/64 101/65/65 69/66/66
f 55/67/67 142/68/68 75/69/69
f 26/70/70 108/71/71 66/72/72
f 47/73/73 64/74/74 97/75/75
f 68/76/76 26/77/77 29/78/78
f 27/79/79 109/80/80 69/81/81
f 69/82/82 74/83/83 29/84/84
f 67/85/85 108/86/86 26/87/87
f 68/88/88 109/89/89 27/90/90
f 125/91/91 87/92/92 122/93/93
f 125/94/94 122/95/95 30/96/96
f 125/97/97 30/98/98 100/99/99
f 45/100/100 126/101/101 86/102/102
f 99/103/103 1/104/104 93/105/105
f 73/106/106 100/107/107 126/108/108
f 73/109/109 126/110/110 45/111/111
f 56/112/112 124/113/113 86/114/114
f 124/115/115 88/116/116 86/117/117
f 86/118/118 126/119/119 58/120/120
f 58/121/121 78/122/122 86/123/123
f 81/124/124 130/125/125 51/126/126
f 81/127/127 51/128/128 52/129/129
f 153/130/130 59/131/131 150/132/132
f 153/133/133 150/134/134 120/135/135
f 120/136/136 150/137/137 152/138/138
f 120/139/139 152/140/140 151/141/141
f 151/142/142 152/143/143 155/144/144
f 151/145/145 155/146/146 154/147/147
f 154/148/148 155/149/149 59/150/150
f 154/151/151 59/152/152 153/153/153
f 59/154/154 43/155/155 106/156/156
f 59/157/157 106/158/158 150/159/159
f 151/160/160 36/161/161 107/162/162
f 151/163/163 107/164/164 120/165/165
f 152/166/166 37/167/167 70/168/168
f 152/169/169 70/170/170 155/171/171
f 153/172/172 44/173/173 71/174/174
f 153/175/175 71/176/176 154/177/177
f 149/178/178 42/179/179 148/180/180
f 145/181/181 106/182/182 148/183/183
f 40/184/184 106/185/185 145/186/186
f 146/187/187 70/188/188 40/189/189
f 146/190/190 41/191/191 42/192/192
f 146/193/193 42/194/194 147/195/195
f 28/196/196 126/197/197 100/198/198
f 28/199/199 100/200/200 30/201/201
f 147/202/202 42/203/203 149/204/204
f 132/205/205 77/206/206 61/207/207
f 132/208/208 61/209/209 131/210/210
f 95/211/211 51/212/212 130/213/213
f 48/214/214 65/215/215 64/216/216
f 48/217/217 64/218/218 47/219/219
f 65/220/220 2/221/221 5/222/222
f 65/223/223 5/224/224 64/225/225
f 100/226/226 73/227/227 89/228/228
f 100/229/229 89/230/230 125/231/231
f 66/232/232 72/233/233 101/234/234
f 149/235/235 43/236/236 70/237/237
f 149/238/238 70/239/239 147/240/240
f 72/241/241 66/242/242 36/243/243
f 154/244/244 71/245/245 36/246/246
f 154/247/247 36/248/248 151/249/249
f 46/250/250 75/251/251 142/252/252
f 32/253/253 33/254/254 144/255/255
f 142/256/256 74/257/257 69/258/258
f 68/259/259 74/260/260 142/261/261
f 101/262/262 72/263/263 67/264/264
f 44/265/265 67/266/266 72/267/267
f 155/268/268 70/269/269 43/270/270
f 155/271/271 43/272/272 59/273/273
f 32/274/274 3/275/275 4/276/276
f 139/277/277 76/278/278 9/279/279
f 139/280/280 9/281/281 17/282/282
f 15/283/283 63/284/284 10/285/285
f 111/286/286 102/287/287 140/288/288
f 159/289/289 34/290/290 75/291/291
f 76/292/292 75/293/293 46/294/294
f 134/295/295 56/296/296 78/297/297
f 61/298/298 77/299/299 92/300/300
f 132/301/301 81/302/302 52/303/303
f 132/304/304 52/305/305 91/306/306
f 141/307/307 14/308/308 13/309/309
f 141/310/310 13/311/311 140/312/312
f 92/313/313 77/314/314 53/315/315
f 78/316/316 58/317/317 133/318/318
f 54/319/319 90/320/320 85/321/321
f 54/322/322 85/323/323 92/324/324
f 57/325/325 124/326/326 56/327/327
f 87/328/328 125/329/329 124/330/330
f 87/331/331 124/332/332 57/333/333
f 58/334/334 126/335/335 28/336/336
f 138/337/337 85/338/338 90/339/339
f 138/340/340 90/341/341 137/342/342
f 79/343/343 60/344/344 92/345/345
f 79/346/346 92/347/347 85/348/348
f 135/349/349 79/350/350 85/351/351
f 135/352/352 85/353/353 138/354/354
f 96/355/355 7/356/356 2/357/357
f 97/358/358 64/359/359 5/360/360
f 97/361/361 5/362/362 6/363/363
f 75/364/364 34/365/365 35/366/366
f 76/367/367 97/368/368 6/369/369
f 76/370/370 6/371/371 9/372/372
f 1/373/373 111/374/374 24/375/375
f 105/376/376 14/377/377 141/378/378
f 4/379/379 33/380/380 32/381/381
f 102/382/382 95/383/383 49/384/384
f 98/385/385 33/386/386 4/387/387
f 98/388/388 4/389/389 11/390/390
f 14/391/391 105/392/392 25/393/393
f 11/394/394 10/395/395 63/396/396
f 11/397/397 63/398/398 98/399/399
f 157/400/400 144/401/401 103/402/402
f 140/403/403 13/404/404 24/405/405
f 93/406/406 1/407/407 23/408/408
f 96/409/409 93/410/410 22/411/411
f 96/412/412 22/413/413 7/414/414
f 158/415/415 34/416/416 103/417/417
f 32/418/418 144/419/419 157/420/420
f 35/421/421 34/422/422 127/423/423
f 143/424/424 46/425/425 69/426/426
f 99/427/427 62/428/428 115/429/429
f 99/430/430 115/431/431 114/432/432
f 99/433/433 114/434/434 111/435/435
f 99/436/436 111/437/437 1/438/438
f 18/439/439 110/440/440 128/441/441
f 18/442/442 128/443/443 19/444/444
f 25/445/445 105/446/446 104/447/447
f 25/448/448 104/449/449 20/450/450
f 69/451/451 109/452/452 143/453/453
f 96/454/454 130/455/455 93/456/456
f 49/457/457 105/458/458 116/459/459
f 17/460/460 3/461/461 32/462/462
f 17/463/463 32/464/464 139/465/465
f 75/466/466 76/467/467 139/468/468
f 147/469/469 70/470/470 146/471/471
f 148/472/472 42/473/473 41/474/474
f 148/475/475 41/476/476 145/477/477
f 40/478/478 39/479/479 106/480/480
f 70/481/481 39/482/482 40/483/483
f 19/484/484 128/485/485 103/486/486
f 19/487/487 103/488/488 8/489/489
f 39/490/490 38/491/491 106/492/492
f 70/493/493 38/494/494 39/495/495
f 145/496/496 41/497/497 40/498/498
f 40/499/499 41/500/500 146/501/501
f 38/502/502 37/503/503 106/504/504
f 70/505/505 37/506/506 38/507/507
f 136/508/508 113/509/509 134/510/510
f 136/511/511 134/512/512 137/513/513
f 137/514/514 134/515/515 78/516/516
f 137/517/517 78/518/518 138/519/519
f 135/520/520 133/521/521 113/522/522
f 135/523/523 113/524/524 136/525/525
f 138/526/526 78/527/527 133/528/528
f 138/529/529 133/530/530 135/531/531
f 28/532/532 133/533/533 58/534/534
f 56/535/535 134/536/536 57/537/537
f 57/538/538 121/539/539 122/540/540
f 57/541/541 122/542/542 87/543/543
f 23/544/544 22/545/545 93/546/546
f 30/547/547 122/548/548 121/549/549
f 30/550/550 121/551/551 28/552/552
f 148/553/553 106/554/554 43/555/555
f 148/556/556 43/557/557 149/558/558
f 31/559/559 115/560/560 62/561/561
f 31/562/562 62/563/563 131/564/564
f 117/565/565 51/566/566 95/567/567
f 117/568/568 95/569/569 102/570/570
f 47/571/571 104/572/572 105/573/573
f 47/574/574 105/575/575 48/576/576
f 36/577/577 66/578/578 108/579/579
f 150/580/580 106/581/581 37/582/582
f 150/583/583 37/584/584 152/585/585
f 127/586/586 110/587/587 46/588/588
f 144/589/589 33/590/590 103/591/591
f 108/592/592 67/593/593 44/594/594
f 120/595/595 107/596/596 44/597/597
f 120/598/598 44/599/599 153/600/600
f 104/601/601 47/602/602 156/603/603
f 131/604/604 61/605/605 112/606/606
f 131/607/607 112/608/608 31/609/609
f 113/610/610 121/611/611 57/612/612
f 123/613/613 112/614/614 61/615/615
f 31/616/616 112/617/617 53/618/618
f 31/619/619 53/620/620 91/621/621
f 117/622/622 114/623/623 115/624/624
f 115/625/625 52/626/626 51/627/627
f 115/628/628 51/629/629 117/630/630
f 53/631/631 112/632/632 123/633/633
f 28/634/634 121/635/635 113/636/636
f 123/637/637 119/638/638 90/639/639
f 123/640/640 90/641/641 54/642/642
f 137/643/643 90/644/644 119/645/645
f 137/646/646 119/647/647 136/648/648
f 119/649/649 123/650/650 60/651/651
f 119/652/652 60/653/653 79/654/654
f 136/655/655 119/656/656 79/657/657
f 136/658/658 79/659/659 135/660/660
f 49/661/661 48/662/662 105/663/663
f 114/664/664 117/665/665 102/666/666
f 114/667/667 102/668/668 111/669/669
f 140/670/670 102/671/671 116/672/672
f 128/673/673 110/674/674 127/675/675
f 91/676/676 52/677/677 115/678/678
f 91/679/679 115/680/680 31/681/681
f 131/682/682 62/683/683 81/684/684
f 131/685/685 81/686/686 132/687/687
f 97/688/688 46/689/689 156/690/690
f 16/691/691 12/692/692 33/693/693
f 16/694/694 33/695/695 98/696/696
f 91/697/697 53/698/698 77/699/699
f 91/700/700 77/701/701 132/702/702
f 98/703/703 63/704/704 15/705/705
f 98/706/706 15/707/707 16/708/708
f 97/709/709 76/710/710 46/711/711
f 125/712/712 89/713/713 88/714/714
f 125/715/715 88/716/716 124/717/717
f 20/718/718 104/719/719 110/720/720
f 20/721/721 110/722/722 18/723/723
f 86/724/724 78/725/725 56/726/726
f 143/727/727 109/728/728 68/729/729
f 45/730/730 88/731/731 89/732/732
f 45/733/733 89/734/734 73/735/735
f 86/736/736 88/737/737 45/738/738
f 141/739/739 116/740/740 105/741/741
f 8/742/742 103/743/743 12/744/744
f 103/745/745 33/746/746 12/747/747
f 69/748/748 46/749/749 142/750/750
f 143/751/751 127/752/752 46/753/753
f 55/754/754 35/755/755 127/756/756
f 55/757/757 68/758/758 142/759/759
f 143/760/760 68/761/761 55/762/762
f 75/763/763 35/764/764 55/765/765
f 127/766/766 143/767/767 55/768/768
f 158/769/769 128/770/770 127/771/771
f 156/772/772 47/773/773 97/774/774
f 156/775/775 46/776/776 110/777/777
f 156/778/778 110/779/779 104/780/780
f 84/781/781 168/782/782 237/783/783
f 166/784/784 168/785/785 84/786/786
f 129/787/787 168/788/788 261/789/789
f 118/790/790 168/791/791 166/792/792
f 118/793/793 273/794/794 209/795/795
f 129/796/796 262/797/797 237/798/798
f 230/799/799 183/800/800 182/801/801
f 166/802/802 273/803/803 118/804/804
f 161/805/805 235/806/806 203/807/807
f 233/808/808 196/809/809 215/810/810
f 233/811/811 215/812/812 264/813/813
f 202/814/814 160/815/815 161/816/816
f 235/817/817 161/818/818 201/819/819
f 201/820/820 161/821/821 160/822/822
f 242/823/823 241/824/824 178/825/825
f 178/826/826 205/827/827 206/828/828
f 170/829/829 241/830/830 242/831/831
f 206/832/832 205/833/833 170/834/834
f 200/835/835 163/836/836 235/837/837
f 160/838/838 163/839/839 200/840/840
f 202/841/841 208/842/842 163/843/843
f 203/844/844 235/845/845 163/846/846
f 209/847/847 276/848/848 189/849/849
f 200/850/850 242/851/851 160/852/852
f 231/853/853 198/854/854 181/855/855
f 163/856/856 160/857/857 202/858/858
f 203/859/859 243/860/860 161/861/861
f 163/862/862 208/863/863 203/864/864
f 160/865/865 242/866/866 201/867/867
f 161/868/868 243/869/869 202/870/870
f 234/871/871 164/872/872 256/873/873
f 234/874/874 256/875/875 221/876/876
f 234/877/877 221/878/878 259/879/879
f 220/880/880 260/881/881 179/882/882
f 227/883/883 1/884/884 233/885/885
f 179/886/886 260/887/887 234/888/888
f 179/889/889 234/890/890 207/891/891
f 220/892/892 258/893/893 190/894/894
f 220/895/895 222/896/896 258/897/897
f 192/898/898 260/899/899 220/900/900
f 220/901/901 212/902/902 192/903/903
f 186/904/904 185/905/905 264/906/906
f 186/907/907 264/908/908 215/909/909
f 229/910/910 183/911/911 230/912/912
f 254/913/913 263/914/914 193/915/915
f 254/916/916 193/917/917 83/918/918
f 184/919/919 217/920/920 263/921/921
f 184/922/922 263/923/923 254/924/924
f 80/925/925 214/926/926 217/927/927
f 80/928/928 217/929/929 184/930/930
f 83/931/931 193/932/932 214/933/933
f 83/934/934 214/935/935 80/936/936
f 263/937/937 240/938/938 177/939/939
f 263/940/940 177/941/941 193/942/942
f 254/943/943 241/944/944 170/945/945
f 254/946/946 170/947/947 184/948/948
f 214/949/949 204/950/950 171/951/951
f 214/952/952 171/953/953 217/954/954
f 80/955/955 205/956/956 178/957/957
f 80/958/958 178/959/959 83/960/960
f 252/961/961 176/962/962 218/963/963
f 252/964/964 240/965/965 21/966/966
f 21/967/967 240/968/968 174/969/969
f 174/970/970 204/971/971 228/972/972
f 94/973/973 176/974/974 175/975/975
f 94/976/976 175/977/977 228/978/978
f 164/979/979 234/980/980 260/981/981
f 164/982/982 260/983/983 162/984/984
f 218/985/985 176/986/986 94/987/987
f 265/988/988 195/989/989 211/990/990
f 265/991/991 211/992/992 266/993/993
f 181/994/994 198/995/995 199/996/996
f 181/997/997 199/998/998 182/999/999
f 198/1000/1000 5/1001/1001 2/1002/1002
f 198/1003/1003 2/1004/1004 199/1005/1005
f 259/1006/1006 223/1007/1007 207/1008/1008
f 259/1009/1009 207/1010/1010 234/1011/1011
f 235/1012/1012 206/1013/1013 200/1014/1014
f 94/1015/1015 204/1016/1016 177/1017/1017
f 94/1018/1018 177/1019/1019 218/1020/1020
f 170/1021/1021 200/1022/1022 206/1023/1023
f 184/1024/1024 170/1025/1025 205/1026/1026
f 184/1027/1027 205/1028/1028 80/1029/1029
f 276/1030/1030 209/1031/1031 180/1032/1032
f 216/1033/1033 167/1034/1034 166/1035/1035
f 203/1036/1036 208/1037/1037 276/1038/1038
f 276/1039/1039 208/1040/1040 202/1041/1041
f 201/1042/1042 206/1043/1043 235/1044/1044
f 206/1045/1045 201/1046/1046 178/1047/1047
f 193/1048/1048 177/1049/1049 204/1050/1050
f 193/1051/1051 204/1052/1052 214/1053/1053
f 4/1054/1054 3/1055/1055 166/1056/1056
f 17/1057/1057 9/1058/1058 210/1059/1059
f 17/1060/1060 210/1061/1061 273/1062/1062
f 10/1063/1063 197/1064/1064 15/1065/1065
f 274/1066/1066 236/1067/1067 245/1068/1068
f 209/1069/1069 168/1070/1070 118/1071/1071
f 180/1072/1072 209/1073/1073 210/1074/1074
f 212/1075/1075 190/1076/1076 268/1077/1077
f 226/1078/1078 211/1079/1079 195/1080/1080
f 225/1081/1081 186/1082/1082 215/1083/1083
f 225/1084/1084 215/1085/1085 266/1086/1086
f 274/1087/1087 13/1088/1088 14/1089/1089
f 274/1090/1090 14/1091/1091 275/1092/1092
f 226/1093/1093 188/1094/1094 187/1095/1095
f 267/1096/1096 192/1097/1097 212/1098/1098
f 226/1099/1099 219/1100/1100 224/1101/1101
f 226/1102/1102 224/1103/1103 188/1104/1104
f 190/1105/1105 258/1106/1106 191/1107/1107
f 191/1108/1108 258/1109/1109 259/1110/1110
f 191/1111/1111 259/1112/1112 221/1113/1113
f 162/1114/1114 260/1115/1115 192/1116/1116
f 271/1117/1117 224/1118/1118 219/1119/1119
f 271/1120/1120 219/1121/1121 272/1122/1122
f 219/1123/1123 226/1124/1124 194/1125/1125
f 219/1126/1126 194/1127/1127 213/1128/1128
f 272/1129/1129 219/1130/1130 213/1131/1131
f 272/1132/1132 213/1133/1133 269/1134/1134
f 2/1135/1135 7/1136/1136 230/1137/1137
f 6/1138/1138 5/1139/1139 198/1140/1140
f 6/1141/1141 198/1142/1142 231/1143/1143
f 169/1144/1144 168/1145/1145 209/1146/1146
f 9/1147/1147 6/1148/1148 231/1149/1149
f 9/1150/1150 231/1151/1151 210/1152/1152
f 24/1153/1153 245/1154/1154 1/1155/1155
f 275/1156/1156 14/1157/1157 239/1158/1158
f 166/1159/1159 167/1160/1160 4/1161/1161
f 236/1162/1162 250/1163/1163 183/1164/1164
f 11/1165/1165 4/1166/1166 167/1167/1167
f 11/1168/1168 167/1169/1169 232/1170/1170
f 25/1171/1171 239/1172/1172 14/1173/1173
f 232/1174/1174 197/1175/1175 10/1176/1176
f 232/1177/1177 10/1178/1178 11/1179/1179
f 237/1180/1180 216/1181/1181 84/1182/1182
f 24/1183/1183 13/1184/1184 274/1185/1185
f 23/1186/1186 1/1187/1187 227/1188/1188
f 227/1189/1189 230/1190/1190 7/1191/1191
f 227/1192/1192 7/1193/1193 22/1194/1194
f 237/1195/1195 168/1196/1196 129/1197/1197
f 84/1198/1198 216/1199/1199 166/1200/1200
f 261/1201/1201 168/1202/1202 169/1203/1203
f 203/1204/1204 180/1205/1205 82/1206/1206
f 248/1207/1207 249/1208/1208 196/1209/1209
f 248/1210/1210 196/1211/1211 233/1212/1212
f 1/1213/1213 245/1214/1214 248/1215/1215
f 1/1216/1216 248/1217/1217 233/1218/1218
f 19/1219/1219 262/1220/1220 244/1221/1221
f 19/1222/1222 244/1223/1223 18/1224/1224
f 20/1225/1225 238/1226/1226 239/1227/1227
f 20/1228/1228 239/1229/1229 25/1230/1230
f 82/1231/1231 243/1232/1232 203/1233/1233
f 227/1234/1234 264/1235/1235 230/1236/1236
f 250/1237/1237 239/1238/1238 183/1239/1239
f 273/1240/1240 166/1241/1241 3/1242/1242
f 273/1243/1243 3/1244/1244 17/1245/1245
f 273/1246/1246 210/1247/1247 209/1248/1248
f 228/1249/1249 204/1250/1250 94/1251/1251
f 21/1252/1252 175/1253/1253 176/1254/1254
f 21/1255/1255 176/1256/1256 252/1257/1257
f 240/1258/1258 173/1259/1259 174/1260/1260
f 174/1261/1261 173/1262/1262 204/1263/1263
f 8/1264/1264 237/1265/1265 262/1266/1266
f 8/1267/1267 262/1268/1268 19/1269/1269
f 240/1270/1270 172/1271/1271 173/1272/1272
f 173/1273/1273 172/1274/1274 204/1275/1275
f 174/1276/1276 175/1277/1277 21/1278/1278
f 228/1279/1279 175/1280/1280 174/1281/1281
f 240/1282/1282 171/1283/1283 172/1284/1284
f 172/1285/1285 171/1286/1286 204/1287/1287
f 271/1288/1288 268/1289/1289 247/1290/1290
f 271/1291/1291 247/1292/1292 270/1293/1293
f 272/1294/1294 212/1295/1295 268/1296/1296
f 272/1297/1297 268/1298/1298 271/1299/1299
f 270/1300/1300 247/1301/1301 267/1302/1302
f 270/1303/1303 267/1304/1304 269/1305/1305
f 269/1306/1306 267/1307/1307 212/1308/1308
f 269/1309/1309 212/1310/1310 272/1311/1311
f 192/1312/1312 267/1313/1313 162/1314/1314
f 191/1315/1315 268/1316/1316 190/1317/1317
f 221/1318/1318 256/1319/1319 255/1320/1320
f 221/1321/1321 255/1322/1322 191/1323/1323
f 227/1324/1324 22/1325/1325 23/1326/1326
f 162/1327/1327 255/1328/1328 256/1329/1329
f 162/1330/1330 256/1331/1331 164/1332/1332
f 218/1333/1333 177/1334/1334 240/1335/1335
f 218/1336/1336 240/1337/1337 252/1338/1338
f 265/1339/1339 196/1340/1340 249/1341/1341
f 265/1342/1342 249/1343/1343 165/1344/1344
f 236/1345/1345 229/1346/1346 185/1347/1347
f 236/1348/1348 185/1349/1349 251/1350/1350
f 182/1351/1351 239/1352/1352 238/1353/1353
f 182/1354/1354 238/1355/1355 181/1356/1356
f 242/1357/1357 200/1358/1358 170/1359/1359
f 217/1360/1360 171/1361/1361 240/1362/1362
f 217/1363/1363 240/1364/1364 263/1365/1365
f 180/1366/1366 244/1367/1367 261/1368/1368
f 237/1369/1369 167/1370/1370 216/1371/1371
f 178/1372/1372 201/1373/1373 242/1374/1374
f 83/1375/1375 178/1376/1376 241/1377/1377
f 83/1378/1378 241/1379/1379 254/1380/1380
f 50/1381/1381 181/1382/1382 238/1383/1383
f 165/1384/1384 246/1385/1385 195/1386/1386
f 165/1387/1387 195/1388/1388 265/1389/1389
f 191/1390/1390 255/1391/1391 247/1392/1392
f 195/1393/1393 246/1394/1394 257/1395/1395
f 225/1396/1396 187/1397/1397 246/1398/1398
f 225/1399/1399 246/1400/1400 165/1401/1401
f 249/1402/1402 248/1403/1403 251/1404/1404
f 251/1405/1405 185/1406/1406 186/1407/1407
f 251/1408/1408 186/1409/1409 249/1410/1410
f 257/1411/1411 246/1412/1412 187/1413/1413
f 247/1414/1414 255/1415/1415 162/1416/1416
f 188/1417/1417 224/1418/1418 253/1419/1419
f 188/1420/1420 253/1421/1421 257/1422/1422
f 270/1423/1423 253/1424/1424 224/1425/1425
f 270/1426/1426 224/1427/1427 271/1428/1428
f 213/1429/1429 194/1430/1430 257/1431/1431
f 213/1432/1432 257/1433/1433 253/1434/1434
f 269/1435/1435 213/1436/1436 253/1437/1437
f 269/1438/1438 253/1439/1439 270/1440/1440
f 239/1441/1441 182/1442/1442 183/1443/1443
f 245/1444/1444 236/1445/1445 251/1446/1446
f 245/1447/1447 251/1448/1448 248/1449/1449
f 250/1450/1450 236/1451/1451 274/1452/1452
f 261/1453/1453 244/1454/1454 262/1455/1455
f 165/1456/1456 249/1457/1457 186/1458/1458
f 165/1459/1459 186/1460/1460 225/1461/1461
f 266/1462/1462 215/1463/1463 196/1464/1464
f 266/1465/1465 196/1466/1466 265/1467/1467
f 50/1468/1468 180/1469/1469 231/1470/1470
f 232/1471/1471 167/1472/1472 12/1473/1473
f 232/1474/1474 12/1475/1475 16/1476/1476
f 266/1477/1477 211/1478/1478 187/1479/1479
f 266/1480/1480 187/1481/1481 225/1482/1482
f 16/1483/1483 15/1484/1484 197/1485/1485
f 16/1486/1486 197/1487/1487 232/1488/1488
f 180/1489/1489 210/1490/1490 231/1491/1491
f 258/1492/1492 222/1493/1493 223/1494/1494
f 258/1495/1495 223/1496/1496 259/1497/1497
f 18/1498/1498 244/1499/1499 238/1500/1500
f 18/1501/1501 238/1502/1502 20/1503/1503
f 190/1504/1504 212/1505/1505 220/1506/1506
f 202/1507/1507 243/1508/1508 82/1509/1509
f 207/1510/1510 223/1511/1511 222/1512/1512
f 207/1513/1513 222/1514/1514 179/1515/1515
f 179/1516/1516 222/1517/1517 220/1518/1518
f 239/1519/1519 250/1520/1520 275/1521/1521
f 12/1522/1522 237/1523/1523 8/1524/1524
f 12/1525/1525 167/1526/1526 237/1527/1527
f 276/1528/1528 180/1529/1529 203/1530/1530
f 180/1531/1531 261/1532/1532 82/1533/1533
f 261/1534/1534 169/1535/1535 189/1536/1536
f 276/1537/1537 202/1538/1538 189/1539/1539
f 189/1540/1540 202/1541/1541 82/1542/1542
f 189/1543/1543 169/1544/1544 209/1545/1545
f 189/1546/1546 82/1547/1547 261/1548/1548
f 261/1549/1549 262/1550/1550 129/1551/1551
f 231/1552/1552 181/1553/1553 50/1554/1554
f 238/1555/1555 244/1556/1556 180/1557/1557
f 238/1558/1558 180/1559/1559 50/1560/1560
f 274/1561/1561 275/1562/1562 250/1563/1563
f 116/1564/1564 141/1565/1565 140/1566/1566
f 274/1567/1567 245/1568/1568 24/1569/1569
f 24/1570/1570 111/1571/1571 140/1572/1572
f 183/1573/1573 229/1574/1574 236/1575/1575
f 49/1576/1576 116/1577/1577 102/1578/1578
f 93/1579/1579 130/1580/1580 99/1581/1581
f 233/1582/1582 264/1583/1583 227/1584/1584
f 96/1585/1585 49/1586/1586 95/1587/1587
f 264/1588/1588 185/1589/1589 229/1590/1590
f 130/1591/1591 96/1592/1592 95/1593/1593
f 229/1594/1594 230/1595/1595 264/1596/1596
f 187/1597/1597 211/1598/1598 226/1599/1599
f 53/1600/1600 54/1601/1601 92/1602/1602
f 92/1603/1603 60/1604/1604 61/1605/1605
f 195/1606/1606 194/1607/1607 226/1608/1608
f 123/1609/1609 54/1610/1610 53/1611/1611
f 61/1612/1612 60/1613/1613 123/1614/1614
f 257/1615/1615 194/1616/1616 195/1617/1617
f 187/1618/1618 188/1619/1619 257/1620/1620
f 247/1621/1621 268/1622/1622 191/1623/1623
f 162/1624/1624 267/1625/1625 247/1626/1626
f 113/1627/1627 133/1628/1628 28/1629/1629
f 57/1630/1630 134/1631/1631 113/1632/1632
f 96/1633/1633 65/1634/1634 48/1635/1635
f 182/1636/1636 199/1637/1637 230/1638/1638
f 230/1639/1639 199/1640/1640 2/1641/1641
f 2/1642/1642 65/1643/1643 96/1644/1644
