v -0.055844 -0.065447 0.092169
v -0.046722 -0.100529 0.092482
v -0.002476 -0.079606 0.090692
v -0.051949 0.135118 -0.048404
v 0.013239 0.167612 -0.029786
v -0.015124 0.172125 -0.045508
v 0.157674 0.059562 -0.010811
v 0.128805 0.044818 -0.041986
v 0.131091 0.099988 -0.016081
v 0.000352 -0.128106 -0.059222
v 0.015520 -0.075403 -0.101603
v 0.037836 -0.076201 -0.086629
v -0.117279 -0.160231 0.026674
v -0.088478 -0.186947 0.029122
v -0.095865 -0.167903 0.050128
v -0.065914 -0.153296 -0.034268
v -0.094714 -0.126580 -0.036717
v -0.050746 -0.100593 -0.076649
v -0.087448 0.070596 0.012947
v -0.078537 0.050141 0.053760
v -0.029836 0.096032 0.054999
v -0.133785 -0.106104 0.047367
v -0.112373 -0.113776 0.070822
v -0.121495 -0.078694 0.070508
v -0.076175 -0.026002 -0.096769
v -0.120142 -0.051989 -0.056837
v -0.116761 -0.004123 -0.074509
v 0.032447 0.061422 0.094332
v -0.016255 0.015531 0.093094
v 0.037112 0.001371 0.091617
v 0.152377 0.107684 0.038527
v 0.125793 0.148110 0.033257
v 0.118216 0.141052 0.056691
v 0.119975 0.013893 0.074690
v 0.149471 0.040575 0.059243
v 0.115310 0.073943 0.077406
v -0.139529 -0.023157 0.029379
v -0.148438 -0.002702 -0.011434
v -0.151820 -0.050567 0.006238
v 0.026443 0.148983 0.032802
v 0.034020 0.156040 0.009369
v -0.031169 0.123547 -0.009249
v 0.059535 -0.088928 -0.025036
v 0.058910 -0.100867 0.021586
v 0.022052 -0.140834 0.002371
v -0.076559 0.080741 -0.089285
v -0.039734 0.117747 -0.086390
v -0.035973 0.058862 -0.111545
v 0.154753 -0.007540 0.009908
v 0.125258 -0.034222 0.025355
v 0.125884 -0.022284 -0.021268
v 0.049246 0.035397 -0.103858
v 0.026929 0.036195 -0.118831
v 0.023169 0.095080 -0.093675
v 0.073857 0.089758 -0.062980
v 0.047780 0.149441 -0.052798
v 0.076143 0.144928 -0.037075
v -0.022833 -0.173704 0.050784
v 0.014025 -0.133737 0.069999
v -0.030221 -0.154659 0.071789
v -0.028047 -0.135795 0.081943
v 0.016199 -0.114872 0.080152
v 0.010696 -0.096830 0.087050
v -0.033550 -0.117752 0.088840
v 0.023171 -0.029783 0.090804
v -0.030196 -0.015623 0.092281
v -0.043390 -0.042615 0.091973
v 0.009978 -0.056774 0.090495
v -0.104941 -0.073199 0.081880
v -0.095819 -0.108281 0.082194
v -0.073933 -0.103864 0.089415
v -0.083055 -0.068782 0.089102
v 0.061694 0.167856 -0.029845
v 0.033330 0.172369 -0.045567
v 0.012362 0.179927 -0.043138
v 0.040726 0.175415 -0.027416
v -0.043017 0.140281 -0.071673
v -0.079841 0.103274 -0.074568
v -0.071640 0.121398 -0.060943
v -0.034815 0.158404 -0.058047
v -0.042969 0.122414 -0.026690
v 0.022219 0.154908 -0.008073
v 0.015291 0.158764 -0.021125
v -0.049898 0.126271 -0.039742
v 0.092087 0.071567 -0.058559
v 0.094373 0.126737 -0.032654
v 0.112689 0.111757 -0.025657
v 0.110403 0.056587 -0.051562
v 0.133632 0.135706 0.018100
v 0.160216 0.095280 0.023371
v 0.161979 0.079242 0.006925
v 0.135396 0.119668 0.001654
v 0.160261 0.010083 -0.003893
v 0.131391 -0.004661 -0.035068
v 0.132362 0.017709 -0.041974
v 0.161232 0.032453 -0.010799
v 0.030004 -0.002172 -0.121849
v 0.052321 -0.002969 -0.106876
v 0.048519 -0.040165 -0.101134
v 0.026202 -0.039367 -0.116107
v 0.049881 -0.091476 -0.046276
v 0.012398 -0.143381 -0.018869
v 0.005167 -0.139136 -0.039401
v 0.042652 -0.087231 -0.066808
v -0.042757 -0.149211 -0.044674
v -0.027589 -0.096508 -0.087054
v -0.005495 -0.088111 -0.095374
v -0.020662 -0.140814 -0.052993
v -0.047293 -0.186052 0.044270
v -0.054680 -0.167008 0.065276
v -0.076565 -0.171425 0.058055
v -0.069178 -0.190469 0.037049
v -0.110150 -0.133212 0.063568
v -0.131563 -0.125540 0.040114
v -0.126060 -0.143582 0.033216
v -0.104647 -0.151254 0.056671
v -0.108345 -0.145294 -0.012431
v -0.079545 -0.172010 -0.009983
v -0.087062 -0.183229 0.011146
v -0.115863 -0.156513 0.008698
v -0.109708 -0.076049 -0.054244
v -0.065741 -0.050062 -0.094176
v -0.057269 -0.074923 -0.087469
v -0.101236 -0.100910 -0.047537
v -0.036304 0.033666 0.087240
v 0.012398 0.079557 0.088478
v -0.008361 0.091095 0.075367
v -0.057063 0.045204 0.074128
v 0.004937 0.133567 0.037302
v -0.052675 0.108131 -0.004749
v -0.071434 0.090482 0.002649
v -0.013823 0.115918 0.044701
v -0.135660 0.022062 -0.006459
v -0.126750 0.001606 0.034354
v -0.106419 0.026040 0.042481
v -0.115329 0.046495 0.001668
v -0.135602 -0.043800 0.045983
v -0.147892 -0.071211 0.022842
v -0.141881 -0.089723 0.036550
v -0.129591 -0.062313 0.059692
v -0.150074 -0.051964 -0.014934
v -0.146692 -0.004099 -0.032606
v -0.136134 -0.004573 -0.053630
v -0.139515 -0.052439 -0.035959
v -0.088764 0.050619 -0.091498
v -0.048177 0.028741 -0.113759
v -0.061579 0.000450 -0.108833
v -0.102166 0.022329 -0.086573
v 0.095557 0.012920 0.083114
v 0.090892 0.072971 0.085829
v 0.063271 0.068796 0.091471
v 0.067935 0.008746 0.088755
v 0.069791 0.164375 0.023459
v 0.062214 0.157317 0.046893
v 0.092805 0.154673 0.054856
v 0.100382 0.161730 0.031422
v 0.119932 0.099582 0.071832
v 0.154092 0.066213 0.053669
v 0.155063 0.088583 0.046763
v 0.120902 0.121951 0.064926
v 0.129087 -0.025733 0.046544
v 0.158582 0.000949 0.031096
v 0.156819 0.016986 0.047542
v 0.127323 -0.009696 0.062990
v 0.030120 -0.127941 0.058131
v -0.006738 -0.167908 0.038916
v 0.008219 -0.156954 0.022778
v 0.045078 -0.116987 0.041993
v 0.105102 -0.040292 -0.024518
v 0.104477 -0.052230 0.022104
v 0.082359 -0.074447 0.020848
v 0.082984 -0.062508 -0.025774
v 0.004626 0.108935 -0.093259
v 0.008386 0.050050 -0.118415
v -0.012580 0.057610 -0.115986
v -0.016342 0.116495 -0.090830
v 0.038569 0.131945 -0.066545
v 0.064646 0.072263 -0.076728
v 0.056445 0.054138 -0.090354
v 0.030367 0.113821 -0.080171
v -0.120139 0.040765 -0.060564
v -0.130697 0.041239 -0.039540
v -0.110366 0.065673 -0.031413
v -0.091607 0.083322 -0.038812
v -0.098536 0.087179 -0.051864
v -0.106737 0.069055 -0.065490
v -0.136880 -0.092025 -0.020305
v -0.128407 -0.116886 -0.013598
v -0.135926 -0.128105 0.007531
v -0.141428 -0.110063 0.014428
v -0.147439 -0.091551 0.000720
v -0.107081 -0.037402 0.077081
v -0.085195 -0.032985 0.084302
v -0.072001 -0.005994 0.084611
v -0.092760 0.005544 0.071499
v -0.113091 -0.018890 0.063372
v 0.006847 0.147438 -0.073869
v -0.014121 0.154997 -0.071440
v -0.005920 0.173121 -0.057814
v 0.015048 0.165562 -0.060243
v -0.057369 -0.192150 0.012577
v -0.049852 -0.180930 -0.008552
v -0.027757 -0.172534 -0.016871
v -0.020526 -0.176779 0.003661
v -0.035484 -0.187733 0.019798
v 0.066997 0.168365 -0.010130
v 0.073926 0.164508 0.002922
v 0.104517 0.161864 0.010885
v 0.106280 0.145827 -0.005562
v 0.087965 0.160806 -0.012559
v 0.032937 0.122839 0.072004
v 0.053696 0.111301 0.085116
v 0.081317 0.115475 0.079475
v 0.082287 0.137845 0.072568
v 0.051696 0.140489 0.064606
v -0.066618 -0.130427 0.086123
v -0.088504 -0.134844 0.078901
v -0.083001 -0.152886 0.072004
v -0.061116 -0.148469 0.079225
v 0.071644 -0.075443 0.057166
v 0.093762 -0.053227 0.058422
v 0.091998 -0.037190 0.074869
v 0.064377 -0.041364 0.080510
v 0.051184 -0.068355 0.080202
v 0.056687 -0.086397 0.073304
v 0.174786 0.047844 0.013013
v 0.173023 0.063882 0.029459
v 0.172052 0.041513 0.036365
v 0.173815 0.025475 0.019919
v 0.000535 -0.039428 -0.120669
v -0.021561 -0.047824 -0.112350
v -0.030033 -0.022964 -0.119057
v -0.016631 0.005327 -0.123982
v 0.004336 -0.002232 -0.126411
v 0.101183 0.004726 -0.066390
v 0.100213 -0.017643 -0.059484
v 0.078094 -0.039859 -0.060740
v 0.070864 -0.035614 -0.081272
v 0.074667 0.001581 -0.087014
v 0.082867 0.019706 -0.073388
vt 0.000000 0.000000
vt 0.000000 0.000000
vt 0.000000 0.000000
vt 0.000000 0.000000
vt 0.000000 0.000000
vt 0.000000 0.000000
vt 0.000000 0.000000
vt 0.000000 0.000000
vt 0.000000 0.000000
vt 0.000000 0.000000
vt 0.000000 0.000000
vt 0.000000 0.000000
vt 0.000000 0.000000
vt 0.000000 0.000000
vt 0.000000 0.000000
vt 0.000000 0.000000
vt 0.000000 0.000000
vt 0.000000 0.000000
vt 0.000000 0.000000
vt 0.000000 0.000000
vt 0.000000 0.000000
vt 0.000000 0.000000
vt 0.000000 0.000000
vt 0.000000 0.000000
vt 0.000000 0.000000
vt 0.000000 0.000000
vt 0.000000 0.000000
vt 0.000000 0.000000
vt 0.000000 0.000000
vt 0.000000 0.000000
vt 0.000000 0.000000
vt 0.000000 0.000000
vt 0.000000 0.000000
vt 0.000000 0.000000
vt 0.000000 0.000000
vt 0.000000 0.000000
vt 0.000000 0.000000
vt 0.000000 0.000000
vt 0.000000 0.000000
vt 0.000000 0.000000
vt 0.000000 0.000000
vt 0.000000 0.000000
vt 0.000000 0.000000
vt 0.000000 0.000000
vt 0.000000 0.000000
vt 0.000000 0.000000
vt 0.000000 0.000000
vt 0.000000 0.000000
vt 0.000000 0.000000
vt 0.000000 0.000000
vt 0.000000 0.000000
vt 0.000000 0.000000
vt 0.000000 0.000000
vt 0.000000 0.000000
vt 0.000000 0.000000
vt 0.000000 0.000000
vt 0.000000 0.000000
vt 0.000000 0.000000
vt 0.000000 0.000000
vt 0.000000 0.000000
vt 0.000000 0.000000
vt 0.000000 0.000000
vt 0.000000 0.000000
vt 0.000000 0.000000
vt 0.000000 0.000000
vt 0.000000 0.000000
vt 0.000000 0.000000
vt 0.000000 0.000000
vt 0.000000 0.000000
vt 0.000000 0.000000
vt 0.000000 0.000000
vt 0.000000 0.000000
vt 0.000000 0.000000
vt 0.000000 0.000000
vt 0.000000 0.000000
vt 0.000000 0.000000
vt 0.000000 0.000000
vt 0.000000 0.000000
vt 0.000000 0.000000
vt 0.000000 0.000000
vt 0.000000 0.000000
vt 0.000000 0.000000
vt 0.000000 0.000000
vt 0.000000 0.000000
vt 0.000000 0.000000
vt 0.000000 0.000000
vt 0.000000 0.000000
vt 0.000000 0.000000
vt 0.000000 0.000000
vt 0.000000 0.000000
vt 0.000000 0.000000
vt 0.000000 0.000000
vt 0.000000 0.000000
vt 0.000000 0.000000
vt 0.000000 0.000000
vt 0.000000 0.000000
vt 0.000000 0.000000
vt 0.000000 0.000000
vt 0.000000 0.000000
vt 0.000000 0.000000
vt 0.000000 0.000000
vt 0.000000 0.000000
vt 0.000000 0.000000
vt 0.000000 0.000000
vt 0.000000 0.000000
vt 0.000000 0.000000
vt 0.000000 0.000000
vt 0.000000 0.000000
vt 0.000000 0.000000
vt 0.000000 0.000000
vt 0.000000 0.000000
vt 0.000000 0.000000
vt 0.000000 0.000000
vt 0.000000 0.000000
vt 0.000000 0.000000
vt 0.000000 0.000000
vt 0.000000 0.000000
vt 0.000000 0.000000
vt 0.000000 0.000000
vt 0.000000 0.000000
vt 0.000000 0.000000
vt 0.000000 0.000000
vt 0.000000 0.000000
vt 0.000000 0.000000
vt 0.000000 0.000000
vt 0.000000 0.000000
vt 0.000000 0.000000
vt 0.000000 0.000000
vt 0.000000 0.000000
vt 0.000000 0.000000
vt 0.000000 0.000000
vt 0.000000 0.000000
vt 0.000000 0.000000
vt 0.000000 0.000000
vt 0.000000 0.000000
vt 0.000000 0.000000
vt 0.000000 0.000000
vt 0.000000 0.000000
vt 0.000000 0.000000
vt 0.000000 0.000000
vt 0.000000 0.000000
vt 0.000000 0.000000
vt 0.000000 0.000000
vt 0.000000 0.000000
vt 0.000000 0.000000
vt 0.000000 0.000000
vt 0.000000 0.000000
vt 0.000000 0.000000
vt 0.000000 0.000000
vt 0.000000 0.000000
vt 0.000000 0.000000
vt 0.000000 0.000000
vt 0.000000 0.000000
vt 0.000000 0.000000
vt 0.000000 0.000000
vt 0.000000 0.000000
vt 0.000000 0.000000
vt 0.000000 0.000000
vt 0.000000 0.000000
vt 0.000000 0.000000
vt 0.000000 0.000000
vt 0.000000 0.000000
vt 0.000000 0.000000
vt 0.000000 0.000000
vt 0.000000 0.000000
vt 0.000000 0.000000
vt 0.000000 0.000000
vt 0.000000 0.000000
vt 0.000000 0.000000
vt 0.000000 0.000000
vt 0.000000 0.000000
vt 0.000000 0.000000
vt 0.000000 0.000000
vt 0.000000 0.000000
vt 0.000000 0.000000
vt 0.000000 0.000000
vt 0.000000 0.000000
vt 0.000000 0.000000
vt 0.000000 0.000000
vt 0.000000 0.000000
vt 0.000000 0.000000
vt 0.000000 0.000000
vt 0.000000 0.000000
vt 0.000000 0.000000
vt 0.000000 0.000000
vt 0.000000 0.000000
vt 0.000000 0.000000
vt 0.000000 0.000000
vt 0.000000 0.000000
vt 0.000000 0.000000
vt 0.000000 0.000000
vt 0.000000 0.000000
vt 0.000000 0.000000
vt 0.000000 0.000000
vt 0.000000 0.000000
vt 0.000000 0.000000
vt 0.000000 0.000000
vt 0.000000 0.000000
vt 0.000000 0.000000
vt 0.000000 0.000000
vt 0.000000 0.000000
vt 0.000000 0.000000
vt 0.000000 0.000000
vt 0.000000 0.000000
vt 0.000000 0.000000
vt 0.000000 0.000000
vt 0.000000 0.000000
vt 0.000000 0.000000
vt 0.000000 0.000000
vt 0.000000 0.000000
vt 0.000000 0.000000
vt 0.000000 0.000000
vt 0.000000 0.000000
vt 0.000000 0.000000
vt 0.000000 0.000000
vt 0.000000 0.000000
vt 0.000000 0.000000
vt 0.000000 0.000000
vt 0.000000 0.000000
vt 0.000000 0.000000
vt 0.000000 0.000000
vt 0.000000 0.000000
vt 0.000000 0.000000
vt 0.000000 0.000000
vt 0.000000 0.000000
vt 0.000000 0.000000
vt 0.000000 0.000000
vt 0.000000 0.000000
vt 0.000000 0.000000
vt 0.000000 0.000000
vt 0.000000 0.000000
vt 0.000000 0.000000
vt 0.000000 0.000000
vt 0.000000 0.000000
vt 0.000000 0.000000
vt 0.000000 0.000000
vt 0.000000 0.000000
vt 0.000000 0.000000
vt 0.000000 0.000000
vt 0.000000 0.000000
vt 0.000000 0.000000
vt 0.000000 0.000000
vt 0.000000 0.000000
vt 0.000000 0.000000
vt 0.000000 0.000000
vt 0.000000 0.000000
vt 0.000000 0.000000
vt 0.000000 0.000000
vt 0.000000 0.000000
vt 0.000000 0.000000
vt 0.000000 0.000000
vt 0.000000 0.000000
vt 0.000000 0.000000
vt 0.000000 0.000000
vt 0.000000 0.000000
vt 0.000000 0.000000
vt 0.000000 0.000000
vt 0.000000 0.000000
vt 0.000000 0.000000
vt 0.000000 0.000000
vt 0.000000 0.000000
vt 0.000000 0.000000
vt 0.000000 0.000000
vt 0.000000 0.000000
vt 0.000000 0.000000
vt 0.000000 0.000000
vt 0.000000 0.000000
vt 0.000000 0.000000
vt 0.000000 0.000000
vt 0.000000 0.000000
vt 0.000000 0.000000
vt 0.000000 0.000000
vt 0.000000 0.000000
vt 0.000000 0.000000
vt 0.000000 0.000000
vt 0.000000 0.000000
vt 0.000000 0.000000
vt 0.000000 0.000000
vt 0.000000 0.000000
vt 0.000000 0.000000
vt 0.000000 0.000000
vt 0.000000 0.000000
vt 0.000000 0.000000
vt 0.000000 0.000000
vt 0.000000 0.000000
vt 0.000000 0.000000
vt 0.000000 0.000000
vt 0.000000 0.000000
vt 0.000000 0.000000
vt 0.000000 0.000000
vt 0.000000 0.000000
vt 0.000000 0.000000
vt 0.000000 0.000000
vt 0.000000 0.000000
vt 0.000000 0.000000
vt 0.000000 0.000000
vt 0.000000 0.000000
vt 0.000000 0.000000
vt 0.000000 0.000000
vt 0.000000 0.000000
vt 0.000000 0.000000
vt 0.000000 0.000000
vt 0.000000 0.000000
vt 0.000000 0.000000
vt 0.000000 0.000000
vt 0.000000 0.000000
vt 0.000000 0.000000
vt 0.000000 0.000000
vt 0.000000 0.000000
vt 0.000000 0.000000
vt 0.000000 0.000000
vt 0.000000 0.000000
vt 0.000000 0.000000
vt 0.000000 0.000000
vt 0.000000 0.000000
vt 0.000000 0.000000
vt 0.000000 0.000000
vt 0.000000 0.000000
vt 0.000000 0.000000
vt 0.000000 0.000000
vt 0.000000 0.000000
vt 0.000000 0.000000
vt 0.000000 0.000000
vt 0.000000 0.000000
vt 0.000000 0.000000
vt 0.000000 0.000000
vt 0.000000 0.000000
vt 0.000000 0.000000
vt 0.000000 0.000000
vt 0.000000 0.000000
vt 0.000000 0.000000
vt 0.000000 0.000000
vt 0.000000 0.000000
vt 0.000000 0.000000
vt 0.000000 0.000000
vt 0.000000 0.000000
vt 0.000000 0.000000
vt 0.000000 0.000000
vt 0.000000 0.000000
vt 0.000000 0.000000
vt 0.000000 0.000000
vt 0.000000 0.000000
vt 0.000000 0.000000
vt 0.000000 0.000000
vt 0.000000 0.000000
vt 0.000000 0.000000
vt 0.000000 0.000000
vt 0.000000 0.000000
vt 0.000000 0.000000
vt 0.000000 0.000000
vt 0.000000 0.000000
vt 0.000000 0.000000
vt 0.000000 0.000000
vt 0.000000 0.000000
vt 0.000000 0.000000
vt 0.000000 0.000000
vt 0.000000 0.000000
vt 0.000000 0.000000
vt 0.000000 0.000000
vt 0.000000 0.000000
vt 0.000000 0.000000
vt 0.000000 0.000000
vt 0.000000 0.000000
vt 0.000000 0.000000
vt 0.000000 0.000000
vt 0.000000 0.000000
vt 0.000000 0.000000
vt 0.000000 0.000000
vt 0.000000 0.000000
vt 0.000000 0.000000
vt 0.000000 0.000000
vt 0.000000 0.000000
vt 0.000000 0.000000
vt 0.000000 0.000000
vt 0.000000 0.000000
vt 0.000000 0.000000
vt 0.000000 0.000000
vt 0.000000 0.000000
vt 0.000000 0.000000
vt 0.000000 0.000000
vt 0.000000 0.000000
vt 0.000000 0.000000
vt 0.000000 0.000000
vt 0.000000 0.000000
vt 0.000000 0.000000
vt 0.000000 0.000000
vt 0.000000 0.000000
vt 0.000000 0.000000
vt 0.000000 0.000000
vt 0.000000 0.000000
vt 0.000000 0.000000
vt 0.000000 0.000000
vt 0.000000 0.000000
vt 0.000000 0.000000
vt 0.000000 0.000000
vt 0.000000 0.000000
vt 0.000000 0.000000
vt 0.000000 0.000000
vt 0.000000 0.000000
vt 0.000000 0.000000
vt 0.000000 0.000000
vt 0.000000 0.000000
vt 0.000000 0.000000
vt 0.000000 0.000000
vt 0.000000 0.000000
vt 0.000000 0.000000
vt 0.000000 0.000000
vt 0.000000 0.000000
vt 0.000000 0.000000
vt 0.000000 0.000000
vt 0.000000 0.000000
vt 0.000000 0.000000
vt 0.000000 0.000000
vt 0.000000 0.000000
vt 0.000000 0.000000
vt 0.000000 0.000000
vt 0.000000 0.000000
vt 0.000000 0.000000
vt 0.000000 0.000000
vt 0.000000 0.000000
vt 0.000000 0.000000
vt 0.000000 0.000000
vt 0.000000 0.000000
vt 0.000000 0.000000
vt 0.000000 0.000000
vt 0.000000 0.000000
vt 0.000000 0.000000
vt 0.000000 0.000000
vt 0.000000 0.000000
vt 0.000000 0.000000
vt 0.000000 0.000000
vt 0.000000 0.000000
vt 0.000000 0.000000
vt 0.000000 0.000000
vt 0.000000 0.000000
vt 0.000000 0.000000
vt 0.000000 0.000000
vt 0.000000 0.000000
vt 0.000000 0.000000
vt 0.000000 0.000000
vt 0.000000 0.000000
vt 0.000000 0.000000
vt 0.000000 0.000000
vt 0.000000 0.000000
vt 0.000000 0.000000
vt 0.000000 0.000000
vt 0.000000 0.000000
vt 0.000000 0.000000
vt 0.000000 0.000000
vt 0.000000 0.000000
vt 0.000000 0.000000
vt 0.000000 0.000000
vt 0.000000 0.000000
vt 0.000000 0.000000
vt 0.000000 0.000000
vt 0.000000 0.000000
vt 0.000000 0.000000
vt 0.000000 0.000000
vt 0.000000 0.000000
vt 0.000000 0.000000
vt 0.000000 0.000000
vt 0.000000 0.000000
vt 0.000000 0.000000
vt 0.000000 0.000000
vt 0.000000 0.000000
vt 0.000000 0.000000
vt 0.000000 0.000000
vt 0.000000 0.000000
vt 0.000000 0.000000
vt 0.000000 0.000000
vt 0.000000 0.000000
vt 0.000000 0.000000
vt 0.000000 0.000000
vt 0.000000 0.000000
vt 0.000000 0.000000
vt 0.000000 0.000000
vt 0.000000 0.000000
vt 0.000000 0.000000
vt 0.000000 0.000000
vt 0.000000 0.000000
vt 0.000000 0.000000
vt 0.000000 0.000000
vt 0.000000 0.000000
vt 0.000000 0.000000
vt 0.000000 0.000000
vt 0.000000 0.000000
vt 0.000000 0.000000
vt 0.000000 0.000000
vt 0.000000 0.000000
vt 0.000000 0.000000
vt 0.000000 0.000000
vt 0.000000 0.000000
vt 0.000000 0.000000
vt 0.000000 0.000000
vt 0.000000 0.000000
vt 0.000000 0.000000
vt 0.000000 0.000000
vt 0.000000 0.000000
vt 0.000000 0.000000
vt 0.000000 0.000000
vt 0.000000 0.000000
vt 0.000000 0.000000
vt 0.000000 0.000000
vt 0.000000 0.000000
vt 0.000000 0.000000
vt 0.000000 0.000000
vt 0.000000 0.000000
vt 0.000000 0.000000
vt 0.000000 0.000000
vt 0.000000 0.000000
vt 0.000000 0.000000
vt 0.000000 0.000000
vt 0.000000 0.000000
vt 0.000000 0.000000
vt 0.000000 0.000000
vt 0.000000 0.000000
vt 0.000000 0.000000
vt 0.000000 0.000000
vt 0.000000 0.000000
vt 0.000000 0.000000
vt 0.000000 0.000000
vt 0.000000 0.000000
vt 0.000000 0.000000
vt 0.000000 0.000000
vt 0.000000 0.000000
vt 0.000000 0.000000
vt 0.000000 0.000000
vt 0.000000 0.000000
vt 0.000000 0.000000
vt 0.000000 0.000000
vt 0.000000 0.000000
vt 0.000000 0.000000
vt 0.000000 0.000000
vt 0.000000 0.000000
vt 0.000000 0.000000
vt 0.000000 0.000000
vt 0.000000 0.000000
vt 0.000000 0.000000
vt 0.000000 0.000000
vt 0.000000 0.000000
vt 0.000000 0.000000
vt 0.000000 0.000000
vt 0.000000 0.000000
vt 0.000000 0.000000
vt 0.000000 0.000000
vt 0.000000 0.000000
vt 0.000000 0.000000
vt 0.000000 0.000000
vt 0.000000 0.000000
vt 0.000000 0.000000
vt 0.000000 0.000000
vt 0.000000 0.000000
vt 0.000000 0.000000
vt 0.000000 0.000000
vt 0.000000 0.000000
vt 0.000000 0.000000
vt 0.000000 0.000000
vt 0.000000 0.000000
vt 0.000000 0.000000
vt 0.000000 0.000000
vt 0.000000 0.000000
vt 0.000000 0.000000
vt 0.000000 0.000000
vt 0.000000 0.000000
vt 0.000000 0.000000
vt 0.000000 0.000000
vt 0.000000 0.000000
vt 0.000000 0.000000
vt 0.000000 0.000000
vt 0.000000 0.000000
vt 0.000000 0.000000
vt 0.000000 0.000000
vt 0.000000 0.000000
vt 0.000000 0.000000
vt 0.000000 0.000000
vt 0.000000 0.000000
vt 0.000000 0.000000
vt 0.000000 0.000000
vt 0.000000 0.000000
vt 0.000000 0.000000
vt 0.000000 0.000000
vt 0.000000 0.000000
vt 0.000000 0.000000
vt 0.000000 0.000000
vt 0.000000 0.000000
vt 0.000000 0.000000
vt 0.000000 0.000000
vt 0.000000 0.000000
vt 0.000000 0.000000
vt 0.000000 0.000000
vt 0.000000 0.000000
vt 0.000000 0.000000
vt 0.000000 0.000000
vt 0.000000 0.000000
vt 0.000000 0.000000
vt 0.000000 0.000000
vt 0.000000 0.000000
vt 0.000000 0.000000
vt 0.000000 0.000000
vt 0.000000 0.000000
vt 0.000000 0.000000
vt 0.000000 0.000000
vt 0.000000 0.000000
vt 0.000000 0.000000
vt 0.000000 0.000000
vt 0.000000 0.000000
vt 0.000000 0.000000
vt 0.000000 0.000000
vt 0.000000 0.000000
vt 0.000000 0.000000
vt 0.000000 0.000000
vt 0.000000 0.000000
vt 0.000000 0.000000
vt 0.000000 0.000000
vt 0.000000 0.000000
vt 0.000000 0.000000
vt 0.000000 0.000000
vt 0.000000 0.000000
vt 0.000000 0.000000
vt 0.000000 0.000000
vt 0.000000 0.000000
vt 0.000000 0.000000
vt 0.000000 0.000000
vt 0.000000 0.000000
vt 0.000000 0.000000
vt 0.000000 0.000000
vt 0.000000 0.000000
vt 0.000000 0.000000
vt 0.000000 0.000000
vt 0.000000 0.000000
vt 0.000000 0.000000
vt 0.000000 0.000000
vt 0.000000 0.000000
vt 0.000000 0.000000
vt 0.000000 0.000000
vt 0.000000 0.000000
vt 0.000000 0.000000
vt 0.000000 0.000000
vt 0.000000 0.000000
vt 0.000000 0.000000
vt 0.000000 0.000000
vt 0.000000 0.000000
vt 0.000000 0.000000
vt 0.000000 0.000000
vt 0.000000 0.000000
vt 0.000000 0.000000
vt 0.000000 0.000000
vt 0.000000 0.000000
vt 0.000000 0.000000
vt 0.000000 0.000000
vt 0.000000 0.000000
vt 0.000000 0.000000
vt 0.000000 0.000000
vt 0.000000 0.000000
vt 0.000000 0.000000
vt 0.000000 0.000000
vt 0.000000 0.000000
vt 0.000000 0.000000
vt 0.000000 0.000000
vt 0.000000 0.000000
vt 0.000000 0.000000
vt 0.000000 0.000000
vt 0.000000 0.000000
vt 0.000000 0.000000
vt 0.000000 0.000000
vt 0.000000 0.000000
vt 0.000000 0.000000
vt 0.000000 0.000000
vt 0.000000 0.000000
vt 0.000000 0.000000
vt 0.000000 0.000000
vt 0.000000 0.000000
vt 0.000000 0.000000
vt 0.000000 0.000000
vt 0.000000 0.000000
vt 0.000000 0.000000
vt 0.000000 0.000000
vt 0.000000 0.000000
vt 0.000000 0.000000
vt 0.000000 0.000000
vt 0.000000 0.000000
vt 0.000000 0.000000
vt 0.000000 0.000000
vt 0.000000 0.000000
vt 0.000000 0.000000
vt 0.000000 0.000000
vt 0.000000 0.000000
vt 0.000000 0.000000
vt 0.000000 0.000000
vt 0.000000 0.000000
vt 0.000000 0.000000
vt 0.000000 0.000000
vt 0.000000 0.000000
vt 0.000000 0.000000
vt 0.000000 0.000000
vt 0.000000 0.000000
vt 0.000000 0.000000
vt 0.000000 0.000000
vt 0.000000 0.000000
vt 0.000000 0.000000
vt 0.000000 0.000000
vt 0.000000 0.000000
vt 0.000000 0.000000
vt 0.000000 0.000000
vt 0.000000 0.000000
vt 0.000000 0.000000
vt 0.000000 0.000000
vt 0.000000 0.000000
vt 0.000000 0.000000
vt 0.000000 0.000000
vt 0.000000 0.000000
vt 0.000000 0.000000
vt 0.000000 0.000000
vt 0.000000 0.000000
vt 0.000000 0.000000
vt 0.000000 0.000000
vt 0.000000 0.000000
vt 0.000000 0.000000
vt 0.000000 0.000000
vt 0.000000 0.000000
vt 0.000000 0.000000
vt 0.000000 0.000000
vt 0.000000 0.000000
vt 0.000000 0.000000
vt 0.000000 0.000000
vt 0.000000 0.000000
vt 0.000000 0.000000
vt 0.000000 0.000000
vt 0.000000 0.000000
vt 0.000000 0.000000
vt 0.000000 0.000000
vt 0.000000 0.000000
vt 0.000000 0.000000
vt 0.000000 0.000000
vt 0.000000 0.000000
vt 0.000000 0.000000
vt 0.000000 0.000000
vt 0.000000 0.000000
vt 0.000000 0.000000
vt 0.000000 0.000000
vt 0.000000 0.000000
vt 0.000000 0.000000
vt 0.000000 0.000000
vt 0.000000 0.000000
vt 0.000000 0.000000
vt 0.000000 0.000000
vt 0.000000 0.000000
vt 0.000000 0.000000
vt 0.000000 0.000000
vt 0.000000 0.000000
vt 0.000000 0.000000
vt 0.000000 0.000000
vt 0.000000 0.000000
vt 0.000000 0.000000
vt 0.000000 0.000000
vt 0.000000 0.000000
vt 0.000000 0.000000
vt 0.000000 0.000000
vt 0.000000 0.000000
vt 0.000000 0.000000
vt 0.000000 0.000000
vt 0.000000 0.000000
vt 0.000000 0.000000
vt 0.000000 0.000000
vt 0.000000 0.000000
vt 0.000000 0.000000
vt 0.000000 0.000000
vt 0.000000 0.000000
vt 0.000000 0.000000
vt 0.000000 0.000000
vt 0.000000 0.000000
vt 0.000000 0.000000
vt 0.000000 0.000000
vt 0.000000 0.000000
vt 0.000000 0.000000
vt 0.000000 0.000000
vt 0.000000 0.000000
vt 0.000000 0.000000
vt 0.000000 0.000000
vt 0.000000 0.000000
vt 0.000000 0.000000
vt 0.000000 0.000000
vt 0.000000 0.000000
vt 0.000000 0.000000
vt 0.000000 0.000000
vt 0.000000 0.000000
vt 0.000000 0.000000
vt 0.000000 0.000000
vt 0.000000 0.000000
vt 0.000000 0.000000
vt 0.000000 0.000000
vt 0.000000 0.000000
vt 0.000000 0.000000
vt 0.000000 0.000000
vt 0.000000 0.000000
vt 0.000000 0.000000
vt 0.000000 0.000000
vt 0.000000 0.000000
vt 0.000000 0.000000
vt 0.000000 0.000000
vt 0.000000 0.000000
vt 0.000000 0.000000
vt 0.000000 0.000000
vt 0.000000 0.000000
vt 0.000000 0.000000
vt 0.000000 0.000000
vt 0.000000 0.000000
vt 0.000000 0.000000
vt 0.000000 0.000000
vt 0.000000 0.000000
vt 0.000000 0.000000
vt 0.000000 0.000000
vt 0.000000 0.000000
vt 0.000000 0.000000
vt 0.000000 0.000000
vt 0.000000 0.000000
vt 0.000000 0.000000
vt 0.000000 0.000000
vt 0.000000 0.000000
vt 0.000000 0.000000
vt 0.000000 0.000000
vt 0.000000 0.000000
vt 0.000000 0.000000
vt 0.000000 0.000000
vt 0.000000 0.000000
vt 0.000000 0.000000
vt 0.000000 0.000000
vt 0.000000 0.000000
vt 0.000000 0.000000
vt 0.000000 0.000000
vt 0.000000 0.000000
vt 0.000000 0.000000
vt 0.000000 0.000000
vt 0.000000 0.000000
vt 0.000000 0.000000
vt 0.000000 0.000000
vt 0.000000 0.000000
vt 0.000000 0.000000
vt 0.000000 0.000000
vt 0.000000 0.000000
vt 0.000000 0.000000
vt 0.000000 0.000000
vt 0.000000 0.000000
vt 0.000000 0.000000
vt 0.000000 0.000000
vt 0.000000 0.000000
vt 0.000000 0.000000
vt 0.000000 0.000000
vt 0.000000 0.000000
vt 0.000000 0.000000
vt 0.000000 0.000000
vt 0.000000 0.000000
vt 0.000000 0.000000
vt 0.000000 0.000000
vt 0.000000 0.000000
vt 0.000000 0.000000
vt 0.000000 0.000000
vt 0.000000 0.000000
vt 0.000000 0.000000
vt 0.000000 0.000000
vt 0.000000 0.000000
vt 0.000000 0.000000
vt 0.000000 0.000000
vt 0.000000 0.000000
vt 0.000000 0.000000
vt 0.000000 0.000000
vt 0.000000 0.000000
vt 0.000000 0.000000
vt 0.000000 0.000000
vt 0.000000 0.000000
vt 0.000000 0.000000
vt 0.000000 0.000000
vt 0.000000 0.000000
vt 0.000000 0.000000
vt 0.000000 0.000000
vt 0.000000 0.000000
vt 0.000000 0.000000
vt 0.000000 0.000000
vt 0.000000 0.000000
vt 0.000000 0.000000
vt 0.000000 0.000000
vt 0.000000 0.000000
vt 0.000000 0.000000
vt 0.000000 0.000000
vt 0.000000 0.000000
vt 0.000000 0.000000
vt 0.000000 0.000000
vt 0.000000 0.000000
vt 0.000000 0.000000
vt 0.000000 0.000000
vt 0.000000 0.000000
vt 0.000000 0.000000
vt 0.000000 0.000000
vt 0.000000 0.000000
vt 0.000000 0.000000
vt 0.000000 0.000000
vt 0.000000 0.000000
vt 0.000000 0.000000
vt 0.000000 0.000000
vt 0.000000 0.000000
vt 0.000000 0.000000
vt 0.000000 0.000000
vt 0.000000 0.000000
vt 0.000000 0.000000
vt 0.000000 0.000000
vt 0.000000 0.000000
vt 0.000000 0.000000
vt 0.000000 0.000000
vt 0.000000 0.000000
vt 0.000000 0.000000
vt 0.000000 0.000000
vt 0.000000 0.000000
vt 0.000000 0.000000
vt 0.000000 0.000000
vt 0.000000 0.000000
vt 0.000000 0.000000
vt 0.000000 0.000000
vt 0.000000 0.000000
vt 0.000000 0.000000
vt 0.000000 0.000000
vt 0.000000 0.000000
vt 0.000000 0.000000
vt 0.000000 0.000000
vt 0.000000 0.000000
vt 0.000000 0.000000
vt 0.000000 0.000000
vt 0.000000 0.000000
vt 0.000000 0.000000
vt 0.000000 0.000000
vt 0.000000 0.000000
vt 0.000000 0.000000
vt 0.000000 0.000000
vt 0.000000 0.000000
vt 0.000000 0.000000
vt 0.000000 0.000000
vt 0.000000 0.000000
vt 0.000000 0.000000
vt 0.000000 0.000000
vt 0.000000 0.000000
vt 0.000000 0.000000
vt 0.000000 0.000000
vt 0.000000 0.000000
vt 0.000000 0.000000
vt 0.000000 0.000000
vt 0.000000 0.000000
vt 0.000000 0.000000
vt 0.000000 0.000000
vt 0.000000 0.000000
vt 0.000000 0.000000
vt 0.000000 0.000000
vt 0.000000 0.000000
vt 0.000000 0.000000
vt 0.000000 0.000000
vt 0.000000 0.000000
vt 0.000000 0.000000
vt 0.000000 0.000000
vt 0.000000 0.000000
vt 0.000000 0.000000
vt 0.000000 0.000000
vt 0.000000 0.000000
vt 0.000000 0.000000
vt 0.000000 0.000000
vt 0.000000 0.000000
vt 0.000000 0.000000
vt 0.000000 0.000000
vt 0.000000 0.000000
vt 0.000000 0.000000
vt 0.000000 0.000000
vt 0.000000 0.000000
vt 0.000000 0.000000
vt 0.000000 0.000000
vt 0.000000 0.000000
vt 0.000000 0.000000
vt 0.000000 0.000000
vt 0.000000 0.000000
vt 0.000000 0.000000
vt 0.000000 0.000000
vt 0.000000 0.000000
vt 0.000000 0.000000
vt 0.000000 0.000000
vt 0.000000 0.000000
vt 0.000000 0.000000
vt 0.000000 0.000000
vt 0.000000 0.000000
vt 0.000000 0.000000
vt 0.000000 0.000000
vt 0.000000 0.000000
vt 0.000000 0.000000
vt 0.000000 0.000000
vt 0.000000 0.000000
vt 0.000000 0.000000
vt 0.000000 0.000000
vt 0.000000 0.000000
vt 0.000000 0.000000
vt 0.000000 0.000000
vt 0.000000 0.000000
vt 0.000000 0.000000
vt 0.000000 0.000000
vt 0.000000 0.000000
vt 0.000000 0.000000
vt 0.000000 0.000000
vt 0.000000 0.000000
vt 0.000000 0.000000
vt 0.000000 0.000000
vt 0.000000 0.000000
vt 0.000000 0.000000
vt 0.000000 0.000000
vt 0.000000 0.000000
vt 0.000000 0.000000
vt 0.000000 0.000000
vt 0.000000 0.000000
vt 0.000000 0.000000
vt 0.000000 0.000000
vt 0.000000 0.000000
vt 0.000000 0.000000
vt 0.000000 0.000000
vt 0.000000 0.000000
vt 0.000000 0.000000
vt 0.000000 0.000000
vt 0.000000 0.000000
vt 0.000000 0.000000
vt 0.000000 0.000000
vt 0.000000 0.000000
vt 0.000000 0.000000
vt 0.000000 0.000000
vt 0.000000 0.000000
vt 0.000000 0.000000
vt 0.000000 0.000000
vt 0.000000 0.000000
vt 0.000000 0.000000
vt 0.000000 0.000000
vt 0.000000 0.000000
vt 0.000000 0.000000
vt 0.000000 0.000000
vt 0.000000 0.000000
vt 0.000000 0.000000
vt 0.000000 0.000000
vt 0.000000 0.000000
vt 0.000000 0.000000
vt 0.000000 0.000000
vt 0.000000 0.000000
vt 0.000000 0.000000
vt 0.000000 0.000000
vt 0.000000 0.000000
vt 0.000000 0.000000
vt 0.000000 0.000000
vt 0.000000 0.000000
vt 0.000000 0.000000
vt 0.000000 0.000000
vt 0.000000 0.000000
vt 0.000000 0.000000
vt 0.000000 0.000000
vt 0.000000 0.000000
vt 0.000000 0.000000
vt 0.000000 0.000000
vt 0.000000 0.000000
vt 0.000000 0.000000
vt 0.000000 0.000000
vt 0.000000 0.000000
vt 0.000000 0.000000
vt 0.000000 0.000000
vt 0.000000 0.000000
vt 0.000000 0.000000
vt 0.000000 0.000000
vt 0.000000 0.000000
vt 0.000000 0.000000
vt 0.000000 0.000000
vt 0.000000 0.000000
vt 0.000000 0.000000
vt 0.000000 0.000000
vt 0.000000 0.000000
vt 0.000000 0.000000
vt 0.000000 0.000000
vt 0.000000 0.000000
vt 0.000000 0.000000
vt 0.000000 0.000000
vt 0.000000 0.000000
vt 0.000000 0.000000
vt 0.000000 0.000000
vt 0.000000 0.000000
vt 0.000000 0.000000
vt 0.000000 0.000000
vt 0.000000 0.000000
vt 0.000000 0.000000
vt 0.000000 0.000000
vt 0.000000 0.000000
vt 0.000000 0.000000
vt 0.000000 0.000000
vt 0.000000 0.000000
vt 0.000000 0.000000
vt 0.000000 0.000000
vt 0.000000 0.000000
vt 0.000000 0.000000
vt 0.000000 0.000000
vt 0.000000 0.000000
vt 0.000000 0.000000
vt 0.000000 0.000000
vt 0.000000 0.000000
vt 0.000000 0.000000
vt 0.000000 0.000000
vt 0.000000 0.000000
vt 0.000000 0.000000
vt 0.000000 0.000000
vt 0.000000 0.000000
vt 0.000000 0.000000
vt 0.000000 0.000000
vt 0.000000 0.000000
vt 0.000000 0.000000
vt 0.000000 0.000000
vt 0.000000 0.000000
vt 0.000000 0.000000
vt 0.000000 0.000000
vt 0.000000 0.000000
vt 0.000000 0.000000
vt 0.000000 0.000000
vt 0.000000 0.000000
vt 0.000000 0.000000
vt 0.000000 0.000000
vt 0.000000 0.000000
vt 0.000000 0.000000
vt 0.000000 0.000000
vt 0.000000 0.000000
vt 0.000000 0.000000
vt 0.000000 0.000000
vt 0.000000 0.000000
vt 0.000000 0.000000
vt 0.000000 0.000000
vt 0.000000 0.000000
vt 0.000000 0.000000
vt 0.000000 0.000000
vt 0.000000 0.000000
vt 0.000000 0.000000
vt 0.000000 0.000000
vt 0.000000 0.000000
vt 0.000000 0.000000
vt 0.000000 0.000000
vt 0.000000 0.000000
vt 0.000000 0.000000
vt 0.000000 0.000000
vt 0.000000 0.000000
vt 0.000000 0.000000
vt 0.000000 0.000000
vt 0.000000 0.000000
vt 0.000000 0.000000
vt 0.000000 0.000000
vt 0.000000 0.000000
vt 0.000000 0.000000
vt 0.000000 0.000000
vt 0.000000 0.000000
vt 0.000000 0.000000
vt 0.000000 0.000000
vt 0.000000 0.000000
vt 0.000000 0.000000
vt 0.000000 0.000000
vt 0.000000 0.000000
vt 0.000000 0.000000
vt 0.000000 0.000000
vt 0.000000 0.000000
vt 0.000000 0.000000
vt 0.000000 0.000000
vt 0.000000 0.000000
vt 0.000000 0.000000
vt 0.000000 0.000000
vt 0.000000 0.000000
vt 0.000000 0.000000
vt 0.000000 0.000000
vt 0.000000 0.000000
vt 0.000000 0.000000
vt 0.000000 0.000000
vt 0.000000 0.000000
vt 0.000000 0.000000
vt 0.000000 0.000000
vt 0.000000 0.000000
vt 0.000000 0.000000
vt 0.000000 0.000000
vt 0.000000 0.000000
vt 0.000000 0.000000
vt 0.000000 0.000000
vt 0.000000 0.000000
vt 0.000000 0.000000
vt 0.000000 0.000000
vt 0.000000 0.000000
vt 0.000000 0.000000
vt 0.000000 0.000000
vt 0.000000 0.000000
vt 0.000000 0.000000
vt 0.000000 0.000000
vt 0.000000 0.000000
vt 0.000000 0.000000
vt 0.000000 0.000000
vt 0.000000 0.000000
vt 0.000000 0.000000
vt 0.000000 0.000000
vt 0.000000 0.000000
vt 0.000000 0.000000
vt 0.000000 0.000000
vt 0.000000 0.000000
vt 0.000000 0.000000
vt 0.000000 0.000000
vt 0.000000 0.000000
vt 0.000000 0.000000
vt 0.000000 0.000000
vt 0.000000 0.000000
vt 0.000000 0.000000
vt 0.000000 0.000000
vt 0.000000 0.000000
vt 0.000000 0.000000
vt 0.000000 0.000000
vt 0.000000 0.000000
vt 0.000000 0.000000
vt 0.000000 0.000000
vt 0.000000 0.000000
vt 0.000000 0.000000
vt 0.000000 0.000000
vt 0.000000 0.000000
vt 0.000000 0.000000
vt 0.000000 0.000000
vt 0.000000 0.000000
vt 0.000000 0.000000
vt 0.000000 0.000000
vt 0.000000 0.000000
vt 0.000000 0.000000
vt 0.000000 0.000000
vt 0.000000 0.000000
vt 0.000000 0.000000
vt 0.000000 0.000000
vt 0.000000 0.000000
vt 0.000000 0.000000
vt 0.000000 0.000000
vt 0.000000 0.000000
vt 0.000000 0.000000
vt 0.000000 0.000000
vt 0.000000 0.000000
vt 0.000000 0.000000
vt 0.000000 0.000000
vt 0.000000 0.000000
vt 0.000000 0.000000
vt 0.000000 0.000000
vt 0.000000 0.000000
vt 0.000000 0.000000
vt 0.000000 0.000000
vt 0.000000 0.000000
vt 0.000000 0.000000
vt 0.000000 0.000000
vt 0.000000 0.000000
vt 0.000000 0.000000
vt 0.000000 0.000000
vt 0.000000 0.000000
vt 0.000000 0.000000
vt 0.000000 0.000000
vt 0.000000 0.000000
vt 0.000000 0.000000
vt 0.000000 0.000000
vt 0.000000 0.000000
vt 0.000000 0.000000
vt 0.000000 0.000000
vt 0.000000 0.000000
vt 0.000000 0.000000
vt 0.000000 0.000000
vt 0.000000 0.000000
vt 0.000000 0.000000
vt 0.000000 0.000000
vt 0.000000 0.000000
vt 0.000000 0.000000
vt 0.000000 0.000000
vt 0.000000 0.000000
vt 0.000000 0.000000
vt 0.000000 0.000000
vt 0.000000 0.000000
vt 0.000000 0.000000
vt 0.000000 0.000000
vt 0.000000 0.000000
vt 0.000000 0.000000
vt 0.000000 0.000000
vt 0.000000 0.000000
vt 0.000000 0.000000
vt 0.000000 0.000000
vt 0.000000 0.000000
vt 0.000000 0.000000
vt 0.000000 0.000000
vt 0.000000 0.000000
vt 0.000000 0.000000
vt 0.000000 0.000000
vt 0.000000 0.000000
vt 0.000000 0.000000
vt 0.000000 0.000000
vt 0.000000 0.000000
vt 0.000000 0.000000
vt 0.000000 0.000000
vt 0.000000 0.000000
vt 0.000000 0.000000
vt 0.000000 0.000000
vt 0.000000 0.000000
vt 0.000000 0.000000
vt 0.000000 0.000000
vt 0.000000 0.000000
vt 0.000000 0.000000
vt 0.000000 0.000000
vt 0.000000 0.000000
vt 0.000000 0.000000
vt 0.000000 0.000000
vt 0.000000 0.000000
vt 0.000000 0.000000
vt 0.000000 0.000000
vt 0.000000 0.000000
vt 0.000000 0.000000
vt 0.000000 0.000000
vt 0.000000 0.000000
vt 0.000000 0.000000
vt 0.000000 0.000000
vt 0.000000 0.000000
vt 0.000000 0.000000
vt 0.000000 0.000000
vt 0.000000 0.000000
vt 0.000000 0.000000
vt 0.000000 0.000000
vt 0.000000 0.000000
vt 0.000000 0.000000
vt 0.000000 0.000000
vt 0.000000 0.000000
vt 0.000000 0.000000
vt 0.000000 0.000000
vt 0.000000 0.000000
vt 0.000000 0.000000
vt 0.000000 0.000000
vt 0.000000 0.000000
vt 0.000000 0.000000
vt 0.000000 0.000000
vt 0.000000 0.000000
vt 0.000000 0.000000
vt 0.000000 0.000000
vt 0.000000 0.000000
vt 0.000000 0.000000
vt 0.000000 0.000000
vt 0.000000 0.000000
vt 0.000000 0.000000
vt 0.000000 0.000000
vt 0.000000 0.000000
vt 0.000000 0.000000
vt 0.000000 0.000000
vt 0.000000 0.000000
vt 0.000000 0.000000
vt 0.000000 0.000000
vt 0.000000 0.000000
vt 0.000000 0.000000
vt 0.000000 0.000000
vt 0.000000 0.000000
vt 0.000000 0.000000
vt 0.000000 0.000000
vt 0.000000 0.000000
vt 0.000000 0.000000
vt 0.000000 0.000000
vt 0.000000 0.000000
vt 0.000000 0.000000
vt 0.000000 0.000000
vt 0.000000 0.000000
vt 0.000000 0.000000
vt 0.000000 0.000000
vt 0.000000 0.000000
vt 0.000000 0.000000
vt 0.000000 0.000000
vt 0.000000 0.000000
vt 0.000000 0.000000
vt 0.000000 0.000000
vt 0.000000 0.000000
vt 0.000000 0.000000
vt 0.000000 0.000000
vt 0.000000 0.000000
vt 0.000000 0.000000
vt 0.000000 0.000000
vt 0.000000 0.000000
vt 0.000000 0.000000
vt 0.000000 0.000000
vt 0.000000 0.000000
vt 0.000000 0.000000
vt 0.000000 0.000000
vt 0.000000 0.000000
vt 0.000000 0.000000
vt 0.000000 0.000000
vt 0.000000 0.000000
vt 0.000000 0.000000
vt 0.000000 0.000000
vt 0.000000 0.000000
vt 0.000000 0.000000
vt 0.000000 0.000000
vt 0.000000 0.000000
vt 0.000000 0.000000
vt 0.000000 0.000000
vt 0.000000 0.000000
vt 0.000000 0.000000
vt 0.000000 0.000000
vt 0.000000 0.000000
vt 0.000000 0.000000
vt 0.000000 0.000000
vt 0.000000 0.000000
vt 0.000000 0.000000
vt 0.000000 0.000000
vt 0.000000 0.000000
vt 0.000000 0.000000
vt 0.000000 0.000000
vt 0.000000 0.000000
vt 0.000000 0.000000
vt 0.000000 0.000000
vt 0.000000 0.000000
vt 0.000000 0.000000
vt 0.000000 0.000000
vt 0.000000 0.000000
vt 0.000000 0.000000
vt 0.000000 0.000000
vt 0.000000 0.000000
vt 0.000000 0.000000
vt 0.000000 0.000000
vt 0.000000 0.000000
vt 0.000000 0.000000
vt 0.000000 0.000000
vt 0.000000 0.000000
vt 0.000000 0.000000
vt 0.000000 0.000000
vt 0.000000 0.000000
vt 0.000000 0.000000
vt 0.000000 0.000000
vt 0.000000 0.000000
vt 0.000000 0.000000
vt 0.000000 0.000000
vt 0.000000 0.000000
vt 0.000000 0.000000
vt 0.000000 0.000000
vt 0.000000 0.000000
vn -0.048790 0.025365 0.998487
vn -0.005727 -0.078198 0.996921
vn 0.092304 -0.050037 0.994473
vn -0.565087 0.547274 0.617388
vn -0.357541 0.577539 0.733902
vn -0.481690 0.737677 0.473084
vn 0.726800 0.246015 -0.641279
vn 0.624711 0.212263 -0.751452
vn 0.632413 0.375335 -0.677626
vn 0.375260 -0.686072 -0.623286
vn 0.296341 -0.555457 -0.776949
vn 0.541338 -0.566746 -0.621089
vn -0.747028 -0.648341 0.146979
vn -0.512760 -0.842551 0.164878
vn -0.551441 -0.649511 0.523496
vn -0.327378 -0.592869 -0.735752
vn -0.476553 -0.488012 -0.731261
vn -0.350423 -0.483164 -0.802344
vn -0.647937 0.650544 0.396194
vn -0.609742 0.557676 0.563216
vn -0.549998 0.636195 0.541071
vn -0.837279 -0.205922 0.506517
vn -0.650973 -0.233007 0.722456
vn -0.707415 -0.073317 0.702985
vn -0.509562 -0.223100 -0.831007
vn -0.624051 -0.274064 -0.731744
vn -0.649756 -0.102298 -0.753227
vn -0.014741 0.062875 0.997913
vn -0.076223 0.035470 0.996460
vn 0.076557 -0.065350 0.994921
vn 0.816091 0.468421 0.338492
vn 0.678723 0.711497 0.181950
vn 0.564480 0.587841 0.579487
vn 0.453014 -0.112035 0.884436
vn 0.582743 -0.042288 0.811555
vn 0.406199 0.063399 0.911583
vn -0.884018 0.239936 0.401178
vn -0.957026 0.247273 0.151519
vn -0.987692 0.056164 0.145981
vn -0.431325 0.861060 0.269323
vn -0.369386 0.916982 0.150656
vn -0.528627 0.821509 0.213718
vn 0.740964 -0.627871 -0.238224
vn 0.761289 -0.646777 -0.046022
vn 0.717125 -0.679908 -0.153160
vn -0.439552 0.347829 -0.828136
vn -0.260823 0.421836 -0.868346
vn -0.254508 0.281385 -0.925229
vn 0.751208 -0.645368 -0.138518
vn 0.661722 -0.749665 -0.011263
vn 0.662869 -0.675373 -0.323228
vn 0.577116 0.249316 -0.777675
vn 0.382714 0.252648 -0.888650
vn 0.419745 0.387384 -0.820821
vn 0.519959 0.310891 -0.795606
vn 0.472254 0.424459 -0.772535
vn 0.527425 0.435906 -0.729252
vn 0.384158 -0.759627 0.524776
vn 0.433572 -0.606622 0.666352
vn 0.216240 -0.593829 0.774989
vn 0.149388 -0.417899 0.896127
vn 0.334559 -0.399278 0.853608
vn 0.206282 -0.191892 0.959492
vn 0.149388 -0.417899 0.896127
vn 0.206282 -0.191892 0.959492
vn 0.072946 -0.240096 0.968005
vn 0.105648 -0.079312 0.991236
vn -0.076363 0.022844 0.996818
vn -0.065286 0.037825 0.997149
vn 0.105648 -0.079312 0.991236
vn -0.065286 0.037825 0.997149
vn 0.117097 -0.055768 0.991553
vn -0.459132 0.002042 0.888366
vn -0.413366 -0.173373 0.893907
vn -0.183839 -0.115673 0.976127
vn -0.459132 0.002042 0.888366
vn -0.183839 -0.115673 0.976127
vn -0.222623 0.031711 0.974389
vn 0.449858 0.768237 -0.455456
vn 0.361446 0.695184 -0.621350
vn -0.033101 0.991688 -0.124338
vn 0.449858 0.768237 -0.455456
vn -0.033101 0.991688 -0.124338
vn 0.312731 0.929828 -0.193957
vn -0.390422 0.572013 -0.721368
vn -0.637006 0.513817 -0.574644
vn -0.745493 0.665570 0.035466
vn -0.390422 0.572013 -0.721368
vn -0.745493 0.665570 0.035466
vn -0.544690 0.791667 -0.276724
vn -0.560821 0.737807 0.375661
vn -0.371118 0.878770 0.300059
vn -0.379080 0.724741 0.575369
vn -0.560821 0.737807 0.375661
vn -0.379080 0.724741 0.575369
vn -0.558461 0.621407 0.549522
vn 0.528412 0.259142 -0.808471
vn 0.581907 0.420073 -0.696364
vn 0.599020 0.404329 -0.691154
vn 0.528412 0.259142 -0.808471
vn 0.599020 0.404329 -0.691154
vn 0.548718 0.235236 -0.802230
vn 0.742862 0.621206 -0.249518
vn 0.892250 0.443839 -0.083053
vn 0.829326 0.349172 -0.436231
vn 0.742862 0.621206 -0.249518
vn 0.829326 0.349172 -0.436231
vn 0.694226 0.483305 -0.533354
vn 0.845068 -0.365873 -0.389869
vn 0.710200 -0.415653 -0.568198
vn 0.687125 -0.066667 -0.723474
vn 0.845068 -0.365873 -0.389869
vn 0.687125 -0.066667 -0.723474
vn 0.821845 -0.028270 -0.569009
vn 0.362866 -0.031558 -0.931307
vn 0.624009 -0.024115 -0.781045
vn 0.608500 -0.329237 -0.722032
vn 0.362866 -0.031558 -0.931307
vn 0.608500 -0.329237 -0.722032
vn 0.333564 -0.318648 -0.887242
vn 0.719293 -0.601865 -0.346953
vn 0.639001 -0.713127 -0.288319
vn 0.527749 -0.720272 -0.450209
vn 0.719293 -0.601865 -0.346953
vn 0.527749 -0.720272 -0.450209
vn 0.668911 -0.589471 -0.452859
vn -0.115601 -0.671095 -0.732304
vn -0.195836 -0.512316 -0.836170
vn 0.007615 -0.542692 -0.839897
vn -0.115601 -0.671095 -0.732304
vn 0.007615 -0.542692 -0.839897
vn 0.125351 -0.704444 -0.698603
vn 0.178737 -0.873257 0.453293
vn 0.017984 -0.660283 0.750802
vn -0.257833 -0.690991 0.675317
vn 0.178737 -0.873257 0.453293
vn -0.257833 -0.690991 0.675317
vn -0.135714 -0.932793 0.333883
vn -0.646913 -0.370498 0.666510
vn -0.857837 -0.337293 0.387749
vn -0.832206 -0.479916 0.277693
vn -0.646913 -0.370498 0.666510
vn -0.832206 -0.479916 0.277693
vn -0.615797 -0.507580 0.602625
vn -0.577860 -0.542324 -0.609888
vn -0.360246 -0.701715 -0.614670
vn -0.432434 -0.827139 -0.358947
vn -0.577860 -0.542324 -0.609888
vn -0.432434 -0.827139 -0.358947
vn -0.706068 -0.620551 -0.341153
vn -0.579265 -0.355645 -0.733463
vn -0.445447 -0.318510 -0.836737
vn -0.394185 -0.399585 -0.827617
vn -0.579265 -0.355645 -0.733463
vn -0.394185 -0.399585 -0.827617
vn -0.538344 -0.415415 -0.733223
vn -0.273306 0.218441 0.936796
vn -0.206034 0.289227 0.934825
vn -0.405429 0.506095 0.761246
vn -0.273306 0.218441 0.936796
vn -0.405429 0.506095 0.761246
vn -0.471149 0.412611 0.779597
vn -0.491193 0.763412 0.419442
vn -0.590222 0.769557 0.243764
vn -0.625847 0.720062 0.299711
vn -0.491193 0.763412 0.419442
vn -0.625847 0.720062 0.299711
vn -0.518274 0.705831 0.482902
vn -0.847191 0.464289 0.258270
vn -0.779212 0.388650 0.491711
vn -0.693021 0.483788 0.534482
vn -0.847191 0.464289 0.258270
vn -0.693021 0.483788 0.534482
vn -0.733543 0.588059 0.340737
vn -0.846184 0.169325 0.505274
vn -0.968536 -0.040173 0.245608
vn -0.928856 -0.121279 0.350025
vn -0.846184 0.169325 0.505274
vn -0.928856 -0.121279 0.350025
vn -0.795512 0.075061 0.601270
vn -0.963772 -0.102255 -0.246350
vn -0.957406 0.144760 -0.249835
vn -0.824859 0.022092 -0.564907
vn -0.963772 -0.102255 -0.246350
vn -0.824859 0.022092 -0.564907
vn -0.798538 -0.217010 -0.561465
vn -0.564481 0.213154 -0.797450
vn -0.337348 0.106494 -0.935337
vn -0.429881 -0.069754 -0.900187
vn -0.564481 0.213154 -0.797450
vn -0.429881 -0.069754 -0.900187
vn -0.622988 0.084883 -0.777612
vn 0.292043 -0.110527 0.949997
vn 0.247998 0.081267 0.965346
vn 0.115530 0.077393 0.990284
vn 0.292043 -0.110527 0.949997
vn 0.115530 0.077393 0.990284
vn 0.174831 -0.096386 0.979869
vn -0.104506 0.985778 0.131604
vn -0.204613 0.880742 0.427114
vn 0.166161 0.808487 0.564570
vn -0.104506 0.985778 0.131604
vn 0.166161 0.808487 0.564570
vn 0.289378 0.943127 0.163622
vn 0.436526 0.190914 0.879202
vn 0.669050 0.101256 0.736288
vn 0.761618 0.277464 0.585621
vn 0.436526 0.190914 0.879202
vn 0.761618 0.277464 0.585621
vn 0.489177 0.349235 0.799213
vn 0.683158 -0.629064 0.370909
vn 0.815166 -0.515011 0.265079
vn 0.732650 -0.270840 0.624396
vn 0.683158 -0.629064 0.370909
vn 0.732650 -0.270840 0.624396
vn 0.594504 -0.365991 0.715972
vn 0.650506 -0.652066 0.389424
vn 0.573188 -0.795357 0.197134
vn 0.666212 -0.745530 -0.018605
vn 0.650506 -0.652066 0.389424
vn 0.666212 -0.745530 -0.018605
vn 0.746347 -0.649298 0.146213
vn 0.665190 -0.667539 -0.334536
vn 0.683912 -0.729557 0.003408
vn 0.738938 -0.673765 0.003326
vn 0.665190 -0.667539 -0.334536
vn 0.738938 -0.673765 0.003326
vn 0.709897 -0.635967 -0.302643
vn 0.179777 0.418508 -0.890242
vn 0.096774 0.269769 -0.958050
vn -0.091860 0.274806 -0.957102
vn 0.179777 0.418508 -0.890242
vn -0.091860 0.274806 -0.957102
vn -0.063243 0.427342 -0.901875
vn 0.455708 0.401700 -0.794334
vn 0.569179 0.277488 -0.773974
vn 0.608562 0.270475 -0.745986
vn 0.455708 0.401700 -0.794334
vn 0.608562 0.270475 -0.745986
vn 0.444809 0.393970 -0.804322
vn -0.826080 0.306427 -0.472964
vn -0.886027 0.458216 -0.070666
vn -0.742805 0.651013 0.156280
vn -0.826080 0.306427 -0.472964
vn -0.742805 0.651013 0.156280
vn -0.691630 0.688594 0.217915
vn -0.826080 0.306427 -0.472964
vn -0.691630 0.688594 0.217915
vn -0.766010 0.614810 0.187718
vn -0.826080 0.306427 -0.472964
vn -0.766010 0.614810 0.187718
vn -0.787060 0.438452 -0.433931
vn -0.770130 -0.333489 -0.543769
vn -0.702121 -0.432085 -0.565975
vn -0.867253 -0.453283 -0.205931
vn -0.770130 -0.333489 -0.543769
vn -0.867253 -0.453283 -0.205931
vn -0.954342 -0.294070 0.052476
vn -0.770130 -0.333489 -0.543769
vn -0.954342 -0.294070 0.052476
vn -0.959460 -0.230608 -0.162041
vn -0.557558 0.174984 0.811486
vn -0.281155 0.135065 0.950110
vn -0.306030 0.174963 0.935806
vn -0.557558 0.174984 0.811486
vn -0.306030 0.174963 0.935806
vn -0.549768 0.350696 0.758135
vn -0.557558 0.174984 0.811486
vn -0.549768 0.350696 0.758135
vn -0.681429 0.293161 0.670605
vn 0.230201 0.472598 -0.850681
vn -0.090814 0.549262 -0.830701
vn -0.099937 0.780223 -0.617466
vn 0.230201 0.472598 -0.850681
vn -0.099937 0.780223 -0.617466
vn 0.285377 0.567148 -0.772595
vn -0.005757 -0.975485 -0.219991
vn -0.022823 -0.827522 -0.560970
vn 0.307916 -0.816547 -0.488302
vn -0.005757 -0.975485 -0.219991
vn 0.307916 -0.816547 -0.488302
vn 0.515614 -0.826492 -0.225948
vn -0.005757 -0.975485 -0.219991
vn 0.515614 -0.826492 -0.225948
vn 0.370094 -0.928990 0.002744
vn 0.061591 0.974745 0.214658
vn 0.007228 0.998595 0.052502
vn 0.456331 0.865181 -0.207903
vn 0.061591 0.974745 0.214658
vn 0.456331 0.865181 -0.207903
vn 0.588096 0.625356 -0.512906
vn 0.061591 0.974745 0.214658
vn 0.588096 0.625356 -0.512906
vn 0.515941 0.747329 -0.418694
vn -0.321652 0.591096 0.739693
vn -0.057114 0.339423 0.938898
vn 0.166700 0.289779 0.942465
vn -0.321652 0.591096 0.739693
vn 0.166700 0.289779 0.942465
vn 0.104924 0.528547 0.842395
vn -0.321652 0.591096 0.739693
vn 0.104924 0.528547 0.842395
vn -0.265631 0.694470 0.668694
vn -0.120996 -0.283003 0.951456
vn -0.396076 -0.338650 0.853487
vn -0.341552 -0.525480 0.779239
vn -0.120996 -0.283003 0.951456
vn -0.341552 -0.525480 0.779239
vn -0.048272 -0.483427 0.874053
vn 0.713516 -0.600840 0.360398
vn 0.642056 -0.626251 0.442238
vn 0.453901 -0.345858 0.821192
vn 0.713516 -0.600840 0.360398
vn 0.453901 -0.345858 0.821192
vn 0.286269 -0.216276 0.933421
vn 0.713516 -0.600840 0.360398
vn 0.286269 -0.216276 0.933421
vn 0.323003 -0.218613 0.920803
vn 0.713516 -0.600840 0.360398
vn 0.323003 -0.218613 0.920803
vn 0.559940 -0.466905 0.684446
vn 0.958618 0.089204 -0.270360
vn 0.952613 0.220695 0.209335
vn 0.874828 -0.062755 0.480352
vn 0.958618 0.089204 -0.270360
vn 0.874828 -0.062755 0.480352
vn 0.964619 -0.263405 0.011323
vn -0.016359 -0.311771 -0.950016
vn -0.241934 -0.349895 -0.905009
vn -0.311322 -0.193792 -0.930335
vn -0.016359 -0.311771 -0.950016
vn -0.311322 -0.193792 -0.930335
vn -0.183361 0.030664 -0.982567
vn -0.016359 -0.311771 -0.950016
vn -0.183361 0.030664 -0.982567
vn 0.021753 -0.018175 -0.999598
vn 0.603151 -0.047369 -0.796219
vn 0.662992 -0.429257 -0.613335
vn 0.715795 -0.486926 -0.500540
vn 0.603151 -0.047369 -0.796219
vn 0.715795 -0.486926 -0.500540
vn 0.713801 -0.358890 -0.601404
vn 0.603151 -0.047369 -0.796219
vn 0.713801 -0.358890 -0.601404
vn 0.693997 -0.010076 -0.719907
vn 0.603151 -0.047369 -0.796219
vn 0.693997 -0.010076 -0.719907
vn 0.609267 0.086817 -0.788198
vn 0.072946 -0.240096 0.968005
vn 0.206282 -0.191892 0.959492
vn 0.092304 -0.050037 0.994473
vn 0.072946 -0.240096 0.968005
vn 0.092304 -0.050037 0.994473
vn -0.005727 -0.078198 0.996921
vn 0.117097 -0.055768 0.991553
vn -0.065286 0.037825 0.997149
vn -0.048790 0.025365 0.998487
vn 0.117097 -0.055768 0.991553
vn -0.048790 0.025365 0.998487
vn 0.092304 -0.050037 0.994473
vn -0.222623 0.031711 0.974389
vn -0.183839 -0.115673 0.976127
vn -0.005727 -0.078198 0.996921
vn -0.222623 0.031711 0.974389
vn -0.005727 -0.078198 0.996921
vn -0.048790 0.025365 0.998487
vn -0.260426 0.684615 0.680795
vn -0.033101 0.991688 -0.124338
vn -0.481690 0.737677 0.473084
vn -0.260426 0.684615 0.680795
vn -0.481690 0.737677 0.473084
vn -0.357541 0.577539 0.733902
vn -0.544690 0.791667 -0.276724
vn -0.745493 0.665570 0.035466
vn -0.565087 0.547274 0.617388
vn -0.544690 0.791667 -0.276724
vn -0.565087 0.547274 0.617388
vn -0.481690 0.737677 0.473084
vn -0.558461 0.621407 0.549522
vn -0.379080 0.724741 0.575369
vn -0.357541 0.577539 0.733902
vn -0.558461 0.621407 0.549522
vn -0.357541 0.577539 0.733902
vn -0.565087 0.547274 0.617388
vn 0.548718 0.235236 -0.802230
vn 0.599020 0.404329 -0.691154
vn 0.632413 0.375335 -0.677626
vn 0.548718 0.235236 -0.802230
vn 0.632413 0.375335 -0.677626
vn 0.624711 0.212263 -0.751452
vn 0.694226 0.483305 -0.533354
vn 0.829326 0.349172 -0.436231
vn 0.726800 0.246015 -0.641279
vn 0.694226 0.483305 -0.533354
vn 0.726800 0.246015 -0.641279
vn 0.632413 0.375335 -0.677626
vn 0.821845 -0.028270 -0.569009
vn 0.687125 -0.066667 -0.723474
vn 0.624711 0.212263 -0.751452
vn 0.821845 -0.028270 -0.569009
vn 0.624711 0.212263 -0.751452
vn 0.726800 0.246015 -0.641279
vn 0.333564 -0.318648 -0.887242
vn 0.608500 -0.329237 -0.722032
vn 0.541338 -0.566746 -0.621089
vn 0.333564 -0.318648 -0.887242
vn 0.541338 -0.566746 -0.621089
vn 0.296341 -0.555457 -0.776949
vn 0.668911 -0.589471 -0.452859
vn 0.527749 -0.720272 -0.450209
vn 0.375260 -0.686072 -0.623286
vn 0.668911 -0.589471 -0.452859
vn 0.375260 -0.686072 -0.623286
vn 0.541338 -0.566746 -0.621089
vn 0.125351 -0.704444 -0.698603
vn 0.007615 -0.542692 -0.839897
vn 0.296341 -0.555457 -0.776949
vn 0.125351 -0.704444 -0.698603
vn 0.296341 -0.555457 -0.776949
vn 0.375260 -0.686072 -0.623286
vn -0.135714 -0.932793 0.333883
vn -0.257833 -0.690991 0.675317
vn -0.551441 -0.649511 0.523496
vn -0.135714 -0.932793 0.333883
vn -0.551441 -0.649511 0.523496
vn -0.512760 -0.842551 0.164878
vn -0.615797 -0.507580 0.602625
vn -0.832206 -0.479916 0.277693
vn -0.747028 -0.648341 0.146979
vn -0.615797 -0.507580 0.602625
vn -0.747028 -0.648341 0.146979
vn -0.551441 -0.649511 0.523496
vn -0.706068 -0.620551 -0.341153
vn -0.432434 -0.827139 -0.358947
vn -0.512760 -0.842551 0.164878
vn -0.706068 -0.620551 -0.341153
vn -0.512760 -0.842551 0.164878
vn -0.747028 -0.648341 0.146979
vn -0.538344 -0.415415 -0.733223
vn -0.394185 -0.399585 -0.827617
vn -0.350423 -0.483164 -0.802344
vn -0.538344 -0.415415 -0.733223
vn -0.350423 -0.483164 -0.802344
vn -0.476553 -0.488012 -0.731261
vn -0.195836 -0.512316 -0.836170
vn -0.115601 -0.671095 -0.732304
vn -0.327378 -0.592869 -0.735752
vn -0.195836 -0.512316 -0.836170
vn -0.327378 -0.592869 -0.735752
vn -0.350423 -0.483164 -0.802344
vn -0.360246 -0.701715 -0.614670
vn -0.577860 -0.542324 -0.609888
vn -0.476553 -0.488012 -0.731261
vn -0.360246 -0.701715 -0.614670
vn -0.476553 -0.488012 -0.731261
vn -0.327378 -0.592869 -0.735752
vn -0.471149 0.412611 0.779597
vn -0.405429 0.506095 0.761246
vn -0.549998 0.636195 0.541071
vn -0.471149 0.412611 0.779597
vn -0.549998 0.636195 0.541071
vn -0.609742 0.557676 0.563216
vn -0.518274 0.705831 0.482902
vn -0.625847 0.720062 0.299711
vn -0.647937 0.650544 0.396194
vn -0.518274 0.705831 0.482902
vn -0.647937 0.650544 0.396194
vn -0.549998 0.636195 0.541071
vn -0.733543 0.588059 0.340737
vn -0.693021 0.483788 0.534482
vn -0.609742 0.557676 0.563216
vn -0.733543 0.588059 0.340737
vn -0.609742 0.557676 0.563216
vn -0.647937 0.650544 0.396194
vn -0.413366 -0.173373 0.893907
vn -0.459132 0.002042 0.888366
vn -0.707415 -0.073317 0.702985
vn -0.413366 -0.173373 0.893907
vn -0.707415 -0.073317 0.702985
vn -0.650973 -0.233007 0.722456
vn -0.795512 0.075061 0.601270
vn -0.928856 -0.121279 0.350025
vn -0.837279 -0.205922 0.506517
vn -0.795512 0.075061 0.601270
vn -0.837279 -0.205922 0.506517
vn -0.707415 -0.073317 0.702985
vn -0.857837 -0.337293 0.387749
vn -0.646913 -0.370498 0.666510
vn -0.650973 -0.233007 0.722456
vn -0.857837 -0.337293 0.387749
vn -0.650973 -0.233007 0.722456
vn -0.837279 -0.205922 0.506517
vn -0.798538 -0.217010 -0.561465
vn -0.824859 0.022092 -0.564907
vn -0.649756 -0.102298 -0.753227
vn -0.798538 -0.217010 -0.561465
vn -0.649756 -0.102298 -0.753227
vn -0.624051 -0.274064 -0.731744
vn -0.622988 0.084883 -0.777612
vn -0.429881 -0.069754 -0.900187
vn -0.509562 -0.223100 -0.831007
vn -0.622988 0.084883 -0.777612
vn -0.509562 -0.223100 -0.831007
vn -0.649756 -0.102298 -0.753227
vn -0.445447 -0.318510 -0.836737
vn -0.579265 -0.355645 -0.733463
vn -0.624051 -0.274064 -0.731744
vn -0.445447 -0.318510 -0.836737
vn -0.624051 -0.274064 -0.731744
vn -0.509562 -0.223100 -0.831007
vn -0.076363 0.022844 0.996818
vn 0.105648 -0.079312 0.991236
vn 0.076557 -0.065350 0.994921
vn -0.076363 0.022844 0.996818
vn 0.076557 -0.065350 0.994921
vn -0.076223 0.035470 0.996460
vn 0.174831 -0.096386 0.979869
vn 0.115530 0.077393 0.990284
vn -0.014741 0.062875 0.997913
vn 0.174831 -0.096386 0.979869
vn -0.014741 0.062875 0.997913
vn 0.076557 -0.065350 0.994921
vn -0.206034 0.289227 0.934825
vn -0.273306 0.218441 0.936796
vn -0.076223 0.035470 0.996460
vn -0.206034 0.289227 0.934825
vn -0.076223 0.035470 0.996460
vn -0.014741 0.062875 0.997913
vn 0.289378 0.943127 0.163622
vn 0.166161 0.808487 0.564570
vn 0.564480 0.587841 0.579487
vn 0.289378 0.943127 0.163622
vn 0.564480 0.587841 0.579487
vn 0.678723 0.711497 0.181950
vn 0.489177 0.349235 0.799213
vn 0.761618 0.277464 0.585621
vn 0.816091 0.468421 0.338492
vn 0.489177 0.349235 0.799213
vn 0.816091 0.468421 0.338492
vn 0.564480 0.587841 0.579487
vn 0.892250 0.443839 -0.083053
vn 0.742862 0.621206 -0.249518
vn 0.678723 0.711497 0.181950
vn 0.892250 0.443839 -0.083053
vn 0.678723 0.711497 0.181950
vn 0.816091 0.468421 0.338492
vn 0.669050 0.101256 0.736288
vn 0.436526 0.190914 0.879202
vn 0.406199 0.063399 0.911583
vn 0.669050 0.101256 0.736288
vn 0.406199 0.063399 0.911583
vn 0.582743 -0.042288 0.811555
vn 0.247998 0.081267 0.965346
vn 0.292043 -0.110527 0.949997
vn 0.453014 -0.112035 0.884436
vn 0.247998 0.081267 0.965346
vn 0.453014 -0.112035 0.884436
vn 0.406199 0.063399 0.911583
vn 0.594504 -0.365991 0.715972
vn 0.732650 -0.270840 0.624396
vn 0.582743 -0.042288 0.811555
vn 0.594504 -0.365991 0.715972
vn 0.582743 -0.042288 0.811555
vn 0.453014 -0.112035 0.884436
vn -0.957406 0.144760 -0.249835
vn -0.963772 -0.102255 -0.246350
vn -0.987692 0.056164 0.145981
vn -0.957406 0.144760 -0.249835
vn -0.987692 0.056164 0.145981
vn -0.957026 0.247273 0.151519
vn -0.968536 -0.040173 0.245608
vn -0.846184 0.169325 0.505274
vn -0.884018 0.239936 0.401178
vn -0.968536 -0.040173 0.245608
vn -0.884018 0.239936 0.401178
vn -0.987692 0.056164 0.145981
vn -0.779212 0.388650 0.491711
vn -0.847191 0.464289 0.258270
vn -0.957026 0.247273 0.151519
vn -0.779212 0.388650 0.491711
vn -0.957026 0.247273 0.151519
vn -0.884018 0.239936 0.401178
vn -0.371118 0.878770 0.300059
vn -0.560821 0.737807 0.375661
vn -0.528627 0.821509 0.213718
vn -0.371118 0.878770 0.300059
vn -0.528627 0.821509 0.213718
vn -0.369386 0.916982 0.150656
vn -0.590222 0.769557 0.243764
vn -0.491193 0.763412 0.419442
vn -0.431325 0.861060 0.269323
vn -0.590222 0.769557 0.243764
vn -0.431325 0.861060 0.269323
vn -0.528627 0.821509 0.213718
vn -0.204613 0.880742 0.427114
vn -0.104506 0.985778 0.131604
vn -0.369386 0.916982 0.150656
vn -0.204613 0.880742 0.427114
vn -0.369386 0.916982 0.150656
vn -0.431325 0.861060 0.269323
vn 0.746347 -0.649298 0.146213
vn 0.666212 -0.745530 -0.018605
vn 0.717125 -0.679908 -0.153160
vn 0.746347 -0.649298 0.146213
vn 0.717125 -0.679908 -0.153160
vn 0.761289 -0.646777 -0.046022
vn 0.639001 -0.713127 -0.288319
vn 0.719293 -0.601865 -0.346953
vn 0.740964 -0.627871 -0.238224
vn 0.639001 -0.713127 -0.288319
vn 0.740964 -0.627871 -0.238224
vn 0.717125 -0.679908 -0.153160
vn 0.709897 -0.635967 -0.302643
vn 0.738938 -0.673765 0.003326
vn 0.761289 -0.646777 -0.046022
vn 0.709897 -0.635967 -0.302643
vn 0.761289 -0.646777 -0.046022
vn 0.740964 -0.627871 -0.238224
vn -0.063243 0.427342 -0.901875
vn -0.091860 0.274806 -0.957102
vn -0.254508 0.281385 -0.925229
vn -0.063243 0.427342 -0.901875
vn -0.254508 0.281385 -0.925229
vn -0.260823 0.421836 -0.868346
vn -0.337348 0.106494 -0.935337
vn -0.564481 0.213154 -0.797450
vn -0.439552 0.347829 -0.828136
vn -0.337348 0.106494 -0.935337
vn -0.439552 0.347829 -0.828136
vn -0.254508 0.281385 -0.925229
vn -0.637006 0.513817 -0.574644
vn -0.390422 0.572013 -0.721368
vn -0.260823 0.421836 -0.868346
vn -0.637006 0.513817 -0.574644
vn -0.260823 0.421836 -0.868346
vn -0.439552 0.347829 -0.828136
vn 0.683912 -0.729557 0.003408
vn 0.665190 -0.667539 -0.334536
vn 0.662869 -0.675373 -0.323228
vn 0.683912 -0.729557 0.003408
vn 0.662869 -0.675373 -0.323228
vn 0.661722 -0.749665 -0.011263
vn 0.710200 -0.415653 -0.568198
vn 0.845068 -0.365873 -0.389869
vn 0.751208 -0.645368 -0.138518
vn 0.710200 -0.415653 -0.568198
vn 0.751208 -0.645368 -0.138518
vn 0.662869 -0.675373 -0.323228
vn 0.815166 -0.515011 0.265079
vn 0.683158 -0.629064 0.370909
vn 0.661722 -0.749665 -0.011263
vn 0.815166 -0.515011 0.265079
vn 0.661722 -0.749665 -0.011263
vn 0.751208 -0.645368 -0.138518
vn 0.096774 0.269769 -0.958050
vn 0.179777 0.418508 -0.890242
vn 0.419745 0.387384 -0.820821
vn 0.096774 0.269769 -0.958050
vn 0.419745 0.387384 -0.820821
vn 0.382714 0.252648 -0.888650
vn 0.444809 0.393970 -0.804322
vn 0.608562 0.270475 -0.745986
vn 0.577116 0.249316 -0.777675
vn 0.444809 0.393970 -0.804322
vn 0.577116 0.249316 -0.777675
vn 0.419745 0.387384 -0.820821
vn 0.624009 -0.024115 -0.781045
vn 0.362866 -0.031558 -0.931307
vn 0.382714 0.252648 -0.888650
vn 0.624009 -0.024115 -0.781045
vn 0.382714 0.252648 -0.888650
vn 0.577116 0.249316 -0.777675
vn 0.361446 0.695184 -0.621350
vn 0.449858 0.768237 -0.455456
vn 0.527425 0.435906 -0.729252
vn 0.361446 0.695184 -0.621350
vn 0.527425 0.435906 -0.729252
vn 0.472254 0.424459 -0.772535
vn 0.581907 0.420073 -0.696364
vn 0.528412 0.259142 -0.808471
vn 0.519959 0.310891 -0.795606
vn 0.581907 0.420073 -0.696364
vn 0.519959 0.310891 -0.795606
vn 0.527425 0.435906 -0.729252
vn 0.569179 0.277488 -0.773974
vn 0.455708 0.401700 -0.794334
vn 0.472254 0.424459 -0.772535
vn 0.569179 0.277488 -0.773974
vn 0.472254 0.424459 -0.772535
vn 0.519959 0.310891 -0.795606
vn 0.334559 -0.399278 0.853608
vn 0.149388 -0.417899 0.896127
vn 0.216240 -0.593829 0.774989
vn 0.334559 -0.399278 0.853608
vn 0.216240 -0.593829 0.774989
vn 0.433572 -0.606622 0.666352
vn 0.017984 -0.660283 0.750802
vn 0.178737 -0.873257 0.453293
vn 0.384158 -0.759627 0.524776
vn 0.017984 -0.660283 0.750802
vn 0.384158 -0.759627 0.524776
vn 0.216240 -0.593829 0.774989
vn 0.573188 -0.795357 0.197134
vn 0.650506 -0.652066 0.389424
vn 0.433572 -0.606622 0.666352
vn 0.573188 -0.795357 0.197134
vn 0.433572 -0.606622 0.666352
vn 0.384158 -0.759627 0.524776
vn -0.120996 -0.283003 0.951456
vn -0.048272 -0.483427 0.874053
vn 0.149388 -0.417899 0.896127
vn -0.120996 -0.283003 0.951456
vn 0.149388 -0.417899 0.896127
vn 0.072946 -0.240096 0.968005
vn 0.559940 -0.466905 0.684446
vn 0.323003 -0.218613 0.920803
vn 0.206282 -0.191892 0.959492
vn 0.559940 -0.466905 0.684446
vn 0.206282 -0.191892 0.959492
vn 0.334559 -0.399278 0.853608
vn 0.323003 -0.218613 0.920803
vn 0.286269 -0.216276 0.933421
vn 0.105648 -0.079312 0.991236
vn 0.323003 -0.218613 0.920803
vn 0.105648 -0.079312 0.991236
vn 0.117097 -0.055768 0.991553
vn -0.306030 0.174963 0.935806
vn -0.281155 0.135065 0.950110
vn -0.065286 0.037825 0.997149
vn -0.306030 0.174963 0.935806
vn -0.065286 0.037825 0.997149
vn -0.076363 0.022844 0.996818
vn -0.281155 0.135065 0.950110
vn -0.557558 0.174984 0.811486
vn -0.459132 0.002042 0.888366
vn -0.281155 0.135065 0.950110
vn -0.459132 0.002042 0.888366
vn -0.222623 0.031711 0.974389
vn -0.396076 -0.338650 0.853487
vn -0.120996 -0.283003 0.951456
vn -0.183839 -0.115673 0.976127
vn -0.396076 -0.338650 0.853487
vn -0.183839 -0.115673 0.976127
vn -0.413366 -0.173373 0.893907
vn 0.061591 0.974745 0.214658
vn 0.515941 0.747329 -0.418694
vn 0.449858 0.768237 -0.455456
vn 0.061591 0.974745 0.214658
vn 0.449858 0.768237 -0.455456
vn 0.312731 0.929828 -0.193957
vn 0.285377 0.567148 -0.772595
vn -0.099937 0.780223 -0.617466
vn -0.033101 0.991688 -0.124338
vn 0.285377 0.567148 -0.772595
vn -0.033101 0.991688 -0.124338
vn 0.361446 0.695184 -0.621350
vn -0.099937 0.780223 -0.617466
vn -0.090814 0.549262 -0.830701
vn -0.390422 0.572013 -0.721368
vn -0.099937 0.780223 -0.617466
vn -0.390422 0.572013 -0.721368
vn -0.544690 0.791667 -0.276724
vn -0.787060 0.438452 -0.433931
vn -0.766010 0.614810 0.187718
vn -0.745493 0.665570 0.035466
vn -0.787060 0.438452 -0.433931
vn -0.745493 0.665570 0.035466
vn -0.637006 0.513817 -0.574644
vn -0.766010 0.614810 0.187718
vn -0.691630 0.688594 0.217915
vn -0.560821 0.737807 0.375661
vn -0.766010 0.614810 0.187718
vn -0.560821 0.737807 0.375661
vn -0.558461 0.621407 0.549522
vn 0.007228 0.998595 0.052502
vn 0.061591 0.974745 0.214658
vn -0.379080 0.724741 0.575369
vn 0.007228 0.998595 0.052502
vn -0.379080 0.724741 0.575369
vn -0.371118 0.878770 0.300059
vn 0.603151 -0.047369 -0.796219
vn 0.609267 0.086817 -0.788198
vn 0.528412 0.259142 -0.808471
vn 0.603151 -0.047369 -0.796219
vn 0.528412 0.259142 -0.808471
vn 0.548718 0.235236 -0.802230
vn 0.515941 0.747329 -0.418694
vn 0.588096 0.625356 -0.512906
vn 0.599020 0.404329 -0.691154
vn 0.515941 0.747329 -0.418694
vn 0.599020 0.404329 -0.691154
vn 0.581907 0.420073 -0.696364
vn 0.588096 0.625356 -0.512906
vn 0.456331 0.865181 -0.207903
vn 0.742862 0.621206 -0.249518
vn 0.588096 0.625356 -0.512906
vn 0.742862 0.621206 -0.249518
vn 0.694226 0.483305 -0.533354
vn 0.952613 0.220695 0.209335
vn 0.958618 0.089204 -0.270360
vn 0.829326 0.349172 -0.436231
vn 0.952613 0.220695 0.209335
vn 0.829326 0.349172 -0.436231
vn 0.892250 0.443839 -0.083053
vn 0.958618 0.089204 -0.270360
vn 0.964619 -0.263405 0.011323
vn 0.845068 -0.365873 -0.389869
vn 0.958618 0.089204 -0.270360
vn 0.845068 -0.365873 -0.389869
vn 0.821845 -0.028270 -0.569009
vn 0.662992 -0.429257 -0.613335
vn 0.603151 -0.047369 -0.796219
vn 0.687125 -0.066667 -0.723474
vn 0.662992 -0.429257 -0.613335
vn 0.687125 -0.066667 -0.723474
vn 0.710200 -0.415653 -0.568198
vn -0.016359 -0.311771 -0.950016
vn 0.021753 -0.018175 -0.999598
vn 0.362866 -0.031558 -0.931307
vn -0.016359 -0.311771 -0.950016
vn 0.362866 -0.031558 -0.931307
vn 0.333564 -0.318648 -0.887242
vn 0.693997 -0.010076 -0.719907
vn 0.713801 -0.358890 -0.601404
vn 0.608500 -0.329237 -0.722032
vn 0.693997 -0.010076 -0.719907
vn 0.608500 -0.329237 -0.722032
vn 0.624009 -0.024115 -0.781045
vn 0.713801 -0.358890 -0.601404
vn 0.715795 -0.486926 -0.500540
vn 0.719293 -0.601865 -0.346953
vn 0.713801 -0.358890 -0.601404
vn 0.719293 -0.601865 -0.346953
vn 0.668911 -0.589471 -0.452859
vn 0.515614 -0.826492 -0.225948
vn 0.307916 -0.816547 -0.488302
vn 0.527749 -0.720272 -0.450209
vn 0.515614 -0.826492 -0.225948
vn 0.527749 -0.720272 -0.450209
vn 0.639001 -0.713127 -0.288319
vn 0.307916 -0.816547 -0.488302
vn -0.022823 -0.827522 -0.560970
vn -0.115601 -0.671095 -0.732304
vn 0.307916 -0.816547 -0.488302
vn -0.115601 -0.671095 -0.732304
vn 0.125351 -0.704444 -0.698603
vn -0.241934 -0.349895 -0.905009
vn -0.016359 -0.311771 -0.950016
vn 0.007615 -0.542692 -0.839897
vn -0.241934 -0.349895 -0.905009
vn 0.007615 -0.542692 -0.839897
vn -0.195836 -0.512316 -0.836170
vn -0.005757 -0.975485 -0.219991
vn 0.370094 -0.928990 0.002744
vn 0.178737 -0.873257 0.453293
vn -0.005757 -0.975485 -0.219991
vn 0.178737 -0.873257 0.453293
vn -0.135714 -0.932793 0.333883
vn -0.048272 -0.483427 0.874053
vn -0.341552 -0.525480 0.779239
vn -0.257833 -0.690991 0.675317
vn -0.048272 -0.483427 0.874053
vn -0.257833 -0.690991 0.675317
vn 0.017984 -0.660283 0.750802
vn -0.341552 -0.525480 0.779239
vn -0.396076 -0.338650 0.853487
vn -0.646913 -0.370498 0.666510
vn -0.341552 -0.525480 0.779239
vn -0.646913 -0.370498 0.666510
vn -0.615797 -0.507580 0.602625
vn -0.954342 -0.294070 0.052476
vn -0.867253 -0.453283 -0.205931
vn -0.832206 -0.479916 0.277693
vn -0.954342 -0.294070 0.052476
vn -0.832206 -0.479916 0.277693
vn -0.857837 -0.337293 0.387749
vn -0.867253 -0.453283 -0.205931
vn -0.702121 -0.432085 -0.565975
vn -0.577860 -0.542324 -0.609888
vn -0.867253 -0.453283 -0.205931
vn -0.577860 -0.542324 -0.609888
vn -0.706068 -0.620551 -0.341153
vn -0.022823 -0.827522 -0.560970
vn -0.005757 -0.975485 -0.219991
vn -0.432434 -0.827139 -0.358947
vn -0.022823 -0.827522 -0.560970
vn -0.432434 -0.827139 -0.358947
vn -0.360246 -0.701715 -0.614670
vn -0.702121 -0.432085 -0.565975
vn -0.770130 -0.333489 -0.543769
vn -0.579265 -0.355645 -0.733463
vn -0.702121 -0.432085 -0.565975
vn -0.579265 -0.355645 -0.733463
vn -0.538344 -0.415415 -0.733223
vn -0.311322 -0.193792 -0.930335
vn -0.241934 -0.349895 -0.905009
vn -0.394185 -0.399585 -0.827617
vn -0.311322 -0.193792 -0.930335
vn -0.394185 -0.399585 -0.827617
vn -0.445447 -0.318510 -0.836737
vn -0.549768 0.350696 0.758135
vn -0.306030 0.174963 0.935806
vn -0.273306 0.218441 0.936796
vn -0.549768 0.350696 0.758135
vn -0.273306 0.218441 0.936796
vn -0.471149 0.412611 0.779597
vn -0.057114 0.339423 0.938898
vn -0.321652 0.591096 0.739693
vn -0.405429 0.506095 0.761246
vn -0.057114 0.339423 0.938898
vn -0.405429 0.506095 0.761246
vn -0.206034 0.289227 0.934825
vn -0.321652 0.591096 0.739693
vn -0.265631 0.694470 0.668694
vn -0.491193 0.763412 0.419442
vn -0.321652 0.591096 0.739693
vn -0.491193 0.763412 0.419442
vn -0.518274 0.705831 0.482902
vn -0.691630 0.688594 0.217915
vn -0.742805 0.651013 0.156280
vn -0.625847 0.720062 0.299711
vn -0.691630 0.688594 0.217915
vn -0.625847 0.720062 0.299711
vn -0.590222 0.769557 0.243764
vn -0.742805 0.651013 0.156280
vn -0.886027 0.458216 -0.070666
vn -0.847191 0.464289 0.258270
vn -0.742805 0.651013 0.156280
vn -0.847191 0.464289 0.258270
vn -0.733543 0.588059 0.340737
vn -0.681429 0.293161 0.670605
vn -0.549768 0.350696 0.758135
vn -0.693021 0.483788 0.534482
vn -0.681429 0.293161 0.670605
vn -0.693021 0.483788 0.534482
vn -0.779212 0.388650 0.491711
vn -0.557558 0.174984 0.811486
vn -0.681429 0.293161 0.670605
vn -0.846184 0.169325 0.505274
vn -0.557558 0.174984 0.811486
vn -0.846184 0.169325 0.505274
vn -0.795512 0.075061 0.601270
vn -0.959460 -0.230608 -0.162041
vn -0.954342 -0.294070 0.052476
vn -0.928856 -0.121279 0.350025
vn -0.959460 -0.230608 -0.162041
vn -0.928856 -0.121279 0.350025
vn -0.968536 -0.040173 0.245608
vn -0.770130 -0.333489 -0.543769
vn -0.959460 -0.230608 -0.162041
vn -0.963772 -0.102255 -0.246350
vn -0.770130 -0.333489 -0.543769
vn -0.963772 -0.102255 -0.246350
vn -0.798538 -0.217010 -0.561465
vn -0.886027 0.458216 -0.070666
vn -0.826080 0.306427 -0.472964
vn -0.824859 0.022092 -0.564907
vn -0.886027 0.458216 -0.070666
vn -0.824859 0.022092 -0.564907
vn -0.957406 0.144760 -0.249835
vn -0.826080 0.306427 -0.472964
vn -0.787060 0.438452 -0.433931
vn -0.564481 0.213154 -0.797450
vn -0.826080 0.306427 -0.472964
vn -0.564481 0.213154 -0.797450
vn -0.622988 0.084883 -0.777612
vn -0.183361 0.030664 -0.982567
vn -0.311322 -0.193792 -0.930335
vn -0.429881 -0.069754 -0.900187
vn -0.183361 0.030664 -0.982567
vn -0.429881 -0.069754 -0.900187
vn -0.337348 0.106494 -0.935337
vn 0.286269 -0.216276 0.933421
vn 0.453901 -0.345858 0.821192
vn 0.292043 -0.110527 0.949997
vn 0.286269 -0.216276 0.933421
vn 0.292043 -0.110527 0.949997
vn 0.174831 -0.096386 0.979869
vn 0.166700 0.289779 0.942465
vn -0.057114 0.339423 0.938898
vn 0.115530 0.077393 0.990284
vn 0.166700 0.289779 0.942465
vn 0.115530 0.077393 0.990284
vn 0.247998 0.081267 0.965346
vn 0.456331 0.865181 -0.207903
vn 0.007228 0.998595 0.052502
vn -0.104506 0.985778 0.131604
vn 0.456331 0.865181 -0.207903
vn -0.104506 0.985778 0.131604
vn 0.289378 0.943127 0.163622
vn -0.265631 0.694470 0.668694
vn 0.104924 0.528547 0.842395
vn 0.166161 0.808487 0.564570
vn -0.265631 0.694470 0.668694
vn 0.166161 0.808487 0.564570
vn -0.204613 0.880742 0.427114
vn 0.104924 0.528547 0.842395
vn 0.166700 0.289779 0.942465
vn 0.436526 0.190914 0.879202
vn 0.104924 0.528547 0.842395
vn 0.436526 0.190914 0.879202
vn 0.489177 0.349235 0.799213
vn 0.874828 -0.062755 0.480352
vn 0.952613 0.220695 0.209335
vn 0.761618 0.277464 0.585621
vn 0.874828 -0.062755 0.480352
vn 0.761618 0.277464 0.585621
vn 0.669050 0.101256 0.736288
vn 0.453901 -0.345858 0.821192
vn 0.642056 -0.626251 0.442238
vn 0.683158 -0.629064 0.370909
vn 0.453901 -0.345858 0.821192
vn 0.683158 -0.629064 0.370909
vn 0.594504 -0.365991 0.715972
vn 0.964619 -0.263405 0.011323
vn 0.874828 -0.062755 0.480352
vn 0.732650 -0.270840 0.624396
vn 0.964619 -0.263405 0.011323
vn 0.732650 -0.270840 0.624396
vn 0.815166 -0.515011 0.265079
vn 0.713516 -0.600840 0.360398
vn 0.559940 -0.466905 0.684446
vn 0.650506 -0.652066 0.389424
vn 0.713516 -0.600840 0.360398
vn 0.650506 -0.652066 0.389424
vn 0.746347 -0.649298 0.146213
vn 0.370094 -0.928990 0.002744
vn 0.515614 -0.826492 -0.225948
vn 0.666212 -0.745530 -0.018605
vn 0.370094 -0.928990 0.002744
vn 0.666212 -0.745530 -0.018605
vn 0.573188 -0.795357 0.197134
vn 0.715795 -0.486926 -0.500540
vn 0.662992 -0.429257 -0.613335
vn 0.665190 -0.667539 -0.334536
vn 0.715795 -0.486926 -0.500540
vn 0.665190 -0.667539 -0.334536
vn 0.709897 -0.635967 -0.302643
vn 0.642056 -0.626251 0.442238
vn 0.713516 -0.600840 0.360398
vn 0.738938 -0.673765 0.003326
vn 0.642056 -0.626251 0.442238
vn 0.738938 -0.673765 0.003326
vn 0.683912 -0.729557 0.003408
vn -0.090814 0.549262 -0.830701
vn 0.230201 0.472598 -0.850681
vn 0.179777 0.418508 -0.890242
vn -0.090814 0.549262 -0.830701
vn 0.179777 0.418508 -0.890242
vn -0.063243 0.427342 -0.901875
vn 0.021753 -0.018175 -0.999598
vn -0.183361 0.030664 -0.982567
vn -0.091860 0.274806 -0.957102
vn 0.021753 -0.018175 -0.999598
vn -0.091860 0.274806 -0.957102
vn 0.096774 0.269769 -0.958050
vn 0.230201 0.472598 -0.850681
vn 0.285377 0.567148 -0.772595
vn 0.455708 0.401700 -0.794334
vn 0.230201 0.472598 -0.850681
vn 0.455708 0.401700 -0.794334
vn 0.444809 0.393970 -0.804322
vn 0.609267 0.086817 -0.788198
vn 0.693997 -0.010076 -0.719907
vn 0.608562 0.270475 -0.745986
vn 0.609267 0.086817 -0.788198
vn 0.608562 0.270475 -0.745986
vn 0.569179 0.277488 -0.773974
vn -0.222623 0.031711 0.974389
vn -0.048790 0.025365 0.998487
vn -0.065286 0.037825 0.997149
vn -0.222623 0.031711 0.974389
vn -0.065286 0.037825 0.997149
vn -0.281155 0.135065 0.950110
vn 0.072946 -0.240096 0.968005
vn -0.005727 -0.078198 0.996921
vn -0.183839 -0.115673 0.976127
vn 0.072946 -0.240096 0.968005
vn -0.183839 -0.115673 0.976127
vn -0.120996 -0.283003 0.951456
vn 0.117097 -0.055768 0.991553
vn 0.092304 -0.050037 0.994473
vn 0.206282 -0.191892 0.959492
vn 0.117097 -0.055768 0.991553
vn 0.206282 -0.191892 0.959492
vn 0.323003 -0.218613 0.920803
vn -0.558461 0.621407 0.549522
vn -0.565087 0.547274 0.617388
vn -0.745493 0.665570 0.035466
vn -0.558461 0.621407 0.549522
vn -0.745493 0.665570 0.035466
vn -0.766010 0.614810 0.187718
vn -0.260426 0.684615 0.680795
vn -0.357541 0.577539 0.733902
vn -0.379080 0.724741 0.575369
vn -0.260426 0.684615 0.680795
vn -0.379080 0.724741 0.575369
vn 0.061591 0.974745 0.214658
vn -0.544690 0.791667 -0.276724
vn -0.481690 0.737677 0.473084
vn -0.033101 0.991688 -0.124338
vn -0.544690 0.791667 -0.276724
vn -0.033101 0.991688 -0.124338
vn -0.099937 0.780223 -0.617466
vn 0.821845 -0.028270 -0.569009
vn 0.726800 0.246015 -0.641279
vn 0.829326 0.349172 -0.436231
vn 0.821845 -0.028270 -0.569009
vn 0.829326 0.349172 -0.436231
vn 0.958618 0.089204 -0.270360
vn 0.548718 0.235236 -0.802230
vn 0.624711 0.212263 -0.751452
vn 0.687125 -0.066667 -0.723474
vn 0.548718 0.235236 -0.802230
vn 0.687125 -0.066667 -0.723474
vn 0.603151 -0.047369 -0.796219
vn 0.694226 0.483305 -0.533354
vn 0.632413 0.375335 -0.677626
vn 0.599020 0.404329 -0.691154
vn 0.694226 0.483305 -0.533354
vn 0.599020 0.404329 -0.691154
vn 0.588096 0.625356 -0.512906
vn 0.125351 -0.704444 -0.698603
vn 0.375260 -0.686072 -0.623286
vn 0.527749 -0.720272 -0.450209
vn 0.125351 -0.704444 -0.698603
vn 0.527749 -0.720272 -0.450209
vn 0.307916 -0.816547 -0.488302
vn 0.333564 -0.318648 -0.887242
vn 0.296341 -0.555457 -0.776949
vn 0.007615 -0.542692 -0.839897
vn 0.333564 -0.318648 -0.887242
vn 0.007615 -0.542692 -0.839897
vn -0.016359 -0.311771 -0.950016
vn 0.668911 -0.589471 -0.452859
vn 0.541338 -0.566746 -0.621089
vn 0.608500 -0.329237 -0.722032
vn 0.668911 -0.589471 -0.452859
vn 0.608500 -0.329237 -0.722032
vn 0.713801 -0.358890 -0.601404
vn -0.706068 -0.620551 -0.341153
vn -0.747028 -0.648341 0.146979
vn -0.832206 -0.479916 0.277693
vn -0.706068 -0.620551 -0.341153
vn -0.832206 -0.479916 0.277693
vn -0.867253 -0.453283 -0.205931
vn -0.135714 -0.932793 0.333883
vn -0.512760 -0.842551 0.164878
vn -0.432434 -0.827139 -0.358947
vn -0.135714 -0.932793 0.333883
vn -0.432434 -0.827139 -0.358947
vn -0.005757 -0.975485 -0.219991
vn -0.615797 -0.507580 0.602625
vn -0.551441 -0.649511 0.523496
vn -0.257833 -0.690991 0.675317
vn -0.615797 -0.507580 0.602625
vn -0.257833 -0.690991 0.675317
vn -0.341552 -0.525480 0.779239
vn -0.360246 -0.701715 -0.614670
vn -0.327378 -0.592869 -0.735752
vn -0.115601 -0.671095 -0.732304
vn -0.360246 -0.701715 -0.614670
vn -0.115601 -0.671095 -0.732304
vn -0.022823 -0.827522 -0.560970
vn -0.538344 -0.415415 -0.733223
vn -0.476553 -0.488012 -0.731261
vn -0.577860 -0.542324 -0.609888
vn -0.538344 -0.415415 -0.733223
vn -0.577860 -0.542324 -0.609888
vn -0.702121 -0.432085 -0.565975
vn -0.195836 -0.512316 -0.836170
vn -0.350423 -0.483164 -0.802344
vn -0.394185 -0.399585 -0.827617
vn -0.195836 -0.512316 -0.836170
vn -0.394185 -0.399585 -0.827617
vn -0.241934 -0.349895 -0.905009
vn -0.733543 0.588059 0.340737
vn -0.647937 0.650544 0.396194
vn -0.625847 0.720062 0.299711
vn -0.733543 0.588059 0.340737
vn -0.625847 0.720062 0.299711
vn -0.742805 0.651013 0.156280
vn -0.471149 0.412611 0.779597
vn -0.609742 0.557676 0.563216
vn -0.693021 0.483788 0.534482
vn -0.471149 0.412611 0.779597
vn -0.693021 0.483788 0.534482
vn -0.549768 0.350696 0.758135
vn -0.518274 0.705831 0.482902
vn -0.549998 0.636195 0.541071
vn -0.405429 0.506095 0.761246
vn -0.518274 0.705831 0.482902
vn -0.405429 0.506095 0.761246
vn -0.321652 0.591096 0.739693
vn -0.857837 -0.337293 0.387749
vn -0.837279 -0.205922 0.506517
vn -0.928856 -0.121279 0.350025
vn -0.857837 -0.337293 0.387749
vn -0.928856 -0.121279 0.350025
vn -0.954342 -0.294070 0.052476
vn -0.413366 -0.173373 0.893907
vn -0.650973 -0.233007 0.722456
vn -0.646913 -0.370498 0.666510
vn -0.413366 -0.173373 0.893907
vn -0.646913 -0.370498 0.666510
vn -0.396076 -0.338650 0.853487
vn -0.795512 0.075061 0.601270
vn -0.707415 -0.073317 0.702985
vn -0.459132 0.002042 0.888366
vn -0.795512 0.075061 0.601270
vn -0.459132 0.002042 0.888366
vn -0.557558 0.174984 0.811486
vn -0.445447 -0.318510 -0.836737
vn -0.509562 -0.223100 -0.831007
vn -0.429881 -0.069754 -0.900187
vn -0.445447 -0.318510 -0.836737
vn -0.429881 -0.069754 -0.900187
vn -0.311322 -0.193792 -0.930335
vn -0.798538 -0.217010 -0.561465
vn -0.624051 -0.274064 -0.731744
vn -0.579265 -0.355645 -0.733463
vn -0.798538 -0.217010 -0.561465
vn -0.579265 -0.355645 -0.733463
vn -0.770130 -0.333489 -0.543769
vn -0.622988 0.084883 -0.777612
vn -0.649756 -0.102298 -0.753227
vn -0.824859 0.022092 -0.564907
vn -0.622988 0.084883 -0.777612
vn -0.824859 0.022092 -0.564907
vn -0.826080 0.306427 -0.472964
vn -0.206034 0.289227 0.934825
vn -0.014741 0.062875 0.997913
vn 0.115530 0.077393 0.990284
vn -0.206034 0.289227 0.934825
vn 0.115530 0.077393 0.990284
vn -0.057114 0.339423 0.938898
vn -0.076363 0.022844 0.996818
vn -0.076223 0.035470 0.996460
vn -0.273306 0.218441 0.936796
vn -0.076363 0.022844 0.996818
vn -0.273306 0.218441 0.936796
vn -0.306030 0.174963 0.935806
vn 0.174831 -0.096386 0.979869
vn 0.076557 -0.065350 0.994921
vn 0.105648 -0.079312 0.991236
vn 0.174831 -0.096386 0.979869
vn 0.105648 -0.079312 0.991236
vn 0.286269 -0.216276 0.933421
vn 0.892250 0.443839 -0.083053
vn 0.816091 0.468421 0.338492
vn 0.761618 0.277464 0.585621
vn 0.892250 0.443839 -0.083053
vn 0.761618 0.277464 0.585621
vn 0.952613 0.220695 0.209335
vn 0.289378 0.943127 0.163622
vn 0.678723 0.711497 0.181950
vn 0.742862 0.621206 -0.249518
vn 0.289378 0.943127 0.163622
vn 0.742862 0.621206 -0.249518
vn 0.456331 0.865181 -0.207903
vn 0.489177 0.349235 0.799213
vn 0.564480 0.587841 0.579487
vn 0.166161 0.808487 0.564570
vn 0.489177 0.349235 0.799213
vn 0.166161 0.808487 0.564570
vn 0.104924 0.528547 0.842395
vn 0.594504 -0.365991 0.715972
vn 0.453014 -0.112035 0.884436
vn 0.292043 -0.110527 0.949997
vn 0.594504 -0.365991 0.715972
vn 0.292043 -0.110527 0.949997
vn 0.453901 -0.345858 0.821192
vn 0.669050 0.101256 0.736288
vn 0.582743 -0.042288 0.811555
vn 0.732650 -0.270840 0.624396
vn 0.669050 0.101256 0.736288
vn 0.732650 -0.270840 0.624396
vn 0.874828 -0.062755 0.480352
vn 0.247998 0.081267 0.965346
vn 0.406199 0.063399 0.911583
vn 0.436526 0.190914 0.879202
vn 0.247998 0.081267 0.965346
vn 0.436526 0.190914 0.879202
vn 0.166700 0.289779 0.942465
vn -0.779212 0.388650 0.491711
vn -0.884018 0.239936 0.401178
vn -0.846184 0.169325 0.505274
vn -0.779212 0.388650 0.491711
vn -0.846184 0.169325 0.505274
vn -0.681429 0.293161 0.670605
vn -0.957406 0.144760 -0.249835
vn -0.957026 0.247273 0.151519
vn -0.847191 0.464289 0.258270
vn -0.957406 0.144760 -0.249835
vn -0.847191 0.464289 0.258270
vn -0.886027 0.458216 -0.070666
vn -0.968536 -0.040173 0.245608
vn -0.987692 0.056164 0.145981
vn -0.963772 -0.102255 -0.246350
vn -0.968536 -0.040173 0.245608
vn -0.963772 -0.102255 -0.246350
vn -0.959460 -0.230608 -0.162041
vn -0.204613 0.880742 0.427114
vn -0.431325 0.861060 0.269323
vn -0.491193 0.763412 0.419442
vn -0.204613 0.880742 0.427114
vn -0.491193 0.763412 0.419442
vn -0.265631 0.694470 0.668694
vn -0.371118 0.878770 0.300059
vn -0.369386 0.916982 0.150656
vn -0.104506 0.985778 0.131604
vn -0.371118 0.878770 0.300059
vn -0.104506 0.985778 0.131604
vn 0.007228 0.998595 0.052502
vn -0.590222 0.769557 0.243764
vn -0.528627 0.821509 0.213718
vn -0.560821 0.737807 0.375661
vn -0.590222 0.769557 0.243764
vn -0.560821 0.737807 0.375661
vn -0.691630 0.688594 0.217915
vn 0.709897 -0.635967 -0.302643
vn 0.740964 -0.627871 -0.238224
vn 0.719293 -0.601865 -0.346953
vn 0.709897 -0.635967 -0.302643
vn 0.719293 -0.601865 -0.346953
vn 0.715795 -0.486926 -0.500540
vn 0.746347 -0.649298 0.146213
vn 0.761289 -0.646777 -0.046022
vn 0.738938 -0.673765 0.003326
vn 0.746347 -0.649298 0.146213
vn 0.738938 -0.673765 0.003326
vn 0.713516 -0.600840 0.360398
vn 0.639001 -0.713127 -0.288319
vn 0.717125 -0.679908 -0.153160
vn 0.666212 -0.745530 -0.018605
vn 0.639001 -0.713127 -0.288319
vn 0.666212 -0.745530 -0.018605
vn 0.515614 -0.826492 -0.225948
vn -0.637006 0.513817 -0.574644
vn -0.439552 0.347829 -0.828136
vn -0.564481 0.213154 -0.797450
vn -0.637006 0.513817 -0.574644
vn -0.564481 0.213154 -0.797450
vn -0.787060 0.438452 -0.433931
vn -0.063243 0.427342 -0.901875
vn -0.260823 0.421836 -0.868346
vn -0.390422 0.572013 -0.721368
vn -0.063243 0.427342 -0.901875
vn -0.390422 0.572013 -0.721368
vn -0.090814 0.549262 -0.830701
vn -0.337348 0.106494 -0.935337
vn -0.254508 0.281385 -0.925229
vn -0.091860 0.274806 -0.957102
vn -0.337348 0.106494 -0.935337
vn -0.091860 0.274806 -0.957102
vn -0.183361 0.030664 -0.982567
vn 0.815166 -0.515011 0.265079
vn 0.751208 -0.645368 -0.138518
vn 0.845068 -0.365873 -0.389869
vn 0.815166 -0.515011 0.265079
vn 0.845068 -0.365873 -0.389869
vn 0.964619 -0.263405 0.011323
vn 0.683912 -0.729557 0.003408
vn 0.661722 -0.749665 -0.011263
vn 0.683158 -0.629064 0.370909
vn 0.683912 -0.729557 0.003408
vn 0.683158 -0.629064 0.370909
vn 0.642056 -0.626251 0.442238
vn 0.710200 -0.415653 -0.568198
vn 0.662869 -0.675373 -0.323228
vn 0.665190 -0.667539 -0.334536
vn 0.710200 -0.415653 -0.568198
vn 0.665190 -0.667539 -0.334536
vn 0.662992 -0.429257 -0.613335
vn 0.624009 -0.024115 -0.781045
vn 0.577116 0.249316 -0.777675
vn 0.608562 0.270475 -0.745986
vn 0.624009 -0.024115 -0.781045
vn 0.608562 0.270475 -0.745986
vn 0.693997 -0.010076 -0.719907
vn 0.096774 0.269769 -0.958050
vn 0.382714 0.252648 -0.888650
vn 0.362866 -0.031558 -0.931307
vn 0.096774 0.269769 -0.958050
vn 0.362866 -0.031558 -0.931307
vn 0.021753 -0.018175 -0.999598
vn 0.444809 0.393970 -0.804322
vn 0.419745 0.387384 -0.820821
vn 0.179777 0.418508 -0.890242
vn 0.444809 0.393970 -0.804322
vn 0.179777 0.418508 -0.890242
vn 0.230201 0.472598 -0.850681
vn 0.569179 0.277488 -0.773974
vn 0.519959 0.310891 -0.795606
vn 0.528412 0.259142 -0.808471
vn 0.569179 0.277488 -0.773974
vn 0.528412 0.259142 -0.808471
vn 0.609267 0.086817 -0.788198
vn 0.361446 0.695184 -0.621350
vn 0.472254 0.424459 -0.772535
vn 0.455708 0.401700 -0.794334
vn 0.361446 0.695184 -0.621350
vn 0.455708 0.401700 -0.794334
vn 0.285377 0.567148 -0.772595
vn 0.581907 0.420073 -0.696364
vn 0.527425 0.435906 -0.729252
vn 0.449858 0.768237 -0.455456
vn 0.581907 0.420073 -0.696364
vn 0.449858 0.768237 -0.455456
vn 0.515941 0.747329 -0.418694
vn 0.573188 -0.795357 0.197134
vn 0.384158 -0.759627 0.524776
vn 0.178737 -0.873257 0.453293
vn 0.573188 -0.795357 0.197134
vn 0.178737 -0.873257 0.453293
vn 0.370094 -0.928990 0.002744
vn 0.334559 -0.399278 0.853608
vn 0.433572 -0.606622 0.666352
vn 0.650506 -0.652066 0.389424
vn 0.334559 -0.399278 0.853608
vn 0.650506 -0.652066 0.389424
vn 0.559940 -0.466905 0.684446
vn 0.017984 -0.660283 0.750802
vn 0.216240 -0.593829 0.774989
vn 0.149388 -0.417899 0.896127
vn 0.017984 -0.660283 0.750802
vn 0.149388 -0.417899 0.896127
vn -0.048272 -0.483427 0.874053
f 1/1/1 2/2/2 3/3/3
f 4/4/4 5/5/5 6/6/6
f 7/7/7 8/8/8 9/9/9
f 10/10/10 11/11/11 12/12/12
f 13/13/13 14/14/14 15/15/15
f 16/16/16 17/17/17 18/18/18
f 19/19/19 20/20/20 21/21/21
f 22/22/22 23/23/23 24/24/24
f 25/25/25 26/26/26 27/27/27
f 28/28/28 29/29/29 30/30/30
f 31/31/31 32/32/32 33/33/33
f 34/34/34 35/35/35 36/36/36
f 37/37/37 38/38/38 39/39/39
f 40/40/40 41/41/41 42/42/42
f 43/43/43 44/44/44 45/45/45
f 46/46/46 47/47/47 48/48/48
f 49/49/49 50/50/50 51/51/51
f 52/52/52 53/53/53 54/54/54
f 55/55/55 56/56/56 57/57/57
f 58/58/58 59/59/59 60/60/60
f 61/61/61 62/62/62 63/63/63
f 61/64/64 63/65/65 64/66/66
f 65/67/67 66/68/68 67/69/69
f 65/70/70 67/71/71 68/72/72
f 69/73/73 70/74/74 71/75/75
f 69/76/76 71/77/77 72/78/78
f 73/79/79 74/80/80 75/81/81
f 73/82/82 75/83/83 76/84/84
f 77/85/85 78/86/86 79/87/87
f 77/88/88 79/89/89 80/90/90
f 81/91/91 82/92/92 83/93/93
f 81/94/94 83/95/95 84/96/96
f 85/97/97 86/98/98 87/99/99
f 85/100/100 87/101/101 88/102/102
f 89/103/103 90/104/104 91/105/105
f 89/106/106 91/107/107 92/108/108
f 93/109/109 94/110/110 95/111/111
f 93/112/112 95/113/113 96/114/114
f 97/115/115 98/116/116 99/117/117
f 97/118/118 99/119/119 100/120/120
f 101/121/121 102/122/122 103/123/123
f 101/124/124 103/125/125 104/126/126
f 105/127/127 106/128/128 107/129/129
f 105/130/130 107/131/131 108/132/132
f 109/133/133 110/134/134 111/135/135
f 109/136/136 111/137/137 112/138/138
f 113/139/139 114/140/140 115/141/141
f 113/142/142 115/143/143 116/144/144
f 117/145/145 118/146/146 119/147/147
f 117/148/148 119/149/149 120/150/150
f 121/151/151 122/152/152 123/153/153
f 121/154/154 123/155/155 124/156/156
f 125/157/157 126/158/158 127/159/159
f 125/160/160 127/161/161 128/162/162
f 129/163/163 130/164/164 131/165/165
f 129/166/166 131/167/167 132/168/168
f 133/169/169 134/170/170 135/171/171
f 133/172/172 135/173/173 136/174/174
f 137/175/175 138/176/176 139/177/177
f 137/178/178 139/179/179 140/180/180
f 141/181/181 142/182/182 143/183/183
f 141/184/184 143/185/185 144/186/186
f 145/187/187 146/188/188 147/189/189
f 145/190/190 147/191/191 148/192/192
f 149/193/193 150/194/194 151/195/195
f 149/196/196 151/197/197 152/198/198
f 153/199/199 154/200/200 155/201/201
f 153/202/202 155/203/203 156/204/204
f 157/205/205 158/206/206 159/207/207
f 157/208/208 159/209/209 160/210/210
f 161/211/211 162/212/212 163/213/213
f 161/214/214 163/215/215 164/216/216
f 165/217/217 166/218/218 167/219/219
f 165/220/220 167/221/221 168/222/222
f 169/223/223 170/224/224 171/225/225
f 169/226/226 171/227/227 172/228/228
f 173/229/229 174/230/230 175/231/231
f 173/232/232 175/233/233 176/234/234
f 177/235/235 178/236/236 179/237/237
f 177/238/238 179/239/239 180/240/240
f 181/241/241 182/242/242 183/243/243
f 181/244/244 183/245/245 184/246/246
f 181/247/247 184/248/248 185/249/249
f 181/250/250 185/251/251 186/252/252
f 187/253/253 188/254/254 189/255/255
f 187/256/256 189/257/257 190/258/258
f 187/259/259 190/260/260 191/261/261
f 192/262/262 193/263/263 194/264/264
f 192/265/265 194/266/266 195/267/267
f 192/268/268 195/269/269 196/270/270
f 197/271/271 198/272/272 199/273/273
f 197/274/274 199/275/275 200/276/276
f 201/277/277 202/278/278 203/279/279
f 201/280/280 203/281/281 204/282/282
f 201/283/283 204/284/284 205/285/285
f 206/286/286 207/287/287 208/288/288
f 206/289/289 208/290/290 209/291/291
f 206/292/292 209/293/293 210/294/294
f 211/295/295 212/296/296 213/297/297
f 211/298/298 213/299/299 214/300/300
f 211/301/301 214/302/302 215/303/303
f 216/304/304 217/305/305 218/306/306
f 216/307/307 218/308/308 219/309/309
f 220/310/310 221/311/311 222/312/312
f 220/313/313 222/314/314 223/315/315
f 220/316/316 223/317/317 224/318/318
f 220/319/319 224/320/320 225/321/321
f 226/322/322 227/323/323 228/324/324
f 226/325/325 228/326/326 229/327/327
f 230/328/328 231/329/329 232/330/330
f 230/331/331 232/332/332 233/333/333
f 230/334/334 233/335/335 234/336/336
f 235/337/337 236/338/338 237/339/339
f 235/340/340 237/341/341 238/342/342
f 235/343/343 238/344/344 239/345/345
f 235/346/346 239/347/347 240/348/348
f 64/349/349 63/350/350 3/351/351
f 64/352/352 3/353/353 2/354/354
f 68/355/355 67/356/356 1/357/357
f 68/358/358 1/359/359 3/360/360
f 72/361/361 71/362/362 2/363/363
f 72/364/364 2/365/365 1/366/366
f 76/367/367 75/368/368 6/369/369
f 76/370/370 6/371/371 5/372/372
f 80/373/373 79/374/374 4/375/375
f 80/376/376 4/377/377 6/378/378
f 84/379/379 83/380/380 5/381/381
f 84/382/382 5/383/383 4/384/384
f 88/385/385 87/386/386 9/387/387
f 88/388/388 9/389/389 8/390/390
f 92/391/391 91/392/392 7/393/393
f 92/394/394 7/395/395 9/396/396
f 96/397/397 95/398/398 8/399/399
f 96/400/400 8/401/401 7/402/402
f 100/403/403 99/404/404 12/405/405
f 100/406/406 12/407/407 11/408/408
f 104/409/409 103/410/410 10/411/411
f 104/412/412 10/413/413 12/414/414
f 108/415/415 107/416/416 11/417/417
f 108/418/418 11/419/419 10/420/420
f 112/421/421 111/422/422 15/423/423
f 112/424/424 15/425/425 14/426/426
f 116/427/427 115/428/428 13/429/429
f 116/430/430 13/431/431 15/432/432
f 120/433/433 119/434/434 14/435/435
f 120/436/436 14/437/437 13/438/438
f 124/439/439 123/440/440 18/441/441
f 124/442/442 18/443/443 17/444/444
f 106/445/445 105/446/446 16/447/447
f 106/448/448 16/449/449 18/450/450
f 118/451/451 117/452/452 17/453/453
f 118/454/454 17/455/455 16/456/456
f 128/457/457 127/458/458 21/459/459
f 128/460/460 21/461/461 20/462/462
f 132/463/463 131/464/464 19/465/465
f 132/466/466 19/467/467 21/468/468
f 136/469/469 135/470/470 20/471/471
f 136/472/472 20/473/473 19/474/474
f 70/475/475 69/476/476 24/477/477
f 70/478/478 24/479/479 23/480/480
f 140/481/481 139/482/482 22/483/483
f 140/484/484 22/485/485 24/486/486
f 114/487/487 113/488/488 23/489/489
f 114/490/490 23/491/491 22/492/492
f 144/493/493 143/494/494 27/495/495
f 144/496/496 27/497/497 26/498/498
f 148/499/499 147/500/500 25/501/501
f 148/502/502 25/503/503 27/504/504
f 122/505/505 121/506/506 26/507/507
f 122/508/508 26/509/509 25/510/510
f 66/511/511 65/512/512 30/513/513
f 66/514/514 30/515/515 29/516/516
f 152/517/517 151/518/518 28/519/519
f 152/520/520 28/521/521 30/522/522
f 126/523/523 125/524/524 29/525/525
f 126/526/526 29/527/527 28/528/528
f 156/529/529 155/530/530 33/531/531
f 156/532/532 33/533/533 32/534/534
f 160/535/535 159/536/536 31/537/537
f 160/538/538 31/539/539 33/540/540
f 90/541/541 89/542/542 32/543/543
f 90/544/544 32/545/545 31/546/546
f 158/547/547 157/548/548 36/549/549
f 158/550/550 36/551/551 35/552/552
f 150/553/553 149/554/554 34/555/555
f 150/556/556 34/557/557 36/558/558
f 164/559/559 163/560/560 35/561/561
f 164/562/562 35/563/563 34/564/564
f 142/565/565 141/566/566 39/567/567
f 142/568/568 39/569/569 38/570/570
f 138/571/571 137/572/572 37/573/573
f 138/574/574 37/575/575 39/576/576
f 134/577/577 133/578/578 38/579/579
f 134/580/580 38/581/581 37/582/582
f 82/583/583 81/584/584 42/585/585
f 82/586/586 42/587/587 41/588/588
f 130/589/589 129/590/590 40/591/591
f 130/592/592 40/593/593 42/594/594
f 154/595/595 153/596/596 41/597/597
f 154/598/598 41/599/599 40/600/600
f 168/601/601 167/602/602 45/603/603
f 168/604/604 45/605/605 44/606/606
f 102/607/607 101/608/608 43/609/609
f 102/610/610 43/611/611 45/612/612
f 172/613/613 171/614/614 44/615/615
f 172/616/616 44/617/617 43/618/618
f 176/619/619 175/620/620 48/621/621
f 176/622/622 48/623/623 47/624/624
f 146/625/625 145/626/626 46/627/627
f 146/628/628 46/629/629 48/630/630
f 78/631/631 77/632/632 47/633/633
f 78/634/634 47/635/635 46/636/636
f 170/637/637 169/638/638 51/639/639
f 170/640/640 51/641/641 50/642/642
f 94/643/643 93/644/644 49/645/645
f 94/646/646 49/647/647 51/648/648
f 162/649/649 161/650/650 50/651/651
f 162/652/652 50/653/653 49/654/654
f 174/655/655 173/656/656 54/657/657
f 174/658/658 54/659/659 53/660/660
f 180/661/661 179/662/662 52/663/663
f 180/664/664 52/665/665 54/666/666
f 98/667/667 97/668/668 53/669/669
f 98/670/670 53/671/671 52/672/672
f 74/673/673 73/674/674 57/675/675
f 74/676/676 57/677/677 56/678/678
f 86/679/679 85/680/680 55/681/681
f 86/682/682 55/683/683 57/684/684
f 178/685/685 177/686/686 56/687/687
f 178/688/688 56/689/689 55/690/690
f 62/691/691 61/692/692 60/693/693
f 62/694/694 60/695/695 59/696/696
f 110/697/697 109/698/698 58/699/699
f 110/700/700 58/701/701 60/702/702
f 166/703/703 165/704/704 59/705/705
f 166/706/706 59/707/707 58/708/708
f 216/709/709 219/710/710 61/711/711
f 216/712/712 61/713/713 64/714/714
f 225/715/715 224/716/716 63/717/717
f 225/718/718 63/719/719 62/720/720
f 224/721/721 223/722/722 65/723/723
f 224/724/724 65/725/725 68/726/726
f 194/727/727 193/728/728 67/729/729
f 194/730/730 67/731/731 66/732/732
f 193/733/733 192/734/734 69/735/735
f 193/736/736 69/737/737 72/738/738
f 217/739/739 216/740/740 71/741/741
f 217/742/742 71/743/743 70/744/744
f 206/745/745 210/746/746 73/747/747
f 206/748/748 73/749/749 76/750/750
f 200/751/751 199/752/752 75/753/753
f 200/754/754 75/755/755 74/756/756
f 199/757/757 198/758/758 77/759/759
f 199/760/760 77/761/761 80/762/762
f 186/763/763 185/764/764 79/765/765
f 186/766/766 79/767/767 78/768/768
f 185/769/769 184/770/770 81/771/771
f 185/772/772 81/773/773 84/774/774
f 207/775/775 206/776/776 83/777/777
f 207/778/778 83/779/779 82/780/780
f 235/781/781 240/782/782 85/783/783
f 235/784/784 85/785/785 88/786/786
f 210/787/787 209/788/788 87/789/789
f 210/790/790 87/791/791 86/792/792
f 209/793/793 208/794/794 89/795/795
f 209/796/796 89/797/797 92/798/798
f 227/799/799 226/800/800 91/801/801
f 227/802/802 91/803/803 90/804/804
f 226/805/805 229/806/806 93/807/807
f 226/808/808 93/809/809 96/810/810
f 236/811/811 235/812/812 95/813/813
f 236/814/814 95/815/815 94/816/816
f 230/817/817 234/818/818 97/819/819
f 230/820/820 97/821/821 100/822/822
f 239/823/823 238/824/824 99/825/825
f 239/826/826 99/827/827 98/828/828
f 238/829/829 237/830/830 101/831/831
f 238/832/832 101/833/833 104/834/834
f 204/835/835 203/836/836 103/837/837
f 204/838/838 103/839/839 102/840/840
f 203/841/841 202/842/842 105/843/843
f 203/844/844 105/845/845 108/846/846
f 231/847/847 230/848/848 107/849/849
f 231/850/850 107/851/851 106/852/852
f 201/853/853 205/854/854 109/855/855
f 201/856/856 109/857/857 112/858/858
f 219/859/859 218/860/860 111/861/861
f 219/862/862 111/863/863 110/864/864
f 218/865/865 217/866/866 113/867/867
f 218/868/868 113/869/869 116/870/870
f 190/871/871 189/872/872 115/873/873
f 190/874/874 115/875/875 114/876/876
f 189/877/877 188/878/878 117/879/879
f 189/880/880 117/881/881 120/882/882
f 202/883/883 201/884/884 119/885/885
f 202/886/886 119/887/887 118/888/888
f 188/889/889 187/890/890 121/891/891
f 188/892/892 121/893/893 124/894/894
f 232/895/895 231/896/896 123/897/897
f 232/898/898 123/899/899 122/900/900
f 195/901/901 194/902/902 125/903/903
f 195/904/904 125/905/905 128/906/906
f 212/907/907 211/908/908 127/909/909
f 212/910/910 127/911/911 126/912/912
f 211/913/913 215/914/914 129/915/915
f 211/916/916 129/917/917 132/918/918
f 184/919/919 183/920/920 131/921/921
f 184/922/922 131/923/923 130/924/924
f 183/925/925 182/926/926 133/927/927
f 183/928/928 133/929/929 136/930/930
f 196/931/931 195/932/932 135/933/933
f 196/934/934 135/935/935 134/936/936
f 192/937/937 196/938/938 137/939/939
f 192/940/940 137/941/941 140/942/942
f 191/943/943 190/944/944 139/945/945
f 191/946/946 139/947/947 138/948/948
f 187/949/949 191/950/950 141/951/951
f 187/952/952 141/953/953 144/954/954
f 182/955/955 181/956/956 143/957/957
f 182/958/958 143/959/959 142/960/960
f 181/961/961 186/962/962 145/963/963
f 181/964/964 145/965/965 148/966/966
f 233/967/967 232/968/968 147/969/969
f 233/970/970 147/971/971 146/972/972
f 223/973/973 222/974/974 149/975/975
f 223/976/976 149/977/977 152/978/978
f 213/979/979 212/980/980 151/981/981
f 213/982/982 151/983/983 150/984/984
f 208/985/985 207/986/986 153/987/987
f 208/988/988 153/989/989 156/990/990
f 215/991/991 214/992/992 155/993/993
f 215/994/994 155/995/995 154/996/996
f 214/997/997 213/998/998 157/999/999
f 214/1000/1000 157/1001/1001 160/1002/1002
f 228/1003/1003 227/1004/1004 159/1005/1005
f 228/1006/1006 159/1007/1007 158/1008/1008
f 222/1009/1009 221/1010/1010 161/1011/1011
f 222/1012/1012 161/1013/1013 164/1014/1014
f 229/1015/1015 228/1016/1016 163/1017/1017
f 229/1018/1018 163/1019/1019 162/1020/1020
f 220/1021/1021 225/1022/1022 165/1023/1023
f 220/1024/1024 165/1025/1025 168/1026/1026
f 205/1027/1027 204/1028/1028 167/1029/1029
f 205/1030/1030 167/1031/1031 166/1032/1032
f 237/1033/1033 236/1034/1034 169/1035/1035
f 237/1036/1036 169/1037/1037 172/1038/1038
f 221/1039/1039 220/1040/1040 171/1041/1041
f 221/1042/1042 171/1043/1043 170/1044/1044
f 198/1045/1045 197/1046/1046 173/1047/1047
f 198/1048/1048 173/1049/1049 176/1050/1050
f 234/1051/1051 233/1052/1052 175/1053/1053
f 234/1054/1054 175/1055/1055 174/1056/1056
f 197/1057/1057 200/1058/1058 177/1059/1059
f 197/1060/1060 177/1061/1061 180/1062/1062
f 240/1063/1063 239/1064/1064 179/1065/1065
f 240/1066/1066 179/1067/1067 178/1068/1068
f 72/1069/1069 1/1070/1070 67/1071/1071
f 72/1072/1072 67/1073/1073 193/1074/1074
f 64/1075/1075 2/1076/1076 71/1077/1077
f 64/1078/1078 71/1079/1079 216/1080/1080
f 68/1081/1081 3/1082/1082 63/1083/1083
f 68/1084/1084 63/1085/1085 224/1086/1086
f 84/1087/1087 4/1088/1088 79/1089/1089
f 84/1090/1090 79/1091/1091 185/1092/1092
f 76/1093/1093 5/1094/1094 83/1095/1095
f 76/1096/1096 83/1097/1097 206/1098/1098
f 80/1099/1099 6/1100/1100 75/1101/1101
f 80/1102/1102 75/1103/1103 199/1104/1104
f 96/1105/1105 7/1106/1106 91/1107/1107
f 96/1108/1108 91/1109/1109 226/1110/1110
f 88/1111/1111 8/1112/1112 95/1113/1113
f 88/1114/1114 95/1115/1115 235/1116/1116
f 92/1117/1117 9/1118/1118 87/1119/1119
f 92/1120/1120 87/1121/1121 209/1122/1122
f 108/1123/1123 10/1124/1124 103/1125/1125
f 108/1126/1126 103/1127/1127 203/1128/1128
f 100/1129/1129 11/1130/1130 107/1131/1131
f 100/1132/1132 107/1133/1133 230/1134/1134
f 104/1135/1135 12/1136/1136 99/1137/1137
f 104/1138/1138 99/1139/1139 238/1140/1140
f 120/1141/1141 13/1142/1142 115/1143/1143
f 120/1144/1144 115/1145/1145 189/1146/1146
f 112/1147/1147 14/1148/1148 119/1149/1149
f 112/1150/1150 119/1151/1151 201/1152/1152
f 116/1153/1153 15/1154/1154 111/1155/1155
f 116/1156/1156 111/1157/1157 218/1158/1158
f 118/1159/1159 16/1160/1160 105/1161/1161
f 118/1162/1162 105/1163/1163 202/1164/1164
f 124/1165/1165 17/1166/1166 117/1167/1167
f 124/1168/1168 117/1169/1169 188/1170/1170
f 106/1171/1171 18/1172/1172 123/1173/1173
f 106/1174/1174 123/1175/1175 231/1176/1176
f 136/1177/1177 19/1178/1178 131/1179/1179
f 136/1180/1180 131/1181/1181 183/1182/1182
f 128/1183/1183 20/1184/1184 135/1185/1185
f 128/1186/1186 135/1187/1187 195/1188/1188
f 132/1189/1189 21/1190/1190 127/1191/1191
f 132/1192/1192 127/1193/1193 211/1194/1194
f 114/1195/1195 22/1196/1196 139/1197/1197
f 114/1198/1198 139/1199/1199 190/1200/1200
f 70/1201/1201 23/1202/1202 113/1203/1203
f 70/1204/1204 113/1205/1205 217/1206/1206
f 140/1207/1207 24/1208/1208 69/1209/1209
f 140/1210/1210 69/1211/1211 192/1212/1212
f 122/1213/1213 25/1214/1214 147/1215/1215
f 122/1216/1216 147/1217/1217 232/1218/1218
f 144/1219/1219 26/1220/1220 121/1221/1221
f 144/1222/1222 121/1223/1223 187/1224/1224
f 148/1225/1225 27/1226/1226 143/1227/1227
f 148/1228/1228 143/1229/1229 181/1230/1230
f 126/1231/1231 28/1232/1232 151/1233/1233
f 126/1234/1234 151/1235/1235 212/1236/1236
f 66/1237/1237 29/1238/1238 125/1239/1239
f 66/1240/1240 125/1241/1241 194/1242/1242
f 152/1243/1243 30/1244/1244 65/1245/1245
f 152/1246/1246 65/1247/1247 223/1248/1248
f 90/1249/1249 31/1250/1250 159/1251/1251
f 90/1252/1252 159/1253/1253 227/1254/1254
f 156/1255/1255 32/1256/1256 89/1257/1257
f 156/1258/1258 89/1259/1259 208/1260/1260
f 160/1261/1261 33/1262/1262 155/1263/1263
f 160/1264/1264 155/1265/1265 214/1266/1266
f 164/1267/1267 34/1268/1268 149/1269/1269
f 164/1270/1270 149/1271/1271 222/1272/1272
f 158/1273/1273 35/1274/1274 163/1275/1275
f 158/1276/1276 163/1277/1277 228/1278/1278
f 150/1279/1279 36/1280/1280 157/1281/1281
f 150/1282/1282 157/1283/1283 213/1284/1284
f 134/1285/1285 37/1286/1286 137/1287/1287
f 134/1288/1288 137/1289/1289 196/1290/1290
f 142/1291/1291 38/1292/1292 133/1293/1293
f 142/1294/1294 133/1295/1295 182/1296/1296
f 138/1297/1297 39/1298/1298 141/1299/1299
f 138/1300/1300 141/1301/1301 191/1302/1302
f 154/1303/1303 40/1304/1304 129/1305/1305
f 154/1306/1306 129/1307/1307 215/1308/1308
f 82/1309/1309 41/1310/1310 153/1311/1311
f 82/1312/1312 153/1313/1313 207/1314/1314
f 130/1315/1315 42/1316/1316 81/1317/1317
f 130/1318/1318 81/1319/1319 184/1320/1320
f 172/1321/1321 43/1322/1322 101/1323/1323
f 172/1324/1324 101/1325/1325 237/1326/1326
f 168/1327/1327 44/1328/1328 171/1329/1329
f 168/1330/1330 171/1331/1331 220/1332/1332
f 102/1333/1333 45/1334/1334 167/1335/1335
f 102/1336/1336 167/1337/1337 204/1338/1338
f 78/1339/1339 46/1340/1340 145/1341/1341
f 78/1342/1342 145/1343/1343 186/1344/1344
f 176/1345/1345 47/1346/1346 77/1347/1347
f 176/1348/1348 77/1349/1349 198/1350/1350
f 146/1351/1351 48/1352/1352 175/1353/1353
f 146/1354/1354 175/1355/1355 233/1356/1356
f 162/1357/1357 49/1358/1358 93/1359/1359
f 162/1360/1360 93/1361/1361 229/1362/1362
f 170/1363/1363 50/1364/1364 161/1365/1365
f 170/1366/1366 161/1367/1367 221/1368/1368
f 94/1369/1369 51/1370/1370 169/1371/1371
f 94/1372/1372 169/1373/1373 236/1374/1374
f 98/1375/1375 52/1376/1376 179/1377/1377
f 98/1378/1378 179/1379/1379 239/1380/1380
f 174/1381/1381 53/1382/1382 97/1383/1383
f 174/1384/1384 97/1385/1385 234/1386/1386
f 180/1387/1387 54/1388/1388 173/1389/1389
f 180/1390/1390 173/1391/1391 197/1392/1392
f 178/1393/1393 55/1394/1394 85/1395/1395
f 178/1396/1396 85/1397/1397 240/1398/1398
f 74/1399/1399 56/1400/1400 177/1401/1401
f 74/1402/1402 177/1403/1403 200/1404/1404
f 86/1405/1405 57/1406/1406 73/1407/1407
f 86/1408/1408 73/1409/1409 210/1410/1410
f 166/1411/1411 58/1412/1412 109/1413/1413
f 166/1414/1414 109/1415/1415 205/1416/1416
f 62/1417/1417 59/1418/1418 165/1419/1419
f 62/1420/1420 165/1421/1421 225/1422/1422
f 110/1423/1423 60/1424/1424 61/1425/1425
f 110/1426/1426 61/1427/1427 219/1428/1428
