v 7.111089 -19.077188 -24.240372
v 23.857590 15.410856 -24.240376
v 18.155436 -16.889149 -27.929087
v 28.968016 5.378473 -27.929089
v 13.443293 -14.601054 -33.198002
v 24.255875 7.666566 -33.198002
v 6.759840 -11.355740 -33.219658
v 17.572418 10.911880 -33.219658
v 2.020149 -9.054270 -27.981371
v 12.832727 13.213351 -27.981371
v 2.000666 -9.044809 -20.551657
v 12.813245 13.222810 -20.551661
v 6.712807 -11.332900 -15.282743
v 17.525385 10.934718 -15.282747
v 13.396261 -14.578215 -15.261086
v 24.208841 7.689407 -15.261086
v 18.135954 -16.879686 -20.499374
v 28.948532 5.387934 -20.499374
v 29.371027 9.497579 -27.338938
v 29.354679 9.505514 -21.097946
v 15.167633 -19.753145 -27.338936
v 15.151291 -19.745209 -21.097944
v 25.373373 11.438735 -16.697790
v 11.169981 -17.811989 -16.697790
v 19.759241 14.164812 -16.715960
v 5.555850 -15.085912 -16.715954
v 15.801047 16.086809 -21.141808
v 1.597655 -13.163916 -21.141806
v 15.817389 16.078873 -27.382803
v 1.613996 -13.171851 -27.382797
v 19.798700 14.145652 -31.782955
v 5.595305 -15.105071 -31.782955
v 25.412832 11.419575 -31.764788
v 11.209440 -17.831148 -31.764788
v 8.592331 -19.796444 -28.183170
v 10.666429 -20.803574 -25.864021
v 10.657866 -20.799414 -22.593739
v 5.650523 -18.367977 -28.192686
v 27.412926 13.684474 -25.864023
v 25.338833 14.691601 -28.183176
v 22.397026 16.120066 -28.192692
v 27.404369 13.688632 -22.593742
v 3.564312 -17.354967 -25.887005
v 20.310814 17.133080 -25.887005
v 3.555754 -17.350811 -22.616720
v 20.302254 17.137236 -22.616726
v 5.629848 -18.357939 -20.297571
v 22.376348 16.130108 -20.297575
v 8.571656 -19.786402 -20.288054
v 25.318159 14.701642 -20.288057
v -7.111082 -19.077194 -24.240372
v -23.857573 15.410851 -24.240383
v -18.155428 -16.889151 -27.929092
v -28.967999 5.378473 -27.929098
v -13.443283 -14.601058 -33.198006
v -24.255856 7.666564 -33.198009
v -6.759825 -11.355747 -33.219658
v -17.572397 10.911877 -33.219666
v -2.020134 -9.054277 -27.981369
v -12.832707 13.213345 -27.981375
v -2.000658 -9.044818 -20.551657
v -12.813231 13.222807 -20.551662
v -6.712802 -11.332908 -15.282744
v -17.525375 10.934714 -15.282750
v -13.396258 -14.578218 -15.261091
v -24.208832 7.689404 -15.261095
v -18.135948 -16.879692 -20.499380
v -28.948524 5.387934 -20.499386
v -29.371006 9.497579 -27.338949
v -29.354668 9.505514 -21.097956
v -15.167625 -19.753151 -27.338943
v -15.151285 -19.745214 -21.097946
v -25.373362 11.438733 -16.697800
v -11.169978 -17.811993 -16.697792
v -19.759226 14.164809 -16.715963
v -5.555844 -15.085917 -16.715954
v -15.801031 16.086803 -21.141813
v -1.597647 -13.163922 -21.141806
v -15.817371 16.078867 -27.382809
v -1.613986 -13.171858 -27.382797
v -19.798677 14.145648 -31.782961
v -5.595294 -15.105079 -31.782955
v -25.412811 11.419573 -31.764799
v -11.209430 -17.831154 -31.764791
v -8.592321 -19.796450 -28.183170
v -10.666421 -20.803579 -25.864023
v -10.657860 -20.799419 -22.593740
v -5.650514 -18.367987 -28.192686
v -27.412912 13.684474 -25.864035
v -25.338814 14.691600 -28.183186
v -22.397005 16.120064 -28.192701
v -27.404350 13.688629 -22.593750
v -3.564304 -17.354975 -25.887003
v -20.310795 17.133076 -25.887012
v -3.555747 -17.350821 -22.616720
v -20.302235 17.137232 -22.616732
v -5.629842 -18.357944 -20.297571
v -22.376333 16.130106 -20.297583
v -8.571651 -19.786411 -20.288055
v -25.318142 14.701640 -20.288065
v -7.111079 -19.077194 -45.090206
v -23.857571 15.410857 -45.090221
v -18.155424 -16.889149 -48.778923
v -28.967997 5.378476 -48.778934
v -13.443279 -14.601056 -54.047844
v -24.255850 7.666567 -54.047848
v -6.759822 -11.355744 -54.069489
v -17.572395 10.911880 -54.069500
v -2.020131 -9.054275 -48.831211
v -12.832705 13.213347 -48.831211
v -2.000655 -9.044815 -41.401493
v -12.813228 13.222810 -41.401501
v -6.712799 -11.332905 -36.132584
v -17.525373 10.934717 -36.132584
v -13.396255 -14.578216 -36.110928
v -24.208826 7.689407 -36.110931
v -18.135944 -16.879688 -41.349213
v -28.948519 5.387937 -41.349220
v -29.371004 9.497583 -48.188786
v -29.354668 9.505518 -41.947792
v -15.167622 -19.753151 -48.188778
v -15.151281 -19.745213 -41.947784
v -25.373362 11.438736 -37.547634
v -11.169975 -17.811989 -37.547630
v -19.759226 14.164812 -37.565800
v -5.555841 -15.085914 -37.565796
v -15.801029 16.086809 -41.991646
v -1.597643 -13.163919 -41.991646
v -15.817370 16.078871 -48.232643
v -1.613983 -13.171855 -48.232635
v -19.798676 14.145652 -52.632797
v -5.595291 -15.105077 -52.632790
v -25.412811 11.419576 -52.614635
v -11.209427 -17.831152 -52.614624
v -8.592319 -19.796448 -49.033005
v -10.666418 -20.803576 -46.713863
v -10.657858 -20.799416 -43.443577
v -5.650510 -18.367983 -49.042526
v -27.412909 13.684477 -46.713867
v -25.338810 14.691603 -49.033016
v -22.397001 16.120066 -49.042538
v -27.404346 13.688634 -43.443588
v -3.564301 -17.354973 -46.736839
v -20.310795 17.133080 -46.736847
v -3.555743 -17.350815 -43.466560
v -20.302233 17.137236 -43.466568
v -5.629841 -18.357943 -41.147411
v -22.376331 16.130108 -41.147419
v -8.571649 -19.786406 -41.137897
v -25.318138 14.701643 -41.137905
v -7.111076 -19.077188 -65.940071
v -23.857567 15.410859 -65.940079
v -18.155422 -16.889143 -69.628784
v -28.967993 5.378479 -69.628792
v -13.443277 -14.601051 -74.897705
v -24.255850 7.666570 -74.897705
v -6.759821 -11.355741 -74.919350
v -17.572393 10.911882 -74.919357
v -2.020128 -9.054272 -69.681061
v -12.832703 13.213352 -69.681076
v -2.000652 -9.044812 -62.251347
v -12.813225 13.222812 -62.251354
v -6.712796 -11.332902 -56.982433
v -17.525368 10.934720 -56.982441
v -13.396253 -14.578213 -56.960785
v -24.208820 7.689410 -56.960789
v -18.135942 -16.879686 -62.199074
v -28.948519 5.387939 -62.199081
v -29.371004 9.497584 -69.038635
v -29.354666 9.505521 -62.797653
v -15.167619 -19.753145 -69.038635
v -15.151279 -19.745209 -62.797638
v -25.373356 11.438741 -58.397491
v -11.169972 -17.811985 -58.397480
v -19.759224 14.164815 -58.415657
v -5.555840 -15.085912 -58.415657
v -15.801024 16.086811 -62.841503
v -1.597640 -13.163917 -62.841499
v -15.817367 16.078876 -69.082497
v -1.613983 -13.171852 -69.082497
v -19.798674 14.145655 -73.482658
v -5.595287 -15.105071 -73.482658
v -25.412807 11.419580 -73.464485
v -11.209424 -17.831146 -73.464485
v -8.592318 -19.796444 -69.882866
v -10.666415 -20.803572 -67.563721
v -10.657855 -20.799412 -64.293434
v -5.650507 -18.367977 -69.892380
v -27.412907 13.684480 -67.563721
v -25.338808 14.691607 -69.882874
v -22.396997 16.120070 -69.892387
v -27.404346 13.688638 -64.293442
v -3.564299 -17.354969 -67.586693
v -20.310793 17.133083 -67.586708
v -3.555740 -17.350811 -64.316414
v -20.302231 17.137241 -64.316422
v -5.629838 -18.357939 -61.997269
v -22.376328 16.130114 -61.997272
v -8.571645 -19.786402 -61.987755
v -25.318138 14.701648 -61.987755
v 7.111096 -19.077194 -65.940079
v 23.857595 15.410851 -65.940079
v 18.155441 -16.889154 -69.628792
v 28.968021 5.378468 -69.628792
v 13.443301 -14.601058 -74.897705
v 24.255880 7.666561 -74.897705
v 6.759845 -11.355746 -74.919357
v 17.572424 10.911874 -74.919365
v 2.020155 -9.054275 -69.681076
v 12.832733 13.213346 -69.681076
v 2.000672 -9.044815 -62.251358
v 12.813252 13.222807 -62.251358
v 6.712813 -11.332907 -56.982452
v 17.525391 10.934711 -56.982452
v 13.396268 -14.578220 -56.960789
v 24.208847 7.689401 -56.960796
v 18.135962 -16.879692 -62.199081
v 28.948540 5.387928 -62.199081
v 29.371033 9.497573 -69.038635
v 29.354691 9.505508 -62.797653
v 15.167640 -19.753151 -69.038635
v 15.151296 -19.745214 -62.797653
v 25.373379 11.438729 -58.397491
v 11.169988 -17.811993 -58.397491
v 19.759249 14.164806 -58.415665
v 5.555856 -15.085917 -58.415665
v 15.801054 16.086803 -62.841515
v 1.597661 -13.163921 -62.841503
v 15.817396 16.078867 -69.082504
v 1.614002 -13.171855 -69.082504
v 19.798706 14.145645 -73.482658
v 5.595311 -15.105077 -73.482658
v 25.412838 11.419571 -73.464485
v 11.209446 -17.831154 -73.464485
v 8.592338 -19.796450 -69.882874
v 10.666434 -20.803577 -67.563721
v 10.657871 -20.799417 -64.293442
v 5.650529 -18.367983 -69.892387
v 27.412935 13.684468 -67.563736
v 25.338839 14.691597 -69.882874
v 22.397032 16.120062 -69.892403
v 27.404375 13.688626 -64.293442
v 3.564319 -17.354969 -67.586708
v 20.310822 17.133074 -67.586716
v 3.555760 -17.350815 -64.316422
v 20.302259 17.137232 -64.316429
v 5.629854 -18.357943 -61.997284
v 22.376354 16.130102 -61.997284
v 8.571663 -19.786406 -61.987755
v 25.318165 14.701636 -61.987766
v 7.111092 -19.077198 -45.090202
v 23.857592 15.410847 -45.090206
v 18.155441 -16.889156 -48.778912
v 28.968018 5.378464 -48.778919
v 13.443298 -14.601061 -54.047829
v 24.255878 7.666556 -54.047840
v 6.759842 -11.355749 -54.069489
v 17.572422 10.911871 -54.069489
v 2.020152 -9.054279 -48.831200
v 12.832730 13.213342 -48.831200
v 2.000669 -9.044818 -41.401489
v 12.813250 13.222801 -41.401489
v 6.712810 -11.332911 -36.132572
v 17.525389 10.934709 -36.132580
v 13.396265 -14.578223 -36.110916
v 24.208847 7.689397 -36.110920
v 18.135958 -16.879696 -41.349209
v 28.948538 5.387925 -41.349209
v 29.371029 9.497570 -48.188774
v 29.354685 9.505506 -41.947777
v 15.167636 -19.753157 -48.188766
v 15.151294 -19.745218 -41.947777
v 25.373377 11.438725 -37.547623
v 11.169985 -17.811996 -37.547619
v 19.759245 14.164803 -37.565788
v 5.555852 -15.085918 -37.565784
v 15.801050 16.086798 -41.991638
v 1.597658 -13.163924 -41.991638
v 15.817391 16.078863 -48.232635
v 1.613999 -13.171861 -48.232632
v 19.798702 14.145642 -52.632790
v 5.595309 -15.105081 -52.632786
v 25.412834 11.419565 -52.614616
v 11.209443 -17.831158 -52.614616
v 8.592334 -19.796455 -49.033005
v 10.666432 -20.803579 -46.713852
v 10.657867 -20.799423 -43.443569
v 5.650526 -18.367989 -49.042519
v 27.412930 13.684464 -46.713860
v 25.338837 14.691592 -49.033005
v 22.397026 16.120058 -49.042526
v 27.404373 13.688622 -43.443573
v 3.564315 -17.354975 -46.736835
v 20.310818 17.133070 -46.736839
v 3.555757 -17.350821 -43.466549
v 20.302256 17.137226 -43.466560
v 5.629851 -18.357944 -41.147400
v 22.376354 16.130098 -41.147408
v 8.571660 -19.786411 -41.137882
v 25.318161 14.701632 -41.137886
v 0.000028 1.502660 -92.433968
v 4.065744 1.502661 -84.542496
v 4.065744 1.502661 -82.902061
v 2.874924 4.377558 -84.542496
v 2.874923 4.377558 -82.902061
v 0.000027 5.568380 -84.542496
v 0.000026 5.568380 -82.902061
v -2.874870 4.377559 -84.542496
v -2.874871 4.377560 -82.902061
v -4.065692 1.502662 -84.542496
v -4.065693 1.502662 -82.902061
v -2.874871 -1.372235 -84.542496
v -2.874872 -1.372235 -82.902061
v 0.000026 -2.563055 -84.542496
v 0.000025 -2.563057 -82.902061
v 2.874923 -1.372236 -84.542496
v 2.874923 -1.372236 -82.902061
v 5.446830 1.502672 -86.241356
v 3.851501 -2.348805 -86.241356
v 0.000037 -3.944140 -86.241356
v -3.851441 -2.348812 -86.241356
v -5.446775 1.502650 -86.241356
v -3.851449 5.354130 -86.241356
v 0.000016 6.949464 -86.241356
v 3.851494 5.354136 -86.241356
v 4.668006 6.170650 -90.954315
v 6.601555 1.502676 -90.954315
v 4.668016 -3.165316 -90.954315
v 0.000013 8.104188 -90.954315
v -4.667961 6.170639 -90.954315
v -6.601499 1.502647 -90.954315
v -4.667950 -3.165327 -90.954315
v 0.000042 -5.098864 -90.954315
v 4.882746 -3.380044 -96.927727
v 0.000044 -5.402535 -96.927727
v -4.882674 -3.380055 -96.927727
v 6.905226 1.502675 -96.927711
v -6.905168 1.502644 -96.927727
v -4.882688 6.385365 -96.927727
v 0.000013 8.407858 -96.927727
v 4.882734 6.385376 -96.927727
v 3.154254 4.656896 -92.433968
v 4.460784 1.502671 -92.433968
v 3.154262 -1.651565 -92.433968
v 0.000018 5.963417 -92.433968
v -3.154206 4.656887 -92.433968
v -4.460727 1.502651 -92.433968
v -3.154198 -1.651572 -92.433968
v 0.000038 -2.958094 -92.433968
v -18.498232 25.894562 -76.335197
v -19.254847 22.617748 -83.272583
v -19.975788 19.337831 -13.793208
v -31.686646 13.371161 -13.745195
v -24.614229 25.122028 -83.271660
v -28.401499 19.383211 -6.799022
v -28.451582 19.384600 -83.272583
v -19.975464 19.339710 -6.804406
v -26.250309 15.992393 -83.273972
v -19.980616 19.309690 -83.271683
v -18.515684 25.871702 -13.752304
v -26.279072 15.983319 -6.801473
v -34.647797 20.285717 -76.337074
v -31.683563 13.393045 -76.328156
v -34.636909 20.250172 -13.743574
v -19.258381 22.609562 -6.790765
v -24.613642 25.128531 -6.805786
v -27.216789 29.965670 -13.754543
v -27.193922 29.988535 -76.335197
v 4.152381 11.714236 -87.304260
v -2.804847 35.099964 -83.285774
v 7.200597 29.985807 -83.294060
v 1.620242 31.901909 -87.322403
v -7.206637 11.714239 -83.272484
v 7.206712 11.714236 -83.272469
v -7.200516 29.985809 -83.294067
v -4.160028 28.753660 -87.327179
v -4.152300 11.714237 -87.304260
v 2.804933 35.099964 -83.285774
v 4.160114 28.753658 -87.327179
v -1.620155 31.901909 -87.322403
v -10.733747 25.882734 -83.284126
v 7.200598 29.985807 -83.294060
v -15.819947 24.522036 -87.327179
v -11.501004 27.305485 -87.324791
v -18.479952 25.860123 -83.273460
v -19.980604 19.214506 -83.271683
v -16.843523 19.242605 -87.315727
v -12.033476 29.982168 -83.294067
v -14.279985 23.599514 -83.285316
v -7.200516 29.985809 -83.294067
v -15.014647 19.209290 -83.279587
v -7.185636 25.884222 -83.279404
v -7.218289 27.308466 -87.315361
v 15.014731 19.209286 -83.279579
v 7.185718 25.884218 -83.279404
v 10.733833 25.882729 -83.284119
v 7.218371 27.308462 -87.315361
v 15.820037 24.522030 -87.327171
v 11.501091 27.305485 -87.324783
v 18.480040 25.860117 -83.273460
v 19.980688 19.214500 -83.271675
v 16.843613 19.242599 -87.315712
v 12.033562 29.982168 -83.294060
v 14.280070 23.599508 -83.285309
v 18.498291 25.894556 -76.335190
v 19.254908 22.617743 -83.272583
v 19.975815 19.337826 -13.793201
v 31.686670 13.371152 -13.745172
v 24.614288 25.122023 -83.271660
v 28.401524 19.383200 -6.799005
v 28.451641 19.384590 -83.272575
v 19.975491 19.339706 -6.804398
v 26.250372 15.992383 -83.273956
v 19.980677 19.309683 -83.271683
v 18.515717 25.871695 -13.752295
v 26.279097 15.983311 -6.801457
v 34.647854 20.285706 -76.337051
v 31.683617 13.393036 -76.328148
v 34.636940 20.250162 -13.743550
v 19.258406 22.609554 -6.790757
v 24.613670 25.128523 -6.805777
v 27.216824 29.965660 -13.754530
v 27.193981 29.988523 -76.335190
v 10.274718 20.774460 -92.433968
v 14.340435 20.774460 -84.542496
v 14.340433 20.774466 -82.902061
v 13.149612 23.649361 -84.542496
v 13.149612 23.649361 -82.902061
v 10.274717 24.840179 -84.542496
v 10.274717 24.840179 -82.902061
v 7.399820 23.649361 -84.542496
v 7.399819 23.649361 -82.902061
v 6.208997 20.774466 -84.542496
v 6.208997 20.774466 -82.902061
v 7.399819 17.899567 -84.542496
v 7.399817 17.899567 -82.902061
v 10.274715 16.708746 -84.542496
v 10.274715 16.708746 -82.902061
v 13.149612 17.899563 -84.542496
v 13.149612 17.899563 -82.902061
v 15.721519 20.774475 -86.241356
v 14.126191 16.922997 -86.241356
v 10.274727 15.327662 -86.241356
v 6.423249 16.922991 -86.241356
v 4.827914 20.774454 -86.241356
v 6.423241 24.625933 -86.241356
v 10.274706 26.221268 -86.241356
v 14.126184 24.625940 -86.241356
v 14.942695 25.442451 -90.954315
v 16.876245 20.774477 -90.954315
v 14.942704 16.106487 -90.954315
v 10.274702 27.375988 -90.954315
v 5.606729 25.442442 -90.954315
v 3.673190 20.774446 -90.954315
v 5.606739 16.106474 -90.954315
v 10.274733 14.172938 -90.954315
v 15.157436 15.891757 -96.927727
v 10.274734 13.869266 -96.927727
v 5.392015 15.891747 -96.927727
v 17.179916 20.774477 -96.927727
v 3.369523 20.774446 -96.927727
v 5.392003 25.657166 -96.927727
v 10.274703 27.679659 -96.927727
v 15.157424 25.657177 -96.927727
v 13.428942 23.928696 -92.433968
v 14.735474 20.774471 -92.433968
v 13.428953 17.620235 -92.433968
v 10.274708 25.235220 -92.433968
v 7.120484 23.928686 -92.433968
v 5.813962 20.774454 -92.433968
v 7.120492 17.620228 -92.433968
v 10.274728 16.313709 -92.433968
v -10.274656 20.774483 -92.433968
v -6.208941 20.774483 -84.542503
v -6.208941 20.774485 -82.902077
v -7.399760 23.649382 -84.542503
v -7.399762 23.649382 -82.902077
v -10.274658 24.840202 -84.542503
v -10.274658 24.840202 -82.902077
v -13.149555 23.649382 -84.542503
v -13.149555 23.649382 -82.902077
v -14.340379 20.774485 -84.542503
v -14.340379 20.774485 -82.902077
v -13.149555 17.899588 -84.542503
v -13.149557 17.899588 -82.902077
v -10.274659 16.708769 -84.542503
v -10.274660 16.708767 -82.902077
v -7.399762 17.899588 -84.542503
v -7.399763 17.899588 -82.902077
v -4.827856 20.774496 -86.241356
v -6.423184 16.923018 -86.241356
v -10.274648 15.327682 -86.241356
v -14.126126 16.923014 -86.241356
v -15.721461 20.774475 -86.241371
v -14.126133 24.625954 -86.241371
v -10.274669 26.221291 -86.241371
v -6.423192 24.625959 -86.241356
v -5.606679 25.442474 -90.954323
v -3.673130 20.774500 -90.954323
v -5.606669 16.106506 -90.954323
v -10.274673 27.376009 -90.954323
v -14.942644 25.442463 -90.954330
v -16.876184 20.774469 -90.954323
v -14.942636 16.106493 -90.954323
v -10.274643 14.172959 -90.954323
v -5.391940 15.891780 -96.927727
v -10.274640 13.869288 -96.927727
v -15.157359 15.891768 -96.927727
v -3.369460 20.774500 -96.927727
v -17.179852 20.774469 -96.927734
v -15.157374 25.657192 -96.927734
v -10.274673 27.679682 -96.927734
v -5.391951 25.657200 -96.927734
v -7.120431 23.928719 -92.433968
v -5.813901 20.774494 -92.433968
v -7.120423 17.620258 -92.433968
v -10.274667 25.235241 -92.433968
v -13.428889 23.928709 -92.433968
v -14.735414 20.774475 -92.433968
v -13.428883 17.620251 -92.433968
v -10.274647 16.313728 -92.433968
v -9.057908 -26.030031 0.519834
v 12.033561 29.982155 -83.294044
v -2.804847 35.099945 -83.285774
v 2.080747 -3.292778 -4.587591
v 2.859778 35.128418 -13.760286
v 13.913279 19.210054 -83.273949
v 0.000015 -20.141005 -13.824311
v 7.200597 29.985798 -83.294044
v -2.026788 -19.121187 -4.598515
v -18.479954 25.860111 -83.273460
v -12.048540 29.968699 -13.750049
v -19.980608 19.309696 -83.271660
v -12.033476 29.982157 -83.294044
v -7.224992 30.016371 -13.826635
v -7.203802 26.689213 -4.631693
v -9.318790 11.736935 -4.589273
v 18.515722 25.871702 -13.752278
v -7.200516 29.985798 -83.294044
v -2.859731 35.128418 -13.760288
v -2.080717 -3.292778 -4.587591
v 7.225033 30.016371 -13.826632
v -13.928138 19.223577 -13.792890
v 0.000011 -26.680960 0.519836
v -13.913199 19.210056 -83.273949
v -1.398477 -22.136980 -13.723608
v -1.398465 -22.136990 -66.009766
v -19.975779 19.337841 -13.793190
v 9.318823 11.736932 -4.589271
v 7.203839 26.689211 -4.631691
v 2.064551 -3.315487 -83.271317
v -2.064476 -3.315487 -83.271317
v -2.072064 -3.292779 -13.759677
v -18.515682 25.871708 -13.752282
v 1.398525 -22.136990 -66.009766
v 9.057928 -26.030035 0.519837
v 2.804933 35.099941 -83.285774
v 2.072099 -3.292780 -13.759676
v 0.000030 -20.141014 -67.289345
v 1.398506 -22.136980 -13.723608
v 13.928178 19.223572 -13.792884
v 2.026813 -19.121187 -4.598514
v 19.975821 19.337835 -13.793184
v 18.480040 25.860106 -83.273445
v 12.048585 29.968699 -13.750046
v 19.980688 19.309690 -83.271660
v 0.000023 35.128418 -13.760286
v 0.000043 35.099945 -83.285774
vt 0.256769 0.076628
vt 0.228844 0.076627
vt 0.209293 0.076629
vt 0.253710 0.179644
vt 0.317155 0.179647
vt 0.317155 0.531650
vt 0.253710 0.179644
vt 0.317155 0.531650
vt 0.253710 0.531646
vt 0.096031 0.060451
vt 0.123957 0.060453
vt 0.076481 0.060453
vt 0.256884 0.076630
vt 0.256769 0.076628
vt 0.209293 0.076629
vt 0.317155 0.179647
vt 0.253710 0.179644
vt 0.253710 0.531646
vt 0.317155 0.179647
vt 0.253710 0.531646
vt 0.317155 0.531650
vt 0.123957 0.060453
vt 0.124072 0.060454
vt 0.076481 0.060453
vt 0.229121 0.076632
vt 0.256884 0.076630
vt 0.209293 0.076629
vt 0.164876 0.179655
vt 0.101431 0.179652
vt 0.101431 0.531654
vt 0.164876 0.179655
vt 0.101431 0.531654
vt 0.164876 0.531657
vt 0.124072 0.060454
vt 0.096308 0.060456
vt 0.076481 0.060453
vt 0.189742 0.076632
vt 0.229121 0.076632
vt 0.209293 0.076629
vt 0.129340 0.179655
vt 0.039876 0.179655
vt 0.039876 0.531657
vt 0.129340 0.179655
vt 0.039876 0.531657
vt 0.129340 0.531657
vt 0.096308 0.060456
vt 0.056930 0.060456
vt 0.076481 0.060453
vt 0.161817 0.076630
vt 0.189742 0.076632
vt 0.209293 0.076629
vt 0.101431 0.179652
vt 0.164876 0.179655
vt 0.164876 0.531657
vt 0.101431 0.179652
vt 0.164876 0.531657
vt 0.101431 0.531654
vt 0.056930 0.060456
vt 0.029004 0.060454
vt 0.076481 0.060453
vt 0.161702 0.076628
vt 0.161817 0.076630
vt 0.209293 0.076629
vt 0.164247 0.179644
vt 0.101171 0.179647
vt 0.101171 0.531650
vt 0.164247 0.179644
vt 0.101171 0.531650
vt 0.164247 0.531646
vt 0.029004 0.060454
vt 0.028890 0.060453
vt 0.076481 0.060453
vt 0.189465 0.076627
vt 0.161702 0.076628
vt 0.209293 0.076629
vt 0.101171 0.179647
vt 0.164247 0.179644
vt 0.164247 0.531646
vt 0.101171 0.179647
vt 0.164247 0.531646
vt 0.101171 0.531650
vt 0.028890 0.060453
vt 0.056653 0.060451
vt 0.076481 0.060453
vt 0.228844 0.076627
vt 0.189465 0.076627
vt 0.209293 0.076629
vt 0.164247 0.179644
vt 0.253710 0.179644
vt 0.253710 0.531646
vt 0.164247 0.179644
vt 0.253710 0.531646
vt 0.164247 0.531646
vt 0.056653 0.060451
vt 0.096031 0.060451
vt 0.076481 0.060453
vt 0.164247 0.531646
vt 0.253710 0.531646
vt 0.246604 0.590516
vt 0.164247 0.531646
vt 0.246604 0.590516
vt 0.171454 0.590516
vt 0.253710 0.179644
vt 0.164247 0.179644
vt 0.171454 0.120776
vt 0.253710 0.179644
vt 0.171454 0.120776
vt 0.246604 0.120776
vt 0.101171 0.531650
vt 0.164247 0.531646
vt 0.171454 0.590516
vt 0.101171 0.531650
vt 0.171454 0.590516
vt 0.118471 0.590519
vt 0.164247 0.179644
vt 0.101171 0.179647
vt 0.118470 0.120779
vt 0.164247 0.179644
vt 0.118470 0.120779
vt 0.171454 0.120776
vt 0.101431 0.531654
vt 0.101171 0.531650
vt 0.118471 0.590519
vt 0.101431 0.531654
vt 0.118471 0.590519
vt 0.118689 0.590523
vt 0.101171 0.179647
vt 0.101431 0.179652
vt 0.118689 0.120783
vt 0.101171 0.179647
vt 0.118689 0.120783
vt 0.118470 0.120779
vt 0.101431 0.531654
vt 0.101171 0.531650
vt 0.118471 0.590519
vt 0.101431 0.531654
vt 0.118471 0.590519
vt 0.118689 0.590523
vt 0.101431 0.179652
vt 0.164876 0.179655
vt 0.171982 0.120785
vt 0.101431 0.179652
vt 0.171982 0.120785
vt 0.118689 0.120783
vt 0.101431 0.531654
vt 0.101171 0.531650
vt 0.118471 0.590519
vt 0.101431 0.531654
vt 0.118471 0.590519
vt 0.118689 0.590523
vt 0.164876 0.179655
vt 0.254340 0.179655
vt 0.247132 0.120785
vt 0.164876 0.179655
vt 0.247132 0.120785
vt 0.171982 0.120785
vt 0.101431 0.531654
vt 0.101171 0.531650
vt 0.118471 0.590519
vt 0.101431 0.531654
vt 0.118471 0.590519
vt 0.118689 0.590523
vt 0.254340 0.179655
vt 0.317415 0.179652
vt 0.300116 0.120783
vt 0.254340 0.179655
vt 0.300116 0.120783
vt 0.247132 0.120785
vt 0.317155 0.531650
vt 0.253710 0.531646
vt 0.246604 0.590516
vt 0.317155 0.531650
vt 0.246604 0.590516
vt 0.299897 0.590519
vt 0.253710 0.179644
vt 0.317155 0.179647
vt 0.299897 0.120779
vt 0.253710 0.179644
vt 0.299897 0.120779
vt 0.246604 0.120776
vt 0.253710 0.531646
vt 0.317155 0.531650
vt 0.299897 0.590519
vt 0.253710 0.531646
vt 0.299897 0.590519
vt 0.246604 0.590516
vt 0.317155 0.179647
vt 0.253710 0.179644
vt 0.246604 0.120776
vt 0.317155 0.179647
vt 0.246604 0.120776
vt 0.299897 0.120779
vt 0.299897 0.120779
vt 0.246604 0.120776
vt 0.228844 0.076627
vt 0.299897 0.120779
vt 0.228844 0.076627
vt 0.256769 0.076628
vt 0.246604 0.120776
vt 0.171454 0.120776
vt 0.189465 0.076627
vt 0.246604 0.120776
vt 0.189465 0.076627
vt 0.228844 0.076627
vt 0.299897 0.120779
vt 0.246604 0.120776
vt 0.228844 0.076627
vt 0.299897 0.120779
vt 0.228844 0.076627
vt 0.256769 0.076628
vt 0.246604 0.590516
vt 0.299897 0.590519
vt 0.256770 0.634671
vt 0.246604 0.590516
vt 0.256770 0.634671
vt 0.228844 0.634670
vt 0.171454 0.590516
vt 0.118471 0.590519
vt 0.161702 0.634671
vt 0.171454 0.590516
vt 0.161702 0.634671
vt 0.189465 0.634670
vt 0.171454 0.590516
vt 0.246604 0.590516
vt 0.228844 0.634670
vt 0.171454 0.590516
vt 0.228844 0.634670
vt 0.189465 0.634670
vt 0.247132 0.120785
vt 0.300116 0.120783
vt 0.256884 0.076630
vt 0.247132 0.120785
vt 0.256884 0.076630
vt 0.229121 0.076632
vt 0.118689 0.590523
vt 0.118471 0.590519
vt 0.161702 0.634671
vt 0.118689 0.590523
vt 0.161702 0.634671
vt 0.161817 0.634673
vt 0.171982 0.120785
vt 0.247132 0.120785
vt 0.229121 0.076632
vt 0.171982 0.120785
vt 0.229121 0.076632
vt 0.189742 0.076632
vt 0.118689 0.590523
vt 0.118471 0.590519
vt 0.161702 0.634671
vt 0.118689 0.590523
vt 0.161702 0.634671
vt 0.161817 0.634673
vt 0.118689 0.120783
vt 0.171982 0.120785
vt 0.189742 0.076632
vt 0.118689 0.120783
vt 0.189742 0.076632
vt 0.161817 0.076630
vt 0.118689 0.590523
vt 0.118471 0.590519
vt 0.161702 0.634671
vt 0.118689 0.590523
vt 0.161702 0.634671
vt 0.161817 0.634673
vt 0.171454 0.120776
vt 0.118470 0.120779
vt 0.161702 0.076628
vt 0.171454 0.120776
vt 0.161702 0.076628
vt 0.189465 0.076627
vt 0.118689 0.590523
vt 0.118471 0.590519
vt 0.161702 0.634671
vt 0.118689 0.590523
vt 0.161702 0.634671
vt 0.161817 0.634673
vt 0.171454 0.120776
vt 0.118470 0.120779
vt 0.161702 0.076628
vt 0.171454 0.120776
vt 0.161702 0.076628
vt 0.189465 0.076627
vt 0.118471 0.590519
vt 0.171454 0.590516
vt 0.189465 0.634670
vt 0.118471 0.590519
vt 0.189465 0.634670
vt 0.161702 0.634671
vt 0.209293 0.076629
vt 0.228844 0.076627
vt 0.256769 0.076628
vt 0.253710 0.531646
vt 0.317155 0.531650
vt 0.317155 0.179647
vt 0.253710 0.531646
vt 0.317155 0.179647
vt 0.253710 0.179644
vt 0.076481 0.060453
vt 0.123957 0.060453
vt 0.096031 0.060451
vt 0.209293 0.076629
vt 0.256769 0.076628
vt 0.256884 0.076630
vt 0.317155 0.531650
vt 0.253710 0.531646
vt 0.253710 0.179644
vt 0.317155 0.531650
vt 0.253710 0.179644
vt 0.317155 0.179647
vt 0.076481 0.060453
vt 0.124072 0.060454
vt 0.123957 0.060453
vt 0.209293 0.076629
vt 0.256884 0.076630
vt 0.229121 0.076632
vt 0.164876 0.531657
vt 0.101431 0.531654
vt 0.101431 0.179652
vt 0.164876 0.531657
vt 0.101431 0.179652
vt 0.164876 0.179655
vt 0.076481 0.060453
vt 0.096308 0.060456
vt 0.124072 0.060454
vt 0.209293 0.076629
vt 0.229121 0.076632
vt 0.189742 0.076632
vt 0.129340 0.531657
vt 0.039876 0.531657
vt 0.039876 0.179655
vt 0.129340 0.531657
vt 0.039876 0.179655
vt 0.129340 0.179655
vt 0.076481 0.060453
vt 0.056930 0.060456
vt 0.096308 0.060456
vt 0.209293 0.076629
vt 0.189742 0.076632
vt 0.161817 0.076630
vt 0.101431 0.531654
vt 0.164876 0.531657
vt 0.164876 0.179655
vt 0.101431 0.531654
vt 0.164876 0.179655
vt 0.101431 0.179652
vt 0.076481 0.060453
vt 0.029004 0.060454
vt 0.056930 0.060456
vt 0.209293 0.076629
vt 0.161817 0.076630
vt 0.161702 0.076628
vt 0.164247 0.531646
vt 0.101171 0.531650
vt 0.101171 0.179647
vt 0.164247 0.531646
vt 0.101171 0.179647
vt 0.164247 0.179644
vt 0.076481 0.060453
vt 0.028890 0.060453
vt 0.029004 0.060454
vt 0.209293 0.076629
vt 0.161702 0.076628
vt 0.189465 0.076627
vt 0.101171 0.531650
vt 0.164247 0.531646
vt 0.164247 0.179644
vt 0.101171 0.531650
vt 0.164247 0.179644
vt 0.101171 0.179647
vt 0.076481 0.060453
vt 0.056653 0.060451
vt 0.028890 0.060453
vt 0.209293 0.076629
vt 0.189465 0.076627
vt 0.228844 0.076627
vt 0.164247 0.531646
vt 0.253710 0.531646
vt 0.253710 0.179644
vt 0.164247 0.531646
vt 0.253710 0.179644
vt 0.164247 0.179644
vt 0.076481 0.060453
vt 0.096031 0.060451
vt 0.056653 0.060451
vt 0.171454 0.590516
vt 0.246604 0.590516
vt 0.253710 0.531646
vt 0.171454 0.590516
vt 0.253710 0.531646
vt 0.164247 0.531646
vt 0.246604 0.120776
vt 0.171454 0.120776
vt 0.164247 0.179644
vt 0.246604 0.120776
vt 0.164247 0.179644
vt 0.253710 0.179644
vt 0.118471 0.590519
vt 0.171454 0.590516
vt 0.164247 0.531646
vt 0.118471 0.590519
vt 0.164247 0.531646
vt 0.101171 0.531650
vt 0.171454 0.120776
vt 0.118470 0.120779
vt 0.101171 0.179647
vt 0.171454 0.120776
vt 0.101171 0.179647
vt 0.164247 0.179644
vt 0.118689 0.590523
vt 0.118471 0.590519
vt 0.101171 0.531650
vt 0.118689 0.590523
vt 0.101171 0.531650
vt 0.101431 0.531654
vt 0.118470 0.120779
vt 0.118689 0.120783
vt 0.101431 0.179652
vt 0.118470 0.120779
vt 0.101431 0.179652
vt 0.101171 0.179647
vt 0.118689 0.590523
vt 0.118471 0.590519
vt 0.101171 0.531650
vt 0.118689 0.590523
vt 0.101171 0.531650
vt 0.101431 0.531654
vt 0.118689 0.120783
vt 0.171982 0.120785
vt 0.164876 0.179655
vt 0.118689 0.120783
vt 0.164876 0.179655
vt 0.101431 0.179652
vt 0.118689 0.590523
vt 0.118471 0.590519
vt 0.101171 0.531650
vt 0.118689 0.590523
vt 0.101171 0.531650
vt 0.101431 0.531654
vt 0.171982 0.120785
vt 0.247132 0.120785
vt 0.254340 0.179655
vt 0.171982 0.120785
vt 0.254340 0.179655
vt 0.164876 0.179655
vt 0.118689 0.590523
vt 0.118471 0.590519
vt 0.101171 0.531650
vt 0.118689 0.590523
vt 0.101171 0.531650
vt 0.101431 0.531654
vt 0.247132 0.120785
vt 0.300116 0.120783
vt 0.317415 0.179652
vt 0.247132 0.120785
vt 0.317415 0.179652
vt 0.254340 0.179655
vt 0.299897 0.590519
vt 0.246604 0.590516
vt 0.253710 0.531646
vt 0.299897 0.590519
vt 0.253710 0.531646
vt 0.317155 0.531650
vt 0.246604 0.120776
vt 0.299897 0.120779
vt 0.317155 0.179647
vt 0.246604 0.120776
vt 0.317155 0.179647
vt 0.253710 0.179644
vt 0.246604 0.590516
vt 0.299897 0.590519
vt 0.317155 0.531650
vt 0.246604 0.590516
vt 0.317155 0.531650
vt 0.253710 0.531646
vt 0.299897 0.120779
vt 0.246604 0.120776
vt 0.253710 0.179644
vt 0.299897 0.120779
vt 0.253710 0.179644
vt 0.317155 0.179647
vt 0.256769 0.076628
vt 0.228844 0.076627
vt 0.246604 0.120776
vt 0.256769 0.076628
vt 0.246604 0.120776
vt 0.299897 0.120779
vt 0.228844 0.076627
vt 0.189465 0.076627
vt 0.171454 0.120776
vt 0.228844 0.076627
vt 0.171454 0.120776
vt 0.246604 0.120776
vt 0.256769 0.076628
vt 0.228844 0.076627
vt 0.246604 0.120776
vt 0.256769 0.076628
vt 0.246604 0.120776
vt 0.299897 0.120779
vt 0.228844 0.634670
vt 0.256770 0.634671
vt 0.299897 0.590519
vt 0.228844 0.634670
vt 0.299897 0.590519
vt 0.246604 0.590516
vt 0.189465 0.634670
vt 0.161702 0.634671
vt 0.118471 0.590519
vt 0.189465 0.634670
vt 0.118471 0.590519
vt 0.171454 0.590516
vt 0.189465 0.634670
vt 0.228844 0.634670
vt 0.246604 0.590516
vt 0.189465 0.634670
vt 0.246604 0.590516
vt 0.171454 0.590516
vt 0.229121 0.076632
vt 0.256884 0.076630
vt 0.300116 0.120783
vt 0.229121 0.076632
vt 0.300116 0.120783
vt 0.247132 0.120785
vt 0.161817 0.634673
vt 0.161702 0.634671
vt 0.118471 0.590519
vt 0.161817 0.634673
vt 0.118471 0.590519
vt 0.118689 0.590523
vt 0.189742 0.076632
vt 0.229121 0.076632
vt 0.247132 0.120785
vt 0.189742 0.076632
vt 0.247132 0.120785
vt 0.171982 0.120785
vt 0.161817 0.634673
vt 0.161702 0.634671
vt 0.118471 0.590519
vt 0.161817 0.634673
vt 0.118471 0.590519
vt 0.118689 0.590523
vt 0.161817 0.076630
vt 0.189742 0.076632
vt 0.171982 0.120785
vt 0.161817 0.076630
vt 0.171982 0.120785
vt 0.118689 0.120783
vt 0.161817 0.634673
vt 0.161702 0.634671
vt 0.118471 0.590519
vt 0.161817 0.634673
vt 0.118471 0.590519
vt 0.118689 0.590523
vt 0.189465 0.076627
vt 0.161702 0.076628
vt 0.118470 0.120779
vt 0.189465 0.076627
vt 0.118470 0.120779
vt 0.171454 0.120776
vt 0.161817 0.634673
vt 0.161702 0.634671
vt 0.118471 0.590519
vt 0.161817 0.634673
vt 0.118471 0.590519
vt 0.118689 0.590523
vt 0.189465 0.076627
vt 0.161702 0.076628
vt 0.118470 0.120779
vt 0.189465 0.076627
vt 0.118470 0.120779
vt 0.171454 0.120776
vt 0.161702 0.634671
vt 0.189465 0.634670
vt 0.171454 0.590516
vt 0.161702 0.634671
vt 0.171454 0.590516
vt 0.118471 0.590519
vt 0.209293 0.076629
vt 0.228844 0.076627
vt 0.256769 0.076628
vt 0.253710 0.531646
vt 0.317155 0.531650
vt 0.317155 0.179647
vt 0.253710 0.531646
vt 0.317155 0.179647
vt 0.253710 0.179644
vt 0.076481 0.060453
vt 0.123957 0.060453
vt 0.096031 0.060451
vt 0.209293 0.076629
vt 0.256769 0.076628
vt 0.256884 0.076630
vt 0.317155 0.531650
vt 0.253710 0.531646
vt 0.253710 0.179644
vt 0.317155 0.531650
vt 0.253710 0.179644
vt 0.317155 0.179647
vt 0.076481 0.060453
vt 0.124072 0.060454
vt 0.123957 0.060453
vt 0.209293 0.076629
vt 0.256884 0.076630
vt 0.229121 0.076632
vt 0.164876 0.531657
vt 0.101431 0.531654
vt 0.101431 0.179652
vt 0.164876 0.531657
vt 0.101431 0.179652
vt 0.164876 0.179655
vt 0.076481 0.060453
vt 0.096308 0.060456
vt 0.124072 0.060454
vt 0.209293 0.076629
vt 0.229121 0.076632
vt 0.189742 0.076632
vt 0.129340 0.531657
vt 0.039876 0.531657
vt 0.039876 0.179655
vt 0.129340 0.531657
vt 0.039876 0.179655
vt 0.129340 0.179655
vt 0.076481 0.060453
vt 0.056930 0.060456
vt 0.096308 0.060456
vt 0.209293 0.076629
vt 0.189742 0.076632
vt 0.161817 0.076630
vt 0.101431 0.531654
vt 0.164876 0.531657
vt 0.164876 0.179655
vt 0.101431 0.531654
vt 0.164876 0.179655
vt 0.101431 0.179652
vt 0.076481 0.060453
vt 0.029004 0.060454
vt 0.056930 0.060456
vt 0.209293 0.076629
vt 0.161817 0.076630
vt 0.161702 0.076628
vt 0.164247 0.531646
vt 0.101171 0.531650
vt 0.101171 0.179647
vt 0.164247 0.531646
vt 0.101171 0.179647
vt 0.164247 0.179644
vt 0.076481 0.060453
vt 0.028890 0.060453
vt 0.029004 0.060454
vt 0.209293 0.076629
vt 0.161702 0.076628
vt 0.189465 0.076627
vt 0.101171 0.531650
vt 0.164247 0.531646
vt 0.164247 0.179644
vt 0.101171 0.531650
vt 0.164247 0.179644
vt 0.101171 0.179647
vt 0.076481 0.060453
vt 0.056653 0.060451
vt 0.028890 0.060453
vt 0.209293 0.076629
vt 0.189465 0.076627
vt 0.228844 0.076627
vt 0.164247 0.531646
vt 0.253710 0.531646
vt 0.253710 0.179644
vt 0.164247 0.531646
vt 0.253710 0.179644
vt 0.164247 0.179644
vt 0.076481 0.060453
vt 0.096031 0.060451
vt 0.056653 0.060451
vt 0.171454 0.590516
vt 0.246604 0.590516
vt 0.253710 0.531646
vt 0.171454 0.590516
vt 0.253710 0.531646
vt 0.164247 0.531646
vt 0.246604 0.120776
vt 0.171454 0.120776
vt 0.164247 0.179644
vt 0.246604 0.120776
vt 0.164247 0.179644
vt 0.253710 0.179644
vt 0.118471 0.590519
vt 0.171454 0.590516
vt 0.164247 0.531646
vt 0.118471 0.590519
vt 0.164247 0.531646
vt 0.101171 0.531650
vt 0.171454 0.120776
vt 0.118470 0.120779
vt 0.101171 0.179647
vt 0.171454 0.120776
vt 0.101171 0.179647
vt 0.164247 0.179644
vt 0.118689 0.590523
vt 0.118471 0.590519
vt 0.101171 0.531650
vt 0.118689 0.590523
vt 0.101171 0.531650
vt 0.101431 0.531654
vt 0.118470 0.120779
vt 0.118689 0.120783
vt 0.101431 0.179652
vt 0.118470 0.120779
vt 0.101431 0.179652
vt 0.101171 0.179647
vt 0.118689 0.590523
vt 0.118471 0.590519
vt 0.101171 0.531650
vt 0.118689 0.590523
vt 0.101171 0.531650
vt 0.101431 0.531654
vt 0.118689 0.120783
vt 0.171982 0.120785
vt 0.164876 0.179655
vt 0.118689 0.120783
vt 0.164876 0.179655
vt 0.101431 0.179652
vt 0.118689 0.590523
vt 0.118471 0.590519
vt 0.101171 0.531650
vt 0.118689 0.590523
vt 0.101171 0.531650
vt 0.101431 0.531654
vt 0.171982 0.120785
vt 0.247132 0.120785
vt 0.254340 0.179655
vt 0.171982 0.120785
vt 0.254340 0.179655
vt 0.164876 0.179655
vt 0.118689 0.590523
vt 0.118471 0.590519
vt 0.101171 0.531650
vt 0.118689 0.590523
vt 0.101171 0.531650
vt 0.101431 0.531654
vt 0.247132 0.120785
vt 0.300116 0.120783
vt 0.317415 0.179652
vt 0.247132 0.120785
vt 0.317415 0.179652
vt 0.254340 0.179655
vt 0.299897 0.590519
vt 0.246604 0.590516
vt 0.253710 0.531646
vt 0.299897 0.590519
vt 0.253710 0.531646
vt 0.317155 0.531650
vt 0.246604 0.120776
vt 0.299897 0.120779
vt 0.317155 0.179647
vt 0.246604 0.120776
vt 0.317155 0.179647
vt 0.253710 0.179644
vt 0.246604 0.590516
vt 0.299897 0.590519
vt 0.317155 0.531650
vt 0.246604 0.590516
vt 0.317155 0.531650
vt 0.253710 0.531646
vt 0.299897 0.120779
vt 0.246604 0.120776
vt 0.253710 0.179644
vt 0.299897 0.120779
vt 0.253710 0.179644
vt 0.317155 0.179647
vt 0.256769 0.076628
vt 0.228844 0.076627
vt 0.246604 0.120776
vt 0.256769 0.076628
vt 0.246604 0.120776
vt 0.299897 0.120779
vt 0.228844 0.076627
vt 0.189465 0.076627
vt 0.171454 0.120776
vt 0.228844 0.076627
vt 0.171454 0.120776
vt 0.246604 0.120776
vt 0.256769 0.076628
vt 0.228844 0.076627
vt 0.246604 0.120776
vt 0.256769 0.076628
vt 0.246604 0.120776
vt 0.299897 0.120779
vt 0.228844 0.634670
vt 0.256770 0.634671
vt 0.299897 0.590519
vt 0.228844 0.634670
vt 0.299897 0.590519
vt 0.246604 0.590516
vt 0.189465 0.634670
vt 0.161702 0.634671
vt 0.118471 0.590519
vt 0.189465 0.634670
vt 0.118471 0.590519
vt 0.171454 0.590516
vt 0.189465 0.634670
vt 0.228844 0.634670
vt 0.246604 0.590516
vt 0.189465 0.634670
vt 0.246604 0.590516
vt 0.171454 0.590516
vt 0.229121 0.076632
vt 0.256884 0.076630
vt 0.300116 0.120783
vt 0.229121 0.076632
vt 0.300116 0.120783
vt 0.247132 0.120785
vt 0.161817 0.634673
vt 0.161702 0.634671
vt 0.118471 0.590519
vt 0.161817 0.634673
vt 0.118471 0.590519
vt 0.118689 0.590523
vt 0.189742 0.076632
vt 0.229121 0.076632
vt 0.247132 0.120785
vt 0.189742 0.076632
vt 0.247132 0.120785
vt 0.171982 0.120785
vt 0.161817 0.634673
vt 0.161702 0.634671
vt 0.118471 0.590519
vt 0.161817 0.634673
vt 0.118471 0.590519
vt 0.118689 0.590523
vt 0.161817 0.076630
vt 0.189742 0.076632
vt 0.171982 0.120785
vt 0.161817 0.076630
vt 0.171982 0.120785
vt 0.118689 0.120783
vt 0.161817 0.634673
vt 0.161702 0.634671
vt 0.118471 0.590519
vt 0.161817 0.634673
vt 0.118471 0.590519
vt 0.118689 0.590523
vt 0.189465 0.076627
vt 0.161702 0.076628
vt 0.118470 0.120779
vt 0.189465 0.076627
vt 0.118470 0.120779
vt 0.171454 0.120776
vt 0.161817 0.634673
vt 0.161702 0.634671
vt 0.118471 0.590519
vt 0.161817 0.634673
vt 0.118471 0.590519
vt 0.118689 0.590523
vt 0.189465 0.076627
vt 0.161702 0.076628
vt 0.118470 0.120779
vt 0.189465 0.076627
vt 0.118470 0.120779
vt 0.171454 0.120776
vt 0.161702 0.634671
vt 0.189465 0.634670
vt 0.171454 0.590516
vt 0.161702 0.634671
vt 0.171454 0.590516
vt 0.118471 0.590519
vt 0.209293 0.076629
vt 0.228844 0.076627
vt 0.256769 0.076628
vt 0.253710 0.531646
vt 0.317155 0.531650
vt 0.317155 0.179647
vt 0.253710 0.531646
vt 0.317155 0.179647
vt 0.253710 0.179644
vt 0.076481 0.060453
vt 0.123957 0.060453
vt 0.096031 0.060451
vt 0.209293 0.076629
vt 0.256769 0.076628
vt 0.256884 0.076630
vt 0.317155 0.531650
vt 0.253710 0.531646
vt 0.253710 0.179644
vt 0.317155 0.531650
vt 0.253710 0.179644
vt 0.317155 0.179647
vt 0.076481 0.060453
vt 0.124072 0.060454
vt 0.123957 0.060453
vt 0.209293 0.076629
vt 0.256884 0.076630
vt 0.229121 0.076632
vt 0.164876 0.531657
vt 0.101431 0.531654
vt 0.101431 0.179652
vt 0.164876 0.531657
vt 0.101431 0.179652
vt 0.164876 0.179655
vt 0.076481 0.060453
vt 0.096308 0.060456
vt 0.124072 0.060454
vt 0.209293 0.076629
vt 0.229121 0.076632
vt 0.189742 0.076632
vt 0.129340 0.531657
vt 0.039876 0.531657
vt 0.039876 0.179655
vt 0.129340 0.531657
vt 0.039876 0.179655
vt 0.129340 0.179655
vt 0.076481 0.060453
vt 0.056930 0.060456
vt 0.096308 0.060456
vt 0.209293 0.076629
vt 0.189742 0.076632
vt 0.161817 0.076630
vt 0.101431 0.531654
vt 0.164876 0.531657
vt 0.164876 0.179655
vt 0.101431 0.531654
vt 0.164876 0.179655
vt 0.101431 0.179652
vt 0.076481 0.060453
vt 0.029004 0.060454
vt 0.056930 0.060456
vt 0.209293 0.076629
vt 0.161817 0.076630
vt 0.161702 0.076628
vt 0.164247 0.531646
vt 0.101171 0.531650
vt 0.101171 0.179647
vt 0.164247 0.531646
vt 0.101171 0.179647
vt 0.164247 0.179644
vt 0.076481 0.060453
vt 0.028890 0.060453
vt 0.029004 0.060454
vt 0.209293 0.076629
vt 0.161702 0.076628
vt 0.189465 0.076627
vt 0.101171 0.531650
vt 0.164247 0.531646
vt 0.164247 0.179644
vt 0.101171 0.531650
vt 0.164247 0.179644
vt 0.101171 0.179647
vt 0.076481 0.060453
vt 0.056653 0.060451
vt 0.028890 0.060453
vt 0.209293 0.076629
vt 0.189465 0.076627
vt 0.228844 0.076627
vt 0.164247 0.531646
vt 0.253710 0.531646
vt 0.253710 0.179644
vt 0.164247 0.531646
vt 0.253710 0.179644
vt 0.164247 0.179644
vt 0.076481 0.060453
vt 0.096031 0.060451
vt 0.056653 0.060451
vt 0.171454 0.590516
vt 0.246604 0.590516
vt 0.253710 0.531646
vt 0.171454 0.590516
vt 0.253710 0.531646
vt 0.164247 0.531646
vt 0.246604 0.120776
vt 0.171454 0.120776
vt 0.164247 0.179644
vt 0.246604 0.120776
vt 0.164247 0.179644
vt 0.253710 0.179644
vt 0.118471 0.590519
vt 0.171454 0.590516
vt 0.164247 0.531646
vt 0.118471 0.590519
vt 0.164247 0.531646
vt 0.101171 0.531650
vt 0.171454 0.120776
vt 0.118470 0.120779
vt 0.101171 0.179647
vt 0.171454 0.120776
vt 0.101171 0.179647
vt 0.164247 0.179644
vt 0.118689 0.590523
vt 0.118471 0.590519
vt 0.101171 0.531650
vt 0.118689 0.590523
vt 0.101171 0.531650
vt 0.101431 0.531654
vt 0.118470 0.120779
vt 0.118689 0.120783
vt 0.101431 0.179652
vt 0.118470 0.120779
vt 0.101431 0.179652
vt 0.101171 0.179647
vt 0.118689 0.590523
vt 0.118471 0.590519
vt 0.101171 0.531650
vt 0.118689 0.590523
vt 0.101171 0.531650
vt 0.101431 0.531654
vt 0.118689 0.120783
vt 0.171982 0.120785
vt 0.164876 0.179655
vt 0.118689 0.120783
vt 0.164876 0.179655
vt 0.101431 0.179652
vt 0.118689 0.590523
vt 0.118471 0.590519
vt 0.101171 0.531650
vt 0.118689 0.590523
vt 0.101171 0.531650
vt 0.101431 0.531654
vt 0.171982 0.120785
vt 0.247132 0.120785
vt 0.254340 0.179655
vt 0.171982 0.120785
vt 0.254340 0.179655
vt 0.164876 0.179655
vt 0.118689 0.590523
vt 0.118471 0.590519
vt 0.101171 0.531650
vt 0.118689 0.590523
vt 0.101171 0.531650
vt 0.101431 0.531654
vt 0.247132 0.120785
vt 0.300116 0.120783
vt 0.317415 0.179652
vt 0.247132 0.120785
vt 0.317415 0.179652
vt 0.254340 0.179655
vt 0.299897 0.590519
vt 0.246604 0.590516
vt 0.253710 0.531646
vt 0.299897 0.590519
vt 0.253710 0.531646
vt 0.317155 0.531650
vt 0.246604 0.120776
vt 0.299897 0.120779
vt 0.317155 0.179647
vt 0.246604 0.120776
vt 0.317155 0.179647
vt 0.253710 0.179644
vt 0.246604 0.590516
vt 0.299897 0.590519
vt 0.317155 0.531650
vt 0.246604 0.590516
vt 0.317155 0.531650
vt 0.253710 0.531646
vt 0.299897 0.120779
vt 0.246604 0.120776
vt 0.253710 0.179644
vt 0.299897 0.120779
vt 0.253710 0.179644
vt 0.317155 0.179647
vt 0.256769 0.076628
vt 0.228844 0.076627
vt 0.246604 0.120776
vt 0.256769 0.076628
vt 0.246604 0.120776
vt 0.299897 0.120779
vt 0.228844 0.076627
vt 0.189465 0.076627
vt 0.171454 0.120776
vt 0.228844 0.076627
vt 0.171454 0.120776
vt 0.246604 0.120776
vt 0.256769 0.076628
vt 0.228844 0.076627
vt 0.246604 0.120776
vt 0.256769 0.076628
vt 0.246604 0.120776
vt 0.299897 0.120779
vt 0.228844 0.634670
vt 0.256770 0.634671
vt 0.299897 0.590519
vt 0.228844 0.634670
vt 0.299897 0.590519
vt 0.246604 0.590516
vt 0.189465 0.634670
vt 0.161702 0.634671
vt 0.118471 0.590519
vt 0.189465 0.634670
vt 0.118471 0.590519
vt 0.171454 0.590516
vt 0.189465 0.634670
vt 0.228844 0.634670
vt 0.246604 0.590516
vt 0.189465 0.634670
vt 0.246604 0.590516
vt 0.171454 0.590516
vt 0.229121 0.076632
vt 0.256884 0.076630
vt 0.300116 0.120783
vt 0.229121 0.076632
vt 0.300116 0.120783
vt 0.247132 0.120785
vt 0.161817 0.634673
vt 0.161702 0.634671
vt 0.118471 0.590519
vt 0.161817 0.634673
vt 0.118471 0.590519
vt 0.118689 0.590523
vt 0.189742 0.076632
vt 0.229121 0.076632
vt 0.247132 0.120785
vt 0.189742 0.076632
vt 0.247132 0.120785
vt 0.171982 0.120785
vt 0.161817 0.634673
vt 0.161702 0.634671
vt 0.118471 0.590519
vt 0.161817 0.634673
vt 0.118471 0.590519
vt 0.118689 0.590523
vt 0.161817 0.076630
vt 0.189742 0.076632
vt 0.171982 0.120785
vt 0.161817 0.076630
vt 0.171982 0.120785
vt 0.118689 0.120783
vt 0.161817 0.634673
vt 0.161702 0.634671
vt 0.118471 0.590519
vt 0.161817 0.634673
vt 0.118471 0.590519
vt 0.118689 0.590523
vt 0.189465 0.076627
vt 0.161702 0.076628
vt 0.118470 0.120779
vt 0.189465 0.076627
vt 0.118470 0.120779
vt 0.171454 0.120776
vt 0.161817 0.634673
vt 0.161702 0.634671
vt 0.118471 0.590519
vt 0.161817 0.634673
vt 0.118471 0.590519
vt 0.118689 0.590523
vt 0.189465 0.076627
vt 0.161702 0.076628
vt 0.118470 0.120779
vt 0.189465 0.076627
vt 0.118470 0.120779
vt 0.171454 0.120776
vt 0.161702 0.634671
vt 0.189465 0.634670
vt 0.171454 0.590516
vt 0.161702 0.634671
vt 0.171454 0.590516
vt 0.118471 0.590519
vt 0.256769 0.076628
vt 0.228844 0.076627
vt 0.209293 0.076629
vt 0.253710 0.179644
vt 0.317155 0.179647
vt 0.317155 0.531650
vt 0.253710 0.179644
vt 0.317155 0.531650
vt 0.253710 0.531646
vt 0.096031 0.060451
vt 0.123957 0.060453
vt 0.076481 0.060453
vt 0.256884 0.076630
vt 0.256769 0.076628
vt 0.209293 0.076629
vt 0.317155 0.179647
vt 0.253710 0.179644
vt 0.253710 0.531646
vt 0.317155 0.179647
vt 0.253710 0.531646
vt 0.317155 0.531650
vt 0.123957 0.060453
vt 0.124072 0.060454
vt 0.076481 0.060453
vt 0.229121 0.076632
vt 0.256884 0.076630
vt 0.209293 0.076629
vt 0.164876 0.179655
vt 0.101431 0.179652
vt 0.101431 0.531654
vt 0.164876 0.179655
vt 0.101431 0.531654
vt 0.164876 0.531657
vt 0.124072 0.060454
vt 0.096308 0.060456
vt 0.076481 0.060453
vt 0.189742 0.076632
vt 0.229121 0.076632
vt 0.209293 0.076629
vt 0.129340 0.179655
vt 0.039876 0.179655
vt 0.039876 0.531657
vt 0.129340 0.179655
vt 0.039876 0.531657
vt 0.129340 0.531657
vt 0.096308 0.060456
vt 0.056930 0.060456
vt 0.076481 0.060453
vt 0.161817 0.076630
vt 0.189742 0.076632
vt 0.209293 0.076629
vt 0.101431 0.179652
vt 0.164876 0.179655
vt 0.164876 0.531657
vt 0.101431 0.179652
vt 0.164876 0.531657
vt 0.101431 0.531654
vt 0.056930 0.060456
vt 0.029004 0.060454
vt 0.076481 0.060453
vt 0.161702 0.076628
vt 0.161817 0.076630
vt 0.209293 0.076629
vt 0.164247 0.179644
vt 0.101171 0.179647
vt 0.101171 0.531650
vt 0.164247 0.179644
vt 0.101171 0.531650
vt 0.164247 0.531646
vt 0.029004 0.060454
vt 0.028890 0.060453
vt 0.076481 0.060453
vt 0.189465 0.076627
vt 0.161702 0.076628
vt 0.209293 0.076629
vt 0.101171 0.179647
vt 0.164247 0.179644
vt 0.164247 0.531646
vt 0.101171 0.179647
vt 0.164247 0.531646
vt 0.101171 0.531650
vt 0.028890 0.060453
vt 0.056653 0.060451
vt 0.076481 0.060453
vt 0.228844 0.076627
vt 0.189465 0.076627
vt 0.209293 0.076629
vt 0.164247 0.179644
vt 0.253710 0.179644
vt 0.253710 0.531646
vt 0.164247 0.179644
vt 0.253710 0.531646
vt 0.164247 0.531646
vt 0.056653 0.060451
vt 0.096031 0.060451
vt 0.076481 0.060453
vt 0.164247 0.531646
vt 0.253710 0.531646
vt 0.246604 0.590516
vt 0.164247 0.531646
vt 0.246604 0.590516
vt 0.171454 0.590516
vt 0.253710 0.179644
vt 0.164247 0.179644
vt 0.171454 0.120776
vt 0.253710 0.179644
vt 0.171454 0.120776
vt 0.246604 0.120776
vt 0.101171 0.531650
vt 0.164247 0.531646
vt 0.171454 0.590516
vt 0.101171 0.531650
vt 0.171454 0.590516
vt 0.118471 0.590519
vt 0.164247 0.179644
vt 0.101171 0.179647
vt 0.118470 0.120779
vt 0.164247 0.179644
vt 0.118470 0.120779
vt 0.171454 0.120776
vt 0.101431 0.531654
vt 0.101171 0.531650
vt 0.118471 0.590519
vt 0.101431 0.531654
vt 0.118471 0.590519
vt 0.118689 0.590523
vt 0.101171 0.179647
vt 0.101431 0.179652
vt 0.118689 0.120783
vt 0.101171 0.179647
vt 0.118689 0.120783
vt 0.118470 0.120779
vt 0.101431 0.531654
vt 0.101171 0.531650
vt 0.118471 0.590519
vt 0.101431 0.531654
vt 0.118471 0.590519
vt 0.118689 0.590523
vt 0.101431 0.179652
vt 0.164876 0.179655
vt 0.171982 0.120785
vt 0.101431 0.179652
vt 0.171982 0.120785
vt 0.118689 0.120783
vt 0.101431 0.531654
vt 0.101171 0.531650
vt 0.118471 0.590519
vt 0.101431 0.531654
vt 0.118471 0.590519
vt 0.118689 0.590523
vt 0.164876 0.179655
vt 0.254340 0.179655
vt 0.247132 0.120785
vt 0.164876 0.179655
vt 0.247132 0.120785
vt 0.171982 0.120785
vt 0.101431 0.531654
vt 0.101171 0.531650
vt 0.118471 0.590519
vt 0.101431 0.531654
vt 0.118471 0.590519
vt 0.118689 0.590523
vt 0.254340 0.179655
vt 0.317415 0.179652
vt 0.300116 0.120783
vt 0.254340 0.179655
vt 0.300116 0.120783
vt 0.247132 0.120785
vt 0.317155 0.531650
vt 0.253710 0.531646
vt 0.246604 0.590516
vt 0.317155 0.531650
vt 0.246604 0.590516
vt 0.299897 0.590519
vt 0.253710 0.179644
vt 0.317155 0.179647
vt 0.299897 0.120779
vt 0.253710 0.179644
vt 0.299897 0.120779
vt 0.246604 0.120776
vt 0.253710 0.531646
vt 0.317155 0.531650
vt 0.299897 0.590519
vt 0.253710 0.531646
vt 0.299897 0.590519
vt 0.246604 0.590516
vt 0.317155 0.179647
vt 0.253710 0.179644
vt 0.246604 0.120776
vt 0.317155 0.179647
vt 0.246604 0.120776
vt 0.299897 0.120779
vt 0.299897 0.120779
vt 0.246604 0.120776
vt 0.228844 0.076627
vt 0.299897 0.120779
vt 0.228844 0.076627
vt 0.256769 0.076628
vt 0.246604 0.120776
vt 0.171454 0.120776
vt 0.189465 0.076627
vt 0.246604 0.120776
vt 0.189465 0.076627
vt 0.228844 0.076627
vt 0.299897 0.120779
vt 0.246604 0.120776
vt 0.228844 0.076627
vt 0.299897 0.120779
vt 0.228844 0.076627
vt 0.256769 0.076628
vt 0.246604 0.590516
vt 0.299897 0.590519
vt 0.256770 0.634671
vt 0.246604 0.590516
vt 0.256770 0.634671
vt 0.228844 0.634670
vt 0.171454 0.590516
vt 0.118471 0.590519
vt 0.161702 0.634671
vt 0.171454 0.590516
vt 0.161702 0.634671
vt 0.189465 0.634670
vt 0.171454 0.590516
vt 0.246604 0.590516
vt 0.228844 0.634670
vt 0.171454 0.590516
vt 0.228844 0.634670
vt 0.189465 0.634670
vt 0.247132 0.120785
vt 0.300116 0.120783
vt 0.256884 0.076630
vt 0.247132 0.120785
vt 0.256884 0.076630
vt 0.229121 0.076632
vt 0.118689 0.590523
vt 0.118471 0.590519
vt 0.161702 0.634671
vt 0.118689 0.590523
vt 0.161702 0.634671
vt 0.161817 0.634673
vt 0.171982 0.120785
vt 0.247132 0.120785
vt 0.229121 0.076632
vt 0.171982 0.120785
vt 0.229121 0.076632
vt 0.189742 0.076632
vt 0.118689 0.590523
vt 0.118471 0.590519
vt 0.161702 0.634671
vt 0.118689 0.590523
vt 0.161702 0.634671
vt 0.161817 0.634673
vt 0.118689 0.120783
vt 0.171982 0.120785
vt 0.189742 0.076632
vt 0.118689 0.120783
vt 0.189742 0.076632
vt 0.161817 0.076630
vt 0.118689 0.590523
vt 0.118471 0.590519
vt 0.161702 0.634671
vt 0.118689 0.590523
vt 0.161702 0.634671
vt 0.161817 0.634673
vt 0.171454 0.120776
vt 0.118470 0.120779
vt 0.161702 0.076628
vt 0.171454 0.120776
vt 0.161702 0.076628
vt 0.189465 0.076627
vt 0.118689 0.590523
vt 0.118471 0.590519
vt 0.161702 0.634671
vt 0.118689 0.590523
vt 0.161702 0.634671
vt 0.161817 0.634673
vt 0.171454 0.120776
vt 0.118470 0.120779
vt 0.161702 0.076628
vt 0.171454 0.120776
vt 0.161702 0.076628
vt 0.189465 0.076627
vt 0.118471 0.590519
vt 0.171454 0.590516
vt 0.189465 0.634670
vt 0.118471 0.590519
vt 0.189465 0.634670
vt 0.161702 0.634671
vt 0.256769 0.076628
vt 0.228844 0.076627
vt 0.209293 0.076629
vt 0.253710 0.179644
vt 0.317155 0.179647
vt 0.317155 0.531650
vt 0.253710 0.179644
vt 0.317155 0.531650
vt 0.253710 0.531646
vt 0.096031 0.060451
vt 0.123957 0.060453
vt 0.076481 0.060453
vt 0.256884 0.076630
vt 0.256769 0.076628
vt 0.209293 0.076629
vt 0.317155 0.179647
vt 0.253710 0.179644
vt 0.253710 0.531646
vt 0.317155 0.179647
vt 0.253710 0.531646
vt 0.317155 0.531650
vt 0.123957 0.060453
vt 0.124072 0.060454
vt 0.076481 0.060453
vt 0.229121 0.076632
vt 0.256884 0.076630
vt 0.209293 0.076629
vt 0.164876 0.179655
vt 0.101431 0.179652
vt 0.101431 0.531654
vt 0.164876 0.179655
vt 0.101431 0.531654
vt 0.164876 0.531657
vt 0.124072 0.060454
vt 0.096308 0.060456
vt 0.076481 0.060453
vt 0.189742 0.076632
vt 0.229121 0.076632
vt 0.209293 0.076629
vt 0.129340 0.179655
vt 0.039876 0.179655
vt 0.039876 0.531657
vt 0.129340 0.179655
vt 0.039876 0.531657
vt 0.129340 0.531657
vt 0.096308 0.060456
vt 0.056930 0.060456
vt 0.076481 0.060453
vt 0.161817 0.076630
vt 0.189742 0.076632
vt 0.209293 0.076629
vt 0.101431 0.179652
vt 0.164876 0.179655
vt 0.164876 0.531657
vt 0.101431 0.179652
vt 0.164876 0.531657
vt 0.101431 0.531654
vt 0.056930 0.060456
vt 0.029004 0.060454
vt 0.076481 0.060453
vt 0.161702 0.076628
vt 0.161817 0.076630
vt 0.209293 0.076629
vt 0.164247 0.179644
vt 0.101171 0.179647
vt 0.101171 0.531650
vt 0.164247 0.179644
vt 0.101171 0.531650
vt 0.164247 0.531646
vt 0.029004 0.060454
vt 0.028890 0.060453
vt 0.076481 0.060453
vt 0.189465 0.076627
vt 0.161702 0.076628
vt 0.209293 0.076629
vt 0.101171 0.179647
vt 0.164247 0.179644
vt 0.164247 0.531646
vt 0.101171 0.179647
vt 0.164247 0.531646
vt 0.101171 0.531650
vt 0.028890 0.060453
vt 0.056653 0.060451
vt 0.076481 0.060453
vt 0.228844 0.076627
vt 0.189465 0.076627
vt 0.209293 0.076629
vt 0.164247 0.179644
vt 0.253710 0.179644
vt 0.253710 0.531646
vt 0.164247 0.179644
vt 0.253710 0.531646
vt 0.164247 0.531646
vt 0.056653 0.060451
vt 0.096031 0.060451
vt 0.076481 0.060453
vt 0.164247 0.531646
vt 0.253710 0.531646
vt 0.246604 0.590516
vt 0.164247 0.531646
vt 0.246604 0.590516
vt 0.171454 0.590516
vt 0.253710 0.179644
vt 0.164247 0.179644
vt 0.171454 0.120776
vt 0.253710 0.179644
vt 0.171454 0.120776
vt 0.246604 0.120776
vt 0.101171 0.531650
vt 0.164247 0.531646
vt 0.171454 0.590516
vt 0.101171 0.531650
vt 0.171454 0.590516
vt 0.118471 0.590519
vt 0.164247 0.179644
vt 0.101171 0.179647
vt 0.118470 0.120779
vt 0.164247 0.179644
vt 0.118470 0.120779
vt 0.171454 0.120776
vt 0.101431 0.531654
vt 0.101171 0.531650
vt 0.118471 0.590519
vt 0.101431 0.531654
vt 0.118471 0.590519
vt 0.118689 0.590523
vt 0.101171 0.179647
vt 0.101431 0.179652
vt 0.118689 0.120783
vt 0.101171 0.179647
vt 0.118689 0.120783
vt 0.118470 0.120779
vt 0.101431 0.531654
vt 0.101171 0.531650
vt 0.118471 0.590519
vt 0.101431 0.531654
vt 0.118471 0.590519
vt 0.118689 0.590523
vt 0.101431 0.179652
vt 0.164876 0.179655
vt 0.171982 0.120785
vt 0.101431 0.179652
vt 0.171982 0.120785
vt 0.118689 0.120783
vt 0.101431 0.531654
vt 0.101171 0.531650
vt 0.118471 0.590519
vt 0.101431 0.531654
vt 0.118471 0.590519
vt 0.118689 0.590523
vt 0.164876 0.179655
vt 0.254340 0.179655
vt 0.247132 0.120785
vt 0.164876 0.179655
vt 0.247132 0.120785
vt 0.171982 0.120785
vt 0.101431 0.531654
vt 0.101171 0.531650
vt 0.118471 0.590519
vt 0.101431 0.531654
vt 0.118471 0.590519
vt 0.118689 0.590523
vt 0.254340 0.179655
vt 0.317415 0.179652
vt 0.300116 0.120783
vt 0.254340 0.179655
vt 0.300116 0.120783
vt 0.247132 0.120785
vt 0.317155 0.531650
vt 0.253710 0.531646
vt 0.246604 0.590516
vt 0.317155 0.531650
vt 0.246604 0.590516
vt 0.299897 0.590519
vt 0.253710 0.179644
vt 0.317155 0.179647
vt 0.299897 0.120779
vt 0.253710 0.179644
vt 0.299897 0.120779
vt 0.246604 0.120776
vt 0.253710 0.531646
vt 0.317155 0.531650
vt 0.299897 0.590519
vt 0.253710 0.531646
vt 0.299897 0.590519
vt 0.246604 0.590516
vt 0.317155 0.179647
vt 0.253710 0.179644
vt 0.246604 0.120776
vt 0.317155 0.179647
vt 0.246604 0.120776
vt 0.299897 0.120779
vt 0.299897 0.120779
vt 0.246604 0.120776
vt 0.228844 0.076627
vt 0.299897 0.120779
vt 0.228844 0.076627
vt 0.256769 0.076628
vt 0.246604 0.120776
vt 0.171454 0.120776
vt 0.189465 0.076627
vt 0.246604 0.120776
vt 0.189465 0.076627
vt 0.228844 0.076627
vt 0.299897 0.120779
vt 0.246604 0.120776
vt 0.228844 0.076627
vt 0.299897 0.120779
vt 0.228844 0.076627
vt 0.256769 0.076628
vt 0.246604 0.590516
vt 0.299897 0.590519
vt 0.256770 0.634671
vt 0.246604 0.590516
vt 0.256770 0.634671
vt 0.228844 0.634670
vt 0.171454 0.590516
vt 0.118471 0.590519
vt 0.161702 0.634671
vt 0.171454 0.590516
vt 0.161702 0.634671
vt 0.189465 0.634670
vt 0.171454 0.590516
vt 0.246604 0.590516
vt 0.228844 0.634670
vt 0.171454 0.590516
vt 0.228844 0.634670
vt 0.189465 0.634670
vt 0.247132 0.120785
vt 0.300116 0.120783
vt 0.256884 0.076630
vt 0.247132 0.120785
vt 0.256884 0.076630
vt 0.229121 0.076632
vt 0.118689 0.590523
vt 0.118471 0.590519
vt 0.161702 0.634671
vt 0.118689 0.590523
vt 0.161702 0.634671
vt 0.161817 0.634673
vt 0.171982 0.120785
vt 0.247132 0.120785
vt 0.229121 0.076632
vt 0.171982 0.120785
vt 0.229121 0.076632
vt 0.189742 0.076632
vt 0.118689 0.590523
vt 0.118471 0.590519
vt 0.161702 0.634671
vt 0.118689 0.590523
vt 0.161702 0.634671
vt 0.161817 0.634673
vt 0.118689 0.120783
vt 0.171982 0.120785
vt 0.189742 0.076632
vt 0.118689 0.120783
vt 0.189742 0.076632
vt 0.161817 0.076630
vt 0.118689 0.590523
vt 0.118471 0.590519
vt 0.161702 0.634671
vt 0.118689 0.590523
vt 0.161702 0.634671
vt 0.161817 0.634673
vt 0.171454 0.120776
vt 0.118470 0.120779
vt 0.161702 0.076628
vt 0.171454 0.120776
vt 0.161702 0.076628
vt 0.189465 0.076627
vt 0.118689 0.590523
vt 0.118471 0.590519
vt 0.161702 0.634671
vt 0.118689 0.590523
vt 0.161702 0.634671
vt 0.161817 0.634673
vt 0.171454 0.120776
vt 0.118470 0.120779
vt 0.161702 0.076628
vt 0.171454 0.120776
vt 0.161702 0.076628
vt 0.189465 0.076627
vt 0.118471 0.590519
vt 0.171454 0.590516
vt 0.189465 0.634670
vt 0.118471 0.590519
vt 0.189465 0.634670
vt 0.161702 0.634671
vt 0.935522 0.161106
vt 0.935522 0.108558
vt 0.935522 0.108557
vt 0.861521 0.436682
vt 0.861521 0.484578
vt 0.843702 0.484578
vt 0.861521 0.436682
vt 0.843702 0.484578
vt 0.843702 0.436682
vt 0.564585 0.382488
vt 0.768229 0.381510
vt 0.734538 0.563411
vt 0.564585 0.382488
vt 0.734538 0.563411
vt 0.597280 0.563411
vt 0.935522 0.182873
vt 0.935522 0.161106
vt 0.935522 0.108557
vt 0.861521 0.484578
vt 0.861521 0.504417
vt 0.843702 0.504417
vt 0.861521 0.484578
vt 0.843702 0.504417
vt 0.843702 0.484578
vt 0.564585 0.382488
vt 0.768229 0.381510
vt 0.734538 0.563411
vt 0.564585 0.382488
vt 0.734538 0.563411
vt 0.597280 0.563411
vt 0.935522 0.161106
vt 0.935522 0.182873
vt 0.935522 0.108557
vt 0.861521 0.504417
vt 0.861521 0.484578
vt 0.843702 0.484578
vt 0.861521 0.504417
vt 0.843702 0.484578
vt 0.843702 0.504417
vt 0.564585 0.382488
vt 0.768229 0.381510
vt 0.734538 0.563411
vt 0.564585 0.382488
vt 0.734538 0.563411
vt 0.597280 0.563411
vt 0.935522 0.108557
vt 0.935522 0.161106
vt 0.935522 0.108557
vt 0.861521 0.484578
vt 0.861521 0.436682
vt 0.843702 0.436682
vt 0.861521 0.484578
vt 0.843702 0.436682
vt 0.843702 0.484578
vt 0.564585 0.382488
vt 0.768229 0.381510
vt 0.734538 0.563411
vt 0.564585 0.382488
vt 0.734538 0.563411
vt 0.597280 0.563411
vt 0.935522 0.056009
vt 0.935522 0.108557
vt 0.935522 0.108557
vt 0.861521 0.436682
vt 0.861521 0.388787
vt 0.843702 0.388787
vt 0.861521 0.436682
vt 0.843702 0.388787
vt 0.843702 0.436682
vt 0.564585 0.382488
vt 0.768229 0.381510
vt 0.734538 0.563411
vt 0.564585 0.382488
vt 0.734538 0.563411
vt 0.597280 0.563411
vt 0.935522 0.034242
vt 0.935522 0.056009
vt 0.935522 0.108557
vt 0.861521 0.388787
vt 0.861521 0.368948
vt 0.843702 0.368948
vt 0.861521 0.388787
vt 0.843702 0.368948
vt 0.843702 0.388787
vt 0.564585 0.382488
vt 0.768229 0.381510
vt 0.734538 0.563411
vt 0.564585 0.382488
vt 0.734538 0.563411
vt 0.597280 0.563411
vt 0.935522 0.056009
vt 0.935522 0.034242
vt 0.935522 0.108557
vt 0.861521 0.368948
vt 0.861521 0.388787
vt 0.843702 0.388787
vt 0.861521 0.368948
vt 0.843702 0.388787
vt 0.843702 0.368948
vt 0.564585 0.382488
vt 0.768229 0.381510
vt 0.734538 0.563411
vt 0.564585 0.382488
vt 0.734538 0.563411
vt 0.597280 0.563411
vt 0.935522 0.108558
vt 0.935522 0.056009
vt 0.935522 0.108557
vt 0.861521 0.388787
vt 0.861521 0.436682
vt 0.843702 0.436682
vt 0.861521 0.388787
vt 0.843702 0.436682
vt 0.843702 0.388787
vt 0.564585 0.382488
vt 0.768229 0.381510
vt 0.734538 0.563411
vt 0.564585 0.382488
vt 0.734538 0.563411
vt 0.597280 0.563411
vt 0.861521 0.436682
vt 0.861521 0.388787
vt 0.879975 0.372518
vt 0.861521 0.436682
vt 0.879975 0.372518
vt 0.879975 0.436683
vt 0.861521 0.396600
vt 0.861521 0.376761
vt 0.879975 0.353752
vt 0.861521 0.396600
vt 0.879975 0.353752
vt 0.879975 0.380330
vt 0.861521 0.376761
vt 0.861521 0.396600
vt 0.879975 0.380330
vt 0.861521 0.376761
vt 0.879975 0.380330
vt 0.879975 0.353752
vt 0.861521 0.388787
vt 0.861521 0.436682
vt 0.879975 0.436682
vt 0.861521 0.388787
vt 0.879975 0.436682
vt 0.879975 0.372518
vt 0.861521 0.436682
vt 0.861521 0.484578
vt 0.879975 0.500847
vt 0.861521 0.436682
vt 0.879975 0.500847
vt 0.879975 0.436682
vt 0.861521 0.476765
vt 0.861521 0.496604
vt 0.879975 0.519613
vt 0.861521 0.476765
vt 0.879975 0.519613
vt 0.879975 0.493035
vt 0.861521 0.496604
vt 0.861521 0.476765
vt 0.879975 0.493035
vt 0.861521 0.496604
vt 0.879975 0.493035
vt 0.879975 0.519613
vt 0.861521 0.484578
vt 0.861521 0.436682
vt 0.879975 0.436683
vt 0.861521 0.484578
vt 0.879975 0.436683
vt 0.879975 0.500847
vt 0.879975 0.500847
vt 0.879975 0.436683
vt 0.931168 0.436683
vt 0.879975 0.500847
vt 0.931168 0.436683
vt 0.931168 0.514450
vt 0.879975 0.436683
vt 0.879975 0.372518
vt 0.931168 0.358915
vt 0.879975 0.436683
vt 0.931168 0.358915
vt 0.931168 0.436683
vt 0.879975 0.519613
vt 0.879975 0.493035
vt 0.931168 0.510544
vt 0.879975 0.519613
vt 0.931168 0.510544
vt 0.931168 0.542756
vt 0.879975 0.493035
vt 0.879975 0.519613
vt 0.931168 0.542756
vt 0.879975 0.493035
vt 0.931168 0.542756
vt 0.931168 0.510544
vt 0.879975 0.436682
vt 0.879975 0.500847
vt 0.931168 0.514450
vt 0.879975 0.436682
vt 0.931168 0.514450
vt 0.931168 0.436682
vt 0.879975 0.372518
vt 0.879975 0.436682
vt 0.931168 0.436682
vt 0.879975 0.372518
vt 0.931168 0.436682
vt 0.931168 0.358915
vt 0.879975 0.353752
vt 0.879975 0.380330
vt 0.931168 0.362821
vt 0.879975 0.353752
vt 0.931168 0.362821
vt 0.931168 0.330609
vt 0.879975 0.380330
vt 0.879975 0.353752
vt 0.931168 0.330609
vt 0.879975 0.380330
vt 0.931168 0.330609
vt 0.931168 0.362821
vt 0.931168 0.362821
vt 0.931168 0.330609
vt 0.996053 0.321643
vt 0.931168 0.362821
vt 0.996053 0.321643
vt 0.996053 0.355338
vt 0.931168 0.330609
vt 0.931168 0.362821
vt 0.996053 0.355337
vt 0.931168 0.330609
vt 0.996053 0.355337
vt 0.996053 0.321643
vt 0.931168 0.436683
vt 0.931168 0.358915
vt 0.996053 0.355338
vt 0.931168 0.436683
vt 0.996053 0.355338
vt 0.996053 0.436683
vt 0.931168 0.358915
vt 0.931168 0.436682
vt 0.996053 0.436682
vt 0.931168 0.358915
vt 0.996053 0.436682
vt 0.996053 0.355337
vt 0.931168 0.436682
vt 0.931168 0.514450
vt 0.996053 0.518027
vt 0.931168 0.436682
vt 0.996053 0.518027
vt 0.996053 0.436682
vt 0.931168 0.510544
vt 0.931168 0.542756
vt 0.996053 0.551722
vt 0.931168 0.510544
vt 0.996053 0.551722
vt 0.996053 0.518027
vt 0.931168 0.542756
vt 0.931168 0.510544
vt 0.996053 0.518028
vt 0.931168 0.542756
vt 0.996053 0.518028
vt 0.996053 0.551722
vt 0.931168 0.514450
vt 0.931168 0.436683
vt 0.996053 0.436683
vt 0.931168 0.514450
vt 0.996053 0.436683
vt 0.996053 0.518028
vt 0.863756 0.678170
vt 0.863731 0.733732
vt 0.105839 0.734203
vt 0.863756 0.678170
vt 0.105839 0.734203
vt 0.105315 0.634266
vt 0.863756 0.678170
vt 0.105315 0.634266
vt 0.787988 0.634633
vt 0.849219 0.742188
vt 0.742188 0.742188
vt 0.818750 0.682813
vt 0.809375 0.817969
vt 0.849219 0.742188
vt 0.742188 0.742188
vt 0.093596 0.638172
vt 0.029571 0.678017
vt 0.029544 0.734963
vt 0.093596 0.638172
vt 0.029544 0.734963
vt 0.093578 0.749484
vt 0.029544 0.734963
vt 0.064062 0.678906
vt 0.166406 0.734375
vt 0.029618 0.831193
vt 0.093698 0.908305
vt 0.093578 0.749484
vt 0.029618 0.831193
vt 0.093578 0.749484
vt 0.029544 0.734963
vt 0.787988 0.634633
vt 0.788086 0.750080
vt 0.848958 0.742188
vt 0.787988 0.634633
vt 0.848958 0.742188
vt 0.848958 0.686198
vt 0.848958 0.742188
vt 0.788086 0.750080
vt 0.786719 0.907031
vt 0.848958 0.742188
vt 0.786719 0.907031
vt 0.848958 0.824219
vt 0.721094 0.783594
vt 0.742188 0.742188
vt 0.809375 0.817969
vt 0.089844 0.825781
vt 0.029544 0.734963
vt 0.166406 0.734375
vt 0.786719 0.907031
vt 0.788086 0.750080
vt 0.093578 0.749484
vt 0.786719 0.907031
vt 0.093578 0.749484
vt 0.093698 0.908305
vt 0.093596 0.638172
vt 0.093578 0.749484
vt 0.788086 0.750080
vt 0.093596 0.638172
vt 0.788086 0.750080
vt 0.787988 0.634633
vt 0.029454 0.789002
vt 0.093674 0.843641
vt 0.093698 0.908305
vt 0.029454 0.789002
vt 0.093698 0.908305
vt 0.029618 0.831193
vt 0.848116 0.781327
vt 0.848105 0.823272
vt 0.786719 0.907031
vt 0.848116 0.781327
vt 0.786719 0.907031
vt 0.788065 0.844024
vt 0.788065 0.844024
vt 0.786719 0.907031
vt 0.093698 0.908305
vt 0.788065 0.844024
vt 0.093698 0.908305
vt 0.093674 0.843641
vt 0.105839 0.734203
vt 0.029603 0.734235
vt 0.029571 0.678017
vt 0.105839 0.734203
vt 0.029571 0.678017
vt 0.105315 0.634266
vt 0.089844 0.825781
vt 0.166406 0.734375
vt 0.186719 0.785156
vt 0.105393 0.843641
vt 0.029454 0.789002
vt 0.029603 0.734235
vt 0.105393 0.843641
vt 0.029603 0.734235
vt 0.105839 0.734203
vt 0.851567 0.913833
vt 0.892969 0.890625
vt 0.892969 0.935938
vt 0.851567 0.913833
vt 0.892969 0.935938
vt 0.850000 0.992188
vt 0.744957 0.994060
vt 0.769455 0.939570
vt 0.826734 0.938801
vt 0.744957 0.994060
vt 0.826734 0.938801
vt 0.850497 0.994254
vt 0.531110 0.546941
vt 0.351702 0.546941
vt 0.351702 0.183693
vt 0.531110 0.546941
vt 0.351702 0.183693
vt 0.407687 0.116891
vt 0.531110 0.546941
vt 0.407687 0.116891
vt 0.475126 0.116891
vt 0.531110 0.546941
vt 0.475126 0.116891
vt 0.531110 0.184932
vt 0.894971 0.608258
vt 0.851333 0.608258
vt 0.851333 0.608258
vt 0.894971 0.608258
vt 0.851333 0.608258
vt 0.894971 0.608258
vt 0.850000 0.992188
vt 0.892969 0.935938
vt 0.892969 0.890625
vt 0.850000 0.992188
vt 0.892969 0.890625
vt 0.851567 0.913833
vt 0.851562 0.612500
vt 0.892969 0.612500
vt 0.892969 0.890625
vt 0.851562 0.612500
vt 0.892969 0.890625
vt 0.851567 0.913833
vt 0.892969 0.890625
vt 0.892969 0.612500
vt 0.851562 0.612500
vt 0.892969 0.890625
vt 0.851562 0.612500
vt 0.851567 0.913833
vt 0.852218 0.734368
vt 0.852132 0.734456
vt 0.895945 0.734926
vt 0.852218 0.734368
vt 0.895945 0.734926
vt 0.852132 0.734456
vt 0.510512 0.212969
vt 0.395356 0.211839
vt 0.348104 0.133610
vt 0.510512 0.212969
vt 0.348104 0.133610
vt 0.453263 0.134776
vt 0.852216 0.846173
vt 0.895941 0.870029
vt 0.852374 0.914874
vt 0.348104 0.133610
vt 0.368012 0.211839
vt 0.510512 0.212969
vt 0.348104 0.133610
vt 0.510512 0.212969
vt 0.527482 0.134776
vt 0.368012 0.211839
vt 0.510512 0.212969
vt 0.523509 0.134758
vt 0.368012 0.211839
vt 0.523509 0.134758
vt 0.352077 0.133628
vt 0.348104 0.133610
vt 0.368012 0.211839
vt 0.510512 0.212969
vt 0.348104 0.133610
vt 0.510512 0.212969
vt 0.527482 0.134776
vt 0.527482 0.134776
vt 0.510512 0.212969
vt 0.368012 0.211839
vt 0.527482 0.134776
vt 0.368012 0.211839
vt 0.348104 0.133610
vt 0.510512 0.212969
vt 0.527482 0.134776
vt 0.348104 0.133610
vt 0.510512 0.212969
vt 0.348104 0.133610
vt 0.368012 0.211839
vt 0.527482 0.134776
vt 0.510512 0.212969
vt 0.368012 0.211839
vt 0.527482 0.134776
vt 0.368012 0.211839
vt 0.348104 0.133610
vt 0.348104 0.133610
vt 0.368012 0.211839
vt 0.510512 0.212969
vt 0.348104 0.133610
vt 0.510512 0.212969
vt 0.527482 0.134776
vt 0.527482 0.134776
vt 0.510512 0.212969
vt 0.368012 0.211839
vt 0.527482 0.134776
vt 0.368012 0.211839
vt 0.348104 0.133610
vt 0.510512 0.212969
vt 0.527482 0.134776
vt 0.348104 0.133610
vt 0.510512 0.212969
vt 0.348104 0.133610
vt 0.368012 0.211839
vt 0.523509 0.134758
vt 0.352077 0.133628
vt 0.368012 0.211839
vt 0.523509 0.134758
vt 0.368012 0.211839
vt 0.510512 0.212969
vt 0.852374 0.914874
vt 0.895941 0.870029
vt 0.852216 0.846173
vt 0.395356 0.211839
vt 0.510512 0.212969
vt 0.453263 0.134776
vt 0.395356 0.211839
vt 0.453263 0.134776
vt 0.348104 0.133610
vt 0.787988 0.634633
vt 0.105315 0.634266
vt 0.105839 0.734203
vt 0.787988 0.634633
vt 0.105839 0.734203
vt 0.863731 0.733732
vt 0.787988 0.634633
vt 0.863731 0.733732
vt 0.863756 0.678170
vt 0.818750 0.682813
vt 0.742188 0.742188
vt 0.849219 0.742188
vt 0.742188 0.742188
vt 0.849219 0.742188
vt 0.809375 0.817969
vt 0.093578 0.749484
vt 0.029544 0.734963
vt 0.029571 0.678017
vt 0.093578 0.749484
vt 0.029571 0.678017
vt 0.093596 0.638172
vt 0.166406 0.734375
vt 0.064062 0.678906
vt 0.029544 0.734963
vt 0.029544 0.734963
vt 0.093578 0.749484
vt 0.093698 0.908305
vt 0.029544 0.734963
vt 0.093698 0.908305
vt 0.029618 0.831193
vt 0.848958 0.686198
vt 0.848958 0.742188
vt 0.788086 0.750080
vt 0.848958 0.686198
vt 0.788086 0.750080
vt 0.787988 0.634633
vt 0.848958 0.824219
vt 0.786719 0.907031
vt 0.788086 0.750080
vt 0.848958 0.824219
vt 0.788086 0.750080
vt 0.848958 0.742188
vt 0.809375 0.817969
vt 0.742188 0.742188
vt 0.721094 0.783594
vt 0.166406 0.734375
vt 0.029544 0.734963
vt 0.089844 0.825781
vt 0.093698 0.908305
vt 0.093578 0.749484
vt 0.788086 0.750080
vt 0.093698 0.908305
vt 0.788086 0.750080
vt 0.786719 0.907031
vt 0.787988 0.634633
vt 0.788086 0.750080
vt 0.093578 0.749484
vt 0.787988 0.634633
vt 0.093578 0.749484
vt 0.093596 0.638172
vt 0.029618 0.831193
vt 0.093698 0.908305
vt 0.093674 0.843641
vt 0.029618 0.831193
vt 0.093674 0.843641
vt 0.029454 0.789002
vt 0.788065 0.844024
vt 0.786719 0.907031
vt 0.848105 0.823272
vt 0.788065 0.844024
vt 0.848105 0.823272
vt 0.848116 0.781327
vt 0.093674 0.843641
vt 0.093698 0.908305
vt 0.786719 0.907031
vt 0.093674 0.843641
vt 0.786719 0.907031
vt 0.788065 0.844024
vt 0.105315 0.634266
vt 0.029571 0.678017
vt 0.029603 0.734235
vt 0.105315 0.634266
vt 0.029603 0.734235
vt 0.105839 0.734203
vt 0.186719 0.785156
vt 0.166406 0.734375
vt 0.089844 0.825781
vt 0.105839 0.734203
vt 0.029603 0.734235
vt 0.029454 0.789002
vt 0.105839 0.734203
vt 0.029454 0.789002
vt 0.105393 0.843641
vt 0.935522 0.161106
vt 0.935522 0.108558
vt 0.935522 0.108557
vt 0.861521 0.436682
vt 0.861521 0.484578
vt 0.843702 0.484578
vt 0.861521 0.436682
vt 0.843702 0.484578
vt 0.843702 0.436682
vt 0.564585 0.382488
vt 0.768229 0.381510
vt 0.734538 0.563411
vt 0.564585 0.382488
vt 0.734538 0.563411
vt 0.597280 0.563411
vt 0.935522 0.182873
vt 0.935522 0.161106
vt 0.935522 0.108557
vt 0.861521 0.484578
vt 0.861521 0.504417
vt 0.843702 0.504417
vt 0.861521 0.484578
vt 0.843702 0.504417
vt 0.843702 0.484578
vt 0.564585 0.382488
vt 0.768229 0.381510
vt 0.734538 0.563411
vt 0.564585 0.382488
vt 0.734538 0.563411
vt 0.597280 0.563411
vt 0.935522 0.161106
vt 0.935522 0.182873
vt 0.935522 0.108557
vt 0.861521 0.504417
vt 0.861521 0.484578
vt 0.843702 0.484578
vt 0.861521 0.504417
vt 0.843702 0.484578
vt 0.843702 0.504417
vt 0.564585 0.382488
vt 0.768229 0.381510
vt 0.734538 0.563411
vt 0.564585 0.382488
vt 0.734538 0.563411
vt 0.597280 0.563411
vt 0.935522 0.108557
vt 0.935522 0.161106
vt 0.935522 0.108557
vt 0.861521 0.484578
vt 0.861521 0.436682
vt 0.843702 0.436682
vt 0.861521 0.484578
vt 0.843702 0.436682
vt 0.843702 0.484578
vt 0.564585 0.382488
vt 0.768229 0.381510
vt 0.734538 0.563411
vt 0.564585 0.382488
vt 0.734538 0.563411
vt 0.597280 0.563411
vt 0.935522 0.056009
vt 0.935522 0.108557
vt 0.935522 0.108557
vt 0.861521 0.436682
vt 0.861521 0.388787
vt 0.843702 0.388787
vt 0.861521 0.436682
vt 0.843702 0.388787
vt 0.843702 0.436682
vt 0.564585 0.382488
vt 0.768229 0.381510
vt 0.734538 0.563411
vt 0.564585 0.382488
vt 0.734538 0.563411
vt 0.597280 0.563411
vt 0.935522 0.034242
vt 0.935522 0.056009
vt 0.935522 0.108557
vt 0.861521 0.388787
vt 0.861521 0.368948
vt 0.843702 0.368948
vt 0.861521 0.388787
vt 0.843702 0.368948
vt 0.843702 0.388787
vt 0.564585 0.382488
vt 0.768229 0.381510
vt 0.734538 0.563411
vt 0.564585 0.382488
vt 0.734538 0.563411
vt 0.597280 0.563411
vt 0.935522 0.056009
vt 0.935522 0.034242
vt 0.935522 0.108557
vt 0.861521 0.368948
vt 0.861521 0.388787
vt 0.843702 0.388787
vt 0.861521 0.368948
vt 0.843702 0.388787
vt 0.843702 0.368948
vt 0.564585 0.382488
vt 0.768229 0.381510
vt 0.734538 0.563411
vt 0.564585 0.382488
vt 0.734538 0.563411
vt 0.597280 0.563411
vt 0.935522 0.108558
vt 0.935522 0.056009
vt 0.935522 0.108557
vt 0.861521 0.388787
vt 0.861521 0.436682
vt 0.843702 0.436682
vt 0.861521 0.388787
vt 0.843702 0.436682
vt 0.843702 0.388787
vt 0.564585 0.382488
vt 0.768229 0.381510
vt 0.734538 0.563411
vt 0.564585 0.382488
vt 0.734538 0.563411
vt 0.597280 0.563411
vt 0.861521 0.436682
vt 0.861521 0.388787
vt 0.879975 0.372518
vt 0.861521 0.436682
vt 0.879975 0.372518
vt 0.879975 0.436683
vt 0.861521 0.396600
vt 0.861521 0.376761
vt 0.879975 0.353752
vt 0.861521 0.396600
vt 0.879975 0.353752
vt 0.879975 0.380330
vt 0.861521 0.376761
vt 0.861521 0.396600
vt 0.879975 0.380330
vt 0.861521 0.376761
vt 0.879975 0.380330
vt 0.879975 0.353752
vt 0.861521 0.388787
vt 0.861521 0.436682
vt 0.879975 0.436682
vt 0.861521 0.388787
vt 0.879975 0.436682
vt 0.879975 0.372518
vt 0.861521 0.436682
vt 0.861521 0.484578
vt 0.879975 0.500847
vt 0.861521 0.436682
vt 0.879975 0.500847
vt 0.879975 0.436682
vt 0.861521 0.476765
vt 0.861521 0.496604
vt 0.879975 0.519613
vt 0.861521 0.476765
vt 0.879975 0.519613
vt 0.879975 0.493035
vt 0.861521 0.496604
vt 0.861521 0.476765
vt 0.879975 0.493035
vt 0.861521 0.496604
vt 0.879975 0.493035
vt 0.879975 0.519613
vt 0.861521 0.484578
vt 0.861521 0.436682
vt 0.879975 0.436683
vt 0.861521 0.484578
vt 0.879975 0.436683
vt 0.879975 0.500847
vt 0.879975 0.500847
vt 0.879975 0.436683
vt 0.931168 0.436683
vt 0.879975 0.500847
vt 0.931168 0.436683
vt 0.931168 0.514450
vt 0.879975 0.436683
vt 0.879975 0.372518
vt 0.931168 0.358915
vt 0.879975 0.436683
vt 0.931168 0.358915
vt 0.931168 0.436683
vt 0.879975 0.519613
vt 0.879975 0.493035
vt 0.931168 0.510544
vt 0.879975 0.519613
vt 0.931168 0.510544
vt 0.931168 0.542756
vt 0.879975 0.493035
vt 0.879975 0.519613
vt 0.931168 0.542756
vt 0.879975 0.493035
vt 0.931168 0.542756
vt 0.931168 0.510544
vt 0.879975 0.436682
vt 0.879975 0.500847
vt 0.931168 0.514450
vt 0.879975 0.436682
vt 0.931168 0.514450
vt 0.931168 0.436682
vt 0.879975 0.372518
vt 0.879975 0.436682
vt 0.931168 0.436682
vt 0.879975 0.372518
vt 0.931168 0.436682
vt 0.931168 0.358915
vt 0.879975 0.353752
vt 0.879975 0.380330
vt 0.931168 0.362821
vt 0.879975 0.353752
vt 0.931168 0.362821
vt 0.931168 0.330609
vt 0.879975 0.380330
vt 0.879975 0.353752
vt 0.931168 0.330609
vt 0.879975 0.380330
vt 0.931168 0.330609
vt 0.931168 0.362821
vt 0.931168 0.362821
vt 0.931168 0.330609
vt 0.996053 0.321643
vt 0.931168 0.362821
vt 0.996053 0.321643
vt 0.996053 0.355338
vt 0.931168 0.330609
vt 0.931168 0.362821
vt 0.996053 0.355337
vt 0.931168 0.330609
vt 0.996053 0.355337
vt 0.996053 0.321643
vt 0.931168 0.436683
vt 0.931168 0.358915
vt 0.996053 0.355338
vt 0.931168 0.436683
vt 0.996053 0.355338
vt 0.996053 0.436683
vt 0.931168 0.358915
vt 0.931168 0.436682
vt 0.996053 0.436682
vt 0.931168 0.358915
vt 0.996053 0.436682
vt 0.996053 0.355337
vt 0.931168 0.436682
vt 0.931168 0.514450
vt 0.996053 0.518027
vt 0.931168 0.436682
vt 0.996053 0.518027
vt 0.996053 0.436682
vt 0.931168 0.510544
vt 0.931168 0.542756
vt 0.996053 0.551722
vt 0.931168 0.510544
vt 0.996053 0.551722
vt 0.996053 0.518027
vt 0.931168 0.542756
vt 0.931168 0.510544
vt 0.996053 0.518028
vt 0.931168 0.542756
vt 0.996053 0.518028
vt 0.996053 0.551722
vt 0.931168 0.514450
vt 0.931168 0.436683
vt 0.996053 0.436683
vt 0.931168 0.514450
vt 0.996053 0.436683
vt 0.996053 0.518028
vt 0.935522 0.161106
vt 0.935522 0.108558
vt 0.935522 0.108557
vt 0.861521 0.436682
vt 0.861521 0.484578
vt 0.843702 0.484578
vt 0.861521 0.436682
vt 0.843702 0.484578
vt 0.843702 0.436682
vt 0.564585 0.382488
vt 0.768229 0.381510
vt 0.734538 0.563411
vt 0.564585 0.382488
vt 0.734538 0.563411
vt 0.597280 0.563411
vt 0.935522 0.182873
vt 0.935522 0.161106
vt 0.935522 0.108557
vt 0.861521 0.484578
vt 0.861521 0.504417
vt 0.843702 0.504417
vt 0.861521 0.484578
vt 0.843702 0.504417
vt 0.843702 0.484578
vt 0.564585 0.382488
vt 0.768229 0.381510
vt 0.734538 0.563411
vt 0.564585 0.382488
vt 0.734538 0.563411
vt 0.597280 0.563411
vt 0.935522 0.161106
vt 0.935522 0.182873
vt 0.935522 0.108557
vt 0.861521 0.504417
vt 0.861521 0.484578
vt 0.843702 0.484578
vt 0.861521 0.504417
vt 0.843702 0.484578
vt 0.843702 0.504417
vt 0.564585 0.382488
vt 0.768229 0.381510
vt 0.734538 0.563411
vt 0.564585 0.382488
vt 0.734538 0.563411
vt 0.597280 0.563411
vt 0.935522 0.108557
vt 0.935522 0.161106
vt 0.935522 0.108557
vt 0.861521 0.484578
vt 0.861521 0.436682
vt 0.843702 0.436682
vt 0.861521 0.484578
vt 0.843702 0.436682
vt 0.843702 0.484578
vt 0.564585 0.382488
vt 0.768229 0.381510
vt 0.734538 0.563411
vt 0.564585 0.382488
vt 0.734538 0.563411
vt 0.597280 0.563411
vt 0.935522 0.056009
vt 0.935522 0.108557
vt 0.935522 0.108557
vt 0.861521 0.436682
vt 0.861521 0.388787
vt 0.843702 0.388787
vt 0.861521 0.436682
vt 0.843702 0.388787
vt 0.843702 0.436682
vt 0.564585 0.382488
vt 0.768229 0.381510
vt 0.734538 0.563411
vt 0.564585 0.382488
vt 0.734538 0.563411
vt 0.597280 0.563411
vt 0.935522 0.034242
vt 0.935522 0.056009
vt 0.935522 0.108557
vt 0.861521 0.388787
vt 0.861521 0.368948
vt 0.843702 0.368948
vt 0.861521 0.388787
vt 0.843702 0.368948
vt 0.843702 0.388787
vt 0.564585 0.382488
vt 0.768229 0.381510
vt 0.734538 0.563411
vt 0.564585 0.382488
vt 0.734538 0.563411
vt 0.597280 0.563411
vt 0.935522 0.056009
vt 0.935522 0.034242
vt 0.935522 0.108557
vt 0.861521 0.368948
vt 0.861521 0.388787
vt 0.843702 0.388787
vt 0.861521 0.368948
vt 0.843702 0.388787
vt 0.843702 0.368948
vt 0.564585 0.382488
vt 0.768229 0.381510
vt 0.734538 0.563411
vt 0.564585 0.382488
vt 0.734538 0.563411
vt 0.597280 0.563411
vt 0.935522 0.108558
vt 0.935522 0.056009
vt 0.935522 0.108557
vt 0.861521 0.388787
vt 0.861521 0.436682
vt 0.843702 0.436682
vt 0.861521 0.388787
vt 0.843702 0.436682
vt 0.843702 0.388787
vt 0.564585 0.382488
vt 0.768229 0.381510
vt 0.734538 0.563411
vt 0.564585 0.382488
vt 0.734538 0.563411
vt 0.597280 0.563411
vt 0.861521 0.436682
vt 0.861521 0.388787
vt 0.879975 0.372518
vt 0.861521 0.436682
vt 0.879975 0.372518
vt 0.879975 0.436683
vt 0.861521 0.396600
vt 0.861521 0.376761
vt 0.879975 0.353752
vt 0.861521 0.396600
vt 0.879975 0.353752
vt 0.879975 0.380330
vt 0.861521 0.376761
vt 0.861521 0.396600
vt 0.879975 0.380330
vt 0.861521 0.376761
vt 0.879975 0.380330
vt 0.879975 0.353752
vt 0.861521 0.388787
vt 0.861521 0.436682
vt 0.879975 0.436682
vt 0.861521 0.388787
vt 0.879975 0.436682
vt 0.879975 0.372518
vt 0.861521 0.436682
vt 0.861521 0.484578
vt 0.879975 0.500847
vt 0.861521 0.436682
vt 0.879975 0.500847
vt 0.879975 0.436682
vt 0.861521 0.476765
vt 0.861521 0.496604
vt 0.879975 0.519613
vt 0.861521 0.476765
vt 0.879975 0.519613
vt 0.879975 0.493035
vt 0.861521 0.496604
vt 0.861521 0.476765
vt 0.879975 0.493035
vt 0.861521 0.496604
vt 0.879975 0.493035
vt 0.879975 0.519613
vt 0.861521 0.484578
vt 0.861521 0.436682
vt 0.879975 0.436683
vt 0.861521 0.484578
vt 0.879975 0.436683
vt 0.879975 0.500847
vt 0.879975 0.500847
vt 0.879975 0.436683
vt 0.931168 0.436683
vt 0.879975 0.500847
vt 0.931168 0.436683
vt 0.931168 0.514450
vt 0.879975 0.436683
vt 0.879975 0.372518
vt 0.931168 0.358915
vt 0.879975 0.436683
vt 0.931168 0.358915
vt 0.931168 0.436683
vt 0.879975 0.519613
vt 0.879975 0.493035
vt 0.931168 0.510544
vt 0.879975 0.519613
vt 0.931168 0.510544
vt 0.931168 0.542756
vt 0.879975 0.493035
vt 0.879975 0.519613
vt 0.931168 0.542756
vt 0.879975 0.493035
vt 0.931168 0.542756
vt 0.931168 0.510544
vt 0.879975 0.436682
vt 0.879975 0.500847
vt 0.931168 0.514450
vt 0.879975 0.436682
vt 0.931168 0.514450
vt 0.931168 0.436682
vt 0.879975 0.372518
vt 0.879975 0.436682
vt 0.931168 0.436682
vt 0.879975 0.372518
vt 0.931168 0.436682
vt 0.931168 0.358915
vt 0.879975 0.353752
vt 0.879975 0.380330
vt 0.931168 0.362821
vt 0.879975 0.353752
vt 0.931168 0.362821
vt 0.931168 0.330609
vt 0.879975 0.380330
vt 0.879975 0.353752
vt 0.931168 0.330609
vt 0.879975 0.380330
vt 0.931168 0.330609
vt 0.931168 0.362821
vt 0.931168 0.362821
vt 0.931168 0.330609
vt 0.996053 0.321643
vt 0.931168 0.362821
vt 0.996053 0.321643
vt 0.996053 0.355338
vt 0.931168 0.330609
vt 0.931168 0.362821
vt 0.996053 0.355337
vt 0.931168 0.330609
vt 0.996053 0.355337
vt 0.996053 0.321643
vt 0.931168 0.436683
vt 0.931168 0.358915
vt 0.996053 0.355338
vt 0.931168 0.436683
vt 0.996053 0.355338
vt 0.996053 0.436683
vt 0.931168 0.358915
vt 0.931168 0.436682
vt 0.996053 0.436682
vt 0.931168 0.358915
vt 0.996053 0.436682
vt 0.996053 0.355337
vt 0.931168 0.436682
vt 0.931168 0.514450
vt 0.996053 0.518027
vt 0.931168 0.436682
vt 0.996053 0.518027
vt 0.996053 0.436682
vt 0.931168 0.510544
vt 0.931168 0.542756
vt 0.996053 0.551722
vt 0.931168 0.510544
vt 0.996053 0.551722
vt 0.996053 0.518027
vt 0.931168 0.542756
vt 0.931168 0.510544
vt 0.996053 0.518028
vt 0.931168 0.542756
vt 0.996053 0.518028
vt 0.996053 0.551722
vt 0.931168 0.514450
vt 0.931168 0.436683
vt 0.996053 0.436683
vt 0.931168 0.514450
vt 0.996053 0.436683
vt 0.996053 0.518028
vt 0.001037 0.093666
vt 0.001037 0.093666
vt 0.100873 0.076636
vt 0.180482 0.521468
vt 0.299008 0.473212
vt 0.288093 0.372523
vt 0.180482 0.521468
vt 0.288093 0.372523
vt 0.254759 0.371580
vt 0.413144 0.159491
vt 0.485293 0.158533
vt 0.666985 0.622688
vt 0.413144 0.159491
vt 0.666985 0.622688
vt 0.215827 0.621788
vt 0.252548 0.625748
vt 0.335619 0.428940
vt 0.543287 0.428940
vt 0.252548 0.625748
vt 0.543287 0.428940
vt 0.634171 0.625748
vt 0.136719 0.722656
vt 0.046875 0.816406
vt 0.042969 0.722656
vt 0.136719 0.722656
vt 0.046875 0.816406
vt 0.042969 0.722656
vt 0.100898 0.914180
vt 0.001396 0.858622
vt 0.100180 0.999543
vt 0.042969 0.722656
vt 0.046875 0.816406
vt 0.136719 0.722656
vt 0.136719 0.722656
vt 0.046875 0.816406
vt 0.042969 0.722656
vt 0.955252 0.148776
vt 0.801118 0.072899
vt 0.801118 0.083768
vt 0.042969 0.722656
vt 0.046875 0.816406
vt 0.136719 0.722656
vt 0.722412 0.850074
vt 0.708565 0.726901
vt 0.142752 0.726901
vt 0.722412 0.850074
vt 0.142752 0.726901
vt 0.143842 0.850074
vt 0.144531 0.783854
vt 0.084635 0.783854
vt 0.111979 0.852865
vt 0.360233 0.906512
vt 0.528133 0.904643
vt 0.477127 0.988767
vt 0.360233 0.906512
vt 0.477127 0.988767
vt 0.438271 0.988767
vt 0.360233 0.906512
vt 0.438271 0.988767
vt 0.405221 0.990607
vt 0.042969 0.722656
vt 0.046875 0.816406
vt 0.136719 0.722656
vt 0.001396 0.858622
vt 0.100898 0.914180
vt 0.100533 0.733959
vt 0.100533 0.733959
vt 0.000937 0.608944
vt 0.001396 0.858622
vt 0.000918 0.357973
vt 0.000937 0.608944
vt 0.100533 0.733959
vt 0.000918 0.357973
vt 0.100533 0.733959
vt 0.100174 0.357973
vt 0.042969 0.722656
vt 0.046875 0.816406
vt 0.136719 0.722656
vt 0.046875 0.816406
vt 0.136719 0.722656
vt 0.042969 0.722656
vt 0.100174 0.357973
vt 0.001037 0.093666
vt 0.001037 0.093666
vt 0.100174 0.357973
vt 0.001037 0.093666
vt 0.100174 0.357973
vt 0.136719 0.722656
vt 0.042969 0.722656
vt 0.046875 0.816406
vt 0.100533 0.733959
vt 0.852420 0.733733
vt 0.852395 0.735397
vt 0.100533 0.733959
vt 0.852395 0.735397
vt 0.100536 0.735867
vt 0.100174 0.357973
vt 0.000918 0.357973
vt 0.001037 0.093666
vt 0.851562 0.992188
vt 0.097656 0.992188
vt 0.100898 0.914180
vt 0.851562 0.992188
vt 0.100898 0.914180
vt 0.852637 0.913670
vt 0.100536 0.735867
vt 0.852395 0.735397
vt 0.852414 0.844778
vt 0.100536 0.735867
vt 0.852414 0.844778
vt 0.100094 0.844971
vt 0.101562 0.843750
vt 0.100898 0.914180
vt 0.854167 0.910156
vt 0.101562 0.843750
vt 0.854167 0.910156
vt 0.852865 0.842448
vt 0.100174 0.357973
vt 0.852391 0.357594
vt 0.852420 0.733733
vt 0.100174 0.357973
vt 0.852420 0.733733
vt 0.100533 0.733959
vt 0.100070 0.913384
vt 0.100094 0.844971
vt 0.852414 0.844778
vt 0.100070 0.913384
vt 0.852414 0.844778
vt 0.852637 0.913609
vt 0.254759 0.371580
vt 0.288093 0.372523
vt 0.299008 0.473212
vt 0.254759 0.371580
vt 0.299008 0.473212
vt 0.180482 0.521468
vt 0.100094 0.844971
vt 0.100070 0.913384
vt 0.852637 0.913609
vt 0.100094 0.844971
vt 0.852637 0.913609
vt 0.852414 0.844778
vt 0.852391 0.357594
vt 0.100174 0.357973
vt 0.100533 0.733959
vt 0.852391 0.357594
vt 0.100533 0.733959
vt 0.852420 0.733733
vt 0.100174 0.357973
vt 0.100533 0.733959
vt 0.000937 0.608944
vt 0.100174 0.357973
vt 0.000937 0.608944
vt 0.000918 0.357973
vt 0.001396 0.858622
vt 0.000937 0.608944
vt 0.100533 0.733959
vt 0.100533 0.733959
vt 0.100898 0.914180
vt 0.001396 0.858622
vt 0.136719 0.722656
vt 0.046875 0.816406
vt 0.042969 0.722656
vt 0.852865 0.842448
vt 0.854167 0.910156
vt 0.100898 0.914180
vt 0.852865 0.842448
vt 0.100898 0.914180
vt 0.101562 0.843750
vt 0.955252 0.148776
vt 0.801118 0.072899
vt 0.955252 0.148776
vt 0.142752 0.711276
vt 0.708565 0.711276
vt 0.710693 0.736793
vt 0.142752 0.711276
vt 0.710693 0.736793
vt 0.143842 0.736793
vt 0.540371 0.710943
vt 0.484375 0.863281
vt 0.389243 0.862824
vt 0.540371 0.710943
vt 0.389243 0.862824
vt 0.389243 0.862824
vt 0.540371 0.710943
vt 0.389243 0.862824
vt 0.332025 0.709630
vt 0.143842 0.850074
vt 0.142752 0.726901
vt 0.708565 0.726901
vt 0.143842 0.850074
vt 0.708565 0.726901
vt 0.722412 0.850074
vt 0.136719 0.722656
vt 0.046875 0.816406
vt 0.042969 0.722656
vt 0.801118 0.083768
vt 0.801118 0.072899
vt 0.955252 0.148776
vt 0.136719 0.722656
vt 0.046875 0.816406
vt 0.042969 0.722656
vt 0.843750 0.912760
vt 0.843750 0.993490
vt 0.100260 0.992188
vt 0.843750 0.912760
vt 0.100260 0.992188
vt 0.100260 0.911458
vt 0.001396 0.858622
vt 0.100898 0.914180
vt 0.100180 0.999543
vt 0.100536 0.735867
vt 0.852395 0.735397
vt 0.852420 0.733733
vt 0.100536 0.735867
vt 0.852420 0.733733
vt 0.100533 0.733959
vt 0.001037 0.093666
vt 0.000918 0.357973
vt 0.100174 0.357973
vt 0.100094 0.844971
vt 0.852414 0.844778
vt 0.852395 0.735397
vt 0.100094 0.844971
vt 0.852395 0.735397
vt 0.100536 0.735867
vt 0.852637 0.913670
vt 0.100898 0.914180
vt 0.097656 0.992188
vt 0.852637 0.913670
vt 0.097656 0.992188
vt 0.851562 0.992188
vt 0.851562 0.464844
vt 0.097656 0.464844
vt 0.100174 0.357973
vt 0.851562 0.464844
vt 0.100174 0.357973
vt 0.852391 0.357594
vt 0.100260 0.911458
vt 0.100260 0.992188
vt 0.843750 0.993490
vt 0.100260 0.911458
vt 0.843750 0.993490
vt 0.843750 0.912760
vn -0.335333 -0.912944 -0.232561
vn -0.212995 -0.972348 -0.095768
vn -0.436802 -0.899558 0.000000
vn 0.731207 -0.571321 -0.372730
vn 0.255066 -0.340119 -0.905130
vn 0.425019 0.009887 -0.905130
vn 0.731207 -0.571321 -0.372730
vn 0.425019 0.009887 -0.905130
vn 0.901162 -0.221315 -0.372730
vn 0.632409 0.768692 -0.095768
vn 0.510071 0.828096 -0.232560
vn 0.436802 0.899558 0.000000
vn -0.508851 -0.828688 -0.233123
vn -0.335333 -0.912944 -0.232561
vn -0.436802 -0.899558 0.000000
vn 0.255066 -0.340119 -0.905130
vn -0.420269 -0.012194 -0.907318
vn -0.250315 0.337812 -0.907318
vn 0.255066 -0.340119 -0.905130
vn -0.250315 0.337812 -0.907318
vn 0.425019 0.009887 -0.905130
vn 0.510071 0.828096 -0.232560
vn 0.336553 0.912352 -0.233123
vn 0.436802 0.899558 0.000000
vn -0.631904 -0.768937 -0.097124
vn -0.508851 -0.828688 -0.233123
vn -0.436802 -0.899558 0.000000
vn -0.420269 -0.012194 -0.907318
vn -0.899194 0.220360 -0.378011
vn -0.729240 0.570365 -0.378012
vn -0.420269 -0.012194 -0.907318
vn -0.729240 0.570365 -0.378012
vn -0.250315 0.337812 -0.907318
vn 0.336553 0.912352 -0.233123
vn 0.213500 0.972103 -0.097124
vn 0.436802 0.899558 0.000000
vn -0.632409 -0.768692 0.095768
vn -0.631904 -0.768937 -0.097124
vn -0.436802 -0.899558 0.000000
vn -0.899194 0.220360 -0.378011
vn -0.901162 0.221315 0.372729
vn -0.731208 0.571322 0.372729
vn -0.899194 0.220360 -0.378011
vn -0.731208 0.571322 0.372729
vn -0.729240 0.570365 -0.378012
vn 0.213500 0.972103 -0.097124
vn 0.212995 0.972349 0.095769
vn 0.436802 0.899558 0.000000
vn -0.510071 -0.828096 0.232561
vn -0.632409 -0.768692 0.095768
vn -0.436802 -0.899558 0.000000
vn -0.901162 0.221315 0.372729
vn -0.425020 -0.009887 0.905130
vn -0.255066 0.340119 0.905130
vn -0.901162 0.221315 0.372729
vn -0.255066 0.340119 0.905130
vn -0.731208 0.571322 0.372729
vn 0.212995 0.972349 0.095769
vn 0.335333 0.912944 0.232561
vn 0.436802 0.899558 0.000000
vn -0.336553 -0.912352 0.233122
vn -0.510071 -0.828096 0.232561
vn -0.436802 -0.899558 0.000000
vn -0.425020 -0.009887 0.905130
vn 0.250315 -0.337812 0.907318
vn 0.420269 0.012194 0.907318
vn -0.425020 -0.009887 0.905130
vn 0.420269 0.012194 0.907318
vn -0.255066 0.340119 0.905130
vn 0.335333 0.912944 0.232561
vn 0.508851 0.828688 0.233122
vn 0.436802 0.899558 0.000000
vn -0.213500 -0.972103 0.097124
vn -0.336553 -0.912352 0.233122
vn -0.436802 -0.899558 0.000000
vn 0.250315 -0.337812 0.907318
vn 0.729240 -0.570366 0.378011
vn 0.899194 -0.220359 0.378011
vn 0.250315 -0.337812 0.907318
vn 0.899194 -0.220359 0.378011
vn 0.420269 0.012194 0.907318
vn 0.508851 0.828688 0.233122
vn 0.631904 0.768937 0.097124
vn 0.436802 0.899558 0.000000
vn -0.212995 -0.972348 -0.095768
vn -0.213500 -0.972103 0.097124
vn -0.436802 -0.899558 0.000000
vn 0.729240 -0.570366 0.378011
vn 0.731207 -0.571321 -0.372730
vn 0.901162 -0.221315 -0.372730
vn 0.729240 -0.570366 0.378011
vn 0.901162 -0.221315 -0.372730
vn 0.899194 -0.220359 0.378011
vn 0.631904 0.768937 0.097124
vn 0.632409 0.768692 -0.095768
vn 0.436802 0.899558 0.000000
vn 0.899194 -0.220359 0.378011
vn 0.901162 -0.221315 -0.372730
vn 0.919002 0.264791 -0.292097
vn 0.899194 -0.220359 0.378011
vn 0.919002 0.264791 -0.292097
vn 0.917461 0.265539 0.296233
vn 0.731207 -0.571321 -0.372730
vn 0.729240 -0.570366 0.378011
vn 0.358689 -0.885205 0.296233
vn 0.731207 -0.571321 -0.372730
vn 0.358689 -0.885205 0.296233
vn 0.360231 -0.885953 -0.292097
vn 0.420269 0.012194 0.907318
vn 0.899194 -0.220359 0.378011
vn 0.917461 0.265539 0.296233
vn 0.420269 0.012194 0.907318
vn 0.917461 0.265539 0.296233
vn 0.542144 0.447784 0.711034
vn 0.729240 -0.570366 0.378011
vn 0.250315 -0.337812 0.907318
vn -0.016628 -0.702961 0.711034
vn 0.729240 -0.570366 0.378011
vn -0.016628 -0.702961 0.711034
vn 0.358689 -0.885205 0.296233
vn -0.255066 0.340119 0.905130
vn 0.420269 0.012194 0.907318
vn 0.542144 0.447784 0.711034
vn -0.255066 0.340119 0.905130
vn 0.542144 0.447784 0.711034
vn 0.012907 0.704767 0.709321
vn 0.250315 -0.337812 0.907318
vn -0.425020 -0.009887 0.905130
vn -0.545865 -0.445976 0.709321
vn 0.250315 -0.337812 0.907318
vn -0.545865 -0.445976 0.709321
vn -0.016628 -0.702961 0.711034
vn -0.731208 0.571322 0.372729
vn -0.255066 0.340119 0.905130
vn 0.012907 0.704767 0.709321
vn -0.731208 0.571322 0.372729
vn 0.012907 0.704767 0.709321
vn -0.360230 0.885953 0.292097
vn -0.425020 -0.009887 0.905130
vn -0.901162 0.221315 0.372729
vn -0.919002 -0.264790 0.292097
vn -0.425020 -0.009887 0.905130
vn -0.919002 -0.264790 0.292097
vn -0.545865 -0.445976 0.709321
vn -0.729240 0.570365 -0.378012
vn -0.731208 0.571322 0.372729
vn -0.360230 0.885953 0.292097
vn -0.729240 0.570365 -0.378012
vn -0.360230 0.885953 0.292097
vn -0.358689 0.885205 -0.296233
vn -0.901162 0.221315 0.372729
vn -0.899194 0.220360 -0.378011
vn -0.917461 -0.265539 -0.296234
vn -0.901162 0.221315 0.372729
vn -0.917461 -0.265539 -0.296234
vn -0.919002 -0.264790 0.292097
vn -0.250315 0.337812 -0.907318
vn -0.729240 0.570365 -0.378012
vn -0.358689 0.885205 -0.296233
vn -0.250315 0.337812 -0.907318
vn -0.358689 0.885205 -0.296233
vn 0.016627 0.702961 -0.711034
vn -0.899194 0.220360 -0.378011
vn -0.420269 -0.012194 -0.907318
vn -0.542144 -0.447784 -0.711034
vn -0.899194 0.220360 -0.378011
vn -0.542144 -0.447784 -0.711034
vn -0.917461 -0.265539 -0.296234
vn 0.425019 0.009887 -0.905130
vn -0.250315 0.337812 -0.907318
vn 0.016627 0.702961 -0.711034
vn 0.425019 0.009887 -0.905130
vn 0.016627 0.702961 -0.711034
vn 0.545864 0.445977 -0.709321
vn -0.420269 -0.012194 -0.907318
vn 0.255066 -0.340119 -0.905130
vn -0.012907 -0.704768 -0.709321
vn -0.420269 -0.012194 -0.907318
vn -0.012907 -0.704768 -0.709321
vn -0.542144 -0.447784 -0.711034
vn 0.901162 -0.221315 -0.372730
vn 0.425019 0.009887 -0.905130
vn 0.545864 0.445977 -0.709321
vn 0.901162 -0.221315 -0.372730
vn 0.545864 0.445977 -0.709321
vn 0.919002 0.264791 -0.292097
vn 0.255066 -0.340119 -0.905130
vn 0.731207 -0.571321 -0.372730
vn 0.360231 -0.885953 -0.292097
vn 0.255066 -0.340119 -0.905130
vn 0.360231 -0.885953 -0.292097
vn -0.012907 -0.704768 -0.709321
vn -0.012907 -0.704768 -0.709321
vn 0.360231 -0.885953 -0.292097
vn -0.212995 -0.972348 -0.095768
vn -0.012907 -0.704768 -0.709321
vn -0.212995 -0.972348 -0.095768
vn -0.335333 -0.912944 -0.232561
vn 0.360231 -0.885953 -0.292097
vn 0.358689 -0.885205 0.296233
vn -0.213500 -0.972103 0.097124
vn 0.360231 -0.885953 -0.292097
vn -0.213500 -0.972103 0.097124
vn -0.212995 -0.972348 -0.095768
vn -0.542144 -0.447784 -0.711034
vn -0.012907 -0.704768 -0.709321
vn -0.335333 -0.912944 -0.232561
vn -0.542144 -0.447784 -0.711034
vn -0.335333 -0.912944 -0.232561
vn -0.508851 -0.828688 -0.233123
vn 0.919002 0.264791 -0.292097
vn 0.545864 0.445977 -0.709321
vn 0.510071 0.828096 -0.232560
vn 0.919002 0.264791 -0.292097
vn 0.510071 0.828096 -0.232560
vn 0.632409 0.768692 -0.095768
vn 0.545864 0.445977 -0.709321
vn 0.016627 0.702961 -0.711034
vn 0.336553 0.912352 -0.233123
vn 0.545864 0.445977 -0.709321
vn 0.336553 0.912352 -0.233123
vn 0.510071 0.828096 -0.232560
vn 0.917461 0.265539 0.296233
vn 0.919002 0.264791 -0.292097
vn 0.632409 0.768692 -0.095768
vn 0.917461 0.265539 0.296233
vn 0.632409 0.768692 -0.095768
vn 0.631904 0.768937 0.097124
vn -0.917461 -0.265539 -0.296234
vn -0.542144 -0.447784 -0.711034
vn -0.508851 -0.828688 -0.233123
vn -0.917461 -0.265539 -0.296234
vn -0.508851 -0.828688 -0.233123
vn -0.631904 -0.768937 -0.097124
vn 0.016627 0.702961 -0.711034
vn -0.358689 0.885205 -0.296233
vn 0.213500 0.972103 -0.097124
vn 0.016627 0.702961 -0.711034
vn 0.213500 0.972103 -0.097124
vn 0.336553 0.912352 -0.233123
vn -0.919002 -0.264790 0.292097
vn -0.917461 -0.265539 -0.296234
vn -0.631904 -0.768937 -0.097124
vn -0.919002 -0.264790 0.292097
vn -0.631904 -0.768937 -0.097124
vn -0.632409 -0.768692 0.095768
vn -0.358689 0.885205 -0.296233
vn -0.360230 0.885953 0.292097
vn 0.212995 0.972349 0.095769
vn -0.358689 0.885205 -0.296233
vn 0.212995 0.972349 0.095769
vn 0.213500 0.972103 -0.097124
vn -0.545865 -0.445976 0.709321
vn -0.919002 -0.264790 0.292097
vn -0.632409 -0.768692 0.095768
vn -0.545865 -0.445976 0.709321
vn -0.632409 -0.768692 0.095768
vn -0.510071 -0.828096 0.232561
vn -0.360230 0.885953 0.292097
vn 0.012907 0.704767 0.709321
vn 0.335333 0.912944 0.232561
vn -0.360230 0.885953 0.292097
vn 0.335333 0.912944 0.232561
vn 0.212995 0.972349 0.095769
vn -0.016628 -0.702961 0.711034
vn -0.545865 -0.445976 0.709321
vn -0.510071 -0.828096 0.232561
vn -0.016628 -0.702961 0.711034
vn -0.510071 -0.828096 0.232561
vn -0.336553 -0.912352 0.233122
vn 0.012907 0.704767 0.709321
vn 0.542144 0.447784 0.711034
vn 0.508851 0.828688 0.233122
vn 0.012907 0.704767 0.709321
vn 0.508851 0.828688 0.233122
vn 0.335333 0.912944 0.232561
vn 0.358689 -0.885205 0.296233
vn -0.016628 -0.702961 0.711034
vn -0.336553 -0.912352 0.233122
vn 0.358689 -0.885205 0.296233
vn -0.336553 -0.912352 0.233122
vn -0.213500 -0.972103 0.097124
vn 0.542144 0.447784 0.711034
vn 0.917461 0.265539 0.296233
vn 0.631904 0.768937 0.097124
vn 0.542144 0.447784 0.711034
vn 0.631904 0.768937 0.097124
vn 0.508851 0.828688 0.233122
vn 0.436801 -0.899558 -0.000000
vn 0.212995 -0.972349 -0.095768
vn 0.335333 -0.912944 -0.232561
vn -0.901161 -0.221315 -0.372730
vn -0.425019 0.009888 -0.905130
vn -0.255066 -0.340120 -0.905130
vn -0.901161 -0.221315 -0.372730
vn -0.255066 -0.340120 -0.905130
vn -0.731207 -0.571321 -0.372730
vn -0.436802 0.899558 -0.000000
vn -0.510070 0.828097 -0.232560
vn -0.632409 0.768692 -0.095769
vn 0.436801 -0.899558 -0.000000
vn 0.335333 -0.912944 -0.232561
vn 0.508851 -0.828688 -0.233123
vn -0.425019 0.009888 -0.905130
vn 0.250315 0.337812 -0.907318
vn 0.420269 -0.012194 -0.907318
vn -0.425019 0.009888 -0.905130
vn 0.420269 -0.012194 -0.907318
vn -0.255066 -0.340120 -0.905130
vn -0.436802 0.899558 -0.000000
vn -0.336552 0.912352 -0.233122
vn -0.510070 0.828097 -0.232560
vn 0.436801 -0.899558 -0.000000
vn 0.508851 -0.828688 -0.233123
vn 0.631904 -0.768937 -0.097124
vn 0.250315 0.337812 -0.907318
vn 0.729240 0.570365 -0.378011
vn 0.899194 0.220359 -0.378011
vn 0.250315 0.337812 -0.907318
vn 0.899194 0.220359 -0.378011
vn 0.420269 -0.012194 -0.907318
vn -0.436802 0.899558 -0.000000
vn -0.213500 0.972103 -0.097124
vn -0.336552 0.912352 -0.233122
vn 0.436801 -0.899558 -0.000000
vn 0.631904 -0.768937 -0.097124
vn 0.632409 -0.768692 0.095768
vn 0.729240 0.570365 -0.378011
vn 0.731208 0.571321 0.372730
vn 0.901162 0.221315 0.372730
vn 0.729240 0.570365 -0.378011
vn 0.901162 0.221315 0.372730
vn 0.899194 0.220359 -0.378011
vn -0.436802 0.899558 -0.000000
vn -0.212995 0.972349 0.095768
vn -0.213500 0.972103 -0.097124
vn 0.436801 -0.899558 -0.000000
vn 0.632409 -0.768692 0.095768
vn 0.510070 -0.828096 0.232561
vn 0.731208 0.571321 0.372730
vn 0.255066 0.340119 0.905130
vn 0.425019 -0.009887 0.905130
vn 0.731208 0.571321 0.372730
vn 0.425019 -0.009887 0.905130
vn 0.901162 0.221315 0.372730
vn -0.436802 0.899558 -0.000000
vn -0.335333 0.912944 0.232561
vn -0.212995 0.972349 0.095768
vn 0.436801 -0.899558 -0.000000
vn 0.510070 -0.828096 0.232561
vn 0.336553 -0.912352 0.233122
vn 0.255066 0.340119 0.905130
vn -0.420269 0.012194 0.907318
vn -0.250315 -0.337812 0.907318
vn 0.255066 0.340119 0.905130
vn -0.250315 -0.337812 0.907318
vn 0.425019 -0.009887 0.905130
vn -0.436802 0.899558 -0.000000
vn -0.508851 0.828688 0.233123
vn -0.335333 0.912944 0.232561
vn 0.436801 -0.899558 -0.000000
vn 0.336553 -0.912352 0.233122
vn 0.213500 -0.972103 0.097124
vn -0.420269 0.012194 0.907318
vn -0.899194 -0.220359 0.378010
vn -0.729240 -0.570365 0.378011
vn -0.420269 0.012194 0.907318
vn -0.729240 -0.570365 0.378011
vn -0.250315 -0.337812 0.907318
vn -0.436802 0.899558 -0.000000
vn -0.631904 0.768937 0.097123
vn -0.508851 0.828688 0.233123
vn 0.436801 -0.899558 -0.000000
vn 0.213500 -0.972103 0.097124
vn 0.212995 -0.972349 -0.095768
vn -0.899194 -0.220359 0.378010
vn -0.901161 -0.221315 -0.372730
vn -0.731207 -0.571321 -0.372730
vn -0.899194 -0.220359 0.378010
vn -0.731207 -0.571321 -0.372730
vn -0.729240 -0.570365 0.378011
vn -0.436802 0.899558 -0.000000
vn -0.632409 0.768692 -0.095769
vn -0.631904 0.768937 0.097123
vn -0.917461 0.265540 0.296233
vn -0.919002 0.264791 -0.292098
vn -0.901161 -0.221315 -0.372730
vn -0.917461 0.265540 0.296233
vn -0.901161 -0.221315 -0.372730
vn -0.899194 -0.220359 0.378010
vn -0.360231 -0.885953 -0.292097
vn -0.358690 -0.885205 0.296233
vn -0.729240 -0.570365 0.378011
vn -0.360231 -0.885953 -0.292097
vn -0.729240 -0.570365 0.378011
vn -0.731207 -0.571321 -0.372730
vn -0.542144 0.447784 0.711034
vn -0.917461 0.265540 0.296233
vn -0.899194 -0.220359 0.378010
vn -0.542144 0.447784 0.711034
vn -0.899194 -0.220359 0.378010
vn -0.420269 0.012194 0.907318
vn -0.358690 -0.885205 0.296233
vn 0.016627 -0.702960 0.711035
vn -0.250315 -0.337812 0.907318
vn -0.358690 -0.885205 0.296233
vn -0.250315 -0.337812 0.907318
vn -0.729240 -0.570365 0.378011
vn -0.012907 0.704768 0.709321
vn -0.542144 0.447784 0.711034
vn -0.420269 0.012194 0.907318
vn -0.012907 0.704768 0.709321
vn -0.420269 0.012194 0.907318
vn 0.255066 0.340119 0.905130
vn 0.016627 -0.702960 0.711035
vn 0.545864 -0.445977 0.709321
vn 0.425019 -0.009887 0.905130
vn 0.016627 -0.702960 0.711035
vn 0.425019 -0.009887 0.905130
vn -0.250315 -0.337812 0.907318
vn 0.360231 0.885953 0.292097
vn -0.012907 0.704768 0.709321
vn 0.255066 0.340119 0.905130
vn 0.360231 0.885953 0.292097
vn 0.255066 0.340119 0.905130
vn 0.731208 0.571321 0.372730
vn 0.545864 -0.445977 0.709321
vn 0.919002 -0.264791 0.292098
vn 0.901162 0.221315 0.372730
vn 0.545864 -0.445977 0.709321
vn 0.901162 0.221315 0.372730
vn 0.425019 -0.009887 0.905130
vn 0.358689 0.885205 -0.296232
vn 0.360231 0.885953 0.292097
vn 0.731208 0.571321 0.372730
vn 0.358689 0.885205 -0.296232
vn 0.731208 0.571321 0.372730
vn 0.729240 0.570365 -0.378011
vn 0.919002 -0.264791 0.292098
vn 0.917461 -0.265540 -0.296232
vn 0.899194 0.220359 -0.378011
vn 0.919002 -0.264791 0.292098
vn 0.899194 0.220359 -0.378011
vn 0.901162 0.221315 0.372730
vn -0.016627 0.702960 -0.711035
vn 0.358689 0.885205 -0.296232
vn 0.729240 0.570365 -0.378011
vn -0.016627 0.702960 -0.711035
vn 0.729240 0.570365 -0.378011
vn 0.250315 0.337812 -0.907318
vn 0.917461 -0.265540 -0.296232
vn 0.542144 -0.447784 -0.711034
vn 0.420269 -0.012194 -0.907318
vn 0.917461 -0.265540 -0.296232
vn 0.420269 -0.012194 -0.907318
vn 0.899194 0.220359 -0.378011
vn -0.545865 0.445977 -0.709321
vn -0.016627 0.702960 -0.711035
vn 0.250315 0.337812 -0.907318
vn -0.545865 0.445977 -0.709321
vn 0.250315 0.337812 -0.907318
vn -0.425019 0.009888 -0.905130
vn 0.542144 -0.447784 -0.711034
vn 0.012907 -0.704768 -0.709320
vn -0.255066 -0.340120 -0.905130
vn 0.542144 -0.447784 -0.711034
vn -0.255066 -0.340120 -0.905130
vn 0.420269 -0.012194 -0.907318
vn -0.919002 0.264791 -0.292098
vn -0.545865 0.445977 -0.709321
vn -0.425019 0.009888 -0.905130
vn -0.919002 0.264791 -0.292098
vn -0.425019 0.009888 -0.905130
vn -0.901161 -0.221315 -0.372730
vn 0.012907 -0.704768 -0.709320
vn -0.360231 -0.885953 -0.292097
vn -0.731207 -0.571321 -0.372730
vn 0.012907 -0.704768 -0.709320
vn -0.731207 -0.571321 -0.372730
vn -0.255066 -0.340120 -0.905130
vn 0.335333 -0.912944 -0.232561
vn 0.212995 -0.972349 -0.095768
vn -0.360231 -0.885953 -0.292097
vn 0.335333 -0.912944 -0.232561
vn -0.360231 -0.885953 -0.292097
vn 0.012907 -0.704768 -0.709320
vn 0.212995 -0.972349 -0.095768
vn 0.213500 -0.972103 0.097124
vn -0.358690 -0.885205 0.296233
vn 0.212995 -0.972349 -0.095768
vn -0.358690 -0.885205 0.296233
vn -0.360231 -0.885953 -0.292097
vn 0.508851 -0.828688 -0.233123
vn 0.335333 -0.912944 -0.232561
vn 0.012907 -0.704768 -0.709320
vn 0.508851 -0.828688 -0.233123
vn 0.012907 -0.704768 -0.709320
vn 0.542144 -0.447784 -0.711034
vn -0.632409 0.768692 -0.095769
vn -0.510070 0.828097 -0.232560
vn -0.545865 0.445977 -0.709321
vn -0.632409 0.768692 -0.095769
vn -0.545865 0.445977 -0.709321
vn -0.919002 0.264791 -0.292098
vn -0.510070 0.828097 -0.232560
vn -0.336552 0.912352 -0.233122
vn -0.016627 0.702960 -0.711035
vn -0.510070 0.828097 -0.232560
vn -0.016627 0.702960 -0.711035
vn -0.545865 0.445977 -0.709321
vn -0.631904 0.768937 0.097123
vn -0.632409 0.768692 -0.095769
vn -0.919002 0.264791 -0.292098
vn -0.631904 0.768937 0.097123
vn -0.919002 0.264791 -0.292098
vn -0.917461 0.265540 0.296233
vn 0.631904 -0.768937 -0.097124
vn 0.508851 -0.828688 -0.233123
vn 0.542144 -0.447784 -0.711034
vn 0.631904 -0.768937 -0.097124
vn 0.542144 -0.447784 -0.711034
vn 0.917461 -0.265540 -0.296232
vn -0.336552 0.912352 -0.233122
vn -0.213500 0.972103 -0.097124
vn 0.358689 0.885205 -0.296232
vn -0.336552 0.912352 -0.233122
vn 0.358689 0.885205 -0.296232
vn -0.016627 0.702960 -0.711035
vn 0.632409 -0.768692 0.095768
vn 0.631904 -0.768937 -0.097124
vn 0.917461 -0.265540 -0.296232
vn 0.632409 -0.768692 0.095768
vn 0.917461 -0.265540 -0.296232
vn 0.919002 -0.264791 0.292098
vn -0.213500 0.972103 -0.097124
vn -0.212995 0.972349 0.095768
vn 0.360231 0.885953 0.292097
vn -0.213500 0.972103 -0.097124
vn 0.360231 0.885953 0.292097
vn 0.358689 0.885205 -0.296232
vn 0.510070 -0.828096 0.232561
vn 0.632409 -0.768692 0.095768
vn 0.919002 -0.264791 0.292098
vn 0.510070 -0.828096 0.232561
vn 0.919002 -0.264791 0.292098
vn 0.545864 -0.445977 0.709321
vn -0.212995 0.972349 0.095768
vn -0.335333 0.912944 0.232561
vn -0.012907 0.704768 0.709321
vn -0.212995 0.972349 0.095768
vn -0.012907 0.704768 0.709321
vn 0.360231 0.885953 0.292097
vn 0.336553 -0.912352 0.233122
vn 0.510070 -0.828096 0.232561
vn 0.545864 -0.445977 0.709321
vn 0.336553 -0.912352 0.233122
vn 0.545864 -0.445977 0.709321
vn 0.016627 -0.702960 0.711035
vn -0.335333 0.912944 0.232561
vn -0.508851 0.828688 0.233123
vn -0.542144 0.447784 0.711034
vn -0.335333 0.912944 0.232561
vn -0.542144 0.447784 0.711034
vn -0.012907 0.704768 0.709321
vn 0.213500 -0.972103 0.097124
vn 0.336553 -0.912352 0.233122
vn 0.016627 -0.702960 0.711035
vn 0.213500 -0.972103 0.097124
vn 0.016627 -0.702960 0.711035
vn -0.358690 -0.885205 0.296233
vn -0.508851 0.828688 0.233123
vn -0.631904 0.768937 0.097123
vn -0.917461 0.265540 0.296233
vn -0.508851 0.828688 0.233123
vn -0.917461 0.265540 0.296233
vn -0.542144 0.447784 0.711034
vn 0.436801 -0.899558 -0.000000
vn 0.212995 -0.972349 -0.095768
vn 0.335333 -0.912944 -0.232560
vn -0.901162 -0.221315 -0.372729
vn -0.425020 0.009888 -0.905130
vn -0.255066 -0.340119 -0.905130
vn -0.901162 -0.221315 -0.372729
vn -0.255066 -0.340119 -0.905130
vn -0.731208 -0.571321 -0.372729
vn -0.436802 0.899558 -0.000001
vn -0.510070 0.828097 -0.232561
vn -0.632409 0.768692 -0.095769
vn 0.436801 -0.899558 -0.000000
vn 0.335333 -0.912944 -0.232560
vn 0.508851 -0.828688 -0.233122
vn -0.425020 0.009888 -0.905130
vn 0.250315 0.337812 -0.907318
vn 0.420269 -0.012194 -0.907318
vn -0.425020 0.009888 -0.905130
vn 0.420269 -0.012194 -0.907318
vn -0.255066 -0.340119 -0.905130
vn -0.436802 0.899558 -0.000001
vn -0.336553 0.912352 -0.233123
vn -0.510070 0.828097 -0.232561
vn 0.436801 -0.899558 -0.000000
vn 0.508851 -0.828688 -0.233122
vn 0.631904 -0.768937 -0.097124
vn 0.250315 0.337812 -0.907318
vn 0.729240 0.570366 -0.378010
vn 0.899194 0.220359 -0.378010
vn 0.250315 0.337812 -0.907318
vn 0.899194 0.220359 -0.378010
vn 0.420269 -0.012194 -0.907318
vn -0.436802 0.899558 -0.000001
vn -0.213499 0.972103 -0.097125
vn -0.336553 0.912352 -0.233123
vn 0.436801 -0.899558 -0.000000
vn 0.631904 -0.768937 -0.097124
vn 0.632409 -0.768692 0.095769
vn 0.729240 0.570366 -0.378010
vn 0.731208 0.571321 0.372729
vn 0.901162 0.221315 0.372730
vn 0.729240 0.570366 -0.378010
vn 0.901162 0.221315 0.372730
vn 0.899194 0.220359 -0.378010
vn -0.436802 0.899558 -0.000001
vn -0.212994 0.972349 0.095768
vn -0.213499 0.972103 -0.097125
vn 0.436801 -0.899558 -0.000000
vn 0.632409 -0.768692 0.095769
vn 0.510070 -0.828096 0.232562
vn 0.731208 0.571321 0.372729
vn 0.255066 0.340119 0.905130
vn 0.425019 -0.009887 0.905130
vn 0.731208 0.571321 0.372729
vn 0.425019 -0.009887 0.905130
vn 0.901162 0.221315 0.372730
vn -0.436802 0.899558 -0.000001
vn -0.335333 0.912944 0.232561
vn -0.212994 0.972349 0.095768
vn 0.436801 -0.899558 -0.000000
vn 0.510070 -0.828096 0.232562
vn 0.336552 -0.912352 0.233124
vn 0.255066 0.340119 0.905130
vn -0.420269 0.012194 0.907318
vn -0.250316 -0.337812 0.907318
vn 0.255066 0.340119 0.905130
vn -0.250316 -0.337812 0.907318
vn 0.425019 -0.009887 0.905130
vn -0.436802 0.899558 -0.000001
vn -0.508851 0.828688 0.233123
vn -0.335333 0.912944 0.232561
vn 0.436801 -0.899558 -0.000000
vn 0.336552 -0.912352 0.233124
vn 0.213500 -0.972103 0.097124
vn -0.420269 0.012194 0.907318
vn -0.899194 -0.220359 0.378010
vn -0.729240 -0.570365 0.378011
vn -0.420269 0.012194 0.907318
vn -0.729240 -0.570365 0.378011
vn -0.250316 -0.337812 0.907318
vn -0.436802 0.899558 -0.000001
vn -0.631904 0.768937 0.097125
vn -0.508851 0.828688 0.233123
vn 0.436801 -0.899558 -0.000000
vn 0.213500 -0.972103 0.097124
vn 0.212995 -0.972349 -0.095768
vn -0.899194 -0.220359 0.378010
vn -0.901162 -0.221315 -0.372729
vn -0.731208 -0.571321 -0.372729
vn -0.899194 -0.220359 0.378010
vn -0.731208 -0.571321 -0.372729
vn -0.729240 -0.570365 0.378011
vn -0.436802 0.899558 -0.000001
vn -0.632409 0.768692 -0.095769
vn -0.631904 0.768937 0.097125
vn -0.917461 0.265540 0.296233
vn -0.919002 0.264791 -0.292097
vn -0.901162 -0.221315 -0.372729
vn -0.917461 0.265540 0.296233
vn -0.901162 -0.221315 -0.372729
vn -0.899194 -0.220359 0.378010
vn -0.360231 -0.885953 -0.292097
vn -0.358690 -0.885204 0.296234
vn -0.729240 -0.570365 0.378011
vn -0.360231 -0.885953 -0.292097
vn -0.729240 -0.570365 0.378011
vn -0.731208 -0.571321 -0.372729
vn -0.542144 0.447784 0.711034
vn -0.917461 0.265540 0.296233
vn -0.899194 -0.220359 0.378010
vn -0.542144 0.447784 0.711034
vn -0.899194 -0.220359 0.378010
vn -0.420269 0.012194 0.907318
vn -0.358690 -0.885204 0.296234
vn 0.016627 -0.702960 0.711035
vn -0.250316 -0.337812 0.907318
vn -0.358690 -0.885204 0.296234
vn -0.250316 -0.337812 0.907318
vn -0.729240 -0.570365 0.378011
vn -0.012907 0.704767 0.709321
vn -0.542144 0.447784 0.711034
vn -0.420269 0.012194 0.907318
vn -0.012907 0.704767 0.709321
vn -0.420269 0.012194 0.907318
vn 0.255066 0.340119 0.905130
vn 0.016627 -0.702960 0.711035
vn 0.545864 -0.445977 0.709322
vn 0.425019 -0.009887 0.905130
vn 0.016627 -0.702960 0.711035
vn 0.425019 -0.009887 0.905130
vn -0.250316 -0.337812 0.907318
vn 0.360231 0.885953 0.292096
vn -0.012907 0.704767 0.709321
vn 0.255066 0.340119 0.905130
vn 0.360231 0.885953 0.292096
vn 0.255066 0.340119 0.905130
vn 0.731208 0.571321 0.372729
vn 0.545864 -0.445977 0.709322
vn 0.919002 -0.264791 0.292098
vn 0.901162 0.221315 0.372730
vn 0.545864 -0.445977 0.709322
vn 0.901162 0.221315 0.372730
vn 0.425019 -0.009887 0.905130
vn 0.358690 0.885205 -0.296233
vn 0.360231 0.885953 0.292096
vn 0.731208 0.571321 0.372729
vn 0.358690 0.885205 -0.296233
vn 0.731208 0.571321 0.372729
vn 0.729240 0.570366 -0.378010
vn 0.919002 -0.264791 0.292098
vn 0.917461 -0.265540 -0.296233
vn 0.899194 0.220359 -0.378010
vn 0.919002 -0.264791 0.292098
vn 0.899194 0.220359 -0.378010
vn 0.901162 0.221315 0.372730
vn -0.016627 0.702960 -0.711035
vn 0.358690 0.885205 -0.296233
vn 0.729240 0.570366 -0.378010
vn -0.016627 0.702960 -0.711035
vn 0.729240 0.570366 -0.378010
vn 0.250315 0.337812 -0.907318
vn 0.917461 -0.265540 -0.296233
vn 0.542144 -0.447783 -0.711034
vn 0.420269 -0.012194 -0.907318
vn 0.917461 -0.265540 -0.296233
vn 0.420269 -0.012194 -0.907318
vn 0.899194 0.220359 -0.378010
vn -0.545864 0.445976 -0.709322
vn -0.016627 0.702960 -0.711035
vn 0.250315 0.337812 -0.907318
vn -0.545864 0.445976 -0.709322
vn 0.250315 0.337812 -0.907318
vn -0.425020 0.009888 -0.905130
vn 0.542144 -0.447783 -0.711034
vn 0.012907 -0.704767 -0.709321
vn -0.255066 -0.340119 -0.905130
vn 0.542144 -0.447783 -0.711034
vn -0.255066 -0.340119 -0.905130
vn 0.420269 -0.012194 -0.907318
vn -0.919002 0.264791 -0.292097
vn -0.545864 0.445976 -0.709322
vn -0.425020 0.009888 -0.905130
vn -0.919002 0.264791 -0.292097
vn -0.425020 0.009888 -0.905130
vn -0.901162 -0.221315 -0.372729
vn 0.012907 -0.704767 -0.709321
vn -0.360231 -0.885953 -0.292097
vn -0.731208 -0.571321 -0.372729
vn 0.012907 -0.704767 -0.709321
vn -0.731208 -0.571321 -0.372729
vn -0.255066 -0.340119 -0.905130
vn 0.335333 -0.912944 -0.232560
vn 0.212995 -0.972349 -0.095768
vn -0.360231 -0.885953 -0.292097
vn 0.335333 -0.912944 -0.232560
vn -0.360231 -0.885953 -0.292097
vn 0.012907 -0.704767 -0.709321
vn 0.212995 -0.972349 -0.095768
vn 0.213500 -0.972103 0.097124
vn -0.358690 -0.885204 0.296234
vn 0.212995 -0.972349 -0.095768
vn -0.358690 -0.885204 0.296234
vn -0.360231 -0.885953 -0.292097
vn 0.508851 -0.828688 -0.233122
vn 0.335333 -0.912944 -0.232560
vn 0.012907 -0.704767 -0.709321
vn 0.508851 -0.828688 -0.233122
vn 0.012907 -0.704767 -0.709321
vn 0.542144 -0.447783 -0.711034
vn -0.632409 0.768692 -0.095769
vn -0.510070 0.828097 -0.232561
vn -0.545864 0.445976 -0.709322
vn -0.632409 0.768692 -0.095769
vn -0.545864 0.445976 -0.709322
vn -0.919002 0.264791 -0.292097
vn -0.510070 0.828097 -0.232561
vn -0.336553 0.912352 -0.233123
vn -0.016627 0.702960 -0.711035
vn -0.510070 0.828097 -0.232561
vn -0.016627 0.702960 -0.711035
vn -0.545864 0.445976 -0.709322
vn -0.631904 0.768937 0.097125
vn -0.632409 0.768692 -0.095769
vn -0.919002 0.264791 -0.292097
vn -0.631904 0.768937 0.097125
vn -0.919002 0.264791 -0.292097
vn -0.917461 0.265540 0.296233
vn 0.631904 -0.768937 -0.097124
vn 0.508851 -0.828688 -0.233122
vn 0.542144 -0.447783 -0.711034
vn 0.631904 -0.768937 -0.097124
vn 0.542144 -0.447783 -0.711034
vn 0.917461 -0.265540 -0.296233
vn -0.336553 0.912352 -0.233123
vn -0.213499 0.972103 -0.097125
vn 0.358690 0.885205 -0.296233
vn -0.336553 0.912352 -0.233123
vn 0.358690 0.885205 -0.296233
vn -0.016627 0.702960 -0.711035
vn 0.632409 -0.768692 0.095769
vn 0.631904 -0.768937 -0.097124
vn 0.917461 -0.265540 -0.296233
vn 0.632409 -0.768692 0.095769
vn 0.917461 -0.265540 -0.296233
vn 0.919002 -0.264791 0.292098
vn -0.213499 0.972103 -0.097125
vn -0.212994 0.972349 0.095768
vn 0.360231 0.885953 0.292096
vn -0.213499 0.972103 -0.097125
vn 0.360231 0.885953 0.292096
vn 0.358690 0.885205 -0.296233
vn 0.510070 -0.828096 0.232562
vn 0.632409 -0.768692 0.095769
vn 0.919002 -0.264791 0.292098
vn 0.510070 -0.828096 0.232562
vn 0.919002 -0.264791 0.292098
vn 0.545864 -0.445977 0.709322
vn -0.212994 0.972349 0.095768
vn -0.335333 0.912944 0.232561
vn -0.012907 0.704767 0.709321
vn -0.212994 0.972349 0.095768
vn -0.012907 0.704767 0.709321
vn 0.360231 0.885953 0.292096
vn 0.336552 -0.912352 0.233124
vn 0.510070 -0.828096 0.232562
vn 0.545864 -0.445977 0.709322
vn 0.336552 -0.912352 0.233124
vn 0.545864 -0.445977 0.709322
vn 0.016627 -0.702960 0.711035
vn -0.335333 0.912944 0.232561
vn -0.508851 0.828688 0.233123
vn -0.542144 0.447784 0.711034
vn -0.335333 0.912944 0.232561
vn -0.542144 0.447784 0.711034
vn -0.012907 0.704767 0.709321
vn 0.213500 -0.972103 0.097124
vn 0.336552 -0.912352 0.233124
vn 0.016627 -0.702960 0.711035
vn 0.213500 -0.972103 0.097124
vn 0.016627 -0.702960 0.711035
vn -0.358690 -0.885204 0.296234
vn -0.508851 0.828688 0.233123
vn -0.631904 0.768937 0.097125
vn -0.917461 0.265540 0.296233
vn -0.508851 0.828688 0.233123
vn -0.917461 0.265540 0.296233
vn -0.542144 0.447784 0.711034
vn 0.436801 -0.899558 0.000000
vn 0.212995 -0.972349 -0.095767
vn 0.335333 -0.912944 -0.232562
vn -0.901162 -0.221315 -0.372730
vn -0.425019 0.009887 -0.905130
vn -0.255065 -0.340119 -0.905130
vn -0.901162 -0.221315 -0.372730
vn -0.255065 -0.340119 -0.905130
vn -0.731208 -0.571321 -0.372729
vn -0.436801 0.899558 0.000001
vn -0.510070 0.828097 -0.232561
vn -0.632409 0.768692 -0.095770
vn 0.436801 -0.899558 0.000000
vn 0.335333 -0.912944 -0.232562
vn 0.508851 -0.828688 -0.233123
vn -0.425019 0.009887 -0.905130
vn 0.250316 0.337812 -0.907317
vn 0.420270 -0.012194 -0.907317
vn -0.425019 0.009887 -0.905130
vn 0.420270 -0.012194 -0.907317
vn -0.255065 -0.340119 -0.905130
vn -0.436801 0.899558 0.000001
vn -0.336553 0.912352 -0.233123
vn -0.510070 0.828097 -0.232561
vn 0.436801 -0.899558 0.000000
vn 0.508851 -0.828688 -0.233123
vn 0.631904 -0.768937 -0.097125
vn 0.250316 0.337812 -0.907317
vn 0.729240 0.570366 -0.378010
vn 0.899194 0.220359 -0.378010
vn 0.250316 0.337812 -0.907317
vn 0.899194 0.220359 -0.378010
vn 0.420270 -0.012194 -0.907317
vn -0.436801 0.899558 0.000001
vn -0.213499 0.972103 -0.097125
vn -0.336553 0.912352 -0.233123
vn 0.436801 -0.899558 0.000000
vn 0.631904 -0.768937 -0.097125
vn 0.632409 -0.768692 0.095768
vn 0.729240 0.570366 -0.378010
vn 0.731208 0.571321 0.372730
vn 0.901161 0.221315 0.372730
vn 0.729240 0.570366 -0.378010
vn 0.901161 0.221315 0.372730
vn 0.899194 0.220359 -0.378010
vn -0.436801 0.899558 0.000001
vn -0.212994 0.972349 0.095769
vn -0.213499 0.972103 -0.097125
vn 0.436801 -0.899558 0.000000
vn 0.632409 -0.768692 0.095768
vn 0.510070 -0.828096 0.232562
vn 0.731208 0.571321 0.372730
vn 0.255066 0.340120 0.905130
vn 0.425020 -0.009887 0.905130
vn 0.731208 0.571321 0.372730
vn 0.425020 -0.009887 0.905130
vn 0.901161 0.221315 0.372730
vn -0.436801 0.899558 0.000001
vn -0.335334 0.912944 0.232559
vn -0.212994 0.972349 0.095769
vn 0.436801 -0.899558 0.000000
vn 0.510070 -0.828096 0.232562
vn 0.336552 -0.912352 0.233124
vn 0.255066 0.340120 0.905130
vn -0.420269 0.012194 0.907318
vn -0.250315 -0.337812 0.907318
vn 0.255066 0.340120 0.905130
vn -0.250315 -0.337812 0.907318
vn 0.425020 -0.009887 0.905130
vn -0.436801 0.899558 0.000001
vn -0.508851 0.828689 0.233121
vn -0.335334 0.912944 0.232559
vn 0.436801 -0.899558 0.000000
vn 0.336552 -0.912352 0.233124
vn 0.213500 -0.972103 0.097126
vn -0.420269 0.012194 0.907318
vn -0.899194 -0.220359 0.378011
vn -0.729240 -0.570365 0.378012
vn -0.420269 0.012194 0.907318
vn -0.729240 -0.570365 0.378012
vn -0.250315 -0.337812 0.907318
vn -0.436801 0.899558 0.000001
vn -0.631904 0.768938 0.097123
vn -0.508851 0.828689 0.233121
vn 0.436801 -0.899558 0.000000
vn 0.213500 -0.972103 0.097126
vn 0.212995 -0.972349 -0.095767
vn -0.899194 -0.220359 0.378011
vn -0.901162 -0.221315 -0.372730
vn -0.731208 -0.571321 -0.372729
vn -0.899194 -0.220359 0.378011
vn -0.731208 -0.571321 -0.372729
vn -0.729240 -0.570365 0.378012
vn -0.436801 0.899558 0.000001
vn -0.632409 0.768692 -0.095770
vn -0.631904 0.768938 0.097123
vn -0.917461 0.265540 0.296233
vn -0.919002 0.264791 -0.292099
vn -0.901162 -0.221315 -0.372730
vn -0.917461 0.265540 0.296233
vn -0.901162 -0.221315 -0.372730
vn -0.899194 -0.220359 0.378011
vn -0.360231 -0.885953 -0.292097
vn -0.358689 -0.885204 0.296235
vn -0.729240 -0.570365 0.378012
vn -0.360231 -0.885953 -0.292097
vn -0.729240 -0.570365 0.378012
vn -0.731208 -0.571321 -0.372729
vn -0.542144 0.447783 0.711034
vn -0.917461 0.265540 0.296233
vn -0.899194 -0.220359 0.378011
vn -0.542144 0.447783 0.711034
vn -0.899194 -0.220359 0.378011
vn -0.420269 0.012194 0.907318
vn -0.358689 -0.885204 0.296235
vn 0.016627 -0.702960 0.711035
vn -0.250315 -0.337812 0.907318
vn -0.358689 -0.885204 0.296235
vn -0.250315 -0.337812 0.907318
vn -0.729240 -0.570365 0.378012
vn -0.012907 0.704767 0.709321
vn -0.542144 0.447783 0.711034
vn -0.420269 0.012194 0.907318
vn -0.012907 0.704767 0.709321
vn -0.420269 0.012194 0.907318
vn 0.255066 0.340120 0.905130
vn 0.016627 -0.702960 0.711035
vn 0.545864 -0.445976 0.709322
vn 0.425020 -0.009887 0.905130
vn 0.016627 -0.702960 0.711035
vn 0.425020 -0.009887 0.905130
vn -0.250315 -0.337812 0.907318
vn 0.360230 0.885953 0.292099
vn -0.012907 0.704767 0.709321
vn 0.255066 0.340120 0.905130
vn 0.360230 0.885953 0.292099
vn 0.255066 0.340120 0.905130
vn 0.731208 0.571321 0.372730
vn 0.545864 -0.445976 0.709322
vn 0.919002 -0.264792 0.292096
vn 0.901161 0.221315 0.372730
vn 0.545864 -0.445976 0.709322
vn 0.901161 0.221315 0.372730
vn 0.425020 -0.009887 0.905130
vn 0.358690 0.885205 -0.296233
vn 0.360230 0.885953 0.292099
vn 0.731208 0.571321 0.372730
vn 0.358690 0.885205 -0.296233
vn 0.731208 0.571321 0.372730
vn 0.729240 0.570366 -0.378010
vn 0.919002 -0.264792 0.292096
vn 0.917462 -0.265539 -0.296231
vn 0.899194 0.220359 -0.378010
vn 0.919002 -0.264792 0.292096
vn 0.899194 0.220359 -0.378010
vn 0.901161 0.221315 0.372730
vn -0.016627 0.702961 -0.711034
vn 0.358690 0.885205 -0.296233
vn 0.729240 0.570366 -0.378010
vn -0.016627 0.702961 -0.711034
vn 0.729240 0.570366 -0.378010
vn 0.250316 0.337812 -0.907317
vn 0.917462 -0.265539 -0.296231
vn 0.542145 -0.447784 -0.711033
vn 0.420270 -0.012194 -0.907317
vn 0.917462 -0.265539 -0.296231
vn 0.420270 -0.012194 -0.907317
vn 0.899194 0.220359 -0.378010
vn -0.545864 0.445977 -0.709321
vn -0.016627 0.702961 -0.711034
vn 0.250316 0.337812 -0.907317
vn -0.545864 0.445977 -0.709321
vn 0.250316 0.337812 -0.907317
vn -0.425019 0.009887 -0.905130
vn 0.542145 -0.447784 -0.711033
vn 0.012907 -0.704768 -0.709320
vn -0.255065 -0.340119 -0.905130
vn 0.542145 -0.447784 -0.711033
vn -0.255065 -0.340119 -0.905130
vn 0.420270 -0.012194 -0.907317
vn -0.919002 0.264791 -0.292099
vn -0.545864 0.445977 -0.709321
vn -0.425019 0.009887 -0.905130
vn -0.919002 0.264791 -0.292099
vn -0.425019 0.009887 -0.905130
vn -0.901162 -0.221315 -0.372730
vn 0.012907 -0.704768 -0.709320
vn -0.360231 -0.885953 -0.292097
vn -0.731208 -0.571321 -0.372729
vn 0.012907 -0.704768 -0.709320
vn -0.731208 -0.571321 -0.372729
vn -0.255065 -0.340119 -0.905130
vn 0.335333 -0.912944 -0.232562
vn 0.212995 -0.972349 -0.095767
vn -0.360231 -0.885953 -0.292097
vn 0.335333 -0.912944 -0.232562
vn -0.360231 -0.885953 -0.292097
vn 0.012907 -0.704768 -0.709320
vn 0.212995 -0.972349 -0.095767
vn 0.213500 -0.972103 0.097126
vn -0.358689 -0.885204 0.296235
vn 0.212995 -0.972349 -0.095767
vn -0.358689 -0.885204 0.296235
vn -0.360231 -0.885953 -0.292097
vn 0.508851 -0.828688 -0.233123
vn 0.335333 -0.912944 -0.232562
vn 0.012907 -0.704768 -0.709320
vn 0.508851 -0.828688 -0.233123
vn 0.012907 -0.704768 -0.709320
vn 0.542145 -0.447784 -0.711033
vn -0.632409 0.768692 -0.095770
vn -0.510070 0.828097 -0.232561
vn -0.545864 0.445977 -0.709321
vn -0.632409 0.768692 -0.095770
vn -0.545864 0.445977 -0.709321
vn -0.919002 0.264791 -0.292099
vn -0.510070 0.828097 -0.232561
vn -0.336553 0.912352 -0.233123
vn -0.016627 0.702961 -0.711034
vn -0.510070 0.828097 -0.232561
vn -0.016627 0.702961 -0.711034
vn -0.545864 0.445977 -0.709321
vn -0.631904 0.768938 0.097123
vn -0.632409 0.768692 -0.095770
vn -0.919002 0.264791 -0.292099
vn -0.631904 0.768938 0.097123
vn -0.919002 0.264791 -0.292099
vn -0.917461 0.265540 0.296233
vn 0.631904 -0.768937 -0.097125
vn 0.508851 -0.828688 -0.233123
vn 0.542145 -0.447784 -0.711033
vn 0.631904 -0.768937 -0.097125
vn 0.542145 -0.447784 -0.711033
vn 0.917462 -0.265539 -0.296231
vn -0.336553 0.912352 -0.233123
vn -0.213499 0.972103 -0.097125
vn 0.358690 0.885205 -0.296233
vn -0.336553 0.912352 -0.233123
vn 0.358690 0.885205 -0.296233
vn -0.016627 0.702961 -0.711034
vn 0.632409 -0.768692 0.095768
vn 0.631904 -0.768937 -0.097125
vn 0.917462 -0.265539 -0.296231
vn 0.632409 -0.768692 0.095768
vn 0.917462 -0.265539 -0.296231
vn 0.919002 -0.264792 0.292096
vn -0.213499 0.972103 -0.097125
vn -0.212994 0.972349 0.095769
vn 0.360230 0.885953 0.292099
vn -0.213499 0.972103 -0.097125
vn 0.360230 0.885953 0.292099
vn 0.358690 0.885205 -0.296233
vn 0.510070 -0.828096 0.232562
vn 0.632409 -0.768692 0.095768
vn 0.919002 -0.264792 0.292096
vn 0.510070 -0.828096 0.232562
vn 0.919002 -0.264792 0.292096
vn 0.545864 -0.445976 0.709322
vn -0.212994 0.972349 0.095769
vn -0.335334 0.912944 0.232559
vn -0.012907 0.704767 0.709321
vn -0.212994 0.972349 0.095769
vn -0.012907 0.704767 0.709321
vn 0.360230 0.885953 0.292099
vn 0.336552 -0.912352 0.233124
vn 0.510070 -0.828096 0.232562
vn 0.545864 -0.445976 0.709322
vn 0.336552 -0.912352 0.233124
vn 0.545864 -0.445976 0.709322
vn 0.016627 -0.702960 0.711035
vn -0.335334 0.912944 0.232559
vn -0.508851 0.828689 0.233121
vn -0.542144 0.447783 0.711034
vn -0.335334 0.912944 0.232559
vn -0.542144 0.447783 0.711034
vn -0.012907 0.704767 0.709321
vn 0.213500 -0.972103 0.097126
vn 0.336552 -0.912352 0.233124
vn 0.016627 -0.702960 0.711035
vn 0.213500 -0.972103 0.097126
vn 0.016627 -0.702960 0.711035
vn -0.358689 -0.885204 0.296235
vn -0.508851 0.828689 0.233121
vn -0.631904 0.768938 0.097123
vn -0.917461 0.265540 0.296233
vn -0.508851 0.828689 0.233121
vn -0.917461 0.265540 0.296233
vn -0.542144 0.447783 0.711034
vn -0.335333 -0.912944 -0.232561
vn -0.212995 -0.972348 -0.095769
vn -0.436802 -0.899558 0.000001
vn 0.731208 -0.571322 -0.372728
vn 0.255065 -0.340119 -0.905130
vn 0.425020 0.009887 -0.905130
vn 0.731208 -0.571322 -0.372728
vn 0.425020 0.009887 -0.905130
vn 0.901162 -0.221315 -0.372730
vn 0.632409 0.768692 -0.095767
vn 0.510071 0.828096 -0.232562
vn 0.436802 0.899558 -0.000001
vn -0.508851 -0.828688 -0.233123
vn -0.335333 -0.912944 -0.232561
vn -0.436802 -0.899558 0.000001
vn 0.255065 -0.340119 -0.905130
vn -0.420268 -0.012194 -0.907318
vn -0.250315 0.337813 -0.907318
vn 0.255065 -0.340119 -0.905130
vn -0.250315 0.337813 -0.907318
vn 0.425020 0.009887 -0.905130
vn 0.510071 0.828096 -0.232562
vn 0.336553 0.912352 -0.233121
vn 0.436802 0.899558 -0.000001
vn -0.631904 -0.768937 -0.097126
vn -0.508851 -0.828688 -0.233123
vn -0.436802 -0.899558 0.000001
vn -0.420268 -0.012194 -0.907318
vn -0.899194 0.220360 -0.378011
vn -0.729240 0.570365 -0.378012
vn -0.420268 -0.012194 -0.907318
vn -0.729240 0.570365 -0.378012
vn -0.250315 0.337813 -0.907318
vn 0.336553 0.912352 -0.233121
vn 0.213500 0.972103 -0.097123
vn 0.436802 0.899558 -0.000001
vn -0.632409 -0.768692 0.095768
vn -0.631904 -0.768937 -0.097126
vn -0.436802 -0.899558 0.000001
vn -0.899194 0.220360 -0.378011
vn -0.901162 0.221315 0.372729
vn -0.731208 0.571322 0.372728
vn -0.899194 0.220360 -0.378011
vn -0.731208 0.571322 0.372728
vn -0.729240 0.570365 -0.378012
vn 0.213500 0.972103 -0.097123
vn 0.212995 0.972348 0.095770
vn 0.436802 0.899558 -0.000001
vn -0.510070 -0.828096 0.232562
vn -0.632409 -0.768692 0.095768
vn -0.436802 -0.899558 0.000001
vn -0.901162 0.221315 0.372729
vn -0.425020 -0.009887 0.905130
vn -0.255066 0.340119 0.905130
vn -0.901162 0.221315 0.372729
vn -0.255066 0.340119 0.905130
vn -0.731208 0.571322 0.372728
vn 0.212995 0.972348 0.095770
vn 0.335333 0.912944 0.232561
vn 0.436802 0.899558 -0.000001
vn -0.336553 -0.912352 0.233121
vn -0.510070 -0.828096 0.232562
vn -0.436802 -0.899558 0.000001
vn -0.425020 -0.009887 0.905130
vn 0.250315 -0.337812 0.907318
vn 0.420268 0.012194 0.907318
vn -0.425020 -0.009887 0.905130
vn 0.420268 0.012194 0.907318
vn -0.255066 0.340119 0.905130
vn 0.335333 0.912944 0.232561
vn 0.508851 0.828688 0.233123
vn 0.436802 0.899558 -0.000001
vn -0.213500 -0.972103 0.097124
vn -0.336553 -0.912352 0.233121
vn -0.436802 -0.899558 0.000001
vn 0.250315 -0.337812 0.907318
vn 0.729239 -0.570366 0.378012
vn 0.899194 -0.220360 0.378011
vn 0.250315 -0.337812 0.907318
vn 0.899194 -0.220360 0.378011
vn 0.420268 0.012194 0.907318
vn 0.508851 0.828688 0.233123
vn 0.631904 0.768937 0.097122
vn 0.436802 0.899558 -0.000001
vn -0.212995 -0.972348 -0.095769
vn -0.213500 -0.972103 0.097124
vn -0.436802 -0.899558 0.000001
vn 0.729239 -0.570366 0.378012
vn 0.731208 -0.571322 -0.372728
vn 0.901162 -0.221315 -0.372730
vn 0.729239 -0.570366 0.378012
vn 0.901162 -0.221315 -0.372730
vn 0.899194 -0.220360 0.378011
vn 0.631904 0.768937 0.097122
vn 0.632409 0.768692 -0.095767
vn 0.436802 0.899558 -0.000001
vn 0.899194 -0.220360 0.378011
vn 0.901162 -0.221315 -0.372730
vn 0.919002 0.264791 -0.292099
vn 0.899194 -0.220360 0.378011
vn 0.919002 0.264791 -0.292099
vn 0.917461 0.265540 0.296233
vn 0.731208 -0.571322 -0.372728
vn 0.729239 -0.570366 0.378012
vn 0.358690 -0.885205 0.296234
vn 0.731208 -0.571322 -0.372728
vn 0.358690 -0.885205 0.296234
vn 0.360231 -0.885953 -0.292097
vn 0.420268 0.012194 0.907318
vn 0.899194 -0.220360 0.378011
vn 0.917461 0.265540 0.296233
vn 0.420268 0.012194 0.907318
vn 0.917461 0.265540 0.296233
vn 0.542145 0.447784 0.711034
vn 0.729239 -0.570366 0.378012
vn 0.250315 -0.337812 0.907318
vn -0.016628 -0.702961 0.711034
vn 0.729239 -0.570366 0.378012
vn -0.016628 -0.702961 0.711034
vn 0.358690 -0.885205 0.296234
vn -0.255066 0.340119 0.905130
vn 0.420268 0.012194 0.907318
vn 0.542145 0.447784 0.711034
vn -0.255066 0.340119 0.905130
vn 0.542145 0.447784 0.711034
vn 0.012907 0.704767 0.709321
vn 0.250315 -0.337812 0.907318
vn -0.425020 -0.009887 0.905130
vn -0.545864 -0.445976 0.709322
vn 0.250315 -0.337812 0.907318
vn -0.545864 -0.445976 0.709322
vn -0.016628 -0.702961 0.711034
vn -0.731208 0.571322 0.372728
vn -0.255066 0.340119 0.905130
vn 0.012907 0.704767 0.709321
vn -0.731208 0.571322 0.372728
vn 0.012907 0.704767 0.709321
vn -0.360230 0.885953 0.292098
vn -0.425020 -0.009887 0.905130
vn -0.901162 0.221315 0.372729
vn -0.919003 -0.264791 0.292095
vn -0.425020 -0.009887 0.905130
vn -0.919003 -0.264791 0.292095
vn -0.545864 -0.445976 0.709322
vn -0.729240 0.570365 -0.378012
vn -0.731208 0.571322 0.372728
vn -0.360230 0.885953 0.292098
vn -0.729240 0.570365 -0.378012
vn -0.360230 0.885953 0.292098
vn -0.358689 0.885205 -0.296233
vn -0.901162 0.221315 0.372729
vn -0.899194 0.220360 -0.378011
vn -0.917461 -0.265539 -0.296232
vn -0.901162 0.221315 0.372729
vn -0.917461 -0.265539 -0.296232
vn -0.919003 -0.264791 0.292095
vn -0.250315 0.337813 -0.907318
vn -0.729240 0.570365 -0.378012
vn -0.358689 0.885205 -0.296233
vn -0.250315 0.337813 -0.907318
vn -0.358689 0.885205 -0.296233
vn 0.016627 0.702961 -0.711034
vn -0.899194 0.220360 -0.378011
vn -0.420268 -0.012194 -0.907318
vn -0.542143 -0.447783 -0.711035
vn -0.899194 0.220360 -0.378011
vn -0.542143 -0.447783 -0.711035
vn -0.917461 -0.265539 -0.296232
vn 0.425020 0.009887 -0.905130
vn -0.250315 0.337813 -0.907318
vn 0.016627 0.702961 -0.711034
vn 0.425020 0.009887 -0.905130
vn 0.016627 0.702961 -0.711034
vn 0.545865 0.445977 -0.709322
vn -0.420268 -0.012194 -0.907318
vn 0.255065 -0.340119 -0.905130
vn -0.012907 -0.704768 -0.709321
vn -0.420268 -0.012194 -0.907318
vn -0.012907 -0.704768 -0.709321
vn -0.542143 -0.447783 -0.711035
vn 0.901162 -0.221315 -0.372730
vn 0.425020 0.009887 -0.905130
vn 0.545865 0.445977 -0.709322
vn 0.901162 -0.221315 -0.372730
vn 0.545865 0.445977 -0.709322
vn 0.919002 0.264791 -0.292099
vn 0.255065 -0.340119 -0.905130
vn 0.731208 -0.571322 -0.372728
vn 0.360231 -0.885953 -0.292097
vn 0.255065 -0.340119 -0.905130
vn 0.360231 -0.885953 -0.292097
vn -0.012907 -0.704768 -0.709321
vn -0.012907 -0.704768 -0.709321
vn 0.360231 -0.885953 -0.292097
vn -0.212995 -0.972348 -0.095769
vn -0.012907 -0.704768 -0.709321
vn -0.212995 -0.972348 -0.095769
vn -0.335333 -0.912944 -0.232561
vn 0.360231 -0.885953 -0.292097
vn 0.358690 -0.885205 0.296234
vn -0.213500 -0.972103 0.097124
vn 0.360231 -0.885953 -0.292097
vn -0.213500 -0.972103 0.097124
vn -0.212995 -0.972348 -0.095769
vn -0.542143 -0.447783 -0.711035
vn -0.012907 -0.704768 -0.709321
vn -0.335333 -0.912944 -0.232561
vn -0.542143 -0.447783 -0.711035
vn -0.335333 -0.912944 -0.232561
vn -0.508851 -0.828688 -0.233123
vn 0.919002 0.264791 -0.292099
vn 0.545865 0.445977 -0.709322
vn 0.510071 0.828096 -0.232562
vn 0.919002 0.264791 -0.292099
vn 0.510071 0.828096 -0.232562
vn 0.632409 0.768692 -0.095767
vn 0.545865 0.445977 -0.709322
vn 0.016627 0.702961 -0.711034
vn 0.336553 0.912352 -0.233121
vn 0.545865 0.445977 -0.709322
vn 0.336553 0.912352 -0.233121
vn 0.510071 0.828096 -0.232562
vn 0.917461 0.265540 0.296233
vn 0.919002 0.264791 -0.292099
vn 0.632409 0.768692 -0.095767
vn 0.917461 0.265540 0.296233
vn 0.632409 0.768692 -0.095767
vn 0.631904 0.768937 0.097122
vn -0.917461 -0.265539 -0.296232
vn -0.542143 -0.447783 -0.711035
vn -0.508851 -0.828688 -0.233123
vn -0.917461 -0.265539 -0.296232
vn -0.508851 -0.828688 -0.233123
vn -0.631904 -0.768937 -0.097126
vn 0.016627 0.702961 -0.711034
vn -0.358689 0.885205 -0.296233
vn 0.213500 0.972103 -0.097123
vn 0.016627 0.702961 -0.711034
vn 0.213500 0.972103 -0.097123
vn 0.336553 0.912352 -0.233121
vn -0.919003 -0.264791 0.292095
vn -0.917461 -0.265539 -0.296232
vn -0.631904 -0.768937 -0.097126
vn -0.919003 -0.264791 0.292095
vn -0.631904 -0.768937 -0.097126
vn -0.632409 -0.768692 0.095768
vn -0.358689 0.885205 -0.296233
vn -0.360230 0.885953 0.292098
vn 0.212995 0.972348 0.095770
vn -0.358689 0.885205 -0.296233
vn 0.212995 0.972348 0.095770
vn 0.213500 0.972103 -0.097123
vn -0.545864 -0.445976 0.709322
vn -0.919003 -0.264791 0.292095
vn -0.632409 -0.768692 0.095768
vn -0.545864 -0.445976 0.709322
vn -0.632409 -0.768692 0.095768
vn -0.510070 -0.828096 0.232562
vn -0.360230 0.885953 0.292098
vn 0.012907 0.704767 0.709321
vn 0.335333 0.912944 0.232561
vn -0.360230 0.885953 0.292098
vn 0.335333 0.912944 0.232561
vn 0.212995 0.972348 0.095770
vn -0.016628 -0.702961 0.711034
vn -0.545864 -0.445976 0.709322
vn -0.510070 -0.828096 0.232562
vn -0.016628 -0.702961 0.711034
vn -0.510070 -0.828096 0.232562
vn -0.336553 -0.912352 0.233121
vn 0.012907 0.704767 0.709321
vn 0.542145 0.447784 0.711034
vn 0.508851 0.828688 0.233123
vn 0.012907 0.704767 0.709321
vn 0.508851 0.828688 0.233123
vn 0.335333 0.912944 0.232561
vn 0.358690 -0.885205 0.296234
vn -0.016628 -0.702961 0.711034
vn -0.336553 -0.912352 0.233121
vn 0.358690 -0.885205 0.296234
vn -0.336553 -0.912352 0.233121
vn -0.213500 -0.972103 0.097124
vn 0.542145 0.447784 0.711034
vn 0.917461 0.265540 0.296233
vn 0.631904 0.768937 0.097122
vn 0.542145 0.447784 0.711034
vn 0.631904 0.768937 0.097122
vn 0.508851 0.828688 0.233123
vn -0.335333 -0.912944 -0.232560
vn -0.212995 -0.972348 -0.095769
vn -0.436802 -0.899558 -0.000001
vn 0.731207 -0.571321 -0.372730
vn 0.255065 -0.340119 -0.905130
vn 0.425020 0.009887 -0.905130
vn 0.731207 -0.571321 -0.372730
vn 0.425020 0.009887 -0.905130
vn 0.901162 -0.221315 -0.372729
vn 0.632409 0.768692 -0.095769
vn 0.510071 0.828096 -0.232560
vn 0.436802 0.899558 -0.000001
vn -0.508851 -0.828688 -0.233123
vn -0.335333 -0.912944 -0.232560
vn -0.436802 -0.899558 -0.000001
vn 0.255065 -0.340119 -0.905130
vn -0.420268 -0.012194 -0.907318
vn -0.250315 0.337813 -0.907318
vn 0.255065 -0.340119 -0.905130
vn -0.250315 0.337813 -0.907318
vn 0.425020 0.009887 -0.905130
vn 0.510071 0.828096 -0.232560
vn 0.336553 0.912352 -0.233123
vn 0.436802 0.899558 -0.000001
vn -0.631904 -0.768937 -0.097124
vn -0.508851 -0.828688 -0.233123
vn -0.436802 -0.899558 -0.000001
vn -0.420268 -0.012194 -0.907318
vn -0.899194 0.220360 -0.378010
vn -0.729240 0.570365 -0.378011
vn -0.420268 -0.012194 -0.907318
vn -0.729240 0.570365 -0.378011
vn -0.250315 0.337813 -0.907318
vn 0.336553 0.912352 -0.233123
vn 0.213500 0.972103 -0.097123
vn 0.436802 0.899558 -0.000001
vn -0.632409 -0.768692 0.095768
vn -0.631904 -0.768937 -0.097124
vn -0.436802 -0.899558 -0.000001
vn -0.899194 0.220360 -0.378010
vn -0.901162 0.221315 0.372730
vn -0.731208 0.571322 0.372729
vn -0.899194 0.220360 -0.378010
vn -0.731208 0.571322 0.372729
vn -0.729240 0.570365 -0.378011
vn 0.213500 0.972103 -0.097123
vn 0.212995 0.972349 0.095768
vn 0.436802 0.899558 -0.000001
vn -0.510071 -0.828096 0.232561
vn -0.632409 -0.768692 0.095768
vn -0.436802 -0.899558 -0.000001
vn -0.901162 0.221315 0.372730
vn -0.425020 -0.009887 0.905130
vn -0.255066 0.340119 0.905130
vn -0.901162 0.221315 0.372730
vn -0.255066 0.340119 0.905130
vn -0.731208 0.571322 0.372729
vn 0.212995 0.972349 0.095768
vn 0.335333 0.912944 0.232561
vn 0.436802 0.899558 -0.000001
vn -0.336553 -0.912352 0.233122
vn -0.510071 -0.828096 0.232561
vn -0.436802 -0.899558 -0.000001
vn -0.425020 -0.009887 0.905130
vn 0.250315 -0.337812 0.907318
vn 0.420269 0.012194 0.907318
vn -0.425020 -0.009887 0.905130
vn 0.420269 0.012194 0.907318
vn -0.255066 0.340119 0.905130
vn 0.335333 0.912944 0.232561
vn 0.508851 0.828688 0.233122
vn 0.436802 0.899558 -0.000001
vn -0.213500 -0.972103 0.097124
vn -0.336553 -0.912352 0.233122
vn -0.436802 -0.899558 -0.000001
vn 0.250315 -0.337812 0.907318
vn 0.729239 -0.570366 0.378012
vn 0.899194 -0.220359 0.378011
vn 0.250315 -0.337812 0.907318
vn 0.899194 -0.220359 0.378011
vn 0.420269 0.012194 0.907318
vn 0.508851 0.828688 0.233122
vn 0.631904 0.768937 0.097124
vn 0.436802 0.899558 -0.000001
vn -0.212995 -0.972348 -0.095769
vn -0.213500 -0.972103 0.097124
vn -0.436802 -0.899558 -0.000001
vn 0.729239 -0.570366 0.378012
vn 0.731207 -0.571321 -0.372730
vn 0.901162 -0.221315 -0.372729
vn 0.729239 -0.570366 0.378012
vn 0.901162 -0.221315 -0.372729
vn 0.899194 -0.220359 0.378011
vn 0.631904 0.768937 0.097124
vn 0.632409 0.768692 -0.095769
vn 0.436802 0.899558 -0.000001
vn 0.899194 -0.220359 0.378011
vn 0.901162 -0.221315 -0.372729
vn 0.919002 0.264791 -0.292097
vn 0.899194 -0.220359 0.378011
vn 0.919002 0.264791 -0.292097
vn 0.917461 0.265540 0.296233
vn 0.731207 -0.571321 -0.372730
vn 0.729239 -0.570366 0.378012
vn 0.358689 -0.885205 0.296234
vn 0.731207 -0.571321 -0.372730
vn 0.358689 -0.885205 0.296234
vn 0.360231 -0.885953 -0.292097
vn 0.420269 0.012194 0.907318
vn 0.899194 -0.220359 0.378011
vn 0.917461 0.265540 0.296233
vn 0.420269 0.012194 0.907318
vn 0.917461 0.265540 0.296233
vn 0.542144 0.447784 0.711034
vn 0.729239 -0.570366 0.378012
vn 0.250315 -0.337812 0.907318
vn -0.016628 -0.702961 0.711034
vn 0.729239 -0.570366 0.378012
vn -0.016628 -0.702961 0.711034
vn 0.358689 -0.885205 0.296234
vn -0.255066 0.340119 0.905130
vn 0.420269 0.012194 0.907318
vn 0.542144 0.447784 0.711034
vn -0.255066 0.340119 0.905130
vn 0.542144 0.447784 0.711034
vn 0.012907 0.704767 0.709321
vn 0.250315 -0.337812 0.907318
vn -0.425020 -0.009887 0.905130
vn -0.545865 -0.445976 0.709321
vn 0.250315 -0.337812 0.907318
vn -0.545865 -0.445976 0.709321
vn -0.016628 -0.702961 0.711034
vn -0.731208 0.571322 0.372729
vn -0.255066 0.340119 0.905130
vn 0.012907 0.704767 0.709321
vn -0.731208 0.571322 0.372729
vn 0.012907 0.704767 0.709321
vn -0.360231 0.885954 0.292096
vn -0.425020 -0.009887 0.905130
vn -0.901162 0.221315 0.372730
vn -0.919002 -0.264790 0.292097
vn -0.425020 -0.009887 0.905130
vn -0.919002 -0.264790 0.292097
vn -0.545865 -0.445976 0.709321
vn -0.729240 0.570365 -0.378011
vn -0.731208 0.571322 0.372729
vn -0.360231 0.885954 0.292096
vn -0.729240 0.570365 -0.378011
vn -0.360231 0.885954 0.292096
vn -0.358689 0.885205 -0.296233
vn -0.901162 0.221315 0.372730
vn -0.899194 0.220360 -0.378010
vn -0.917461 -0.265539 -0.296234
vn -0.901162 0.221315 0.372730
vn -0.917461 -0.265539 -0.296234
vn -0.919002 -0.264790 0.292097
vn -0.250315 0.337813 -0.907318
vn -0.729240 0.570365 -0.378011
vn -0.358689 0.885205 -0.296233
vn -0.250315 0.337813 -0.907318
vn -0.358689 0.885205 -0.296233
vn 0.016627 0.702961 -0.711034
vn -0.899194 0.220360 -0.378010
vn -0.420268 -0.012194 -0.907318
vn -0.542143 -0.447783 -0.711035
vn -0.899194 0.220360 -0.378010
vn -0.542143 -0.447783 -0.711035
vn -0.917461 -0.265539 -0.296234
vn 0.425020 0.009887 -0.905130
vn -0.250315 0.337813 -0.907318
vn 0.016627 0.702961 -0.711034
vn 0.425020 0.009887 -0.905130
vn 0.016627 0.702961 -0.711034
vn 0.545864 0.445977 -0.709321
vn -0.420268 -0.012194 -0.907318
vn 0.255065 -0.340119 -0.905130
vn -0.012907 -0.704768 -0.709321
vn -0.420268 -0.012194 -0.907318
vn -0.012907 -0.704768 -0.709321
vn -0.542143 -0.447783 -0.711035
vn 0.901162 -0.221315 -0.372729
vn 0.425020 0.009887 -0.905130
vn 0.545864 0.445977 -0.709321
vn 0.901162 -0.221315 -0.372729
vn 0.545864 0.445977 -0.709321
vn 0.919002 0.264791 -0.292097
vn 0.255065 -0.340119 -0.905130
vn 0.731207 -0.571321 -0.372730
vn 0.360231 -0.885953 -0.292097
vn 0.255065 -0.340119 -0.905130
vn 0.360231 -0.885953 -0.292097
vn -0.012907 -0.704768 -0.709321
vn -0.012907 -0.704768 -0.709321
vn 0.360231 -0.885953 -0.292097
vn -0.212995 -0.972348 -0.095769
vn -0.012907 -0.704768 -0.709321
vn -0.212995 -0.972348 -0.095769
vn -0.335333 -0.912944 -0.232560
vn 0.360231 -0.885953 -0.292097
vn 0.358689 -0.885205 0.296234
vn -0.213500 -0.972103 0.097124
vn 0.360231 -0.885953 -0.292097
vn -0.213500 -0.972103 0.097124
vn -0.212995 -0.972348 -0.095769
vn -0.542143 -0.447783 -0.711035
vn -0.012907 -0.704768 -0.709321
vn -0.335333 -0.912944 -0.232560
vn -0.542143 -0.447783 -0.711035
vn -0.335333 -0.912944 -0.232560
vn -0.508851 -0.828688 -0.233123
vn 0.919002 0.264791 -0.292097
vn 0.545864 0.445977 -0.709321
vn 0.510071 0.828096 -0.232560
vn 0.919002 0.264791 -0.292097
vn 0.510071 0.828096 -0.232560
vn 0.632409 0.768692 -0.095769
vn 0.545864 0.445977 -0.709321
vn 0.016627 0.702961 -0.711034
vn 0.336553 0.912352 -0.233123
vn 0.545864 0.445977 -0.709321
vn 0.336553 0.912352 -0.233123
vn 0.510071 0.828096 -0.232560
vn 0.917461 0.265540 0.296233
vn 0.919002 0.264791 -0.292097
vn 0.632409 0.768692 -0.095769
vn 0.917461 0.265540 0.296233
vn 0.632409 0.768692 -0.095769
vn 0.631904 0.768937 0.097124
vn -0.917461 -0.265539 -0.296234
vn -0.542143 -0.447783 -0.711035
vn -0.508851 -0.828688 -0.233123
vn -0.917461 -0.265539 -0.296234
vn -0.508851 -0.828688 -0.233123
vn -0.631904 -0.768937 -0.097124
vn 0.016627 0.702961 -0.711034
vn -0.358689 0.885205 -0.296233
vn 0.213500 0.972103 -0.097123
vn 0.016627 0.702961 -0.711034
vn 0.213500 0.972103 -0.097123
vn 0.336553 0.912352 -0.233123
vn -0.919002 -0.264790 0.292097
vn -0.917461 -0.265539 -0.296234
vn -0.631904 -0.768937 -0.097124
vn -0.919002 -0.264790 0.292097
vn -0.631904 -0.768937 -0.097124
vn -0.632409 -0.768692 0.095768
vn -0.358689 0.885205 -0.296233
vn -0.360231 0.885954 0.292096
vn 0.212995 0.972349 0.095768
vn -0.358689 0.885205 -0.296233
vn 0.212995 0.972349 0.095768
vn 0.213500 0.972103 -0.097123
vn -0.545865 -0.445976 0.709321
vn -0.919002 -0.264790 0.292097
vn -0.632409 -0.768692 0.095768
vn -0.545865 -0.445976 0.709321
vn -0.632409 -0.768692 0.095768
vn -0.510071 -0.828096 0.232561
vn -0.360231 0.885954 0.292096
vn 0.012907 0.704767 0.709321
vn 0.335333 0.912944 0.232561
vn -0.360231 0.885954 0.292096
vn 0.335333 0.912944 0.232561
vn 0.212995 0.972349 0.095768
vn -0.016628 -0.702961 0.711034
vn -0.545865 -0.445976 0.709321
vn -0.510071 -0.828096 0.232561
vn -0.016628 -0.702961 0.711034
vn -0.510071 -0.828096 0.232561
vn -0.336553 -0.912352 0.233122
vn 0.012907 0.704767 0.709321
vn 0.542144 0.447784 0.711034
vn 0.508851 0.828688 0.233122
vn 0.012907 0.704767 0.709321
vn 0.508851 0.828688 0.233122
vn 0.335333 0.912944 0.232561
vn 0.358689 -0.885205 0.296234
vn -0.016628 -0.702961 0.711034
vn -0.336553 -0.912352 0.233122
vn 0.358689 -0.885205 0.296234
vn -0.336553 -0.912352 0.233122
vn -0.213500 -0.972103 0.097124
vn 0.542144 0.447784 0.711034
vn 0.917461 0.265540 0.296233
vn 0.631904 0.768937 0.097124
vn 0.542144 0.447784 0.711034
vn 0.631904 0.768937 0.097124
vn 0.508851 0.828688 0.233122
vn 0.000000 -0.000000 -1.000000
vn 0.000000 -0.000000 -1.000000
vn 0.000000 -0.000000 -1.000000
vn 0.940525 0.000000 0.339725
vn 0.665051 0.665052 0.339724
vn 0.707107 0.707107 -0.000000
vn 0.940525 0.000000 0.339725
vn 0.707107 0.707107 -0.000000
vn 1.000000 -0.000000 0.000000
vn -0.621156 0.621154 -0.477842
vn -0.000001 0.878446 -0.477842
vn -0.000001 0.878446 -0.477841
vn -0.621156 0.621154 -0.477842
vn -0.000001 0.878446 -0.477841
vn -0.621156 0.621154 -0.477841
vn 0.000000 0.000000 -1.000000
vn 0.000000 -0.000000 -1.000000
vn 0.000000 -0.000000 -1.000000
vn 0.665051 0.665052 0.339724
vn -0.000000 0.940525 0.339724
vn 0.000000 1.000000 -0.000001
vn 0.665051 0.665052 0.339724
vn 0.000000 1.000000 -0.000001
vn 0.707107 0.707107 -0.000000
vn -0.000001 0.878446 -0.477842
vn 0.621154 0.621156 -0.477842
vn 0.621154 0.621156 -0.477841
vn -0.000001 0.878446 -0.477842
vn 0.621154 0.621156 -0.477841
vn -0.000001 0.878446 -0.477841
vn 0.000000 -0.000000 -1.000000
vn 0.000000 0.000000 -1.000000
vn 0.000000 -0.000000 -1.000000
vn -0.000000 0.940525 0.339724
vn -0.665052 0.665052 0.339723
vn -0.707107 0.707107 -0.000001
vn -0.000000 0.940525 0.339724
vn -0.707107 0.707107 -0.000001
vn 0.000000 1.000000 -0.000001
vn 0.621154 0.621156 -0.477842
vn 0.878446 0.000002 -0.477842
vn 0.878446 0.000002 -0.477842
vn 0.621154 0.621156 -0.477842
vn 0.878446 0.000002 -0.477842
vn 0.621154 0.621156 -0.477841
vn 0.000000 -0.000000 -1.000000
vn 0.000000 -0.000000 -1.000000
vn 0.000000 -0.000000 -1.000000
vn -0.665052 0.665052 0.339723
vn -0.940525 -0.000000 0.339723
vn -1.000000 0.000000 -0.000002
vn -0.665052 0.665052 0.339723
vn -1.000000 0.000000 -0.000002
vn -0.707107 0.707107 -0.000001
vn 0.878446 0.000002 -0.477842
vn 0.621156 -0.621154 -0.477843
vn 0.621156 -0.621154 -0.477842
vn 0.878446 0.000002 -0.477842
vn 0.621156 -0.621154 -0.477842
vn 0.878446 0.000002 -0.477842
vn 0.000000 -0.000000 -1.000000
vn 0.000000 -0.000000 -1.000000
vn 0.000000 -0.000000 -1.000000
vn -0.940525 -0.000000 0.339723
vn -0.665052 -0.665052 0.339724
vn -0.707107 -0.707107 -0.000001
vn -0.940525 -0.000000 0.339723
vn -0.707107 -0.707107 -0.000001
vn -1.000000 0.000000 -0.000002
vn 0.621156 -0.621154 -0.477843
vn 0.000002 -0.878445 -0.477843
vn 0.000002 -0.878446 -0.477841
vn 0.621156 -0.621154 -0.477843
vn 0.000002 -0.878446 -0.477841
vn 0.621156 -0.621154 -0.477842
vn 0.000000 -0.000000 -1.000000
vn 0.000000 -0.000000 -1.000000
vn 0.000000 -0.000000 -1.000000
vn -0.665052 -0.665052 0.339724
vn 0.000000 -0.940525 0.339724
vn -0.000000 -1.000000 -0.000001
vn -0.665052 -0.665052 0.339724
vn -0.000000 -1.000000 -0.000001
vn -0.707107 -0.707107 -0.000001
vn 0.000002 -0.878445 -0.477843
vn -0.621154 -0.621156 -0.477842
vn -0.621154 -0.621156 -0.477841
vn 0.000002 -0.878445 -0.477843
vn -0.621154 -0.621156 -0.477841
vn 0.000002 -0.878446 -0.477841
vn 0.000000 -0.000000 -1.000000
vn 0.000000 -0.000000 -1.000000
vn 0.000000 -0.000000 -1.000000
vn 0.000000 -0.940525 0.339724
vn 0.665052 -0.665051 0.339725
vn 0.707107 -0.707107 0.000000
vn 0.000000 -0.940525 0.339724
vn 0.707107 -0.707107 0.000000
vn -0.000000 -1.000000 -0.000001
vn -0.878445 -0.000002 -0.477843
vn -0.621156 0.621154 -0.477842
vn -0.621156 0.621154 -0.477841
vn -0.878445 -0.000002 -0.477843
vn -0.621156 0.621154 -0.477841
vn -0.878446 -0.000002 -0.477841
vn 0.000000 -0.000000 -1.000000
vn 0.000000 -0.000000 -1.000000
vn 0.000000 -0.000000 -1.000000
vn 0.665052 -0.665051 0.339725
vn 0.940525 0.000000 0.339725
vn 1.000000 -0.000000 0.000000
vn 0.665052 -0.665051 0.339725
vn 1.000000 -0.000000 0.000000
vn 0.707107 -0.707107 0.000000
vn -0.621154 -0.621156 -0.477842
vn -0.878445 -0.000002 -0.477843
vn -0.878446 -0.000002 -0.477841
vn -0.621154 -0.621156 -0.477842
vn -0.878446 -0.000002 -0.477841
vn -0.621154 -0.621156 -0.477841
vn 0.940525 0.000000 0.339725
vn 0.665052 -0.665051 0.339725
vn 0.632237 -0.632236 0.447832
vn 0.940525 0.000000 0.339725
vn 0.632237 -0.632236 0.447832
vn 0.894118 0.000001 0.447832
vn 0.665052 -0.665051 0.339725
vn 0.000000 -0.940525 0.339724
vn 0.000001 -0.894118 0.447832
vn 0.665052 -0.665051 0.339725
vn 0.000001 -0.894118 0.447832
vn 0.632237 -0.632236 0.447832
vn 0.000000 -0.940525 0.339724
vn -0.665052 -0.665052 0.339724
vn -0.632236 -0.632238 0.447831
vn 0.000000 -0.940525 0.339724
vn -0.632236 -0.632238 0.447831
vn 0.000001 -0.894118 0.447832
vn -0.665052 -0.665052 0.339724
vn -0.940525 -0.000000 0.339723
vn -0.894118 -0.000001 0.447831
vn -0.665052 -0.665052 0.339724
vn -0.894118 -0.000001 0.447831
vn -0.632236 -0.632238 0.447831
vn -0.940525 -0.000000 0.339723
vn -0.665052 0.665052 0.339723
vn -0.632238 0.632237 0.447831
vn -0.940525 -0.000000 0.339723
vn -0.632238 0.632237 0.447831
vn -0.894118 -0.000001 0.447831
vn -0.665052 0.665052 0.339723
vn -0.000000 0.940525 0.339724
vn -0.000001 0.894118 0.447831
vn -0.665052 0.665052 0.339723
vn -0.000001 0.894118 0.447831
vn -0.632238 0.632237 0.447831
vn -0.000000 0.940525 0.339724
vn 0.665051 0.665052 0.339724
vn 0.632236 0.632238 0.447831
vn -0.000000 0.940525 0.339724
vn 0.632236 0.632238 0.447831
vn -0.000001 0.894118 0.447831
vn 0.665051 0.665052 0.339724
vn 0.940525 0.000000 0.339725
vn 0.894118 0.000001 0.447832
vn 0.665051 0.665052 0.339724
vn 0.894118 0.000001 0.447832
vn 0.632236 0.632238 0.447831
vn 0.632236 0.632238 0.447831
vn 0.894118 0.000001 0.447832
vn 0.989401 0.000002 0.145208
vn 0.632236 0.632238 0.447831
vn 0.989401 0.000002 0.145208
vn 0.699611 0.699613 0.145210
vn 0.894118 0.000001 0.447832
vn 0.632237 -0.632236 0.447832
vn 0.699613 -0.699611 0.145211
vn 0.894118 0.000001 0.447832
vn 0.699613 -0.699611 0.145211
vn 0.989401 0.000002 0.145208
vn -0.000001 0.894118 0.447831
vn 0.632236 0.632238 0.447831
vn 0.699611 0.699613 0.145210
vn -0.000001 0.894118 0.447831
vn 0.699611 0.699613 0.145210
vn -0.000002 0.989401 0.145209
vn -0.632238 0.632237 0.447831
vn -0.000001 0.894118 0.447831
vn -0.000002 0.989401 0.145209
vn -0.632238 0.632237 0.447831
vn -0.000002 0.989401 0.145209
vn -0.699614 0.699611 0.145208
vn -0.894118 -0.000001 0.447831
vn -0.632238 0.632237 0.447831
vn -0.699614 0.699611 0.145208
vn -0.894118 -0.000001 0.447831
vn -0.699614 0.699611 0.145208
vn -0.989401 -0.000002 0.145209
vn -0.632236 -0.632238 0.447831
vn -0.894118 -0.000001 0.447831
vn -0.989401 -0.000002 0.145209
vn -0.632236 -0.632238 0.447831
vn -0.989401 -0.000002 0.145209
vn -0.699611 -0.699613 0.145209
vn 0.000001 -0.894118 0.447832
vn -0.632236 -0.632238 0.447831
vn -0.699611 -0.699613 0.145209
vn 0.000001 -0.894118 0.447832
vn -0.699611 -0.699613 0.145209
vn 0.000002 -0.989401 0.145210
vn 0.632237 -0.632236 0.447832
vn 0.000001 -0.894118 0.447832
vn 0.000002 -0.989401 0.145210
vn 0.632237 -0.632236 0.447832
vn 0.000002 -0.989401 0.145210
vn 0.699613 -0.699611 0.145211
vn 0.699613 -0.699611 0.145211
vn 0.000002 -0.989401 0.145210
vn 0.000002 -0.998710 0.050772
vn 0.699613 -0.699611 0.145211
vn 0.000002 -0.998710 0.050772
vn 0.706196 -0.706194 0.050773
vn 0.000002 -0.989401 0.145210
vn -0.699611 -0.699613 0.145209
vn -0.706194 -0.706196 0.050771
vn 0.000002 -0.989401 0.145210
vn -0.706194 -0.706196 0.050771
vn 0.000002 -0.998710 0.050772
vn 0.989401 0.000002 0.145208
vn 0.699613 -0.699611 0.145211
vn 0.706196 -0.706194 0.050773
vn 0.989401 0.000002 0.145208
vn 0.706196 -0.706194 0.050773
vn 0.998710 0.000002 0.050770
vn -0.699611 -0.699613 0.145209
vn -0.989401 -0.000002 0.145209
vn -0.998710 -0.000002 0.050771
vn -0.699611 -0.699613 0.145209
vn -0.998710 -0.000002 0.050771
vn -0.706194 -0.706196 0.050771
vn -0.989401 -0.000002 0.145209
vn -0.699614 0.699611 0.145208
vn -0.706196 0.706194 0.050770
vn -0.989401 -0.000002 0.145209
vn -0.706196 0.706194 0.050770
vn -0.998710 -0.000002 0.050771
vn -0.699614 0.699611 0.145208
vn -0.000002 0.989401 0.145209
vn -0.000002 0.998710 0.050771
vn -0.699614 0.699611 0.145208
vn -0.000002 0.998710 0.050771
vn -0.706196 0.706194 0.050770
vn -0.000002 0.989401 0.145209
vn 0.699611 0.699613 0.145210
vn 0.706194 0.706196 0.050771
vn -0.000002 0.989401 0.145209
vn 0.706194 0.706196 0.050771
vn -0.000002 0.998710 0.050771
vn 0.699611 0.699613 0.145210
vn 0.989401 0.000002 0.145208
vn 0.998710 0.000002 0.050770
vn 0.699611 0.699613 0.145210
vn 0.998710 0.000002 0.050770
vn 0.706194 0.706196 0.050771
vn 0.450305 -0.892875 0.000618
vn 0.467855 -0.883805 0.000264
vn 0.468607 -0.883407 -0.000123
vn 0.450305 -0.892875 0.000618
vn 0.468607 -0.883407 -0.000123
vn 0.435397 -0.900238 -0.000704
vn 0.450305 -0.892875 0.000618
vn 0.435397 -0.900238 -0.000704
vn 0.433520 -0.901144 0.000440
vn 0.000106 0.000123 -1.000000
vn 0.000035 0.000165 -1.000000
vn 0.000037 0.000617 -1.000000
vn -0.000137 -0.000102 -1.000000
vn 0.000035 0.000165 -1.000000
vn 0.000106 0.000123 -1.000000
vn -0.427852 -0.666537 0.610467
vn -0.427852 -0.666538 0.610467
vn -0.735669 0.043373 0.675951
vn -0.427852 -0.666537 0.610467
vn -0.735669 0.043373 0.675951
vn -0.735669 0.043373 0.675951
vn 0.000646 0.001184 0.999999
vn 0.000583 -0.000221 1.000000
vn -0.000495 -0.000132 1.000000
vn -0.431230 0.656316 0.619104
vn -0.431230 0.656316 0.619104
vn -0.735669 0.043373 0.675951
vn -0.431230 0.656316 0.619104
vn -0.735669 0.043373 0.675951
vn -0.735669 0.043373 0.675951
vn 0.433520 -0.901144 0.000440
vn -0.735712 0.043522 -0.675894
vn -0.735712 0.043523 -0.675894
vn 0.433520 -0.901144 0.000440
vn -0.735712 0.043523 -0.675894
vn -0.420490 -0.676215 -0.604915
vn -0.735712 0.043523 -0.675894
vn -0.735712 0.043522 -0.675894
vn -0.429110 0.656662 -0.620209
vn -0.735712 0.043523 -0.675894
vn -0.429110 0.656662 -0.620209
vn -0.429110 0.656663 -0.620209
vn -0.000271 -0.000210 -1.000000
vn 0.000035 0.000165 -1.000000
vn -0.000137 -0.000102 -1.000000
vn -0.002393 -0.001678 0.999996
vn 0.000646 0.001184 0.999999
vn -0.000495 -0.000132 1.000000
vn -0.547178 0.837017 0.000105
vn -0.997533 0.070198 0.000046
vn -0.997533 0.070198 0.000047
vn -0.547178 0.837017 0.000105
vn -0.997533 0.070198 0.000047
vn -0.547178 0.837017 0.000106
vn -0.454308 -0.890845 -0.000317
vn -0.997533 0.070198 0.000047
vn -0.997533 0.070198 0.000046
vn -0.454308 -0.890845 -0.000317
vn -0.997533 0.070198 0.000046
vn -0.454308 -0.890845 -0.000317
vn 0.384824 0.819088 0.425446
vn 0.384824 0.819088 0.425446
vn 0.384825 0.819088 0.425446
vn 0.384824 0.819088 0.425446
vn 0.384825 0.819088 0.425446
vn 0.384824 0.819089 0.425446
vn 0.383760 0.817514 -0.429417
vn 0.383760 0.817514 -0.429417
vn 0.383759 0.817514 -0.429418
vn 0.383760 0.817514 -0.429417
vn 0.383759 0.817514 -0.429418
vn 0.383759 0.817515 -0.429417
vn 0.425848 0.904795 0.000468
vn 0.425849 0.904794 0.000467
vn 0.425849 0.904794 0.000468
vn 0.425848 0.904795 0.000468
vn 0.425849 0.904794 0.000468
vn 0.425848 0.904795 0.000468
vn 0.468607 -0.883407 -0.000123
vn 0.469359 -0.883007 -0.000508
vn 0.452924 -0.891549 -0.000912
vn 0.468607 -0.883407 -0.000123
vn 0.452924 -0.891549 -0.000912
vn 0.435397 -0.900238 -0.000704
vn -0.002393 -0.001678 0.999996
vn -0.000495 -0.000132 1.000000
vn -0.004323 -0.003224 0.999985
vn 0.976215 -0.216802 0.001282
vn 0.976215 -0.216802 0.001282
vn 0.976215 -0.216802 0.001282
vn 0.976215 -0.216802 0.001282
vn 0.976215 -0.216802 0.001282
vn 0.976215 -0.216802 0.001282
vn 0.611079 0.513897 -0.602074
vn 0.611080 0.513897 -0.602073
vn 0.611079 0.513897 -0.602073
vn 0.611079 0.513897 -0.602074
vn 0.611079 0.513897 -0.602073
vn 0.611080 0.513897 -0.602073
vn 0.005189 0.785166 -0.619264
vn 0.005189 0.785166 -0.619264
vn 0.005189 0.785166 -0.619264
vn 0.005189 0.785166 -0.619264
vn 0.005189 0.785166 -0.619264
vn 0.005189 0.785165 -0.619264
vn 0.001546 -0.000968 -0.999998
vn 0.001546 -0.000967 -0.999998
vn 0.001546 -0.000968 -0.999998
vn 0.001546 -0.000968 -0.999998
vn 0.001546 -0.000968 -0.999998
vn 0.001546 -0.000967 -0.999998
vn 0.001546 -0.000968 -0.999998
vn 0.001546 -0.000967 -0.999998
vn 0.001546 -0.000967 -0.999998
vn 0.001546 -0.000968 -0.999998
vn 0.001546 -0.000967 -0.999998
vn 0.001546 -0.000967 -0.999998
vn -0.000000 -1.000000 -0.000001
vn 0.000000 -1.000000 -0.000000
vn 0.000000 -1.000000 0.000002
vn -0.000000 -1.000000 -0.000001
vn 0.000000 -1.000000 0.000002
vn -0.000000 -1.000000 -0.000002
vn -0.611079 0.513897 -0.602074
vn -0.611078 0.513897 -0.602074
vn -0.611079 0.513896 -0.602074
vn -0.611079 0.513897 -0.602074
vn -0.611079 0.513896 -0.602074
vn -0.611079 0.513897 -0.602073
vn 0.797096 0.001518 -0.603850
vn 0.798300 0.000173 -0.602260
vn 0.799928 -0.002010 -0.600092
vn 0.797096 0.001518 -0.603850
vn 0.799928 -0.002010 -0.600092
vn 0.799241 -0.005047 -0.600989
vn -0.799927 -0.002011 -0.600093
vn -0.798299 0.000174 -0.602261
vn -0.797097 0.001518 -0.603850
vn -0.799927 -0.002011 -0.600093
vn -0.797097 0.001518 -0.603850
vn -0.799241 -0.005047 -0.600989
vn -0.001063 -0.999969 -0.007772
vn -0.001063 -0.999969 -0.007771
vn -0.001063 -0.999969 -0.007770
vn 0.001063 -0.999969 -0.007772
vn 0.001062 -0.999969 -0.007773
vn 0.001063 -0.999969 -0.007773
vn 0.001139 -0.943086 -0.332547
vn 0.001139 -0.943086 -0.332548
vn 0.001139 -0.943085 -0.332549
vn 0.001139 -0.943086 -0.332547
vn 0.001139 -0.943085 -0.332549
vn 0.001139 -0.943086 -0.332547
vn 0.999970 0.003603 -0.006819
vn 0.999970 0.003602 -0.006819
vn 0.999970 0.003603 -0.006817
vn 0.903229 -0.164938 -0.396198
vn 0.903230 -0.164939 -0.396196
vn 0.903229 -0.164938 -0.396198
vn 0.903229 -0.164938 -0.396198
vn 0.903229 -0.164938 -0.396198
vn 0.903229 -0.164939 -0.396197
vn -0.000033 0.832716 -0.553700
vn -0.000033 0.832717 -0.553699
vn -0.000032 0.832717 -0.553699
vn -0.000033 0.832716 -0.553700
vn -0.000032 0.832717 -0.553699
vn -0.000032 0.832717 -0.553698
vn 0.788858 0.166325 -0.591641
vn 0.788858 0.166324 -0.591642
vn 0.788858 0.166325 -0.591641
vn 0.788858 0.166325 -0.591641
vn 0.788858 0.166325 -0.591641
vn 0.788858 0.166324 -0.591641
vn -0.903229 -0.164938 -0.396198
vn -0.903229 -0.164938 -0.396199
vn -0.903228 -0.164938 -0.396199
vn -0.903229 -0.164938 -0.396198
vn -0.903228 -0.164938 -0.396199
vn -0.903229 -0.164938 -0.396198
vn -0.457200 0.711351 -0.533805
vn -0.457201 0.711352 -0.533803
vn -0.457200 0.711352 -0.533804
vn -0.457200 0.711351 -0.533805
vn -0.457200 0.711352 -0.533804
vn -0.457201 0.711351 -0.533804
vn -0.503190 -0.780858 -0.370217
vn -0.503189 -0.780859 -0.370217
vn -0.503189 -0.780858 -0.370218
vn -0.503190 -0.780858 -0.370217
vn -0.503189 -0.780858 -0.370218
vn -0.503190 -0.780858 -0.370217
vn -0.788859 0.166325 -0.591640
vn -0.788858 0.166325 -0.591641
vn -0.788859 0.166325 -0.591640
vn -0.788859 0.166325 -0.591640
vn -0.788859 0.166325 -0.591640
vn -0.788858 0.166325 -0.591640
vn 0.503189 -0.780859 -0.370216
vn 0.503189 -0.780858 -0.370218
vn 0.503189 -0.780859 -0.370216
vn 0.503189 -0.780859 -0.370216
vn 0.503189 -0.780859 -0.370216
vn 0.503189 -0.780859 -0.370216
vn 0.457201 0.711351 -0.533804
vn 0.457201 0.711351 -0.533804
vn 0.457200 0.711351 -0.533805
vn 0.457201 0.711351 -0.533804
vn 0.457200 0.711351 -0.533805
vn 0.457201 0.711351 -0.533805
vn 0.000033 0.832717 -0.553699
vn 0.000033 0.832717 -0.553699
vn 0.000033 0.832717 -0.553699
vn 0.000033 0.832717 -0.553699
vn 0.000033 0.832717 -0.553699
vn 0.000033 0.832717 -0.553699
vn -0.999970 0.003605 -0.006819
vn -0.999970 0.003603 -0.006817
vn -0.999970 0.003603 -0.006817
vn -0.001140 -0.943086 -0.332547
vn -0.001140 -0.943086 -0.332548
vn -0.001140 -0.943086 -0.332548
vn -0.001140 -0.943086 -0.332547
vn -0.001140 -0.943086 -0.332548
vn -0.001140 -0.943086 -0.332547
vn -0.433520 -0.901144 0.000439
vn -0.435397 -0.900238 -0.000704
vn -0.468608 -0.883406 -0.000123
vn -0.433520 -0.901144 0.000439
vn -0.468608 -0.883406 -0.000123
vn -0.467855 -0.883805 0.000265
vn -0.433520 -0.901144 0.000439
vn -0.467855 -0.883805 0.000265
vn -0.450306 -0.892874 0.000617
vn -0.000038 0.000617 -1.000000
vn -0.000035 0.000165 -1.000000
vn -0.000106 0.000123 -1.000000
vn -0.000106 0.000123 -1.000000
vn -0.000035 0.000165 -1.000000
vn 0.000137 -0.000102 -1.000000
vn 0.735669 0.043373 0.675951
vn 0.735668 0.043373 0.675952
vn 0.427852 -0.666538 0.610467
vn 0.735669 0.043373 0.675951
vn 0.427852 -0.666538 0.610467
vn 0.427852 -0.666538 0.610467
vn 0.000495 -0.000132 1.000000
vn -0.000584 -0.000220 1.000000
vn -0.000646 0.001184 0.999999
vn 0.735668 0.043373 0.675952
vn 0.735669 0.043373 0.675951
vn 0.431230 0.656316 0.619104
vn 0.735668 0.043373 0.675952
vn 0.431230 0.656316 0.619104
vn 0.431230 0.656316 0.619104
vn 0.420488 -0.676215 -0.604916
vn 0.735712 0.043523 -0.675895
vn 0.735712 0.043522 -0.675894
vn 0.420488 -0.676215 -0.604916
vn 0.735712 0.043522 -0.675894
vn -0.433520 -0.901144 0.000439
vn 0.429111 0.656663 -0.620208
vn 0.429110 0.656663 -0.620208
vn 0.735712 0.043522 -0.675894
vn 0.429111 0.656663 -0.620208
vn 0.735712 0.043522 -0.675894
vn 0.735712 0.043523 -0.675895
vn 0.000137 -0.000102 -1.000000
vn -0.000035 0.000165 -1.000000
vn 0.000271 -0.000209 -1.000000
vn 0.000495 -0.000132 1.000000
vn -0.000646 0.001184 0.999999
vn 0.002392 -0.001678 0.999996
vn 0.547178 0.837017 0.000106
vn 0.997533 0.070197 0.000048
vn 0.997533 0.070197 0.000047
vn 0.547178 0.837017 0.000106
vn 0.997533 0.070197 0.000047
vn 0.547178 0.837017 0.000107
vn 0.454308 -0.890845 -0.000318
vn 0.997533 0.070197 0.000047
vn 0.997533 0.070197 0.000048
vn 0.454308 -0.890845 -0.000318
vn 0.997533 0.070197 0.000048
vn 0.454308 -0.890845 -0.000317
vn -0.384825 0.819088 0.425446
vn -0.384825 0.819088 0.425446
vn -0.384825 0.819089 0.425445
vn -0.384825 0.819088 0.425446
vn -0.384825 0.819089 0.425445
vn -0.384824 0.819089 0.425446
vn -0.383759 0.817515 -0.429416
vn -0.383760 0.817515 -0.429416
vn -0.383759 0.817515 -0.429416
vn -0.383759 0.817515 -0.429416
vn -0.383759 0.817515 -0.429416
vn -0.383759 0.817515 -0.429416
vn -0.425848 0.904795 0.000467
vn -0.425848 0.904794 0.000468
vn -0.425848 0.904794 0.000469
vn -0.425848 0.904795 0.000467
vn -0.425848 0.904794 0.000469
vn -0.425848 0.904795 0.000468
vn -0.435397 -0.900238 -0.000704
vn -0.452925 -0.891548 -0.000912
vn -0.469359 -0.883007 -0.000509
vn -0.435397 -0.900238 -0.000704
vn -0.469359 -0.883007 -0.000509
vn -0.468608 -0.883406 -0.000123
vn 0.004322 -0.003224 0.999985
vn 0.000495 -0.000132 1.000000
vn 0.002392 -0.001678 0.999996
vn -0.976215 -0.216802 0.001281
vn -0.976215 -0.216802 0.001282
vn -0.976215 -0.216802 0.001281
vn -0.976215 -0.216802 0.001281
vn -0.976215 -0.216802 0.001281
vn -0.976215 -0.216801 0.001282
vn 0.000001 0.000000 -1.000000
vn 0.000000 -0.000000 -1.000000
vn 0.000000 -0.000000 -1.000000
vn 0.940525 0.000001 0.339725
vn 0.665052 0.665052 0.339724
vn 0.707107 0.707107 -0.000001
vn 0.940525 0.000001 0.339725
vn 0.707107 0.707107 -0.000001
vn 1.000000 -0.000001 -0.000000
vn -0.621156 0.621154 -0.477842
vn -0.000001 0.878446 -0.477842
vn -0.000002 0.878446 -0.477841
vn -0.621156 0.621154 -0.477842
vn -0.000002 0.878446 -0.477841
vn -0.621157 0.621154 -0.477841
vn 0.000000 -0.000000 -1.000000
vn 0.000001 0.000000 -1.000000
vn 0.000000 -0.000000 -1.000000
vn 0.665052 0.665052 0.339724
vn -0.000000 0.940525 0.339723
vn 0.000000 1.000000 -0.000001
vn 0.665052 0.665052 0.339724
vn 0.000000 1.000000 -0.000001
vn 0.707107 0.707107 -0.000001
vn -0.000001 0.878446 -0.477842
vn 0.621154 0.621156 -0.477842
vn 0.621154 0.621156 -0.477841
vn -0.000001 0.878446 -0.477842
vn 0.621154 0.621156 -0.477841
vn -0.000002 0.878446 -0.477841
vn 0.000000 -0.000000 -1.000000
vn 0.000000 -0.000000 -1.000000
vn 0.000000 -0.000000 -1.000000
vn -0.000000 0.940525 0.339723
vn -0.665052 0.665052 0.339723
vn -0.707107 0.707107 -0.000002
vn -0.000000 0.940525 0.339723
vn -0.707107 0.707107 -0.000002
vn 0.000000 1.000000 -0.000001
vn 0.621154 0.621156 -0.477842
vn 0.878446 0.000001 -0.477843
vn 0.878446 0.000002 -0.477842
vn 0.621154 0.621156 -0.477842
vn 0.878446 0.000002 -0.477842
vn 0.621154 0.621156 -0.477841
vn 0.000000 0.000000 -1.000000
vn 0.000000 -0.000000 -1.000000
vn 0.000000 -0.000000 -1.000000
vn -0.665052 0.665052 0.339723
vn -0.940525 -0.000000 0.339723
vn -1.000000 0.000001 -0.000002
vn -0.665052 0.665052 0.339723
vn -1.000000 0.000001 -0.000002
vn -0.707107 0.707107 -0.000002
vn 0.878446 0.000001 -0.477843
vn 0.621156 -0.621153 -0.477843
vn 0.621156 -0.621154 -0.477842
vn 0.878446 0.000001 -0.477843
vn 0.621156 -0.621154 -0.477842
vn 0.878446 0.000002 -0.477842
vn 0.000000 -0.000000 -1.000000
vn 0.000000 0.000000 -1.000000
vn 0.000000 -0.000000 -1.000000
vn -0.940525 -0.000000 0.339723
vn -0.665052 -0.665052 0.339723
vn -0.707107 -0.707107 -0.000001
vn -0.940525 -0.000000 0.339723
vn -0.707107 -0.707107 -0.000001
vn -1.000000 0.000001 -0.000002
vn 0.621156 -0.621153 -0.477843
vn 0.000002 -0.878445 -0.477843
vn 0.000001 -0.878446 -0.477841
vn 0.621156 -0.621153 -0.477843
vn 0.000001 -0.878446 -0.477841
vn 0.621156 -0.621154 -0.477842
vn -0.000000 -0.000001 -1.000000
vn 0.000000 -0.000000 -1.000000
vn 0.000000 -0.000000 -1.000000
vn -0.665052 -0.665052 0.339723
vn -0.000000 -0.940525 0.339724
vn -0.000000 -1.000000 -0.000001
vn -0.665052 -0.665052 0.339723
vn -0.000000 -1.000000 -0.000001
vn -0.707107 -0.707107 -0.000001
vn 0.000002 -0.878445 -0.477843
vn -0.621154 -0.621156 -0.477842
vn -0.621154 -0.621156 -0.477842
vn 0.000002 -0.878445 -0.477843
vn -0.621154 -0.621156 -0.477842
vn 0.000001 -0.878446 -0.477841
vn -0.000000 -0.000000 -1.000000
vn -0.000000 -0.000001 -1.000000
vn 0.000000 -0.000000 -1.000000
vn -0.000000 -0.940525 0.339724
vn 0.665052 -0.665051 0.339725
vn 0.707107 -0.707107 -0.000000
vn -0.000000 -0.940525 0.339724
vn 0.707107 -0.707107 -0.000000
vn -0.000000 -1.000000 -0.000001
vn -0.878446 -0.000002 -0.477841
vn -0.621156 0.621154 -0.477842
vn -0.621157 0.621154 -0.477841
vn -0.878446 -0.000002 -0.477841
vn -0.621157 0.621154 -0.477841
vn -0.878446 -0.000001 -0.477841
vn 0.000000 -0.000000 -1.000000
vn -0.000000 -0.000000 -1.000000
vn 0.000000 -0.000000 -1.000000
vn 0.665052 -0.665051 0.339725
vn 0.940525 0.000001 0.339725
vn 1.000000 -0.000001 -0.000000
vn 0.665052 -0.665051 0.339725
vn 1.000000 -0.000001 -0.000000
vn 0.707107 -0.707107 -0.000000
vn -0.621154 -0.621156 -0.477842
vn -0.878446 -0.000002 -0.477841
vn -0.878446 -0.000001 -0.477841
vn -0.621154 -0.621156 -0.477842
vn -0.878446 -0.000001 -0.477841
vn -0.621154 -0.621156 -0.477842
vn 0.940525 0.000001 0.339725
vn 0.665052 -0.665051 0.339725
vn 0.632238 -0.632236 0.447832
vn 0.940525 0.000001 0.339725
vn 0.632238 -0.632236 0.447832
vn 0.894118 0.000001 0.447832
vn 0.665052 -0.665051 0.339725
vn -0.000000 -0.940525 0.339724
vn 0.000001 -0.894118 0.447832
vn 0.665052 -0.665051 0.339725
vn 0.000001 -0.894118 0.447832
vn 0.632238 -0.632236 0.447832
vn -0.000000 -0.940525 0.339724
vn -0.665052 -0.665052 0.339723
vn -0.632236 -0.632238 0.447831
vn -0.000000 -0.940525 0.339724
vn -0.632236 -0.632238 0.447831
vn 0.000001 -0.894118 0.447832
vn -0.665052 -0.665052 0.339723
vn -0.940525 -0.000000 0.339723
vn -0.894118 -0.000001 0.447831
vn -0.665052 -0.665052 0.339723
vn -0.894118 -0.000001 0.447831
vn -0.632236 -0.632238 0.447831
vn -0.940525 -0.000000 0.339723
vn -0.665052 0.665052 0.339723
vn -0.632238 0.632236 0.447831
vn -0.940525 -0.000000 0.339723
vn -0.632238 0.632236 0.447831
vn -0.894118 -0.000001 0.447831
vn -0.665052 0.665052 0.339723
vn -0.000000 0.940525 0.339723
vn -0.000001 0.894118 0.447831
vn -0.665052 0.665052 0.339723
vn -0.000001 0.894118 0.447831
vn -0.632238 0.632236 0.447831
vn -0.000000 0.940525 0.339723
vn 0.665052 0.665052 0.339724
vn 0.632236 0.632238 0.447832
vn -0.000000 0.940525 0.339723
vn 0.632236 0.632238 0.447832
vn -0.000001 0.894118 0.447831
vn 0.665052 0.665052 0.339724
vn 0.940525 0.000001 0.339725
vn 0.894118 0.000001 0.447832
vn 0.665052 0.665052 0.339724
vn 0.894118 0.000001 0.447832
vn 0.632236 0.632238 0.447832
vn 0.632236 0.632238 0.447832
vn 0.894118 0.000001 0.447832
vn 0.989401 0.000002 0.145207
vn 0.632236 0.632238 0.447832
vn 0.989401 0.000002 0.145207
vn 0.699611 0.699613 0.145210
vn 0.894118 0.000001 0.447832
vn 0.632238 -0.632236 0.447832
vn 0.699613 -0.699611 0.145211
vn 0.894118 0.000001 0.447832
vn 0.699613 -0.699611 0.145211
vn 0.989401 0.000002 0.145207
vn -0.000001 0.894118 0.447831
vn 0.632236 0.632238 0.447832
vn 0.699611 0.699613 0.145210
vn -0.000001 0.894118 0.447831
vn 0.699611 0.699613 0.145210
vn -0.000002 0.989401 0.145209
vn -0.632238 0.632236 0.447831
vn -0.000001 0.894118 0.447831
vn -0.000002 0.989401 0.145209
vn -0.632238 0.632236 0.447831
vn -0.000002 0.989401 0.145209
vn -0.699614 0.699611 0.145208
vn -0.894118 -0.000001 0.447831
vn -0.632238 0.632236 0.447831
vn -0.699614 0.699611 0.145208
vn -0.894118 -0.000001 0.447831
vn -0.699614 0.699611 0.145208
vn -0.989401 -0.000001 0.145209
vn -0.632236 -0.632238 0.447831
vn -0.894118 -0.000001 0.447831
vn -0.989401 -0.000001 0.145209
vn -0.632236 -0.632238 0.447831
vn -0.989401 -0.000001 0.145209
vn -0.699611 -0.699613 0.145209
vn 0.000001 -0.894118 0.447832
vn -0.632236 -0.632238 0.447831
vn -0.699611 -0.699613 0.145209
vn 0.000001 -0.894118 0.447832
vn -0.699611 -0.699613 0.145209
vn 0.000002 -0.989401 0.145210
vn 0.632238 -0.632236 0.447832
vn 0.000001 -0.894118 0.447832
vn 0.000002 -0.989401 0.145210
vn 0.632238 -0.632236 0.447832
vn 0.000002 -0.989401 0.145210
vn 0.699613 -0.699611 0.145211
vn 0.699613 -0.699611 0.145211
vn 0.000002 -0.989401 0.145210
vn 0.000002 -0.998710 0.050772
vn 0.699613 -0.699611 0.145211
vn 0.000002 -0.998710 0.050772
vn 0.706196 -0.706194 0.050773
vn 0.000002 -0.989401 0.145210
vn -0.699611 -0.699613 0.145209
vn -0.706193 -0.706196 0.050771
vn 0.000002 -0.989401 0.145210
vn -0.706193 -0.706196 0.050771
vn 0.000002 -0.998710 0.050772
vn 0.989401 0.000002 0.145207
vn 0.699613 -0.699611 0.145211
vn 0.706196 -0.706194 0.050773
vn 0.989401 0.000002 0.145207
vn 0.706196 -0.706194 0.050773
vn 0.998710 0.000001 0.050773
vn -0.699611 -0.699613 0.145209
vn -0.989401 -0.000001 0.145209
vn -0.998710 -0.000002 0.050771
vn -0.699611 -0.699613 0.145209
vn -0.998710 -0.000002 0.050771
vn -0.706193 -0.706196 0.050771
vn -0.989401 -0.000001 0.145209
vn -0.699614 0.699611 0.145208
vn -0.706196 0.706194 0.050770
vn -0.989401 -0.000001 0.145209
vn -0.706196 0.706194 0.050770
vn -0.998710 -0.000002 0.050771
vn -0.699614 0.699611 0.145208
vn -0.000002 0.989401 0.145209
vn -0.000002 0.998710 0.050771
vn -0.699614 0.699611 0.145208
vn -0.000002 0.998710 0.050771
vn -0.706196 0.706194 0.050770
vn -0.000002 0.989401 0.145209
vn 0.699611 0.699613 0.145210
vn 0.706194 0.706196 0.050771
vn -0.000002 0.989401 0.145209
vn 0.706194 0.706196 0.050771
vn -0.000002 0.998710 0.050771
vn 0.699611 0.699613 0.145210
vn 0.989401 0.000002 0.145207
vn 0.998710 0.000001 0.050773
vn 0.699611 0.699613 0.145210
vn 0.998710 0.000001 0.050773
vn 0.706194 0.706196 0.050771
vn 0.000000 -0.000000 -1.000000
vn 0.000000 -0.000000 -1.000000
vn 0.000000 -0.000000 -1.000000
vn 0.940524 0.000001 0.339726
vn 0.665051 0.665052 0.339726
vn 0.707107 0.707107 0.000001
vn 0.940524 0.000001 0.339726
vn 0.707107 0.707107 0.000001
vn 1.000000 -0.000001 0.000002
vn -0.621156 0.621154 -0.477843
vn -0.000001 0.878445 -0.477843
vn -0.000002 0.878446 -0.477842
vn -0.621156 0.621154 -0.477843
vn -0.000002 0.878446 -0.477842
vn -0.621156 0.621154 -0.477843
vn 0.000000 -0.000000 -1.000000
vn 0.000000 -0.000000 -1.000000
vn 0.000000 -0.000000 -1.000000
vn 0.665051 0.665052 0.339726
vn -0.000000 0.940525 0.339725
vn 0.000000 1.000000 0.000001
vn 0.665051 0.665052 0.339726
vn 0.000000 1.000000 0.000001
vn 0.707107 0.707107 0.000001
vn -0.000001 0.878445 -0.477843
vn 0.621154 0.621155 -0.477843
vn 0.621154 0.621156 -0.477843
vn -0.000001 0.878445 -0.477843
vn 0.621154 0.621156 -0.477843
vn -0.000002 0.878446 -0.477842
vn -0.000000 -0.000000 -1.000000
vn 0.000000 -0.000000 -1.000000
vn 0.000000 -0.000000 -1.000000
vn -0.000000 0.940525 0.339725
vn -0.665052 0.665051 0.339725
vn -0.707107 0.707107 0.000000
vn -0.000000 0.940525 0.339725
vn -0.707107 0.707107 0.000000
vn 0.000000 1.000000 0.000001
vn 0.621154 0.621155 -0.477843
vn 0.878446 0.000001 -0.477841
vn 0.878445 0.000002 -0.477843
vn 0.621154 0.621155 -0.477843
vn 0.878445 0.000002 -0.477843
vn 0.621154 0.621156 -0.477843
vn 0.000000 0.000000 -1.000000
vn -0.000000 -0.000000 -1.000000
vn 0.000000 -0.000000 -1.000000
vn -0.665052 0.665051 0.339725
vn -0.940525 0.000000 0.339725
vn -1.000000 0.000001 0.000000
vn -0.665052 0.665051 0.339725
vn -1.000000 0.000001 0.000000
vn -0.707107 0.707107 0.000000
vn 0.878446 0.000001 -0.477841
vn 0.621157 -0.621154 -0.477841
vn 0.621155 -0.621154 -0.477843
vn 0.878446 0.000001 -0.477841
vn 0.621155 -0.621154 -0.477843
vn 0.878445 0.000002 -0.477843
vn -0.000000 -0.000000 -1.000000
vn 0.000000 0.000000 -1.000000
vn 0.000000 -0.000000 -1.000000
vn -0.940525 0.000000 0.339725
vn -0.665051 -0.665052 0.339725
vn -0.707107 -0.707107 0.000001
vn -0.940525 0.000000 0.339725
vn -0.707107 -0.707107 0.000001
vn -1.000000 0.000001 0.000000
vn 0.621157 -0.621154 -0.477841
vn 0.000002 -0.878446 -0.477841
vn 0.000001 -0.878445 -0.477843
vn 0.621157 -0.621154 -0.477841
vn 0.000001 -0.878445 -0.477843
vn 0.621155 -0.621154 -0.477843
vn -0.000000 -0.000001 -1.000000
vn -0.000000 -0.000000 -1.000000
vn 0.000000 -0.000000 -1.000000
vn -0.665051 -0.665052 0.339725
vn -0.000000 -0.940525 0.339726
vn -0.000000 -1.000000 0.000001
vn -0.665051 -0.665052 0.339725
vn -0.000000 -1.000000 0.000001
vn -0.707107 -0.707107 0.000001
vn 0.000002 -0.878446 -0.477841
vn -0.621154 -0.621157 -0.477841
vn -0.621153 -0.621156 -0.477843
vn 0.000002 -0.878446 -0.477841
vn -0.621153 -0.621156 -0.477843
vn 0.000001 -0.878445 -0.477843
vn 0.000000 -0.000000 -1.000000
vn -0.000000 -0.000001 -1.000000
vn 0.000000 -0.000000 -1.000000
vn -0.000000 -0.940525 0.339726
vn 0.665051 -0.665051 0.339726
vn 0.707107 -0.707107 0.000002
vn -0.000000 -0.940525 0.339726
vn 0.707107 -0.707107 0.000002
vn -0.000000 -1.000000 0.000001
vn -0.878445 -0.000002 -0.477843
vn -0.621156 0.621154 -0.477843
vn -0.621156 0.621154 -0.477843
vn -0.878445 -0.000002 -0.477843
vn -0.621156 0.621154 -0.477843
vn -0.878445 -0.000001 -0.477843
vn 0.000000 -0.000000 -1.000000
vn 0.000000 -0.000000 -1.000000
vn 0.000000 -0.000000 -1.000000
vn 0.665051 -0.665051 0.339726
vn 0.940524 0.000001 0.339726
vn 1.000000 -0.000001 0.000002
vn 0.665051 -0.665051 0.339726
vn 1.000000 -0.000001 0.000002
vn 0.707107 -0.707107 0.000002
vn -0.621154 -0.621157 -0.477841
vn -0.878445 -0.000002 -0.477843
vn -0.878445 -0.000001 -0.477843
vn -0.621154 -0.621157 -0.477841
vn -0.878445 -0.000001 -0.477843
vn -0.621153 -0.621156 -0.477843
vn 0.940524 0.000001 0.339726
vn 0.665051 -0.665051 0.339726
vn 0.632238 -0.632236 0.447831
vn 0.940524 0.000001 0.339726
vn 0.632238 -0.632236 0.447831
vn 0.894119 0.000001 0.447830
vn 0.665051 -0.665051 0.339726
vn -0.000000 -0.940525 0.339726
vn 0.000001 -0.894119 0.447830
vn 0.665051 -0.665051 0.339726
vn 0.000001 -0.894119 0.447830
vn 0.632238 -0.632236 0.447831
vn -0.000000 -0.940525 0.339726
vn -0.665051 -0.665052 0.339725
vn -0.632237 -0.632238 0.447830
vn -0.000000 -0.940525 0.339726
vn -0.632237 -0.632238 0.447830
vn 0.000001 -0.894119 0.447830
vn -0.665051 -0.665052 0.339725
vn -0.940525 0.000000 0.339725
vn -0.894118 -0.000001 0.447832
vn -0.665051 -0.665052 0.339725
vn -0.894118 -0.000001 0.447832
vn -0.632237 -0.632238 0.447830
vn -0.940525 0.000000 0.339725
vn -0.665052 0.665051 0.339725
vn -0.632237 0.632236 0.447832
vn -0.940525 0.000000 0.339725
vn -0.632237 0.632236 0.447832
vn -0.894118 -0.000001 0.447832
vn -0.665052 0.665051 0.339725
vn -0.000000 0.940525 0.339725
vn -0.000001 0.894118 0.447832
vn -0.665052 0.665051 0.339725
vn -0.000001 0.894118 0.447832
vn -0.632237 0.632236 0.447832
vn -0.000000 0.940525 0.339725
vn 0.665051 0.665052 0.339726
vn 0.632236 0.632239 0.447830
vn -0.000000 0.940525 0.339725
vn 0.632236 0.632239 0.447830
vn -0.000001 0.894118 0.447832
vn 0.665051 0.665052 0.339726
vn 0.940524 0.000001 0.339726
vn 0.894119 0.000001 0.447830
vn 0.665051 0.665052 0.339726
vn 0.894119 0.000001 0.447830
vn 0.632236 0.632239 0.447830
vn 0.632236 0.632239 0.447830
vn 0.894119 0.000001 0.447830
vn 0.989401 0.000002 0.145209
vn 0.632236 0.632239 0.447830
vn 0.989401 0.000002 0.145209
vn 0.699611 0.699613 0.145208
vn 0.894119 0.000001 0.447830
vn 0.632238 -0.632236 0.447831
vn 0.699613 -0.699611 0.145209
vn 0.894119 0.000001 0.447830
vn 0.699613 -0.699611 0.145209
vn 0.989401 0.000002 0.145209
vn -0.000001 0.894118 0.447832
vn 0.632236 0.632239 0.447830
vn 0.699611 0.699613 0.145208
vn -0.000001 0.894118 0.447832
vn 0.699611 0.699613 0.145208
vn -0.000002 0.989401 0.145207
vn -0.632237 0.632236 0.447832
vn -0.000001 0.894118 0.447832
vn -0.000002 0.989401 0.145207
vn -0.632237 0.632236 0.447832
vn -0.000002 0.989401 0.145207
vn -0.699614 0.699611 0.145209
vn -0.894118 -0.000001 0.447832
vn -0.632237 0.632236 0.447832
vn -0.699614 0.699611 0.145209
vn -0.894118 -0.000001 0.447832
vn -0.699614 0.699611 0.145209
vn -0.989401 -0.000001 0.145207
vn -0.632237 -0.632238 0.447830
vn -0.894118 -0.000001 0.447832
vn -0.989401 -0.000001 0.145207
vn -0.632237 -0.632238 0.447830
vn -0.989401 -0.000001 0.145207
vn -0.699611 -0.699614 0.145207
vn 0.000001 -0.894119 0.447830
vn -0.632237 -0.632238 0.447830
vn -0.699611 -0.699614 0.145207
vn 0.000001 -0.894119 0.447830
vn -0.699611 -0.699614 0.145207
vn 0.000002 -0.989401 0.145209
vn 0.632238 -0.632236 0.447831
vn 0.000001 -0.894119 0.447830
vn 0.000002 -0.989401 0.145209
vn 0.632238 -0.632236 0.447831
vn 0.000002 -0.989401 0.145209
vn 0.699613 -0.699611 0.145209
vn 0.699613 -0.699611 0.145209
vn 0.000002 -0.989401 0.145209
vn 0.000002 -0.998710 0.050770
vn 0.699613 -0.699611 0.145209
vn 0.000002 -0.998710 0.050770
vn 0.706196 -0.706194 0.050771
vn 0.000002 -0.989401 0.145209
vn -0.699611 -0.699614 0.145207
vn -0.706194 -0.706196 0.050769
vn 0.000002 -0.989401 0.145209
vn -0.706194 -0.706196 0.050769
vn 0.000002 -0.998710 0.050770
vn 0.989401 0.000002 0.145209
vn 0.699613 -0.699611 0.145209
vn 0.706196 -0.706194 0.050771
vn 0.989401 0.000002 0.145209
vn 0.706196 -0.706194 0.050771
vn 0.998710 0.000001 0.050771
vn -0.699611 -0.699614 0.145207
vn -0.989401 -0.000001 0.145207
vn -0.998710 -0.000002 0.050772
vn -0.699611 -0.699614 0.145207
vn -0.998710 -0.000002 0.050772
vn -0.706194 -0.706196 0.050769
vn -0.989401 -0.000001 0.145207
vn -0.699614 0.699611 0.145209
vn -0.706196 0.706194 0.050772
vn -0.989401 -0.000001 0.145207
vn -0.706196 0.706194 0.050772
vn -0.998710 -0.000002 0.050772
vn -0.699614 0.699611 0.145209
vn -0.000002 0.989401 0.145207
vn -0.000002 0.998710 0.050773
vn -0.699614 0.699611 0.145209
vn -0.000002 0.998710 0.050773
vn -0.706196 0.706194 0.050772
vn -0.000002 0.989401 0.145207
vn 0.699611 0.699613 0.145208
vn 0.706194 0.706196 0.050773
vn -0.000002 0.989401 0.145207
vn 0.706194 0.706196 0.050773
vn -0.000002 0.998710 0.050773
vn 0.699611 0.699613 0.145208
vn 0.989401 0.000002 0.145209
vn 0.998710 0.000001 0.050771
vn 0.699611 0.699613 0.145208
vn 0.998710 0.000001 0.050771
vn 0.706194 0.706196 0.050773
vn 0.000000 0.993946 -0.109870
vn 0.000000 0.993946 -0.109870
vn 0.000000 0.993946 -0.109870
vn -0.771823 0.585982 -0.246808
vn -0.771823 0.585982 -0.246808
vn -0.801769 0.584545 -0.124392
vn -0.771823 0.585982 -0.246808
vn -0.801769 0.584545 -0.124392
vn -0.801769 0.584545 -0.124392
vn 0.000000 -0.000117 -1.000000
vn 0.000000 -0.000117 -1.000000
vn -0.000526 -0.001101 -0.999999
vn 0.000000 -0.000117 -1.000000
vn -0.000526 -0.001101 -0.999999
vn 0.000526 -0.001101 -0.999999
vn -0.000526 -0.001101 -0.999999
vn 0.000001 -0.000704 -1.000000
vn -0.000000 -0.000703 -1.000000
vn -0.000526 -0.001101 -0.999999
vn -0.000000 -0.000703 -1.000000
vn 0.000526 -0.001101 -0.999999
vn -0.001317 -0.000829 -0.999999
vn -0.000526 -0.001101 -0.999999
vn -0.000379 -0.000185 -1.000000
vn -0.001126 -0.001669 -0.999998
vn -0.000526 -0.001101 -0.999999
vn -0.001317 -0.000829 -0.999999
vn -0.784212 0.604355 0.140594
vn -0.789949 0.576001 0.210245
vn -0.755606 0.644797 0.115311
vn 0.009198 -0.005595 0.999942
vn 0.006076 -0.005805 0.999965
vn 0.015942 -0.006775 0.999850
vn 0.000001 -0.000704 -1.000000
vn -0.000526 -0.001101 -0.999999
vn -0.001126 -0.001669 -0.999998
vn -0.023064 -0.979000 -0.202549
vn -0.000000 -0.953985 -0.299855
vn -0.068441 -0.952386 -0.297113
vn 0.001142 -0.005320 0.999985
vn 0.006076 -0.005805 0.999965
vn 0.009198 -0.005595 0.999942
vn -0.818979 0.573823 -0.000001
vn -0.818979 0.573823 -0.000001
vn -0.801769 0.584545 -0.124392
vn -0.818979 0.573823 -0.000001
vn -0.801769 0.584545 -0.124392
vn -0.801769 0.584545 -0.124392
vn 0.000000 -0.539701 -0.841857
vn 0.000000 -0.539700 -0.841857
vn 0.000000 -0.539700 -0.841857
vn -0.000000 -0.000703 -1.000000
vn 0.000001 -0.000704 -1.000000
vn 0.000000 0.001619 -0.999999
vn -0.000000 -0.000703 -1.000000
vn 0.000000 0.001619 -0.999999
vn 0.000000 0.001619 -0.999999
vn -0.000000 -0.000703 -1.000000
vn 0.000000 0.001619 -0.999999
vn 0.000000 0.001621 -0.999999
vn -0.000167 -0.006224 0.999981
vn 0.006076 -0.005805 0.999965
vn 0.001142 -0.005320 0.999985
vn -0.789949 0.576001 0.210245
vn -0.784212 0.604355 0.140594
vn -0.833831 0.518465 0.189527
vn -0.844680 0.120959 0.521425
vn -0.844680 0.120959 0.521426
vn -0.844680 0.120958 0.521426
vn -0.890712 -0.452938 0.038470
vn -0.890712 -0.452938 0.038470
vn -0.888007 -0.459427 0.019228
vn -0.890712 -0.452938 0.038470
vn -0.888007 -0.459427 0.019228
vn -0.888007 -0.459427 0.019228
vn 0.001126 -0.001669 -0.999998
vn 0.000526 -0.001101 -0.999999
vn -0.000000 -0.000703 -1.000000
vn 0.000526 -0.001101 -0.999999
vn 0.001126 -0.001669 -0.999998
vn 0.001316 -0.000828 -0.999999
vn 0.000000 -0.500927 -0.865489
vn 0.000000 -0.500927 -0.865489
vn 0.000000 -0.500928 -0.865489
vn 0.000000 -0.500927 -0.865489
vn 0.000000 -0.500928 -0.865489
vn 0.000000 -0.500928 -0.865489
vn 0.001316 -0.000828 -0.999999
vn 0.000379 -0.000184 -1.000000
vn 0.000526 -0.001101 -0.999999
vn 0.017653 -0.999844 0.000298
vn 0.017653 -0.999844 0.000299
vn 0.017653 -0.999844 0.000300
vn 0.017653 -0.999844 0.000298
vn 0.017653 -0.999844 0.000300
vn 0.017653 -0.999844 0.000299
vn 0.999994 -0.003407 -0.000943
vn 0.999994 -0.003407 -0.000943
vn 0.999994 -0.003406 -0.000943
vn 0.759414 0.650607 -0.000708
vn 0.755607 0.644796 0.115310
vn 0.784213 0.604354 0.140594
vn 0.759414 0.650607 -0.000708
vn 0.784213 0.604354 0.140594
vn 0.759415 0.650607 -0.000711
vn 0.975341 0.220704 -0.000279
vn 0.975341 0.220704 -0.000278
vn 0.975341 0.220704 -0.000279
vn 0.975341 0.220704 -0.000279
vn 0.975341 0.220704 -0.000279
vn 0.975341 0.220704 -0.000279
vn 0.005316 0.999986 -0.000125
vn 0.005316 0.999986 -0.000124
vn 0.005315 0.999986 -0.000125
vn 0.005316 0.999986 -0.000125
vn 0.005315 0.999986 -0.000125
vn 0.005315 0.999986 -0.000126
vn 0.888007 -0.459428 0.019228
vn 0.884930 -0.465724 -0.000020
vn 0.884930 -0.465724 -0.000021
vn 0.888007 -0.459428 0.019228
vn 0.884930 -0.465724 -0.000021
vn 0.888007 -0.459427 0.019228
vn 0.536936 0.843623 -0.000184
vn 0.536936 0.843623 -0.000184
vn 0.536935 0.843623 -0.000184
vn 0.536936 0.843623 -0.000184
vn 0.536935 0.843623 -0.000184
vn 0.536936 0.843623 -0.000185
vn 0.801769 0.584545 -0.124391
vn 0.801769 0.584545 -0.124392
vn 0.771823 0.585982 -0.246807
vn 0.801769 0.584545 -0.124391
vn 0.771823 0.585982 -0.246807
vn 0.771823 0.585982 -0.246807
vn -0.536936 0.843623 -0.000185
vn -0.536935 0.843624 -0.000185
vn -0.536935 0.843623 -0.000184
vn -0.536936 0.843623 -0.000185
vn -0.536935 0.843623 -0.000184
vn -0.536936 0.843623 -0.000184
vn -0.884930 -0.465724 -0.000021
vn -0.888007 -0.459427 0.019228
vn -0.888007 -0.459427 0.019228
vn -0.884930 -0.465724 -0.000021
vn -0.888007 -0.459427 0.019228
vn -0.884930 -0.465724 -0.000020
vn 0.888007 -0.459428 0.019228
vn 0.888007 -0.459427 0.019228
vn 0.890712 -0.452938 0.038470
vn 0.888007 -0.459428 0.019228
vn 0.890712 -0.452938 0.038470
vn 0.890712 -0.452938 0.038470
vn 0.844680 0.120958 0.521426
vn 0.844680 0.120958 0.521426
vn 0.844680 0.120959 0.521425
vn 0.833831 0.518465 0.189526
vn 0.784213 0.604354 0.140594
vn 0.789949 0.576002 0.210245
vn -0.001143 -0.005320 0.999985
vn -0.006076 -0.005805 0.999965
vn 0.000167 -0.006224 0.999981
vn -0.005315 0.999986 -0.000123
vn -0.005315 0.999986 -0.000124
vn -0.005315 0.999986 -0.000125
vn -0.005315 0.999986 -0.000123
vn -0.005315 0.999986 -0.000125
vn -0.005315 0.999986 -0.000124
vn 0.023064 -0.979001 -0.202549
vn -0.000000 -0.953985 -0.299855
vn -0.023064 -0.979000 -0.202549
vn -0.023064 -0.979000 -0.202549
vn -0.000000 -1.000000 -0.000001
vn -0.000000 -1.000000 -0.000000
vn -0.023064 -0.979000 -0.202549
vn -0.000000 -1.000000 -0.000000
vn 0.023064 -0.979001 -0.202549
vn 0.000000 0.734290 0.678836
vn -0.000000 0.734290 0.678836
vn 0.000000 0.734290 0.678836
vn 0.000000 0.734290 0.678836
vn 0.000000 0.734290 0.678836
vn -0.000000 0.734290 0.678836
vn 0.000000 0.734290 0.678836
vn -0.000000 0.734290 0.678836
vn 0.000000 0.734290 0.678836
vn 0.801769 0.584545 -0.124392
vn 0.801769 0.584545 -0.124391
vn 0.818980 0.573823 -0.000000
vn 0.801769 0.584545 -0.124392
vn 0.818980 0.573823 -0.000000
vn 0.818980 0.573823 -0.000001
vn -0.009197 -0.005595 0.999942
vn -0.006076 -0.005805 0.999965
vn -0.001143 -0.005320 0.999985
vn 0.068441 -0.952386 -0.297113
vn -0.000000 -0.953985 -0.299855
vn 0.023064 -0.979001 -0.202549
vn -0.015942 -0.006776 0.999850
vn -0.006076 -0.005805 0.999965
vn -0.009197 -0.005595 0.999942
vn 0.000000 1.000000 -0.000408
vn 0.000000 1.000000 -0.000408
vn 0.000000 1.000000 -0.000409
vn 0.000000 1.000000 -0.000408
vn 0.000000 1.000000 -0.000409
vn 0.000000 1.000000 -0.000410
vn 0.789949 0.576002 0.210245
vn 0.784213 0.604354 0.140594
vn 0.755607 0.644796 0.115310
vn -0.017653 -0.999844 0.000299
vn -0.017653 -0.999844 0.000300
vn -0.017653 -0.999844 0.000300
vn -0.017653 -0.999844 0.000299
vn -0.017653 -0.999844 0.000300
vn -0.017653 -0.999844 0.000298
vn -0.999994 -0.003407 -0.000943
vn -0.999994 -0.003406 -0.000943
vn -0.999994 -0.003406 -0.000943
vn -0.975341 0.220704 -0.000280
vn -0.975341 0.220704 -0.000279
vn -0.975341 0.220704 -0.000279
vn -0.975341 0.220704 -0.000280
vn -0.975341 0.220704 -0.000279
vn -0.975341 0.220704 -0.000280
vn -0.759415 0.650607 -0.000709
vn -0.784212 0.604355 0.140594
vn -0.755606 0.644797 0.115311
vn -0.759415 0.650607 -0.000709
vn -0.755606 0.644797 0.115311
vn -0.759415 0.650606 -0.000709
vn -0.000000 -1.000000 0.000328
vn -0.000000 -1.000000 0.000326
vn -0.000000 -1.000000 0.000327
vn -0.000000 -1.000000 0.000328
vn -0.000000 -1.000000 0.000327
vn -0.000000 -1.000000 0.000328
vn 0.000000 1.000000 -0.000410
vn 0.000000 1.000000 -0.000409
vn 0.000000 1.000000 -0.000408
vn 0.000000 1.000000 -0.000410
vn 0.000000 1.000000 -0.000408
vn 0.000000 1.000000 -0.000408
f 35/1/1 36/2/2 1/3/3
f 3/4/4 5/5/5 6/6/6
f 3/7/7 6/8/8 4/9/9
f 39/10/10 40/11/11 2/12/12
f 38/13/13 35/14/14 1/15/15
f 5/16/16 7/17/17 8/18/18
f 5/19/19 8/20/20 6/21/21
f 40/22/22 41/23/23 2/24/24
f 43/25/25 38/26/26 1/27/27
f 7/28/28 9/29/29 10/30/30
f 7/31/31 10/32/32 8/33/33
f 41/34/34 44/35/35 2/36/36
f 45/37/37 43/38/38 1/39/39
f 9/40/40 11/41/41 12/42/42
f 9/43/43 12/44/44 10/45/45
f 44/46/46 46/47/47 2/48/48
f 47/49/49 45/50/50 1/51/51
f 11/52/52 13/53/53 14/54/54
f 11/55/55 14/56/56 12/57/57
f 46/58/58 48/59/59 2/60/60
f 49/61/61 47/62/62 1/63/63
f 13/64/64 15/65/65 16/66/66
f 13/67/67 16/68/68 14/69/69
f 48/70/70 50/71/71 2/72/72
f 37/73/73 49/74/74 1/75/75
f 15/76/76 17/77/77 18/78/78
f 15/79/79 18/80/80 16/81/81
f 50/82/82 42/83/83 2/84/84
f 36/85/85 37/86/86 1/87/87
f 17/88/88 3/89/89 4/90/90
f 17/91/91 4/92/92 18/93/93
f 42/94/94 39/95/95 2/96/96
f 18/97/97 4/98/98 19/99/99
f 18/100/100 19/101/101 20/102/102
f 3/103/103 17/104/104 22/105/105
f 3/106/106 22/107/107 21/108/108
f 16/109/109 18/110/110 20/111/111
f 16/112/112 20/113/113 23/114/114
f 17/115/115 15/116/116 24/117/117
f 17/118/118 24/119/119 22/120/120
f 14/121/121 16/122/122 23/123/123
f 14/124/124 23/125/125 25/126/126
f 15/127/127 13/128/128 26/129/129
f 15/130/130 26/131/131 24/132/132
f 12/133/133 14/134/134 25/135/135
f 12/136/136 25/137/137 27/138/138
f 13/139/139 11/140/140 28/141/141
f 13/142/142 28/143/143 26/144/144
f 10/145/145 12/146/146 27/147/147
f 10/148/148 27/149/149 29/150/150
f 11/151/151 9/152/152 30/153/153
f 11/154/154 30/155/155 28/156/156
f 8/157/157 10/158/158 29/159/159
f 8/160/160 29/161/161 31/162/162
f 9/163/163 7/164/164 32/165/165
f 9/166/166 32/167/167 30/168/168
f 6/169/169 8/170/170 31/171/171
f 6/172/172 31/173/173 33/174/174
f 7/175/175 5/176/176 34/177/177
f 7/178/178 34/179/179 32/180/180
f 4/181/181 6/182/182 33/183/183
f 4/184/184 33/185/185 19/186/186
f 5/187/187 3/188/188 21/189/189
f 5/190/190 21/191/191 34/192/192
f 34/193/193 21/194/194 36/195/195
f 34/196/196 36/197/197 35/198/198
f 21/199/199 22/200/200 37/201/201
f 21/202/202 37/203/203 36/204/204
f 32/205/205 34/206/206 35/207/207
f 32/208/208 35/209/209 38/210/210
f 19/211/211 33/212/212 40/213/213
f 19/214/214 40/215/215 39/216/216
f 33/217/217 31/218/218 41/219/219
f 33/220/220 41/221/221 40/222/222
f 20/223/223 19/224/224 39/225/225
f 20/226/226 39/227/227 42/228/228
f 30/229/229 32/230/230 38/231/231
f 30/232/232 38/233/233 43/234/234
f 31/235/235 29/236/236 44/237/237
f 31/238/238 44/239/239 41/240/240
f 28/241/241 30/242/242 43/243/243
f 28/244/244 43/245/245 45/246/246
f 29/247/247 27/248/248 46/249/249
f 29/250/250 46/251/251 44/252/252
f 26/253/253 28/254/254 45/255/255
f 26/256/256 45/257/257 47/258/258
f 27/259/259 25/260/260 48/261/261
f 27/262/262 48/263/263 46/264/264
f 24/265/265 26/266/266 47/267/267
f 24/268/268 47/269/269 49/270/270
f 25/271/271 23/272/272 50/273/273
f 25/274/274 50/275/275 48/276/276
f 22/277/277 24/278/278 49/279/279
f 22/280/280 49/281/281 37/282/282
f 23/283/283 20/284/284 42/285/285
f 23/286/286 42/287/287 50/288/288
f 51/289/289 86/290/290 85/291/291
f 54/292/292 56/293/293 55/294/294
f 54/295/295 55/296/296 53/297/297
f 52/298/298 90/299/299 89/300/300
f 51/301/301 85/302/302 88/303/303
f 56/304/304 58/305/305 57/306/306
f 56/307/307 57/308/308 55/309/309
f 52/310/310 91/311/311 90/312/312
f 51/313/313 88/314/314 93/315/315
f 58/316/316 60/317/317 59/318/318
f 58/319/319 59/320/320 57/321/321
f 52/322/322 94/323/323 91/324/324
f 51/325/325 93/326/326 95/327/327
f 60/328/328 62/329/329 61/330/330
f 60/331/331 61/332/332 59/333/333
f 52/334/334 96/335/335 94/336/336
f 51/337/337 95/338/338 97/339/339
f 62/340/340 64/341/341 63/342/342
f 62/343/343 63/344/344 61/345/345
f 52/346/346 98/347/347 96/348/348
f 51/349/349 97/350/350 99/351/351
f 64/352/352 66/353/353 65/354/354
f 64/355/355 65/356/356 63/357/357
f 52/358/358 100/359/359 98/360/360
f 51/361/361 99/362/362 87/363/363
f 66/364/364 68/365/365 67/366/366
f 66/367/367 67/368/368 65/369/369
f 52/370/370 92/371/371 100/372/372
f 51/373/373 87/374/374 86/375/375
f 68/376/376 54/377/377 53/378/378
f 68/379/379 53/380/380 67/381/381
f 52/382/382 89/383/383 92/384/384
f 70/385/385 69/386/386 54/387/387
f 70/388/388 54/389/389 68/390/390
f 71/391/391 72/392/392 67/393/393
f 71/394/394 67/395/395 53/396/396
f 73/397/397 70/398/398 68/399/399
f 73/400/400 68/401/401 66/402/402
f 72/403/403 74/404/404 65/405/405
f 72/406/406 65/407/407 67/408/408
f 75/409/409 73/410/410 66/411/411
f 75/412/412 66/413/413 64/414/414
f 74/415/415 76/416/416 63/417/417
f 74/418/418 63/419/419 65/420/420
f 77/421/421 75/422/422 64/423/423
f 77/424/424 64/425/425 62/426/426
f 76/427/427 78/428/428 61/429/429
f 76/430/430 61/431/431 63/432/432
f 79/433/433 77/434/434 62/435/435
f 79/436/436 62/437/437 60/438/438
f 78/439/439 80/440/440 59/441/441
f 78/442/442 59/443/443 61/444/444
f 81/445/445 79/446/446 60/447/447
f 81/448/448 60/449/449 58/450/450
f 80/451/451 82/452/452 57/453/453
f 80/454/454 57/455/455 59/456/456
f 83/457/457 81/458/458 58/459/459
f 83/460/460 58/461/461 56/462/462
f 82/463/463 84/464/464 55/465/465
f 82/466/466 55/467/467 57/468/468
f 69/469/469 83/470/470 56/471/471
f 69/472/472 56/473/473 54/474/474
f 84/475/475 71/476/476 53/477/477
f 84/478/478 53/479/479 55/480/480
f 85/481/481 86/482/482 71/483/483
f 85/484/484 71/485/485 84/486/486
f 86/487/487 87/488/488 72/489/489
f 86/490/490 72/491/491 71/492/492
f 88/493/493 85/494/494 84/495/495
f 88/496/496 84/497/497 82/498/498
f 89/499/499 90/500/500 83/501/501
f 89/502/502 83/503/503 69/504/504
f 90/505/505 91/506/506 81/507/507
f 90/508/508 81/509/509 83/510/510
f 92/511/511 89/512/512 69/513/513
f 92/514/514 69/515/515 70/516/516
f 93/517/517 88/518/518 82/519/519
f 93/520/520 82/521/521 80/522/522
f 91/523/523 94/524/524 79/525/525
f 91/526/526 79/527/527 81/528/528
f 95/529/529 93/530/530 80/531/531
f 95/532/532 80/533/533 78/534/534
f 94/535/535 96/536/536 77/537/537
f 94/538/538 77/539/539 79/540/540
f 97/541/541 95/542/542 78/543/543
f 97/544/544 78/545/545 76/546/546
f 96/547/547 98/548/548 75/549/549
f 96/550/550 75/551/551 77/552/552
f 99/553/553 97/554/554 76/555/555
f 99/556/556 76/557/557 74/558/558
f 98/559/559 100/560/560 73/561/561
f 98/562/562 73/563/563 75/564/564
f 87/565/565 99/566/566 74/567/567
f 87/568/568 74/569/569 72/570/570
f 100/571/571 92/572/572 70/573/573
f 100/574/574 70/575/575 73/576/576
f 101/577/577 136/578/578 135/579/579
f 104/580/580 106/581/581 105/582/582
f 104/583/583 105/584/584 103/585/585
f 102/586/586 140/587/587 139/588/588
f 101/589/589 135/590/590 138/591/591
f 106/592/592 108/593/593 107/594/594
f 106/595/595 107/596/596 105/597/597
f 102/598/598 141/599/599 140/600/600
f 101/601/601 138/602/602 143/603/603
f 108/604/604 110/605/605 109/606/606
f 108/607/607 109/608/608 107/609/609
f 102/610/610 144/611/611 141/612/612
f 101/613/613 143/614/614 145/615/615
f 110/616/616 112/617/617 111/618/618
f 110/619/619 111/620/620 109/621/621
f 102/622/622 146/623/623 144/624/624
f 101/625/625 145/626/626 147/627/627
f 112/628/628 114/629/629 113/630/630
f 112/631/631 113/632/632 111/633/633
f 102/634/634 148/635/635 146/636/636
f 101/637/637 147/638/638 149/639/639
f 114/640/640 116/641/641 115/642/642
f 114/643/643 115/644/644 113/645/645
f 102/646/646 150/647/647 148/648/648
f 101/649/649 149/650/650 137/651/651
f 116/652/652 118/653/653 117/654/654
f 116/655/655 117/656/656 115/657/657
f 102/658/658 142/659/659 150/660/660
f 101/661/661 137/662/662 136/663/663
f 118/664/664 104/665/665 103/666/666
f 118/667/667 103/668/668 117/669/669
f 102/670/670 139/671/671 142/672/672
f 120/673/673 119/674/674 104/675/675
f 120/676/676 104/677/677 118/678/678
f 121/679/679 122/680/680 117/681/681
f 121/682/682 117/683/683 103/684/684
f 123/685/685 120/686/686 118/687/687
f 123/688/688 118/689/689 116/690/690
f 122/691/691 124/692/692 115/693/693
f 122/694/694 115/695/695 117/696/696
f 125/697/697 123/698/698 116/699/699
f 125/700/700 116/701/701 114/702/702
f 124/703/703 126/704/704 113/705/705
f 124/706/706 113/707/707 115/708/708
f 127/709/709 125/710/710 114/711/711
f 127/712/712 114/713/713 112/714/714
f 126/715/715 128/716/716 111/717/717
f 126/718/718 111/719/719 113/720/720
f 129/721/721 127/722/722 112/723/723
f 129/724/724 112/725/725 110/726/726
f 128/727/727 130/728/728 109/729/729
f 128/730/730 109/731/731 111/732/732
f 131/733/733 129/734/734 110/735/735
f 131/736/736 110/737/737 108/738/738
f 130/739/739 132/740/740 107/741/741
f 130/742/742 107/743/743 109/744/744
f 133/745/745 131/746/746 108/747/747
f 133/748/748 108/749/749 106/750/750
f 132/751/751 134/752/752 105/753/753
f 132/754/754 105/755/755 107/756/756
f 119/757/757 133/758/758 106/759/759
f 119/760/760 106/761/761 104/762/762
f 134/763/763 121/764/764 103/765/765
f 134/766/766 103/767/767 105/768/768
f 135/769/769 136/770/770 121/771/771
f 135/772/772 121/773/773 134/774/774
f 136/775/775 137/776/776 122/777/777
f 136/778/778 122/779/779 121/780/780
f 138/781/781 135/782/782 134/783/783
f 138/784/784 134/785/785 132/786/786
f 139/787/787 140/788/788 133/789/789
f 139/790/790 133/791/791 119/792/792
f 140/793/793 141/794/794 131/795/795
f 140/796/796 131/797/797 133/798/798
f 142/799/799 139/800/800 119/801/801
f 142/802/802 119/803/803 120/804/804
f 143/805/805 138/806/806 132/807/807
f 143/808/808 132/809/809 130/810/810
f 141/811/811 144/812/812 129/813/813
f 141/814/814 129/815/815 131/816/816
f 145/817/817 143/818/818 130/819/819
f 145/820/820 130/821/821 128/822/822
f 144/823/823 146/824/824 127/825/825
f 144/826/826 127/827/827 129/828/828
f 147/829/829 145/830/830 128/831/831
f 147/832/832 128/833/833 126/834/834
f 146/835/835 148/836/836 125/837/837
f 146/838/838 125/839/839 127/840/840
f 149/841/841 147/842/842 126/843/843
f 149/844/844 126/845/845 124/846/846
f 148/847/847 150/848/848 123/849/849
f 148/850/850 123/851/851 125/852/852
f 137/853/853 149/854/854 124/855/855
f 137/856/856 124/857/857 122/858/858
f 150/859/859 142/860/860 120/861/861
f 150/862/862 120/863/863 123/864/864
f 151/865/865 186/866/866 185/867/867
f 154/868/868 156/869/869 155/870/870
f 154/871/871 155/872/872 153/873/873
f 152/874/874 190/875/875 189/876/876
f 151/877/877 185/878/878 188/879/879
f 156/880/880 158/881/881 157/882/882
f 156/883/883 157/884/884 155/885/885
f 152/886/886 191/887/887 190/888/888
f 151/889/889 188/890/890 193/891/891
f 158/892/892 160/893/893 159/894/894
f 158/895/895 159/896/896 157/897/897
f 152/898/898 194/899/899 191/900/900
f 151/901/901 193/902/902 195/903/903
f 160/904/904 162/905/905 161/906/906
f 160/907/907 161/908/908 159/909/909
f 152/910/910 196/911/911 194/912/912
f 151/913/913 195/914/914 197/915/915
f 162/916/916 164/917/917 163/918/918
f 162/919/919 163/920/920 161/921/921
f 152/922/922 198/923/923 196/924/924
f 151/925/925 197/926/926 199/927/927
f 164/928/928 166/929/929 165/930/930
f 164/931/931 165/932/932 163/933/933
f 152/934/934 200/935/935 198/936/936
f 151/937/937 199/938/938 187/939/939
f 166/940/940 168/941/941 167/942/942
f 166/943/943 167/944/944 165/945/945
f 152/946/946 192/947/947 200/948/948
f 151/949/949 187/950/950 186/951/951
f 168/952/952 154/953/953 153/954/954
f 168/955/955 153/956/956 167/957/957
f 152/958/958 189/959/959 192/960/960
f 170/961/961 169/962/962 154/963/963
f 170/964/964 154/965/965 168/966/966
f 171/967/967 172/968/968 167/969/969
f 171/970/970 167/971/971 153/972/972
f 173/973/973 170/974/974 168/975/975
f 173/976/976 168/977/977 166/978/978
f 172/979/979 174/980/980 165/981/981
f 172/982/982 165/983/983 167/984/984
f 175/985/985 173/986/986 166/987/987
f 175/988/988 166/989/989 164/990/990
f 174/991/991 176/992/992 163/993/993
f 174/994/994 163/995/995 165/996/996
f 177/997/997 175/998/998 164/999/999
f 177/1000/1000 164/1001/1001 162/1002/1002
f 176/1003/1003 178/1004/1004 161/1005/1005
f 176/1006/1006 161/1007/1007 163/1008/1008
f 179/1009/1009 177/1010/1010 162/1011/1011
f 179/1012/1012 162/1013/1013 160/1014/1014
f 178/1015/1015 180/1016/1016 159/1017/1017
f 178/1018/1018 159/1019/1019 161/1020/1020
f 181/1021/1021 179/1022/1022 160/1023/1023
f 181/1024/1024 160/1025/1025 158/1026/1026
f 180/1027/1027 182/1028/1028 157/1029/1029
f 180/1030/1030 157/1031/1031 159/1032/1032
f 183/1033/1033 181/1034/1034 158/1035/1035
f 183/1036/1036 158/1037/1037 156/1038/1038
f 182/1039/1039 184/1040/1040 155/1041/1041
f 182/1042/1042 155/1043/1043 157/1044/1044
f 169/1045/1045 183/1046/1046 156/1047/1047
f 169/1048/1048 156/1049/1049 154/1050/1050
f 184/1051/1051 171/1052/1052 153/1053/1053
f 184/1054/1054 153/1055/1055 155/1056/1056
f 185/1057/1057 186/1058/1058 171/1059/1059
f 185/1060/1060 171/1061/1061 184/1062/1062
f 186/1063/1063 187/1064/1064 172/1065/1065
f 186/1066/1066 172/1067/1067 171/1068/1068
f 188/1069/1069 185/1070/1070 184/1071/1071
f 188/1072/1072 184/1073/1073 182/1074/1074
f 189/1075/1075 190/1076/1076 183/1077/1077
f 189/1078/1078 183/1079/1079 169/1080/1080
f 190/1081/1081 191/1082/1082 181/1083/1083
f 190/1084/1084 181/1085/1085 183/1086/1086
f 192/1087/1087 189/1088/1088 169/1089/1089
f 192/1090/1090 169/1091/1091 170/1092/1092
f 193/1093/1093 188/1094/1094 182/1095/1095
f 193/1096/1096 182/1097/1097 180/1098/1098
f 191/1099/1099 194/1100/1100 179/1101/1101
f 191/1102/1102 179/1103/1103 181/1104/1104
f 195/1105/1105 193/1106/1106 180/1107/1107
f 195/1108/1108 180/1109/1109 178/1110/1110
f 194/1111/1111 196/1112/1112 177/1113/1113
f 194/1114/1114 177/1115/1115 179/1116/1116
f 197/1117/1117 195/1118/1118 178/1119/1119
f 197/1120/1120 178/1121/1121 176/1122/1122
f 196/1123/1123 198/1124/1124 175/1125/1125
f 196/1126/1126 175/1127/1127 177/1128/1128
f 199/1129/1129 197/1130/1130 176/1131/1131
f 199/1132/1132 176/1133/1133 174/1134/1134
f 198/1135/1135 200/1136/1136 173/1137/1137
f 198/1138/1138 173/1139/1139 175/1140/1140
f 187/1141/1141 199/1142/1142 174/1143/1143
f 187/1144/1144 174/1145/1145 172/1146/1146
f 200/1147/1147 192/1148/1148 170/1149/1149
f 200/1150/1150 170/1151/1151 173/1152/1152
f 235/1153/1153 236/1154/1154 201/1155/1155
f 203/1156/1156 205/1157/1157 206/1158/1158
f 203/1159/1159 206/1160/1160 204/1161/1161
f 239/1162/1162 240/1163/1163 202/1164/1164
f 238/1165/1165 235/1166/1166 201/1167/1167
f 205/1168/1168 207/1169/1169 208/1170/1170
f 205/1171/1171 208/1172/1172 206/1173/1173
f 240/1174/1174 241/1175/1175 202/1176/1176
f 243/1177/1177 238/1178/1178 201/1179/1179
f 207/1180/1180 209/1181/1181 210/1182/1182
f 207/1183/1183 210/1184/1184 208/1185/1185
f 241/1186/1186 244/1187/1187 202/1188/1188
f 245/1189/1189 243/1190/1190 201/1191/1191
f 209/1192/1192 211/1193/1193 212/1194/1194
f 209/1195/1195 212/1196/1196 210/1197/1197
f 244/1198/1198 246/1199/1199 202/1200/1200
f 247/1201/1201 245/1202/1202 201/1203/1203
f 211/1204/1204 213/1205/1205 214/1206/1206
f 211/1207/1207 214/1208/1208 212/1209/1209
f 246/1210/1210 248/1211/1211 202/1212/1212
f 249/1213/1213 247/1214/1214 201/1215/1215
f 213/1216/1216 215/1217/1217 216/1218/1218
f 213/1219/1219 216/1220/1220 214/1221/1221
f 248/1222/1222 250/1223/1223 202/1224/1224
f 237/1225/1225 249/1226/1226 201/1227/1227
f 215/1228/1228 217/1229/1229 218/1230/1230
f 215/1231/1231 218/1232/1232 216/1233/1233
f 250/1234/1234 242/1235/1235 202/1236/1236
f 236/1237/1237 237/1238/1238 201/1239/1239
f 217/1240/1240 203/1241/1241 204/1242/1242
f 217/1243/1243 204/1244/1244 218/1245/1245
f 242/1246/1246 239/1247/1247 202/1248/1248
f 218/1249/1249 204/1250/1250 219/1251/1251
f 218/1252/1252 219/1253/1253 220/1254/1254
f 203/1255/1255 217/1256/1256 222/1257/1257
f 203/1258/1258 222/1259/1259 221/1260/1260
f 216/1261/1261 218/1262/1262 220/1263/1263
f 216/1264/1264 220/1265/1265 223/1266/1266
f 217/1267/1267 215/1268/1268 224/1269/1269
f 217/1270/1270 224/1271/1271 222/1272/1272
f 214/1273/1273 216/1274/1274 223/1275/1275
f 214/1276/1276 223/1277/1277 225/1278/1278
f 215/1279/1279 213/1280/1280 226/1281/1281
f 215/1282/1282 226/1283/1283 224/1284/1284
f 212/1285/1285 214/1286/1286 225/1287/1287
f 212/1288/1288 225/1289/1289 227/1290/1290
f 213/1291/1291 211/1292/1292 228/1293/1293
f 213/1294/1294 228/1295/1295 226/1296/1296
f 210/1297/1297 212/1298/1298 227/1299/1299
f 210/1300/1300 227/1301/1301 229/1302/1302
f 211/1303/1303 209/1304/1304 230/1305/1305
f 211/1306/1306 230/1307/1307 228/1308/1308
f 208/1309/1309 210/1310/1310 229/1311/1311
f 208/1312/1312 229/1313/1313 231/1314/1314
f 209/1315/1315 207/1316/1316 232/1317/1317
f 209/1318/1318 232/1319/1319 230/1320/1320
f 206/1321/1321 208/1322/1322 231/1323/1323
f 206/1324/1324 231/1325/1325 233/1326/1326
f 207/1327/1327 205/1328/1328 234/1329/1329
f 207/1330/1330 234/1331/1331 232/1332/1332
f 204/1333/1333 206/1334/1334 233/1335/1335
f 204/1336/1336 233/1337/1337 219/1338/1338
f 205/1339/1339 203/1340/1340 221/1341/1341
f 205/1342/1342 221/1343/1343 234/1344/1344
f 234/1345/1345 221/1346/1346 236/1347/1347
f 234/1348/1348 236/1349/1349 235/1350/1350
f 221/1351/1351 222/1352/1352 237/1353/1353
f 221/1354/1354 237/1355/1355 236/1356/1356
f 232/1357/1357 234/1358/1358 235/1359/1359
f 232/1360/1360 235/1361/1361 238/1362/1362
f 219/1363/1363 233/1364/1364 240/1365/1365
f 219/1366/1366 240/1367/1367 239/1368/1368
f 233/1369/1369 231/1370/1370 241/1371/1371
f 233/1372/1372 241/1373/1373 240/1374/1374
f 220/1375/1375 219/1376/1376 239/1377/1377
f 220/1378/1378 239/1379/1379 242/1380/1380
f 230/1381/1381 232/1382/1382 238/1383/1383
f 230/1384/1384 238/1385/1385 243/1386/1386
f 231/1387/1387 229/1388/1388 244/1389/1389
f 231/1390/1390 244/1391/1391 241/1392/1392
f 228/1393/1393 230/1394/1394 243/1395/1395
f 228/1396/1396 243/1397/1397 245/1398/1398
f 229/1399/1399 227/1400/1400 246/1401/1401
f 229/1402/1402 246/1403/1403 244/1404/1404
f 226/1405/1405 228/1406/1406 245/1407/1407
f 226/1408/1408 245/1409/1409 247/1410/1410
f 227/1411/1411 225/1412/1412 248/1413/1413
f 227/1414/1414 248/1415/1415 246/1416/1416
f 224/1417/1417 226/1418/1418 247/1419/1419
f 224/1420/1420 247/1421/1421 249/1422/1422
f 225/1423/1423 223/1424/1424 250/1425/1425
f 225/1426/1426 250/1427/1427 248/1428/1428
f 222/1429/1429 224/1430/1430 249/1431/1431
f 222/1432/1432 249/1433/1433 237/1434/1434
f 223/1435/1435 220/1436/1436 242/1437/1437
f 223/1438/1438 242/1439/1439 250/1440/1440
f 285/1441/1441 286/1442/1442 251/1443/1443
f 253/1444/1444 255/1445/1445 256/1446/1446
f 253/1447/1447 256/1448/1448 254/1449/1449
f 289/1450/1450 290/1451/1451 252/1452/1452
f 288/1453/1453 285/1454/1454 251/1455/1455
f 255/1456/1456 257/1457/1457 258/1458/1458
f 255/1459/1459 258/1460/1460 256/1461/1461
f 290/1462/1462 291/1463/1463 252/1464/1464
f 293/1465/1465 288/1466/1466 251/1467/1467
f 257/1468/1468 259/1469/1469 260/1470/1470
f 257/1471/1471 260/1472/1472 258/1473/1473
f 291/1474/1474 294/1475/1475 252/1476/1476
f 295/1477/1477 293/1478/1478 251/1479/1479
f 259/1480/1480 261/1481/1481 262/1482/1482
f 259/1483/1483 262/1484/1484 260/1485/1485
f 294/1486/1486 296/1487/1487 252/1488/1488
f 297/1489/1489 295/1490/1490 251/1491/1491
f 261/1492/1492 263/1493/1493 264/1494/1494
f 261/1495/1495 264/1496/1496 262/1497/1497
f 296/1498/1498 298/1499/1499 252/1500/1500
f 299/1501/1501 297/1502/1502 251/1503/1503
f 263/1504/1504 265/1505/1505 266/1506/1506
f 263/1507/1507 266/1508/1508 264/1509/1509
f 298/1510/1510 300/1511/1511 252/1512/1512
f 287/1513/1513 299/1514/1514 251/1515/1515
f 265/1516/1516 267/1517/1517 268/1518/1518
f 265/1519/1519 268/1520/1520 266/1521/1521
f 300/1522/1522 292/1523/1523 252/1524/1524
f 286/1525/1525 287/1526/1526 251/1527/1527
f 267/1528/1528 253/1529/1529 254/1530/1530
f 267/1531/1531 254/1532/1532 268/1533/1533
f 292/1534/1534 289/1535/1535 252/1536/1536
f 268/1537/1537 254/1538/1538 269/1539/1539
f 268/1540/1540 269/1541/1541 270/1542/1542
f 253/1543/1543 267/1544/1544 272/1545/1545
f 253/1546/1546 272/1547/1547 271/1548/1548
f 266/1549/1549 268/1550/1550 270/1551/1551
f 266/1552/1552 270/1553/1553 273/1554/1554
f 267/1555/1555 265/1556/1556 274/1557/1557
f 267/1558/1558 274/1559/1559 272/1560/1560
f 264/1561/1561 266/1562/1562 273/1563/1563
f 264/1564/1564 273/1565/1565 275/1566/1566
f 265/1567/1567 263/1568/1568 276/1569/1569
f 265/1570/1570 276/1571/1571 274/1572/1572
f 262/1573/1573 264/1574/1574 275/1575/1575
f 262/1576/1576 275/1577/1577 277/1578/1578
f 263/1579/1579 261/1580/1580 278/1581/1581
f 263/1582/1582 278/1583/1583 276/1584/1584
f 260/1585/1585 262/1586/1586 277/1587/1587
f 260/1588/1588 277/1589/1589 279/1590/1590
f 261/1591/1591 259/1592/1592 280/1593/1593
f 261/1594/1594 280/1595/1595 278/1596/1596
f 258/1597/1597 260/1598/1598 279/1599/1599
f 258/1600/1600 279/1601/1601 281/1602/1602
f 259/1603/1603 257/1604/1604 282/1605/1605
f 259/1606/1606 282/1607/1607 280/1608/1608
f 256/1609/1609 258/1610/1610 281/1611/1611
f 256/1612/1612 281/1613/1613 283/1614/1614
f 257/1615/1615 255/1616/1616 284/1617/1617
f 257/1618/1618 284/1619/1619 282/1620/1620
f 254/1621/1621 256/1622/1622 283/1623/1623
f 254/1624/1624 283/1625/1625 269/1626/1626
f 255/1627/1627 253/1628/1628 271/1629/1629
f 255/1630/1630 271/1631/1631 284/1632/1632
f 284/1633/1633 271/1634/1634 286/1635/1635
f 284/1636/1636 286/1637/1637 285/1638/1638
f 271/1639/1639 272/1640/1640 287/1641/1641
f 271/1642/1642 287/1643/1643 286/1644/1644
f 282/1645/1645 284/1646/1646 285/1647/1647
f 282/1648/1648 285/1649/1649 288/1650/1650
f 269/1651/1651 283/1652/1652 290/1653/1653
f 269/1654/1654 290/1655/1655 289/1656/1656
f 283/1657/1657 281/1658/1658 291/1659/1659
f 283/1660/1660 291/1661/1661 290/1662/1662
f 270/1663/1663 269/1664/1664 289/1665/1665
f 270/1666/1666 289/1667/1667 292/1668/1668
f 280/1669/1669 282/1670/1670 288/1671/1671
f 280/1672/1672 288/1673/1673 293/1674/1674
f 281/1675/1675 279/1676/1676 294/1677/1677
f 281/1678/1678 294/1679/1679 291/1680/1680
f 278/1681/1681 280/1682/1682 293/1683/1683
f 278/1684/1684 293/1685/1685 295/1686/1686
f 279/1687/1687 277/1688/1688 296/1689/1689
f 279/1690/1690 296/1691/1691 294/1692/1692
f 276/1693/1693 278/1694/1694 295/1695/1695
f 276/1696/1696 295/1697/1697 297/1698/1698
f 277/1699/1699 275/1700/1700 298/1701/1701
f 277/1702/1702 298/1703/1703 296/1704/1704
f 274/1705/1705 276/1706/1706 297/1707/1707
f 274/1708/1708 297/1709/1709 299/1710/1710
f 275/1711/1711 273/1712/1712 300/1713/1713
f 275/1714/1714 300/1715/1715 298/1716/1716
f 272/1717/1717 274/1718/1718 299/1719/1719
f 272/1720/1720 299/1721/1721 287/1722/1722
f 273/1723/1723 270/1724/1724 292/1725/1725
f 273/1726/1726 292/1727/1727 300/1728/1728
f 342/1729/1729 343/1730/1730 301/1731/1731
f 302/1732/1732 304/1733/1733 305/1734/1734
f 302/1735/1735 305/1736/1736 303/1737/1737
f 334/1738/1738 335/1739/1739 349/1740/1740
f 334/1741/1741 349/1742/1742 344/1743/1743
f 345/1744/1744 342/1745/1745 301/1746/1746
f 304/1747/1747 306/1748/1748 307/1749/1749
f 304/1750/1750 307/1751/1751 305/1752/1752
f 335/1753/1753 336/1754/1754 348/1755/1755
f 335/1756/1756 348/1757/1757 349/1758/1758
f 346/1759/1759 345/1760/1760 301/1761/1761
f 306/1762/1762 308/1763/1763 309/1764/1764
f 306/1765/1765 309/1766/1766 307/1767/1767
f 336/1768/1768 338/1769/1769 347/1770/1770
f 336/1771/1771 347/1772/1772 348/1773/1773
f 347/1774/1774 346/1775/1775 301/1776/1776
f 308/1777/1777 310/1778/1778 311/1779/1779
f 308/1780/1780 311/1781/1781 309/1782/1782
f 338/1783/1783 339/1784/1784 346/1785/1785
f 338/1786/1786 346/1787/1787 347/1788/1788
f 348/1789/1789 347/1790/1790 301/1791/1791
f 310/1792/1792 312/1793/1793 313/1794/1794
f 310/1795/1795 313/1796/1796 311/1797/1797
f 339/1798/1798 340/1799/1799 345/1800/1800
f 339/1801/1801 345/1802/1802 346/1803/1803
f 349/1804/1804 348/1805/1805 301/1806/1806
f 312/1807/1807 314/1808/1808 315/1809/1809
f 312/1810/1810 315/1811/1811 313/1812/1812
f 340/1813/1813 341/1814/1814 342/1815/1815
f 340/1816/1816 342/1817/1817 345/1818/1818
f 344/1819/1819 349/1820/1820 301/1821/1821
f 314/1822/1822 316/1823/1823 317/1824/1824
f 314/1825/1825 317/1826/1826 315/1827/1827
f 337/1828/1828 334/1829/1829 344/1830/1830
f 337/1831/1831 344/1832/1832 343/1833/1833
f 343/1834/1834 344/1835/1835 301/1836/1836
f 316/1837/1837 302/1838/1838 303/1839/1839
f 316/1840/1840 303/1841/1841 317/1842/1842
f 341/1843/1843 337/1844/1844 343/1845/1845
f 341/1846/1846 343/1847/1847 342/1848/1848
f 302/1849/1849 316/1850/1850 319/1851/1851
f 302/1852/1852 319/1853/1853 318/1854/1854
f 316/1855/1855 314/1856/1856 320/1857/1857
f 316/1858/1858 320/1859/1859 319/1860/1860
f 314/1861/1861 312/1862/1862 321/1863/1863
f 314/1864/1864 321/1865/1865 320/1866/1866
f 312/1867/1867 310/1868/1868 322/1869/1869
f 312/1870/1870 322/1871/1871 321/1872/1872
f 310/1873/1873 308/1874/1874 323/1875/1875
f 310/1876/1876 323/1877/1877 322/1878/1878
f 308/1879/1879 306/1880/1880 324/1881/1881
f 308/1882/1882 324/1883/1883 323/1884/1884
f 306/1885/1885 304/1886/1886 325/1887/1887
f 306/1888/1888 325/1889/1889 324/1890/1890
f 304/1891/1891 302/1892/1892 318/1893/1893
f 304/1894/1894 318/1895/1895 325/1896/1896
f 325/1897/1897 318/1898/1898 327/1899/1899
f 325/1900/1900 327/1901/1901 326/1902/1902
f 318/1903/1903 319/1904/1904 328/1905/1905
f 318/1906/1906 328/1907/1907 327/1908/1908
f 324/1909/1909 325/1910/1910 326/1911/1911
f 324/1912/1912 326/1913/1913 329/1914/1914
f 323/1915/1915 324/1916/1916 329/1917/1917
f 323/1918/1918 329/1919/1919 330/1920/1920
f 322/1921/1921 323/1922/1922 330/1923/1923
f 322/1924/1924 330/1925/1925 331/1926/1926
f 321/1927/1927 322/1928/1928 331/1929/1929
f 321/1930/1930 331/1931/1931 332/1932/1932
f 320/1933/1933 321/1934/1934 332/1935/1935
f 320/1936/1936 332/1937/1937 333/1938/1938
f 319/1939/1939 320/1940/1940 333/1941/1941
f 319/1942/1942 333/1943/1943 328/1944/1944
f 328/1945/1945 333/1946/1946 335/1947/1947
f 328/1948/1948 335/1949/1949 334/1950/1950
f 333/1951/1951 332/1952/1952 336/1953/1953
f 333/1954/1954 336/1955/1955 335/1956/1956
f 327/1957/1957 328/1958/1958 334/1959/1959
f 327/1960/1960 334/1961/1961 337/1962/1962
f 332/1963/1963 331/1964/1964 338/1965/1965
f 332/1966/1966 338/1967/1967 336/1968/1968
f 331/1969/1969 330/1970/1970 339/1971/1971
f 331/1972/1972 339/1973/1973 338/1974/1974
f 330/1975/1975 329/1976/1976 340/1977/1977
f 330/1978/1978 340/1979/1979 339/1980/1980
f 329/1981/1981 326/1982/1982 341/1983/1983
f 329/1984/1984 341/1985/1985 340/1986/1986
f 326/1987/1987 327/1988/1988 337/1989/1989
f 326/1990/1990 337/1991/1991 341/1992/1992
f 358/1993/1993 359/1994/1994 352/1995/1995
f 358/1996/1996 352/1997/1997 353/1998/1998
f 358/1999/1999 353/2000/2000 363/2001/2001
f 356/2002/2002 359/2003/2003 358/2004/2004
f 354/2005/2005 359/2006/2006 356/2007/2007
f 353/2008/2008 361/2009/2009 355/2010/2010
f 353/2011/2011 355/2012/2012 364/2013/2013
f 355/2014/2014 361/2015/2015 357/2016/2016
f 366/2017/2017 367/2018/2018 364/2019/2019
f 366/2020/2020 364/2021/2021 355/2022/2022
f 363/2023/2023 362/2024/2024 356/2025/2025
f 363/2026/2026 356/2027/2027 358/2028/2028
f 356/2029/2029 362/2030/2030 368/2031/2031
f 356/2032/2032 368/2033/2033 354/2034/2034
f 351/2035/2035 359/2036/2036 354/2037/2037
f 366/2038/2038 355/2039/2039 357/2040/2040
f 368/2041/2041 362/2042/2042 364/2043/2043
f 368/2044/2044 364/2045/2045 367/2046/2046
f 353/2047/2047 364/2048/2048 362/2049/2049
f 353/2050/2050 362/2051/2051 363/2052/2052
f 365/2053/2053 360/2054/2054 367/2055/2055
f 365/2056/2056 367/2057/2057 366/2058/2058
f 351/2059/2059 354/2060/2060 368/2061/2061
f 351/2062/2062 368/2063/2063 350/2064/2064
f 350/2065/2065 368/2066/2066 367/2067/2067
f 350/2068/2068 367/2069/2069 360/2070/2070
f 352/2071/2071 357/2072/2072 361/2073/2073
f 352/2074/2074 361/2075/2075 353/2076/2076
f 366/2077/2077 357/2078/2078 365/2079/2079
f 360/2080/2080 365/2081/2081 357/2082/2082
f 360/2083/2083 357/2084/2084 352/2085/2085
f 371/2086/2086 379/2087/2087 372/2088/2088
f 371/2089/2089 372/2090/2090 378/2091/2091
f 378/2092/2092 372/2093/2093 380/2094/2094
f 378/2095/2095 380/2096/2096 370/2097/2097
f 369/2098/2098 377/2099/2099 376/2100/2100
f 369/2101/2101 376/2102/2102 380/2103/2103
f 369/2104/2104 380/2105/2105 372/2106/2106
f 369/2107/2107 372/2108/2108 379/2109/2109
f 369/2110/2110 374/2111/2111 373/2112/2112
f 369/2113/2113 373/2114/2114 377/2115/2115
f 370/2116/2116 380/2117/2117 376/2118/2118
f 370/2119/2119 376/2120/2120 375/2121/2121
f 374/2122/2122 369/2123/2123 379/2124/2124
f 374/2125/2125 379/2126/2126 371/2127/2127
f 376/2128/2128 377/2129/2129 373/2130/2130
f 376/2131/2131 373/2132/2132 375/2133/2133
f 391/2134/2134 386/2135/2135 387/2136/2136
f 394/2137/2137 402/2138/2138 401/2139/2139
f 384/2140/2140 393/2141/2141 392/2142/2142
f 384/2143/2143 392/2144/2144 381/2145/2145
f 392/2146/2146 393/2147/2147 390/2148/2148
f 391/2149/2149 387/2150/2150 383/2151/2151
f 391/2152/2152 383/2153/2153 389/2154/2154
f 393/2155/2155 384/2156/2156 388/2157/2157
f 393/2158/2158 388/2159/2159 390/2160/2160
f 401/2161/2161 402/2162/2162 398/2163/2163
f 401/2164/2164 398/2165/2165 400/2166/2166
f 404/2167/2167 398/2168/2168 402/2169/2169
f 404/2170/2170 402/2171/2171 394/2172/2172
f 383/2173/2173 385/2174/2174 388/2175/2175
f 383/2176/2176 388/2177/2177 384/2178/2178
f 396/2179/2179 399/2180/2180 398/2181/2181
f 396/2182/2182 398/2183/2183 404/2184/2184
f 385/2185/2185 383/2186/2186 387/2187/2187
f 385/2188/2188 387/2189/2189 386/2190/2190
f 389/2191/2191 383/2192/2192 384/2193/2193
f 389/2194/2194 384/2195/2195 381/2196/2196
f 399/2197/2197 403/2198/2198 400/2199/2199
f 399/2200/2200 400/2201/2201 398/2202/2202
f 382/2203/2203 403/2204/2204 399/2205/2205
f 382/2206/2206 399/2207/2207 397/2208/2208
f 382/2209/2209 397/2210/2210 395/2211/2211
f 397/2212/2212 399/2213/2213 396/2214/2214
f 397/2215/2215 396/2216/2216 395/2217/2217
f 418/2218/2218 408/2219/2219 407/2220/2220
f 418/2221/2221 407/2222/2222 414/2223/2223
f 418/2224/2224 414/2225/2225 413/2226/2226
f 413/2227/2227 414/2228/2228 411/2229/2229
f 411/2230/2230 414/2231/2231 409/2232/2232
f 419/2233/2233 410/2234/2234 416/2235/2235
f 419/2236/2236 416/2237/2237 408/2238/2238
f 412/2239/2239 416/2240/2240 410/2241/2241
f 410/2242/2242 419/2243/2243 422/2244/2244
f 410/2245/2245 422/2246/2246 421/2247/2247
f 413/2248/2248 411/2249/2249 417/2250/2250
f 413/2251/2251 417/2252/2252 418/2253/2253
f 409/2254/2254 423/2255/2255 417/2256/2256
f 409/2257/2257 417/2258/2258 411/2259/2259
f 409/2260/2260 414/2261/2261 406/2262/2262
f 412/2263/2263 410/2264/2264 421/2265/2265
f 422/2266/2266 419/2267/2267 417/2268/2268
f 422/2269/2269 417/2270/2270 423/2271/2271
f 418/2272/2272 417/2273/2273 419/2274/2274
f 418/2275/2275 419/2276/2276 408/2277/2277
f 421/2278/2278 422/2279/2279 415/2280/2280
f 421/2281/2281 415/2282/2282 420/2283/2283
f 405/2284/2284 423/2285/2285 409/2286/2286
f 405/2287/2287 409/2288/2288 406/2289/2289
f 415/2290/2290 422/2291/2291 423/2292/2292
f 415/2293/2293 423/2294/2294 405/2295/2295
f 408/2296/2296 416/2297/2297 412/2298/2298
f 408/2299/2299 412/2300/2300 407/2301/2301
f 420/2302/2302 412/2303/2303 421/2304/2304
f 407/2305/2305 412/2306/2306 420/2307/2307
f 407/2308/2308 420/2309/2309 415/2310/2310
f 465/2311/2311 466/2312/2312 424/2313/2313
f 425/2314/2314 427/2315/2315 428/2316/2316
f 425/2317/2317 428/2318/2318 426/2319/2319
f 457/2320/2320 458/2321/2321 472/2322/2322
f 457/2323/2323 472/2324/2324 467/2325/2325
f 468/2326/2326 465/2327/2327 424/2328/2328
f 427/2329/2329 429/2330/2330 430/2331/2331
f 427/2332/2332 430/2333/2333 428/2334/2334
f 458/2335/2335 459/2336/2336 471/2337/2337
f 458/2338/2338 471/2339/2339 472/2340/2340
f 469/2341/2341 468/2342/2342 424/2343/2343
f 429/2344/2344 431/2345/2345 432/2346/2346
f 429/2347/2347 432/2348/2348 430/2349/2349
f 459/2350/2350 461/2351/2351 470/2352/2352
f 459/2353/2353 470/2354/2354 471/2355/2355
f 470/2356/2356 469/2357/2357 424/2358/2358
f 431/2359/2359 433/2360/2360 434/2361/2361
f 431/2362/2362 434/2363/2363 432/2364/2364
f 461/2365/2365 462/2366/2366 469/2367/2367
f 461/2368/2368 469/2369/2369 470/2370/2370
f 471/2371/2371 470/2372/2372 424/2373/2373
f 433/2374/2374 435/2375/2375 436/2376/2376
f 433/2377/2377 436/2378/2378 434/2379/2379
f 462/2380/2380 463/2381/2381 468/2382/2382
f 462/2383/2383 468/2384/2384 469/2385/2385
f 472/2386/2386 471/2387/2387 424/2388/2388
f 435/2389/2389 437/2390/2390 438/2391/2391
f 435/2392/2392 438/2393/2393 436/2394/2394
f 463/2395/2395 464/2396/2396 465/2397/2397
f 463/2398/2398 465/2399/2399 468/2400/2400
f 467/2401/2401 472/2402/2402 424/2403/2403
f 437/2404/2404 439/2405/2405 440/2406/2406
f 437/2407/2407 440/2408/2408 438/2409/2409
f 460/2410/2410 457/2411/2411 467/2412/2412
f 460/2413/2413 467/2414/2414 466/2415/2415
f 466/2416/2416 467/2417/2417 424/2418/2418
f 439/2419/2419 425/2420/2420 426/2421/2421
f 439/2422/2422 426/2423/2423 440/2424/2424
f 464/2425/2425 460/2426/2426 466/2427/2427
f 464/2428/2428 466/2429/2429 465/2430/2430
f 425/2431/2431 439/2432/2432 442/2433/2433
f 425/2434/2434 442/2435/2435 441/2436/2436
f 439/2437/2437 437/2438/2438 443/2439/2439
f 439/2440/2440 443/2441/2441 442/2442/2442
f 437/2443/2443 435/2444/2444 444/2445/2445
f 437/2446/2446 444/2447/2447 443/2448/2448
f 435/2449/2449 433/2450/2450 445/2451/2451
f 435/2452/2452 445/2453/2453 444/2454/2454
f 433/2455/2455 431/2456/2456 446/2457/2457
f 433/2458/2458 446/2459/2459 445/2460/2460
f 431/2461/2461 429/2462/2462 447/2463/2463
f 431/2464/2464 447/2465/2465 446/2466/2466
f 429/2467/2467 427/2468/2468 448/2469/2469
f 429/2470/2470 448/2471/2471 447/2472/2472
f 427/2473/2473 425/2474/2474 441/2475/2475
f 427/2476/2476 441/2477/2477 448/2478/2478
f 448/2479/2479 441/2480/2480 450/2481/2481
f 448/2482/2482 450/2483/2483 449/2484/2484
f 441/2485/2485 442/2486/2486 451/2487/2487
f 441/2488/2488 451/2489/2489 450/2490/2490
f 447/2491/2491 448/2492/2492 449/2493/2493
f 447/2494/2494 449/2495/2495 452/2496/2496
f 446/2497/2497 447/2498/2498 452/2499/2499
f 446/2500/2500 452/2501/2501 453/2502/2502
f 445/2503/2503 446/2504/2504 453/2505/2505
f 445/2506/2506 453/2507/2507 454/2508/2508
f 444/2509/2509 445/2510/2510 454/2511/2511
f 444/2512/2512 454/2513/2513 455/2514/2514
f 443/2515/2515 444/2516/2516 455/2517/2517
f 443/2518/2518 455/2519/2519 456/2520/2520
f 442/2521/2521 443/2522/2522 456/2523/2523
f 442/2524/2524 456/2525/2525 451/2526/2526
f 451/2527/2527 456/2528/2528 458/2529/2529
f 451/2530/2530 458/2531/2531 457/2532/2532
f 456/2533/2533 455/2534/2534 459/2535/2535
f 456/2536/2536 459/2537/2537 458/2538/2538
f 450/2539/2539 451/2540/2540 457/2541/2541
f 450/2542/2542 457/2543/2543 460/2544/2544
f 455/2545/2545 454/2546/2546 461/2547/2547
f 455/2548/2548 461/2549/2549 459/2550/2550
f 454/2551/2551 453/2552/2552 462/2553/2553
f 454/2554/2554 462/2555/2555 461/2556/2556
f 453/2557/2557 452/2558/2558 463/2559/2559
f 453/2560/2560 463/2561/2561 462/2562/2562
f 452/2563/2563 449/2564/2564 464/2565/2565
f 452/2566/2566 464/2567/2567 463/2568/2568
f 449/2569/2569 450/2570/2570 460/2571/2571
f 449/2572/2572 460/2573/2573 464/2574/2574
f 514/2575/2575 515/2576/2576 473/2577/2577
f 474/2578/2578 476/2579/2579 477/2580/2580
f 474/2581/2581 477/2582/2582 475/2583/2583
f 506/2584/2584 507/2585/2585 521/2586/2586
f 506/2587/2587 521/2588/2588 516/2589/2589
f 517/2590/2590 514/2591/2591 473/2592/2592
f 476/2593/2593 478/2594/2594 479/2595/2595
f 476/2596/2596 479/2597/2597 477/2598/2598
f 507/2599/2599 508/2600/2600 520/2601/2601
f 507/2602/2602 520/2603/2603 521/2604/2604
f 518/2605/2605 517/2606/2606 473/2607/2607
f 478/2608/2608 480/2609/2609 481/2610/2610
f 478/2611/2611 481/2612/2612 479/2613/2613
f 508/2614/2614 510/2615/2615 519/2616/2616
f 508/2617/2617 519/2618/2618 520/2619/2619
f 519/2620/2620 518/2621/2621 473/2622/2622
f 480/2623/2623 482/2624/2624 483/2625/2625
f 480/2626/2626 483/2627/2627 481/2628/2628
f 510/2629/2629 511/2630/2630 518/2631/2631
f 510/2632/2632 518/2633/2633 519/2634/2634
f 520/2635/2635 519/2636/2636 473/2637/2637
f 482/2638/2638 484/2639/2639 485/2640/2640
f 482/2641/2641 485/2642/2642 483/2643/2643
f 511/2644/2644 512/2645/2645 517/2646/2646
f 511/2647/2647 517/2648/2648 518/2649/2649
f 521/2650/2650 520/2651/2651 473/2652/2652
f 484/2653/2653 486/2654/2654 487/2655/2655
f 484/2656/2656 487/2657/2657 485/2658/2658
f 512/2659/2659 513/2660/2660 514/2661/2661
f 512/2662/2662 514/2663/2663 517/2664/2664
f 516/2665/2665 521/2666/2666 473/2667/2667
f 486/2668/2668 488/2669/2669 489/2670/2670
f 486/2671/2671 489/2672/2672 487/2673/2673
f 509/2674/2674 506/2675/2675 516/2676/2676
f 509/2677/2677 516/2678/2678 515/2679/2679
f 515/2680/2680 516/2681/2681 473/2682/2682
f 488/2683/2683 474/2684/2684 475/2685/2685
f 488/2686/2686 475/2687/2687 489/2688/2688
f 513/2689/2689 509/2690/2690 515/2691/2691
f 513/2692/2692 515/2693/2693 514/2694/2694
f 474/2695/2695 488/2696/2696 491/2697/2697
f 474/2698/2698 491/2699/2699 490/2700/2700
f 488/2701/2701 486/2702/2702 492/2703/2703
f 488/2704/2704 492/2705/2705 491/2706/2706
f 486/2707/2707 484/2708/2708 493/2709/2709
f 486/2710/2710 493/2711/2711 492/2712/2712
f 484/2713/2713 482/2714/2714 494/2715/2715
f 484/2716/2716 494/2717/2717 493/2718/2718
f 482/2719/2719 480/2720/2720 495/2721/2721
f 482/2722/2722 495/2723/2723 494/2724/2724
f 480/2725/2725 478/2726/2726 496/2727/2727
f 480/2728/2728 496/2729/2729 495/2730/2730
f 478/2731/2731 476/2732/2732 497/2733/2733
f 478/2734/2734 497/2735/2735 496/2736/2736
f 476/2737/2737 474/2738/2738 490/2739/2739
f 476/2740/2740 490/2741/2741 497/2742/2742
f 497/2743/2743 490/2744/2744 499/2745/2745
f 497/2746/2746 499/2747/2747 498/2748/2748
f 490/2749/2749 491/2750/2750 500/2751/2751
f 490/2752/2752 500/2753/2753 499/2754/2754
f 496/2755/2755 497/2756/2756 498/2757/2757
f 496/2758/2758 498/2759/2759 501/2760/2760
f 495/2761/2761 496/2762/2762 501/2763/2763
f 495/2764/2764 501/2765/2765 502/2766/2766
f 494/2767/2767 495/2768/2768 502/2769/2769
f 494/2770/2770 502/2771/2771 503/2772/2772
f 493/2773/2773 494/2774/2774 503/2775/2775
f 493/2776/2776 503/2777/2777 504/2778/2778
f 492/2779/2779 493/2780/2780 504/2781/2781
f 492/2782/2782 504/2783/2783 505/2784/2784
f 491/2785/2785 492/2786/2786 505/2787/2787
f 491/2788/2788 505/2789/2789 500/2790/2790
f 500/2791/2791 505/2792/2792 507/2793/2793
f 500/2794/2794 507/2795/2795 506/2796/2796
f 505/2797/2797 504/2798/2798 508/2799/2799
f 505/2800/2800 508/2801/2801 507/2802/2802
f 499/2803/2803 500/2804/2804 506/2805/2805
f 499/2806/2806 506/2807/2807 509/2808/2808
f 504/2809/2809 503/2810/2810 510/2811/2811
f 504/2812/2812 510/2813/2813 508/2814/2814
f 503/2815/2815 502/2816/2816 511/2817/2817
f 503/2818/2818 511/2819/2819 510/2820/2820
f 502/2821/2821 501/2822/2822 512/2823/2823
f 502/2824/2824 512/2825/2825 511/2826/2826
f 501/2827/2827 498/2828/2828 513/2829/2829
f 501/2830/2830 513/2831/2831 512/2832/2832
f 498/2833/2833 499/2834/2834 509/2835/2835
f 498/2836/2836 509/2837/2837 513/2838/2838
f 530/2839/2839 562/2840/2840 528/2841/2841
f 522/2842/2842 530/2843/2843 528/2844/2844
f 522/2845/2845 528/2846/2846 546/2847/2847
f 551/2848/2848 552/2849/2849 545/2850/2850
f 551/2851/2851 545/2852/2852 527/2853/2853
f 545/2854/2854 539/2855/2855 529/2856/2856
f 545/2857/2857 529/2858/2858 527/2859/2859
f 531/2860/2860 545/2861/2861 533/2862/2862
f 534/2863/2863 545/2864/2864 531/2865/2865
f 535/2866/2866 536/2867/2867 540/2868/2868
f 532/2869/2869 543/2870/2870 535/2871/2871
f 539/2872/2872 545/2873/2873 534/2874/2874
f 546/2875/2875 544/2876/2876 522/2877/2877
f 554/2878/2878 543/2879/2879 532/2880/2880
f 559/2881/2881 547/2882/2882 546/2883/2883
f 559/2884/2884 546/2885/2885 528/2886/2886
f 555/2887/2887 547/2888/2888 559/2889/2889
f 529/2890/2890 539/2891/2891 524/2892/2892
f 529/2893/2893 524/2894/2894 568/2895/2895
f 529/2896/2896 568/2897/2897 557/2898/2898
f 548/2899/2899 543/2900/2900 554/2901/2901
f 536/2902/2902 535/2903/2903 543/2904/2904
f 543/2905/2905 537/2906/2906 536/2907/2907
f 541/2908/2908 537/2909/2909 543/2910/2910
f 541/2911/2911 543/2912/2912 553/2913/2913
f 523/2914/2914 527/2915/2915 529/2916/2916
f 527/2917/2917 523/2918/2918 564/2919/2919
f 558/2920/2920 562/2921/2921 530/2922/2922
f 558/2923/2923 530/2924/2924 553/2925/2925
f 564/2926/2926 566/2927/2927 527/2928/2928
f 561/2929/2929 527/2930/2930 566/2931/2931
f 561/2932/2932 566/2933/2933 563/2934/2934
f 558/2935/2935 525/2936/2936 562/2937/2937
f 557/2938/2938 526/2939/2939 542/2940/2940
f 557/2941/2941 542/2942/2942 529/2943/2943
f 563/2944/2944 566/2945/2945 564/2946/2946
f 563/2947/2947 564/2948/2948 538/2949/2949
f 542/2950/2950 565/2951/2951 523/2952/2952
f 542/2953/2953 523/2954/2954 529/2955/2955
f 558/2956/2956 551/2957/2957 527/2958/2958
f 558/2959/2959 527/2960/2960 561/2961/2961
f 565/2962/2962 538/2963/2963 564/2964/2964
f 565/2965/2965 564/2966/2966 523/2967/2967
f 560/2968/2968 528/2969/2969 562/2970/2970
f 560/2971/2971 562/2972/2972 556/2973/2973
f 554/2974/2974 532/2975/2975 534/2976/2976
f 554/2977/2977 534/2978/2978 531/2979/2979
f 552/2980/2980 553/2981/2981 543/2982/2982
f 552/2983/2983 543/2984/2984 545/2985/2985
f 558/2986/2986 561/2987/2987 549/2988/2988
f 558/2989/2989 549/2990/2990 525/2991/2991
f 550/2992/2992 549/2993/2993 561/2994/2994
f 561/2995/2995 542/2996/2996 550/2997/2997
f 538/2998/2998 561/2999/2999 563/3000/3000
f 539/3001/3001 534/3002/3002 532/3003/3003
f 539/3004/3004 532/3005/3005 535/3006/3006
f 560/3007/3007 544/3008/3008 546/3009/3009
f 546/3010/3010 547/3011/3011 555/3012/3012
f 546/3013/3013 555/3014/3014 560/3015/3015
f 550/3016/3016 526/3017/3017 567/3018/3018
f 550/3019/3019 567/3020/3020 540/3021/3021
f 550/3022/3022 540/3023/3023 536/3024/3024
f 528/3025/3025 560/3026/3026 555/3027/3027
f 528/3028/3028 555/3029/3029 559/3030/3030
f 565/3031/3031 561/3032/3032 538/3033/3033
f 556/3034/3034 544/3035/3035 560/3036/3036
f 542/3037/3037 561/3038/3038 565/3039/3039
f 568/3040/3040 524/3041/3041 540/3042/3042
f 568/3043/3043 540/3044/3044 567/3045/3045
f 550/3046/3046 542/3047/3047 526/3048/3048
f 548/3049/3049 533/3050/3050 545/3051/3051
f 548/3052/3052 545/3053/3053 543/3054/3054
f 530/3055/3055 541/3056/3056 553/3057/3057
f 554/3058/3058 531/3059/3059 533/3060/3060
f 554/3061/3061 533/3062/3062 548/3063/3063
f 539/3064/3064 535/3065/3065 540/3066/3066
f 539/3067/3067 540/3068/3068 524/3069/3069
f 551/3070/3070 558/3071/3071 553/3072/3072
f 551/3073/3073 553/3074/3074 552/3075/3075
f 567/3076/3076 526/3077/3077 557/3078/3078
f 567/3079/3079 557/3080/3080 568/3081/3081
