v 40.069145 1.935790 47.995682
v -60.000000 11.804132 -48.000000
v -56.000000 11.206862 -48.000000
v -49.850861 9.018878 -48.027935
v -45.866112 8.669934 -48.032459
v -40.000000 -2.007812 -50.250000
v 64.000000 1.936984 -8.000000
v -52.000000 10.199672 -48.000000
v 64.000000 1.936984 7.999999
v 64.000000 1.936984 12.000000
v -62.000000 11.802978 -51.000000
v -45.882736 8.590005 -43.896801
v -45.853653 8.423762 -39.822495
v -45.656021 8.178633 -35.810360
v -153.000000 11.187327 -202.000000
v -45.277824 7.838196 -31.767372
v -44.820595 7.406491 -27.743736
v -5.750000 2.250000 -29.250000
v -44.140266 6.921056 -23.875019
v -0.750000 2.250000 -22.250000
v -43.101540 6.408647 -20.113853
v -5.750000 2.250000 -52.250000
v -41.669556 5.908731 -16.579813
v -26.000000 0.000000 -2.000000
v -39.688194 5.454700 -13.456674
v -40.000000 -1.757812 -50.250000
v -20.750000 0.000000 -4.750000
v -149.000000 2.000000 -202.000000
v -132.000000 2.247192 -144.000000
v -87.000000 2.244022 -204.000000
v 88.000000 2.000000 -170.000000
v 88.000000 2.250000 -164.000000
v 88.000000 2.000000 -164.000000
v -27.946217 3.554497 1.353786
v -27.105633 3.364414 3.431813
v 77.000000 2.000000 -88.000000
v -25.947058 3.040561 7.663002
v 56.000000 1.936984 -52.000000
v -25.271233 2.775597 11.906517
v 56.000000 1.936984 -16.000000
v -24.792736 2.536368 15.982651
v 88.000000 2.250000 -130.000000
v -24.160826 2.345721 19.876076
v -20.750000 0.250000 -4.750000
v -23.018934 2.210787 23.484634
v -22.217228 2.154269 25.228695
v -49.867500 8.938760 -43.896748
v -49.837250 8.767652 -39.709816
v -153.000000 11.459228 -182.000000
v -49.628616 8.509105 -35.479816
v -49.239677 8.158987 -31.319283
v -135.000000 11.287353 -228.000000
v -48.767876 7.713692 -27.174007
v -5.750000 2.250000 -28.000000
v -48.026031 7.185129 -22.963383
v -5.750000 2.250000 -22.250000
v -46.882416 6.621344 -18.825554
v 6.000000 2.000000 -67.000000
v -45.233658 6.047435 -14.769305
v 6.000000 2.250000 -67.000000
v -42.825378 5.495875 -10.975465
v -149.000000 2.000000 -182.000000
v -22.000000 0.000000 -6.000000
v -149.000000 2.244023 -164.000000
v -86.000000 2.244023 -76.000000
v -87.000000 2.250000 -181.000000
v 88.000000 2.000000 -241.000000
v -106.000000 2.250000 -207.000000
v 88.000000 2.000000 -130.000000
v -31.575127 3.678848 3.031749
v -30.871475 3.519727 4.771327
v 88.000000 2.000000 -96.000000
v -29.856117 3.235530 8.488361
v 70.000000 2.000000 -80.000000
v -29.235687 2.991906 12.392628
v 32.000000 2.250000 -130.000000
v -28.751442 2.749927 16.514679
v 32.000000 2.250000 -136.000000
v -28.054787 2.542597 20.769554
v -19.250000 0.250000 -6.250000
v -26.704718 2.383415 25.029041
v -20.500000 0.250000 -7.500000
v -24.714882 2.260242 28.973164
v -25.593138 2.763401 32.008503
v -18.000000 -0.750000 -54.750000
v -16.229353 2.705235 26.893661
v -6.775520 2.411033 44.772137
v -12.000000 2.000000 12.000000
v -13.277763 1.914444 15.314804
v -33.000000 -1.750000 -28.000000
v -17.021002 1.914444 20.221390
v -18.000000 2.250000 -28.000000
v -21.498470 1.914443 25.344479
v -22.393612 1.914443 27.289577
v -22.648682 1.914443 29.189285
v -22.568989 1.914443 30.995468
v -22.118877 1.914443 33.128723
v -21.220648 1.914443 34.723274
v -20.096716 1.914443 36.137539
v -17.871962 1.914443 38.484554
v -15.667421 1.914443 40.484646
v -14.646843 1.914443 41.458508
v -13.643181 1.914443 42.513256
v -12.825480 1.914443 43.576595
v -12.303820 1.914443 44.414661
v -11.982903 1.914443 45.566509
v -11.829563 1.914443 48.481640
v -11.861914 1.914443 50.034721
v -11.892120 1.935790 52.022327
v -7.000000 2.250000 17.000000
v -9.851034 1.914444 18.917675
v -135.000000 11.388915 -143.000000
v -33.000000 -1.750000 -29.250000
v -14.226954 1.914444 22.959465
v -18.000000 -1.000000 -54.750000
v -18.004223 1.914443 27.103451
v -18.529472 1.914443 27.899628
v -18.854807 1.916259 29.031818
v -18.854807 1.916259 30.384201
v -18.671194 1.914443 31.280148
v -18.070610 1.914443 32.403572
v -17.283590 1.914443 33.419067
v -15.244902 1.914443 35.585876
v -12.853878 1.914443 37.766613
v -11.642063 1.914443 38.953503
v -10.521801 1.914443 40.155132
v -9.466852 1.914443 41.570766
v -8.519955 1.914443 43.421627
v -8.081551 1.914443 45.278072
v -8.000000 1.936187 52.000000
v -60.000000 1.940328 72.000000
v -49.991783 2.047310 59.742302
v -40.280777 2.029562 54.301228
v -34.711506 1.937262 52.890511
v -28.971481 1.937262 52.142544
v -24.040104 1.937262 51.998066
v -20.067162 1.937262 51.959541
v -16.000000 1.936187 52.000000
v -4.000000 1.936187 52.000000
v 0.000000 1.936984 52.001770
v 4.000000 1.936984 52.135693
v 8.018236 1.951960 52.363483
v 12.037920 2.057913 52.621471
v 15.986542 2.124812 52.634735
v 18.927711 2.133161 52.448677
v 21.804668 2.172832 51.690918
v 24.684212 2.131364 50.851871
v 27.726355 2.037835 49.448753
v 30.679369 2.012130 46.355534
v 23.957539 1.935790 60.092606
v 34.398148 1.983197 41.013561
v 35.131294 1.956351 38.257587
v 35.997192 1.937264 35.108604
v 36.746941 1.937264 33.375362
v 37.707680 1.937264 31.777962
v 38.799797 1.937264 30.472767
v 40.094185 1.940554 29.321434
v 43.415138 1.972640 27.111435
v 46.307335 1.962890 25.215778
v 47.393600 1.956659 24.004501
v 47.743324 1.963145 22.625465
v 47.664146 1.984757 20.929958
v 47.606178 2.007967 18.789547
v -35.000000 -2.003906 -50.250000
v 49.000000 1.994384 12.000000
v 39.000000 2.006103 28.000000
v 64.000000 1.936984 -4.000000
v 54.000000 1.994022 0.000000
v -57.874268 0.127993 72.106865
v -48.881256 0.143403 61.121948
v -39.673759 0.136152 55.982056
v -34.340363 0.127689 54.480984
v -28.783615 0.127689 53.686054
v -24.025679 0.127689 53.465778
v -20.045046 0.127689 53.431530
v -15.977386 0.127689 53.430401
v -11.916824 0.127689 53.430237
v -7.981742 0.127689 53.430309
v -3.936162 0.127689 53.430805
v 0.074133 0.127689 53.450008
v 4.042778 0.127689 53.577553
v 8.064663 0.127689 53.833668
v 12.087572 0.153504 54.090523
v 15.975077 0.178094 54.187862
v 19.159807 0.184833 53.982277
v 22.232090 0.201273 53.450142
v 25.336081 0.183734 52.530270
v 28.656981 0.146433 50.973186
v 31.893900 0.134946 47.645954
v 34.051418 0.133620 45.047127
v 36.067169 0.128852 41.706470
v 36.852127 0.127690 38.859383
v 37.663925 0.127690 35.813057
v 38.329460 0.127691 34.241558
v 39.173782 0.127691 32.833599
v 40.140404 0.127691 31.684498
v 41.332985 0.127691 30.641987
v 44.630676 0.127780 28.452240
v 47.705284 0.127691 26.278408
v 48.979919 0.127691 24.717735
v 49.486771 0.127691 23.006691
v 49.471375 0.127990 21.139626
v 49.411774 0.128247 18.984673
v 49.874847 0.127691 15.699055
v 50.842613 0.127691 12.564098
v 52.279579 0.127692 9.655918
v 53.620247 0.127692 7.304587
v 55.983955 0.127692 0.243860
v 58.000000 0.131564 -16.000000
v -57.352325 -0.225994 72.411278
v -48.514618 -0.221506 61.577431
v -39.473358 -0.225002 56.536980
v -34.217834 -0.225994 55.065014
v -28.721588 -0.225994 54.284065
v -23.997824 -0.225994 54.068237
v -20.037745 -0.250161 54.035400
v -15.976435 -0.225994 54.034584
v -11.916780 -0.225994 54.034466
v -7.982416 -0.225993 54.034523
v -3.941867 -0.225993 54.034878
v 0.056963 -0.225993 54.053761
v 4.014357 -0.225993 54.180996
v 8.033802 -0.225993 54.436947
v 12.069323 -0.215547 54.693420
v 15.994387 -0.200122 54.789043
v 19.236433 -0.194902 54.577007
v 22.373199 -0.183533 54.030941
v 25.551291 -0.195681 53.084377
v 28.964220 -0.219543 51.476471
v 32.294868 -0.225216 48.071976
v 34.540909 -0.225587 45.367821
v 36.618187 -0.225992 41.935230
v 37.420242 -0.225992 39.058060
v 38.214188 -0.225992 36.045628
v 38.851913 -0.225992 34.527523
v 39.657806 -0.225992 33.182110
v 40.583000 -0.225992 32.084541
v 41.741966 -0.225992 31.077957
v 45.031975 -0.225992 28.894897
v 48.166801 -0.225992 26.629227
v 49.503632 -0.225992 24.953205
v 50.062355 -0.225992 23.132549
v 50.068016 -0.225992 21.208847
v 50.007874 -0.225991 19.049095
v 50.454018 -0.225991 15.824348
v 51.403725 -0.225991 12.764694
v 52.835754 -0.225991 9.886543
v 54.183609 -0.225991 7.518546
v 56.560799 -0.225991 0.416699
v -46.989372 1.937262 68.133453
v 57.401154 1.392197 11.779636
v 55.208168 1.392197 16.852829
v 54.965591 1.392197 21.777046
v 53.802559 1.392197 26.886070
v 51.955246 1.392197 29.508945
v 44.216042 1.392196 35.368336
v 43.630959 1.392196 36.042896
v 42.083702 1.392196 40.688931
v 41.141243 1.392196 43.813015
v 31.486216 1.392196 55.607693
v 23.531509 1.392195 58.798439
v 19.865408 1.392195 59.458931
v 7.985900 1.392195 59.388954
v 3.955943 1.392195 59.134407
v -7.987945 1.392195 58.642715
v -11.916410 1.392195 58.642830
v -23.944044 1.392195 59.013573
v -28.212479 1.392195 59.192856
v -45.505081 1.392194 65.316299
v -53.067924 1.392194 74.910088
v 57.684654 0.181604 8.848183
v 56.292107 0.181604 11.319756
v 54.053261 0.181603 16.602985
v 53.639343 0.181603 23.914700
v 52.758247 0.181603 26.416531
v 44.283577 0.181603 33.787304
v 43.333481 0.181603 34.570618
v 41.633781 0.181603 37.490936
v 40.950836 0.181602 40.292751
v 37.582840 0.181602 47.494701
v 30.873564 0.181602 54.604115
v 19.712616 0.181602 58.272995
v 16.009457 0.181602 58.525085
v 4.012616 0.181601 57.931099
v 0.055190 0.181601 57.805794
v -11.916500 0.181601 57.789459
v -15.970518 0.181601 57.789299
v -28.336151 0.181601 58.000389
v -33.456371 0.181601 58.694511
v -54.108704 0.181600 74.303062
v 28.000000 2.250000 40.000000
v 58.808044 1.392197 9.274826
v 56.009598 1.392197 14.411320
v 54.901031 1.392197 19.577896
v 54.787102 1.392197 24.165672
v 48.326080 1.392197 32.528481
v 45.099106 1.392197 34.656658
v 43.140541 1.392196 36.874920
v 42.731041 1.392196 37.954700
v 38.558907 1.392196 48.134186
v 35.586246 1.392196 51.568947
v 27.317854 1.392195 57.632828
v 16.012983 1.392195 59.723885
v 12.024446 1.392195 59.642357
v 0.020951 1.392195 59.009720
v -3.988698 1.392195 58.993439
v -15.968620 1.392195 58.994080
v -19.977812 1.392195 58.992317
v -33.212040 1.392195 59.859116
v -37.828331 1.392195 61.092033
v 62.000000 0.131564 -16.000000
v 60.145638 0.181604 1.490820
v 54.890724 0.181604 14.011314
v 53.712364 0.181603 19.449436
v 53.775856 0.181603 21.639015
v 51.034943 0.181603 28.809391
v 47.525864 0.181603 31.645794
v 42.665787 0.181603 35.347939
v 42.098732 0.181603 36.304684
v 40.042488 0.181602 43.356853
v 34.786690 0.181602 50.719463
v 26.888716 0.181602 56.527893
v 23.250130 0.181602 57.640297
v 12.060839 0.181602 58.440140
v 8.012463 0.181601 58.185989
v -3.977320 0.181601 57.788879
v -7.986601 0.181601 57.789391
v -19.992371 0.181601 57.788162
v -23.999586 0.181601 57.812225
v -38.227943 0.181601 59.985497
v -46.236168 0.181601 64.408035
v 61.295906 1.392198 1.835474
v -52.000000 1.936984 76.000000
v -45.137581 1.937262 65.772858
v -37.627449 1.937263 61.648254
v -33.089218 1.937263 60.444534
v -28.150307 1.937263 59.792282
v -23.916121 1.937263 59.617462
v -20.000000 1.936187 59.629616
v -16.000000 1.936187 59.540337
v -12.000000 1.936187 59.000000
v -8.000000 1.936187 59.000000
v -4.000000 1.936187 59.451042
v 0.003742 1.937263 59.614906
v 4.000000 1.936984 59.689285
v 8.024920 1.937263 59.993652
v 12.006155 1.937263 60.246681
v 16.032339 1.937263 60.326492
v 19.942215 1.937263 60.055084
v 23.672956 1.937263 59.380615
v 27.533575 1.937263 58.188248
v 31.946394 1.935790 55.985901
v 35.988167 1.937264 51.995979
v 39.049553 1.937264 48.455643
v 41.693565 1.937264 44.042316
v 42.653168 1.937264 40.888073
v 43.282600 1.937264 38.187817
v 43.664238 1.937264 37.161568
v 44.116127 1.937264 36.392231
v 44.659676 1.937264 35.769325
v 45.509056 1.937264 35.093666
v 48.728333 1.937265 32.972183
v 52.417862 1.937265 29.860596
v 54.327515 1.937265 27.122097
v 55.364052 1.937265 24.291828
v 55.563652 1.937265 21.846428
v 55.498543 1.937265 19.642471
v 56.572037 1.937265 14.612392
v 55.788704 1.937265 16.978420
v 57.958641 1.937266 12.010803
v 59.372742 1.937266 9.489288
v 61.874123 1.937266 2.008722
v 64.000000 1.936984 -16.000000
v -54.621445 -0.307215 74.004021
v -46.596336 -0.307215 63.960587
v -38.424812 -0.307215 59.440369
v -33.576740 -0.307215 58.120781
v -28.397079 -0.307214 57.412933
v -24.026951 -0.307214 57.220398
v -19.999542 -0.265268 57.194939
v -15.971451 -0.307214 57.195770
v -11.916542 -0.307214 57.195892
v -7.985939 -0.307214 57.195831
v -3.971715 -0.307214 57.195465
v 0.072057 -0.307214 57.212692
v 4.040535 -0.307214 57.338303
v 8.042780 -0.307214 57.593353
v 12.078766 -0.307214 57.847870
v 15.990488 -0.307214 57.934509
v 19.637342 -0.307214 57.688751
v 23.111509 -0.307214 57.069748
v 26.677301 -0.307214 55.983559
v 30.571741 -0.307214 54.109711
v 34.392796 -0.307213 50.300980
v 37.101982 -0.307213 47.179661
v 39.501183 -0.307213 43.132130
v 40.392738 -0.307213 40.097576
v 41.093231 -0.307213 37.262470
v 41.585487 -0.307213 36.023754
v 42.190300 -0.307213 35.005573
v 42.898697 -0.307213 34.177631
v 43.881805 -0.307213 33.359020
v 47.131645 -0.307213 31.210945
v 50.581558 -0.307212 28.464760
v 52.243774 -0.307212 26.185211
v 53.073914 -0.307212 23.791061
v 53.189735 -0.307212 21.571014
v 53.126778 -0.307212 19.386154
v 53.484314 -0.307212 16.479904
v 54.339508 -0.307212 13.814251
v 55.745735 -0.307212 11.093197
v 57.131226 -0.307212 8.637997
v 59.578964 -0.307211 1.321027
v -50.692947 1.937262 72.854637
v -53.000000 9.013915 -56.000000
v 57.274666 0.377196 -8.000000
v 58.000000 -0.622804 -8.000000
v 61.000000 -0.622804 -8.000000
v 63.000000 1.377196 -8.000000
v 63.000000 1.980130 -4.000000
v 57.599998 0.153407 -12.000000
v 58.400002 -0.316155 -12.000000
v 56.000000 1.994022 -12.000000
v 61.599998 -0.316155 -12.000000
v 63.199997 1.393991 -12.000000
v 64.000000 1.936984 -12.000000
v 28.018911 1.935790 60.047966
v 56.496399 0.127692 -3.146460
v 57.065926 -0.225991 -2.952960
v 60.045776 -0.307211 -1.940539
v 60.605263 0.181604 -1.750452
v 61.740929 1.392198 -1.364600
v 62.311806 1.937266 -1.170642
v 53.000000 1.994384 3.000000
v 54.802101 0.127692 3.774225
v 55.372208 -0.225991 3.967621
v 58.355095 -0.307211 4.979510
v 58.915146 0.181604 5.169501
v 60.051979 1.392198 5.555152
v 60.623436 1.937266 5.749005
v -45.404114 2.069407 56.530708
v -44.545334 0.144011 58.060951
v -44.261810 -0.222407 58.566154
v -42.778404 -0.307215 61.209427
v -42.499886 0.181601 61.705719
v -41.934532 1.392194 62.713112
v -41.650345 1.937263 63.219513
v -54.995895 2.115903 65.871147
v -57.497955 2.015215 68.935577
v -52.493835 2.105397 62.806725
v -53.377762 0.187354 66.614403
v -55.626015 0.155134 69.360634
v -51.129509 0.175323 63.868179
v -52.933472 -0.190373 66.994354
v -55.142899 -0.212055 69.702812
v -50.724045 -0.198100 64.285896
v -50.608887 -0.307215 68.982300
v -52.615166 -0.307215 71.493156
v -48.602615 -0.307215 66.471443
v -50.172440 0.181600 69.355553
v -52.140572 0.181600 71.829308
v -48.204308 0.181600 66.881798
v -49.286499 1.392194 70.113197
v -51.177216 1.392194 72.511642
v -47.395790 1.392194 67.714745
v -48.841156 1.937262 70.494041
v -24.750000 0.000000 -0.750000
v -48.000000 6.927842 -12.000000
v -48.000000 5.903975 -8.000000
v -48.000000 5.565898 -4.000000
v -48.000000 5.549951 0.000000
v -48.000000 5.354399 4.000000
v -48.000000 4.215272 7.999999
v -48.000000 3.674002 12.000000
v -48.000000 3.867834 16.000000
v -48.000000 4.334836 20.000000
v -48.000000 4.316143 24.000000
v -48.000000 4.673449 28.000000
v -48.000000 5.300472 32.000000
v -48.000000 5.092671 36.000000
v -48.000000 5.262536 40.000000
v -48.000000 4.911999 44.000000
v -48.000000 4.800972 48.000000
v -48.000000 3.955282 52.000000
v -44.000000 5.899014 -8.000000
v -44.000000 5.324668 -4.000000
v -44.000000 4.756093 0.000000
v -44.000000 4.559399 4.000000
v -44.000000 3.858213 7.999999
v -44.000000 3.883660 12.000000
v -44.000000 4.154927 16.000000
v -44.000000 4.327068 20.000000
v -44.000000 4.567663 24.000000
v -44.000000 4.065153 28.000000
v -44.000000 4.184155 32.000000
v -44.000000 4.534680 36.000000
v -44.000000 4.450791 40.000000
v -44.000000 4.354315 44.000000
v -44.000000 3.959278 48.000000
v -44.000000 3.444592 52.000000
v -40.000000 -1.974527 -45.500000
v -55.000000 9.252196 -53.000000
v -40.000000 2.242188 -56.000000
v -57.000000 11.232665 -51.000000
v -134.000000 2.250000 -224.000000
v -126.000000 2.244023 -125.000000
v -22.000000 0.250000 -6.000000
v -40.000000 -2.031250 -16.000000
v -128.000000 2.244022 -220.000000
v -113.000000 2.244022 -211.000000
v -40.000000 4.521601 4.000000
v -40.000000 4.131581 7.999999
v -40.000000 4.152470 12.000000
v -40.000000 4.399328 16.000000
v -40.000000 4.217250 20.000000
v -40.000000 4.155598 24.000000
v -40.000000 3.610842 28.000000
v -40.000000 3.577032 32.000000
v -40.000000 3.546493 36.000000
v -40.000000 3.809557 40.000000
v -40.000000 3.414268 44.000000
v -40.000000 3.180952 48.000000
v -40.000000 2.840387 52.000000
v -6.007863 1.936984 47.338737
v -35.000000 -2.005616 -19.000000
v -7.404879 2.365109 41.799877
v 88.000000 2.000000 -120.000000
v -111.000000 2.250000 -183.000000
v -36.000000 4.330519 4.000000
v -36.000000 4.203738 7.999999
v -36.000000 4.319262 12.000000
v -36.000000 4.356029 16.000000
v -36.000000 3.921659 20.000000
v -36.000000 3.807877 24.000000
v -36.000000 3.674329 28.000000
v -36.000000 3.348466 32.000000
v -36.000000 3.158070 36.000000
v -36.000000 3.247933 40.000000
v -36.000000 3.014678 44.000000
v -36.000000 2.739480 48.000000
v -22.915012 2.443234 34.846687
v 36.000000 2.000000 32.000000
v -33.000000 3.843752 4.000000
v -32.000000 3.517697 7.999999
v -31.440811 3.617394 12.000000
v -31.067963 3.779635 16.000000
v -30.521118 3.854985 20.000000
v -32.000000 3.783622 24.000000
v -32.000000 3.500245 28.000000
v -32.000000 3.272488 32.000000
v -32.000000 3.113507 36.000000
v -32.000000 3.127355 40.000000
v -32.000000 2.735566 44.000000
v -32.000000 2.659756 48.000000
v -89.000000 12.037353 -66.000000
v 24.000000 2.000000 44.000000
v -24.225842 2.547846 34.101768
v -29.242813 3.382051 24.000000
v -27.602295 3.263689 28.000000
v -27.850861 3.074194 32.000000
v -28.000000 2.852308 36.000000
v -28.000000 2.987685 40.000000
v -28.000000 2.648414 44.000000
v -28.000000 2.648294 48.000000
v 52.000000 1.936984 36.000000
v -91.000000 11.775634 -63.000000
v -24.067436 2.962773 4.066661
v -24.000000 3.458992 7.999999
v -24.003551 3.586941 12.005943
v -23.997330 3.255664 15.982651
v -23.882259 2.452609 32.017006
v -22.189575 2.440109 35.983395
v -24.000000 2.648294 40.000000
v -24.000000 2.648294 44.000000
v -24.000000 2.648294 48.000000
v 28.000000 2.000000 40.000000
v -20.000000 2.250000 -29.250000
v -20.000000 3.107877 7.999999
v -20.000000 3.626352 12.000000
v -20.000000 3.222601 16.000000
v -20.000000 2.325837 20.000000
v -23.398636 2.446359 33.734161
v -19.234892 2.249484 39.287682
v -20.000000 2.648294 44.000000
v -20.000000 2.648294 48.000000
v -6.841319 1.936984 46.768383
v 64.000000 1.936984 4.000000
v -7.918411 1.914443 48.563110
v -16.000000 3.097959 12.000000
v -16.000000 2.252624 16.000000
v -16.777832 2.751172 27.990498
v -16.000000 2.503322 32.000000
v -15.099089 2.249484 43.463585
v -16.000000 2.249854 48.000000
v -18.000000 -0.750000 -48.000000
v -7.950761 1.914443 50.116192
v -50.000000 2.244023 -76.000000
v -12.352457 2.511246 22.586418
v -12.000000 2.651113 28.000000
v -12.000000 2.651113 32.000000
v -12.210726 2.249951 37.057899
v -8.000000 1.994384 8.000000
v -7.950767 2.400634 18.270302
v -8.000000 2.988279 24.000000
v -8.000000 3.213745 28.000000
v -8.000000 3.071385 32.000000
v -8.000000 2.724560 36.000000
v -8.428101 2.258859 40.383266
v -5.130540 1.936984 47.733601
v -35.000000 -2.005616 -45.500000
v -4.000000 2.666684 20.000000
v -4.000000 3.228735 24.000000
v -4.000000 3.474443 28.000000
v -4.000000 3.638591 32.000000
v -4.000000 3.180897 36.000000
v -4.000000 2.900602 40.000000
v -4.000000 2.648401 44.000000
v -4.000000 1.936984 48.000000
v -6.249126 2.277656 46.132214
v 0.000000 1.994022 20.000000
v 0.000000 3.165951 24.000000
v 0.000000 3.498242 28.000000
v 0.000000 3.760560 32.000000
v 0.000000 3.341992 36.000000
v 0.000000 2.949548 40.000000
v 0.000000 2.651113 44.000000
v 0.000000 1.936984 48.000000
v -6.972917 2.468234 43.477863
v -5.722732 2.186835 46.834194
v 4.000000 3.337172 28.000000
v 4.000000 3.677311 32.000000
v 4.000000 3.345648 36.000000
v 4.000000 2.773304 40.000000
v 4.000000 2.171881 44.000000
v 4.000000 1.937175 48.000000
v 8.000000 1.998290 28.000000
v 8.000000 3.565039 32.000000
v 8.000000 3.127000 36.000000
v 8.000000 2.596529 40.000000
v 8.000000 2.882731 44.000000
v 8.000000 2.335001 48.000000
v -9.993382 2.456558 20.428360
v 12.000000 2.946612 36.000000
v 12.000000 3.583710 40.000000
v 12.000000 3.657663 44.000000
v 12.000000 2.833445 48.000000
v 16.000000 2.006103 36.000000
v 16.000000 4.145403 40.000000
v 16.000000 4.003397 44.000000
v 16.000000 3.133277 48.000000
v -153.000000 11.560790 -163.000000
v 20.000000 4.005576 44.000000
v 20.000000 3.003129 48.000000
v -16.843634 2.620824 30.579037
v -14.237328 2.339864 34.710468
v -17.019096 2.665026 29.262833
v -16.514637 2.576622 31.193268
v -10.000200 2.255734 38.946686
v -5.020875 2.105585 47.360676
v 24.000000 2.572845 48.000000
v 27.999998 2.517464 44.000000
v 31.999998 2.161075 40.000000
v 32.491020 2.073853 43.910725
v 64.000000 1.936984 0.000000
v 45.000000 1.994022 20.000000
v 44.000000 2.121675 24.000000
v -60.000000 10.479764 -24.000000
v -60.000000 9.184464 -20.000000
v -60.000000 8.098457 -16.000000
v -60.000000 6.426175 -12.000000
v -60.000000 5.465711 -8.000000
v -60.000000 5.250189 -4.000000
v -60.000000 5.569693 0.000000
v -60.000000 4.974658 4.000000
v -56.000000 9.617083 -24.000000
v -56.000000 8.468727 -20.000000
v -56.000000 7.446501 -16.000000
v -56.000000 6.622920 -12.000000
v -56.000000 5.721586 -8.000000
v -56.000000 5.919932 -4.000000
v -56.000000 6.547776 0.000000
v -56.000000 6.210630 4.000000
v -52.000000 8.604626 -24.000000
v -52.000000 8.004934 -20.000000
v -52.000000 7.428081 -16.000000
v -52.000000 6.721472 -12.000000
v -52.000000 5.615124 -8.000000
v -52.000000 5.822718 -4.000000
v -52.000000 6.608831 0.000000
v -52.000000 6.262778 4.000000
v -60.000000 3.592261 32.000000
v -60.000000 3.691186 36.000000
v -60.000000 3.682770 40.000000
v -60.000000 3.618793 44.000000
v -60.000000 3.177139 48.000000
v -60.000000 3.535721 52.000000
v -60.000000 3.748100 56.000000
v -60.000000 3.842373 60.000000
v -60.000000 3.311024 64.000000
v -60.000000 2.807971 68.000000
v -56.000000 4.683649 32.000000
v -56.000000 5.194338 36.000000
v -56.000000 4.709924 40.000000
v -56.000000 4.600899 44.000000
v -56.000000 3.731054 48.000000
v -56.000000 4.008719 52.000000
v -56.000000 3.778904 56.000000
v -56.000000 3.484056 60.000000
v -56.000000 3.057617 64.000000
v -52.000000 5.196873 32.000000
v -52.000000 6.039873 36.000000
v -52.000000 5.555459 40.000000
v -52.000000 4.982675 44.000000
v -52.000000 3.959068 48.000000
v -52.000000 3.739527 52.000000
v -52.000000 3.271124 56.000000
v -52.000000 2.913889 60.000000
v -60.000000 3.433431 7.999999
v -60.000000 2.884181 12.000000
v -60.000000 3.112503 16.000000
v -60.000000 3.402936 20.000000
v -60.000000 3.402933 24.000000
v -60.000000 3.911793 28.000000
v -56.000000 4.377242 7.999999
v -56.000000 3.647121 12.000000
v -56.000000 3.645589 16.000000
v -56.000000 3.890498 20.000000
v -56.000000 3.898967 24.000000
v -56.000000 4.080182 28.000000
v -52.000000 4.430944 7.999999
v -52.000000 3.543016 12.000000
v -52.000000 3.896931 16.000000
v -52.000000 3.898082 20.000000
v -52.000000 4.063482 24.000000
v -52.000000 4.433674 28.000000
v -60.000000 11.784398 -44.000000
v -60.000000 11.818496 -40.000000
v -60.000000 11.663302 -36.000000
v -60.000000 11.569909 -32.000000
v -60.000000 11.103789 -28.000000
v -56.000000 11.169988 -44.000000
v -56.000000 11.133948 -40.000000
v -56.000000 11.047246 -36.000000
v -56.000000 10.637601 -32.000000
v -56.000000 10.120275 -28.000000
v -52.000000 10.164519 -44.000000
v -52.000000 10.066067 -40.000000
v -52.000000 9.907972 -36.000000
v -52.000000 9.682022 -32.000000
v -52.000000 9.183880 -28.000000
v 54.000000 2.244022 0.000000
v 53.000000 2.244384 3.000000
v 24.000000 2.250000 -8.000000
v 49.000000 2.244384 12.000000
v 45.000000 2.244022 20.000000
v 0.000000 2.244022 20.000000
v 12.000000 2.250000 8.000000
v 16.000000 2.256103 36.000000
v 24.000000 2.250000 44.000000
v 32.000000 2.250000 36.000000
v -86.000000 2.248290 -91.000000
v 8.000000 2.250000 -8.000000
v 88.000000 2.250000 -170.000000
v -8.000000 2.244384 8.000000
v 20.000000 2.250000 0.000000
v 8.000000 2.248290 28.000000
v -35.000000 -1.753906 -50.250000
v 88.000000 2.250000 -241.000000
v 32.000000 2.017821 36.000000
v -35.000000 -1.755616 -19.000000
v -40.000000 1.936984 68.000000
v -40.000000 1.936984 72.000000
v -40.000000 1.936984 76.000000
v -36.000000 1.936984 64.000000
v -36.000000 1.936984 68.000000
v -36.000000 1.936984 72.000000
v -36.000000 1.936984 76.000000
v -32.000000 1.936984 64.000000
v -32.000000 1.936984 68.000000
v -32.000000 1.936984 72.000000
v -32.000000 1.936984 76.000000
v -28.000000 1.936984 64.000000
v -28.000000 1.936984 68.000000
v -28.000000 1.936984 72.000000
v -28.000000 1.936984 76.000000
v -24.000000 1.936984 64.000000
v -24.000000 1.936984 68.000000
v -24.000000 1.936984 72.000000
v -24.000000 1.936984 76.000000
v -20.000000 1.936984 64.000000
v -20.000000 1.936984 68.000000
v -20.000000 1.936984 72.000000
v -20.000000 1.936984 76.000000
v -16.000000 1.936984 64.000000
v -16.000000 1.936984 68.000000
v -16.000000 1.936984 72.000000
v -16.000000 1.936984 76.000000
v -12.000000 1.936984 64.000000
v -12.000000 1.936984 68.000000
v -12.000000 1.936984 72.000000
v -12.000000 1.936984 76.000000
v -8.000000 1.936984 64.000000
v -8.000000 1.936984 68.000000
v -8.000000 1.936984 72.000000
v -8.000000 1.936984 76.000000
v -4.000000 1.936984 64.000000
v -4.000000 1.936984 68.000000
v -4.000000 1.936984 72.000000
v -4.000000 1.936984 76.000000
v 0.000000 1.936984 64.000000
v 0.000000 1.936984 68.000000
v 0.000000 1.936984 72.000000
v 0.000000 1.936984 76.000000
v 4.000000 1.936984 64.000000
v 4.000000 1.936984 68.000000
v 4.000000 1.936984 72.000000
v 4.000000 1.936984 76.000000
v 8.000000 1.936984 64.000000
v 8.000000 1.936984 68.000000
v 8.000000 1.936984 72.000000
v 8.000000 1.936984 76.000000
v 12.000000 1.936984 64.000000
v 12.000000 1.936984 68.000000
v 12.000000 1.936984 72.000000
v 12.000000 1.936984 76.000000
v 16.000000 1.936984 64.000000
v 16.000000 1.936984 68.000000
v 16.000000 1.936984 72.000000
v 16.000000 1.936984 76.000000
v 20.000000 1.936984 64.000000
v 20.000000 1.936984 68.000000
v 20.000000 1.936984 72.000000
v 20.000000 1.936984 76.000000
v 24.000000 1.936984 64.000000
v 24.000000 1.936984 68.000000
v 24.000000 1.936984 72.000000
v 24.000000 1.936984 76.000000
v 27.999998 1.936984 64.000000
v 27.999998 1.936984 68.000000
v 27.999998 1.936984 72.000000
v 27.999998 1.936984 76.000000
v 31.999998 1.936984 60.000000
v 31.999998 1.936984 64.000000
v 31.999998 1.936984 68.000000
v 31.999998 1.936984 72.000000
v 31.999998 1.936984 76.000000
v 36.000000 1.936984 56.000000
v 36.000000 1.936984 60.000000
v 36.000000 1.936984 64.000000
v 36.000000 1.936984 68.000000
v 36.000000 1.936984 72.000000
v 36.000000 1.936984 76.000000
v 40.000000 1.936984 52.000000
v 40.000000 1.936984 56.000000
v 40.000000 1.936984 60.000000
v 40.000000 1.936984 64.000000
v 40.000000 1.936984 68.000000
v 40.000000 1.936984 72.000000
v 40.000000 1.936984 76.000000
v 44.000000 1.936984 40.000000
v 44.000000 1.936984 44.000000
v 44.000000 1.936984 48.000000
v 44.000000 1.936984 52.000000
v 44.000000 1.936984 56.000000
v 44.000000 1.936984 60.000000
v 44.000000 1.936984 64.000000
v 44.000000 1.936984 68.000000
v 44.000000 1.936984 72.000000
v 44.000000 1.936984 76.000000
v 48.000000 1.936984 36.000000
v 48.000000 1.936984 40.000000
v 48.000000 1.936984 44.000000
v 48.000000 1.936984 48.000000
v 48.000000 1.936984 52.000000
v 48.000000 1.936984 56.000000
v 48.000000 1.936984 60.000000
v 48.000000 1.936984 64.000000
v 48.000000 1.936984 68.000000
v 48.000000 1.936984 72.000000
v 48.000000 1.936984 76.000000
v 52.000000 1.936984 40.000000
v 52.000000 1.936984 44.000000
v 52.000000 1.936984 48.000000
v 52.000000 1.936984 52.000000
v 52.000000 1.936984 56.000000
v 52.000000 1.936984 60.000000
v 52.000000 1.936984 64.000000
v 52.000000 1.936984 68.000000
v 52.000000 1.936984 72.000000
v 52.000000 1.936984 76.000000
v -44.000000 1.936984 76.000000
v -48.000000 1.936984 72.000000
v -48.000000 1.936984 76.000000
v -44.000000 1.936984 68.000000
v -44.000000 1.936984 72.000000
v 56.000000 1.936984 56.000000
v 56.000000 1.936984 60.000000
v 56.000000 1.936984 64.000000
v 56.000000 1.936984 68.000000
v 56.000000 1.936984 72.000000
v 56.000000 1.936984 76.000000
v 60.000000 1.936984 56.000000
v 60.000000 1.936984 60.000000
v 60.000000 1.936984 64.000000
v 60.000000 1.936984 68.000000
v 60.000000 1.936984 72.000000
v 60.000000 1.936984 76.000000
v 64.000000 1.936984 56.000000
v 64.000000 1.936984 60.000000
v 64.000000 1.936984 64.000000
v 64.000000 1.936984 68.000000
v 64.000000 1.936984 72.000000
v 64.000000 1.936984 76.000000
v 56.000000 1.936984 36.000000
v 56.000000 1.936984 40.000000
v 56.000000 1.936984 44.000000
v 56.000000 1.936984 48.000000
v 56.000000 1.936984 52.000000
v 60.000000 1.936984 36.000000
v 60.000000 1.936984 40.000000
v 60.000000 1.936984 44.000000
v 60.000000 1.936984 48.000000
v 60.000000 1.936984 52.000000
v 64.000000 1.936984 36.000000
v 64.000000 1.936984 40.000000
v 64.000000 1.936984 44.000000
v 64.000000 1.936984 48.000000
v 64.000000 1.936984 52.000000
v 56.000000 1.936984 28.000000
v 56.000000 1.936984 32.000000
v 60.000000 1.936984 16.000000
v 60.000000 1.936984 20.000000
v 60.000000 1.936984 24.000000
v 60.000000 1.936984 28.000000
v 60.000000 1.936984 32.000000
v 64.000000 1.936984 16.000000
v 64.000000 1.936984 20.000000
v 64.000000 1.936984 24.000000
v 64.000000 1.936984 28.000000
v 64.000000 1.936984 32.000000
v 60.000000 1.936984 12.000000
v 64.000000 1.936984 -52.000000
v 62.000000 0.131564 -52.000000
v 58.000000 0.131564 -52.000000
v 78.000000 1.936984 -80.000000
v 76.000000 0.131564 -80.000000
v 72.000000 0.131564 -80.000000
v 85.000000 1.936984 -88.000000
v 83.000000 0.131564 -88.000000
v 79.000000 0.131564 -88.000000
v 96.000000 1.936984 -96.000000
v 94.000000 0.131564 -96.000000
v 90.000000 0.131564 -96.000000
v 96.000000 1.936984 -120.000000
v 94.000000 0.131564 -120.000000
v 90.000000 0.131564 -120.000000
v 96.000000 1.936984 -130.000000
v 94.000000 0.131564 -130.000000
v 90.000000 0.131564 -130.000000
v 96.000000 1.936984 -164.000000
v 94.000000 0.131564 -164.000000
v 90.000000 0.131564 -164.000000
v 96.000000 1.935790 -174.000000
v 94.000000 0.131103 -173.000000
v 90.000000 0.131564 -171.000000
v 96.000000 1.935790 -241.000000
v 94.000000 0.131103 -241.000000
v 90.000000 0.131103 -241.000000
v -135.000000 11.510009 -118.000000
v -139.000000 11.642821 -115.000000
v -139.000000 11.603759 -142.000000
v -40.000000 2.000000 -140.000000
v 12.000000 2.000000 -16.000000
v 8.000000 2.000000 -8.000000
v 26.000000 2.000000 -16.000000
v 20.000000 2.000000 0.000000
v 12.000000 2.000000 8.000000
v 24.000000 2.000000 -8.000000
v 28.000000 2.000000 -140.000000
v 32.000000 2.000000 -136.000000
v 32.000000 2.000000 -130.000000
v -87.000000 2.000000 -181.000000
v -127.000000 2.000000 -187.000000
v -142.000000 2.000000 -196.000000
v 36.000000 2.000000 -120.000000
v -66.000000 2.000000 -181.000000
v -111.000000 2.000000 -183.000000
v -48.000000 2.000000 -148.000000
v -43.000000 2.000000 -141.000000
v -47.000000 2.000000 -145.000000
v -48.000000 2.000000 -181.000000
v -20.000000 2.000000 -140.000000
v 11.000000 2.000000 -115.000000
v 7.000000 2.000000 -119.000000
v 4.000000 2.000000 -120.000000
v 12.000000 2.000000 -112.000000
v 12.000000 2.000000 -80.000000
v -7.000000 2.000000 -59.250000
v -20.000000 -1.000000 -54.250000
v -35.000000 -1.755616 -45.500000
v -20.000000 2.000000 -120.000000
v -55.000000 2.000000 -128.000000
v -86.000000 2.000000 -164.000000
v -96.000000 2.000000 -164.000000
v -119.000000 2.000000 -169.000000
v -132.000000 2.000000 -172.000000
v -50.000000 2.000000 -120.000000
v -149.000000 2.250000 -202.000000
v -20.000000 -1.000000 -49.500000
v -7.000000 2.000000 -54.000000
v 28.000000 2.000000 -84.000000
v 12.000000 2.000000 -67.000000
v 26.000000 2.000000 -52.000000
v 33.000000 2.000000 -119.000000
v 26.000000 2.000000 -72.000000
v 29.000000 2.000000 -115.000000
v 28.000000 2.000000 -112.000000
v 26.000000 2.000000 -80.000000
v 12.000000 2.000000 -140.000000
v 12.000000 2.000000 -52.000000
v -50.000000 2.000000 -91.000000
v -55.000000 2.000000 -101.000000
v -86.000000 2.002196 -101.000000
v -86.000000 1.998290 -91.000000
v -113.000000 2.000000 -134.000000
v -119.000000 1.998290 -130.000000
v -113.000000 2.000000 -164.000000
v -79.000000 2.000000 -164.000000
v -119.000000 2.248290 -130.000000
v -119.000000 2.250000 -169.000000
v -20.000000 2.244022 -241.000000
v -20.000000 2.250000 -204.000000
v -149.000000 2.250000 -182.000000
v 12.000000 2.250000 -140.000000
v 28.000000 2.250000 -140.000000
v -48.000000 2.250000 -181.000000
v -48.000000 2.250000 -148.000000
v -20.000000 2.250000 -140.000000
v -7.000000 2.250000 -54.000000
v -20.000000 -0.750000 -49.500000
v 12.000000 2.250000 -52.000000
v 12.000000 2.250000 -67.000000
v 12.000000 2.250000 -16.000000
v 36.000000 2.250000 32.000000
v 39.000000 2.256103 28.000000
v 26.000000 2.250000 -72.000000
v 26.000000 2.250000 -52.000000
v 56.000000 2.250000 -52.000000
v 70.000000 2.250000 -80.000000
v 77.000000 2.250000 -88.000000
v 88.000000 2.250000 -96.000000
v 28.000000 2.250000 -112.000000
v 28.000000 2.250000 -84.000000
v 88.000000 2.250000 -120.000000
v 36.000000 2.250000 -120.000000
v 33.000000 2.250000 -119.000000
v 29.000000 2.250000 -115.000000
v 26.000000 2.250000 -80.000000
v 56.000000 2.244022 -12.000000
v 56.000000 2.250000 -16.000000
v 26.000000 2.250000 -16.000000
v -7.000000 2.250000 -59.250000
v 12.000000 2.250000 -80.000000
v 12.000000 2.250000 -112.000000
v -20.000000 -0.750000 -54.250000
v 4.000000 2.250000 -120.000000
v -6.500000 2.250000 16.500000
v -132.000000 2.250000 -172.000000
v -50.000000 2.250000 -120.000000
v -50.000000 2.250000 -91.000000
v -20.000000 2.250000 -120.000000
v 11.000000 2.250000 -115.000000
v 7.000000 2.250000 -119.000000
v -43.000000 2.250000 -141.000000
v -47.000000 2.250000 -145.000000
v -48.000000 2.244022 -204.000000
v -66.000000 2.244022 -204.000000
v -66.000000 2.250000 -181.000000
v -142.000000 2.250000 -196.000000
v -127.000000 2.250000 -187.000000
v -5.500000 2.250000 -62.500000
v -5.500000 2.000000 -62.500000
v -20.000000 2.250000 -56.750000
v -35.000000 2.250000 -52.250000
v -40.000000 2.250000 -52.250000
v -20.000000 2.250000 -59.500000
v -35.000000 2.250000 -53.250000
v -20.000000 2.000000 -56.750000
v -20.000000 2.000000 -59.500000
v -6.750000 2.000000 -60.000000
v -6.750000 2.250000 -60.000000
v -20.000000 2.250000 -55.750000
v -35.000000 2.250000 -56.000000
v -40.000000 2.250000 -53.250000
v -37.500000 2.250000 -56.000000
v -37.500000 2.250000 -53.250000
v -37.500000 2.000000 -53.250000
v -37.500000 1.996094 -56.000000
v -40.000000 2.250000 -140.000000
v -35.000000 2.000000 -53.250000
v -35.000000 2.000000 -56.000000
v -40.500000 2.246094 -67.000000
v -38.000000 2.250000 -67.000000
v -20.000000 2.250000 -28.000000
v -7.000000 2.250000 -28.000000
v -18.000000 2.250000 -29.250000
v -8.000000 2.250000 5.000000
v -7.000000 2.250000 -52.250000
v -20.000000 -0.750000 -47.500000
v 10.000000 2.250000 -52.000000
v 7.000000 2.250000 -65.000000
v -33.000000 -1.750000 -44.000000
v -33.000000 -1.750000 -20.000000
v 10.000000 2.250000 -16.000000
v 6.500000 2.250000 -9.500000
v 10.000000 2.250000 -65.000000
v -7.000000 2.250000 -29.250000
v -0.750000 2.250000 -16.750000
v -8.000000 2.250000 -9.000000
v -12.250000 2.250000 -13.250000
v -13.500000 2.250000 -14.500000
v -19.000000 2.250000 -20.000000
v -7.000000 2.250000 -20.000000
v -9.500000 2.250000 6.500000
v -9.500000 2.000000 6.500000
v -13.500000 1.925781 10.500000
v -18.000000 -1.000000 -50.000000
v -18.000000 -0.750000 -50.000000
v -113.000000 2.250000 -164.000000
v -113.000000 2.250000 -134.000000
v -96.000000 2.250000 -164.000000
v -79.000000 2.250000 -164.000000
v -86.000000 2.250000 -164.000000
v -55.000000 2.250000 -128.000000
v -55.000000 2.250000 -101.000000
v -86.000000 2.252196 -101.000000
v -111.000000 2.250000 -162.000000
v -111.000000 2.250000 -134.500000
v -96.000000 2.250000 -162.000000
v -86.000000 2.250000 -162.000000
v -80.250000 2.250000 -162.000000
v -57.000000 2.250000 -127.000000
v -57.000000 2.250000 -103.000000
v -85.000000 2.253906 -103.000000
v -20.000000 -0.250000 -44.000000
v -7.000000 2.250000 -48.000000
vt 0.000000 0.000000
vt 0.000000 0.000000
vt 0.000000 0.000000
vt 0.000000 0.000000
vt 0.000000 0.000000
vt 0.000000 0.000000
vt 0.000000 0.000000
vt 0.000000 0.000000
vt 0.000000 0.000000
vt 0.000000 0.000000
vt 0.000000 0.000000
vt 0.000000 0.000000
vt 0.000000 0.000000
vt 0.000000 0.000000
vt 0.000000 0.000000
vt 0.000000 0.000000
vt 0.000000 0.000000
vt 0.000000 0.000000
vt 0.000000 0.000000
vt 0.000000 0.000000
vt 0.000000 0.000000
vt 0.000000 0.000000
vt 0.000000 0.000000
vt 0.000000 0.000000
vt 0.000000 0.000000
vt 0.000000 0.000000
vt 0.000000 0.000000
vt 0.000000 0.000000
vt 0.000000 0.000000
vt 0.000000 0.000000
vt 0.000000 0.000000
vt 0.000000 0.000000
vt 0.000000 0.000000
vt 0.000000 0.000000
vt 0.000000 0.000000
vt 0.000000 0.000000
vt 0.000000 0.000000
vt 0.000000 0.000000
vt 0.000000 0.000000
vt 0.000000 0.000000
vt 0.000000 0.000000
vt 0.000000 0.000000
vt 0.000000 0.000000
vt 0.000000 0.000000
vt 0.000000 0.000000
vt 0.000000 0.000000
vt 0.000000 0.000000
vt 0.000000 0.000000
vt 0.000000 0.000000
vt 0.000000 0.000000
vt 0.000000 0.000000
vt 0.000000 0.000000
vt 0.000000 0.000000
vt 0.000000 0.000000
vt 0.000000 0.000000
vt 0.000000 0.000000
vt 0.000000 0.000000
vt 0.000000 0.000000
vt 0.000000 0.000000
vt 0.000000 0.000000
vt 0.000000 0.000000
vt 0.000000 0.000000
vt 0.000000 0.000000
vt 0.000000 0.000000
vt 0.000000 0.000000
vt 0.000000 0.000000
vt 0.000000 0.000000
vt 0.000000 0.000000
vt 0.000000 0.000000
vt 0.000000 0.000000
vt 0.000000 0.000000
vt 0.000000 0.000000
vt 0.000000 0.000000
vt 0.000000 0.000000
vt 0.000000 0.000000
vt 0.000000 0.000000
vt 0.000000 0.000000
vt 0.000000 0.000000
vt 0.000000 0.000000
vt 0.000000 0.000000
vt 0.000000 0.000000
vt 0.000000 0.000000
vt 0.000000 0.000000
vt 0.000000 0.000000
vt 0.000000 0.000000
vt 0.000000 0.000000
vt 0.000000 0.000000
vt 0.000000 0.000000
vt 0.000000 0.000000
vt 0.000000 0.000000
vt 0.000000 0.000000
vt 0.000000 0.000000
vt 0.000000 0.000000
vt 0.000000 0.000000
vt 0.000000 0.000000
vt 0.000000 0.000000
vt 0.000000 0.000000
vt 0.000000 0.000000
vt 0.000000 0.000000
vt 0.000000 0.000000
vt 0.000000 0.000000
vt 0.000000 0.000000
vt 0.000000 0.000000
vt 0.000000 0.000000
vt 0.000000 0.000000
vt 0.000000 0.000000
vt 0.000000 0.000000
vt 0.000000 0.000000
vt 0.000000 0.000000
vt 0.000000 0.000000
vt 0.000000 0.000000
vt 0.000000 0.000000
vt 0.000000 0.000000
vt 0.000000 0.000000
vt 0.000000 0.000000
vt 0.000000 0.000000
vt 0.000000 0.000000
vt 0.000000 0.000000
vt 0.000000 0.000000
vt 0.000000 0.000000
vt 0.000000 0.000000
vt 0.000000 0.000000
vt 0.000000 0.000000
vt 0.000000 0.000000
vt 0.000000 0.000000
vt 0.000000 0.000000
vt 0.000000 0.000000
vt 0.000000 0.000000
vt 0.000000 0.000000
vt 0.000000 0.000000
vt 0.000000 0.000000
vt 0.000000 0.000000
vt 0.000000 0.000000
vt 0.000000 0.000000
vt 0.000000 0.000000
vt 0.000000 0.000000
vt 0.000000 0.000000
vt 0.000000 0.000000
vt 0.000000 0.000000
vt 0.000000 0.000000
vt 0.000000 0.000000
vt 0.000000 0.000000
vt 0.000000 0.000000
vt 0.000000 0.000000
vt 0.000000 0.000000
vt 0.000000 0.000000
vt 0.000000 0.000000
vt 0.000000 0.000000
vt 0.000000 0.000000
vt 0.000000 0.000000
vt 0.000000 0.000000
vt 0.000000 0.000000
vt 0.000000 0.000000
vt 0.000000 0.000000
vt 0.000000 0.000000
vt 0.000000 0.000000
vt 0.000000 0.000000
vt 0.000000 0.000000
vt 0.000000 0.000000
vt 0.000000 0.000000
vt 0.000000 0.000000
vt 0.000000 0.000000
vt 0.000000 0.000000
vt 0.000000 0.000000
vt 0.000000 0.000000
vt 0.000000 0.000000
vt 0.000000 0.000000
vt 0.000000 0.000000
vt 0.000000 0.000000
vt 0.000000 0.000000
vt 0.000000 0.000000
vt 0.000000 0.000000
vt 0.000000 0.000000
vt 0.000000 0.000000
vt 0.000000 0.000000
vt 0.000000 0.000000
vt 0.000000 0.000000
vt 0.000000 0.000000
vt 0.000000 0.000000
vt 0.000000 0.000000
vt 0.000000 0.000000
vt 0.000000 0.000000
vt 0.000000 0.000000
vt 0.000000 0.000000
vt 0.000000 0.000000
vt 0.000000 0.000000
vt 0.000000 0.000000
vt 0.000000 0.000000
vt 0.000000 0.000000
vt 0.000000 0.000000
vt 0.000000 0.000000
vt 0.000000 0.000000
vt 0.000000 0.000000
vt 0.000000 0.000000
vt 0.000000 0.000000
vt 0.000000 0.000000
vt 0.000000 0.000000
vt 0.000000 0.000000
vt 0.000000 0.000000
vt 0.000000 0.000000
vt 0.000000 0.000000
vt 0.000000 0.000000
vt 0.000000 0.000000
vt 0.000000 0.000000
vt 0.000000 0.000000
vt 0.000000 0.000000
vt 0.000000 0.000000
vt 0.000000 0.000000
vt 0.000000 0.000000
vt 0.000000 0.000000
vt 0.000000 0.000000
vt 0.000000 0.000000
vt 0.000000 0.000000
vt 0.000000 0.000000
vt 0.000000 0.000000
vt 0.000000 0.000000
vt 0.000000 0.000000
vt 0.000000 0.000000
vt 0.000000 0.000000
vt 0.000000 0.000000
vt 0.000000 0.000000
vt 0.000000 0.000000
vt 0.000000 0.000000
vt 0.000000 0.000000
vt 0.000000 0.000000
vt 0.000000 0.000000
vt 0.000000 0.000000
vt 0.000000 0.000000
vt 0.000000 0.000000
vt 0.000000 0.000000
vt 0.000000 0.000000
vt 0.000000 0.000000
vt 0.000000 0.000000
vt 0.000000 0.000000
vt 0.000000 0.000000
vt 0.000000 0.000000
vt 0.000000 0.000000
vt 0.000000 0.000000
vt 0.000000 0.000000
vt 0.000000 0.000000
vt 0.000000 0.000000
vt 0.000000 0.000000
vt 0.000000 0.000000
vt 0.000000 0.000000
vt 0.000000 0.000000
vt 0.000000 0.000000
vt 0.000000 0.000000
vt 0.000000 0.000000
vt 0.000000 0.000000
vt 0.000000 0.000000
vt 0.000000 0.000000
vt 0.000000 0.000000
vt 0.000000 0.000000
vt 0.000000 0.000000
vt 0.000000 0.000000
vt 0.000000 0.000000
vt 0.000000 0.000000
vt 0.000000 0.000000
vt 0.000000 0.000000
vt 0.000000 0.000000
vt 0.000000 0.000000
vt 0.000000 0.000000
vt 0.000000 0.000000
vt 0.000000 0.000000
vt 0.000000 0.000000
vt 0.000000 0.000000
vt 0.000000 0.000000
vt 0.000000 0.000000
vt 0.000000 0.000000
vt 0.000000 0.000000
vt 0.000000 0.000000
vt 0.000000 0.000000
vt 0.000000 0.000000
vt 0.000000 0.000000
vt 0.000000 0.000000
vt 0.000000 0.000000
vt 0.000000 0.000000
vt 0.000000 0.000000
vt 0.000000 0.000000
vt 0.000000 0.000000
vt 0.000000 0.000000
vt 0.000000 0.000000
vt 0.000000 0.000000
vt 0.000000 0.000000
vt 0.000000 0.000000
vt 0.000000 0.000000
vt 0.000000 0.000000
vt 0.000000 0.000000
vt 0.000000 0.000000
vt 0.000000 0.000000
vt 0.000000 0.000000
vt 0.000000 0.000000
vt 0.000000 0.000000
vt 0.000000 0.000000
vt 0.000000 0.000000
vt 0.000000 0.000000
vt 0.000000 0.000000
vt 0.000000 0.000000
vt 0.000000 0.000000
vt 0.000000 0.000000
vt 0.000000 0.000000
vt 0.000000 0.000000
vt 0.000000 0.000000
vt 0.000000 0.000000
vt 0.000000 0.000000
vt 0.000000 0.000000
vt 0.000000 0.000000
vt 0.000000 0.000000
vt 0.000000 0.000000
vt 0.000000 0.000000
vt 0.000000 0.000000
vt 0.000000 0.000000
vt 0.000000 0.000000
vt 0.000000 0.000000
vt 0.000000 0.000000
vt 0.000000 0.000000
vt 0.000000 0.000000
vt 0.000000 0.000000
vt 0.000000 0.000000
vt 0.000000 0.000000
vt 0.000000 0.000000
vt 0.000000 0.000000
vt 0.000000 0.000000
vt 0.000000 0.000000
vt 0.000000 0.000000
vt 0.000000 0.000000
vt 0.000000 0.000000
vt 0.000000 0.000000
vt 0.000000 0.000000
vt 0.000000 0.000000
vt 0.000000 0.000000
vt 0.000000 0.000000
vt 0.000000 0.000000
vt 0.000000 0.000000
vt 0.000000 0.000000
vt 0.000000 0.000000
vt 0.000000 0.000000
vt 0.000000 0.000000
vt 0.000000 0.000000
vt 0.000000 0.000000
vt 0.000000 0.000000
vt 0.000000 0.000000
vt 0.000000 0.000000
vt 0.000000 0.000000
vt 0.000000 0.000000
vt 0.000000 0.000000
vt 0.000000 0.000000
vt 0.000000 0.000000
vt 0.000000 0.000000
vt 0.000000 0.000000
vt 0.000000 0.000000
vt 0.000000 0.000000
vt 0.000000 0.000000
vt 0.000000 0.000000
vt 0.000000 0.000000
vt 0.000000 0.000000
vt 0.000000 0.000000
vt 0.000000 0.000000
vt 0.000000 0.000000
vt 0.000000 0.000000
vt 0.000000 0.000000
vt 0.000000 0.000000
vt 0.000000 0.000000
vt 0.000000 0.000000
vt 0.000000 0.000000
vt 0.000000 0.000000
vt 0.000000 0.000000
vt 0.000000 0.000000
vt 0.000000 0.000000
vt 0.000000 0.000000
vt 0.000000 0.000000
vt 0.000000 0.000000
vt 0.000000 0.000000
vt 0.000000 0.000000
vt 0.000000 0.000000
vt 0.000000 0.000000
vt 0.000000 0.000000
vt 0.000000 0.000000
vt 0.000000 0.000000
vt 0.000000 0.000000
vt 0.000000 0.000000
vt 0.000000 0.000000
vt 0.000000 0.000000
vt 0.000000 0.000000
vt 0.000000 0.000000
vt 0.000000 0.000000
vt 0.000000 0.000000
vt 0.000000 0.000000
vt 0.000000 0.000000
vt 0.000000 0.000000
vt 0.000000 0.000000
vt 0.000000 0.000000
vt 0.000000 0.000000
vt 0.000000 0.000000
vt 0.000000 0.000000
vt 0.000000 0.000000
vt 0.000000 0.000000
vt 0.000000 0.000000
vt 0.000000 0.000000
vt 0.000000 0.000000
vt 0.000000 0.000000
vt 0.000000 0.000000
vt 0.000000 0.000000
vt 0.000000 0.000000
vt 0.000000 0.000000
vt 0.000000 0.000000
vt 0.000000 0.000000
vt 0.000000 0.000000
vt 0.000000 0.000000
vt 0.000000 0.000000
vt 0.000000 0.000000
vt 0.000000 0.000000
vt 0.000000 0.000000
vt 0.000000 0.000000
vt 0.000000 0.000000
vt 0.000000 0.000000
vt 0.000000 0.000000
vt 0.000000 0.000000
vt 0.000000 0.000000
vt 0.000000 0.000000
vt 0.000000 0.000000
vt 0.000000 0.000000
vt 0.000000 0.000000
vt 0.000000 0.000000
vt 0.000000 0.000000
vt 0.000000 0.000000
vt 0.000000 0.000000
vt 0.000000 0.000000
vt 0.000000 0.000000
vt 0.000000 0.000000
vt 0.000000 0.000000
vt 0.000000 0.000000
vt 0.000000 0.000000
vt 0.000000 0.000000
vt 0.000000 0.000000
vt 0.000000 0.000000
vt 0.000000 0.000000
vt 0.000000 0.000000
vt 0.000000 0.000000
vt 0.000000 0.000000
vt 0.000000 0.000000
vt 0.000000 0.000000
vt 0.000000 0.000000
vt 0.000000 0.000000
vt 0.000000 0.000000
vt 0.000000 0.000000
vt 0.000000 0.000000
vt 0.000000 0.000000
vt 0.000000 0.000000
vt 0.000000 0.000000
vt 0.000000 0.000000
vt 0.000000 0.000000
vt 0.000000 0.000000
vt 0.000000 0.000000
vt 0.000000 0.000000
vt 0.000000 0.000000
vt 0.000000 0.000000
vt 0.000000 0.000000
vt 0.000000 0.000000
vt 0.000000 0.000000
vt 0.000000 0.000000
vt 0.000000 0.000000
vt 0.000000 0.000000
vt 0.000000 0.000000
vt 0.000000 0.000000
vt 0.000000 0.000000
vt 0.000000 0.000000
vt 0.000000 0.000000
vt 0.000000 0.000000
vt 0.000000 0.000000
vt 0.000000 0.000000
vt 0.000000 0.000000
vt 0.000000 0.000000
vt 0.000000 0.000000
vt 0.000000 0.000000
vt 0.000000 0.000000
vt 0.000000 0.000000
vt 0.000000 0.000000
vt 0.000000 0.000000
vt 0.000000 0.000000
vt 0.000000 0.000000
vt 0.000000 0.000000
vt 0.000000 0.000000
vt 0.000000 0.000000
vt 0.000000 0.000000
vt 0.000000 0.000000
vt 0.000000 0.000000
vt 0.000000 0.000000
vt 0.000000 0.000000
vt 0.000000 0.000000
vt 0.000000 0.000000
vt 0.000000 0.000000
vt 0.000000 0.000000
vt 0.000000 0.000000
vt 0.000000 0.000000
vt 0.000000 0.000000
vt 0.000000 0.000000
vt 0.000000 0.000000
vt 0.000000 0.000000
vt 0.000000 0.000000
vt 0.000000 0.000000
vt 0.000000 0.000000
vt 0.000000 0.000000
vt 0.000000 0.000000
vt 0.000000 0.000000
vt 0.000000 0.000000
vt 0.000000 0.000000
vt 0.000000 0.000000
vt 0.000000 0.000000
vt 0.000000 0.000000
vt 0.000000 0.000000
vt 0.000000 0.000000
vt 0.000000 0.000000
vt 0.000000 0.000000
vt 0.000000 0.000000
vt 0.000000 0.000000
vt 0.000000 0.000000
vt 0.000000 0.000000
vt 0.000000 0.000000
vt 0.000000 0.000000
vt 0.000000 0.000000
vt 0.000000 0.000000
vt 0.000000 0.000000
vt 0.000000 0.000000
vt 0.000000 0.000000
vt 0.000000 0.000000
vt 0.000000 0.000000
vt 0.000000 0.000000
vt 0.000000 0.000000
vt 0.000000 0.000000
vt 0.000000 0.000000
vt 0.000000 0.000000
vt 0.000000 0.000000
vt 0.000000 0.000000
vt 0.000000 0.000000
vt 0.000000 0.000000
vt 0.000000 0.000000
vt 0.000000 0.000000
vt 0.000000 0.000000
vt 0.000000 0.000000
vt 0.000000 0.000000
vt 0.000000 0.000000
vt 0.000000 0.000000
vt 0.000000 0.000000
vt 0.000000 0.000000
vt 0.000000 0.000000
vt 0.000000 0.000000
vt 0.000000 0.000000
vt 0.000000 0.000000
vt 0.000000 0.000000
vt 0.000000 0.000000
vt 0.000000 0.000000
vt 0.000000 0.000000
vt 0.000000 0.000000
vt 0.000000 0.000000
vt 0.000000 0.000000
vt 0.000000 0.000000
vt 0.000000 0.000000
vt 0.000000 0.000000
vt 0.000000 0.000000
vt 0.000000 0.000000
vt 0.000000 0.000000
vt 0.000000 0.000000
vt 0.000000 0.000000
vt 0.000000 0.000000
vt 0.000000 0.000000
vt 0.000000 0.000000
vt 0.000000 0.000000
vt 0.000000 0.000000
vt 0.000000 0.000000
vt 0.000000 0.000000
vt 0.000000 0.000000
vt 0.000000 0.000000
vt 0.000000 0.000000
vt 0.000000 0.000000
vt 0.000000 0.000000
vt 0.000000 0.000000
vt 0.000000 0.000000
vt 0.000000 0.000000
vt 0.000000 0.000000
vt 0.000000 0.000000
vt 0.000000 0.000000
vt 0.000000 0.000000
vt 0.000000 0.000000
vt 0.000000 0.000000
vt 0.000000 0.000000
vt 0.000000 0.000000
vt 0.000000 0.000000
vt 0.000000 0.000000
vt 0.000000 0.000000
vt 0.000000 0.000000
vt 0.000000 0.000000
vt 0.000000 0.000000
vt 0.000000 0.000000
vt 0.000000 0.000000
vt 0.000000 0.000000
vt 0.000000 0.000000
vt 0.000000 0.000000
vt 0.000000 0.000000
vt 0.000000 0.000000
vt 0.000000 0.000000
vt 0.000000 0.000000
vt 0.000000 0.000000
vt 0.000000 0.000000
vt 0.000000 0.000000
vt 0.000000 0.000000
vt 0.000000 0.000000
vt 0.000000 0.000000
vt 0.000000 0.000000
vt 0.000000 0.000000
vt 0.000000 0.000000
vt 0.000000 0.000000
vt 0.000000 0.000000
vt 0.000000 0.000000
vt 0.000000 0.000000
vt 0.000000 0.000000
vt 0.000000 0.000000
vt 0.000000 0.000000
vt 0.000000 0.000000
vt 0.000000 0.000000
vt 0.000000 0.000000
vt 0.000000 0.000000
vt 0.000000 0.000000
vt 0.000000 0.000000
vt 0.000000 0.000000
vt 0.000000 0.000000
vt 0.000000 0.000000
vt 0.000000 0.000000
vt 0.000000 0.000000
vt 0.000000 0.000000
vt 0.000000 0.000000
vt 0.000000 0.000000
vt 0.000000 0.000000
vt 0.000000 0.000000
vt 0.000000 0.000000
vt 0.000000 0.000000
vt 0.000000 0.000000
vt 0.000000 0.000000
vt 0.000000 0.000000
vt 0.000000 0.000000
vt 0.000000 0.000000
vt 0.000000 0.000000
vt 0.000000 0.000000
vt 0.000000 0.000000
vt 0.000000 0.000000
vt 0.000000 0.000000
vt 0.000000 0.000000
vt 0.000000 0.000000
vt 0.000000 0.000000
vt 0.000000 0.000000
vt 0.000000 0.000000
vt 0.000000 0.000000
vt 0.000000 0.000000
vt 0.000000 0.000000
vt 0.000000 0.000000
vt 0.000000 0.000000
vt 0.000000 0.000000
vt 0.000000 0.000000
vt 0.000000 0.000000
vt 0.000000 0.000000
vt 0.000000 0.000000
vt 0.000000 0.000000
vt 0.000000 0.000000
vt 0.000000 0.000000
vt 0.000000 0.000000
vt 0.000000 0.000000
vt 0.000000 0.000000
vt 0.000000 0.000000
vt 0.000000 0.000000
vt 0.000000 0.000000
vt 0.000000 0.000000
vt 0.000000 0.000000
vt 0.000000 0.000000
vt 0.000000 0.000000
vt 0.000000 0.000000
vt 0.000000 0.000000
vt 0.000000 0.000000
vt 0.000000 0.000000
vt 0.000000 0.000000
vt 0.000000 0.000000
vt 0.000000 0.000000
vt 0.000000 0.000000
vt 0.000000 0.000000
vt 0.000000 0.000000
vt 0.000000 0.000000
vt 0.000000 0.000000
vt 0.000000 0.000000
vt 0.000000 0.000000
vt 0.000000 0.000000
vt 0.000000 0.000000
vt 0.000000 0.000000
vt 0.000000 0.000000
vt 0.000000 0.000000
vt 0.000000 0.000000
vt 0.000000 0.000000
vt 0.000000 0.000000
vt 0.000000 0.000000
vt 0.000000 0.000000
vt 0.000000 0.000000
vt 0.000000 0.000000
vt 0.000000 0.000000
vt 0.000000 0.000000
vt 0.000000 0.000000
vt 0.000000 0.000000
vt 0.000000 0.000000
vt 0.000000 0.000000
vt 0.000000 0.000000
vt 0.000000 0.000000
vt 0.000000 0.000000
vt 0.000000 0.000000
vt 0.000000 0.000000
vt 0.000000 0.000000
vt 0.000000 0.000000
vt 0.000000 0.000000
vt 0.000000 0.000000
vt 0.000000 0.000000
vt 0.000000 0.000000
vt 0.000000 0.000000
vt 0.000000 0.000000
vt 0.000000 0.000000
vt 0.000000 0.000000
vt 0.000000 0.000000
vt 0.000000 0.000000
vt 0.000000 0.000000
vt 0.000000 0.000000
vt 0.000000 0.000000
vt 0.000000 0.000000
vt 0.000000 0.000000
vt 0.000000 0.000000
vt 0.000000 0.000000
vt 0.000000 0.000000
vt 0.000000 0.000000
vt 0.000000 0.000000
vt 0.000000 0.000000
vt 0.000000 0.000000
vt 0.000000 0.000000
vt 0.000000 0.000000
vt 0.000000 0.000000
vt 0.000000 0.000000
vt 0.000000 0.000000
vt 0.000000 0.000000
vt 0.000000 0.000000
vt 0.000000 0.000000
vt 0.000000 0.000000
vt 0.000000 0.000000
vt 0.000000 0.000000
vt 0.000000 0.000000
vt 0.000000 0.000000
vt 0.000000 0.000000
vt 0.000000 0.000000
vt 0.000000 0.000000
vt 0.000000 0.000000
vt 0.000000 0.000000
vt 0.000000 0.000000
vt 0.000000 0.000000
vt 0.000000 0.000000
vt 0.000000 0.000000
vt 0.000000 0.000000
vt 0.000000 0.000000
vt 0.000000 0.000000
vt 0.000000 0.000000
vt 0.000000 0.000000
vt 0.000000 0.000000
vt 0.000000 0.000000
vt 0.000000 0.000000
vt 0.000000 0.000000
vt 0.000000 0.000000
vt 0.000000 0.000000
vt 0.000000 0.000000
vt 0.000000 0.000000
vt 0.000000 0.000000
vt 0.000000 0.000000
vt 0.000000 0.000000
vt 0.000000 0.000000
vt 0.000000 0.000000
vt 0.000000 0.000000
vt 0.000000 0.000000
vt 0.000000 0.000000
vt 0.000000 0.000000
vt 0.000000 0.000000
vt 0.000000 0.000000
vt 0.000000 0.000000
vt 0.000000 0.000000
vt 0.000000 0.000000
vt 0.000000 0.000000
vt 0.000000 0.000000
vt 0.000000 0.000000
vt 0.000000 0.000000
vt 0.000000 0.000000
vt 0.000000 0.000000
vt 0.000000 0.000000
vt 0.000000 0.000000
vt 0.000000 0.000000
vt 0.000000 0.000000
vt 0.000000 0.000000
vt 0.000000 0.000000
vt 0.000000 0.000000
vt 0.000000 0.000000
vt 0.000000 0.000000
vt 0.000000 0.000000
vt 0.000000 0.000000
vt 0.000000 0.000000
vt 0.000000 0.000000
vt 0.000000 0.000000
vt 0.000000 0.000000
vt 0.000000 0.000000
vt 0.000000 0.000000
vt 0.000000 0.000000
vt 0.000000 0.000000
vt 0.000000 0.000000
vt 0.000000 0.000000
vt 0.000000 0.000000
vt 0.000000 0.000000
vt 0.000000 0.000000
vt 0.000000 0.000000
vt 0.000000 0.000000
vt 0.000000 0.000000
vt 0.000000 0.000000
vt 0.000000 0.000000
vt 0.000000 0.000000
vt 0.000000 0.000000
vt 0.000000 0.000000
vt 0.000000 0.000000
vt 0.000000 0.000000
vt 0.000000 0.000000
vt 0.000000 0.000000
vt 0.000000 0.000000
vt 0.000000 0.000000
vt 0.000000 0.000000
vt 0.000000 0.000000
vt 0.000000 0.000000
vt 0.000000 0.000000
vt 0.000000 0.000000
vt 0.000000 0.000000
vt 0.000000 0.000000
vt 0.000000 0.000000
vt 0.000000 0.000000
vt 0.000000 0.000000
vt 0.000000 0.000000
vt 0.000000 0.000000
vt 0.000000 0.000000
vt 0.000000 0.000000
vt 0.000000 0.000000
vt 0.000000 0.000000
vt 0.000000 0.000000
vt 0.000000 0.000000
vt 0.000000 0.000000
vt 0.000000 0.000000
vt 0.000000 0.000000
vt 0.000000 0.000000
vt 0.000000 0.000000
vt 0.000000 0.000000
vt 0.000000 0.000000
vt 0.000000 0.000000
vt 0.000000 0.000000
vt 0.000000 0.000000
vt 0.000000 0.000000
vt 0.000000 0.000000
vt 0.000000 0.000000
vt 0.000000 0.000000
vt 0.000000 0.000000
vt 0.000000 0.000000
vt 0.000000 0.000000
vt 0.000000 0.000000
vt 0.000000 0.000000
vt 0.000000 0.000000
vt 0.000000 0.000000
vt 0.000000 0.000000
vt 0.000000 0.000000
vt 0.000000 0.000000
vt 0.000000 0.000000
vt 0.000000 0.000000
vt 0.000000 0.000000
vt 0.000000 0.000000
vt 0.000000 0.000000
vt 0.000000 0.000000
vt 0.000000 0.000000
vt 0.000000 0.000000
vt 0.000000 0.000000
vt 0.000000 0.000000
vt 0.000000 0.000000
vt 0.000000 0.000000
vt 0.000000 0.000000
vt 0.000000 0.000000
vt 0.000000 0.000000
vt 0.000000 0.000000
vt 0.000000 0.000000
vt 0.000000 0.000000
vt 0.000000 0.000000
vt 0.000000 0.000000
vt 0.000000 0.000000
vt 0.000000 0.000000
vt 0.000000 0.000000
vt 0.000000 0.000000
vt 0.000000 0.000000
vt 0.000000 0.000000
vt 0.000000 0.000000
vt 0.000000 0.000000
vt 0.000000 0.000000
vt 0.000000 0.000000
vt 0.000000 0.000000
vt 0.000000 0.000000
vt 0.000000 0.000000
vt 0.000000 0.000000
vt 0.000000 0.000000
vt 0.000000 0.000000
vt 0.000000 0.000000
vt 0.000000 0.000000
vt 0.000000 0.000000
vt 0.000000 0.000000
vt 0.000000 0.000000
vt 0.000000 0.000000
vt 0.000000 0.000000
vt 0.000000 0.000000
vt 0.000000 0.000000
vt 0.000000 0.000000
vt 0.000000 0.000000
vt 0.000000 0.000000
vt 0.000000 0.000000
vt 0.000000 0.000000
vt 0.000000 0.000000
vt 0.000000 0.000000
vt 0.000000 0.000000
vt 0.000000 0.000000
vt 0.000000 0.000000
vt 0.000000 0.000000
vt 0.000000 0.000000
vt 0.000000 0.000000
vt 0.000000 0.000000
vt 0.000000 0.000000
vt 0.000000 0.000000
vt 0.000000 0.000000
vt 0.000000 0.000000
vt 0.000000 0.000000
vt 0.000000 0.000000
vt 0.000000 0.000000
vt 0.000000 0.000000
vt 0.000000 0.000000
vt 0.000000 0.000000
vt 0.000000 0.000000
vt 0.000000 0.000000
vt 0.000000 0.000000
vt 0.000000 0.000000
vt 0.000000 0.000000
vt 0.000000 0.000000
vt 0.000000 0.000000
vt 0.000000 0.000000
vt 0.000000 0.000000
vt 0.000000 0.000000
vt 0.000000 0.000000
vt 0.000000 0.000000
vt 0.000000 0.000000
vt 0.000000 0.000000
vt 0.000000 0.000000
vt 0.000000 0.000000
vt 0.000000 0.000000
vt 0.000000 0.000000
vt 0.000000 0.000000
vt 0.000000 0.000000
vt 0.000000 0.000000
vt 0.000000 0.000000
vt 0.000000 0.000000
vt 0.000000 0.000000
vt 0.000000 0.000000
vt 0.000000 0.000000
vt 0.000000 0.000000
vt 0.000000 0.000000
vt 0.000000 0.000000
vt 0.000000 0.000000
vt 0.000000 0.000000
vt 0.000000 0.000000
vt 0.000000 0.000000
vt 0.000000 0.000000
vt 0.000000 0.000000
vt 0.000000 0.000000
vt 0.000000 0.000000
vt 0.000000 0.000000
vt 0.000000 0.000000
vt 0.000000 0.000000
vt 0.000000 0.000000
vt 0.000000 0.000000
vt 0.000000 0.000000
vt 0.000000 0.000000
vt 0.000000 0.000000
vt 0.000000 0.000000
vt 0.000000 0.000000
vt 0.000000 0.000000
vt 0.000000 0.000000
vt 0.000000 0.000000
vt 0.000000 0.000000
vt 0.000000 0.000000
vt 0.000000 0.000000
vt 0.000000 0.000000
vt 0.000000 0.000000
vt 0.000000 0.000000
vt 0.000000 0.000000
vt 0.000000 0.000000
vt 0.000000 0.000000
vt 0.000000 0.000000
vt 0.000000 0.000000
vt 0.000000 0.000000
vt 0.000000 0.000000
vt 0.000000 0.000000
vt 0.000000 0.000000
vt 0.000000 0.000000
vt 0.000000 0.000000
vt 0.000000 0.000000
vt 0.000000 0.000000
vt 0.000000 0.000000
vt 0.000000 0.000000
vt 0.000000 0.000000
vt 0.000000 0.000000
vt 0.000000 0.000000
vt 0.000000 0.000000
vt 0.000000 0.000000
vt 0.000000 0.000000
vt 0.000000 0.000000
vt 0.000000 0.000000
vt 0.000000 0.000000
vt 0.000000 0.000000
vt 0.000000 0.000000
vt 0.000000 0.000000
vt 0.000000 0.000000
vt 0.000000 0.000000
vt 0.000000 0.000000
vt 0.000000 0.000000
vt 0.000000 0.000000
vt 0.000000 0.000000
vt 0.000000 0.000000
vt 0.000000 0.000000
vt 0.000000 0.000000
vt 0.000000 0.000000
vt 0.000000 0.000000
vt 0.000000 0.000000
vt 0.000000 0.000000
vt 0.000000 0.000000
vt 0.000000 0.000000
vt 0.000000 0.000000
vt 0.000000 0.000000
vt 0.000000 0.000000
vt 0.000000 0.000000
vt 0.000000 0.000000
vt 0.000000 0.000000
vt 0.000000 0.000000
vt 0.000000 0.000000
vt 0.000000 0.000000
vt 0.000000 0.000000
vt 0.000000 0.000000
vt 0.000000 0.000000
vt 0.000000 0.000000
vt 0.000000 0.000000
vt 0.000000 0.000000
vt 0.000000 0.000000
vt 0.000000 0.000000
vt 0.000000 0.000000
vt 0.000000 0.000000
vt 0.000000 0.000000
vt 0.000000 0.000000
vt 0.000000 0.000000
vt 0.000000 0.000000
vt 0.000000 0.000000
vt 0.000000 0.000000
vt 0.000000 0.000000
vt 0.000000 0.000000
vt 0.000000 0.000000
vt 0.000000 0.000000
vt 0.000000 0.000000
vt 0.000000 0.000000
vt 0.000000 0.000000
vt 0.000000 0.000000
vt 0.000000 0.000000
vt 0.000000 0.000000
vt 0.000000 0.000000
vt 0.000000 0.000000
vt 0.000000 0.000000
vt 0.000000 0.000000
vt 0.000000 0.000000
vt 0.000000 0.000000
vt 0.000000 0.000000
vt 0.000000 0.000000
vt 0.000000 0.000000
vt 0.000000 0.000000
vt 0.000000 0.000000
vt 0.000000 0.000000
vt 0.000000 0.000000
vt 0.000000 0.000000
vt 0.000000 0.000000
vt 0.000000 0.000000
vt 0.000000 0.000000
vt 0.000000 0.000000
vt 0.000000 0.000000
vt 0.000000 0.000000
vt 0.000000 0.000000
vt 0.000000 0.000000
vt 0.000000 0.000000
vt 0.000000 0.000000
vt 0.000000 0.000000
vt 0.000000 0.000000
vt 0.000000 0.000000
vt 0.000000 0.000000
vt 0.000000 0.000000
vt 0.000000 0.000000
vt 0.000000 0.000000
vt 0.000000 0.000000
vt 0.000000 0.000000
vt 0.000000 0.000000
vt 0.000000 0.000000
vt 0.000000 0.000000
vt 0.000000 0.000000
vt 0.000000 0.000000
vt 0.000000 0.000000
vt 0.000000 0.000000
vt 0.000000 0.000000
vt 0.000000 0.000000
vt 0.000000 0.000000
vt 0.000000 0.000000
vt 0.000000 0.000000
vt 0.000000 0.000000
vt 0.000000 0.000000
vt 0.000000 0.000000
vt 0.000000 0.000000
vt 0.000000 0.000000
vt 0.000000 0.000000
vt 0.000000 0.000000
vt 0.000000 0.000000
vt 0.000000 0.000000
vt 0.000000 0.000000
vt 0.000000 0.000000
vt 0.000000 0.000000
vt 0.000000 0.000000
vt 0.000000 0.000000
vt 0.000000 0.000000
vt 0.000000 0.000000
vt 0.000000 0.000000
vt 0.000000 0.000000
vt 0.000000 0.000000
vt 0.000000 0.000000
vt 0.000000 0.000000
vt 0.000000 0.000000
vt 0.000000 0.000000
vt 0.000000 0.000000
vt 0.000000 0.000000
vt 0.000000 0.000000
vt 0.000000 0.000000
vt 0.000000 0.000000
vt 0.000000 0.000000
vt 0.000000 0.000000
vt 0.000000 0.000000
vt 0.000000 0.000000
vt 0.000000 0.000000
vt 0.000000 0.000000
vt 0.000000 0.000000
vt 0.000000 0.000000
vt 0.000000 0.000000
vt 0.000000 0.000000
vt 0.000000 0.000000
vt 0.000000 0.000000
vt 0.000000 0.000000
vt 0.000000 0.000000
vt 0.000000 0.000000
vt 0.000000 0.000000
vt 0.000000 0.000000
vt 0.000000 0.000000
vt 0.000000 0.000000
vt 0.000000 0.000000
vt 0.000000 0.000000
vt 0.000000 0.000000
vt 0.000000 0.000000
vt 0.000000 0.000000
vt 0.000000 0.000000
vt 0.000000 0.000000
vt 0.000000 0.000000
vt 0.000000 0.000000
vt 0.000000 0.000000
vt 0.000000 0.000000
vt 0.000000 0.000000
vt 0.000000 0.000000
vt 0.000000 0.000000
vt 0.000000 0.000000
vt 0.000000 0.000000
vt 0.000000 0.000000
vt 0.000000 0.000000
vt 0.000000 0.000000
vt 0.000000 0.000000
vt 0.000000 0.000000
vt 0.000000 0.000000
vt 0.000000 0.000000
vt 0.000000 0.000000
vt 0.000000 0.000000
vt 0.000000 0.000000
vt 0.000000 0.000000
vt 0.000000 0.000000
vt 0.000000 0.000000
vt 0.000000 0.000000
vt 0.000000 0.000000
vt 0.000000 0.000000
vt 0.000000 0.000000
vt 0.000000 0.000000
vt 0.000000 0.000000
vt 0.000000 0.000000
vt 0.000000 0.000000
vt 0.000000 0.000000
vt 0.000000 0.000000
vt 0.000000 0.000000
vt 0.000000 0.000000
vt 0.000000 0.000000
vt 0.000000 0.000000
vt 0.000000 0.000000
vt 0.000000 0.000000
vt 0.000000 0.000000
vt 0.000000 0.000000
vt 0.000000 0.000000
vt 0.000000 0.000000
vt 0.000000 0.000000
vt 0.000000 0.000000
vt 0.000000 0.000000
vt 0.000000 0.000000
vt 0.000000 0.000000
vt 0.000000 0.000000
vt 0.000000 0.000000
vt 0.000000 0.000000
vt 0.000000 0.000000
vt 0.000000 0.000000
vt 0.000000 0.000000
vt 0.000000 0.000000
vt 0.000000 0.000000
vt 0.000000 0.000000
vt 0.000000 0.000000
vt 0.000000 0.000000
vt 0.000000 0.000000
vt 0.000000 0.000000
vt 0.000000 0.000000
vt 0.000000 0.000000
vt 0.000000 0.000000
vt 0.000000 0.000000
vt 0.000000 0.000000
vt 0.000000 0.000000
vt 0.000000 0.000000
vt 0.000000 0.000000
vt 0.000000 0.000000
vt 0.000000 0.000000
vt 0.000000 0.000000
vt 0.000000 0.000000
vt 0.000000 0.000000
vt 0.000000 0.000000
vt 0.000000 0.000000
vt 0.000000 0.000000
vt 0.000000 0.000000
vt 0.000000 0.000000
vt 0.000000 0.000000
vt 0.000000 0.000000
vt 0.000000 0.000000
vt 0.000000 0.000000
vt 0.000000 0.000000
vt 0.000000 0.000000
vt 0.000000 0.000000
vt 0.000000 0.000000
vt 0.000000 0.000000
vt 0.000000 0.000000
vt 0.000000 0.000000
vt 0.000000 0.000000
vt 0.000000 0.000000
vt 0.000000 0.000000
vt 0.000000 0.000000
vt 0.000000 0.000000
vt 0.000000 0.000000
vt 0.000000 0.000000
vt 0.000000 0.000000
vt 0.000000 0.000000
vt 0.000000 0.000000
vt 0.000000 0.000000
vt 0.000000 0.000000
vt 0.000000 0.000000
vt 0.000000 0.000000
vt 0.000000 0.000000
vt 0.000000 0.000000
vt 0.000000 0.000000
vt 0.000000 0.000000
vt 0.000000 0.000000
vt 0.000000 0.000000
vt 0.000000 0.000000
vt 0.000000 0.000000
vt 0.000000 0.000000
vt 0.000000 0.000000
vt 0.000000 0.000000
vt 0.000000 0.000000
vt 0.000000 0.000000
vt 0.000000 0.000000
vt 0.000000 0.000000
vt 0.000000 0.000000
vt 0.000000 0.000000
vt 0.000000 0.000000
vt 0.000000 0.000000
vt 0.000000 0.000000
vt 0.000000 0.000000
vt 0.000000 0.000000
vt 0.000000 0.000000
vt 0.000000 0.000000
vt 0.000000 0.000000
vt 0.000000 0.000000
vt 0.000000 0.000000
vt 0.000000 0.000000
vt 0.000000 0.000000
vt 0.000000 0.000000
vt 0.000000 0.000000
vt 0.000000 0.000000
vt 0.000000 0.000000
vt 0.000000 0.000000
vt 0.000000 0.000000
vt 0.000000 0.000000
vt 0.000000 0.000000
vt 0.000000 0.000000
vt 0.000000 0.000000
vt 0.000000 0.000000
vt 0.000000 0.000000
vt 0.000000 0.000000
vt 0.000000 0.000000
vt 0.000000 0.000000
vt 0.000000 0.000000
vt 0.000000 0.000000
vt 0.000000 0.000000
vt 0.000000 0.000000
vt 0.000000 0.000000
vt 0.000000 0.000000
vt 0.000000 0.000000
vt 0.000000 0.000000
vt 0.000000 0.000000
vt 0.000000 0.000000
vt 0.000000 0.000000
vt 0.000000 0.000000
vt 0.000000 0.000000
vt 0.000000 0.000000
vt 0.000000 0.000000
vt 0.000000 0.000000
vt 0.000000 0.000000
vt 0.000000 0.000000
vt 0.000000 0.000000
vt 0.000000 0.000000
vt 0.000000 0.000000
vt 0.000000 0.000000
vt 0.000000 0.000000
vt 0.000000 0.000000
vt 0.000000 0.000000
vt 0.000000 0.000000
vt 0.000000 0.000000
vt 0.000000 0.000000
vt 0.000000 0.000000
vt 0.000000 0.000000
vt 0.000000 0.000000
vt 0.000000 0.000000
vt 0.000000 0.000000
vt 0.000000 0.000000
vt 0.000000 0.000000
vt 0.000000 0.000000
vt 0.000000 0.000000
vt 0.000000 0.000000
vt 0.000000 0.000000
vt 0.000000 0.000000
vt 0.000000 0.000000
vt 0.000000 0.000000
vt 0.000000 0.000000
vt 0.000000 0.000000
vt 0.000000 0.000000
vt 0.000000 0.000000
vt 0.000000 0.000000
vt 0.000000 0.000000
vt 0.000000 0.000000
vt 0.000000 0.000000
vt 0.000000 0.000000
vt 0.000000 0.000000
vt 0.000000 0.000000
vt 0.000000 0.000000
vt 0.000000 0.000000
vt 0.000000 0.000000
vt 0.000000 0.000000
vt 0.000000 0.000000
vt 0.000000 0.000000
vt 0.000000 0.000000
vt 0.000000 0.000000
vt 0.000000 0.000000
vt 0.000000 0.000000
vt 0.000000 0.000000
vt 0.000000 0.000000
vt 0.000000 0.000000
vt 0.000000 0.000000
vt 0.000000 0.000000
vt 0.000000 0.000000
vt 0.000000 0.000000
vt 0.000000 0.000000
vt 0.000000 0.000000
vt 0.000000 0.000000
vt 0.000000 0.000000
vt 0.000000 0.000000
vt 0.000000 0.000000
vt 0.000000 0.000000
vt 0.000000 0.000000
vt 0.000000 0.000000
vt 0.000000 0.000000
vt 0.000000 0.000000
vt 0.000000 0.000000
vt 0.000000 0.000000
vt 0.000000 0.000000
vt 0.000000 0.000000
vt 0.000000 0.000000
vt 0.000000 0.000000
vt 0.000000 0.000000
vt 0.000000 0.000000
vt 0.000000 0.000000
vt 0.000000 0.000000
vt 0.000000 0.000000
vt 0.000000 0.000000
vt 0.000000 0.000000
vt 0.000000 0.000000
vt 0.000000 0.000000
vt 0.000000 0.000000
vt 0.000000 0.000000
vt 0.000000 0.000000
vt 0.000000 0.000000
vt 0.000000 0.000000
vt 0.000000 0.000000
vt 0.000000 0.000000
vt 0.000000 0.000000
vt 0.000000 0.000000
vt 0.000000 0.000000
vt 0.000000 0.000000
vt 0.000000 0.000000
vt 0.000000 0.000000
vt 0.000000 0.000000
vt 0.000000 0.000000
vt 0.000000 0.000000
vt 0.000000 0.000000
vt 0.000000 0.000000
vt 0.000000 0.000000
vt 0.000000 0.000000
vt 0.000000 0.000000
vt 0.000000 0.000000
vt 0.000000 0.000000
vt 0.000000 0.000000
vt 0.000000 0.000000
vt 0.000000 0.000000
vt 0.000000 0.000000
vt 0.000000 0.000000
vt 0.000000 0.000000
vt 0.000000 0.000000
vt 0.000000 0.000000
vt 0.000000 0.000000
vt 0.000000 0.000000
vt 0.000000 0.000000
vt 0.000000 0.000000
vt 0.000000 0.000000
vt 0.000000 0.000000
vt 0.000000 0.000000
vt 0.000000 0.000000
vt 0.000000 0.000000
vt 0.000000 0.000000
vt 0.000000 0.000000
vt 0.000000 0.000000
vt 0.000000 0.000000
vt 0.000000 0.000000
vt 0.000000 0.000000
vt 0.000000 0.000000
vt 0.000000 0.000000
vt 0.000000 0.000000
vt 0.000000 0.000000
vt 0.000000 0.000000
vt 0.000000 0.000000
vt 0.000000 0.000000
vt 0.000000 0.000000
vt 0.000000 0.000000
vt 0.000000 0.000000
vt 0.000000 0.000000
vt 0.000000 0.000000
vt 0.000000 0.000000
vt 0.000000 0.000000
vt 0.000000 0.000000
vt 0.000000 0.000000
vt 0.000000 0.000000
vt 0.000000 0.000000
vt 0.000000 0.000000
vt 0.000000 0.000000
vt 0.000000 0.000000
vt 0.000000 0.000000
vt 0.000000 0.000000
vt 0.000000 0.000000
vt 0.000000 0.000000
vt 0.000000 0.000000
vt 0.000000 0.000000
vt 0.000000 0.000000
vt 0.000000 0.000000
vt 0.000000 0.000000
vt 0.000000 0.000000
vt 0.000000 0.000000
vt 0.000000 0.000000
vt 0.000000 0.000000
vt 0.000000 0.000000
vt 0.000000 0.000000
vt 0.000000 0.000000
vt 0.000000 0.000000
vt 0.000000 0.000000
vt 0.000000 0.000000
vt 0.000000 0.000000
vt 0.000000 0.000000
vt 0.000000 0.000000
vt 0.000000 0.000000
vt 0.000000 0.000000
vt 0.000000 0.000000
vt 0.000000 0.000000
vt 0.000000 0.000000
vt 0.000000 0.000000
vt 0.000000 0.000000
vt 0.000000 0.000000
vt 0.000000 0.000000
vt 0.000000 0.000000
vt 0.000000 0.000000
vt 0.000000 0.000000
vt 0.000000 0.000000
vt 0.000000 0.000000
vt 0.000000 0.000000
vt 0.000000 0.000000
vt 0.000000 0.000000
vt 0.000000 0.000000
vt 0.000000 0.000000
vt 0.000000 0.000000
vt 0.000000 0.000000
vt 0.000000 0.000000
vt 0.000000 0.000000
vt 0.000000 0.000000
vt 0.000000 0.000000
vt 0.000000 0.000000
vt 0.000000 0.000000
vt 0.000000 0.000000
vt 0.000000 0.000000
vt 0.000000 0.000000
vt 0.000000 0.000000
vt 0.000000 0.000000
vt 0.000000 0.000000
vt 0.000000 0.000000
vt 0.000000 0.000000
vt 0.000000 0.000000
vt 0.000000 0.000000
vt 0.000000 0.000000
vt 0.000000 0.000000
vt 0.000000 0.000000
vt 0.000000 0.000000
vt 0.000000 0.000000
vt 0.000000 0.000000
vt 0.000000 0.000000
vt 0.000000 0.000000
vt 0.000000 0.000000
vt 0.000000 0.000000
vt 0.000000 0.000000
vt 0.000000 0.000000
vt 0.000000 0.000000
vt 0.000000 0.000000
vt 0.000000 0.000000
vt 0.000000 0.000000
vt 0.000000 0.000000
vt 0.000000 0.000000
vt 0.000000 0.000000
vt 0.000000 0.000000
vt 0.000000 0.000000
vt 0.000000 0.000000
vt 0.000000 0.000000
vt 0.000000 0.000000
vt 0.000000 0.000000
vt 0.000000 0.000000
vt 0.000000 0.000000
vt 0.000000 0.000000
vt 0.000000 0.000000
vt 0.000000 0.000000
vt 0.000000 0.000000
vt 0.000000 0.000000
vt 0.000000 0.000000
vt 0.000000 0.000000
vt 0.000000 0.000000
vt 0.000000 0.000000
vt 0.000000 0.000000
vt 0.000000 0.000000
vt 0.000000 0.000000
vt 0.000000 0.000000
vt 0.000000 0.000000
vt 0.000000 0.000000
vt 0.000000 0.000000
vt 0.000000 0.000000
vt 0.000000 0.000000
vt 0.000000 0.000000
vt 0.000000 0.000000
vt 0.000000 0.000000
vt 0.000000 0.000000
vt 0.000000 0.000000
vt 0.000000 0.000000
vt 0.000000 0.000000
vt 0.000000 0.000000
vt 0.000000 0.000000
vt 0.000000 0.000000
vt 0.000000 0.000000
vt 0.000000 0.000000
vt 0.000000 0.000000
vt 0.000000 0.000000
vt 0.000000 0.000000
vt 0.000000 0.000000
vt 0.000000 0.000000
vt 0.000000 0.000000
vt 0.000000 0.000000
vt 0.000000 0.000000
vt 0.000000 0.000000
vt 0.000000 0.000000
vt 0.000000 0.000000
vt 0.000000 0.000000
vt 0.000000 0.000000
vt 0.000000 0.000000
vt 0.000000 0.000000
vt 0.000000 0.000000
vt 0.000000 0.000000
vt 0.000000 0.000000
vt 0.000000 0.000000
vt 0.000000 0.000000
vt 0.000000 0.000000
vt 0.000000 0.000000
vt 0.000000 0.000000
vt 0.000000 0.000000
vt 0.000000 0.000000
vt 0.000000 0.000000
vt 0.000000 0.000000
vt 0.000000 0.000000
vt 0.000000 0.000000
vt 0.000000 0.000000
vt 0.000000 0.000000
vt 0.000000 0.000000
vt 0.000000 0.000000
vt 0.000000 0.000000
vt 0.000000 0.000000
vt 0.000000 0.000000
vt 0.000000 0.000000
vt 0.000000 0.000000
vt 0.000000 0.000000
vt 0.000000 0.000000
vt 0.000000 0.000000
vt 0.000000 0.000000
vt 0.000000 0.000000
vt 0.000000 0.000000
vt 0.000000 0.000000
vt 0.000000 0.000000
vt 0.000000 0.000000
vt 0.000000 0.000000
vt 0.000000 0.000000
vt 0.000000 0.000000
vt 0.000000 0.000000
vt 0.000000 0.000000
vt 0.000000 0.000000
vt 0.000000 0.000000
vt 0.000000 0.000000
vt 0.000000 0.000000
vt 0.000000 0.000000
vt 0.000000 0.000000
vt 0.000000 0.000000
vt 0.000000 0.000000
vt 0.000000 0.000000
vt 0.000000 0.000000
vt 0.000000 0.000000
vt 0.000000 0.000000
vt 0.000000 0.000000
vt 0.000000 0.000000
vt 0.000000 0.000000
vt 0.000000 0.000000
vt 0.000000 0.000000
vt 0.000000 0.000000
vt 0.000000 0.000000
vt 0.000000 0.000000
vt 0.000000 0.000000
vt 0.000000 0.000000
vt 0.000000 0.000000
vt 0.000000 0.000000
vt 0.000000 0.000000
vt 0.000000 0.000000
vt 0.000000 0.000000
vt 0.000000 0.000000
vt 0.000000 0.000000
vt 0.000000 0.000000
vt 0.000000 0.000000
vt 0.000000 0.000000
vt 0.000000 0.000000
vt 0.000000 0.000000
vt 0.000000 0.000000
vt 0.000000 0.000000
vt 0.000000 0.000000
vt 0.000000 0.000000
vt 0.000000 0.000000
vt 0.000000 0.000000
vt 0.000000 0.000000
vt 0.000000 0.000000
vt 0.000000 0.000000
vt 0.000000 0.000000
vt 0.000000 0.000000
vt 0.000000 0.000000
vt 0.000000 0.000000
vt 0.000000 0.000000
vt 0.000000 0.000000
vt 0.000000 0.000000
vt 0.000000 0.000000
vt 0.000000 0.000000
vt 0.000000 0.000000
vt 0.000000 0.000000
vt 0.000000 0.000000
vt 0.000000 0.000000
vt 0.000000 0.000000
vt 0.000000 0.000000
vt 0.000000 0.000000
vt 0.000000 0.000000
vt 0.000000 0.000000
vt 0.000000 0.000000
vt 0.000000 0.000000
vt 0.000000 0.000000
vt 0.000000 0.000000
vt 0.000000 0.000000
vt 0.000000 0.000000
vt 0.000000 0.000000
vt 0.000000 0.000000
vt 0.000000 0.000000
vt 0.000000 0.000000
vt 0.000000 0.000000
vt 0.000000 0.000000
vt 0.000000 0.000000
vt 0.000000 0.000000
vt 0.000000 0.000000
vt 0.000000 0.000000
vt 0.000000 0.000000
vt 0.000000 0.000000
vt 0.000000 0.000000
vt 0.000000 0.000000
vt 0.000000 0.000000
vt 0.000000 0.000000
vt 0.000000 0.000000
vt 0.000000 0.000000
vt 0.000000 0.000000
vt 0.000000 0.000000
vt 0.000000 0.000000
vt 0.000000 0.000000
vt 0.000000 0.000000
vt 0.000000 0.000000
vt 0.000000 0.000000
vt 0.000000 0.000000
vt 0.000000 0.000000
vt 0.000000 0.000000
vt 0.000000 0.000000
vt 0.000000 0.000000
vt 0.000000 0.000000
vt 0.000000 0.000000
vt 0.000000 0.000000
vt 0.000000 0.000000
vt 0.000000 0.000000
vt 0.000000 0.000000
vt 0.000000 0.000000
vt 0.000000 0.000000
vt 0.000000 0.000000
vt 0.000000 0.000000
vt 0.000000 0.000000
vt 0.000000 0.000000
vt 0.000000 0.000000
vt 0.000000 0.000000
vt 0.000000 0.000000
vt 0.000000 0.000000
vt 0.000000 0.000000
vt 0.000000 0.000000
vt 0.000000 0.000000
vt 0.000000 0.000000
vt 0.000000 0.000000
vt 0.000000 0.000000
vt 0.000000 0.000000
vt 0.000000 0.000000
vt 0.000000 0.000000
vt 0.000000 0.000000
vt 0.000000 0.000000
vt 0.000000 0.000000
vt 0.000000 0.000000
vt 0.000000 0.000000
vt 0.000000 0.000000
vt 0.000000 0.000000
vt 0.000000 0.000000
vt 0.000000 0.000000
vt 0.000000 0.000000
vt 0.000000 0.000000
vt 0.000000 0.000000
vt 0.000000 0.000000
vt 0.000000 0.000000
vt 0.000000 0.000000
vt 0.000000 0.000000
vt 0.000000 0.000000
vt 0.000000 0.000000
vt 0.000000 0.000000
vt 0.000000 0.000000
vt 0.000000 0.000000
vt 0.000000 0.000000
vt 0.000000 0.000000
vt 0.000000 0.000000
vt 0.000000 0.000000
vt 0.000000 0.000000
vt 0.000000 0.000000
vt 0.000000 0.000000
vt 0.000000 0.000000
vt 0.000000 0.000000
vt 0.000000 0.000000
vt 0.000000 0.000000
vt 0.000000 0.000000
vt 0.000000 0.000000
vt 0.000000 0.000000
vt 0.000000 0.000000
vt 0.000000 0.000000
vt 0.000000 0.000000
vt 0.000000 0.000000
vt 0.000000 0.000000
vt 0.000000 0.000000
vt 0.000000 0.000000
vt 0.000000 0.000000
vt 0.000000 0.000000
vt 0.000000 0.000000
vt 0.000000 0.000000
vt 0.000000 0.000000
vt 0.000000 0.000000
vt 0.000000 0.000000
vt 0.000000 0.000000
vt 0.000000 0.000000
vt 0.000000 0.000000
vt 0.000000 0.000000
vt 0.000000 0.000000
vt 0.000000 0.000000
vt 0.000000 0.000000
vt 0.000000 0.000000
vt 0.000000 0.000000
vt 0.000000 0.000000
vt 0.000000 0.000000
vt 0.000000 0.000000
vt 0.000000 0.000000
vt 0.000000 0.000000
vt 0.000000 0.000000
vt 0.000000 0.000000
vt 0.000000 0.000000
vt 0.000000 0.000000
vt 0.000000 0.000000
vt 0.000000 0.000000
vt 0.000000 0.000000
vt 0.000000 0.000000
vt 0.000000 0.000000
vt 0.000000 0.000000
vt 0.000000 0.000000
vt 0.000000 0.000000
vt 0.000000 0.000000
vt 0.000000 0.000000
vt 0.000000 0.000000
vt 0.000000 0.000000
vt 0.000000 0.000000
vt 0.000000 0.000000
vt 0.000000 0.000000
vt 0.000000 0.000000
vt 0.000000 0.000000
vt 0.000000 0.000000
vt 0.000000 0.000000
vt 0.000000 0.000000
vt 0.000000 0.000000
vt 0.000000 0.000000
vt 0.000000 0.000000
vt 0.000000 0.000000
vt 0.000000 0.000000
vt 0.000000 0.000000
vt 0.000000 0.000000
vt 0.000000 0.000000
vt 0.000000 0.000000
vt 0.000000 0.000000
vt 0.000000 0.000000
vt 0.000000 0.000000
vt 0.000000 0.000000
vt 0.000000 0.000000
vt 0.000000 0.000000
vt 0.000000 0.000000
vt 0.000000 0.000000
vt 0.000000 0.000000
vt 0.000000 0.000000
vt 0.000000 0.000000
vt 0.000000 0.000000
vt 0.000000 0.000000
vt 0.000000 0.000000
vt 0.000000 0.000000
vt 0.000000 0.000000
vt 0.000000 0.000000
vt 0.000000 0.000000
vt 0.000000 0.000000
vt 0.000000 0.000000
vt 0.000000 0.000000
vt 0.000000 0.000000
vt 0.000000 0.000000
vt 0.000000 0.000000
vt 0.000000 0.000000
vt 0.000000 0.000000
vt 0.000000 0.000000
vt 0.000000 0.000000
vt 0.000000 0.000000
vt 0.000000 0.000000
vt 0.000000 0.000000
vt 0.000000 0.000000
vt 0.000000 0.000000
vt 0.000000 0.000000
vt 0.000000 0.000000
vt 0.000000 0.000000
vt 0.000000 0.000000
vt 0.000000 0.000000
vt 0.000000 0.000000
vt 0.000000 0.000000
vt 0.000000 0.000000
vt 0.000000 0.000000
vt 0.000000 0.000000
vt 0.000000 0.000000
vt 0.000000 0.000000
vt 0.000000 0.000000
vt 0.000000 0.000000
vt 0.000000 0.000000
vt 0.000000 0.000000
vt 0.000000 0.000000
vt 0.000000 0.000000
vt 0.000000 0.000000
vt 0.000000 0.000000
vt 0.000000 0.000000
vt 0.000000 0.000000
vt 0.000000 0.000000
vt 0.000000 0.000000
vt 0.000000 0.000000
vt 0.000000 0.000000
vt 0.000000 0.000000
vt 0.000000 0.000000
vt 0.000000 0.000000
vt 0.000000 0.000000
vt 0.000000 0.000000
vt 0.000000 0.000000
vt 0.000000 0.000000
vt 0.000000 0.000000
vt 0.000000 0.000000
vt 0.000000 0.000000
vt 0.000000 0.000000
vt 0.000000 0.000000
vt 0.000000 0.000000
vt 0.000000 0.000000
vt 0.000000 0.000000
vt 0.000000 0.000000
vt 0.000000 0.000000
vt 0.000000 0.000000
vt 0.000000 0.000000
vt 0.000000 0.000000
vt 0.000000 0.000000
vt 0.000000 0.000000
vt 0.000000 0.000000
vt 0.000000 0.000000
vt 0.000000 0.000000
vt 0.000000 0.000000
vt 0.000000 0.000000
vt 0.000000 0.000000
vt 0.000000 0.000000
vt 0.000000 0.000000
vt 0.000000 0.000000
vt 0.000000 0.000000
vt 0.000000 0.000000
vt 0.000000 0.000000
vt 0.000000 0.000000
vt 0.000000 0.000000
vt 0.000000 0.000000
vt 0.000000 0.000000
vt 0.000000 0.000000
vt 0.000000 0.000000
vt 0.000000 0.000000
vt 0.000000 0.000000
vt 0.000000 0.000000
vt 0.000000 0.000000
vt 0.000000 0.000000
vt 0.000000 0.000000
vt 0.000000 0.000000
vt 0.000000 0.000000
vt 0.000000 0.000000
vt 0.000000 0.000000
vt 0.000000 0.000000
vt 0.000000 0.000000
vt 0.000000 0.000000
vt 0.000000 0.000000
vt 0.000000 0.000000
vt 0.000000 0.000000
vt 0.000000 0.000000
vt 0.000000 0.000000
vt 0.000000 0.000000
vt 0.000000 0.000000
vt 0.000000 0.000000
vt 0.000000 0.000000
vt 0.000000 0.000000
vt 0.000000 0.000000
vt 0.000000 0.000000
vt 0.000000 0.000000
vt 0.000000 0.000000
vt 0.000000 0.000000
vt 0.000000 0.000000
vt 0.000000 0.000000
vt 0.000000 0.000000
vt 0.000000 0.000000
vt 0.000000 0.000000
vt 0.000000 0.000000
vt 0.000000 0.000000
vt 0.000000 0.000000
vt 0.000000 0.000000
vt 0.000000 0.000000
vt 0.000000 0.000000
vt 0.000000 0.000000
vt 0.000000 0.000000
vt 0.000000 0.000000
vt 0.000000 0.000000
vt 0.000000 0.000000
vt 0.000000 0.000000
vt 0.000000 0.000000
vt 0.000000 0.000000
vt 0.000000 0.000000
vt 0.000000 0.000000
vt 0.000000 0.000000
vt 0.000000 0.000000
vt 0.000000 0.000000
vt 0.000000 0.000000
vt 0.000000 0.000000
vt 0.000000 0.000000
vt 0.000000 0.000000
vt 0.000000 0.000000
vt 0.000000 0.000000
vt 0.000000 0.000000
vt 0.000000 0.000000
vt 0.000000 0.000000
vt 0.000000 0.000000
vt 0.000000 0.000000
vt 0.000000 0.000000
vt 0.000000 0.000000
vt 0.000000 0.000000
vt 0.000000 0.000000
vt 0.000000 0.000000
vt 0.000000 0.000000
vt 0.000000 0.000000
vt 0.000000 0.000000
vt 0.000000 0.000000
vt 0.000000 0.000000
vt 0.000000 0.000000
vt 0.000000 0.000000
vt 0.000000 0.000000
vt 0.000000 0.000000
vt 0.000000 0.000000
vt 0.000000 0.000000
vt 0.000000 0.000000
vt 0.000000 0.000000
vt 0.000000 0.000000
vt 0.000000 0.000000
vt 0.000000 0.000000
vt 0.000000 0.000000
vt 0.000000 0.000000
vt 0.000000 0.000000
vt 0.000000 0.000000
vt 0.000000 0.000000
vt 0.000000 0.000000
vt 0.000000 0.000000
vt 0.000000 0.000000
vt 0.000000 0.000000
vt 0.000000 0.000000
vt 0.000000 0.000000
vt 0.000000 0.000000
vt 0.000000 0.000000
vt 0.000000 0.000000
vt 0.000000 0.000000
vt 0.000000 0.000000
vt 0.000000 0.000000
vt 0.000000 0.000000
vt 0.000000 0.000000
vt 0.000000 0.000000
vt 0.000000 0.000000
vt 0.000000 0.000000
vt 0.000000 0.000000
vt 0.000000 0.000000
vt 0.000000 0.000000
vt 0.000000 0.000000
vt 0.000000 0.000000
vt 0.000000 0.000000
vt 0.000000 0.000000
vt 0.000000 0.000000
vt 0.000000 0.000000
vt 0.000000 0.000000
vt 0.000000 0.000000
vt 0.000000 0.000000
vt 0.000000 0.000000
vt 0.000000 0.000000
vt 0.000000 0.000000
vt 0.000000 0.000000
vt 0.000000 0.000000
vt 0.000000 0.000000
vt 0.000000 0.000000
vt 0.000000 0.000000
vt 0.000000 0.000000
vt 0.000000 0.000000
vt 0.000000 0.000000
vt 0.000000 0.000000
vt 0.000000 0.000000
vt 0.000000 0.000000
vt 0.000000 0.000000
vt 0.000000 0.000000
vt 0.000000 0.000000
vt 0.000000 0.000000
vt 0.000000 0.000000
vt 0.000000 0.000000
vt 0.000000 0.000000
vt 0.000000 0.000000
vt 0.000000 0.000000
vt 0.000000 0.000000
vt 0.000000 0.000000
vt 0.000000 0.000000
vt 0.000000 0.000000
vt 0.000000 0.000000
vt 0.000000 0.000000
vt 0.000000 0.000000
vt 0.000000 0.000000
vt 0.000000 0.000000
vt 0.000000 0.000000
vt 0.000000 0.000000
vt 0.000000 0.000000
vt 0.000000 0.000000
vt 0.000000 0.000000
vt 0.000000 0.000000
vt 0.000000 0.000000
vt 0.000000 0.000000
vt 0.000000 0.000000
vt 0.000000 0.000000
vt 0.000000 0.000000
vt 0.000000 0.000000
vt 0.000000 0.000000
vt 0.000000 0.000000
vt 0.000000 0.000000
vt 0.000000 0.000000
vt 0.000000 0.000000
vt 0.000000 0.000000
vt 0.000000 0.000000
vt 0.000000 0.000000
vt 0.000000 0.000000
vt 0.000000 0.000000
vt 0.000000 0.000000
vt 0.000000 0.000000
vt 0.000000 0.000000
vt 0.000000 0.000000
vt 0.000000 0.000000
vt 0.000000 0.000000
vt 0.000000 0.000000
vt 0.000000 0.000000
vt 0.000000 0.000000
vt 0.000000 0.000000
vt 0.000000 0.000000
vt 0.000000 0.000000
vt 0.000000 0.000000
vt 0.000000 0.000000
vt 0.000000 0.000000
vt 0.000000 0.000000
vt 0.000000 0.000000
vt 0.000000 0.000000
vt 0.000000 0.000000
vt 0.000000 0.000000
vt 0.000000 0.000000
vt 0.000000 0.000000
vt 0.000000 0.000000
vt 0.000000 0.000000
vt 0.000000 0.000000
vt 0.000000 0.000000
vt 0.000000 0.000000
vt 0.000000 0.000000
vt 0.000000 0.000000
vt 0.000000 0.000000
vt 0.000000 0.000000
vt 0.000000 0.000000
vt 0.000000 0.000000
vt 0.000000 0.000000
vt 0.000000 0.000000
vt 0.000000 0.000000
vt 0.000000 0.000000
vt 0.000000 0.000000
vt 0.000000 0.000000
vt 0.000000 0.000000
vt 0.000000 0.000000
vt 0.000000 0.000000
vt 0.000000 0.000000
vt 0.000000 0.000000
vt 0.000000 0.000000
vt 0.000000 0.000000
vt 0.000000 0.000000
vt 0.000000 0.000000
vt 0.000000 0.000000
vt 0.000000 0.000000
vt 0.000000 0.000000
vt 0.000000 0.000000
vt 0.000000 0.000000
vt 0.000000 0.000000
vt 0.000000 0.000000
vt 0.000000 0.000000
vt 0.000000 0.000000
vt 0.000000 0.000000
vt 0.000000 0.000000
vt 0.000000 0.000000
vt 0.000000 0.000000
vt 0.000000 0.000000
vt 0.000000 0.000000
vt 0.000000 0.000000
vt 0.000000 0.000000
vt 0.000000 0.000000
vt 0.000000 0.000000
vt 0.000000 0.000000
vt 0.000000 0.000000
vt 0.000000 0.000000
vt 0.000000 0.000000
vt 0.000000 0.000000
vt 0.000000 0.000000
vt 0.000000 0.000000
vt 0.000000 0.000000
vt 0.000000 0.000000
vt 0.000000 0.000000
vt 0.000000 0.000000
vt 0.000000 0.000000
vt 0.000000 0.000000
vt 0.000000 0.000000
vt 0.000000 0.000000
vt 0.000000 0.000000
vt 0.000000 0.000000
vt 0.000000 0.000000
vt 0.000000 0.000000
vt 0.000000 0.000000
vt 0.000000 0.000000
vt 0.000000 0.000000
vt 0.000000 0.000000
vt 0.000000 0.000000
vt 0.000000 0.000000
vt 0.000000 0.000000
vt 0.000000 0.000000
vt 0.000000 0.000000
vt 0.000000 0.000000
vt 0.000000 0.000000
vt 0.000000 0.000000
vt 0.000000 0.000000
vt 0.000000 0.000000
vt 0.000000 0.000000
vt 0.000000 0.000000
vt 0.000000 0.000000
vt 0.000000 0.000000
vt 0.000000 0.000000
vt 0.000000 0.000000
vt 0.000000 0.000000
vt 0.000000 0.000000
vt 0.000000 0.000000
vt 0.000000 0.000000
vt 0.000000 0.000000
vt 0.000000 0.000000
vt 0.000000 0.000000
vt 0.000000 0.000000
vt 0.000000 0.000000
vt 0.000000 0.000000
vt 0.000000 0.000000
vt 0.000000 0.000000
vt 0.000000 0.000000
vt 0.000000 0.000000
vt 0.000000 0.000000
vt 0.000000 0.000000
vt 0.000000 0.000000
vt 0.000000 0.000000
vt 0.000000 0.000000
vt 0.000000 0.000000
vt 0.000000 0.000000
vt 0.000000 0.000000
vt 0.000000 0.000000
vt 0.000000 0.000000
vt 0.000000 0.000000
vt 0.000000 0.000000
vt 0.000000 0.000000
vt 0.000000 0.000000
vt 0.000000 0.000000
vt 0.000000 0.000000
vt 0.000000 0.000000
vt 0.000000 0.000000
vt 0.000000 0.000000
vt 0.000000 0.000000
vt 0.000000 0.000000
vt 0.000000 0.000000
vt 0.000000 0.000000
vt 0.000000 0.000000
vt 0.000000 0.000000
vt 0.000000 0.000000
vt 0.000000 0.000000
vt 0.000000 0.000000
vt 0.000000 0.000000
vt 0.000000 0.000000
vt 0.000000 0.000000
vt 0.000000 0.000000
vt 0.000000 0.000000
vt 0.000000 0.000000
vt 0.000000 0.000000
vt 0.000000 0.000000
vt 0.000000 0.000000
vt 0.000000 0.000000
vt 0.000000 0.000000
vt 0.000000 0.000000
vt 0.000000 0.000000
vt 0.000000 0.000000
vt 0.000000 0.000000
vt 0.000000 0.000000
vt 0.000000 0.000000
vt 0.000000 0.000000
vt 0.000000 0.000000
vt 0.000000 0.000000
vt 0.000000 0.000000
vt 0.000000 0.000000
vt 0.000000 0.000000
vt 0.000000 0.000000
vt 0.000000 0.000000
vt 0.000000 0.000000
vt 0.000000 0.000000
vt 0.000000 0.000000
vt 0.000000 0.000000
vt 0.000000 0.000000
vt 0.000000 0.000000
vt 0.000000 0.000000
vt 0.000000 0.000000
vt 0.000000 0.000000
vt 0.000000 0.000000
vt 0.000000 0.000000
vt 0.000000 0.000000
vt 0.000000 0.000000
vt 0.000000 0.000000
vt 0.000000 0.000000
vt 0.000000 0.000000
vt 0.000000 0.000000
vt 0.000000 0.000000
vt 0.000000 0.000000
vt 0.000000 0.000000
vt 0.000000 0.000000
vt 0.000000 0.000000
vt 0.000000 0.000000
vt 0.000000 0.000000
vt 0.000000 0.000000
vt 0.000000 0.000000
vt 0.000000 0.000000
vt 0.000000 0.000000
vt 0.000000 0.000000
vt 0.000000 0.000000
vt 0.000000 0.000000
vt 0.000000 0.000000
vt 0.000000 0.000000
vt 0.000000 0.000000
vt 0.000000 0.000000
vt 0.000000 0.000000
vt 0.000000 0.000000
vt 0.000000 0.000000
vt 0.000000 0.000000
vt 0.000000 0.000000
vt 0.000000 0.000000
vt 0.000000 0.000000
vt 0.000000 0.000000
vt 0.000000 0.000000
vt 0.000000 0.000000
vt 0.000000 0.000000
vt 0.000000 0.000000
vt 0.000000 0.000000
vt 0.000000 0.000000
vt 0.000000 0.000000
vt 0.000000 0.000000
vt 0.000000 0.000000
vt 0.000000 0.000000
vt 0.000000 0.000000
vt 0.000000 0.000000
vt 0.000000 0.000000
vt 0.000000 0.000000
vt 0.000000 0.000000
vt 0.000000 0.000000
vt 0.000000 0.000000
vt 0.000000 0.000000
vt 0.000000 0.000000
vt 0.000000 0.000000
vt 0.000000 0.000000
vt 0.000000 0.000000
vt 0.000000 0.000000
vt 0.000000 0.000000
vt 0.000000 0.000000
vt 0.000000 0.000000
vt 0.000000 0.000000
vt 0.000000 0.000000
vt 0.000000 0.000000
vt 0.000000 0.000000
vt 0.000000 0.000000
vt 0.000000 0.000000
vt 0.000000 0.000000
vt 0.000000 0.000000
vt 0.000000 0.000000
vt 0.000000 0.000000
vt 0.000000 0.000000
vt 0.000000 0.000000
vt 0.000000 0.000000
vt 0.000000 0.000000
vt 0.000000 0.000000
vt 0.000000 0.000000
vt 0.000000 0.000000
vt 0.000000 0.000000
vt 0.000000 0.000000
vt 0.000000 0.000000
vt 0.000000 0.000000
vt 0.000000 0.000000
vt 0.000000 0.000000
vt 0.000000 0.000000
vt 0.000000 0.000000
vt 0.000000 0.000000
vt 0.000000 0.000000
vt 0.000000 0.000000
vt 0.000000 0.000000
vt 0.000000 0.000000
vt 0.000000 0.000000
vt 0.000000 0.000000
vt 0.000000 0.000000
vt 0.000000 0.000000
vt 0.000000 0.000000
vt 0.000000 0.000000
vt 0.000000 0.000000
vt 0.000000 0.000000
vt 0.000000 0.000000
vt 0.000000 0.000000
vt 0.000000 0.000000
vt 0.000000 0.000000
vt 0.000000 0.000000
vt 0.000000 0.000000
vt 0.000000 0.000000
vt 0.000000 0.000000
vt 0.000000 0.000000
vt 0.000000 0.000000
vt 0.000000 0.000000
vt 0.000000 0.000000
vt 0.000000 0.000000
vt 0.000000 0.000000
vt 0.000000 0.000000
vt 0.000000 0.000000
vt 0.000000 0.000000
vt 0.000000 0.000000
vt 0.000000 0.000000
vt 0.000000 0.000000
vt 0.000000 0.000000
vt 0.000000 0.000000
vt 0.000000 0.000000
vt 0.000000 0.000000
vt 0.000000 0.000000
vt 0.000000 0.000000
vt 0.000000 0.000000
vt 0.000000 0.000000
vt 0.000000 0.000000
vt 0.000000 0.000000
vt 0.000000 0.000000
vt 0.000000 0.000000
vt 0.000000 0.000000
vt 0.000000 0.000000
vt 0.000000 0.000000
vt 0.000000 0.000000
vt 0.000000 0.000000
vt 0.000000 0.000000
vt 0.000000 0.000000
vt 0.000000 0.000000
vt 0.000000 0.000000
vt 0.000000 0.000000
vt 0.000000 0.000000
vt 0.000000 0.000000
vt 0.000000 0.000000
vt 0.000000 0.000000
vt 0.000000 0.000000
vt 0.000000 0.000000
vt 0.000000 0.000000
vt 0.000000 0.000000
vt 0.000000 0.000000
vt 0.000000 0.000000
vt 0.000000 0.000000
vt 0.000000 0.000000
vt 0.000000 0.000000
vt 0.000000 0.000000
vt 0.000000 0.000000
vt 0.000000 0.000000
vt 0.000000 0.000000
vt 0.000000 0.000000
vt 0.000000 0.000000
vt 0.000000 0.000000
vt 0.000000 0.000000
vt 0.000000 0.000000
vt 0.000000 0.000000
vt 0.000000 0.000000
vt 0.000000 0.000000
vt 0.000000 0.000000
vt 0.000000 0.000000
vt 0.000000 0.000000
vt 0.000000 0.000000
vt 0.000000 0.000000
vt 0.000000 0.000000
vt 0.000000 0.000000
vt 0.000000 0.000000
vt 0.000000 0.000000
vt 0.000000 0.000000
vt 0.000000 0.000000
vt 0.000000 0.000000
vt 0.000000 0.000000
vt 0.000000 0.000000
vt 0.000000 0.000000
vt 0.000000 0.000000
vt 0.000000 0.000000
vt 0.000000 0.000000
vt 0.000000 0.000000
vt 0.000000 0.000000
vt 0.000000 0.000000
vt 0.000000 0.000000
vt 0.000000 0.000000
vt 0.000000 0.000000
vt 0.000000 0.000000
vt 0.000000 0.000000
vt 0.000000 0.000000
vt 0.000000 0.000000
vt 0.000000 0.000000
vt 0.000000 0.000000
vt 0.000000 0.000000
vt 0.000000 0.000000
vt 0.000000 0.000000
vt 0.000000 0.000000
vt 0.000000 0.000000
vt 0.000000 0.000000
vt 0.000000 0.000000
vt 0.000000 0.000000
vt 0.000000 0.000000
vt 0.000000 0.000000
vt 0.000000 0.000000
vt 0.000000 0.000000
vt 0.000000 0.000000
vt 0.000000 0.000000
vt 0.000000 0.000000
vt 0.000000 0.000000
vt 0.000000 0.000000
vt 0.000000 0.000000
vt 0.000000 0.000000
vt 0.000000 0.000000
vt 0.000000 0.000000
vt 0.000000 0.000000
vt 0.000000 0.000000
vt 0.000000 0.000000
vt 0.000000 0.000000
vt 0.000000 0.000000
vt 0.000000 0.000000
vt 0.000000 0.000000
vt 0.000000 0.000000
vt 0.000000 0.000000
vt 0.000000 0.000000
vt 0.000000 0.000000
vt 0.000000 0.000000
vt 0.000000 0.000000
vt 0.000000 0.000000
vt 0.000000 0.000000
vt 0.000000 0.000000
vt 0.000000 0.000000
vt 0.000000 0.000000
vt 0.000000 0.000000
vt 0.000000 0.000000
vt 0.000000 0.000000
vt 0.000000 0.000000
vt 0.000000 0.000000
vt 0.000000 0.000000
vt 0.000000 0.000000
vt 0.000000 0.000000
vt 0.000000 0.000000
vt 0.000000 0.000000
vt 0.000000 0.000000
vt 0.000000 0.000000
vt 0.000000 0.000000
vt 0.000000 0.000000
vt 0.000000 0.000000
vt 0.000000 0.000000
vt 0.000000 0.000000
vt 0.000000 0.000000
vt 0.000000 0.000000
vt 0.000000 0.000000
vt 0.000000 0.000000
vt 0.000000 0.000000
vt 0.000000 0.000000
vt 0.000000 0.000000
vt 0.000000 0.000000
vt 0.000000 0.000000
vt 0.000000 0.000000
vt 0.000000 0.000000
vt 0.000000 0.000000
vt 0.000000 0.000000
vt 0.000000 0.000000
vt 0.000000 0.000000
vt 0.000000 0.000000
vt 0.000000 0.000000
vt 0.000000 0.000000
vt 0.000000 0.000000
vt 0.000000 0.000000
vt 0.000000 0.000000
vt 0.000000 0.000000
vt 0.000000 0.000000
vt 0.000000 0.000000
vt 0.000000 0.000000
vt 0.000000 0.000000
vt 0.000000 0.000000
vt 0.000000 0.000000
vt 0.000000 0.000000
vt 0.000000 0.000000
vt 0.000000 0.000000
vt 0.000000 0.000000
vt 0.000000 0.000000
vt 0.000000 0.000000
vt 0.000000 0.000000
vt 0.000000 0.000000
vt 0.000000 0.000000
vt 0.000000 0.000000
vt 0.000000 0.000000
vt 0.000000 0.000000
vt 0.000000 0.000000
vt 0.000000 0.000000
vt 0.000000 0.000000
vt 0.000000 0.000000
vt 0.000000 0.000000
vt 0.000000 0.000000
vt 0.000000 0.000000
vt 0.000000 0.000000
vt 0.000000 0.000000
vt 0.000000 0.000000
vt 0.000000 0.000000
vt 0.000000 0.000000
vt 0.000000 0.000000
vt 0.000000 0.000000
vt 0.000000 0.000000
vt 0.000000 0.000000
vt 0.000000 0.000000
vt 0.000000 0.000000
vt 0.000000 0.000000
vt 0.000000 0.000000
vt 0.000000 0.000000
vt 0.000000 0.000000
vt 0.000000 0.000000
vt 0.000000 0.000000
vt 0.000000 0.000000
vt 0.000000 0.000000
vt 0.000000 0.000000
vt 0.000000 0.000000
vt 0.000000 0.000000
vt 0.000000 0.000000
vt 0.000000 0.000000
vt 0.000000 0.000000
vt 0.000000 0.000000
vt 0.000000 0.000000
vt 0.000000 0.000000
vt 0.000000 0.000000
vt 0.000000 0.000000
vt 0.000000 0.000000
vt 0.000000 0.000000
vt 0.000000 0.000000
vt 0.000000 0.000000
vt 0.000000 0.000000
vt 0.000000 0.000000
vt 0.000000 0.000000
vt 0.000000 0.000000
vt 0.000000 0.000000
vt 0.000000 0.000000
vt 0.000000 0.000000
vt 0.000000 0.000000
vt 0.000000 0.000000
vt 0.000000 0.000000
vt 0.000000 0.000000
vt 0.000000 0.000000
vt 0.000000 0.000000
vt 0.000000 0.000000
vt 0.000000 0.000000
vt 0.000000 0.000000
vt 0.000000 0.000000
vt 0.000000 0.000000
vt 0.000000 0.000000
vt 0.000000 0.000000
vt 0.000000 0.000000
vt 0.000000 0.000000
vt 0.000000 0.000000
vt 0.000000 0.000000
vt 0.000000 0.000000
vt 0.000000 0.000000
vt 0.000000 0.000000
vt 0.000000 0.000000
vt 0.000000 0.000000
vt 0.000000 0.000000
vt 0.000000 0.000000
vt 0.000000 0.000000
vt 0.000000 0.000000
vt 0.000000 0.000000
vt 0.000000 0.000000
vt 0.000000 0.000000
vt 0.000000 0.000000
vt 0.000000 0.000000
vt 0.000000 0.000000
vt 0.000000 0.000000
vt 0.000000 0.000000
vt 0.000000 0.000000
vt 0.000000 0.000000
vt 0.000000 0.000000
vt 0.000000 0.000000
vt 0.000000 0.000000
vt 0.000000 0.000000
vt 0.000000 0.000000
vt 0.000000 0.000000
vt 0.000000 0.000000
vt 0.000000 0.000000
vt 0.000000 0.000000
vt 0.000000 0.000000
vt 0.000000 0.000000
vt 0.000000 0.000000
vt 0.000000 0.000000
vt 0.000000 0.000000
vt 0.000000 0.000000
vt 0.000000 0.000000
vt 0.000000 0.000000
vt 0.000000 0.000000
vt 0.000000 0.000000
vt 0.000000 0.000000
vt 0.000000 0.000000
vt 0.000000 0.000000
vt 0.000000 0.000000
vt 0.000000 0.000000
vt 0.000000 0.000000
vt 0.000000 0.000000
vt 0.000000 0.000000
vt 0.000000 0.000000
vt 0.000000 0.000000
vt 0.000000 0.000000
vt 0.000000 0.000000
vt 0.000000 0.000000
vt 0.000000 0.000000
vt 0.000000 0.000000
vt 0.000000 0.000000
vt 0.000000 0.000000
vt 0.000000 0.000000
vt 0.000000 0.000000
vt 0.000000 0.000000
vt 0.000000 0.000000
vt 0.000000 0.000000
vt 0.000000 0.000000
vt 0.000000 0.000000
vt 0.000000 0.000000
vt 0.000000 0.000000
vt 0.000000 0.000000
vt 0.000000 0.000000
vt 0.000000 0.000000
vt 0.000000 0.000000
vt 0.000000 0.000000
vt 0.000000 0.000000
vt 0.000000 0.000000
vt 0.000000 0.000000
vt 0.000000 0.000000
vt 0.000000 0.000000
vt 0.000000 0.000000
vt 0.000000 0.000000
vt 0.000000 0.000000
vt 0.000000 0.000000
vt 0.000000 0.000000
vt 0.000000 0.000000
vt 0.000000 0.000000
vt 0.000000 0.000000
vt 0.000000 0.000000
vt 0.000000 0.000000
vt 0.000000 0.000000
vt 0.000000 0.000000
vt 0.000000 0.000000
vt 0.000000 0.000000
vt 0.000000 0.000000
vt 0.000000 0.000000
vt 0.000000 0.000000
vt 0.000000 0.000000
vt 0.000000 0.000000
vt 0.000000 0.000000
vt 0.000000 0.000000
vt 0.000000 0.000000
vt 0.000000 0.000000
vt 0.000000 0.000000
vt 0.000000 0.000000
vt 0.000000 0.000000
vt 0.000000 0.000000
vt 0.000000 0.000000
vt 0.000000 0.000000
vt 0.000000 0.000000
vt 0.000000 0.000000
vt 0.000000 0.000000
vt 0.000000 0.000000
vt 0.000000 0.000000
vt 0.000000 0.000000
vt 0.000000 0.000000
vt 0.000000 0.000000
vt 0.000000 0.000000
vt 0.000000 0.000000
vt 0.000000 0.000000
vt 0.000000 0.000000
vt 0.000000 0.000000
vt 0.000000 0.000000
vt 0.000000 0.000000
vt 0.000000 0.000000
vt 0.000000 0.000000
vt 0.000000 0.000000
vt 0.000000 0.000000
vt 0.000000 0.000000
vt 0.000000 0.000000
vt 0.000000 0.000000
vt 0.000000 0.000000
vt 0.000000 0.000000
vt 0.000000 0.000000
vt 0.000000 0.000000
vt 0.000000 0.000000
vt 0.000000 0.000000
vt 0.000000 0.000000
vt 0.000000 0.000000
vt 0.000000 0.000000
vt 0.000000 0.000000
vt 0.000000 0.000000
vt 0.000000 0.000000
vt 0.000000 0.000000
vt 0.000000 0.000000
vt 0.000000 0.000000
vt 0.000000 0.000000
vt 0.000000 0.000000
vt 0.000000 0.000000
vt 0.000000 0.000000
vt 0.000000 0.000000
vt 0.000000 0.000000
vt 0.000000 0.000000
vt 0.000000 0.000000
vt 0.000000 0.000000
vt 0.000000 0.000000
vt 0.000000 0.000000
vt 0.000000 0.000000
vt 0.000000 0.000000
vt 0.000000 0.000000
vt 0.000000 0.000000
vt 0.000000 0.000000
vt 0.000000 0.000000
vt 0.000000 0.000000
vt 0.000000 0.000000
vt 0.000000 0.000000
vt 0.000000 0.000000
vt 0.000000 0.000000
vt 0.000000 0.000000
vt 0.000000 0.000000
vt 0.000000 0.000000
vt 0.000000 0.000000
vt 0.000000 0.000000
vt 0.000000 0.000000
vt 0.000000 0.000000
vt 0.000000 0.000000
vt 0.000000 0.000000
vt 0.000000 0.000000
vt 0.000000 0.000000
vt 0.000000 0.000000
vt 0.000000 0.000000
vt 0.000000 0.000000
vt 0.000000 0.000000
vt 0.000000 0.000000
vt 0.000000 0.000000
vt 0.000000 0.000000
vt 0.000000 0.000000
vt 0.000000 0.000000
vt 0.000000 0.000000
vt 0.000000 0.000000
vt 0.000000 0.000000
vt 0.000000 0.000000
vt 0.000000 0.000000
vt 0.000000 0.000000
vt 0.000000 0.000000
vt 0.000000 0.000000
vt 0.000000 0.000000
vt 0.000000 0.000000
vt 0.000000 0.000000
vt 0.000000 0.000000
vt 0.000000 0.000000
vt 0.000000 0.000000
vt 0.000000 0.000000
vt 0.000000 0.000000
vt 0.000000 0.000000
vt 0.000000 0.000000
vt 0.000000 0.000000
vt 0.000000 0.000000
vt 0.000000 0.000000
vt 0.000000 0.000000
vt 0.000000 0.000000
vt 0.000000 0.000000
vt 0.000000 0.000000
vt 0.000000 0.000000
vt 0.000000 0.000000
vt 0.000000 0.000000
vt 0.000000 0.000000
vt 0.000000 0.000000
vt 0.000000 0.000000
vt 0.000000 0.000000
vt 0.000000 0.000000
vt 0.000000 0.000000
vt 0.000000 0.000000
vt 0.000000 0.000000
vt 0.000000 0.000000
vt 0.000000 0.000000
vt 0.000000 0.000000
vt 0.000000 0.000000
vt 0.000000 0.000000
vt 0.000000 0.000000
vt 0.000000 0.000000
vt 0.000000 0.000000
vt 0.000000 0.000000
vt 0.000000 0.000000
vt 0.000000 0.000000
vt 0.000000 0.000000
vt 0.000000 0.000000
vt 0.000000 0.000000
vt 0.000000 0.000000
vt 0.000000 0.000000
vt 0.000000 0.000000
vt 0.000000 0.000000
vt 0.000000 0.000000
vt 0.000000 0.000000
vt 0.000000 0.000000
vt 0.000000 0.000000
vt 0.000000 0.000000
vt 0.000000 0.000000
vt 0.000000 0.000000
vt 0.000000 0.000000
vt 0.000000 0.000000
vt 0.000000 0.000000
vt 0.000000 0.000000
vt 0.000000 0.000000
vt 0.000000 0.000000
vt 0.000000 0.000000
vt 0.000000 0.000000
vt 0.000000 0.000000
vt 0.000000 0.000000
vt 0.000000 0.000000
vt 0.000000 0.000000
vt 0.000000 0.000000
vt 0.000000 0.000000
vt 0.000000 0.000000
vt 0.000000 0.000000
vt 0.000000 0.000000
vt 0.000000 0.000000
vt 0.000000 0.000000
vt 0.000000 0.000000
vt 0.000000 0.000000
vt 0.000000 0.000000
vt 0.000000 0.000000
vt 0.000000 0.000000
vt 0.000000 0.000000
vt 0.000000 0.000000
vt 0.000000 0.000000
vt 0.000000 0.000000
vt 0.000000 0.000000
vt 0.000000 0.000000
vt 0.000000 0.000000
vt 0.000000 0.000000
vt 0.000000 0.000000
vt 0.000000 0.000000
vt 0.000000 0.000000
vt 0.000000 0.000000
vt 0.000000 0.000000
vt 0.000000 0.000000
vt 0.000000 0.000000
vt 0.000000 0.000000
vt 0.000000 0.000000
vt 0.000000 0.000000
vt 0.000000 0.000000
vt 0.000000 0.000000
vt 0.000000 0.000000
vt 0.000000 0.000000
vt 0.000000 0.000000
vt 0.000000 0.000000
vt 0.000000 0.000000
vt 0.000000 0.000000
vt 0.000000 0.000000
vt 0.000000 0.000000
vt 0.000000 0.000000
vt 0.000000 0.000000
vt 0.000000 0.000000
vt 0.000000 0.000000
vt 0.000000 0.000000
vt 0.000000 0.000000
vt 0.000000 0.000000
vt 0.000000 0.000000
vt 0.000000 0.000000
vt 0.000000 0.000000
vt 0.000000 0.000000
vt 0.000000 0.000000
vt 0.000000 0.000000
vt 0.000000 0.000000
vt 0.000000 0.000000
vt 0.000000 0.000000
vt 0.000000 0.000000
vt 0.000000 0.000000
vt 0.000000 0.000000
vt 0.000000 0.000000
vt 0.000000 0.000000
vt 0.000000 0.000000
vt 0.000000 0.000000
vt 0.000000 0.000000
vt 0.000000 0.000000
vt 0.000000 0.000000
vt 0.000000 0.000000
vt 0.000000 0.000000
vt 0.000000 0.000000
vt 0.000000 0.000000
vt 0.000000 0.000000
vt 0.000000 0.000000
vt 0.000000 0.000000
vt 0.000000 0.000000
vt 0.000000 0.000000
vt 0.000000 0.000000
vt 0.000000 0.000000
vt 0.000000 0.000000
vt 0.000000 0.000000
vt 0.000000 0.000000
vt 0.000000 0.000000
vt 0.000000 0.000000
vt 0.000000 0.000000
vt 0.000000 0.000000
vt 0.000000 0.000000
vt 0.000000 0.000000
vt 0.000000 0.000000
vt 0.000000 0.000000
vt 0.000000 0.000000
vt 0.000000 0.000000
vt 0.000000 0.000000
vt 0.000000 0.000000
vt 0.000000 0.000000
vt 0.000000 0.000000
vt 0.000000 0.000000
vt 0.000000 0.000000
vt 0.000000 0.000000
vt 0.000000 0.000000
vt 0.000000 0.000000
vt 0.000000 0.000000
vt 0.000000 0.000000
vt 0.000000 0.000000
vt 0.000000 0.000000
vt 0.000000 0.000000
vt 0.000000 0.000000
vt 0.000000 0.000000
vt 0.000000 0.000000
vt 0.000000 0.000000
vt 0.000000 0.000000
vt 0.000000 0.000000
vt 0.000000 0.000000
vt 0.000000 0.000000
vt 0.000000 0.000000
vt 0.000000 0.000000
vt 0.000000 0.000000
vt 0.000000 0.000000
vt 0.000000 0.000000
vt 0.000000 0.000000
vt 0.000000 0.000000
vt 0.000000 0.000000
vt 0.000000 0.000000
vt 0.000000 0.000000
vt 0.000000 0.000000
vt 0.000000 0.000000
vt 0.000000 0.000000
vt 0.000000 0.000000
vt 0.000000 0.000000
vt 0.000000 0.000000
vt 0.000000 0.000000
vt 0.000000 0.000000
vt 0.000000 0.000000
vt 0.000000 0.000000
vt 0.000000 0.000000
vt 0.000000 0.000000
vt 0.000000 0.000000
vt 0.000000 0.000000
vt 0.000000 0.000000
vt 0.000000 0.000000
vt 0.000000 0.000000
vt 0.000000 0.000000
vt 0.000000 0.000000
vt 0.000000 0.000000
vt 0.000000 0.000000
vt 0.000000 0.000000
vt 0.000000 0.000000
vt 0.000000 0.000000
vt 0.000000 0.000000
vt 0.000000 0.000000
vt 0.000000 0.000000
vt 0.000000 0.000000
vt 0.000000 0.000000
vt 0.000000 0.000000
vt 0.000000 0.000000
vt 0.000000 0.000000
vt 0.000000 0.000000
vt 0.000000 0.000000
vt 0.000000 0.000000
vt 0.000000 0.000000
vt 0.000000 0.000000
vt 0.000000 0.000000
vt 0.000000 0.000000
vt 0.000000 0.000000
vt 0.000000 0.000000
vt 0.000000 0.000000
vt 0.000000 0.000000
vt 0.000000 0.000000
vt 0.000000 0.000000
vt 0.000000 0.000000
vt 0.000000 0.000000
vt 0.000000 0.000000
vt 0.000000 0.000000
vt 0.000000 0.000000
vt 0.000000 0.000000
vt 0.000000 0.000000
vt 0.000000 0.000000
vt 0.000000 0.000000
vt 0.000000 0.000000
vt 0.000000 0.000000
vt 0.000000 0.000000
vt 0.000000 0.000000
vt 0.000000 0.000000
vt 0.000000 0.000000
vt 0.000000 0.000000
vt 0.000000 0.000000
vt 0.000000 0.000000
vt 0.000000 0.000000
vt 0.000000 0.000000
vt 0.000000 0.000000
vt 0.000000 0.000000
vt 0.000000 0.000000
vt 0.000000 0.000000
vt 0.000000 0.000000
vt 0.000000 0.000000
vt 0.000000 0.000000
vt 0.000000 0.000000
vt 0.000000 0.000000
vt 0.000000 0.000000
vt 0.000000 0.000000
vt 0.000000 0.000000
vt 0.000000 0.000000
vt 0.000000 0.000000
vt 0.000000 0.000000
vt 0.000000 0.000000
vt 0.000000 0.000000
vt 0.000000 0.000000
vt 0.000000 0.000000
vt 0.000000 0.000000
vt 0.000000 0.000000
vt 0.000000 0.000000
vt 0.000000 0.000000
vt 0.000000 0.000000
vt 0.000000 0.000000
vt 0.000000 0.000000
vt 0.000000 0.000000
vt 0.000000 0.000000
vt 0.000000 0.000000
vt 0.000000 0.000000
vt 0.000000 0.000000
vt 0.000000 0.000000
vt 0.000000 0.000000
vt 0.000000 0.000000
vt 0.000000 0.000000
vt 0.000000 0.000000
vt 0.000000 0.000000
vt 0.000000 0.000000
vt 0.000000 0.000000
vt 0.000000 0.000000
vt 0.000000 0.000000
vt 0.000000 0.000000
vt 0.000000 0.000000
vt 0.000000 0.000000
vt 0.000000 0.000000
vt 0.000000 0.000000
vt 0.000000 0.000000
vt 0.000000 0.000000
vt 0.000000 0.000000
vt 0.000000 0.000000
vt 0.000000 0.000000
vt 0.000000 0.000000
vt 0.000000 0.000000
vt 0.000000 0.000000
vt 0.000000 0.000000
vt 0.000000 0.000000
vt 0.000000 0.000000
vt 0.000000 0.000000
vt 0.000000 0.000000
vt 0.000000 0.000000
vt 0.000000 0.000000
vt 0.000000 0.000000
vt 0.000000 0.000000
vt 0.000000 0.000000
vt 0.000000 0.000000
vt 0.000000 0.000000
vt 0.000000 0.000000
vt 0.000000 0.000000
vt 0.000000 0.000000
vt 0.000000 0.000000
vt 0.000000 0.000000
vt 0.000000 0.000000
vt 0.000000 0.000000
vt 0.000000 0.000000
vt 0.000000 0.000000
vt 0.000000 0.000000
vt 0.000000 0.000000
vt 0.000000 0.000000
vt 0.000000 0.000000
vt 0.000000 0.000000
vt 0.000000 0.000000
vt 0.000000 0.000000
vt 0.000000 0.000000
vt 0.000000 0.000000
vt 0.000000 0.000000
vt 0.000000 0.000000
vt 0.000000 0.000000
vt 0.000000 0.000000
vt 0.000000 0.000000
vt 0.000000 0.000000
vt 0.000000 0.000000
vt 0.000000 0.000000
vt 0.000000 0.000000
vt 0.000000 0.000000
vt 0.000000 0.000000
vt 0.000000 0.000000
vt 0.000000 0.000000
vt 0.000000 0.000000
vt 0.000000 0.000000
vt 0.000000 0.000000
vt 0.000000 0.000000
vt 0.000000 0.000000
vt 0.000000 0.000000
vt 0.000000 0.000000
vt 0.000000 0.000000
vt 0.000000 0.000000
vt 0.000000 0.000000
vt 0.000000 0.000000
vt 0.000000 0.000000
vt 0.000000 0.000000
vt 0.000000 0.000000
vt 0.000000 0.000000
vt 0.000000 0.000000
vt 0.000000 0.000000
vt 0.000000 0.000000
vt 0.000000 0.000000
vt 0.000000 0.000000
vt 0.000000 0.000000
vt 0.000000 0.000000
vt 0.000000 0.000000
vt 0.000000 0.000000
vt 0.000000 0.000000
vt 0.000000 0.000000
vt 0.000000 0.000000
vt 0.000000 0.000000
vt 0.000000 0.000000
vt 0.000000 0.000000
vt 0.000000 0.000000
vt 0.000000 0.000000
vt 0.000000 0.000000
vt 0.000000 0.000000
vt 0.000000 0.000000
vt 0.000000 0.000000
vt 0.000000 0.000000
vt 0.000000 0.000000
vt 0.000000 0.000000
vt 0.000000 0.000000
vt 0.000000 0.000000
vt 0.000000 0.000000
vt 0.000000 0.000000
vt 0.000000 0.000000
vt 0.000000 0.000000
vt 0.000000 0.000000
vt 0.000000 0.000000
vt 0.000000 0.000000
vt 0.000000 0.000000
vt 0.000000 0.000000
vt 0.000000 0.000000
vt 0.000000 0.000000
vt 0.000000 0.000000
vt 0.000000 0.000000
vt 0.000000 0.000000
vt 0.000000 0.000000
vt 0.000000 0.000000
vt 0.000000 0.000000
vt 0.000000 0.000000
vt 0.000000 0.000000
vt 0.000000 0.000000
vt 0.000000 0.000000
vt 0.000000 0.000000
vt 0.000000 0.000000
vt 0.000000 0.000000
vt 0.000000 0.000000
vt 0.000000 0.000000
vt 0.000000 0.000000
vt 0.000000 0.000000
vt 0.000000 0.000000
vt 0.000000 0.000000
vt 0.000000 0.000000
vt 0.000000 0.000000
vt 0.000000 0.000000
vt 0.000000 0.000000
vt 0.000000 0.000000
vt 0.000000 0.000000
vt 0.000000 0.000000
vt 0.000000 0.000000
vt 0.000000 0.000000
vt 0.000000 0.000000
vt 0.000000 0.000000
vt 0.000000 0.000000
vt 0.000000 0.000000
vt 0.000000 0.000000
vt 0.000000 0.000000
vt 0.000000 0.000000
vt 0.000000 0.000000
vt 0.000000 0.000000
vt 0.000000 0.000000
vt 0.000000 0.000000
vt 0.000000 0.000000
vt 0.000000 0.000000
vt 0.000000 0.000000
vt 0.000000 0.000000
vt 0.000000 0.000000
vt 0.000000 0.000000
vt 0.000000 0.000000
vt 0.000000 0.000000
vt 0.000000 0.000000
vt 0.000000 0.000000
vt 0.000000 0.000000
vt 0.000000 0.000000
vt 0.000000 0.000000
vt 0.000000 0.000000
vt 0.000000 0.000000
vt 0.000000 0.000000
vt 0.000000 0.000000
vt 0.000000 0.000000
vt 0.000000 0.000000
vt 0.000000 0.000000
vt 0.000000 0.000000
vt 0.000000 0.000000
vt 0.000000 0.000000
vt 0.000000 0.000000
vt 0.000000 0.000000
vt 0.000000 0.000000
vt 0.000000 0.000000
vt 0.000000 0.000000
vt 0.000000 0.000000
vt 0.000000 0.000000
vt 0.000000 0.000000
vt 0.000000 0.000000
vt 0.000000 0.000000
vt 0.000000 0.000000
vt 0.000000 0.000000
vt 0.000000 0.000000
vt 0.000000 0.000000
vt 0.000000 0.000000
vt 0.000000 0.000000
vt 0.000000 0.000000
vt 0.000000 0.000000
vt 0.000000 0.000000
vt 0.000000 0.000000
vt 0.000000 0.000000
vt 0.000000 0.000000
vt 0.000000 0.000000
vt 0.000000 0.000000
vt 0.000000 0.000000
vt 0.000000 0.000000
vt 0.000000 0.000000
vt 0.000000 0.000000
vt 0.000000 0.000000
vt 0.000000 0.000000
vt 0.000000 0.000000
vt 0.000000 0.000000
vt 0.000000 0.000000
vt 0.000000 0.000000
vt 0.000000 0.000000
vt 0.000000 0.000000
vt 0.000000 0.000000
vt 0.000000 0.000000
vt 0.000000 0.000000
vt 0.000000 0.000000
vt 0.000000 0.000000
vt 0.000000 0.000000
vt 0.000000 0.000000
vt 0.000000 0.000000
vt 0.000000 0.000000
vt 0.000000 0.000000
vt 0.000000 0.000000
vt 0.000000 0.000000
vt 0.000000 0.000000
vt 0.000000 0.000000
vt 0.000000 0.000000
vt 0.000000 0.000000
vt 0.000000 0.000000
vt 0.000000 0.000000
vt 0.000000 0.000000
vt 0.000000 0.000000
vt 0.000000 0.000000
vt 0.000000 0.000000
vt 0.000000 0.000000
vt 0.000000 0.000000
vt 0.000000 0.000000
vt 0.000000 0.000000
vt 0.000000 0.000000
vt 0.000000 0.000000
vt 0.000000 0.000000
vt 0.000000 0.000000
vt 0.000000 0.000000
vt 0.000000 0.000000
vt 0.000000 0.000000
vt 0.000000 0.000000
vt 0.000000 0.000000
vt 0.000000 0.000000
vt 0.000000 0.000000
vt 0.000000 0.000000
vt 0.000000 0.000000
vt 0.000000 0.000000
vt 0.000000 0.000000
vt 0.000000 0.000000
vt 0.000000 0.000000
vt 0.000000 0.000000
vt 0.000000 0.000000
vt 0.000000 0.000000
vt 0.000000 0.000000
vt 0.000000 0.000000
vt 0.000000 0.000000
vt 0.000000 0.000000
vt 0.000000 0.000000
vt 0.000000 0.000000
vt 0.000000 0.000000
vt 0.000000 0.000000
vt 0.000000 0.000000
vt 0.000000 0.000000
vt 0.000000 0.000000
vt 0.000000 0.000000
vt 0.000000 0.000000
vt 0.000000 0.000000
vt 0.000000 0.000000
vt 0.000000 0.000000
vt 0.000000 0.000000
vt 0.000000 0.000000
vt 0.000000 0.000000
vt 0.000000 0.000000
vt 0.000000 0.000000
vt 0.000000 0.000000
vt 0.000000 0.000000
vt 0.000000 0.000000
vt 0.000000 0.000000
vt 0.000000 0.000000
vt 0.000000 0.000000
vt 0.000000 0.000000
vt 0.000000 0.000000
vt 0.000000 0.000000
vt 0.000000 0.000000
vt 0.000000 0.000000
vt 0.000000 0.000000
vt 0.000000 0.000000
vt 0.000000 0.000000
vt 0.000000 0.000000
vt 0.000000 0.000000
vt 0.000000 0.000000
vt 0.000000 0.000000
vt 0.000000 0.000000
vt 0.000000 0.000000
vt 0.000000 0.000000
vt 0.000000 0.000000
vt 0.000000 0.000000
vt 0.000000 0.000000
vt 0.000000 0.000000
vt 0.000000 0.000000
vt 0.000000 0.000000
vt 0.000000 0.000000
vt 0.000000 0.000000
vt 0.000000 0.000000
vt 0.000000 0.000000
vt 0.000000 0.000000
vt 0.000000 0.000000
vt 0.000000 0.000000
vt 0.000000 0.000000
vt 0.000000 0.000000
vt 0.000000 0.000000
vt 0.000000 0.000000
vt 0.000000 0.000000
vt 0.000000 0.000000
vt 0.000000 0.000000
vt 0.000000 0.000000
vt 0.000000 0.000000
vt 0.000000 0.000000
vt 0.000000 0.000000
vt 0.000000 0.000000
vt 0.000000 0.000000
vt 0.000000 0.000000
vt 0.000000 0.000000
vt 0.000000 0.000000
vt 0.000000 0.000000
vt 0.000000 0.000000
vt 0.000000 0.000000
vt 0.000000 0.000000
vt 0.000000 0.000000
vt 0.000000 0.000000
vt 0.000000 0.000000
vt 0.000000 0.000000
vt 0.000000 0.000000
vt 0.000000 0.000000
vt 0.000000 0.000000
vt 0.000000 0.000000
vt 0.000000 0.000000
vt 0.000000 0.000000
vt 0.000000 0.000000
vt 0.000000 0.000000
vt 0.000000 0.000000
vt 0.000000 0.000000
vt 0.000000 0.000000
vt 0.000000 0.000000
vt 0.000000 0.000000
vt 0.000000 0.000000
vt 0.000000 0.000000
vt 0.000000 0.000000
vt 0.000000 0.000000
vt 0.000000 0.000000
vt 0.000000 0.000000
vt 0.000000 0.000000
vt 0.000000 0.000000
vt 0.000000 0.000000
vt 0.000000 0.000000
vt 0.000000 0.000000
vt 0.000000 0.000000
vt 0.000000 0.000000
vt 0.000000 0.000000
vt 0.000000 0.000000
vt 0.000000 0.000000
vt 0.000000 0.000000
vt 0.000000 0.000000
vt 0.000000 0.000000
vt 0.000000 0.000000
vt 0.000000 0.000000
vt 0.000000 0.000000
vt 0.000000 0.000000
vt 0.000000 0.000000
vt 0.000000 0.000000
vt 0.000000 0.000000
vt 0.000000 0.000000
vt 0.000000 0.000000
vt 0.000000 0.000000
vt 0.000000 0.000000
vt 0.000000 0.000000
vt 0.000000 0.000000
vt 0.000000 0.000000
vt 0.000000 0.000000
vt 0.000000 0.000000
vt 0.000000 0.000000
vt 0.000000 0.000000
vt 0.000000 0.000000
vt 0.000000 0.000000
vt 0.000000 0.000000
vt 0.000000 0.000000
vt 0.000000 0.000000
vt 0.000000 0.000000
vt 0.000000 0.000000
vt 0.000000 0.000000
vt 0.000000 0.000000
vt 0.000000 0.000000
vt 0.000000 0.000000
vt 0.000000 0.000000
vt 0.000000 0.000000
vt 0.000000 0.000000
vt 0.000000 0.000000
vt 0.000000 0.000000
vt 0.000000 0.000000
vt 0.000000 0.000000
vt 0.000000 0.000000
vt 0.000000 0.000000
vt 0.000000 0.000000
vt 0.000000 0.000000
vt 0.000000 0.000000
vt 0.000000 0.000000
vt 0.000000 0.000000
vt 0.000000 0.000000
vt 0.000000 0.000000
vt 0.000000 0.000000
vt 0.000000 0.000000
vt 0.000000 0.000000
vt 0.000000 0.000000
vt 0.000000 0.000000
vt 0.000000 0.000000
vt 0.000000 0.000000
vt 0.000000 0.000000
vt 0.000000 0.000000
vt 0.000000 0.000000
vt 0.000000 0.000000
vt 0.000000 0.000000
vt 0.000000 0.000000
vt 0.000000 0.000000
vt 0.000000 0.000000
vt 0.000000 0.000000
vt 0.000000 0.000000
vt 0.000000 0.000000
vt 0.000000 0.000000
vt 0.000000 0.000000
vt 0.000000 0.000000
vt 0.000000 0.000000
vt 0.000000 0.000000
vt 0.000000 0.000000
vt 0.000000 0.000000
vt 0.000000 0.000000
vt 0.000000 0.000000
vt 0.000000 0.000000
vt 0.000000 0.000000
vt 0.000000 0.000000
vt 0.000000 0.000000
vt 0.000000 0.000000
vt 0.000000 0.000000
vt 0.000000 0.000000
vt 0.000000 0.000000
vt 0.000000 0.000000
vt 0.000000 0.000000
vt 0.000000 0.000000
vt 0.000000 0.000000
vt 0.000000 0.000000
vt 0.000000 0.000000
vt 0.000000 0.000000
vt 0.000000 0.000000
vt 0.000000 0.000000
vt 0.000000 0.000000
vt 0.000000 0.000000
vt 0.000000 0.000000
vt 0.000000 0.000000
vt 0.000000 0.000000
vt 0.000000 0.000000
vt 0.000000 0.000000
vt 0.000000 0.000000
vt 0.000000 0.000000
vt 0.000000 0.000000
vt 0.000000 0.000000
vt 0.000000 0.000000
vt 0.000000 0.000000
vt 0.000000 0.000000
vt 0.000000 0.000000
vt 0.000000 0.000000
vt 0.000000 0.000000
vt 0.000000 0.000000
vt 0.000000 0.000000
vt 0.000000 0.000000
vt 0.000000 0.000000
vt 0.000000 0.000000
vt 0.000000 0.000000
vt 0.000000 0.000000
vt 0.000000 0.000000
vt 0.000000 0.000000
vt 0.000000 0.000000
vt 0.000000 0.000000
vt 0.000000 0.000000
vt 0.000000 0.000000
vt 0.000000 0.000000
vt 0.000000 0.000000
vt 0.000000 0.000000
vt 0.000000 0.000000
vt 0.000000 0.000000
vt 0.000000 0.000000
vt 0.000000 0.000000
vt 0.000000 0.000000
vt 0.000000 0.000000
vt 0.000000 0.000000
vt 0.000000 0.000000
vt 0.000000 0.000000
vt 0.000000 0.000000
vt 0.000000 0.000000
vt 0.000000 0.000000
vt 0.000000 0.000000
vt 0.000000 0.000000
vt 0.000000 0.000000
vt 0.000000 0.000000
vt 0.000000 0.000000
vt 0.000000 0.000000
vt 0.000000 0.000000
vt 0.000000 0.000000
vt 0.000000 0.000000
vt 0.000000 0.000000
vt 0.000000 0.000000
vt 0.000000 0.000000
vt 0.000000 0.000000
vt 0.000000 0.000000
vt 0.000000 0.000000
vt 0.000000 0.000000
vt 0.000000 0.000000
vt 0.000000 0.000000
vt 0.000000 0.000000
vt 0.000000 0.000000
vt 0.000000 0.000000
vt 0.000000 0.000000
vt 0.000000 0.000000
vt 0.000000 0.000000
vt 0.000000 0.000000
vt 0.000000 0.000000
vt 0.000000 0.000000
vt 0.000000 0.000000
vt 0.000000 0.000000
vt 0.000000 0.000000
vt 0.000000 0.000000
vt 0.000000 0.000000
vt 0.000000 0.000000
vt 0.000000 0.000000
vt 0.000000 0.000000
vt 0.000000 0.000000
vt 0.000000 0.000000
vt 0.000000 0.000000
vt 0.000000 0.000000
vt 0.000000 0.000000
vt 0.000000 0.000000
vt 0.000000 0.000000
vt 0.000000 0.000000
vt 0.000000 0.000000
vt 0.000000 0.000000
vt 0.000000 0.000000
vt 0.000000 0.000000
vt 0.000000 0.000000
vt 0.000000 0.000000
vt 0.000000 0.000000
vt 0.000000 0.000000
vt 0.000000 0.000000
vt 0.000000 0.000000
vt 0.000000 0.000000
vt 0.000000 0.000000
vt 0.000000 0.000000
vt 0.000000 0.000000
vt 0.000000 0.000000
vt 0.000000 0.000000
vt 0.000000 0.000000
vt 0.000000 0.000000
vt 0.000000 0.000000
vt 0.000000 0.000000
vt 0.000000 0.000000
vt 0.000000 0.000000
vt 0.000000 0.000000
vt 0.000000 0.000000
vt 0.000000 0.000000
vt 0.000000 0.000000
vt 0.000000 0.000000
vt 0.000000 0.000000
vt 0.000000 0.000000
vt 0.000000 0.000000
vt 0.000000 0.000000
vt 0.000000 0.000000
vt 0.000000 0.000000
vt 0.000000 0.000000
vt 0.000000 0.000000
vt 0.000000 0.000000
vt 0.000000 0.000000
vt 0.000000 0.000000
vt 0.000000 0.000000
vt 0.000000 0.000000
vt 0.000000 0.000000
vt 0.000000 0.000000
vt 0.000000 0.000000
vt 0.000000 0.000000
vt 0.000000 0.000000
vt 0.000000 0.000000
vt 0.000000 0.000000
vt 0.000000 0.000000
vt 0.000000 0.000000
vt 0.000000 0.000000
vt 0.000000 0.000000
vt 0.000000 0.000000
vt 0.000000 0.000000
vt 0.000000 0.000000
vt 0.000000 0.000000
vt 0.000000 0.000000
vt 0.000000 0.000000
vt 0.000000 0.000000
vt 0.000000 0.000000
vt 0.000000 0.000000
vt 0.000000 0.000000
vt 0.000000 0.000000
vt 0.000000 0.000000
vt 0.000000 0.000000
vt 0.000000 0.000000
vt 0.000000 0.000000
vt 0.000000 0.000000
vt 0.000000 0.000000
vt 0.000000 0.000000
vt 0.000000 0.000000
vt 0.000000 0.000000
vt 0.000000 0.000000
vt 0.000000 0.000000
vt 0.000000 0.000000
vt 0.000000 0.000000
vt 0.000000 0.000000
vt 0.000000 0.000000
vt 0.000000 0.000000
vt 0.000000 0.000000
vt 0.000000 0.000000
vt 0.000000 0.000000
vt 0.000000 0.000000
vt 0.000000 0.000000
vt 0.000000 0.000000
vt 0.000000 0.000000
vt 0.000000 0.000000
vt 0.000000 0.000000
vt 0.000000 0.000000
vt 0.000000 0.000000
vt 0.000000 0.000000
vt 0.000000 0.000000
vt 0.000000 0.000000
vt 0.000000 0.000000
vt 0.000000 0.000000
vt 0.000000 0.000000
vt 0.000000 0.000000
vt 0.000000 0.000000
vt 0.000000 0.000000
vt 0.000000 0.000000
vt 0.000000 0.000000
vt 0.000000 0.000000
vt 0.000000 0.000000
vt 0.000000 0.000000
vt 0.000000 0.000000
vt 0.000000 0.000000
vt 0.000000 0.000000
vt 0.000000 0.000000
vt 0.000000 0.000000
vt 0.000000 0.000000
vt 0.000000 0.000000
vt 0.000000 0.000000
vt 0.000000 0.000000
vt 0.000000 0.000000
vt 0.000000 0.000000
vt 0.000000 0.000000
vt 0.000000 0.000000
vt 0.000000 0.000000
vt 0.000000 0.000000
vt 0.000000 0.000000
vt 0.000000 0.000000
vt 0.000000 0.000000
vt 0.000000 0.000000
vt 0.000000 0.000000
vt 0.000000 0.000000
vt 0.000000 0.000000
vt 0.000000 0.000000
vt 0.000000 0.000000
vt 0.000000 0.000000
vt 0.000000 0.000000
vt 0.000000 0.000000
vt 0.000000 0.000000
vt 0.000000 0.000000
vt 0.000000 0.000000
vt 0.000000 0.000000
vt 0.000000 0.000000
vt 0.000000 0.000000
vt 0.000000 0.000000
vt 0.000000 0.000000
vt 0.000000 0.000000
vt 0.000000 0.000000
vt 0.000000 0.000000
vt 0.000000 0.000000
vt 0.000000 0.000000
vt 0.000000 0.000000
vt 0.000000 0.000000
vt 0.000000 0.000000
vt 0.000000 0.000000
vt 0.000000 0.000000
vt 0.000000 0.000000
vt 0.000000 0.000000
vt 0.000000 0.000000
vt 0.000000 0.000000
vt 0.000000 0.000000
vt 0.000000 0.000000
vt 0.000000 0.000000
vt 0.000000 0.000000
vt 0.000000 0.000000
vt 0.000000 0.000000
vt 0.000000 0.000000
vt 0.000000 0.000000
vt 0.000000 0.000000
vt 0.000000 0.000000
vt 0.000000 0.000000
vt 0.000000 0.000000
vt 0.000000 0.000000
vt 0.000000 0.000000
vt 0.000000 0.000000
vt 0.000000 0.000000
vt 0.000000 0.000000
vt 0.000000 0.000000
vt 0.000000 0.000000
vt 0.000000 0.000000
vt 0.000000 0.000000
vt 0.000000 0.000000
vt 0.000000 0.000000
vt 0.000000 0.000000
vt 0.000000 0.000000
vt 0.000000 0.000000
vt 0.000000 0.000000
vt 0.000000 0.000000
vt 0.000000 0.000000
vt 0.000000 0.000000
vt 0.000000 0.000000
vt 0.000000 0.000000
vt 0.000000 0.000000
vt 0.000000 0.000000
vt 0.000000 0.000000
vt 0.000000 0.000000
vt 0.000000 0.000000
vt 0.000000 0.000000
vt 0.000000 0.000000
vt 0.000000 0.000000
vt 0.000000 0.000000
vt 0.000000 0.000000
vt 0.000000 0.000000
vt 0.000000 0.000000
vt 0.000000 0.000000
vt 0.000000 0.000000
vt 0.000000 0.000000
vt 0.000000 0.000000
vt 0.000000 0.000000
vt 0.000000 0.000000
vt 0.000000 0.000000
vt 0.000000 0.000000
vt 0.000000 0.000000
vt 0.000000 0.000000
vt 0.000000 0.000000
vt 0.000000 0.000000
vt 0.000000 0.000000
vt 0.000000 0.000000
vt 0.000000 0.000000
vt 0.000000 0.000000
vt 0.000000 0.000000
vt 0.000000 0.000000
vt 0.000000 0.000000
vt 0.000000 0.000000
vt 0.000000 0.000000
vt 0.000000 0.000000
vt 0.000000 0.000000
vt 0.000000 0.000000
vt 0.000000 0.000000
vt 0.000000 0.000000
vt 0.000000 0.000000
vt 0.000000 0.000000
vt 0.000000 0.000000
vt 0.000000 0.000000
vt 0.000000 0.000000
vt 0.000000 0.000000
vt 0.000000 0.000000
vt 0.000000 0.000000
vt 0.000000 0.000000
vt 0.000000 0.000000
vt 0.000000 0.000000
vt 0.000000 0.000000
vt 0.000000 0.000000
vt 0.000000 0.000000
vt 0.000000 0.000000
vt 0.000000 0.000000
vt 0.000000 0.000000
vt 0.000000 0.000000
vt 0.000000 0.000000
vt 0.000000 0.000000
vt 0.000000 0.000000
vt 0.000000 0.000000
vt 0.000000 0.000000
vt 0.000000 0.000000
vt 0.000000 0.000000
vt 0.000000 0.000000
vt 0.000000 0.000000
vt 0.000000 0.000000
vt 0.000000 0.000000
vt 0.000000 0.000000
vt 0.000000 0.000000
vt 0.000000 0.000000
vt 0.000000 0.000000
vt 0.000000 0.000000
vt 0.000000 0.000000
vt 0.000000 0.000000
vt 0.000000 0.000000
vt 0.000000 0.000000
vt 0.000000 0.000000
vt 0.000000 0.000000
vt 0.000000 0.000000
vt 0.000000 0.000000
vt 0.000000 0.000000
vt 0.000000 0.000000
vt 0.000000 0.000000
vt 0.000000 0.000000
vt 0.000000 0.000000
vt 0.000000 0.000000
vt 0.000000 0.000000
vt 0.000000 0.000000
vt 0.000000 0.000000
vt 0.000000 0.000000
vt 0.000000 0.000000
vt 0.000000 0.000000
vt 0.000000 0.000000
vt 0.000000 0.000000
vt 0.000000 0.000000
vt 0.000000 0.000000
vt 0.000000 0.000000
vt 0.000000 0.000000
vt 0.000000 0.000000
vt 0.000000 0.000000
vt 0.000000 0.000000
vt 0.000000 0.000000
vt 0.000000 0.000000
vt 0.000000 0.000000
vt 0.000000 0.000000
vt 0.000000 0.000000
vt 0.000000 0.000000
vt 0.000000 0.000000
vt 0.000000 0.000000
vt 0.000000 0.000000
vt 0.000000 0.000000
vt 0.000000 0.000000
vt 0.000000 0.000000
vt 0.000000 0.000000
vt 0.000000 0.000000
vt 0.000000 0.000000
vt 0.000000 0.000000
vt 0.000000 0.000000
vt 0.000000 0.000000
vt 0.000000 0.000000
vt 0.000000 0.000000
vt 0.000000 0.000000
vt 0.000000 0.000000
vt 0.000000 0.000000
vt 0.000000 0.000000
vt 0.000000 0.000000
vt 0.000000 0.000000
vt 0.000000 0.000000
vt 0.000000 0.000000
vt 0.000000 0.000000
vt 0.000000 0.000000
vt 0.000000 0.000000
vt 0.000000 0.000000
vt 0.000000 0.000000
vt 0.000000 0.000000
vt 0.000000 0.000000
vt 0.000000 0.000000
vt 0.000000 0.000000
vt 0.000000 0.000000
vt 0.000000 0.000000
vt 0.000000 0.000000
vt 0.000000 0.000000
vt 0.000000 0.000000
vt 0.000000 0.000000
vt 0.000000 0.000000
vt 0.000000 0.000000
vt 0.000000 0.000000
vt 0.000000 0.000000
vt 0.000000 0.000000
vt 0.000000 0.000000
vt 0.000000 0.000000
vt 0.000000 0.000000
vt 0.000000 0.000000
vt 0.000000 0.000000
vt 0.000000 0.000000
vt 0.000000 0.000000
vt 0.000000 0.000000
vt 0.000000 0.000000
vt 0.000000 0.000000
vt 0.000000 0.000000
vt 0.000000 0.000000
vt 0.000000 0.000000
vt 0.000000 0.000000
vt 0.000000 0.000000
vt 0.000000 0.000000
vt 0.000000 0.000000
vt 0.000000 0.000000
vt 0.000000 0.000000
vt 0.000000 0.000000
vt 0.000000 0.000000
vt 0.000000 0.000000
vt 0.000000 0.000000
vt 0.000000 0.000000
vt 0.000000 0.000000
vt 0.000000 0.000000
vt 0.000000 0.000000
vt 0.000000 0.000000
vt 0.000000 0.000000
vt 0.000000 0.000000
vt 0.000000 0.000000
vt 0.000000 0.000000
vt 0.000000 0.000000
vt 0.000000 0.000000
vt 0.000000 0.000000
vt 0.000000 0.000000
vt 0.000000 0.000000
vt 0.000000 0.000000
vt 0.000000 0.000000
vt 0.000000 0.000000
vt 0.000000 0.000000
vt 0.000000 0.000000
vt 0.000000 0.000000
vt 0.000000 0.000000
vt 0.000000 0.000000
vt 0.000000 0.000000
vt 0.000000 0.000000
vt 0.000000 0.000000
vt 0.000000 0.000000
vt 0.000000 0.000000
vt 0.000000 0.000000
vt 0.000000 0.000000
vt 0.000000 0.000000
vt 0.000000 0.000000
vt 0.000000 0.000000
vt 0.000000 0.000000
vt 0.000000 0.000000
vt 0.000000 0.000000
vt 0.000000 0.000000
vt 0.000000 0.000000
vt 0.000000 0.000000
vt 0.000000 0.000000
vt 0.000000 0.000000
vt 0.000000 0.000000
vt 0.000000 0.000000
vt 0.000000 0.000000
vt 0.000000 0.000000
vt 0.000000 0.000000
vt 0.000000 0.000000
vt 0.000000 0.000000
vt 0.000000 0.000000
vt 0.000000 0.000000
vt 0.000000 0.000000
vt 0.000000 0.000000
vt 0.000000 0.000000
vt 0.000000 0.000000
vt 0.000000 0.000000
vt 0.000000 0.000000
vt 0.000000 0.000000
vt 0.000000 0.000000
vt 0.000000 0.000000
vt 0.000000 0.000000
vt 0.000000 0.000000
vt 0.000000 0.000000
vt 0.000000 0.000000
vt 0.000000 0.000000
vt 0.000000 0.000000
vt 0.000000 0.000000
vt 0.000000 0.000000
vt 0.000000 0.000000
vt 0.000000 0.000000
vt 0.000000 0.000000
vt 0.000000 0.000000
vt 0.000000 0.000000
vt 0.000000 0.000000
vt 0.000000 0.000000
vt 0.000000 0.000000
vt 0.000000 0.000000
vt 0.000000 0.000000
vt 0.000000 0.000000
vt 0.000000 0.000000
vt 0.000000 0.000000
vt 0.000000 0.000000
vt 0.000000 0.000000
vt 0.000000 0.000000
vt 0.000000 0.000000
vt 0.000000 0.000000
vt 0.000000 0.000000
vt 0.000000 0.000000
vt 0.000000 0.000000
vt 0.000000 0.000000
vt 0.000000 0.000000
vt 0.000000 0.000000
vt 0.000000 0.000000
vt 0.000000 0.000000
vt 0.000000 0.000000
vt 0.000000 0.000000
vt 0.000000 0.000000
vt 0.000000 0.000000
vt 0.000000 0.000000
vt 0.000000 0.000000
vt 0.000000 0.000000
vt 0.000000 0.000000
vt 0.000000 0.000000
vt 0.000000 0.000000
vt 0.000000 0.000000
vt 0.000000 0.000000
vt 0.000000 0.000000
vt 0.000000 0.000000
vt 0.000000 0.000000
vt 0.000000 0.000000
vt 0.000000 0.000000
vt 0.000000 0.000000
vt 0.000000 0.000000
vt 0.000000 0.000000
vt 0.000000 0.000000
vt 0.000000 0.000000
vt 0.000000 0.000000
vt 0.000000 0.000000
vt 0.000000 0.000000
vt 0.000000 0.000000
vt 0.000000 0.000000
vt 0.000000 0.000000
vt 0.000000 0.000000
vt 0.000000 0.000000
vt 0.000000 0.000000
vt 0.000000 0.000000
vt 0.000000 0.000000
vt 0.000000 0.000000
vt 0.000000 0.000000
vt 0.000000 0.000000
vt 0.000000 0.000000
vt 0.000000 0.000000
vt 0.000000 0.000000
vt 0.000000 0.000000
vt 0.000000 0.000000
vt 0.000000 0.000000
vt 0.000000 0.000000
vt 0.000000 0.000000
vt 0.000000 0.000000
vt 0.000000 0.000000
vt 0.000000 0.000000
vt 0.000000 0.000000
vt 0.000000 0.000000
vt 0.000000 0.000000
vt 0.000000 0.000000
vt 0.000000 0.000000
vt 0.000000 0.000000
vt 0.000000 0.000000
vt 0.000000 0.000000
vt 0.000000 0.000000
vt 0.000000 0.000000
vt 0.000000 0.000000
vt 0.000000 0.000000
vt 0.000000 0.000000
vt 0.000000 0.000000
vt 0.000000 0.000000
vt 0.000000 0.000000
vt 0.000000 0.000000
vt 0.000000 0.000000
vt 0.000000 0.000000
vt 0.000000 0.000000
vt 0.000000 0.000000
vt 0.000000 0.000000
vt 0.000000 0.000000
vt 0.000000 0.000000
vt 0.000000 0.000000
vt 0.000000 0.000000
vt 0.000000 0.000000
vt 0.000000 0.000000
vt 0.000000 0.000000
vt 0.000000 0.000000
vt 0.000000 0.000000
vt 0.000000 0.000000
vt 0.000000 0.000000
vt 0.000000 0.000000
vt 0.000000 0.000000
vt 0.000000 0.000000
vt 0.000000 0.000000
vt 0.000000 0.000000
vt 0.000000 0.000000
vt 0.000000 0.000000
vt 0.000000 0.000000
vt 0.000000 0.000000
vt 0.000000 0.000000
vt 0.000000 0.000000
vt 0.000000 0.000000
vt 0.000000 0.000000
vt 0.000000 0.000000
vt 0.000000 0.000000
vt 0.000000 0.000000
vt 0.000000 0.000000
vt 0.000000 0.000000
vt 0.000000 0.000000
vt 0.000000 0.000000
vt 0.000000 0.000000
vt 0.000000 0.000000
vt 0.000000 0.000000
vt 0.000000 0.000000
vt 0.000000 0.000000
vt 0.000000 0.000000
vt 0.000000 0.000000
vt 0.000000 0.000000
vt 0.000000 0.000000
vt 0.000000 0.000000
vt 0.000000 0.000000
vt 0.000000 0.000000
vt 0.000000 0.000000
vt 0.000000 0.000000
vt 0.000000 0.000000
vt 0.000000 0.000000
vt 0.000000 0.000000
vt 0.000000 0.000000
vt 0.000000 0.000000
vt 0.000000 0.000000
vt 0.000000 0.000000
vt 0.000000 0.000000
vt 0.000000 0.000000
vt 0.000000 0.000000
vt 0.000000 0.000000
vt 0.000000 0.000000
vt 0.000000 0.000000
vt 0.000000 0.000000
vt 0.000000 0.000000
vt 0.000000 0.000000
vt 0.000000 0.000000
vt 0.000000 0.000000
vt 0.000000 0.000000
vt 0.000000 0.000000
vt 0.000000 0.000000
vt 0.000000 0.000000
vt 0.000000 0.000000
vt 0.000000 0.000000
vt 0.000000 0.000000
vt 0.000000 0.000000
vt 0.000000 0.000000
vt 0.000000 0.000000
vt 0.000000 0.000000
vt 0.000000 0.000000
vt 0.000000 0.000000
vt 0.000000 0.000000
vt 0.000000 0.000000
vt 0.000000 0.000000
vt 0.000000 0.000000
vt 0.000000 0.000000
vt 0.000000 0.000000
vt 0.000000 0.000000
vt 0.000000 0.000000
vt 0.000000 0.000000
vt 0.000000 0.000000
vt 0.000000 0.000000
vt 0.000000 0.000000
vt 0.000000 0.000000
vt 0.000000 0.000000
vt 0.000000 0.000000
vt 0.000000 0.000000
vt 0.000000 0.000000
vt 0.000000 0.000000
vt 0.000000 0.000000
vt 0.000000 0.000000
vt 0.000000 0.000000
vt 0.000000 0.000000
vt 0.000000 0.000000
vt 0.000000 0.000000
vt 0.000000 0.000000
vt 0.000000 0.000000
vt 0.000000 0.000000
vt 0.000000 0.000000
vt 0.000000 0.000000
vt 0.000000 0.000000
vt 0.000000 0.000000
vt 0.000000 0.000000
vt 0.000000 0.000000
vt 0.000000 0.000000
vt 0.000000 0.000000
vt 0.000000 0.000000
vt 0.000000 0.000000
vt 0.000000 0.000000
vt 0.000000 0.000000
vt 0.000000 0.000000
vt 0.000000 0.000000
vt 0.000000 0.000000
vt 0.000000 0.000000
vt 0.000000 0.000000
vt 0.000000 0.000000
vt 0.000000 0.000000
vt 0.000000 0.000000
vt 0.000000 0.000000
vt 0.000000 0.000000
vt 0.000000 0.000000
vt 0.000000 0.000000
vt 0.000000 0.000000
vt 0.000000 0.000000
vt 0.000000 0.000000
vt 0.000000 0.000000
vt 0.000000 0.000000
vt 0.000000 0.000000
vt 0.000000 0.000000
vt 0.000000 0.000000
vt 0.000000 0.000000
vt 0.000000 0.000000
vt 0.000000 0.000000
vt 0.000000 0.000000
vt 0.000000 0.000000
vt 0.000000 0.000000
vt 0.000000 0.000000
vt 0.000000 0.000000
vt 0.000000 0.000000
vt 0.000000 0.000000
vt 0.000000 0.000000
vt 0.000000 0.000000
vt 0.000000 0.000000
vt 0.000000 0.000000
vt 0.000000 0.000000
vt 0.000000 0.000000
vt 0.000000 0.000000
vt 0.000000 0.000000
vt 0.000000 0.000000
vt 0.000000 0.000000
vt 0.000000 0.000000
vt 0.000000 0.000000
vt 0.000000 0.000000
vt 0.000000 0.000000
vt 0.000000 0.000000
vt 0.000000 0.000000
vt 0.000000 0.000000
vt 0.000000 0.000000
vt 0.000000 0.000000
vt 0.000000 0.000000
vt 0.000000 0.000000
vt 0.000000 0.000000
vt 0.000000 0.000000
vt 0.000000 0.000000
vt 0.000000 0.000000
vt 0.000000 0.000000
vt 0.000000 0.000000
vt 0.000000 0.000000
vt 0.000000 0.000000
vt 0.000000 0.000000
vt 0.000000 0.000000
vt 0.000000 0.000000
vt 0.000000 0.000000
vt 0.000000 0.000000
vt 0.000000 0.000000
vt 0.000000 0.000000
vt 0.000000 0.000000
vt 0.000000 0.000000
vt 0.000000 0.000000
vt 0.000000 0.000000
vt 0.000000 0.000000
vt 0.000000 0.000000
vt 0.000000 0.000000
vt 0.000000 0.000000
vt 0.000000 0.000000
vt 0.000000 0.000000
vt 0.000000 0.000000
vt 0.000000 0.000000
vt 0.000000 0.000000
vt 0.000000 0.000000
vt 0.000000 0.000000
vt 0.000000 0.000000
vt 0.000000 0.000000
vt 0.000000 0.000000
vt 0.000000 0.000000
vt 0.000000 0.000000
vt 0.000000 0.000000
vt 0.000000 0.000000
vt 0.000000 0.000000
vt 0.000000 0.000000
vt 0.000000 0.000000
vt 0.000000 0.000000
vt 0.000000 0.000000
vt 0.000000 0.000000
vt 0.000000 0.000000
vt 0.000000 0.000000
vt 0.000000 0.000000
vt 0.000000 0.000000
vt 0.000000 0.000000
vt 0.000000 0.000000
vt 0.000000 0.000000
vt 0.000000 0.000000
vt 0.000000 0.000000
vt 0.000000 0.000000
vt 0.000000 0.000000
vt 0.000000 0.000000
vt 0.000000 0.000000
vt 0.000000 0.000000
vt 0.000000 0.000000
vt 0.000000 0.000000
vt 0.000000 0.000000
vt 0.000000 0.000000
vt 0.000000 0.000000
vt 0.000000 0.000000
vt 0.000000 0.000000
vt 0.000000 0.000000
vt 0.000000 0.000000
vt 0.000000 0.000000
vt 0.000000 0.000000
vt 0.000000 0.000000
vt 0.000000 0.000000
vt 0.000000 0.000000
vt 0.000000 0.000000
vt 0.000000 0.000000
vt 0.000000 0.000000
vt 0.000000 0.000000
vt 0.000000 0.000000
vt 0.000000 0.000000
vt 0.000000 0.000000
vt 0.000000 0.000000
vt 0.000000 0.000000
vt 0.000000 0.000000
vt 0.000000 0.000000
vt 0.000000 0.000000
vt 0.000000 0.000000
vt 0.000000 0.000000
vt 0.000000 0.000000
vt 0.000000 0.000000
vt 0.000000 0.000000
vt 0.000000 0.000000
vt 0.000000 0.000000
vt 0.000000 0.000000
vt 0.000000 0.000000
vt 0.000000 0.000000
vt 0.000000 0.000000
vt 0.000000 0.000000
vt 0.000000 0.000000
vt 0.000000 0.000000
vt 0.000000 0.000000
vt 0.000000 0.000000
vt 0.000000 0.000000
vt 0.000000 0.000000
vt 0.000000 0.000000
vt 0.000000 0.000000
vt 0.000000 0.000000
vt 0.000000 0.000000
vt 0.000000 0.000000
vt 0.000000 0.000000
vt 0.000000 0.000000
vt 0.000000 0.000000
vt 0.000000 0.000000
vt 0.000000 0.000000
vt 0.000000 0.000000
vt 0.000000 0.000000
vt 0.000000 0.000000
vt 0.000000 0.000000
vt 0.000000 0.000000
vt 0.000000 0.000000
vt 0.000000 0.000000
vt 0.000000 0.000000
vt 0.000000 0.000000
vt 0.000000 0.000000
vt 0.000000 0.000000
vt 0.000000 0.000000
vt 0.000000 0.000000
vt 0.000000 0.000000
vt 0.000000 0.000000
vt 0.000000 0.000000
vt 0.000000 0.000000
vt 0.000000 0.000000
vt 0.000000 0.000000
vt 0.000000 0.000000
vt 0.000000 0.000000
vt 0.000000 0.000000
vt 0.000000 0.000000
vt 0.000000 0.000000
vt 0.000000 0.000000
vt 0.000000 0.000000
vt 0.000000 0.000000
vt 0.000000 0.000000
vt 0.000000 0.000000
vt 0.000000 0.000000
vt 0.000000 0.000000
vt 0.000000 0.000000
vt 0.000000 0.000000
vt 0.000000 0.000000
vt 0.000000 0.000000
vt 0.000000 0.000000
vt 0.000000 0.000000
vt 0.000000 0.000000
vt 0.000000 0.000000
vt 0.000000 0.000000
vt 0.000000 0.000000
vt 0.000000 0.000000
vt 0.000000 0.000000
vt 0.000000 0.000000
vt 0.000000 0.000000
vt 0.000000 0.000000
vt 0.000000 0.000000
vt 0.000000 0.000000
vt 0.000000 0.000000
vt 0.000000 0.000000
vt 0.000000 0.000000
vt 0.000000 0.000000
vt 0.000000 0.000000
vt 0.000000 0.000000
vt 0.000000 0.000000
vt 0.000000 0.000000
vt 0.000000 0.000000
vt 0.000000 0.000000
vt 0.000000 0.000000
vt 0.000000 0.000000
vt 0.000000 0.000000
vt 0.000000 0.000000
vt 0.000000 0.000000
vt 0.000000 0.000000
vt 0.000000 0.000000
vt 0.000000 0.000000
vt 0.000000 0.000000
vt 0.000000 0.000000
vt 0.000000 0.000000
vt 0.000000 0.000000
vt 0.000000 0.000000
vt 0.000000 0.000000
vt 0.000000 0.000000
vt 0.000000 0.000000
vt 0.000000 0.000000
vt 0.000000 0.000000
vt 0.000000 0.000000
vt 0.000000 0.000000
vt 0.000000 0.000000
vt 0.000000 0.000000
vt 0.000000 0.000000
vt 0.000000 0.000000
vt 0.000000 0.000000
vt 0.000000 0.000000
vt 0.000000 0.000000
vt 0.000000 0.000000
vt 0.000000 0.000000
vt 0.000000 0.000000
vt 0.000000 0.000000
vt 0.000000 0.000000
vt 0.000000 0.000000
vt 0.000000 0.000000
vt 0.000000 0.000000
vt 0.000000 0.000000
vt 0.000000 0.000000
vt 0.000000 0.000000
vt 0.000000 0.000000
vt 0.000000 0.000000
vt 0.000000 0.000000
vt 0.000000 0.000000
vt 0.000000 0.000000
vt 0.000000 0.000000
vt 0.000000 0.000000
vt 0.000000 0.000000
vt 0.000000 0.000000
vt 0.000000 0.000000
vt 0.000000 0.000000
vt 0.000000 0.000000
vt 0.000000 0.000000
vt 0.000000 0.000000
vt 0.000000 0.000000
vt 0.000000 0.000000
vt 0.000000 0.000000
vt 0.000000 0.000000
vt 0.000000 0.000000
vt 0.000000 0.000000
vt 0.000000 0.000000
vt 0.000000 0.000000
vt 0.000000 0.000000
vt 0.000000 0.000000
vt 0.000000 0.000000
vt 0.000000 0.000000
vt 0.000000 0.000000
vt 0.000000 0.000000
vt 0.000000 0.000000
vt 0.000000 0.000000
vt 0.000000 0.000000
vt 0.000000 0.000000
vt 0.000000 0.000000
vt 0.000000 0.000000
vt 0.000000 0.000000
vt 0.000000 0.000000
vt 0.000000 0.000000
vt 0.000000 0.000000
vt 0.000000 0.000000
vt 0.000000 0.000000
vt 0.000000 0.000000
vt 0.000000 0.000000
vt 0.000000 0.000000
vt 0.000000 0.000000
vt 0.000000 0.000000
vt 0.000000 0.000000
vt 0.000000 0.000000
vt 0.000000 0.000000
vt 0.000000 0.000000
vt 0.000000 0.000000
vt 0.000000 0.000000
vt 0.000000 0.000000
vt 0.000000 0.000000
vt 0.000000 0.000000
vt 0.000000 0.000000
vt 0.000000 0.000000
vt 0.000000 0.000000
vt 0.000000 0.000000
vt 0.000000 0.000000
vt 0.000000 0.000000
vt 0.000000 0.000000
vt 0.000000 0.000000
vt 0.000000 0.000000
vt 0.000000 0.000000
vt 0.000000 0.000000
vt 0.000000 0.000000
vt 0.000000 0.000000
vt 0.000000 0.000000
vt 0.000000 0.000000
vt 0.000000 0.000000
vt 0.000000 0.000000
vt 0.000000 0.000000
vt 0.000000 0.000000
vt 0.000000 0.000000
vt 0.000000 0.000000
vt 0.000000 0.000000
vt 0.000000 0.000000
vt 0.000000 0.000000
vt 0.000000 0.000000
vt 0.000000 0.000000
vt 0.000000 0.000000
vt 0.000000 0.000000
vt 0.000000 0.000000
vt 0.000000 0.000000
vt 0.000000 0.000000
vt 0.000000 0.000000
vt 0.000000 0.000000
vt 0.000000 0.000000
vt 0.000000 0.000000
vt 0.000000 0.000000
vt 0.000000 0.000000
vt 0.000000 0.000000
vt 0.000000 0.000000
vt 0.000000 0.000000
vt 0.000000 0.000000
vt 0.000000 0.000000
vt 0.000000 0.000000
vt 0.000000 0.000000
vt 0.000000 0.000000
vt 0.000000 0.000000
vt 0.000000 0.000000
vt 0.000000 0.000000
vt 0.000000 0.000000
vt 0.000000 0.000000
vt 0.000000 0.000000
vt 0.000000 0.000000
vt 0.000000 0.000000
vt 0.000000 0.000000
vt 0.000000 0.000000
vt 0.000000 0.000000
vt 0.000000 0.000000
vt 0.000000 0.000000
vt 0.000000 0.000000
vt 0.000000 0.000000
vt 0.000000 0.000000
vt 0.000000 0.000000
vt 0.000000 0.000000
vt 0.000000 0.000000
vt 0.000000 0.000000
vt 0.000000 0.000000
vt 0.000000 0.000000
vt 0.000000 0.000000
vt 0.000000 0.000000
vt 0.000000 0.000000
vt 0.000000 0.000000
vt 0.000000 0.000000
vt 0.000000 0.000000
vt 0.000000 0.000000
vt 0.000000 0.000000
vt 0.000000 0.000000
vt 0.000000 0.000000
vt 0.000000 0.000000
vt 0.000000 0.000000
vt 0.000000 0.000000
vt 0.000000 0.000000
vt 0.000000 0.000000
vt 0.000000 0.000000
vt 0.000000 0.000000
vt 0.000000 0.000000
vt 0.000000 0.000000
vt 0.000000 0.000000
vt 0.000000 0.000000
vt 0.000000 0.000000
vt 0.000000 0.000000
vt 0.000000 0.000000
vt 0.000000 0.000000
vt 0.000000 0.000000
vt 0.000000 0.000000
vt 0.000000 0.000000
vt 0.000000 0.000000
vt 0.000000 0.000000
vt 0.000000 0.000000
vt 0.000000 0.000000
vt 0.000000 0.000000
vt 0.000000 0.000000
vt 0.000000 0.000000
vt 0.000000 0.000000
vt 0.000000 0.000000
vt 0.000000 0.000000
vt 0.000000 0.000000
vt 0.000000 0.000000
vt 0.000000 0.000000
vt 0.000000 0.000000
vt 0.000000 0.000000
vt 0.000000 0.000000
vt 0.000000 0.000000
vt 0.000000 0.000000
vt 0.000000 0.000000
vt 0.000000 0.000000
vt 0.000000 0.000000
vt 0.000000 0.000000
vt 0.000000 0.000000
vt 0.000000 0.000000
vt 0.000000 0.000000
vt 0.000000 0.000000
vt 0.000000 0.000000
vt 0.000000 0.000000
vt 0.000000 0.000000
vt 0.000000 0.000000
vt 0.000000 0.000000
vt 0.000000 0.000000
vt 0.000000 0.000000
vt 0.000000 0.000000
vt 0.000000 0.000000
vt 0.000000 0.000000
vt 0.000000 0.000000
vt 0.000000 0.000000
vt 0.000000 0.000000
vt 0.000000 0.000000
vt 0.000000 0.000000
vt 0.000000 0.000000
vt 0.000000 0.000000
vt 0.000000 0.000000
vt 0.000000 0.000000
vt 0.000000 0.000000
vt 0.000000 0.000000
vt 0.000000 0.000000
vt 0.000000 0.000000
vt 0.000000 0.000000
vt 0.000000 0.000000
vt 0.000000 0.000000
vt 0.000000 0.000000
vt 0.000000 0.000000
vt 0.000000 0.000000
vt 0.000000 0.000000
vt 0.000000 0.000000
vt 0.000000 0.000000
vt 0.000000 0.000000
vt 0.000000 0.000000
vt 0.000000 0.000000
vt 0.000000 0.000000
vt 0.000000 0.000000
vt 0.000000 0.000000
vt 0.000000 0.000000
vt 0.000000 0.000000
vt 0.000000 0.000000
vt 0.000000 0.000000
vt 0.000000 0.000000
vt 0.000000 0.000000
vt 0.000000 0.000000
vt 0.000000 0.000000
vt 0.000000 0.000000
vt 0.000000 0.000000
vt 0.000000 0.000000
vt 0.000000 0.000000
vt 0.000000 0.000000
vt 0.000000 0.000000
vt 0.000000 0.000000
vt 0.000000 0.000000
vt 0.000000 0.000000
vt 0.000000 0.000000
vt 0.000000 0.000000
vt 0.000000 0.000000
vt 0.000000 0.000000
vt 0.000000 0.000000
vt 0.000000 0.000000
vt 0.000000 0.000000
vt 0.000000 0.000000
vt 0.000000 0.000000
vt 0.000000 0.000000
vt 0.000000 0.000000
vt 0.000000 0.000000
vt 0.000000 0.000000
vt 0.000000 0.000000
vt 0.000000 0.000000
vt 0.000000 0.000000
vt 0.000000 0.000000
vt 0.000000 0.000000
vt 0.000000 0.000000
vt 0.000000 0.000000
vt 0.000000 0.000000
vt 0.000000 0.000000
vt 0.000000 0.000000
vt 0.000000 0.000000
vt 0.000000 0.000000
vt 0.000000 0.000000
vt 0.000000 0.000000
vt 0.000000 0.000000
vt 0.000000 0.000000
vt 0.000000 0.000000
vt 0.000000 0.000000
vt 0.000000 0.000000
vt 0.000000 0.000000
vt 0.000000 0.000000
vt 0.000000 0.000000
vt 0.000000 0.000000
vt 0.000000 0.000000
vt 0.000000 0.000000
vt 0.000000 0.000000
vt 0.000000 0.000000
vt 0.000000 0.000000
vt 0.000000 0.000000
vt 0.000000 0.000000
vt 0.000000 0.000000
vt 0.000000 0.000000
vt 0.000000 0.000000
vt 0.000000 0.000000
vt 0.000000 0.000000
vt 0.000000 0.000000
vt 0.000000 0.000000
vt 0.000000 0.000000
vt 0.000000 0.000000
vt 0.000000 0.000000
vt 0.000000 0.000000
vt 0.000000 0.000000
vt 0.000000 0.000000
vt 0.000000 0.000000
vt 0.000000 0.000000
vt 0.000000 0.000000
vt 0.000000 0.000000
vt 0.000000 0.000000
vt 0.000000 0.000000
vt 0.000000 0.000000
vt 0.000000 0.000000
vt 0.000000 0.000000
vt 0.000000 0.000000
vt 0.000000 0.000000
vt 0.000000 0.000000
vt 0.000000 0.000000
vt 0.000000 0.000000
vt 0.000000 0.000000
vt 0.000000 0.000000
vt 0.000000 0.000000
vt 0.000000 0.000000
vt 0.000000 0.000000
vt 0.000000 0.000000
vt 0.000000 0.000000
vt 0.000000 0.000000
vt 0.000000 0.000000
vt 0.000000 0.000000
vt 0.000000 0.000000
vt 0.000000 0.000000
vt 0.000000 0.000000
vt 0.000000 0.000000
vt 0.000000 0.000000
vt 0.000000 0.000000
vt 0.000000 0.000000
vt 0.000000 0.000000
vt 0.000000 0.000000
vt 0.000000 0.000000
vt 0.000000 0.000000
vt 0.000000 0.000000
vt 0.000000 0.000000
vt 0.000000 0.000000
vt 0.000000 0.000000
vt 0.000000 0.000000
vt 0.000000 0.000000
vt 0.000000 0.000000
vt 0.000000 0.000000
vt 0.000000 0.000000
vt 0.000000 0.000000
vt 0.000000 0.000000
vt 0.000000 0.000000
vt 0.000000 0.000000
vt 0.000000 0.000000
vt 0.000000 0.000000
vt 0.000000 0.000000
vt 0.000000 0.000000
vt 0.000000 0.000000
vt 0.000000 0.000000
vt 0.000000 0.000000
vt 0.000000 0.000000
vt 0.000000 0.000000
vt 0.000000 0.000000
vt 0.000000 0.000000
vt 0.000000 0.000000
vt 0.000000 0.000000
vt 0.000000 0.000000
vt 0.000000 0.000000
vt 0.000000 0.000000
vt 0.000000 0.000000
vt 0.000000 0.000000
vt 0.000000 0.000000
vt 0.000000 0.000000
vt 0.000000 0.000000
vt 0.000000 0.000000
vt 0.000000 0.000000
vt 0.000000 0.000000
vt 0.000000 0.000000
vt 0.000000 0.000000
vt 0.000000 0.000000
vt 0.000000 0.000000
vt 0.000000 0.000000
vt 0.000000 0.000000
vt 0.000000 0.000000
vt 0.000000 0.000000
vt 0.000000 0.000000
vt 0.000000 0.000000
vt 0.000000 0.000000
vt 0.000000 0.000000
vt 0.000000 0.000000
vt 0.000000 0.000000
vt 0.000000 0.000000
vt 0.000000 0.000000
vt 0.000000 0.000000
vt 0.000000 0.000000
vt 0.000000 0.000000
vt 0.000000 0.000000
vt 0.000000 0.000000
vt 0.000000 0.000000
vt 0.000000 0.000000
vt 0.000000 0.000000
vt 0.000000 0.000000
vt 0.000000 0.000000
vt 0.000000 0.000000
vt 0.000000 0.000000
vt 0.000000 0.000000
vt 0.000000 0.000000
vt 0.000000 0.000000
vt 0.000000 0.000000
vt 0.000000 0.000000
vt 0.000000 0.000000
vt 0.000000 0.000000
vt 0.000000 0.000000
vt 0.000000 0.000000
vt 0.000000 0.000000
vt 0.000000 0.000000
vt 0.000000 0.000000
vt 0.000000 0.000000
vt 0.000000 0.000000
vt 0.000000 0.000000
vt 0.000000 0.000000
vt 0.000000 0.000000
vt 0.000000 0.000000
vt 0.000000 0.000000
vt 0.000000 0.000000
vt 0.000000 0.000000
vt 0.000000 0.000000
vt 0.000000 0.000000
vt 0.000000 0.000000
vt 0.000000 0.000000
vt 0.000000 0.000000
vt 0.000000 0.000000
vt 0.000000 0.000000
vt 0.000000 0.000000
vt 0.000000 0.000000
vt 0.000000 0.000000
vt 0.000000 0.000000
vt 0.000000 0.000000
vt 0.000000 0.000000
vt 0.000000 0.000000
vt 0.000000 0.000000
vt 0.000000 0.000000
vt 0.000000 0.000000
vt 0.000000 0.000000
vt 0.000000 0.000000
vt 0.000000 0.000000
vt 0.000000 0.000000
vt 0.000000 0.000000
vt 0.000000 0.000000
vt 0.000000 0.000000
vt 0.000000 0.000000
vt 0.000000 0.000000
vt 0.000000 0.000000
vt 0.000000 0.000000
vt 0.000000 0.000000
vt 0.000000 0.000000
vt 0.000000 0.000000
vt 0.000000 0.000000
vt 0.000000 0.000000
vt 0.000000 0.000000
vt 0.000000 0.000000
vt 0.000000 0.000000
vt 0.000000 0.000000
vt 0.000000 0.000000
vt 0.000000 0.000000
vt 0.000000 0.000000
vt 0.000000 0.000000
vt 0.000000 0.000000
vt 0.000000 0.000000
vt 0.000000 0.000000
vt 0.000000 0.000000
vt 0.000000 0.000000
vt 0.000000 0.000000
vt 0.000000 0.000000
vt 0.000000 0.000000
vt 0.000000 0.000000
vt 0.000000 0.000000
vt 0.000000 0.000000
vt 0.000000 0.000000
vt 0.000000 0.000000
vt 0.000000 0.000000
vt 0.000000 0.000000
vt 0.000000 0.000000
vt 0.000000 0.000000
vt 0.000000 0.000000
vt 0.000000 0.000000
vt 0.000000 0.000000
vt 0.000000 0.000000
vt 0.000000 0.000000
vt 0.000000 0.000000
vt 0.000000 0.000000
vt 0.000000 0.000000
vt 0.000000 0.000000
vt 0.000000 0.000000
vt 0.000000 0.000000
vt 0.000000 0.000000
vt 0.000000 0.000000
vt 0.000000 0.000000
vt 0.000000 0.000000
vt 0.000000 0.000000
vt 0.000000 0.000000
vt 0.000000 0.000000
vt 0.000000 0.000000
vt 0.000000 0.000000
vt 0.000000 0.000000
vt 0.000000 0.000000
vt 0.000000 0.000000
vt 0.000000 0.000000
vt 0.000000 0.000000
vt 0.000000 0.000000
vt 0.000000 0.000000
vt 0.000000 0.000000
vt 0.000000 0.000000
vt 0.000000 0.000000
vt 0.000000 0.000000
vt 0.000000 0.000000
vt 0.000000 0.000000
vt 0.000000 0.000000
vt 0.000000 0.000000
vt 0.000000 0.000000
vt 0.000000 0.000000
vt 0.000000 0.000000
vt 0.000000 0.000000
vt 0.000000 0.000000
vt 0.000000 0.000000
vt 0.000000 0.000000
vt 0.000000 0.000000
vt 0.000000 0.000000
vt 0.000000 0.000000
vt 0.000000 0.000000
vt 0.000000 0.000000
vt 0.000000 0.000000
vt 0.000000 0.000000
vt 0.000000 0.000000
vt 0.000000 0.000000
vt 0.000000 0.000000
vt 0.000000 0.000000
vt 0.000000 0.000000
vt 0.000000 0.000000
vt 0.000000 0.000000
vt 0.000000 0.000000
vt 0.000000 0.000000
vt 0.000000 0.000000
vt 0.000000 0.000000
vt 0.000000 0.000000
vt 0.000000 0.000000
vt 0.000000 0.000000
vt 0.000000 0.000000
vt 0.000000 0.000000
vt 0.000000 0.000000
vt 0.000000 0.000000
vt 0.000000 0.000000
vt 0.000000 0.000000
vt 0.000000 0.000000
vt 0.000000 0.000000
vt 0.000000 0.000000
vt 0.000000 0.000000
vt 0.000000 0.000000
vt 0.000000 0.000000
vt 0.000000 0.000000
vt 0.000000 0.000000
vt 0.000000 0.000000
vt 0.000000 0.000000
vt 0.000000 0.000000
vt 0.000000 0.000000
vt 0.000000 0.000000
vt 0.000000 0.000000
vt 0.000000 0.000000
vt 0.000000 0.000000
vt 0.000000 0.000000
vt 0.000000 0.000000
vt 0.000000 0.000000
vt 0.000000 0.000000
vt 0.000000 0.000000
vt 0.000000 0.000000
vt 0.000000 0.000000
vt 0.000000 0.000000
vt 0.000000 0.000000
vt 0.000000 0.000000
vt 0.000000 0.000000
vt 0.000000 0.000000
vt 0.000000 0.000000
vt 0.000000 0.000000
vt 0.000000 0.000000
vt 0.000000 0.000000
vt 0.000000 0.000000
vt 0.000000 0.000000
vt 0.000000 0.000000
vt 0.000000 0.000000
vt 0.000000 0.000000
vt 0.000000 0.000000
vt 0.000000 0.000000
vt 0.000000 0.000000
vt 0.000000 0.000000
vt 0.000000 0.000000
vt 0.000000 0.000000
vt 0.000000 0.000000
vt 0.000000 0.000000
vt 0.000000 0.000000
vt 0.000000 0.000000
vt 0.000000 0.000000
vt 0.000000 0.000000
vt 0.000000 0.000000
vt 0.000000 0.000000
vt 0.000000 0.000000
vt 0.000000 0.000000
vt 0.000000 0.000000
vt 0.000000 0.000000
vt 0.000000 0.000000
vt 0.000000 0.000000
vt 0.000000 0.000000
vt 0.000000 0.000000
vt 0.000000 0.000000
vt 0.000000 0.000000
vt 0.000000 0.000000
vt 0.000000 0.000000
vt 0.000000 0.000000
vt 0.000000 0.000000
vt 0.000000 0.000000
vt 0.000000 0.000000
vt 0.000000 0.000000
vt 0.000000 0.000000
vt 0.000000 0.000000
vt 0.000000 0.000000
vt 0.000000 0.000000
vt 0.000000 0.000000
vt 0.000000 0.000000
vt 0.000000 0.000000
vt 0.000000 0.000000
vt 0.000000 0.000000
vt 0.000000 0.000000
vt 0.000000 0.000000
vt 0.000000 0.000000
vt 0.000000 0.000000
vt 0.000000 0.000000
vt 0.000000 0.000000
vt 0.000000 0.000000
vt 0.000000 0.000000
vt 0.000000 0.000000
vt 0.000000 0.000000
vt 0.000000 0.000000
vt 0.000000 0.000000
vt 0.000000 0.000000
vt 0.000000 0.000000
vt 0.000000 0.000000
vt 0.000000 0.000000
vt 0.000000 0.000000
vt 0.000000 0.000000
vt 0.000000 0.000000
vt 0.000000 0.000000
vt 0.000000 0.000000
vt 0.000000 0.000000
vt 0.000000 0.000000
vt 0.000000 0.000000
vt 0.000000 0.000000
vt 0.000000 0.000000
vt 0.000000 0.000000
vt 0.000000 0.000000
vt 0.000000 0.000000
vt 0.000000 0.000000
vt 0.000000 0.000000
vt 0.000000 0.000000
vt 0.000000 0.000000
vt 0.000000 0.000000
vt 0.000000 0.000000
vt 0.000000 0.000000
vt 0.000000 0.000000
vt 0.000000 0.000000
vt 0.000000 0.000000
vt 0.000000 0.000000
vt 0.000000 0.000000
vt 0.000000 0.000000
vt 0.000000 0.000000
vt 0.000000 0.000000
vt 0.000000 0.000000
vt 0.000000 0.000000
vt 0.000000 0.000000
vt 0.000000 0.000000
vt 0.000000 0.000000
vt 0.000000 0.000000
vt 0.000000 0.000000
vt 0.000000 0.000000
vt 0.000000 0.000000
vt 0.000000 0.000000
vt 0.000000 0.000000
vt 0.000000 0.000000
vt 0.000000 0.000000
vt 0.000000 0.000000
vt 0.000000 0.000000
vt 0.000000 0.000000
vt 0.000000 0.000000
vt 0.000000 0.000000
vt 0.000000 0.000000
vt 0.000000 0.000000
vt 0.000000 0.000000
vt 0.000000 0.000000
vt 0.000000 0.000000
vt 0.000000 0.000000
vt 0.000000 0.000000
vt 0.000000 0.000000
vt 0.000000 0.000000
vt 0.000000 0.000000
vt 0.000000 0.000000
vt 0.000000 0.000000
vt 0.000000 0.000000
vt 0.000000 0.000000
vt 0.000000 0.000000
vt 0.000000 0.000000
vt 0.000000 0.000000
vt 0.000000 0.000000
vt 0.000000 0.000000
vt 0.000000 0.000000
vt 0.000000 0.000000
vt 0.000000 0.000000
vt 0.000000 0.000000
vt 0.000000 0.000000
vt 0.000000 0.000000
vt 0.000000 0.000000
vt 0.000000 0.000000
vt 0.000000 0.000000
vt 0.000000 0.000000
vt 0.000000 0.000000
vt 0.000000 0.000000
vt 0.000000 0.000000
vt 0.000000 0.000000
vt 0.000000 0.000000
vt 0.000000 0.000000
vt 0.000000 0.000000
vt 0.000000 0.000000
vt 0.000000 0.000000
vt 0.000000 0.000000
vt 0.000000 0.000000
vt 0.000000 0.000000
vt 0.000000 0.000000
vt 0.000000 0.000000
vt 0.000000 0.000000
vt 0.000000 0.000000
vt 0.000000 0.000000
vt 0.000000 0.000000
vt 0.000000 0.000000
vt 0.000000 0.000000
vt 0.000000 0.000000
vt 0.000000 0.000000
vt 0.000000 0.000000
vt 0.000000 0.000000
vt 0.000000 0.000000
vt 0.000000 0.000000
vt 0.000000 0.000000
vt 0.000000 0.000000
vt 0.000000 0.000000
vt 0.000000 0.000000
vt 0.000000 0.000000
vt 0.000000 0.000000
vt 0.000000 0.000000
vt 0.000000 0.000000
vt 0.000000 0.000000
vt 0.000000 0.000000
vt 0.000000 0.000000
vt 0.000000 0.000000
vt 0.000000 0.000000
vt 0.000000 0.000000
vt 0.000000 0.000000
vt 0.000000 0.000000
vt 0.000000 0.000000
vt 0.000000 0.000000
vt 0.000000 0.000000
vt 0.000000 0.000000
vt 0.000000 0.000000
vt 0.000000 0.000000
vt 0.000000 0.000000
vt 0.000000 0.000000
vt 0.000000 0.000000
vt 0.000000 0.000000
vt 0.000000 0.000000
vt 0.000000 0.000000
vt 0.000000 0.000000
vt 0.000000 0.000000
vt 0.000000 0.000000
vt 0.000000 0.000000
vt 0.000000 0.000000
vt 0.000000 0.000000
vt 0.000000 0.000000
vt 0.000000 0.000000
vt 0.000000 0.000000
vt 0.000000 0.000000
vt 0.000000 0.000000
vt 0.000000 0.000000
vt 0.000000 0.000000
vt 0.000000 0.000000
vt 0.000000 0.000000
vt 0.000000 0.000000
vt 0.000000 0.000000
vt 0.000000 0.000000
vt 0.000000 0.000000
vt 0.000000 0.000000
vt 0.000000 0.000000
vt 0.000000 0.000000
vt 0.000000 0.000000
vt 0.000000 0.000000
vt 0.000000 0.000000
vt 0.000000 0.000000
vt 0.000000 0.000000
vt 0.000000 0.000000
vt 0.000000 0.000000
vt 0.000000 0.000000
vt 0.000000 0.000000
vt 0.000000 0.000000
vt 0.000000 0.000000
vt 0.000000 0.000000
vt 0.000000 0.000000
vt 0.000000 0.000000
vt 0.000000 0.000000
vt 0.000000 0.000000
vt 0.000000 0.000000
vt 0.000000 0.000000
vt 0.000000 0.000000
vt 0.000000 0.000000
vt 0.000000 0.000000
vt 0.000000 0.000000
vt 0.000000 0.000000
vt 0.000000 0.000000
vt 0.000000 0.000000
vt 0.000000 0.000000
vt 0.000000 0.000000
vt 0.000000 0.000000
vt 0.000000 0.000000
vt 0.000000 0.000000
vt 0.000000 0.000000
vt 0.000000 0.000000
vt 0.000000 0.000000
vt 0.000000 0.000000
vt 0.000000 0.000000
vt 0.000000 0.000000
vt 0.000000 0.000000
vt 0.000000 0.000000
vt 0.000000 0.000000
vt 0.000000 0.000000
vt 0.000000 0.000000
vt 0.000000 0.000000
vt 0.000000 0.000000
vt 0.000000 0.000000
vt 0.000000 0.000000
vt 0.000000 0.000000
vt 0.000000 0.000000
vt 0.000000 0.000000
vt 0.000000 0.000000
vt 0.000000 0.000000
vt 0.000000 0.000000
vt 0.000000 0.000000
vt 0.000000 0.000000
vt 0.000000 0.000000
vt 0.000000 0.000000
vt 0.000000 0.000000
vt 0.000000 0.000000
vt 0.000000 0.000000
vt 0.000000 0.000000
vt 0.000000 0.000000
vt 0.000000 0.000000
vt 0.000000 0.000000
vt 0.000000 0.000000
vt 0.000000 0.000000
vt 0.000000 0.000000
vt 0.000000 0.000000
vt 0.000000 0.000000
vt 0.000000 0.000000
vt 0.000000 0.000000
vt 0.000000 0.000000
vt 0.000000 0.000000
vt 0.000000 0.000000
vt 0.000000 0.000000
vt 0.000000 0.000000
vt 0.000000 0.000000
vt 0.000000 0.000000
vt 0.000000 0.000000
vt 0.000000 0.000000
vt 0.000000 0.000000
vt 0.000000 0.000000
vt 0.000000 0.000000
vt 0.000000 0.000000
vt 0.000000 0.000000
vt 0.000000 0.000000
vt 0.000000 0.000000
vt 0.000000 0.000000
vt 0.000000 0.000000
vt 0.000000 0.000000
vt 0.000000 0.000000
vt 0.000000 0.000000
vt 0.000000 0.000000
vt 0.000000 0.000000
vt 0.000000 0.000000
vt 0.000000 0.000000
vt 0.000000 0.000000
vt 0.000000 0.000000
vt 0.000000 0.000000
vt 0.000000 0.000000
vt 0.000000 0.000000
vt 0.000000 0.000000
vt 0.000000 0.000000
vt 0.000000 0.000000
vt 0.000000 0.000000
vt 0.000000 0.000000
vt 0.000000 0.000000
vt 0.000000 0.000000
vt 0.000000 0.000000
vt 0.000000 0.000000
vt 0.000000 0.000000
vt 0.000000 0.000000
vt 0.000000 0.000000
vt 0.000000 0.000000
vt 0.000000 0.000000
vt 0.000000 0.000000
vt 0.000000 0.000000
vt 0.000000 0.000000
vt 0.000000 0.000000
vt 0.000000 0.000000
vt 0.000000 0.000000
vt 0.000000 0.000000
vt 0.000000 0.000000
vt 0.000000 0.000000
vt 0.000000 0.000000
vt 0.000000 0.000000
vt 0.000000 0.000000
vt 0.000000 0.000000
vt 0.000000 0.000000
vt 0.000000 0.000000
vt 0.000000 0.000000
vt 0.000000 0.000000
vt 0.000000 0.000000
vt 0.000000 0.000000
vt 0.000000 0.000000
vt 0.000000 0.000000
vt 0.000000 0.000000
vt 0.000000 0.000000
vt 0.000000 0.000000
vt 0.000000 0.000000
vt 0.000000 0.000000
vt 0.000000 0.000000
vt 0.000000 0.000000
vt 0.000000 0.000000
vt 0.000000 0.000000
vt 0.000000 0.000000
vt 0.000000 0.000000
vt 0.000000 0.000000
vt 0.000000 0.000000
vt 0.000000 0.000000
vt 0.000000 0.000000
vt 0.000000 0.000000
vt 0.000000 0.000000
vt 0.000000 0.000000
vt 0.000000 0.000000
vt 0.000000 0.000000
vt 0.000000 0.000000
vt 0.000000 0.000000
vt 0.000000 0.000000
vt 0.000000 0.000000
vt 0.000000 0.000000
vt 0.000000 0.000000
vt 0.000000 0.000000
vt 0.000000 0.000000
vt 0.000000 0.000000
vt 0.000000 0.000000
vt 0.000000 0.000000
vt 0.000000 0.000000
vt 0.000000 0.000000
vt 0.000000 0.000000
vt 0.000000 0.000000
vt 0.000000 0.000000
vt 0.000000 0.000000
vt 0.000000 0.000000
vt 0.000000 0.000000
vt 0.000000 0.000000
vt 0.000000 0.000000
vt 0.000000 0.000000
vt 0.000000 0.000000
vt 0.000000 0.000000
vt 0.000000 0.000000
vt 0.000000 0.000000
vt 0.000000 0.000000
vt 0.000000 0.000000
vt 0.000000 0.000000
vt 0.000000 0.000000
vt 0.000000 0.000000
vt 0.000000 0.000000
vt 0.000000 0.000000
vt 0.000000 0.000000
vt 0.000000 0.000000
vt 0.000000 0.000000
vt 0.000000 0.000000
vt 0.000000 0.000000
vt 0.000000 0.000000
vt 0.000000 0.000000
vt 0.000000 0.000000
vt 0.000000 0.000000
vt 0.000000 0.000000
vt 0.000000 0.000000
vt 0.000000 0.000000
vt 0.000000 0.000000
vt 0.000000 0.000000
vt 0.000000 0.000000
vt 0.000000 0.000000
vt 0.000000 0.000000
vt 0.000000 0.000000
vt 0.000000 0.000000
vt 0.000000 0.000000
vt 0.000000 0.000000
vt 0.000000 0.000000
vt 0.000000 0.000000
vt 0.000000 0.000000
vt 0.000000 0.000000
vt 0.000000 0.000000
vt 0.000000 0.000000
vt 0.000000 0.000000
vt 0.000000 0.000000
vt 0.000000 0.000000
vt 0.000000 0.000000
vt 0.000000 0.000000
vt 0.000000 0.000000
vt 0.000000 0.000000
vt 0.000000 0.000000
vt 0.000000 0.000000
vt 0.000000 0.000000
vt 0.000000 0.000000
vt 0.000000 0.000000
vt 0.000000 0.000000
vt 0.000000 0.000000
vt 0.000000 0.000000
vt 0.000000 0.000000
vt 0.000000 0.000000
vt 0.000000 0.000000
vt 0.000000 0.000000
vt 0.000000 0.000000
vt 0.000000 0.000000
vt 0.000000 0.000000
vt 0.000000 0.000000
vt 0.000000 0.000000
vt 0.000000 0.000000
vt 0.000000 0.000000
vt 0.000000 0.000000
vt 0.000000 0.000000
vt 0.000000 0.000000
vt 0.000000 0.000000
vt 0.000000 0.000000
vt 0.000000 0.000000
vt 0.000000 0.000000
vt 0.000000 0.000000
vt 0.000000 0.000000
vt 0.000000 0.000000
vt 0.000000 0.000000
vt 0.000000 0.000000
vt 0.000000 0.000000
vt 0.000000 0.000000
vt 0.000000 0.000000
vt 0.000000 0.000000
vt 0.000000 0.000000
vt 0.000000 0.000000
vt 0.000000 0.000000
vt 0.000000 0.000000
vt 0.000000 0.000000
vt 0.000000 0.000000
vt 0.000000 0.000000
vt 0.000000 0.000000
vt 0.000000 0.000000
vt 0.000000 0.000000
vt 0.000000 0.000000
vt 0.000000 0.000000
vt 0.000000 0.000000
vt 0.000000 0.000000
vt 0.000000 0.000000
vt 0.000000 0.000000
vt 0.000000 0.000000
vt 0.000000 0.000000
vt 0.000000 0.000000
vt 0.000000 0.000000
vt 0.000000 0.000000
vt 0.000000 0.000000
vt 0.000000 0.000000
vt 0.000000 0.000000
vt 0.000000 0.000000
vt 0.000000 0.000000
vt 0.000000 0.000000
vt 0.000000 0.000000
vt 0.000000 0.000000
vt 0.000000 0.000000
vt 0.000000 0.000000
vt 0.000000 0.000000
vt 0.000000 0.000000
vt 0.000000 0.000000
vt 0.000000 0.000000
vt 0.000000 0.000000
vt 0.000000 0.000000
vt 0.000000 0.000000
vt 0.000000 0.000000
vt 0.000000 0.000000
vt 0.000000 0.000000
vt 0.000000 0.000000
vt 0.000000 0.000000
vt 0.000000 0.000000
vt 0.000000 0.000000
vt 0.000000 0.000000
vt 0.000000 0.000000
vt 0.000000 0.000000
vt 0.000000 0.000000
vt 0.000000 0.000000
vt 0.000000 0.000000
vt 0.000000 0.000000
vt 0.000000 0.000000
vt 0.000000 0.000000
vt 0.000000 0.000000
vt 0.000000 0.000000
vt 0.000000 0.000000
vt 0.000000 0.000000
vt 0.000000 0.000000
vt 0.000000 0.000000
vt 0.000000 0.000000
vt 0.000000 0.000000
vt 0.000000 0.000000
vt 0.000000 0.000000
vt 0.000000 0.000000
vt 0.000000 0.000000
vt 0.000000 0.000000
vt 0.000000 0.000000
vt 0.000000 0.000000
vt 0.000000 0.000000
vt 0.000000 0.000000
vt 0.000000 0.000000
vt 0.000000 0.000000
vt 0.000000 0.000000
vt 0.000000 0.000000
vt 0.000000 0.000000
vt 0.000000 0.000000
vt 0.000000 0.000000
vt 0.000000 0.000000
vt 0.000000 0.000000
vt 0.000000 0.000000
vt 0.000000 0.000000
vt 0.000000 0.000000
vt 0.000000 0.000000
vt 0.000000 0.000000
vt 0.000000 0.000000
vt 0.000000 0.000000
vt 0.000000 0.000000
vt 0.000000 0.000000
vt 0.000000 0.000000
vt 0.000000 0.000000
vt 0.000000 0.000000
vt 0.000000 0.000000
vt 0.000000 0.000000
vt 0.000000 0.000000
vt 0.000000 0.000000
vt 0.000000 0.000000
vt 0.000000 0.000000
vt 0.000000 0.000000
vt 0.000000 0.000000
vt 0.000000 0.000000
vt 0.000000 0.000000
vt 0.000000 0.000000
vt 0.000000 0.000000
vt 0.000000 0.000000
vt 0.000000 0.000000
vt 0.000000 0.000000
vt 0.000000 0.000000
vt 0.000000 0.000000
vt 0.000000 0.000000
vt 0.000000 0.000000
vt 0.000000 0.000000
vt 0.000000 0.000000
vt 0.000000 0.000000
vt 0.000000 0.000000
vt 0.000000 0.000000
vt 0.000000 0.000000
vt 0.000000 0.000000
vt 0.000000 0.000000
vt 0.000000 0.000000
vt 0.000000 0.000000
vt 0.000000 0.000000
vt 0.000000 0.000000
vt 0.000000 0.000000
vt 0.000000 0.000000
vt 0.000000 0.000000
vt 0.000000 0.000000
vt 0.000000 0.000000
vt 0.000000 0.000000
vt 0.000000 0.000000
vt 0.000000 0.000000
vt 0.000000 0.000000
vt 0.000000 0.000000
vt 0.000000 0.000000
vt 0.000000 0.000000
vt 0.000000 0.000000
vt 0.000000 0.000000
vt 0.000000 0.000000
vt 0.000000 0.000000
vt 0.000000 0.000000
vt 0.000000 0.000000
vt 0.000000 0.000000
vt 0.000000 0.000000
vt 0.000000 0.000000
vt 0.000000 0.000000
vt 0.000000 0.000000
vt 0.000000 0.000000
vt 0.000000 0.000000
vt 0.000000 0.000000
vt 0.000000 0.000000
vt 0.000000 0.000000
vt 0.000000 0.000000
vt 0.000000 0.000000
vt 0.000000 0.000000
vt 0.000000 0.000000
vt 0.000000 0.000000
vt 0.000000 0.000000
vt 0.000000 0.000000
vt 0.000000 0.000000
vt 0.000000 0.000000
vt 0.000000 0.000000
vt 0.000000 0.000000
vt 0.000000 0.000000
vt 0.000000 0.000000
vt 0.000000 0.000000
vt 0.000000 0.000000
vt 0.000000 0.000000
vt 0.000000 0.000000
vt 0.000000 0.000000
vt 0.000000 0.000000
vt 0.000000 0.000000
vt 0.000000 0.000000
vt 0.000000 0.000000
vt 0.000000 0.000000
vt 0.000000 0.000000
vt 0.000000 0.000000
vt 0.000000 0.000000
vt 0.000000 0.000000
vt 0.000000 0.000000
vt 0.000000 0.000000
vt 0.000000 0.000000
vt 0.000000 0.000000
vt 0.000000 0.000000
vt 0.000000 0.000000
vt 0.000000 0.000000
vt 0.000000 0.000000
vt 0.000000 0.000000
vt 0.000000 0.000000
vt 0.000000 0.000000
vt 0.000000 0.000000
vt 0.000000 0.000000
vt 0.000000 0.000000
vt 0.000000 0.000000
vt 0.000000 0.000000
vt 0.000000 0.000000
vt 0.000000 0.000000
vt 0.000000 0.000000
vt 0.000000 0.000000
vt 0.000000 0.000000
vt 0.000000 0.000000
vt 0.000000 0.000000
vt 0.000000 0.000000
vt 0.000000 0.000000
vt 0.000000 0.000000
vt 0.000000 0.000000
vt 0.000000 0.000000
vt 0.000000 0.000000
vt 0.000000 0.000000
vt 0.000000 0.000000
vt 0.000000 0.000000
vt 0.000000 0.000000
vt 0.000000 0.000000
vt 0.000000 0.000000
vt 0.000000 0.000000
vt 0.000000 0.000000
vt 0.000000 0.000000
vt 0.000000 0.000000
vt 0.000000 0.000000
vt 0.000000 0.000000
vt 0.000000 0.000000
vt 0.000000 0.000000
vt 0.000000 0.000000
vt 0.000000 0.000000
vt 0.000000 0.000000
vt 0.000000 0.000000
vt 0.000000 0.000000
vt 0.000000 0.000000
vt 0.000000 0.000000
vt 0.000000 0.000000
vt 0.000000 0.000000
vt 0.000000 0.000000
vt 0.000000 0.000000
vt 0.000000 0.000000
vt 0.000000 0.000000
vt 0.000000 0.000000
vt 0.000000 0.000000
vt 0.000000 0.000000
vt 0.000000 0.000000
vt 0.000000 0.000000
vt 0.000000 0.000000
vt 0.000000 0.000000
vt 0.000000 0.000000
vt 0.000000 0.000000
vt 0.000000 0.000000
vt 0.000000 0.000000
vt 0.000000 0.000000
vt 0.000000 0.000000
vt 0.000000 0.000000
vt 0.000000 0.000000
vt 0.000000 0.000000
vt 0.000000 0.000000
vt 0.000000 0.000000
vt 0.000000 0.000000
vt 0.000000 0.000000
vt 0.000000 0.000000
vt 0.000000 0.000000
vt 0.000000 0.000000
vt 0.000000 0.000000
vt 0.000000 0.000000
vt 0.000000 0.000000
vt 0.000000 0.000000
vt 0.000000 0.000000
vt 0.000000 0.000000
vt 0.000000 0.000000
vt 0.000000 0.000000
vt 0.000000 0.000000
vt 0.000000 0.000000
vt 0.000000 0.000000
vt 0.000000 0.000000
vt 0.000000 0.000000
vt 0.000000 0.000000
vt 0.000000 0.000000
vt 0.000000 0.000000
vt 0.000000 0.000000
vt 0.000000 0.000000
vt 0.000000 0.000000
vt 0.000000 0.000000
vt 0.000000 0.000000
vt 0.000000 0.000000
vt 0.000000 0.000000
vt 0.000000 0.000000
vt 0.000000 0.000000
vt 0.000000 0.000000
vt 0.000000 0.000000
vt 0.000000 0.000000
vt 0.000000 0.000000
vt 0.000000 0.000000
vt 0.000000 0.000000
vt 0.000000 0.000000
vt 0.000000 0.000000
vt 0.000000 0.000000
vt 0.000000 0.000000
vt 0.000000 0.000000
vt 0.000000 0.000000
vt 0.000000 0.000000
vt 0.000000 0.000000
vt 0.000000 0.000000
vt 0.000000 0.000000
vt 0.000000 0.000000
vt 0.000000 0.000000
vt 0.000000 0.000000
vt 0.000000 0.000000
vt 0.000000 0.000000
vt 0.000000 0.000000
vt 0.000000 0.000000
vt 0.000000 0.000000
vt 0.000000 0.000000
vt 0.000000 0.000000
vt 0.000000 0.000000
vt 0.000000 0.000000
vt 0.000000 0.000000
vt 0.000000 0.000000
vt 0.000000 0.000000
vt 0.000000 0.000000
vt 0.000000 0.000000
vt 0.000000 0.000000
vt 0.000000 0.000000
vt 0.000000 0.000000
vt 0.000000 0.000000
vt 0.000000 0.000000
vt 0.000000 0.000000
vt 0.000000 0.000000
vt 0.000000 0.000000
vt 0.000000 0.000000
vt 0.000000 0.000000
vt 0.000000 0.000000
vt 0.000000 0.000000
vt 0.000000 0.000000
vt 0.000000 0.000000
vt 0.000000 0.000000
vt 0.000000 0.000000
vt 0.000000 0.000000
vt 0.000000 0.000000
vt 0.000000 0.000000
vt 0.000000 0.000000
vt 0.000000 0.000000
vt 0.000000 0.000000
vt 0.000000 0.000000
vt 0.000000 0.000000
vt 0.000000 0.000000
vt 0.000000 0.000000
vt 0.000000 0.000000
vt 0.000000 0.000000
vt 0.000000 0.000000
vt 0.000000 0.000000
vt 0.000000 0.000000
vt 0.000000 0.000000
vt 0.000000 0.000000
vt 0.000000 0.000000
vt 0.000000 0.000000
vt 0.000000 0.000000
vt 0.000000 0.000000
vt 0.000000 0.000000
vt 0.000000 0.000000
vt 0.000000 0.000000
vt 0.000000 0.000000
vt 0.000000 0.000000
vt 0.000000 0.000000
vt 0.000000 0.000000
vt 0.000000 0.000000
vt 0.000000 0.000000
vt 0.000000 0.000000
vt 0.000000 0.000000
vt 0.000000 0.000000
vt 0.000000 0.000000
vt 0.000000 0.000000
vt 0.000000 0.000000
vt 0.000000 0.000000
vt 0.000000 0.000000
vt 0.000000 0.000000
vt 0.000000 0.000000
vt 0.000000 0.000000
vt 0.000000 0.000000
vt 0.000000 0.000000
vt 0.000000 0.000000
vt 0.000000 0.000000
vt 0.000000 0.000000
vt 0.000000 0.000000
vt 0.000000 0.000000
vt 0.000000 0.000000
vt 0.000000 0.000000
vt 0.000000 0.000000
vt 0.000000 0.000000
vt 0.000000 0.000000
vt 0.000000 0.000000
vt 0.000000 0.000000
vt 0.000000 0.000000
vt 0.000000 0.000000
vt 0.000000 0.000000
vt 0.000000 0.000000
vt 0.000000 0.000000
vt 0.000000 0.000000
vt 0.000000 0.000000
vt 0.000000 0.000000
vt 0.000000 0.000000
vt 0.000000 0.000000
vt 0.000000 0.000000
vt 0.000000 0.000000
vt 0.000000 0.000000
vt 0.000000 0.000000
vt 0.000000 0.000000
vt 0.000000 0.000000
vt 0.000000 0.000000
vt 0.000000 0.000000
vt 0.000000 0.000000
vt 0.000000 0.000000
vt 0.000000 0.000000
vt 0.000000 0.000000
vt 0.000000 0.000000
vt 0.000000 0.000000
vt 0.000000 0.000000
vt 0.000000 0.000000
vt 0.000000 0.000000
vt 0.000000 0.000000
vt 0.000000 0.000000
vt 0.000000 0.000000
vt 0.000000 0.000000
vt 0.000000 0.000000
vt 0.000000 0.000000
vt 0.000000 0.000000
vt 0.000000 0.000000
vt 0.000000 0.000000
vt 0.000000 0.000000
vt 0.000000 0.000000
vt 0.000000 0.000000
vt 0.000000 0.000000
vt 0.000000 0.000000
vt 0.000000 0.000000
vt 0.000000 0.000000
vt 0.000000 0.000000
vt 0.000000 0.000000
vt 0.000000 0.000000
vt 0.000000 0.000000
vt 0.000000 0.000000
vt 0.000000 0.000000
vt 0.000000 0.000000
vt 0.000000 0.000000
vt 0.000000 0.000000
vt 0.000000 0.000000
vt 0.000000 0.000000
vt 0.000000 0.000000
vt 0.000000 0.000000
vt 0.000000 0.000000
vt 0.000000 0.000000
vt 0.000000 0.000000
vt 0.000000 0.000000
vt 0.000000 0.000000
vt 0.000000 0.000000
vt 0.000000 0.000000
vt 0.000000 0.000000
vt 0.000000 0.000000
vt 0.000000 0.000000
vt 0.000000 0.000000
vt 0.000000 0.000000
vt 0.000000 0.000000
vt 0.000000 0.000000
vt 0.000000 0.000000
vt 0.000000 0.000000
vt 0.000000 0.000000
vt 0.000000 0.000000
vt 0.000000 0.000000
vt 0.000000 0.000000
vt 0.000000 0.000000
vt 0.000000 0.000000
vt 0.000000 0.000000
vt 0.000000 0.000000
vt 0.000000 0.000000
vt 0.000000 0.000000
vt 0.000000 0.000000
vt 0.000000 0.000000
vt 0.000000 0.000000
vt 0.000000 0.000000
vt 0.000000 0.000000
vt 0.000000 0.000000
vt 0.000000 0.000000
vt 0.000000 0.000000
vt 0.000000 0.000000
vt 0.000000 0.000000
vt 0.000000 0.000000
vt 0.000000 0.000000
vt 0.000000 0.000000
vt 0.000000 0.000000
vt 0.000000 0.000000
vt 0.000000 0.000000
vt 0.000000 0.000000
vt 0.000000 0.000000
vt 0.000000 0.000000
vt 0.000000 0.000000
vt 0.000000 0.000000
vt 0.000000 0.000000
vt 0.000000 0.000000
vt 0.000000 0.000000
vt 0.000000 0.000000
vt 0.000000 0.000000
vt 0.000000 0.000000
vt 0.000000 0.000000
vt 0.000000 0.000000
vt 0.000000 0.000000
vt 0.000000 0.000000
vt 0.000000 0.000000
vt 0.000000 0.000000
vt 0.000000 0.000000
vt 0.000000 0.000000
vt 0.000000 0.000000
vt 0.000000 0.000000
vt 0.000000 0.000000
vt 0.000000 0.000000
vt 0.000000 0.000000
vt 0.000000 0.000000
vt 0.000000 0.000000
vt 0.000000 0.000000
vt 0.000000 0.000000
vt 0.000000 0.000000
vt 0.000000 0.000000
vt 0.000000 0.000000
vt 0.000000 0.000000
vt 0.000000 0.000000
vt 0.000000 0.000000
vt 0.000000 0.000000
vt 0.000000 0.000000
vt 0.000000 0.000000
vt 0.000000 0.000000
vt 0.000000 0.000000
vt 0.000000 0.000000
vt 0.000000 0.000000
vt 0.000000 0.000000
vt 0.000000 0.000000
vt 0.000000 0.000000
vt 0.000000 0.000000
vt 0.000000 0.000000
vt 0.000000 0.000000
vt 0.000000 0.000000
vt 0.000000 0.000000
vt 0.000000 0.000000
vt 0.000000 0.000000
vt 0.000000 0.000000
vt 0.000000 0.000000
vt 0.000000 0.000000
vt 0.000000 0.000000
vt 0.000000 0.000000
vt 0.000000 0.000000
vt 0.000000 0.000000
vt 0.000000 0.000000
vt 0.000000 0.000000
vt 0.000000 0.000000
vt 0.000000 0.000000
vt 0.000000 0.000000
vt 0.000000 0.000000
vt 0.000000 0.000000
vt 0.000000 0.000000
vt 0.000000 0.000000
vt 0.000000 0.000000
vt 0.000000 0.000000
vt 0.000000 0.000000
vt 0.000000 0.000000
vt 0.000000 0.000000
vt 0.000000 0.000000
vt 0.000000 0.000000
vt 0.000000 0.000000
vt 0.000000 0.000000
vt 0.000000 0.000000
vt 0.000000 0.000000
vt 0.000000 0.000000
vt 0.000000 0.000000
vt 0.000000 0.000000
vt 0.000000 0.000000
vt 0.000000 0.000000
vt 0.000000 0.000000
vt 0.000000 0.000000
vt 0.000000 0.000000
vt 0.000000 0.000000
vt 0.000000 0.000000
vt 0.000000 0.000000
vt 0.000000 0.000000
vt 0.000000 0.000000
vt 0.000000 0.000000
vt 0.000000 0.000000
vt 0.000000 0.000000
vt 0.000000 0.000000
vt 0.000000 0.000000
vt 0.000000 0.000000
vt 0.000000 0.000000
vt 0.000000 0.000000
vt 0.000000 0.000000
vt 0.000000 0.000000
vt 0.000000 0.000000
vt 0.000000 0.000000
vt 0.000000 0.000000
vt 0.000000 0.000000
vt 0.000000 0.000000
vt 0.000000 0.000000
vt 0.000000 0.000000
vt 0.000000 0.000000
vt 0.000000 0.000000
vt 0.000000 0.000000
vt 0.000000 0.000000
vt 0.000000 0.000000
vt 0.000000 0.000000
vt 0.000000 0.000000
vt 0.000000 0.000000
vt 0.000000 0.000000
vt 0.000000 0.000000
vt 0.000000 0.000000
vt 0.000000 0.000000
vt 0.000000 0.000000
vt 0.000000 0.000000
vt 0.000000 0.000000
vt 0.000000 0.000000
vt 0.000000 0.000000
vt 0.000000 0.000000
vt 0.000000 0.000000
vt 0.000000 0.000000
vt 0.000000 0.000000
vt 0.000000 0.000000
vt 0.000000 0.000000
vt 0.000000 0.000000
vt 0.000000 0.000000
vt 0.000000 0.000000
vt 0.000000 0.000000
vt 0.000000 0.000000
vt 0.000000 0.000000
vt 0.000000 0.000000
vt 0.000000 0.000000
vt 0.000000 0.000000
vt 0.000000 0.000000
vt 0.000000 0.000000
vt 0.000000 0.000000
vt 0.000000 0.000000
vt 0.000000 0.000000
vt 0.000000 0.000000
vt 0.000000 0.000000
vt 0.000000 0.000000
vt 0.000000 0.000000
vt 0.000000 0.000000
vt 0.000000 0.000000
vt 0.000000 0.000000
vt 0.000000 0.000000
vt 0.000000 0.000000
vt 0.000000 0.000000
vt 0.000000 0.000000
vt 0.000000 0.000000
vt 0.000000 0.000000
vt 0.000000 0.000000
vt 0.000000 0.000000
vt 0.000000 0.000000
vt 0.000000 0.000000
vt 0.000000 0.000000
vt 0.000000 0.000000
vt 0.000000 0.000000
vt 0.000000 0.000000
vt 0.000000 0.000000
vt 0.000000 0.000000
vt 0.000000 0.000000
vt 0.000000 0.000000
vt 0.000000 0.000000
vt 0.000000 0.000000
vt 0.000000 0.000000
vt 0.000000 0.000000
vt 0.000000 0.000000
vt 0.000000 0.000000
vt 0.000000 0.000000
vt 0.000000 0.000000
vt 0.000000 0.000000
vt 0.000000 0.000000
vt 0.000000 0.000000
vt 0.000000 0.000000
vt 0.000000 0.000000
vt 0.000000 0.000000
vt 0.000000 0.000000
vt 0.000000 0.000000
vt 0.000000 0.000000
vt 0.000000 0.000000
vt 0.000000 0.000000
vt 0.000000 0.000000
vt 0.000000 0.000000
vt 0.000000 0.000000
vt 0.000000 0.000000
vt 0.000000 0.000000
vt 0.000000 0.000000
vt 0.000000 0.000000
vt 0.000000 0.000000
vt 0.000000 0.000000
vt 0.000000 0.000000
vt 0.000000 0.000000
vt 0.000000 0.000000
vt 0.000000 0.000000
vt 0.000000 0.000000
vt 0.000000 0.000000
vt 0.000000 0.000000
vt 0.000000 0.000000
vt 0.000000 0.000000
vt 0.000000 0.000000
vt 0.000000 0.000000
vt 0.000000 0.000000
vt 0.000000 0.000000
vt 0.000000 0.000000
vt 0.000000 0.000000
vt 0.000000 0.000000
vt 0.000000 0.000000
vt 0.000000 0.000000
vt 0.000000 0.000000
vt 0.000000 0.000000
vt 0.000000 0.000000
vt 0.000000 0.000000
vt 0.000000 0.000000
vt 0.000000 0.000000
vt 0.000000 0.000000
vt 0.000000 0.000000
vt 0.000000 0.000000
vt 0.000000 0.000000
vt 0.000000 0.000000
vt 0.000000 0.000000
vt 0.000000 0.000000
vt 0.000000 0.000000
vt 0.000000 0.000000
vt 0.000000 0.000000
vt 0.000000 0.000000
vt 0.000000 0.000000
vt 0.000000 0.000000
vt 0.000000 0.000000
vt 0.000000 0.000000
vt 0.000000 0.000000
vt 0.000000 0.000000
vt 0.000000 0.000000
vt 0.000000 0.000000
vt 0.000000 0.000000
vt 0.000000 0.000000
vt 0.000000 0.000000
vt 0.000000 0.000000
vt 0.000000 0.000000
vt 0.000000 0.000000
vt 0.000000 0.000000
vt 0.000000 0.000000
vt 0.000000 0.000000
vt 0.000000 0.000000
vt 0.000000 0.000000
vt 0.000000 0.000000
vt 0.000000 0.000000
vt 0.000000 0.000000
vt 0.000000 0.000000
vt 0.000000 0.000000
vt 0.000000 0.000000
vt 0.000000 0.000000
vt 0.000000 0.000000
vt 0.000000 0.000000
vt 0.000000 0.000000
vt 0.000000 0.000000
vt 0.000000 0.000000
vt 0.000000 0.000000
vt 0.000000 0.000000
vt 0.000000 0.000000
vt 0.000000 0.000000
vt 0.000000 0.000000
vt 0.000000 0.000000
vt 0.000000 0.000000
vt 0.000000 0.000000
vt 0.000000 0.000000
vt 0.000000 0.000000
vt 0.000000 0.000000
vt 0.000000 0.000000
vt 0.000000 0.000000
vt 0.000000 0.000000
vt 0.000000 0.000000
vt 0.000000 0.000000
vt 0.000000 0.000000
vt 0.000000 0.000000
vt 0.000000 0.000000
vt 0.000000 0.000000
vt 0.000000 0.000000
vt 0.000000 0.000000
vt 0.000000 0.000000
vt 0.000000 0.000000
vt 0.000000 0.000000
vt 0.000000 0.000000
vt 0.000000 0.000000
vt 0.000000 0.000000
vt 0.000000 0.000000
vt 0.000000 0.000000
vt 0.000000 0.000000
vt 0.000000 0.000000
vt 0.000000 0.000000
vt 0.000000 0.000000
vt 0.000000 0.000000
vt 0.000000 0.000000
vt 0.000000 0.000000
vt 0.000000 0.000000
vt 0.000000 0.000000
vt 0.000000 0.000000
vt 0.000000 0.000000
vt 0.000000 0.000000
vt 0.000000 0.000000
vt 0.000000 0.000000
vt 0.000000 0.000000
vt 0.000000 0.000000
vt 0.000000 0.000000
vt 0.000000 0.000000
vt 0.000000 0.000000
vt 0.000000 0.000000
vt 0.000000 0.000000
vt 0.000000 0.000000
vt 0.000000 0.000000
vt 0.000000 0.000000
vt 0.000000 0.000000
vt 0.000000 0.000000
vt 0.000000 0.000000
vt 0.000000 0.000000
vt 0.000000 0.000000
vt 0.000000 0.000000
vt 0.000000 0.000000
vt 0.000000 0.000000
vt 0.000000 0.000000
vt 0.000000 0.000000
vt 0.000000 0.000000
vt 0.000000 0.000000
vt 0.000000 0.000000
vt 0.000000 0.000000
vt 0.000000 0.000000
vt 0.000000 0.000000
vt 0.000000 0.000000
vt 0.000000 0.000000
vt 0.000000 0.000000
vt 0.000000 0.000000
vt 0.000000 0.000000
vt 0.000000 0.000000
vt 0.000000 0.000000
vt 0.000000 0.000000
vt 0.000000 0.000000
vt 0.000000 0.000000
vt 0.000000 0.000000
vt 0.000000 0.000000
vt 0.000000 0.000000
vt 0.000000 0.000000
vt 0.000000 0.000000
vt 0.000000 0.000000
vt 0.000000 0.000000
vt 0.000000 0.000000
vt 0.000000 0.000000
vt 0.000000 0.000000
vt 0.000000 0.000000
vt 0.000000 0.000000
vt 0.000000 0.000000
vt 0.000000 0.000000
vt 0.000000 0.000000
vt 0.000000 0.000000
vt 0.000000 0.000000
vt 0.000000 0.000000
vt 0.000000 0.000000
vt 0.000000 0.000000
vt 0.000000 0.000000
vt 0.000000 0.000000
vt 0.000000 0.000000
vt 0.000000 0.000000
vt 0.000000 0.000000
vt 0.000000 0.000000
vt 0.000000 0.000000
vt 0.000000 0.000000
vt 0.000000 0.000000
vt 0.000000 0.000000
vt 0.000000 0.000000
vt 0.000000 0.000000
vt 0.000000 0.000000
vt 0.000000 0.000000
vt 0.000000 0.000000
vt 0.000000 0.000000
vt 0.000000 0.000000
vt 0.000000 0.000000
vt 0.000000 0.000000
vt 0.000000 0.000000
vt 0.000000 0.000000
vt 0.000000 0.000000
vt 0.000000 0.000000
vt 0.000000 0.000000
vt 0.000000 0.000000
vt 0.000000 0.000000
vt 0.000000 0.000000
vt 0.000000 0.000000
vt 0.000000 0.000000
vt 0.000000 0.000000
vt 0.000000 0.000000
vt 0.000000 0.000000
vt 0.000000 0.000000
vt 0.000000 0.000000
vt 0.000000 0.000000
vt 0.000000 0.000000
vt 0.000000 0.000000
vt 0.000000 0.000000
vt 0.000000 0.000000
vt 0.000000 0.000000
vt 0.000000 0.000000
vt 0.000000 0.000000
vn 0.692898 0.721035 -0.000001
vn 0.366964 0.930235 -0.000009
vn 0.366979 0.930229 -0.000003
vn 0.692898 0.721035 -0.000001
vn 0.366979 0.930229 -0.000003
vn 0.917254 0.398304 -0.000001
vn -0.323390 0.943197 -0.076153
vn -0.318061 0.945096 -0.075041
vn -0.657612 0.737270 -0.154854
vn -0.323390 0.943197 -0.076153
vn -0.657612 0.737270 -0.154854
vn -0.668463 0.734656 -0.115924
vn -0.668463 0.734656 -0.115924
vn -0.657612 0.737270 -0.154854
vn -0.673402 0.722224 -0.157871
vn -0.668463 0.734656 -0.115924
vn -0.673402 0.722224 -0.157871
vn -0.685536 0.719131 -0.113538
vn 0.178947 0.978524 0.102318
vn 0.151059 0.960705 0.232869
vn 0.138797 0.964732 0.223669
vn 0.178947 0.978524 0.102318
vn 0.138797 0.964732 0.223669
vn 0.154008 0.984138 0.088061
vn 0.185880 0.980519 0.063497
vn 0.178947 0.978524 0.102318
vn 0.154008 0.984138 0.088061
vn 0.185880 0.980519 0.063497
vn 0.154008 0.984138 0.088061
vn 0.156729 0.985195 0.069482
vn 0.182723 0.982947 0.020680
vn 0.185880 0.980519 0.063497
vn 0.156729 0.985195 0.069482
vn 0.182723 0.982947 0.020680
vn 0.156729 0.985195 0.069482
vn 0.157795 0.987306 0.018103
vn 0.192159 0.981110 -0.022301
vn 0.182723 0.982947 0.020680
vn 0.157795 0.987306 0.018103
vn 0.192159 0.981110 -0.022301
vn 0.157795 0.987306 0.018103
vn 0.147670 0.988847 -0.019379
vn 0.185592 0.981831 -0.039539
vn 0.192159 0.981110 -0.022301
vn 0.147670 0.988847 -0.019379
vn 0.185592 0.981831 -0.039539
vn 0.147670 0.988847 -0.019379
vn 0.106386 0.994309 0.005684
vn 0.123782 0.992243 0.011519
vn 0.185592 0.981831 -0.039539
vn 0.106386 0.994309 0.005684
vn 0.123782 0.992243 0.011519
vn 0.106386 0.994309 0.005684
vn 0.073748 0.995341 0.062110
vn 0.046639 0.998615 0.024369
vn 0.123782 0.992243 0.011519
vn 0.073748 0.995341 0.062110
vn 0.046639 0.998615 0.024369
vn 0.073748 0.995341 0.062110
vn 0.071987 0.995977 0.053365
vn -0.004247 0.999475 -0.032135
vn 0.046639 0.998615 0.024369
vn 0.071987 0.995977 0.053365
vn -0.004247 0.999475 -0.032135
vn 0.071987 0.995977 0.053365
vn 0.042706 0.998899 0.019411
vn 0.489264 0.769470 0.410532
vn 0.498935 0.762239 0.412378
vn 0.458268 0.801337 0.384512
vn 0.489264 0.769470 0.410532
vn 0.458268 0.801337 0.384512
vn 0.384609 0.853941 0.350514
vn 0.000849 0.999999 0.001013
vn 0.000849 0.999999 0.001013
vn 0.000849 0.999999 0.001013
vn 0.000849 0.999999 0.001013
vn 0.000849 0.999999 0.001013
vn 0.000849 0.999999 0.001013
vn 0.461828 0.854933 0.236231
vn 0.546800 0.789504 0.278734
vn 0.499313 0.789834 0.356157
vn 0.461828 0.854933 0.236231
vn 0.499313 0.789834 0.356157
vn 0.330948 0.913912 0.235026
vn 0.002718 0.999991 -0.003324
vn 0.002718 0.999991 -0.003324
vn 0.002718 0.999991 -0.003324
vn 0.002718 0.999991 -0.003324
vn 0.002718 0.999991 -0.003324
vn 0.002718 0.999991 -0.003324
vn -0.053528 0.997569 -0.044625
vn -0.018944 0.999816 -0.003098
vn 0.001112 0.999948 -0.010134
vn -0.053528 0.997569 -0.044625
vn 0.001112 0.999948 -0.010134
vn -0.053528 0.997569 -0.044625
vn -0.044370 0.997752 -0.050227
vn -0.004247 0.999475 -0.032135
vn 0.042706 0.998899 0.019411
vn -0.044370 0.997752 -0.050227
vn 0.042706 0.998899 0.019411
vn -0.013512 0.999894 -0.005492
vn -0.043834 0.998911 -0.016000
vn -0.044370 0.997752 -0.050227
vn -0.013512 0.999894 -0.005492
vn -0.043834 0.998911 -0.016000
vn -0.013512 0.999894 -0.005492
vn -0.044216 0.998550 -0.030701
vn 0.015248 0.994396 0.104614
vn -0.043834 0.998911 -0.016000
vn -0.044216 0.998550 -0.030701
vn 0.015248 0.994396 0.104614
vn -0.044216 0.998550 -0.030701
vn -0.028014 0.998626 0.044284
vn 0.079001 0.990295 0.114348
vn 0.015248 0.994396 0.104614
vn -0.028014 0.998626 0.044284
vn 0.079001 0.990295 0.114348
vn -0.028014 0.998626 0.044284
vn -0.000227 0.996234 0.086703
vn 0.084291 0.994182 0.067067
vn 0.079001 0.990295 0.114348
vn -0.000227 0.996234 0.086703
vn 0.140769 0.989387 0.036021
vn 0.164091 0.986402 0.009213
vn 0.231047 0.972685 -0.022374
vn 0.140769 0.989387 0.036021
vn 0.231047 0.972685 -0.022374
vn 0.115148 0.990127 0.079937
vn 0.034653 0.999158 -0.021948
vn 0.385574 0.909529 0.155206
vn 0.405838 0.907986 0.104195
vn 0.034653 0.999158 -0.021948
vn -0.069248 0.992848 -0.097246
vn 0.016714 0.999751 -0.014787
vn 0.016714 0.999751 -0.014787
vn 0.116838 0.979543 -0.163845
vn 0.090842 0.994096 0.059345
vn -0.025638 0.999551 0.015515
vn -0.070284 0.993948 -0.084426
vn -0.212620 0.951831 -0.220929
vn -0.025638 0.999551 0.015515
vn -0.212620 0.951831 -0.220929
vn -0.212280 0.961969 -0.171911
vn -0.121041 0.984263 0.128748
vn -0.067812 0.996355 0.051745
vn -0.025638 0.999551 0.015515
vn -0.025638 0.999551 0.015515
vn -0.147988 0.977973 0.147202
vn -0.121041 0.984263 0.128748
vn -0.685536 0.719131 -0.113538
vn -0.673402 0.722224 -0.157871
vn -0.350045 0.933149 -0.081865
vn -0.685536 0.719131 -0.113538
vn -0.350045 0.933149 -0.081865
vn -0.399518 0.913934 -0.071476
vn 0.264764 0.960486 0.085833
vn 0.580468 0.789408 0.199727
vn 0.546800 0.789504 0.278734
vn 0.264764 0.960486 0.085833
vn 0.546800 0.789504 0.278734
vn 0.461828 0.854933 0.236231
vn -0.644065 0.764781 -0.017028
vn -0.542141 0.840268 -0.005636
vn -0.635213 0.772257 -0.011102
vn -0.435649 0.897785 -0.064744
vn -0.323390 0.943197 -0.076153
vn -0.668463 0.734656 -0.115924
vn -0.399518 0.913934 -0.071476
vn -0.258364 0.963894 -0.064473
vn -0.612302 0.784793 -0.095838
vn -0.258364 0.963894 -0.064473
vn -0.333858 0.941344 -0.049088
vn -0.612302 0.784793 -0.095838
vn 0.027985 0.999601 0.003786
vn -0.333858 0.941344 -0.049088
vn -0.258364 0.963894 -0.064473
vn -0.612302 0.784793 -0.095838
vn -0.685536 0.719131 -0.113538
vn -0.399518 0.913934 -0.071476
vn -0.029207 0.945072 -0.325554
vn 0.025793 0.961331 0.274185
vn 0.057636 0.960558 0.272040
vn -0.029207 0.945072 -0.325554
vn 0.057636 0.960558 0.272040
vn -0.065253 0.944568 -0.321767
vn -0.065253 0.944568 -0.321767
vn 0.057636 0.960558 0.272040
vn 0.094846 0.958744 0.267982
vn -0.065253 0.944568 -0.321767
vn 0.094846 0.958744 0.267982
vn -0.105559 0.943556 -0.313941
vn -0.271591 0.958118 -0.090820
vn -0.350045 0.933149 -0.081865
vn -0.673402 0.722224 -0.157871
vn -0.271591 0.958118 -0.090820
vn -0.673402 0.722224 -0.157871
vn -0.654804 0.723379 -0.218986
vn -0.609603 0.719823 -0.332023
vn -0.253021 0.957546 -0.138150
vn -0.327825 0.933492 -0.145337
vn -0.609603 0.719823 -0.332023
vn -0.327825 0.933492 -0.145337
vn -0.631040 0.723474 -0.279955
vn -0.639158 0.719762 -0.270962
vn -0.332281 0.932472 -0.141722
vn -0.253021 0.957546 -0.138150
vn -0.639158 0.719762 -0.270962
vn -0.253021 0.957546 -0.138150
vn -0.609603 0.719823 -0.332023
vn -0.677711 0.720288 -0.147961
vn -0.352411 0.932691 -0.076774
vn -0.332281 0.932472 -0.141722
vn -0.677711 0.720288 -0.147961
vn -0.332281 0.932472 -0.141722
vn -0.639158 0.719762 -0.270962
vn -0.693523 0.719847 -0.029088
vn -0.360994 0.932454 -0.014615
vn -0.352411 0.932691 -0.076774
vn -0.693523 0.719847 -0.029088
vn -0.352411 0.932691 -0.076774
vn -0.677711 0.720288 -0.147961
vn -0.695302 0.718559 -0.015091
vn -0.361999 0.932137 -0.008821
vn -0.360994 0.932454 -0.014615
vn -0.695302 0.718559 -0.015091
vn -0.360994 0.932454 -0.014615
vn -0.693523 0.719847 -0.029088
vn 0.405838 0.907986 0.104195
vn 0.264764 0.960486 0.085833
vn 0.034653 0.999158 -0.021948
vn -0.006276 0.999949 -0.007977
vn 0.391438 0.920202 -0.001949
vn 0.472630 0.879664 0.053027
vn 0.888101 0.453836 0.072871
vn 0.854777 0.478647 0.200634
vn 0.640681 0.760856 0.103081
vn 0.888101 0.453836 0.072871
vn 0.640681 0.760856 0.103081
vn 0.705154 0.704311 0.081881
vn 0.900850 0.433743 0.018359
vn 0.859540 0.499397 0.108595
vn 0.871533 0.490337 0.000525
vn -0.682059 0.716683 -0.145467
vn -0.282557 0.957274 -0.061541
vn -0.361999 0.932137 -0.008821
vn -0.682059 0.716683 -0.145467
vn -0.361999 0.932137 -0.008821
vn -0.695302 0.718559 -0.015091
vn -0.623851 0.710514 -0.325546
vn -0.325398 0.930230 -0.169670
vn -0.282557 0.957274 -0.061541
vn -0.623851 0.710514 -0.325546
vn -0.282557 0.957274 -0.061541
vn -0.682059 0.716683 -0.145467
vn -0.516164 0.711123 -0.477366
vn -0.215340 0.956393 -0.197335
vn -0.325398 0.930230 -0.169670
vn -0.516164 0.711123 -0.477366
vn -0.325398 0.930230 -0.169670
vn -0.623851 0.710514 -0.325546
vn -0.416817 0.714107 -0.562419
vn -0.173912 0.956700 -0.233407
vn -0.215340 0.956393 -0.197335
vn -0.416817 0.714107 -0.562419
vn -0.215340 0.956393 -0.197335
vn -0.516164 0.711123 -0.477366
vn -0.411128 0.717554 -0.562218
vn -0.213534 0.931807 -0.293496
vn -0.173912 0.956700 -0.233407
vn -0.411128 0.717554 -0.562218
vn -0.173912 0.956700 -0.233407
vn -0.416817 0.714107 -0.562419
vn -0.482163 0.720107 -0.498964
vn -0.249966 0.932579 -0.260409
vn -0.213534 0.931807 -0.293496
vn -0.482163 0.720107 -0.498964
vn -0.213534 0.931807 -0.293496
vn -0.411128 0.717554 -0.562218
vn -0.562847 0.720716 -0.404688
vn -0.233292 0.957799 -0.167916
vn -0.249966 0.932579 -0.260409
vn -0.562847 0.720716 -0.404688
vn -0.249966 0.932579 -0.260409
vn -0.482163 0.720107 -0.498964
vn -0.625345 0.720029 -0.300835
vn -0.325737 0.932574 -0.155569
vn -0.233292 0.957799 -0.167916
vn -0.625345 0.720029 -0.300835
vn -0.233292 0.957799 -0.167916
vn -0.562847 0.720716 -0.404688
vn -0.663932 0.719314 -0.204405
vn -0.346031 0.932310 -0.105171
vn -0.325737 0.932574 -0.155569
vn -0.663932 0.719314 -0.204405
vn -0.325737 0.932574 -0.155569
vn -0.625345 0.720029 -0.300835
vn -0.670284 0.719862 -0.180326
vn -0.278297 0.957581 -0.074763
vn -0.346031 0.932310 -0.105171
vn -0.670284 0.719862 -0.180326
vn -0.346031 0.932310 -0.105171
vn -0.663932 0.719314 -0.204405
vn -0.634373 0.720474 -0.280157
vn -0.262346 0.957954 -0.116184
vn -0.278297 0.957581 -0.074763
vn -0.634373 0.720474 -0.280157
vn -0.278297 0.957581 -0.074763
vn -0.670284 0.719862 -0.180326
vn -0.002959 0.724780 -0.688974
vn -0.031441 0.681460 -0.731180
vn -0.007138 0.729857 -0.683563
vn -0.002959 0.724780 -0.688974
vn -0.007138 0.729857 -0.683563
vn -0.001866 0.746447 -0.665442
vn -0.247390 0.953498 -0.172161
vn -0.287726 0.930600 -0.226268
vn -0.550454 0.712911 -0.434463
vn -0.247390 0.953498 -0.172161
vn -0.550454 0.712911 -0.434463
vn -0.520224 0.760156 -0.389268
vn -0.287726 0.930600 -0.226268
vn -0.231254 0.955746 -0.181856
vn -0.553853 0.708627 -0.437144
vn -0.287726 0.930600 -0.226268
vn -0.553853 0.708627 -0.437144
vn -0.550454 0.712911 -0.434463
vn -0.550454 0.712911 -0.434463
vn -0.553853 0.708627 -0.437144
vn -0.539938 0.724174 -0.428998
vn -0.550454 0.712911 -0.434463
vn -0.539938 0.724174 -0.428998
vn -0.536582 0.728232 -0.426330
vn -0.536582 0.728232 -0.426330
vn -0.539938 0.724174 -0.428998
vn -0.258629 0.943393 -0.207654
vn -0.536582 0.728232 -0.426330
vn -0.258629 0.943393 -0.207654
vn -0.257338 0.944475 -0.204316
vn -0.257338 0.944475 -0.204316
vn -0.258629 0.943393 -0.207654
vn 0.233965 0.954188 0.186512
vn -0.257338 0.944475 -0.204316
vn 0.233965 0.954188 0.186512
vn 0.229837 0.954550 0.189760
vn 0.229837 0.954550 0.189760
vn 0.233965 0.954188 0.186512
vn 0.505220 0.761110 0.406774
vn 0.229837 0.954550 0.189760
vn 0.505220 0.761110 0.406774
vn 0.498935 0.762239 0.412378
vn 0.498935 0.762239 0.412378
vn 0.505220 0.761110 0.406774
vn 0.457290 0.807056 0.373559
vn 0.498935 0.762239 0.412378
vn 0.457290 0.807056 0.373559
vn 0.458268 0.801337 0.384512
vn 0.384609 0.853941 0.350514
vn 0.406510 0.843779 0.350410
vn 0.485131 0.774571 0.405818
vn 0.384609 0.853941 0.350514
vn 0.485131 0.774571 0.405818
vn 0.489264 0.769470 0.410532
vn 0.489264 0.769470 0.410532
vn 0.485131 0.774571 0.405818
vn 0.217267 0.958964 0.182161
vn 0.489264 0.769470 0.410532
vn 0.217267 0.958964 0.182161
vn 0.221428 0.957190 0.186434
vn 0.221428 0.957190 0.186434
vn 0.217267 0.958964 0.182161
vn -0.257199 0.944682 -0.203530
vn 0.221428 0.957190 0.186434
vn -0.257199 0.944682 -0.203530
vn -0.257353 0.944702 -0.203244
vn -0.567042 0.714322 -0.410132
vn -0.295028 0.931296 -0.213651
vn -0.262346 0.957954 -0.116184
vn -0.567042 0.714322 -0.410132
vn -0.262346 0.957954 -0.116184
vn -0.634373 0.720474 -0.280157
vn -0.257353 0.944702 -0.203244
vn -0.257199 0.944682 -0.203530
vn -0.531586 0.734186 -0.422360
vn -0.257353 0.944702 -0.203244
vn -0.531586 0.734186 -0.422360
vn -0.533249 0.732216 -0.423682
vn -0.533249 0.732216 -0.423682
vn -0.531586 0.734186 -0.422360
vn -0.488799 0.802154 -0.342965
vn -0.533249 0.732216 -0.423682
vn -0.488799 0.802154 -0.342965
vn -0.520224 0.760156 -0.389268
vn -0.520224 0.760156 -0.389268
vn -0.488799 0.802154 -0.342965
vn -0.208637 0.970565 -0.120312
vn -0.520224 0.760156 -0.389268
vn -0.208637 0.970565 -0.120312
vn -0.247390 0.953498 -0.172161
vn 0.241831 0.856748 0.455522
vn 0.363296 0.864732 0.346777
vn 0.439071 0.768117 0.466061
vn 0.241831 0.856748 0.455522
vn 0.439071 0.768117 0.466061
vn 0.311428 0.770652 0.555975
vn 0.311428 0.770652 0.555975
vn 0.439071 0.768117 0.466061
vn 0.201163 0.956540 0.211104
vn 0.311428 0.770652 0.555975
vn 0.201163 0.956540 0.211104
vn 0.140822 0.957518 0.251651
vn 0.140822 0.957518 0.251651
vn 0.201163 0.956540 0.211104
vn -0.228016 0.943488 -0.240498
vn 0.140822 0.957518 0.251651
vn -0.228016 0.943488 -0.240498
vn -0.160288 0.943429 -0.290258
vn -0.160288 0.943429 -0.290258
vn -0.228016 0.943488 -0.240498
vn -0.474693 0.727065 -0.496027
vn -0.160288 0.943429 -0.290258
vn -0.474693 0.727065 -0.496027
vn -0.330887 0.728858 -0.599400
vn -0.330887 0.728858 -0.599400
vn -0.474693 0.727065 -0.496027
vn -0.487258 0.711633 -0.506120
vn -0.330887 0.728858 -0.599400
vn -0.487258 0.711633 -0.506120
vn -0.337851 0.713696 -0.613592
vn -0.337851 0.713696 -0.613592
vn -0.487258 0.711633 -0.506120
vn -0.254384 0.930560 -0.263340
vn -0.337851 0.713696 -0.613592
vn -0.254384 0.930560 -0.263340
vn -0.140118 0.956781 -0.254827
vn -0.004032 0.704858 -0.709337
vn -0.002959 0.724780 -0.688974
vn -0.001866 0.746447 -0.665442
vn -0.004032 0.704858 -0.709337
vn -0.001866 0.746447 -0.665442
vn -0.004032 0.704858 -0.709337
vn -0.030304 0.703886 -0.709666
vn -0.030304 0.703886 -0.709666
vn -0.030304 0.703886 -0.709666
vn -0.030304 0.703886 -0.709666
vn -0.030304 0.703886 -0.709666
vn -0.030304 0.703886 -0.709666
vn -0.094912 0.701776 -0.706047
vn -0.094912 0.701776 -0.706047
vn -0.094912 0.701776 -0.706047
vn -0.094912 0.701776 -0.706047
vn -0.094912 0.701776 -0.706047
vn -0.094912 0.701776 -0.706047
vn -0.185902 0.698068 -0.691478
vn -0.185902 0.698068 -0.691478
vn -0.185902 0.698068 -0.691478
vn -0.185902 0.698068 -0.691478
vn -0.185902 0.698068 -0.691478
vn -0.185902 0.698068 -0.691478
vn -0.337851 0.713696 -0.613592
vn -0.267414 0.692013 -0.670528
vn -0.267414 0.692013 -0.670528
vn -0.337851 0.713696 -0.613592
vn -0.267414 0.692013 -0.670528
vn -0.330887 0.728858 -0.599400
vn -0.553853 0.708627 -0.437144
vn -0.487258 0.711633 -0.506120
vn -0.474693 0.727065 -0.496027
vn -0.553853 0.708627 -0.437144
vn -0.474693 0.727065 -0.496027
vn -0.539938 0.724174 -0.428998
vn -0.639579 0.738359 -0.213927
vn -0.657612 0.737270 -0.154854
vn -0.318061 0.945096 -0.075041
vn -0.639579 0.738359 -0.213927
vn -0.318061 0.945096 -0.075041
vn -0.309521 0.945239 -0.103537
vn 0.405838 0.907986 0.104195
vn 0.595315 0.787432 0.159845
vn 0.580468 0.789408 0.199727
vn 0.405838 0.907986 0.104195
vn 0.580468 0.789408 0.199727
vn 0.264764 0.960486 0.085833
vn 0.385574 0.909529 0.155206
vn 0.566100 0.787665 0.243135
vn 0.595315 0.787432 0.159845
vn 0.385574 0.909529 0.155206
vn 0.595315 0.787432 0.159845
vn 0.405838 0.907986 0.104195
vn 1.000000 0.000000 0.000000
vn 1.000000 0.000000 0.000000
vn 1.000000 0.000000 0.000000
vn -0.288945 0.944485 -0.156393
vn -0.596065 0.734992 -0.323254
vn -0.616235 0.738449 -0.273766
vn -0.288945 0.944485 -0.156393
vn -0.616235 0.738449 -0.273766
vn -0.297890 0.945370 -0.132427
vn -0.303030 0.944559 -0.126416
vn -0.625381 0.734948 -0.262203
vn -0.596065 0.734992 -0.323254
vn -0.303030 0.944559 -0.126416
vn -0.596065 0.734992 -0.323254
vn -0.288945 0.944485 -0.156393
vn -0.320457 0.944645 -0.070375
vn -0.662041 0.735283 -0.145122
vn -0.625381 0.734948 -0.262203
vn -0.320457 0.944645 -0.070375
vn -0.625381 0.734948 -0.262203
vn -0.303030 0.944559 -0.126416
vn -0.327988 0.944563 -0.015008
vn -0.677356 0.735035 -0.030194
vn -0.662041 0.735283 -0.145122
vn -0.327988 0.944563 -0.015008
vn -0.662041 0.735283 -0.145122
vn -0.320457 0.944645 -0.070375
vn -0.329588 0.944113 -0.004685
vn -0.679686 0.733417 -0.011264
vn -0.677356 0.735035 -0.030194
vn -0.329588 0.944113 -0.004685
vn -0.677356 0.735035 -0.030194
vn -0.327988 0.944563 -0.015008
vn 0.305808 0.930615 0.201089
vn 0.509806 0.781350 0.359987
vn 0.566100 0.787665 0.243135
vn 0.305808 0.930615 0.201089
vn 0.566100 0.787665 0.243135
vn 0.385574 0.909529 0.155206
vn -0.323506 0.943999 -0.064887
vn -0.667683 0.731813 -0.136563
vn -0.679686 0.733417 -0.011264
vn -0.323506 0.943999 -0.064887
vn -0.679686 0.733417 -0.011264
vn -0.329588 0.944113 -0.004685
vn -0.295474 0.942758 -0.154608
vn -0.609330 0.726113 -0.318554
vn -0.667683 0.731813 -0.136563
vn -0.295474 0.942758 -0.154608
vn -0.667683 0.731813 -0.136563
vn -0.323506 0.943999 -0.064887
vn -0.242055 0.942672 -0.229737
vn -0.500588 0.726154 -0.471288
vn -0.609330 0.726113 -0.318554
vn -0.242055 0.942672 -0.229737
vn -0.609330 0.726113 -0.318554
vn -0.295474 0.942758 -0.154608
vn -0.196080 0.943109 -0.268509
vn -0.404896 0.729019 -0.551897
vn -0.500588 0.726154 -0.471288
vn -0.196080 0.943109 -0.268509
vn -0.500588 0.726154 -0.471288
vn -0.242055 0.942672 -0.229737
vn -0.196276 0.944064 -0.264990
vn -0.403889 0.732939 -0.547425
vn -0.404896 0.729019 -0.551897
vn -0.196276 0.944064 -0.264990
vn -0.404896 0.729019 -0.551897
vn -0.196080 0.943109 -0.268509
vn -0.229947 0.944641 -0.234047
vn -0.473769 0.735295 -0.484649
vn -0.403889 0.732939 -0.547425
vn -0.229947 0.944641 -0.234047
vn -0.403889 0.732939 -0.547425
vn -0.196276 0.944064 -0.264990
vn -0.266424 0.944730 -0.191061
vn -0.550234 0.735728 -0.394901
vn -0.473769 0.735295 -0.484649
vn -0.266424 0.944730 -0.191061
vn -0.473769 0.735295 -0.484649
vn -0.229947 0.944641 -0.234047
vn -0.294799 0.944590 -0.144369
vn -0.609453 0.735147 -0.296860
vn -0.550234 0.735728 -0.394901
vn -0.294799 0.944590 -0.144369
vn -0.550234 0.735728 -0.394901
vn -0.266424 0.944730 -0.191061
vn -0.313121 0.944481 -0.099557
vn -0.647102 0.734676 -0.203742
vn -0.609453 0.735147 -0.296860
vn -0.313121 0.944481 -0.099557
vn -0.609453 0.735147 -0.296860
vn -0.294799 0.944590 -0.144369
vn -0.317212 0.944478 -0.085664
vn -0.654696 0.734973 -0.176600
vn -0.647102 0.734676 -0.203742
vn -0.317212 0.944478 -0.085664
vn -0.647102 0.734676 -0.203742
vn -0.313121 0.944481 -0.099557
vn -0.300280 0.944778 -0.131251
vn -0.620417 0.735556 -0.272105
vn -0.654696 0.734973 -0.176600
vn -0.300280 0.944778 -0.131251
vn -0.654696 0.734973 -0.176600
vn -0.317212 0.944478 -0.085664
vn -0.269007 0.943327 -0.194343
vn -0.554309 0.729613 -0.400507
vn -0.620417 0.735556 -0.272105
vn -0.269007 0.943327 -0.194343
vn -0.620417 0.735556 -0.272105
vn -0.300280 0.944778 -0.131251
vn -0.243963 0.942540 -0.228255
vn -0.502210 0.726079 -0.469675
vn -0.554309 0.729613 -0.400507
vn -0.243963 0.942540 -0.228255
vn -0.554309 0.729613 -0.400507
vn -0.269007 0.943327 -0.194343
vn 0.028153 0.991643 0.125903
vn 0.065775 0.974374 0.215101
vn 0.151059 0.960705 0.232869
vn 0.028153 0.991643 0.125903
vn 0.151059 0.960705 0.232869
vn 0.178947 0.978524 0.102318
vn 0.033243 0.903714 0.426843
vn 0.057225 0.766646 0.639515
vn 0.016815 0.758247 0.651751
vn 0.033243 0.903714 0.426843
vn 0.016815 0.758247 0.651751
vn 0.010563 0.863502 0.504235
vn -0.188564 0.945013 -0.267196
vn -0.393229 0.733060 -0.554973
vn -0.502210 0.726079 -0.469675
vn -0.188564 0.945013 -0.267196
vn -0.502210 0.726079 -0.469675
vn -0.243963 0.942540 -0.228255
vn -0.117407 0.945710 -0.303063
vn -0.248016 0.733840 -0.632429
vn -0.393229 0.733060 -0.554973
vn -0.117407 0.945710 -0.303063
vn -0.393229 0.733060 -0.554973
vn -0.188564 0.945013 -0.267196
vn 0.265414 0.919954 -0.288515
vn 0.075013 0.997174 -0.004160
vn 0.261117 0.948886 -0.177294
vn 0.571375 0.798117 0.191155
vn 0.545162 0.806508 0.228785
vn 0.250757 0.961526 0.112197
vn 0.571375 0.798117 0.191155
vn 0.250757 0.961526 0.112197
vn 0.260677 0.961474 0.087260
vn 0.260677 0.961474 0.087260
vn 0.250757 0.961526 0.112197
vn -0.297890 0.945370 -0.132427
vn 0.260677 0.961474 0.087260
vn -0.297890 0.945370 -0.132427
vn -0.309521 0.945239 -0.103537
vn -0.512419 0.712202 -0.479787
vn -0.212789 0.956565 -0.199260
vn -0.295028 0.931296 -0.213651
vn -0.512419 0.712202 -0.479787
vn -0.295028 0.931296 -0.213651
vn -0.567042 0.714322 -0.410132
vn -0.309521 0.945239 -0.103537
vn -0.297890 0.945370 -0.132427
vn -0.616235 0.738449 -0.273766
vn -0.309521 0.945239 -0.103537
vn -0.616235 0.738449 -0.273766
vn -0.639579 0.738359 -0.213927
vn -0.075614 0.946572 -0.313502
vn -0.159117 0.735739 -0.658308
vn -0.248016 0.733840 -0.632429
vn -0.075614 0.946572 -0.313502
vn -0.248016 0.733840 -0.632429
vn -0.117407 0.945710 -0.303063
vn 0.100109 0.916189 0.388041
vn 0.128930 0.773051 0.621103
vn 0.057225 0.766646 0.639515
vn 0.100109 0.916189 0.388041
vn 0.057225 0.766646 0.639515
vn 0.033243 0.903714 0.426843
vn -0.039918 0.946676 -0.319704
vn -0.082677 0.736981 -0.670838
vn -0.159117 0.735739 -0.658308
vn -0.039918 0.946676 -0.319704
vn -0.159117 0.735739 -0.658308
vn -0.075614 0.946572 -0.313502
vn -0.008123 0.946399 -0.322898
vn -0.015762 0.737997 -0.674620
vn -0.082677 0.736981 -0.670838
vn -0.008123 0.946399 -0.322898
vn -0.082677 0.736981 -0.670838
vn -0.039918 0.946676 -0.319704
vn -0.403614 0.715827 -0.569813
vn -0.168012 0.956875 -0.236984
vn -0.212789 0.956565 -0.199260
vn -0.403614 0.715827 -0.569813
vn -0.212789 0.956565 -0.199260
vn -0.512419 0.712202 -0.479787
vn -0.639579 0.738359 -0.213927
vn -0.616235 0.738449 -0.273766
vn -0.631040 0.723474 -0.279955
vn -0.639579 0.738359 -0.213927
vn -0.631040 0.723474 -0.279955
vn -0.654804 0.723379 -0.218986
vn -0.654804 0.723379 -0.218986
vn -0.631040 0.723474 -0.279955
vn -0.327825 0.933492 -0.145337
vn -0.654804 0.723379 -0.218986
vn -0.327825 0.933492 -0.145337
vn -0.271591 0.958118 -0.090820
vn -0.257127 0.715430 -0.649651
vn -0.135620 0.930579 -0.340043
vn -0.168012 0.956875 -0.236984
vn -0.257127 0.715430 -0.649651
vn -0.168012 0.956875 -0.236984
vn -0.403614 0.715827 -0.569813
vn -0.163648 0.720688 -0.673667
vn -0.085259 0.932933 -0.349810
vn -0.135620 0.930579 -0.340043
vn -0.163648 0.720688 -0.673667
vn -0.135620 0.930579 -0.340043
vn -0.257127 0.715430 -0.649651
vn 0.073118 0.992931 0.093499
vn 0.028153 0.991643 0.125903
vn 0.178947 0.978524 0.102318
vn 0.073118 0.992931 0.093499
vn 0.178947 0.978524 0.102318
vn 0.185880 0.980519 0.063497
vn -0.085171 0.721966 -0.686667
vn -0.035339 0.958037 -0.284458
vn -0.085259 0.932933 -0.349810
vn -0.085171 0.721966 -0.686667
vn -0.085259 0.932933 -0.349810
vn -0.163648 0.720688 -0.673667
vn 0.189650 0.827458 0.528533
vn 0.211568 0.773194 0.597837
vn 0.128930 0.773051 0.621103
vn 0.189650 0.827458 0.528533
vn 0.128930 0.773051 0.621103
vn 0.100109 0.916189 0.388041
vn 0.311428 0.770652 0.555975
vn 0.211568 0.773194 0.597837
vn 0.189650 0.827458 0.528533
vn 0.311428 0.770652 0.555975
vn 0.189650 0.827458 0.528533
vn 0.241831 0.856748 0.455522
vn 0.134163 0.989719 0.049556
vn 0.073118 0.992931 0.093499
vn 0.185880 0.980519 0.063497
vn 0.134163 0.989719 0.049556
vn 0.185880 0.980519 0.063497
vn 0.182723 0.982947 0.020680
vn 0.012856 0.945962 -0.324021
vn 0.028335 0.738742 -0.673392
vn -0.015762 0.737997 -0.674620
vn 0.012856 0.945962 -0.324021
vn -0.015762 0.737997 -0.674620
vn -0.008123 0.946399 -0.322898
vn -0.533249 0.732216 -0.423682
vn -0.536582 0.728232 -0.426330
vn -0.257338 0.944475 -0.204316
vn -0.533249 0.732216 -0.423682
vn -0.257338 0.944475 -0.204316
vn -0.257353 0.944702 -0.203244
vn -0.095074 0.988943 -0.113808
vn -0.188693 0.954872 -0.229379
vn 0.014236 0.989061 -0.146820
vn 0.000508 1.000000 0.000295
vn -0.000074 1.000000 0.000001
vn 0.000037 1.000000 0.000039
vn 0.000508 1.000000 0.000295
vn 0.000037 1.000000 0.000039
vn -0.262346 0.957954 -0.116184
vn -0.212789 0.956565 -0.199260
vn 0.000058 1.000000 -0.000032
vn 0.000508 1.000000 0.000295
vn -0.212789 0.956565 -0.199260
vn 0.000508 1.000000 0.000295
vn -0.295028 0.931296 -0.213651
vn 0.000176 1.000000 0.000650
vn -0.085259 0.932933 -0.349810
vn -0.035339 0.958037 -0.284458
vn 0.000016 1.000000 0.000171
vn -0.135620 0.930579 -0.340043
vn -0.085259 0.932933 -0.349810
vn 0.000016 1.000000 0.000171
vn -0.085259 0.932933 -0.349810
vn 0.000176 1.000000 0.000650
vn -0.250806 0.962641 -0.102075
vn -0.401939 0.867559 -0.292894
vn -0.401758 0.906209 -0.131816
vn -0.169250 0.963978 -0.205183
vn -0.070284 0.993948 -0.084426
vn 0.014236 0.989061 -0.146820
vn -0.212620 0.951831 -0.220929
vn -0.169250 0.963978 -0.205183
vn -0.338939 0.870100 -0.357835
vn -0.212620 0.951831 -0.220929
vn -0.338939 0.870100 -0.357835
vn -0.356111 0.859787 -0.365993
vn -0.169250 0.963978 -0.205183
vn -0.212620 0.951831 -0.220929
vn -0.070284 0.993948 -0.084426
vn 0.014236 0.989061 -0.146820
vn -0.188693 0.954872 -0.229379
vn -0.169250 0.963978 -0.205183
vn -0.212280 0.961969 -0.171911
vn -0.250806 0.962641 -0.102075
vn -0.025638 0.999551 0.015515
vn -0.186034 0.978193 0.092357
vn -0.350223 0.935380 0.049069
vn -0.300298 0.942485 0.146774
vn -0.025638 0.999551 0.015515
vn -0.251193 0.967894 0.009081
vn -0.186034 0.978193 0.092357
vn -0.025638 0.999551 0.015515
vn -0.250806 0.962641 -0.102075
vn -0.251193 0.967894 0.009081
vn -0.248536 0.950157 0.188233
vn -0.225047 0.954266 0.196800
vn -0.121041 0.984263 0.128748
vn -0.350223 0.935380 0.049069
vn -0.186034 0.978193 0.092357
vn -0.251193 0.967894 0.009081
vn -0.401758 0.906209 -0.131816
vn -0.371407 0.926949 -0.053126
vn -0.251193 0.967894 0.009081
vn -0.001739 0.938889 0.344217
vn -0.007780 0.994035 0.108783
vn -0.002267 0.999987 -0.004518
vn 0.192022 0.976867 -0.094123
vn 0.272547 0.945312 -0.179174
vn 0.333117 0.932683 -0.138331
vn 0.272547 0.945312 -0.179174
vn 0.192022 0.976867 -0.094123
vn 0.170300 0.979679 -0.105956
vn -0.212280 0.961969 -0.171911
vn -0.212620 0.951831 -0.220929
vn -0.356111 0.859787 -0.365993
vn -0.212280 0.961969 -0.171911
vn -0.356111 0.859787 -0.365993
vn -0.401939 0.867559 -0.292894
vn -0.218746 0.974584 0.048335
vn -0.207076 0.972023 0.110860
vn -0.300849 0.950736 0.074768
vn -0.315956 0.940088 0.128084
vn -0.184145 0.975538 0.120065
vn -0.219363 0.974347 0.050286
vn -0.207076 0.972023 0.110860
vn -0.218746 0.974584 0.048335
vn -0.155825 0.982373 0.103259
vn -0.184691 0.967929 0.170302
vn -0.155825 0.982373 0.103259
vn -0.151116 0.975287 0.161181
vn -0.209459 0.953477 0.216814
vn -0.151116 0.975287 0.161181
vn -0.146707 0.976282 0.159216
vn -0.005661 0.999971 0.005103
vn -0.012709 0.999907 0.004931
vn -0.006442 0.999979 0.000320
vn -0.005661 0.999971 0.005103
vn -0.005480 0.999936 0.009858
vn -0.012709 0.999907 0.004931
vn -0.005661 0.999971 0.005103
vn -0.004220 0.999907 0.012988
vn -0.005480 0.999936 0.009858
vn -0.007780 0.994035 0.108783
vn -0.005661 0.999971 0.005103
vn -0.002267 0.999987 -0.004518
vn 0.024525 0.999632 0.011594
vn 0.072694 0.996605 0.038648
vn 0.018571 0.922944 0.384486
vn 0.024525 0.999632 0.011594
vn 0.040190 0.999192 -0.000645
vn 0.072694 0.996605 0.038648
vn 0.134104 0.981890 -0.133823
vn 0.134621 0.981017 -0.139580
vn 0.122152 0.989435 -0.078091
vn 0.122152 0.989435 -0.078091
vn 0.144876 0.981633 -0.124126
vn 0.134104 0.981890 -0.133823
vn -0.300298 0.942485 0.146774
vn -0.147988 0.977973 0.147202
vn -0.186034 0.978193 0.092357
vn -0.095074 0.988943 -0.113808
vn -0.338939 0.870100 -0.357835
vn -0.188693 0.954872 -0.229379
vn -0.089350 0.994685 0.051162
vn -0.155825 0.982373 0.103259
vn -0.218746 0.974584 0.048335
vn -0.147762 0.969117 0.197432
vn -0.022055 0.992527 0.120013
vn -0.184145 0.975538 0.120065
vn -0.105505 0.963582 0.245720
vn -0.022055 0.992527 0.120013
vn -0.147762 0.969117 0.197432
vn -0.052396 0.960406 0.273631
vn -0.022055 0.992527 0.120013
vn -0.105505 0.963582 0.245720
vn -0.184145 0.975538 0.120065
vn -0.022055 0.992527 0.120013
vn -0.219363 0.974347 0.050286
vn -0.105505 0.963582 0.245720
vn -0.194854 0.921865 0.334959
vn -0.128149 0.917804 0.375785
vn -0.105505 0.963582 0.245720
vn -0.128149 0.917804 0.375785
vn -0.052396 0.960406 0.273631
vn -0.147762 0.969117 0.197432
vn -0.254921 0.931413 0.259779
vn -0.194854 0.921865 0.334959
vn -0.147762 0.969117 0.197432
vn -0.194854 0.921865 0.334959
vn -0.105505 0.963582 0.245720
vn -0.184145 0.975538 0.120065
vn -0.315956 0.940088 0.128084
vn -0.254921 0.931413 0.259779
vn -0.184145 0.975538 0.120065
vn -0.254921 0.931413 0.259779
vn -0.147762 0.969117 0.197432
vn 0.122152 0.989435 -0.078091
vn 0.102133 0.994743 -0.007377
vn 0.140494 0.987953 -0.064889
vn -0.219363 0.974347 0.050286
vn -0.022055 0.992527 0.120013
vn -0.089350 0.994685 0.051162
vn -0.155825 0.982373 0.103259
vn -0.184691 0.967929 0.170302
vn -0.207076 0.972023 0.110860
vn -0.089350 0.994685 0.051162
vn -0.218746 0.974584 0.048335
vn -0.219363 0.974347 0.050286
vn 0.170300 0.979679 -0.105956
vn 0.219801 0.960159 -0.172577
vn 0.272547 0.945312 -0.179174
vn -0.052396 0.960406 0.273631
vn -0.128149 0.917804 0.375785
vn -0.007780 0.994035 0.108783
vn -0.151116 0.975287 0.161181
vn -0.155825 0.982373 0.103259
vn -0.105289 0.990254 0.091160
vn -0.148463 0.975766 0.160748
vn -0.121041 0.984263 0.128748
vn -0.225047 0.954266 0.196800
vn 0.102133 0.994743 -0.007377
vn 0.122152 0.989435 -0.078091
vn 0.072694 0.996605 0.038648
vn 0.140494 0.987953 -0.064889
vn 0.150068 0.983145 -0.104433
vn 0.122152 0.989435 -0.078091
vn -0.007780 0.994035 0.108783
vn -0.022055 0.992527 0.120013
vn -0.052396 0.960406 0.273631
vn 0.179924 0.973057 0.144177
vn 0.122378 0.978363 0.166819
vn 0.112692 0.985495 0.126890
vn 0.122378 0.978363 0.166819
vn 0.179924 0.973057 0.144177
vn 0.218916 0.975726 -0.005888
vn 0.122378 0.978363 0.166819
vn 0.218916 0.975726 -0.005888
vn 0.261117 0.948886 -0.177294
vn -0.148463 0.975766 0.160748
vn -0.146707 0.976282 0.159216
vn -0.067812 0.996355 0.051745
vn -0.121041 0.984263 0.128748
vn -0.147988 0.977973 0.147202
vn -0.248536 0.950157 0.188233
vn -0.520224 0.760156 -0.389268
vn -0.550454 0.712911 -0.434463
vn -0.536582 0.728232 -0.426330
vn -0.520224 0.760156 -0.389268
vn -0.536582 0.728232 -0.426330
vn -0.533249 0.732216 -0.423682
vn 0.179924 0.973057 0.144177
vn 0.146908 0.984298 0.097854
vn 0.218916 0.975726 -0.005888
vn -0.257353 0.944702 -0.203244
vn -0.257338 0.944475 -0.204316
vn 0.229837 0.954550 0.189760
vn -0.257353 0.944702 -0.203244
vn 0.229837 0.954550 0.189760
vn 0.221428 0.957190 0.186434
vn -0.169250 0.963978 -0.205183
vn -0.188693 0.954872 -0.229379
vn -0.338939 0.870100 -0.357835
vn -0.300298 0.942485 0.146774
vn -0.248536 0.950157 0.188233
vn -0.147988 0.977973 0.147202
vn 0.146908 0.984298 0.097854
vn 0.179924 0.973057 0.144177
vn 0.135576 0.984386 0.112262
vn -0.151116 0.975287 0.161181
vn -0.209459 0.953477 0.216814
vn -0.184691 0.967929 0.170302
vn -0.146707 0.976282 0.159216
vn -0.148463 0.975766 0.160748
vn -0.218949 0.950800 0.219182
vn -0.146707 0.976282 0.159216
vn -0.218949 0.950800 0.219182
vn -0.224098 0.946229 0.233307
vn -0.146707 0.976282 0.159216
vn -0.224098 0.946229 0.233307
vn -0.209459 0.953477 0.216814
vn -0.300849 0.950736 0.074768
vn -0.219363 0.974347 0.050286
vn -0.218746 0.974584 0.048335
vn -0.219363 0.974347 0.050286
vn -0.300849 0.950736 0.074768
vn -0.315956 0.940088 0.128084
vn -0.401939 0.867559 -0.292894
vn -0.250806 0.962641 -0.102075
vn -0.212280 0.961969 -0.171911
vn 0.135576 0.984386 0.112262
vn 0.112692 0.985495 0.126890
vn 0.209836 0.968595 0.133391
vn 0.001619 0.999407 0.034399
vn 0.112692 0.985495 0.126890
vn -0.233542 0.961754 0.143133
vn 0.347296 0.928434 -0.131895
vn 0.294115 0.951742 -0.087649
vn 0.333117 0.932683 -0.138331
vn -0.067812 0.996355 0.051745
vn -0.121041 0.984263 0.128748
vn -0.148463 0.975766 0.160748
vn -0.105289 0.990254 0.091160
vn -0.146707 0.976282 0.159216
vn -0.151116 0.975287 0.161181
vn 0.294115 0.951742 -0.087649
vn 0.233776 0.969493 -0.073705
vn 0.333117 0.932683 -0.138331
vn 0.124270 0.987326 -0.098715
vn 0.147234 0.978403 -0.145087
vn 0.219801 0.960159 -0.172577
vn 0.122152 0.989435 -0.078091
vn 0.134621 0.981017 -0.139580
vn 0.147234 0.978403 -0.145087
vn 0.122152 0.989435 -0.078091
vn 0.147234 0.978403 -0.145087
vn 0.124270 0.987326 -0.098715
vn 0.102133 0.994743 -0.007377
vn 0.072694 0.996605 0.038648
vn 0.040190 0.999192 -0.000645
vn 0.000038 1.000000 0.000001
vn 0.000057 1.000000 0.000010
vn -0.352411 0.932691 -0.076774
vn 0.000038 1.000000 0.000001
vn -0.352411 0.932691 -0.076774
vn -0.360994 0.932454 -0.014615
vn 0.000057 1.000000 0.000010
vn 0.000100 1.000000 0.000034
vn -0.253021 0.957546 -0.138150
vn -0.258364 0.963894 -0.064473
vn -0.399518 0.913934 -0.071476
vn 0.006499 0.999972 0.003790
vn -0.258364 0.963894 -0.064473
vn 0.006499 0.999972 0.003790
vn 0.027985 0.999601 0.003786
vn -0.399518 0.913934 -0.071476
vn -0.350045 0.933149 -0.081865
vn 0.000116 1.000000 0.000012
vn -0.399518 0.913934 -0.071476
vn 0.000116 1.000000 0.000012
vn 0.006499 0.999972 0.003790
vn -0.350045 0.933149 -0.081865
vn -0.271591 0.958118 -0.090820
vn 0.000060 1.000000 0.000022
vn -0.350045 0.933149 -0.081865
vn 0.000060 1.000000 0.000022
vn 0.000116 1.000000 0.000012
vn -0.327825 0.933492 -0.145337
vn -0.253021 0.957546 -0.138150
vn 0.000100 1.000000 0.000034
vn 0.000100 1.000000 0.000034
vn -0.271591 0.958118 -0.090820
vn -0.327825 0.933492 -0.145337
vn 0.000014 1.000000 0.000034
vn -0.215340 0.956393 -0.197335
vn -0.173912 0.956700 -0.233407
vn -0.332281 0.932472 -0.141722
vn -0.352411 0.932691 -0.076774
vn 0.000057 1.000000 0.000010
vn -0.271591 0.958118 -0.090820
vn 0.000100 1.000000 0.000034
vn 0.000015 1.000000 0.000015
vn -0.271591 0.958118 -0.090820
vn 0.000015 1.000000 0.000015
vn 0.000060 1.000000 0.000022
vn 0.000100 1.000000 0.000034
vn 0.000057 1.000000 0.000010
vn 0.000000 1.000000 0.000000
vn 0.000100 1.000000 0.000034
vn 0.000000 1.000000 0.000000
vn 0.000015 1.000000 0.000015
vn 0.000000 1.000000 0.000000
vn 0.000000 1.000000 0.000000
vn 0.000000 1.000000 0.000000
vn 0.000000 1.000000 0.000000
vn 0.000000 1.000000 0.000000
vn 0.000000 1.000000 0.000000
vn 0.000008 1.000000 0.000008
vn 0.000000 1.000000 0.000000
vn 0.000000 1.000000 0.000000
vn 0.000008 1.000000 0.000008
vn 0.000000 1.000000 0.000000
vn 0.000000 1.000000 0.000000
vn 0.000024 1.000000 0.000009
vn 0.000008 1.000000 0.000008
vn 0.000000 1.000000 0.000000
vn 0.000024 1.000000 0.000009
vn 0.000000 1.000000 0.000000
vn 0.000000 1.000000 0.000000
vn 0.000038 1.000000 0.000001
vn 0.000024 1.000000 0.000009
vn 0.000000 1.000000 0.000000
vn 0.000038 1.000000 0.000001
vn 0.000000 1.000000 0.000000
vn 0.000000 1.000000 0.000000
vn 0.000057 1.000000 0.000010
vn 0.000038 1.000000 0.000001
vn 0.000000 1.000000 0.000000
vn 0.000057 1.000000 0.000010
vn 0.000000 1.000000 0.000000
vn 0.000000 1.000000 0.000000
vn 0.000030 1.000000 0.000014
vn 0.000007 1.000000 0.000007
vn 0.000000 1.000000 0.000000
vn 0.000030 1.000000 0.000014
vn 0.000000 1.000000 0.000000
vn 0.000000 1.000000 0.000000
vn 0.000067 1.000000 0.000028
vn 0.000030 1.000000 0.000014
vn 0.000000 1.000000 0.000000
vn 0.000067 1.000000 0.000028
vn 0.000000 1.000000 0.000000
vn 0.000008 1.000000 0.000008
vn -0.282557 0.957274 -0.061541
vn 0.000067 1.000000 0.000028
vn 0.000008 1.000000 0.000008
vn -0.282557 0.957274 -0.061541
vn 0.000008 1.000000 0.000008
vn 0.000024 1.000000 0.000009
vn -0.361999 0.932137 -0.008821
vn -0.282557 0.957274 -0.061541
vn 0.000024 1.000000 0.000009
vn -0.361999 0.932137 -0.008821
vn 0.000024 1.000000 0.000009
vn 0.000038 1.000000 0.000001
vn -0.360994 0.932454 -0.014615
vn -0.361999 0.932137 -0.008821
vn 0.000038 1.000000 0.000001
vn -0.215340 0.956393 -0.197335
vn 0.000014 1.000000 0.000034
vn 0.000007 1.000000 0.000007
vn -0.215340 0.956393 -0.197335
vn 0.000007 1.000000 0.000007
vn 0.000030 1.000000 0.000014
vn -0.325398 0.930230 -0.169670
vn -0.215340 0.956393 -0.197335
vn 0.000030 1.000000 0.000014
vn -0.325398 0.930230 -0.169670
vn 0.000030 1.000000 0.000014
vn 0.000067 1.000000 0.000028
vn -0.325398 0.930230 -0.169670
vn 0.000067 1.000000 0.000028
vn -0.282557 0.957274 -0.061541
vn -0.253021 0.957546 -0.138150
vn -0.332281 0.932472 -0.141722
vn 0.000057 1.000000 0.000010
vn 0.000000 1.000000 0.000000
vn 0.000000 1.000000 0.000000
vn 0.000000 1.000000 0.000000
vn 0.000000 1.000000 0.000000
vn 0.000000 1.000000 0.000000
vn 0.000000 1.000000 0.000000
vn 0.000000 1.000000 0.000000
vn 0.000000 1.000000 0.000000
vn 0.000000 1.000000 0.000000
vn 0.000000 1.000000 0.000000
vn 0.000000 1.000000 0.000000
vn 0.000000 1.000000 0.000000
vn 0.000000 1.000000 0.000000
vn 0.000000 1.000000 0.000000
vn 0.000000 1.000000 0.000000
vn 0.000000 1.000000 0.000000
vn 0.000000 1.000000 0.000000
vn 0.000000 1.000000 0.000000
vn 0.000000 1.000000 0.000000
vn 0.000000 1.000000 0.000000
vn 0.000000 1.000000 0.000000
vn 0.000000 1.000000 0.000000
vn 0.000000 1.000000 0.000000
vn 0.000000 1.000000 0.000000
vn 0.000000 1.000000 0.000000
vn 0.000000 1.000000 0.000000
vn 0.000000 1.000000 0.000000
vn 0.000000 1.000000 0.000000
vn 0.000000 1.000000 0.000000
vn 0.000000 1.000000 0.000000
vn 0.000000 1.000000 0.000000
vn 0.000000 1.000000 0.000000
vn 0.000000 1.000000 0.000000
vn 0.000000 1.000000 0.000000
vn 0.000000 1.000000 0.000000
vn 0.000000 1.000000 0.000000
vn 0.000000 1.000000 0.000000
vn 0.000000 1.000000 0.000000
vn 0.000000 1.000000 0.000000
vn 0.000000 1.000000 0.000000
vn 0.000000 1.000000 0.000000
vn 0.000000 1.000000 0.000000
vn 0.000000 1.000000 0.000000
vn 0.000000 1.000000 0.000000
vn 0.000000 1.000000 0.000000
vn 0.000000 1.000000 0.000000
vn 0.000000 1.000000 0.000000
vn 0.000000 1.000000 0.000000
vn 0.000000 1.000000 0.000000
vn 0.000000 1.000000 0.000000
vn 0.000000 1.000000 0.000000
vn 0.000000 1.000000 0.000000
vn 0.000000 1.000000 0.000000
vn 0.000000 1.000000 0.000000
vn 0.000007 1.000000 0.000007
vn 0.000000 1.000000 0.000000
vn 0.000000 1.000000 0.000000
vn 0.000007 1.000000 0.000007
vn 0.000000 1.000000 0.000000
vn 0.000000 1.000000 0.000000
vn 0.000000 1.000000 0.000000
vn 0.000000 1.000000 0.000000
vn 0.000000 1.000000 0.000000
vn 0.000000 1.000000 0.000000
vn 0.000000 1.000000 0.000000
vn 0.000000 1.000000 0.000000
vn 0.000000 1.000000 0.000000
vn 0.000000 1.000000 0.000000
vn 0.000000 1.000000 0.000000
vn 0.000000 1.000000 0.000000
vn 0.000000 1.000000 0.000000
vn 0.000000 1.000000 0.000000
vn 0.000000 1.000000 0.000000
vn 0.000000 1.000000 0.000000
vn 0.000000 1.000000 0.000000
vn 0.000000 1.000000 0.000000
vn 0.000000 1.000000 0.000000
vn 0.000000 1.000000 0.000000
vn 0.000000 1.000000 0.000000
vn 0.000000 1.000000 0.000000
vn 0.000000 1.000000 0.000000
vn 0.000000 1.000000 0.000000
vn 0.000000 1.000000 0.000000
vn 0.000000 1.000000 0.000000
vn 0.000014 1.000000 0.000034
vn 0.000000 1.000000 0.000000
vn 0.000000 1.000000 0.000000
vn 0.000014 1.000000 0.000034
vn 0.000000 1.000000 0.000000
vn 0.000007 1.000000 0.000007
vn 0.000000 1.000000 0.000000
vn 0.000000 1.000000 0.000000
vn 0.000000 1.000000 0.000000
vn 0.000000 1.000000 0.000000
vn 0.000000 1.000000 0.000000
vn 0.000000 1.000000 0.000000
vn 0.000000 1.000000 0.000000
vn 0.000000 1.000000 0.000000
vn 0.000000 1.000000 0.000000
vn 0.000000 1.000000 0.000000
vn 0.000000 1.000000 0.000000
vn 0.000000 1.000000 0.000000
vn 0.000000 1.000000 0.000000
vn 0.000000 1.000000 0.000000
vn 0.000000 1.000000 0.000000
vn 0.000000 1.000000 0.000000
vn 0.000000 1.000000 0.000000
vn 0.000000 1.000000 0.000000
vn 0.000000 1.000000 0.000000
vn 0.000000 1.000000 0.000000
vn 0.000000 1.000000 0.000000
vn 0.000000 1.000000 0.000000
vn 0.000000 1.000000 0.000000
vn 0.000000 1.000000 0.000000
vn 0.000000 1.000000 0.000000
vn 0.000000 1.000000 0.000000
vn 0.000000 1.000000 0.000000
vn 0.000000 1.000000 0.000000
vn 0.000000 1.000000 0.000000
vn 0.000000 1.000000 0.000000
vn 0.000000 1.000000 0.000000
vn 0.000000 1.000000 0.000000
vn 0.000000 1.000000 0.000000
vn 0.000000 1.000000 0.000000
vn 0.000000 1.000000 0.000000
vn 0.000000 1.000000 0.000000
vn 0.000000 1.000000 0.000000
vn 0.000000 1.000000 0.000000
vn 0.000000 1.000000 0.000000
vn 0.000000 1.000000 0.000000
vn 0.000000 1.000000 0.000000
vn 0.000000 1.000000 0.000000
vn 0.000000 1.000000 0.000000
vn 0.000000 1.000000 0.000000
vn 0.000000 1.000000 0.000000
vn 0.000000 1.000000 0.000000
vn 0.000000 1.000000 0.000000
vn 0.000000 1.000000 0.000000
vn 0.000000 1.000000 0.000000
vn 0.000000 1.000000 0.000000
vn 0.000000 1.000000 0.000000
vn 0.000000 1.000000 0.000000
vn 0.000000 1.000000 0.000000
vn 0.000000 1.000000 0.000000
vn 0.000000 1.000000 0.000000
vn 0.000000 1.000000 0.000000
vn 0.000000 1.000000 0.000000
vn 0.000000 1.000000 0.000000
vn 0.000000 1.000000 0.000000
vn 0.000000 1.000000 0.000000
vn 0.000000 1.000000 0.000000
vn 0.000000 1.000000 0.000000
vn 0.000000 1.000000 0.000000
vn 0.000000 1.000000 0.000000
vn 0.000000 1.000000 0.000000
vn 0.000000 1.000000 0.000000
vn 0.000000 1.000000 0.000000
vn 0.000000 1.000000 0.000000
vn 0.000000 1.000000 0.000000
vn 0.000000 1.000000 0.000000
vn 0.000000 1.000000 0.000000
vn 0.000000 1.000000 0.000000
vn 0.000000 1.000000 0.000000
vn 0.000000 1.000000 0.000000
vn 0.000000 1.000000 0.000000
vn 0.000000 1.000000 0.000000
vn 0.000000 1.000000 0.000000
vn 0.000000 1.000000 0.000000
vn 0.000000 1.000000 0.000000
vn 0.000000 1.000000 0.000000
vn 0.000000 1.000000 0.000000
vn 0.000000 1.000000 0.000000
vn 0.000000 1.000000 0.000000
vn 0.000000 1.000000 0.000000
vn 0.000000 1.000000 0.000000
vn 0.000000 1.000000 0.000000
vn 0.000000 1.000000 0.000000
vn 0.000000 1.000000 0.000000
vn 0.000000 1.000000 0.000000
vn 0.000000 1.000000 0.000000
vn -0.173912 0.956700 -0.233407
vn 0.000044 1.000000 0.000068
vn 0.000014 1.000000 0.000034
vn -0.213534 0.931807 -0.293496
vn 0.000044 1.000000 0.000068
vn -0.173912 0.956700 -0.233407
vn -0.249966 0.932579 -0.260409
vn 0.000044 1.000000 0.000068
vn -0.213534 0.931807 -0.293496
vn -0.233292 0.957799 -0.167916
vn 0.000044 1.000000 0.000068
vn -0.249966 0.932579 -0.260409
vn -0.000031 1.000000 -0.000056
vn 0.000000 1.000000 0.000000
vn 0.000000 1.000000 0.000000
vn -0.000031 1.000000 -0.000056
vn 0.000000 1.000000 0.000000
vn -0.000025 1.000000 -0.000006
vn 0.026385 0.908603 -0.416827
vn -0.000031 1.000000 -0.000056
vn -0.000025 1.000000 -0.000006
vn 0.026385 0.908603 -0.416827
vn -0.000025 1.000000 -0.000006
vn 0.008942 0.925675 -0.378213
vn 0.000000 1.000000 0.000000
vn 0.000000 1.000000 0.000000
vn 0.000000 1.000000 0.000000
vn 0.000000 1.000000 0.000000
vn 0.000000 1.000000 0.000000
vn 0.000000 1.000000 0.000000
vn 0.000000 1.000000 0.000000
vn 0.000000 1.000000 0.000000
vn 0.000000 1.000000 0.000000
vn 0.000000 1.000000 0.000000
vn 0.000000 1.000000 0.000000
vn 0.000000 1.000000 0.000000
vn 0.000000 1.000000 0.000000
vn 0.000000 1.000000 0.000000
vn 0.000000 1.000000 0.000000
vn 0.000000 1.000000 0.000000
vn 0.000000 1.000000 0.000000
vn 0.000000 1.000000 0.000000
vn 0.014939 0.933272 -0.358859
vn -0.000001 1.000000 0.000037
vn 0.000000 1.000000 0.000037
vn 0.014939 0.933272 -0.358859
vn 0.000000 1.000000 0.000037
vn -0.008790 0.933261 -0.359091
vn -0.000001 1.000000 0.000037
vn 0.000000 1.000000 0.000000
vn 0.000000 1.000000 0.000000
vn -0.000001 1.000000 0.000037
vn 0.000000 1.000000 0.000000
vn 0.000000 1.000000 0.000037
vn 0.000000 1.000000 0.000000
vn 0.000000 1.000000 0.000000
vn 0.000000 1.000000 0.000000
vn 0.000000 1.000000 0.000000
vn 0.000000 1.000000 0.000000
vn 0.000000 1.000000 0.000000
vn 0.000000 1.000000 0.000000
vn 0.000000 1.000000 0.000000
vn 0.000000 1.000000 0.000000
vn 0.000000 1.000000 0.000000
vn 0.000000 1.000000 0.000000
vn 0.000000 1.000000 0.000000
vn 0.000000 1.000000 0.000000
vn 0.000000 1.000000 0.000000
vn 0.000000 1.000000 0.000000
vn 0.000000 1.000000 0.000000
vn 0.000000 1.000000 0.000000
vn 0.000000 1.000000 0.000000
vn 0.000002 1.000000 -0.000082
vn 0.000000 1.000000 0.000000
vn 0.000000 1.000000 0.000000
vn 0.000002 1.000000 -0.000082
vn 0.000000 1.000000 0.000000
vn -0.000031 1.000000 -0.000056
vn 0.022521 0.887398 -0.460455
vn 0.000002 1.000000 -0.000082
vn -0.000031 1.000000 -0.000056
vn 0.022521 0.887398 -0.460455
vn -0.000031 1.000000 -0.000056
vn 0.026385 0.908603 -0.416827
vn 0.000000 1.000000 0.000000
vn 0.000000 1.000000 0.000000
vn 0.000000 1.000000 0.000000
vn 0.000000 1.000000 0.000000
vn 0.000000 1.000000 0.000000
vn 0.000000 1.000000 0.000000
vn 0.000000 1.000000 0.000000
vn 0.000000 1.000000 0.000000
vn 0.000000 1.000000 0.000000
vn 0.000000 1.000000 0.000000
vn 0.000000 1.000000 0.000000
vn 0.000000 1.000000 0.000000
vn -0.000010 1.000000 0.000026
vn 0.000000 1.000000 0.000000
vn 0.000000 1.000000 0.000000
vn -0.000010 1.000000 0.000026
vn 0.000000 1.000000 0.000000
vn -0.000001 1.000000 0.000037
vn -0.008790 0.933261 -0.359091
vn 0.000000 1.000000 0.000037
vn 0.000047 1.000000 -0.000011
vn -0.008790 0.933261 -0.359091
vn 0.000047 1.000000 -0.000011
vn -0.035339 0.958037 -0.284458
vn 0.000000 1.000000 0.000037
vn 0.000000 1.000000 0.000000
vn 0.000000 1.000000 0.000000
vn 0.000000 1.000000 0.000037
vn 0.000000 1.000000 0.000000
vn 0.000047 1.000000 -0.000011
vn 0.000000 1.000000 0.000000
vn 0.000000 1.000000 0.000000
vn 0.000000 1.000000 0.000000
vn 0.000000 1.000000 0.000000
vn 0.000000 1.000000 0.000000
vn 0.000000 1.000000 0.000000
vn 0.000000 1.000000 0.000000
vn 0.000000 1.000000 0.000000
vn 0.000000 1.000000 0.000000
vn 0.000000 1.000000 0.000000
vn 0.000000 1.000000 0.000000
vn 0.000000 1.000000 0.000000
vn 0.000000 1.000000 0.000000
vn 0.000000 1.000000 0.000000
vn 0.000000 1.000000 0.000000
vn 0.000000 1.000000 0.000000
vn 0.000000 1.000000 0.000000
vn 0.000000 1.000000 0.000000
vn -0.000003 1.000000 -0.000082
vn 0.000000 1.000000 0.000000
vn 0.000000 1.000000 0.000000
vn -0.000003 1.000000 -0.000082
vn 0.000000 1.000000 0.000000
vn 0.000002 1.000000 -0.000082
vn -0.023957 0.892239 -0.450927
vn -0.000003 1.000000 -0.000082
vn 0.000002 1.000000 -0.000082
vn -0.023957 0.892239 -0.450927
vn 0.000002 1.000000 -0.000082
vn 0.022521 0.887398 -0.460455
vn 0.024113 0.931129 -0.363891
vn -0.000010 1.000000 0.000026
vn -0.000001 1.000000 0.000037
vn 0.024113 0.931129 -0.363891
vn -0.000001 1.000000 0.000037
vn 0.014939 0.933272 -0.358859
vn 0.000000 1.000000 0.000000
vn 0.000000 1.000000 0.000000
vn 0.000000 1.000000 0.000000
vn 0.000000 1.000000 0.000000
vn 0.000000 1.000000 0.000000
vn 0.000000 1.000000 0.000000
vn 0.000000 1.000000 0.000000
vn 0.000000 1.000000 0.000000
vn 0.000000 1.000000 0.000000
vn 0.000000 1.000000 0.000000
vn 0.000000 1.000000 0.000000
vn 0.000000 1.000000 0.000000
vn -0.035339 0.958037 -0.284458
vn 0.000047 1.000000 -0.000011
vn 0.000046 1.000000 -0.000106
vn -0.035339 0.958037 -0.284458
vn 0.000046 1.000000 -0.000106
vn 0.000176 1.000000 0.000650
vn 0.000047 1.000000 -0.000011
vn 0.000000 1.000000 0.000000
vn 0.000000 1.000000 0.000000
vn 0.000047 1.000000 -0.000011
vn 0.000000 1.000000 0.000000
vn 0.000046 1.000000 -0.000106
vn 0.000000 1.000000 0.000000
vn 0.000000 1.000000 0.000000
vn 0.000000 1.000000 0.000000
vn 0.000000 1.000000 0.000000
vn 0.000000 1.000000 0.000000
vn 0.000000 1.000000 0.000000
vn 0.000000 1.000000 0.000000
vn 0.000000 1.000000 0.000000
vn 0.000000 1.000000 0.000000
vn 0.000000 1.000000 0.000000
vn 0.000000 1.000000 0.000000
vn 0.000000 1.000000 0.000000
vn 0.000000 1.000000 0.000000
vn 0.000000 1.000000 0.000000
vn 0.000000 1.000000 0.000000
vn 0.000000 1.000000 0.000000
vn 0.000000 1.000000 0.000000
vn 0.000000 1.000000 0.000000
vn -0.000003 1.000000 -0.000087
vn 0.000000 1.000000 0.000000
vn 0.000000 1.000000 0.000000
vn -0.000003 1.000000 -0.000087
vn 0.000000 1.000000 0.000000
vn -0.000003 1.000000 -0.000082
vn -0.025303 0.918342 -0.394978
vn -0.000003 1.000000 -0.000087
vn -0.000003 1.000000 -0.000082
vn -0.025303 0.918342 -0.394978
vn -0.000003 1.000000 -0.000082
vn -0.023957 0.892239 -0.450927
vn 0.008942 0.925675 -0.378213
vn -0.000025 1.000000 -0.000006
vn -0.000000 1.000000 0.000016
vn 0.008942 0.925675 -0.378213
vn -0.000000 1.000000 0.000016
vn 0.017427 0.929372 -0.368732
vn 0.000000 1.000000 0.000000
vn 0.000000 1.000000 0.000000
vn 0.000000 1.000000 0.000000
vn 0.000000 1.000000 0.000000
vn 0.000000 1.000000 0.000000
vn 0.000000 1.000000 0.000000
vn -0.000025 1.000000 -0.000006
vn 0.000000 1.000000 0.000000
vn 0.000000 1.000000 0.000000
vn -0.000025 1.000000 -0.000006
vn 0.000000 1.000000 0.000000
vn -0.000000 1.000000 0.000016
vn 0.000176 1.000000 0.000650
vn 0.000046 1.000000 -0.000106
vn -0.000038 1.000000 -0.000114
vn 0.000176 1.000000 0.000650
vn -0.000038 1.000000 -0.000114
vn 0.000016 1.000000 0.000171
vn 0.000046 1.000000 -0.000106
vn 0.000000 1.000000 0.000000
vn 0.000000 1.000000 0.000000
vn 0.000046 1.000000 -0.000106
vn 0.000000 1.000000 0.000000
vn -0.000038 1.000000 -0.000114
vn 0.000000 1.000000 0.000000
vn 0.000000 1.000000 0.000000
vn 0.000000 1.000000 0.000000
vn 0.000000 1.000000 0.000000
vn 0.000000 1.000000 0.000000
vn 0.000000 1.000000 0.000000
vn 0.000000 1.000000 0.000000
vn 0.000000 1.000000 0.000000
vn 0.000000 1.000000 0.000000
vn 0.000000 1.000000 0.000000
vn 0.000000 1.000000 0.000000
vn 0.000000 1.000000 0.000000
vn 0.000000 1.000000 0.000000
vn 0.000000 1.000000 0.000000
vn 0.000000 1.000000 0.000000
vn 0.000000 1.000000 0.000000
vn 0.000000 1.000000 0.000000
vn 0.000000 1.000000 0.000000
vn 0.000034 1.000000 -0.000060
vn 0.000000 1.000000 0.000000
vn 0.000000 1.000000 0.000000
vn 0.000034 1.000000 -0.000060
vn 0.000000 1.000000 0.000000
vn -0.000003 1.000000 -0.000087
vn -0.002121 0.933766 -0.357877
vn 0.000034 1.000000 -0.000060
vn -0.000003 1.000000 -0.000087
vn -0.002121 0.933766 -0.357877
vn -0.000003 1.000000 -0.000087
vn -0.025303 0.918342 -0.394978
vn 0.000000 1.000000 0.000000
vn 0.000000 1.000000 0.000000
vn 0.000000 1.000000 0.000000
vn 0.000000 1.000000 0.000000
vn 0.000000 1.000000 0.000000
vn 0.000000 1.000000 0.000000
vn 0.000000 1.000000 0.000000
vn 0.000000 1.000000 0.000000
vn 0.000000 1.000000 0.000000
vn 0.000000 1.000000 0.000000
vn 0.000000 1.000000 0.000000
vn 0.000000 1.000000 0.000000
vn -0.000063 1.000000 -0.000064
vn -0.168012 0.956875 -0.236984
vn -0.135620 0.930579 -0.340043
vn -0.000063 1.000000 -0.000064
vn -0.135620 0.930579 -0.340043
vn 0.000016 1.000000 0.000171
vn 0.000016 1.000000 0.000171
vn -0.000038 1.000000 -0.000114
vn -0.000038 1.000000 -0.000038
vn 0.000016 1.000000 0.000171
vn -0.000038 1.000000 -0.000038
vn -0.000063 1.000000 -0.000064
vn -0.000038 1.000000 -0.000114
vn 0.000000 1.000000 0.000000
vn 0.000000 1.000000 0.000000
vn -0.000038 1.000000 -0.000114
vn 0.000000 1.000000 0.000000
vn -0.000038 1.000000 -0.000038
vn 0.000000 1.000000 0.000000
vn 0.000000 1.000000 0.000000
vn 0.000000 1.000000 0.000000
vn 0.000000 1.000000 0.000000
vn 0.000000 1.000000 0.000000
vn 0.000000 1.000000 0.000000
vn 0.000000 1.000000 0.000000
vn 0.000000 1.000000 0.000000
vn 0.000000 1.000000 0.000000
vn 0.000000 1.000000 0.000000
vn 0.000000 1.000000 0.000000
vn 0.000000 1.000000 0.000000
vn 0.000000 1.000000 0.000000
vn 0.000000 1.000000 0.000000
vn 0.000000 1.000000 0.000000
vn 0.000000 1.000000 0.000000
vn 0.000000 1.000000 0.000000
vn 0.000000 1.000000 0.000000
vn 0.000000 1.000000 0.000000
vn 0.000000 1.000000 0.000000
vn 0.000000 1.000000 0.000000
vn 0.000000 1.000000 0.000000
vn 0.000000 1.000000 0.000000
vn 0.000000 1.000000 0.000000
vn 0.000034 1.000000 0.000002
vn 0.000000 1.000000 0.000000
vn 0.000000 1.000000 0.000000
vn 0.000034 1.000000 0.000002
vn 0.000000 1.000000 0.000000
vn 0.000034 1.000000 -0.000060
vn -0.346031 0.932310 -0.105171
vn -0.278297 0.957581 -0.074763
vn 0.000139 1.000000 0.000042
vn -0.168012 0.956875 -0.236984
vn -0.000102 1.000000 -0.000011
vn -0.212789 0.956565 -0.199260
vn -0.168012 0.956875 -0.236984
vn -0.000063 1.000000 -0.000064
vn -0.000037 1.000000 -0.000037
vn -0.168012 0.956875 -0.236984
vn -0.000037 1.000000 -0.000037
vn -0.000102 1.000000 -0.000011
vn -0.000063 1.000000 -0.000064
vn -0.000038 1.000000 -0.000038
vn 0.000000 1.000000 0.000000
vn -0.000063 1.000000 -0.000064
vn 0.000000 1.000000 0.000000
vn -0.000037 1.000000 -0.000037
vn -0.000038 1.000000 -0.000038
vn 0.000000 1.000000 0.000000
vn 0.000000 1.000000 0.000000
vn -0.000038 1.000000 -0.000038
vn 0.000000 1.000000 0.000000
vn 0.000000 1.000000 0.000000
vn 0.000000 1.000000 0.000000
vn 0.000000 1.000000 0.000000
vn 0.000000 1.000000 0.000000
vn 0.000000 1.000000 0.000000
vn 0.000000 1.000000 0.000000
vn 0.000000 1.000000 0.000000
vn 0.000000 1.000000 0.000000
vn 0.000000 1.000000 0.000000
vn 0.000000 1.000000 0.000000
vn 0.000000 1.000000 0.000000
vn 0.000000 1.000000 0.000000
vn 0.000000 1.000000 0.000000
vn -0.007604 0.934581 -0.355670
vn 0.000034 1.000000 0.000002
vn 0.000034 1.000000 -0.000060
vn -0.007604 0.934581 -0.355670
vn 0.000034 1.000000 -0.000060
vn -0.002121 0.933766 -0.357877
vn 0.000000 1.000000 0.000000
vn 0.000000 1.000000 0.000000
vn 0.000000 1.000000 0.000000
vn 0.000000 1.000000 0.000000
vn 0.000000 1.000000 0.000000
vn 0.000000 1.000000 0.000000
vn 0.000139 1.000000 0.000042
vn -0.325737 0.932574 -0.155569
vn -0.346031 0.932310 -0.105171
vn -0.212789 0.956565 -0.199260
vn -0.000102 1.000000 -0.000011
vn 0.000009 1.000000 0.000009
vn -0.212789 0.956565 -0.199260
vn 0.000009 1.000000 0.000009
vn 0.000058 1.000000 -0.000032
vn -0.000102 1.000000 -0.000011
vn -0.000037 1.000000 -0.000037
vn 0.000000 1.000000 0.000000
vn -0.000102 1.000000 -0.000011
vn 0.000000 1.000000 0.000000
vn 0.000009 1.000000 0.000009
vn -0.000037 1.000000 -0.000037
vn 0.000000 1.000000 0.000000
vn 0.000000 1.000000 0.000000
vn -0.000037 1.000000 -0.000037
vn 0.000000 1.000000 0.000000
vn 0.000000 1.000000 0.000000
vn 0.000000 1.000000 0.000000
vn 0.000000 1.000000 0.000000
vn 0.000000 1.000000 0.000000
vn 0.000000 1.000000 0.000000
vn 0.000000 1.000000 0.000000
vn 0.000000 1.000000 0.000000
vn 0.000000 1.000000 0.000000
vn 0.000000 1.000000 0.000000
vn 0.000000 1.000000 0.000000
vn 0.000000 1.000000 0.000000
vn 0.000000 1.000000 0.000000
vn 0.000000 1.000000 0.000000
vn 0.000000 1.000000 0.000000
vn 0.000000 1.000000 0.000000
vn 0.000000 1.000000 0.000000
vn 0.000000 1.000000 0.000000
vn 0.000000 1.000000 0.000000
vn 0.000000 1.000000 0.000000
vn 0.000139 1.000000 0.000042
vn -0.233292 0.957799 -0.167916
vn -0.325737 0.932574 -0.155569
vn -0.278297 0.957581 -0.074763
vn -0.262346 0.957954 -0.116184
vn 0.000037 1.000000 0.000039
vn -0.262346 0.957954 -0.116184
vn -0.295028 0.931296 -0.213651
vn 0.000508 1.000000 0.000295
vn 0.000058 1.000000 -0.000032
vn -0.000038 1.000000 -0.000038
vn -0.000074 1.000000 0.000001
vn 0.000058 1.000000 -0.000032
vn -0.000074 1.000000 0.000001
vn 0.000508 1.000000 0.000295
vn 0.000058 1.000000 -0.000032
vn 0.000009 1.000000 0.000009
vn 0.000000 1.000000 0.000000
vn 0.000058 1.000000 -0.000032
vn 0.000000 1.000000 0.000000
vn -0.000038 1.000000 -0.000038
vn 0.000009 1.000000 0.000009
vn 0.000000 1.000000 0.000000
vn 0.000000 1.000000 0.000000
vn 0.000009 1.000000 0.000009
vn 0.000000 1.000000 0.000000
vn 0.000000 1.000000 0.000000
vn 0.000000 1.000000 0.000000
vn 0.000000 1.000000 0.000000
vn 0.000000 1.000000 0.000000
vn 0.000000 1.000000 0.000000
vn 0.000000 1.000000 0.000000
vn 0.000000 1.000000 0.000000
vn 0.000000 1.000000 0.000000
vn 0.000000 1.000000 0.000000
vn 0.000000 1.000000 0.000000
vn 0.000000 1.000000 0.000000
vn 0.000000 1.000000 0.000000
vn 0.000000 1.000000 0.000000
vn 0.000000 1.000000 0.000000
vn 0.000000 1.000000 0.000000
vn 0.000000 1.000000 0.000000
vn 0.000000 1.000000 0.000000
vn 0.000000 1.000000 0.000000
vn 0.000000 1.000000 0.000000
vn 0.000000 1.000000 0.000000
vn 0.000000 1.000000 0.000000
vn 0.000000 1.000000 0.000000
vn 0.000000 1.000000 0.000000
vn 0.000000 1.000000 0.000000
vn 0.000000 1.000000 0.000000
vn -0.233292 0.957799 -0.167916
vn 0.000139 1.000000 0.000042
vn 0.000009 1.000000 0.000009
vn -0.233292 0.957799 -0.167916
vn 0.000009 1.000000 0.000009
vn 0.000044 1.000000 0.000068
vn 0.000139 1.000000 0.000042
vn 0.000037 1.000000 0.000039
vn 0.000000 1.000000 0.000000
vn 0.000139 1.000000 0.000042
vn 0.000000 1.000000 0.000000
vn 0.000009 1.000000 0.000009
vn 0.000037 1.000000 0.000039
vn -0.000074 1.000000 0.000001
vn 0.000000 1.000000 0.000000
vn 0.000037 1.000000 0.000039
vn 0.000000 1.000000 0.000000
vn 0.000000 1.000000 0.000000
vn -0.000074 1.000000 0.000001
vn -0.000038 1.000000 -0.000038
vn 0.000000 1.000000 0.000000
vn -0.000074 1.000000 0.000001
vn 0.000000 1.000000 0.000000
vn 0.000000 1.000000 0.000000
vn -0.000038 1.000000 -0.000038
vn 0.000000 1.000000 0.000000
vn 0.000000 1.000000 0.000000
vn -0.000038 1.000000 -0.000038
vn 0.000000 1.000000 0.000000
vn 0.000000 1.000000 0.000000
vn 0.000000 1.000000 0.000000
vn 0.000000 1.000000 0.000000
vn 0.000000 1.000000 0.000000
vn 0.000000 1.000000 0.000000
vn 0.000000 1.000000 0.000000
vn 0.000000 1.000000 0.000000
vn 0.000000 1.000000 0.000000
vn 0.000000 1.000000 0.000000
vn 0.000000 1.000000 0.000000
vn 0.000000 1.000000 0.000000
vn 0.000000 1.000000 0.000000
vn 0.000000 1.000000 0.000000
vn 0.000000 1.000000 0.000000
vn 0.000000 1.000000 0.000000
vn 0.000000 1.000000 0.000000
vn 0.000000 1.000000 0.000000
vn 0.000000 1.000000 0.000000
vn 0.000000 1.000000 0.000000
vn 0.000000 1.000000 0.000000
vn 0.000000 1.000000 0.000000
vn 0.000000 1.000000 0.000000
vn 0.000000 1.000000 0.000000
vn 0.000000 1.000000 0.000000
vn 0.000000 1.000000 0.000000
vn 0.000000 1.000000 0.000000
vn 0.000000 1.000000 0.000000
vn 0.000000 1.000000 0.000000
vn 0.000000 1.000000 0.000000
vn 0.000000 1.000000 0.000000
vn 0.000000 1.000000 0.000000
vn 0.000044 1.000000 0.000068
vn 0.000009 1.000000 0.000009
vn 0.000000 1.000000 0.000000
vn 0.000044 1.000000 0.000068
vn 0.000000 1.000000 0.000000
vn 0.000014 1.000000 0.000034
vn 0.000009 1.000000 0.000009
vn 0.000000 1.000000 0.000000
vn 0.000000 1.000000 0.000000
vn 0.000009 1.000000 0.000009
vn 0.000000 1.000000 0.000000
vn 0.000000 1.000000 0.000000
vn 0.000000 1.000000 0.000000
vn 0.000000 1.000000 0.000000
vn 0.000000 1.000000 0.000000
vn 0.000000 1.000000 0.000000
vn 0.000000 1.000000 0.000000
vn 0.000000 1.000000 0.000000
vn 0.000000 1.000000 0.000000
vn 0.000000 1.000000 0.000000
vn 0.000000 1.000000 0.000000
vn 0.000000 1.000000 0.000000
vn 0.000000 1.000000 0.000000
vn 0.000000 1.000000 0.000000
vn 0.000000 1.000000 0.000000
vn 0.000000 1.000000 0.000000
vn 0.000000 1.000000 0.000000
vn 0.000000 1.000000 0.000000
vn 0.000000 1.000000 0.000000
vn 0.000000 1.000000 0.000000
vn 0.000000 1.000000 0.000000
vn 0.000000 1.000000 0.000000
vn 0.000000 1.000000 0.000000
vn 0.000000 1.000000 0.000000
vn 0.000000 1.000000 0.000000
vn 0.000000 1.000000 0.000000
vn 0.000000 1.000000 0.000000
vn 0.000000 1.000000 0.000000
vn 0.000000 1.000000 0.000000
vn 0.000000 1.000000 0.000000
vn 0.000000 1.000000 0.000000
vn 0.000000 1.000000 0.000000
vn 0.000000 1.000000 0.000000
vn 0.000000 1.000000 0.000000
vn 0.000000 1.000000 0.000000
vn 0.000000 1.000000 0.000000
vn 0.000000 1.000000 0.000000
vn 0.000000 1.000000 0.000000
vn 0.000000 1.000000 0.000000
vn 0.000000 1.000000 0.000000
vn 0.000000 1.000000 0.000000
vn 0.000000 1.000000 0.000000
vn 0.000000 1.000000 0.000000
vn 0.000000 1.000000 0.000000
vn 0.000000 1.000000 0.000000
vn 0.000000 1.000000 0.000000
vn 0.000000 1.000000 0.000000
vn 0.000000 1.000000 0.000000
vn 0.000000 1.000000 0.000000
vn 0.000000 1.000000 0.000000
vn 0.000010 1.000000 0.000010
vn 0.000000 1.000000 0.000000
vn 0.000000 1.000000 0.000000
vn 0.000010 1.000000 0.000010
vn 0.000000 1.000000 0.000000
vn 0.000000 1.000000 0.000000
vn 0.000040 1.000000 0.000047
vn 0.000010 1.000000 0.000010
vn 0.000000 1.000000 0.000000
vn 0.000040 1.000000 0.000047
vn 0.000000 1.000000 0.000000
vn 0.000013 1.000000 0.000024
vn -0.254384 0.930560 -0.263340
vn 0.000040 1.000000 0.000047
vn 0.000013 1.000000 0.000024
vn -0.254384 0.930560 -0.263340
vn 0.000013 1.000000 0.000024
vn -0.140118 0.956781 -0.254827
vn -0.287726 0.930600 -0.226268
vn -0.247390 0.953498 -0.172161
vn 0.000073 1.000000 0.000061
vn 0.000000 1.000000 0.000000
vn 0.000000 1.000000 0.000000
vn 0.000000 1.000000 0.000000
vn 0.000000 1.000000 0.000000
vn 0.000000 1.000000 0.000000
vn 0.000000 1.000000 0.000000
vn 0.000000 1.000000 0.000000
vn 0.000000 1.000000 0.000000
vn 0.000000 1.000000 0.000000
vn 0.000000 1.000000 0.000000
vn 0.000000 1.000000 0.000000
vn 0.000000 1.000000 0.000000
vn 0.000073 1.000000 0.000061
vn -0.231254 0.955746 -0.181856
vn -0.287726 0.930600 -0.226268
vn 0.000073 1.000000 0.000061
vn 0.000024 1.000000 0.000024
vn 0.000000 1.000000 0.000000
vn 0.000073 1.000000 0.000061
vn 0.000000 1.000000 0.000000
vn 0.000010 1.000000 0.000010
vn -0.231254 0.955746 -0.181856
vn 0.000073 1.000000 0.000061
vn 0.000010 1.000000 0.000010
vn -0.231254 0.955746 -0.181856
vn 0.000010 1.000000 0.000010
vn 0.000040 1.000000 0.000047
vn -0.231254 0.955746 -0.181856
vn 0.000040 1.000000 0.000047
vn -0.254384 0.930560 -0.263340
vn 0.000002 1.000000 0.000034
vn 0.000000 1.000000 0.000000
vn 0.000000 1.000000 0.000000
vn 0.000002 1.000000 0.000034
vn 0.000000 1.000000 0.000000
vn 0.000034 1.000000 0.000002
vn -0.247390 0.953498 -0.172161
vn -0.208637 0.970565 -0.120312
vn 0.000024 1.000000 0.000024
vn -0.247390 0.953498 -0.172161
vn 0.000024 1.000000 0.000024
vn 0.000073 1.000000 0.000061
vn 0.000037 1.000000 0.000039
vn 0.000139 1.000000 0.000042
vn -0.278297 0.957581 -0.074763
vn -0.031188 0.933103 -0.358253
vn 0.000002 1.000000 0.000034
vn 0.000034 1.000000 0.000002
vn -0.031188 0.933103 -0.358253
vn 0.000034 1.000000 0.000002
vn -0.007604 0.934581 -0.355670
vn -0.000000 1.000000 0.000016
vn 0.000000 1.000000 0.000000
vn 0.000000 1.000000 0.000000
vn -0.000000 1.000000 0.000016
vn 0.000000 1.000000 0.000000
vn -0.000010 1.000000 0.000026
vn 0.000000 1.000000 0.000000
vn 0.000000 1.000000 0.000000
vn 0.000000 1.000000 0.000000
vn 0.000000 1.000000 0.000000
vn 0.000000 1.000000 0.000000
vn 0.000000 1.000000 0.000000
vn 0.000000 1.000000 0.000000
vn 0.000000 1.000000 0.000000
vn 0.000000 1.000000 0.000000
vn 0.000000 1.000000 0.000000
vn 0.000000 1.000000 0.000000
vn 0.000000 1.000000 0.000000
vn 0.000001 1.000000 0.000037
vn 0.000000 1.000000 0.000000
vn 0.000000 1.000000 0.000000
vn 0.000001 1.000000 0.000037
vn 0.000000 1.000000 0.000000
vn 0.000002 1.000000 0.000034
vn -0.056151 0.957624 -0.282495
vn 0.000001 1.000000 0.000037
vn 0.000002 1.000000 0.000034
vn -0.056151 0.957624 -0.282495
vn 0.000002 1.000000 0.000034
vn -0.031188 0.933103 -0.358253
vn -0.056151 0.957624 -0.282495
vn -0.113764 0.931211 -0.346270
vn 0.000018 1.000000 0.000060
vn 0.000000 1.000000 0.000000
vn 0.000000 1.000000 0.000000
vn 0.000000 1.000000 0.000000
vn 0.000000 1.000000 0.000000
vn 0.000000 1.000000 0.000000
vn 0.000000 1.000000 0.000000
vn 0.000007 1.000000 0.000007
vn 0.000000 1.000000 0.000000
vn 0.000000 1.000000 0.000000
vn 0.000007 1.000000 0.000007
vn 0.000000 1.000000 0.000000
vn 0.000000 1.000000 0.000000
vn 0.000018 1.000000 0.000060
vn 0.000007 1.000000 0.000007
vn 0.000000 1.000000 0.000000
vn 0.000018 1.000000 0.000060
vn 0.000000 1.000000 0.000000
vn 0.000001 1.000000 0.000037
vn 0.000018 1.000000 0.000060
vn 0.000001 1.000000 0.000037
vn -0.056151 0.957624 -0.282495
vn 0.017427 0.929372 -0.368732
vn -0.000000 1.000000 0.000016
vn -0.000010 1.000000 0.000026
vn 0.017427 0.929372 -0.368732
vn -0.000010 1.000000 0.000026
vn 0.024113 0.931129 -0.363891
vn 0.000000 1.000000 0.000000
vn 0.000000 1.000000 0.000000
vn 0.000000 1.000000 0.000000
vn 0.000000 1.000000 0.000000
vn 0.000000 1.000000 0.000000
vn 0.000000 1.000000 0.000000
vn 0.000013 1.000000 0.000024
vn 0.000000 1.000000 0.000000
vn 0.000000 1.000000 0.000000
vn 0.000013 1.000000 0.000024
vn 0.000000 1.000000 0.000000
vn 0.000007 1.000000 0.000007
vn -0.140118 0.956781 -0.254827
vn 0.000013 1.000000 0.000024
vn 0.000007 1.000000 0.000007
vn -0.140118 0.956781 -0.254827
vn 0.000007 1.000000 0.000007
vn 0.000018 1.000000 0.000060
vn -0.113764 0.931211 -0.346270
vn -0.140118 0.956781 -0.254827
vn 0.000018 1.000000 0.000060
vn 0.000000 1.000000 0.000000
vn 0.000000 1.000000 0.000000
vn 0.000000 1.000000 0.000000
vn 0.000000 1.000000 0.000000
vn 0.000000 1.000000 0.000000
vn 0.000000 1.000000 0.000000
vn 0.316995 0.945015 0.080382
vn -0.394300 0.918102 0.040200
vn -0.445324 0.895198 0.017522
vn 0.316995 0.945015 0.080382
vn -0.445324 0.895198 0.017522
vn 0.401545 0.914986 0.039523
vn -0.445324 0.895198 0.017522
vn -0.394300 0.918102 0.040200
vn -0.644065 0.764781 -0.017028
vn 0.401545 0.914986 0.039523
vn -0.445324 0.895198 0.017522
vn -0.352938 0.931696 -0.085888
vn 0.401545 0.914986 0.039523
vn -0.352938 0.931696 -0.085888
vn 0.354720 0.930925 0.086900
vn 0.919565 0.392861 0.007789
vn 0.401545 0.914986 0.039523
vn 0.354720 0.930925 0.086900
vn 0.919565 0.392861 0.007789
vn 0.354720 0.930925 0.086900
vn 0.891134 0.400310 0.213616
vn 0.020211 0.945610 -0.324673
vn 0.042487 0.739157 -0.672192
vn 0.028335 0.738742 -0.673392
vn 0.020211 0.945610 -0.324673
vn 0.028335 0.738742 -0.673392
vn 0.012856 0.945962 -0.324021
vn 0.015504 0.945514 -0.325211
vn 0.032017 0.739435 -0.672466
vn 0.042487 0.739157 -0.672192
vn 0.015504 0.945514 -0.325211
vn 0.042487 0.739157 -0.672192
vn 0.020211 0.945610 -0.324673
vn -0.445324 0.895198 0.017522
vn -0.635213 0.772257 -0.011102
vn -0.661341 0.732617 -0.160939
vn -0.445324 0.895198 0.017522
vn -0.661341 0.732617 -0.160939
vn -0.352938 0.931696 -0.085888
vn 0.005837 0.945499 -0.325571
vn 0.012059 0.739483 -0.673067
vn 0.032017 0.739435 -0.672466
vn 0.005837 0.945499 -0.325571
vn 0.032017 0.739435 -0.672466
vn 0.015504 0.945514 -0.325211
vn 0.000668 0.945495 -0.325635
vn 0.009739 0.726153 -0.687464
vn 0.012059 0.739483 -0.673067
vn 0.000668 0.945495 -0.325635
vn 0.012059 0.739483 -0.673067
vn 0.005837 0.945499 -0.325571
vn -0.000021 0.945512 -0.325588
vn 0.008357 0.696569 -0.717441
vn 0.009739 0.726153 -0.687464
vn -0.000021 0.945512 -0.325588
vn 0.009739 0.726153 -0.687464
vn 0.000668 0.945495 -0.325635
vn 0.000003 0.945516 -0.325577
vn -0.008304 0.696570 -0.717441
vn 0.008357 0.696569 -0.717441
vn 0.000003 0.945516 -0.325577
vn 0.008357 0.696569 -0.717441
vn -0.000021 0.945512 -0.325588
vn 0.160352 0.986945 0.015037
vn 0.175070 0.983493 0.045735
vn 0.217380 0.974834 0.049451
vn 0.160352 0.986945 0.015037
vn 0.217380 0.974834 0.049451
vn 0.209621 0.977598 0.018982
vn 0.175070 0.983493 0.045735
vn 0.210589 0.973403 0.090220
vn 0.225613 0.969579 0.094946
vn 0.175070 0.983493 0.045735
vn 0.225613 0.969579 0.094946
vn 0.217380 0.974834 0.049451
vn 0.196549 0.980188 -0.024498
vn 0.201439 0.979468 0.008069
vn 0.375756 0.926574 0.016378
vn 0.196549 0.980188 -0.024498
vn 0.375756 0.926574 0.016378
vn 0.374387 0.910097 -0.177645
vn 0.201439 0.979468 0.008069
vn 0.209621 0.977598 0.018982
vn 0.385574 0.922311 0.026001
vn 0.201439 0.979468 0.008069
vn 0.385574 0.922311 0.026001
vn 0.375756 0.926574 0.016378
vn 0.209621 0.977598 0.018982
vn 0.217380 0.974834 0.049451
vn 0.381507 0.923310 0.044178
vn 0.209621 0.977598 0.018982
vn 0.381507 0.923310 0.044178
vn 0.385574 0.922311 0.026001
vn 0.217380 0.974834 0.049451
vn 0.225613 0.969579 0.094946
vn 0.352150 0.932534 0.079819
vn 0.217380 0.974834 0.049451
vn 0.352150 0.932534 0.079819
vn 0.381507 0.923310 0.044178
vn 0.225613 0.969579 0.094946
vn 0.229282 0.965050 0.126918
vn 0.311769 0.944108 0.107055
vn 0.225613 0.969579 0.094946
vn 0.311769 0.944108 0.107055
vn 0.352150 0.932534 0.079819
vn 0.229282 0.965050 0.126918
vn 0.205561 0.959759 0.191333
vn 0.266230 0.953023 0.144460
vn 0.229282 0.965050 0.126918
vn 0.266230 0.953023 0.144460
vn 0.311769 0.944108 0.107055
vn 0.155013 0.987906 0.003618
vn 0.160352 0.986945 0.015037
vn 0.209621 0.977598 0.018982
vn 0.155013 0.987906 0.003618
vn 0.209621 0.977598 0.018982
vn 0.201439 0.979468 0.008069
vn 0.136868 0.989917 -0.036495
vn 0.155013 0.987906 0.003618
vn 0.201439 0.979468 0.008069
vn 0.136868 0.989917 -0.036495
vn 0.201439 0.979468 0.008069
vn 0.196549 0.980188 -0.024498
vn 0.210589 0.973403 0.090220
vn 0.227021 0.965525 0.127367
vn 0.229282 0.965050 0.126918
vn 0.210589 0.973403 0.090220
vn 0.229282 0.965050 0.126918
vn 0.225613 0.969579 0.094946
vn 0.227021 0.965525 0.127367
vn 0.204736 0.955538 0.212203
vn 0.205561 0.959759 0.191333
vn 0.227021 0.965525 0.127367
vn 0.205561 0.959759 0.191333
vn 0.229282 0.965050 0.126918
vn 0.473493 0.856742 -0.204443
vn 0.374387 0.910097 -0.177645
vn 0.375756 0.926574 0.016378
vn 0.473493 0.856742 -0.204443
vn 0.375756 0.926574 0.016378
vn 0.497239 0.867384 0.019955
vn 0.497239 0.867384 0.019955
vn 0.375756 0.926574 0.016378
vn 0.385574 0.922311 0.026001
vn 0.497239 0.867384 0.019955
vn 0.385574 0.922311 0.026001
vn 0.505811 0.862168 0.028653
vn 0.505811 0.862168 0.028653
vn 0.385574 0.922311 0.026001
vn 0.381507 0.923310 0.044178
vn 0.505811 0.862168 0.028653
vn 0.381507 0.923310 0.044178
vn 0.497332 0.866872 0.034546
vn 0.497332 0.866872 0.034546
vn 0.381507 0.923310 0.044178
vn 0.352150 0.932534 0.079819
vn 0.497332 0.866872 0.034546
vn 0.352150 0.932534 0.079819
vn 0.458863 0.886554 0.058870
vn 0.458863 0.886554 0.058870
vn 0.352150 0.932534 0.079819
vn 0.311769 0.944108 0.107055
vn 0.458863 0.886554 0.058870
vn 0.311769 0.944108 0.107055
vn 0.389815 0.916789 0.086847
vn 0.389815 0.916789 0.086847
vn 0.311769 0.944108 0.107055
vn 0.266230 0.953023 0.144460
vn 0.389815 0.916789 0.086847
vn 0.266230 0.953023 0.144460
vn 0.299247 0.948935 0.099870
vn -0.119080 0.991046 -0.060403
vn -0.232333 0.971145 -0.053842
vn -0.184474 0.976624 -0.110338
vn -0.119080 0.991046 -0.060403
vn -0.184474 0.976624 -0.110338
vn -0.102327 0.990730 -0.089347
vn -0.102359 0.993801 -0.043396
vn -0.119080 0.991046 -0.060403
vn -0.102327 0.990730 -0.089347
vn -0.102359 0.993801 -0.043396
vn -0.102327 0.990730 -0.089347
vn -0.072705 0.996368 -0.044315
vn -0.124220 0.991684 -0.033660
vn -0.102359 0.993801 -0.043396
vn -0.072705 0.996368 -0.044315
vn -0.124220 0.991684 -0.033660
vn -0.072705 0.996368 -0.044315
vn -0.075648 0.996684 -0.029978
vn -0.143113 0.988584 -0.047119
vn -0.124220 0.991684 -0.033660
vn -0.075648 0.996684 -0.029978
vn -0.143113 0.988584 -0.047119
vn -0.075648 0.996684 -0.029978
vn -0.084377 0.995535 -0.042315
vn -0.136342 0.957948 0.252479
vn -0.115408 0.949915 0.290419
vn 0.034034 0.957628 0.285991
vn -0.136342 0.957948 0.252479
vn 0.034034 0.957628 0.285991
vn 0.087287 0.968709 0.232346
vn -0.115408 0.949915 0.290419
vn -0.095504 0.992900 0.070905
vn -0.003651 0.997816 0.065949
vn -0.115408 0.949915 0.290419
vn -0.003651 0.997816 0.065949
vn 0.034034 0.957628 0.285991
vn -0.095504 0.992900 0.070905
vn -0.084377 0.995535 -0.042315
vn -0.028563 0.998323 -0.050353
vn -0.095504 0.992900 0.070905
vn -0.028563 0.998323 -0.050353
vn -0.003651 0.997816 0.065949
vn -0.084377 0.995535 -0.042315
vn -0.075648 0.996684 -0.029978
vn -0.047641 0.998343 -0.032279
vn -0.084377 0.995535 -0.042315
vn -0.047641 0.998343 -0.032279
vn -0.028563 0.998323 -0.050353
vn -0.075648 0.996684 -0.029978
vn -0.072705 0.996368 -0.044315
vn -0.058293 0.997057 -0.049788
vn -0.075648 0.996684 -0.029978
vn -0.058293 0.997057 -0.049788
vn -0.047641 0.998343 -0.032279
vn -0.072705 0.996368 -0.044315
vn -0.102327 0.990730 -0.089347
vn -0.068614 0.989839 -0.124544
vn -0.072705 0.996368 -0.044315
vn -0.068614 0.989839 -0.124544
vn -0.058293 0.997057 -0.049788
vn -0.102327 0.990730 -0.089347
vn -0.184474 0.976624 -0.110338
vn -0.052571 0.987843 -0.146294
vn -0.102327 0.990730 -0.089347
vn -0.052571 0.987843 -0.146294
vn -0.068614 0.989839 -0.124544
vn -0.183825 0.980902 0.063561
vn -0.143113 0.988584 -0.047119
vn -0.084377 0.995535 -0.042315
vn -0.183825 0.980902 0.063561
vn -0.084377 0.995535 -0.042315
vn -0.095504 0.992900 0.070905
vn -0.226413 0.936542 0.267629
vn -0.183825 0.980902 0.063561
vn -0.095504 0.992900 0.070905
vn -0.226413 0.936542 0.267629
vn -0.095504 0.992900 0.070905
vn -0.115408 0.949915 0.290419
vn -0.256697 0.934501 0.246605
vn -0.226413 0.936542 0.267629
vn -0.115408 0.949915 0.290419
vn -0.256697 0.934501 0.246605
vn -0.115408 0.949915 0.290419
vn -0.136342 0.957948 0.252479
vn 0.087287 0.968709 0.232346
vn 0.034034 0.957628 0.285991
vn 0.075137 0.976227 0.203311
vn 0.087287 0.968709 0.232346
vn 0.075137 0.976227 0.203311
vn 0.177124 0.969101 0.171671
vn 0.034034 0.957628 0.285991
vn -0.003651 0.997816 0.065949
vn -0.011506 0.999523 0.028647
vn 0.034034 0.957628 0.285991
vn -0.011506 0.999523 0.028647
vn 0.075137 0.976227 0.203311
vn -0.003651 0.997816 0.065949
vn -0.028563 0.998323 -0.050353
vn -0.040049 0.997012 -0.066055
vn -0.003651 0.997816 0.065949
vn -0.040049 0.997012 -0.066055
vn -0.011506 0.999523 0.028647
vn -0.028563 0.998323 -0.050353
vn -0.047641 0.998343 -0.032279
vn -0.050496 0.997664 -0.046004
vn -0.028563 0.998323 -0.050353
vn -0.050496 0.997664 -0.046004
vn -0.040049 0.997012 -0.066055
vn -0.047641 0.998343 -0.032279
vn -0.058293 0.997057 -0.049788
vn -0.033298 0.999006 -0.029620
vn -0.047641 0.998343 -0.032279
vn -0.033298 0.999006 -0.029620
vn -0.050496 0.997664 -0.046004
vn -0.058293 0.997057 -0.049788
vn -0.068614 0.989839 -0.124544
vn 0.038051 0.995722 -0.084206
vn -0.058293 0.997057 -0.049788
vn 0.038051 0.995722 -0.084206
vn -0.033298 0.999006 -0.029620
vn -0.068614 0.989839 -0.124544
vn -0.052571 0.987843 -0.146294
vn 0.120057 0.988669 -0.090114
vn -0.068614 0.989839 -0.124544
vn 0.120057 0.988669 -0.090114
vn 0.038051 0.995722 -0.084206
vn 0.163683 0.966419 0.198099
vn 0.384609 0.853941 0.350514
vn 0.213748 0.953106 0.214244
vn 0.291352 0.938951 0.182987
vn 0.097656 0.991804 0.082387
vn 0.213748 0.953106 0.214244
vn 0.384609 0.853941 0.350514
vn 0.458268 0.801337 0.384512
vn 0.213748 0.953106 0.214244
vn 0.065775 0.974374 0.215101
vn 0.363296 0.864732 0.346777
vn 0.241831 0.856748 0.455522
vn 0.137341 0.982343 0.127043
vn 0.363296 0.864732 0.346777
vn 0.065775 0.974374 0.215101
vn 0.065775 0.974374 0.215101
vn -0.020597 0.996422 0.081973
vn 0.137341 0.982343 0.127043
vn 0.458268 0.801337 0.384512
vn 0.457290 0.807056 0.373559
vn 0.213748 0.953106 0.214244
vn -0.232333 0.971145 -0.053842
vn -0.305025 0.952320 -0.006845
vn -0.246807 0.968945 -0.015259
vn -0.232333 0.971145 -0.053842
vn -0.246807 0.968945 -0.015259
vn -0.184474 0.976624 -0.110338
vn -0.305025 0.952320 -0.006845
vn -0.272464 0.961342 0.039827
vn -0.225761 0.971631 0.070457
vn -0.305025 0.952320 -0.006845
vn -0.225761 0.971631 0.070457
vn -0.246807 0.968945 -0.015259
vn -0.272464 0.961342 0.039827
vn -0.215452 0.972339 0.090212
vn -0.164516 0.978548 0.124007
vn -0.272464 0.961342 0.039827
vn -0.164516 0.978548 0.124007
vn -0.225761 0.971631 0.070457
vn -0.215452 0.972339 0.090212
vn -0.157737 0.986652 0.040462
vn -0.096469 0.992394 0.076469
vn -0.215452 0.972339 0.090212
vn -0.096469 0.992394 0.076469
vn -0.164516 0.978548 0.124007
vn -0.157737 0.986652 0.040462
vn -0.095015 0.994739 -0.038283
vn -0.022196 0.999753 0.000707
vn -0.157737 0.986652 0.040462
vn -0.022196 0.999753 0.000707
vn -0.096469 0.992394 0.076469
vn -0.095015 0.994739 -0.038283
vn -0.010995 0.999847 0.013628
vn 0.052039 0.997455 0.048735
vn -0.095015 0.994739 -0.038283
vn 0.052039 0.997455 0.048735
vn -0.022196 0.999753 0.000707
vn -0.010995 0.999847 0.013628
vn 0.058372 0.995704 0.071878
vn 0.097656 0.991804 0.082387
vn -0.010995 0.999847 0.013628
vn 0.097656 0.991804 0.082387
vn 0.052039 0.997455 0.048735
vn 0.058372 0.995704 0.071878
vn 0.069221 0.990170 0.121537
vn 0.213748 0.953106 0.214244
vn 0.058372 0.995704 0.071878
vn 0.213748 0.953106 0.214244
vn 0.097656 0.991804 0.082387
vn 0.213748 0.953106 0.214244
vn 0.069221 0.990170 0.121537
vn 0.163683 0.966419 0.198099
vn 0.363296 0.864732 0.346777
vn 0.291352 0.938951 0.182987
vn 0.457290 0.807056 0.373559
vn -0.184474 0.976624 -0.110338
vn -0.246807 0.968945 -0.015259
vn -0.028768 0.999342 -0.022106
vn -0.184474 0.976624 -0.110338
vn -0.028768 0.999342 -0.022106
vn -0.052571 0.987843 -0.146294
vn -0.246807 0.968945 -0.015259
vn -0.225761 0.971631 0.070457
vn -0.040022 0.995161 0.089740
vn -0.246807 0.968945 -0.015259
vn -0.040022 0.995161 0.089740
vn -0.028768 0.999342 -0.022106
vn -0.225761 0.971631 0.070457
vn -0.164516 0.978548 0.124007
vn -0.069028 0.987375 0.142570
vn -0.225761 0.971631 0.070457
vn -0.069028 0.987375 0.142570
vn -0.040022 0.995161 0.089740
vn -0.164516 0.978548 0.124007
vn -0.096469 0.992394 0.076469
vn -0.073806 0.989549 0.123875
vn -0.164516 0.978548 0.124007
vn -0.073806 0.989549 0.123875
vn -0.069028 0.987375 0.142570
vn -0.096469 0.992394 0.076469
vn -0.022196 0.999753 0.000707
vn -0.020597 0.996422 0.081973
vn -0.096469 0.992394 0.076469
vn -0.020597 0.996422 0.081973
vn -0.073806 0.989549 0.123875
vn -0.022196 0.999753 0.000707
vn 0.052039 0.997455 0.048735
vn 0.137341 0.982343 0.127043
vn -0.022196 0.999753 0.000707
vn 0.137341 0.982343 0.127043
vn -0.020597 0.996422 0.081973
vn 0.052039 0.997455 0.048735
vn 0.097656 0.991804 0.082387
vn 0.291352 0.938951 0.182987
vn 0.052039 0.997455 0.048735
vn 0.291352 0.938951 0.182987
vn 0.137341 0.982343 0.127043
vn 0.213748 0.953106 0.214244
vn 0.457290 0.807056 0.373559
vn 0.291352 0.938951 0.182987
vn 0.384609 0.853941 0.350514
vn 0.163683 0.966419 0.198099
vn 0.406510 0.843779 0.350410
vn -0.052571 0.987843 -0.146294
vn -0.028768 0.999342 -0.022106
vn 0.158038 0.987286 -0.017012
vn -0.052571 0.987843 -0.146294
vn 0.158038 0.987286 -0.017012
vn 0.120057 0.988669 -0.090114
vn -0.028768 0.999342 -0.022106
vn -0.040022 0.995161 0.089740
vn 0.134163 0.989719 0.049556
vn -0.028768 0.999342 -0.022106
vn 0.134163 0.989719 0.049556
vn 0.158038 0.987286 -0.017012
vn -0.040022 0.995161 0.089740
vn -0.069028 0.987375 0.142570
vn 0.073118 0.992931 0.093499
vn -0.040022 0.995161 0.089740
vn 0.073118 0.992931 0.093499
vn 0.134163 0.989719 0.049556
vn -0.069028 0.987375 0.142570
vn -0.073806 0.989549 0.123875
vn 0.028153 0.991643 0.125903
vn -0.069028 0.987375 0.142570
vn 0.028153 0.991643 0.125903
vn 0.073118 0.992931 0.093499
vn -0.073806 0.989549 0.123875
vn -0.020597 0.996422 0.081973
vn 0.065775 0.974374 0.215101
vn -0.073806 0.989549 0.123875
vn 0.065775 0.974374 0.215101
vn 0.028153 0.991643 0.125903
vn 0.137341 0.982343 0.127043
vn 0.291352 0.938951 0.182987
vn 0.363296 0.864732 0.346777
vn -0.234374 0.972145 -0.001819
vn -0.256697 0.934501 0.246605
vn -0.136342 0.957948 0.252479
vn -0.234374 0.972145 -0.001819
vn -0.136342 0.957948 0.252479
vn -0.120540 0.992431 -0.023487
vn -0.158093 0.985795 -0.056692
vn -0.234374 0.972145 -0.001819
vn -0.120540 0.992431 -0.023487
vn -0.158093 0.985795 -0.056692
vn -0.120540 0.992431 -0.023487
vn -0.071832 0.993789 -0.084997
vn -0.085561 0.989672 0.115012
vn -0.158093 0.985795 -0.056692
vn -0.071832 0.993789 -0.084997
vn -0.085561 0.989672 0.115012
vn -0.071832 0.993789 -0.084997
vn -0.036264 0.993663 0.106385
vn -0.000392 0.964952 0.262426
vn -0.085561 0.989672 0.115012
vn -0.036264 0.993663 0.106385
vn -0.000392 0.964952 0.262426
vn -0.036264 0.993663 0.106385
vn -0.002419 0.970986 0.239125
vn 0.205561 0.959759 0.191333
vn 0.146537 0.960508 0.236542
vn 0.175155 0.976296 0.127146
vn 0.205561 0.959759 0.191333
vn 0.175155 0.976296 0.127146
vn 0.266230 0.953023 0.144460
vn 0.146537 0.960508 0.236542
vn 0.066828 0.969989 0.233785
vn -0.005137 0.984525 0.175170
vn 0.146537 0.960508 0.236542
vn -0.005137 0.984525 0.175170
vn 0.175155 0.976296 0.127146
vn 0.066828 0.969989 0.233785
vn -0.002419 0.970986 0.239125
vn -0.029862 0.976008 0.215678
vn 0.066828 0.969989 0.233785
vn -0.029862 0.976008 0.215678
vn -0.005137 0.984525 0.175170
vn -0.002419 0.970986 0.239125
vn -0.036264 0.993663 0.106385
vn -0.009428 0.993011 0.117641
vn -0.002419 0.970986 0.239125
vn -0.009428 0.993011 0.117641
vn -0.029862 0.976008 0.215678
vn -0.036264 0.993663 0.106385
vn -0.071832 0.993789 -0.084997
vn 0.047076 0.995988 -0.076098
vn -0.036264 0.993663 0.106385
vn 0.047076 0.995988 -0.076098
vn -0.009428 0.993011 0.117641
vn -0.071832 0.993789 -0.084997
vn -0.120540 0.992431 -0.023487
vn 0.098697 0.994670 -0.029831
vn -0.071832 0.993789 -0.084997
vn 0.098697 0.994670 -0.029831
vn 0.047076 0.995988 -0.076098
vn -0.120540 0.992431 -0.023487
vn -0.136342 0.957948 0.252479
vn 0.087287 0.968709 0.232346
vn -0.120540 0.992431 -0.023487
vn 0.087287 0.968709 0.232346
vn 0.098697 0.994670 -0.029831
vn 0.108862 0.955295 0.274882
vn -0.000392 0.964952 0.262426
vn -0.002419 0.970986 0.239125
vn 0.108862 0.955295 0.274882
vn -0.002419 0.970986 0.239125
vn 0.066828 0.969989 0.233785
vn 0.174307 0.947149 0.269308
vn 0.108862 0.955295 0.274882
vn 0.066828 0.969989 0.233785
vn 0.174307 0.947149 0.269308
vn 0.066828 0.969989 0.233785
vn 0.146537 0.960508 0.236542
vn 0.204736 0.955538 0.212203
vn 0.174307 0.947149 0.269308
vn 0.146537 0.960508 0.236542
vn 0.204736 0.955538 0.212203
vn 0.146537 0.960508 0.236542
vn 0.205561 0.959759 0.191333
vn 0.261780 0.964569 0.032833
vn 0.299247 0.948935 0.099870
vn 0.175155 0.976296 0.127146
vn -0.005137 0.984525 0.175170
vn -0.029862 0.976008 0.215678
vn 0.071211 0.988315 0.134771
vn -0.029862 0.976008 0.215678
vn -0.009428 0.993011 0.117641
vn -0.008033 0.987165 0.159501
vn -0.029862 0.976008 0.215678
vn -0.008033 0.987165 0.159501
vn 0.071211 0.988315 0.134771
vn -0.009428 0.993011 0.117641
vn 0.047076 0.995988 -0.076098
vn 0.079452 0.996474 0.026964
vn -0.009428 0.993011 0.117641
vn 0.079452 0.996474 0.026964
vn -0.008033 0.987165 0.159501
vn 0.047076 0.995988 -0.076098
vn 0.098697 0.994670 -0.029831
vn 0.181178 0.983184 0.022908
vn 0.047076 0.995988 -0.076098
vn 0.181178 0.983184 0.022908
vn 0.079452 0.996474 0.026964
vn 0.098697 0.994670 -0.029831
vn 0.087287 0.968709 0.232346
vn 0.177124 0.969101 0.171671
vn 0.098697 0.994670 -0.029831
vn 0.177124 0.969101 0.171671
vn 0.181178 0.983184 0.022908
vn 0.241831 0.856748 0.455522
vn 0.151059 0.960705 0.232869
vn 0.065775 0.974374 0.215101
vn 0.189650 0.827458 0.528533
vn 0.138797 0.964732 0.223669
vn 0.151059 0.960705 0.232869
vn 0.189650 0.827458 0.528533
vn 0.151059 0.960705 0.232869
vn 0.241831 0.856748 0.455522
vn 0.100109 0.916189 0.388041
vn 0.138797 0.964732 0.223669
vn 0.189650 0.827458 0.528533
vn 0.020064 0.993984 0.107675
vn 0.100109 0.916189 0.388041
vn 0.033243 0.903714 0.426843
vn 0.033243 0.903714 0.426843
vn 0.004504 0.996089 0.088243
vn 0.020064 0.993984 0.107675
vn 0.571375 0.798117 0.191155
vn 0.583352 0.799980 0.140472
vn 0.854777 0.478647 0.200634
vn 0.571375 0.798117 0.191155
vn 0.854777 0.478647 0.200634
vn 0.819121 0.480673 0.313040
vn 0.505220 0.761110 0.406774
vn 0.439071 0.768117 0.466061
vn 0.363296 0.864732 0.346777
vn 0.505220 0.761110 0.406774
vn 0.363296 0.864732 0.346777
vn 0.457290 0.807056 0.373559
vn 0.040190 0.999192 -0.000645
vn 0.024525 0.999632 0.011594
vn -0.002267 0.999987 -0.004518
vn 0.040190 0.999192 -0.000645
vn -0.002267 0.999987 -0.004518
vn -0.005661 0.999971 0.005103
vn 0.040190 0.999192 -0.000645
vn -0.005661 0.999971 0.005103
vn -0.006442 0.999979 0.000320
vn 0.040190 0.999192 -0.000645
vn -0.006442 0.999979 0.000320
vn 0.000000 1.000000 0.000000
vn 0.001720 0.946391 -0.323018
vn -0.007138 0.729857 -0.683563
vn -0.008304 0.696570 -0.717441
vn 0.001720 0.946391 -0.323018
vn -0.008304 0.696570 -0.717441
vn 0.000003 0.945516 -0.325577
vn -0.000953 0.947223 -0.320575
vn -0.001866 0.746447 -0.665442
vn -0.007138 0.729857 -0.683563
vn -0.000953 0.947223 -0.320575
vn -0.007138 0.729857 -0.683563
vn 0.001720 0.946391 -0.323018
vn -0.016641 0.723010 -0.690637
vn -0.008790 0.933261 -0.359091
vn -0.035339 0.958037 -0.284458
vn -0.016641 0.723010 -0.690637
vn -0.035339 0.958037 -0.284458
vn -0.085171 0.721966 -0.686667
vn -0.009771 0.946201 -0.323433
vn -0.017881 0.777845 -0.628202
vn -0.001866 0.746447 -0.665442
vn -0.009771 0.946201 -0.323433
vn -0.001866 0.746447 -0.665442
vn -0.000953 0.947223 -0.320575
vn -0.029207 0.945072 -0.325554
vn -0.057076 0.769983 -0.635507
vn -0.017881 0.777845 -0.628202
vn -0.029207 0.945072 -0.325554
vn -0.017881 0.777845 -0.628202
vn -0.009771 0.946201 -0.323433
vn -0.330887 0.728858 -0.599400
vn -0.206257 0.763365 -0.612154
vn -0.105559 0.943556 -0.313941
vn -0.330887 0.728858 -0.599400
vn -0.105559 0.943556 -0.313941
vn -0.160288 0.943429 -0.290258
vn 0.000000 1.000000 0.000000
vn 0.000000 1.000000 0.000000
vn -0.006442 0.999979 0.000320
vn 0.000000 1.000000 0.000000
vn -0.006442 0.999979 0.000320
vn 0.000000 1.000000 0.000000
vn -0.539938 0.724174 -0.428998
vn -0.474693 0.727065 -0.496027
vn -0.228016 0.943488 -0.240498
vn -0.539938 0.724174 -0.428998
vn -0.228016 0.943488 -0.240498
vn -0.258629 0.943393 -0.207654
vn -0.309521 0.945239 -0.103537
vn -0.318061 0.945096 -0.075041
vn 0.267814 0.961322 0.064315
vn -0.309521 0.945239 -0.103537
vn 0.267814 0.961322 0.064315
vn 0.260677 0.961474 0.087260
vn 0.016585 0.999719 0.016964
vn 0.188155 0.939018 0.287826
vn 0.284431 0.905658 0.314457
vn -0.006276 0.999949 -0.007977
vn 0.016585 0.999719 0.016964
vn 0.362685 0.912845 0.187548
vn -0.006276 0.999949 -0.007977
vn 0.362685 0.912845 0.187548
vn 0.394696 0.917523 0.048637
vn 0.000000 1.000000 0.000000
vn 0.000000 1.000000 0.000000
vn 0.000000 1.000000 0.000000
vn 0.000000 1.000000 0.000000
vn 0.000000 1.000000 0.000000
vn 0.000000 1.000000 0.000000
vn 0.000000 1.000000 0.000000
vn 0.000000 1.000000 0.000000
vn 0.000000 1.000000 0.000000
vn 0.000000 1.000000 0.000000
vn 0.000000 1.000000 0.000000
vn 0.000000 1.000000 0.000000
vn 0.000000 1.000000 0.000000
vn 0.000000 1.000000 0.000000
vn 0.000000 1.000000 0.000000
vn 0.000000 1.000000 0.000000
vn 0.000000 1.000000 0.000000
vn 0.000000 1.000000 0.000000
vn 0.000000 1.000000 0.000000
vn 0.000000 1.000000 0.000000
vn 0.000000 1.000000 0.000000
vn 0.000000 1.000000 0.000000
vn 0.000000 1.000000 0.000000
vn 0.000000 1.000000 0.000000
vn 0.000000 1.000000 0.000000
vn 0.000000 1.000000 0.000000
vn 0.000000 1.000000 0.000000
vn 0.000000 1.000000 0.000000
vn 0.000000 1.000000 0.000000
vn 0.000000 1.000000 0.000000
vn 0.000000 1.000000 0.000000
vn 0.000000 1.000000 0.000000
vn 0.000000 1.000000 0.000000
vn 0.000000 1.000000 0.000000
vn 0.000000 1.000000 0.000000
vn 0.000000 1.000000 0.000000
vn 0.305808 0.930615 0.201089
vn 0.343403 0.888568 0.304173
vn 0.473599 0.774439 0.419461
vn 0.305808 0.930615 0.201089
vn 0.473599 0.774439 0.419461
vn 0.509806 0.781350 0.359987
vn 0.244270 0.917488 0.313922
vn 0.371818 0.774666 0.511512
vn 0.473599 0.774439 0.419461
vn 0.244270 0.917488 0.313922
vn 0.473599 0.774439 0.419461
vn 0.343403 0.888568 0.304173
vn -0.288945 0.944485 -0.156393
vn -0.297890 0.945370 -0.132427
vn 0.250757 0.961526 0.112197
vn -0.288945 0.944485 -0.156393
vn 0.250757 0.961526 0.112197
vn 0.244420 0.960899 0.130126
vn -0.303030 0.944559 -0.126416
vn -0.288945 0.944485 -0.156393
vn 0.244420 0.960899 0.130126
vn -0.303030 0.944559 -0.126416
vn 0.244420 0.960899 0.130126
vn 0.257066 0.960911 0.102798
vn -0.320457 0.944645 -0.070375
vn -0.303030 0.944559 -0.126416
vn 0.257066 0.960911 0.102798
vn -0.320457 0.944645 -0.070375
vn 0.257066 0.960911 0.102798
vn 0.270491 0.960831 0.060323
vn -0.327988 0.944563 -0.015008
vn -0.320457 0.944645 -0.070375
vn 0.270491 0.960831 0.060323
vn -0.327988 0.944563 -0.015008
vn 0.270491 0.960831 0.060323
vn 0.276526 0.960885 0.015284
vn 0.000000 1.000000 0.000000
vn 0.000000 1.000000 0.000000
vn 0.000000 1.000000 0.000000
vn 0.000000 1.000000 0.000000
vn 0.000000 1.000000 0.000000
vn 0.000000 1.000000 0.000000
vn 0.188058 0.879775 0.436612
vn 0.233507 0.768474 0.595753
vn 0.371818 0.774666 0.511512
vn 0.188058 0.879775 0.436612
vn 0.371818 0.774666 0.511512
vn 0.244270 0.917488 0.313922
vn 0.065960 0.997728 -0.013717
vn 0.000000 1.000000 0.000000
vn 0.000000 1.000000 0.000000
vn 0.065960 0.997728 -0.013717
vn 0.000000 1.000000 0.000000
vn -0.000022 1.000000 0.000304
vn -0.329588 0.944113 -0.004685
vn -0.327988 0.944563 -0.015008
vn 0.276526 0.960885 0.015284
vn -0.329588 0.944113 -0.004685
vn 0.276526 0.960885 0.015284
vn 0.279459 0.960149 -0.003975
vn 0.090973 0.995780 -0.012120
vn 0.065960 0.997728 -0.013717
vn -0.000022 1.000000 0.000304
vn 0.090973 0.995780 -0.012120
vn -0.000022 1.000000 0.000304
vn -0.000263 1.000000 0.000310
vn 0.394696 0.917523 0.048637
vn 0.391438 0.920202 -0.001949
vn -0.006276 0.999949 -0.007977
vn 0.284431 0.905658 0.314457
vn 0.362685 0.912845 0.187548
vn 0.016585 0.999719 0.016964
vn 0.343403 0.888568 0.304173
vn 0.305808 0.930615 0.201089
vn 0.016714 0.999751 -0.014787
vn 0.007107 0.999766 0.020437
vn 0.188155 0.939018 0.287826
vn 0.016585 0.999719 0.016964
vn 0.108266 0.993437 0.036888
vn 0.082267 0.996604 0.003492
vn -0.000341 1.000000 -0.000312
vn 0.108266 0.993437 0.036888
vn -0.000341 1.000000 -0.000312
vn -0.000100 1.000000 -0.000318
vn 0.099169 0.994024 0.045638
vn 0.108266 0.993437 0.036888
vn -0.000100 1.000000 -0.000318
vn 0.099169 0.994024 0.045638
vn -0.000100 1.000000 -0.000318
vn -0.000000 1.000000 0.000000
vn 0.099169 0.994024 0.045638
vn -0.000000 1.000000 0.000000
vn -0.000000 1.000000 0.000000
vn 0.099169 0.994024 0.045638
vn -0.000000 1.000000 0.000000
vn -0.000000 1.000000 0.000000
vn -0.000000 1.000000 0.000000
vn -0.000000 1.000000 0.000000
vn -0.030912 0.999398 0.015776
vn -0.000000 1.000000 0.000000
vn -0.030912 0.999398 0.015776
vn -0.030912 0.999398 0.015776
vn 0.130743 0.868958 0.477302
vn 0.155307 0.760489 0.630505
vn 0.233507 0.768474 0.595753
vn 0.130743 0.868958 0.477302
vn 0.233507 0.768474 0.595753
vn 0.188058 0.879775 0.436612
vn 0.070397 0.856192 0.511839
vn 0.082368 0.750125 0.656146
vn 0.155307 0.760489 0.630505
vn 0.070397 0.856192 0.511839
vn 0.155307 0.760489 0.630505
vn 0.130743 0.868958 0.477302
vn -0.323506 0.943999 -0.064887
vn -0.329588 0.944113 -0.004685
vn 0.279459 0.960149 -0.003975
vn -0.323506 0.943999 -0.064887
vn 0.279459 0.960149 -0.003975
vn 0.276567 0.960117 0.041061
vn -0.295474 0.942758 -0.154608
vn -0.323506 0.943999 -0.064887
vn 0.276567 0.960117 0.041061
vn -0.295474 0.942758 -0.154608
vn 0.276567 0.960117 0.041061
vn 0.248474 0.959652 0.131637
vn -0.242055 0.942672 -0.229737
vn -0.295474 0.942758 -0.154608
vn 0.248474 0.959652 0.131637
vn -0.242055 0.942672 -0.229737
vn 0.248474 0.959652 0.131637
vn 0.195650 0.958677 0.206543
vn -0.030912 0.999398 0.015776
vn -0.030912 0.999398 0.015776
vn -0.095074 0.988943 -0.113808
vn -0.030912 0.999398 0.015776
vn -0.095074 0.988943 -0.113808
vn -0.018944 0.999816 -0.003098
vn -0.196080 0.943109 -0.268509
vn -0.242055 0.942672 -0.229737
vn 0.195650 0.958677 0.206543
vn -0.196080 0.943109 -0.268509
vn 0.195650 0.958677 0.206543
vn 0.160497 0.959268 0.232477
vn -0.196276 0.944064 -0.264990
vn -0.196080 0.943109 -0.268509
vn 0.160497 0.959268 0.232477
vn -0.196276 0.944064 -0.264990
vn 0.160497 0.959268 0.232477
vn 0.168399 0.960600 0.221111
vn 0.024525 0.999632 0.011594
vn 0.000081 0.901647 0.432473
vn 0.000610 0.902148 0.431426
vn 0.024525 0.999632 0.011594
vn 0.000610 0.902148 0.431426
vn -0.002267 0.999987 -0.004518
vn 0.330948 0.913912 0.235026
vn 0.499313 0.789834 0.356157
vn 0.438265 0.789756 0.429195
vn 0.330948 0.913912 0.235026
vn 0.438265 0.789756 0.429195
vn 0.238634 0.943095 0.231573
vn 0.037054 0.998950 0.026942
vn 0.264764 0.960486 0.085833
vn 0.461828 0.854933 0.236231
vn 0.037054 0.998950 0.026942
vn 0.461828 0.854933 0.236231
vn 0.330948 0.913912 0.235026
vn -0.082782 0.996247 0.025268
vn 0.048799 0.990436 0.129056
vn -0.011652 0.996111 0.087331
vn 0.238634 0.943095 0.231573
vn 0.438265 0.789756 0.429195
vn 0.373872 0.787395 0.490131
vn 0.238634 0.943095 0.231573
vn 0.373872 0.787395 0.490131
vn 0.242361 0.915276 0.321761
vn 0.010563 0.863502 0.504235
vn 0.016815 0.758247 0.651751
vn 0.002024 0.752995 0.658023
vn 0.010563 0.863502 0.504235
vn 0.002024 0.752995 0.658023
vn 0.014128 0.866574 0.498848
vn 0.001923 0.852368 0.522938
vn 0.011630 0.744780 0.667209
vn 0.082368 0.750125 0.656146
vn 0.001923 0.852368 0.522938
vn 0.082368 0.750125 0.656146
vn 0.070397 0.856192 0.511839
vn -0.054464 0.860191 0.507055
vn -0.033676 0.747438 0.663477
vn 0.011630 0.744780 0.667209
vn -0.054464 0.860191 0.507055
vn 0.011630 0.744780 0.667209
vn 0.001923 0.852368 0.522938
vn -0.229947 0.944641 -0.234047
vn -0.196276 0.944064 -0.264990
vn 0.168399 0.960600 0.221111
vn -0.229947 0.944641 -0.234047
vn 0.168399 0.960600 0.221111
vn 0.197216 0.960962 0.194059
vn -0.266424 0.944730 -0.191061
vn -0.229947 0.944641 -0.234047
vn 0.197216 0.960962 0.194059
vn -0.266424 0.944730 -0.191061
vn 0.197216 0.960962 0.194059
vn 0.225171 0.960972 0.160720
vn 0.242361 0.915276 0.321761
vn 0.373872 0.787395 0.490131
vn 0.351652 0.779793 0.517943
vn 0.242361 0.915276 0.321761
vn 0.351652 0.779793 0.517943
vn 0.188155 0.939018 0.287826
vn 0.188155 0.939018 0.287826
vn 0.351652 0.779793 0.517943
vn 0.426522 0.776379 0.464019
vn 0.188155 0.939018 0.287826
vn 0.426522 0.776379 0.464019
vn 0.284431 0.905658 0.314457
vn -0.294799 0.944590 -0.144369
vn -0.266424 0.944730 -0.191061
vn 0.225171 0.960972 0.160720
vn -0.294799 0.944590 -0.144369
vn 0.225171 0.960972 0.160720
vn 0.246992 0.960890 0.125238
vn -0.313121 0.944481 -0.099557
vn -0.294799 0.944590 -0.144369
vn 0.246992 0.960890 0.125238
vn -0.313121 0.944481 -0.099557
vn 0.246992 0.960890 0.125238
vn 0.261935 0.960942 0.089338
vn -0.317212 0.944478 -0.085664
vn -0.313121 0.944481 -0.099557
vn 0.261935 0.960942 0.089338
vn -0.317212 0.944478 -0.085664
vn 0.261935 0.960942 0.089338
vn 0.267636 0.960787 0.072516
vn 0.385574 0.909529 0.155206
vn 0.034653 0.999158 -0.021948
vn 0.305808 0.930615 0.201089
vn 0.264764 0.960486 0.085833
vn -0.001136 0.999853 -0.017131
vn 0.034653 0.999158 -0.021948
vn -0.001136 0.999853 -0.017131
vn 0.264764 0.960486 0.085833
vn 0.037054 0.998950 0.026942
vn 0.391438 0.920202 -0.001949
vn 0.623020 0.782119 -0.011658
vn 0.618759 0.784775 0.035574
vn 0.391438 0.920202 -0.001949
vn 0.618759 0.784775 0.035574
vn 0.472630 0.879664 0.053027
vn 0.089065 0.982823 -0.161638
vn 0.044879 0.991992 0.118060
vn -0.082782 0.996247 0.025268
vn 0.472630 0.879664 0.053027
vn 0.618759 0.784775 0.035574
vn 0.630201 0.764196 0.137300
vn -0.300280 0.944778 -0.131251
vn -0.317212 0.944478 -0.085664
vn 0.267636 0.960787 0.072516
vn -0.300280 0.944778 -0.131251
vn 0.267636 0.960787 0.072516
vn 0.254715 0.960745 0.109956
vn -0.065261 0.878591 0.473095
vn -0.045023 0.753077 0.656390
vn -0.033676 0.747438 0.663477
vn -0.065261 0.878591 0.473095
vn -0.033676 0.747438 0.663477
vn -0.054464 0.860191 0.507055
vn -0.269007 0.943327 -0.194343
vn -0.300280 0.944778 -0.131251
vn 0.254715 0.960745 0.109956
vn -0.269007 0.943327 -0.194343
vn 0.254715 0.960745 0.109956
vn 0.231089 0.958952 0.164342
vn -0.243963 0.942540 -0.228255
vn -0.269007 0.943327 -0.194343
vn 0.231089 0.958952 0.164342
vn -0.243963 0.942540 -0.228255
vn 0.231089 0.958952 0.164342
vn 0.214408 0.957583 0.192518
vn -0.188564 0.945013 -0.267196
vn -0.243963 0.942540 -0.228255
vn 0.214408 0.957583 0.192518
vn -0.188564 0.945013 -0.267196
vn 0.214408 0.957583 0.192518
vn 0.169247 0.957628 0.233034
vn -0.117407 0.945710 -0.303063
vn -0.188564 0.945013 -0.267196
vn 0.169247 0.957628 0.233034
vn -0.117407 0.945710 -0.303063
vn 0.169247 0.957628 0.233034
vn 0.108911 0.955251 0.275018
vn 0.130743 0.868958 0.477302
vn 0.188058 0.879775 0.436612
vn 0.090842 0.994096 0.059345
vn 0.130743 0.868958 0.477302
vn 0.090842 0.994096 0.059345
vn 0.091734 0.981179 0.169920
vn 0.016714 0.999751 -0.014787
vn 0.244270 0.917488 0.313922
vn 0.343403 0.888568 0.304173
vn 0.016714 0.999751 -0.014787
vn 0.305808 0.930615 0.201089
vn 0.034653 0.999158 -0.021948
vn -0.069248 0.992848 -0.097246
vn 0.034653 0.999158 -0.021948
vn -0.001136 0.999853 -0.017131
vn -0.075614 0.946572 -0.313502
vn -0.117407 0.945710 -0.303063
vn 0.108911 0.955251 0.275018
vn -0.075614 0.946572 -0.313502
vn 0.108911 0.955251 0.275018
vn 0.068303 0.954373 0.290701
vn -0.039918 0.946676 -0.319704
vn -0.075614 0.946572 -0.313502
vn 0.068303 0.954373 0.290701
vn -0.039918 0.946676 -0.319704
vn 0.068303 0.954373 0.290701
vn 0.033170 0.955055 0.294567
vn -0.008123 0.946399 -0.322898
vn -0.039918 0.946676 -0.319704
vn 0.033170 0.955055 0.294567
vn -0.008123 0.946399 -0.322898
vn 0.033170 0.955055 0.294567
vn 0.003771 0.956475 0.291791
vn 0.012856 0.945962 -0.324021
vn -0.008123 0.946399 -0.322898
vn 0.003771 0.956475 0.291791
vn 0.012856 0.945962 -0.324021
vn 0.003771 0.956475 0.291791
vn -0.015418 0.958649 0.284172
vn 0.020211 0.945610 -0.324673
vn 0.012856 0.945962 -0.324021
vn -0.015418 0.958649 0.284172
vn 0.020211 0.945610 -0.324673
vn -0.015418 0.958649 0.284172
vn -0.018930 0.960869 0.276356
vn 0.015504 0.945514 -0.325211
vn 0.020211 0.945610 -0.324673
vn -0.018930 0.960869 0.276356
vn 0.015504 0.945514 -0.325211
vn -0.018930 0.960869 0.276356
vn -0.013116 0.961686 0.273838
vn 0.005837 0.945499 -0.325571
vn 0.015504 0.945514 -0.325211
vn -0.013116 0.961686 0.273838
vn 0.005837 0.945499 -0.325571
vn -0.013116 0.961686 0.273838
vn -0.005053 0.961687 0.274104
vn 0.000668 0.945495 -0.325635
vn 0.005837 0.945499 -0.325571
vn -0.005053 0.961687 0.274104
vn 0.000668 0.945495 -0.325635
vn -0.005053 0.961687 0.274104
vn -0.000664 0.961689 0.274141
vn -0.000021 0.945512 -0.325588
vn 0.000668 0.945495 -0.325635
vn -0.000664 0.961689 0.274141
vn -0.000021 0.945512 -0.325588
vn -0.000664 0.961689 0.274141
vn -0.000016 0.961703 0.274094
vn 0.000003 0.945516 -0.325577
vn -0.000021 0.945512 -0.325588
vn -0.000016 0.961703 0.274094
vn 0.000003 0.945516 -0.325577
vn -0.000016 0.961703 0.274094
vn 0.000002 0.961706 0.274083
vn 0.001720 0.946391 -0.323018
vn 0.000003 0.945516 -0.325577
vn 0.000002 0.961706 0.274083
vn 0.001720 0.946391 -0.323018
vn 0.000002 0.961706 0.274083
vn -0.000053 0.961400 0.275153
vn -0.000953 0.947223 -0.320575
vn 0.001720 0.946391 -0.323018
vn -0.000053 0.961400 0.275153
vn -0.000953 0.947223 -0.320575
vn -0.000053 0.961400 0.275153
vn 0.001203 0.961060 0.276339
vn 0.244270 0.917488 0.313922
vn 0.090842 0.994096 0.059345
vn 0.188058 0.879775 0.436612
vn 0.090842 0.994096 0.059345
vn 0.244270 0.917488 0.313922
vn 0.016714 0.999751 -0.014787
vn 0.116838 0.979543 -0.163845
vn 0.016714 0.999751 -0.014787
vn -0.069248 0.992848 -0.097246
vn -0.009771 0.946201 -0.323433
vn -0.000953 0.947223 -0.320575
vn 0.001203 0.961060 0.276339
vn -0.009771 0.946201 -0.323433
vn 0.001203 0.961060 0.276339
vn 0.007580 0.961242 0.275603
vn -0.029207 0.945072 -0.325554
vn -0.009771 0.946201 -0.323433
vn 0.007580 0.961242 0.275603
vn -0.029207 0.945072 -0.325554
vn 0.007580 0.961242 0.275603
vn 0.025793 0.961331 0.274185
vn -0.065253 0.944568 -0.321767
vn -0.127510 0.767750 -0.627934
vn -0.057076 0.769983 -0.635507
vn -0.065253 0.944568 -0.321767
vn -0.057076 0.769983 -0.635507
vn -0.029207 0.945072 -0.325554
vn -0.105559 0.943556 -0.313941
vn -0.206257 0.763365 -0.612154
vn -0.127510 0.767750 -0.627934
vn -0.105559 0.943556 -0.313941
vn -0.127510 0.767750 -0.627934
vn -0.065253 0.944568 -0.321767
vn -0.160288 0.943429 -0.290258
vn -0.105559 0.943556 -0.313941
vn 0.094846 0.958744 0.267982
vn -0.160288 0.943429 -0.290258
vn 0.094846 0.958744 0.267982
vn 0.140822 0.957518 0.251651
vn -0.258629 0.943393 -0.207654
vn -0.228016 0.943488 -0.240498
vn 0.201163 0.956540 0.211104
vn -0.258629 0.943393 -0.207654
vn 0.201163 0.956540 0.211104
vn 0.233965 0.954188 0.186512
vn 0.401545 0.914986 0.039523
vn 0.671038 0.740194 0.042669
vn 0.316995 0.945015 0.080382
vn 0.260677 0.961474 0.087260
vn 0.267814 0.961322 0.064315
vn 0.583352 0.799980 0.140472
vn 0.260677 0.961474 0.087260
vn 0.583352 0.799980 0.140472
vn 0.571375 0.798117 0.191155
vn 0.532196 0.803054 0.268089
vn 0.244420 0.960899 0.130126
vn 0.250757 0.961526 0.112197
vn 0.532196 0.803054 0.268089
vn 0.250757 0.961526 0.112197
vn 0.545162 0.806508 0.228785
vn 0.028789 0.723466 -0.689760
vn 0.014939 0.933272 -0.358859
vn -0.008790 0.933261 -0.359091
vn 0.028789 0.723466 -0.689760
vn -0.008790 0.933261 -0.359091
vn -0.016641 0.723010 -0.690637
vn 0.564423 0.794161 0.225247
vn 0.257066 0.960911 0.102798
vn 0.244420 0.960899 0.130126
vn 0.564423 0.794161 0.225247
vn 0.244420 0.960899 0.130126
vn 0.532196 0.803054 0.268089
vn 0.630201 0.764196 0.137300
vn 0.270491 0.960831 0.060323
vn 0.257066 0.960911 0.102798
vn 0.630201 0.764196 0.137300
vn 0.257066 0.960911 0.102798
vn 0.564423 0.794161 0.225247
vn 0.091734 0.981179 0.169920
vn 0.070397 0.856192 0.511839
vn 0.130743 0.868958 0.477302
vn 0.247259 0.962748 -0.109448
vn 0.091734 0.981179 0.169920
vn 0.090842 0.994096 0.059345
vn 0.247259 0.962748 -0.109448
vn 0.090842 0.994096 0.059345
vn 0.116838 0.979543 -0.163845
vn 0.324964 0.864456 -0.383555
vn 0.084580 0.974103 -0.209690
vn 0.247259 0.962748 -0.109448
vn 0.618759 0.784775 0.035574
vn 0.276526 0.960885 0.015284
vn 0.270491 0.960831 0.060323
vn 0.618759 0.784775 0.035574
vn 0.270491 0.960831 0.060323
vn 0.630201 0.764196 0.137300
vn 0.623020 0.782119 -0.011658
vn 0.279459 0.960149 -0.003975
vn 0.276526 0.960885 0.015284
vn 0.623020 0.782119 -0.011658
vn 0.276526 0.960885 0.015284
vn 0.618759 0.784775 0.035574
vn 0.616515 0.782923 0.083311
vn 0.276567 0.960117 0.041061
vn 0.279459 0.960149 -0.003975
vn 0.616515 0.782923 0.083311
vn 0.279459 0.960149 -0.003975
vn 0.623020 0.782119 -0.011658
vn 0.550371 0.782022 0.292462
vn 0.248474 0.959652 0.131637
vn 0.276567 0.960117 0.041061
vn 0.550371 0.782022 0.292462
vn 0.276567 0.960117 0.041061
vn 0.616515 0.782923 0.083311
vn 0.426522 0.776379 0.464019
vn 0.195650 0.958677 0.206543
vn 0.248474 0.959652 0.131637
vn 0.426522 0.776379 0.464019
vn 0.248474 0.959652 0.131637
vn 0.550371 0.782022 0.292462
vn 0.351652 0.779793 0.517943
vn 0.160497 0.959268 0.232477
vn 0.195650 0.958677 0.206543
vn 0.351652 0.779793 0.517943
vn 0.195650 0.958677 0.206543
vn 0.426522 0.776379 0.464019
vn 0.373872 0.787395 0.490131
vn 0.168399 0.960600 0.221111
vn 0.160497 0.959268 0.232477
vn 0.373872 0.787395 0.490131
vn 0.160497 0.959268 0.232477
vn 0.351652 0.779793 0.517943
vn 0.438265 0.789756 0.429195
vn 0.197216 0.960962 0.194059
vn 0.168399 0.960600 0.221111
vn 0.438265 0.789756 0.429195
vn 0.168399 0.960600 0.221111
vn 0.373872 0.787395 0.490131
vn 0.158038 0.987286 -0.017012
vn 0.134163 0.989719 0.049556
vn 0.182723 0.982947 0.020680
vn 0.158038 0.987286 -0.017012
vn 0.182723 0.982947 0.020680
vn 0.192159 0.981110 -0.022301
vn 0.120057 0.988669 -0.090114
vn 0.158038 0.987286 -0.017012
vn 0.192159 0.981110 -0.022301
vn 0.120057 0.988669 -0.090114
vn 0.192159 0.981110 -0.022301
vn 0.185592 0.981831 -0.039539
vn 0.038051 0.995722 -0.084206
vn 0.120057 0.988669 -0.090114
vn 0.185592 0.981831 -0.039539
vn 0.038051 0.995722 -0.084206
vn 0.185592 0.981831 -0.039539
vn 0.123782 0.992243 0.011519
vn -0.033298 0.999006 -0.029620
vn 0.038051 0.995722 -0.084206
vn 0.123782 0.992243 0.011519
vn -0.033298 0.999006 -0.029620
vn 0.123782 0.992243 0.011519
vn 0.046639 0.998615 0.024369
vn -0.021529 0.978025 0.207373
vn 0.001923 0.852368 0.522938
vn 0.070397 0.856192 0.511839
vn -0.021529 0.978025 0.207373
vn 0.070397 0.856192 0.511839
vn 0.091734 0.981179 0.169920
vn -0.044375 0.991739 0.120355
vn -0.021529 0.978025 0.207373
vn 0.091734 0.981179 0.169920
vn -0.044375 0.991739 0.120355
vn 0.091734 0.981179 0.169920
vn 0.247259 0.962748 -0.109448
vn 0.084580 0.974103 -0.209690
vn -0.044375 0.991739 0.120355
vn 0.247259 0.962748 -0.109448
vn 0.499313 0.789834 0.356157
vn 0.225171 0.960972 0.160720
vn 0.197216 0.960962 0.194059
vn 0.499313 0.789834 0.356157
vn 0.197216 0.960962 0.194059
vn 0.438265 0.789756 0.429195
vn 0.546800 0.789504 0.278734
vn 0.246992 0.960890 0.125238
vn 0.225171 0.960972 0.160720
vn 0.546800 0.789504 0.278734
vn 0.225171 0.960972 0.160720
vn 0.499313 0.789834 0.356157
vn 0.580468 0.789408 0.199727
vn 0.261935 0.960942 0.089338
vn 0.246992 0.960890 0.125238
vn 0.580468 0.789408 0.199727
vn 0.246992 0.960890 0.125238
vn 0.546800 0.789504 0.278734
vn 0.595315 0.787432 0.159845
vn 0.267636 0.960787 0.072516
vn 0.261935 0.960942 0.089338
vn 0.595315 0.787432 0.159845
vn 0.261935 0.960942 0.089338
vn 0.580468 0.789408 0.199727
vn 0.566100 0.787665 0.243135
vn 0.254715 0.960745 0.109956
vn 0.267636 0.960787 0.072516
vn 0.566100 0.787665 0.243135
vn 0.267636 0.960787 0.072516
vn 0.595315 0.787432 0.159845
vn -0.050496 0.997664 -0.046004
vn -0.033298 0.999006 -0.029620
vn 0.046639 0.998615 0.024369
vn -0.050496 0.997664 -0.046004
vn 0.046639 0.998615 0.024369
vn -0.004247 0.999475 -0.032135
vn 0.112692 0.985495 0.126890
vn 0.001619 0.999407 0.034399
vn 0.146814 0.984634 0.094565
vn 0.112692 0.985495 0.126890
vn 0.146814 0.984634 0.094565
vn 0.209836 0.968595 0.133391
vn 0.108266 0.993437 0.036888
vn 0.099169 0.994024 0.045638
vn 0.188702 0.978646 0.081512
vn -0.000263 1.000000 0.000310
vn -0.000341 1.000000 -0.000312
vn 0.082267 0.996604 0.003492
vn -0.000263 1.000000 0.000310
vn 0.082267 0.996604 0.003492
vn 0.090973 0.995780 -0.012120
vn -0.089583 0.980859 0.172888
vn -0.054464 0.860191 0.507055
vn 0.001923 0.852368 0.522938
vn -0.089583 0.980859 0.172888
vn 0.001923 0.852368 0.522938
vn -0.021529 0.978025 0.207373
vn -0.141289 0.986304 0.085099
vn -0.089583 0.980859 0.172888
vn -0.021529 0.978025 0.207373
vn -0.141289 0.986304 0.085099
vn -0.021529 0.978025 0.207373
vn -0.044375 0.991739 0.120355
vn -0.176130 0.980571 -0.086361
vn -0.141289 0.986304 0.085099
vn -0.044375 0.991739 0.120355
vn -0.176130 0.980571 -0.086361
vn -0.044375 0.991739 0.120355
vn 0.084580 0.974103 -0.209690
vn 0.089065 0.982823 -0.161638
vn -0.176130 0.980571 -0.086361
vn 0.084580 0.974103 -0.209690
vn 0.509806 0.781350 0.359987
vn 0.231089 0.958952 0.164342
vn 0.254715 0.960745 0.109956
vn 0.509806 0.781350 0.359987
vn 0.254715 0.960745 0.109956
vn 0.566100 0.787665 0.243135
vn 0.473599 0.774439 0.419461
vn 0.214408 0.957583 0.192518
vn 0.231089 0.958952 0.164342
vn 0.473599 0.774439 0.419461
vn 0.231089 0.958952 0.164342
vn 0.509806 0.781350 0.359987
vn 0.371818 0.774666 0.511512
vn 0.169247 0.957628 0.233034
vn 0.214408 0.957583 0.192518
vn 0.371818 0.774666 0.511512
vn 0.214408 0.957583 0.192518
vn 0.473599 0.774439 0.419461
vn 0.233507 0.768474 0.595753
vn 0.108911 0.955251 0.275018
vn 0.169247 0.957628 0.233034
vn 0.233507 0.768474 0.595753
vn 0.169247 0.957628 0.233034
vn 0.371818 0.774666 0.511512
vn 0.151767 0.988416 -0.000124
vn 0.065960 0.997728 -0.013717
vn 0.090973 0.995780 -0.012120
vn 0.219801 0.960159 -0.172577
vn 0.170300 0.979679 -0.105956
vn 0.124270 0.987326 -0.098715
vn -0.225047 0.954266 0.196800
vn -0.218949 0.950800 0.219182
vn -0.148463 0.975766 0.160748
vn 0.335383 0.941428 0.035093
vn 0.385336 0.921206 0.053809
vn 0.705154 0.704311 0.081881
vn 0.335383 0.941428 0.035093
vn 0.705154 0.704311 0.081881
vn 0.640681 0.760856 0.103081
vn 0.044810 0.719539 -0.693004
vn 0.024113 0.931129 -0.363891
vn 0.014939 0.933272 -0.358859
vn 0.044810 0.719539 -0.693004
vn 0.014939 0.933272 -0.358859
vn 0.028789 0.723466 -0.689760
vn 0.033040 0.716392 -0.696916
vn 0.017427 0.929372 -0.368732
vn 0.024113 0.931129 -0.363891
vn 0.033040 0.716392 -0.696916
vn 0.024113 0.931129 -0.363891
vn 0.044810 0.719539 -0.693004
vn -0.105923 0.988346 0.109328
vn -0.065261 0.878591 0.473095
vn -0.054464 0.860191 0.507055
vn -0.105923 0.988346 0.109328
vn -0.054464 0.860191 0.507055
vn -0.089583 0.980859 0.172888
vn -0.171164 0.984529 0.037501
vn -0.105923 0.988346 0.109328
vn -0.089583 0.980859 0.172888
vn -0.171164 0.984529 0.037501
vn -0.089583 0.980859 0.172888
vn -0.141289 0.986304 0.085099
vn -0.082782 0.996247 0.025268
vn -0.171164 0.984529 0.037501
vn -0.141289 0.986304 0.085099
vn -0.082782 0.996247 0.025268
vn -0.141289 0.986304 0.085099
vn -0.176130 0.980571 -0.086361
vn -0.082782 0.996247 0.025268
vn -0.176130 0.980571 -0.086361
vn 0.089065 0.982823 -0.161638
vn 0.179671 0.976982 -0.114997
vn 0.044879 0.991992 0.118060
vn 0.089065 0.982823 -0.161638
vn 0.155307 0.760489 0.630505
vn 0.068303 0.954373 0.290701
vn 0.108911 0.955251 0.275018
vn 0.155307 0.760489 0.630505
vn 0.108911 0.955251 0.275018
vn 0.233507 0.768474 0.595753
vn 0.082368 0.750125 0.656146
vn 0.033170 0.955055 0.294567
vn 0.068303 0.954373 0.290701
vn 0.082368 0.750125 0.656146
vn 0.068303 0.954373 0.290701
vn 0.155307 0.760489 0.630505
vn 0.011630 0.744780 0.667209
vn 0.003771 0.956475 0.291791
vn 0.033170 0.955055 0.294567
vn 0.011630 0.744780 0.667209
vn 0.033170 0.955055 0.294567
vn 0.082368 0.750125 0.656146
vn -0.323390 0.943197 -0.076153
vn -0.435649 0.897785 -0.064744
vn 0.385336 0.921206 0.053809
vn -0.323390 0.943197 -0.076153
vn 0.385336 0.921206 0.053809
vn 0.335383 0.941428 0.035093
vn -0.040049 0.997012 -0.066055
vn -0.050496 0.997664 -0.046004
vn -0.004247 0.999475 -0.032135
vn -0.040049 0.997012 -0.066055
vn -0.004247 0.999475 -0.032135
vn -0.044370 0.997752 -0.050227
vn -0.011506 0.999523 0.028647
vn -0.040049 0.997012 -0.066055
vn -0.044370 0.997752 -0.050227
vn -0.011506 0.999523 0.028647
vn -0.044370 0.997752 -0.050227
vn -0.043834 0.998911 -0.016000
vn -0.668463 0.734656 -0.115924
vn -0.685536 0.719131 -0.113538
vn -0.612302 0.784793 -0.095838
vn -0.668463 0.734656 -0.115924
vn -0.612302 0.784793 -0.095838
vn -0.435649 0.897785 -0.064744
vn -0.034892 0.895621 0.443448
vn -0.031049 0.756071 0.653753
vn -0.045023 0.753077 0.656390
vn -0.034892 0.895621 0.443448
vn -0.045023 0.753077 0.656390
vn -0.065261 0.878591 0.473095
vn -0.007737 0.900838 0.434087
vn -0.011798 0.755791 0.654707
vn -0.031049 0.756071 0.653753
vn -0.007737 0.900838 0.434087
vn -0.031049 0.756071 0.653753
vn -0.034892 0.895621 0.443448
vn 0.075137 0.976227 0.203311
vn -0.011506 0.999523 0.028647
vn -0.043834 0.998911 -0.016000
vn 0.075137 0.976227 0.203311
vn -0.043834 0.998911 -0.016000
vn 0.015248 0.994396 0.104614
vn -0.047439 0.997615 0.050139
vn -0.034892 0.895621 0.443448
vn -0.065261 0.878591 0.473095
vn -0.047439 0.997615 0.050139
vn -0.065261 0.878591 0.473095
vn -0.105923 0.988346 0.109328
vn -0.011652 0.996111 0.087331
vn -0.047439 0.997615 0.050139
vn -0.105923 0.988346 0.109328
vn -0.011652 0.996111 0.087331
vn -0.105923 0.988346 0.109328
vn -0.171164 0.984529 0.037501
vn -0.011652 0.996111 0.087331
vn -0.171164 0.984529 0.037501
vn -0.082782 0.996247 0.025268
vn 0.030350 0.993321 0.111320
vn 0.048799 0.990436 0.129056
vn -0.082782 0.996247 0.025268
vn 0.030350 0.993321 0.111320
vn -0.082782 0.996247 0.025268
vn 0.044879 0.991992 0.118060
vn 0.027467 0.999596 0.007353
vn 0.030350 0.993321 0.111320
vn 0.044879 0.991992 0.118060
vn 0.027467 0.999596 0.007353
vn 0.044879 0.991992 0.118060
vn 0.179671 0.976982 -0.114997
vn 0.157796 0.967501 -0.197593
vn 0.027467 0.999596 0.007353
vn 0.179671 0.976982 -0.114997
vn 0.148255 0.970761 -0.188794
vn 0.091432 0.981119 -0.170426
vn 0.157796 0.967501 -0.197593
vn -0.033676 0.747438 0.663477
vn -0.015418 0.958649 0.284172
vn 0.003771 0.956475 0.291791
vn -0.033676 0.747438 0.663477
vn 0.003771 0.956475 0.291791
vn 0.011630 0.744780 0.667209
vn 0.014645 0.709521 -0.704533
vn 0.008942 0.925675 -0.378213
vn 0.017427 0.929372 -0.368732
vn 0.014645 0.709521 -0.704533
vn 0.017427 0.929372 -0.368732
vn 0.033040 0.716392 -0.696916
vn 0.316995 0.945015 0.080382
vn 0.385336 0.921206 0.053809
vn -0.435649 0.897785 -0.064744
vn 0.316995 0.945015 0.080382
vn -0.435649 0.897785 -0.064744
vn -0.394300 0.918102 0.040200
vn 0.671038 0.740194 0.042669
vn 0.705154 0.704311 0.081881
vn 0.385336 0.921206 0.053809
vn 0.671038 0.740194 0.042669
vn 0.385336 0.921206 0.053809
vn 0.316995 0.945015 0.080382
vn 0.705154 0.704311 0.081881
vn 0.671038 0.740194 0.042669
vn 0.888101 0.453836 0.072871
vn -0.001739 0.938889 0.344217
vn -0.001174 0.755152 0.655549
vn -0.011798 0.755791 0.654707
vn -0.001739 0.938889 0.344217
vn -0.011798 0.755791 0.654707
vn -0.007737 0.900838 0.434087
vn -0.394300 0.918102 0.040200
vn -0.435649 0.897785 -0.064744
vn -0.612302 0.784793 -0.095838
vn -0.394300 0.918102 0.040200
vn -0.612302 0.784793 -0.095838
vn -0.644065 0.764781 -0.017028
vn 0.033090 0.663789 -0.747187
vn 0.026385 0.908603 -0.416827
vn 0.008942 0.925675 -0.378213
vn 0.033090 0.663789 -0.747187
vn 0.008942 0.925675 -0.378213
vn 0.014645 0.709521 -0.704533
vn 0.023425 0.996350 0.082086
vn -0.007737 0.900838 0.434087
vn -0.034892 0.895621 0.443448
vn 0.023425 0.996350 0.082086
vn -0.034892 0.895621 0.443448
vn -0.047439 0.997615 0.050139
vn 0.023425 0.996350 0.082086
vn -0.047439 0.997615 0.050139
vn -0.011652 0.996111 0.087331
vn 0.017511 0.995229 0.095986
vn 0.047994 0.989975 0.132837
vn -0.011652 0.996111 0.087331
vn 0.017511 0.995229 0.095986
vn -0.011652 0.996111 0.087331
vn 0.048799 0.990436 0.129056
vn -0.007499 0.994812 0.101451
vn 0.017511 0.995229 0.095986
vn 0.048799 0.990436 0.129056
vn -0.007499 0.994812 0.101451
vn 0.048799 0.990436 0.129056
vn 0.030350 0.993321 0.111320
vn -0.003262 0.999823 0.018544
vn -0.007499 0.994812 0.101451
vn 0.030350 0.993321 0.111320
vn -0.003262 0.999823 0.018544
vn 0.030350 0.993321 0.111320
vn 0.027467 0.999596 0.007353
vn 0.014306 0.997389 -0.070789
vn -0.003262 0.999823 0.018544
vn 0.027467 0.999596 0.007353
vn 0.014306 0.997389 -0.070789
vn 0.027467 0.999596 0.007353
vn 0.157796 0.967501 -0.197593
vn 0.091432 0.981119 -0.170426
vn 0.014306 0.997389 -0.070789
vn 0.157796 0.967501 -0.197593
vn -0.045023 0.753077 0.656390
vn -0.018930 0.960869 0.276356
vn -0.015418 0.958649 0.284172
vn -0.045023 0.753077 0.656390
vn -0.015418 0.958649 0.284172
vn -0.033676 0.747438 0.663477
vn 0.028332 0.593704 -0.804185
vn 0.022521 0.887398 -0.460455
vn 0.026385 0.908603 -0.416827
vn 0.028332 0.593704 -0.804185
vn 0.026385 0.908603 -0.416827
vn 0.033090 0.663789 -0.747187
vn 0.221428 0.957190 0.186434
vn 0.229837 0.954550 0.189760
vn 0.498935 0.762239 0.412378
vn 0.221428 0.957190 0.186434
vn 0.498935 0.762239 0.412378
vn 0.489264 0.769470 0.410532
vn -0.333858 0.941344 -0.049088
vn -0.542141 0.840268 -0.005636
vn -0.644065 0.764781 -0.017028
vn -0.333858 0.941344 -0.049088
vn -0.644065 0.764781 -0.017028
vn -0.612302 0.784793 -0.095838
vn 0.854777 0.478647 0.200634
vn 0.583352 0.799980 0.140472
vn 0.640681 0.760856 0.103081
vn -0.029650 0.602024 -0.797927
vn -0.023957 0.892239 -0.450927
vn 0.022521 0.887398 -0.460455
vn -0.029650 0.602024 -0.797927
vn 0.022521 0.887398 -0.460455
vn 0.028332 0.593704 -0.804185
vn -0.031441 0.681460 -0.731180
vn -0.025303 0.918342 -0.394978
vn -0.023957 0.892239 -0.450927
vn -0.031441 0.681460 -0.731180
vn -0.023957 0.892239 -0.450927
vn -0.029650 0.602024 -0.797927
vn -0.007780 0.994035 0.108783
vn -0.001739 0.938889 0.344217
vn -0.007737 0.900838 0.434087
vn -0.007780 0.994035 0.108783
vn -0.007737 0.900838 0.434087
vn 0.023425 0.996350 0.082086
vn -0.022055 0.992527 0.120013
vn -0.007780 0.994035 0.108783
vn 0.023425 0.996350 0.082086
vn -0.022055 0.992527 0.120013
vn 0.023425 0.996350 0.082086
vn 0.047994 0.989975 0.132837
vn -0.089350 0.994685 0.051162
vn -0.022055 0.992527 0.120013
vn 0.047994 0.989975 0.132837
vn -0.089350 0.994685 0.051162
vn 0.047994 0.989975 0.132837
vn 0.017511 0.995229 0.095986
vn -0.078270 0.992541 0.093473
vn -0.089350 0.994685 0.051162
vn 0.017511 0.995229 0.095986
vn -0.078270 0.992541 0.093473
vn 0.017511 0.995229 0.095986
vn -0.007499 0.994812 0.101451
vn -0.070880 0.996755 0.038164
vn -0.078270 0.992541 0.093473
vn -0.007499 0.994812 0.101451
vn -0.070880 0.996755 0.038164
vn -0.007499 0.994812 0.101451
vn -0.003262 0.999823 0.018544
vn -0.044725 0.997906 -0.046725
vn -0.070880 0.996755 0.038164
vn -0.003262 0.999823 0.018544
vn -0.044725 0.997906 -0.046725
vn -0.003262 0.999823 0.018544
vn 0.014306 0.997389 -0.070789
vn -0.025393 0.994426 -0.102329
vn -0.044725 0.997906 -0.046725
vn 0.014306 0.997389 -0.070789
vn -0.025393 0.994426 -0.102329
vn 0.014306 0.997389 -0.070789
vn 0.091432 0.981119 -0.170426
vn 0.014236 0.989061 -0.146820
vn -0.025393 0.994426 -0.102329
vn 0.091432 0.981119 -0.170426
vn 0.079452 0.996474 0.026964
vn 0.181178 0.983184 0.022908
vn 0.084291 0.994182 0.067067
vn 0.079452 0.996474 0.026964
vn 0.084291 0.994182 0.067067
vn 0.059793 0.994079 0.090729
vn -0.008033 0.987165 0.159501
vn 0.079452 0.996474 0.026964
vn 0.059793 0.994079 0.090729
vn -0.008033 0.987165 0.159501
vn 0.059793 0.994079 0.090729
vn 0.115148 0.990127 0.079937
vn -0.002959 0.724780 -0.688974
vn -0.002121 0.933766 -0.357877
vn -0.025303 0.918342 -0.394978
vn -0.002959 0.724780 -0.688974
vn -0.025303 0.918342 -0.394978
vn -0.031441 0.681460 -0.731180
vn -0.014282 0.746849 -0.664840
vn -0.007604 0.934581 -0.355670
vn -0.002121 0.933766 -0.357877
vn -0.014282 0.746849 -0.664840
vn -0.002121 0.933766 -0.357877
vn -0.002959 0.724780 -0.688974
vn 0.177124 0.969101 0.171671
vn 0.075137 0.976227 0.203311
vn 0.015248 0.994396 0.104614
vn 0.177124 0.969101 0.171671
vn 0.015248 0.994396 0.104614
vn 0.079001 0.990295 0.114348
vn 0.181178 0.983184 0.022908
vn 0.177124 0.969101 0.171671
vn 0.079001 0.990295 0.114348
vn 0.181178 0.983184 0.022908
vn 0.079001 0.990295 0.114348
vn 0.084291 0.994182 0.067067
vn 0.640681 0.760856 0.103081
vn 0.583352 0.799980 0.140472
vn 0.267814 0.961322 0.064315
vn 0.640681 0.760856 0.103081
vn 0.267814 0.961322 0.064315
vn 0.335383 0.941428 0.035093
vn -0.058217 0.741199 -0.668756
vn -0.031188 0.933103 -0.358253
vn -0.007604 0.934581 -0.355670
vn -0.058217 0.741199 -0.668756
vn -0.007604 0.934581 -0.355670
vn -0.014282 0.746849 -0.664840
vn -0.131374 0.738813 -0.660981
vn -0.056151 0.957624 -0.282495
vn -0.031188 0.933103 -0.358253
vn -0.131374 0.738813 -0.660981
vn -0.031188 0.933103 -0.358253
vn -0.058217 0.741199 -0.668756
vn -0.211968 0.734038 -0.645180
vn -0.113764 0.931211 -0.346270
vn -0.056151 0.957624 -0.282495
vn -0.211968 0.734038 -0.645180
vn -0.056151 0.957624 -0.282495
vn -0.131374 0.738813 -0.660981
vn -0.140118 0.956781 -0.254827
vn -0.113764 0.931211 -0.346270
vn -0.211968 0.734038 -0.645180
vn -0.140118 0.956781 -0.254827
vn -0.211968 0.734038 -0.645180
vn -0.337851 0.713696 -0.613592
vn -0.231254 0.955746 -0.181856
vn -0.254384 0.930560 -0.263340
vn -0.487258 0.711633 -0.506120
vn -0.231254 0.955746 -0.181856
vn -0.487258 0.711633 -0.506120
vn -0.553853 0.708627 -0.437144
vn -0.002267 0.999987 -0.004518
vn 0.000610 0.902148 0.431426
vn -0.001739 0.938889 0.344217
vn -0.105289 0.990254 0.091160
vn -0.155825 0.982373 0.103259
vn -0.089350 0.994685 0.051162
vn -0.105289 0.990254 0.091160
vn -0.089350 0.994685 0.051162
vn -0.078270 0.992541 0.093473
vn -0.112360 0.992483 0.048510
vn -0.105289 0.990254 0.091160
vn -0.078270 0.992541 0.093473
vn -0.112360 0.992483 0.048510
vn -0.078270 0.992541 0.093473
vn -0.070880 0.996755 0.038164
vn -0.106690 0.993981 -0.024889
vn -0.112360 0.992483 0.048510
vn -0.070880 0.996755 0.038164
vn -0.106690 0.993981 -0.024889
vn -0.070880 0.996755 0.038164
vn -0.044725 0.997906 -0.046725
vn -0.070284 0.993948 -0.084426
vn -0.106690 0.993981 -0.024889
vn -0.044725 0.997906 -0.046725
vn -0.070284 0.993948 -0.084426
vn -0.044725 0.997906 -0.046725
vn -0.025393 0.994426 -0.102329
vn -0.070284 0.993948 -0.084426
vn -0.025393 0.994426 -0.102329
vn 0.014236 0.989061 -0.146820
vn 0.071211 0.988315 0.134771
vn -0.008033 0.987165 0.159501
vn 0.115148 0.990127 0.079937
vn -0.031049 0.756071 0.653753
vn -0.013116 0.961686 0.273838
vn -0.018930 0.960869 0.276356
vn -0.031049 0.756071 0.653753
vn -0.018930 0.960869 0.276356
vn -0.045023 0.753077 0.656390
vn -0.011798 0.755791 0.654707
vn -0.005053 0.961687 0.274104
vn -0.013116 0.961686 0.273838
vn -0.011798 0.755791 0.654707
vn -0.013116 0.961686 0.273838
vn -0.031049 0.756071 0.653753
vn -0.001174 0.755152 0.655549
vn -0.000664 0.961689 0.274141
vn -0.005053 0.961687 0.274104
vn -0.001174 0.755152 0.655549
vn -0.005053 0.961687 0.274104
vn -0.011798 0.755791 0.654707
vn 0.000533 0.754079 0.656783
vn -0.000016 0.961703 0.274094
vn -0.000664 0.961689 0.274141
vn 0.000533 0.754079 0.656783
vn -0.000664 0.961689 0.274141
vn -0.001174 0.755152 0.655549
vn 0.000028 0.753457 0.657498
vn 0.000002 0.961706 0.274083
vn -0.000016 0.961703 0.274094
vn 0.000028 0.753457 0.657498
vn -0.000016 0.961703 0.274094
vn 0.000533 0.754079 0.656783
vn -0.002083 0.752752 0.658301
vn -0.000053 0.961400 0.275153
vn 0.000002 0.961706 0.274083
vn -0.002083 0.752752 0.658301
vn 0.000002 0.961706 0.274083
vn 0.000028 0.753457 0.657498
vn -0.635213 0.772257 -0.011102
vn -0.445324 0.895198 0.017522
vn -0.644065 0.764781 -0.017028
vn -0.654804 0.723379 -0.218986
vn -0.673402 0.722224 -0.157871
vn -0.657612 0.737270 -0.154854
vn -0.654804 0.723379 -0.218986
vn -0.657612 0.737270 -0.154854
vn -0.639579 0.738359 -0.213927
vn -0.609603 0.719823 -0.332023
vn -0.631040 0.723474 -0.279955
vn -0.616235 0.738449 -0.273766
vn -0.609603 0.719823 -0.332023
vn -0.616235 0.738449 -0.273766
vn -0.596065 0.734992 -0.323254
vn -0.639158 0.719762 -0.270962
vn -0.609603 0.719823 -0.332023
vn -0.596065 0.734992 -0.323254
vn -0.639158 0.719762 -0.270962
vn -0.596065 0.734992 -0.323254
vn -0.625381 0.734948 -0.262203
vn -0.677711 0.720288 -0.147961
vn -0.639158 0.719762 -0.270962
vn -0.625381 0.734948 -0.262203
vn -0.677711 0.720288 -0.147961
vn -0.625381 0.734948 -0.262203
vn -0.662041 0.735283 -0.145122
vn -0.693523 0.719847 -0.029088
vn -0.677711 0.720288 -0.147961
vn -0.662041 0.735283 -0.145122
vn -0.693523 0.719847 -0.029088
vn -0.662041 0.735283 -0.145122
vn -0.677356 0.735035 -0.030194
vn -0.005661 0.999971 0.005103
vn -0.007780 0.994035 0.108783
vn -0.004220 0.999907 0.012988
vn -0.067812 0.996355 0.051745
vn -0.146707 0.976282 0.159216
vn -0.105289 0.990254 0.091160
vn -0.067812 0.996355 0.051745
vn -0.105289 0.990254 0.091160
vn -0.112360 0.992483 0.048510
vn -0.025638 0.999551 0.015515
vn -0.067812 0.996355 0.051745
vn -0.112360 0.992483 0.048510
vn -0.025638 0.999551 0.015515
vn -0.112360 0.992483 0.048510
vn -0.106690 0.993981 -0.024889
vn -0.025638 0.999551 0.015515
vn -0.106690 0.993981 -0.024889
vn -0.070284 0.993948 -0.084426
vn -0.695302 0.718559 -0.015091
vn -0.693523 0.719847 -0.029088
vn -0.677356 0.735035 -0.030194
vn -0.695302 0.718559 -0.015091
vn -0.677356 0.735035 -0.030194
vn -0.679686 0.733417 -0.011264
vn -0.682059 0.716683 -0.145467
vn -0.695302 0.718559 -0.015091
vn -0.679686 0.733417 -0.011264
vn -0.682059 0.716683 -0.145467
vn -0.679686 0.733417 -0.011264
vn -0.667683 0.731813 -0.136563
vn -0.623851 0.710514 -0.325546
vn -0.682059 0.716683 -0.145467
vn -0.667683 0.731813 -0.136563
vn -0.623851 0.710514 -0.325546
vn -0.667683 0.731813 -0.136563
vn -0.609330 0.726113 -0.318554
vn -0.516164 0.711123 -0.477366
vn -0.623851 0.710514 -0.325546
vn -0.609330 0.726113 -0.318554
vn -0.516164 0.711123 -0.477366
vn -0.609330 0.726113 -0.318554
vn -0.500588 0.726154 -0.471288
vn -0.416817 0.714107 -0.562419
vn -0.516164 0.711123 -0.477366
vn -0.500588 0.726154 -0.471288
vn -0.416817 0.714107 -0.562419
vn -0.500588 0.726154 -0.471288
vn -0.404896 0.729019 -0.551897
vn -0.411128 0.717554 -0.562218
vn -0.416817 0.714107 -0.562419
vn -0.404896 0.729019 -0.551897
vn -0.411128 0.717554 -0.562218
vn -0.404896 0.729019 -0.551897
vn -0.403889 0.732939 -0.547425
vn -0.482163 0.720107 -0.498964
vn -0.411128 0.717554 -0.562218
vn -0.403889 0.732939 -0.547425
vn -0.482163 0.720107 -0.498964
vn -0.403889 0.732939 -0.547425
vn -0.473769 0.735295 -0.484649
vn -0.562847 0.720716 -0.404688
vn -0.482163 0.720107 -0.498964
vn -0.473769 0.735295 -0.484649
vn -0.562847 0.720716 -0.404688
vn -0.473769 0.735295 -0.484649
vn -0.550234 0.735728 -0.394901
vn -0.625345 0.720029 -0.300835
vn -0.562847 0.720716 -0.404688
vn -0.550234 0.735728 -0.394901
vn -0.625345 0.720029 -0.300835
vn -0.550234 0.735728 -0.394901
vn -0.609453 0.735147 -0.296860
vn -0.663932 0.719314 -0.204405
vn -0.625345 0.720029 -0.300835
vn -0.609453 0.735147 -0.296860
vn -0.663932 0.719314 -0.204405
vn -0.609453 0.735147 -0.296860
vn -0.647102 0.734676 -0.203742
vn 0.018571 0.922944 0.384486
vn 0.000081 0.901647 0.432473
vn 0.024525 0.999632 0.011594
vn 0.333117 0.932683 -0.138331
vn 0.233776 0.969493 -0.073705
vn 0.192022 0.976867 -0.094123
vn 0.144876 0.981633 -0.124126
vn 0.122152 0.989435 -0.078091
vn 0.150068 0.983145 -0.104433
vn -0.025638 0.999551 0.015515
vn -0.186034 0.978193 0.092357
vn -0.147988 0.977973 0.147202
vn -0.670284 0.719862 -0.180326
vn -0.663932 0.719314 -0.204405
vn -0.647102 0.734676 -0.203742
vn -0.670284 0.719862 -0.180326
vn -0.647102 0.734676 -0.203742
vn -0.654696 0.734973 -0.176600
vn -0.634373 0.720474 -0.280157
vn -0.670284 0.719862 -0.180326
vn -0.654696 0.734973 -0.176600
vn -0.634373 0.720474 -0.280157
vn -0.654696 0.734973 -0.176600
vn -0.620417 0.735556 -0.272105
vn -0.567042 0.714322 -0.410132
vn -0.634373 0.720474 -0.280157
vn -0.620417 0.735556 -0.272105
vn -0.567042 0.714322 -0.410132
vn -0.620417 0.735556 -0.272105
vn -0.554309 0.729613 -0.400507
vn -0.512419 0.712202 -0.479787
vn -0.567042 0.714322 -0.410132
vn -0.554309 0.729613 -0.400507
vn -0.512419 0.712202 -0.479787
vn -0.554309 0.729613 -0.400507
vn -0.502210 0.726079 -0.469675
vn 0.034885 0.996295 0.078606
vn 0.014128 0.866574 0.498848
vn 0.018571 0.922944 0.384486
vn 0.034885 0.996295 0.078606
vn 0.018571 0.922944 0.384486
vn 0.072694 0.996605 0.038648
vn 0.051259 0.998340 -0.026255
vn 0.034885 0.996295 0.078606
vn 0.072694 0.996605 0.038648
vn 0.051259 0.998340 -0.026255
vn 0.072694 0.996605 0.038648
vn 0.122152 0.989435 -0.078091
vn 0.124270 0.987326 -0.098715
vn 0.051259 0.998340 -0.026255
vn 0.122152 0.989435 -0.078091
vn -0.401758 0.906209 -0.131816
vn -0.251193 0.967894 0.009081
vn -0.250806 0.962641 -0.102075
vn -0.251193 0.967894 0.009081
vn -0.371407 0.926949 -0.053126
vn -0.350223 0.935380 0.049069
vn 0.112692 0.985495 0.126890
vn 0.135576 0.984386 0.112262
vn 0.179924 0.973057 0.144177
vn -0.403614 0.715827 -0.569813
vn -0.512419 0.712202 -0.479787
vn -0.502210 0.726079 -0.469675
vn -0.403614 0.715827 -0.569813
vn -0.502210 0.726079 -0.469675
vn -0.393229 0.733060 -0.554973
vn -0.257127 0.715430 -0.649651
vn -0.403614 0.715827 -0.569813
vn -0.393229 0.733060 -0.554973
vn -0.257127 0.715430 -0.649651
vn -0.393229 0.733060 -0.554973
vn -0.248016 0.733840 -0.632429
vn -0.163648 0.720688 -0.673667
vn -0.257127 0.715430 -0.649651
vn -0.248016 0.733840 -0.632429
vn -0.163648 0.720688 -0.673667
vn -0.248016 0.733840 -0.632429
vn -0.159117 0.735739 -0.658308
vn -0.085171 0.721966 -0.686667
vn -0.163648 0.720688 -0.673667
vn -0.159117 0.735739 -0.658308
vn -0.085171 0.721966 -0.686667
vn -0.159117 0.735739 -0.658308
vn -0.082677 0.736981 -0.670838
vn 0.000917 0.996171 0.087425
vn 0.010563 0.863502 0.504235
vn 0.014128 0.866574 0.498848
vn 0.000917 0.996171 0.087425
vn 0.014128 0.866574 0.498848
vn 0.034885 0.996295 0.078606
vn 0.021110 0.999777 0.000086
vn 0.000917 0.996171 0.087425
vn 0.034885 0.996295 0.078606
vn 0.021110 0.999777 0.000086
vn 0.034885 0.996295 0.078606
vn 0.051259 0.998340 -0.026255
vn 0.060501 0.998117 -0.010064
vn 0.021110 0.999777 0.000086
vn 0.051259 0.998340 -0.026255
vn 0.060501 0.998117 -0.010064
vn 0.051259 0.998340 -0.026255
vn 0.124270 0.987326 -0.098715
vn 0.170300 0.979679 -0.105956
vn 0.060501 0.998117 -0.010064
vn 0.124270 0.987326 -0.098715
vn -0.060109 0.997106 -0.046557
vn -0.240026 0.969992 0.038777
vn 0.075013 0.997174 -0.004160
vn -0.060109 0.997106 -0.046557
vn 0.075013 0.997174 -0.004160
vn 0.265414 0.919954 -0.288515
vn 0.335023 0.886321 -0.319678
vn -0.060109 0.997106 -0.046557
vn 0.265414 0.919954 -0.288515
vn -0.016641 0.723010 -0.690637
vn -0.085171 0.721966 -0.686667
vn -0.082677 0.736981 -0.670838
vn -0.016641 0.723010 -0.690637
vn -0.082677 0.736981 -0.670838
vn -0.015762 0.737997 -0.674620
vn 0.028789 0.723466 -0.689760
vn -0.016641 0.723010 -0.690637
vn -0.015762 0.737997 -0.674620
vn 0.028789 0.723466 -0.689760
vn -0.015762 0.737997 -0.674620
vn 0.028335 0.738742 -0.673392
vn 0.044810 0.719539 -0.693004
vn 0.028789 0.723466 -0.689760
vn 0.028335 0.738742 -0.673392
vn 0.044810 0.719539 -0.693004
vn 0.028335 0.738742 -0.673392
vn 0.042487 0.739157 -0.672192
vn 0.033040 0.716392 -0.696916
vn 0.044810 0.719539 -0.693004
vn 0.042487 0.739157 -0.672192
vn 0.033040 0.716392 -0.696916
vn 0.042487 0.739157 -0.672192
vn 0.032017 0.739435 -0.672466
vn 0.004504 0.996089 0.088243
vn 0.033243 0.903714 0.426843
vn 0.010563 0.863502 0.504235
vn 0.004504 0.996089 0.088243
vn 0.010563 0.863502 0.504235
vn 0.000917 0.996171 0.087425
vn 0.020748 0.999146 0.035728
vn 0.004504 0.996089 0.088243
vn 0.000917 0.996171 0.087425
vn 0.020748 0.999146 0.035728
vn 0.000917 0.996171 0.087425
vn 0.021110 0.999777 0.000086
vn 0.049299 0.998534 0.022327
vn 0.020748 0.999146 0.035728
vn 0.021110 0.999777 0.000086
vn 0.049299 0.998534 0.022327
vn 0.021110 0.999777 0.000086
vn 0.060501 0.998117 -0.010064
vn 0.074963 0.997185 0.001550
vn 0.049299 0.998534 0.022327
vn 0.060501 0.998117 -0.010064
vn 0.074963 0.997185 0.001550
vn 0.060501 0.998117 -0.010064
vn 0.170300 0.979679 -0.105956
vn 0.074963 0.997185 0.001550
vn 0.170300 0.979679 -0.105956
vn 0.192022 0.976867 -0.094123
vn 0.309632 0.950139 -0.036944
vn 0.393486 0.909956 -0.130953
vn 0.452530 0.889781 -0.059212
vn -0.233542 0.961754 0.143133
vn 0.112692 0.985495 0.126890
vn 0.122378 0.978363 0.166819
vn -0.233542 0.961754 0.143133
vn 0.122378 0.978363 0.166819
vn -0.334509 0.930941 0.146464
vn -0.334509 0.930941 0.146464
vn 0.122378 0.978363 0.166819
vn 0.075013 0.997174 -0.004160
vn -0.334509 0.930941 0.146464
vn 0.075013 0.997174 -0.004160
vn -0.240026 0.969992 0.038777
vn -0.060109 0.997106 -0.046557
vn -0.184011 0.982850 0.012096
vn -0.483747 0.872457 0.069336
vn -0.060109 0.997106 -0.046557
vn -0.483747 0.872457 0.069336
vn -0.240026 0.969992 0.038777
vn -0.184011 0.982850 0.012096
vn -0.060109 0.997106 -0.046557
vn 0.335023 0.886321 -0.319678
vn -0.184011 0.982850 0.012096
vn 0.335023 0.886321 -0.319678
vn 0.061775 0.998040 0.009991
vn 0.335383 0.941428 0.035093
vn 0.267814 0.961322 0.064315
vn -0.318061 0.945096 -0.075041
vn 0.335383 0.941428 0.035093
vn -0.318061 0.945096 -0.075041
vn -0.323390 0.943197 -0.076153
vn 0.014645 0.709521 -0.704533
vn 0.033040 0.716392 -0.696916
vn 0.032017 0.739435 -0.672466
vn 0.014645 0.709521 -0.704533
vn 0.032017 0.739435 -0.672466
vn 0.012059 0.739483 -0.673067
vn 0.033090 0.663789 -0.747187
vn 0.014645 0.709521 -0.704533
vn 0.012059 0.739483 -0.673067
vn 0.033090 0.663789 -0.747187
vn 0.012059 0.739483 -0.673067
vn 0.009739 0.726153 -0.687464
vn 0.028332 0.593704 -0.804185
vn 0.033090 0.663789 -0.747187
vn 0.009739 0.726153 -0.687464
vn 0.028332 0.593704 -0.804185
vn 0.009739 0.726153 -0.687464
vn 0.008357 0.696569 -0.717441
vn 0.033786 0.997884 0.055545
vn 0.020064 0.993984 0.107675
vn 0.004504 0.996089 0.088243
vn 0.033786 0.997884 0.055545
vn 0.004504 0.996089 0.088243
vn 0.020748 0.999146 0.035728
vn 0.037212 0.998717 0.034341
vn 0.033786 0.997884 0.055545
vn 0.020748 0.999146 0.035728
vn 0.037212 0.998717 0.034341
vn 0.020748 0.999146 0.035728
vn 0.049299 0.998534 0.022327
vn 0.035512 0.999254 0.015151
vn 0.037212 0.998717 0.034341
vn 0.049299 0.998534 0.022327
vn 0.035512 0.999254 0.015151
vn 0.049299 0.998534 0.022327
vn 0.074963 0.997185 0.001550
vn 0.038304 0.997822 0.053696
vn 0.035512 0.999254 0.015151
vn 0.074963 0.997185 0.001550
vn 0.038304 0.997822 0.053696
vn 0.074963 0.997185 0.001550
vn 0.089851 0.994629 0.051389
vn 0.048882 0.997470 0.051623
vn 0.038304 0.997822 0.053696
vn 0.089851 0.994629 0.051389
vn 0.048882 0.997470 0.051623
vn 0.089851 0.994629 0.051389
vn 0.227935 0.972864 -0.039765
vn 0.055194 0.997628 0.041134
vn 0.048882 0.997470 0.051623
vn 0.227935 0.972864 -0.039765
vn 0.055194 0.997628 0.041134
vn 0.227935 0.972864 -0.039765
vn 0.309632 0.950139 -0.036944
vn 0.272169 0.962239 -0.004527
vn 0.452530 0.889781 -0.059212
vn 0.415916 0.908245 -0.045885
vn 0.415916 0.908245 -0.045885
vn 0.278424 0.960242 -0.020371
vn 0.212960 0.976677 -0.027403
vn 0.415916 0.908245 -0.045885
vn 0.212960 0.976677 -0.027403
vn 0.243627 0.969588 -0.023341
vn 0.157408 0.987421 0.014920
vn 0.164014 0.986345 0.014913
vn 0.130818 0.990533 0.041606
vn 0.130818 0.990533 0.041606
vn 0.164091 0.986402 0.009213
vn 0.140769 0.989387 0.036021
vn -0.029650 0.602024 -0.797927
vn 0.028332 0.593704 -0.804185
vn 0.008357 0.696569 -0.717441
vn -0.029650 0.602024 -0.797927
vn 0.008357 0.696569 -0.717441
vn -0.008304 0.696570 -0.717441
vn 0.020064 0.993984 0.107675
vn 0.075432 0.992807 0.092971
vn 0.100109 0.916189 0.388041
vn 0.079499 0.994671 0.065654
vn 0.075432 0.992807 0.092971
vn 0.020064 0.993984 0.107675
vn 0.079499 0.994671 0.065654
vn 0.020064 0.993984 0.107675
vn 0.033786 0.997884 0.055545
vn 0.076967 0.996726 0.024770
vn 0.079499 0.994671 0.065654
vn 0.033786 0.997884 0.055545
vn 0.076967 0.996726 0.024770
vn 0.033786 0.997884 0.055545
vn 0.037212 0.998717 0.034341
vn 0.057678 0.998329 0.003611
vn 0.076967 0.996726 0.024770
vn 0.037212 0.998717 0.034341
vn 0.057678 0.998329 0.003611
vn 0.037212 0.998717 0.034341
vn 0.035512 0.999254 0.015151
vn 0.035938 0.998282 0.046283
vn 0.057678 0.998329 0.003611
vn 0.035512 0.999254 0.015151
vn 0.035938 0.998282 0.046283
vn 0.035512 0.999254 0.015151
vn 0.038304 0.997822 0.053696
vn 0.027981 0.997646 0.062601
vn 0.035938 0.998282 0.046283
vn 0.038304 0.997822 0.053696
vn 0.027981 0.997646 0.062601
vn 0.038304 0.997822 0.053696
vn 0.048882 0.997470 0.051623
vn 0.036607 0.998237 0.046718
vn 0.027981 0.997646 0.062601
vn 0.048882 0.997470 0.051623
vn 0.036607 0.998237 0.046718
vn 0.048882 0.997470 0.051623
vn 0.055194 0.997628 0.041134
vn 0.040457 0.998458 0.038008
vn 0.036607 0.998237 0.046718
vn 0.055194 0.997628 0.041134
vn 0.055588 0.998372 0.012787
vn 0.040457 0.998458 0.038008
vn 0.272169 0.962239 -0.004527
vn 0.055588 0.998372 0.012787
vn 0.272169 0.962239 -0.004527
vn 0.243627 0.969588 -0.023341
vn 0.062251 0.997598 -0.030373
vn 0.055588 0.998372 0.012787
vn 0.243627 0.969588 -0.023341
vn 0.062251 0.997598 -0.030373
vn 0.243627 0.969588 -0.023341
vn 0.212960 0.976677 -0.027403
vn 0.077876 0.996899 0.011264
vn 0.062251 0.997598 -0.030373
vn 0.212960 0.976677 -0.027403
vn 0.077876 0.996899 0.011264
vn 0.212960 0.976677 -0.027403
vn 0.157408 0.987421 0.014920
vn 0.154008 0.984138 0.088061
vn 0.138797 0.964732 0.223669
vn 0.100109 0.916189 0.388041
vn 0.154008 0.984138 0.088061
vn 0.100109 0.916189 0.388041
vn 0.075432 0.992807 0.092971
vn 0.156729 0.985195 0.069482
vn 0.154008 0.984138 0.088061
vn 0.075432 0.992807 0.092971
vn 0.156729 0.985195 0.069482
vn 0.075432 0.992807 0.092971
vn 0.079499 0.994671 0.065654
vn 0.157795 0.987306 0.018103
vn 0.156729 0.985195 0.069482
vn 0.079499 0.994671 0.065654
vn 0.157795 0.987306 0.018103
vn 0.079499 0.994671 0.065654
vn 0.076967 0.996726 0.024770
vn 0.147670 0.988847 -0.019379
vn 0.157795 0.987306 0.018103
vn 0.076967 0.996726 0.024770
vn 0.147670 0.988847 -0.019379
vn 0.076967 0.996726 0.024770
vn 0.057678 0.998329 0.003611
vn 0.106386 0.994309 0.005684
vn 0.147670 0.988847 -0.019379
vn 0.057678 0.998329 0.003611
vn 0.106386 0.994309 0.005684
vn 0.057678 0.998329 0.003611
vn 0.035938 0.998282 0.046283
vn 0.073748 0.995341 0.062110
vn 0.106386 0.994309 0.005684
vn 0.035938 0.998282 0.046283
vn 0.073748 0.995341 0.062110
vn 0.035938 0.998282 0.046283
vn 0.027981 0.997646 0.062601
vn 0.071987 0.995977 0.053365
vn 0.073748 0.995341 0.062110
vn 0.027981 0.997646 0.062601
vn 0.071987 0.995977 0.053365
vn 0.027981 0.997646 0.062601
vn 0.036607 0.998237 0.046718
vn 0.042706 0.998899 0.019411
vn 0.071987 0.995977 0.053365
vn 0.036607 0.998237 0.046718
vn 0.042706 0.998899 0.019411
vn 0.036607 0.998237 0.046718
vn 0.040457 0.998458 0.038008
vn -0.013512 0.999894 -0.005492
vn 0.042706 0.998899 0.019411
vn 0.040457 0.998458 0.038008
vn -0.013512 0.999894 -0.005492
vn 0.040457 0.998458 0.038008
vn 0.055588 0.998372 0.012787
vn -0.044216 0.998550 -0.030701
vn -0.013512 0.999894 -0.005492
vn 0.055588 0.998372 0.012787
vn -0.044216 0.998550 -0.030701
vn 0.055588 0.998372 0.012787
vn 0.062251 0.997598 -0.030373
vn -0.028014 0.998626 0.044284
vn -0.044216 0.998550 -0.030701
vn 0.062251 0.997598 -0.030373
vn -0.028014 0.998626 0.044284
vn 0.062251 0.997598 -0.030373
vn 0.077876 0.996899 0.011264
vn -0.000227 0.996234 0.086703
vn -0.028014 0.998626 0.044284
vn 0.077876 0.996899 0.011264
vn -0.000227 0.996234 0.086703
vn 0.077876 0.996899 0.011264
vn 0.065228 0.995461 0.069295
vn 0.887216 0.154820 -0.434602
vn 0.793166 0.226508 -0.565315
vn 0.860709 0.366042 -0.353826
vn -0.031441 0.681460 -0.731180
vn -0.029650 0.602024 -0.797927
vn -0.008304 0.696570 -0.717441
vn -0.031441 0.681460 -0.731180
vn -0.008304 0.696570 -0.717441
vn -0.007138 0.729857 -0.683563
vn 0.087153 0.995748 0.029829
vn 0.087153 0.995748 0.029829
vn 0.084286 0.996420 -0.006555
vn 0.087153 0.995748 0.029829
vn 0.084286 0.996420 -0.006555
vn 0.084286 0.996420 -0.006555
vn 0.087270 0.995016 0.048246
vn 0.087270 0.995016 0.048246
vn 0.087153 0.995748 0.029829
vn 0.087270 0.995016 0.048246
vn 0.087153 0.995748 0.029829
vn 0.087153 0.995748 0.029829
vn 0.088181 0.993923 0.065882
vn 0.088181 0.993923 0.065882
vn 0.087270 0.995016 0.048246
vn 0.088181 0.993923 0.065882
vn 0.087270 0.995016 0.048246
vn 0.087270 0.995016 0.048246
vn 0.089992 0.992250 0.085678
vn 0.089992 0.992250 0.085678
vn 0.088181 0.993923 0.065882
vn 0.089992 0.992250 0.085678
vn 0.088181 0.993923 0.065882
vn 0.088181 0.993923 0.065882
vn 0.091834 0.990537 0.101995
vn 0.091834 0.990537 0.101995
vn 0.089992 0.992250 0.085678
vn 0.091834 0.990537 0.101995
vn 0.089992 0.992250 0.085678
vn 0.089992 0.992250 0.085678
vn 0.092738 0.989755 0.108554
vn 0.092738 0.989755 0.108554
vn 0.091834 0.990537 0.101995
vn 0.092738 0.989755 0.108554
vn 0.091834 0.990537 0.101995
vn 0.091834 0.990537 0.101995
vn 0.091905 0.990088 0.106200
vn 0.091905 0.990088 0.106200
vn 0.092738 0.989755 0.108554
vn 0.091905 0.990088 0.106200
vn 0.092738 0.989755 0.108554
vn 0.092738 0.989755 0.108554
vn 0.087784 0.991416 0.096889
vn 0.087784 0.991416 0.096889
vn 0.091905 0.990088 0.106200
vn 0.087784 0.991416 0.096889
vn 0.091905 0.990088 0.106200
vn 0.091905 0.990088 0.106200
vn 0.076950 0.993672 0.081820
vn 0.076950 0.993672 0.081820
vn 0.087784 0.991416 0.096889
vn 0.076950 0.993672 0.081820
vn 0.087784 0.991416 0.096889
vn 0.087784 0.991416 0.096889
vn 0.066745 0.995375 0.069093
vn 0.066745 0.995375 0.069093
vn 0.076950 0.993672 0.081820
vn 0.066745 0.995375 0.069093
vn 0.076950 0.993672 0.081820
vn 0.076950 0.993672 0.081820
vn 0.066745 0.995375 0.069093
vn 0.063201 0.996063 0.062161
vn 0.063201 0.996063 0.062161
vn 0.066745 0.995375 0.069093
vn 0.063201 0.996063 0.062161
vn 0.066745 0.995375 0.069093
vn 0.061497 0.996542 0.055878
vn 0.061497 0.996542 0.055878
vn 0.063201 0.996063 0.062161
vn 0.061497 0.996542 0.055878
vn 0.063201 0.996063 0.062161
vn 0.063201 0.996063 0.062161
vn 0.060752 0.996799 0.051964
vn 0.060752 0.996799 0.051964
vn 0.061497 0.996542 0.055878
vn 0.060752 0.996799 0.051964
vn 0.061497 0.996542 0.055878
vn 0.061497 0.996542 0.055878
vn 0.059957 0.997176 0.045224
vn 0.059957 0.997176 0.045224
vn 0.060752 0.996799 0.051964
vn 0.059957 0.997176 0.045224
vn 0.060752 0.996799 0.051964
vn 0.060752 0.996799 0.051964
vn 0.057145 0.997931 0.029472
vn 0.057145 0.997931 0.029472
vn 0.059957 0.997176 0.045224
vn 0.057145 0.997931 0.029472
vn 0.059957 0.997176 0.045224
vn 0.059957 0.997176 0.045224
vn 0.067857 0.997425 0.023208
vn 0.067857 0.997425 0.023208
vn 0.057145 0.997931 0.029472
vn 0.067857 0.997425 0.023208
vn 0.057145 0.997931 0.029472
vn 0.057145 0.997931 0.029472
vn 0.188702 0.978646 0.081512
vn 0.067857 0.997425 0.023208
vn 0.067857 0.997425 0.023208
vn 0.188702 0.978646 0.081512
vn 0.067857 0.997425 0.023208
vn 0.151767 0.988416 -0.000124
vn 0.188702 0.978646 0.081512
vn 0.151767 0.988416 -0.000124
vn 0.108266 0.993437 0.036888
vn 0.002024 0.752995 0.658023
vn 0.001203 0.961060 0.276339
vn -0.000053 0.961400 0.275153
vn 0.002024 0.752995 0.658023
vn -0.000053 0.961400 0.275153
vn -0.002083 0.752752 0.658301
vn 0.016815 0.758247 0.651751
vn 0.007580 0.961242 0.275603
vn 0.001203 0.961060 0.276339
vn 0.016815 0.758247 0.651751
vn 0.001203 0.961060 0.276339
vn 0.002024 0.752995 0.658023
vn 0.057225 0.766646 0.639515
vn 0.025793 0.961331 0.274185
vn 0.007580 0.961242 0.275603
vn 0.057225 0.766646 0.639515
vn 0.007580 0.961242 0.275603
vn 0.016815 0.758247 0.651751
vn 0.128930 0.773051 0.621103
vn 0.057636 0.960558 0.272040
vn 0.025793 0.961331 0.274185
vn 0.128930 0.773051 0.621103
vn 0.025793 0.961331 0.274185
vn 0.057225 0.766646 0.639515
vn 0.415916 0.908245 -0.045885
vn 0.243627 0.969588 -0.023341
vn 0.272169 0.962239 -0.004527
vn 0.122489 0.991616 0.041157
vn 0.061775 0.998040 0.009991
vn 0.335023 0.886321 -0.319678
vn 0.114390 0.993430 -0.003507
vn 0.074963 0.997185 0.001550
vn 0.192022 0.976867 -0.094123
vn 0.175318 0.984509 0.002384
vn 0.294115 0.951742 -0.087649
vn 0.347296 0.928434 -0.131895
vn 0.175318 0.984509 0.002384
vn 0.347296 0.928434 -0.131895
vn 0.227935 0.972864 -0.039765
vn 0.114390 0.993430 -0.003507
vn 0.233776 0.969493 -0.073705
vn 0.294115 0.951742 -0.087649
vn 0.114390 0.993430 -0.003507
vn 0.294115 0.951742 -0.087649
vn 0.175318 0.984509 0.002384
vn 0.192022 0.976867 -0.094123
vn 0.233776 0.969493 -0.073705
vn 0.114390 0.993430 -0.003507
vn 0.175318 0.984509 0.002384
vn 0.089851 0.994629 0.051389
vn 0.074963 0.997185 0.001550
vn 0.175318 0.984509 0.002384
vn 0.074963 0.997185 0.001550
vn 0.114390 0.993430 -0.003507
vn 0.055194 0.997628 0.041134
vn 0.272169 0.962239 -0.004527
vn 0.040457 0.998458 0.038008
vn 0.309632 0.950139 -0.036944
vn 0.452530 0.889781 -0.059212
vn 0.272169 0.962239 -0.004527
vn 0.211568 0.773194 0.597837
vn 0.094846 0.958744 0.267982
vn 0.057636 0.960558 0.272040
vn 0.211568 0.773194 0.597837
vn 0.057636 0.960558 0.272040
vn 0.128930 0.773051 0.621103
vn 0.140822 0.957518 0.251651
vn 0.094846 0.958744 0.267982
vn 0.211568 0.773194 0.597837
vn 0.140822 0.957518 0.251651
vn 0.211568 0.773194 0.597837
vn 0.311428 0.770652 0.555975
vn 0.233965 0.954188 0.186512
vn 0.201163 0.956540 0.211104
vn 0.439071 0.768117 0.466061
vn 0.233965 0.954188 0.186512
vn 0.439071 0.768117 0.466061
vn 0.505220 0.761110 0.406774
vn 0.140769 0.989387 0.036021
vn 0.157408 0.987421 0.014920
vn 0.130818 0.990533 0.041606
vn 0.671038 0.740194 0.042669
vn 0.401545 0.914986 0.039523
vn 0.919565 0.392861 0.007789
vn 0.671038 0.740194 0.042669
vn 0.919565 0.392861 0.007789
vn 0.888101 0.453836 0.072871
vn 0.065228 0.995461 0.069295
vn 0.077876 0.996899 0.011264
vn 0.157408 0.987421 0.014920
vn 0.065228 0.995461 0.069295
vn 0.157408 0.987421 0.014920
vn 0.140769 0.989387 0.036021
vn 0.231047 0.972685 -0.022374
vn 0.274147 0.961598 -0.013174
vn 0.071211 0.988315 0.134771
vn 0.231047 0.972685 -0.022374
vn 0.071211 0.988315 0.134771
vn 0.115148 0.990127 0.079937
vn 0.655471 0.712695 0.249847
vn 0.564423 0.794161 0.225247
vn 0.532196 0.803054 0.268089
vn 0.299247 0.948935 0.099870
vn 0.266230 0.953023 0.144460
vn 0.175155 0.976296 0.127146
vn 0.175155 0.976296 0.127146
vn 0.071211 0.988315 0.134771
vn 0.274147 0.961598 -0.013174
vn 0.175155 0.976296 0.127146
vn 0.274147 0.961598 -0.013174
vn 0.261780 0.964569 0.032833
vn 0.000610 0.902148 0.431426
vn 0.000533 0.754079 0.656783
vn -0.001174 0.755152 0.655549
vn 0.000610 0.902148 0.431426
vn -0.001174 0.755152 0.655549
vn -0.001739 0.938889 0.344217
vn 0.157408 0.987421 0.014920
vn 0.212960 0.976677 -0.027403
vn 0.278424 0.960242 -0.020371
vn 0.157408 0.987421 0.014920
vn 0.278424 0.960242 -0.020371
vn 0.164014 0.986345 0.014913
vn 0.272169 0.962239 -0.004527
vn 0.055194 0.997628 0.041134
vn 0.309632 0.950139 -0.036944
vn 0.227935 0.972864 -0.039765
vn 0.347296 0.928434 -0.131895
vn 0.393486 0.909956 -0.130953
vn 0.393486 0.909956 -0.130953
vn 0.309632 0.950139 -0.036944
vn 0.227935 0.972864 -0.039765
vn 0.284431 0.905658 0.314457
vn 0.426522 0.776379 0.464019
vn 0.550371 0.782022 0.292462
vn 0.284431 0.905658 0.314457
vn 0.550371 0.782022 0.292462
vn 0.362685 0.912845 0.187548
vn 0.362685 0.912845 0.187548
vn 0.550371 0.782022 0.292462
vn 0.616515 0.782923 0.083311
vn 0.362685 0.912845 0.187548
vn 0.616515 0.782923 0.083311
vn 0.394696 0.917523 0.048637
vn 0.394696 0.917523 0.048637
vn 0.616515 0.782923 0.083311
vn 0.623020 0.782119 -0.011658
vn 0.394696 0.917523 0.048637
vn 0.623020 0.782119 -0.011658
vn 0.391438 0.920202 -0.001949
vn 0.630201 0.764196 0.137300
vn 0.564423 0.794161 0.225247
vn 0.655471 0.712695 0.249847
vn 0.090973 0.995780 -0.012120
vn 0.082267 0.996604 0.003492
vn 0.151767 0.988416 -0.000124
vn 0.227935 0.972864 -0.039765
vn 0.089851 0.994629 0.051389
vn 0.175318 0.984509 0.002384
vn 0.000081 0.901647 0.432473
vn 0.000028 0.753457 0.657498
vn 0.000533 0.754079 0.656783
vn 0.000081 0.901647 0.432473
vn 0.000533 0.754079 0.656783
vn 0.000610 0.902148 0.431426
vn 0.018571 0.922944 0.384486
vn -0.002083 0.752752 0.658301
vn 0.000028 0.753457 0.657498
vn 0.018571 0.922944 0.384486
vn 0.000028 0.753457 0.657498
vn 0.000081 0.901647 0.432473
vn 0.014128 0.866574 0.498848
vn 0.002024 0.752995 0.658023
vn -0.002083 0.752752 0.658301
vn 0.014128 0.866574 0.498848
vn -0.002083 0.752752 0.658301
vn 0.018571 0.922944 0.384486
vn -0.011652 0.996111 0.087331
vn 0.047994 0.989975 0.132837
vn 0.023425 0.996350 0.082086
vn 0.082267 0.996604 0.003492
vn 0.108266 0.993437 0.036888
vn 0.151767 0.988416 -0.000124
vn 0.037054 0.998950 0.026942
vn 0.330948 0.913912 0.235026
vn 0.238634 0.943095 0.231573
vn 0.238634 0.943095 0.231573
vn 0.007107 0.999766 0.020437
vn 0.037054 0.998950 0.026942
vn 0.007107 0.999766 0.020437
vn 0.238634 0.943095 0.231573
vn 0.242361 0.915276 0.321761
vn 0.545162 0.806508 0.228785
vn 0.571375 0.798117 0.191155
vn 0.819121 0.480673 0.313040
vn 0.819121 0.480673 0.313040
vn 0.655471 0.712695 0.249847
vn 0.532196 0.803054 0.268089
vn 0.819121 0.480673 0.313040
vn 0.532196 0.803054 0.268089
vn 0.545162 0.806508 0.228785
vn 0.655471 0.712695 0.249847
vn -0.006276 0.999949 -0.007977
vn 0.472630 0.879664 0.053027
vn 0.007107 0.999766 0.020437
vn 0.242361 0.915276 0.321761
vn 0.188155 0.939018 0.287826
vn 0.016585 0.999719 0.016964
vn -0.006276 0.999949 -0.007977
vn 0.007107 0.999766 0.020437
vn 0.179671 0.976982 -0.114997
vn 0.320891 0.897772 -0.301720
vn 0.157796 0.967501 -0.197593
vn 0.320891 0.897772 -0.301720
vn 0.179671 0.976982 -0.114997
vn 0.089065 0.982823 -0.161638
vn 0.084580 0.974103 -0.209690
vn 0.324964 0.864456 -0.383555
vn 0.089065 0.982823 -0.161638
vn 0.157796 0.967501 -0.197593
vn 0.320891 0.897772 -0.301720
vn 0.148255 0.970761 -0.188794
vn 0.089065 0.982823 -0.161638
vn 0.324964 0.864456 -0.383555
vn 0.320891 0.897772 -0.301720
vn 0.247259 0.962748 -0.109448
vn 0.116838 0.979543 -0.163845
vn 0.324964 0.864456 -0.383555
vn -0.358929 0.933365 -0.000025
vn -0.670042 0.742323 -0.000032
vn -0.669967 0.742390 -0.000032
vn -0.358929 0.933365 -0.000025
vn -0.669967 0.742390 -0.000032
vn -0.358869 0.933388 -0.000026
vn 0.640628 0.306533 0.704012
vn 0.305397 0.890465 0.337350
vn 0.333704 0.922609 0.193480
vn 0.640628 0.306533 0.704012
vn 0.333704 0.922609 0.193480
vn 0.816731 0.372739 0.440473
vn -0.352938 0.931696 -0.085888
vn -0.661341 0.732617 -0.160939
vn -0.609969 0.675709 -0.413951
vn -0.352938 0.931696 -0.085888
vn -0.609969 0.675709 -0.413951
vn -0.332297 0.915819 -0.225511
vn 0.354720 0.930925 0.086900
vn -0.352938 0.931696 -0.085888
vn -0.332297 0.915819 -0.225511
vn 0.354720 0.930925 0.086900
vn -0.332297 0.915819 -0.225511
vn 0.336939 0.913240 0.229051
vn 0.891134 0.400310 0.213616
vn 0.354720 0.930925 0.086900
vn 0.336939 0.913240 0.229051
vn 0.891134 0.400310 0.213616
vn 0.336939 0.913240 0.229051
vn 0.774262 0.356950 0.522595
vn 0.305397 0.890465 0.337350
vn -0.300494 0.894108 -0.332075
vn -0.327295 0.925477 -0.190712
vn 0.305397 0.890465 0.337350
vn -0.327295 0.925477 -0.190712
vn 0.333704 0.922609 0.193480
vn -0.332297 0.915819 -0.225511
vn -0.609969 0.675709 -0.413951
vn -0.538506 0.596544 -0.595102
vn -0.332297 0.915819 -0.225511
vn -0.538506 0.596544 -0.595102
vn -0.300494 0.894108 -0.332075
vn 0.336939 0.913240 0.229051
vn -0.332297 0.915819 -0.225511
vn -0.300494 0.894108 -0.332075
vn 0.336939 0.913240 0.229051
vn -0.300494 0.894108 -0.332075
vn 0.305397 0.890465 0.337350
vn 0.774262 0.356950 0.522595
vn 0.336939 0.913240 0.229051
vn 0.305397 0.890465 0.337350
vn 0.774262 0.356950 0.522595
vn 0.305397 0.890465 0.337350
vn 0.640628 0.306533 0.704012
vn -0.300494 0.894108 -0.332075
vn -0.538506 0.596544 -0.595102
vn -0.624184 0.691456 -0.363707
vn -0.300494 0.894108 -0.332075
vn -0.624184 0.691456 -0.363707
vn -0.327295 0.925477 -0.190712
vn 0.366964 0.930235 -0.000009
vn -0.358869 0.933388 -0.000026
vn -0.358841 0.933399 -0.000002
vn 0.366964 0.930235 -0.000009
vn -0.358841 0.933399 -0.000002
vn 0.366979 0.930229 -0.000003
vn -0.327295 0.925477 -0.190712
vn -0.624184 0.691456 -0.363707
vn -0.670075 0.742293 0.000000
vn -0.327295 0.925477 -0.190712
vn -0.670075 0.742293 0.000000
vn -0.358962 0.933352 0.000000
vn 0.333704 0.922609 0.193480
vn -0.327295 0.925477 -0.190712
vn -0.358962 0.933352 0.000000
vn 0.333704 0.922609 0.193480
vn -0.358962 0.933352 0.000000
vn 0.366925 0.930251 0.000000
vn 0.816731 0.372739 0.440473
vn 0.333704 0.922609 0.193480
vn 0.366925 0.930251 0.000000
vn 0.816731 0.372739 0.440473
vn 0.366925 0.930251 0.000000
vn 0.692886 0.721048 0.000000
vn -0.358869 0.933388 -0.000026
vn -0.669967 0.742390 -0.000032
vn -0.669926 0.742428 0.000000
vn -0.358869 0.933388 -0.000026
vn -0.669926 0.742428 0.000000
vn -0.358841 0.933399 -0.000002
vn -0.358962 0.933352 0.000000
vn -0.670075 0.742293 0.000000
vn -0.670075 0.742293 0.000000
vn -0.358962 0.933352 0.000000
vn -0.670075 0.742293 0.000000
vn -0.358962 0.933352 0.000000
vn 0.366925 0.930251 0.000000
vn -0.358962 0.933352 0.000000
vn -0.358962 0.933352 0.000000
vn 0.366925 0.930251 0.000000
vn -0.358962 0.933352 0.000000
vn 0.366925 0.930251 0.000000
vn 0.692886 0.721048 0.000000
vn 0.366925 0.930251 0.000000
vn 0.366925 0.930251 0.000000
vn 0.692886 0.721048 0.000000
vn 0.366925 0.930251 0.000000
vn 0.692886 0.721048 0.000000
vn 0.692886 0.721048 0.000000
vn 0.366936 0.930246 -0.000008
vn 0.366964 0.930235 -0.000009
vn 0.692886 0.721048 0.000000
vn 0.366964 0.930235 -0.000009
vn 0.692898 0.721035 -0.000001
vn -0.358962 0.933352 0.000000
vn -0.670075 0.742293 0.000000
vn -0.670042 0.742323 -0.000032
vn -0.358962 0.933352 0.000000
vn -0.670042 0.742323 -0.000032
vn -0.358929 0.933365 -0.000025
vn 0.366925 0.930251 0.000000
vn -0.358962 0.933352 0.000000
vn -0.358929 0.933365 -0.000025
vn 0.366925 0.930251 0.000000
vn -0.358929 0.933365 -0.000025
vn 0.366936 0.930246 -0.000008
vn 0.692886 0.721048 0.000000
vn 0.366925 0.930251 0.000000
vn 0.366936 0.930246 -0.000008
vn 0.692886 0.721048 0.000000
vn 0.366936 0.930246 -0.000008
vn 0.692886 0.721048 0.000000
vn 0.366936 0.930246 -0.000008
vn -0.358929 0.933365 -0.000025
vn -0.358869 0.933388 -0.000026
vn 0.366936 0.930246 -0.000008
vn -0.358869 0.933388 -0.000026
vn 0.366964 0.930235 -0.000009
vn 0.470901 0.853070 -0.224777
vn 0.045528 0.998438 -0.032395
vn 0.043709 0.998887 -0.017738
vn 0.237777 0.831094 -0.502737
vn 0.106503 0.969472 -0.220864
vn 0.142047 0.939125 -0.312836
vn 0.164395 0.889891 -0.425522
vn 0.111644 0.978794 -0.171751
vn 0.212241 0.946049 -0.244838
vn 0.072657 0.997333 0.006879
vn 0.072657 0.997333 0.006879
vn 0.024659 0.999339 0.026701
vn 0.072657 0.997333 0.006879
vn 0.024659 0.999339 0.026701
vn 0.024659 0.999339 0.026701
vn 0.136868 0.989917 -0.036495
vn 0.196549 0.980188 -0.024498
vn 0.212241 0.946049 -0.244838
vn 0.212241 0.946049 -0.244838
vn 0.196549 0.980188 -0.024498
vn 0.374387 0.910097 -0.177645
vn 0.374387 0.910097 -0.177645
vn 0.473493 0.856742 -0.204443
vn 0.355700 0.810606 -0.465183
vn 0.072657 0.997333 0.006879
vn 0.084286 0.996420 -0.006555
vn 0.084286 0.996420 -0.006555
vn 0.072657 0.997333 0.006879
vn 0.084286 0.996420 -0.006555
vn 0.072657 0.997333 0.006879
vn 0.355700 0.810606 -0.465183
vn 0.212241 0.946049 -0.244838
vn 0.374387 0.910097 -0.177645
vn 0.111644 0.978794 -0.171751
vn 0.136868 0.989917 -0.036495
vn 0.212241 0.946049 -0.244838
vn 0.306828 0.909097 -0.281780
vn 0.712553 0.701436 -0.015971
vn 0.251204 0.966283 -0.056507
vn 0.306828 0.909097 -0.281780
vn 0.251204 0.966283 -0.056507
vn 0.106503 0.969472 -0.220864
vn 0.237777 0.831094 -0.502737
vn 0.306828 0.909097 -0.281780
vn 0.106503 0.969472 -0.220864
vn 0.375725 0.913892 -0.153728
vn 0.237777 0.831094 -0.502737
vn 0.142047 0.939125 -0.312836
vn 0.375725 0.913892 -0.153728
vn 0.142047 0.939125 -0.312836
vn 0.292942 0.948170 -0.123120
vn 0.891821 0.395552 -0.219531
vn 0.470901 0.853070 -0.224777
vn 0.356496 0.918406 -0.171582
vn 0.891821 0.395552 -0.219531
vn 0.356496 0.918406 -0.171582
vn 0.861955 0.386766 -0.327788
vn 0.891821 0.395552 -0.219531
vn 0.861955 0.386766 -0.327788
vn 0.918052 0.396443 -0.003620
vn 0.918094 0.396330 -0.005026
vn 0.918094 0.396330 -0.005026
vn 0.879874 0.384926 0.278664
vn 0.918094 0.396330 -0.005026
vn 0.879874 0.384926 0.278664
vn 0.879874 0.384926 0.278664
vn 0.775943 0.333543 0.535408
vn 0.782068 0.322548 0.533228
vn 0.775943 0.333543 0.535408
vn 0.001112 0.999948 -0.010134
vn -0.018944 0.999816 -0.003098
vn -0.095074 0.988943 -0.113808
vn 0.001112 0.999948 -0.010134
vn -0.095074 0.988943 -0.113808
vn 0.037990 0.993014 -0.111712
vn 0.001112 0.999948 -0.010134
vn 0.037990 0.993014 -0.111712
vn 0.148255 0.970761 -0.188794
vn 0.014236 0.989061 -0.146820
vn 0.148255 0.970761 -0.188794
vn 0.037990 0.993014 -0.111712
vn 0.261117 0.948886 -0.177294
vn 0.075013 0.997174 -0.004160
vn 0.122378 0.978363 0.166819
vn 0.292942 0.948170 -0.123120
vn 0.356496 0.918406 -0.171582
vn 0.470901 0.853070 -0.224777
vn 0.292942 0.948170 -0.123120
vn 0.470901 0.853070 -0.224777
vn 0.375725 0.913892 -0.153728
vn 0.013637 0.999905 0.001894
vn 0.024659 0.999339 0.026701
vn 0.024659 0.999339 0.026701
vn 0.013637 0.999905 0.001894
vn 0.024659 0.999339 0.026701
vn 0.375725 0.913892 -0.153728
vn 0.043709 0.998887 -0.017738
vn 0.013637 0.999905 0.001894
vn 0.375725 0.913892 -0.153728
vn 0.043709 0.998887 -0.017738
vn 0.375725 0.913892 -0.153728
vn 0.470901 0.853070 -0.224777
vn 0.164395 0.889891 -0.425522
vn 0.212241 0.946049 -0.244838
vn 0.355700 0.810606 -0.465183
vn -0.000058 1.000000 -0.000079
vn 0.000000 1.000000 0.000000
vn -0.000009 1.000000 -0.000028
vn 0.000000 1.000000 0.000000
vn 0.000000 1.000000 0.000000
vn 0.000000 1.000000 0.000000
vn 0.000000 1.000000 0.000000
vn 0.000000 1.000000 0.000000
vn 0.000000 1.000000 0.000000
vn 0.000244 1.000000 -0.000038
vn 0.000377 1.000000 0.000108
vn 0.000377 1.000000 0.000108
vn 0.000244 1.000000 -0.000038
vn 0.000377 1.000000 0.000108
vn 0.000244 1.000000 -0.000038
vn -0.000058 1.000000 -0.000079
vn -0.000107 1.000000 -0.000260
vn -0.000071 1.000000 -0.000173
vn 0.000076 1.000000 -0.000185
vn 0.000000 1.000000 -0.000260
vn 0.000000 1.000000 -0.000260
vn 0.000076 1.000000 -0.000185
vn 0.000000 1.000000 -0.000260
vn 0.000076 1.000000 -0.000185
vn -0.000019 1.000000 -0.000155
vn 0.000076 1.000000 -0.000185
vn 0.000076 1.000000 -0.000185
vn -0.000019 1.000000 -0.000155
vn 0.000076 1.000000 -0.000185
vn -0.000019 1.000000 -0.000155
vn -0.000040 1.000000 -0.000192
vn -0.000019 1.000000 -0.000155
vn -0.000019 1.000000 -0.000155
vn -0.000040 1.000000 -0.000192
vn -0.000019 1.000000 -0.000155
vn -0.000040 1.000000 -0.000192
vn 0.000244 1.000000 -0.000038
vn -0.000040 1.000000 -0.000192
vn -0.000040 1.000000 -0.000192
vn 0.000244 1.000000 -0.000038
vn -0.000040 1.000000 -0.000192
vn 0.000244 1.000000 -0.000038
vn -0.000071 1.000000 -0.000173
vn -0.000107 1.000000 -0.000260
vn 0.000000 1.000000 -0.000260
vn -0.000071 1.000000 -0.000173
vn 0.000000 1.000000 -0.000260
vn 0.000000 1.000000 -0.000260
vn -0.000058 1.000000 -0.000079
vn -0.000071 1.000000 -0.000173
vn 0.000000 1.000000 0.000000
vn -0.000058 1.000000 -0.000079
vn 0.000000 1.000000 0.000000
vn 0.000000 1.000000 0.000000
vn -0.000058 1.000000 -0.000079
vn 0.000000 1.000000 0.000000
vn 0.000000 1.000000 0.000000
vn -0.000058 1.000000 -0.000079
vn 0.000000 1.000000 0.000000
vn 0.000000 1.000000 0.000000
vn -0.000058 1.000000 -0.000079
vn 0.000000 1.000000 0.000000
vn 0.000000 1.000000 0.000000
vn -0.000058 1.000000 -0.000079
vn 0.000000 1.000000 0.000000
vn 0.000000 1.000000 0.000000
vn -0.000058 1.000000 -0.000079
vn 0.000000 1.000000 0.000000
vn 0.000000 1.000000 0.000000
vn -0.000174 1.000000 0.000178
vn -0.000195 1.000000 0.000332
vn -0.000250 1.000000 0.000216
vn 0.102592 0.444492 0.889888
vn 0.102592 0.444492 0.889888
vn 0.211251 0.437023 0.874291
vn 0.102592 0.444492 0.889888
vn 0.211251 0.437023 0.874291
vn 0.218507 0.439298 0.871362
vn 0.000043 1.000000 0.000119
vn 0.000009 1.000000 -0.000015
vn 0.000009 1.000000 -0.000015
vn 0.000043 1.000000 0.000119
vn 0.000009 1.000000 -0.000015
vn 0.000009 1.000000 -0.000015
vn 0.000043 1.000000 0.000119
vn 0.000009 1.000000 -0.000015
vn 0.000009 1.000000 -0.000015
vn 0.000043 1.000000 0.000119
vn 0.000009 1.000000 -0.000015
vn 0.000009 1.000000 -0.000015
vn 0.000043 1.000000 0.000119
vn 0.000009 1.000000 -0.000015
vn -0.000120 1.000000 0.000059
vn 0.000043 1.000000 0.000119
vn -0.000120 1.000000 0.000059
vn -0.000085 1.000000 0.000193
vn 0.356496 0.918406 -0.171582
vn 0.292942 0.948170 -0.123120
vn -0.000179 1.000000 0.000097
vn 0.356496 0.918406 -0.171582
vn -0.000179 1.000000 0.000097
vn -0.000174 1.000000 0.000178
vn -0.000250 1.000000 0.000216
vn 0.356496 0.918406 -0.171582
vn -0.000174 1.000000 0.000178
vn 0.000000 1.000000 0.000000
vn 0.000064 1.000000 0.000511
vn 0.000000 1.000000 0.000747
vn 0.000000 1.000000 0.000000
vn 0.000000 1.000000 0.000747
vn 0.000000 1.000000 0.000000
vn -0.000190 1.000000 0.000113
vn -0.000043 1.000000 -0.000082
vn -0.000043 1.000000 -0.000082
vn -0.000190 1.000000 0.000113
vn -0.000043 1.000000 -0.000082
vn -0.000043 1.000000 -0.000082
vn -0.000190 1.000000 0.000113
vn -0.000043 1.000000 -0.000082
vn -0.000043 1.000000 -0.000082
vn -0.000190 1.000000 0.000113
vn -0.000043 1.000000 -0.000082
vn -0.000043 1.000000 -0.000082
vn -0.000190 1.000000 0.000113
vn -0.000043 1.000000 -0.000082
vn -0.000043 1.000000 -0.000082
vn -0.000190 1.000000 0.000113
vn -0.000043 1.000000 -0.000082
vn -0.000457 1.000000 0.000395
vn 0.000096 1.000000 0.000766
vn 0.000000 1.000000 0.000747
vn 0.000064 1.000000 0.000511
vn 0.000202 1.000000 -0.000006
vn 0.000096 1.000000 0.000766
vn 0.000064 1.000000 0.000511
vn 0.000202 1.000000 -0.000006
vn 0.000064 1.000000 0.000511
vn 0.000189 1.000000 0.000022
vn 0.000188 1.000000 0.000014
vn 0.000202 1.000000 -0.000006
vn 0.000189 1.000000 0.000022
vn 0.000218 1.000000 -0.000086
vn -0.000190 1.000000 0.000113
vn -0.000263 1.000000 0.000210
vn 0.000218 1.000000 -0.000086
vn -0.000263 1.000000 0.000210
vn 0.000245 1.000000 -0.000167
vn 0.000000 1.000000 0.000000
vn 0.000000 1.000000 0.000000
vn 0.000000 1.000000 0.000000
vn 0.000000 1.000000 0.000000
vn 0.000000 1.000000 0.000000
vn 0.000000 1.000000 0.000000
vn 0.000000 1.000000 0.000000
vn 0.000000 1.000000 0.000000
vn 0.000000 1.000000 0.000000
vn 0.000000 1.000000 0.000000
vn 0.000000 1.000000 0.000000
vn 0.000000 1.000000 0.000000
vn 0.000000 1.000000 0.000000
vn 0.000000 1.000000 0.000000
vn 0.000000 1.000000 0.000000
vn 0.000000 1.000000 0.000000
vn 0.000000 1.000000 0.000000
vn 0.000000 1.000000 0.000000
vn 0.000000 1.000000 0.000000
vn 0.000000 1.000000 0.000000
vn 0.000000 1.000000 0.000000
vn 0.000000 1.000000 0.000000
vn 0.000000 1.000000 0.000000
vn 0.000000 1.000000 0.000000
vn -0.000190 1.000000 0.000113
vn -0.000457 1.000000 0.000395
vn -0.000263 1.000000 0.000210
vn 0.000218 1.000000 -0.000086
vn 0.000245 1.000000 -0.000167
vn 0.000154 1.000000 0.000097
vn 0.000154 1.000000 0.000097
vn 0.000188 1.000000 0.000014
vn 0.000189 1.000000 0.000022
vn 0.000154 1.000000 0.000097
vn 0.000189 1.000000 0.000022
vn 0.000218 1.000000 -0.000086
vn 0.000000 1.000000 0.000000
vn 0.000000 1.000000 0.000000
vn 0.000000 1.000000 0.000000
vn 0.000000 1.000000 0.000000
vn 0.000000 1.000000 0.000000
vn 0.000000 1.000000 0.000000
vn 0.000000 1.000000 0.000000
vn 0.000000 1.000000 0.000000
vn 0.000000 1.000000 0.000000
vn 0.000000 1.000000 0.000000
vn 0.000000 1.000000 0.000000
vn 0.000000 1.000000 0.000000
vn 0.000000 1.000000 0.000000
vn 0.692886 0.721048 0.000000
vn 0.692886 0.721048 0.000000
vn 0.000000 1.000000 0.000000
vn 0.692886 0.721048 0.000000
vn 0.000000 1.000000 0.000000
vn 0.000000 1.000000 0.000000
vn 0.000000 1.000000 0.000000
vn 0.000000 1.000000 0.000000
vn 0.000000 1.000000 0.000000
vn 0.000000 1.000000 0.000000
vn 0.000000 1.000000 0.000000
vn 0.000000 1.000000 0.000000
vn 0.000000 1.000000 0.000000
vn 0.000000 1.000000 0.000000
vn 0.000000 1.000000 0.000000
vn 0.000000 1.000000 0.000000
vn 0.000000 1.000000 0.000000
vn 0.000000 1.000000 0.000000
vn 0.000000 1.000000 0.000000
vn 0.000000 1.000000 0.000000
vn 0.000000 1.000000 0.000000
vn 0.000000 1.000000 0.000000
vn 0.000000 1.000000 0.000000
vn 0.000000 1.000000 0.000000
vn 0.000000 1.000000 0.000000
vn 0.000000 1.000000 0.000000
vn 0.000000 1.000000 0.000000
vn 0.000000 1.000000 0.000000
vn 0.000000 1.000000 0.000000
vn 0.000000 1.000000 0.000000
vn 0.000000 1.000000 0.000000
vn 0.000000 1.000000 0.000000
vn 0.692886 0.721048 0.000000
vn 0.692898 0.721035 -0.000001
vn 0.000000 1.000000 0.000000
vn 0.692886 0.721048 0.000000
vn 0.000000 1.000000 0.000000
vn 0.000000 1.000000 0.000000
vn 0.000000 1.000000 0.000000
vn 0.000000 1.000000 0.000000
vn 0.000000 1.000000 0.000000
vn 0.000000 1.000000 0.000000
vn 0.000000 1.000000 0.000000
vn 0.000000 1.000000 0.000000
vn 0.261117 0.948886 -0.177294
vn 0.218916 0.975726 -0.005888
vn 0.230433 0.915056 -0.331017
vn 0.000000 1.000000 0.000000
vn 0.000000 1.000000 0.000000
vn 0.000000 1.000000 0.000000
vn 0.000000 1.000000 0.000000
vn 0.000000 1.000000 0.000000
vn 0.000000 1.000000 0.000000
vn 0.000000 1.000000 0.000000
vn 0.000000 1.000000 0.000000
vn 0.000000 1.000000 0.000000
vn 0.000000 1.000000 0.000000
vn 0.000000 1.000000 0.000000
vn 0.000000 1.000000 0.000000
vn 0.000000 1.000000 0.000000
vn 0.000000 1.000000 0.000000
vn 0.000000 1.000000 0.000000
vn 0.000000 1.000000 0.000000
vn 0.000000 1.000000 0.000000
vn 0.000000 1.000000 0.000000
vn 0.000000 1.000000 0.000000
vn 0.000000 1.000000 0.000000
vn 0.000000 1.000000 0.000000
vn 0.000000 1.000000 0.000000
vn 0.000000 1.000000 0.000000
vn 0.000000 1.000000 0.000000
vn 0.000000 1.000000 0.000000
vn 0.000000 1.000000 0.000000
vn 0.000000 1.000000 0.000000
vn 0.000000 1.000000 0.000000
vn 0.000000 1.000000 0.000000
vn 0.000000 1.000000 0.000000
vn 0.000000 1.000000 0.000000
vn 0.000000 1.000000 0.000000
vn 0.000000 1.000000 0.000000
vn 0.000000 1.000000 0.000000
vn 0.000000 1.000000 0.000000
vn 0.000000 1.000000 0.000000
vn 0.000000 1.000000 0.000000
vn 0.000000 1.000000 0.000000
vn 0.000000 1.000000 0.000000
vn 0.000000 1.000000 0.000000
vn 0.000000 1.000000 0.000000
vn 0.000000 1.000000 0.000000
vn 0.000000 1.000000 0.000000
vn 0.000000 1.000000 0.000000
vn 0.000000 1.000000 0.000000
vn 0.000000 1.000000 0.000000
vn 0.000000 1.000000 0.000000
vn 0.000000 1.000000 0.000000
vn 0.000000 1.000000 0.000000
vn 0.000000 1.000000 0.000000
vn 0.000000 1.000000 0.000000
vn -0.000036 1.000000 0.000006
vn -0.000072 1.000000 0.000012
vn 0.000000 1.000000 0.000000
vn -0.000036 1.000000 0.000006
vn 0.000000 1.000000 0.000000
vn 0.000000 1.000000 0.000000
vn -0.000036 1.000000 0.000006
vn 0.000000 1.000000 0.000000
vn 0.000000 1.000000 0.000000
vn 0.000000 1.000000 0.000000
vn -0.000036 1.000000 0.000006
vn 0.000000 1.000000 0.000000
vn 0.000000 1.000000 0.000000
vn 0.000000 1.000000 0.000000
vn 0.000000 1.000000 0.000000
vn 0.000000 1.000000 0.000000
vn 0.000000 1.000000 0.000000
vn 0.000000 1.000000 0.000000
vn 0.000000 1.000000 0.000000
vn 0.000000 1.000000 0.000000
vn 0.000000 1.000000 0.000000
vn 0.000000 1.000000 0.000000
vn 0.000000 1.000000 0.000000
vn 0.000000 1.000000 0.000000
vn 0.000000 1.000000 0.000000
vn 0.000000 1.000000 0.000000
vn 0.000000 1.000000 0.000000
vn 0.000000 1.000000 0.000000
vn 0.000000 1.000000 0.000000
vn 0.000000 1.000000 0.000000
vn 0.000000 1.000000 0.000000
vn 0.000000 1.000000 0.000000
vn 0.000000 1.000000 0.000000
vn 0.000000 1.000000 0.000000
vn 0.000000 1.000000 0.000000
vn 0.000000 1.000000 0.000000
vn 0.000000 1.000000 0.000000
vn 0.000000 1.000000 0.000000
vn 0.000000 1.000000 0.000000
vn 0.000000 1.000000 0.000000
vn 0.000000 1.000000 0.000000
vn -0.000094 1.000000 0.000023
vn 0.000000 1.000000 0.000000
vn -0.000094 1.000000 0.000023
vn 0.000000 1.000000 0.000000
vn 0.000000 1.000000 0.000000
vn -0.000094 1.000000 0.000023
vn -0.000187 1.000000 0.000096
vn -0.000187 1.000000 0.000096
vn -0.000094 1.000000 0.000023
vn 0.001112 0.999948 -0.010134
vn 0.001112 0.999948 -0.010134
vn 0.148255 0.970761 -0.188794
vn -0.000187 1.000000 0.000096
vn -0.000193 1.000000 0.000321
vn 0.142047 0.939125 -0.312836
vn 0.106503 0.969472 -0.220864
vn -0.000193 1.000000 0.000321
vn 0.106503 0.969472 -0.220864
vn -0.000545 1.000000 0.000380
vn 0.000004 1.000000 0.000097
vn 0.000000 1.000000 0.000000
vn 0.000000 1.000000 0.000000
vn 0.000004 1.000000 0.000097
vn 0.000000 1.000000 0.000000
vn 0.000004 1.000000 0.000097
vn 0.000004 1.000000 0.000097
vn 0.000004 1.000000 0.000097
vn -0.000167 1.000000 0.000224
vn 0.000004 1.000000 0.000097
vn -0.000167 1.000000 0.000224
vn -0.000167 1.000000 0.000224
vn -0.000470 1.000000 0.000172
vn 0.292942 0.948170 -0.123120
vn 0.142047 0.939125 -0.312836
vn -0.000470 1.000000 0.000172
vn 0.142047 0.939125 -0.312836
vn -0.000193 1.000000 0.000321
vn -0.000243 1.000000 0.000140
vn -0.000243 1.000000 0.000140
vn -0.000167 1.000000 0.000224
vn -0.000243 1.000000 0.000140
vn -0.000167 1.000000 0.000224
vn -0.000167 1.000000 0.000224
vn -0.000179 1.000000 0.000097
vn 0.292942 0.948170 -0.123120
vn -0.000470 1.000000 0.000172
vn -0.000072 1.000000 0.000012
vn -0.000036 1.000000 0.000006
vn -0.000243 1.000000 0.000140
vn -0.000072 1.000000 0.000012
vn -0.000243 1.000000 0.000140
vn -0.000243 1.000000 0.000140
vn 1.000000 0.000000 0.000000
vn 1.000000 0.000000 0.000000
vn 1.000000 0.000000 0.000000
vn 1.000000 0.000000 0.000000
vn 1.000000 0.000000 0.000000
vn 1.000000 0.000000 0.000000
vn 0.000000 1.000000 0.000000
vn 0.000000 1.000000 0.000000
vn 0.000000 1.000000 0.000000
vn 0.000000 1.000000 0.000000
vn 0.000000 1.000000 0.000000
vn 0.000000 1.000000 0.000000
vn 0.000000 1.000000 0.000000
vn 0.000000 1.000000 0.000000
vn 0.000000 1.000000 0.000000
vn 0.000000 0.000000 1.000000
vn 0.000000 0.000000 1.000000
vn 0.000000 0.000000 1.000000
vn 0.000000 0.000000 1.000000
vn 0.000000 0.000000 1.000000
vn 0.000000 0.000000 1.000000
vn 0.000000 0.000000 1.000000
vn 0.000000 0.000000 1.000000
vn 0.000000 0.000000 1.000000
vn 0.000000 0.000000 1.000000
vn 0.000000 0.000000 1.000000
vn 0.000000 0.000000 1.000000
vn -1.000000 0.000000 0.000000
vn -0.987087 0.000000 0.160182
vn -0.987087 0.000000 0.160182
vn -1.000000 0.000000 0.000000
vn -0.987087 0.000000 0.160182
vn -1.000000 0.000000 0.000000
vn 0.000000 0.000000 1.000000
vn 0.000000 0.000000 1.000000
vn -0.160182 0.000000 0.987087
vn 0.000000 0.000000 1.000000
vn -0.160182 0.000000 0.987087
vn -0.160182 0.000000 0.987087
vn -0.242536 0.000000 -0.970142
vn -0.242536 0.000000 -0.970142
vn -0.242536 0.000000 -0.970142
vn -0.242536 0.000000 -0.970142
vn -0.242536 0.000000 -0.970142
vn -0.242536 0.000000 -0.970142
vn 1.000000 0.000000 0.000000
vn 1.000000 0.000000 0.000000
vn 1.000000 0.000000 0.000000
vn 1.000000 0.000000 0.000000
vn 1.000000 0.000000 0.000000
vn 1.000000 0.000000 0.000000
vn 1.000000 0.000000 0.000000
vn 1.000000 0.000000 0.000000
vn 1.000000 0.000000 0.000000
vn 1.000000 0.000000 0.000000
vn 1.000000 0.000000 0.000000
vn 1.000000 0.000000 0.000000
vn -0.564684 0.000000 -0.825307
vn -0.564684 0.000000 -0.825307
vn -0.564684 0.000000 -0.825307
vn -0.564684 0.000000 -0.825307
vn -0.564684 0.000000 -0.825307
vn -0.564684 0.000000 -0.825307
vn -0.564684 0.000000 -0.825307
vn -0.564684 0.000000 -0.825307
vn -0.564684 0.000000 -0.825307
vn -0.564684 0.000000 -0.825307
vn -0.564684 0.000000 -0.825307
vn -0.564684 0.000000 -0.825307
vn 0.755454 0.000000 0.655202
vn 0.800000 0.000000 0.600000
vn 0.800000 0.000000 0.600000
vn 0.755454 0.000000 0.655202
vn 0.800000 0.000000 0.600000
vn 0.755454 0.000000 0.655202
vn -1.000000 0.000000 0.000000
vn -1.000000 0.000000 0.000000
vn -1.000000 0.000000 0.000000
vn -1.000000 0.000000 0.000000
vn -1.000000 0.000000 0.000000
vn -1.000000 0.000000 0.000000
vn 0.891134 0.400310 0.213616
vn 0.774262 0.356950 0.522595
vn 0.830251 0.000000 0.557390
vn 0.891134 0.400310 0.213616
vn 0.830251 0.000000 0.557390
vn 0.973249 0.000000 0.229753
vn 0.640628 0.306533 0.704012
vn 0.816731 0.372739 0.440473
vn 0.891115 0.000000 0.453778
vn 0.640628 0.306533 0.704012
vn 0.891115 0.000000 0.453778
vn 0.674569 0.000000 0.738211
vn -0.987087 0.000000 -0.160182
vn -1.000000 0.000000 0.000000
vn -1.000000 0.000000 0.000000
vn -0.987087 0.000000 -0.160182
vn -1.000000 0.000000 0.000000
vn -0.987087 0.000000 -0.160182
vn 0.816731 0.372739 0.440473
vn 0.692886 0.721048 0.000000
vn 1.000000 0.000000 0.000000
vn 0.816731 0.372739 0.440473
vn 1.000000 0.000000 0.000000
vn 0.891115 0.000000 0.453778
vn 0.000000 0.000000 -1.000000
vn 0.000000 0.000000 -1.000000
vn 0.000000 0.000000 -1.000000
vn 0.000000 0.000000 -1.000000
vn 0.000000 0.000000 -1.000000
vn 0.000000 0.000000 -1.000000
vn -0.525731 0.000000 -0.850651
vn -0.707107 0.000000 -0.707107
vn -0.707107 0.000000 -0.707107
vn -0.525731 0.000000 -0.850651
vn -0.707107 0.000000 -0.707107
vn -0.525731 0.000000 -0.850651
vn -0.316228 0.000000 -0.948683
vn -0.525731 0.000000 -0.850651
vn -0.525731 0.000000 -0.850651
vn -0.316228 0.000000 -0.948683
vn -0.525731 0.000000 -0.850651
vn -0.316228 0.000000 -0.948683
vn -0.948683 0.000000 -0.316228
vn -0.987087 0.000000 -0.160182
vn -0.987087 0.000000 -0.160182
vn -0.948683 0.000000 -0.316228
vn -0.987087 0.000000 -0.160182
vn -0.948683 0.000000 -0.316228
vn -1.000000 0.000000 0.000000
vn -1.000000 0.000000 0.000000
vn -1.000000 0.000000 0.000000
vn -1.000000 0.000000 0.000000
vn -1.000000 0.000000 0.000000
vn -1.000000 0.000000 0.000000
vn -0.894427 0.000000 -0.447214
vn -0.894427 0.000000 -0.447214
vn -0.894427 0.000000 -0.447214
vn -0.894427 0.000000 -0.447214
vn -0.894427 0.000000 -0.447214
vn -0.894427 0.000000 -0.447214
vn 0.774262 0.356950 0.522595
vn 0.640628 0.306533 0.704012
vn 0.674569 0.000000 0.738211
vn 0.774262 0.356950 0.522595
vn 0.674569 0.000000 0.738211
vn 0.830251 0.000000 0.557390
vn 0.888101 0.453836 0.072871
vn 0.919565 0.392861 0.007789
vn 1.000000 0.000000 0.000000
vn 0.888101 0.453836 0.072871
vn 1.000000 0.000000 0.000000
vn 0.996593 0.000000 0.082481
vn -1.000000 0.000000 0.000000
vn -1.000000 0.000000 0.000000
vn -1.000000 0.000000 0.000000
vn -1.000000 0.000000 0.000000
vn -1.000000 0.000000 0.000000
vn -1.000000 0.000000 0.000000
vn 0.919565 0.392861 0.007789
vn 0.891134 0.400310 0.213616
vn 0.973249 0.000000 0.229753
vn 0.919565 0.392861 0.007789
vn 0.973249 0.000000 0.229753
vn 1.000000 0.000000 0.000000
vn 0.707107 0.000000 0.707107
vn 0.707107 0.000000 0.707107
vn 0.707107 0.000000 0.707107
vn 0.707107 0.000000 0.707107
vn 0.707107 0.000000 0.707107
vn 0.707107 0.000000 0.707107
vn 1.000000 0.000000 0.000000
vn 0.987087 0.000000 -0.160182
vn 0.987087 0.000000 -0.160182
vn 1.000000 0.000000 0.000000
vn 0.987087 0.000000 -0.160182
vn 1.000000 0.000000 0.000000
vn 0.378633 0.000000 0.925547
vn 0.378633 0.000000 0.925547
vn 0.378633 0.000000 0.925547
vn 0.378633 0.000000 0.925547
vn 0.378633 0.000000 0.925547
vn 0.378633 0.000000 0.925547
vn 0.000000 0.000000 -1.000000
vn 0.000000 0.000000 -1.000000
vn 0.000000 0.000000 -1.000000
vn 0.000000 0.000000 -1.000000
vn 0.000000 0.000000 -1.000000
vn 0.000000 0.000000 -1.000000
vn 0.224860 0.000000 -0.974391
vn 0.224860 0.000000 -0.974391
vn 0.224860 0.000000 -0.974391
vn 0.224860 0.000000 -0.974391
vn 0.224860 0.000000 -0.974391
vn 0.224860 0.000000 -0.974391
vn -1.000000 0.000000 0.000000
vn -1.000000 0.000000 0.000000
vn -1.000000 0.000000 0.000000
vn -1.000000 0.000000 0.000000
vn -1.000000 0.000000 0.000000
vn -1.000000 0.000000 0.000000
vn 0.000000 0.000000 -1.000000
vn 0.000000 0.000000 -1.000000
vn 0.000000 0.000000 -1.000000
vn 0.000000 0.000000 -1.000000
vn 0.000000 0.000000 -1.000000
vn 0.000000 0.000000 -1.000000
vn 0.707107 0.000000 -0.707107
vn 0.707107 0.000000 -0.707107
vn 0.707107 0.000000 -0.707107
vn 0.707107 0.000000 -0.707107
vn 0.707107 0.000000 -0.707107
vn 0.707107 0.000000 -0.707107
vn 0.987087 0.000000 -0.160182
vn 0.948683 0.000000 -0.316228
vn 0.948683 0.000000 -0.316228
vn 0.987087 0.000000 -0.160182
vn 0.948683 0.000000 -0.316228
vn 0.987087 0.000000 -0.160182
vn 0.316228 0.000000 -0.948683
vn 0.316228 0.000000 -0.948683
vn 0.316228 0.000000 -0.948683
vn 0.316228 0.000000 -0.948683
vn 0.316228 0.000000 -0.948683
vn 0.316228 0.000000 -0.948683
vn 0.507020 0.000000 -0.861934
vn 0.507020 0.000000 -0.861934
vn 0.507020 0.000000 -0.861934
vn 0.507020 0.000000 -0.861934
vn 0.507020 0.000000 -0.861934
vn 0.507020 0.000000 -0.861934
vn -0.707107 0.000000 0.707107
vn -0.707107 0.000000 0.707107
vn -0.707107 0.000000 0.707107
vn -0.707107 0.000000 0.707107
vn -0.707107 0.000000 0.707107
vn -0.707107 0.000000 0.707107
vn -0.850651 0.000000 0.525731
vn -0.525731 0.000000 0.850651
vn -0.525731 0.000000 0.850651
vn -0.850651 0.000000 0.525731
vn -0.525731 0.000000 0.850651
vn -0.850651 0.000000 0.525731
vn -0.987087 0.000000 0.160182
vn -0.850651 0.000000 0.525731
vn -0.850651 0.000000 0.525731
vn -0.987087 0.000000 0.160182
vn -0.850651 0.000000 0.525731
vn -0.987087 0.000000 0.160182
vn 0.000000 1.000000 0.000000
vn 0.000000 1.000000 0.000000
vn 0.000000 1.000000 0.000000
vn 0.000000 1.000000 0.000000
vn 0.000000 1.000000 0.000000
vn 0.000000 1.000000 0.000000
vn 0.000000 0.000000 1.000000
vn 0.000000 0.000000 1.000000
vn 0.000000 0.000000 1.000000
vn 0.000000 0.000000 1.000000
vn 0.000000 0.000000 1.000000
vn 0.000000 0.000000 1.000000
vn -0.514496 0.000000 0.857493
vn -0.514496 0.000000 0.857493
vn -0.514496 0.000000 0.857493
vn -0.514496 0.000000 0.857493
vn -0.514496 0.000000 0.857493
vn -0.514496 0.000000 0.857493
vn -0.242536 0.000000 0.970142
vn -0.242536 0.000000 0.970142
vn -0.242536 0.000000 0.970142
vn -0.242536 0.000000 0.970142
vn -0.242536 0.000000 0.970142
vn -0.242536 0.000000 0.970142
vn -0.083045 0.000000 0.996546
vn -0.083045 0.000000 0.996546
vn -0.083045 0.000000 0.996546
vn -0.083045 0.000000 0.996546
vn -0.083045 0.000000 0.996546
vn -0.083045 0.000000 0.996546
vn 0.037990 0.993014 -0.111712
vn -0.095074 0.988943 -0.113808
vn 0.014236 0.989061 -0.146820
vn 0.000000 0.000000 1.000000
vn 0.000000 0.000000 1.000000
vn 0.000000 0.000000 1.000000
vn 0.000000 0.000000 1.000000
vn 0.000000 0.000000 1.000000
vn 0.000000 0.000000 1.000000
vn 0.091432 0.981119 -0.170426
vn 0.148255 0.970761 -0.188794
vn 0.014236 0.989061 -0.146820
vn 0.854777 0.478647 0.200634
vn 0.888101 0.453836 0.072871
vn 0.996593 0.000000 0.082481
vn 0.854777 0.478647 0.200634
vn 0.996593 0.000000 0.082481
vn 0.970512 0.000000 0.241052
vn -0.970142 0.000000 -0.242536
vn -0.970142 0.000000 -0.242536
vn -0.970142 0.000000 -0.242536
vn -0.970142 0.000000 -0.242536
vn -0.970142 0.000000 -0.242536
vn -0.970142 0.000000 -0.242536
vn -1.000000 0.000000 0.000000
vn -1.000000 0.000000 0.000000
vn -1.000000 0.000000 0.000000
vn -1.000000 0.000000 0.000000
vn -1.000000 0.000000 0.000000
vn -1.000000 0.000000 0.000000
vn -0.650791 0.000000 0.759257
vn -0.650791 0.000000 0.759257
vn -0.650791 0.000000 0.759257
vn -0.650791 0.000000 0.759257
vn -0.650791 0.000000 0.759257
vn -0.650791 0.000000 0.759257
vn -0.447214 0.000000 -0.894427
vn -0.447214 0.000000 -0.894427
vn -0.447214 0.000000 -0.894427
vn -0.447214 0.000000 -0.894427
vn -0.447214 0.000000 -0.894427
vn -0.447214 0.000000 -0.894427
vn 0.692886 0.721048 0.000000
vn 0.692886 0.721048 0.000000
vn 1.000000 0.000000 0.000000
vn 0.692886 0.721048 0.000000
vn 1.000000 0.000000 0.000000
vn 1.000000 0.000000 0.000000
vn 0.000000 0.000000 1.000000
vn 0.000000 0.000000 1.000000
vn 0.000000 0.000000 1.000000
vn 0.000000 0.000000 1.000000
vn 0.000000 0.000000 1.000000
vn 0.000000 0.000000 1.000000
vn -1.000000 0.000000 0.000000
vn -1.000000 0.000000 0.000000
vn -1.000000 0.000000 0.000000
vn -1.000000 0.000000 0.000000
vn -1.000000 0.000000 0.000000
vn -1.000000 0.000000 0.000000
vn 0.692898 0.721035 -0.000001
vn 0.917254 0.398304 -0.000001
vn 1.000000 0.000000 0.000000
vn 0.692898 0.721035 -0.000001
vn 1.000000 0.000000 0.000000
vn 1.000000 0.000000 0.000000
vn 0.447214 0.000000 0.894427
vn 0.447214 0.000000 0.894427
vn 0.447214 0.000000 0.894427
vn 0.447214 0.000000 0.894427
vn 0.447214 0.000000 0.894427
vn 0.447214 0.000000 0.894427
vn -0.257663 0.000000 -0.966235
vn -0.257663 0.000000 -0.966235
vn -0.257663 0.000000 -0.966235
vn -0.257663 0.000000 -0.966235
vn -0.257663 0.000000 -0.966235
vn -0.257663 0.000000 -0.966235
vn 0.707107 0.000000 0.707107
vn 0.707107 0.000000 0.707107
vn 0.707107 0.000000 0.707107
vn 0.707107 0.000000 0.707107
vn 0.707107 0.000000 0.707107
vn 0.707107 0.000000 0.707107
vn 0.894427 0.000000 0.447214
vn 0.894427 0.000000 0.447214
vn 0.894427 0.000000 0.447214
vn 0.894427 0.000000 0.447214
vn 0.894427 0.000000 0.447214
vn 0.894427 0.000000 0.447214
vn 0.819121 0.480673 0.313040
vn 0.854777 0.478647 0.200634
vn 0.970512 0.000000 0.241052
vn 0.819121 0.480673 0.313040
vn 0.970512 0.000000 0.241052
vn 0.932332 0.000000 0.361604
vn 0.763386 0.000000 -0.645942
vn 0.763386 0.000000 -0.645942
vn 0.763386 0.000000 -0.645942
vn 0.763386 0.000000 -0.645942
vn 0.763386 0.000000 -0.645942
vn 0.763386 0.000000 -0.645942
vn 0.655471 0.712695 0.249847
vn 0.819121 0.480673 0.313040
vn 0.932332 0.000000 0.361604
vn 0.655471 0.712695 0.249847
vn 0.932332 0.000000 0.361604
vn 0.913812 0.000000 0.406138
vn -0.894427 0.000000 -0.447214
vn -0.894427 0.000000 -0.447214
vn -0.894427 0.000000 -0.447214
vn -0.894427 0.000000 -0.447214
vn -0.894427 0.000000 -0.447214
vn -0.894427 0.000000 -0.447214
vn 0.000000 0.000000 -1.000000
vn 0.000000 0.000000 -1.000000
vn 0.000000 0.000000 -1.000000
vn 0.000000 0.000000 -1.000000
vn 0.000000 0.000000 -1.000000
vn 0.000000 0.000000 -1.000000
vn 0.894427 0.000000 0.447214
vn 0.894427 0.000000 0.447214
vn 0.894427 0.000000 0.447214
vn 0.894427 0.000000 0.447214
vn 0.894427 0.000000 0.447214
vn 0.894427 0.000000 0.447214
vn 0.257663 0.000000 0.966235
vn 0.257663 0.000000 0.966235
vn 0.257663 0.000000 0.966235
vn 0.257663 0.000000 0.966235
vn 0.257663 0.000000 0.966235
vn 0.257663 0.000000 0.966235
vn 0.800000 0.000000 0.600000
vn 0.800000 0.000000 0.600000
vn 0.800000 0.000000 0.600000
vn 0.800000 0.000000 0.600000
vn 0.800000 0.000000 0.600000
vn 0.800000 0.000000 0.600000
vn 0.707107 0.000000 0.707107
vn 0.707107 0.000000 0.707107
vn 0.707107 0.000000 0.707107
vn 0.707107 0.000000 0.707107
vn 0.707107 0.000000 0.707107
vn 0.707107 0.000000 0.707107
vn 0.707107 0.000000 0.707107
vn 0.707107 0.000000 0.707107
vn 0.707107 0.000000 0.707107
vn 0.707107 0.000000 0.707107
vn 0.707107 0.000000 0.707107
vn 0.707107 0.000000 0.707107
vn -0.707107 0.000000 0.707107
vn -0.707107 0.000000 0.707107
vn -0.707107 0.000000 0.707107
vn -0.707107 0.000000 0.707107
vn -0.707107 0.000000 0.707107
vn -0.707107 0.000000 0.707107
vn -0.707107 0.000000 -0.707107
vn -0.707107 0.000000 -0.707107
vn -0.707107 0.000000 -0.707107
vn -0.707107 0.000000 -0.707107
vn -0.707107 0.000000 -0.707107
vn -0.707107 0.000000 -0.707107
vn 0.707107 0.000000 0.707107
vn 0.755454 0.000000 0.655202
vn 0.755454 0.000000 0.655202
vn 0.707107 0.000000 0.707107
vn 0.755454 0.000000 0.655202
vn 0.707107 0.000000 0.707107
vn -0.707107 0.000000 0.707107
vn -0.707107 0.000000 0.707107
vn -0.707107 0.000000 0.707107
vn -0.707107 0.000000 0.707107
vn -0.707107 0.000000 0.707107
vn -0.707107 0.000000 0.707107
vn -0.707107 0.000000 0.707107
vn -0.707107 0.000000 0.707107
vn -0.707107 0.000000 0.707107
vn -0.707107 0.000000 0.707107
vn -0.707107 0.000000 0.707107
vn -0.707107 0.000000 0.707107
vn -0.707107 0.000000 -0.707107
vn -0.707107 0.000000 -0.707107
vn -0.707107 0.000000 -0.707107
vn -0.707107 0.000000 -0.707107
vn -0.707107 0.000000 -0.707107
vn -0.707107 0.000000 -0.707107
vn 0.472630 0.879664 0.053027
vn 0.630201 0.764196 0.137300
vn 0.655471 0.712695 0.249847
vn 0.775943 0.333543 0.535408
vn 0.879874 0.384926 0.278664
vn 0.879874 0.384926 0.278664
vn 0.775943 0.333543 0.535408
vn 0.879874 0.384926 0.278664
vn 0.775943 0.333543 0.535408
vn 0.918052 0.396443 -0.003620
vn 0.918094 0.396330 -0.005026
vn 0.918094 0.396330 -0.005026
vn 0.918052 0.396443 -0.003620
vn 0.918094 0.396330 -0.005026
vn 0.891821 0.395552 -0.219531
vn 0.000000 0.000000 1.000000
vn 0.000000 0.000000 1.000000
vn 0.000000 0.000000 1.000000
vn 0.000000 0.000000 1.000000
vn 0.000000 0.000000 1.000000
vn 0.000000 0.000000 1.000000
vn -0.066787 0.997767 0.000180
vn -0.066787 0.997767 0.000180
vn -0.066787 0.997767 0.000180
vn -0.066787 0.997767 0.000180
vn -0.066787 0.997767 0.000180
vn -0.066787 0.997767 0.000180
vn 0.712553 0.701436 -0.015971
vn 0.761266 0.645666 0.059909
vn 0.402772 0.915300 -0.000912
vn 0.900850 0.433743 0.018359
vn 0.871533 0.490337 0.000525
vn 0.863096 0.504433 -0.024758
vn 0.900850 0.433743 0.018359
vn 0.863096 0.504433 -0.024758
vn 0.856044 0.515407 -0.039286
vn 0.935398 0.202432 -0.289916
vn 0.887216 0.154820 -0.434602
vn 0.860709 0.366042 -0.353826
vn 0.860709 0.366042 -0.353826
vn 0.793166 0.226508 -0.565315
vn 0.731147 0.310109 -0.607665
vn 0.860709 0.366042 -0.353826
vn 0.731147 0.310109 -0.607665
vn 0.335023 0.886321 -0.319678
vn -0.240026 0.969992 0.038777
vn -0.483747 0.872457 0.069336
vn -0.630851 0.766849 0.118195
vn -0.240026 0.969992 0.038777
vn -0.630851 0.766849 0.118195
vn -0.334509 0.930941 0.146464
vn -0.334509 0.930941 0.146464
vn -0.630851 0.766849 0.118195
vn -0.233542 0.961754 0.143133
vn 0.115148 0.990127 0.079937
vn 0.059793 0.994079 0.090729
vn 0.065228 0.995461 0.069295
vn 0.115148 0.990127 0.079937
vn 0.065228 0.995461 0.069295
vn 0.140769 0.989387 0.036021
vn 0.059793 0.994079 0.090729
vn 0.084291 0.994182 0.067067
vn -0.000227 0.996234 0.086703
vn 0.059793 0.994079 0.090729
vn -0.000227 0.996234 0.086703
vn 0.065228 0.995461 0.069295
vn -0.000000 1.000000 0.000000
vn -0.000000 1.000000 0.000000
vn -0.000000 1.000000 0.000000
vn -0.000000 1.000000 0.000000
vn -0.000000 1.000000 0.000000
vn -0.000000 1.000000 0.000000
vn -0.227230 0.000000 -0.973841
vn -0.227230 0.000000 -0.973841
vn -0.227230 0.000000 -0.973841
vn -0.227230 0.000000 -0.973841
vn -0.227230 0.000000 -0.973841
vn -0.227230 0.000000 -0.973841
vn 0.202606 0.000000 0.979260
vn 0.202606 0.000000 0.979260
vn 0.202606 0.000000 0.979260
vn 0.202606 0.000000 0.979260
vn 0.202606 0.000000 0.979260
vn 0.202606 0.000000 0.979260
vn 0.251204 0.966283 -0.056507
vn -0.002344 0.999997 -0.000462
vn -0.001485 0.999986 0.005041
vn 0.102592 0.444492 0.889888
vn -0.000174 0.446690 0.894689
vn -0.000174 0.446690 0.894689
vn 0.102592 0.444492 0.889888
vn -0.000174 0.446690 0.894689
vn 0.102592 0.444492 0.889888
vn -0.000391 1.000000 -0.000355
vn 0.000000 1.000000 0.000000
vn 0.000000 1.000000 0.000000
vn -0.000391 1.000000 -0.000355
vn 0.000000 1.000000 0.000000
vn -0.000781 0.999972 0.007479
vn 0.948683 0.000000 0.316228
vn 0.948683 0.000000 0.316228
vn 0.948683 0.000000 0.316228
vn 0.948683 0.000000 0.316228
vn 0.948683 0.000000 0.316228
vn 0.948683 0.000000 0.316228
vn 0.000000 1.000000 0.000000
vn 0.000000 1.000000 0.000000
vn 0.000000 1.000000 0.000000
vn 0.000000 1.000000 0.000000
vn 0.000000 1.000000 0.000000
vn 0.000000 1.000000 0.000000
vn 0.000000 1.000000 0.000000
vn 0.000000 1.000000 0.000000
vn 0.000000 1.000000 0.000000
vn -0.238222 0.000000 -0.971211
vn -0.238222 0.000000 -0.971211
vn -0.238222 0.000000 -0.971211
vn -0.238222 0.000000 -0.971211
vn -0.238222 0.000000 -0.971211
vn -0.238222 0.000000 -0.971211
vn 0.218507 0.439298 0.871362
vn 0.211251 0.437023 0.874291
vn 0.225605 0.440116 0.869138
vn 0.000000 1.000000 0.000000
vn 0.000000 1.000000 0.000000
vn 0.000000 1.000000 0.000000
vn 0.000000 1.000000 0.000000
vn 0.000000 1.000000 0.000000
vn 0.000000 1.000000 0.000000
vn 0.227230 0.000000 0.973841
vn 0.227230 0.000000 0.973841
vn 0.227230 0.000000 0.973841
vn 0.227230 0.000000 0.973841
vn 0.227230 0.000000 0.973841
vn 0.227230 0.000000 0.973841
vn 0.402772 0.915300 -0.000912
vn 0.761266 0.645666 0.059909
vn 0.000000 1.000000 0.000000
vn 0.402772 0.915300 -0.000912
vn 0.000000 1.000000 0.000000
vn 0.000000 1.000000 0.000000
vn 0.402772 0.915300 -0.000912
vn 0.000000 1.000000 0.000000
vn -0.000781 0.999999 -0.000710
vn -0.002344 0.999997 -0.000462
vn 0.251204 0.966283 -0.056507
vn 0.402772 0.915300 -0.000912
vn -0.002344 0.999997 -0.000462
vn 0.402772 0.915300 -0.000912
vn -0.000781 0.999999 -0.000710
vn 0.402772 0.915300 -0.000912
vn 0.251204 0.966283 -0.056507
vn 0.712553 0.701436 -0.015971
vn -0.000781 0.999999 -0.000710
vn -0.000391 1.000000 -0.000355
vn -0.000781 0.999972 0.007479
vn -0.000781 0.999999 -0.000710
vn -0.000781 0.999972 0.007479
vn -0.001172 0.999936 0.011219
vn 1.000000 0.000000 0.000000
vn 1.000000 0.000000 0.000000
vn 1.000000 0.000000 0.000000
vn 1.000000 0.000000 0.000000
vn 1.000000 0.000000 0.000000
vn 1.000000 0.000000 0.000000
vn 0.000000 0.000000 -1.000000
vn 0.000000 0.000000 -1.000000
vn 0.000000 0.000000 -1.000000
vn 0.000000 0.000000 -1.000000
vn 0.000000 0.000000 -1.000000
vn 0.000000 0.000000 -1.000000
vn -0.000545 1.000000 0.000380
vn 0.106503 0.969472 -0.220864
vn -0.001485 0.999986 0.005041
vn 0.964764 0.000000 -0.263117
vn 0.964764 0.000000 -0.263117
vn 0.964764 0.000000 -0.263117
vn -0.964764 0.000000 0.263117
vn -0.964764 0.000000 0.263117
vn -0.964764 0.000000 0.263117
vn -0.001172 0.999936 0.011219
vn -0.000781 0.999972 0.007479
vn -0.001042 0.999968 0.007977
vn -0.001172 0.999936 0.011219
vn -0.001042 0.999968 0.007977
vn -0.001485 0.999986 0.005041
vn -0.001042 0.999968 0.007977
vn 0.000000 1.000000 0.000000
vn 0.000000 1.000000 0.000000
vn -0.001042 0.999968 0.007977
vn 0.000000 1.000000 0.000000
vn 0.000000 1.000000 0.000000
vn -0.001042 0.999968 0.007977
vn 0.000000 1.000000 0.000000
vn 0.000000 1.000000 0.000000
vn -0.001042 0.999968 0.007977
vn 0.000000 1.000000 0.000000
vn 0.000000 1.000000 0.000000
vn -0.001042 0.999968 0.007977
vn 0.000000 1.000000 0.000000
vn 0.000000 1.000000 0.000000
vn -0.001042 0.999968 0.007977
vn 0.000000 1.000000 0.000000
vn 0.000000 1.000000 0.000000
vn -0.001042 0.999968 0.007977
vn 0.000000 1.000000 0.000000
vn 0.000000 1.000000 0.000000
vn -0.001042 0.999968 0.007977
vn 0.000000 1.000000 0.000000
vn 0.000000 1.000000 0.000000
vn -0.001042 0.999968 0.007977
vn 0.000000 1.000000 0.000000
vn 0.000000 1.000000 0.000000
vn -0.001042 0.999968 0.007977
vn 0.000000 1.000000 0.000000
vn -0.000545 1.000000 0.000380
vn 0.000000 1.000000 0.000000
vn 0.000000 1.000000 0.000000
vn 0.000000 1.000000 0.000000
vn -0.160182 0.000000 0.987087
vn -0.160182 0.000000 0.987087
vn -0.525731 0.000000 0.850651
vn -0.160182 0.000000 0.987087
vn -0.525731 0.000000 0.850651
vn -0.525731 0.000000 0.850651
vn -0.000009 1.000000 -0.000028
vn -0.000019 1.000000 -0.000055
vn -0.000019 1.000000 -0.000055
vn -0.000009 1.000000 -0.000028
vn -0.000019 1.000000 -0.000055
vn -0.000058 1.000000 -0.000079
vn 0.900850 0.433743 0.018359
vn 1.000000 0.000000 0.000000
vn 0.761266 0.645666 0.059909
vn 0.761266 0.645666 0.059909
vn 0.712553 0.701436 -0.015971
vn 0.859540 0.499397 0.108595
vn 0.761266 0.645666 0.059909
vn 0.859540 0.499397 0.108595
vn 0.900850 0.433743 0.018359
vn -0.001485 0.999986 0.005041
vn 0.106503 0.969472 -0.220864
vn 0.251204 0.966283 -0.056507
vn -0.001485 0.999986 0.005041
vn -0.001042 0.999968 0.007977
vn -0.000545 1.000000 0.000380
vn 0.000000 1.000000 0.000000
vn -0.132733 0.991152 0.000000
vn -0.100122 0.994776 -0.019888
vn 0.000000 1.000000 0.000000
vn 0.000000 1.000000 0.000000
vn 0.000000 1.000000 0.000000
vn 0.000000 1.000000 0.000000
vn 0.000000 1.000000 0.000000
vn 0.000000 1.000000 0.000000
vn 0.000000 1.000000 0.000000
vn 0.000000 1.000000 0.000000
vn 0.000000 1.000000 0.000000
vn 0.000000 1.000000 0.000000
vn 0.000000 1.000000 0.000000
vn 0.000000 1.000000 0.000000
vn -0.043249 0.998128 -0.043249
vn 0.001335 0.999998 0.001427
vn -0.028559 0.999186 -0.028498
vn 0.000000 1.000000 0.000000
vn 0.000000 1.000000 0.000000
vn 0.000000 1.000000 0.000000
vn 0.000000 1.000000 0.000000
vn 0.000000 1.000000 0.000000
vn 0.000000 1.000000 0.000000
vn 0.000000 1.000000 0.000000
vn 0.000000 1.000000 0.000000
vn 0.000000 1.000000 0.000000
vn 0.000000 1.000000 0.000000
vn 0.000000 1.000000 0.000000
vn 0.000000 1.000000 0.000000
vn -0.088401 0.996085 0.000000
vn -0.132733 0.991152 0.000000
vn 0.000000 1.000000 0.000000
vn -0.032591 0.999324 0.017020
vn -0.034442 0.998387 -0.045133
vn -0.034442 0.998387 -0.045133
vn -0.032591 0.999324 0.017020
vn -0.034442 0.998387 -0.045133
vn -0.002808 0.999996 0.000000
vn -0.032591 0.999324 0.017020
vn -0.002808 0.999996 0.000000
vn -0.002808 0.999996 0.000000
vn -0.032591 0.999324 0.017020
vn -0.002808 0.999996 0.000000
vn -0.032591 0.999324 0.017020
vn -0.062336 0.997475 0.034020
vn -0.032591 0.999324 0.017020
vn -0.032591 0.999324 0.017020
vn -0.062336 0.997475 0.034020
vn -0.032591 0.999324 0.017020
vn -0.062336 0.997475 0.034020
vn 0.000000 1.000000 0.000000
vn 0.000000 1.000000 0.000000
vn 0.000000 1.000000 0.000000
vn 0.000000 1.000000 0.000000
vn 0.000000 1.000000 0.000000
vn 0.000000 1.000000 0.000000
vn 0.001335 0.999998 0.001427
vn 0.000399 1.000000 0.000491
vn 0.000399 1.000000 0.000491
vn 0.001335 0.999998 0.001427
vn 0.000399 1.000000 0.000491
vn -0.028559 0.999186 -0.028498
vn 0.000399 1.000000 0.000491
vn 0.000000 1.000000 0.000000
vn 0.000000 1.000000 0.000000
vn 0.000399 1.000000 0.000491
vn 0.000000 1.000000 0.000000
vn 0.000399 1.000000 0.000491
vn 0.000000 1.000000 0.000000
vn 0.000000 1.000000 0.000000
vn 0.000000 1.000000 0.000000
vn 0.000000 1.000000 0.000000
vn 0.000000 1.000000 0.000000
vn 0.000000 1.000000 0.000000
vn -0.174117 0.983532 0.048460
vn 0.000000 1.000000 0.000000
vn 0.000000 1.000000 0.000000
vn -0.174117 0.983532 0.048460
vn 0.000000 1.000000 0.000000
vn 0.000000 1.000000 0.000000
vn -0.174117 0.983532 0.048460
vn 0.000000 1.000000 0.000000
vn -0.143513 0.989608 0.008970
vn -0.033038 0.998434 -0.045135
vn -0.034442 0.998387 -0.045133
vn -0.034442 0.998387 -0.045133
vn -0.033038 0.998434 -0.045135
vn -0.034442 0.998387 -0.045133
vn -0.033038 0.998434 -0.045135
vn -0.707107 0.000000 0.707107
vn -0.707107 0.000000 0.707107
vn -0.707107 0.000000 0.707107
vn -0.707107 0.000000 0.707107
vn -0.707107 0.000000 0.707107
vn -0.707107 0.000000 0.707107
vn -0.066639 0.994399 -0.082037
vn -0.066639 0.994399 -0.082037
vn -0.066639 0.994399 -0.082037
vn -0.066639 0.994399 -0.082037
vn -0.066639 0.994399 -0.082037
vn -0.066639 0.994399 -0.082037
vn 0.433345 0.745976 -0.505699
vn 0.860709 0.366042 -0.353826
vn 0.335023 0.886321 -0.319678
vn 0.000000 1.000000 0.000000
vn 0.000000 1.000000 0.000000
vn 0.000000 1.000000 0.000000
vn -0.012918 0.998450 -0.054131
vn -0.019384 0.996507 -0.081228
vn 0.000000 1.000000 0.000000
vn -0.012918 0.998450 -0.054131
vn 0.000000 1.000000 0.000000
vn 0.000000 1.000000 0.000000
vn -0.199485 0.979099 -0.039625
vn -0.134691 0.987732 -0.079019
vn -0.033750 0.999234 -0.019800
vn -0.199485 0.979099 -0.039625
vn -0.033750 0.999234 -0.019800
vn -0.100122 0.994776 -0.019888
vn -0.036985 0.987747 -0.151620
vn -0.035333 0.989331 -0.141333
vn -0.036985 0.987747 -0.151620
vn -0.263117 0.964764 0.000000
vn -0.132733 0.991152 0.000000
vn -0.088401 0.996085 0.000000
vn -0.263117 0.964764 0.000000
vn -0.088401 0.996085 0.000000
vn -0.263117 0.964764 0.000000
vn -0.341743 0.000000 -0.939793
vn -0.341743 0.000000 -0.939793
vn -0.341743 0.000000 -0.939793
vn -0.341743 0.000000 -0.939793
vn -0.341743 0.000000 -0.939793
vn -0.341743 0.000000 -0.939793
vn -0.263117 0.964764 0.000000
vn -0.263117 0.964764 0.000000
vn -0.263117 0.964764 0.000000
vn -0.263117 0.964764 0.000000
vn -0.263117 0.964764 0.000000
vn -0.263117 0.964764 0.000000
vn 0.242536 0.000000 0.970142
vn 0.242536 0.000000 0.970142
vn 0.242536 0.000000 0.970142
vn 0.242536 0.000000 0.970142
vn 0.242536 0.000000 0.970142
vn 0.242536 0.000000 0.970142
vn 0.225605 0.440116 0.869138
vn 0.232974 0.443760 0.865332
vn 0.218507 0.439298 0.871362
vn 0.000000 1.000000 0.000000
vn 0.000000 1.000000 0.000000
vn -0.033750 0.999234 -0.019800
vn 0.000000 1.000000 0.000000
vn -0.033750 0.999234 -0.019800
vn -0.012918 0.998450 -0.054131
vn -0.113269 0.981669 -0.153285
vn -0.113487 0.983554 -0.140508
vn -0.174652 0.979245 -0.102839
vn -0.083178 0.996346 0.019370
vn 0.000000 1.000000 0.000000
vn 0.000000 1.000000 0.000000
vn -0.083178 0.996346 0.019370
vn 0.000000 1.000000 0.000000
vn -0.083178 0.996346 0.019370
vn -0.294086 0.955779 0.000000
vn -0.294086 0.955779 0.000000
vn -0.294086 0.955779 0.000000
vn -0.294086 0.955779 0.000000
vn -0.294086 0.955779 0.000000
vn -0.294086 0.955779 0.000000
vn -0.174117 0.983532 0.048460
vn -0.143513 0.989608 0.008970
vn -0.284044 0.958647 0.017753
vn -0.174117 0.983532 0.048460
vn -0.284044 0.958647 0.017753
vn -0.259181 0.963131 0.072135
vn -0.186921 0.973290 0.133296
vn -0.153099 0.984155 0.089436
vn -0.153099 0.984155 0.089436
vn -0.186921 0.973290 0.133296
vn -0.153099 0.984155 0.089436
vn -0.186921 0.973290 0.133296
vn -0.091185 0.992454 -0.081978
vn -0.053528 0.997569 -0.044625
vn -0.053528 0.997569 -0.044625
vn -0.091185 0.992454 -0.081978
vn -0.053528 0.997569 -0.044625
vn -0.091185 0.992454 -0.081978
vn -0.707107 0.000000 0.707107
vn -0.707107 0.000000 0.707107
vn -0.707107 0.000000 0.707107
vn -0.707107 0.000000 0.707107
vn -0.707107 0.000000 0.707107
vn -0.707107 0.000000 0.707107
vn -0.044184 0.998046 -0.044184
vn -0.043249 0.998128 -0.043249
vn -0.028559 0.999186 -0.028498
vn -0.044184 0.998046 -0.044184
vn -0.028559 0.999186 -0.028498
vn -0.044184 0.998046 -0.044184
vn -0.044184 0.998046 -0.044184
vn -0.033038 0.998434 -0.045135
vn -0.033038 0.998434 -0.045135
vn -0.044184 0.998046 -0.044184
vn -0.033038 0.998434 -0.045135
vn -0.044184 0.998046 -0.044184
vn -0.707107 0.000000 0.707107
vn -0.707107 0.000000 0.707107
vn -0.707107 0.000000 0.707107
vn -0.707107 0.000000 0.707107
vn -0.707107 0.000000 0.707107
vn -0.707107 0.000000 0.707107
vn 0.000000 1.000000 0.000000
vn 0.000000 1.000000 0.000000
vn 0.000000 1.000000 0.000000
vn 0.000000 1.000000 0.000000
vn 0.000000 1.000000 0.000000
vn 0.000000 1.000000 0.000000
vn 0.261117 0.948886 -0.177294
vn 0.230433 0.915056 -0.331017
vn 0.410345 0.779348 -0.473534
vn 0.265414 0.919954 -0.288515
vn 0.261117 0.948886 -0.177294
vn 0.410345 0.779348 -0.473534
vn 0.335023 0.886321 -0.319678
vn 0.265414 0.919954 -0.288515
vn 0.410345 0.779348 -0.473534
vn 0.335023 0.886321 -0.319678
vn 0.410345 0.779348 -0.473534
vn 0.433345 0.745976 -0.505699
vn 0.000000 1.000000 0.000000
vn 0.000000 1.000000 0.000000
vn 0.000000 1.000000 0.000000
vn 0.000000 1.000000 0.000000
vn 0.000000 1.000000 0.000000
vn -0.088401 0.996085 0.000000
vn 0.000000 1.000000 0.000000
vn 0.000000 1.000000 0.000000
vn 0.000000 1.000000 0.000000
vn 0.000000 1.000000 0.000000
vn 0.000000 1.000000 0.000000
vn 0.000000 1.000000 0.000000
vn 0.000000 1.000000 0.000000
vn 0.000000 1.000000 0.000000
vn 0.000000 1.000000 0.000000
vn 0.000000 1.000000 0.000000
vn 0.000000 1.000000 0.000000
vn 0.000000 1.000000 0.000000
vn 0.000000 1.000000 0.000000
vn 0.000000 1.000000 0.000000
vn 0.000000 1.000000 0.000000
vn 0.000000 1.000000 0.000000
vn -0.033750 0.999234 -0.019800
vn 0.000000 1.000000 0.000000
vn 0.000000 1.000000 0.000000
vn 0.000000 1.000000 0.000000
vn 0.000000 1.000000 0.000000
vn 0.000000 1.000000 0.000000
vn 0.000000 1.000000 0.000000
vn 0.000000 1.000000 0.000000
vn 0.000000 1.000000 0.000000
vn 0.000000 1.000000 0.000000
vn 0.000000 1.000000 0.000000
vn 0.000000 1.000000 0.000000
vn 0.000000 1.000000 0.000000
vn 0.000000 1.000000 0.000000
vn 0.000000 1.000000 0.000000
vn 0.000000 1.000000 0.000000
vn 0.000000 1.000000 0.000000
vn 0.000000 1.000000 0.000000
vn 0.000000 1.000000 0.000000
vn 0.000000 1.000000 0.000000
vn 0.000000 1.000000 0.000000
vn 0.000000 1.000000 0.000000
vn 0.000000 1.000000 0.000000
vn 0.000000 1.000000 0.000000
vn 0.000000 1.000000 0.000000
vn 0.000000 1.000000 0.000000
vn 0.071211 0.988315 0.134771
vn 0.175155 0.976296 0.127146
vn -0.005137 0.984525 0.175170
vn 0.900850 0.433743 0.018359
vn 0.856044 0.515407 -0.039286
vn 0.898782 0.434900 -0.055243
vn 0.943360 0.280679 -0.176893
vn 0.935398 0.202432 -0.289916
vn 0.860709 0.366042 -0.353826
vn 0.898782 0.434900 -0.055243
vn 0.943360 0.280679 -0.176893
vn 0.860709 0.366042 -0.353826
vn 0.898782 0.434900 -0.055243
vn 0.860709 0.366042 -0.353826
vn 0.900850 0.433743 0.018359
vn -1.000000 0.000000 0.000000
vn -0.941795 0.000000 0.336186
vn -0.941795 0.000000 0.336186
vn -1.000000 0.000000 0.000000
vn -0.941795 0.000000 0.336186
vn -1.000000 0.000000 0.000000
vn 0.000000 0.000000 -1.000000
vn 0.000000 0.000000 -1.000000
vn 0.000000 0.000000 -1.000000
vn 0.000000 0.000000 -1.000000
vn 0.000000 0.000000 -1.000000
vn 0.000000 0.000000 -1.000000
vn 0.471858 0.000000 -0.881675
vn 0.000000 0.000000 -1.000000
vn 0.000000 0.000000 -1.000000
vn 0.471858 0.000000 -0.881675
vn 0.000000 0.000000 -1.000000
vn 0.471858 0.000000 -0.881675
vn 0.957092 0.000000 -0.289784
vn 0.471858 0.000000 -0.881675
vn 0.471858 0.000000 -0.881675
vn 0.957092 0.000000 -0.289784
vn 0.471858 0.000000 -0.881675
vn 0.957092 0.000000 -0.289784
vn 1.000000 0.000000 0.000000
vn 0.957092 0.000000 -0.289784
vn 0.957092 0.000000 -0.289784
vn 1.000000 0.000000 0.000000
vn 0.957092 0.000000 -0.289784
vn 1.000000 0.000000 0.000000
vn -0.428230 0.000000 0.903670
vn 0.000000 0.000000 1.000000
vn 0.000000 0.000000 1.000000
vn -0.428230 0.000000 0.903670
vn 0.000000 0.000000 1.000000
vn -0.428230 0.000000 0.903670
vn 0.000000 0.000000 -1.000000
vn 0.000000 0.000000 -1.000000
vn 0.000000 0.000000 -1.000000
vn 0.000000 0.000000 -1.000000
vn 0.000000 0.000000 -1.000000
vn 0.000000 0.000000 -1.000000
vn -0.941795 0.000000 0.336186
vn -0.428230 0.000000 0.903670
vn -0.428230 0.000000 0.903670
vn -0.941795 0.000000 0.336186
vn -0.428230 0.000000 0.903670
vn -0.941795 0.000000 0.336186
vn 0.000000 1.000000 0.000000
vn -0.000193 1.000000 0.000111
vn -0.000120 1.000000 0.000059
vn 0.000000 1.000000 0.000000
vn -0.000120 1.000000 0.000059
vn 0.000009 1.000000 -0.000015
vn 0.000000 1.000000 0.000000
vn 0.000000 1.000000 0.000000
vn 0.000009 1.000000 -0.000015
vn 0.000000 1.000000 0.000000
vn 0.000009 1.000000 -0.000015
vn 0.000009 1.000000 -0.000015
vn 0.000000 1.000000 0.000000
vn 0.000000 1.000000 0.000000
vn 0.000009 1.000000 -0.000015
vn 0.000000 1.000000 0.000000
vn 0.000009 1.000000 -0.000015
vn 0.000009 1.000000 -0.000015
vn 0.000000 1.000000 0.000000
vn 0.000000 1.000000 0.000000
vn 0.000009 1.000000 -0.000015
vn 0.000000 1.000000 0.000000
vn 0.000009 1.000000 -0.000015
vn 0.000009 1.000000 -0.000015
vn 0.000000 1.000000 0.000000
vn 0.000000 1.000000 0.000000
vn 0.000009 1.000000 -0.000015
vn 0.000000 1.000000 0.000000
vn 0.000009 1.000000 -0.000015
vn 0.000009 1.000000 -0.000015
vn 0.000052 1.000000 0.000201
vn 0.000000 1.000000 0.000000
vn 0.000009 1.000000 -0.000015
vn 0.000052 1.000000 0.000201
vn 0.000009 1.000000 -0.000015
vn 0.000043 1.000000 0.000119
vn -0.000141 1.000000 0.000312
vn 0.000052 1.000000 0.000201
vn 0.000043 1.000000 0.000119
vn -0.000141 1.000000 0.000312
vn 0.000043 1.000000 0.000119
vn -0.000085 1.000000 0.000193
vn -0.000193 1.000000 0.000111
vn -0.000141 1.000000 0.000312
vn -0.000085 1.000000 0.000193
vn -0.000193 1.000000 0.000111
vn -0.000085 1.000000 0.000193
vn -0.000120 1.000000 0.000059
vn -0.259181 0.963131 0.072135
vn -0.186921 0.973290 0.133296
vn -0.186921 0.973290 0.133296
vn -0.259181 0.963131 0.072135
vn -0.186921 0.973290 0.133296
vn -0.174117 0.983532 0.048460
vn -0.174652 0.979245 -0.102839
vn -0.294086 0.955779 0.000000
vn -0.205127 0.975153 -0.083658
vn -0.083178 0.996346 0.019370
vn -0.153099 0.984155 0.089436
vn -0.153099 0.984155 0.089436
vn -0.083178 0.996346 0.019370
vn -0.153099 0.984155 0.089436
vn -0.083178 0.996346 0.019370
vn -0.174652 0.979245 -0.102839
vn -0.205127 0.975153 -0.083658
vn -0.113269 0.981669 -0.153285
vn -0.036985 0.987747 -0.151620
vn -0.019384 0.996507 -0.081228
vn -0.012918 0.998450 -0.054131
vn -0.036985 0.987747 -0.151620
vn -0.012918 0.998450 -0.054131
vn -0.036985 0.987747 -0.151620
vn -0.100122 0.994776 -0.019888
vn -0.132733 0.991152 0.000000
vn -0.199485 0.979099 -0.039625
vn -0.100122 0.994776 -0.019888
vn -0.033750 0.999234 -0.019800
vn 0.000000 1.000000 0.000000
vn -0.100122 0.994776 -0.019888
vn 0.000000 1.000000 0.000000
vn 0.000000 1.000000 0.000000
f 31/1/1 965/2/2 968/3/3
f 31/4/4 968/5/5 67/6/6
f 430/7/7 413/8/8 312/9/9
f 430/10/10 312/11/11 431/12/12
f 431/13/13 312/14/14 332/15/15
f 431/16/16 332/17/17 432/18/18
f 499/19/19 500/20/20 523/21/21
f 499/22/22 523/23/23 522/24/24
f 498/25/25 499/26/26 522/27/27
f 498/28/28 522/29/29 521/30/30
f 497/31/31 498/32/32 521/33/33
f 497/34/34 521/35/35 520/36/36
f 496/37/37 497/38/38 520/39/39
f 496/40/40 520/41/41 519/42/42
f 495/43/43 496/44/44 519/45/45
f 495/46/46 519/47/47 518/48/48
f 494/49/49 495/50/50 518/51/51
f 494/52/52 518/53/53 517/54/54
f 493/55/55 494/56/56 517/57/57
f 493/58/58 517/59/59 516/60/60
f 492/61/61 493/62/62 516/63/63
f 492/64/64 516/65/65 515/66/66
f 452/67/67 451/68/68 448/69/69
f 452/70/70 448/71/71 449/72/72
f 610/73/73 501/74/74 508/75/75
f 610/76/76 508/77/77 525/78/78
f 154/79/79 194/80/80 195/81/81
f 154/82/82 195/83/83 155/84/84
f 164/85/85 6/86/86 501/87/87
f 164/88/88 501/89/89 610/90/90
f 1126/91/91 88/92/92 602/93/93
f 1126/94/94 602/95/95 1125/96/96
f 491/97/97 492/98/98 515/99/99
f 491/100/100 515/101/101 514/102/102
f 490/103/103 491/104/104 514/105/105
f 490/106/106 514/107/107 513/108/108
f 489/109/109 490/110/110 513/111/111
f 489/112/112 513/113/113 512/114/114
f 488/115/115 489/116/116 512/117/117
f 488/118/118 512/119/119 511/120/120
f 487/121/121 488/122/122 511/123/123
f 543/124/124 70/125/125 61/126/126
f 543/127/127 61/128/128 485/129/129
f 662/130/130 151/131/131 152/132/132
f 662/133/133 576/134/134 661/135/135
f 661/136/136 556/137/137 660/138/138
f 599/139/139 604/140/140 598/141/141
f 599/142/142 598/143/143 86/144/144
f 592/145/145 600/146/146 599/147/147
f 599/148/148 657/149/149 592/150/150
f 432/151/151 332/152/152 372/153/153
f 432/154/154 372/155/155 433/156/156
f 153/157/157 193/158/158 194/159/159
f 153/160/160 194/161/161 154/162/162
f 425/163/163 426/164/164 373/165/165
f 418/166/166 430/167/167 431/168/168
f 433/169/169 420/170/170 419/171/171
f 420/172/172 7/173/173 419/174/174
f 167/175/175 7/176/176 420/177/177
f 419/178/178 432/179/179 433/180/180
f 378/181/181 214/182/182 213/183/183
f 378/184/184 213/185/185 377/186/186
f 377/187/187 213/188/188 212/189/189
f 377/190/190 212/191/191 376/192/192
f 440/193/193 372/194/194 332/195/195
f 440/196/196 332/197/197 439/198/198
f 251/199/199 370/200/200 371/201/201
f 251/202/202 371/203/203 292/204/204
f 293/205/205 368/206/206 370/207/207
f 293/208/208 370/209/209 251/210/210
f 252/211/211 369/212/212 368/213/213
f 252/214/214 368/215/215 293/216/216
f 294/217/217 367/218/218 369/219/219
f 294/220/220 369/221/221 252/222/222
f 253/223/223 366/224/224 367/225/225
f 253/226/226 367/227/227 294/228/228
f 152/229/229 153/230/230 662/231/231
f 665/232/232 162/233/233 163/234/234
f 423/235/235 168/236/236 428/237/237
f 423/238/238 428/239/239 416/240/240
f 501/241/241 12/242/242 13/243/243
f 295/244/244 365/245/245 366/246/246
f 295/247/247 366/248/248 253/249/249
f 254/250/250 364/251/251 365/252/252
f 254/253/253 365/254/254 295/255/255
f 255/256/256 363/257/257 364/258/258
f 255/259/259 364/260/260 254/261/261
f 296/262/262 362/263/263 363/264/264
f 296/265/265 363/266/266 255/267/267
f 297/268/268 361/269/269 362/270/270
f 297/271/271 362/272/272 296/273/273
f 256/274/274 360/275/275 361/276/276
f 256/277/277 361/278/278 297/279/279
f 257/280/280 359/281/281 360/282/282
f 257/283/283 360/284/284 256/285/285
f 298/286/286 358/287/287 359/288/288
f 298/289/289 359/290/290 257/291/291
f 299/292/292 357/293/293 358/294/294
f 299/295/295 358/296/296 298/297/297
f 258/298/298 356/299/299 357/300/300
f 258/301/301 357/302/302 299/303/303
f 259/304/304 355/305/305 356/306/306
f 259/307/307 356/308/308 258/309/309
f 308/310/310 307/311/311 287/312/312
f 308/313/313 287/314/314 328/315/315
f 414/316/316 466/317/317 463/318/318
f 414/319/319 463/320/320 464/321/321
f 466/322/322 250/323/323 465/324/324
f 466/325/325 465/326/326 463/327/327
f 463/328/328 465/329/329 462/330/330
f 463/331/331 462/332/332 460/333/333
f 460/334/334 462/335/335 459/336/336
f 460/337/337 459/338/338 457/339/339
f 457/340/340 459/341/341 456/342/342
f 457/343/343 456/344/344 454/345/345
f 454/346/346 456/347/347 453/348/348
f 454/349/349 453/350/350 451/351/351
f 451/352/352 453/353/353 450/354/354
f 451/355/355 450/356/356 448/357/357
f 449/358/358 131/359/359 169/360/360
f 449/361/361 169/362/362 452/363/363
f 452/364/364 169/365/365 210/366/366
f 452/367/367 210/368/368 455/369/369
f 455/370/370 210/371/371 374/372/372
f 455/373/373 374/374/374 458/375/375
f 300/376/376 354/377/377 355/378/378
f 300/379/379 355/380/380 259/381/381
f 458/382/382 374/383/383 290/384/384
f 458/385/385 290/386/386 461/387/387
f 461/388/388 290/389/389 270/390/390
f 461/391/391 270/392/392 464/393/393
f 464/394/394 270/395/395 333/396/396
f 464/397/397 333/398/398 414/399/399
f 441/400/400 132/401/401 170/402/402
f 441/403/403 170/404/404 442/405/405
f 442/406/406 170/407/407 211/408/408
f 442/409/409 211/410/410 443/411/411
f 443/412/412 211/413/413 375/414/414
f 443/415/415 375/416/416 444/417/417
f 444/418/418 375/419/419 331/420/420
f 444/421/421 331/422/422 445/423/423
f 445/424/424 331/425/425 269/426/426
f 445/427/427 269/428/428 446/429/429
f 446/430/430 269/431/431 334/432/432
f 446/433/433 334/434/434 447/435/435
f 267/436/436 308/437/437 328/438/438
f 267/439/439 328/440/440 329/441/441
f 268/442/442 267/443/443 329/444/444
f 268/445/445 329/446/446 288/447/447
f 309/448/448 268/449/449 288/450/450
f 309/451/451 288/452/452 289/453/453
f 310/454/454 309/455/455 289/456/456
f 310/457/457 289/458/458 330/459/459
f 446/460/460 310/461/461 330/462/462
f 446/463/463 330/464/464 445/465/465
f 465/466/466 269/467/467 331/468/468
f 465/469/469 331/470/470 462/471/471
f 438/472/472 312/473/473 413/474/474
f 438/475/475 413/476/476 437/477/477
f 152/478/478 192/479/479 193/480/480
f 152/481/481 193/482/482 153/483/483
f 151/484/484 191/485/485 192/486/486
f 151/487/487 192/488/488 152/489/489
f 501/490/490 6/491/491 26/492/492
f 411/493/493 272/494/494 271/495/495
f 411/496/496 271/497/497 412/498/498
f 410/499/499 313/500/500 272/501/501
f 410/502/502 272/503/503 411/504/504
f 409/505/505 273/506/506 313/507/507
f 409/508/508 313/509/509 410/510/510
f 408/511/511 314/512/512 273/513/513
f 408/514/514 273/515/515 409/516/516
f 407/517/517 315/518/518 314/519/519
f 407/520/520 314/521/521 408/522/522
f 663/523/523 190/524/524 191/525/525
f 663/526/526 191/527/527 151/528/528
f 406/529/529 274/530/530 315/531/531
f 406/532/532 315/533/533 407/534/534
f 405/535/535 275/536/536 274/537/537
f 405/538/538 274/539/539 406/540/540
f 404/541/541 316/542/542 275/543/543
f 404/544/544 275/545/545 405/546/546
f 403/547/547 317/548/548 316/549/549
f 403/550/550 316/551/551 404/552/552
f 402/553/553 276/554/554 317/555/555
f 402/556/556 317/557/557 403/558/558
f 401/559/559 277/560/560 276/561/561
f 401/562/562 276/563/563 402/564/564
f 400/565/565 318/566/566 277/567/567
f 400/568/568 277/569/569 401/570/570
f 399/571/571 319/572/572 318/573/573
f 399/574/574 318/575/575 400/576/576
f 398/577/577 278/578/578 319/579/579
f 398/580/580 319/581/581 399/582/582
f 397/583/583 279/584/584 278/585/585
f 397/586/586 278/587/587 398/588/588
f 396/589/589 320/590/590 279/591/591
f 396/592/592 279/593/593 397/594/594
f 395/595/595 280/596/596 320/597/597
f 395/598/598 320/599/599 396/600/600
f 394/601/601 321/602/602 280/603/603
f 394/604/604 280/605/605 395/606/606
f 483/607/607 484/608/608 500/609/609
f 483/610/610 500/611/611 499/612/612
f 135/613/613 173/614/614 174/615/615
f 135/616/616 174/617/617 136/618/618
f 393/619/619 281/620/620 321/621/621
f 393/622/622 321/623/623 394/624/624
f 392/625/625 322/626/626 281/627/627
f 392/628/628 281/629/629 393/630/630
f 578/631/631 579/632/632 589/633/633
f 435/634/634 207/635/635 248/636/636
f 435/637/637 248/638/638 436/639/639
f 436/640/640 248/641/641 412/642/642
f 436/643/643 412/644/644 437/645/645
f 301/646/646 353/647/647 354/648/648
f 301/649/649 354/650/650 300/651/651
f 437/652/652 412/653/653 271/654/654
f 437/655/655 271/656/656 438/657/657
f 391/658/658 323/659/659 322/660/660
f 391/661/661 322/662/662 392/663/663
f 134/664/664 172/665/665 173/666/666
f 134/667/667 173/668/668 135/669/669
f 390/670/670 282/671/671 323/672/672
f 390/673/673 323/674/674 391/675/675
f 389/676/676 283/677/677 282/678/678
f 389/679/679 282/680/680 390/681/681
f 260/682/682 352/683/683 353/684/684
f 260/685/685 353/686/686 301/687/687
f 438/688/688 271/689/689 292/690/690
f 438/691/691 292/692/692 439/693/693
f 439/694/694 292/695/695 371/696/696
f 439/697/697 371/698/698 440/699/699
f 302/700/700 351/701/701 352/702/702
f 302/703/703 352/704/704 260/705/705
f 261/706/706 350/707/707 351/708/708
f 261/709/709 351/710/710 302/711/711
f 482/712/712 483/713/713 499/714/714
f 482/715/715 499/716/716 498/717/717
f 262/718/718 349/719/719 350/720/720
f 262/721/721 350/722/722 261/723/723
f 133/724/724 171/725/725 172/726/726
f 133/727/727 172/728/728 134/729/729
f 442/730/730 171/731/731 133/732/732
f 442/733/733 133/734/734 441/735/735
f 481/736/736 482/737/737 498/738/738
f 481/739/739 498/740/740 497/741/741
f 388/742/742 324/743/743 283/744/744
f 388/745/745 283/746/746 389/747/747
f 461/748/748 460/749/749 457/750/750
f 461/751/751 457/752/752 458/753/753
f 110/754/754 603/755/755 611/756/756
f 1/757/757 862/758/758 861/759/759
f 1/760/760 861/761/761 355/762/762
f 353/763/763 853/764/764 1/765/765
f 353/766/766 1/767/767 354/768/768
f 150/769/769 350/770/770 349/771/771
f 427/772/772 351/773/773 350/774/774
f 427/775/775 350/776/776 150/777/777
f 591/778/778 116/779/779 117/780/780
f 642/781/781 604/782/782 611/783/783
f 598/784/784 642/785/785 111/786/786
f 598/787/787 111/788/788 114/789/789
f 642/790/790 598/791/791 604/792/792
f 611/793/793 603/794/794 642/795/795
f 86/796/796 591/797/797 599/798/798
f 654/799/799 119/800/800 120/801/801
f 599/802/802 656/803/803 654/804/804
f 599/805/805 591/806/806 656/807/807
f 121/808/808 122/809/809 592/810/810
f 119/811/811 654/812/812 656/813/813
f 117/814/814 118/815/815 656/816/816
f 139/817/817 618/818/818 596/819/819
f 541/820/820 98/821/821 97/822/822
f 98/823/823 541/824/824 572/825/825
f 86/826/826 598/827/827 114/828/828
f 86/829/829 114/830/830 116/831/831
f 526/832/832 127/833/833 128/834/834
f 129/835/835 87/836/836 628/837/837
f 127/838/838 526/839/839 608/840/840
f 126/841/841 608/842/842 658/843/843
f 125/844/844 658/845/845 601/846/846
f 588/847/847 586/848/848 129/849/849
f 588/850/850 524/851/851 586/852/852
f 588/853/853 609/854/854 524/855/855
f 618/856/856 588/857/857 596/858/858
f 108/859/859 594/860/860 138/861/861
f 108/862/862 107/863/863 594/864/864
f 102/865/865 101/866/866 593/867/867
f 593/868/868 103/869/869 102/870/870
f 120/871/871 657/872/872 654/873/873
f 110/874/874 111/875/875 603/876/876
f 616/877/877 608/878/878 526/879/879
f 619/880/880 617/881/881 87/882/882
f 629/883/883 617/884/884 619/885/885
f 659/886/886 617/887/887 629/888/888
f 87/889/889 617/890/890 628/891/891
f 629/892/892 524/893/893 609/894/894
f 629/895/895 609/896/896 659/897/897
f 619/898/898 586/899/899 524/900/900
f 619/901/901 524/902/902 629/903/903
f 87/904/904 129/905/905 586/906/906
f 87/907/907 586/908/908 619/909/909
f 593/910/910 106/911/911 105/912/912
f 628/913/913 617/914/914 616/915/915
f 608/916/916 126/917/917 127/918/918
f 616/919/919 526/920/920 628/921/921
f 572/922/922 99/923/923 98/924/924
f 659/925/925 609/926/926 618/927/927
f 658/928/928 608/929/929 607/930/930
f 655/931/931 592/932/932 122/933/933
f 106/934/934 593/935/935 594/936/936
f 105/937/937 104/938/938 593/939/939
f 618/940/940 617/941/941 659/942/942
f 590/943/943 580/944/944 581/945/945
f 580/946/946 590/947/947 88/948/948
f 580/949/949 88/950/950 589/951/951
f 655/952/952 601/953/953 600/954/954
f 592/955/955 657/956/956 121/957/957
f 464/958/958 463/959/959 460/960/960
f 464/961/961 460/962/962 461/963/963
f 590/964/964 89/965/965 88/966/966
f 458/967/967 457/968/968 454/969/969
f 458/970/970 454/971/971 455/972/972
f 642/973/973 603/974/974 111/975/975
f 120/976/976 121/977/977 657/978/978
f 89/979/979 590/980/980 91/981/981
f 658/982/982 125/983/983 126/984/984
f 601/985/985 655/986/986 123/987/987
f 601/988/988 123/989/989 124/990/990
f 601/991/991 124/992/992 125/993/993
f 128/994/994 628/995/995 526/996/996
f 628/997/997 128/998/998 129/999/999
f 116/1000/1000 591/1001/1001 86/1002/1002
f 91/1003/1003 581/1004/1004 93/1005/1005
f 45/1006/1006 581/1007/1007 43/1008/1008
f 83/1009/1009 571/1010/1010 97/1011/1011
f 600/1012/1012 592/1013/1013 655/1014/1014
f 607/1015/1015 601/1016/1016 658/1017/1017
f 571/1018/1018 582/1019/1019 97/1020/1020
f 583/1021/1021 100/1022/1022 99/1023/1023
f 593/1024/1024 101/1025/1025 100/1026/1026
f 593/1027/1027 100/1028/1028 583/1029/1029
f 106/1030/1030 594/1031/1031 107/1032/1032
f 932/1033/1033 931/1034/1034 369/1035/1035
f 932/1036/1036 369/1037/1037 367/1038/1038
f 931/1039/1039 941/1040/1040 370/1041/1041
f 420/1042/1042 433/1043/1043 664/1044/1044
f 420/1045/1045 664/1046/1046 167/1047/1047
f 433/1048/1048 372/1049/1049 587/1050/1050
f 433/1051/1051 587/1052/1052 664/1053/1053
f 372/1054/1054 440/1055/1055 9/1056/1056
f 372/1057/1057 9/1058/1058 587/1059/1059
f 371/1060/1060 370/1061/1061 941/1062/1062
f 941/1063/1063 440/1064/1064 371/1065/1065
f 565/1066/1066 363/1067/1067 362/1068/1068
f 368/1069/1069 369/1070/1070 931/1071/1071
f 440/1072/1072 941/1073/1073 10/1074/1074
f 440/1075/1075 10/1076/1076 9/1077/1077
f 941/1078/1078 931/1079/1079 936/1080/1080
f 941/1081/1081 936/1082/1082 10/1083/1083
f 935/1084/1084 919/1085/1085 924/1086/1086
f 935/1087/1087 924/1088/1088 940/1089/1089
f 934/1090/1090 935/1091/1091 940/1092/1092
f 934/1093/1093 940/1094/1094 939/1095/1095
f 933/1096/1096 934/1097/1097 939/1098/1098
f 933/1099/1099 939/1100/1100 938/1101/1101
f 932/1102/1102 933/1103/1103 938/1104/1104
f 932/1105/1105 938/1106/1106 937/1107/1107
f 931/1108/1108 932/1109/1109 937/1110/1110
f 931/1111/1111 937/1112/1112 936/1113/1113
f 930/1114/1114 914/1115/1115 919/1116/1116
f 930/1117/1117 919/1118/1118 935/1119/1119
f 929/1120/1120 930/1121/1121 935/1122/1122
f 929/1123/1123 935/1124/1124 934/1125/1125
f 365/1126/1126 929/1127/1127 934/1128/1128
f 365/1129/1129 934/1130/1130 933/1131/1131
f 366/1132/1132 365/1133/1133 933/1134/1134
f 366/1135/1135 933/1136/1136 932/1137/1137
f 367/1138/1138 366/1139/1139 932/1140/1140
f 363/1141/1141 565/1142/1142 914/1143/1143
f 363/1144/1144 914/1145/1145 930/1146/1146
f 364/1147/1147 363/1148/1148 930/1149/1149
f 364/1150/1150 930/1151/1151 929/1152/1152
f 364/1153/1153 929/1154/1154 365/1155/1155
f 370/1156/1156 368/1157/1157 931/1158/1158
f 923/1159/1159 902/1160/1160 908/1161/1161
f 923/1162/1162 908/1163/1163 928/1164/1164
f 922/1165/1165 923/1166/1166 928/1167/1167
f 922/1168/1168 928/1169/1169 927/1170/1170
f 921/1171/1171 922/1172/1172 927/1173/1173
f 921/1174/1174 927/1175/1175 926/1176/1176
f 920/1177/1177 921/1178/1178 926/1179/1179
f 920/1180/1180 926/1181/1181 925/1182/1182
f 919/1183/1183 920/1184/1184 925/1185/1185
f 919/1186/1186 925/1187/1187 924/1188/1188
f 918/1189/1189 896/1190/1190 902/1191/1191
f 918/1192/1192 902/1193/1193 923/1194/1194
f 917/1195/1195 918/1196/1196 923/1197/1197
f 917/1198/1198 923/1199/1199 922/1200/1200
f 916/1201/1201 917/1202/1202 922/1203/1203
f 916/1204/1204 922/1205/1205 921/1206/1206
f 915/1207/1207 916/1208/1208 921/1209/1209
f 915/1210/1210 921/1211/1211 920/1212/1212
f 914/1213/1213 915/1214/1214 920/1215/1215
f 914/1216/1216 920/1217/1217 919/1218/1218
f 884/1219/1219 885/1220/1220 896/1221/1221
f 884/1222/1222 896/1223/1223 918/1224/1224
f 883/1225/1225 884/1226/1226 918/1227/1227
f 883/1228/1228 918/1229/1229 917/1230/1230
f 882/1231/1231 883/1232/1232 917/1233/1233
f 882/1234/1234 917/1235/1235 916/1236/1236
f 881/1237/1237 882/1238/1238 916/1239/1239
f 881/1240/1240 916/1241/1241 915/1242/1242
f 565/1243/1243 881/1244/1244 915/1245/1245
f 565/1246/1246 915/1247/1247 914/1248/1248
f 906/1249/1249 907/1250/1250 913/1251/1251
f 906/1252/1252 913/1253/1253 912/1254/1254
f 905/1255/1255 906/1256/1256 912/1257/1257
f 905/1258/1258 912/1259/1259 911/1260/1260
f 904/1261/1261 905/1262/1262 911/1263/1263
f 904/1264/1264 911/1265/1265 910/1266/1266
f 903/1267/1267 904/1268/1268 910/1269/1269
f 903/1270/1270 910/1271/1271 909/1272/1272
f 902/1273/1273 903/1274/1274 909/1275/1275
f 902/1276/1276 909/1277/1277 908/1278/1278
f 900/1279/1279 901/1280/1280 907/1281/1281
f 900/1282/1282 907/1283/1283 906/1284/1284
f 899/1285/1285 900/1286/1286 906/1287/1287
f 899/1288/1288 906/1289/1289 905/1290/1290
f 898/1291/1291 899/1292/1292 905/1293/1293
f 898/1294/1294 905/1295/1295 904/1296/1296
f 897/1297/1297 898/1298/1298 904/1299/1299
f 897/1300/1300 904/1301/1301 903/1302/1302
f 896/1303/1303 897/1304/1304 903/1305/1305
f 896/1306/1306 903/1307/1307 902/1308/1308
f 889/1309/1309 890/1310/1310 901/1311/1311
f 889/1312/1312 901/1313/1313 900/1314/1314
f 888/1315/1315 889/1316/1316 900/1317/1317
f 888/1318/1318 900/1319/1319 899/1320/1320
f 887/1321/1321 888/1322/1322 899/1323/1323
f 887/1324/1324 899/1325/1325 898/1326/1326
f 886/1327/1327 887/1328/1328 898/1329/1329
f 886/1330/1330 898/1331/1331 897/1332/1332
f 885/1333/1333 886/1334/1334 897/1335/1335
f 885/1336/1336 897/1337/1337 896/1338/1338
f 362/1339/1339 870/1340/1340 565/1341/1341
f 361/1342/1342 870/1343/1343 362/1344/1344
f 360/1345/1345 870/1346/1346 361/1347/1347
f 359/1348/1348 870/1349/1349 360/1350/1350
f 806/1351/1351 807/1352/1352 811/1353/1353
f 806/1354/1354 811/1355/1355 810/1356/1356
f 343/1357/1357 806/1358/1358 810/1359/1359
f 343/1360/1360 810/1361/1361 344/1362/1362
f 807/1363/1363 808/1364/1364 812/1365/1365
f 807/1366/1366 812/1367/1367 811/1368/1368
f 804/1369/1369 805/1370/1370 809/1371/1371
f 804/1372/1372 809/1373/1373 808/1374/1374
f 820/1375/1375 821/1376/1376 825/1377/1377
f 820/1378/1378 825/1379/1379 824/1380/1380
f 347/1381/1381 822/1382/1382 826/1383/1383
f 347/1384/1384 826/1385/1385 348/1386/1386
f 822/1387/1387 823/1388/1388 827/1389/1389
f 822/1390/1390 827/1391/1391 826/1392/1392
f 823/1393/1393 824/1394/1394 828/1395/1395
f 823/1396/1396 828/1397/1397 827/1398/1398
f 824/1399/1399 825/1400/1400 829/1401/1401
f 824/1402/1402 829/1403/1403 828/1404/1404
f 803/1405/1405 804/1406/1406 808/1407/1407
f 803/1408/1408 808/1409/1409 807/1410/1410
f 802/1411/1411 803/1412/1412 807/1413/1413
f 802/1414/1414 807/1415/1415 806/1416/1416
f 342/1417/1417 802/1418/1418 806/1419/1419
f 342/1420/1420 806/1421/1421 343/1422/1422
f 819/1423/1423 820/1424/1424 824/1425/1425
f 819/1426/1426 824/1427/1427 823/1428/1428
f 800/1429/1429 801/1430/1430 805/1431/1431
f 800/1432/1432 805/1433/1433 804/1434/1434
f 818/1435/1435 819/1436/1436 823/1437/1437
f 818/1438/1438 823/1439/1439 822/1440/1440
f 348/1441/1441 826/1442/1442 830/1443/1443
f 348/1444/1444 830/1445/1445 349/1446/1446
f 826/1447/1447 827/1448/1448 831/1449/1449
f 826/1450/1450 831/1451/1451 830/1452/1452
f 827/1453/1453 828/1454/1454 832/1455/1455
f 827/1456/1456 832/1457/1457 831/1458/1458
f 828/1459/1459 829/1460/1460 833/1461/1461
f 828/1462/1462 833/1463/1463 832/1464/1464
f 799/1465/1465 800/1466/1466 804/1467/1467
f 799/1468/1468 804/1469/1469 803/1470/1470
f 798/1471/1471 799/1472/1472 803/1473/1473
f 798/1474/1474 803/1475/1475 802/1476/1476
f 341/1477/1477 798/1478/1478 802/1479/1479
f 341/1480/1480 802/1481/1481 342/1482/1482
f 346/1483/1483 818/1484/1484 822/1485/1485
f 346/1486/1486 822/1487/1487 347/1488/1488
f 796/1489/1489 797/1490/1490 801/1491/1491
f 796/1492/1492 801/1493/1493 800/1494/1494
f 808/1495/1495 809/1496/1496 813/1497/1497
f 808/1498/1498 813/1499/1499 812/1500/1500
f 349/1501/1501 830/1502/1502 834/1503/1503
f 349/1504/1504 834/1505/1505 150/1506/1506
f 830/1507/1507 831/1508/1508 835/1509/1509
f 830/1510/1510 835/1511/1511 834/1512/1512
f 831/1513/1513 832/1514/1514 836/1515/1515
f 831/1516/1516 836/1517/1517 835/1518/1518
f 832/1519/1519 833/1520/1520 837/1521/1521
f 832/1522/1522 837/1523/1523 836/1524/1524
f 795/1525/1525 796/1526/1526 800/1527/1527
f 795/1528/1528 800/1529/1529 799/1530/1530
f 794/1531/1531 795/1532/1532 799/1533/1533
f 794/1534/1534 799/1535/1535 798/1536/1536
f 340/1537/1537 794/1538/1538 798/1539/1539
f 340/1540/1540 798/1541/1541 341/1542/1542
f 344/1543/1543 810/1544/1544 814/1545/1545
f 344/1546/1546 814/1547/1547 345/1548/1548
f 792/1549/1549 793/1550/1550 797/1551/1551
f 792/1552/1552 797/1553/1553 796/1554/1554
f 810/1555/1555 811/1556/1556 815/1557/1557
f 810/1558/1558 815/1559/1559 814/1560/1560
f 150/1561/1561 834/1562/1562 838/1563/1563
f 150/1564/1564 838/1565/1565 427/1566/1566
f 834/1567/1567 835/1568/1568 839/1569/1569
f 834/1570/1570 839/1571/1571 838/1572/1572
f 835/1573/1573 836/1574/1574 840/1575/1575
f 835/1576/1576 840/1577/1577 839/1578/1578
f 836/1579/1579 837/1580/1580 841/1581/1581
f 836/1582/1582 841/1583/1583 840/1584/1584
f 791/1585/1585 792/1586/1586 796/1587/1587
f 791/1588/1588 796/1589/1589 795/1590/1590
f 790/1591/1591 791/1592/1592 795/1593/1593
f 790/1594/1594 795/1595/1595 794/1596/1596
f 339/1597/1597 790/1598/1598 794/1599/1599
f 339/1600/1600 794/1601/1601 340/1602/1602
f 811/1603/1603 812/1604/1604 816/1605/1605
f 811/1606/1606 816/1607/1607 815/1608/1608
f 816/1609/1609 817/1610/1610 821/1611/1611
f 816/1612/1612 821/1613/1613 820/1614/1614
f 842/1615/1615 352/1616/1616 351/1617/1617
f 842/1618/1618 351/1619/1619 427/1620/1620
f 427/1621/1621 838/1622/1622 843/1623/1623
f 427/1624/1624 843/1625/1625 842/1626/1626
f 838/1627/1627 839/1628/1628 844/1629/1629
f 838/1630/1630 844/1631/1631 843/1632/1632
f 839/1633/1633 840/1634/1634 845/1635/1635
f 839/1636/1636 845/1637/1637 844/1638/1638
f 840/1639/1639 841/1640/1640 846/1641/1641
f 840/1642/1642 846/1643/1643 845/1644/1644
f 788/1645/1645 789/1646/1646 793/1647/1647
f 788/1648/1648 793/1649/1649 792/1650/1650
f 787/1651/1651 788/1652/1652 792/1653/1653
f 787/1654/1654 792/1655/1655 791/1656/1656
f 786/1657/1657 787/1658/1658 791/1659/1659
f 786/1660/1660 791/1661/1661 790/1662/1662
f 357/1663/1663 356/1664/1664 860/1665/1665
f 352/1666/1666 847/1667/1667 353/1668/1668
f 352/1669/1669 842/1670/1670 848/1671/1671
f 352/1672/1672 848/1673/1673 847/1674/1674
f 842/1675/1675 843/1676/1676 849/1677/1677
f 842/1678/1678 849/1679/1679 848/1680/1680
f 843/1681/1681 844/1682/1682 850/1683/1683
f 843/1684/1684 850/1685/1685 849/1686/1686
f 844/1687/1687 845/1688/1688 851/1689/1689
f 844/1690/1690 851/1691/1691 850/1692/1692
f 845/1693/1693 846/1694/1694 852/1695/1695
f 845/1696/1696 852/1697/1697 851/1698/1698
f 338/1699/1699 786/1700/1700 790/1701/1701
f 338/1702/1702 790/1703/1703 339/1704/1704
f 815/1705/1705 816/1706/1706 820/1707/1707
f 815/1708/1708 820/1709/1709 819/1710/1710
f 860/1711/1711 358/1712/1712 357/1713/1713
f 353/1714/1714 847/1715/1715 854/1716/1716
f 353/1717/1717 854/1718/1718 853/1719/1719
f 847/1720/1720 848/1721/1721 855/1722/1722
f 847/1723/1723 855/1724/1724 854/1725/1725
f 848/1726/1726 849/1727/1727 856/1728/1728
f 848/1729/1729 856/1730/1730 855/1731/1731
f 849/1732/1732 850/1733/1733 857/1734/1734
f 849/1735/1735 857/1736/1736 856/1737/1737
f 850/1738/1738 851/1739/1739 858/1740/1740
f 850/1741/1741 858/1742/1742 857/1743/1743
f 851/1744/1744 852/1745/1745 859/1746/1746
f 851/1747/1747 859/1748/1748 858/1749/1749
f 860/1750/1750 359/1751/1751 358/1752/1752
f 356/1753/1753 355/1754/1754 861/1755/1755
f 355/1756/1756 354/1757/1757 1/1758/1758
f 853/1759/1759 863/1760/1760 862/1761/1761
f 853/1762/1762 862/1763/1763 1/1764/1764
f 853/1765/1765 854/1766/1766 864/1767/1767
f 853/1768/1768 864/1769/1769 863/1770/1770
f 854/1771/1771 855/1772/1772 865/1773/1773
f 854/1774/1774 865/1775/1775 864/1776/1776
f 855/1777/1777 856/1778/1778 866/1779/1779
f 855/1780/1780 866/1781/1781 865/1782/1782
f 856/1783/1783 857/1784/1784 867/1785/1785
f 856/1786/1786 867/1787/1787 866/1788/1788
f 857/1789/1789 858/1790/1790 868/1791/1791
f 857/1792/1792 868/1793/1793 867/1794/1794
f 858/1795/1795 859/1796/1796 869/1797/1797
f 858/1798/1798 869/1799/1799 868/1800/1800
f 359/1801/1801 860/1802/1802 871/1803/1803
f 359/1804/1804 871/1805/1805 870/1806/1806
f 860/1807/1807 861/1808/1808 872/1809/1809
f 860/1810/1810 872/1811/1811 871/1812/1812
f 861/1813/1813 862/1814/1814 873/1815/1815
f 861/1816/1816 873/1817/1817 872/1818/1818
f 862/1819/1819 863/1820/1820 874/1821/1821
f 862/1822/1822 874/1823/1823 873/1824/1824
f 863/1825/1825 864/1826/1826 875/1827/1827
f 863/1828/1828 875/1829/1829 874/1830/1830
f 864/1831/1831 865/1832/1832 876/1833/1833
f 864/1834/1834 876/1835/1835 875/1836/1836
f 865/1837/1837 866/1838/1838 877/1839/1839
f 865/1840/1840 877/1841/1841 876/1842/1842
f 866/1843/1843 867/1844/1844 878/1845/1845
f 866/1846/1846 878/1847/1847 877/1848/1848
f 867/1849/1849 868/1850/1850 879/1851/1851
f 867/1852/1852 879/1853/1853 878/1854/1854
f 868/1855/1855 869/1856/1856 880/1857/1857
f 868/1858/1858 880/1859/1859 879/1860/1860
f 870/1861/1861 871/1862/1862 881/1863/1863
f 870/1864/1864 881/1865/1865 565/1866/1866
f 871/1867/1867 872/1868/1868 882/1869/1869
f 871/1870/1870 882/1871/1871 881/1872/1872
f 872/1873/1873 873/1874/1874 883/1875/1875
f 872/1876/1876 883/1877/1877 882/1878/1878
f 873/1879/1879 874/1880/1880 884/1881/1881
f 873/1882/1882 884/1883/1883 883/1884/1884
f 874/1885/1885 875/1886/1886 885/1887/1887
f 874/1888/1888 885/1889/1889 884/1890/1890
f 875/1891/1891 876/1892/1892 886/1893/1893
f 875/1894/1894 886/1895/1895 885/1896/1896
f 876/1897/1897 877/1898/1898 887/1899/1899
f 876/1900/1900 887/1901/1901 886/1902/1902
f 877/1903/1903 878/1904/1904 888/1905/1905
f 877/1906/1906 888/1907/1907 887/1908/1908
f 878/1909/1909 879/1910/1910 889/1911/1911
f 878/1912/1912 889/1913/1913 888/1914/1914
f 879/1915/1915 880/1916/1916 890/1917/1917
f 879/1918/1918 890/1919/1919 889/1920/1920
f 895/1921/1921 891/1922/1922 773/1923/1923
f 895/1924/1924 773/1925/1925 772/1926/1926
f 894/1927/1927 895/1928/1928 772/1929/1929
f 894/1930/1930 772/1931/1931 771/1932/1932
f 334/1933/1933 894/1934/1934 771/1935/1935
f 334/1936/1936 771/1937/1937 447/1938/1938
f 466/1939/1939 414/1940/1940 892/1941/1941
f 784/1942/1942 785/1943/1943 789/1944/1944
f 784/1945/1945 789/1946/1946 788/1947/1947
f 783/1948/1948 784/1949/1949 788/1950/1950
f 783/1951/1951 788/1952/1952 787/1953/1953
f 892/1954/1954 250/1955/1955 466/1956/1956
f 892/1957/1957 893/1958/1958 891/1959/1959
f 892/1960/1960 891/1961/1961 895/1962/1962
f 250/1963/1963 892/1964/1964 895/1965/1965
f 250/1966/1966 895/1967/1967 894/1968/1968
f 250/1969/1969 894/1970/1970 334/1971/1971
f 782/1972/1972 783/1973/1973 787/1974/1974
f 782/1975/1975 787/1976/1976 786/1977/1977
f 414/1978/1978 333/1979/1979 893/1980/1980
f 414/1981/1981 893/1982/1982 892/1983/1983
f 861/1984/1984 860/1985/1985 356/1986/1986
f 337/1987/1987 782/1988/1988 786/1989/1989
f 337/1990/1990 786/1991/1991 338/1992/1992
f 814/1993/1993 815/1994/1994 819/1995/1995
f 814/1996/1996 819/1997/1997 818/1998/1998
f 780/1999/1999 781/2000/2000 785/2001/2001
f 780/2002/2002 785/2003/2003 784/2004/2004
f 779/2005/2005 780/2006/2006 784/2007/2007
f 779/2008/2008 784/2009/2009 783/2010/2010
f 778/2011/2011 779/2012/2012 783/2013/2013
f 778/2014/2014 783/2015/2015 782/2016/2016
f 336/2017/2017 778/2018/2018 782/2019/2019
f 336/2020/2020 782/2021/2021 337/2022/2022
f 336/2023/2023 335/2024/2024 774/2025/2025
f 776/2026/2026 777/2027/2027 781/2028/2028
f 776/2029/2029 781/2030/2030 780/2031/2031
f 775/2032/2032 776/2033/2033 780/2034/2034
f 775/2035/2035 780/2036/2036 779/2037/2037
f 774/2038/2038 775/2039/2039 779/2040/2040
f 774/2041/2041 779/2042/2042 778/2043/2043
f 774/2044/2044 778/2045/2045 336/2046/2046
f 345/2047/2047 814/2048/2048 818/2049/2049
f 345/2050/2050 818/2051/2051 346/2052/2052
f 772/2053/2053 773/2054/2054 777/2055/2055
f 772/2056/2056 777/2057/2057 776/2058/2058
f 771/2059/2059 772/2060/2060 776/2061/2061
f 771/2062/2062 776/2063/2063 775/2064/2064
f 447/2065/2065 771/2066/2066 775/2067/2067
f 447/2068/2068 775/2069/2069 774/2070/2070
f 335/2071/2071 447/2072/2072 774/2073/2073
f 812/2074/2074 813/2075/2075 817/2076/2076
f 812/2077/2077 817/2078/2078 816/2079/2079
f 422/2080/2080 424/2081/2081 311/2082/2082
f 422/2083/2083 311/2084/2084 209/2085/2085
f 311/2086/2086 424/2087/2087 425/2088/2088
f 209/2089/2089 311/2090/2090 943/2091/2091
f 209/2092/2092 943/2093/2093 944/2094/2094
f 40/2095/2095 209/2096/2096 944/2097/2097
f 40/2098/2098 944/2099/2099 38/2100/2100
f 387/2101/2101 325/2102/2102 324/2103/2103
f 387/2104/2104 324/2105/2105 388/2106/2106
f 386/2107/2107 284/2108/2108 325/2109/2109
f 386/2110/2110 325/2111/2111 387/2112/2112
f 311/2113/2113 373/2114/2114 942/2115/2115
f 311/2116/2116 942/2117/2117 943/2118/2118
f 385/2119/2119 285/2120/2120 284/2121/2121
f 385/2122/2122 284/2123/2123 386/2124/2124
f 384/2125/2125 326/2126/2126 285/2127/2127
f 384/2128/2128 285/2129/2129 385/2130/2130
f 383/2131/2131 327/2132/2132 326/2133/2133
f 383/2134/2134 326/2135/2135 384/2136/2136
f 382/2137/2137 286/2138/2138 327/2139/2139
f 382/2140/2140 327/2141/2141 383/2142/2142
f 737/2143/2143 738/2144/2144 743/2145/2145
f 737/2146/2146 743/2147/2147 742/2148/2148
f 738/2149/2149 739/2150/2150 744/2151/2151
f 738/2152/2152 744/2153/2153 743/2154/2154
f 3/2155/2155 741/2156/2156 746/2157/2157
f 3/2158/2158 746/2159/2159 8/2160/2160
f 741/2161/2161 742/2162/2162 747/2163/2163
f 741/2164/2164 747/2165/2165 746/2166/2166
f 742/2167/2167 743/2168/2168 748/2169/2169
f 742/2170/2170 748/2171/2171 747/2172/2172
f 743/2173/2173 744/2174/2174 749/2175/2175
f 743/2176/2176 749/2177/2177 748/2178/2178
f 744/2179/2179 745/2180/2180 750/2181/2181
f 744/2182/2182 750/2183/2183 749/2184/2184
f 745/2185/2185 675/2186/2186 683/2187/2187
f 745/2188/2188 683/2189/2189 750/2190/2190
f 736/2191/2191 737/2192/2192 742/2193/2193
f 736/2194/2194 742/2195/2195 741/2196/2196
f 2/2197/2197 736/2198/2198 741/2199/2199
f 2/2200/2200 741/2201/2201 3/2202/2202
f 739/2203/2203 740/2204/2204 745/2205/2205
f 739/2206/2206 745/2207/2207 744/2208/2208
f 740/2209/2209 667/2210/2210 675/2211/2211
f 740/2212/2212 675/2213/2213 745/2214/2214
f 4/2215/2215 8/2216/2216 746/2217/2217
f 4/2218/2218 746/2219/2219 47/2220/2220
f 47/2221/2221 746/2222/2222 747/2223/2223
f 47/2224/2224 747/2225/2225 48/2226/2226
f 48/2227/2227 747/2228/2228 748/2229/2229
f 48/2230/2230 748/2231/2231 50/2232/2232
f 50/2233/2233 748/2234/2234 749/2235/2235
f 50/2236/2236 749/2237/2237 51/2238/2238
f 51/2239/2239 749/2240/2240 750/2241/2241
f 51/2242/2242 750/2243/2243 53/2244/2244
f 53/2245/2245 750/2246/2246 683/2247/2247
f 53/2248/2248 683/2249/2249 55/2250/2250
f 723/2251/2251 691/2252/2252 701/2253/2253
f 723/2254/2254 701/2255/2255 729/2256/2256
f 722/2257/2257 723/2258/2258 729/2259/2259
f 722/2260/2260 729/2261/2261 728/2262/2262
f 721/2263/2263 722/2264/2264 728/2265/2265
f 721/2266/2266 728/2267/2267 727/2268/2268
f 720/2269/2269 721/2270/2270 727/2271/2271
f 720/2272/2272 727/2273/2273 726/2274/2274
f 682/2275/2275 724/2276/2276 730/2277/2277
f 682/2278/2278 730/2279/2279 690/2280/2280
f 724/2281/2281 725/2282/2282 731/2283/2283
f 724/2284/2284 731/2285/2285 730/2286/2286
f 725/2287/2287 726/2288/2288 732/2289/2289
f 725/2290/2290 732/2291/2291 731/2292/2292
f 726/2293/2293 727/2294/2294 733/2295/2295
f 726/2296/2296 733/2297/2297 732/2298/2298
f 727/2299/2299 728/2300/2300 734/2301/2301
f 727/2302/2302 734/2303/2303 733/2304/2304
f 728/2305/2305 729/2306/2306 735/2307/2307
f 728/2308/2308 735/2309/2309 734/2310/2310
f 729/2311/2311 701/2312/2312 710/2313/2313
f 729/2314/2314 710/2315/2315 735/2316/2316
f 719/2317/2317 720/2318/2318 726/2319/2319
f 719/2320/2320 726/2321/2321 725/2322/2322
f 718/2323/2323 719/2324/2324 725/2325/2325
f 718/2326/2326 725/2327/2327 724/2328/2328
f 674/2329/2329 718/2330/2330 724/2331/2331
f 674/2332/2332 724/2333/2333 682/2334/2334
f 690/2335/2335 730/2336/2336 473/2337/2337
f 690/2338/2338 473/2339/2339 472/2340/2340
f 730/2341/2341 731/2342/2342 474/2343/2343
f 730/2344/2344 474/2345/2345 473/2346/2346
f 731/2347/2347 732/2348/2348 475/2349/2349
f 731/2350/2350 475/2351/2351 474/2352/2352
f 732/2353/2353 733/2354/2354 476/2355/2355
f 732/2356/2356 476/2357/2357 475/2358/2358
f 733/2359/2359 734/2360/2360 477/2361/2361
f 733/2362/2362 477/2363/2363 476/2364/2364
f 734/2365/2365 735/2366/2366 478/2367/2367
f 734/2368/2368 478/2369/2369 477/2370/2370
f 735/2371/2371 710/2372/2372 479/2373/2373
f 735/2374/2374 479/2375/2375 478/2376/2376
f 700/2377/2377 449/2378/2378 709/2379/2379
f 717/2380/2380 708/2381/2381 709/2382/2382
f 449/2383/2383 448/2384/2384 709/2385/2385
f 484/2386/2386 132/2387/2387 441/2388/2388
f 716/2389/2389 132/2390/2390 484/2391/2391
f 484/2392/2392 715/2393/2393 716/2394/2394
f 448/2395/2395 450/2396/2396 709/2397/2397
f 691/2398/2398 692/2399/2399 702/2400/2400
f 691/2401/2401 702/2402/2402 701/2403/2403
f 692/2404/2404 693/2405/2405 703/2406/2406
f 692/2407/2407 703/2408/2408 702/2409/2409
f 693/2410/2410 694/2411/2411 704/2412/2412
f 693/2413/2413 704/2414/2414 703/2415/2415
f 694/2416/2416 695/2417/2417 705/2418/2418
f 694/2419/2419 705/2420/2420 704/2421/2421
f 695/2422/2422 696/2423/2423 706/2424/2424
f 695/2425/2425 706/2426/2426 705/2427/2427
f 696/2428/2428 697/2429/2429 707/2430/2430
f 696/2431/2431 707/2432/2432 706/2433/2433
f 697/2434/2434 698/2435/2435 708/2436/2436
f 697/2437/2437 708/2438/2438 707/2439/2439
f 698/2440/2440 699/2441/2441 709/2442/2442
f 698/2443/2443 709/2444/2444 708/2445/2445
f 709/2446/2446 699/2447/2447 700/2448/2448
f 132/2449/2449 717/2450/2450 450/2451/2451
f 701/2452/2452 702/2453/2453 711/2454/2454
f 701/2455/2455 711/2456/2456 710/2457/2457
f 702/2458/2458 703/2459/2459 712/2460/2460
f 702/2461/2461 712/2462/2462 711/2463/2463
f 703/2464/2464 704/2465/2465 713/2466/2466
f 703/2467/2467 713/2468/2468 712/2469/2469
f 704/2470/2470 705/2471/2471 714/2472/2472
f 704/2473/2473 714/2474/2474 713/2475/2475
f 705/2476/2476 706/2477/2477 715/2478/2478
f 705/2479/2479 715/2480/2480 714/2481/2481
f 706/2482/2482 707/2483/2483 716/2484/2484
f 706/2485/2485 716/2486/2486 715/2487/2487
f 707/2488/2488 708/2489/2489 717/2490/2490
f 707/2491/2491 717/2492/2492 716/2493/2493
f 709/2494/2494 450/2495/2495 717/2496/2496
f 449/2497/2497 700/2498/2498 131/2499/2499
f 710/2500/2500 711/2501/2501 480/2502/2502
f 710/2503/2503 480/2504/2504 479/2505/2505
f 711/2506/2506 712/2507/2507 481/2508/2508
f 711/2509/2509 481/2510/2510 480/2511/2511
f 712/2512/2512 713/2513/2513 482/2514/2514
f 712/2515/2515 482/2516/2516 481/2517/2517
f 713/2518/2518 714/2519/2519 483/2520/2520
f 713/2521/2521 483/2522/2522 482/2523/2523
f 714/2524/2524 715/2525/2525 484/2526/2526
f 714/2527/2527 484/2528/2528 483/2529/2529
f 716/2530/2530 717/2531/2531 132/2532/2532
f 673/2533/2533 674/2534/2534 682/2535/2535
f 673/2536/2536 682/2537/2537 681/2538/2538
f 672/2539/2539 673/2540/2540 681/2541/2541
f 672/2542/2542 681/2543/2543 680/2544/2544
f 671/2545/2545 672/2546/2546 680/2547/2547
f 671/2548/2548 680/2549/2549 679/2550/2550
f 670/2551/2551 671/2552/2552 679/2553/2553
f 670/2554/2554 679/2555/2555 678/2556/2556
f 675/2557/2557 676/2558/2558 684/2559/2559
f 675/2560/2560 684/2561/2561 683/2562/2562
f 676/2563/2563 677/2564/2564 685/2565/2565
f 676/2566/2566 685/2567/2567 684/2568/2568
f 677/2569/2569 678/2570/2570 686/2571/2571
f 677/2572/2572 686/2573/2573 685/2574/2574
f 678/2575/2575 679/2576/2576 687/2577/2577
f 678/2578/2578 687/2579/2579 686/2580/2580
f 679/2581/2581 680/2582/2582 688/2583/2583
f 679/2584/2584 688/2585/2585 687/2586/2586
f 680/2587/2587 681/2588/2588 689/2589/2589
f 680/2590/2590 689/2591/2591 688/2592/2592
f 681/2593/2593 682/2594/2594 690/2595/2595
f 681/2596/2596 690/2597/2597 689/2598/2598
f 669/2599/2599 670/2600/2600 678/2601/2601
f 669/2602/2602 678/2603/2603 677/2604/2604
f 668/2605/2605 669/2606/2606 677/2607/2607
f 668/2608/2608 677/2609/2609 676/2610/2610
f 667/2611/2611 668/2612/2612 676/2613/2613
f 667/2614/2614 676/2615/2615 675/2616/2616
f 57/2617/2617 55/2618/2618 684/2619/2619
f 685/2620/2620 686/2621/2621 468/2622/2622
f 686/2623/2623 687/2624/2624 469/2625/2625
f 686/2626/2626 469/2627/2627 468/2628/2628
f 687/2629/2629 688/2630/2630 470/2631/2631
f 687/2632/2632 470/2633/2633 469/2634/2634
f 688/2635/2635 689/2636/2636 471/2637/2637
f 688/2638/2638 471/2639/2639 470/2640/2640
f 689/2641/2641 690/2642/2642 472/2643/2643
f 689/2644/2644 472/2645/2645 471/2646/2646
f 441/2647/2647 500/2648/2648 484/2649/2649
f 133/2650/2650 523/2651/2651 500/2652/2652
f 133/2653/2653 500/2654/2654 441/2655/2655
f 134/2656/2656 523/2657/2657 133/2658/2658
f 554/2659/2659 134/2660/2660 135/2661/2661
f 135/2662/2662 564/2663/2663 554/2664/2664
f 435/2665/2665 208/2666/2666 168/2667/2667
f 435/2668/2668 168/2669/2669 434/2670/2670
f 453/2671/2671 170/2672/2672 132/2673/2673
f 453/2674/2674 132/2675/2675 450/2676/2676
f 107/2677/2677 108/2678/2678 596/2679/2679
f 107/2680/2680 596/2681/2681 588/2682/2682
f 107/2683/2683 588/2684/2684 129/2685/2685
f 107/2686/2686 129/2687/2687 106/2688/2688
f 381/2689/2689 287/2690/2690 286/2691/2691
f 381/2692/2692 286/2693/2693 382/2694/2694
f 380/2695/2695 328/2696/2696 287/2697/2697
f 380/2698/2698 287/2699/2699 381/2700/2700
f 303/2701/2701 348/2702/2702 349/2703/2703
f 303/2704/2704 349/2705/2705 262/2706/2706
f 379/2707/2707 329/2708/2708 328/2709/2709
f 379/2710/2710 328/2711/2711 380/2712/2712
f 378/2713/2713 288/2714/2714 329/2715/2715
f 378/2716/2716 329/2717/2717 379/2718/2718
f 445/2719/2719 330/2720/2720 376/2721/2721
f 445/2722/2722 376/2723/2723 444/2724/2724
f 105/2725/2725 106/2726/2726 129/2727/2727
f 105/2728/2728 129/2729/2729 128/2730/2730
f 462/2731/2731 331/2732/2732 375/2733/2733
f 462/2734/2734 375/2735/2735 459/2736/2736
f 437/2737/2737 413/2738/2738 249/2739/2739
f 437/2740/2740 249/2741/2741 436/2742/2742
f 666/2743/2743 158/2744/2744 159/2745/2745
f 665/2746/2746 666/2747/2747 160/2748/2748
f 665/2749/2749 160/2750/2750 161/2751/2751
f 104/2752/2752 105/2753/2753 128/2754/2754
f 104/2755/2755 128/2756/2756 127/2757/2757
f 103/2758/2758 104/2759/2759 127/2760/2760
f 103/2761/2761 127/2762/2762 126/2763/2763
f 102/2764/2764 103/2765/2765 126/2766/2766
f 102/2767/2767 126/2768/2768 125/2769/2769
f 101/2770/2770 102/2771/2771 125/2772/2772
f 101/2773/2773 125/2774/2774 124/2775/2775
f 101/2776/2776 124/2777/2777 123/2778/2778
f 101/2779/2779 123/2780/2780 100/2781/2781
f 100/2782/2782 123/2783/2783 122/2784/2784
f 100/2785/2785 122/2786/2786 99/2787/2787
f 663/2788/2788 149/2789/2789 189/2790/2790
f 663/2791/2791 189/2792/2792 190/2793/2793
f 148/2794/2794 188/2795/2795 189/2796/2796
f 148/2797/2797 189/2798/2798 149/2799/2799
f 411/2800/2800 412/2801/2801 248/2802/2802
f 411/2803/2803 248/2804/2804 247/2805/2805
f 410/2806/2806 411/2807/2807 247/2808/2808
f 410/2809/2809 247/2810/2810 246/2811/2811
f 409/2812/2812 410/2813/2813 246/2814/2814
f 409/2815/2815 246/2816/2816 245/2817/2817
f 408/2818/2818 409/2819/2819 245/2820/2820
f 408/2821/2821 245/2822/2822 244/2823/2823
f 98/2824/2824 99/2825/2825 122/2826/2826
f 98/2827/2827 122/2828/2828 121/2829/2829
f 147/2830/2830 187/2831/2831 188/2832/2832
f 147/2833/2833 188/2834/2834 148/2835/2835
f 97/2836/2836 98/2837/2837 121/2838/2838
f 97/2839/2839 121/2840/2840 120/2841/2841
f 407/2842/2842 408/2843/2843 244/2844/2844
f 407/2845/2845 244/2846/2846 243/2847/2847
f 96/2848/2848 97/2849/2849 120/2850/2850
f 96/2851/2851 120/2852/2852 119/2853/2853
f 161/2854/2854 162/2855/2855 665/2856/2856
f 159/2857/2857 160/2858/2858 666/2859/2859
f 149/2860/2860 663/2861/2861 661/2862/2862
f 166/2863/2863 158/2864/2864 666/2865/2865
f 94/2866/2866 95/2867/2867 118/2868/2868
f 94/2869/2869 118/2870/2870 117/2871/2871
f 93/2872/2872 94/2873/2873 117/2874/2874
f 93/2875/2875 117/2876/2876 116/2877/2877
f 93/2878/2878 116/2879/2879 114/2880/2880
f 93/2881/2881 114/2882/2882 91/2883/2883
f 91/2884/2884 114/2885/2885 111/2886/2886
f 91/2887/2887 111/2888/2888 89/2889/2889
f 146/2890/2890 186/2891/2891 187/2892/2892
f 146/2893/2893 187/2894/2894 147/2895/2895
f 145/2896/2896 185/2897/2897 186/2898/2898
f 145/2899/2899 186/2900/2900 146/2901/2901
f 406/2902/2902 407/2903/2903 243/2904/2904
f 406/2905/2905 243/2906/2906 242/2907/2907
f 405/2908/2908 406/2909/2909 242/2910/2910
f 405/2911/2911 242/2912/2912 241/2913/2913
f 404/2914/2914 405/2915/2915 241/2916/2916
f 404/2917/2917 241/2918/2918 240/2919/2919
f 89/2920/2920 111/2921/2921 110/2922/2922
f 89/2923/2923 110/2924/2924 88/2925/2925
f 403/2926/2926 404/2927/2927 240/2928/2928
f 403/2929/2929 240/2930/2930 239/2931/2931
f 402/2932/2932 403/2933/2933 239/2934/2934
f 402/2935/2935 239/2936/2936 238/2937/2937
f 108/2938/2938 109/2939/2939 130/2940/2940
f 108/2941/2941 130/2942/2942 596/2943/2943
f 155/2944/2944 195/2945/2945 196/2946/2946
f 155/2947/2947 196/2948/2948 156/2949/2949
f 542/2950/2950 153/2951/2951 154/2952/2952
f 542/2953/2953 154/2954/2954 155/2955/2955
f 639/2956/2956 633/2957/2957 634/2958/2958
f 156/2959/2959 196/2960/2960 197/2961/2961
f 156/2962/2962 197/2963/2963 157/2964/2964
f 136/2965/2965 174/2966/2966 175/2967/2967
f 136/2968/2968 175/2969/2969 137/2970/2970
f 144/2971/2971 184/2972/2972 185/2973/2973
f 144/2974/2974 185/2975/2975 145/2976/2976
f 143/2977/2977 183/2978/2978 184/2979/2979
f 143/2980/2980 184/2981/2981 144/2982/2982
f 401/2983/2983 402/2984/2984 238/2985/2985
f 401/2986/2986 238/2987/2987 237/2988/2988
f 400/2989/2989 401/2990/2990 237/2991/2991
f 400/2992/2992 237/2993/2993 236/2994/2994
f 157/2995/2995 197/2996/2996 198/2997/2997
f 157/2998/2998 198/2999/2999 158/3000/3000
f 158/3001/3001 198/3002/3002 199/3003/3003
f 158/3004/3004 199/3005/3005 159/3006/3006
f 399/3007/3007 400/3008/3008 236/3009/3009
f 399/3010/3010 236/3011/3011 235/3012/3012
f 398/3013/3013 399/3014/3014 235/3015/3015
f 398/3016/3016 235/3017/3017 234/3018/3018
f 397/3019/3019 398/3020/3020 234/3021/3021
f 397/3022/3022 234/3023/3023 233/3024/3024
f 151/3025/3025 662/3026/3026 663/3027/3027
f 153/3028/3028 769/3029/3029 662/3030/3030
f 769/3031/3031 153/3032/3032 542/3033/3033
f 162/3034/3034 202/3035/3035 203/3036/3036
f 162/3037/3037 203/3038/3038 163/3039/3039
f 643/3040/3040 638/3041/3041 639/3042/3042
f 163/3043/3043 203/3044/3044 204/3045/3045
f 396/3046/3046 397/3047/3047 233/3048/3048
f 396/3049/3049 233/3050/3050 232/3051/3051
f 142/3052/3052 182/3053/3053 183/3054/3054
f 142/3055/3055 183/3056/3056 143/3057/3057
f 395/3058/3058 396/3059/3059 232/3060/3060
f 395/3061/3061 232/3062/3062 231/3063/3063
f 394/3064/3064 395/3065/3065 231/3066/3066
f 394/3067/3067 231/3068/3068 230/3069/3069
f 393/3070/3070 394/3071/3071 230/3072/3072
f 393/3073/3073 230/3074/3074 229/3075/3075
f 392/3076/3076 393/3077/3077 229/3078/3078
f 392/3079/3079 229/3080/3080 228/3081/3081
f 146/3082/3082 147/3083/3083 660/3084/3084
f 146/3085/3085 660/3086/3086 653/3087/3087
f 661/3088/3088 148/3089/3089 149/3090/3090
f 661/3091/3091 663/3092/3092 662/3093/3093
f 576/3094/3094 662/3095/3095 769/3096/3096
f 391/3097/3097 392/3098/3098 228/3099/3099
f 391/3100/3100 228/3101/3101 227/3102/3102
f 390/3103/3103 391/3104/3104 227/3105/3105
f 390/3106/3106 227/3107/3107 226/3108/3108
f 389/3109/3109 390/3110/3110 226/3111/3111
f 389/3112/3112 226/3113/3113 225/3114/3114
f 388/3115/3115 389/3116/3116 225/3117/3117
f 388/3118/3118 225/3119/3119 224/3120/3120
f 387/3121/3121 388/3122/3122 224/3123/3123
f 387/3124/3124 224/3125/3125 223/3126/3126
f 386/3127/3127 387/3128/3128 223/3129/3129
f 386/3130/3130 223/3131/3131 222/3132/3132
f 385/3133/3133 386/3134/3134 222/3135/3135
f 385/3136/3136 222/3137/3137 221/3138/3138
f 384/3139/3139 385/3140/3140 221/3141/3141
f 384/3142/3142 221/3143/3143 220/3144/3144
f 383/3145/3145 384/3146/3146 220/3147/3147
f 383/3148/3148 220/3149/3149 219/3150/3150
f 382/3151/3151 383/3152/3152 219/3153/3153
f 382/3154/3154 219/3155/3155 218/3156/3156
f 381/3157/3157 382/3158/3158 218/3159/3159
f 381/3160/3160 218/3161/3161 217/3162/3162
f 380/3163/3163 381/3164/3164 217/3165/3165
f 380/3166/3166 217/3167/3167 216/3168/3168
f 148/3169/3169 660/3170/3170 147/3171/3171
f 660/3172/3172 148/3173/3173 661/3174/3174
f 556/3175/3175 661/3176/3176 576/3177/3177
f 379/3178/3178 380/3179/3179 216/3180/3180
f 379/3181/3181 216/3182/3182 215/3183/3183
f 378/3184/3184 379/3185/3185 215/3186/3186
f 378/3187/3187 215/3188/3188 214/3189/3189
f 377/3190/3190 289/3191/3191 288/3192/3192
f 377/3193/3193 288/3194/3194 378/3195/3195
f 376/3196/3196 330/3197/3197 289/3198/3198
f 376/3199/3199 289/3200/3200 377/3201/3201
f 444/3202/3202 376/3203/3203 212/3204/3204
f 444/3205/3205 212/3206/3206 443/3207/3207
f 459/3208/3208 375/3209/3209 211/3210/3210
f 459/3211/3211 211/3212/3212 456/3213/3213
f 209/3214/3214 421/3215/3215 422/3216/3216
f 436/3217/3217 249/3218/3218 208/3219/3219
f 436/3220/3220 208/3221/3221 435/3222/3222
f 206/3223/3223 247/3224/3224 248/3225/3225
f 206/3226/3226 248/3227/3227 207/3228/3228
f 304/3229/3229 347/3230/3230 348/3231/3231
f 304/3232/3232 348/3233/3233 303/3234/3234
f 205/3235/3235 246/3236/3236 247/3237/3237
f 205/3238/3238 247/3239/3239 206/3240/3240
f 204/3241/3241 245/3242/3242 246/3243/3243
f 204/3244/3244 246/3245/3245 205/3246/3246
f 653/3247/3247 145/3248/3248 146/3249/3249
f 652/3250/3250 653/3251/3251 660/3252/3252
f 652/3253/3253 660/3254/3254 556/3255/3255
f 647/3256/3256 648/3257/3257 652/3258/3258
f 203/3259/3259 244/3260/3260 245/3261/3261
f 203/3262/3262 245/3263/3263 204/3264/3264
f 202/3265/3265 243/3266/3266 244/3267/3267
f 202/3268/3268 244/3269/3269 203/3270/3270
f 201/3271/3271 242/3272/3272 243/3273/3273
f 201/3274/3274 243/3275/3275 202/3276/3276
f 200/3277/3277 241/3278/3278 242/3279/3279
f 200/3280/3280 242/3281/3281 201/3282/3282
f 199/3283/3283 240/3284/3284 241/3285/3285
f 199/3286/3286 241/3287/3287 200/3288/3288
f 198/3289/3289 239/3290/3290 240/3291/3291
f 198/3292/3292 240/3293/3293 199/3294/3294
f 197/3295/3295 238/3296/3296 239/3297/3297
f 197/3298/3298 239/3299/3299 198/3300/3300
f 196/3301/3301 237/3302/3302 238/3303/3303
f 196/3304/3304 238/3305/3305 197/3306/3306
f 480/3307/3307 481/3308/3308 497/3309/3309
f 480/3310/3310 497/3311/3311 496/3312/3312
f 479/3313/3313 480/3314/3314 496/3315/3315
f 479/3316/3316 496/3317/3317 495/3318/3318
f 478/3319/3319 479/3320/3320 495/3321/3321
f 478/3322/3322 495/3323/3323 494/3324/3324
f 477/3325/3325 478/3326/3326 494/3327/3327
f 477/3328/3328 494/3329/3329 493/3330/3330
f 650/3331/3331 144/3332/3332 145/3333/3333
f 650/3334/3334 145/3335/3335 653/3336/3336
f 649/3337/3337 650/3338/3338 653/3339/3339
f 649/3340/3340 653/3341/3341 652/3342/3342
f 648/3343/3343 649/3344/3344 652/3345/3345
f 195/3346/3346 236/3347/3347 237/3348/3348
f 195/3349/3349 237/3350/3350 196/3351/3351
f 194/3352/3352 235/3353/3353 236/3354/3354
f 194/3355/3355 236/3356/3356 195/3357/3357
f 193/3358/3358 234/3359/3359 235/3360/3360
f 193/3361/3361 235/3362/3362 194/3363/3363
f 192/3364/3364 233/3365/3365 234/3366/3366
f 192/3367/3367 234/3368/3368 193/3369/3369
f 191/3370/3370 232/3371/3371 233/3372/3372
f 191/3373/3373 233/3374/3374 192/3375/3375
f 476/3376/3376 477/3377/3377 493/3378/3378
f 476/3379/3379 493/3380/3380 492/3381/3381
f 581/3382/3382 45/3383/3383 46/3384/3384
f 581/3385/3385 46/3386/3386 93/3387/3387
f 94/3388/3388 93/3389/3389 46/3390/3390
f 119/3391/3391 118/3392/3392 95/3393/3393
f 119/3394/3394 95/3395/3395 96/3396/3396
f 646/3397/3397 143/3398/3398 144/3399/3399
f 646/3400/3400 144/3401/3401 650/3402/3402
f 645/3403/3403 646/3404/3404 650/3405/3405
f 645/3406/3406 650/3407/3407 649/3408/3408
f 644/3409/3409 645/3410/3410 649/3411/3411
f 644/3412/3412 649/3413/3413 648/3414/3414
f 643/3415/3415 644/3416/3416 648/3417/3417
f 190/3418/3418 231/3419/3419 232/3420/3420
f 190/3421/3421 232/3422/3422 191/3423/3423
f 189/3424/3424 230/3425/3425 231/3426/3426
f 189/3427/3427 231/3428/3428 190/3429/3429
f 188/3430/3430 229/3431/3431 230/3432/3432
f 188/3433/3433 230/3434/3434 189/3435/3435
f 187/3436/3436 228/3437/3437 229/3438/3438
f 187/3439/3439 229/3440/3440 188/3441/3441
f 83/3442/3442 97/3443/3443 96/3444/3444
f 99/3445/3445 572/3446/3446 583/3447/3447
f 122/3448/3448 123/3449/3449 655/3450/3450
f 429/3451/3451 417/3452/3452 416/3453/3453
f 429/3454/3454 416/3455/3455 428/3456/3456
f 263/3457/3457 346/3458/3458 347/3459/3459
f 263/3460/3460 347/3461/3461 304/3462/3462
f 264/3463/3463 345/3464/3464 346/3465/3465
f 264/3466/3466 346/3467/3467 263/3468/3468
f 641/3469/3469 142/3470/3470 143/3471/3471
f 641/3472/3472 143/3473/3473 646/3474/3474
f 640/3475/3475 641/3476/3476 646/3477/3477
f 640/3478/3478 646/3479/3479 645/3480/3480
f 639/3481/3481 640/3482/3482 645/3483/3483
f 639/3484/3484 645/3485/3485 644/3486/3486
f 639/3487/3487 644/3488/3488 643/3489/3489
f 637/3490/3490 638/3491/3491 643/3492/3492
f 186/3493/3493 227/3494/3494 228/3495/3495
f 186/3496/3496 228/3497/3497 187/3498/3498
f 185/3499/3499 226/3500/3500 227/3501/3501
f 185/3502/3502 227/3503/3503 186/3504/3504
f 184/3505/3505 225/3506/3506 226/3507/3507
f 184/3508/3508 226/3509/3509 185/3510/3510
f 430/3511/3511 418/3512/3512 417/3513/3513
f 430/3514/3514 417/3515/3515 429/3516/3516
f 475/3517/3517 476/3518/3518 492/3519/3519
f 475/3520/3520 492/3521/3521 491/3522/3522
f 474/3523/3523 475/3524/3524 491/3525/3525
f 474/3526/3526 491/3527/3527 490/3528/3528
f 431/3529/3529 432/3530/3530 419/3531/3531
f 431/3532/3532 419/3533/3533 418/3534/3534
f 141/3535/3535 181/3536/3536 182/3537/3537
f 141/3538/3538 182/3539/3539 142/3540/3540
f 140/3541/3541 180/3542/3542 181/3543/3543
f 140/3544/3544 181/3545/3545 141/3546/3546
f 473/3547/3547 474/3548/3548 490/3549/3549
f 473/3550/3550 490/3551/3551 489/3552/3552
f 635/3553/3553 141/3554/3554 142/3555/3555
f 635/3556/3556 142/3557/3557 641/3558/3558
f 634/3559/3559 635/3560/3560 641/3561/3561
f 634/3562/3562 641/3563/3563 640/3564/3564
f 634/3565/3565 640/3566/3566 639/3567/3567
f 632/3568/3568 633/3569/3569 639/3570/3570
f 632/3571/3571 639/3572/3572 638/3573/3573
f 631/3574/3574 632/3575/3575 638/3576/3576
f 631/3577/3577 638/3578/3578 637/3579/3579
f 630/3580/3580 631/3581/3581 637/3582/3582
f 620/3583/3583 621/3584/3584 630/3585/3585
f 183/3586/3586 224/3587/3587 225/3588/3588
f 183/3589/3589 225/3590/3590 184/3591/3591
f 305/3592/3592 344/3593/3593 345/3594/3594
f 305/3595/3595 345/3596/3596 264/3597/3597
f 422/3598/3598 417/3599/3599 418/3600/3600
f 422/3601/3601 418/3602/3602 424/3603/3603
f 421/3604/3604 416/3605/3605 417/3606/3606
f 421/3607/3607 417/3608/3608 422/3609/3609
f 416/3610/3610 421/3611/3611 423/3612/3612
f 139/3613/3613 179/3614/3614 180/3615/3615
f 139/3616/3616 180/3617/3617 140/3618/3618
f 424/3619/3619 418/3620/3620 419/3621/3621
f 424/3622/3622 419/3623/3623 425/3624/3624
f 306/3625/3625 343/3626/3626 344/3627/3627
f 306/3628/3628 344/3629/3629 305/3630/3630
f 627/3631/3631 140/3632/3632 141/3633/3633
f 627/3634/3634 141/3635/3635 635/3636/3636
f 627/3637/3637 635/3638/3638 634/3639/3639
f 625/3640/3640 626/3641/3641 634/3642/3642
f 625/3643/3643 634/3644/3644 633/3645/3645
f 624/3646/3646 625/3647/3647 633/3648/3648
f 624/3649/3649 633/3650/3650 632/3651/3651
f 623/3652/3652 624/3653/3653 632/3654/3654
f 623/3655/3655 632/3656/3656 631/3657/3657
f 622/3658/3658 623/3659/3659 631/3660/3660
f 622/3661/3661 631/3662/3662 630/3663/3663
f 621/3664/3664 622/3665/3665 630/3666/3666
f 182/3667/3667 223/3668/3668 224/3669/3669
f 182/3670/3670 224/3671/3671 183/3672/3672
f 265/3673/3673 342/3674/3674 343/3675/3675
f 265/3676/3676 343/3677/3677 306/3678/3678
f 455/3679/3679 454/3680/3680 451/3681/3681
f 455/3682/3682 451/3683/3683 452/3684/3684
f 7/3685/3685 426/3686/3686 425/3687/3687
f 7/3688/3688 425/3689/3689 419/3690/3690
f 168/3691/3691 208/3692/3692 428/3693/3693
f 266/3694/3694 341/3695/3695 342/3696/3696
f 266/3697/3697 342/3698/3698 265/3699/3699
f 307/3700/3700 340/3701/3701 341/3702/3702
f 307/3703/3703 341/3704/3704 266/3705/3705
f 618/3706/3706 139/3707/3707 140/3708/3708
f 618/3709/3709 140/3710/3710 627/3711/3711
f 617/3712/3712 618/3713/3713 627/3714/3714
f 617/3715/3715 627/3716/3716 626/3717/3717
f 616/3718/3718 617/3719/3719 626/3720/3720
f 616/3721/3721 626/3722/3722 625/3723/3723
f 615/3724/3724 616/3725/3725 625/3726/3726
f 615/3727/3727 625/3728/3728 624/3729/3729
f 614/3730/3730 615/3731/3731 624/3732/3732
f 614/3733/3733 624/3734/3734 623/3735/3735
f 613/3736/3736 614/3737/3737 623/3738/3738
f 613/3739/3739 623/3740/3740 622/3741/3741
f 612/3742/3742 613/3743/3743 622/3744/3744
f 612/3745/3745 622/3746/3746 621/3747/3747
f 611/3748/3748 612/3749/3749 621/3750/3750
f 470/3751/3751 471/3752/3752 487/3753/3753
f 470/3754/3754 487/3755/3755 486/3756/3756
f 469/3757/3757 470/3758/3758 486/3759/3759
f 469/3760/3760 486/3761/3761 485/3762/3762
f 308/3763/3763 339/3764/3764 340/3765/3765
f 308/3766/3766 340/3767/3767 307/3768/3768
f 267/3769/3769 338/3770/3770 339/3771/3771
f 267/3772/3772 339/3773/3773 308/3774/3774
f 472/3775/3775 473/3776/3776 489/3777/3777
f 472/3778/3778 489/3779/3779 488/3780/3780
f 471/3781/3781 472/3782/3782 488/3783/3783
f 471/3784/3784 488/3785/3785 487/3786/3786
f 428/3787/3787 208/3788/3788 249/3789/3789
f 428/3790/3790 249/3791/3791 429/3792/3792
f 268/3793/3793 337/3794/3794 338/3795/3795
f 268/3796/3796 338/3797/3797 267/3798/3798
f 309/3799/3799 336/3800/3800 337/3801/3801
f 309/3802/3802 337/3803/3803 268/3804/3804
f 310/3805/3805 335/3806/3806 336/3807/3807
f 310/3808/3808 336/3809/3809 309/3810/3810
f 447/3811/3811 335/3812/3812 310/3813/3813
f 447/3814/3814 310/3815/3815 446/3816/3816
f 250/3817/3817 334/3818/3818 269/3819/3819
f 250/3820/3820 269/3821/3821 465/3822/3822
f 596/3823/3823 130/3824/3824 139/3825/3825
f 607/3826/3826 608/3827/3827 616/3828/3828
f 607/3829/3829 616/3830/3830 615/3831/3831
f 606/3832/3832 607/3833/3833 615/3834/3834
f 606/3835/3835 615/3836/3836 614/3837/3837
f 605/3838/3838 606/3839/3839 614/3840/3840
f 605/3841/3841 614/3842/3842 613/3843/3843
f 604/3844/3844 605/3845/3845 613/3846/3846
f 604/3847/3847 613/3848/3848 612/3849/3849
f 604/3850/3850 612/3851/3851 611/3852/3852
f 468/3853/3853 469/3854/3854 485/3855/3855
f 181/3856/3856 222/3857/3857 223/3858/3858
f 181/3859/3859 223/3860/3860 182/3861/3861
f 180/3862/3862 221/3863/3863 222/3864/3864
f 180/3865/3865 222/3866/3866 181/3867/3867
f 179/3868/3868 220/3869/3869 221/3870/3870
f 179/3871/3871 221/3872/3872 180/3873/3873
f 178/3874/3874 219/3875/3875 220/3876/3876
f 178/3877/3877 220/3878/3878 179/3879/3879
f 177/3880/3880 218/3881/3881 219/3882/3882
f 177/3883/3883 219/3884/3884 178/3885/3885
f 176/3886/3886 217/3887/3887 218/3888/3888
f 176/3889/3889 218/3890/3890 177/3891/3891
f 373/3892/3892 311/3893/3893 425/3894/3894
f 439/3895/3895 332/3896/3896 312/3897/3897
f 439/3898/3898 312/3899/3899 438/3900/3900
f 251/3901/3901 292/3902/3902 271/3903/3903
f 251/3904/3904 271/3905/3905 272/3906/3906
f 293/3907/3907 251/3908/3908 272/3909/3909
f 293/3910/3910 272/3911/3911 313/3912/3912
f 252/3913/3913 293/3914/3914 313/3915/3915
f 252/3916/3916 313/3917/3917 273/3918/3918
f 294/3919/3919 252/3920/3920 273/3921/3921
f 294/3922/3922 273/3923/3923 314/3924/3924
f 588/3925/3925 618/3926/3926 609/3927/3927
f 600/3928/3928 601/3929/3929 607/3930/3930
f 600/3931/3931 607/3932/3932 606/3933/3933
f 599/3934/3934 600/3935/3935 606/3936/3936
f 599/3937/3937 606/3938/3938 605/3939/3939
f 599/3940/3940 605/3941/3941 604/3942/3942
f 253/3943/3943 294/3944/3944 314/3945/3945
f 253/3946/3946 314/3947/3947 315/3948/3948
f 295/3949/3949 253/3950/3950 315/3951/3951
f 295/3952/3952 315/3953/3953 274/3954/3954
f 254/3955/3955 295/3956/3956 274/3957/3957
f 254/3958/3958 274/3959/3959 275/3960/3960
f 255/3961/3961 254/3962/3962 275/3963/3963
f 255/3964/3964 275/3965/3965 316/3966/3966
f 296/3967/3967 255/3968/3968 316/3969/3969
f 296/3970/3970 316/3971/3971 317/3972/3972
f 297/3973/3973 296/3974/3974 317/3975/3975
f 297/3976/3976 317/3977/3977 276/3978/3978
f 256/3979/3979 297/3980/3980 276/3981/3981
f 256/3982/3982 276/3983/3983 277/3984/3984
f 257/3985/3985 256/3986/3986 277/3987/3987
f 257/3988/3988 277/3989/3989 318/3990/3990
f 298/3991/3991 257/3992/3992 318/3993/3993
f 298/3994/3994 318/3995/3995 319/3996/3996
f 299/3997/3997 298/3998/3998 319/3999/3999
f 299/4000/4000 319/4001/4001 278/4002/4002
f 138/4003/4003 109/4004/4004 108/4005/4005
f 97/4006/4006 582/4007/4007 541/4008/4008
f 103/4009/4009 593/4010/4010 104/4011/4011
f 599/4012/4012 654/4013/4013 657/4014/4014
f 258/4015/4015 299/4016/4016 278/4017/4017
f 258/4018/4018 278/4019/4019 279/4020/4020
f 259/4021/4021 258/4022/4022 279/4023/4023
f 259/4024/4024 279/4025/4025 320/4026/4026
f 300/4027/4027 259/4028/4028 320/4029/4029
f 300/4030/4030 320/4031/4031 280/4032/4032
f 301/4033/4033 300/4034/4034 280/4035/4035
f 301/4036/4036 280/4037/4037 321/4038/4038
f 585/4039/4039 137/4040/4040 138/4041/4041
f 585/4042/4042 138/4043/4043 594/4044/4044
f 584/4045/4045 585/4046/4046 594/4047/4047
f 584/4048/4048 594/4049/4049 593/4050/4050
f 583/4051/4051 584/4052/4052 593/4053/4053
f 117/4054/4054 656/4055/4055 591/4056/4056
f 656/4057/4057 118/4058/4058 119/4059/4059
f 581/4060/4060 91/4061/4061 590/4062/4062
f 260/4063/4063 301/4064/4064 321/4065/4065
f 260/4066/4066 321/4067/4067 281/4068/4068
f 302/4069/4069 260/4070/4070 281/4071/4071
f 302/4072/4072 281/4073/4073 322/4074/4074
f 261/4075/4075 302/4076/4076 322/4077/4077
f 261/4078/4078 322/4079/4079 323/4080/4080
f 262/4081/4081 261/4082/4082 323/4083/4083
f 262/4084/4084 323/4085/4085 282/4086/4086
f 575/4087/4087 136/4088/4088 137/4089/4089
f 575/4090/4090 137/4091/4091 585/4092/4092
f 574/4093/4093 575/4094/4094 585/4095/4095
f 574/4096/4096 585/4097/4097 584/4098/4098
f 573/4099/4099 574/4100/4100 584/4101/4101
f 573/4102/4102 584/4103/4103 583/4104/4104
f 572/4105/4105 573/4106/4106 583/4107/4107
f 568/4108/4108 569/4109/4109 579/4110/4110
f 568/4111/4111 579/4112/4112 578/4113/4113
f 567/4114/4114 568/4115/4115 578/4116/4116
f 303/4117/4117 262/4118/4118 282/4119/4119
f 303/4120/4120 282/4121/4121 283/4122/4122
f 304/4123/4123 303/4124/4124 283/4125/4125
f 304/4126/4126 283/4127/4127 324/4128/4128
f 263/4129/4129 304/4130/4130 324/4131/4131
f 263/4132/4132 324/4133/4133 325/4134/4134
f 264/4135/4135 263/4136/4136 325/4137/4137
f 264/4138/4138 325/4139/4139 284/4140/4140
f 564/4141/4141 135/4142/4142 136/4143/4143
f 564/4144/4144 136/4145/4145 575/4146/4146
f 563/4147/4147 564/4148/4148 575/4149/4149
f 563/4150/4150 575/4151/4151 574/4152/4152
f 562/4153/4153 563/4154/4154 574/4155/4155
f 562/4156/4156 574/4157/4157 573/4158/4158
f 561/4159/4159 562/4160/4160 573/4161/4161
f 561/4162/4162 573/4163/4163 572/4164/4164
f 561/4165/4165 572/4166/4166 541/4167/4167
f 558/4168/4168 81/4169/4169 79/4170/4170
f 43/4171/4171 581/4172/4172 580/4173/4173
f 43/4174/4174 580/4175/4175 570/4176/4176
f 570/4177/4177 580/4178/4178 579/4179/4179
f 570/4180/4180 579/4181/4181 569/4182/4182
f 568/4183/4183 37/4184/4184 39/4185/4185
f 568/4186/4186 39/4187/4187 569/4188/4188
f 37/4189/4189 568/4190/4190 567/4191/4191
f 37/4192/4192 567/4193/4193 35/4194/4194
f 429/4195/4195 249/4196/4196 413/4197/4197
f 429/4198/4198 413/4199/4199 430/4200/4200
f 305/4201/4201 264/4202/4202 284/4203/4203
f 305/4204/4204 284/4205/4205 285/4206/4206
f 306/4207/4207 305/4208/4208 285/4209/4209
f 306/4210/4210 285/4211/4211 326/4212/4212
f 265/4213/4213 306/4214/4214 326/4215/4215
f 265/4216/4216 326/4217/4217 327/4218/4218
f 553/4219/4219 554/4220/4220 564/4221/4221
f 553/4222/4222 564/4223/4223 563/4224/4224
f 552/4225/4225 553/4226/4226 563/4227/4227
f 552/4228/4228 563/4229/4229 562/4230/4230
f 551/4231/4231 552/4232/4232 562/4233/4233
f 551/4234/4234 562/4235/4235 561/4236/4236
f 550/4237/4237 551/4238/4238 561/4239/4239
f 550/4240/4240 561/4241/4241 560/4242/4242
f 549/4243/4243 550/4244/4244 560/4245/4245
f 549/4246/4246 560/4247/4247 559/4248/4248
f 548/4249/4249 549/4250/4250 559/4251/4251
f 548/4252/4252 559/4253/4253 558/4254/4254
f 547/4255/4255 79/4256/4256 77/4257/4257
f 77/4258/4258 75/4259/4259 545/4260/4260
f 77/4261/4261 545/4262/4262 546/4263/4263
f 544/4264/4264 73/4265/4265 71/4266/4266
f 71/4267/4267 70/4268/4268 543/4269/4269
f 266/4270/4270 265/4271/4271 327/4272/4272
f 266/4273/4273 327/4274/4274 286/4275/4275
f 554/4276/4276 540/4277/4277 134/4278/4278
f 539/4279/4279 540/4280/4280 554/4281/4281
f 539/4282/4282 554/4283/4283 553/4284/4284
f 538/4285/4285 539/4286/4286 553/4287/4287
f 538/4288/4288 553/4289/4289 552/4290/4290
f 537/4291/4291 538/4292/4292 552/4293/4293
f 537/4294/4294 552/4295/4295 551/4296/4296
f 536/4297/4297 537/4298/4298 551/4299/4299
f 536/4300/4300 551/4301/4301 550/4302/4302
f 535/4303/4303 536/4304/4304 550/4305/4305
f 535/4306/4306 550/4307/4307 549/4308/4308
f 534/4309/4309 535/4310/4310 549/4311/4311
f 534/4312/4312 549/4313/4313 548/4314/4314
f 533/4315/4315 534/4316/4316 548/4317/4317
f 532/4318/4318 533/4319/4319 547/4320/4320
f 532/4321/4321 547/4322/4322 546/4323/4323
f 531/4324/4324 532/4325/4325 546/4326/4326
f 531/4327/4327 546/4328/4328 545/4329/4329
f 530/4330/4330 531/4331/4331 545/4332/4332
f 530/4333/4333 545/4334/4334 544/4335/4335
f 522/4336/4336 523/4337/4337 134/4338/4338
f 522/4339/4339 134/4340/4340 540/4341/4341
f 521/4342/4342 522/4343/4343 540/4344/4344
f 521/4345/4345 540/4346/4346 539/4347/4347
f 520/4348/4348 521/4349/4349 539/4350/4350
f 520/4351/4351 539/4352/4352 538/4353/4353
f 519/4354/4354 520/4355/4355 538/4356/4356
f 519/4357/4357 538/4358/4358 537/4359/4359
f 518/4360/4360 519/4361/4361 537/4362/4362
f 518/4363/4363 537/4364/4364 536/4365/4365
f 517/4366/4366 518/4367/4367 536/4368/4368
f 517/4369/4369 536/4370/4370 535/4371/4371
f 516/4372/4372 517/4373/4373 535/4374/4374
f 516/4375/4375 535/4376/4376 534/4377/4377
f 515/4378/4378 516/4379/4379 534/4380/4380
f 515/4381/4381 534/4382/4382 533/4383/4383
f 514/4384/4384 515/4385/4385 533/4386/4386
f 514/4387/4387 533/4388/4388 532/4389/4389
f 513/4390/4390 514/4391/4391 532/4392/4392
f 513/4393/4393 532/4394/4394 531/4395/4395
f 512/4396/4396 513/4397/4397 531/4398/4398
f 512/4399/4399 531/4400/4400 530/4401/4401
f 511/4402/4402 512/4403/4403 530/4404/4404
f 511/4405/4405 530/4406/4406 529/4407/4407
f 23/4408/4408 25/4409/4409 508/4410/4410
f 307/4411/4411 266/4412/4412 286/4413/4413
f 307/4414/4414 286/4415/4415 287/4416/4416
f 47/4417/4417 12/4418/4418 5/4419/4419
f 47/4420/4420 5/4421/4421 4/4422/4422
f 48/4423/4423 13/4424/4424 12/4425/4425
f 48/4426/4426 12/4427/4427 47/4428/4428
f 50/4429/4429 14/4430/4430 13/4431/4431
f 50/4432/4432 13/4433/4433 48/4434/4434
f 51/4435/4435 16/4436/4436 14/4437/4437
f 51/4438/4438 14/4439/4439 50/4440/4440
f 53/4441/4441 17/4442/4442 16/4443/4443
f 53/4444/4444 16/4445/4445 51/4446/4446
f 55/4447/4447 19/4448/4448 17/4449/4449
f 55/4450/4450 17/4451/4451 53/4452/4452
f 57/4453/4453 21/4454/4454 19/4455/4455
f 57/4456/4456 19/4457/4457 55/4458/4458
f 59/4459/4459 23/4460/4460 21/4461/4461
f 59/4462/4462 21/4463/4463 57/4464/4464
f 61/4465/4465 25/4466/4466 23/4467/4467
f 61/4468/4468 23/4469/4469 59/4470/4470
f 70/4471/4471 34/4472/4472 25/4473/4473
f 70/4474/4474 25/4475/4475 61/4476/4476
f 70/4477/4477 71/4478/4478 35/4479/4479
f 70/4480/4480 35/4481/4481 34/4482/4482
f 73/4483/4483 37/4484/4484 35/4485/4485
f 73/4486/4486 35/4487/4487 71/4488/4488
f 75/4489/4489 39/4490/4490 37/4491/4491
f 75/4492/4492 37/4493/4493 73/4494/4494
f 77/4495/4495 41/4496/4496 39/4497/4497
f 77/4498/4498 39/4499/4499 75/4500/4500
f 79/4501/4501 43/4502/4502 41/4503/4503
f 79/4504/4504 41/4505/4505 77/4506/4506
f 81/4507/4507 45/4508/4508 43/4509/4509
f 81/4510/4510 43/4511/4511 79/4512/4512
f 46/4513/4513 45/4514/4514 81/4515/4515
f 46/4516/4516 81/4517/4517 83/4518/4518
f 46/4519/4519 83/4520/4520 94/4521/4521
f 175/4522/4522 216/4523/4523 217/4524/4524
f 175/4525/4525 217/4526/4526 176/4527/4527
f 174/4528/4528 215/4529/4529 216/4530/4530
f 174/4531/4531 216/4532/4532 175/4533/4533
f 173/4534/4534 214/4535/4535 215/4536/4536
f 173/4537/4537 215/4538/4538 174/4539/4539
f 172/4540/4540 213/4541/4541 214/4542/4542
f 172/4543/4543 214/4544/4544 173/4545/4545
f 77/4546/4546 546/4547/4547 547/4548/4548
f 34/4549/4549 35/4550/4550 567/4551/4551
f 557/4552/4552 561/4553/4553 541/4554/4554
f 84/4555/4555 571/4556/4556 83/4557/4557
f 84/4558/4558 83/4559/4559 559/4560/4560
f 557/4561/4561 582/4562/4562 571/4563/4563
f 557/4564/4564 571/4565/4565 84/4566/4566
f 541/4567/4567 582/4568/4568 557/4569/4569
f 84/4570/4570 560/4571/4571 561/4572/4572
f 84/4573/4573 561/4574/4574 557/4575/4575
f 548/4576/4576 547/4577/4577 533/4578/4578
f 558/4579/4579 79/4580/4580 547/4581/4581
f 171/4582/4582 212/4583/4583 213/4584/4584
f 171/4585/4585 213/4586/4586 172/4587/4587
f 443/4588/4588 212/4589/4589 171/4590/4590
f 443/4591/4591 171/4592/4592 442/4593/4593
f 456/4594/4594 211/4595/4595 170/4596/4596
f 456/4597/4597 170/4598/4598 453/4599/4599
f 543/4600/4600 544/4601/4601 71/4602/4602
f 421/4603/4603 209/4604/4604 40/4605/4605
f 421/4606/4606 40/4607/4607 423/4608/4608
f 529/4609/4609 530/4610/4610 544/4611/4611
f 529/4612/4612 544/4613/4613 543/4614/4614
f 61/4615/4615 59/4616/4616 468/4617/4617
f 61/4618/4618 468/4619/4619 485/4620/4620
f 165/4621/4621 205/4622/4622 206/4623/4623
f 55/4624/4624 683/4625/4625 684/4626/4626
f 684/4627/4627 468/4628/4628 59/4629/4629
f 684/4630/4630 59/4631/4631 57/4632/4632
f 130/4633/4633 178/4634/4634 179/4635/4635
f 130/4636/4636 179/4637/4637 139/4638/4638
f 544/4639/4639 545/4640/4640 75/4641/4641
f 544/4642/4642 75/4643/4643 73/4644/4644
f 547/4645/4645 548/4646/4646 558/4647/4647
f 559/4648/4648 83/4649/4649 81/4650/4650
f 81/4651/4651 558/4652/4652 559/4653/4653
f 159/4654/4654 199/4655/4655 200/4656/4656
f 159/4657/4657 200/4658/4658 160/4659/4659
f 160/4660/4660 200/4661/4661 201/4662/4662
f 160/4663/4663 201/4664/4664 161/4665/4665
f 161/4666/4666 201/4667/4667 202/4668/4668
f 161/4669/4669 202/4670/4670 162/4671/4671
f 204/4672/4672 205/4673/4673 165/4674/4674
f 96/4675/4675 95/4676/4676 83/4677/4677
f 559/4678/4678 560/4679/4679 84/4680/4680
f 109/4681/4681 177/4682/4682 178/4683/4683
f 109/4684/4684 178/4685/4685 130/4686/4686
f 138/4687/4687 176/4688/4688 177/4689/4689
f 138/4690/4690 177/4691/4691 109/4692/4692
f 137/4693/4693 175/4694/4694 176/4695/4695
f 137/4696/4696 176/4697/4697 138/4698/4698
f 634/4699/4699 626/4700/4700 627/4701/4701
f 95/4702/4702 94/4703/4703 83/4704/4704
f 542/4705/4705 155/4706/4706 156/4707/4707
f 156/4708/4708 166/4709/4709 542/4710/4710
f 166/4711/4711 156/4712/4712 157/4713/4713
f 207/4714/4714 435/4715/4715 434/4716/4716
f 434/4717/4717 165/4718/4718 206/4719/4719
f 434/4720/4720 206/4721/4721 207/4722/4722
f 165/4723/4723 665/4724/4724 163/4725/4725
f 166/4726/4726 157/4727/4727 158/4728/4728
f 666/4729/4729 665/4730/4730 166/4731/4731
f 637/4732/4732 636/4733/4733 630/4734/4734
f 636/4735/4735 637/4736/4736 643/4737/4737
f 648/4738/4738 647/4739/4739 643/4740/4740
f 630/4741/4741 636/4742/4742 620/4743/4743
f 643/4744/4744 647/4745/4745 636/4746/4746
f 652/4747/4747 556/4748/4748 647/4749/4749
f 961/4750/4750 960/4751/4751 963/4752/4752
f 961/4753/4753 963/4754/4754 964/4755/4755
f 36/4756/4756 950/4757/4757 953/4758/4758
f 36/4759/4759 953/4760/4760 72/4761/4761
f 943/4762/4762 942/4763/4763 945/4764/4764
f 943/4765/4765 945/4766/4766 946/4767/4767
f 944/4768/4768 943/4769/4769 946/4770/4770
f 944/4771/4771 946/4772/4772 947/4773/4773
f 38/4774/4774 944/4775/4775 947/4776/4776
f 38/4777/4777 947/4778/4778 74/4779/4779
f 950/4780/4780 949/4781/4781 952/4782/4782
f 950/4783/4783 952/4784/4784 953/4785/4785
f 946/4786/4786 945/4787/4787 948/4788/4788
f 946/4789/4789 948/4790/4790 949/4791/4791
f 947/4792/4792 946/4793/4793 949/4794/4794
f 947/4795/4795 949/4796/4796 950/4797/4797
f 74/4798/4798 947/4799/4799 950/4800/4800
f 74/4801/4801 950/4802/4802 36/4803/4803
f 949/4804/4804 948/4805/4805 951/4806/4806
f 949/4807/4807 951/4808/4808 952/4809/4809
f 965/4810/4810 964/4811/4811 967/4812/4812
f 965/4813/4813 967/4814/4814 968/4815/4815
f 952/4816/4816 951/4817/4817 954/4818/4818
f 952/4819/4819 954/4820/4820 955/4821/4821
f 953/4822/4822 952/4823/4823 955/4824/4824
f 953/4825/4825 955/4826/4826 956/4827/4827
f 72/4828/4828 953/4829/4829 956/4830/4830
f 72/4831/4831 956/4832/4832 527/4833/4833
f 964/4834/4834 963/4835/4835 966/4836/4836
f 964/4837/4837 966/4838/4838 967/4839/4839
f 955/4840/4840 954/4841/4841 957/4842/4842
f 955/4843/4843 957/4844/4844 958/4845/4845
f 956/4846/4846 955/4847/4847 958/4848/4848
f 956/4849/4849 958/4850/4850 959/4851/4851
f 527/4852/4852 956/4853/4853 959/4854/4854
f 527/4855/4855 959/4856/4856 69/4857/4857
f 33/4858/4858 962/4859/4859 965/4860/4860
f 33/4861/4861 965/4862/4862 31/4863/4863
f 958/4864/4864 957/4865/4865 960/4866/4866
f 958/4867/4867 960/4868/4868 961/4869/4869
f 959/4870/4870 958/4871/4871 961/4872/4872
f 959/4873/4873 961/4874/4874 962/4875/4875
f 69/4876/4876 959/4877/4877 962/4878/4878
f 69/4879/4879 962/4880/4880 33/4881/4881
f 962/4882/4882 961/4883/4883 964/4884/4884
f 962/4885/4885 964/4886/4886 965/4887/4887
f 112/4888/4888 651/4889/4889 971/4890/4890
f 555/4891/4891 597/4892/4892 65/4893/4893
f 566/4894/4894 11/4895/4895 504/4896/4896
f 502/4897/4897 415/4898/4898 555/4899/4899
f 502/4900/4900 555/4901/4901 566/4902/4902
f 2/4903/4903 3/4904/4904 504/4905/4905
f 504/4906/4906 3/4907/4907 8/4908/4908
f 8/4909/4909 4/4910/4910 502/4911/4911
f 502/4912/4912 4/4913/4913 5/4914/4914
f 502/4915/4915 5/4916/4916 415/4917/4917
f 502/4918/4918 504/4919/4919 8/4920/4920
f 11/4921/4921 2/4922/4922 504/4923/4923
f 415/4924/4924 5/4925/4925 503/4926/4926
f 415/4927/4927 503/4928/4928 597/4929/4929
f 555/4930/4930 415/4931/4931 597/4932/4932
f 969/4933/4933 555/4934/4934 65/4935/4935
f 969/4936/4936 65/4937/4937 506/4938/4938
f 651/4939/4939 112/4940/4940 29/4941/4941
f 651/4942/4942 29/4943/4943 64/4944/4944
f 651/4945/4945 64/4946/4946 1033/4947/4947
f 49/4948/4948 62/4949/4949 28/4950/4950
f 49/4951/4951 28/4952/4952 15/4953/4953
f 1008/4954/4954 505/4955/4955 52/4956/4956
f 602/4957/4957 88/4958/4958 110/4959/4959
f 602/4960/4960 110/4961/4961 1067/4962/4962
f 602/4963/4963 1067/4964/4964 620/4965/4965
f 611/4966/4966 620/4967/4967 1067/4968/4968
f 589/4969/4969 579/4970/4970 580/4971/4971
f 506/4972/4972 29/4973/4973 112/4974/4974
f 506/4975/4975 112/4976/4976 969/4977/4977
f 970/4978/4978 566/4979/4979 555/4980/4980
f 970/4981/4981 555/4982/4982 969/4983/4983
f 971/4984/4984 970/4985/4985 969/4986/4986
f 971/4987/4987 969/4988/4988 112/4989/4989
f 566/4990/4990 504/4991/4991 502/4992/4992
f 1032/4993/4993 1035/4994/4994 763/4995/4995
f 42/4996/4996 32/4997/4997 78/4998/4998
f 42/4999/4999 78/5000/5000 76/5001/5001
f 509/5002/5002 505/5003/5003 1008/5004/5004
f 509/5005/5005 1008/5006/5006 1079/5007/5007
f 1032/5008/5008 1076/5009/5009 1036/5010/5010
f 66/5011/5011 1078/5012/5012 1077/5013/5013
f 66/5014/5014 1077/5015/5015 30/5016/5016
f 528/5017/5017 66/5018/5018 30/5019/5019
f 528/5020/5020 30/5021/5021 68/5022/5022
f 1080/5023/5023 528/5024/5024 68/5025/5025
f 1080/5026/5026 68/5027/5027 510/5028/5028
f 1079/5029/5029 1080/5030/5030 510/5031/5031
f 1079/5032/5032 510/5033/5033 509/5034/5034
f 1036/5035/5035 1076/5036/5036 1077/5037/5037
f 1036/5038/5038 1077/5039/5039 1078/5040/5040
f 1032/5041/5041 1036/5042/5042 1037/5043/5043
f 1032/5044/5044 1037/5045/5045 1075/5046/5046
f 1032/5047/5047 1075/5048/5048 1074/5049/5049
f 1032/5050/5050 1074/5051/5051 1099/5052/5052
f 1032/5053/5053 1099/5054/5054 1038/5055/5055
f 1032/5056/5056 1038/5057/5057 1034/5058/5058
f 1032/5059/5059 1034/5060/5060 1035/5061/5061
f 1068/5062/5062 1033/5063/5063 64/5064/5064
f 1084/5065/5065 767/5066/5066 1065/5067/5067
f 1084/5068/5068 1065/5069/5069 1092/5070/5070
f 1143/5071/5071 1142/5072/5072 1141/5073/5073
f 1143/5074/5074 1141/5075/5075 1140/5076/5076
f 1143/5077/5077 1140/5078/5078 1139/5079/5079
f 1143/5080/5080 1139/5081/5081 1137/5082/5082
f 1143/5083/5083 1137/5084/5084 1138/5085/5085
f 1143/5086/5086 1138/5087/5087 1144/5088/5088
f 29/5089/5089 506/5090/5090 1030/5091/5091
f 29/5092/5092 1030/5093/5093 1068/5094/5094
f 64/5095/5095 29/5096/5096 1068/5097/5097
f 1047/5098/5098 1061/5099/5099 1060/5100/5100
f 1047/5101/5101 1060/5102/5102 1048/5103/5103
f 757/5104/5104 756/5105/5105 766/5106/5106
f 757/5107/5107 766/5108/5108 758/5109/5109
f 757/5110/5110 758/5111/5111 759/5112/5112
f 757/5113/5113 759/5114/5114 291/5115/5115
f 757/5116/5116 291/5117/5117 760/5118/5118
f 757/5119/5119 760/5120/5120 1044/5121/5121
f 1059/5122/5122 1060/5123/5123 1061/5124/5124
f 751/5125/5125 1059/5126/5126 1061/5127/5127
f 751/5128/5128 1061/5129/5129 753/5130/5130
f 752/5131/5131 751/5132/5132 753/5133/5133
f 765/5134/5134 757/5135/5135 1045/5136/5136
f 765/5137/5137 1045/5138/5138 755/5139/5139
f 1049/5140/5140 1050/5141/5141 1051/5142/5142
f 1049/5143/5143 1051/5144/5144 1054/5145/5145
f 1049/5146/5146 1054/5147/5147 1055/5148/5148
f 1049/5149/5149 1055/5150/5150 1056/5151/5151
f 1049/5152/5152 1056/5153/5153 1057/5154/5154
f 1049/5155/5155 1057/5156/5156 1052/5157/5157
f 1049/5158/5158 1052/5159/5159 1053/5160/5160
f 1049/5161/5161 1053/5162/5162 1058/5163/5163
f 757/5164/5164 1044/5165/5165 1045/5166/5166
f 765/5167/5167 755/5168/5168 754/5169/5169
f 754/5170/5170 752/5171/5171 753/5172/5172
f 754/5173/5173 753/5174/5174 765/5175/5175
f 1010/5176/5176 58/5177/5177 1012/5178/5178
f 1010/5179/5179 1012/5180/5180 997/5181/5181
f 1010/5182/5182 997/5183/5183 1082/5184/5184
f 1010/5185/5185 1082/5186/5186 998/5187/5187
f 985/5188/5188 527/5189/5189 69/5190/5190
f 985/5191/5191 69/5192/5192 981/5193/5193
f 985/5194/5194 981/5195/5195 1014/5196/5196
f 997/5197/5197 1018/5198/5198 1011/5199/5199
f 997/5200/5200 1011/5201/5201 1017/5202/5202
f 997/5203/5203 1017/5204/5204 996/5205/5205
f 1012/5206/5206 1015/5207/5207 1018/5208/5208
f 1012/5209/5209 1018/5210/5210 997/5211/5211
f 1020/5212/5212 1013/5213/5213 1015/5214/5214
f 1020/5215/5215 1015/5216/5216 1012/5217/5217
f 979/5218/5218 981/5219/5219 980/5220/5220
f 33/5221/5221 31/5222/5222 979/5223/5223
f 33/5224/5224 979/5225/5225 980/5226/5226
f 995/5227/5227 1019/5228/5228 992/5229/5229
f 995/5230/5230 992/5231/5231 1001/5232/5232
f 589/5233/5233 88/5234/5234 1126/5235/5235
f 981/5236/5236 979/5237/5237 1016/5238/5238
f 979/5239/5239 1017/5240/5240 1016/5241/5241
f 996/5242/5242 1017/5243/5243 979/5244/5244
f 996/5245/5245 979/5246/5246 1019/5247/5247
f 1016/5248/5248 1014/5249/5249 981/5250/5250
f 984/5251/5251 28/5252/5252 62/5253/5253
f 989/5254/5254 990/5255/5255 1002/5256/5256
f 989/5257/5257 1002/5258/5258 1007/5259/5259
f 1007/5260/5260 1001/5261/5261 992/5262/5262
f 1007/5263/5263 992/5264/5264 972/5265/5265
f 1003/5266/5266 1028/5267/5267 1002/5268/5268
f 1003/5269/5269 1002/5270/5270 990/5271/5271
f 1003/5272/5272 990/5273/5273 988/5274/5274
f 1003/5275/5275 988/5276/5276 991/5277/5277
f 1003/5278/5278 986/5279/5279 982/5280/5280
f 1004/5281/5281 1003/5282/5282 982/5283/5283
f 1004/5284/5284 982/5285/5285 987/5286/5286
f 1005/5287/5287 1027/5288/5288 1004/5289/5289
f 1005/5290/5290 1004/5291/5291 987/5292/5292
f 1005/5293/5293 987/5294/5294 983/5295/5295
f 1006/5296/5296 1005/5297/5297 983/5298/5298
f 1006/5299/5299 983/5300/5300 984/5301/5301
f 62/5302/5302 1006/5303/5303 984/5304/5304
f 991/5305/5305 986/5306/5306 1003/5307/5307
f 993/5308/5308 996/5309/5309 1019/5310/5310
f 1019/5311/5311 995/5312/5312 994/5313/5313
f 1019/5314/5314 994/5315/5315 993/5316/5316
f 1013/5317/5317 1020/5318/5318 973/5319/5319
f 1013/5320/5320 973/5321/5321 975/5322/5322
f 975/5323/5323 973/5324/5324 978/5325/5325
f 978/5326/5326 973/5327/5327 974/5328/5328
f 978/5329/5329 974/5330/5330 976/5331/5331
f 976/5332/5332 974/5333/5333 977/5334/5334
f 977/5335/5335 974/5336/5336 602/5337/5337
f 602/5338/5338 620/5339/5339 977/5340/5340
f 761/5341/5341 65/5342/5342 597/5343/5343
f 761/5344/5344 597/5345/5345 1070/5346/5346
f 1021/5347/5347 1007/5348/5348 1002/5349/5349
f 1021/5350/5350 1002/5351/5351 1022/5352/5352
f 1021/5353/5353 1022/5354/5354 1023/5355/5355
f 1021/5356/5356 1023/5357/5357 1024/5358/5358
f 1029/5359/5359 506/5360/5360 65/5361/5361
f 1029/5362/5362 65/5363/5363 761/5364/5364
f 1025/5365/5365 1026/5366/5366 1024/5367/5367
f 1025/5368/5368 1024/5369/5369 1023/5370/5370
f 1030/5371/5371 506/5372/5372 1029/5373/5373
f 1027/5374/5374 1005/5375/5375 1026/5376/5376
f 1027/5377/5377 1026/5378/5378 1025/5379/5379
f 1026/5380/5380 1005/5381/5381 1030/5382/5382
f 1026/5383/5383 1030/5384/5384 1029/5385/5385
f 1058/5386/5386 1046/5387/5387 1047/5388/5388
f 1058/5389/5389 1047/5390/5390 1048/5391/5391
f 1058/5392/5392 1048/5393/5393 1049/5394/5394
f 992/5395/5395 1019/5396/5396 1034/5397/5397
f 992/5398/5398 1034/5399/5399 1038/5400/5400
f 1019/5401/5401 979/5402/5402 1035/5403/5403
f 1019/5404/5404 1035/5405/5405 1034/5406/5406
f 991/5407/5407 988/5408/5408 1037/5409/5409
f 991/5410/5410 1037/5411/5411 1036/5412/5412
f 992/5413/5413 1038/5414/5414 1099/5415/5415
f 992/5416/5416 1099/5417/5417 972/5418/5418
f 1127/5419/5419 1009/5420/5420 1040/5421/5421
f 1127/5422/5422 1040/5423/5423 1128/5424/5424
f 1020/5425/5425 1012/5426/5426 1042/5427/5427
f 1020/5428/5428 1042/5429/5429 1041/5430/5430
f 973/5431/5431 1020/5432/5432 1041/5433/5433
f 973/5434/5434 1041/5435/5435 1043/5436/5436
f 1012/5437/5437 58/5438/5438 1010/5439/5439
f 1012/5440/5440 1010/5441/5441 1039/5442/5442
f 1012/5443/5443 1039/5444/5444 60/5445/5445
f 1012/5446/5446 60/5447/5447 1042/5448/5448
f 542/5449/5449 166/5450/5450 1045/5451/5451
f 542/5452/5452 1045/5453/5453 1044/5454/5454
f 1015/5455/5455 1013/5456/5456 1047/5457/5457
f 1015/5458/5458 1047/5459/5459 1046/5460/5460
f 38/5461/5461 74/5462/5462 1049/5463/5463
f 38/5464/5464 1049/5465/5465 1048/5466/5466
f 36/5467/5467 72/5468/5468 1051/5469/5469
f 36/5470/5470 1051/5471/5471 1050/5472/5472
f 1017/5473/5473 1011/5474/5474 1053/5475/5475
f 1017/5476/5476 1053/5477/5477 1052/5478/5478
f 72/5479/5479 527/5480/5480 1054/5481/5481
f 72/5482/5482 1054/5483/5483 1051/5484/5484
f 527/5485/5485 985/5486/5486 1055/5487/5487
f 527/5488/5488 1055/5489/5489 1054/5490/5490
f 1014/5491/5491 1016/5492/5492 1057/5493/5493
f 1014/5494/5494 1057/5495/5495 1056/5496/5496
f 985/5497/5497 1014/5498/5498 1056/5499/5499
f 985/5500/5500 1056/5501/5501 1055/5502/5502
f 1016/5503/5503 1017/5504/5504 1052/5505/5505
f 1016/5506/5506 1052/5507/5507 1057/5508/5508
f 1018/5509/5509 1015/5510/5510 1046/5511/5511
f 1018/5512/5512 1046/5513/5513 1058/5514/5514
f 1011/5515/5515 1018/5516/5516 1058/5517/5517
f 1011/5518/5518 1058/5519/5519 1053/5520/5520
f 74/5521/5521 36/5522/5522 1050/5523/5523
f 74/5524/5524 1050/5525/5525 1049/5526/5526
f 423/5527/5527 40/5528/5528 1060/5529/5529
f 423/5530/5530 1060/5531/5531 1059/5532/5532
f 1013/5533/5533 975/5534/5534 1061/5535/5535
f 1013/5536/5536 1061/5537/5537 1047/5538/5538
f 40/5539/5539 38/5540/5540 1048/5541/5541
f 40/5542/5542 1048/5543/5543 1060/5544/5544
f 1082/5545/5545 997/5546/5546 1063/5547/5547
f 1082/5548/5548 1063/5549/5549 1081/5550/5550
f 997/5551/5551 996/5552/5552 1064/5553/5553
f 997/5554/5554 1064/5555/5555 1063/5556/5556
f 115/5557/5557 998/5558/5558 1062/5559/5559
f 115/5560/5560 1062/5561/5561 85/5562/5562
f 1001/5563/5563 1071/5564/5564 1066/5565/5565
f 1001/5566/5566 1066/5567/5567 995/5568/5568
f 1005/5569/5569 1006/5570/5570 1068/5571/5571
f 1005/5572/5572 1068/5573/5573 1030/5574/5574
f 1007/5575/5575 1021/5576/5576 1070/5577/5577
f 1007/5578/5578 1070/5579/5579 1069/5580/5580
f 1001/5581/5581 1007/5582/5582 1069/5583/5583
f 1001/5584/5584 1069/5585/5585 1071/5586/5586
f 993/5587/5587 994/5588/5588 1073/5589/5589
f 993/5590/5590 1073/5591/5591 1072/5592/5592
f 996/5593/5593 993/5594/5594 1072/5595/5595
f 996/5596/5596 1072/5597/5597 1064/5598/5598
f 994/5599/5599 995/5600/5600 1066/5601/5601
f 994/5602/5602 1066/5603/5603 1073/5604/5604
f 1006/5605/5605 62/5606/5606 1033/5607/5607
f 1006/5608/5608 1033/5609/5609 1068/5610/5610
f 1125/5611/5611 602/5612/5612 764/5613/5613
f 1125/5614/5614 764/5615/5615 1124/5616/5616
f 990/5617/5617 989/5618/5618 1074/5619/5619
f 990/5620/5620 1074/5621/5621 1075/5622/5622
f 988/5623/5623 990/5624/5624 1075/5625/5625
f 988/5626/5626 1075/5627/5627 1037/5628/5628
f 1062/5629/5629 1091/5630/5630 1083/5631/5631
f 1062/5632/5632 1083/5633/5633 1092/5634/5634
f 986/5635/5635 991/5636/5636 1036/5637/5637
f 986/5638/5638 1036/5639/5639 1078/5640/5640
f 984/5641/5641 983/5642/5642 1080/5643/5643
f 984/5644/5644 1080/5645/5645 1079/5646/5646
f 983/5647/5647 987/5648/5648 528/5649/5649
f 983/5650/5650 528/5651/5651 1080/5652/5652
f 987/5653/5653 982/5654/5654 66/5655/5655
f 987/5656/5656 66/5657/5657 528/5658/5658
f 1067/5659/5659 110/5660/5660 611/5661/5661
f 982/5662/5662 986/5663/5663 1078/5664/5664
f 982/5665/5665 1078/5666/5666 66/5667/5667
f 621/5668/5668 620/5669/5669 611/5670/5670
f 168/5671/5671 423/5672/5672 1059/5673/5673
f 168/5674/5674 1059/5675/5675 751/5676/5676
f 975/5677/5677 978/5678/5678 753/5679/5679
f 975/5680/5680 753/5681/5681 1061/5682/5682
f 525/5683/5683 770/5684/5684 1000/5685/5685
f 525/5686/5686 1000/5687/5687 610/5688/5688
f 28/5689/5689 984/5690/5690 1079/5691/5691
f 28/5692/5692 1079/5693/5693 1008/5694/5694
f 33/5695/5695 980/5696/5696 78/5697/5697
f 33/5698/5698 78/5699/5699 32/5700/5700
f 69/5701/5701 33/5702/5702 32/5703/5703
f 69/5704/5704 32/5705/5705 42/5706/5706
f 981/5707/5707 69/5708/5708 42/5709/5709
f 981/5710/5710 42/5711/5711 76/5712/5712
f 980/5713/5713 981/5714/5714 76/5715/5715
f 980/5716/5716 76/5717/5717 78/5718/5718
f 31/5719/5719 67/5720/5720 768/5721/5721
f 31/5722/5722 768/5723/5723 763/5724/5724
f 979/5725/5725 31/5726/5726 763/5727/5727
f 979/5728/5728 763/5729/5729 1035/5730/5730
f 1009/5731/5731 610/5732/5732 1000/5733/5733
f 1009/5734/5734 1000/5735/5735 1040/5736/5736
f 602/5737/5737 974/5738/5738 762/5739/5739
f 602/5740/5740 762/5741/5741 764/5742/5742
f 974/5743/5743 973/5744/5744 1043/5745/5745
f 974/5746/5746 1043/5747/5747 762/5748/5748
f 434/5749/5749 168/5750/5750 751/5751/5751
f 434/5752/5752 751/5753/5753 752/5754/5754
f 1024/5755/5755 1026/5756/5756 1029/5757/5757
f 1024/5758/5758 1029/5759/5759 761/5760/5760
f 165/5761/5761 434/5762/5762 752/5763/5763
f 165/5764/5764 752/5765/5765 754/5766/5766
f 978/5767/5767 976/5768/5768 765/5769/5769
f 978/5770/5770 765/5771/5771 753/5772/5772
f 1021/5773/5773 1024/5774/5774 761/5775/5775
f 1021/5776/5776 761/5777/5777 1070/5778/5778
f 665/5779/5779 165/5780/5780 754/5781/5781
f 665/5782/5782 754/5783/5783 755/5784/5784
f 164/5785/5785 999/5786/5786 1065/5787/5787
f 164/5788/5788 1065/5789/5789 767/5790/5790
f 166/5791/5791 665/5792/5792 755/5793/5793
f 166/5794/5794 755/5795/5795 1045/5796/5796
f 576/5797/5797 769/5798/5798 760/5799/5799
f 576/5800/5800 760/5801/5801 291/5802/5802
f 556/5803/5803 576/5804/5804 291/5805/5805
f 556/5806/5806 291/5807/5807 759/5808/5808
f 647/5809/5809 556/5810/5810 759/5811/5811
f 647/5812/5812 759/5813/5813 758/5814/5814
f 977/5815/5815 620/5816/5816 756/5817/5817
f 977/5818/5818 756/5819/5819 757/5820/5820
f 769/5821/5821 542/5822/5822 1044/5823/5823
f 769/5824/5824 1044/5825/5825 760/5826/5826
f 636/5827/5827 647/5828/5828 758/5829/5829
f 636/5830/5830 758/5831/5831 766/5832/5832
f 620/5833/5833 636/5834/5834 766/5835/5835
f 620/5836/5836 766/5837/5837 756/5838/5838
f 976/5839/5839 977/5840/5840 757/5841/5841
f 976/5842/5842 757/5843/5843 765/5844/5844
f 163/5845/5845 204/5846/5846 165/5847/5847
f 52/5848/5848 15/5849/5849 28/5850/5850
f 52/5851/5851 28/5852/5852 1008/5853/5853
f 1033/5854/5854 62/5855/5855 49/5856/5856
f 1033/5857/5857 49/5858/5858 651/5859/5859
f 767/5860/5860 26/5861/5861 6/5862/5862
f 767/5863/5863 6/5864/5864 164/5865/5865
f 610/5866/5866 1009/5867/5867 999/5868/5868
f 610/5869/5869 999/5870/5870 164/5871/5871
f 5/5872/5872 1085/5873/5873 1094/5874/5874
f 501/5875/5875 13/5876/5876 14/5877/5877
f 501/5878/5878 14/5879/5879 16/5880/5880
f 21/5881/5881 23/5882/5882 508/5883/5883
f 508/5884/5884 25/5885/5885 34/5886/5886
f 508/5887/5887 34/5888/5888 567/5889/5889
f 569/5890/5890 39/5891/5891 41/5892/5892
f 569/5893/5893 41/5894/5894 570/5895/5895
f 570/5896/5896 41/5897/5897 43/5898/5898
f 485/5899/5899 486/5900/5900 529/5901/5901
f 485/5902/5902 529/5903/5903 543/5904/5904
f 486/5905/5905 487/5906/5906 511/5907/5907
f 486/5908/5908 511/5909/5909 529/5910/5910
f 115/5911/5911 999/5912/5912 1009/5913/5913
f 115/5914/5914 1009/5915/5915 1127/5916/5916
f 1088/5917/5917 1100/5918/5918 1087/5919/5919
f 1088/5920/5920 1087/5921/5921 1083/5922/5922
f 1082/5923/5923 1081/5924/5924 1086/5925/5925
f 1082/5926/5926 1086/5927/5927 1089/5928/5928
f 503/5929/5929 1095/5930/5930 1102/5931/5931
f 1084/5932/5932 1085/5933/5933 26/5934/5934
f 1084/5935/5935 26/5936/5936 767/5937/5937
f 1100/5938/5938 1088/5939/5939 1089/5940/5940
f 1100/5941/5941 1089/5942/5942 1101/5943/5943
f 1091/5944/5944 1062/5945/5945 998/5946/5946
f 1091/5947/5947 998/5948/5948 1090/5949/5949
f 1088/5950/5950 1090/5951/5951 998/5952/5952
f 1088/5953/5953 998/5954/5954 1082/5955/5955
f 1088/5956/5956 1082/5957/5957 1089/5958/5958
f 1090/5959/5959 1088/5960/5960 1083/5961/5961
f 1090/5962/5962 1083/5963/5963 1091/5964/5964
f 1092/5965/5965 1065/5966/5966 85/5967/5967
f 1087/5968/5968 1084/5969/5969 1092/5970/5970
f 1087/5971/5971 1092/5972/5972 1083/5973/5973
f 1101/5974/5974 1089/5975/5975 1086/5976/5976
f 1101/5977/5977 1086/5978/5978 1093/5979/5979
f 1094/5980/5980 1085/5981/5981 1084/5982/5982
f 1094/5983/5983 1084/5984/5984 1087/5985/5985
f 1094/5986/5986 1087/5987/5987 1096/5988/5988
f 1095/5989/5989 503/5990/5990 1094/5991/5991
f 1095/5992/5992 1094/5993/5993 1096/5994/5994
f 1094/5995/5995 503/5996/5996 5/5997/5997
f 1097/5998/5998 1100/5999/5999 1101/6000/6000
f 1097/6001/6001 1101/6002/6002 1098/6003/6003
f 1095/6004/6004 1096/6005/6005 1097/6006/6006
f 1095/6007/6007 1097/6008/6008 1098/6009/6009
f 1096/6010/6010 1087/6011/6011 1100/6012/6012
f 1096/6013/6013 1100/6014/6014 1097/6015/6015
f 1070/6016/6016 597/6017/6017 1102/6018/6018
f 1102/6019/6019 1095/6020/6020 1098/6021/6021
f 1101/6022/6022 1093/6023/6023 1103/6024/6024
f 1098/6025/6025 1101/6026/6026 1103/6027/6027
f 1098/6028/6028 1103/6029/6029 1102/6030/6030
f 1103/6031/6031 1093/6032/6032 1086/6033/6033
f 1103/6034/6034 1086/6035/6035 1081/6036/6036
f 1103/6037/6037 1081/6038/6038 1063/6039/6039
f 1103/6040/6040 1063/6041/6041 1064/6042/6042
f 1103/6043/6043 1064/6044/6044 1072/6045/6045
f 1103/6046/6046 1072/6047/6047 1073/6048/6048
f 1103/6049/6049 1073/6050/6050 1066/6051/6051
f 1103/6052/6052 1066/6053/6053 1071/6054/6054
f 1103/6055/6055 1071/6056/6056 1069/6057/6057
f 1103/6058/6058 1069/6059/6059 1070/6060/6060
f 989/6061/6061 1007/6062/6062 972/6063/6063
f 972/6064/6064 1099/6065/6065 1074/6066/6066
f 972/6067/6067 1074/6068/6068 989/6069/6069
f 763/6070/6070 768/6071/6071 1031/6072/6072
f 763/6073/6073 1031/6074/6074 1032/6075/6075
f 501/6076/6076 26/6077/6077 1085/6078/6078
f 1085/6079/6079 5/6080/6080 12/6081/6081
f 1085/6082/6082 12/6083/6083 501/6084/6084
f 1102/6085/6085 597/6086/6086 503/6087/6087
f 1102/6088/6088 1103/6089/6089 1070/6090/6090
f 22/6091/6091 1108/6092/6092 1146/6093/6093
f 1123/6094/6094 1122/6095/6095 1121/6096/6096
f 1123/6097/6097 1121/6098/6098 1120/6099/6099
f 1123/6100/6100 1120/6101/6101 1119/6102/6102
f 1123/6103/6103 1119/6104/6104 1118/6105/6105
f 1124/6106/6106 764/6107/6107 1107/6108/6108
f 1128/6109/6109 1040/6110/6110 1109/6111/6111
f 1128/6112/6112 1109/6113/6113 595/6114/6114
f 1111/6115/6115 1116/6116/6116 1042/6117/6117
f 1111/6118/6118 1042/6119/6119 60/6120/6120
f 1039/6121/6121 1108/6122/6122 22/6123/6123
f 1000/6124/6124 770/6125/6125 1113/6126/6126
f 1000/6127/6127 1113/6128/6128 90/6129/6129
f 1000/6130/6130 90/6131/6131 113/6132/6132
f 1000/6133/6133 113/6134/6134 1112/6135/6135
f 1040/6136/6136 1000/6137/6137 1112/6138/6138
f 1040/6139/6139 1112/6140/6140 1109/6141/6141
f 1043/6142/6142 1041/6143/6143 1110/6144/6144
f 1043/6145/6145 1110/6146/6146 1114/6147/6147
f 764/6148/6148 762/6149/6149 1115/6150/6150
f 764/6151/6151 1115/6152/6152 1107/6153/6153
f 762/6154/6154 1043/6155/6155 1114/6156/6156
f 762/6157/6157 1114/6158/6158 1115/6159/6159
f 1116/6160/6160 1110/6161/6161 1041/6162/6162
f 1116/6163/6163 1041/6164/6164 1042/6165/6165
f 1122/6166/6166 1123/6167/6167 1105/6168/6168
f 1122/6169/6169 1105/6170/6170 92/6171/6171
f 1122/6172/6172 92/6173/6173 1104/6174/6174
f 82/6175/6175 1113/6176/6176 770/6177/6177
f 82/6178/6178 770/6179/6179 507/6180/6180
f 507/6181/6181 770/6182/6182 525/6183/6183
f 507/6184/6184 525/6185/6185 63/6186/6186
f 63/6187/6187 525/6188/6188 508/6189/6189
f 63/6190/6190 508/6191/6191 24/6192/6192
f 24/6193/6193 508/6194/6194 567/6195/6195
f 1118/6196/6196 1115/6197/6197 1114/6198/6198
f 1106/6199/6199 577/6200/6200 1104/6201/6201
f 1106/6202/6202 1104/6203/6203 92/6204/6204
f 595/6205/6205 1106/6206/6206 1117/6207/6207
f 595/6208/6208 1117/6209/6209 1146/6210/6210
f 595/6211/6211 1109/6212/6212 1145/6213/6213
f 595/6214/6214 1108/6215/6215 1039/6216/6216
f 595/6217/6217 1039/6218/6218 1128/6219/6219
f 1128/6220/6220 1039/6221/6221 1010/6222/6222
f 1128/6223/6223 1010/6224/6224 1127/6225/6225
f 1127/6226/6226 1010/6227/6227 998/6228/6228
f 1127/6229/6229 998/6230/6230 115/6231/6231
f 85/6232/6232 1065/6233/6233 999/6234/6234
f 85/6235/6235 999/6236/6236 115/6237/6237
f 85/6238/6238 1062/6239/6239 1092/6240/6240
f 92/6241/6241 1105/6242/6242 1117/6243/6243
f 92/6244/6244 1117/6245/6245 1106/6246/6246
f 1145/6247/6247 1109/6248/6248 1112/6249/6249
f 1107/6250/6250 1115/6251/6251 1118/6252/6252
f 1107/6253/6253 1118/6254/6254 1119/6255/6255
f 1104/6256/6256 577/6257/6257 113/6258/6258
f 1104/6259/6259 113/6260/6260 90/6261/6261
f 1122/6262/6262 1104/6263/6263 90/6264/6264
f 1122/6265/6265 90/6266/6266 1113/6267/6267
f 82/6268/6268 80/6269/6269 1120/6270/6270
f 82/6271/6271 1120/6272/6272 1121/6273/6273
f 467/6274/6274 1126/6275/6275 1125/6276/6276
f 467/6277/6277 1125/6278/6278 27/6279/6279
f 27/6280/6280 1125/6281/6281 1124/6282/6282
f 27/6283/6283 1124/6284/6284 44/6285/6285
f 44/6286/6286 1124/6287/6287 1107/6288/6288
f 44/6289/6289 1107/6290/6290 80/6291/6291
f 80/6292/6292 82/6293/6293 507/6294/6294
f 80/6295/6295 507/6296/6296 44/6297/6297
f 44/6298/6298 507/6299/6299 63/6300/6300
f 44/6301/6301 63/6302/6302 27/6303/6303
f 27/6304/6304 63/6305/6305 24/6306/6306
f 27/6307/6307 24/6308/6308 467/6309/6309
f 589/6310/6310 1126/6311/6311 467/6312/6312
f 578/6313/6313 589/6314/6314 467/6315/6315
f 567/6316/6316 578/6317/6317 467/6318/6318
f 567/6319/6319 467/6320/6320 24/6321/6321
f 22/6322/6322 1111/6323/6323 60/6324/6324
f 22/6325/6325 60/6326/6326 1039/6327/6327
f 1116/6328/6328 1111/6329/6329 22/6330/6330
f 1116/6331/6331 22/6332/6332 18/6333/6333
f 1116/6334/6334 18/6335/6335 54/6336/6336
f 1116/6337/6337 54/6338/6338 56/6339/6339
f 1116/6340/6340 56/6341/6341 20/6342/6342
f 18/6343/6343 1117/6344/6344 1105/6345/6345
f 18/6346/6346 1105/6347/6347 54/6348/6348
f 54/6349/6349 1105/6350/6350 1123/6351/6351
f 54/6352/6352 1123/6353/6353 56/6354/6354
f 56/6355/6355 1123/6356/6356 1118/6357/6357
f 56/6358/6358 1118/6359/6359 20/6360/6360
f 20/6361/6361 1118/6362/6362 1114/6363/6363
f 20/6364/6364 1114/6365/6365 1110/6366/6366
f 20/6367/6367 1110/6368/6368 1116/6369/6369
f 468/6370/6370 684/6371/6371 685/6372/6372
f 501/6373/6373 16/6374/6374 17/6375/6375
f 19/6376/6376 21/6377/6377 508/6378/6378
f 17/6379/6379 19/6380/6380 508/6381/6381
f 17/6382/6382 508/6383/6383 501/6384/6384
f 1027/6385/6385 1025/6386/6386 1130/6387/6387
f 1027/6388/6388 1130/6389/6389 1129/6390/6390
f 1004/6391/6391 1027/6392/6392 1129/6393/6393
f 1004/6394/6394 1129/6395/6395 1131/6396/6396
f 1028/6397/6397 1003/6398/6398 1133/6399/6399
f 1028/6400/6400 1133/6401/6401 1132/6402/6402
f 1002/6403/6403 1028/6404/6404 1132/6405/6405
f 1002/6406/6406 1132/6407/6407 1134/6408/6408
f 1022/6409/6409 1002/6410/6410 1134/6411/6411
f 1022/6412/6412 1134/6413/6413 1135/6414/6414
f 1023/6415/6415 1022/6416/6416 1135/6417/6417
f 1023/6418/6418 1135/6419/6419 1136/6420/6420
f 1003/6421/6421 1004/6422/6422 1131/6423/6423
f 1003/6424/6424 1131/6425/6425 1133/6426/6426
f 1025/6427/6427 1023/6428/6428 1136/6429/6429
f 1025/6430/6430 1136/6431/6431 1130/6432/6432
f 1129/6433/6433 1130/6434/6434 1138/6435/6435
f 1129/6436/6436 1138/6437/6437 1137/6438/6438
f 1131/6439/6439 1129/6440/6440 1137/6441/6441
f 1131/6442/6442 1137/6443/6443 1139/6444/6444
f 1133/6445/6445 1131/6446/6446 1139/6447/6447
f 1133/6448/6448 1139/6449/6449 1140/6450/6450
f 1132/6451/6451 1133/6452/6452 1140/6453/6453
f 1132/6454/6454 1140/6455/6455 1141/6456/6456
f 1134/6457/6457 1132/6458/6458 1141/6459/6459
f 1134/6460/6460 1141/6461/6461 1142/6462/6462
f 1135/6463/6463 1134/6464/6464 1142/6465/6465
f 1135/6466/6466 1142/6467/6467 1143/6468/6468
f 1136/6469/6469 1135/6470/6470 1143/6471/6471
f 1136/6472/6472 1143/6473/6473 1144/6474/6474
f 1130/6475/6475 1136/6476/6476 1144/6477/6477
f 1130/6478/6478 1144/6479/6479 1138/6480/6480
f 1113/6481/6481 82/6482/6482 1121/6483/6483
f 1113/6484/6484 1121/6485/6485 1122/6486/6486
f 1112/6487/6487 113/6488/6488 577/6489/6489
f 1119/6490/6490 1120/6491/6491 80/6492/6492
f 1119/6493/6493 80/6494/6494 1107/6495/6495
f 1112/6496/6496 577/6497/6497 1145/6498/6498
f 1145/6499/6499 577/6500/6500 1106/6501/6501
f 1145/6502/6502 1106/6503/6503 595/6504/6504
f 1146/6505/6505 1108/6506/6506 595/6507/6507
f 1146/6508/6508 1117/6509/6509 18/6510/6510
f 1146/6511/6511 18/6512/6512 22/6513/6513
