v -1.226537 0.829825 -1.948751
v -1.226537 0.829825 -1.127210
v -0.721761 0.952206 -1.948751
v -0.721761 0.952206 -1.127211
v -0.776492 1.145129 -1.711892
v -1.279025 1.008046 -1.127210
v -0.106852 1.132823 -1.711893
v -0.776492 1.145129 -1.127211
v -0.106852 1.132823 -1.127211
v -1.953578 0.606466 -1.948750
v -1.252781 0.918936 -0.926791
v -1.953577 0.606466 -1.127210
v -0.749126 1.048668 -0.926791
v -1.279025 1.008046 -1.711892
v -1.655535 0.820291 -1.948751
v -1.628078 0.731413 -1.948751
v -1.672785 0.726844 -2.164148
v -1.689808 0.781949 -2.164148
v -1.874595 0.649378 -2.164148
v -0.721761 0.952206 -1.275753
v -0.106852 1.132823 -1.273382
v -0.106852 1.132823 -1.565722
v -0.776492 1.145129 -1.565722
v -0.776492 1.145129 -1.273381
v -0.721761 0.952206 -1.566403
v -0.051878 0.606892 0.004787
v -0.149863 0.602633 -1.137734
v 0.051878 0.606892 0.004787
v -0.207889 0.238761 0.004117
v 0.000000 0.343224 0.589391
v 0.207889 0.238761 0.004117
v 0.149863 0.602633 -1.137734
v 1.066971 -0.882966 -1.948750
v 1.066971 -0.882966 -1.127210
v 0.898619 -0.809416 -1.948750
v 0.898619 -0.809416 -1.127210
v 0.969344 -0.621765 -1.711892
v 1.134227 -0.709778 -1.127210
v 0.690232 -0.638331 -1.711892
v 0.969344 -0.621765 -1.127210
v 0.690232 -0.638331 -1.127210
v 1.772708 -1.166537 -1.948750
v 1.100599 -0.796372 -0.926790
v 1.772708 -1.166537 -1.127210
v 0.933981 -0.715591 -0.926790
v 1.134227 -0.709778 -1.711892
v 1.493656 -0.928460 -1.948750
v 1.458839 -1.014721 -1.948750
v 1.503006 -1.023024 -2.164148
v 1.524592 -0.969542 -2.164148
v 1.697604 -1.117150 -2.164148
v 0.898619 -0.809416 -1.275752
v 0.690232 -0.638331 -1.273381
v 0.690232 -0.638331 -1.565721
v 0.969344 -0.621765 -1.565721
v 0.969344 -0.621765 -1.273381
v 0.898619 -0.809416 -1.566402
v -0.761704 -0.934897 3.288359
v -0.115543 0.249894 3.288359
v -0.169274 -0.025658 -2.794519
v 0.761704 -0.934897 3.288359
v 0.115543 0.249894 3.288359
v -0.353897 -0.251081 3.288359
v -0.643449 -0.650895 3.288359
v -0.833005 -0.788017 3.288359
v -0.227597 -0.798708 3.288359
v -0.474161 -0.851244 3.288359
v 0.227597 -0.798708 3.288359
v 0.474161 -0.851244 3.288359
v 0.353897 -0.251081 3.288359
v 0.643449 -0.650895 3.288359
v 0.833005 -0.788017 3.288359
v -0.733941 -0.935377 2.348226
v 0.367666 0.607019 -1.682791
v 0.733941 -0.935377 2.348226
v 0.674734 -0.722482 3.638541
v 0.521193 -0.603510 3.638541
v 0.286656 -0.244896 3.638541
v 0.093590 0.120079 3.634378
v 0.384071 -0.773697 3.638541
v 0.616980 -0.841455 3.638541
v 0.184354 -0.731141 3.638541
v -0.384071 -0.773697 3.638541
v -0.184354 -0.731141 3.638541
v -0.674734 -0.722482 3.638541
v -0.521193 -0.603510 3.638541
v -0.286656 -0.244896 3.638541
v -0.093590 0.120079 3.634378
v -0.616980 -0.841455 3.638541
v 0.807172 -0.796677 2.348226
v -0.154887 0.607984 -1.681938
v -0.807172 -0.796677 2.348226
v 0.118093 0.435757 -2.644771
v 0.614029 -0.648184 2.348226
v 0.318489 -0.245142 2.348227
v -0.087272 -0.343943 -2.793249
v -0.318489 -0.245142 2.348226
v -0.560551 -0.290902 0.010917
v -0.614029 -0.648184 2.348226
v 0.409054 -0.852940 2.348226
v 0.198028 -0.802868 2.348226
v -0.198028 -0.802868 2.348226
v 0.261287 -0.190887 -2.794461
v -0.409054 -0.852940 2.348226
v 0.210831 0.236957 0.008969
v 0.108508 0.252532 2.348226
v -0.210831 0.236957 0.008969
v -0.108508 0.252532 2.348226
v 0.000000 0.284666 3.288359
v 0.000000 0.341762 0.589391
v 0.155204 0.607984 -1.681937
v 0.000000 0.287305 2.348226
v -0.000000 0.154852 3.634378
v -0.117795 0.435757 -2.644771
v 0.088183 -0.343939 -2.793241
v -0.260487 -0.190593 -2.794745
v 0.560551 -0.290902 0.010917
v -0.248454 -0.115759 -2.794176
v 0.249238 -0.115610 -2.794199
v -0.051500 0.117583 -2.794166
v 0.385983 0.109935 -2.645625
v 0.375657 0.240285 -1.684526
v -0.374957 0.240285 -1.684526
v -0.695058 -0.286427 -1.685070
v 0.169743 -0.025508 -2.794542
v 0.052094 0.117583 -2.794166
v -0.593664 -0.265970 -2.646089
v 0.642089 0.245511 -1.685380
v 0.696210 -0.286602 -1.684897
v 0.594432 -0.266639 -2.645440
v 0.566995 -0.095229 -2.644845
v 0.153286 0.603711 -1.149528
v -0.153128 0.603711 -1.149528
v 0.305045 -0.688663 -1.683050
v -0.304401 -0.688668 -1.683062
v 0.200267 -0.615145 -2.642664
v -0.199249 -0.615153 -2.642682
v 0.137553 -0.463399 -3.033246
v 0.389202 -0.106633 -3.034743
v -0.321103 0.239193 -1.150357
v 0.321574 0.239193 -1.150357
v -0.367656 0.606650 -1.682739
v -0.385971 0.109592 -2.645573
v -0.641693 0.245142 -1.685328
v -0.566266 -0.095572 -2.644793
v -0.388442 -0.106867 -3.034706
v -0.264723 0.033916 -3.035242
v 0.081165 0.257730 -3.034691
v 0.264991 0.034151 -3.035278
v -0.080701 0.257730 -3.034691
v -0.136594 -0.463404 -3.033258
v -0.407243 -0.223794 -3.035596
v 0.408029 -0.224254 -3.035151
v -1.066971 -0.882966 -1.948750
v -1.066971 -0.882966 -1.127210
v -0.898619 -0.809416 -1.948750
v -0.898619 -0.809416 -1.127210
v -0.969344 -0.621765 -1.711892
v -1.134227 -0.709778 -1.127210
v -0.690232 -0.638331 -1.711892
v -0.969344 -0.621765 -1.127210
v -0.690232 -0.638331 -1.127210
v -1.772707 -1.166537 -1.948751
v -1.100599 -0.796372 -0.926790
v -1.772707 -1.166537 -1.127210
v -0.933981 -0.715591 -0.926790
v -1.134227 -0.709778 -1.711892
v -1.493656 -0.928460 -1.948751
v -1.458839 -1.014721 -1.948750
v -1.503005 -1.023024 -2.164148
v -1.524592 -0.969542 -2.164148
v -1.697604 -1.117150 -2.164148
v -0.898619 -0.809416 -1.275752
v -0.690232 -0.638331 -1.273381
v -0.690232 -0.638331 -1.565721
v -0.969344 -0.621765 -1.565721
v -0.969344 -0.621765 -1.273381
v -0.898619 -0.809416 -1.566402
v 1.226536 0.829825 -1.948750
v 1.226536 0.829825 -1.127210
v 0.721760 0.952206 -1.948750
v 0.721760 0.952206 -1.127210
v 0.776491 1.145129 -1.711891
v 1.279024 1.008046 -1.127210
v 0.106851 1.132823 -1.711891
v 0.776491 1.145129 -1.127210
v 0.106851 1.132823 -1.127210
v 1.953576 0.606467 -1.948750
v 1.252780 0.918936 -0.926790
v 1.953576 0.606467 -1.127210
v 0.749126 1.048668 -0.926790
v 1.279024 1.008046 -1.711891
v 1.655534 0.820292 -1.948750
v 1.628077 0.731413 -1.948750
v 1.672784 0.726845 -2.164148
v 1.689807 0.781950 -2.164148
v 1.874594 0.649378 -2.164148
v 0.721760 0.952206 -1.275751
v 0.106851 1.132823 -1.273380
v 0.106851 1.132823 -1.565721
v 0.776491 1.145129 -1.565721
v 0.776491 1.145129 -1.273380
v 0.721760 0.952206 -1.566402
v 0.404977 0.469612 -1.147860
v 0.040737 0.303470 -1.681231
v 0.403086 0.788527 -1.148173
v 0.040482 0.515217 -1.148173
v 0.040482 0.515217 -1.681231
v 0.403086 0.788527 -1.681231
v 0.404908 0.470653 -1.681357
v 0.040737 0.303470 -1.148173
v 0.665668 1.145547 -1.281889
v 0.403086 0.788527 -1.281438
v 0.403086 0.788527 -1.547967
v 0.776250 1.089530 -1.279704
v 0.404960 0.470537 -1.281234
v 0.404925 0.469729 -1.547982
v 0.776250 1.089530 -1.547436
v 0.665668 1.145547 -1.548941
v 0.320549 0.242964 -1.147860
v 0.460347 0.345219 -0.571583
v 0.187109 0.420330 -0.571583
v 0.642427 0.244471 -1.148173
v 0.366592 0.607404 -1.148173
v 0.154845 0.607404 -1.148173
v 0.477251 0.259585 -0.571582
v 0.355264 0.420330 -0.571583
v 0.270913 0.240607 -0.571476
v -0.761704 -0.934897 3.288359
v -0.115543 0.249894 3.288359
v -0.169274 -0.025658 -2.794519
v 0.761704 -0.934897 3.288359
v 0.115543 0.249894 3.288359
v -0.353897 -0.251081 3.288359
v -0.643449 -0.650895 3.288359
v -0.833005 -0.788017 3.288359
v -0.227597 -0.798708 3.288359
v -0.474161 -0.851244 3.288359
v 0.227597 -0.798708 3.288359
v 0.474161 -0.851244 3.288359
v 0.353897 -0.251081 3.288359
v 0.643449 -0.650895 3.288359
v 0.833005 -0.788017 3.288359
v -0.733941 -0.935377 2.348226
v 0.367666 0.607019 -1.682791
v 0.733941 -0.935377 2.348226
v 0.674734 -0.722482 3.638541
v 0.521193 -0.603510 3.638541
v 0.286656 -0.244896 3.638541
v 0.093590 0.120079 3.634378
v 0.384071 -0.773697 3.638541
v 0.616980 -0.841455 3.638541
v 0.184354 -0.731141 3.638541
v -0.384071 -0.773697 3.638541
v -0.184354 -0.731141 3.638541
v -0.674734 -0.722482 3.638541
v -0.521193 -0.603510 3.638541
v -0.286656 -0.244896 3.638541
v -0.093590 0.120079 3.634378
v -0.616980 -0.841455 3.638541
v 0.807172 -0.796677 2.348226
v -0.154887 0.607984 -1.681938
v -0.807172 -0.796677 2.348226
v 0.118093 0.435757 -2.644771
v 0.614029 -0.648184 2.348226
v 0.318489 -0.245142 2.348227
v -0.087272 -0.343943 -2.793249
v -0.318489 -0.245142 2.348226
v -0.560551 -0.290902 0.010917
v -0.614029 -0.648184 2.348226
v 0.409054 -0.852940 2.348226
v 0.198028 -0.802868 2.348226
v -0.198028 -0.802868 2.348226
v 0.261287 -0.190887 -2.794461
v -0.409054 -0.852940 2.348226
v 0.210831 0.236957 0.008969
v 0.108508 0.252532 2.348226
v -0.210831 0.236957 0.008969
v -0.108508 0.252532 2.348226
v 0.000000 0.284666 3.288359
v 0.000000 0.341762 0.589391
v 0.155204 0.607984 -1.681937
v 0.000000 0.287305 2.348226
v -0.000000 0.154852 3.634378
v -0.117795 0.435757 -2.644771
v 0.088183 -0.343939 -2.793241
v -0.260487 -0.190593 -2.794745
v 0.560551 -0.290902 0.010917
v -0.248454 -0.115759 -2.794176
v 0.249238 -0.115610 -2.794199
v -0.051500 0.117583 -2.794166
v 0.385983 0.109935 -2.645625
v 0.375657 0.240285 -1.684526
v -0.374957 0.240285 -1.684526
v -0.695058 -0.286427 -1.685070
v 0.169743 -0.025508 -2.794542
v 0.052094 0.117583 -2.794166
v -0.593664 -0.265970 -2.646089
v 0.642089 0.245511 -1.685380
v 0.696210 -0.286602 -1.684897
v 0.594432 -0.266639 -2.645440
v 0.566995 -0.095229 -2.644845
v 0.153286 0.603711 -1.149528
v -0.153128 0.603711 -1.149528
v 0.305045 -0.688663 -1.683050
v -0.304401 -0.688668 -1.683062
v 0.200267 -0.615145 -2.642664
v -0.199249 -0.615153 -2.642682
v 0.137553 -0.463399 -3.033246
v 0.389202 -0.106633 -3.034743
v -0.321103 0.239193 -1.150357
v 0.321574 0.239193 -1.150357
v -0.367656 0.606650 -1.682739
v -0.385971 0.109592 -2.645573
v -0.641693 0.245142 -1.685328
v -0.566266 -0.095572 -2.644793
v -0.388442 -0.106867 -3.034706
v -0.264723 0.033916 -3.035242
v 0.081165 0.257730 -3.034691
v 0.264991 0.034151 -3.035278
v -0.080701 0.257730 -3.034691
v -0.136594 -0.463404 -3.033258
v -0.407243 -0.223794 -3.035596
v 0.408029 -0.224254 -3.035151
v -0.678244 -0.286986 -1.286521
v -0.496618 -0.478923 -1.550338
v 0.679253 -0.287140 -1.286370
v 0.497471 -0.479002 -1.550252
v 0.687731 -0.286871 -1.550780
v -0.686651 -0.286707 -1.550942
v 0.494314 -0.462856 -1.286236
v -0.493507 -0.462782 -1.286317
v 0.863355 -0.811136 -1.323628
v 0.975246 -0.678298 -1.323715
v 0.980541 -0.678123 -1.495583
v 0.865335 -0.821632 -1.495238
v -0.864778 -0.821245 -1.495435
v -0.862828 -0.810753 -1.323821
v -0.974594 -0.677863 -1.323954
v -0.979843 -0.677682 -1.495827
v 0.800770 -0.600555 -1.523181
v 0.794159 -0.600776 -1.305043
v -0.799917 -0.600252 -1.523385
v -0.793362 -0.600482 -1.305237
v 0.784104 -0.788907 -1.522745
v 0.781148 -0.775586 -1.304932
v -0.783293 -0.788674 -1.522887
v -0.780381 -0.775357 -1.305069
vt 0.310838 0.638177
vt 0.417930 0.640150
vt 0.499301 0.641490
vt 0.310838 0.638177
vt 0.499301 0.641490
vt 0.539987 0.642160
vt 0.310838 0.638177
vt 0.539987 0.642160
vt 0.540124 0.811034
vt 0.310838 0.638177
vt 0.540124 0.811034
vt 0.309673 0.809395
vt 0.595784 0.640589
vt 0.539987 0.642160
vt 0.540124 0.811034
vt 0.595784 0.640589
vt 0.540124 0.811034
vt 0.595140 0.787899
vt 0.373475 0.810697
vt 0.377244 0.639479
vt 0.311338 0.633412
vt 0.373475 0.810697
vt 0.311338 0.633412
vt 0.310694 0.780644
vt 0.310170 0.900741
vt 0.309757 0.995214
vt 0.538428 0.998981
vt 0.310170 0.900741
vt 0.538428 0.998981
vt 0.540124 0.811034
vt 0.310170 0.900741
vt 0.540124 0.811034
vt 0.373475 0.810697
vt 0.500114 0.455474
vt 0.540800 0.456144
vt 0.539987 0.642160
vt 0.500114 0.455474
vt 0.539987 0.642160
vt 0.499301 0.641490
vt 0.334413 0.808354
vt 0.319288 0.802519
vt 0.310182 0.897821
vt 0.538428 0.998981
vt 0.540124 0.811034
vt 0.595140 0.787899
vt 0.538428 0.998981
vt 0.309757 0.995214
vt 0.310170 0.900741
vt 0.538428 0.998981
vt 0.310170 0.900741
vt 0.309022 0.810697
vt 0.538428 0.998981
vt 0.309022 0.810697
vt 0.540124 0.811034
vt 0.378057 0.453463
vt 0.311338 0.633412
vt 0.377244 0.639479
vt 0.540800 0.456144
vt 0.539987 0.642160
vt 0.595784 0.640589
vt 0.595784 0.640589
vt 0.539987 0.642160
vt 0.540800 0.456144
vt 0.595140 0.787899
vt 0.540124 0.811034
vt 0.539987 0.642160
vt 0.595140 0.787899
vt 0.539987 0.642160
vt 0.595784 0.640589
vt 0.595140 0.787899
vt 0.540124 0.811034
vt 0.538428 0.998981
vt 0.331451 0.829721
vt 0.334413 0.808354
vt 0.319288 0.802519
vt 0.331451 0.829721
vt 0.319288 0.802519
vt 0.310182 0.897821
vt 0.250164 0.925022
vt 0.249908 0.969923
vt 0.309757 0.995214
vt 0.250164 0.925022
vt 0.309757 0.995214
vt 0.310170 0.900741
vt 0.249908 0.969923
vt 0.250164 0.925022
vt 0.310170 0.900741
vt 0.249908 0.969923
vt 0.310170 0.900741
vt 0.309757 0.995214
vt 0.373475 0.810697
vt 0.310694 0.780644
vt 0.310182 0.897821
vt 0.499301 0.641490
vt 0.539987 0.642160
vt 0.540800 0.456144
vt 0.499301 0.641490
vt 0.540800 0.456144
vt 0.500114 0.455474
vt 0.373475 0.810697
vt 0.540124 0.811034
vt 0.539987 0.642160
vt 0.373475 0.810697
vt 0.539987 0.642160
vt 0.499301 0.641490
vt 0.373475 0.810697
vt 0.499301 0.641490
vt 0.417930 0.640150
vt 0.373475 0.810697
vt 0.417930 0.640150
vt 0.377244 0.639479
vt 0.310694 0.780644
vt 0.310182 0.897821
vt 0.373475 0.810697
vt 0.417930 0.640150
vt 0.304328 0.639479
vt 0.378057 0.453463
vt 0.417930 0.640150
vt 0.378057 0.453463
vt 0.418743 0.454133
vt 0.418743 0.454133
vt 0.378057 0.453463
vt 0.377244 0.639479
vt 0.418743 0.454133
vt 0.377244 0.639479
vt 0.417930 0.640150
vt 0.334413 0.808354
vt 0.319288 0.802519
vt 0.318776 0.827508
vt 0.334413 0.808354
vt 0.319288 0.802519
vt 0.318776 0.827508
vt 0.331451 0.829721
vt 0.334413 0.808354
vt 0.319288 0.802519
vt 0.331451 0.829721
vt 0.319288 0.802519
vt 0.318776 0.827508
vt 0.638914 0.890328
vt 0.642670 0.909535
vt 0.622793 0.944278
vt 0.622793 0.944278
vt 0.642670 0.909535
vt 0.638914 0.890328
vt 0.642670 0.909535
vt 0.650137 0.877872
vt 0.638914 0.890328
vt 0.642670 0.909535
vt 0.642670 0.909535
vt 0.622793 0.944278
vt 0.642670 0.909535
vt 0.622793 0.944278
vt 0.622793 0.944278
vt 0.642670 0.909535
vt 0.642670 0.909535
vt 0.650137 0.877872
vt 0.638914 0.890328
vt 0.650137 0.877872
vt 0.642670 0.909535
vt 0.304008 0.697377
vt 0.551168 0.698679
vt 0.551168 0.649054
vt 0.304008 0.697377
vt 0.551168 0.649054
vt 0.506468 0.649054
vt 0.304008 0.697377
vt 0.506468 0.649054
vt 0.418370 0.649379
vt 0.304008 0.697377
vt 0.418370 0.649379
vt 0.301404 0.650030
vt 0.581228 0.809923
vt 0.544657 0.810658
vt 0.544657 0.736944
vt 0.581228 0.809923
vt 0.544657 0.736944
vt 0.581228 0.736292
vt 0.316837 0.811141
vt 0.316837 0.739546
vt 0.374972 0.736944
vt 0.316837 0.811141
vt 0.374972 0.736944
vt 0.374972 0.810658
vt 0.374972 0.810658
vt 0.544657 0.810658
vt 0.544657 0.990682
vt 0.374972 0.810658
vt 0.544657 0.990682
vt 0.322697 0.990682
vt 0.374972 0.810658
vt 0.322697 0.990682
vt 0.316837 0.899666
vt 0.508095 0.564093
vt 0.542704 0.565069
vt 0.542704 0.465108
vt 0.508095 0.564093
vt 0.542704 0.465108
vt 0.508095 0.465108
vt 0.316837 0.896612
vt 0.316837 0.811141
vt 0.374972 0.810658
vt 0.581228 0.809923
vt 0.544657 0.810658
vt 0.544657 0.990682
vt 0.544657 0.810658
vt 0.318331 0.810658
vt 0.316837 0.899666
vt 0.544657 0.810658
vt 0.316837 0.899666
vt 0.322697 0.990682
vt 0.544657 0.810658
vt 0.322697 0.990682
vt 0.544657 0.990682
vt 0.372042 0.565069
vt 0.338322 0.565718
vt 0.372042 0.462179
vt 0.569509 0.564417
vt 0.542704 0.565069
vt 0.542704 0.465108
vt 0.542704 0.465108
vt 0.542704 0.565069
vt 0.569509 0.564417
vt 0.581228 0.736292
vt 0.544657 0.736944
vt 0.544657 0.810658
vt 0.581228 0.736292
vt 0.544657 0.810658
vt 0.581228 0.809923
vt 0.544657 0.990682
vt 0.544657 0.810658
vt 0.581228 0.809923
vt 0.316837 0.811141
vt 0.316837 0.896612
vt 0.336215 0.839470
vt 0.316837 0.811141
vt 0.336215 0.839470
vt 0.374972 0.810658
vt 0.316837 0.899666
vt 0.322697 0.990682
vt 0.241064 0.971118
vt 0.316837 0.899666
vt 0.241064 0.971118
vt 0.239111 0.927422
vt 0.322697 0.990682
vt 0.316837 0.899666
vt 0.239111 0.927422
vt 0.322697 0.990682
vt 0.239111 0.927422
vt 0.241064 0.971118
vt 0.316837 0.896612
vt 0.316837 0.811141
vt 0.374972 0.810658
vt 0.508095 0.465108
vt 0.542704 0.465108
vt 0.542704 0.565069
vt 0.508095 0.465108
vt 0.542704 0.565069
vt 0.508095 0.564093
vt 0.373670 0.648077
vt 0.409255 0.649379
vt 0.505817 0.647101
vt 0.373670 0.648077
vt 0.505817 0.647101
vt 0.542053 0.647101
vt 0.373670 0.648077
vt 0.542053 0.647101
vt 0.544657 0.698679
vt 0.373670 0.648077
vt 0.544657 0.698679
vt 0.368461 0.697377
vt 0.316837 0.896612
vt 0.374972 0.810658
vt 0.316837 0.811141
vt 0.410557 0.462179
vt 0.374646 0.462179
vt 0.336886 0.562465
vt 0.410557 0.462179
vt 0.336886 0.562465
vt 0.410557 0.563116
vt 0.410557 0.563116
vt 0.372042 0.565069
vt 0.372042 0.462179
vt 0.410557 0.563116
vt 0.372042 0.462179
vt 0.410557 0.462179
vt 0.470867 0.568081
vt 0.471229 0.555208
vt 0.426610 0.555208
vt 0.470867 0.568081
vt 0.471229 0.555208
vt 0.426610 0.555208
vt 0.470867 0.568081
vt 0.471229 0.555208
vt 0.426610 0.555208
vt 0.470867 0.568081
vt 0.426610 0.555208
vt 0.426507 0.568081
vt 0.859375 0.745613
vt 0.905273 0.741478
vt 0.972656 0.716129
vt 0.859375 0.745613
vt 0.972656 0.716129
vt 0.990234 0.747318
vt 0.859375 0.745613
vt 0.990234 0.747318
vt 0.935547 0.793154
vt 0.859375 0.745613
vt 0.935547 0.793154
vt 0.877930 0.885865
vt 0.317488 0.599772
vt 0.091667 0.599174
vt 0.091667 0.485646
vt 0.317488 0.599772
vt 0.091667 0.485646
vt 0.317488 0.486992
vt 0.091667 0.607054
vt 0.091667 0.599174
vt 0.317488 0.599772
vt 0.091667 0.607054
vt 0.317488 0.599772
vt 0.317488 0.607652
vt 0.317488 0.330573
vt 0.091667 0.330682
vt 0.091667 0.363968
vt 0.317488 0.330573
vt 0.091667 0.363968
vt 0.317488 0.362005
vt 0.914144 0.463495
vt 0.916258 0.427469
vt 0.959212 0.440969
vt 0.914144 0.463495
vt 0.959212 0.440969
vt 0.982986 0.471994
vt 0.914144 0.463495
vt 0.916258 0.427469
vt 0.959212 0.440969
vt 0.914144 0.463495
vt 0.916258 0.427469
vt 0.959212 0.440969
vt 0.914144 0.463495
vt 0.959212 0.440969
vt 0.982986 0.471994
vt 0.091667 0.363968
vt 0.091667 0.395042
vt 0.007553 0.405780
vt 0.091667 0.363968
vt 0.007553 0.405780
vt 0.007553 0.378819
vt 0.091667 0.395042
vt 0.091667 0.485646
vt 0.007553 0.487047
vt 0.091667 0.395042
vt 0.007553 0.487047
vt 0.007553 0.405780
vt 0.091667 0.485646
vt 0.091667 0.599174
vt 0.008553 0.569756
vt 0.091667 0.485646
vt 0.008553 0.569756
vt 0.007553 0.487047
vt 0.092802 0.485121
vt 0.092802 0.394494
vt 0.008694 0.405234
vt 0.092802 0.485121
vt 0.008694 0.405234
vt 0.008694 0.486523
vt 0.092802 0.485121
vt 0.092802 0.394494
vt 0.008694 0.405234
vt 0.092802 0.485121
vt 0.008694 0.405234
vt 0.008694 0.486523
vt 0.092802 0.485121
vt 0.092802 0.394494
vt 0.008694 0.405234
vt 0.092802 0.485121
vt 0.008694 0.405234
vt 0.008694 0.486523
vt 0.092802 0.485121
vt 0.092802 0.394494
vt 0.008694 0.405234
vt 0.092802 0.485121
vt 0.008694 0.405234
vt 0.008694 0.486523
vt 0.092802 0.394494
vt 0.092802 0.363412
vt 0.008694 0.378267
vt 0.092802 0.394494
vt 0.008694 0.378267
vt 0.008694 0.405234
vt 0.092802 0.485121
vt 0.092802 0.394494
vt 0.008694 0.405234
vt 0.092802 0.485121
vt 0.008694 0.405234
vt 0.008694 0.486523
vt 0.092802 0.598678
vt 0.092802 0.485121
vt 0.008694 0.486523
vt 0.092802 0.598678
vt 0.008694 0.486523
vt 0.009694 0.569252
vt 0.091667 0.330682
vt 0.091667 0.363968
vt 0.007553 0.378819
vt 0.091667 0.330682
vt 0.007553 0.378819
vt 0.007553 0.351858
vt 0.092802 0.485121
vt 0.092802 0.394494
vt 0.008694 0.405234
vt 0.092802 0.485121
vt 0.008694 0.405234
vt 0.008694 0.486523
vt 0.091667 0.607054
vt 0.091667 0.599174
vt 0.008553 0.569756
vt 0.091667 0.607054
vt 0.008553 0.569756
vt 0.008553 0.577636
vt 0.091667 0.363968
vt 0.091667 0.330682
vt 0.007553 0.351858
vt 0.091667 0.363968
vt 0.007553 0.351858
vt 0.007553 0.378819
vt 0.317488 0.362005
vt 0.091667 0.363968
vt 0.091667 0.330682
vt 0.317488 0.362005
vt 0.091667 0.330682
vt 0.317488 0.330573
vt 0.990145 0.069003
vt 0.003668 0.043341
vt 0.003668 0.010389
vt 0.003668 0.010389
vt 0.003668 0.043341
vt 0.990145 0.069003
vt 0.318607 0.361449
vt 0.092802 0.363412
vt 0.092802 0.394494
vt 0.318607 0.361449
vt 0.092802 0.394494
vt 0.318607 0.395108
vt 0.318607 0.395108
vt 0.092802 0.394494
vt 0.092802 0.485121
vt 0.318607 0.395108
vt 0.092802 0.485121
vt 0.318607 0.486467
vt 0.990145 0.069003
vt 0.003668 0.043341
vt 0.003668 0.078620
vt 0.317488 0.486992
vt 0.091667 0.485646
vt 0.091667 0.395042
vt 0.317488 0.486992
vt 0.091667 0.395042
vt 0.317488 0.395656
vt 0.317488 0.395656
vt 0.091667 0.395042
vt 0.091667 0.363968
vt 0.317488 0.395656
vt 0.091667 0.363968
vt 0.317488 0.362005
vt 0.914144 0.463495
vt 0.916258 0.427469
vt 0.959212 0.440969
vt 0.914144 0.463495
vt 0.959212 0.440969
vt 0.982986 0.471994
vt 0.914144 0.463495
vt 0.916258 0.427469
vt 0.959212 0.440969
vt 0.914144 0.463495
vt 0.959212 0.440969
vt 0.982986 0.471994
vt 0.914144 0.463495
vt 0.916258 0.427469
vt 0.959212 0.440969
vt 0.914144 0.463495
vt 0.959212 0.440969
vt 0.982986 0.471994
vt 0.914144 0.463495
vt 0.916258 0.427469
vt 0.959212 0.440969
vt 0.914144 0.463495
vt 0.959212 0.440969
vt 0.982986 0.471994
vt 0.914144 0.463495
vt 0.916258 0.427469
vt 0.959212 0.440969
vt 0.859792 0.289444
vt 0.576098 0.288913
vt 0.859589 0.376047
vt 0.318607 0.486467
vt 0.092802 0.485121
vt 0.092802 0.598678
vt 0.318607 0.486467
vt 0.092802 0.598678
vt 0.318607 0.599276
vt 0.003668 0.300875
vt 0.003668 0.292614
vt 0.576098 0.288913
vt 0.003668 0.300875
vt 0.576098 0.288913
vt 0.434066 0.313813
vt 0.725586 0.887818
vt 0.744141 0.744637
vt 0.858398 0.745613
vt 0.725586 0.887818
vt 0.858398 0.745613
vt 0.877930 0.885865
vt 0.877631 0.885436
vt 0.825874 0.972280
vt 0.801758 0.984823
vt 0.877631 0.885436
vt 0.801758 0.984823
vt 0.772135 0.973430
vt 0.877631 0.885436
vt 0.772135 0.973430
vt 0.725288 0.887970
vt 0.877930 0.885865
vt 0.935547 0.793154
vt 0.990234 0.747318
vt 0.877930 0.885865
vt 0.990234 0.747318
vt 0.972656 0.716129
vt 0.877930 0.885865
vt 0.972656 0.716129
vt 0.905273 0.741478
vt 0.877930 0.885865
vt 0.905273 0.741478
vt 0.859375 0.745613
vt 0.434066 0.313813
vt 0.576098 0.288913
vt 0.003668 0.292614
vt 0.434066 0.313813
vt 0.003668 0.292614
vt 0.003668 0.300875
vt 0.317488 0.607652
vt 0.317488 0.599772
vt 0.091667 0.599174
vt 0.317488 0.607652
vt 0.091667 0.599174
vt 0.091667 0.607054
vt 0.008553 0.577636
vt 0.008553 0.569756
vt 0.091667 0.599174
vt 0.008553 0.577636
vt 0.091667 0.599174
vt 0.091667 0.607054
vt 0.003668 0.174376
vt 0.003668 0.292614
vt 0.576098 0.288913
vt 0.003668 0.078620
vt 0.003668 0.043341
vt 0.990145 0.069003
vt 0.576098 0.288913
vt 0.003668 0.292614
vt 0.003668 0.174376
vt 0.379250 0.971437
vt 0.430933 0.965127
vt 0.471925 0.971135
vt 0.003668 0.174376
vt 0.575621 0.163504
vt 0.990597 0.164525
vt 0.003668 0.174376
vt 0.990597 0.164525
vt 0.990145 0.069003
vt 0.576098 0.288913
vt 0.003668 0.174376
vt 0.575621 0.163504
vt 0.575621 0.163504
vt 0.003668 0.174376
vt 0.576098 0.288913
vt 0.648382 0.620669
vt 0.888099 0.535763
vt 0.888295 0.586886
vt 0.914144 0.463495
vt 0.916258 0.427469
vt 0.959212 0.440969
vt 0.914144 0.463495
vt 0.959212 0.440969
vt 0.982986 0.471994
vt 0.990597 0.164525
vt 0.990506 0.289704
vt 0.859792 0.289444
vt 0.990597 0.164525
vt 0.859792 0.289444
vt 0.576098 0.288913
vt 0.990597 0.164525
vt 0.575621 0.163504
vt 0.576098 0.288913
vt 0.888295 0.586886
vt 0.648382 0.620669
vt 0.647735 0.710750
vt 0.888248 0.493051
vt 0.648261 0.488077
vt 0.647800 0.387891
vt 0.888248 0.493051
vt 0.647800 0.387891
vt 0.887555 0.406210
vt 0.914144 0.463495
vt 0.916258 0.427469
vt 0.959212 0.440969
vt 0.914144 0.463495
vt 0.959212 0.440969
vt 0.982986 0.471994
vt 0.031667 0.719132
vt 0.162381 0.719391
vt 0.161748 0.806750
vt 0.031667 0.719132
vt 0.161748 0.806750
vt 0.031464 0.805734
vt 0.648261 0.488077
vt 0.888248 0.493051
vt 0.887555 0.406210
vt 0.648261 0.488077
vt 0.887555 0.406210
vt 0.647800 0.387891
vt 0.888295 0.586886
vt 0.888081 0.668074
vt 0.647522 0.710990
vt 0.648382 0.620669
vt 0.647735 0.710750
vt 0.888295 0.586886
vt 0.914144 0.463495
vt 0.916258 0.427469
vt 0.959212 0.440969
vt 0.888248 0.493051
vt 0.648261 0.488077
vt 0.648382 0.620669
vt 0.888248 0.493051
vt 0.648382 0.620669
vt 0.888099 0.535763
vt 0.647735 0.710750
vt 0.888295 0.586886
vt 0.881783 0.554799
vt 0.647735 0.710750
vt 0.881783 0.554799
vt 0.648382 0.620669
vt 0.888295 0.586886
vt 0.888099 0.535763
vt 0.648382 0.620669
vt 0.648382 0.620669
vt 0.647735 0.710750
vt 0.888295 0.586886
vt 0.648382 0.620669
vt 0.888295 0.586886
vt 0.881783 0.554799
vt 0.888295 0.586886
vt 0.647735 0.710750
vt 0.648382 0.620669
vt 0.648261 0.488077
vt 0.888248 0.493051
vt 0.888099 0.535763
vt 0.648261 0.488077
vt 0.888099 0.535763
vt 0.648382 0.620669
vt 0.914144 0.463495
vt 0.916258 0.427469
vt 0.959212 0.440969
vt 0.031464 0.805734
vt 0.161748 0.806750
vt 0.162381 0.719391
vt 0.031464 0.805734
vt 0.162381 0.719391
vt 0.031667 0.719132
vt 0.576098 0.288913
vt 0.859792 0.289444
vt 0.859589 0.376047
vt 0.914144 0.463495
vt 0.916258 0.427469
vt 0.959212 0.440969
vt 0.914144 0.463495
vt 0.959212 0.440969
vt 0.982986 0.471994
vt 0.647735 0.710750
vt 0.648382 0.620669
vt 0.888295 0.586886
vt 0.914144 0.463495
vt 0.916258 0.427469
vt 0.959212 0.440969
vt 0.914144 0.463495
vt 0.959212 0.440969
vt 0.982986 0.471994
vt 0.647522 0.710990
vt 0.888081 0.668074
vt 0.888295 0.586886
vt 0.576098 0.288913
vt 0.575621 0.163504
vt 0.990597 0.164525
vt 0.576098 0.288913
vt 0.859792 0.289444
vt 0.990506 0.289704
vt 0.576098 0.288913
vt 0.990506 0.289704
vt 0.990597 0.164525
vt 0.398396 0.972363
vt 0.406377 0.972208
vt 0.420623 0.972280
vt 0.398396 0.972363
vt 0.420623 0.972280
vt 0.440055 0.972145
vt 0.398396 0.972363
vt 0.440055 0.972145
vt 0.432924 0.965717
vt 0.398396 0.972363
vt 0.432924 0.965717
vt 0.420988 0.965197
vt 0.398396 0.972363
vt 0.420988 0.965197
vt 0.413654 0.965522
vt 0.398396 0.972363
vt 0.413654 0.965522
vt 0.403914 0.965959
vt 0.398396 0.972363
vt 0.403914 0.965959
vt 0.395423 0.965921
vt 0.398396 0.972363
vt 0.395423 0.965921
vt 0.392052 0.972019
vt 0.888099 0.535763
vt 0.888295 0.586886
vt 0.985648 0.568002
vt 0.888099 0.535763
vt 0.985648 0.568002
vt 0.985514 0.532921
vt 0.888081 0.668074
vt 0.888295 0.586886
vt 0.985648 0.568002
vt 0.888081 0.668074
vt 0.985648 0.568002
vt 0.985501 0.623714
vt 0.888295 0.586886
vt 0.888081 0.668074
vt 0.985501 0.623714
vt 0.888295 0.586886
vt 0.985501 0.623714
vt 0.985648 0.568002
vt 0.887555 0.406210
vt 0.888248 0.493051
vt 0.985616 0.503612
vt 0.887555 0.406210
vt 0.985616 0.503612
vt 0.985140 0.444022
vt 0.888248 0.493051
vt 0.887555 0.406210
vt 0.985140 0.444022
vt 0.888248 0.493051
vt 0.985140 0.444022
vt 0.985616 0.503612
vt 0.888099 0.535763
vt 0.888248 0.493051
vt 0.985616 0.503612
vt 0.888099 0.535763
vt 0.985616 0.503612
vt 0.985514 0.532921
vt 0.888295 0.586886
vt 0.888099 0.535763
vt 0.985514 0.532921
vt 0.888295 0.586886
vt 0.985514 0.532921
vt 0.985648 0.568002
vt 0.914144 0.463495
vt 0.916258 0.427469
vt 0.959212 0.440969
vt 0.914144 0.463495
vt 0.959212 0.440969
vt 0.982986 0.471994
vt 0.888248 0.493051
vt 0.888099 0.535763
vt 0.985514 0.532921
vt 0.888248 0.493051
vt 0.985514 0.532921
vt 0.985616 0.503612
vt 0.888099 0.535763
vt 0.888295 0.586886
vt 0.985648 0.568002
vt 0.888099 0.535763
vt 0.985648 0.568002
vt 0.985514 0.532921
vt 0.006131 0.845025
vt 0.006471 0.922774
vt 0.061742 0.922715
vt 0.006131 0.845025
vt 0.061742 0.922715
vt 0.061542 0.844967
vt 0.006131 0.845025
vt 0.006471 0.922774
vt 0.061742 0.922715
vt 0.006131 0.845025
vt 0.061742 0.922715
vt 0.061542 0.844967
vt 0.006131 0.845025
vt 0.006471 0.922774
vt 0.061742 0.922715
vt 0.006131 0.845025
vt 0.061742 0.922715
vt 0.061542 0.844967
vt 0.006131 0.845025
vt 0.006471 0.922774
vt 0.061742 0.922715
vt 0.006131 0.845025
vt 0.061742 0.922715
vt 0.061542 0.844967
vt 0.006131 0.845025
vt 0.006471 0.922774
vt 0.061742 0.922715
vt 0.006131 0.845025
vt 0.061742 0.922715
vt 0.061542 0.844967
vt 0.006131 0.845025
vt 0.006471 0.922774
vt 0.061742 0.922715
vt 0.006131 0.845025
vt 0.061742 0.922715
vt 0.061542 0.844967
vt 0.006131 0.845025
vt 0.006471 0.922774
vt 0.061742 0.922715
vt 0.006131 0.845025
vt 0.061742 0.922715
vt 0.061542 0.844967
vt 0.006131 0.845025
vt 0.006471 0.922774
vt 0.061742 0.922715
vt 0.006131 0.845025
vt 0.061742 0.922715
vt 0.061542 0.844967
vt 0.006131 0.845025
vt 0.006471 0.922774
vt 0.061742 0.922715
vt 0.006131 0.845025
vt 0.061742 0.922715
vt 0.061542 0.844967
vt 0.006131 0.845025
vt 0.006471 0.922774
vt 0.061742 0.922715
vt 0.006131 0.845025
vt 0.061742 0.922715
vt 0.061542 0.844967
vt 0.990145 0.069003
vt 0.003668 0.174376
vt 0.003668 0.078620
vt 0.003668 0.078620
vt 0.003668 0.174376
vt 0.990145 0.069003
vt 0.914144 0.463495
vt 0.916258 0.427469
vt 0.959212 0.440969
vt 0.914144 0.463495
vt 0.916258 0.427469
vt 0.959212 0.440969
vt 0.575621 0.163504
vt 0.003668 0.174376
vt 0.990145 0.069003
vt 0.575621 0.163504
vt 0.990145 0.069003
vt 0.990597 0.164525
vt 0.304008 0.697377
vt 0.551168 0.698679
vt 0.551168 0.649054
vt 0.304008 0.697377
vt 0.551168 0.649054
vt 0.506468 0.649054
vt 0.304008 0.697377
vt 0.506468 0.649054
vt 0.418370 0.649379
vt 0.304008 0.697377
vt 0.418370 0.649379
vt 0.301404 0.650030
vt 0.581228 0.809923
vt 0.544657 0.810658
vt 0.544657 0.736944
vt 0.581228 0.809923
vt 0.544657 0.736944
vt 0.581228 0.736292
vt 0.316837 0.811141
vt 0.316837 0.739546
vt 0.374972 0.736944
vt 0.316837 0.811141
vt 0.374972 0.736944
vt 0.374972 0.810658
vt 0.374972 0.810658
vt 0.544657 0.810658
vt 0.544657 0.990682
vt 0.374972 0.810658
vt 0.544657 0.990682
vt 0.322697 0.990682
vt 0.374972 0.810658
vt 0.322697 0.990682
vt 0.316837 0.899666
vt 0.508095 0.564093
vt 0.542704 0.565069
vt 0.542704 0.465108
vt 0.508095 0.564093
vt 0.542704 0.465108
vt 0.508095 0.465108
vt 0.316837 0.896612
vt 0.316837 0.811141
vt 0.374972 0.810658
vt 0.581228 0.809923
vt 0.544657 0.810658
vt 0.544657 0.990682
vt 0.544657 0.810658
vt 0.318331 0.810658
vt 0.316837 0.899666
vt 0.544657 0.810658
vt 0.316837 0.899666
vt 0.322697 0.990682
vt 0.544657 0.810658
vt 0.322697 0.990682
vt 0.544657 0.990682
vt 0.372042 0.565069
vt 0.338322 0.565718
vt 0.372042 0.462179
vt 0.569509 0.564417
vt 0.542704 0.565069
vt 0.542704 0.465108
vt 0.542704 0.465108
vt 0.542704 0.565069
vt 0.569509 0.564417
vt 0.581228 0.736292
vt 0.544657 0.736944
vt 0.544657 0.810658
vt 0.581228 0.736292
vt 0.544657 0.810658
vt 0.581228 0.809923
vt 0.544657 0.990682
vt 0.544657 0.810658
vt 0.581228 0.809923
vt 0.316837 0.811141
vt 0.316837 0.896612
vt 0.336215 0.839470
vt 0.316837 0.811141
vt 0.336215 0.839470
vt 0.374972 0.810658
vt 0.316837 0.899666
vt 0.322697 0.990682
vt 0.241064 0.971118
vt 0.316837 0.899666
vt 0.241064 0.971118
vt 0.239111 0.927422
vt 0.322697 0.990682
vt 0.316837 0.899666
vt 0.239111 0.927422
vt 0.322697 0.990682
vt 0.239111 0.927422
vt 0.241064 0.971118
vt 0.316837 0.896612
vt 0.316837 0.811141
vt 0.374972 0.810658
vt 0.508095 0.465108
vt 0.542704 0.465108
vt 0.542704 0.565069
vt 0.508095 0.465108
vt 0.542704 0.565069
vt 0.508095 0.564093
vt 0.373670 0.648077
vt 0.409255 0.649379
vt 0.505817 0.647101
vt 0.373670 0.648077
vt 0.505817 0.647101
vt 0.542053 0.647101
vt 0.373670 0.648077
vt 0.542053 0.647101
vt 0.544657 0.698679
vt 0.373670 0.648077
vt 0.544657 0.698679
vt 0.368461 0.697377
vt 0.316837 0.896612
vt 0.374972 0.810658
vt 0.316837 0.811141
vt 0.410557 0.462179
vt 0.374646 0.462179
vt 0.336886 0.562465
vt 0.410557 0.462179
vt 0.336886 0.562465
vt 0.410557 0.563116
vt 0.410557 0.563116
vt 0.372042 0.565069
vt 0.372042 0.462179
vt 0.410557 0.563116
vt 0.372042 0.462179
vt 0.410557 0.462179
vt 0.470867 0.568081
vt 0.471229 0.555208
vt 0.426610 0.555208
vt 0.470867 0.568081
vt 0.471229 0.555208
vt 0.426610 0.555208
vt 0.470867 0.568081
vt 0.471229 0.555208
vt 0.426610 0.555208
vt 0.470867 0.568081
vt 0.426610 0.555208
vt 0.426507 0.568081
vt 0.309673 0.809395
vt 0.540124 0.811034
vt 0.539987 0.642160
vt 0.309673 0.809395
vt 0.539987 0.642160
vt 0.499301 0.641490
vt 0.309673 0.809395
vt 0.499301 0.641490
vt 0.417930 0.640150
vt 0.309673 0.809395
vt 0.417930 0.640150
vt 0.310838 0.638177
vt 0.595140 0.787899
vt 0.540124 0.811034
vt 0.539987 0.642160
vt 0.595140 0.787899
vt 0.539987 0.642160
vt 0.595784 0.640589
vt 0.310694 0.780644
vt 0.311338 0.633412
vt 0.377244 0.639479
vt 0.310694 0.780644
vt 0.377244 0.639479
vt 0.373475 0.810697
vt 0.373475 0.810697
vt 0.540124 0.811034
vt 0.538428 0.998981
vt 0.373475 0.810697
vt 0.538428 0.998981
vt 0.309757 0.995214
vt 0.373475 0.810697
vt 0.309757 0.995214
vt 0.310170 0.900741
vt 0.499301 0.641490
vt 0.539987 0.642160
vt 0.540800 0.456144
vt 0.499301 0.641490
vt 0.540800 0.456144
vt 0.500114 0.455474
vt 0.310182 0.897821
vt 0.319288 0.802519
vt 0.334413 0.808354
vt 0.595140 0.787899
vt 0.540124 0.811034
vt 0.538428 0.998981
vt 0.540124 0.811034
vt 0.309022 0.810697
vt 0.310170 0.900741
vt 0.540124 0.811034
vt 0.310170 0.900741
vt 0.309757 0.995214
vt 0.540124 0.811034
vt 0.309757 0.995214
vt 0.538428 0.998981
vt 0.377244 0.639479
vt 0.311338 0.633412
vt 0.378057 0.453463
vt 0.595784 0.640589
vt 0.539987 0.642160
vt 0.540800 0.456144
vt 0.540800 0.456144
vt 0.539987 0.642160
vt 0.595784 0.640589
vt 0.595784 0.640589
vt 0.539987 0.642160
vt 0.540124 0.811034
vt 0.595784 0.640589
vt 0.540124 0.811034
vt 0.595140 0.787899
vt 0.538428 0.998981
vt 0.540124 0.811034
vt 0.595140 0.787899
vt 0.310182 0.897821
vt 0.319288 0.802519
vt 0.334413 0.808354
vt 0.310182 0.897821
vt 0.334413 0.808354
vt 0.331451 0.829721
vt 0.310170 0.900741
vt 0.309757 0.995214
vt 0.249908 0.969923
vt 0.310170 0.900741
vt 0.249908 0.969923
vt 0.250164 0.925022
vt 0.309757 0.995214
vt 0.310170 0.900741
vt 0.250164 0.925022
vt 0.309757 0.995214
vt 0.250164 0.925022
vt 0.249908 0.969923
vt 0.310182 0.897821
vt 0.310694 0.780644
vt 0.373475 0.810697
vt 0.500114 0.455474
vt 0.540800 0.456144
vt 0.539987 0.642160
vt 0.500114 0.455474
vt 0.539987 0.642160
vt 0.499301 0.641490
vt 0.377244 0.639479
vt 0.417930 0.640150
vt 0.499301 0.641490
vt 0.377244 0.639479
vt 0.499301 0.641490
vt 0.539987 0.642160
vt 0.377244 0.639479
vt 0.539987 0.642160
vt 0.540124 0.811034
vt 0.377244 0.639479
vt 0.540124 0.811034
vt 0.373475 0.810697
vt 0.373475 0.810697
vt 0.310182 0.897821
vt 0.310694 0.780644
vt 0.418743 0.454133
vt 0.378057 0.453463
vt 0.304328 0.639479
vt 0.418743 0.454133
vt 0.304328 0.639479
vt 0.417930 0.640150
vt 0.417930 0.640150
vt 0.377244 0.639479
vt 0.378057 0.453463
vt 0.417930 0.640150
vt 0.378057 0.453463
vt 0.418743 0.454133
vt 0.318776 0.827508
vt 0.319288 0.802519
vt 0.334413 0.808354
vt 0.318776 0.827508
vt 0.319288 0.802519
vt 0.334413 0.808354
vt 0.318776 0.827508
vt 0.319288 0.802519
vt 0.334413 0.808354
vt 0.318776 0.827508
vt 0.334413 0.808354
vt 0.331451 0.829721
vt 0.023116 0.971765
vt 0.023282 0.891756
vt 0.021985 0.811189
vt 0.023116 0.971765
vt 0.021985 0.811189
vt 0.021994 0.727527
vt 0.023116 0.971765
vt 0.021994 0.727527
vt 0.157197 0.727527
vt 0.023116 0.971765
vt 0.157197 0.727527
vt 0.158003 0.971748
vt 0.913786 0.382361
vt 0.913786 0.347627
vt 0.933233 0.347627
vt 0.913786 0.382361
vt 0.933233 0.347627
vt 0.972127 0.347627
vt 0.913786 0.382361
vt 0.972127 0.347627
vt 0.991574 0.347627
vt 0.913786 0.382361
vt 0.991574 0.347627
vt 0.991574 0.382361
vt 0.071294 0.719345
vt 0.157549 0.719345
vt 0.157056 0.918649
vt 0.071294 0.719345
vt 0.157056 0.918649
vt 0.071118 0.918668
vt 0.991560 0.382491
vt 0.991436 0.347920
vt 0.913590 0.347920
vt 0.991560 0.382491
vt 0.913590 0.347920
vt 0.913590 0.382459
vt 0.177766 0.934221
vt 0.222792 0.934221
vt 0.222535 0.985030
vt 0.177766 0.934221
vt 0.222535 0.985030
vt 0.177674 0.985035
vt 0.157549 0.719345
vt 0.157056 0.918649
vt 0.071118 0.918668
vt 0.157549 0.719345
vt 0.071118 0.918668
vt 0.071294 0.719345
vt 0.922575 0.385584
vt 0.973591 0.385225
vt 0.974248 0.347139
vt 0.922575 0.385584
vt 0.974248 0.347139
vt 0.922575 0.347139
vt 0.177766 0.934221
vt 0.222792 0.934221
vt 0.222535 0.985030
vt 0.177766 0.934221
vt 0.222535 0.985030
vt 0.177674 0.985035
vt 0.177766 0.934221
vt 0.222792 0.934221
vt 0.222535 0.985030
vt 0.177766 0.934221
vt 0.222535 0.985030
vt 0.177674 0.985035
vt 0.177766 0.934221
vt 0.222792 0.934221
vt 0.222535 0.985030
vt 0.177766 0.934221
vt 0.222535 0.985030
vt 0.177674 0.985035
vt 0.973591 0.385225
vt 0.974248 0.347139
vt 0.922575 0.347139
vt 0.973591 0.385225
vt 0.922575 0.347139
vt 0.922575 0.385584
vt 0.922575 0.385584
vt 0.922575 0.347139
vt 0.974248 0.347139
vt 0.922575 0.385584
vt 0.974248 0.347139
vt 0.973591 0.385225
vt 0.738677 0.315900
vt 0.738677 0.292510
vt 0.903860 0.288381
vt 0.738677 0.315900
vt 0.903860 0.288381
vt 0.903860 0.387516
vt 0.234919 0.967365
vt 0.191406 0.988281
vt 0.160156 0.953124
vt 0.234919 0.967365
vt 0.160156 0.953124
vt 0.199219 0.928503
vt 0.738538 0.341369
vt 0.738677 0.336417
vt 0.903860 0.387516
vt 0.738538 0.341369
vt 0.903860 0.387516
vt 0.845772 0.381368
vt 0.821800 0.249608
vt 0.821800 0.228208
vt 0.854134 0.229256
vt 0.821800 0.249608
vt 0.854134 0.229256
vt 0.856450 0.249146
vt 0.821800 0.249608
vt 0.856450 0.249146
vt 0.838546 0.239054
vt 0.234919 0.967365
vt 0.191406 0.988281
vt 0.160156 0.953124
vt 0.234919 0.967365
vt 0.160156 0.953124
vt 0.199219 0.928503
vt 0.821800 0.249608
vt 0.821800 0.228208
vt 0.854134 0.229256
vt 0.821800 0.249608
vt 0.854134 0.229256
vt 0.856450 0.249146
vt 0.903860 0.387516
vt 0.738677 0.336417
vt 0.738677 0.315900
vt 0.859375 0.745613
vt 0.905273 0.741478
vt 0.972656 0.716129
vt 0.859375 0.745613
vt 0.972656 0.716129
vt 0.990234 0.747318
vt 0.859375 0.745613
vt 0.990234 0.747318
vt 0.935547 0.793154
vt 0.859375 0.745613
vt 0.935547 0.793154
vt 0.877930 0.885865
vt 0.317488 0.599772
vt 0.091667 0.599174
vt 0.091667 0.485646
vt 0.317488 0.599772
vt 0.091667 0.485646
vt 0.317488 0.486992
vt 0.091667 0.607054
vt 0.091667 0.599174
vt 0.317488 0.599772
vt 0.091667 0.607054
vt 0.317488 0.599772
vt 0.317488 0.607652
vt 0.317488 0.330573
vt 0.091667 0.330682
vt 0.091667 0.363968
vt 0.317488 0.330573
vt 0.091667 0.363968
vt 0.317488 0.362005
vt 0.914144 0.463495
vt 0.916258 0.427469
vt 0.959212 0.440969
vt 0.914144 0.463495
vt 0.959212 0.440969
vt 0.982986 0.471994
vt 0.914144 0.463495
vt 0.916258 0.427469
vt 0.959212 0.440969
vt 0.914144 0.463495
vt 0.916258 0.427469
vt 0.959212 0.440969
vt 0.914144 0.463495
vt 0.959212 0.440969
vt 0.982986 0.471994
vt 0.091667 0.363968
vt 0.091667 0.395042
vt 0.007553 0.405780
vt 0.091667 0.363968
vt 0.007553 0.405780
vt 0.007553 0.378819
vt 0.091667 0.395042
vt 0.091667 0.485646
vt 0.007553 0.487047
vt 0.091667 0.395042
vt 0.007553 0.487047
vt 0.007553 0.405780
vt 0.091667 0.485646
vt 0.091667 0.599174
vt 0.008553 0.569756
vt 0.091667 0.485646
vt 0.008553 0.569756
vt 0.007553 0.487047
vt 0.092802 0.485121
vt 0.092802 0.394494
vt 0.008694 0.405234
vt 0.092802 0.485121
vt 0.008694 0.405234
vt 0.008694 0.486523
vt 0.092802 0.485121
vt 0.092802 0.394494
vt 0.008694 0.405234
vt 0.092802 0.485121
vt 0.008694 0.405234
vt 0.008694 0.486523
vt 0.092802 0.485121
vt 0.092802 0.394494
vt 0.008694 0.405234
vt 0.092802 0.485121
vt 0.008694 0.405234
vt 0.008694 0.486523
vt 0.092802 0.485121
vt 0.092802 0.394494
vt 0.008694 0.405234
vt 0.092802 0.485121
vt 0.008694 0.405234
vt 0.008694 0.486523
vt 0.092802 0.394494
vt 0.092802 0.363412
vt 0.008694 0.378267
vt 0.092802 0.394494
vt 0.008694 0.378267
vt 0.008694 0.405234
vt 0.092802 0.485121
vt 0.092802 0.394494
vt 0.008694 0.405234
vt 0.092802 0.485121
vt 0.008694 0.405234
vt 0.008694 0.486523
vt 0.092802 0.598678
vt 0.092802 0.485121
vt 0.008694 0.486523
vt 0.092802 0.598678
vt 0.008694 0.486523
vt 0.009694 0.569252
vt 0.091667 0.330682
vt 0.091667 0.363968
vt 0.007553 0.378819
vt 0.091667 0.330682
vt 0.007553 0.378819
vt 0.007553 0.351858
vt 0.092802 0.485121
vt 0.092802 0.394494
vt 0.008694 0.405234
vt 0.092802 0.485121
vt 0.008694 0.405234
vt 0.008694 0.486523
vt 0.091667 0.607054
vt 0.091667 0.599174
vt 0.008553 0.569756
vt 0.091667 0.607054
vt 0.008553 0.569756
vt 0.008553 0.577636
vt 0.091667 0.363968
vt 0.091667 0.330682
vt 0.007553 0.351858
vt 0.091667 0.363968
vt 0.007553 0.351858
vt 0.007553 0.378819
vt 0.317488 0.362005
vt 0.091667 0.363968
vt 0.091667 0.330682
vt 0.317488 0.362005
vt 0.091667 0.330682
vt 0.317488 0.330573
vt 0.990145 0.069003
vt 0.003668 0.043341
vt 0.003668 0.010389
vt 0.003668 0.010389
vt 0.003668 0.043341
vt 0.990145 0.069003
vt 0.318607 0.361449
vt 0.092802 0.363412
vt 0.092802 0.394494
vt 0.318607 0.361449
vt 0.092802 0.394494
vt 0.318607 0.395108
vt 0.318607 0.395108
vt 0.092802 0.394494
vt 0.092802 0.485121
vt 0.318607 0.395108
vt 0.092802 0.485121
vt 0.318607 0.486467
vt 0.990145 0.069003
vt 0.003668 0.043341
vt 0.003668 0.078620
vt 0.317488 0.486992
vt 0.091667 0.485646
vt 0.091667 0.395042
vt 0.317488 0.486992
vt 0.091667 0.395042
vt 0.317488 0.395656
vt 0.317488 0.395656
vt 0.091667 0.395042
vt 0.091667 0.363968
vt 0.317488 0.395656
vt 0.091667 0.363968
vt 0.317488 0.362005
vt 0.914144 0.463495
vt 0.916258 0.427469
vt 0.959212 0.440969
vt 0.914144 0.463495
vt 0.959212 0.440969
vt 0.982986 0.471994
vt 0.914144 0.463495
vt 0.916258 0.427469
vt 0.959212 0.440969
vt 0.914144 0.463495
vt 0.959212 0.440969
vt 0.982986 0.471994
vt 0.914144 0.463495
vt 0.916258 0.427469
vt 0.959212 0.440969
vt 0.914144 0.463495
vt 0.959212 0.440969
vt 0.982986 0.471994
vt 0.914144 0.463495
vt 0.916258 0.427469
vt 0.959212 0.440969
vt 0.914144 0.463495
vt 0.959212 0.440969
vt 0.982986 0.471994
vt 0.914144 0.463495
vt 0.916258 0.427469
vt 0.959212 0.440969
vt 0.859792 0.289444
vt 0.576098 0.288913
vt 0.859589 0.376047
vt 0.318607 0.486467
vt 0.092802 0.485121
vt 0.092802 0.598678
vt 0.318607 0.486467
vt 0.092802 0.598678
vt 0.318607 0.599276
vt 0.003668 0.300875
vt 0.003668 0.292614
vt 0.576098 0.288913
vt 0.003668 0.300875
vt 0.576098 0.288913
vt 0.434066 0.313813
vt 0.725586 0.887818
vt 0.744141 0.744637
vt 0.858398 0.745613
vt 0.725586 0.887818
vt 0.858398 0.745613
vt 0.877930 0.885865
vt 0.877631 0.885436
vt 0.825874 0.972280
vt 0.801758 0.984823
vt 0.877631 0.885436
vt 0.801758 0.984823
vt 0.772135 0.973430
vt 0.877631 0.885436
vt 0.772135 0.973430
vt 0.725288 0.887970
vt 0.877930 0.885865
vt 0.935547 0.793154
vt 0.990234 0.747318
vt 0.877930 0.885865
vt 0.990234 0.747318
vt 0.972656 0.716129
vt 0.877930 0.885865
vt 0.972656 0.716129
vt 0.905273 0.741478
vt 0.877930 0.885865
vt 0.905273 0.741478
vt 0.859375 0.745613
vt 0.434066 0.313813
vt 0.576098 0.288913
vt 0.003668 0.292614
vt 0.434066 0.313813
vt 0.003668 0.292614
vt 0.003668 0.300875
vt 0.317488 0.607652
vt 0.317488 0.599772
vt 0.091667 0.599174
vt 0.317488 0.607652
vt 0.091667 0.599174
vt 0.091667 0.607054
vt 0.008553 0.577636
vt 0.008553 0.569756
vt 0.091667 0.599174
vt 0.008553 0.577636
vt 0.091667 0.599174
vt 0.091667 0.607054
vt 0.003668 0.174376
vt 0.003668 0.292614
vt 0.576098 0.288913
vt 0.003668 0.078620
vt 0.003668 0.043341
vt 0.990145 0.069003
vt 0.576098 0.288913
vt 0.003668 0.292614
vt 0.003668 0.174376
vt 0.379250 0.971437
vt 0.430933 0.965127
vt 0.471925 0.971135
vt 0.003668 0.174376
vt 0.575621 0.163504
vt 0.990597 0.164525
vt 0.003668 0.174376
vt 0.990597 0.164525
vt 0.990145 0.069003
vt 0.576098 0.288913
vt 0.003668 0.174376
vt 0.575621 0.163504
vt 0.575621 0.163504
vt 0.003668 0.174376
vt 0.576098 0.288913
vt 0.648382 0.620669
vt 0.888099 0.535763
vt 0.888295 0.586886
vt 0.914144 0.463495
vt 0.916258 0.427469
vt 0.959212 0.440969
vt 0.914144 0.463495
vt 0.959212 0.440969
vt 0.982986 0.471994
vt 0.990597 0.164525
vt 0.990506 0.289704
vt 0.859792 0.289444
vt 0.990597 0.164525
vt 0.859792 0.289444
vt 0.576098 0.288913
vt 0.990597 0.164525
vt 0.575621 0.163504
vt 0.576098 0.288913
vt 0.888295 0.586886
vt 0.648382 0.620669
vt 0.647735 0.710750
vt 0.888248 0.493051
vt 0.648261 0.488077
vt 0.647800 0.387891
vt 0.888248 0.493051
vt 0.647800 0.387891
vt 0.887555 0.406210
vt 0.914144 0.463495
vt 0.916258 0.427469
vt 0.959212 0.440969
vt 0.914144 0.463495
vt 0.959212 0.440969
vt 0.982986 0.471994
vt 0.031667 0.719132
vt 0.162381 0.719391
vt 0.161748 0.806750
vt 0.031667 0.719132
vt 0.161748 0.806750
vt 0.031464 0.805734
vt 0.648261 0.488077
vt 0.888248 0.493051
vt 0.887555 0.406210
vt 0.648261 0.488077
vt 0.887555 0.406210
vt 0.647800 0.387891
vt 0.888295 0.586886
vt 0.888081 0.668074
vt 0.647522 0.710990
vt 0.648382 0.620669
vt 0.647735 0.710750
vt 0.888295 0.586886
vt 0.914144 0.463495
vt 0.916258 0.427469
vt 0.959212 0.440969
vt 0.888248 0.493051
vt 0.648261 0.488077
vt 0.648382 0.620669
vt 0.888248 0.493051
vt 0.648382 0.620669
vt 0.888099 0.535763
vt 0.647735 0.710750
vt 0.888295 0.586886
vt 0.881783 0.554799
vt 0.647735 0.710750
vt 0.881783 0.554799
vt 0.648382 0.620669
vt 0.888295 0.586886
vt 0.888099 0.535763
vt 0.648382 0.620669
vt 0.648382 0.620669
vt 0.647735 0.710750
vt 0.888295 0.586886
vt 0.648382 0.620669
vt 0.888295 0.586886
vt 0.881783 0.554799
vt 0.888295 0.586886
vt 0.647735 0.710750
vt 0.648382 0.620669
vt 0.648261 0.488077
vt 0.888248 0.493051
vt 0.888099 0.535763
vt 0.648261 0.488077
vt 0.888099 0.535763
vt 0.648382 0.620669
vt 0.914144 0.463495
vt 0.916258 0.427469
vt 0.959212 0.440969
vt 0.031464 0.805734
vt 0.161748 0.806750
vt 0.162381 0.719391
vt 0.031464 0.805734
vt 0.162381 0.719391
vt 0.031667 0.719132
vt 0.576098 0.288913
vt 0.859792 0.289444
vt 0.859589 0.376047
vt 0.914144 0.463495
vt 0.916258 0.427469
vt 0.959212 0.440969
vt 0.914144 0.463495
vt 0.959212 0.440969
vt 0.982986 0.471994
vt 0.647735 0.710750
vt 0.648382 0.620669
vt 0.888295 0.586886
vt 0.914144 0.463495
vt 0.916258 0.427469
vt 0.959212 0.440969
vt 0.914144 0.463495
vt 0.959212 0.440969
vt 0.982986 0.471994
vt 0.647522 0.710990
vt 0.888081 0.668074
vt 0.888295 0.586886
vt 0.576098 0.288913
vt 0.575621 0.163504
vt 0.990597 0.164525
vt 0.576098 0.288913
vt 0.859792 0.289444
vt 0.990506 0.289704
vt 0.576098 0.288913
vt 0.990506 0.289704
vt 0.990597 0.164525
vt 0.398396 0.972363
vt 0.406377 0.972208
vt 0.420623 0.972280
vt 0.398396 0.972363
vt 0.420623 0.972280
vt 0.440055 0.972145
vt 0.398396 0.972363
vt 0.440055 0.972145
vt 0.432924 0.965717
vt 0.398396 0.972363
vt 0.432924 0.965717
vt 0.420988 0.965197
vt 0.398396 0.972363
vt 0.420988 0.965197
vt 0.413654 0.965522
vt 0.398396 0.972363
vt 0.413654 0.965522
vt 0.403914 0.965959
vt 0.398396 0.972363
vt 0.403914 0.965959
vt 0.395423 0.965921
vt 0.398396 0.972363
vt 0.395423 0.965921
vt 0.392052 0.972019
vt 0.888099 0.535763
vt 0.888295 0.586886
vt 0.985648 0.568002
vt 0.888099 0.535763
vt 0.985648 0.568002
vt 0.985514 0.532921
vt 0.888081 0.668074
vt 0.888295 0.586886
vt 0.985648 0.568002
vt 0.888081 0.668074
vt 0.985648 0.568002
vt 0.985501 0.623714
vt 0.888295 0.586886
vt 0.888081 0.668074
vt 0.985501 0.623714
vt 0.888295 0.586886
vt 0.985501 0.623714
vt 0.985648 0.568002
vt 0.887555 0.406210
vt 0.888248 0.493051
vt 0.985616 0.503612
vt 0.887555 0.406210
vt 0.985616 0.503612
vt 0.985140 0.444022
vt 0.888248 0.493051
vt 0.887555 0.406210
vt 0.985140 0.444022
vt 0.888248 0.493051
vt 0.985140 0.444022
vt 0.985616 0.503612
vt 0.888099 0.535763
vt 0.888248 0.493051
vt 0.985616 0.503612
vt 0.888099 0.535763
vt 0.985616 0.503612
vt 0.985514 0.532921
vt 0.888295 0.586886
vt 0.888099 0.535763
vt 0.985514 0.532921
vt 0.888295 0.586886
vt 0.985514 0.532921
vt 0.985648 0.568002
vt 0.914144 0.463495
vt 0.916258 0.427469
vt 0.959212 0.440969
vt 0.914144 0.463495
vt 0.959212 0.440969
vt 0.982986 0.471994
vt 0.888248 0.493051
vt 0.888099 0.535763
vt 0.985514 0.532921
vt 0.888248 0.493051
vt 0.985514 0.532921
vt 0.985616 0.503612
vt 0.888099 0.535763
vt 0.888295 0.586886
vt 0.985648 0.568002
vt 0.888099 0.535763
vt 0.985648 0.568002
vt 0.985514 0.532921
vt 0.006131 0.845025
vt 0.006471 0.922774
vt 0.061742 0.922715
vt 0.006131 0.845025
vt 0.061742 0.922715
vt 0.061542 0.844967
vt 0.006131 0.845025
vt 0.006471 0.922774
vt 0.061742 0.922715
vt 0.006131 0.845025
vt 0.061742 0.922715
vt 0.061542 0.844967
vt 0.006131 0.845025
vt 0.006471 0.922774
vt 0.061742 0.922715
vt 0.006131 0.845025
vt 0.061742 0.922715
vt 0.061542 0.844967
vt 0.006131 0.845025
vt 0.006471 0.922774
vt 0.061742 0.922715
vt 0.006131 0.845025
vt 0.061742 0.922715
vt 0.061542 0.844967
vt 0.006131 0.845025
vt 0.006471 0.922774
vt 0.061742 0.922715
vt 0.006131 0.845025
vt 0.061742 0.922715
vt 0.061542 0.844967
vt 0.006131 0.845025
vt 0.006471 0.922774
vt 0.061742 0.922715
vt 0.006131 0.845025
vt 0.061742 0.922715
vt 0.061542 0.844967
vt 0.006131 0.845025
vt 0.006471 0.922774
vt 0.061742 0.922715
vt 0.006131 0.845025
vt 0.061742 0.922715
vt 0.061542 0.844967
vt 0.006131 0.845025
vt 0.006471 0.922774
vt 0.061742 0.922715
vt 0.006131 0.845025
vt 0.061742 0.922715
vt 0.061542 0.844967
vt 0.006131 0.845025
vt 0.006471 0.922774
vt 0.061742 0.922715
vt 0.006131 0.845025
vt 0.061742 0.922715
vt 0.061542 0.844967
vt 0.006131 0.845025
vt 0.006471 0.922774
vt 0.061742 0.922715
vt 0.006131 0.845025
vt 0.061742 0.922715
vt 0.061542 0.844967
vt 0.990145 0.069003
vt 0.003668 0.174376
vt 0.003668 0.078620
vt 0.003668 0.078620
vt 0.003668 0.174376
vt 0.990145 0.069003
vt 0.914144 0.463495
vt 0.916258 0.427469
vt 0.959212 0.440969
vt 0.914144 0.463495
vt 0.916258 0.427469
vt 0.959212 0.440969
vt 0.575621 0.163504
vt 0.003668 0.174376
vt 0.990145 0.069003
vt 0.575621 0.163504
vt 0.990145 0.069003
vt 0.990597 0.164525
vt 0.390180 0.095804
vt 0.438877 0.095758
vt 0.435438 0.043063
vt 0.390180 0.095804
vt 0.435438 0.043063
vt 0.431999 0.030039
vt 0.390180 0.095804
vt 0.438877 0.095758
vt 0.435438 0.043063
vt 0.390180 0.095804
vt 0.435438 0.043063
vt 0.431999 0.030039
vt 0.435438 0.043063
vt 0.431999 0.030039
vt 0.400346 0.030068
vt 0.435438 0.043063
vt 0.400346 0.030068
vt 0.395263 0.043101
vt 0.435438 0.043063
vt 0.431999 0.030039
vt 0.400346 0.030068
vt 0.435438 0.043063
vt 0.400346 0.030068
vt 0.395263 0.043101
vt 0.435438 0.043063
vt 0.431999 0.030039
vt 0.400346 0.030068
vt 0.435438 0.043063
vt 0.400346 0.030068
vt 0.395263 0.043101
vt 0.435438 0.043063
vt 0.431999 0.030039
vt 0.400346 0.030068
vt 0.435438 0.043063
vt 0.400346 0.030068
vt 0.395263 0.043101
vt 0.390180 0.095804
vt 0.438877 0.095758
vt 0.435438 0.043063
vt 0.390180 0.095804
vt 0.435438 0.043063
vt 0.431999 0.030039
vt 0.390180 0.095804
vt 0.438877 0.095758
vt 0.435438 0.043063
vt 0.390180 0.095804
vt 0.435438 0.043063
vt 0.431999 0.030039
vt 0.390180 0.095804
vt 0.438877 0.095758
vt 0.435438 0.043063
vt 0.390180 0.095804
vt 0.435438 0.043063
vt 0.431999 0.030039
vt 0.390180 0.095804
vt 0.438877 0.095758
vt 0.435438 0.043063
vt 0.390180 0.095804
vt 0.435438 0.043063
vt 0.431999 0.030039
vt 0.390180 0.095804
vt 0.438877 0.095758
vt 0.435438 0.043063
vt 0.390180 0.095804
vt 0.435438 0.043063
vt 0.431999 0.030039
vt 0.390180 0.095804
vt 0.438877 0.095758
vt 0.435438 0.043063
vt 0.390180 0.095804
vt 0.435438 0.043063
vt 0.431999 0.030039
vt 0.390180 0.095804
vt 0.438877 0.095758
vt 0.435438 0.043063
vt 0.390180 0.095804
vt 0.435438 0.043063
vt 0.431999 0.030039
vt 0.390180 0.095804
vt 0.438877 0.095758
vt 0.435438 0.043063
vt 0.390180 0.095804
vt 0.435438 0.043063
vt 0.431999 0.030039
vt 0.395263 0.043101
vt 0.390180 0.095804
vt 0.438877 0.095758
vt 0.395263 0.043101
vt 0.438877 0.095758
vt 0.435438 0.043063
vt 0.395263 0.043101
vt 0.390180 0.095804
vt 0.438877 0.095758
vt 0.395263 0.043101
vt 0.438877 0.095758
vt 0.435438 0.043063
vt 0.395263 0.043101
vt 0.390180 0.095804
vt 0.438877 0.095758
vt 0.395263 0.043101
vt 0.438877 0.095758
vt 0.435438 0.043063
vt 0.395263 0.043101
vt 0.390180 0.095804
vt 0.438877 0.095758
vt 0.395263 0.043101
vt 0.438877 0.095758
vt 0.435438 0.043063
vn 0.258796 -0.965932 0.000000
vn 0.258796 -0.965932 0.000000
vn 0.258796 -0.965932 0.000000
vn 0.258796 -0.965932 0.000000
vn 0.258796 -0.965932 0.000000
vn 0.253638 -0.940469 0.226241
vn 0.258796 -0.965932 0.000000
vn 0.253638 -0.940469 0.226241
vn 0.260181 -0.941215 0.215453
vn 0.258796 -0.965932 0.000000
vn 0.260181 -0.941215 0.215453
vn 0.264756 -0.964288 -0.007260
vn -0.108014 0.893288 0.436313
vn -0.118837 0.967294 0.224096
vn -0.381393 0.897088 0.223097
vn -0.108014 0.893288 0.436313
vn -0.381393 0.897088 0.223097
vn -0.351597 0.834003 0.425228
vn -0.166703 0.844705 -0.508609
vn -0.113423 0.934459 -0.337522
vn -0.090027 0.767960 -0.634140
vn -0.166703 0.844705 -0.508609
vn -0.090027 0.767960 -0.634140
vn -0.190368 0.757602 -0.624339
vn -0.550248 0.834855 -0.015620
vn -0.550248 0.834855 -0.015620
vn -0.501786 0.836670 0.219529
vn -0.550248 0.834855 -0.015620
vn -0.501786 0.836670 0.219529
vn -0.381393 0.897088 0.223097
vn -0.550248 0.834855 -0.015620
vn -0.381393 0.897088 0.223097
vn -0.166703 0.844705 -0.508609
vn 0.281824 -0.959466 -0.000000
vn 0.274278 -0.933776 0.229858
vn 0.253638 -0.940469 0.226241
vn 0.281824 -0.959466 -0.000000
vn 0.253638 -0.940469 0.226241
vn 0.258796 -0.965932 0.000000
vn -0.000001 -0.000000 -1.000000
vn -0.000001 -0.000000 -1.000000
vn -0.000001 -0.000000 -1.000000
vn 0.287235 -0.934958 0.208208
vn 0.260181 -0.941215 0.215453
vn 0.242560 -0.870952 0.427327
vn 0.287235 -0.934958 0.208208
vn 0.325992 -0.944742 -0.034533
vn 0.325992 -0.944742 -0.034533
vn 0.287235 -0.934958 0.208208
vn 0.325992 -0.944742 -0.034533
vn 0.264756 -0.964288 -0.007260
vn 0.287235 -0.934958 0.208208
vn 0.264756 -0.964288 -0.007260
vn 0.260181 -0.941215 0.215453
vn 0.017320 0.942448 -0.333904
vn -0.090027 0.767960 -0.634140
vn -0.113423 0.934459 -0.337522
vn 0.017918 0.975022 0.221385
vn -0.118837 0.967294 0.224096
vn -0.108014 0.893288 0.436313
vn 0.235329 -0.866243 0.440731
vn 0.253638 -0.940469 0.226241
vn 0.274278 -0.933776 0.229858
vn 0.242560 -0.870952 0.427327
vn 0.260181 -0.941215 0.215453
vn 0.253638 -0.940469 0.226241
vn 0.242560 -0.870952 0.427327
vn 0.253638 -0.940469 0.226241
vn 0.235329 -0.866243 0.440731
vn -0.351597 0.834003 0.425228
vn -0.381393 0.897088 0.223097
vn -0.501786 0.836670 0.219529
vn 0.936062 0.289171 -0.200419
vn 0.936062 0.289171 -0.200419
vn 0.773682 0.239008 -0.586763
vn 0.936062 0.289171 -0.200419
vn 0.773682 0.239008 -0.586763
vn 0.508556 0.499314 -0.701467
vn -0.582146 0.811432 -0.051809
vn -0.582146 0.811432 -0.051809
vn -0.550248 0.834855 -0.015620
vn -0.582146 0.811432 -0.051809
vn -0.550248 0.834855 -0.015620
vn -0.550248 0.834855 -0.015620
vn 0.357832 -0.932194 -0.054500
vn 0.357832 -0.932194 -0.054500
vn 0.325992 -0.944742 -0.034533
vn 0.357832 -0.932194 -0.054500
vn 0.325992 -0.944742 -0.034533
vn 0.325992 -0.944742 -0.034533
vn -0.166703 0.844705 -0.508609
vn -0.190368 0.757602 -0.624339
vn 0.508556 0.499314 -0.701467
vn -0.123648 0.992326 -0.000000
vn -0.118837 0.967294 0.224096
vn 0.017918 0.975022 0.221385
vn -0.123648 0.992326 -0.000000
vn 0.017918 0.975022 0.221385
vn 0.018374 0.999831 -0.000000
vn -0.166703 0.844705 -0.508609
vn -0.381393 0.897088 0.223097
vn -0.118837 0.967294 0.224096
vn -0.166703 0.844705 -0.508609
vn -0.118837 0.967294 0.224096
vn -0.123648 0.992326 -0.000000
vn -0.166703 0.844705 -0.508609
vn -0.123648 0.992326 -0.000000
vn -0.123648 0.992326 -0.000000
vn -0.166703 0.844705 -0.508609
vn -0.123648 0.992326 -0.000000
vn -0.113423 0.934459 -0.337522
vn 0.508556 0.499314 -0.701467
vn 0.773682 0.239008 -0.586763
vn -0.166703 0.844705 -0.508609
vn 0.258796 -0.965932 0.000000
vn 0.258796 -0.965932 0.000000
vn 0.281824 -0.959466 -0.000000
vn 0.258796 -0.965932 0.000000
vn 0.281824 -0.959466 -0.000000
vn 0.281824 -0.959466 -0.000000
vn 0.018374 0.999831 -0.000000
vn 0.017320 0.942448 -0.333904
vn -0.113423 0.934459 -0.337522
vn 0.018374 0.999831 -0.000000
vn -0.113423 0.934459 -0.337522
vn -0.123648 0.992326 -0.000000
vn -0.000065 -0.003547 0.999994
vn -0.000065 -0.003547 0.999994
vn -0.000065 -0.003547 0.999994
vn 0.000227 0.012354 -0.999924
vn 0.000227 0.012354 -0.999924
vn 0.000227 0.012354 -0.999924
vn 0.962035 0.272925 -0.000001
vn 0.962035 0.272925 -0.000001
vn 0.962035 0.272925 -0.000001
vn 0.962035 0.272925 -0.000001
vn 0.962035 0.272925 -0.000001
vn 0.962035 0.272925 -0.000001
vn -0.908377 0.384665 0.163962
vn -0.908377 0.384665 0.163962
vn -0.918028 0.388912 0.077282
vn 0.918028 0.388911 0.077282
vn 0.908378 0.384664 0.163962
vn 0.908378 0.384664 0.163962
vn 0.908378 0.384664 0.163962
vn 0.891802 0.377483 0.249392
vn 0.908378 0.384664 0.163962
vn 0.000000 0.978034 0.208448
vn 0.000000 0.978034 0.208448
vn 0.000000 0.999993 -0.003728
vn 0.000000 0.978034 0.208448
vn 0.000000 0.999993 -0.003728
vn 0.000000 0.999993 -0.003728
vn 0.000000 0.978034 0.208448
vn 0.000000 0.978034 0.208448
vn 0.000000 0.911573 0.411139
vn -0.908377 0.384665 0.163962
vn -0.891801 0.377484 0.249392
vn -0.908377 0.384665 0.163962
vn -0.386623 -0.922209 -0.007257
vn -0.381773 -0.898838 0.215266
vn -0.513252 -0.828840 0.222703
vn -0.386623 -0.922209 -0.007257
vn -0.513252 -0.828840 0.222703
vn -0.522391 -0.852706 0.000000
vn -0.386623 -0.922209 -0.007257
vn -0.522391 -0.852706 0.000000
vn -0.522391 -0.852706 0.000000
vn -0.386623 -0.922209 -0.007257
vn -0.522391 -0.852706 0.000000
vn -0.522391 -0.852706 0.000000
vn 0.471109 0.774637 0.421893
vn 0.512142 0.829956 0.221095
vn 0.203459 0.952908 0.224880
vn 0.471109 0.774637 0.421893
vn 0.203459 0.952908 0.224880
vn 0.182882 0.881004 0.436332
vn 0.295098 0.723155 -0.624471
vn 0.148814 0.759123 -0.633709
vn 0.192254 0.920731 -0.339548
vn 0.295098 0.723155 -0.624471
vn 0.192254 0.920731 -0.339548
vn 0.289444 0.809579 -0.510689
vn 0.289444 0.809579 -0.510689
vn 0.512142 0.829956 0.221095
vn 0.570215 0.791620 0.219529
vn 0.289444 0.809579 -0.510689
vn 0.570215 0.791620 0.219529
vn 0.618353 0.785745 -0.015619
vn 0.289444 0.809579 -0.510689
vn 0.618353 0.785745 -0.015619
vn 0.618353 0.785745 -0.015619
vn -0.522391 -0.852706 0.000000
vn -0.513252 -0.828840 0.222703
vn -0.619077 -0.754053 0.219428
vn -0.522391 -0.852706 0.000000
vn -0.619077 -0.754053 0.219428
vn -0.634541 -0.772889 0.000000
vn 0.000000 0.000000 -1.000000
vn 0.000000 0.000000 -1.000000
vn 0.000000 0.000000 -1.000000
vn -0.357797 -0.830434 0.427036
vn -0.381773 -0.898838 0.215266
vn -0.364666 -0.907562 0.208208
vn -0.381773 -0.898838 0.215266
vn -0.386623 -0.922209 -0.007257
vn -0.404108 -0.914059 -0.034534
vn -0.381773 -0.898838 0.215266
vn -0.404108 -0.914059 -0.034534
vn -0.404108 -0.914059 -0.034534
vn -0.381773 -0.898838 0.215266
vn -0.404108 -0.914059 -0.034534
vn -0.364666 -0.907562 0.208208
vn 0.192254 0.920731 -0.339548
vn 0.148814 0.759123 -0.633709
vn -0.056069 0.944677 -0.323174
vn 0.182882 0.881004 0.436332
vn 0.203459 0.952908 0.224880
vn -0.057894 0.975414 0.212639
vn -0.619077 -0.754053 0.219428
vn -0.513252 -0.828840 0.222703
vn -0.478459 -0.763572 0.433629
vn -0.478459 -0.763572 0.433629
vn -0.513252 -0.828840 0.222703
vn -0.381773 -0.898838 0.215266
vn -0.478459 -0.763572 0.433629
vn -0.381773 -0.898838 0.215266
vn -0.357797 -0.830434 0.427036
vn 0.570215 0.791620 0.219529
vn 0.512142 0.829956 0.221095
vn 0.471109 0.774637 0.421893
vn -0.464870 0.540223 -0.701467
vn -0.750901 0.303079 -0.586763
vn -0.908500 0.366689 -0.200420
vn -0.464870 0.540223 -0.701467
vn -0.908500 0.366689 -0.200420
vn -0.908500 0.366689 -0.200420
vn 0.618353 0.785745 -0.015619
vn 0.618353 0.785745 -0.015619
vn 0.648174 0.759728 -0.051809
vn 0.618353 0.785745 -0.015619
vn 0.648174 0.759728 -0.051809
vn 0.648174 0.759728 -0.051809
vn -0.404108 -0.914059 -0.034534
vn -0.404108 -0.914059 -0.034534
vn -0.434784 -0.898884 -0.054501
vn -0.404108 -0.914059 -0.034534
vn -0.434784 -0.898884 -0.054501
vn -0.434784 -0.898884 -0.054501
vn -0.464870 0.540223 -0.701467
vn 0.295098 0.723155 -0.624471
vn 0.289444 0.809579 -0.510689
vn -0.059249 0.998243 0.000000
vn -0.057894 0.975414 0.212639
vn 0.203459 0.952908 0.224880
vn -0.059249 0.998243 0.000000
vn 0.203459 0.952908 0.224880
vn 0.213849 0.976867 0.000000
vn 0.192254 0.920731 -0.339548
vn 0.213849 0.976867 0.000000
vn 0.213849 0.976867 0.000000
vn 0.192254 0.920731 -0.339548
vn 0.213849 0.976867 0.000000
vn 0.203459 0.952908 0.224880
vn 0.192254 0.920731 -0.339548
vn 0.203459 0.952908 0.224880
vn 0.512142 0.829956 0.221095
vn 0.192254 0.920731 -0.339548
vn 0.512142 0.829956 0.221095
vn 0.289444 0.809579 -0.510689
vn 0.289444 0.809579 -0.510689
vn -0.750901 0.303079 -0.586763
vn -0.464870 0.540223 -0.701467
vn -0.634541 -0.772889 0.000000
vn -0.634541 -0.772889 0.000000
vn -0.522391 -0.852706 0.000000
vn -0.634541 -0.772889 0.000000
vn -0.522391 -0.852706 0.000000
vn -0.522391 -0.852706 0.000000
vn 0.213849 0.976867 0.000000
vn 0.192254 0.920731 -0.339548
vn -0.056069 0.944677 -0.323174
vn 0.213849 0.976867 0.000000
vn -0.056069 0.944677 -0.323174
vn -0.059249 0.998243 0.000000
vn 0.000220 -0.003712 0.999993
vn 0.000220 -0.003712 0.999993
vn 0.000220 -0.003712 0.999993
vn -0.000767 0.012924 -0.999916
vn -0.000767 0.012924 -0.999916
vn -0.000767 0.012924 -0.999916
vn -0.935744 0.352679 0.000000
vn -0.935744 0.352679 0.000000
vn -0.935744 0.352679 0.000000
vn -0.935744 0.352679 0.000000
vn -0.935744 0.352679 0.000000
vn -0.935744 0.352679 0.000000
vn 0.000000 0.000000 1.000000
vn 0.000000 0.000000 1.000000
vn 0.000000 0.000000 1.000000
vn 0.000000 0.000000 1.000000
vn 0.000000 0.000000 1.000000
vn 0.000000 0.000000 1.000000
vn 0.000000 0.000000 1.000000
vn 0.000000 0.000000 1.000000
vn 0.000000 0.000000 1.000000
vn 0.000000 0.000000 1.000000
vn 0.000000 0.000000 1.000000
vn 0.000000 0.003715 0.999993
vn 0.693812 0.720075 0.010799
vn 0.655827 0.741386 0.142258
vn 0.859999 0.503751 0.081462
vn 0.693812 0.720075 0.010799
vn 0.859999 0.503751 0.081462
vn 0.860870 0.508825 0.000305
vn 0.000000 0.982956 0.183840
vn 0.655827 0.741386 0.142258
vn 0.693812 0.720075 0.010799
vn 0.000000 0.982956 0.183840
vn 0.693812 0.720075 0.010799
vn 0.000000 0.999937 0.011230
vn -0.885974 -0.458008 -0.072649
vn -0.875034 -0.434260 0.213856
vn -0.875034 -0.434260 0.213856
vn -0.885974 -0.458008 -0.072649
vn -0.875034 -0.434260 0.213856
vn -0.885974 -0.458008 -0.072649
vn -0.253844 -0.967198 -0.009549
vn -0.269709 -0.959868 0.076875
vn -0.241379 -0.966933 0.082319
vn -0.253844 -0.967198 -0.009549
vn -0.241379 -0.966933 0.082319
vn -0.239363 -0.970882 -0.009682
vn 0.161802 -0.986078 -0.038338
vn -0.253844 -0.967198 -0.009549
vn -0.239363 -0.970882 -0.009682
vn -0.239363 -0.970882 -0.009682
vn -0.241379 -0.966933 0.082319
vn -0.107108 -0.989883 0.093058
vn -0.239363 -0.970882 -0.009682
vn -0.107108 -0.989883 0.093058
vn -0.113129 -0.993520 -0.010951
vn 0.597533 0.800586 0.044900
vn 0.713878 0.697594 0.061162
vn 0.711753 0.687310 0.144961
vn 0.597533 0.800586 0.044900
vn 0.711753 0.687310 0.144961
vn 0.594552 0.796536 0.109718
vn 0.713878 0.697594 0.061162
vn 0.859999 0.503751 0.081462
vn 0.846137 0.500271 0.183799
vn 0.713878 0.697594 0.061162
vn 0.846137 0.500271 0.183799
vn 0.711753 0.687310 0.144961
vn 0.859999 0.503751 0.081462
vn 0.655827 0.741386 0.142258
vn 0.633985 0.717611 0.288266
vn 0.859999 0.503751 0.081462
vn 0.633985 0.717611 0.288266
vn 0.846137 0.500271 0.183799
vn -0.241379 -0.966933 0.082319
vn -0.269709 -0.959868 0.076875
vn -0.276612 -0.950818 0.139396
vn -0.241379 -0.966933 0.082319
vn -0.276612 -0.950818 0.139396
vn -0.241320 -0.958747 0.150231
vn -0.107108 -0.989883 0.093058
vn -0.241379 -0.966933 0.082319
vn -0.241320 -0.958747 0.150231
vn -0.107108 -0.989883 0.093058
vn -0.241320 -0.958747 0.150231
vn -0.103405 -0.978924 0.176110
vn 0.241378 -0.966933 0.082319
vn 0.107108 -0.989883 0.093058
vn 0.103405 -0.978924 0.176110
vn 0.241378 -0.966933 0.082319
vn 0.103405 -0.978924 0.176110
vn 0.241320 -0.958747 0.150231
vn 0.107108 -0.989883 0.093058
vn -0.107108 -0.989883 0.093058
vn -0.103405 -0.978924 0.176110
vn 0.107108 -0.989883 0.093058
vn -0.103405 -0.978924 0.176110
vn 0.103405 -0.978924 0.176110
vn -0.713878 0.697594 0.061162
vn -0.597533 0.800586 0.044900
vn -0.594552 0.796536 0.109718
vn -0.713878 0.697594 0.061162
vn -0.594552 0.796536 0.109718
vn -0.711753 0.687310 0.144961
vn -0.859999 0.503751 0.081462
vn -0.713878 0.697594 0.061162
vn -0.711753 0.687310 0.144961
vn -0.859999 0.503751 0.081462
vn -0.711753 0.687310 0.144961
vn -0.846137 0.500271 0.183799
vn -0.655827 0.741386 0.142258
vn -0.859999 0.503751 0.081462
vn -0.846137 0.500271 0.183799
vn -0.655827 0.741386 0.142258
vn -0.846137 0.500271 0.183799
vn -0.633985 0.717611 0.288266
vn 0.875034 -0.434260 0.213856
vn 0.875034 -0.434260 0.213856
vn 0.808374 -0.392415 0.438797
vn 0.875034 -0.434260 0.213856
vn 0.808374 -0.392415 0.438797
vn 0.808374 -0.392415 0.438797
vn 0.269709 -0.959868 0.076875
vn 0.241378 -0.966933 0.082319
vn 0.241320 -0.958747 0.150231
vn 0.269709 -0.959868 0.076875
vn 0.241320 -0.958747 0.150231
vn 0.276612 -0.950818 0.139396
vn 0.000000 0.982956 0.183840
vn -0.655827 0.741386 0.142258
vn -0.633985 0.717611 0.288266
vn 0.000000 0.982956 0.183840
vn -0.633985 0.717611 0.288266
vn 0.000000 0.933002 0.359872
vn -0.875034 -0.434260 0.213856
vn -0.875034 -0.434260 0.213856
vn -0.808373 -0.392415 0.438797
vn -0.875034 -0.434260 0.213856
vn -0.808373 -0.392415 0.438797
vn -0.808373 -0.392415 0.438797
vn 0.885979 -0.458011 -0.072580
vn 0.875034 -0.434260 0.213856
vn 0.875034 -0.434260 0.213856
vn 0.885979 -0.458011 -0.072580
vn 0.875034 -0.434260 0.213856
vn 0.885979 -0.458011 -0.072580
vn 0.877732 -0.463428 -0.121745
vn 0.885979 -0.458011 -0.072580
vn 0.885979 -0.458011 -0.072580
vn -0.885974 -0.458008 -0.072649
vn -0.885974 -0.458008 -0.072649
vn -0.877717 -0.463420 -0.121883
vn -0.603398 0.796562 -0.037407
vn -0.597533 0.800586 0.044900
vn -0.713878 0.697594 0.061162
vn -0.603398 0.796562 -0.037407
vn -0.713878 0.697594 0.061162
vn -0.712445 0.700447 -0.042374
vn -0.712445 0.700447 -0.042374
vn -0.713878 0.697594 0.061162
vn -0.859999 0.503751 0.081462
vn -0.712445 0.700447 -0.042374
vn -0.859999 0.503751 0.081462
vn -0.860870 0.508825 0.000280
vn -0.713690 0.697728 -0.061823
vn -0.603398 0.796562 -0.037407
vn -0.712445 0.700447 -0.042374
vn 0.860870 0.508825 0.000305
vn 0.859999 0.503751 0.081462
vn 0.713878 0.697594 0.061162
vn 0.860870 0.508825 0.000305
vn 0.713878 0.697594 0.061162
vn 0.712447 0.700449 -0.042316
vn 0.712447 0.700449 -0.042316
vn 0.713878 0.697594 0.061162
vn 0.597533 0.800586 0.044900
vn 0.712447 0.700449 -0.042316
vn 0.597533 0.800586 0.044900
vn 0.603399 0.796564 -0.037358
vn 0.239363 -0.970882 -0.009662
vn 0.241378 -0.966933 0.082319
vn 0.269709 -0.959868 0.076875
vn 0.239363 -0.970882 -0.009662
vn 0.269709 -0.959868 0.076875
vn 0.253844 -0.967198 -0.009528
vn 0.113132 -0.993520 -0.010941
vn 0.107108 -0.989883 0.093058
vn 0.241378 -0.966933 0.082319
vn 0.113132 -0.993520 -0.010941
vn 0.241378 -0.966933 0.082319
vn 0.239363 -0.970882 -0.009662
vn -0.113129 -0.993520 -0.010951
vn -0.107108 -0.989883 0.093058
vn 0.107108 -0.989883 0.093058
vn -0.113129 -0.993520 -0.010951
vn 0.107108 -0.989883 0.093058
vn 0.113132 -0.993520 -0.010941
vn -0.161878 -0.986063 -0.038401
vn 0.161802 -0.986078 -0.038338
vn -0.113129 -0.993520 -0.010951
vn -0.161878 -0.986063 -0.038401
vn -0.113129 -0.993520 -0.010951
vn 0.113132 -0.993520 -0.010941
vn 0.239363 -0.970882 -0.009662
vn 0.253844 -0.967198 -0.009528
vn -0.161878 -0.986063 -0.038401
vn -0.880340 0.468696 0.072979
vn -0.669465 0.739597 0.069372
vn -0.894258 0.442407 0.067661
vn -0.860870 0.508825 0.000280
vn -0.859999 0.503751 0.081462
vn -0.655827 0.741386 0.142258
vn -0.860870 0.508825 0.000280
vn -0.655827 0.741386 0.142258
vn -0.693812 0.720075 0.010799
vn 0.000000 0.999937 0.011230
vn 0.693812 0.720075 0.010799
vn 0.669336 0.739699 0.069533
vn 0.000000 0.999937 0.011230
vn 0.669336 0.739699 0.069533
vn 0.000000 0.998759 -0.049803
vn 0.000000 0.003715 0.999993
vn 0.000000 0.000000 1.000000
vn 0.000000 0.000000 1.000000
vn 0.000000 0.003715 0.999993
vn 0.000000 0.000000 1.000000
vn 0.000000 0.003715 0.999993
vn 0.000000 0.003715 0.999993
vn 0.000000 0.011145 0.999938
vn 0.000000 0.011145 0.999938
vn 0.000000 0.003715 0.999993
vn 0.000000 0.011145 0.999938
vn 0.000000 0.011145 0.999938
vn 0.000000 0.003715 0.999993
vn 0.000000 0.011145 0.999938
vn 0.000000 0.003715 0.999993
vn 0.000000 0.003715 0.999993
vn 0.000000 0.000000 1.000000
vn 0.000000 0.000000 1.000000
vn 0.000000 0.003715 0.999993
vn 0.000000 0.000000 1.000000
vn 0.000000 0.000000 1.000000
vn 0.000000 0.003715 0.999993
vn 0.000000 0.000000 1.000000
vn 0.000000 0.000000 1.000000
vn 0.000000 0.003715 0.999993
vn 0.000000 0.000000 1.000000
vn 0.000000 0.000000 1.000000
vn 0.000000 0.998759 -0.049803
vn -0.669465 0.739597 0.069372
vn -0.693812 0.720075 0.010799
vn 0.000000 0.998759 -0.049803
vn -0.693812 0.720075 0.010799
vn 0.000000 0.999937 0.011230
vn 0.000000 0.999937 0.011230
vn -0.693812 0.720075 0.010799
vn -0.655827 0.741386 0.142258
vn 0.000000 0.999937 0.011230
vn -0.655827 0.741386 0.142258
vn 0.000000 0.982956 0.183840
vn 0.000000 0.933002 0.359872
vn 0.633985 0.717611 0.288266
vn 0.655827 0.741386 0.142258
vn 0.000000 0.933002 0.359872
vn 0.655827 0.741386 0.142258
vn 0.000000 0.982956 0.183840
vn -0.860870 0.508825 0.000280
vn -0.693812 0.720075 0.010799
vn -0.669465 0.739597 0.069372
vn 0.712447 0.700449 -0.042316
vn 0.603399 0.796564 -0.037358
vn 0.713695 0.697733 -0.061708
vn 0.669336 0.739699 0.069533
vn 0.693812 0.720075 0.010799
vn 0.860870 0.508825 0.000305
vn 0.669336 0.739699 0.069533
vn -0.669465 0.739597 0.069372
vn 0.000000 0.998759 -0.049803
vn -0.674663 -0.734750 0.070511
vn -0.674663 -0.734750 0.070511
vn -0.867387 -0.494607 -0.054797
vn -0.674663 -0.734750 0.070511
vn -0.867387 -0.494607 -0.054797
vn -0.161878 -0.986063 -0.038401
vn 0.669336 0.739699 0.069533
vn 0.860870 0.508825 0.000305
vn 0.831379 0.551073 0.071607
vn -0.831395 0.551083 0.071351
vn -0.860870 0.508825 0.000280
vn -0.669465 0.739597 0.069372
vn 0.855949 0.460759 -0.234631
vn 0.867417 0.396912 -0.300082
vn 0.644819 0.692281 -0.323967
vn 0.351055 -0.903052 -0.247502
vn 0.161802 -0.986078 -0.038338
vn -0.161878 -0.986063 -0.038401
vn 0.351055 -0.903052 -0.247502
vn -0.161878 -0.986063 -0.038401
vn -0.351218 -0.902977 -0.247546
vn 0.840870 0.535896 0.075843
vn 0.866596 0.494594 0.066249
vn 0.880013 0.469260 0.073302
vn 0.840870 0.535896 0.075843
vn 0.880013 0.469260 0.073302
vn 0.669336 0.739699 0.069533
vn -0.841035 0.535698 0.075425
vn -0.831395 0.551083 0.071351
vn -0.669465 0.739597 0.069372
vn -0.645539 0.691616 -0.323955
vn -0.422140 0.808772 -0.409495
vn -0.209536 0.955064 -0.209639
vn 0.901399 -0.327194 -0.283591
vn 0.867394 -0.494603 -0.054730
vn 0.161802 -0.986078 -0.038338
vn 0.901399 -0.327194 -0.283591
vn 0.161802 -0.986078 -0.038338
vn 0.351055 -0.903052 -0.247502
vn -0.000000 0.987652 0.156663
vn -0.669465 0.739597 0.069372
vn 0.669336 0.739699 0.069533
vn -0.000000 0.987652 0.156663
vn 0.669336 0.739699 0.069533
vn -0.000000 0.987652 0.156663
vn 0.880013 0.469260 0.073302
vn 0.866596 0.494594 0.066249
vn 0.882288 0.468187 0.048680
vn 0.880013 0.469260 0.073302
vn 0.882288 0.468187 0.048680
vn 0.893918 0.443044 0.067983
vn -0.867387 -0.494607 -0.054797
vn -0.901610 -0.326628 -0.283574
vn -0.351218 -0.902977 -0.247546
vn -0.867387 -0.494607 -0.054797
vn -0.351218 -0.902977 -0.247546
vn -0.161878 -0.986063 -0.038401
vn 0.644819 0.692281 -0.323967
vn 0.411477 0.861728 -0.296835
vn 0.209103 0.955150 -0.209675
vn -0.856513 0.459831 -0.234396
vn -0.422140 0.808772 -0.409495
vn -0.645539 0.691616 -0.323955
vn -0.002991 0.000786 0.999995
vn -0.003185 -0.002012 0.999993
vn -0.003185 -0.002012 0.999993
vn -0.901610 -0.326628 -0.283574
vn -0.867387 -0.494607 -0.054797
vn -0.856513 0.459831 -0.234396
vn -0.901610 -0.326628 -0.283574
vn -0.856513 0.459831 -0.234396
vn -0.867677 0.396440 -0.299953
vn -0.000000 0.987652 0.156663
vn 0.209103 0.955150 -0.209675
vn -0.209536 0.955064 -0.209639
vn -0.000000 0.987652 0.156663
vn -0.209536 0.955064 -0.209639
vn -0.000000 0.987652 0.156663
vn -0.645539 0.691616 -0.323955
vn -0.867677 0.396440 -0.299953
vn -0.856513 0.459831 -0.234396
vn -0.209536 0.955064 -0.209639
vn 0.209103 0.955150 -0.209675
vn 0.411477 0.861728 -0.296835
vn -0.209536 0.955064 -0.209639
vn 0.411477 0.861728 -0.296835
vn -0.411468 0.861708 -0.296905
vn 0.644819 0.692281 -0.323967
vn 0.421071 0.809197 -0.409755
vn 0.855949 0.460759 -0.234631
vn 0.867394 -0.494603 -0.054730
vn 0.901399 -0.327194 -0.283591
vn 0.867417 0.396912 -0.300082
vn 0.867394 -0.494603 -0.054730
vn 0.867417 0.396912 -0.300082
vn 0.855949 0.460759 -0.234631
vn 0.003393 -0.001711 0.999993
vn 0.003393 -0.001711 0.999993
vn 0.003179 0.001230 0.999994
vn -0.894258 0.442407 0.067661
vn -0.882647 0.467540 0.048374
vn -0.866923 0.494061 0.065934
vn -0.894258 0.442407 0.067661
vn -0.866923 0.494061 0.065934
vn -0.880340 0.468696 0.072979
vn 0.669336 0.739699 0.069533
vn 0.880013 0.469260 0.073302
vn 0.893918 0.443044 0.067983
vn 0.003606 -0.004653 0.999983
vn 0.003393 -0.001711 0.999993
vn 0.003393 -0.001711 0.999993
vn 0.003606 -0.004653 0.999983
vn 0.003393 -0.001711 0.999993
vn 0.003606 -0.004653 0.999983
vn 0.209103 0.955150 -0.209675
vn 0.421071 0.809197 -0.409755
vn 0.644819 0.692281 -0.323967
vn -0.003185 -0.002012 0.999993
vn -0.003379 -0.004809 0.999983
vn -0.003379 -0.004809 0.999983
vn -0.003185 -0.002012 0.999993
vn -0.003379 -0.004809 0.999983
vn -0.003185 -0.002012 0.999993
vn -0.209536 0.955064 -0.209639
vn -0.411468 0.861708 -0.296905
vn -0.645539 0.691616 -0.323955
vn 0.669336 0.739699 0.069533
vn 0.831379 0.551073 0.071607
vn 0.840870 0.535896 0.075843
vn -0.669465 0.739597 0.069372
vn -0.880340 0.468696 0.072979
vn -0.866923 0.494061 0.065934
vn -0.669465 0.739597 0.069372
vn -0.866923 0.494061 0.065934
vn -0.841035 0.535698 0.075425
vn 0.000176 -0.002014 -0.999998
vn -0.597793 -0.287847 -0.748190
vn -0.581034 0.212592 -0.785623
vn 0.000176 -0.002014 -0.999998
vn -0.581034 0.212592 -0.785623
vn 0.000176 -0.002014 -0.999998
vn 0.000176 -0.002014 -0.999998
vn 0.000176 -0.002014 -0.999998
vn 0.000176 -0.002014 -0.999998
vn 0.000176 -0.002014 -0.999998
vn 0.000176 -0.002014 -0.999998
vn 0.581403 0.212832 -0.785285
vn 0.000176 -0.002014 -0.999998
vn 0.581403 0.212832 -0.785285
vn 0.598281 -0.286663 -0.748254
vn 0.000176 -0.002014 -0.999998
vn 0.598281 -0.286663 -0.748254
vn 0.000176 -0.002014 -0.999998
vn 0.000176 -0.002014 -0.999998
vn 0.000176 -0.002014 -0.999998
vn 0.280103 -0.575639 -0.768233
vn 0.000176 -0.002014 -0.999998
vn 0.280103 -0.575639 -0.768233
vn -0.280056 -0.575724 -0.768186
vn -0.867677 0.396440 -0.299953
vn -0.645539 0.691616 -0.323955
vn -0.716308 0.608730 -0.341102
vn -0.867677 0.396440 -0.299953
vn -0.716308 0.608730 -0.341102
vn -0.830612 0.397163 -0.390315
vn 0.411477 0.861728 -0.296835
vn 0.644819 0.692281 -0.323967
vn 0.715779 0.609519 -0.340804
vn 0.411477 0.861728 -0.296835
vn 0.715779 0.609519 -0.340804
vn 0.395200 0.820904 -0.412230
vn -0.645539 0.691616 -0.323955
vn -0.411468 0.861708 -0.296905
vn -0.395169 0.820849 -0.412369
vn -0.645539 0.691616 -0.323955
vn -0.395169 0.820849 -0.412369
vn -0.716308 0.608730 -0.341102
vn -0.351218 -0.902977 -0.247546
vn -0.901610 -0.326628 -0.283574
vn -0.845028 -0.307163 -0.437698
vn -0.351218 -0.902977 -0.247546
vn -0.845028 -0.307163 -0.437698
vn -0.325150 -0.862697 -0.387339
vn 0.901399 -0.327194 -0.283591
vn 0.351055 -0.903052 -0.247502
vn 0.325095 -0.862703 -0.387371
vn 0.901399 -0.327194 -0.283591
vn 0.325095 -0.862703 -0.387371
vn 0.844678 -0.308328 -0.437553
vn 0.867417 0.396912 -0.300082
vn 0.901399 -0.327194 -0.283591
vn 0.844678 -0.308328 -0.437553
vn 0.867417 0.396912 -0.300082
vn 0.844678 -0.308328 -0.437553
vn 0.830672 0.396957 -0.390397
vn 0.644819 0.692281 -0.323967
vn 0.867417 0.396912 -0.300082
vn 0.830672 0.396957 -0.390397
vn 0.644819 0.692281 -0.323967
vn 0.830672 0.396957 -0.390397
vn 0.715779 0.609519 -0.340804
vn 0.351055 -0.903052 -0.247502
vn -0.351218 -0.902977 -0.247546
vn -0.325150 -0.862697 -0.387339
vn 0.351055 -0.903052 -0.247502
vn -0.325150 -0.862697 -0.387339
vn 0.325095 -0.862703 -0.387371
vn -0.901610 -0.326628 -0.283574
vn -0.867677 0.396440 -0.299953
vn -0.830612 0.397163 -0.390315
vn -0.901610 -0.326628 -0.283574
vn -0.830612 0.397163 -0.390315
vn -0.845028 -0.307163 -0.437698
vn -0.411468 0.861708 -0.296905
vn 0.411477 0.861728 -0.296835
vn 0.395200 0.820904 -0.412230
vn -0.411468 0.861708 -0.296905
vn 0.395200 0.820904 -0.412230
vn -0.395169 0.820849 -0.412369
vn 0.691420 -0.588050 -0.419686
vn 0.379334 -0.778677 -0.499768
vn 0.280103 -0.575639 -0.768233
vn 0.691420 -0.588050 -0.419686
vn 0.280103 -0.575639 -0.768233
vn 0.691420 -0.588050 -0.419686
vn 0.793557 -0.379232 -0.475868
vn 0.691420 -0.588050 -0.419686
vn 0.691420 -0.588050 -0.419686
vn 0.793557 -0.379232 -0.475868
vn 0.691420 -0.588050 -0.419686
vn 0.598281 -0.286663 -0.748254
vn 0.797925 0.293240 -0.526618
vn 0.793557 -0.379232 -0.475868
vn 0.598281 -0.286663 -0.748254
vn 0.797925 0.293240 -0.526618
vn 0.598281 -0.286663 -0.748254
vn 0.581403 0.212832 -0.785285
vn 0.312793 0.823111 -0.473972
vn 0.797925 0.293240 -0.526618
vn 0.581403 0.212832 -0.785285
vn 0.312793 0.823111 -0.473972
vn 0.581403 0.212832 -0.785285
vn 0.312793 0.823111 -0.473972
vn -0.312246 0.823294 -0.474015
vn 0.312793 0.823111 -0.473972
vn 0.312793 0.823111 -0.473972
vn -0.312246 0.823294 -0.474015
vn 0.312793 0.823111 -0.473972
vn -0.312246 0.823294 -0.474015
vn -0.797776 0.292969 -0.526994
vn -0.312246 0.823294 -0.474015
vn -0.312246 0.823294 -0.474015
vn -0.797776 0.292969 -0.526994
vn -0.312246 0.823294 -0.474015
vn -0.581034 0.212592 -0.785623
vn -0.792981 -0.380748 -0.475617
vn -0.797776 0.292969 -0.526994
vn -0.581034 0.212592 -0.785623
vn -0.792981 -0.380748 -0.475617
vn -0.581034 0.212592 -0.785623
vn -0.597793 -0.287847 -0.748190
vn -0.690993 -0.588816 -0.419314
vn -0.792981 -0.380748 -0.475617
vn -0.597793 -0.287847 -0.748190
vn -0.690993 -0.588816 -0.419314
vn -0.597793 -0.287847 -0.748190
vn -0.690993 -0.588816 -0.419314
vn -0.379433 -0.778733 -0.499606
vn -0.690993 -0.588816 -0.419314
vn -0.690993 -0.588816 -0.419314
vn -0.379433 -0.778733 -0.499606
vn -0.690993 -0.588816 -0.419314
vn -0.280056 -0.575724 -0.768186
vn 0.379334 -0.778677 -0.499768
vn -0.379433 -0.778733 -0.499606
vn -0.280056 -0.575724 -0.768186
vn 0.379334 -0.778677 -0.499768
vn -0.280056 -0.575724 -0.768186
vn 0.280103 -0.575639 -0.768233
vn 0.713695 0.697733 -0.061708
vn 0.860870 0.508825 0.000305
vn 0.712447 0.700449 -0.042316
vn -0.712445 0.700447 -0.042374
vn -0.860870 0.508825 0.000280
vn -0.713690 0.697728 -0.061823
vn -0.161878 -0.986063 -0.038401
vn 0.113132 -0.993520 -0.010941
vn 0.239363 -0.970882 -0.009662
vn -0.239363 -0.970882 -0.009682
vn -0.113129 -0.993520 -0.010951
vn 0.161802 -0.986078 -0.038338
vn 0.674712 -0.734683 0.070743
vn 0.674712 -0.734683 0.070743
vn 0.161802 -0.986078 -0.038338
vn 0.674712 -0.734683 0.070743
vn 0.161802 -0.986078 -0.038338
vn 0.867394 -0.494603 -0.054730
vn -0.386623 0.922209 0.007257
vn -0.381773 0.898838 -0.215266
vn -0.513252 0.828840 -0.222703
vn -0.386623 0.922209 0.007257
vn -0.513252 0.828840 -0.222703
vn -0.522391 0.852706 -0.000000
vn -0.386623 0.922209 0.007257
vn -0.522391 0.852706 -0.000000
vn -0.522391 0.852706 -0.000000
vn -0.386623 0.922209 0.007257
vn -0.522391 0.852706 -0.000000
vn -0.522391 0.852706 -0.000000
vn 0.471110 -0.774637 -0.421892
vn 0.512142 -0.829956 -0.221094
vn 0.203460 -0.952908 -0.224880
vn 0.471110 -0.774637 -0.421892
vn 0.203460 -0.952908 -0.224880
vn 0.182882 -0.881004 -0.436332
vn 0.295098 -0.723155 0.624471
vn 0.148814 -0.759123 0.633709
vn 0.192254 -0.920731 0.339548
vn 0.295098 -0.723155 0.624471
vn 0.192254 -0.920731 0.339548
vn 0.289444 -0.809579 0.510690
vn 0.289444 -0.809579 0.510690
vn 0.512142 -0.829956 -0.221094
vn 0.570216 -0.791620 -0.219528
vn 0.289444 -0.809579 0.510690
vn 0.570216 -0.791620 -0.219528
vn 0.618353 -0.785745 0.015620
vn 0.289444 -0.809579 0.510690
vn 0.618353 -0.785745 0.015620
vn 0.618353 -0.785745 0.015620
vn -0.522391 0.852706 -0.000000
vn -0.513252 0.828840 -0.222703
vn -0.619077 0.754053 -0.219428
vn -0.522391 0.852706 -0.000000
vn -0.619077 0.754053 -0.219428
vn -0.634541 0.772889 -0.000000
vn 0.000000 0.000000 1.000000
vn 0.000000 0.000000 1.000000
vn 0.000000 0.000000 1.000000
vn -0.357797 0.830434 -0.427036
vn -0.381773 0.898838 -0.215266
vn -0.364666 0.907562 -0.208208
vn -0.381773 0.898838 -0.215266
vn -0.386623 0.922209 0.007257
vn -0.404108 0.914059 0.034534
vn -0.381773 0.898838 -0.215266
vn -0.404108 0.914059 0.034534
vn -0.404108 0.914059 0.034534
vn -0.381773 0.898838 -0.215266
vn -0.404108 0.914059 0.034534
vn -0.364666 0.907562 -0.208208
vn 0.192254 -0.920731 0.339548
vn 0.148814 -0.759123 0.633709
vn -0.056069 -0.944677 0.323174
vn 0.182882 -0.881004 -0.436332
vn 0.203460 -0.952908 -0.224880
vn -0.057893 -0.975414 -0.212639
vn -0.619077 0.754053 -0.219428
vn -0.513252 0.828840 -0.222703
vn -0.478459 0.763572 -0.433629
vn -0.478459 0.763572 -0.433629
vn -0.513252 0.828840 -0.222703
vn -0.381773 0.898838 -0.215266
vn -0.478459 0.763572 -0.433629
vn -0.381773 0.898838 -0.215266
vn -0.357797 0.830434 -0.427036
vn 0.570216 -0.791620 -0.219528
vn 0.512142 -0.829956 -0.221094
vn 0.471110 -0.774637 -0.421892
vn -0.464870 -0.540223 0.701467
vn -0.750902 -0.303079 0.586763
vn -0.908500 -0.366689 0.200419
vn -0.464870 -0.540223 0.701467
vn -0.908500 -0.366689 0.200419
vn -0.908500 -0.366689 0.200419
vn 0.618353 -0.785745 0.015620
vn 0.618353 -0.785745 0.015620
vn 0.648174 -0.759727 0.051809
vn 0.618353 -0.785745 0.015620
vn 0.648174 -0.759727 0.051809
vn 0.648174 -0.759727 0.051809
vn -0.404108 0.914059 0.034534
vn -0.404108 0.914059 0.034534
vn -0.434784 0.898884 0.054501
vn -0.404108 0.914059 0.034534
vn -0.434784 0.898884 0.054501
vn -0.434784 0.898884 0.054501
vn -0.464870 -0.540223 0.701467
vn 0.295098 -0.723155 0.624471
vn 0.289444 -0.809579 0.510690
vn -0.059248 -0.998243 0.000000
vn -0.057893 -0.975414 -0.212639
vn 0.203460 -0.952908 -0.224880
vn -0.059248 -0.998243 0.000000
vn 0.203460 -0.952908 -0.224880
vn 0.213849 -0.976867 0.000000
vn 0.192254 -0.920731 0.339548
vn 0.213849 -0.976867 0.000000
vn 0.213849 -0.976867 0.000000
vn 0.192254 -0.920731 0.339548
vn 0.213849 -0.976867 0.000000
vn 0.203460 -0.952908 -0.224880
vn 0.192254 -0.920731 0.339548
vn 0.203460 -0.952908 -0.224880
vn 0.512142 -0.829956 -0.221094
vn 0.192254 -0.920731 0.339548
vn 0.512142 -0.829956 -0.221094
vn 0.289444 -0.809579 0.510690
vn 0.289444 -0.809579 0.510690
vn -0.750902 -0.303079 0.586763
vn -0.464870 -0.540223 0.701467
vn -0.634541 0.772889 -0.000000
vn -0.634541 0.772889 -0.000000
vn -0.522391 0.852706 -0.000000
vn -0.634541 0.772889 -0.000000
vn -0.522391 0.852706 -0.000000
vn -0.522391 0.852706 -0.000000
vn 0.213849 -0.976867 0.000000
vn 0.192254 -0.920731 0.339548
vn -0.056069 -0.944677 0.323174
vn 0.213849 -0.976867 0.000000
vn -0.056069 -0.944677 0.323174
vn -0.059248 -0.998243 0.000000
vn 0.000221 0.003711 -0.999993
vn 0.000221 0.003711 -0.999993
vn 0.000221 0.003711 -0.999993
vn -0.000767 -0.012924 0.999916
vn -0.000767 -0.012924 0.999916
vn -0.000767 -0.012924 0.999916
vn -0.935744 -0.352679 -0.000000
vn -0.935744 -0.352679 -0.000000
vn -0.935744 -0.352679 -0.000000
vn -0.935744 -0.352679 -0.000000
vn -0.935744 -0.352679 -0.000000
vn -0.935744 -0.352679 -0.000000
vn -0.264756 -0.964288 -0.007260
vn -0.260181 -0.941215 0.215453
vn -0.253638 -0.940469 0.226241
vn -0.264756 -0.964288 -0.007260
vn -0.253638 -0.940469 0.226241
vn -0.258796 -0.965932 0.000000
vn -0.264756 -0.964288 -0.007260
vn -0.258796 -0.965932 0.000000
vn -0.258796 -0.965932 0.000000
vn -0.264756 -0.964288 -0.007260
vn -0.258796 -0.965932 0.000000
vn -0.258796 -0.965932 0.000000
vn 0.351597 0.834003 0.425228
vn 0.381393 0.897088 0.223096
vn 0.118838 0.967294 0.224096
vn 0.351597 0.834003 0.425228
vn 0.118838 0.967294 0.224096
vn 0.108014 0.893288 0.436313
vn 0.190368 0.757602 -0.624339
vn 0.090026 0.767960 -0.634140
vn 0.113423 0.934459 -0.337522
vn 0.190368 0.757602 -0.624339
vn 0.113423 0.934459 -0.337522
vn 0.166703 0.844705 -0.508609
vn 0.166703 0.844705 -0.508609
vn 0.381393 0.897088 0.223096
vn 0.501786 0.836671 0.219528
vn 0.166703 0.844705 -0.508609
vn 0.501786 0.836671 0.219528
vn 0.550248 0.834855 -0.015619
vn 0.166703 0.844705 -0.508609
vn 0.550248 0.834855 -0.015619
vn 0.550248 0.834855 -0.015619
vn -0.258796 -0.965932 0.000000
vn -0.253638 -0.940469 0.226241
vn -0.274278 -0.933776 0.229858
vn -0.258796 -0.965932 0.000000
vn -0.274278 -0.933776 0.229858
vn -0.281824 -0.959466 0.000000
vn 0.000000 0.000000 -1.000000
vn 0.000000 0.000000 -1.000000
vn 0.000000 0.000000 -1.000000
vn -0.242559 -0.870952 0.427327
vn -0.260181 -0.941215 0.215453
vn -0.287234 -0.934958 0.208208
vn -0.260181 -0.941215 0.215453
vn -0.264756 -0.964288 -0.007260
vn -0.325992 -0.944742 -0.034534
vn -0.260181 -0.941215 0.215453
vn -0.325992 -0.944742 -0.034534
vn -0.325992 -0.944742 -0.034534
vn -0.260181 -0.941215 0.215453
vn -0.325992 -0.944742 -0.034534
vn -0.287234 -0.934958 0.208208
vn 0.113423 0.934459 -0.337522
vn 0.090026 0.767960 -0.634140
vn -0.017320 0.942448 -0.333904
vn 0.108014 0.893288 0.436313
vn 0.118838 0.967294 0.224096
vn -0.017918 0.975022 0.221385
vn -0.274278 -0.933776 0.229858
vn -0.253638 -0.940469 0.226241
vn -0.235329 -0.866243 0.440731
vn -0.235329 -0.866243 0.440731
vn -0.253638 -0.940469 0.226241
vn -0.260181 -0.941215 0.215453
vn -0.235329 -0.866243 0.440731
vn -0.260181 -0.941215 0.215453
vn -0.242559 -0.870952 0.427327
vn 0.501786 0.836671 0.219528
vn 0.381393 0.897088 0.223096
vn 0.351597 0.834003 0.425228
vn -0.508556 0.499315 -0.701466
vn -0.773682 0.239009 -0.586763
vn -0.936062 0.289172 -0.200419
vn -0.508556 0.499315 -0.701466
vn -0.936062 0.289172 -0.200419
vn -0.936062 0.289172 -0.200419
vn 0.550248 0.834855 -0.015619
vn 0.550248 0.834855 -0.015619
vn 0.582146 0.811432 -0.051809
vn 0.550248 0.834855 -0.015619
vn 0.582146 0.811432 -0.051809
vn 0.582146 0.811432 -0.051809
vn -0.325992 -0.944742 -0.034534
vn -0.325992 -0.944742 -0.034534
vn -0.357833 -0.932194 -0.054501
vn -0.325992 -0.944742 -0.034534
vn -0.357833 -0.932194 -0.054501
vn -0.357833 -0.932194 -0.054501
vn -0.508556 0.499315 -0.701466
vn 0.190368 0.757602 -0.624339
vn 0.166703 0.844705 -0.508609
vn -0.018374 0.999831 0.000000
vn -0.017918 0.975022 0.221385
vn 0.118838 0.967294 0.224096
vn -0.018374 0.999831 0.000000
vn 0.118838 0.967294 0.224096
vn 0.123648 0.992326 0.000000
vn 0.113423 0.934459 -0.337522
vn 0.123648 0.992326 0.000000
vn 0.123648 0.992326 0.000000
vn 0.113423 0.934459 -0.337522
vn 0.123648 0.992326 0.000000
vn 0.118838 0.967294 0.224096
vn 0.113423 0.934459 -0.337522
vn 0.118838 0.967294 0.224096
vn 0.381393 0.897088 0.223096
vn 0.113423 0.934459 -0.337522
vn 0.381393 0.897088 0.223096
vn 0.166703 0.844705 -0.508609
vn 0.166703 0.844705 -0.508609
vn -0.773682 0.239009 -0.586763
vn -0.508556 0.499315 -0.701466
vn -0.281824 -0.959466 0.000000
vn -0.281824 -0.959466 0.000000
vn -0.258796 -0.965932 0.000000
vn -0.281824 -0.959466 0.000000
vn -0.258796 -0.965932 0.000000
vn -0.258796 -0.965932 0.000000
vn 0.123648 0.992326 0.000000
vn 0.113423 0.934459 -0.337522
vn -0.017320 0.942448 -0.333904
vn 0.123648 0.992326 0.000000
vn -0.017320 0.942448 -0.333904
vn -0.018374 0.999831 0.000000
vn 0.000065 -0.003547 0.999994
vn 0.000065 -0.003547 0.999994
vn 0.000065 -0.003547 0.999994
vn -0.000227 0.012354 -0.999924
vn -0.000227 0.012354 -0.999924
vn -0.000227 0.012354 -0.999924
vn -0.962035 0.272925 0.000000
vn -0.962035 0.272925 0.000000
vn -0.962035 0.272925 0.000000
vn -0.962035 0.272925 0.000000
vn -0.962035 0.272925 0.000000
vn -0.962035 0.272925 0.000000
vn 0.416109 -0.909314 -0.000914
vn 0.666844 -0.745197 -0.000100
vn 0.666844 -0.745197 -0.000100
vn 0.416109 -0.909314 -0.000914
vn 0.666844 -0.745197 -0.000100
vn 0.416109 -0.909314 -0.000914
vn 0.416109 -0.909314 -0.000914
vn 0.416109 -0.909314 -0.000914
vn 0.416109 -0.909314 -0.000914
vn 0.416109 -0.909314 -0.000914
vn 0.416109 -0.909314 -0.000914
vn 0.416109 -0.909314 -0.000914
vn -0.895229 0.445606 -0.000000
vn -0.601911 0.798563 0.000000
vn -0.711248 0.702941 0.000000
vn -0.895229 0.445606 -0.000000
vn -0.711248 0.702941 0.000000
vn -0.711248 0.702941 0.000000
vn -0.895229 0.445606 -0.000000
vn -0.711248 0.702941 0.000000
vn -0.601911 0.798563 0.000000
vn -0.895229 0.445606 -0.000000
vn -0.601911 0.798563 0.000000
vn -0.895229 0.445606 -0.000000
vn 0.857695 -0.514159 0.000723
vn 0.857695 -0.514159 0.000723
vn 0.666844 -0.745197 -0.000100
vn 0.857695 -0.514159 0.000723
vn 0.666844 -0.745197 -0.000100
vn 0.666844 -0.745197 -0.000100
vn -0.895229 0.445606 -0.000000
vn -0.999999 -0.001202 -0.000000
vn -0.999999 -0.001202 -0.000000
vn -0.895229 0.445606 -0.000000
vn -0.999999 -0.001202 -0.000000
vn -0.895229 0.445606 -0.000000
vn -0.000315 0.000236 -1.000000
vn -0.000315 0.000236 -1.000000
vn -0.000315 0.000236 -1.000000
vn -0.000315 0.000236 -1.000000
vn -0.000315 0.000236 -1.000000
vn -0.000315 0.000236 -1.000000
vn 0.451893 0.892072 0.000000
vn 0.451893 0.892072 0.000000
vn 0.451893 0.892072 0.000000
vn 0.451893 0.892072 0.000000
vn 0.451893 0.892072 0.000000
vn 0.451893 0.892072 0.000000
vn -0.711248 0.702941 0.000000
vn -0.711248 0.702941 0.000000
vn -0.805580 0.592487 0.000000
vn -0.711248 0.702941 0.000000
vn -0.805580 0.592487 0.000000
vn -0.805580 0.592487 0.000000
vn -0.000787 0.000587 1.000000
vn -0.000787 0.000587 1.000000
vn -0.000787 0.000587 1.000000
vn -0.000787 0.000587 1.000000
vn -0.000787 0.000587 1.000000
vn -0.000787 0.000587 1.000000
vn 0.999983 0.005909 -0.000044
vn 0.999983 0.005909 -0.000044
vn 0.999983 0.005909 -0.000044
vn 0.999983 0.005909 -0.000044
vn 0.999983 0.005909 -0.000044
vn 0.999983 0.005909 -0.000044
vn 0.999983 0.005750 -0.000044
vn 0.999983 0.005750 -0.000044
vn 0.999983 0.005750 -0.000044
vn 0.999983 0.005750 -0.000044
vn 0.999983 0.005750 -0.000044
vn 0.999983 0.005750 -0.000044
vn 0.003725 -0.002855 -0.999989
vn 0.003725 -0.002855 -0.999989
vn 0.003725 -0.002855 -0.999989
vn 0.003725 -0.002855 -0.999989
vn 0.003725 -0.002855 -0.999989
vn 0.003725 -0.002855 -0.999989
vn -0.007884 0.004015 0.999961
vn -0.007884 0.004015 0.999961
vn -0.007884 0.004015 0.999961
vn -0.007884 0.004015 0.999961
vn -0.007884 0.004015 0.999961
vn -0.007884 0.004015 0.999961
vn 0.801942 0.548730 0.236189
vn 0.945716 0.186684 0.266025
vn 0.890419 0.403439 0.210690
vn 0.801942 0.548730 0.236189
vn 0.890419 0.403439 0.210690
vn 0.483349 0.836713 0.257459
vn -0.905924 -0.415444 -0.081906
vn -0.905924 -0.415444 -0.081906
vn -0.905924 -0.415444 -0.081906
vn -0.905924 -0.415444 -0.081906
vn -0.905924 -0.415444 -0.081906
vn -0.905924 -0.415444 -0.081906
vn 0.000001 0.951188 0.308611
vn 0.293209 0.907676 0.300254
vn 0.483349 0.836713 0.257459
vn 0.000001 0.951188 0.308611
vn 0.483349 0.836713 0.257459
vn 0.000001 0.951188 0.308611
vn 0.000233 0.000422 1.000000
vn 0.000233 0.000422 1.000000
vn 0.000233 0.000422 1.000000
vn 0.000233 0.000422 1.000000
vn 0.000233 0.000422 1.000000
vn 0.000233 0.000422 1.000000
vn 0.000233 0.000422 1.000000
vn 0.000233 0.000422 1.000000
vn 0.000233 0.000422 1.000000
vn -0.000585 -0.000787 -1.000000
vn -0.000585 -0.000787 -1.000000
vn -0.000585 -0.000787 -1.000000
vn -0.000585 -0.000787 -1.000000
vn -0.000585 -0.000787 -1.000000
vn -0.000585 -0.000787 -1.000000
vn 0.038759 -0.999081 0.018275
vn 0.038759 -0.999081 0.018275
vn 0.038759 -0.999081 0.018275
vn 0.038759 -0.999081 0.018275
vn 0.038759 -0.999081 0.018275
vn 0.038759 -0.999081 0.018275
vn 0.483349 0.836713 0.257459
vn 0.293209 0.907676 0.300254
vn 0.801942 0.548730 0.236189
vn 0.000000 0.000000 1.000000
vn 0.000000 0.000000 1.000000
vn 0.000000 0.000000 1.000000
vn 0.000000 0.000000 1.000000
vn 0.000000 0.000000 1.000000
vn 0.000000 0.000000 1.000000
vn 0.000000 0.000000 1.000000
vn 0.000000 0.000000 1.000000
vn 0.000000 0.000000 1.000000
vn 0.000000 0.000000 1.000000
vn 0.000000 0.000000 1.000000
vn 0.000000 0.003715 0.999993
vn 0.693812 0.720075 0.010799
vn 0.655827 0.741386 0.142258
vn 0.859999 0.503751 0.081462
vn 0.693812 0.720075 0.010799
vn 0.859999 0.503751 0.081462
vn 0.860870 0.508825 0.000305
vn 0.000000 0.982956 0.183840
vn 0.655827 0.741386 0.142258
vn 0.693812 0.720075 0.010799
vn 0.000000 0.982956 0.183840
vn 0.693812 0.720075 0.010799
vn 0.000000 0.999937 0.011230
vn -0.885974 -0.458008 -0.072649
vn -0.875034 -0.434260 0.213856
vn -0.875034 -0.434260 0.213856
vn -0.885974 -0.458008 -0.072649
vn -0.875034 -0.434260 0.213856
vn -0.885974 -0.458008 -0.072649
vn -0.253844 -0.967198 -0.009549
vn -0.269709 -0.959868 0.076875
vn -0.241379 -0.966933 0.082319
vn -0.253844 -0.967198 -0.009549
vn -0.241379 -0.966933 0.082319
vn -0.239363 -0.970882 -0.009682
vn 0.161802 -0.986078 -0.038338
vn -0.253844 -0.967198 -0.009549
vn -0.239363 -0.970882 -0.009682
vn -0.239363 -0.970882 -0.009682
vn -0.241379 -0.966933 0.082319
vn -0.107108 -0.989883 0.093058
vn -0.239363 -0.970882 -0.009682
vn -0.107108 -0.989883 0.093058
vn -0.113129 -0.993520 -0.010951
vn 0.597533 0.800586 0.044900
vn 0.713878 0.697594 0.061162
vn 0.711753 0.687310 0.144961
vn 0.597533 0.800586 0.044900
vn 0.711753 0.687310 0.144961
vn 0.594552 0.796536 0.109718
vn 0.713878 0.697594 0.061162
vn 0.859999 0.503751 0.081462
vn 0.846137 0.500271 0.183799
vn 0.713878 0.697594 0.061162
vn 0.846137 0.500271 0.183799
vn 0.711753 0.687310 0.144961
vn 0.859999 0.503751 0.081462
vn 0.655827 0.741386 0.142258
vn 0.633985 0.717611 0.288266
vn 0.859999 0.503751 0.081462
vn 0.633985 0.717611 0.288266
vn 0.846137 0.500271 0.183799
vn -0.241379 -0.966933 0.082319
vn -0.269709 -0.959868 0.076875
vn -0.276612 -0.950818 0.139396
vn -0.241379 -0.966933 0.082319
vn -0.276612 -0.950818 0.139396
vn -0.241320 -0.958747 0.150231
vn -0.107108 -0.989883 0.093058
vn -0.241379 -0.966933 0.082319
vn -0.241320 -0.958747 0.150231
vn -0.107108 -0.989883 0.093058
vn -0.241320 -0.958747 0.150231
vn -0.103405 -0.978924 0.176110
vn 0.241378 -0.966933 0.082319
vn 0.107108 -0.989883 0.093058
vn 0.103405 -0.978924 0.176110
vn 0.241378 -0.966933 0.082319
vn 0.103405 -0.978924 0.176110
vn 0.241320 -0.958747 0.150231
vn 0.107108 -0.989883 0.093058
vn -0.107108 -0.989883 0.093058
vn -0.103405 -0.978924 0.176110
vn 0.107108 -0.989883 0.093058
vn -0.103405 -0.978924 0.176110
vn 0.103405 -0.978924 0.176110
vn -0.713878 0.697594 0.061162
vn -0.597533 0.800586 0.044900
vn -0.594552 0.796536 0.109718
vn -0.713878 0.697594 0.061162
vn -0.594552 0.796536 0.109718
vn -0.711753 0.687310 0.144961
vn -0.859999 0.503751 0.081462
vn -0.713878 0.697594 0.061162
vn -0.711753 0.687310 0.144961
vn -0.859999 0.503751 0.081462
vn -0.711753 0.687310 0.144961
vn -0.846137 0.500271 0.183799
vn -0.655827 0.741386 0.142258
vn -0.859999 0.503751 0.081462
vn -0.846137 0.500271 0.183799
vn -0.655827 0.741386 0.142258
vn -0.846137 0.500271 0.183799
vn -0.633985 0.717611 0.288266
vn 0.875034 -0.434260 0.213856
vn 0.875034 -0.434260 0.213856
vn 0.808374 -0.392415 0.438797
vn 0.875034 -0.434260 0.213856
vn 0.808374 -0.392415 0.438797
vn 0.808374 -0.392415 0.438797
vn 0.269709 -0.959868 0.076875
vn 0.241378 -0.966933 0.082319
vn 0.241320 -0.958747 0.150231
vn 0.269709 -0.959868 0.076875
vn 0.241320 -0.958747 0.150231
vn 0.276612 -0.950818 0.139396
vn 0.000000 0.982956 0.183840
vn -0.655827 0.741386 0.142258
vn -0.633985 0.717611 0.288266
vn 0.000000 0.982956 0.183840
vn -0.633985 0.717611 0.288266
vn 0.000000 0.933002 0.359872
vn -0.875034 -0.434260 0.213856
vn -0.875034 -0.434260 0.213856
vn -0.808373 -0.392415 0.438797
vn -0.875034 -0.434260 0.213856
vn -0.808373 -0.392415 0.438797
vn -0.808373 -0.392415 0.438797
vn 0.885979 -0.458011 -0.072580
vn 0.875034 -0.434260 0.213856
vn 0.875034 -0.434260 0.213856
vn 0.885979 -0.458011 -0.072580
vn 0.875034 -0.434260 0.213856
vn 0.885979 -0.458011 -0.072580
vn 0.877732 -0.463428 -0.121745
vn 0.885979 -0.458011 -0.072580
vn 0.885979 -0.458011 -0.072580
vn -0.885974 -0.458008 -0.072649
vn -0.885974 -0.458008 -0.072649
vn -0.877717 -0.463420 -0.121883
vn -0.603398 0.796562 -0.037407
vn -0.597533 0.800586 0.044900
vn -0.713878 0.697594 0.061162
vn -0.603398 0.796562 -0.037407
vn -0.713878 0.697594 0.061162
vn -0.712445 0.700447 -0.042374
vn -0.712445 0.700447 -0.042374
vn -0.713878 0.697594 0.061162
vn -0.859999 0.503751 0.081462
vn -0.712445 0.700447 -0.042374
vn -0.859999 0.503751 0.081462
vn -0.860870 0.508825 0.000280
vn -0.713690 0.697728 -0.061823
vn -0.603398 0.796562 -0.037407
vn -0.712445 0.700447 -0.042374
vn 0.860870 0.508825 0.000305
vn 0.859999 0.503751 0.081462
vn 0.713878 0.697594 0.061162
vn 0.860870 0.508825 0.000305
vn 0.713878 0.697594 0.061162
vn 0.712447 0.700449 -0.042316
vn 0.712447 0.700449 -0.042316
vn 0.713878 0.697594 0.061162
vn 0.597533 0.800586 0.044900
vn 0.712447 0.700449 -0.042316
vn 0.597533 0.800586 0.044900
vn 0.603399 0.796564 -0.037358
vn 0.239363 -0.970882 -0.009662
vn 0.241378 -0.966933 0.082319
vn 0.269709 -0.959868 0.076875
vn 0.239363 -0.970882 -0.009662
vn 0.269709 -0.959868 0.076875
vn 0.253844 -0.967198 -0.009528
vn 0.113132 -0.993520 -0.010941
vn 0.107108 -0.989883 0.093058
vn 0.241378 -0.966933 0.082319
vn 0.113132 -0.993520 -0.010941
vn 0.241378 -0.966933 0.082319
vn 0.239363 -0.970882 -0.009662
vn -0.113129 -0.993520 -0.010951
vn -0.107108 -0.989883 0.093058
vn 0.107108 -0.989883 0.093058
vn -0.113129 -0.993520 -0.010951
vn 0.107108 -0.989883 0.093058
vn 0.113132 -0.993520 -0.010941
vn -0.161878 -0.986063 -0.038401
vn 0.161802 -0.986078 -0.038338
vn -0.113129 -0.993520 -0.010951
vn -0.161878 -0.986063 -0.038401
vn -0.113129 -0.993520 -0.010951
vn 0.113132 -0.993520 -0.010941
vn 0.239363 -0.970882 -0.009662
vn 0.253844 -0.967198 -0.009528
vn -0.161878 -0.986063 -0.038401
vn -0.880340 0.468696 0.072979
vn -0.669465 0.739597 0.069372
vn -0.894258 0.442407 0.067661
vn -0.860870 0.508825 0.000280
vn -0.859999 0.503751 0.081462
vn -0.655827 0.741386 0.142258
vn -0.860870 0.508825 0.000280
vn -0.655827 0.741386 0.142258
vn -0.693812 0.720075 0.010799
vn 0.000000 0.999937 0.011230
vn 0.693812 0.720075 0.010799
vn 0.669336 0.739699 0.069533
vn 0.000000 0.999937 0.011230
vn 0.669336 0.739699 0.069533
vn 0.000000 0.998759 -0.049803
vn 0.000000 0.003715 0.999993
vn 0.000000 0.000000 1.000000
vn 0.000000 0.000000 1.000000
vn 0.000000 0.003715 0.999993
vn 0.000000 0.000000 1.000000
vn 0.000000 0.003715 0.999993
vn 0.000000 0.003715 0.999993
vn 0.000000 0.011145 0.999938
vn 0.000000 0.011145 0.999938
vn 0.000000 0.003715 0.999993
vn 0.000000 0.011145 0.999938
vn 0.000000 0.011145 0.999938
vn 0.000000 0.003715 0.999993
vn 0.000000 0.011145 0.999938
vn 0.000000 0.003715 0.999993
vn 0.000000 0.003715 0.999993
vn 0.000000 0.000000 1.000000
vn 0.000000 0.000000 1.000000
vn 0.000000 0.003715 0.999993
vn 0.000000 0.000000 1.000000
vn 0.000000 0.000000 1.000000
vn 0.000000 0.003715 0.999993
vn 0.000000 0.000000 1.000000
vn 0.000000 0.000000 1.000000
vn 0.000000 0.003715 0.999993
vn 0.000000 0.000000 1.000000
vn 0.000000 0.000000 1.000000
vn 0.000000 0.998759 -0.049803
vn -0.669465 0.739597 0.069372
vn -0.693812 0.720075 0.010799
vn 0.000000 0.998759 -0.049803
vn -0.693812 0.720075 0.010799
vn 0.000000 0.999937 0.011230
vn 0.000000 0.999937 0.011230
vn -0.693812 0.720075 0.010799
vn -0.655827 0.741386 0.142258
vn 0.000000 0.999937 0.011230
vn -0.655827 0.741386 0.142258
vn 0.000000 0.982956 0.183840
vn 0.000000 0.933002 0.359872
vn 0.633985 0.717611 0.288266
vn 0.655827 0.741386 0.142258
vn 0.000000 0.933002 0.359872
vn 0.655827 0.741386 0.142258
vn 0.000000 0.982956 0.183840
vn -0.860870 0.508825 0.000280
vn -0.693812 0.720075 0.010799
vn -0.669465 0.739597 0.069372
vn 0.712447 0.700449 -0.042316
vn 0.603399 0.796564 -0.037358
vn 0.713695 0.697733 -0.061708
vn 0.669336 0.739699 0.069533
vn 0.693812 0.720075 0.010799
vn 0.860870 0.508825 0.000305
vn 0.669336 0.739699 0.069533
vn -0.669465 0.739597 0.069372
vn 0.000000 0.998759 -0.049803
vn -0.674663 -0.734750 0.070511
vn -0.674663 -0.734750 0.070511
vn -0.867387 -0.494607 -0.054797
vn -0.674663 -0.734750 0.070511
vn -0.867387 -0.494607 -0.054797
vn -0.161878 -0.986063 -0.038401
vn 0.669336 0.739699 0.069533
vn 0.860870 0.508825 0.000305
vn 0.831379 0.551073 0.071607
vn -0.831395 0.551083 0.071351
vn -0.860870 0.508825 0.000280
vn -0.669465 0.739597 0.069372
vn 0.855949 0.460759 -0.234631
vn 0.867417 0.396912 -0.300082
vn 0.644819 0.692281 -0.323967
vn 0.351055 -0.903052 -0.247502
vn 0.161802 -0.986078 -0.038338
vn -0.161878 -0.986063 -0.038401
vn 0.351055 -0.903052 -0.247502
vn -0.161878 -0.986063 -0.038401
vn -0.351218 -0.902977 -0.247546
vn 0.840870 0.535896 0.075843
vn 0.866596 0.494594 0.066249
vn 0.880013 0.469260 0.073302
vn 0.840870 0.535896 0.075843
vn 0.880013 0.469260 0.073302
vn 0.669336 0.739699 0.069533
vn -0.841035 0.535698 0.075425
vn -0.831395 0.551083 0.071351
vn -0.669465 0.739597 0.069372
vn -0.645539 0.691616 -0.323955
vn -0.422140 0.808772 -0.409495
vn -0.209536 0.955064 -0.209639
vn 0.901399 -0.327194 -0.283591
vn 0.867394 -0.494603 -0.054730
vn 0.161802 -0.986078 -0.038338
vn 0.901399 -0.327194 -0.283591
vn 0.161802 -0.986078 -0.038338
vn 0.351055 -0.903052 -0.247502
vn -0.000000 0.987652 0.156663
vn -0.669465 0.739597 0.069372
vn 0.669336 0.739699 0.069533
vn -0.000000 0.987652 0.156663
vn 0.669336 0.739699 0.069533
vn -0.000000 0.987652 0.156663
vn 0.880013 0.469260 0.073302
vn 0.866596 0.494594 0.066249
vn 0.882288 0.468187 0.048680
vn 0.880013 0.469260 0.073302
vn 0.882288 0.468187 0.048680
vn 0.893918 0.443044 0.067983
vn -0.867387 -0.494607 -0.054797
vn -0.901610 -0.326628 -0.283574
vn -0.351218 -0.902977 -0.247546
vn -0.867387 -0.494607 -0.054797
vn -0.351218 -0.902977 -0.247546
vn -0.161878 -0.986063 -0.038401
vn 0.644819 0.692281 -0.323967
vn 0.411477 0.861728 -0.296835
vn 0.209103 0.955150 -0.209675
vn -0.856513 0.459831 -0.234396
vn -0.422140 0.808772 -0.409495
vn -0.645539 0.691616 -0.323955
vn -0.002991 0.000786 0.999995
vn -0.003185 -0.002012 0.999993
vn -0.003185 -0.002012 0.999993
vn -0.901610 -0.326628 -0.283574
vn -0.867387 -0.494607 -0.054797
vn -0.856513 0.459831 -0.234396
vn -0.901610 -0.326628 -0.283574
vn -0.856513 0.459831 -0.234396
vn -0.867677 0.396440 -0.299953
vn -0.000000 0.987652 0.156663
vn 0.209103 0.955150 -0.209675
vn -0.209536 0.955064 -0.209639
vn -0.000000 0.987652 0.156663
vn -0.209536 0.955064 -0.209639
vn -0.000000 0.987652 0.156663
vn -0.645539 0.691616 -0.323955
vn -0.867677 0.396440 -0.299953
vn -0.856513 0.459831 -0.234396
vn -0.209536 0.955064 -0.209639
vn 0.209103 0.955150 -0.209675
vn 0.411477 0.861728 -0.296835
vn -0.209536 0.955064 -0.209639
vn 0.411477 0.861728 -0.296835
vn -0.411468 0.861708 -0.296905
vn 0.644819 0.692281 -0.323967
vn 0.421071 0.809197 -0.409755
vn 0.855949 0.460759 -0.234631
vn 0.867394 -0.494603 -0.054730
vn 0.901399 -0.327194 -0.283591
vn 0.867417 0.396912 -0.300082
vn 0.867394 -0.494603 -0.054730
vn 0.867417 0.396912 -0.300082
vn 0.855949 0.460759 -0.234631
vn 0.003393 -0.001711 0.999993
vn 0.003393 -0.001711 0.999993
vn 0.003179 0.001230 0.999994
vn -0.894258 0.442407 0.067661
vn -0.882647 0.467540 0.048374
vn -0.866923 0.494061 0.065934
vn -0.894258 0.442407 0.067661
vn -0.866923 0.494061 0.065934
vn -0.880340 0.468696 0.072979
vn 0.669336 0.739699 0.069533
vn 0.880013 0.469260 0.073302
vn 0.893918 0.443044 0.067983
vn 0.003606 -0.004653 0.999983
vn 0.003393 -0.001711 0.999993
vn 0.003393 -0.001711 0.999993
vn 0.003606 -0.004653 0.999983
vn 0.003393 -0.001711 0.999993
vn 0.003606 -0.004653 0.999983
vn 0.209103 0.955150 -0.209675
vn 0.421071 0.809197 -0.409755
vn 0.644819 0.692281 -0.323967
vn -0.003185 -0.002012 0.999993
vn -0.003379 -0.004809 0.999983
vn -0.003379 -0.004809 0.999983
vn -0.003185 -0.002012 0.999993
vn -0.003379 -0.004809 0.999983
vn -0.003185 -0.002012 0.999993
vn -0.209536 0.955064 -0.209639
vn -0.411468 0.861708 -0.296905
vn -0.645539 0.691616 -0.323955
vn 0.669336 0.739699 0.069533
vn 0.831379 0.551073 0.071607
vn 0.840870 0.535896 0.075843
vn -0.669465 0.739597 0.069372
vn -0.880340 0.468696 0.072979
vn -0.866923 0.494061 0.065934
vn -0.669465 0.739597 0.069372
vn -0.866923 0.494061 0.065934
vn -0.841035 0.535698 0.075425
vn 0.000176 -0.002014 -0.999998
vn -0.597793 -0.287847 -0.748190
vn -0.581034 0.212592 -0.785623
vn 0.000176 -0.002014 -0.999998
vn -0.581034 0.212592 -0.785623
vn 0.000176 -0.002014 -0.999998
vn 0.000176 -0.002014 -0.999998
vn 0.000176 -0.002014 -0.999998
vn 0.000176 -0.002014 -0.999998
vn 0.000176 -0.002014 -0.999998
vn 0.000176 -0.002014 -0.999998
vn 0.581403 0.212832 -0.785285
vn 0.000176 -0.002014 -0.999998
vn 0.581403 0.212832 -0.785285
vn 0.598281 -0.286663 -0.748254
vn 0.000176 -0.002014 -0.999998
vn 0.598281 -0.286663 -0.748254
vn 0.000176 -0.002014 -0.999998
vn 0.000176 -0.002014 -0.999998
vn 0.000176 -0.002014 -0.999998
vn 0.280103 -0.575639 -0.768233
vn 0.000176 -0.002014 -0.999998
vn 0.280103 -0.575639 -0.768233
vn -0.280056 -0.575724 -0.768186
vn -0.867677 0.396440 -0.299953
vn -0.645539 0.691616 -0.323955
vn -0.716308 0.608730 -0.341102
vn -0.867677 0.396440 -0.299953
vn -0.716308 0.608730 -0.341102
vn -0.830612 0.397163 -0.390315
vn 0.411477 0.861728 -0.296835
vn 0.644819 0.692281 -0.323967
vn 0.715779 0.609519 -0.340804
vn 0.411477 0.861728 -0.296835
vn 0.715779 0.609519 -0.340804
vn 0.395200 0.820904 -0.412230
vn -0.645539 0.691616 -0.323955
vn -0.411468 0.861708 -0.296905
vn -0.395169 0.820849 -0.412369
vn -0.645539 0.691616 -0.323955
vn -0.395169 0.820849 -0.412369
vn -0.716308 0.608730 -0.341102
vn -0.351218 -0.902977 -0.247546
vn -0.901610 -0.326628 -0.283574
vn -0.845028 -0.307163 -0.437698
vn -0.351218 -0.902977 -0.247546
vn -0.845028 -0.307163 -0.437698
vn -0.325150 -0.862697 -0.387339
vn 0.901399 -0.327194 -0.283591
vn 0.351055 -0.903052 -0.247502
vn 0.325095 -0.862703 -0.387371
vn 0.901399 -0.327194 -0.283591
vn 0.325095 -0.862703 -0.387371
vn 0.844678 -0.308328 -0.437553
vn 0.867417 0.396912 -0.300082
vn 0.901399 -0.327194 -0.283591
vn 0.844678 -0.308328 -0.437553
vn 0.867417 0.396912 -0.300082
vn 0.844678 -0.308328 -0.437553
vn 0.830672 0.396957 -0.390397
vn 0.644819 0.692281 -0.323967
vn 0.867417 0.396912 -0.300082
vn 0.830672 0.396957 -0.390397
vn 0.644819 0.692281 -0.323967
vn 0.830672 0.396957 -0.390397
vn 0.715779 0.609519 -0.340804
vn 0.351055 -0.903052 -0.247502
vn -0.351218 -0.902977 -0.247546
vn -0.325150 -0.862697 -0.387339
vn 0.351055 -0.903052 -0.247502
vn -0.325150 -0.862697 -0.387339
vn 0.325095 -0.862703 -0.387371
vn -0.901610 -0.326628 -0.283574
vn -0.867677 0.396440 -0.299953
vn -0.830612 0.397163 -0.390315
vn -0.901610 -0.326628 -0.283574
vn -0.830612 0.397163 -0.390315
vn -0.845028 -0.307163 -0.437698
vn -0.411468 0.861708 -0.296905
vn 0.411477 0.861728 -0.296835
vn 0.395200 0.820904 -0.412230
vn -0.411468 0.861708 -0.296905
vn 0.395200 0.820904 -0.412230
vn -0.395169 0.820849 -0.412369
vn 0.691420 -0.588050 -0.419686
vn 0.379334 -0.778677 -0.499768
vn 0.280103 -0.575639 -0.768233
vn 0.691420 -0.588050 -0.419686
vn 0.280103 -0.575639 -0.768233
vn 0.691420 -0.588050 -0.419686
vn 0.793557 -0.379232 -0.475868
vn 0.691420 -0.588050 -0.419686
vn 0.691420 -0.588050 -0.419686
vn 0.793557 -0.379232 -0.475868
vn 0.691420 -0.588050 -0.419686
vn 0.598281 -0.286663 -0.748254
vn 0.797925 0.293240 -0.526618
vn 0.793557 -0.379232 -0.475868
vn 0.598281 -0.286663 -0.748254
vn 0.797925 0.293240 -0.526618
vn 0.598281 -0.286663 -0.748254
vn 0.581403 0.212832 -0.785285
vn 0.312793 0.823111 -0.473972
vn 0.797925 0.293240 -0.526618
vn 0.581403 0.212832 -0.785285
vn 0.312793 0.823111 -0.473972
vn 0.581403 0.212832 -0.785285
vn 0.312793 0.823111 -0.473972
vn -0.312246 0.823294 -0.474015
vn 0.312793 0.823111 -0.473972
vn 0.312793 0.823111 -0.473972
vn -0.312246 0.823294 -0.474015
vn 0.312793 0.823111 -0.473972
vn -0.312246 0.823294 -0.474015
vn -0.797776 0.292969 -0.526994
vn -0.312246 0.823294 -0.474015
vn -0.312246 0.823294 -0.474015
vn -0.797776 0.292969 -0.526994
vn -0.312246 0.823294 -0.474015
vn -0.581034 0.212592 -0.785623
vn -0.792981 -0.380748 -0.475617
vn -0.797776 0.292969 -0.526994
vn -0.581034 0.212592 -0.785623
vn -0.792981 -0.380748 -0.475617
vn -0.581034 0.212592 -0.785623
vn -0.597793 -0.287847 -0.748190
vn -0.690993 -0.588816 -0.419314
vn -0.792981 -0.380748 -0.475617
vn -0.597793 -0.287847 -0.748190
vn -0.690993 -0.588816 -0.419314
vn -0.597793 -0.287847 -0.748190
vn -0.690993 -0.588816 -0.419314
vn -0.379433 -0.778733 -0.499606
vn -0.690993 -0.588816 -0.419314
vn -0.690993 -0.588816 -0.419314
vn -0.379433 -0.778733 -0.499606
vn -0.690993 -0.588816 -0.419314
vn -0.280056 -0.575724 -0.768186
vn 0.379334 -0.778677 -0.499768
vn -0.379433 -0.778733 -0.499606
vn -0.280056 -0.575724 -0.768186
vn 0.379334 -0.778677 -0.499768
vn -0.280056 -0.575724 -0.768186
vn 0.280103 -0.575639 -0.768233
vn 0.713695 0.697733 -0.061708
vn 0.860870 0.508825 0.000305
vn 0.712447 0.700449 -0.042316
vn -0.712445 0.700447 -0.042374
vn -0.860870 0.508825 0.000280
vn -0.713690 0.697728 -0.061823
vn -0.161878 -0.986063 -0.038401
vn 0.113132 -0.993520 -0.010941
vn 0.239363 -0.970882 -0.009662
vn -0.239363 -0.970882 -0.009682
vn -0.113129 -0.993520 -0.010951
vn 0.161802 -0.986078 -0.038338
vn 0.674712 -0.734683 0.070743
vn 0.674712 -0.734683 0.070743
vn 0.161802 -0.986078 -0.038338
vn 0.674712 -0.734683 0.070743
vn 0.161802 -0.986078 -0.038338
vn 0.867394 -0.494603 -0.054730
vn -0.085489 -0.037634 0.995628
vn -0.120438 -0.047846 0.991567
vn -0.120438 -0.047846 0.991567
vn -0.085489 -0.037634 0.995628
vn -0.120438 -0.047846 0.991567
vn -0.085489 -0.037634 0.995628
vn -0.124133 -0.057261 -0.990612
vn -0.176082 -0.072479 -0.981704
vn -0.176082 -0.072479 -0.981704
vn -0.124133 -0.057261 -0.990612
vn -0.176082 -0.072479 -0.981704
vn -0.124133 -0.057261 -0.990612
vn -0.726033 0.687273 0.023078
vn -0.393682 0.919156 0.012887
vn -0.393682 0.919156 0.012887
vn -0.726033 0.687273 0.023078
vn -0.393682 0.919156 0.012887
vn -0.726033 0.687273 0.023078
vn 0.573256 -0.818254 0.042862
vn 0.384816 -0.921553 0.051535
vn 0.384816 -0.921553 0.051535
vn 0.573256 -0.818254 0.042862
vn 0.384816 -0.921553 0.051535
vn 0.573256 -0.818254 0.042862
vn -0.574496 -0.817393 0.042705
vn -0.387309 -0.920517 0.051389
vn -0.387309 -0.920517 0.051389
vn -0.574496 -0.817393 0.042705
vn -0.387309 -0.920517 0.051389
vn -0.574496 -0.817393 0.042705
vn 0.726614 0.686652 0.023260
vn 0.394555 0.918781 0.012979
vn 0.394555 0.918781 0.012979
vn 0.726614 0.686652 0.023260
vn 0.394555 0.918781 0.012979
vn 0.726614 0.686652 0.023260
vn 0.124592 -0.057227 -0.990556
vn 0.176614 -0.072491 -0.981607
vn 0.176614 -0.072491 -0.981607
vn 0.124592 -0.057227 -0.990556
vn 0.176614 -0.072491 -0.981607
vn 0.124592 -0.057227 -0.990556
vn 0.085077 -0.037839 0.995656
vn 0.120076 -0.048109 0.991598
vn 0.120076 -0.048109 0.991598
vn 0.085077 -0.037839 0.995656
vn 0.120076 -0.048109 0.991598
vn 0.085077 -0.037839 0.995656
vn 0.772136 -0.634469 0.035418
vn 0.772136 -0.634469 0.035418
vn 0.772136 -0.634469 0.035418
vn 0.772136 -0.634469 0.035418
vn 0.772136 -0.634469 0.035418
vn 0.772136 -0.634469 0.035418
vn -0.772631 -0.633878 0.035223
vn -0.772631 -0.633878 0.035223
vn -0.772631 -0.633878 0.035223
vn -0.772631 -0.633878 0.035223
vn -0.772631 -0.633878 0.035223
vn -0.772631 -0.633878 0.035223
vn -0.124133 -0.057261 -0.990612
vn -0.071811 -0.041872 -0.996539
vn -0.071811 -0.041872 -0.996539
vn -0.124133 -0.057261 -0.990612
vn -0.071811 -0.041872 -0.996539
vn -0.124133 -0.057261 -0.990612
vn -0.085489 -0.037634 0.995628
vn -0.050425 -0.027371 0.998353
vn -0.050425 -0.027371 0.998353
vn -0.085489 -0.037634 0.995628
vn -0.050425 -0.027371 0.998353
vn -0.085489 -0.037634 0.995628
vn 0.124592 -0.057227 -0.990556
vn 0.072194 -0.041790 -0.996515
vn 0.072194 -0.041790 -0.996515
vn 0.124592 -0.057227 -0.990556
vn 0.072194 -0.041790 -0.996515
vn 0.124592 -0.057227 -0.990556
vn 0.085077 -0.037839 0.995656
vn 0.049963 -0.027517 0.998372
vn 0.049963 -0.027517 0.998372
vn 0.085077 -0.037839 0.995656
vn 0.049963 -0.027517 0.998372
vn 0.085077 -0.037839 0.995656
vn 0.726614 0.686652 0.023260
vn 0.939325 0.341740 0.029721
vn 0.939325 0.341740 0.029721
vn 0.726614 0.686652 0.023260
vn 0.939325 0.341740 0.029721
vn 0.726614 0.686652 0.023260
vn -0.574496 -0.817393 0.042705
vn -0.735400 -0.676874 0.032067
vn -0.735400 -0.676874 0.032067
vn -0.574496 -0.817393 0.042705
vn -0.735400 -0.676874 0.032067
vn -0.574496 -0.817393 0.042705
vn -0.726033 0.687273 0.023078
vn -0.939074 0.342449 0.029477
vn -0.939074 0.342449 0.029477
vn -0.726033 0.687273 0.023078
vn -0.939074 0.342449 0.029477
vn -0.726033 0.687273 0.023078
vn 0.573256 -0.818254 0.042862
vn 0.735180 -0.677106 0.032206
vn 0.735180 -0.677106 0.032206
vn 0.573256 -0.818254 0.042862
vn 0.735180 -0.677106 0.032206
vn 0.573256 -0.818254 0.042862
f 3/1/1 25/2/2 20/3/3
f 3/4/4 20/5/5 4/6/6
f 3/7/7 4/8/8 2/9/9
f 3/10/10 2/11/11 1/12/12
f 13/13/13 8/14/14 6/15/15
f 13/16/16 6/17/17 11/18/18
f 14/19/19 5/20/20 3/21/21
f 14/22/22 3/23/23 1/24/24
f 15/25/25 10/26/26 12/27/27
f 15/28/28 12/29/29 6/30/30
f 15/31/31 6/32/32 14/33/33
f 21/34/34 9/35/35 4/36/36
f 21/37/37 4/38/38 20/39/39
f 17/40/40 19/41/41 18/42/42
f 12/43/43 2/44/44 11/45/45
f 12/46/46 10/47/47 16/48/48
f 12/49/49 16/50/50 1/51/51
f 12/52/52 1/53/53 2/54/54
f 7/55/55 3/56/56 5/57/57
f 9/58/58 8/59/59 13/60/60
f 13/61/61 4/62/62 9/63/63
f 11/64/64 2/65/65 4/66/66
f 11/67/67 4/68/68 13/69/69
f 11/70/70 6/71/71 12/72/72
f 17/73/73 18/74/74 15/75/75
f 17/76/76 15/77/77 16/78/78
f 18/79/79 19/80/80 10/81/81
f 18/82/82 10/83/83 15/84/84
f 19/85/85 17/86/86 16/87/87
f 19/88/88 16/89/89 10/90/90
f 14/91/91 1/92/92 16/93/93
f 24/94/94 8/95/95 9/96/96
f 24/97/97 9/98/98 21/99/99
f 14/100/100 6/101/101 8/102/102
f 14/103/103 8/104/104 24/105/105
f 14/106/106 24/107/107 23/108/108
f 14/109/109 23/110/110 5/111/111
f 16/112/112 15/113/113 14/114/114
f 25/115/115 3/116/116 7/117/117
f 25/118/118 7/119/119 22/120/120
f 22/121/121 7/122/122 5/123/123
f 22/124/124 5/125/125 23/126/126
f 22/127/127 23/128/128 25/129/129
f 20/130/130 24/131/131 21/132/132
f 25/133/133 23/134/134 24/135/135
f 25/136/136 24/137/137 20/138/138
f 29/139/139 26/140/140 27/141/141
f 32/142/142 28/143/143 31/144/144
f 28/145/145 30/146/146 31/147/147
f 26/148/148 28/149/149 32/150/150
f 26/151/151 32/152/152 27/153/153
f 28/154/154 26/155/155 30/156/156
f 29/157/157 30/158/158 26/159/159
f 33/160/160 34/161/161 36/162/162
f 33/163/163 36/164/164 52/165/165
f 33/166/166 52/167/167 57/168/168
f 33/169/169 57/170/170 35/171/171
f 43/172/172 38/173/173 40/174/174
f 43/175/175 40/176/176 45/177/177
f 33/178/178 35/179/179 37/180/180
f 33/181/181 37/182/182 46/183/183
f 46/184/184 38/185/185 44/186/186
f 46/187/187 44/188/188 42/189/189
f 46/190/190 42/191/191 47/192/192
f 52/193/193 36/194/194 41/195/195
f 52/196/196 41/197/197 53/198/198
f 50/199/199 51/200/200 49/201/201
f 43/202/202 34/203/203 44/204/204
f 34/205/205 33/206/206 48/207/207
f 34/208/208 48/209/209 42/210/210
f 34/211/211 42/212/212 44/213/213
f 37/214/214 35/215/215 39/216/216
f 45/217/217 40/218/218 41/219/219
f 41/220/220 36/221/221 45/222/222
f 45/223/223 36/224/224 34/225/225
f 45/226/226 34/227/227 43/228/228
f 44/229/229 38/230/230 43/231/231
f 48/232/232 47/233/233 50/234/234
f 48/235/235 50/236/236 49/237/237
f 47/238/238 42/239/239 51/240/240
f 47/241/241 51/242/242 50/243/243
f 42/244/244 48/245/245 49/246/246
f 42/247/247 49/248/248 51/249/249
f 48/250/250 33/251/251 46/252/252
f 53/253/253 41/254/254 40/255/255
f 53/256/256 40/257/257 56/258/258
f 37/259/259 55/260/260 56/261/261
f 37/262/262 56/263/263 40/264/264
f 37/265/265 40/266/266 38/267/267
f 37/268/268 38/269/269 46/270/270
f 46/271/271 47/272/272 48/273/273
f 54/274/274 39/275/275 35/276/276
f 54/277/277 35/278/278 57/279/279
f 55/280/280 37/281/281 39/282/282
f 55/283/283 39/284/284 54/285/285
f 57/286/286 55/287/287 54/288/288
f 53/289/289 56/290/290 52/291/291
f 52/292/292 56/293/293 55/294/294
f 52/295/295 55/296/296 57/297/297
f 82/298/298 80/299/299 81/300/300
f 82/301/301 81/302/302 76/303/303
f 82/304/304 76/305/305 77/306/306
f 82/307/307 77/308/308 78/309/309
f 106/310/310 62/311/311 70/312/312
f 106/313/313 70/314/314 95/315/315
f 109/316/316 62/317/317 106/318/318
f 109/319/319 106/320/320 112/321/321
f 73/322/322 58/323/323 65/324/324
f 73/325/325 65/326/326 92/327/327
f 75/328/328 61/329/329 69/330/330
f 75/331/331 69/332/332 100/333/333
f 134/334/334 75/335/335 100/336/336
f 100/337/337 69/338/338 68/339/339
f 100/340/340 68/341/341 101/342/342
f 72/343/343 71/344/344 77/345/345
f 72/346/346 77/347/347 76/348/348
f 71/349/349 70/350/350 78/351/351
f 71/352/352 78/353/353 77/354/354
f 70/355/355 62/356/356 79/357/357
f 70/358/358 79/359/359 78/360/360
f 69/361/361 61/362/362 81/363/363
f 69/364/364 81/365/365 80/366/366
f 68/367/367 69/368/368 80/369/369
f 68/370/370 80/371/371 82/372/372
f 67/373/373 66/374/374 84/375/375
f 67/376/376 84/377/377 83/378/378
f 66/379/379 68/380/380 82/381/381
f 66/382/382 82/383/383 84/384/384
f 64/385/385 65/386/386 85/387/387
f 64/388/388 85/389/389 86/390/390
f 63/391/391 64/392/392 86/393/393
f 63/394/394 86/395/395 87/396/396
f 59/397/397 63/398/398 87/399/399
f 59/400/400 87/401/401 88/402/402
f 61/403/403 72/404/404 76/405/405
f 61/406/406 76/407/407 81/408/408
f 58/409/409 67/410/410 83/411/411
f 58/412/412 83/413/413 89/414/414
f 109/415/415 59/416/416 88/417/417
f 109/418/418 88/419/419 113/420/420
f 65/421/421 58/422/422 89/423/423
f 65/424/424 89/425/425 85/426/426
f 90/427/427 72/428/428 61/429/429
f 90/430/430 61/431/431 75/432/432
f 134/433/433 90/434/434 75/435/435
f 73/436/436 92/437/437 135/438/438
f 92/439/439 65/440/440 64/441/441
f 92/442/442 64/443/443 99/444/444
f 99/445/445 64/446/446 63/447/447
f 99/448/448 63/449/449 97/450/450
f 135/451/451 92/452/452 99/453/453
f 95/454/454 70/455/455 71/456/456
f 95/457/457 71/458/458 94/459/459
f 94/460/460 71/461/461 72/462/462
f 94/463/463 72/464/464 90/465/465
f 104/466/466 67/467/467 58/468/468
f 104/469/469 58/470/470 73/471/471
f 102/472/472 66/473/473 67/474/474
f 102/475/475 67/476/476 104/477/477
f 101/478/478 68/479/479 66/480/480
f 101/481/481 66/482/482 102/483/483
f 135/484/484 134/485/485 101/486/486
f 135/487/487 101/488/488 102/489/489
f 104/490/490 73/491/491 135/492/492
f 140/493/493 107/494/494 133/495/495
f 97/496/496 63/497/497 59/498/498
f 97/499/499 59/500/500 108/501/501
f 112/502/502 106/503/503 105/504/504
f 112/505/505 105/506/506 110/507/507
f 87/508/508 84/509/509 82/510/510
f 87/511/511 82/512/512 78/513/513
f 78/514/514 79/515/515 113/516/516
f 78/517/517 113/518/518 88/519/519
f 78/520/520 88/521/521 87/522/522
f 87/523/523 86/524/524 85/525/525
f 87/526/526 85/527/527 89/528/528
f 87/529/529 89/530/530 83/531/531
f 87/532/532 83/533/533 84/534/534
f 110/535/535 107/536/536 108/537/537
f 110/538/538 108/539/539 112/540/540
f 112/541/541 108/542/542 59/543/543
f 112/544/544 59/545/545 109/546/546
f 113/547/547 79/548/548 62/549/549
f 113/550/550 62/551/551 109/552/552
f 97/553/553 108/554/554 107/555/555
f 94/556/556 90/557/557 134/558/558
f 105/559/559 106/560/560 95/561/561
f 105/562/562 107/563/563 110/564/564
f 97/565/565 98/566/566 124/567/567
f 97/568/568 124/569/569 135/570/570
f 105/571/571 95/572/572 117/573/573
f 98/574/574 97/575/575 107/576/576
f 128/577/577 131/578/578 121/579/579
f 136/580/580 134/581/581 135/582/582
f 136/583/583 135/584/584 137/585/585
f 129/586/586 122/587/587 141/588/588
f 129/589/589 141/590/590 105/591/591
f 124/592/592 98/593/593 107/594/594
f 143/595/595 142/596/596 91/597/597
f 130/598/598 129/599/599 134/600/600
f 130/601/601 134/602/602 136/603/603
f 133/604/604 107/605/605 105/606/606
f 133/607/607 105/608/608 132/609/609
f 141/610/610 122/611/611 111/612/612
f 141/613/613 111/614/614 132/615/615
f 124/616/616 127/617/617 137/618/618
f 124/619/619 137/620/620 135/621/621
f 121/622/622 93/623/623 111/624/624
f 144/625/625 142/626/626 143/627/627
f 124/628/628 123/629/629 144/630/630
f 127/631/631 124/632/632 144/633/633
f 127/634/634 144/635/635 145/636/636
f 132/637/637 111/638/638 91/639/639
f 132/640/640 91/641/641 133/642/642
f 143/643/643 145/644/644 144/645/645
f 91/646/646 111/647/647 93/648/648
f 91/649/649 93/650/650 114/651/651
f 121/652/652 74/653/653 128/654/654
f 129/655/655 130/656/656 131/657/657
f 129/658/658 131/659/659 128/660/660
f 128/661/661 122/662/662 129/663/663
f 133/664/664 91/665/665 123/666/666
f 133/667/667 123/668/668 140/669/669
f 105/670/670 141/671/671 132/672/672
f 111/673/673 122/674/674 128/675/675
f 111/676/676 128/677/677 74/678/678
f 111/679/679 74/680/680 121/681/681
f 123/682/682 91/683/683 142/684/684
f 123/685/685 142/686/686 144/687/687
f 91/688/688 114/689/689 143/690/690
f 105/691/691 117/692/692 129/693/693
f 107/694/694 140/695/695 123/696/696
f 107/697/697 123/698/698 124/699/699
f 125/700/700 119/701/701 103/702/702
f 125/703/703 103/704/704 115/705/705
f 125/706/706 115/707/707 96/708/708
f 125/709/709 96/710/710 116/711/711
f 125/712/712 116/713/713 118/714/714
f 125/715/715 118/716/716 60/717/717
f 125/718/718 60/719/719 120/720/720
f 125/721/721 120/722/722 126/723/723
f 145/724/724 143/725/725 147/726/726
f 145/727/727 147/728/728 146/729/729
f 93/730/730 121/731/731 149/732/732
f 93/733/733 149/734/734 148/735/735
f 143/736/736 114/737/737 150/738/738
f 143/739/739 150/740/740 147/741/741
f 137/742/742 127/743/743 152/744/744
f 137/745/745 152/746/746 151/747/747
f 130/748/748 136/749/749 138/750/750
f 130/751/751 138/752/752 153/753/753
f 131/754/754 130/755/755 153/756/756
f 131/757/757 153/758/758 139/759/759
f 121/760/760 131/761/761 139/762/762
f 121/763/763 139/764/764 149/765/765
f 136/766/766 137/767/767 151/768/768
f 136/769/769 151/770/770 138/771/771
f 127/772/772 145/773/773 146/774/774
f 127/775/775 146/776/776 152/777/777
f 114/778/778 93/779/779 148/780/780
f 114/781/781 148/782/782 150/783/783
f 147/784/784 150/785/785 120/786/786
f 147/787/787 120/788/788 60/789/789
f 146/790/790 147/791/791 60/792/792
f 146/793/793 60/794/794 118/795/795
f 152/796/796 146/797/797 118/798/798
f 152/799/799 118/800/800 116/801/801
f 151/802/802 152/803/803 116/804/804
f 151/805/805 116/806/806 96/807/807
f 138/808/808 151/809/809 96/810/810
f 138/811/811 96/812/812 115/813/813
f 153/814/814 138/815/815 115/816/816
f 153/817/817 115/818/818 103/819/819
f 139/820/820 153/821/821 103/822/822
f 139/823/823 103/824/824 119/825/825
f 149/826/826 139/827/827 119/828/828
f 149/829/829 119/830/830 125/831/831
f 148/832/832 149/833/833 125/834/834
f 148/835/835 125/836/836 126/837/837
f 150/838/838 148/839/839 126/840/840
f 150/841/841 126/842/842 120/843/843
f 134/844/844 95/845/845 94/846/846
f 99/847/847 97/848/848 135/849/849
f 135/850/850 102/851/851 104/852/852
f 100/853/853 101/854/854 134/855/855
f 117/856/856 95/857/857 134/858/858
f 117/859/859 134/860/860 129/861/861
f 154/862/862 155/863/863 157/864/864
f 154/865/865 157/866/866 173/867/867
f 154/868/868 173/869/869 178/870/870
f 154/871/871 178/872/872 156/873/873
f 164/874/874 159/875/875 161/876/876
f 164/877/877 161/878/878 166/879/879
f 154/880/880 156/881/881 158/882/882
f 154/883/883 158/884/884 167/885/885
f 167/886/886 159/887/887 165/888/888
f 167/889/889 165/890/890 163/891/891
f 167/892/892 163/893/893 168/894/894
f 173/895/895 157/896/896 162/897/897
f 173/898/898 162/899/899 174/900/900
f 171/901/901 172/902/902 170/903/903
f 164/904/904 155/905/905 165/906/906
f 155/907/907 154/908/908 169/909/909
f 155/910/910 169/911/911 163/912/912
f 155/913/913 163/914/914 165/915/915
f 158/916/916 156/917/917 160/918/918
f 166/919/919 161/920/920 162/921/921
f 162/922/922 157/923/923 166/924/924
f 166/925/925 157/926/926 155/927/927
f 166/928/928 155/929/929 164/930/930
f 165/931/931 159/932/932 164/933/933
f 169/934/934 168/935/935 171/936/936
f 169/937/937 171/938/938 170/939/939
f 168/940/940 163/941/941 172/942/942
f 168/943/943 172/944/944 171/945/945
f 163/946/946 169/947/947 170/948/948
f 163/949/949 170/950/950 172/951/951
f 169/952/952 154/953/953 167/954/954
f 174/955/955 162/956/956 161/957/957
f 174/958/958 161/959/959 177/960/960
f 158/961/961 176/962/962 177/963/963
f 158/964/964 177/965/965 161/966/966
f 158/967/967 161/968/968 159/969/969
f 158/970/970 159/971/971 167/972/972
f 167/973/973 168/974/974 169/975/975
f 175/976/976 160/977/977 156/978/978
f 175/979/979 156/980/980 178/981/981
f 176/982/982 158/983/983 160/984/984
f 176/985/985 160/986/986 175/987/987
f 178/988/988 176/989/989 175/990/990
f 174/991/991 177/992/992 173/993/993
f 173/994/994 177/995/995 176/996/996
f 173/997/997 176/998/998 178/999/999
f 179/1000/1000 180/1001/1001 182/1002/1002
f 179/1003/1003 182/1004/1004 198/1005/1005
f 179/1006/1006 198/1007/1007 203/1008/1008
f 179/1009/1009 203/1010/1010 181/1011/1011
f 189/1012/1012 184/1013/1013 186/1014/1014
f 189/1015/1015 186/1016/1016 191/1017/1017
f 179/1018/1018 181/1019/1019 183/1020/1020
f 179/1021/1021 183/1022/1022 192/1023/1023
f 192/1024/1024 184/1025/1025 190/1026/1026
f 192/1027/1027 190/1028/1028 188/1029/1029
f 192/1030/1030 188/1031/1031 193/1032/1032
f 198/1033/1033 182/1034/1034 187/1035/1035
f 198/1036/1036 187/1037/1037 199/1038/1038
f 196/1039/1039 197/1040/1040 195/1041/1041
f 189/1042/1042 180/1043/1043 190/1044/1044
f 180/1045/1045 179/1046/1046 194/1047/1047
f 180/1048/1048 194/1049/1049 188/1050/1050
f 180/1051/1051 188/1052/1052 190/1053/1053
f 183/1054/1054 181/1055/1055 185/1056/1056
f 191/1057/1057 186/1058/1058 187/1059/1059
f 187/1060/1060 182/1061/1061 191/1062/1062
f 191/1063/1063 182/1064/1064 180/1065/1065
f 191/1066/1066 180/1067/1067 189/1068/1068
f 190/1069/1069 184/1070/1070 189/1071/1071
f 194/1072/1072 193/1073/1073 196/1074/1074
f 194/1075/1075 196/1076/1076 195/1077/1077
f 193/1078/1078 188/1079/1079 197/1080/1080
f 193/1081/1081 197/1082/1082 196/1083/1083
f 188/1084/1084 194/1085/1085 195/1086/1086
f 188/1087/1087 195/1088/1088 197/1089/1089
f 194/1090/1090 179/1091/1091 192/1092/1092
f 199/1093/1093 187/1094/1094 186/1095/1095
f 199/1096/1096 186/1097/1097 202/1098/1098
f 183/1099/1099 201/1100/1100 202/1101/1101
f 183/1102/1102 202/1103/1103 186/1104/1104
f 183/1105/1105 186/1106/1106 184/1107/1107
f 183/1108/1108 184/1109/1109 192/1110/1110
f 192/1111/1111 193/1112/1112 194/1113/1113
f 200/1114/1114 185/1115/1115 181/1116/1116
f 200/1117/1117 181/1118/1118 203/1119/1119
f 201/1120/1120 183/1121/1121 185/1122/1122
f 201/1123/1123 185/1124/1124 200/1125/1125
f 203/1126/1126 201/1127/1127 200/1128/1128
f 199/1129/1129 202/1130/1130 198/1131/1131
f 198/1132/1132 202/1133/1133 201/1134/1134
f 198/1135/1135 201/1136/1136 203/1137/1137
f 210/1138/1138 217/1139/1139 216/1140/1140
f 210/1141/1141 216/1142/1142 204/1143/1143
f 210/1144/1144 204/1145/1145 211/1146/1146
f 210/1147/1147 211/1148/1148 205/1149/1149
f 207/1150/1150 206/1151/1151 213/1152/1152
f 207/1153/1153 213/1154/1154 214/1155/1155
f 207/1156/1156 214/1157/1157 209/1158/1158
f 207/1159/1159 209/1160/1160 208/1161/1161
f 218/1162/1162 215/1163/1163 216/1164/1164
f 218/1165/1165 216/1166/1166 217/1167/1167
f 208/1168/1168 205/1169/1169 211/1170/1170
f 208/1171/1171 211/1172/1172 207/1173/1173
f 210/1174/1174 205/1175/1175 208/1176/1176
f 210/1177/1177 208/1178/1178 209/1179/1179
f 215/1180/1180 218/1181/1181 219/1182/1182
f 215/1183/1183 219/1184/1184 212/1185/1185
f 214/1186/1186 213/1187/1187 212/1188/1188
f 214/1189/1189 212/1190/1190 219/1191/1191
f 204/1192/1192 206/1193/1193 207/1194/1194
f 204/1195/1195 207/1196/1196 211/1197/1197
f 213/1198/1198 206/1199/1199 204/1200/1200
f 213/1201/1201 204/1202/1202 216/1203/1203
f 214/1204/1204 217/1205/1205 210/1206/1206
f 214/1207/1207 210/1208/1208 209/1209/1209
f 214/1210/1210 219/1211/1211 218/1212/1212
f 214/1213/1213 218/1214/1214 217/1215/1215
f 216/1216/1216 215/1217/1217 212/1218/1218
f 216/1219/1219 212/1220/1220 213/1221/1221
f 221/1222/1222 226/1223/1223 223/1224/1224
f 221/1225/1225 223/1226/1226 224/1227/1227
f 228/1228/1228 222/1229/1229 225/1230/1230
f 228/1231/1231 225/1232/1232 220/1233/1233
f 222/1234/1234 227/1235/1235 224/1236/1236
f 222/1237/1237 224/1238/1238 225/1239/1239
f 226/1240/1240 221/1241/1241 227/1242/1242
f 226/1243/1243 227/1244/1244 222/1245/1245
f 226/1246/1246 222/1247/1247 228/1248/1248
f 220/1249/1249 225/1250/1250 224/1251/1251
f 220/1252/1252 224/1253/1253 223/1254/1254
f 226/1255/1255 228/1256/1256 220/1257/1257
f 226/1258/1258 220/1259/1259 223/1260/1260
f 224/1261/1261 227/1262/1262 221/1263/1263
f 253/1264/1264 251/1265/1265 252/1266/1266
f 253/1267/1267 252/1268/1268 247/1269/1269
f 253/1270/1270 247/1271/1271 248/1272/1272
f 253/1273/1273 248/1274/1274 249/1275/1275
f 277/1276/1276 233/1277/1277 241/1278/1278
f 277/1279/1279 241/1280/1280 266/1281/1281
f 280/1282/1282 233/1283/1283 277/1284/1284
f 280/1285/1285 277/1286/1286 283/1287/1287
f 244/1288/1288 229/1289/1289 236/1290/1290
f 244/1291/1291 236/1292/1292 263/1293/1293
f 246/1294/1294 232/1295/1295 240/1296/1296
f 246/1297/1297 240/1298/1298 271/1299/1299
f 305/1300/1300 246/1301/1301 271/1302/1302
f 271/1303/1303 240/1304/1304 239/1305/1305
f 271/1306/1306 239/1307/1307 272/1308/1308
f 243/1309/1309 242/1310/1310 248/1311/1311
f 243/1312/1312 248/1313/1313 247/1314/1314
f 242/1315/1315 241/1316/1316 249/1317/1317
f 242/1318/1318 249/1319/1319 248/1320/1320
f 241/1321/1321 233/1322/1322 250/1323/1323
f 241/1324/1324 250/1325/1325 249/1326/1326
f 240/1327/1327 232/1328/1328 252/1329/1329
f 240/1330/1330 252/1331/1331 251/1332/1332
f 239/1333/1333 240/1334/1334 251/1335/1335
f 239/1336/1336 251/1337/1337 253/1338/1338
f 238/1339/1339 237/1340/1340 255/1341/1341
f 238/1342/1342 255/1343/1343 254/1344/1344
f 237/1345/1345 239/1346/1346 253/1347/1347
f 237/1348/1348 253/1349/1349 255/1350/1350
f 235/1351/1351 236/1352/1352 256/1353/1353
f 235/1354/1354 256/1355/1355 257/1356/1356
f 234/1357/1357 235/1358/1358 257/1359/1359
f 234/1360/1360 257/1361/1361 258/1362/1362
f 230/1363/1363 234/1364/1364 258/1365/1365
f 230/1366/1366 258/1367/1367 259/1368/1368
f 232/1369/1369 243/1370/1370 247/1371/1371
f 232/1372/1372 247/1373/1373 252/1374/1374
f 229/1375/1375 238/1376/1376 254/1377/1377
f 229/1378/1378 254/1379/1379 260/1380/1380
f 280/1381/1381 230/1382/1382 259/1383/1383
f 280/1384/1384 259/1385/1385 284/1386/1386
f 236/1387/1387 229/1388/1388 260/1389/1389
f 236/1390/1390 260/1391/1391 256/1392/1392
f 261/1393/1393 243/1394/1394 232/1395/1395
f 261/1396/1396 232/1397/1397 246/1398/1398
f 305/1399/1399 261/1400/1400 246/1401/1401
f 244/1402/1402 263/1403/1403 306/1404/1404
f 263/1405/1405 236/1406/1406 235/1407/1407
f 263/1408/1408 235/1409/1409 270/1410/1410
f 270/1411/1411 235/1412/1412 234/1413/1413
f 270/1414/1414 234/1415/1415 268/1416/1416
f 306/1417/1417 263/1418/1418 270/1419/1419
f 266/1420/1420 241/1421/1421 242/1422/1422
f 266/1423/1423 242/1424/1424 265/1425/1425
f 265/1426/1426 242/1427/1427 243/1428/1428
f 265/1429/1429 243/1430/1430 261/1431/1431
f 275/1432/1432 238/1433/1433 229/1434/1434
f 275/1435/1435 229/1436/1436 244/1437/1437
f 273/1438/1438 237/1439/1439 238/1440/1440
f 273/1441/1441 238/1442/1442 275/1443/1443
f 272/1444/1444 239/1445/1445 237/1446/1446
f 272/1447/1447 237/1448/1448 273/1449/1449
f 306/1450/1450 305/1451/1451 272/1452/1452
f 306/1453/1453 272/1454/1454 273/1455/1455
f 275/1456/1456 244/1457/1457 306/1458/1458
f 311/1459/1459 278/1460/1460 304/1461/1461
f 268/1462/1462 234/1463/1463 230/1464/1464
f 268/1465/1465 230/1466/1466 279/1467/1467
f 283/1468/1468 277/1469/1469 276/1470/1470
f 283/1471/1471 276/1472/1472 281/1473/1473
f 258/1474/1474 255/1475/1475 253/1476/1476
f 258/1477/1477 253/1478/1478 249/1479/1479
f 249/1480/1480 250/1481/1481 284/1482/1482
f 249/1483/1483 284/1484/1484 259/1485/1485
f 249/1486/1486 259/1487/1487 258/1488/1488
f 258/1489/1489 257/1490/1490 256/1491/1491
f 258/1492/1492 256/1493/1493 260/1494/1494
f 258/1495/1495 260/1496/1496 254/1497/1497
f 258/1498/1498 254/1499/1499 255/1500/1500
f 281/1501/1501 278/1502/1502 279/1503/1503
f 281/1504/1504 279/1505/1505 283/1506/1506
f 283/1507/1507 279/1508/1508 230/1509/1509
f 283/1510/1510 230/1511/1511 280/1512/1512
f 284/1513/1513 250/1514/1514 233/1515/1515
f 284/1516/1516 233/1517/1517 280/1518/1518
f 268/1519/1519 279/1520/1520 278/1521/1521
f 265/1522/1522 261/1523/1523 305/1524/1524
f 276/1525/1525 277/1526/1526 266/1527/1527
f 276/1528/1528 278/1529/1529 281/1530/1530
f 268/1531/1531 269/1532/1532 295/1533/1533
f 268/1534/1534 295/1535/1535 306/1536/1536
f 276/1537/1537 266/1538/1538 288/1539/1539
f 269/1540/1540 268/1541/1541 278/1542/1542
f 299/1543/1543 302/1544/1544 292/1545/1545
f 307/1546/1546 305/1547/1547 306/1548/1548
f 307/1549/1549 306/1550/1550 308/1551/1551
f 300/1552/1552 293/1553/1553 312/1554/1554
f 300/1555/1555 312/1556/1556 276/1557/1557
f 295/1558/1558 269/1559/1559 278/1560/1560
f 314/1561/1561 313/1562/1562 262/1563/1563
f 301/1564/1564 300/1565/1565 305/1566/1566
f 301/1567/1567 305/1568/1568 307/1569/1569
f 304/1570/1570 278/1571/1571 276/1572/1572
f 304/1573/1573 276/1574/1574 303/1575/1575
f 312/1576/1576 293/1577/1577 282/1578/1578
f 312/1579/1579 282/1580/1580 303/1581/1581
f 295/1582/1582 298/1583/1583 308/1584/1584
f 295/1585/1585 308/1586/1586 306/1587/1587
f 292/1588/1588 264/1589/1589 282/1590/1590
f 315/1591/1591 313/1592/1592 314/1593/1593
f 295/1594/1594 294/1595/1595 315/1596/1596
f 298/1597/1597 295/1598/1598 315/1599/1599
f 298/1600/1600 315/1601/1601 316/1602/1602
f 303/1603/1603 282/1604/1604 262/1605/1605
f 303/1606/1606 262/1607/1607 304/1608/1608
f 314/1609/1609 316/1610/1610 315/1611/1611
f 262/1612/1612 282/1613/1613 264/1614/1614
f 262/1615/1615 264/1616/1616 285/1617/1617
f 292/1618/1618 245/1619/1619 299/1620/1620
f 300/1621/1621 301/1622/1622 302/1623/1623
f 300/1624/1624 302/1625/1625 299/1626/1626
f 299/1627/1627 293/1628/1628 300/1629/1629
f 304/1630/1630 262/1631/1631 294/1632/1632
f 304/1633/1633 294/1634/1634 311/1635/1635
f 276/1636/1636 312/1637/1637 303/1638/1638
f 282/1639/1639 293/1640/1640 299/1641/1641
f 282/1642/1642 299/1643/1643 245/1644/1644
f 282/1645/1645 245/1646/1646 292/1647/1647
f 294/1648/1648 262/1649/1649 313/1650/1650
f 294/1651/1651 313/1652/1652 315/1653/1653
f 262/1654/1654 285/1655/1655 314/1656/1656
f 276/1657/1657 288/1658/1658 300/1659/1659
f 278/1660/1660 311/1661/1661 294/1662/1662
f 278/1663/1663 294/1664/1664 295/1665/1665
f 296/1666/1666 290/1667/1667 274/1668/1668
f 296/1669/1669 274/1670/1670 286/1671/1671
f 296/1672/1672 286/1673/1673 267/1674/1674
f 296/1675/1675 267/1676/1676 287/1677/1677
f 296/1678/1678 287/1679/1679 289/1680/1680
f 296/1681/1681 289/1682/1682 231/1683/1683
f 296/1684/1684 231/1685/1685 291/1686/1686
f 296/1687/1687 291/1688/1688 297/1689/1689
f 316/1690/1690 314/1691/1691 318/1692/1692
f 316/1693/1693 318/1694/1694 317/1695/1695
f 264/1696/1696 292/1697/1697 320/1698/1698
f 264/1699/1699 320/1700/1700 319/1701/1701
f 314/1702/1702 285/1703/1703 321/1704/1704
f 314/1705/1705 321/1706/1706 318/1707/1707
f 308/1708/1708 298/1709/1709 323/1710/1710
f 308/1711/1711 323/1712/1712 322/1713/1713
f 301/1714/1714 307/1715/1715 309/1716/1716
f 301/1717/1717 309/1718/1718 324/1719/1719
f 302/1720/1720 301/1721/1721 324/1722/1722
f 302/1723/1723 324/1724/1724 310/1725/1725
f 292/1726/1726 302/1727/1727 310/1728/1728
f 292/1729/1729 310/1730/1730 320/1731/1731
f 307/1732/1732 308/1733/1733 322/1734/1734
f 307/1735/1735 322/1736/1736 309/1737/1737
f 298/1738/1738 316/1739/1739 317/1740/1740
f 298/1741/1741 317/1742/1742 323/1743/1743
f 285/1744/1744 264/1745/1745 319/1746/1746
f 285/1747/1747 319/1748/1748 321/1749/1749
f 318/1750/1750 321/1751/1751 291/1752/1752
f 318/1753/1753 291/1754/1754 231/1755/1755
f 317/1756/1756 318/1757/1757 231/1758/1758
f 317/1759/1759 231/1760/1760 289/1761/1761
f 323/1762/1762 317/1763/1763 289/1764/1764
f 323/1765/1765 289/1766/1766 287/1767/1767
f 322/1768/1768 323/1769/1769 287/1770/1770
f 322/1771/1771 287/1772/1772 267/1773/1773
f 309/1774/1774 322/1775/1775 267/1776/1776
f 309/1777/1777 267/1778/1778 286/1779/1779
f 324/1780/1780 309/1781/1781 286/1782/1782
f 324/1783/1783 286/1784/1784 274/1785/1785
f 310/1786/1786 324/1787/1787 274/1788/1788
f 310/1789/1789 274/1790/1790 290/1791/1791
f 320/1792/1792 310/1793/1793 290/1794/1794
f 320/1795/1795 290/1796/1796 296/1797/1797
f 319/1798/1798 320/1799/1799 296/1800/1800
f 319/1801/1801 296/1802/1802 297/1803/1803
f 321/1804/1804 319/1805/1805 297/1806/1806
f 321/1807/1807 297/1808/1808 291/1809/1809
f 305/1810/1810 266/1811/1811 265/1812/1812
f 270/1813/1813 268/1814/1814 306/1815/1815
f 306/1816/1816 273/1817/1817 275/1818/1818
f 271/1819/1819 272/1820/1820 305/1821/1821
f 288/1822/1822 266/1823/1823 305/1824/1824
f 288/1825/1825 305/1826/1826 300/1827/1827
f 344/1828/1828 339/1829/1829 338/1830/1830
f 344/1831/1831 338/1832/1832 348/1833/1833
f 347/1834/1834 337/1835/1835 340/1836/1836
f 347/1837/1837 340/1838/1838 343/1839/1839
f 343/1840/1840 340/1841/1841 339/1842/1842
f 343/1843/1843 339/1844/1844 344/1845/1845
f 348/1846/1846 338/1847/1847 337/1848/1848
f 348/1849/1849 337/1850/1850 347/1851/1851
f 345/1852/1852 336/1853/1853 333/1854/1854
f 345/1855/1855 333/1856/1856 346/1857/1857
f 342/1858/1858 334/1859/1859 335/1860/1860
f 342/1861/1861 335/1862/1862 341/1863/1863
f 341/1864/1864 335/1865/1865 336/1866/1866
f 341/1867/1867 336/1868/1868 345/1869/1869
f 346/1870/1870 333/1871/1871 334/1872/1872
f 346/1873/1873 334/1874/1874 342/1875/1875
f 336/1876/1876 335/1877/1877 334/1878/1878
f 336/1879/1879 334/1880/1880 333/1881/1881
f 338/1882/1882 339/1883/1883 340/1884/1884
f 338/1885/1885 340/1886/1886 337/1887/1887
f 343/1888/1888 330/1889/1889 326/1890/1890
f 343/1891/1891 326/1892/1892 347/1893/1893
f 348/1894/1894 332/1895/1895 325/1896/1896
f 348/1897/1897 325/1898/1898 344/1899/1899
f 345/1900/1900 328/1901/1901 329/1902/1902
f 345/1903/1903 329/1904/1904 341/1905/1905
f 342/1906/1906 327/1907/1907 331/1908/1908
f 342/1909/1909 331/1910/1910 346/1911/1911
f 341/1912/1912 329/1913/1913 327/1914/1914
f 341/1915/1915 327/1916/1916 342/1917/1917
f 346/1918/1918 331/1919/1919 328/1920/1920
f 346/1921/1921 328/1922/1922 345/1923/1923
f 344/1924/1924 325/1925/1925 330/1926/1926
f 344/1927/1927 330/1928/1928 343/1929/1929
f 347/1930/1930 326/1931/1931 332/1932/1932
f 347/1933/1933 332/1934/1934 348/1935/1935
