v 1.542105 0.435435 2.056826
v 1.498138 0.488204 2.475141
v 1.451934 0.499924 2.914750
v 1.424720 0.506450 3.173669
v 1.422736 0.502675 3.192546
v 1.421054 0.491923 3.208549
v 1.419930 0.475832 3.219242
v 1.419535 0.456850 3.222997
v 1.419930 0.437869 3.219242
v 1.421054 0.421778 3.208549
v 1.422736 0.411026 3.192546
v 1.424720 0.407250 3.173669
v 1.451934 0.400026 2.914750
v 1.498138 0.411746 2.475141
v 1.536611 0.409151 2.109093
v 1.569203 0.371202 1.799008
v 1.573450 0.439347 2.052282
v 1.522544 0.493525 2.477706
v 1.472248 0.504352 2.916885
v 1.443597 0.510226 3.175653
v 1.443050 0.506738 3.194681
v 1.445460 0.496804 3.211114
v 1.450460 0.481938 3.222451
v 1.457290 0.464402 3.226965
v 1.464908 0.446865 3.223970
v 1.472156 0.431999 3.213920
v 1.477931 0.422065 3.198347
v 1.481351 0.418577 3.179621
v 1.507128 0.412059 2.920551
v 1.549241 0.422887 2.480512
v 1.582941 0.415376 2.100963
v 1.608884 0.373227 1.784646
v 1.601546 0.449783 2.033943
v 1.543235 0.508677 2.479881
v 1.489469 0.516964 2.918695
v 1.459600 0.520978 3.177335
v 1.460271 0.518308 3.196491
v 1.466150 0.510705 3.213289
v 1.476343 0.499327 3.225172
v 1.489296 0.485905 3.230329
v 1.503039 0.472484 3.227978
v 1.515479 0.461105 3.218474
v 1.524722 0.453503 3.203265
v 1.529361 0.450833 3.184667
v 1.553920 0.446326 2.925469
v 1.592563 0.454613 2.485065
v 1.624759 0.433226 2.069891
v 1.645789 0.378705 1.741405
v 1.621844 0.464148 2.007182
v 1.557060 0.531354 2.481334
v 1.500976 0.535839 2.919904
v 1.470294 0.537069 3.178459
v 1.471778 0.535625 3.197701
v 1.479976 0.531510 3.214742
v 1.493637 0.525352 3.226989
v 1.510682 0.518088 3.232577
v 1.528517 0.510824 3.230655
v 1.544426 0.504667 3.221516
v 1.555987 0.500552 3.206552
v 1.561440 0.499107 3.188039
v 1.585185 0.497610 2.928755
v 1.621511 0.502095 2.488108
v 1.655096 0.456252 2.026341
v 1.673130 0.386708 1.686989
v 1.630831 0.481050 1.980096
v 1.561914 0.558103 2.481844
v 1.505017 0.558103 2.920329
v 1.474048 0.556050 3.178854
v 1.475819 0.556050 3.198126
v 1.484830 0.556050 3.215252
v 1.499710 0.556050 3.227627
v 1.518192 0.556050 3.233366
v 1.537464 0.556050 3.231596
v 1.554591 0.556050 3.222584
v 1.566966 0.556050 3.207705
v 1.572705 0.556050 3.189223
v 1.596163 0.558103 2.929909
v 1.631675 0.558103 2.489176
v 1.668585 0.481050 1.984064
v 1.685891 0.397856 1.637815
v 1.626534 0.500947 1.962554
v 1.557060 0.584852 2.481334
v 1.500976 0.580367 2.919904
v 1.470294 0.575032 3.178459
v 1.471778 0.576476 3.197701
v 1.479976 0.580591 3.214742
v 1.493637 0.586749 3.226989
v 1.510682 0.594013 3.232577
v 1.528517 0.601276 3.230655
v 1.544426 0.607434 3.221516
v 1.555987 0.611549 3.206552
v 1.561440 0.612994 3.188039
v 1.585185 0.618596 2.928755
v 1.621511 0.614111 2.488108
v 1.661649 0.512484 1.963986
v 1.681463 0.415253 1.607707
v 1.609301 0.522962 1.960155
v 1.543235 0.607529 2.479881
v 1.489469 0.599242 2.918695
v 1.459600 0.591123 3.177335
v 1.460271 0.593793 3.196491
v 1.466150 0.601395 3.213289
v 1.476343 0.612774 3.225172
v 1.489296 0.626195 3.230329
v 1.503039 0.639617 3.227978
v 1.515479 0.650995 3.218474
v 1.524722 0.658598 3.203265
v 1.529361 0.661268 3.184667
v 1.553920 0.669880 2.925469
v 1.592563 0.661593 2.485065
v 1.634116 0.553121 1.980863
v 1.659947 0.440585 1.606695
v 1.582452 0.541514 1.966631
v 1.522544 0.622681 2.477706
v 1.472248 0.611854 2.916885
v 1.443597 0.601875 3.175653
v 1.443050 0.605363 3.194681
v 1.445460 0.615296 3.211114
v 1.450460 0.630163 3.222451
v 1.457290 0.647699 3.226965
v 1.464908 0.665235 3.223970
v 1.472156 0.680102 3.213920
v 1.477931 0.690035 3.198347
v 1.481351 0.693524 3.179621
v 1.507128 0.704147 2.920551
v 1.549241 0.693319 2.480512
v 1.592094 0.590247 2.013880
v 1.625715 0.466143 1.624506
v 1.551364 0.548883 1.968737
v 1.498138 0.628002 2.475141
v 1.451934 0.616282 2.914750
v 1.424720 0.605650 3.173669
v 1.422736 0.609426 3.192546
v 1.421054 0.620178 3.208549
v 1.419930 0.636269 3.219242
v 1.419535 0.655250 3.222997
v 1.419930 0.674231 3.219242
v 1.421054 0.690323 3.208549
v 1.422736 0.701075 3.192546
v 1.424720 0.704850 3.173669
v 1.451934 0.716180 2.914750
v 1.498138 0.704460 2.475141
v 1.545306 0.605154 2.026375
v 1.586662 0.477212 1.632897
v 1.521392 0.541514 1.960213
v 1.473732 0.622681 2.472576
v 1.431620 0.611854 2.912615
v 1.405843 0.601875 3.171685
v 1.402422 0.605363 3.190411
v 1.396648 0.615296 3.205984
v 1.389400 0.630163 3.216033
v 1.381781 0.647699 3.219029
v 1.374952 0.665235 3.214515
v 1.369952 0.680102 3.203178
v 1.367542 0.690035 3.186745
v 1.368089 0.693524 3.167717
v 1.396739 0.704147 2.908949
v 1.447036 0.693319 2.469770
v 1.502138 0.590247 2.004425
v 1.550207 0.466143 1.616569
v 1.496476 0.522962 1.948296
v 1.453042 0.607529 2.470401
v 1.414398 0.599242 2.910805
v 1.389840 0.591123 3.170003
v 1.385201 0.593793 3.188601
v 1.375958 0.601395 3.203809
v 1.363518 0.612774 3.213313
v 1.349775 0.626195 3.215665
v 1.336821 0.639617 3.210507
v 1.326629 0.650995 3.198625
v 1.320750 0.658598 3.181827
v 1.320079 0.661268 3.162671
v 1.349948 0.669880 2.904031
v 1.403713 0.661593 2.465216
v 1.467898 0.553121 1.963393
v 1.520426 0.440585 1.592031
v 1.479121 0.500947 1.947060
v 1.439217 0.584852 2.468948
v 1.402891 0.580367 2.909595
v 1.379146 0.575032 3.168879
v 1.373694 0.576476 3.187392
v 1.362132 0.580591 3.202356
v 1.346224 0.586749 3.211495
v 1.328389 0.594013 3.213417
v 1.311343 0.601276 3.207829
v 1.297682 0.607434 3.195582
v 1.289485 0.611549 3.178541
v 1.288000 0.612994 3.159299
v 1.318682 0.618596 2.900745
v 1.374766 0.614111 2.462174
v 1.444476 0.512484 1.941160
v 1.499169 0.415253 1.588547
v 1.471272 0.481050 1.963325
v 1.434362 0.558103 2.468438
v 1.398850 0.558103 2.909171
v 1.375392 0.556050 3.168484
v 1.369653 0.556050 3.186967
v 1.357278 0.556050 3.201846
v 1.340151 0.556050 3.210857
v 1.320879 0.556050 3.212628
v 1.302396 0.556050 3.206889
v 1.287517 0.556050 3.194514
v 1.278506 0.556050 3.177387
v 1.276735 0.556050 3.158115
v 1.307704 0.558103 2.899591
v 1.364601 0.558103 2.461106
v 1.433517 0.481050 1.959357
v 1.488578 0.397856 1.617076
v 1.474431 0.464148 1.991688
v 1.439217 0.531354 2.468948
v 1.402891 0.535839 2.909595
v 1.379146 0.537069 3.168879
v 1.373694 0.535625 3.187392
v 1.362132 0.531510 3.202356
v 1.346224 0.525352 3.211495
v 1.328389 0.518088 3.213417
v 1.311343 0.510824 3.207829
v 1.297682 0.504667 3.195582
v 1.289485 0.500552 3.178541
v 1.288000 0.499107 3.159299
v 1.318682 0.497610 2.900745
v 1.374766 0.502095 2.462174
v 1.437922 0.456252 2.003515
v 1.490836 0.386708 1.667829
v 1.488721 0.449783 2.022084
v 1.453042 0.508677 2.470401
v 1.414398 0.516964 2.910805
v 1.389840 0.520978 3.170003
v 1.385201 0.518308 3.188601
v 1.375958 0.510705 3.203809
v 1.363518 0.499327 3.213313
v 1.349775 0.485905 3.215665
v 1.336821 0.472484 3.210507
v 1.326629 0.461105 3.198625
v 1.320750 0.453503 3.181827
v 1.320079 0.450833 3.162671
v 1.349948 0.446326 2.904031
v 1.403713 0.454613 2.465216
v 1.458541 0.433226 2.052421
v 1.506267 0.378705 1.726740
v 1.512389 0.439347 2.045864
v 1.473732 0.493525 2.472576
v 1.431620 0.504352 2.912615
v 1.405843 0.510226 3.171685
v 1.402422 0.506738 3.190411
v 1.396648 0.496804 3.205984
v 1.389400 0.481938 3.216033
v 1.381781 0.464402 3.219029
v 1.374952 0.446865 3.214515
v 1.369952 0.431999 3.203178
v 1.367542 0.422065 3.186745
v 1.368089 0.418577 3.167717
v 1.396739 0.412059 2.908949
v 1.447036 0.422887 2.469770
v 1.492985 0.415376 2.091508
v 1.533375 0.373227 1.776710
v -1.573450 0.439347 2.052282
v -1.542105 0.435435 2.056826
v -1.569203 0.371202 1.799008
v -1.608884 0.373227 1.784646
v -1.536611 0.409151 2.109093
v -1.582941 0.415376 2.100963
v -1.498138 0.411746 2.475141
v -1.549241 0.422887 2.480512
v -1.451934 0.400026 2.914750
v -1.507128 0.412059 2.920551
v -1.522544 0.493525 2.477706
v -1.601546 0.449783 2.033943
v -1.645789 0.378705 1.741405
v -1.624759 0.433226 2.069891
v -1.592563 0.454613 2.485065
v -1.553920 0.446326 2.925469
v -1.543235 0.508677 2.479881
v -1.621844 0.464148 2.007182
v -1.673130 0.386708 1.686989
v -1.655096 0.456252 2.026341
v -1.621511 0.502095 2.488108
v -1.585185 0.497610 2.928755
v -1.557060 0.531354 2.481334
v -1.630831 0.481050 1.980096
v -1.685891 0.397856 1.637815
v -1.668585 0.481050 1.984064
v -1.631675 0.558103 2.489176
v -1.596163 0.558103 2.929909
v -1.561914 0.558103 2.481844
v -1.626534 0.500947 1.962554
v -1.681463 0.415253 1.607707
v -1.661649 0.512484 1.963986
v -1.621511 0.614111 2.488108
v -1.585185 0.618596 2.928755
v -1.557060 0.584852 2.481334
v -1.609301 0.522962 1.960155
v -1.659947 0.440585 1.606695
v -1.634116 0.553121 1.980863
v -1.592563 0.661593 2.485065
v -1.553920 0.669880 2.925469
v -1.543235 0.607529 2.479881
v -1.582452 0.541514 1.966631
v -1.625715 0.466143 1.624506
v -1.592094 0.590247 2.013880
v -1.549241 0.693319 2.480512
v -1.507128 0.704147 2.920551
v -1.522544 0.622681 2.477706
v -1.551364 0.548883 1.968737
v -1.586662 0.477212 1.632897
v -1.545306 0.605154 2.026375
v -1.498138 0.704460 2.475141
v -1.451934 0.716180 2.914750
v -1.424720 0.704850 3.173669
v -1.498138 0.628002 2.475141
v -1.521392 0.541514 1.960213
v -1.550207 0.466143 1.616569
v -1.502138 0.590247 2.004425
v -1.447036 0.693319 2.469770
v -1.396739 0.704147 2.908949
v -1.368089 0.693524 3.167717
v -1.496476 0.522962 1.948296
v -1.520426 0.440585 1.592031
v -1.467898 0.553121 1.963393
v -1.403713 0.661593 2.465216
v -1.479121 0.500947 1.947060
v -1.499169 0.415253 1.588547
v -1.444476 0.512484 1.941160
v -1.471272 0.481050 1.963325
v -1.488578 0.397856 1.617076
v -1.433517 0.481050 1.959357
v -1.474431 0.464148 1.991688
v -1.490836 0.386708 1.667829
v -1.437922 0.456252 2.003515
v -1.488721 0.449783 2.022084
v -1.506267 0.378705 1.726740
v -1.458541 0.433226 2.052421
v -1.403713 0.454613 2.465216
v -1.512389 0.439347 2.045864
v -1.533375 0.373227 1.776710
v -1.492985 0.415376 2.091508
v -1.447036 0.422887 2.469770
v -1.493593 0.415482 3.056589
v -1.484425 0.412538 3.035228
v -1.464310 0.407029 3.008888
v -1.449170 0.403545 3.003349
v -1.443231 0.402431 3.006620
v -1.441932 0.402681 3.009911
v -1.518159 0.494469 2.515999
v -1.507280 0.490197 2.476102
v -1.500159 0.485779 2.455912
v -1.540486 0.448791 3.067253
v -1.538286 0.446271 3.056433
v -1.534242 0.442348 3.044820
v -1.499541 0.417839 3.051684
v -1.491576 0.415992 3.076862
v -1.534979 0.509950 2.547261
v -1.534779 0.509729 2.546549
v -1.571120 0.498497 3.082334
v -1.560036 0.474289 3.042161
v -1.539313 0.449007 3.079636
v -1.543769 0.532417 2.585268
v -1.535857 0.511485 2.547796
v -1.581487 0.556819 3.092139
v -1.581901 0.551402 3.076341
v -1.576161 0.511485 3.058689
v -1.570660 0.498526 3.087368
v -1.547098 0.558103 2.596025
v -1.547108 0.551402 2.586447
v -1.567590 0.614445 3.120885
v -1.576440 0.591319 3.072622
v -1.581949 0.556859 3.087039
v -1.542597 0.583696 2.594434
v -1.533723 0.662797 3.138633
v -1.536601 0.660456 3.126197
v -1.560920 0.628515 3.086193
v -1.568977 0.614772 3.105740
v -1.531487 0.605718 2.575761
v -1.539715 0.591319 2.580788
v -1.482434 0.693970 3.168746
v -1.498837 0.686993 3.125786
v -1.503481 0.684965 3.114083
v -1.535458 0.663406 3.120321
v -1.505676 0.683420 3.113762
v -1.530734 0.606548 2.573086
v -1.514945 0.621045 2.544063
v -1.462899 0.700373 3.119361
v -1.461880 0.700504 3.120628
v -1.443358 0.702717 3.146358
v -1.435459 0.703541 3.159154
v -1.430735 0.703940 3.168217
v -1.428174 0.704160 3.174032
v -1.483475 0.694399 3.158274
v -1.482219 0.693945 3.154999
v -1.428510 0.704092 3.174067
v -1.427334 0.704128 3.174858
v -1.424339 0.704125 3.177297
v -1.497586 0.627862 2.480399
v -1.412032 0.702313 3.172336
v -1.394031 0.700373 3.099061
v -1.389411 0.699211 3.107836
v -1.375738 0.695321 3.160781
v -1.374710 0.694848 3.168413
v -1.424303 0.704123 3.177260
v -1.420514 0.703876 3.173980
v -1.419300 0.703766 3.173100
v -1.374129 0.694732 3.168352
v -1.367891 0.692262 3.174602
v -1.496639 0.627675 2.474983
v -1.496218 0.626479 2.468700
v -1.482845 0.607162 2.374612
v -1.380540 0.684966 2.838999
v -1.373376 0.686070 2.897470
v -1.371829 0.685905 2.906331
v -1.385154 0.664454 2.616694
v -1.384835 0.680505 2.768527
v -1.368000 0.689220 3.026730
v -1.359857 0.688677 3.132863
v -1.355440 0.685025 3.166388
v -1.363451 0.690408 3.167229
v -1.482727 0.607363 2.375878
v -1.478482 0.591319 2.315396
v -1.469238 0.575995 2.275714
v -1.393507 0.644852 2.464144
v -1.411484 0.628515 2.366964
v -1.413467 0.591319 2.261637
v -1.402386 0.573845 2.255738
v -1.389206 0.660456 2.568084
v -1.392574 0.643322 2.464045
v -1.469551 0.575386 2.271955
v -1.467478 0.573464 2.268527
v -1.458578 0.551402 2.241306
v -1.456553 0.548400 2.242215
v -1.402726 0.573350 2.253202
v -1.402438 0.551402 2.235824
v -1.391406 0.528134 2.265954
v -1.449851 0.525767 2.256464
v -1.456614 0.548272 2.241419
v -1.389727 0.511485 2.282144
v -1.387557 0.518849 2.277498
v -1.389767 0.529966 2.277887
v -1.391505 0.489945 2.340611
v -1.449820 0.525834 2.256899
v -1.452349 0.511485 2.271266
v -1.452614 0.505785 2.287373
v -1.384325 0.495156 2.392756
v -1.388440 0.474289 2.393285
v -1.401174 0.458779 2.464949
v -1.393085 0.468474 2.412865
v -1.402380 0.456800 2.465076
v -1.402177 0.454376 2.477759
v -1.463621 0.491214 2.337470
v -1.452523 0.505960 2.288610
v -1.410726 0.442348 2.532444
v -1.413073 0.417838 2.745221
v -1.409497 0.414806 2.797547
v -1.480218 0.484434 2.400978
v -1.464713 0.491999 2.336228
v -1.463885 0.490779 2.334154
v -1.418442 0.407328 2.911230
v -1.442595 0.402505 3.003599
v -1.438470 0.403285 2.978814
v -1.427334 0.405494 2.933328
v -1.500174 0.485761 2.455771
v -1.498129 0.485330 2.446975
v -1.480268 0.484365 2.400429
v -1.497429 0.474289 2.481886
v -1.483271 0.442348 2.616590
v -1.482855 0.441795 2.620550
v -1.464435 0.417839 2.795806
v -1.442903 0.702800 3.149339
v -1.459972 0.700787 3.127857
v -1.435319 0.703577 3.160744
v -1.442915 0.702798 3.149260
v -1.430693 0.703961 3.169234
v -1.427334 0.704128 3.174858
v -1.424339 0.704125 3.177297
v -1.424303 0.704123 3.177260
v -1.420514 0.703876 3.173980
v -1.410677 0.702602 3.142201
v -1.419300 0.703766 3.173100
v -1.394933 0.700373 3.091348
v -1.501604 0.685835 3.120920
v -1.482434 0.693970 3.168746
v -1.479407 0.695121 3.159944
v -1.501818 0.685745 3.120544
v -1.503616 0.684966 3.116227
v -1.479430 0.695112 3.159904
v -1.463354 0.700373 3.126554
v -1.380540 0.684966 2.838999
v -1.373376 0.686070 2.897469
v -1.389137 0.699083 3.106796
v -1.394332 0.700373 3.096484
v -1.371829 0.685905 2.906331
v -1.371256 0.690739 3.039064
v -1.389185 0.699105 3.106979
v -1.375346 0.695157 3.160092
v -1.371023 0.690631 3.038183
v -1.366061 0.691272 3.143770
v -1.375277 0.695128 3.159970
v -1.374129 0.694732 3.168352
v -1.367891 0.692262 3.174602
v -1.365845 0.691182 3.143389
v -1.363451 0.690408 3.167229
v -1.384835 0.680505 2.768527
v -1.385154 0.664454 2.616693
v -1.389206 0.660456 2.568084
v -1.561089 0.628515 3.094626
v -1.536614 0.660456 3.126842
v -1.408090 0.628515 2.369896
v -1.394763 0.642574 2.453954
v -1.400492 0.636531 2.417821
v -1.424598 0.628515 2.355636
v -1.393974 0.638698 2.434634
v -1.392574 0.643322 2.464046
v -1.365665 0.645762 2.550688
v -1.353850 0.647497 2.621359
v -1.341011 0.647362 2.685122
v -1.318563 0.642887 2.839464
v -1.299104 0.633790 3.026057
v -1.293321 0.628515 3.107520
v -1.576459 0.591319 3.073570
v -1.567590 0.614445 3.120885
v -1.561135 0.628515 3.096891
v -1.539715 0.591319 2.580788
v -1.531487 0.605718 2.575761
v -1.530734 0.606548 2.573086
v -1.514945 0.621045 2.544063
v -1.497586 0.627862 2.480400
v -1.496639 0.627675 2.474983
v -1.496218 0.626479 2.468701
v -1.482845 0.607162 2.374612
v -1.478631 0.591319 2.315800
v -1.481393 0.601705 2.354355
v -1.500829 0.591319 2.376126
v -1.464735 0.610607 2.335696
v -1.427334 0.627503 2.350454
v -1.411348 0.591319 2.263468
v -1.407202 0.628515 2.370662
v -1.288967 0.622255 3.192003
v -1.284057 0.613501 3.251488
v -1.277348 0.591319 3.386467
v -1.581901 0.551402 3.076342
v -1.581487 0.556819 3.092139
v -1.576482 0.591319 3.074728
v -1.547108 0.551402 2.586447
v -1.547098 0.558103 2.596025
v -1.542597 0.583696 2.594435
v -1.537759 0.565607 2.526992
v -1.546496 0.557995 2.590720
v -1.547100 0.557295 2.594869
v -1.552179 0.551402 2.629802
v -1.503800 0.589563 2.382533
v -1.478674 0.591319 2.315917
v -1.469238 0.575995 2.275714
v -1.467563 0.571034 2.266448
v -1.467565 0.570992 2.266412
v -1.458759 0.551402 2.241462
v -1.412019 0.591319 2.262889
v -1.402386 0.573845 2.255738
v -1.400983 0.551402 2.237080
v -1.276666 0.566949 3.516364
v -1.279141 0.551402 3.591232
v -1.576099 0.511485 3.055598
v -1.581894 0.551402 3.075966
v -1.571511 0.511485 2.939682
v -1.562392 0.535614 2.739892
v -1.535857 0.511485 2.547797
v -1.543769 0.532417 2.585268
v -1.458791 0.551402 2.241490
v -1.456553 0.548400 2.242215
v -1.449851 0.525767 2.256464
v -1.452158 0.511485 2.271102
v -1.401113 0.551402 2.236968
v -1.391406 0.528134 2.265953
v -1.393727 0.511485 2.278688
v -1.289312 0.526351 3.694872
v -1.294261 0.511485 3.739168
v -1.559980 0.474289 3.039344
v -1.571120 0.498497 3.082334
v -1.576081 0.511485 3.054706
v -1.572355 0.505460 2.996540
v -1.571212 0.499800 3.059350
v -1.570239 0.496581 3.078933
v -1.563496 0.474289 3.214580
v -1.534779 0.509729 2.546549
v -1.534979 0.509950 2.547261
v -1.518159 0.494469 2.515999
v -1.507280 0.490197 2.476102
v -1.500174 0.485761 2.455771
v -1.498122 0.485296 2.447057
v -1.464572 0.490717 2.339677
v -1.480218 0.484434 2.400978
v -1.498124 0.485304 2.447039
v -1.452140 0.511485 2.271086
v -1.452614 0.505785 2.287373
v -1.463621 0.491214 2.337470
v -1.464574 0.490727 2.339649
v -1.296383 0.507987 3.747529
v -1.322298 0.474289 3.816240
v -1.538286 0.446271 3.056433
v -1.540486 0.448791 3.067253
v -1.559914 0.474289 3.036030
v -1.560106 0.469037 3.251488
v -1.538321 0.446317 3.056372
v -1.534209 0.442348 3.044301
v -1.410726 0.442348 2.532444
v -1.338503 0.459951 3.834305
v -1.363341 0.442348 3.845826
v -1.533887 0.442348 3.463781
v -1.536932 0.444489 3.444162
v -1.498941 0.417839 3.042180
v -1.534124 0.442348 3.042945
v -1.413073 0.417839 2.745221
v -1.375396 0.436430 3.841705
v -1.404147 0.425734 3.819242
v -1.427334 0.420113 3.790010
v -1.447842 0.417985 3.753644
v -1.467515 0.418827 3.708097
v -1.487949 0.422840 3.649179
v -1.511099 0.431076 3.568787
v -1.523156 0.437324 3.519675
v -1.484489 0.412567 3.034987
v -1.493593 0.415482 3.056589
v -1.498893 0.417839 3.041424
v -1.484546 0.412594 3.034771
v -1.464547 0.407164 3.007337
v -1.464608 0.407199 3.006936
v -1.449427 0.403754 3.000421
v -1.449445 0.403768 3.000216
v -1.442595 0.402505 3.003599
v -1.438470 0.403285 2.978814
v -1.427334 0.405494 2.933328
v -1.409497 0.414806 2.797548
v -1.418442 0.407328 2.911230
v 1.424598 0.628515 2.355636
v 1.393974 0.638698 2.434634
v 1.365665 0.645762 2.550688
v 1.353850 0.647497 2.621359
v 1.341011 0.647362 2.685122
v 1.318563 0.642887 2.839464
v 1.299104 0.633790 3.026057
v 1.293321 0.628515 3.107520
v 1.500829 0.591319 2.376126
v 1.464735 0.610607 2.335696
v 1.427334 0.627503 2.350454
v 1.288967 0.622255 3.192003
v 1.284057 0.613501 3.251488
v 1.277348 0.591319 3.386467
v 1.537759 0.565607 2.526992
v 1.546496 0.557995 2.590720
v 1.552179 0.551402 2.629802
v 1.503800 0.589563 2.382533
v 1.276666 0.566949 3.516364
v 1.279141 0.551402 3.591232
v 1.571511 0.511485 2.939682
v 1.562392 0.535614 2.739892
v 1.289312 0.526351 3.694872
v 1.294261 0.511485 3.739168
v 1.572355 0.505460 2.996540
v 1.571212 0.499800 3.059350
v 1.563496 0.474289 3.214580
v 1.296383 0.507987 3.747529
v 1.322298 0.474289 3.816240
v 1.560106 0.469037 3.251488
v 1.338503 0.459951 3.834305
v 1.363341 0.442348 3.845826
v 1.533887 0.442348 3.463781
v 1.536932 0.444489 3.444162
v 1.375396 0.436430 3.841705
v 1.404147 0.425734 3.819242
v 1.427334 0.420113 3.790010
v 1.447842 0.417985 3.753644
v 1.467515 0.418827 3.708097
v 1.487949 0.422840 3.649179
v 1.511099 0.431076 3.568787
v 1.523156 0.437324 3.519675
v -1.495786 0.684966 2.992196
v -1.483225 0.684966 2.884793
v -1.456265 0.700373 3.061673
v -1.462767 0.700373 3.117268
v -1.466855 0.684966 2.802381
v -1.447791 0.700373 3.019013
v -1.447791 0.684966 2.750574
v -1.437924 0.700373 2.992196
v -1.427334 0.684966 2.732903
v -1.427334 0.700373 2.983049
v -1.406877 0.684966 2.750574
v -1.416745 0.700373 2.992196
v -1.387814 0.684966 2.802381
v -1.406877 0.700373 3.019013
v -1.535306 0.660456 3.061673
v -1.524139 0.660456 2.884793
v -1.503682 0.684966 3.117268
v -1.506375 0.660456 2.732903
v -1.483225 0.660456 2.616354
v -1.456265 0.660456 2.543088
v -1.427334 0.660456 2.518099
v -1.398403 0.660456 2.543088
v -1.559572 0.628515 3.019013
v -1.545895 0.628515 2.802381
v -1.524139 0.628515 2.616354
v -1.495786 0.628515 2.473611
v -1.462767 0.628515 2.383879
v -1.427334 0.628515 2.353273
v -1.574826 0.591319 2.992196
v -1.559572 0.591319 2.750574
v -1.387814 0.591319 2.283796
v -1.350987 0.591319 2.383879
v -1.358883 0.628515 2.473611
v -1.391901 0.628515 2.383879
v -1.319363 0.591319 2.543088
v -1.330529 0.628515 2.616354
v -1.295097 0.591319 2.750574
v -1.308773 0.628515 2.802381
v -1.279842 0.591319 2.992196
v -1.295097 0.628515 3.019013
v -1.580029 0.551402 2.983049
v -1.564237 0.551402 2.732903
v -1.386420 0.551402 2.249660
v -1.348293 0.551402 2.353273
v -1.315554 0.551402 2.518099
v -1.290432 0.551402 2.732903
v -1.274639 0.551402 2.983049
v -1.269253 0.551402 3.251488
v -1.274639 0.591319 3.251488
v -1.535306 0.511485 2.543088
v -1.503682 0.511485 2.383879
v -1.506375 0.551402 2.353273
v -1.539115 0.551402 2.518099
v -1.466855 0.511485 2.283796
v -1.468249 0.551402 2.249660
v -1.387814 0.511485 2.283796
v -1.350987 0.511485 2.383879
v -1.319363 0.511485 2.543088
v -1.295097 0.511485 2.750574
v -1.279842 0.511485 2.992196
v -1.274639 0.511485 3.251488
v -1.279842 0.511485 3.510780
v -1.274639 0.551402 3.519927
v -1.391901 0.474289 2.383879
v -1.358883 0.474289 2.473611
v -1.330529 0.474289 2.616354
v -1.308773 0.474289 2.802381
v -1.295097 0.474289 3.019013
v -1.290432 0.474289 3.251488
v -1.295097 0.474289 3.483963
v -1.398403 0.442348 2.543088
v -1.371444 0.442348 2.616354
v -1.348293 0.442348 2.732903
v -1.330529 0.442348 2.884793
v -1.319363 0.442348 3.061673
v -1.315554 0.442348 3.251488
v -1.319363 0.442348 3.441303
v -1.330529 0.442348 3.618182
v -1.308773 0.474289 3.700595
v -1.506375 0.417839 3.251488
v -1.503682 0.417839 3.117268
v -1.535306 0.442348 3.061673
v -1.539115 0.442348 3.251488
v -1.406877 0.417839 2.750574
v -1.387814 0.417839 2.802381
v -1.371444 0.417839 2.884793
v -1.358883 0.417839 2.992196
v -1.350987 0.417839 3.117268
v -1.348293 0.417839 3.251488
v -1.350987 0.417839 3.385707
v -1.358883 0.417839 3.510780
v -1.371444 0.417839 3.618182
v -1.348293 0.442348 3.770072
v -1.503682 0.417839 3.385707
v -1.535306 0.442348 3.441303
v -1.468249 0.402431 3.251488
v -1.466855 0.402431 3.182011
v -1.416745 0.402431 2.992196
v -1.406877 0.402431 3.019013
v -1.398403 0.402431 3.061673
v -1.391901 0.402431 3.117268
v -1.387814 0.402431 3.182011
v -1.386420 0.402431 3.251488
v -1.387814 0.402431 3.320965
v -1.391901 0.402431 3.385707
v -1.398403 0.402431 3.441303
v -1.406877 0.402431 3.483963
v -1.387814 0.417839 3.700595
v -1.416745 0.402431 3.510780
v -1.406877 0.417839 3.752402
v -1.427334 0.402431 3.519927
v -1.427334 0.417839 3.770072
v -1.437924 0.402431 3.510780
v -1.447791 0.417839 3.752402
v -1.447791 0.402431 3.483963
v -1.466855 0.417839 3.700595
v -1.456265 0.402431 3.441303
v -1.483225 0.417839 3.618182
v -1.462767 0.402431 3.385707
v -1.495786 0.417839 3.510780
v -1.466855 0.402431 3.320965
v -1.427334 0.397176 3.251488
v -1.462767 0.402431 3.117268
v -1.456265 0.402431 3.061673
v -1.447791 0.402431 3.019013
v -1.437924 0.402431 2.992196
v -1.427334 0.402431 2.983049
v 1.387814 0.591319 2.283796
v 1.391901 0.628515 2.383879
v 1.358883 0.628515 2.473611
v 1.350987 0.591319 2.383879
v 1.330529 0.628515 2.616354
v 1.319363 0.591319 2.543088
v 1.308773 0.628515 2.802381
v 1.295097 0.591319 2.750574
v 1.295097 0.628515 3.019013
v 1.279842 0.591319 2.992196
v 1.468249 0.551402 2.249660
v 1.466855 0.591319 2.283796
v 1.427334 0.591319 2.249660
v 1.427334 0.551402 2.214319
v 1.386420 0.551402 2.249660
v 1.348293 0.551402 2.353273
v 1.315554 0.551402 2.518099
v 1.290432 0.551402 2.732903
v 1.274639 0.551402 2.983049
v 1.274639 0.591319 3.251488
v 1.269253 0.551402 3.251488
v 1.535306 0.511485 2.543088
v 1.539115 0.551402 2.518099
v 1.506375 0.551402 2.353273
v 1.503682 0.511485 2.383879
v 1.466855 0.511485 2.283796
v 1.427334 0.511485 2.249660
v 1.387814 0.511485 2.283796
v 1.350987 0.511485 2.383879
v 1.319363 0.511485 2.543088
v 1.295097 0.511485 2.750574
v 1.279842 0.511485 2.992196
v 1.274639 0.511485 3.251488
v 1.274639 0.551402 3.519927
v 1.279842 0.511485 3.510780
v 1.545895 0.474289 2.802381
v 1.559572 0.511485 2.750574
v 1.524139 0.474289 2.616354
v 1.495786 0.474289 2.473611
v 1.462767 0.474289 2.383879
v 1.427334 0.474289 2.353273
v 1.391901 0.474289 2.383879
v 1.358883 0.474289 2.473611
v 1.330529 0.474289 2.616354
v 1.308773 0.474289 2.802381
v 1.295097 0.474289 3.019013
v 1.290432 0.474289 3.251488
v 1.295097 0.474289 3.483963
v 1.535306 0.442348 3.061673
v 1.559572 0.474289 3.019013
v 1.524139 0.442348 2.884793
v 1.506375 0.442348 2.732903
v 1.483225 0.442348 2.616354
v 1.456265 0.442348 2.543088
v 1.427334 0.442348 2.518099
v 1.398403 0.442348 2.543088
v 1.371444 0.442348 2.616354
v 1.348293 0.442348 2.732903
v 1.330529 0.442348 2.884793
v 1.319363 0.442348 3.061673
v 1.315554 0.442348 3.251488
v 1.319363 0.442348 3.441303
v 1.308773 0.474289 3.700595
v 1.330529 0.442348 3.618182
v 1.506375 0.417839 3.251488
v 1.539115 0.442348 3.251488
v 1.503682 0.417839 3.117268
v 1.495786 0.417839 2.992196
v 1.483225 0.417839 2.884793
v 1.466855 0.417839 2.802381
v 1.447791 0.417839 2.750574
v 1.427334 0.417839 2.732903
v 1.406877 0.417839 2.750574
v 1.387814 0.417839 2.802381
v 1.371444 0.417839 2.884793
v 1.358883 0.417839 2.992196
v 1.350987 0.417839 3.117268
v 1.348293 0.417839 3.251488
v 1.350987 0.417839 3.385707
v 1.358883 0.417839 3.510780
v 1.348293 0.442348 3.770072
v 1.371444 0.417839 3.618182
v 1.503682 0.417839 3.385707
v 1.535306 0.442348 3.441303
v 1.468249 0.402431 3.251488
v 1.466855 0.402431 3.182011
v 1.462767 0.402431 3.117268
v 1.456265 0.402431 3.061673
v 1.447791 0.402431 3.019013
v 1.437924 0.402431 2.992196
v 1.427334 0.402431 2.983049
v 1.416745 0.402431 2.992196
v 1.406877 0.402431 3.019013
v 1.398403 0.402431 3.061673
v 1.391901 0.402431 3.117268
v 1.387814 0.402431 3.182011
v 1.386420 0.402431 3.251488
v 1.387814 0.402431 3.320965
v 1.391901 0.402431 3.385707
v 1.398403 0.402431 3.441303
v 1.387814 0.417839 3.700595
v 1.406877 0.402431 3.483963
v 1.406877 0.417839 3.752402
v 1.416745 0.402431 3.510780
v 1.427334 0.417839 3.770072
v 1.427334 0.402431 3.519927
v 1.447791 0.417839 3.752402
v 1.437924 0.402431 3.510780
v 1.466855 0.417839 3.700595
v 1.447791 0.402431 3.483963
v 1.483225 0.417839 3.618182
v 1.456265 0.402431 3.441303
v 1.495786 0.417839 3.510780
v 1.462767 0.402431 3.385707
v 1.466855 0.402431 3.320965
v 1.427334 0.397176 3.251488
v -1.574826 0.511485 2.992196
v -1.350987 0.684966 3.117268
v -1.358883 0.684966 2.992196
v -1.398403 0.700373 3.061673
v -1.573450 0.439347 2.052282
v -1.542105 0.435435 2.056826
v -1.569203 0.371202 1.799008
v -1.608884 0.373227 1.784646
v -1.536611 0.409151 2.109093
v -1.582941 0.415376 2.100963
v -1.498138 0.411746 2.475141
v -1.549241 0.422887 2.480512
v -1.451934 0.400026 2.914750
v -1.507128 0.412059 2.920551
v -1.424720 0.407250 3.173669
v -1.481351 0.418577 3.179621
v -1.422736 0.411026 3.192546
v -1.477931 0.422065 3.198347
v -1.421054 0.421778 3.208549
v -1.472156 0.431999 3.213920
v -1.419930 0.437869 3.219242
v -1.464908 0.446865 3.223970
v -1.419535 0.456850 3.222997
v -1.457290 0.464402 3.226965
v -1.419930 0.475832 3.219242
v -1.450460 0.481938 3.222451
v -1.421054 0.491923 3.208549
v -1.445460 0.496804 3.211114
v -1.422736 0.502675 3.192546
v -1.443050 0.506738 3.194681
v -1.424720 0.506450 3.173669
v -1.443597 0.510226 3.175653
v -1.451934 0.499924 2.914750
v -1.472248 0.504352 2.916885
v -1.498138 0.488204 2.475141
v -1.522544 0.493525 2.477706
v -1.601546 0.449783 2.033943
v -1.645789 0.378705 1.741405
v -1.624759 0.433226 2.069891
v -1.592563 0.454613 2.485065
v -1.553920 0.446326 2.925469
v -1.529361 0.450833 3.184667
v -1.524722 0.453503 3.203265
v -1.515479 0.461105 3.218474
v -1.503039 0.472484 3.227978
v -1.489296 0.485905 3.230329
v -1.476343 0.499327 3.225172
v -1.466150 0.510705 3.213289
v -1.460271 0.518308 3.196491
v -1.459600 0.520978 3.177335
v -1.489469 0.516964 2.918695
v -1.543235 0.508677 2.479881
v -1.621844 0.464148 2.007182
v -1.673130 0.386708 1.686989
v -1.655096 0.456252 2.026341
v -1.621511 0.502095 2.488108
v -1.585185 0.497610 2.928755
v -1.561440 0.499107 3.188039
v -1.555987 0.500552 3.206552
v -1.544426 0.504667 3.221516
v -1.528517 0.510824 3.230655
v -1.510682 0.518088 3.232577
v -1.493637 0.525352 3.226989
v -1.479976 0.531510 3.214742
v -1.471778 0.535625 3.197701
v -1.470294 0.537069 3.178459
v -1.500976 0.535839 2.919904
v -1.557060 0.531354 2.481334
v -1.630831 0.481050 1.980096
v -1.685891 0.397856 1.637815
v -1.668585 0.481050 1.984064
v -1.631675 0.558103 2.489176
v -1.596163 0.558103 2.929909
v -1.572705 0.556050 3.189223
v -1.566966 0.556050 3.207705
v -1.554591 0.556050 3.222584
v -1.537464 0.556050 3.231596
v -1.518192 0.556050 3.233366
v -1.499710 0.556050 3.227627
v -1.484830 0.556050 3.215252
v -1.475819 0.556050 3.198126
v -1.474048 0.556050 3.178854
v -1.505017 0.558103 2.920329
v -1.561914 0.558103 2.481844
v -1.626534 0.500947 1.962554
v -1.681463 0.415253 1.607707
v -1.661649 0.512484 1.963986
v -1.621511 0.614111 2.488108
v -1.585185 0.618596 2.928755
v -1.561440 0.612994 3.188039
v -1.555987 0.611549 3.206552
v -1.544426 0.607434 3.221516
v -1.528517 0.601276 3.230655
v -1.510682 0.594013 3.232577
v -1.493637 0.586749 3.226989
v -1.479976 0.580591 3.214742
v -1.471778 0.576476 3.197701
v -1.470294 0.575032 3.178459
v -1.500976 0.580367 2.919904
v -1.557060 0.584852 2.481334
v -1.609301 0.522962 1.960155
v -1.659947 0.440585 1.606695
v -1.634116 0.553121 1.980863
v -1.592563 0.661593 2.485065
v -1.553920 0.669880 2.925469
v -1.529361 0.661268 3.184667
v -1.524722 0.658598 3.203265
v -1.515479 0.650995 3.218474
v -1.503039 0.639617 3.227978
v -1.489296 0.626195 3.230329
v -1.476343 0.612774 3.225172
v -1.466150 0.601395 3.213289
v -1.460271 0.593793 3.196491
v -1.459600 0.591123 3.177335
v -1.489469 0.599242 2.918695
v -1.543235 0.607529 2.479881
v -1.582452 0.541514 1.966631
v -1.625715 0.466143 1.624506
v -1.592094 0.590247 2.013880
v -1.549241 0.693319 2.480512
v -1.507128 0.704147 2.920551
v -1.481351 0.693524 3.179621
v -1.477931 0.690035 3.198347
v -1.472156 0.680102 3.213920
v -1.464908 0.665235 3.223970
v -1.457290 0.647699 3.226965
v -1.450460 0.630163 3.222451
v -1.445460 0.615296 3.211114
v -1.443050 0.605363 3.194681
v -1.443597 0.601875 3.175653
v -1.472248 0.611854 2.916885
v -1.522544 0.622681 2.477706
v -1.551364 0.548883 1.968737
v -1.586662 0.477212 1.632897
v -1.545306 0.605154 2.026375
v -1.498138 0.704460 2.475141
v -1.451934 0.716180 2.914750
v -1.424720 0.704850 3.173669
v -1.422736 0.701075 3.192546
v -1.421054 0.690323 3.208549
v -1.419930 0.674231 3.219242
v -1.419535 0.655250 3.222997
v -1.419930 0.636269 3.219242
v -1.421054 0.620178 3.208549
v -1.422736 0.609426 3.192546
v -1.424720 0.605650 3.173669
v -1.451934 0.616282 2.914750
v -1.498138 0.628002 2.475141
v -1.521392 0.541514 1.960213
v -1.550207 0.466143 1.616569
v -1.502138 0.590247 2.004425
v -1.447036 0.693319 2.469770
v -1.396739 0.704147 2.908949
v -1.368089 0.693524 3.167717
v -1.367542 0.690035 3.186745
v -1.369952 0.680102 3.203178
v -1.374952 0.665235 3.214515
v -1.381781 0.647699 3.219029
v -1.389400 0.630163 3.216033
v -1.396648 0.615296 3.205984
v -1.402422 0.605363 3.190411
v -1.405843 0.601875 3.171685
v -1.431620 0.611854 2.912615
v -1.473732 0.622681 2.472576
v -1.496476 0.522962 1.948296
v -1.520426 0.440585 1.592031
v -1.467898 0.553121 1.963393
v -1.403713 0.661593 2.465216
v -1.349948 0.669880 2.904031
v -1.320079 0.661268 3.162671
v -1.320750 0.658598 3.181827
v -1.326629 0.650995 3.198625
v -1.336821 0.639617 3.210507
v -1.349775 0.626195 3.215665
v -1.363518 0.612774 3.213313
v -1.375958 0.601395 3.203809
v -1.385201 0.593793 3.188601
v -1.389840 0.591123 3.170003
v -1.414398 0.599242 2.910805
v -1.453042 0.607529 2.470401
v -1.479121 0.500947 1.947060
v -1.499169 0.415253 1.588547
v -1.444476 0.512484 1.941160
v -1.374766 0.614111 2.462174
v -1.318682 0.618596 2.900745
v -1.288000 0.612994 3.159299
v -1.289485 0.611549 3.178541
v -1.297682 0.607434 3.195582
v -1.311343 0.601276 3.207829
v -1.328389 0.594013 3.213417
v -1.346224 0.586749 3.211495
v -1.362132 0.580591 3.202356
v -1.373694 0.576476 3.187392
v -1.379146 0.575032 3.168879
v -1.402891 0.580367 2.909595
v -1.439217 0.584852 2.468948
v -1.471272 0.481050 1.963325
v -1.488578 0.397856 1.617076
v -1.433517 0.481050 1.959357
v -1.364601 0.558103 2.461106
v -1.307704 0.558103 2.899591
v -1.276735 0.556050 3.158115
v -1.278506 0.556050 3.177387
v -1.287517 0.556050 3.194514
v -1.302396 0.556050 3.206889
v -1.320879 0.556050 3.212628
v -1.340151 0.556050 3.210857
v -1.357278 0.556050 3.201846
v -1.369653 0.556050 3.186967
v -1.375392 0.556050 3.168484
v -1.398850 0.558103 2.909171
v -1.434362 0.558103 2.468438
v -1.474431 0.464148 1.991688
v -1.490836 0.386708 1.667829
v -1.437922 0.456252 2.003515
v -1.374766 0.502095 2.462174
v -1.318682 0.497610 2.900745
v -1.288000 0.499107 3.159299
v -1.289485 0.500552 3.178541
v -1.297682 0.504667 3.195582
v -1.311343 0.510824 3.207829
v -1.328389 0.518088 3.213417
v -1.346224 0.525352 3.211495
v -1.362132 0.531510 3.202356
v -1.373694 0.535625 3.187392
v -1.379146 0.537069 3.168879
v -1.402891 0.535839 2.909595
v -1.439217 0.531354 2.468948
v -1.488721 0.449783 2.022084
v -1.506267 0.378705 1.726740
v -1.458541 0.433226 2.052421
v -1.403713 0.454613 2.465216
v -1.349948 0.446326 2.904031
v -1.320079 0.450833 3.162671
v -1.320750 0.453503 3.181827
v -1.326629 0.461105 3.198625
v -1.336821 0.472484 3.210507
v -1.349775 0.485905 3.215665
v -1.363518 0.499327 3.213313
v -1.375958 0.510705 3.203809
v -1.385201 0.518308 3.188601
v -1.389840 0.520978 3.170003
v -1.414398 0.516964 2.910805
v -1.453042 0.508677 2.470401
v -1.512389 0.439347 2.045864
v -1.533375 0.373227 1.776710
v -1.492985 0.415376 2.091508
v -1.447036 0.422887 2.469770
v -1.396739 0.412059 2.908949
v -1.368089 0.418577 3.167717
v -1.367542 0.422065 3.186745
v -1.369952 0.431999 3.203178
v -1.374952 0.446865 3.214515
v -1.381781 0.464402 3.219029
v -1.389400 0.481938 3.216033
v -1.396648 0.496804 3.205984
v -1.402422 0.506738 3.190411
v -1.405843 0.510226 3.171685
v -1.431620 0.504352 2.912615
v -1.473732 0.493525 2.472576
vt 0.471565 0.193294
vt 0.472082 0.190828
vt 0.471957 0.190052
vt 0.471565 0.193294
vt 0.471957 0.190052
vt 0.471324 0.191797
vt 0.471879 0.194444
vt 0.472244 0.191423
vt 0.472082 0.190828
vt 0.471879 0.194444
vt 0.472082 0.190828
vt 0.471565 0.193294
vt 0.472244 0.195166
vt 0.472434 0.191797
vt 0.472244 0.191423
vt 0.472244 0.195166
vt 0.472244 0.191423
vt 0.471879 0.194444
vt 0.472637 0.195413
vt 0.472637 0.191924
vt 0.472434 0.191797
vt 0.472637 0.195413
vt 0.472434 0.191797
vt 0.472244 0.195166
vt 0.473029 0.195166
vt 0.472840 0.191797
vt 0.472637 0.191924
vt 0.473029 0.195166
vt 0.472637 0.191924
vt 0.472637 0.195413
vt 0.473394 0.194444
vt 0.473029 0.191423
vt 0.472840 0.191797
vt 0.473394 0.194444
vt 0.472840 0.191797
vt 0.473029 0.195166
vt 0.470781 0.193294
vt 0.471324 0.191797
vt 0.471173 0.190052
vt 0.470781 0.193294
vt 0.471173 0.190052
vt 0.470567 0.190828
vt 0.471121 0.195413
vt 0.471565 0.193294
vt 0.471324 0.191797
vt 0.471121 0.195413
vt 0.471324 0.191797
vt 0.470781 0.193294
vt 0.471565 0.197038
vt 0.471879 0.194444
vt 0.471565 0.193294
vt 0.471565 0.197038
vt 0.471565 0.193294
vt 0.471121 0.195413
vt 0.472082 0.198060
vt 0.472244 0.195166
vt 0.471879 0.194444
vt 0.472082 0.198060
vt 0.471879 0.194444
vt 0.471565 0.197038
vt 0.472637 0.198408
vt 0.472637 0.195413
vt 0.472244 0.195166
vt 0.472637 0.198408
vt 0.472244 0.195166
vt 0.472082 0.198060
vt 0.473191 0.198060
vt 0.473029 0.195166
vt 0.472637 0.195413
vt 0.473191 0.198060
vt 0.472637 0.195413
vt 0.472637 0.198408
vt 0.470364 0.194444
vt 0.470781 0.193294
vt 0.470567 0.190828
vt 0.470364 0.194444
vt 0.470567 0.190828
vt 0.470101 0.191423
vt 0.470781 0.197038
vt 0.471121 0.195413
vt 0.470781 0.193294
vt 0.470781 0.197038
vt 0.470781 0.193294
vt 0.470364 0.194444
vt 0.471324 0.199029
vt 0.471565 0.197038
vt 0.471121 0.195413
vt 0.471324 0.199029
vt 0.471121 0.195413
vt 0.470781 0.197038
vt 0.471957 0.200280
vt 0.472082 0.198060
vt 0.471565 0.197038
vt 0.471957 0.200280
vt 0.471565 0.197038
vt 0.471324 0.199029
vt 0.472637 0.200707
vt 0.472637 0.198408
vt 0.472082 0.198060
vt 0.472637 0.200707
vt 0.472082 0.198060
vt 0.471957 0.200280
vt 0.470101 0.195166
vt 0.470364 0.194444
vt 0.470101 0.191423
vt 0.470101 0.195166
vt 0.470101 0.191423
vt 0.469809 0.191797
vt 0.474100 0.200280
vt 0.473949 0.199029
vt 0.473316 0.200280
vt 0.474100 0.200280
vt 0.473316 0.200280
vt 0.473394 0.201676
vt 0.474706 0.198060
vt 0.474492 0.197038
vt 0.473949 0.199029
vt 0.474706 0.198060
vt 0.473949 0.199029
vt 0.474100 0.200280
vt 0.475172 0.195166
vt 0.474909 0.194444
vt 0.474492 0.197038
vt 0.475172 0.195166
vt 0.474492 0.197038
vt 0.474706 0.198060
vt 0.475464 0.191797
vt 0.475172 0.191423
vt 0.474909 0.194444
vt 0.475464 0.191797
vt 0.474909 0.194444
vt 0.475172 0.195166
vt 0.470012 0.195413
vt 0.470101 0.195166
vt 0.469809 0.191797
vt 0.470012 0.195413
vt 0.469809 0.191797
vt 0.469709 0.191924
vt 0.474152 0.200707
vt 0.474100 0.200280
vt 0.473394 0.201676
vt 0.474152 0.200707
vt 0.473394 0.201676
vt 0.473421 0.202152
vt 0.474780 0.198408
vt 0.474706 0.198060
vt 0.474100 0.200280
vt 0.474780 0.198408
vt 0.474100 0.200280
vt 0.474152 0.200707
vt 0.475261 0.195413
vt 0.475172 0.195166
vt 0.474706 0.198060
vt 0.475261 0.195413
vt 0.474706 0.198060
vt 0.474780 0.198408
vt 0.475564 0.191924
vt 0.475464 0.191797
vt 0.475172 0.195166
vt 0.475564 0.191924
vt 0.475172 0.195166
vt 0.475261 0.195413
vt 0.475667 0.188181
vt 0.475564 0.188181
vt 0.475464 0.191797
vt 0.475667 0.188181
vt 0.475464 0.191797
vt 0.475564 0.191924
vt 0.471173 0.200280
vt 0.471121 0.200707
vt 0.470494 0.198408
vt 0.471173 0.200280
vt 0.470494 0.198408
vt 0.470567 0.198060
vt 0.471879 0.201676
vt 0.471852 0.202152
vt 0.471121 0.200707
vt 0.471879 0.201676
vt 0.471121 0.200707
vt 0.471173 0.200280
vt 0.474100 0.200280
vt 0.474152 0.200707
vt 0.473421 0.202152
vt 0.474100 0.200280
vt 0.473421 0.202152
vt 0.473394 0.201676
vt 0.474706 0.198060
vt 0.474780 0.198408
vt 0.474152 0.200707
vt 0.474706 0.198060
vt 0.474152 0.200707
vt 0.474100 0.200280
vt 0.475172 0.195166
vt 0.475261 0.195413
vt 0.474780 0.198408
vt 0.475172 0.195166
vt 0.474780 0.198408
vt 0.474706 0.198060
vt 0.475464 0.191797
vt 0.475564 0.191924
vt 0.475261 0.195413
vt 0.475464 0.191797
vt 0.475261 0.195413
vt 0.475172 0.195166
vt 0.475564 0.188181
vt 0.475667 0.188181
vt 0.475564 0.191924
vt 0.475564 0.188181
vt 0.475564 0.191924
vt 0.475464 0.191797
vt 0.475464 0.184565
vt 0.475564 0.184437
vt 0.475667 0.188181
vt 0.475464 0.184565
vt 0.475667 0.188181
vt 0.475564 0.188181
vt 0.473949 0.199029
vt 0.474100 0.200280
vt 0.473394 0.201676
vt 0.473949 0.199029
vt 0.473394 0.201676
vt 0.473316 0.200280
vt 0.474492 0.197038
vt 0.474706 0.198060
vt 0.474100 0.200280
vt 0.474492 0.197038
vt 0.474100 0.200280
vt 0.473949 0.199029
vt 0.474909 0.194444
vt 0.475172 0.195166
vt 0.474706 0.198060
vt 0.474909 0.194444
vt 0.474706 0.198060
vt 0.474492 0.197038
vt 0.475172 0.191423
vt 0.475464 0.191797
vt 0.475172 0.195166
vt 0.475172 0.191423
vt 0.475172 0.195166
vt 0.474909 0.194444
vt 0.475261 0.188181
vt 0.475564 0.188181
vt 0.475464 0.191797
vt 0.475261 0.188181
vt 0.475464 0.191797
vt 0.475172 0.191423
vt 0.475172 0.184939
vt 0.475464 0.184565
vt 0.475564 0.188181
vt 0.475172 0.184939
vt 0.475564 0.188181
vt 0.475261 0.188181
vt 0.473708 0.197038
vt 0.473949 0.199029
vt 0.473316 0.200280
vt 0.473708 0.197038
vt 0.473316 0.200280
vt 0.473191 0.198060
vt 0.474152 0.195413
vt 0.474492 0.197038
vt 0.473949 0.199029
vt 0.474152 0.195413
vt 0.473949 0.199029
vt 0.473708 0.197038
vt 0.474492 0.193294
vt 0.474909 0.194444
vt 0.474492 0.197038
vt 0.474492 0.193294
vt 0.474492 0.197038
vt 0.474152 0.195413
vt 0.474706 0.190828
vt 0.475172 0.191423
vt 0.474909 0.194444
vt 0.474706 0.190828
vt 0.474909 0.194444
vt 0.474492 0.193294
vt 0.474780 0.188181
vt 0.475261 0.188181
vt 0.475172 0.191423
vt 0.474780 0.188181
vt 0.475172 0.191423
vt 0.474706 0.190828
vt 0.474706 0.185534
vt 0.475172 0.184939
vt 0.475261 0.188181
vt 0.474706 0.185534
vt 0.475261 0.188181
vt 0.474780 0.188181
vt 0.474492 0.183067
vt 0.474909 0.181918
vt 0.475172 0.184939
vt 0.474492 0.183067
vt 0.475172 0.184939
vt 0.474706 0.185534
vt 0.471173 0.190052
vt 0.470567 0.190828
vt 0.470494 0.188181
vt 0.471173 0.190052
vt 0.470494 0.188181
vt 0.471121 0.188181
vt 0.473394 0.194444
vt 0.473708 0.197038
vt 0.473191 0.198060
vt 0.473394 0.194444
vt 0.473191 0.198060
vt 0.473029 0.195166
vt 0.473708 0.193294
vt 0.474152 0.195413
vt 0.473708 0.197038
vt 0.473708 0.193294
vt 0.473708 0.197038
vt 0.473394 0.194444
vt 0.473949 0.191797
vt 0.474492 0.193294
vt 0.474152 0.195413
vt 0.473949 0.191797
vt 0.474152 0.195413
vt 0.473708 0.193294
vt 0.474100 0.190052
vt 0.474706 0.190828
vt 0.474492 0.193294
vt 0.474100 0.190052
vt 0.474492 0.193294
vt 0.473949 0.191797
vt 0.474152 0.188181
vt 0.474780 0.188181
vt 0.474706 0.190828
vt 0.474152 0.188181
vt 0.474706 0.190828
vt 0.474100 0.190052
vt 0.474100 0.186309
vt 0.474706 0.185534
vt 0.474780 0.188181
vt 0.474100 0.186309
vt 0.474780 0.188181
vt 0.474152 0.188181
vt 0.473949 0.184565
vt 0.474492 0.183067
vt 0.474706 0.185534
vt 0.473949 0.184565
vt 0.474706 0.185534
vt 0.474100 0.186309
vt 0.473708 0.183067
vt 0.474152 0.180949
vt 0.474492 0.183067
vt 0.473708 0.183067
vt 0.474492 0.183067
vt 0.473949 0.184565
vt 0.471121 0.188181
vt 0.470494 0.188181
vt 0.470567 0.185534
vt 0.471121 0.188181
vt 0.470567 0.185534
vt 0.471173 0.186309
vt 0.471879 0.189150
vt 0.471173 0.190052
vt 0.471121 0.188181
vt 0.471879 0.189150
vt 0.471121 0.188181
vt 0.471852 0.188181
vt 0.473029 0.191423
vt 0.473394 0.194444
vt 0.473029 0.195166
vt 0.473029 0.191423
vt 0.473029 0.195166
vt 0.472840 0.191797
vt 0.473191 0.190828
vt 0.473708 0.193294
vt 0.473394 0.194444
vt 0.473191 0.190828
vt 0.473394 0.194444
vt 0.473029 0.191423
vt 0.473316 0.190052
vt 0.473949 0.191797
vt 0.473708 0.193294
vt 0.473316 0.190052
vt 0.473708 0.193294
vt 0.473191 0.190828
vt 0.473394 0.189150
vt 0.474100 0.190052
vt 0.473949 0.191797
vt 0.473394 0.189150
vt 0.473949 0.191797
vt 0.473316 0.190052
vt 0.473421 0.188181
vt 0.474152 0.188181
vt 0.474100 0.190052
vt 0.473421 0.188181
vt 0.474100 0.190052
vt 0.473394 0.189150
vt 0.473394 0.187212
vt 0.474100 0.186309
vt 0.474152 0.188181
vt 0.473394 0.187212
vt 0.474152 0.188181
vt 0.473421 0.188181
vt 0.473316 0.186309
vt 0.473949 0.184565
vt 0.474100 0.186309
vt 0.473316 0.186309
vt 0.474100 0.186309
vt 0.473394 0.187212
vt 0.473191 0.185534
vt 0.473708 0.183067
vt 0.473949 0.184565
vt 0.473191 0.185534
vt 0.473949 0.184565
vt 0.473316 0.186309
vt 0.473029 0.184939
vt 0.473394 0.181918
vt 0.473708 0.183067
vt 0.473029 0.184939
vt 0.473708 0.183067
vt 0.473191 0.185534
vt 0.472840 0.184565
vt 0.473029 0.181195
vt 0.473394 0.181918
vt 0.472840 0.184565
vt 0.473394 0.181918
vt 0.473029 0.184939
vt 0.472637 0.184437
vt 0.472637 0.180949
vt 0.473029 0.181195
vt 0.472637 0.184437
vt 0.473029 0.181195
vt 0.472840 0.184565
vt 0.472434 0.184565
vt 0.472244 0.181195
vt 0.472637 0.180949
vt 0.472434 0.184565
vt 0.472637 0.180949
vt 0.472637 0.184437
vt 0.472244 0.184939
vt 0.471879 0.181918
vt 0.472244 0.181195
vt 0.472244 0.184939
vt 0.472244 0.181195
vt 0.472434 0.184565
vt 0.472082 0.185534
vt 0.471565 0.183067
vt 0.471879 0.181918
vt 0.472082 0.185534
vt 0.471879 0.181918
vt 0.472244 0.184939
vt 0.471957 0.186309
vt 0.471324 0.184565
vt 0.471565 0.183067
vt 0.471957 0.186309
vt 0.471565 0.183067
vt 0.472082 0.185534
vt 0.471879 0.187212
vt 0.471173 0.186309
vt 0.471324 0.184565
vt 0.471879 0.187212
vt 0.471324 0.184565
vt 0.471957 0.186309
vt 0.471852 0.188181
vt 0.471121 0.188181
vt 0.471173 0.186309
vt 0.471852 0.188181
vt 0.471173 0.186309
vt 0.471879 0.187212
vt 0.471879 0.189150
vt 0.471852 0.188181
vt 0.472637 0.188181
vt 0.471957 0.190052
vt 0.471879 0.189150
vt 0.472637 0.188181
vt 0.472082 0.190828
vt 0.471957 0.190052
vt 0.472637 0.188181
vt 0.472244 0.191423
vt 0.472082 0.190828
vt 0.472637 0.188181
vt 0.472434 0.191797
vt 0.472244 0.191423
vt 0.472637 0.188181
vt 0.472637 0.191924
vt 0.472434 0.191797
vt 0.472637 0.188181
vt 0.472840 0.191797
vt 0.472637 0.191924
vt 0.472637 0.188181
vt 0.473029 0.191423
vt 0.472840 0.191797
vt 0.472637 0.188181
vt 0.473191 0.190828
vt 0.473029 0.191423
vt 0.472637 0.188181
vt 0.473316 0.190052
vt 0.473191 0.190828
vt 0.472637 0.188181
vt 0.473394 0.189150
vt 0.473316 0.190052
vt 0.472637 0.188181
vt 0.473421 0.188181
vt 0.473394 0.189150
vt 0.472637 0.188181
vt 0.473394 0.187212
vt 0.473421 0.188181
vt 0.472637 0.188181
vt 0.473316 0.186309
vt 0.473394 0.187212
vt 0.472637 0.188181
vt 0.473191 0.185534
vt 0.473316 0.186309
vt 0.472637 0.188181
vt 0.473029 0.184939
vt 0.473191 0.185534
vt 0.472637 0.188181
vt 0.472840 0.184565
vt 0.473029 0.184939
vt 0.472637 0.188181
vt 0.472637 0.184437
vt 0.472840 0.184565
vt 0.472637 0.188181
vt 0.472434 0.184565
vt 0.472637 0.184437
vt 0.472637 0.188181
vt 0.472244 0.184939
vt 0.472434 0.184565
vt 0.472637 0.188181
vt 0.472082 0.185534
vt 0.472244 0.184939
vt 0.472637 0.188181
vt 0.471957 0.186309
vt 0.472082 0.185534
vt 0.472637 0.188181
vt 0.471879 0.187212
vt 0.471957 0.186309
vt 0.472637 0.188181
vt 0.471852 0.188181
vt 0.471879 0.187212
vt 0.472637 0.188181
vt 0.526684 0.200280
vt 0.526051 0.199029
vt 0.525900 0.200280
vt 0.526684 0.200280
vt 0.525900 0.200280
vt 0.526606 0.201676
vt 0.526051 0.199029
vt 0.525508 0.197038
vt 0.525294 0.198060
vt 0.526051 0.199029
vt 0.525294 0.198060
vt 0.525900 0.200280
vt 0.525508 0.197038
vt 0.525091 0.194444
vt 0.524828 0.195166
vt 0.525508 0.197038
vt 0.524828 0.195166
vt 0.525294 0.198060
vt 0.525091 0.194444
vt 0.524828 0.191423
vt 0.524536 0.191797
vt 0.525091 0.194444
vt 0.524536 0.191797
vt 0.524828 0.195166
vt 0.528121 0.201676
vt 0.527363 0.202152
vt 0.527363 0.202644
vt 0.528121 0.201676
vt 0.527363 0.202644
vt 0.528148 0.202152
vt 0.527363 0.202152
vt 0.526606 0.201676
vt 0.526579 0.202152
vt 0.527363 0.202152
vt 0.526579 0.202152
vt 0.527363 0.202644
vt 0.526606 0.201676
vt 0.525900 0.200280
vt 0.525848 0.200707
vt 0.526606 0.201676
vt 0.525848 0.200707
vt 0.526579 0.202152
vt 0.525900 0.200280
vt 0.525294 0.198060
vt 0.525221 0.198408
vt 0.525900 0.200280
vt 0.525221 0.198408
vt 0.525848 0.200707
vt 0.525294 0.198060
vt 0.524828 0.195166
vt 0.524739 0.195413
vt 0.525294 0.198060
vt 0.524739 0.195413
vt 0.525221 0.198408
vt 0.524828 0.195166
vt 0.524536 0.191797
vt 0.524436 0.191924
vt 0.524828 0.195166
vt 0.524436 0.191924
vt 0.524739 0.195413
vt 0.524536 0.191797
vt 0.524436 0.188181
vt 0.524333 0.188181
vt 0.524536 0.191797
vt 0.524333 0.188181
vt 0.524436 0.191924
vt 0.529506 0.198408
vt 0.528879 0.200707
vt 0.528827 0.200280
vt 0.529506 0.198408
vt 0.528827 0.200280
vt 0.529433 0.198060
vt 0.528879 0.200707
vt 0.528148 0.202152
vt 0.528121 0.201676
vt 0.528879 0.200707
vt 0.528121 0.201676
vt 0.528827 0.200280
vt 0.528148 0.202152
vt 0.527363 0.202644
vt 0.527363 0.202152
vt 0.528148 0.202152
vt 0.527363 0.202152
vt 0.528121 0.201676
vt 0.527363 0.202644
vt 0.526579 0.202152
vt 0.526606 0.201676
vt 0.527363 0.202644
vt 0.526606 0.201676
vt 0.527363 0.202152
vt 0.526579 0.202152
vt 0.525848 0.200707
vt 0.525900 0.200280
vt 0.526579 0.202152
vt 0.525900 0.200280
vt 0.526606 0.201676
vt 0.525848 0.200707
vt 0.525221 0.198408
vt 0.525294 0.198060
vt 0.525848 0.200707
vt 0.525294 0.198060
vt 0.525900 0.200280
vt 0.525221 0.198408
vt 0.524739 0.195413
vt 0.524828 0.195166
vt 0.525221 0.198408
vt 0.524828 0.195166
vt 0.525294 0.198060
vt 0.524739 0.195413
vt 0.524436 0.191924
vt 0.524536 0.191797
vt 0.524739 0.195413
vt 0.524536 0.191797
vt 0.524828 0.195166
vt 0.524436 0.191924
vt 0.524333 0.188181
vt 0.524436 0.188181
vt 0.524436 0.191924
vt 0.524436 0.188181
vt 0.524536 0.191797
vt 0.524333 0.188181
vt 0.524436 0.184437
vt 0.524536 0.184565
vt 0.524333 0.188181
vt 0.524536 0.184565
vt 0.524436 0.188181
vt 0.529899 0.195166
vt 0.529433 0.198060
vt 0.529219 0.197038
vt 0.529899 0.195166
vt 0.529219 0.197038
vt 0.529636 0.194444
vt 0.529433 0.198060
vt 0.528827 0.200280
vt 0.528676 0.199029
vt 0.529433 0.198060
vt 0.528676 0.199029
vt 0.529219 0.197038
vt 0.528827 0.200280
vt 0.528121 0.201676
vt 0.528043 0.200280
vt 0.528827 0.200280
vt 0.528043 0.200280
vt 0.528676 0.199029
vt 0.528121 0.201676
vt 0.527363 0.202152
vt 0.527363 0.200707
vt 0.528121 0.201676
vt 0.527363 0.200707
vt 0.528043 0.200280
vt 0.527363 0.202152
vt 0.526606 0.201676
vt 0.526684 0.200280
vt 0.527363 0.202152
vt 0.526684 0.200280
vt 0.527363 0.200707
vt 0.526606 0.201676
vt 0.525900 0.200280
vt 0.526051 0.199029
vt 0.526606 0.201676
vt 0.526051 0.199029
vt 0.526684 0.200280
vt 0.525900 0.200280
vt 0.525294 0.198060
vt 0.525508 0.197038
vt 0.525900 0.200280
vt 0.525508 0.197038
vt 0.526051 0.199029
vt 0.525294 0.198060
vt 0.524828 0.195166
vt 0.525091 0.194444
vt 0.525294 0.198060
vt 0.525091 0.194444
vt 0.525508 0.197038
vt 0.524828 0.195166
vt 0.524536 0.191797
vt 0.524828 0.191423
vt 0.524828 0.195166
vt 0.524828 0.191423
vt 0.525091 0.194444
vt 0.524536 0.191797
vt 0.524436 0.188181
vt 0.524739 0.188181
vt 0.524536 0.191797
vt 0.524739 0.188181
vt 0.524828 0.191423
vt 0.524436 0.188181
vt 0.524536 0.184565
vt 0.524828 0.184939
vt 0.524436 0.188181
vt 0.524828 0.184939
vt 0.524739 0.188181
vt 0.529899 0.191423
vt 0.529636 0.194444
vt 0.529219 0.193294
vt 0.529899 0.191423
vt 0.529219 0.193294
vt 0.529433 0.190828
vt 0.529636 0.194444
vt 0.529219 0.197038
vt 0.528879 0.195413
vt 0.529636 0.194444
vt 0.528879 0.195413
vt 0.529219 0.193294
vt 0.529219 0.197038
vt 0.528676 0.199029
vt 0.528435 0.197038
vt 0.529219 0.197038
vt 0.528435 0.197038
vt 0.528879 0.195413
vt 0.528676 0.199029
vt 0.528043 0.200280
vt 0.527918 0.198060
vt 0.528676 0.199029
vt 0.527918 0.198060
vt 0.528435 0.197038
vt 0.528043 0.200280
vt 0.527363 0.200707
vt 0.527363 0.198408
vt 0.528043 0.200280
vt 0.527363 0.198408
vt 0.527918 0.198060
vt 0.527363 0.200707
vt 0.526684 0.200280
vt 0.526809 0.198060
vt 0.527363 0.200707
vt 0.526809 0.198060
vt 0.527363 0.198408
vt 0.526684 0.200280
vt 0.526051 0.199029
vt 0.526292 0.197038
vt 0.526684 0.200280
vt 0.526292 0.197038
vt 0.526809 0.198060
vt 0.526051 0.199029
vt 0.525508 0.197038
vt 0.525848 0.195413
vt 0.526051 0.199029
vt 0.525848 0.195413
vt 0.526292 0.197038
vt 0.525508 0.197038
vt 0.525091 0.194444
vt 0.525508 0.193294
vt 0.525508 0.197038
vt 0.525508 0.193294
vt 0.525848 0.195413
vt 0.525091 0.194444
vt 0.524828 0.191423
vt 0.525294 0.190828
vt 0.525091 0.194444
vt 0.525294 0.190828
vt 0.525508 0.193294
vt 0.524828 0.191423
vt 0.524739 0.188181
vt 0.525221 0.188181
vt 0.524828 0.191423
vt 0.525221 0.188181
vt 0.525294 0.190828
vt 0.524739 0.188181
vt 0.524828 0.184939
vt 0.525294 0.185534
vt 0.524739 0.188181
vt 0.525294 0.185534
vt 0.525221 0.188181
vt 0.524828 0.184939
vt 0.525091 0.181918
vt 0.525508 0.183067
vt 0.524828 0.184939
vt 0.525508 0.183067
vt 0.525294 0.185534
vt 0.529506 0.188181
vt 0.529433 0.190828
vt 0.528827 0.190052
vt 0.529506 0.188181
vt 0.528827 0.190052
vt 0.528879 0.188181
vt 0.529433 0.190828
vt 0.529219 0.193294
vt 0.528676 0.191797
vt 0.529433 0.190828
vt 0.528676 0.191797
vt 0.528827 0.190052
vt 0.529219 0.193294
vt 0.528879 0.195413
vt 0.528435 0.193294
vt 0.529219 0.193294
vt 0.528435 0.193294
vt 0.528676 0.191797
vt 0.528879 0.195413
vt 0.528435 0.197038
vt 0.528121 0.194444
vt 0.528879 0.195413
vt 0.528121 0.194444
vt 0.528435 0.193294
vt 0.528435 0.197038
vt 0.527918 0.198060
vt 0.527756 0.195166
vt 0.528435 0.197038
vt 0.527756 0.195166
vt 0.528121 0.194444
vt 0.527918 0.198060
vt 0.527363 0.198408
vt 0.527363 0.195413
vt 0.527918 0.198060
vt 0.527363 0.195413
vt 0.527756 0.195166
vt 0.527363 0.198408
vt 0.526809 0.198060
vt 0.526971 0.195166
vt 0.527363 0.198408
vt 0.526971 0.195166
vt 0.527363 0.195413
vt 0.526809 0.198060
vt 0.526292 0.197038
vt 0.526606 0.194444
vt 0.526809 0.198060
vt 0.526606 0.194444
vt 0.526971 0.195166
vt 0.526292 0.197038
vt 0.525848 0.195413
vt 0.526292 0.193294
vt 0.526292 0.197038
vt 0.526292 0.193294
vt 0.526606 0.194444
vt 0.525848 0.195413
vt 0.525508 0.193294
vt 0.526051 0.191797
vt 0.525848 0.195413
vt 0.526051 0.191797
vt 0.526292 0.193294
vt 0.525508 0.193294
vt 0.525294 0.190828
vt 0.525900 0.190052
vt 0.525508 0.193294
vt 0.525900 0.190052
vt 0.526051 0.191797
vt 0.525294 0.190828
vt 0.525221 0.188181
vt 0.525848 0.188181
vt 0.525294 0.190828
vt 0.525848 0.188181
vt 0.525900 0.190052
vt 0.525221 0.188181
vt 0.525294 0.185534
vt 0.525900 0.186309
vt 0.525221 0.188181
vt 0.525900 0.186309
vt 0.525848 0.188181
vt 0.525294 0.185534
vt 0.525508 0.183067
vt 0.526051 0.184565
vt 0.525294 0.185534
vt 0.526051 0.184565
vt 0.525900 0.186309
vt 0.525508 0.183067
vt 0.525848 0.180949
vt 0.526292 0.183067
vt 0.525508 0.183067
vt 0.526292 0.183067
vt 0.526051 0.184565
vt 0.529433 0.185534
vt 0.529506 0.188181
vt 0.528879 0.188181
vt 0.529433 0.185534
vt 0.528879 0.188181
vt 0.528827 0.186309
vt 0.528879 0.188181
vt 0.528827 0.190052
vt 0.528121 0.189150
vt 0.528879 0.188181
vt 0.528121 0.189150
vt 0.528148 0.188181
vt 0.528827 0.190052
vt 0.528676 0.191797
vt 0.528043 0.190052
vt 0.528827 0.190052
vt 0.528043 0.190052
vt 0.528121 0.189150
vt 0.528676 0.191797
vt 0.528435 0.193294
vt 0.527918 0.190828
vt 0.528676 0.191797
vt 0.527918 0.190828
vt 0.528043 0.190052
vt 0.528435 0.193294
vt 0.528121 0.194444
vt 0.527756 0.191423
vt 0.528435 0.193294
vt 0.527756 0.191423
vt 0.527918 0.190828
vt 0.528121 0.194444
vt 0.527756 0.195166
vt 0.527566 0.191797
vt 0.528121 0.194444
vt 0.527566 0.191797
vt 0.527756 0.191423
vt 0.527756 0.195166
vt 0.527363 0.195413
vt 0.527363 0.191924
vt 0.527756 0.195166
vt 0.527363 0.191924
vt 0.527566 0.191797
vt 0.527363 0.195413
vt 0.526971 0.195166
vt 0.527160 0.191797
vt 0.527363 0.195413
vt 0.527160 0.191797
vt 0.527363 0.191924
vt 0.526971 0.195166
vt 0.526606 0.194444
vt 0.526971 0.191423
vt 0.526971 0.195166
vt 0.526971 0.191423
vt 0.527160 0.191797
vt 0.526606 0.194444
vt 0.526292 0.193294
vt 0.526809 0.190828
vt 0.526606 0.194444
vt 0.526809 0.190828
vt 0.526971 0.191423
vt 0.526292 0.193294
vt 0.526051 0.191797
vt 0.526684 0.190052
vt 0.526292 0.193294
vt 0.526684 0.190052
vt 0.526809 0.190828
vt 0.526051 0.191797
vt 0.525900 0.190052
vt 0.526606 0.189150
vt 0.526051 0.191797
vt 0.526606 0.189150
vt 0.526684 0.190052
vt 0.525900 0.190052
vt 0.525848 0.188181
vt 0.526579 0.188181
vt 0.525900 0.190052
vt 0.526579 0.188181
vt 0.526606 0.189150
vt 0.525848 0.188181
vt 0.525900 0.186309
vt 0.526606 0.187212
vt 0.525848 0.188181
vt 0.526606 0.187212
vt 0.526579 0.188181
vt 0.525900 0.186309
vt 0.526051 0.184565
vt 0.526684 0.186309
vt 0.525900 0.186309
vt 0.526684 0.186309
vt 0.526606 0.187212
vt 0.526051 0.184565
vt 0.526292 0.183067
vt 0.526809 0.185534
vt 0.526051 0.184565
vt 0.526809 0.185534
vt 0.526684 0.186309
vt 0.526292 0.183067
vt 0.526606 0.181918
vt 0.526971 0.184939
vt 0.526292 0.183067
vt 0.526971 0.184939
vt 0.526809 0.185534
vt 0.526606 0.181918
vt 0.526971 0.181195
vt 0.527160 0.184565
vt 0.526606 0.181918
vt 0.527160 0.184565
vt 0.526971 0.184939
vt 0.526971 0.181195
vt 0.527363 0.180949
vt 0.527363 0.184437
vt 0.526971 0.181195
vt 0.527363 0.184437
vt 0.527160 0.184565
vt 0.527363 0.180949
vt 0.527756 0.181195
vt 0.527566 0.184565
vt 0.527363 0.180949
vt 0.527566 0.184565
vt 0.527363 0.184437
vt 0.527756 0.181195
vt 0.528121 0.181918
vt 0.527756 0.184939
vt 0.527756 0.181195
vt 0.527756 0.184939
vt 0.527566 0.184565
vt 0.528121 0.181918
vt 0.528435 0.183067
vt 0.527918 0.185534
vt 0.528121 0.181918
vt 0.527918 0.185534
vt 0.527756 0.184939
vt 0.528435 0.183067
vt 0.528676 0.184565
vt 0.528043 0.186309
vt 0.528435 0.183067
vt 0.528043 0.186309
vt 0.527918 0.185534
vt 0.528676 0.184565
vt 0.528827 0.186309
vt 0.528121 0.187212
vt 0.528676 0.184565
vt 0.528121 0.187212
vt 0.528043 0.186309
vt 0.528827 0.186309
vt 0.528879 0.188181
vt 0.528148 0.188181
vt 0.528827 0.186309
vt 0.528148 0.188181
vt 0.528121 0.187212
vt 0.528148 0.188181
vt 0.528121 0.189150
vt 0.527363 0.188181
vt 0.528121 0.189150
vt 0.528043 0.190052
vt 0.527363 0.188181
vt 0.528043 0.190052
vt 0.527918 0.190828
vt 0.527363 0.188181
vt 0.527918 0.190828
vt 0.527756 0.191423
vt 0.527363 0.188181
vt 0.527756 0.191423
vt 0.527566 0.191797
vt 0.527363 0.188181
vt 0.527566 0.191797
vt 0.527363 0.191924
vt 0.527363 0.188181
vt 0.527363 0.191924
vt 0.527160 0.191797
vt 0.527363 0.188181
vt 0.527160 0.191797
vt 0.526971 0.191423
vt 0.527363 0.188181
vt 0.526971 0.191423
vt 0.526809 0.190828
vt 0.527363 0.188181
vt 0.526809 0.190828
vt 0.526684 0.190052
vt 0.527363 0.188181
vt 0.526684 0.190052
vt 0.526606 0.189150
vt 0.527363 0.188181
vt 0.526606 0.189150
vt 0.526579 0.188181
vt 0.527363 0.188181
vt 0.526579 0.188181
vt 0.526606 0.187212
vt 0.527363 0.188181
vt 0.526606 0.187212
vt 0.526684 0.186309
vt 0.527363 0.188181
vt 0.526684 0.186309
vt 0.526809 0.185534
vt 0.527363 0.188181
vt 0.526809 0.185534
vt 0.526971 0.184939
vt 0.527363 0.188181
vt 0.526971 0.184939
vt 0.527160 0.184565
vt 0.527363 0.188181
vt 0.527160 0.184565
vt 0.527363 0.184437
vt 0.527363 0.188181
vt 0.527363 0.184437
vt 0.527566 0.184565
vt 0.527363 0.188181
vt 0.527566 0.184565
vt 0.527756 0.184939
vt 0.527363 0.188181
vt 0.527756 0.184939
vt 0.527918 0.185534
vt 0.527363 0.188181
vt 0.527918 0.185534
vt 0.528043 0.186309
vt 0.527363 0.188181
vt 0.528043 0.186309
vt 0.528121 0.187212
vt 0.527363 0.188181
vt 0.528121 0.187212
vt 0.528148 0.188181
vt 0.527363 0.188181
vt 0.472165 0.192877
vt 0.472357 0.191550
vt 0.472332 0.191596
vt 0.472165 0.192877
vt 0.472332 0.191596
vt 0.472218 0.191641
vt 0.472165 0.192877
vt 0.472218 0.191641
vt 0.471928 0.191564
vt 0.472165 0.192877
vt 0.471928 0.191564
vt 0.471542 0.191197
vt 0.472165 0.192877
vt 0.471542 0.191197
vt 0.471366 0.190899
vt 0.472165 0.192877
vt 0.471366 0.190899
vt 0.471107 0.192796
vt 0.470895 0.198437
vt 0.471104 0.198994
vt 0.470811 0.198971
vt 0.470811 0.198971
vt 0.471104 0.198994
vt 0.471240 0.199275
vt 0.470811 0.198971
vt 0.471240 0.199275
vt 0.470436 0.204841
vt 0.470811 0.198971
vt 0.470436 0.204841
vt 0.469835 0.204904
vt 0.471405 0.190616
vt 0.471252 0.190967
vt 0.470587 0.191063
vt 0.471405 0.190616
vt 0.470587 0.191063
vt 0.470509 0.190901
vt 0.471405 0.190616
vt 0.470509 0.190901
vt 0.470467 0.190750
vt 0.471405 0.190616
vt 0.470467 0.190750
vt 0.470210 0.192727
vt 0.471405 0.190616
vt 0.470210 0.192727
vt 0.471107 0.192796
vt 0.470573 0.198001
vt 0.470577 0.198011
vt 0.470895 0.198437
vt 0.470573 0.198001
vt 0.470895 0.198437
vt 0.470811 0.198971
vt 0.470573 0.198001
vt 0.470811 0.198971
vt 0.470415 0.198941
vt 0.470490 0.190577
vt 0.470093 0.191100
vt 0.469880 0.190540
vt 0.470490 0.190577
vt 0.469880 0.190540
vt 0.469610 0.192681
vt 0.470490 0.190577
vt 0.469610 0.192681
vt 0.470210 0.192727
vt 0.470404 0.197471
vt 0.470556 0.197994
vt 0.470573 0.198001
vt 0.470404 0.197471
vt 0.470573 0.198001
vt 0.470415 0.198941
vt 0.470404 0.197471
vt 0.470415 0.198941
vt 0.470150 0.198921
vt 0.469610 0.192681
vt 0.469889 0.190469
vt 0.469783 0.190869
vt 0.469610 0.192681
vt 0.469783 0.190869
vt 0.469673 0.190623
vt 0.469610 0.192681
vt 0.469673 0.190623
vt 0.469681 0.190403
vt 0.469610 0.192681
vt 0.469681 0.190403
vt 0.469400 0.192665
vt 0.470341 0.197321
vt 0.470340 0.197455
vt 0.470404 0.197471
vt 0.470341 0.197321
vt 0.470404 0.197471
vt 0.470150 0.198921
vt 0.470341 0.197321
vt 0.470150 0.198921
vt 0.470057 0.198914
vt 0.469400 0.192665
vt 0.469672 0.190474
vt 0.469778 0.190675
vt 0.469400 0.192665
vt 0.469778 0.190675
vt 0.469948 0.190002
vt 0.469400 0.192665
vt 0.469948 0.190002
vt 0.469610 0.192681
vt 0.470150 0.198921
vt 0.470427 0.197344
vt 0.470341 0.197321
vt 0.470150 0.198921
vt 0.470341 0.197321
vt 0.470057 0.198914
vt 0.469610 0.192681
vt 0.469921 0.190213
vt 0.470076 0.190486
vt 0.469610 0.192681
vt 0.470076 0.190486
vt 0.470542 0.189928
vt 0.469610 0.192681
vt 0.470542 0.189928
vt 0.470597 0.189755
vt 0.469610 0.192681
vt 0.470597 0.189755
vt 0.470210 0.192727
vt 0.470415 0.198941
vt 0.470640 0.197604
vt 0.470482 0.197534
vt 0.470415 0.198941
vt 0.470482 0.197534
vt 0.470427 0.197344
vt 0.470415 0.198941
vt 0.470427 0.197344
vt 0.470150 0.198921
vt 0.470210 0.192727
vt 0.470564 0.190010
vt 0.471135 0.190101
vt 0.470210 0.192727
vt 0.471135 0.190101
vt 0.471177 0.190097
vt 0.470210 0.192727
vt 0.471177 0.190097
vt 0.471266 0.189934
vt 0.470210 0.192727
vt 0.471266 0.189934
vt 0.471580 0.189335
vt 0.470210 0.192727
vt 0.471580 0.189335
vt 0.471107 0.192796
vt 0.470811 0.198971
vt 0.470957 0.198046
vt 0.470654 0.197641
vt 0.470811 0.198971
vt 0.470654 0.197641
vt 0.470640 0.197604
vt 0.470811 0.198971
vt 0.470640 0.197604
vt 0.470415 0.198941
vt 0.471107 0.192796
vt 0.471560 0.189481
vt 0.471584 0.189526
vt 0.471107 0.192796
vt 0.471584 0.189526
vt 0.471955 0.190023
vt 0.471107 0.192796
vt 0.471955 0.190023
vt 0.471974 0.190006
vt 0.471107 0.192796
vt 0.471974 0.190006
vt 0.472329 0.189647
vt 0.471107 0.192796
vt 0.472329 0.189647
vt 0.472481 0.189468
vt 0.471107 0.192796
vt 0.472481 0.189468
vt 0.472571 0.189342
vt 0.471107 0.192796
vt 0.472571 0.189342
vt 0.472620 0.189261
vt 0.471107 0.192796
vt 0.472620 0.189261
vt 0.472687 0.189266
vt 0.471107 0.192796
vt 0.472687 0.189266
vt 0.472165 0.192877
vt 0.472614 0.189260
vt 0.472637 0.189249
vt 0.472694 0.189215
vt 0.472614 0.189260
vt 0.472694 0.189215
vt 0.472687 0.189266
vt 0.471279 0.199007
vt 0.471290 0.198934
vt 0.470957 0.198046
vt 0.471279 0.199007
vt 0.470957 0.198046
vt 0.470811 0.198971
vt 0.472165 0.192877
vt 0.472687 0.189266
vt 0.472930 0.189285
vt 0.472165 0.192877
vt 0.472930 0.189285
vt 0.473275 0.190306
vt 0.472165 0.192877
vt 0.473275 0.190306
vt 0.473364 0.190184
vt 0.472165 0.192877
vt 0.473364 0.190184
vt 0.473626 0.189446
vt 0.472165 0.192877
vt 0.473626 0.189446
vt 0.473645 0.189339
vt 0.472165 0.192877
vt 0.473645 0.189339
vt 0.473772 0.189349
vt 0.472165 0.192877
vt 0.473772 0.189349
vt 0.473223 0.192958
vt 0.473657 0.189340
vt 0.473776 0.189253
vt 0.473772 0.189349
vt 0.472694 0.189215
vt 0.472695 0.189216
vt 0.472767 0.189262
vt 0.472694 0.189215
vt 0.472767 0.189262
vt 0.472791 0.189274
vt 0.472694 0.189215
vt 0.472791 0.189274
vt 0.472687 0.189266
vt 0.471308 0.199009
vt 0.471290 0.198934
vt 0.471279 0.199007
vt 0.470833 0.206188
vt 0.471572 0.200409
vt 0.471316 0.199097
vt 0.470833 0.206188
vt 0.471316 0.199097
vt 0.471308 0.199009
vt 0.470833 0.206188
vt 0.471308 0.199009
vt 0.471279 0.199007
vt 0.470833 0.206188
vt 0.471279 0.199007
vt 0.470259 0.206069
vt 0.473223 0.192958
vt 0.473701 0.192994
vt 0.473671 0.193118
vt 0.473223 0.192958
vt 0.473671 0.193118
vt 0.473534 0.193933
vt 0.473223 0.192958
vt 0.473534 0.193933
vt 0.473451 0.194916
vt 0.473223 0.192958
vt 0.473451 0.194916
vt 0.473445 0.197033
vt 0.473223 0.192958
vt 0.473445 0.197033
vt 0.473089 0.199146
vt 0.473223 0.192958
vt 0.473089 0.199146
vt 0.472259 0.199082
vt 0.473772 0.189349
vt 0.474015 0.189367
vt 0.473930 0.189835
vt 0.473772 0.189349
vt 0.473930 0.189835
vt 0.473774 0.191315
vt 0.473772 0.189349
vt 0.473774 0.191315
vt 0.473701 0.192994
vt 0.473772 0.189349
vt 0.473701 0.192994
vt 0.473223 0.192958
vt 0.473776 0.189253
vt 0.473861 0.189356
vt 0.473772 0.189349
vt 0.471311 0.206354
vt 0.471833 0.201788
vt 0.471656 0.201235
vt 0.471311 0.206354
vt 0.471656 0.201235
vt 0.471575 0.200391
vt 0.471311 0.206354
vt 0.471575 0.200391
vt 0.470833 0.206188
vt 0.473089 0.199146
vt 0.473285 0.199161
vt 0.472940 0.200516
vt 0.473089 0.199146
vt 0.472940 0.200516
vt 0.472902 0.201985
vt 0.473089 0.199146
vt 0.472902 0.201985
vt 0.473115 0.202067
vt 0.473089 0.199146
vt 0.473115 0.202067
vt 0.472308 0.206454
vt 0.473089 0.199146
vt 0.472308 0.206454
vt 0.471859 0.206144
vt 0.473445 0.197033
vt 0.473368 0.197711
vt 0.473303 0.199162
vt 0.473445 0.197033
vt 0.473303 0.199162
vt 0.473089 0.199146
vt 0.471644 0.206372
vt 0.472076 0.202255
vt 0.472038 0.202268
vt 0.471644 0.206372
vt 0.472038 0.202268
vt 0.471867 0.201889
vt 0.471644 0.206372
vt 0.471867 0.201889
vt 0.471827 0.201841
vt 0.471644 0.206372
vt 0.471827 0.201841
vt 0.471311 0.206354
vt 0.473108 0.202102
vt 0.473114 0.202345
vt 0.473325 0.201924
vt 0.473108 0.202102
vt 0.473325 0.201924
vt 0.472518 0.206200
vt 0.473108 0.202102
vt 0.472518 0.206200
vt 0.472308 0.206454
vt 0.471644 0.206372
vt 0.471794 0.206145
vt 0.472205 0.202057
vt 0.471644 0.206372
vt 0.472205 0.202057
vt 0.472075 0.202267
vt 0.473357 0.201758
vt 0.473399 0.201763
vt 0.473358 0.201699
vt 0.473357 0.201758
vt 0.473358 0.201699
vt 0.473323 0.200883
vt 0.473357 0.201758
vt 0.473323 0.200883
vt 0.472434 0.205584
vt 0.473357 0.201758
vt 0.472434 0.205584
vt 0.472518 0.206200
vt 0.471734 0.205749
vt 0.472152 0.201626
vt 0.472157 0.201850
vt 0.471734 0.205749
vt 0.472157 0.201850
vt 0.472205 0.202051
vt 0.471734 0.205749
vt 0.472205 0.202051
vt 0.471794 0.206145
vt 0.472434 0.205584
vt 0.473461 0.200156
vt 0.473382 0.200149
vt 0.472434 0.205584
vt 0.473382 0.200149
vt 0.473293 0.199876
vt 0.472434 0.205584
vt 0.473293 0.199876
vt 0.473138 0.199149
vt 0.472434 0.205584
vt 0.473138 0.199149
vt 0.473089 0.199146
vt 0.472434 0.205584
vt 0.473089 0.199146
vt 0.472038 0.204902
vt 0.473115 0.199148
vt 0.473119 0.198971
vt 0.473089 0.199146
vt 0.472154 0.201608
vt 0.471734 0.205749
vt 0.471460 0.205325
vt 0.472154 0.201608
vt 0.471460 0.205325
vt 0.471941 0.200927
vt 0.473089 0.199146
vt 0.473119 0.198971
vt 0.472955 0.198208
vt 0.473089 0.199146
vt 0.472955 0.198208
vt 0.472910 0.195241
vt 0.473089 0.199146
vt 0.472910 0.195241
vt 0.472979 0.194511
vt 0.473089 0.199146
vt 0.472979 0.194511
vt 0.472259 0.199082
vt 0.471623 0.200041
vt 0.471920 0.200944
vt 0.471936 0.200973
vt 0.471623 0.200041
vt 0.471936 0.200973
vt 0.471460 0.205325
vt 0.471623 0.200041
vt 0.471460 0.205325
vt 0.471006 0.204994
vt 0.472259 0.199082
vt 0.472979 0.194511
vt 0.472807 0.192926
vt 0.472259 0.199082
vt 0.472807 0.192926
vt 0.472165 0.192877
vt 0.472259 0.199082
vt 0.472165 0.192877
vt 0.471279 0.199007
vt 0.472807 0.192926
vt 0.472637 0.192618
vt 0.472423 0.191983
vt 0.472807 0.192926
vt 0.472423 0.191983
vt 0.472344 0.191638
vt 0.472807 0.192926
vt 0.472344 0.191638
vt 0.472165 0.192877
vt 0.471240 0.199277
vt 0.471279 0.199400
vt 0.471622 0.200049
vt 0.471240 0.199277
vt 0.471622 0.200049
vt 0.471006 0.204994
vt 0.471240 0.199277
vt 0.471006 0.204994
vt 0.470436 0.204841
vt 0.471240 0.199277
vt 0.471293 0.198913
vt 0.471564 0.197035
vt 0.471240 0.199277
vt 0.471564 0.197035
vt 0.471572 0.196979
vt 0.471240 0.199277
vt 0.471572 0.196979
vt 0.471925 0.194535
vt 0.471240 0.199277
vt 0.471925 0.194535
vt 0.472344 0.191638
vt 0.471240 0.199277
vt 0.472344 0.191638
vt 0.472165 0.192877
vt 0.471240 0.199277
vt 0.472165 0.192877
vt 0.471279 0.199007
vt 0.471240 0.199277
vt 0.471279 0.199007
vt 0.470542 0.204112
vt 0.471240 0.199277
vt 0.470542 0.204112
vt 0.469917 0.208436
vt 0.471240 0.199277
vt 0.469917 0.208436
vt 0.470436 0.204841
vt 0.469917 0.208436
vt 0.470542 0.204112
vt 0.471279 0.199007
vt 0.469917 0.208436
vt 0.471279 0.199007
vt 0.472165 0.192877
vt 0.469917 0.208436
vt 0.472165 0.192877
vt 0.472344 0.191638
vt 0.469917 0.208436
vt 0.472344 0.191638
vt 0.471925 0.194535
vt 0.469917 0.208436
vt 0.471925 0.194535
vt 0.471572 0.196979
vt 0.469917 0.208436
vt 0.471572 0.196979
vt 0.471564 0.197035
vt 0.469917 0.208436
vt 0.471564 0.197035
vt 0.471293 0.198913
vt 0.469917 0.208436
vt 0.471293 0.198913
vt 0.471240 0.199277
vt 0.469917 0.208436
vt 0.471240 0.199277
vt 0.470436 0.204841
vt 0.528676 0.184565
vt 0.528969 0.183756
vt 0.529200 0.184441
vt 0.528676 0.184565
vt 0.529200 0.184441
vt 0.529406 0.185220
vt 0.528676 0.184565
vt 0.529406 0.185220
vt 0.529433 0.185534
vt 0.528676 0.184565
vt 0.529433 0.185534
vt 0.528827 0.186309
vt 0.528676 0.184565
vt 0.528435 0.183067
vt 0.528525 0.182635
vt 0.528676 0.184565
vt 0.528525 0.182635
vt 0.528969 0.183756
vt 0.528435 0.183067
vt 0.528121 0.181918
vt 0.528134 0.181813
vt 0.528435 0.183067
vt 0.528134 0.181813
vt 0.528525 0.182635
vt 0.528121 0.181918
vt 0.527756 0.181195
vt 0.527757 0.181178
vt 0.528121 0.181918
vt 0.527757 0.181178
vt 0.528134 0.181813
vt 0.527757 0.181178
vt 0.527756 0.181195
vt 0.527363 0.180949
vt 0.527757 0.181178
vt 0.527363 0.180949
vt 0.527363 0.180671
vt 0.527363 0.180671
vt 0.527363 0.180949
vt 0.526971 0.181195
vt 0.527363 0.180671
vt 0.526971 0.181195
vt 0.526919 0.180263
vt 0.526919 0.180263
vt 0.526971 0.181195
vt 0.526606 0.181918
vt 0.526919 0.180263
vt 0.526606 0.181918
vt 0.526368 0.179950
vt 0.525848 0.180949
vt 0.526137 0.179892
vt 0.526368 0.179950
vt 0.525848 0.180949
vt 0.526368 0.179950
vt 0.526606 0.181918
vt 0.525848 0.180949
vt 0.526606 0.181918
vt 0.526292 0.183067
vt 0.529506 0.188181
vt 0.529433 0.185534
vt 0.529465 0.185494
vt 0.529506 0.188181
vt 0.529465 0.185494
vt 0.529909 0.188181
vt 0.529406 0.185220
vt 0.529465 0.185494
vt 0.529433 0.185534
vt 0.525660 0.180053
vt 0.526137 0.179892
vt 0.525848 0.180949
vt 0.525091 0.181918
vt 0.525350 0.180305
vt 0.525660 0.180053
vt 0.525091 0.181918
vt 0.525660 0.180053
vt 0.525848 0.180949
vt 0.525091 0.181918
vt 0.525848 0.180949
vt 0.525508 0.183067
vt 0.529433 0.190828
vt 0.529506 0.188181
vt 0.529909 0.188181
vt 0.529433 0.190828
vt 0.529909 0.188181
vt 0.529974 0.188695
vt 0.529433 0.190828
vt 0.529974 0.188695
vt 0.529899 0.191423
vt 0.524853 0.181263
vt 0.525350 0.180305
vt 0.525091 0.181918
vt 0.524812 0.181380
vt 0.524853 0.181263
vt 0.525091 0.181918
vt 0.524812 0.181380
vt 0.525091 0.181918
vt 0.524828 0.184939
vt 0.524812 0.181380
vt 0.524828 0.184939
vt 0.524536 0.184565
vt 0.529899 0.191423
vt 0.530144 0.191736
vt 0.530127 0.192529
vt 0.529899 0.191423
vt 0.530127 0.192529
vt 0.529899 0.195166
vt 0.529899 0.191423
vt 0.529899 0.195166
vt 0.529636 0.194444
vt 0.529974 0.188695
vt 0.530122 0.190860
vt 0.530144 0.191736
vt 0.529974 0.188695
vt 0.530144 0.191736
vt 0.529899 0.191423
vt 0.524436 0.184437
vt 0.524522 0.183443
vt 0.524717 0.181998
vt 0.524436 0.184437
vt 0.524717 0.181998
vt 0.524812 0.181380
vt 0.524436 0.184437
vt 0.524812 0.181380
vt 0.524536 0.184565
vt 0.529899 0.195166
vt 0.529953 0.195315
vt 0.529757 0.196850
vt 0.529899 0.195166
vt 0.529757 0.196850
vt 0.529506 0.198408
vt 0.529899 0.195166
vt 0.529506 0.198408
vt 0.529433 0.198060
vt 0.530127 0.192529
vt 0.529953 0.195315
vt 0.529899 0.195166
vt 0.524475 0.184487
vt 0.524522 0.183443
vt 0.524436 0.184437
vt 0.524436 0.188181
vt 0.524488 0.186298
vt 0.524475 0.184487
vt 0.524436 0.188181
vt 0.524475 0.184487
vt 0.524436 0.184437
vt 0.524436 0.188181
vt 0.524436 0.184437
vt 0.524333 0.188181
vt 0.528879 0.200707
vt 0.528829 0.200299
vt 0.528772 0.200388
vt 0.528879 0.200707
vt 0.528772 0.200388
vt 0.528121 0.201676
vt 0.528879 0.200707
vt 0.528121 0.201676
vt 0.528148 0.202152
vt 0.529506 0.198408
vt 0.529480 0.198284
vt 0.528829 0.200299
vt 0.529506 0.198408
vt 0.528829 0.200299
vt 0.528879 0.200707
vt 0.529757 0.196850
vt 0.529648 0.197395
vt 0.529480 0.198284
vt 0.529757 0.196850
vt 0.529480 0.198284
vt 0.529506 0.198408
vt 0.524617 0.188181
vt 0.524488 0.186298
vt 0.524436 0.188181
vt 0.524828 0.191423
vt 0.524794 0.190188
vt 0.524711 0.189010
vt 0.524828 0.191423
vt 0.524711 0.189010
vt 0.524617 0.188181
vt 0.524828 0.191423
vt 0.524617 0.188181
vt 0.524436 0.188181
vt 0.524828 0.191423
vt 0.524436 0.188181
vt 0.524536 0.191797
vt 0.527363 0.202152
vt 0.527363 0.200746
vt 0.527311 0.200674
vt 0.527363 0.202152
vt 0.527311 0.200674
vt 0.526684 0.200280
vt 0.527363 0.202152
vt 0.526684 0.200280
vt 0.526606 0.201676
vt 0.528121 0.201676
vt 0.528080 0.200952
vt 0.527363 0.200746
vt 0.528121 0.201676
vt 0.527363 0.200746
vt 0.527363 0.202152
vt 0.528772 0.200388
vt 0.528080 0.200952
vt 0.528121 0.201676
vt 0.524905 0.191324
vt 0.524794 0.190188
vt 0.524828 0.191423
vt 0.525278 0.193927
vt 0.524905 0.191324
vt 0.524828 0.191423
vt 0.525278 0.193927
vt 0.524828 0.191423
vt 0.525091 0.194444
vt 0.525709 0.196079
vt 0.525278 0.193927
vt 0.525091 0.194444
vt 0.525709 0.196079
vt 0.525091 0.194444
vt 0.525508 0.197038
vt 0.526051 0.199029
vt 0.526181 0.197954
vt 0.525955 0.196968
vt 0.526051 0.199029
vt 0.525955 0.196968
vt 0.525709 0.196079
vt 0.526051 0.199029
vt 0.525709 0.196079
vt 0.525508 0.197038
vt 0.526684 0.200280
vt 0.526724 0.199572
vt 0.526181 0.197954
vt 0.526684 0.200280
vt 0.526181 0.197954
vt 0.526051 0.199029
vt 0.527311 0.200674
vt 0.526724 0.199572
vt 0.526684 0.200280
vt 0.473029 0.195166
vt 0.472910 0.195241
vt 0.472979 0.194511
vt 0.473029 0.195166
vt 0.472979 0.194511
vt 0.472807 0.192926
vt 0.473029 0.195166
vt 0.472807 0.192926
vt 0.472637 0.192618
vt 0.473029 0.195166
vt 0.472637 0.192618
vt 0.472637 0.191924
vt 0.473029 0.195166
vt 0.472637 0.191924
vt 0.472840 0.191797
vt 0.472423 0.191983
vt 0.472434 0.191797
vt 0.472637 0.191924
vt 0.472423 0.191983
vt 0.472637 0.191924
vt 0.472637 0.192618
vt 0.472434 0.191797
vt 0.472423 0.191983
vt 0.472344 0.191638
vt 0.472434 0.191797
vt 0.472344 0.191638
vt 0.472213 0.191685
vt 0.472434 0.191797
vt 0.472213 0.191685
vt 0.472244 0.191423
vt 0.472082 0.190828
vt 0.472244 0.191423
vt 0.472213 0.191682
vt 0.472082 0.190828
vt 0.472213 0.191682
vt 0.471922 0.191591
vt 0.471957 0.190052
vt 0.472082 0.190828
vt 0.471923 0.191586
vt 0.471957 0.190052
vt 0.471923 0.191586
vt 0.471540 0.191203
vt 0.471879 0.189150
vt 0.471957 0.190052
vt 0.471541 0.191200
vt 0.471879 0.189150
vt 0.471541 0.191200
vt 0.471366 0.190899
vt 0.471879 0.189150
vt 0.471366 0.190899
vt 0.471265 0.191110
vt 0.471879 0.189150
vt 0.471265 0.191110
vt 0.471173 0.190052
vt 0.470567 0.185534
vt 0.470594 0.185220
vt 0.470800 0.184441
vt 0.470567 0.185534
vt 0.470800 0.184441
vt 0.471031 0.183756
vt 0.470567 0.185534
vt 0.471031 0.183756
vt 0.471324 0.184565
vt 0.470567 0.185534
vt 0.471324 0.184565
vt 0.471173 0.186309
vt 0.471474 0.182635
vt 0.471565 0.183067
vt 0.471324 0.184565
vt 0.471474 0.182635
vt 0.471324 0.184565
vt 0.471031 0.183756
vt 0.471866 0.181813
vt 0.471879 0.181918
vt 0.471565 0.183067
vt 0.471866 0.181813
vt 0.471565 0.183067
vt 0.471474 0.182635
vt 0.472243 0.181178
vt 0.472244 0.181195
vt 0.471879 0.181918
vt 0.472243 0.181178
vt 0.471879 0.181918
vt 0.471866 0.181813
vt 0.472637 0.180949
vt 0.472244 0.181195
vt 0.472243 0.181178
vt 0.472637 0.180949
vt 0.472243 0.181178
vt 0.472637 0.180671
vt 0.473029 0.181195
vt 0.472637 0.180949
vt 0.472637 0.180671
vt 0.473029 0.181195
vt 0.472637 0.180671
vt 0.473081 0.180263
vt 0.473394 0.181918
vt 0.473029 0.181195
vt 0.473081 0.180263
vt 0.473394 0.181918
vt 0.473081 0.180263
vt 0.473632 0.179950
vt 0.473394 0.181918
vt 0.473632 0.179950
vt 0.473863 0.179892
vt 0.473394 0.181918
vt 0.473863 0.179892
vt 0.474152 0.180949
vt 0.473394 0.181918
vt 0.474152 0.180949
vt 0.473708 0.183067
vt 0.472955 0.198208
vt 0.472910 0.195241
vt 0.473029 0.195166
vt 0.472955 0.198208
vt 0.473029 0.195166
vt 0.473191 0.198060
vt 0.471264 0.191100
vt 0.470589 0.191089
vt 0.470567 0.190828
vt 0.471264 0.191100
vt 0.470567 0.190828
vt 0.471173 0.190052
vt 0.470535 0.185494
vt 0.470567 0.185534
vt 0.470494 0.188181
vt 0.470535 0.185494
vt 0.470494 0.188181
vt 0.470091 0.188181
vt 0.470535 0.185494
vt 0.470594 0.185220
vt 0.470567 0.185534
vt 0.473863 0.179892
vt 0.474340 0.180053
vt 0.474152 0.180949
vt 0.474152 0.180949
vt 0.474340 0.180053
vt 0.474650 0.180305
vt 0.474152 0.180949
vt 0.474650 0.180305
vt 0.474909 0.181918
vt 0.474152 0.180949
vt 0.474909 0.181918
vt 0.474492 0.183067
vt 0.470588 0.191070
vt 0.470509 0.190902
vt 0.470567 0.190828
vt 0.470567 0.190828
vt 0.470509 0.190901
vt 0.470467 0.190750
vt 0.470567 0.190828
vt 0.470467 0.190750
vt 0.470095 0.191185
vt 0.470567 0.190828
vt 0.470095 0.191185
vt 0.470026 0.188695
vt 0.470567 0.190828
vt 0.470026 0.188695
vt 0.470091 0.188181
vt 0.470567 0.190828
vt 0.470091 0.188181
vt 0.470494 0.188181
vt 0.474650 0.180305
vt 0.475147 0.181263
vt 0.474909 0.181918
vt 0.475172 0.184939
vt 0.474909 0.181918
vt 0.475147 0.181263
vt 0.475172 0.184939
vt 0.475147 0.181263
vt 0.475188 0.181380
vt 0.475172 0.184939
vt 0.475188 0.181380
vt 0.475464 0.184565
vt 0.471923 0.200897
vt 0.471941 0.200927
vt 0.472152 0.201626
vt 0.471923 0.200897
vt 0.472152 0.201626
vt 0.472161 0.201853
vt 0.471923 0.200897
vt 0.472161 0.201853
vt 0.471879 0.201676
vt 0.471279 0.199399
vt 0.471623 0.200041
vt 0.471923 0.200896
vt 0.471279 0.199399
vt 0.471923 0.200896
vt 0.471879 0.201676
vt 0.471279 0.199399
vt 0.471879 0.201676
vt 0.471173 0.200280
vt 0.470567 0.198060
vt 0.470577 0.198011
vt 0.470895 0.198437
vt 0.470567 0.198060
vt 0.470895 0.198437
vt 0.471104 0.198994
vt 0.470567 0.198060
vt 0.471104 0.198994
vt 0.471240 0.199277
vt 0.470567 0.198060
vt 0.471240 0.199277
vt 0.471280 0.199399
vt 0.470567 0.198060
vt 0.471280 0.199399
vt 0.471173 0.200280
vt 0.470556 0.197994
vt 0.470573 0.198001
vt 0.470577 0.198011
vt 0.470556 0.197994
vt 0.470577 0.198011
vt 0.470567 0.198060
vt 0.469856 0.191736
vt 0.469873 0.192529
vt 0.469809 0.191797
vt 0.469897 0.190587
vt 0.470026 0.188695
vt 0.470094 0.191139
vt 0.469880 0.190540
vt 0.469897 0.190587
vt 0.469878 0.190860
vt 0.469880 0.190540
vt 0.469878 0.190860
vt 0.469856 0.191736
vt 0.469880 0.190540
vt 0.469856 0.191736
vt 0.469809 0.191797
vt 0.469880 0.190540
vt 0.469809 0.191797
vt 0.469785 0.190925
vt 0.475188 0.181380
vt 0.475283 0.181998
vt 0.475478 0.183443
vt 0.475188 0.181380
vt 0.475478 0.183443
vt 0.475564 0.184437
vt 0.475188 0.181380
vt 0.475564 0.184437
vt 0.475464 0.184565
vt 0.473139 0.202329
vt 0.473325 0.201924
vt 0.473281 0.201747
vt 0.473139 0.202329
vt 0.473281 0.201747
vt 0.473394 0.201676
vt 0.473139 0.202329
vt 0.473394 0.201676
vt 0.473421 0.202152
vt 0.472161 0.201853
vt 0.472205 0.202057
vt 0.472076 0.202255
vt 0.472161 0.201853
vt 0.472076 0.202255
vt 0.472034 0.202266
vt 0.472161 0.201853
vt 0.472034 0.202266
vt 0.471852 0.202152
vt 0.472161 0.201853
vt 0.471852 0.202152
vt 0.471879 0.201676
vt 0.470047 0.195315
vt 0.470243 0.196850
vt 0.470012 0.195413
vt 0.470340 0.197455
vt 0.470404 0.197471
vt 0.470556 0.197994
vt 0.470340 0.197455
vt 0.470556 0.197994
vt 0.470567 0.198060
vt 0.470340 0.197455
vt 0.470567 0.198060
vt 0.470494 0.198408
vt 0.469809 0.191797
vt 0.469873 0.192529
vt 0.470047 0.195315
vt 0.469809 0.191797
vt 0.470047 0.195315
vt 0.470012 0.195413
vt 0.469809 0.191797
vt 0.470012 0.195413
vt 0.469709 0.191924
vt 0.469673 0.190628
vt 0.469785 0.190912
vt 0.469809 0.191797
vt 0.469673 0.190628
vt 0.469809 0.191797
vt 0.469709 0.191924
vt 0.475478 0.183443
vt 0.475525 0.184487
vt 0.475564 0.184437
vt 0.475564 0.184437
vt 0.475525 0.184487
vt 0.475512 0.186298
vt 0.475564 0.184437
vt 0.475512 0.186298
vt 0.475564 0.188181
vt 0.475564 0.184437
vt 0.475564 0.188181
vt 0.475667 0.188181
vt 0.472930 0.201967
vt 0.473115 0.202067
vt 0.473142 0.202327
vt 0.472930 0.201967
vt 0.473142 0.202327
vt 0.473421 0.202152
vt 0.472930 0.201967
vt 0.473421 0.202152
vt 0.473394 0.201676
vt 0.472034 0.202266
vt 0.471865 0.201918
vt 0.471852 0.202152
vt 0.471852 0.202152
vt 0.471865 0.201918
vt 0.471833 0.201788
vt 0.471852 0.202152
vt 0.471833 0.201788
vt 0.471652 0.201228
vt 0.471852 0.202152
vt 0.471652 0.201228
vt 0.471228 0.200388
vt 0.471852 0.202152
vt 0.471228 0.200388
vt 0.471171 0.200299
vt 0.471852 0.202152
vt 0.471171 0.200299
vt 0.471121 0.200707
vt 0.471171 0.200299
vt 0.470520 0.198284
vt 0.470494 0.198408
vt 0.471171 0.200299
vt 0.470494 0.198408
vt 0.471121 0.200707
vt 0.470012 0.195413
vt 0.470243 0.196850
vt 0.470341 0.197338
vt 0.470012 0.195413
vt 0.470341 0.197338
vt 0.470341 0.197321
vt 0.470012 0.195413
vt 0.470341 0.197321
vt 0.470427 0.197344
vt 0.470012 0.195413
vt 0.470427 0.197344
vt 0.470482 0.197534
vt 0.470012 0.195413
vt 0.470482 0.197534
vt 0.470101 0.195166
vt 0.470352 0.197395
vt 0.470341 0.197338
vt 0.470340 0.197455
vt 0.470352 0.197395
vt 0.470340 0.197455
vt 0.470494 0.198408
vt 0.470352 0.197395
vt 0.470494 0.198408
vt 0.470520 0.198284
vt 0.469809 0.191797
vt 0.469777 0.190646
vt 0.469681 0.190403
vt 0.469809 0.191797
vt 0.469681 0.190403
vt 0.469673 0.190623
vt 0.469809 0.191797
vt 0.469673 0.190623
vt 0.469709 0.191924
vt 0.475512 0.186298
vt 0.475383 0.188181
vt 0.475564 0.188181
vt 0.475564 0.188181
vt 0.475383 0.188181
vt 0.475289 0.189010
vt 0.475564 0.188181
vt 0.475289 0.189010
vt 0.475206 0.190188
vt 0.475564 0.188181
vt 0.475206 0.190188
vt 0.475172 0.191423
vt 0.475564 0.188181
vt 0.475172 0.191423
vt 0.475464 0.191797
vt 0.472637 0.200746
vt 0.472689 0.200674
vt 0.472637 0.200707
vt 0.473316 0.200280
vt 0.473023 0.200464
vt 0.472943 0.201959
vt 0.473316 0.200280
vt 0.472943 0.201959
vt 0.473394 0.201676
vt 0.472637 0.200746
vt 0.472637 0.200707
vt 0.471957 0.200280
vt 0.472637 0.200746
vt 0.471957 0.200280
vt 0.471920 0.200952
vt 0.471600 0.200692
vt 0.471228 0.200388
vt 0.471653 0.201229
vt 0.471324 0.199029
vt 0.471316 0.199097
vt 0.471572 0.200409
vt 0.471324 0.199029
vt 0.471572 0.200409
vt 0.471600 0.200692
vt 0.471324 0.199029
vt 0.471600 0.200692
vt 0.471920 0.200952
vt 0.471324 0.199029
vt 0.471920 0.200952
vt 0.471957 0.200280
vt 0.470654 0.197641
vt 0.470957 0.198046
vt 0.471290 0.198934
vt 0.470654 0.197641
vt 0.471290 0.198934
vt 0.471308 0.199009
vt 0.470654 0.197641
vt 0.471308 0.199009
vt 0.471316 0.199097
vt 0.470654 0.197641
vt 0.471316 0.199097
vt 0.471324 0.199029
vt 0.470654 0.197641
vt 0.471324 0.199029
vt 0.470781 0.197038
vt 0.470101 0.195166
vt 0.470482 0.197534
vt 0.470640 0.197604
vt 0.470101 0.195166
vt 0.470640 0.197604
vt 0.470654 0.197641
vt 0.470101 0.195166
vt 0.470654 0.197641
vt 0.470781 0.197038
vt 0.470101 0.195166
vt 0.470781 0.197038
vt 0.470364 0.194444
vt 0.470101 0.191423
vt 0.470071 0.190337
vt 0.469948 0.190002
vt 0.470101 0.191423
vt 0.469948 0.190002
vt 0.469778 0.190662
vt 0.470101 0.191423
vt 0.469778 0.190662
vt 0.469809 0.191797
vt 0.475206 0.190188
vt 0.475095 0.191324
vt 0.475172 0.191423
vt 0.475172 0.191423
vt 0.475095 0.191324
vt 0.474722 0.193927
vt 0.475172 0.191423
vt 0.474722 0.193927
vt 0.474909 0.194444
vt 0.474909 0.194444
vt 0.474722 0.193927
vt 0.474291 0.196079
vt 0.474909 0.194444
vt 0.474291 0.196079
vt 0.474492 0.197038
vt 0.474291 0.196079
vt 0.474045 0.196968
vt 0.473819 0.197954
vt 0.474291 0.196079
vt 0.473819 0.197954
vt 0.473949 0.199029
vt 0.474291 0.196079
vt 0.473949 0.199029
vt 0.474492 0.197038
vt 0.473261 0.199303
vt 0.473303 0.199162
vt 0.473368 0.197711
vt 0.473261 0.199303
vt 0.473368 0.197711
vt 0.473191 0.198060
vt 0.473819 0.197954
vt 0.473276 0.199572
vt 0.473316 0.200280
vt 0.473819 0.197954
vt 0.473316 0.200280
vt 0.473949 0.199029
vt 0.473276 0.199572
vt 0.473151 0.199807
vt 0.473005 0.200475
vt 0.473276 0.199572
vt 0.473005 0.200475
vt 0.473316 0.200280
vt 0.472637 0.200707
vt 0.472689 0.200674
vt 0.473151 0.199807
vt 0.472637 0.200707
vt 0.473151 0.199807
vt 0.473261 0.199303
vt 0.472637 0.200707
vt 0.473261 0.199303
vt 0.473191 0.198060
vt 0.472637 0.200707
vt 0.473191 0.198060
vt 0.472637 0.198408
vt 0.470101 0.191423
vt 0.470567 0.190828
vt 0.470542 0.189919
vt 0.470101 0.191423
vt 0.470542 0.189919
vt 0.470072 0.190368
vt 0.473451 0.194916
vt 0.473534 0.193933
vt 0.473394 0.194444
vt 0.473191 0.198060
vt 0.473368 0.197711
vt 0.473445 0.197033
vt 0.473191 0.198060
vt 0.473445 0.197033
vt 0.473451 0.194916
vt 0.473191 0.198060
vt 0.473451 0.194916
vt 0.473394 0.194444
vt 0.473191 0.198060
vt 0.473394 0.194444
vt 0.473029 0.195166
vt 0.473861 0.189356
vt 0.473776 0.189253
vt 0.473657 0.189340
vt 0.473861 0.189356
vt 0.473657 0.189340
vt 0.473635 0.189457
vt 0.473861 0.189356
vt 0.473635 0.189457
vt 0.473815 0.189688
vt 0.473811 0.189683
vt 0.473633 0.189455
vt 0.473368 0.190196
vt 0.473811 0.189683
vt 0.473368 0.190196
vt 0.473716 0.191155
vt 0.473811 0.189683
vt 0.473716 0.191155
vt 0.473949 0.191797
vt 0.473811 0.189683
vt 0.473949 0.191797
vt 0.474100 0.190052
vt 0.473369 0.190199
vt 0.473269 0.190342
vt 0.473191 0.190828
vt 0.473369 0.190199
vt 0.473191 0.190828
vt 0.473671 0.193118
vt 0.473369 0.190199
vt 0.473671 0.193118
vt 0.473701 0.192994
vt 0.473369 0.190199
vt 0.473701 0.192994
vt 0.473712 0.191143
vt 0.473394 0.194444
vt 0.473534 0.193933
vt 0.473671 0.193118
vt 0.473394 0.194444
vt 0.473671 0.193118
vt 0.473191 0.190828
vt 0.473394 0.194444
vt 0.473191 0.190828
vt 0.473029 0.191423
vt 0.471957 0.190052
vt 0.471946 0.189923
vt 0.471638 0.189458
vt 0.471957 0.190052
vt 0.471638 0.189458
vt 0.471209 0.190007
vt 0.471957 0.190052
vt 0.471209 0.190007
vt 0.471174 0.190067
vt 0.471957 0.190052
vt 0.471174 0.190067
vt 0.471324 0.191797
vt 0.471638 0.189457
vt 0.471580 0.189335
vt 0.471213 0.190002
vt 0.473258 0.190414
vt 0.472956 0.189705
vt 0.473191 0.190828
vt 0.473191 0.190828
vt 0.472956 0.189705
vt 0.472791 0.189274
vt 0.473191 0.190828
vt 0.472791 0.189274
vt 0.472767 0.189262
vt 0.473191 0.190828
vt 0.472767 0.189262
vt 0.473029 0.191423
vt 0.473029 0.191423
vt 0.472767 0.189262
vt 0.472695 0.189216
vt 0.473029 0.191423
vt 0.472695 0.189216
vt 0.472840 0.191797
vt 0.472840 0.191797
vt 0.472695 0.189216
vt 0.472694 0.189215
vt 0.472840 0.191797
vt 0.472694 0.189215
vt 0.472637 0.189249
vt 0.472840 0.191797
vt 0.472637 0.189249
vt 0.472637 0.191924
vt 0.472572 0.189328
vt 0.472483 0.189446
vt 0.472244 0.191423
vt 0.472572 0.189328
vt 0.472244 0.191423
vt 0.472434 0.191797
vt 0.472483 0.189446
vt 0.472338 0.189606
vt 0.472082 0.190828
vt 0.472483 0.189446
vt 0.472082 0.190828
vt 0.472244 0.191423
vt 0.472338 0.189605
vt 0.472011 0.189905
vt 0.471957 0.190052
vt 0.472338 0.189605
vt 0.471957 0.190052
vt 0.472082 0.190828
vt 0.470436 0.204841
vt 0.469917 0.208436
vt 0.469156 0.208636
vt 0.470436 0.204841
vt 0.469156 0.208636
vt 0.469835 0.204904
vt 0.469917 0.208436
vt 0.470542 0.204112
vt 0.469653 0.204225
vt 0.469917 0.208436
vt 0.469653 0.204225
vt 0.469156 0.208636
vt 0.470542 0.204112
vt 0.471279 0.199007
vt 0.470299 0.198932
vt 0.470542 0.204112
vt 0.470299 0.198932
vt 0.469653 0.204225
vt 0.471279 0.199007
vt 0.472165 0.192877
vt 0.471107 0.192796
vt 0.471279 0.199007
vt 0.471107 0.192796
vt 0.470299 0.198932
vt 0.469835 0.204904
vt 0.469156 0.208636
vt 0.468449 0.209239
vt 0.469835 0.204904
vt 0.468449 0.209239
vt 0.469297 0.205160
vt 0.469156 0.208636
vt 0.469653 0.204225
vt 0.468852 0.204659
vt 0.469156 0.208636
vt 0.468852 0.204659
vt 0.468449 0.209239
vt 0.469653 0.204225
vt 0.470299 0.198932
vt 0.469469 0.198869
vt 0.469653 0.204225
vt 0.469469 0.198869
vt 0.468852 0.204659
vt 0.470299 0.198932
vt 0.471107 0.192796
vt 0.470210 0.192727
vt 0.470299 0.198932
vt 0.470210 0.192727
vt 0.469469 0.198869
vt 0.470811 0.198971
vt 0.469835 0.204904
vt 0.469297 0.205160
vt 0.470811 0.198971
vt 0.469297 0.205160
vt 0.470415 0.198941
vt 0.469297 0.205160
vt 0.468449 0.209239
vt 0.467924 0.209998
vt 0.469297 0.205160
vt 0.467924 0.209998
vt 0.468908 0.205533
vt 0.468449 0.209239
vt 0.468852 0.204659
vt 0.468270 0.205266
vt 0.468449 0.209239
vt 0.468270 0.205266
vt 0.467924 0.209998
vt 0.468852 0.204659
vt 0.469469 0.198869
vt 0.468914 0.198826
vt 0.468852 0.204659
vt 0.468914 0.198826
vt 0.468270 0.205266
vt 0.469469 0.198869
vt 0.470210 0.192727
vt 0.469610 0.192681
vt 0.469469 0.198869
vt 0.469610 0.192681
vt 0.468914 0.198826
vt 0.470415 0.198941
vt 0.469297 0.205160
vt 0.468908 0.205533
vt 0.470415 0.198941
vt 0.468908 0.205533
vt 0.470150 0.198921
vt 0.468908 0.205533
vt 0.467924 0.209998
vt 0.467680 0.210684
vt 0.468908 0.205533
vt 0.467680 0.210684
vt 0.468735 0.205911
vt 0.467924 0.209998
vt 0.468270 0.205266
vt 0.468012 0.205856
vt 0.467924 0.209998
vt 0.468012 0.205856
vt 0.467680 0.210684
vt 0.468270 0.205266
vt 0.468914 0.198826
vt 0.468719 0.198812
vt 0.468270 0.205266
vt 0.468719 0.198812
vt 0.468012 0.205856
vt 0.468914 0.198826
vt 0.469610 0.192681
vt 0.469400 0.192665
vt 0.468914 0.198826
vt 0.469400 0.192665
vt 0.468719 0.198812
vt 0.470150 0.198921
vt 0.468908 0.205533
vt 0.468735 0.205911
vt 0.470150 0.198921
vt 0.468735 0.205911
vt 0.470057 0.198914
vt 0.468735 0.205911
vt 0.467680 0.210684
vt 0.467765 0.211104
vt 0.468735 0.205911
vt 0.467765 0.211104
vt 0.468818 0.206155
vt 0.467680 0.210684
vt 0.468012 0.205856
vt 0.468144 0.206136
vt 0.467680 0.210684
vt 0.468144 0.206136
vt 0.467765 0.211104
vt 0.468012 0.205856
vt 0.468719 0.198812
vt 0.468914 0.198826
vt 0.468012 0.205856
vt 0.468914 0.198826
vt 0.468144 0.206136
vt 0.468719 0.198812
vt 0.469400 0.192665
vt 0.469610 0.192681
vt 0.468719 0.198812
vt 0.469610 0.192681
vt 0.468914 0.198826
vt 0.470057 0.198914
vt 0.468735 0.205911
vt 0.468818 0.206155
vt 0.470057 0.198914
vt 0.468818 0.206155
vt 0.470150 0.198921
vt 0.468818 0.206155
vt 0.467765 0.211104
vt 0.468177 0.211118
vt 0.468818 0.206155
vt 0.468177 0.211118
vt 0.469148 0.206189
vt 0.467765 0.211104
vt 0.468144 0.206136
vt 0.468672 0.205900
vt 0.467765 0.211104
vt 0.468672 0.205900
vt 0.468177 0.211118
vt 0.468144 0.206136
vt 0.468914 0.198826
vt 0.469469 0.198869
vt 0.468144 0.206136
vt 0.469469 0.198869
vt 0.468672 0.205900
vt 0.468914 0.198826
vt 0.469610 0.192681
vt 0.470210 0.192727
vt 0.468914 0.198826
vt 0.470210 0.192727
vt 0.469469 0.198869
vt 0.470150 0.198921
vt 0.468818 0.206155
vt 0.469148 0.206189
vt 0.470150 0.198921
vt 0.469148 0.206189
vt 0.470415 0.198941
vt 0.469148 0.206189
vt 0.468177 0.211118
vt 0.468833 0.210870
vt 0.469148 0.206189
vt 0.468833 0.210870
vt 0.469663 0.206099
vt 0.468177 0.211118
vt 0.468672 0.205900
vt 0.469478 0.205440
vt 0.468177 0.211118
vt 0.469478 0.205440
vt 0.468833 0.210870
vt 0.468672 0.205900
vt 0.469469 0.198869
vt 0.470299 0.198932
vt 0.468672 0.205900
vt 0.470299 0.198932
vt 0.469478 0.205440
vt 0.469469 0.198869
vt 0.470210 0.192727
vt 0.471107 0.192796
vt 0.469469 0.198869
vt 0.471107 0.192796
vt 0.470299 0.198932
vt 0.470415 0.198941
vt 0.469148 0.206189
vt 0.469663 0.206099
vt 0.470415 0.198941
vt 0.469663 0.206099
vt 0.470811 0.198971
vt 0.469663 0.206099
vt 0.468833 0.210870
vt 0.469582 0.210753
vt 0.469663 0.206099
vt 0.469582 0.210753
vt 0.470259 0.206069
vt 0.468833 0.210870
vt 0.469478 0.205440
vt 0.470375 0.205265
vt 0.468833 0.210870
vt 0.470375 0.205265
vt 0.469582 0.210753
vt 0.469478 0.205440
vt 0.470299 0.198932
vt 0.471279 0.199007
vt 0.469478 0.205440
vt 0.471279 0.199007
vt 0.470375 0.205265
vt 0.470299 0.198932
vt 0.471107 0.192796
vt 0.472165 0.192877
vt 0.470299 0.198932
vt 0.472165 0.192877
vt 0.471279 0.199007
vt 0.470811 0.198971
vt 0.469663 0.206099
vt 0.470259 0.206069
vt 0.470811 0.198971
vt 0.470259 0.206069
vt 0.471279 0.199007
vt 0.470259 0.206069
vt 0.469582 0.210753
vt 0.470281 0.210980
vt 0.470259 0.206069
vt 0.470281 0.210980
vt 0.470833 0.206188
vt 0.469582 0.210753
vt 0.470375 0.205265
vt 0.471202 0.205572
vt 0.469582 0.210753
vt 0.471202 0.205572
vt 0.470281 0.210980
vt 0.470375 0.205265
vt 0.471279 0.199007
vt 0.472259 0.199082
vt 0.470375 0.205265
vt 0.472259 0.199082
vt 0.471202 0.205572
vt 0.471279 0.199007
vt 0.472165 0.192877
vt 0.473223 0.192958
vt 0.471279 0.199007
vt 0.473223 0.192958
vt 0.472259 0.199082
vt 0.470833 0.206188
vt 0.470281 0.210980
vt 0.470852 0.211323
vt 0.470833 0.206188
vt 0.470852 0.211323
vt 0.471311 0.206354
vt 0.470281 0.210980
vt 0.471202 0.205572
vt 0.471859 0.206144
vt 0.470281 0.210980
vt 0.471859 0.206144
vt 0.470852 0.211323
vt 0.471202 0.205572
vt 0.472259 0.199082
vt 0.473089 0.199146
vt 0.471202 0.205572
vt 0.473089 0.199146
vt 0.471859 0.206144
vt 0.471311 0.206354
vt 0.470852 0.211323
vt 0.471259 0.211371
vt 0.471311 0.206354
vt 0.471259 0.211371
vt 0.471644 0.206372
vt 0.470852 0.211323
vt 0.471859 0.206144
vt 0.472308 0.206454
vt 0.470852 0.211323
vt 0.472308 0.206454
vt 0.471259 0.211371
vt 0.471644 0.206372
vt 0.471259 0.211371
vt 0.471462 0.210973
vt 0.471644 0.206372
vt 0.471462 0.210973
vt 0.471794 0.206145
vt 0.471259 0.211371
vt 0.472308 0.206454
vt 0.472518 0.206200
vt 0.471259 0.211371
vt 0.472518 0.206200
vt 0.471462 0.210973
vt 0.471794 0.206145
vt 0.471462 0.210973
vt 0.471419 0.210266
vt 0.471794 0.206145
vt 0.471419 0.210266
vt 0.471734 0.205749
vt 0.471462 0.210973
vt 0.472518 0.206200
vt 0.472434 0.205584
vt 0.471462 0.210973
vt 0.472434 0.205584
vt 0.471419 0.210266
vt 0.471734 0.205749
vt 0.471419 0.210266
vt 0.471123 0.209444
vt 0.471734 0.205749
vt 0.471123 0.209444
vt 0.471460 0.205325
vt 0.471419 0.210266
vt 0.472434 0.205584
vt 0.472038 0.204902
vt 0.471419 0.210266
vt 0.472038 0.204902
vt 0.471123 0.209444
vt 0.471460 0.205325
vt 0.471123 0.209444
vt 0.470604 0.208747
vt 0.471460 0.205325
vt 0.470604 0.208747
vt 0.471006 0.204994
vt 0.471123 0.209444
vt 0.472038 0.204902
vt 0.471378 0.204357
vt 0.471123 0.209444
vt 0.471378 0.204357
vt 0.470604 0.208747
vt 0.472038 0.204902
vt 0.473089 0.199146
vt 0.472259 0.199082
vt 0.472038 0.204902
vt 0.472259 0.199082
vt 0.471378 0.204357
vt 0.471006 0.204994
vt 0.470604 0.208747
vt 0.469917 0.208436
vt 0.471006 0.204994
vt 0.469917 0.208436
vt 0.470436 0.204841
vt 0.470604 0.208747
vt 0.471378 0.204357
vt 0.470542 0.204112
vt 0.470604 0.208747
vt 0.470542 0.204112
vt 0.469917 0.208436
vt 0.471378 0.204357
vt 0.472259 0.199082
vt 0.471279 0.199007
vt 0.471378 0.204357
vt 0.471279 0.199007
vt 0.470542 0.204112
vt 0.470436 0.204841
vt 0.469917 0.208436
vt 0.469156 0.208636
vt 0.470436 0.204841
vt 0.469156 0.208636
vt 0.469835 0.204904
vt 0.469917 0.208436
vt 0.470542 0.204112
vt 0.469653 0.204225
vt 0.469917 0.208436
vt 0.469653 0.204225
vt 0.469156 0.208636
vt 0.470542 0.204112
vt 0.471279 0.199007
vt 0.470299 0.198932
vt 0.470542 0.204112
vt 0.470299 0.198932
vt 0.469653 0.204225
vt 0.471279 0.199007
vt 0.472165 0.192877
vt 0.471107 0.192796
vt 0.471279 0.199007
vt 0.471107 0.192796
vt 0.470299 0.198932
vt 0.472165 0.192877
vt 0.472687 0.189266
vt 0.471601 0.189183
vt 0.472165 0.192877
vt 0.471601 0.189183
vt 0.471107 0.192796
vt 0.472687 0.189266
vt 0.472725 0.189003
vt 0.471667 0.188922
vt 0.472687 0.189266
vt 0.471667 0.188922
vt 0.471601 0.189183
vt 0.472725 0.189003
vt 0.472757 0.188780
vt 0.471777 0.188705
vt 0.472725 0.189003
vt 0.471777 0.188705
vt 0.471667 0.188922
vt 0.472757 0.188780
vt 0.472778 0.188630
vt 0.471916 0.188564
vt 0.472757 0.188780
vt 0.471916 0.188564
vt 0.471777 0.188705
vt 0.472778 0.188630
vt 0.472786 0.188578
vt 0.472062 0.188523
vt 0.472778 0.188630
vt 0.472062 0.188523
vt 0.471916 0.188564
vt 0.472786 0.188578
vt 0.472778 0.188630
vt 0.472193 0.188586
vt 0.472786 0.188578
vt 0.472193 0.188586
vt 0.472062 0.188523
vt 0.472778 0.188630
vt 0.472757 0.188780
vt 0.472289 0.188744
vt 0.472778 0.188630
vt 0.472289 0.188744
vt 0.472193 0.188586
vt 0.472757 0.188780
vt 0.472725 0.189003
vt 0.472335 0.188973
vt 0.472757 0.188780
vt 0.472335 0.188973
vt 0.472289 0.188744
vt 0.472725 0.189003
vt 0.472687 0.189266
vt 0.472325 0.189238
vt 0.472725 0.189003
vt 0.472325 0.189238
vt 0.472335 0.188973
vt 0.472687 0.189266
vt 0.472165 0.192877
vt 0.471776 0.192847
vt 0.472687 0.189266
vt 0.471776 0.192847
vt 0.472325 0.189238
vt 0.472165 0.192877
vt 0.471279 0.199007
vt 0.470811 0.198971
vt 0.472165 0.192877
vt 0.470811 0.198971
vt 0.471776 0.192847
vt 0.471279 0.199007
vt 0.470436 0.204841
vt 0.469835 0.204904
vt 0.471279 0.199007
vt 0.469835 0.204904
vt 0.470811 0.198971
vt 0.469835 0.204904
vt 0.469156 0.208636
vt 0.468449 0.209239
vt 0.469835 0.204904
vt 0.468449 0.209239
vt 0.469297 0.205160
vt 0.469156 0.208636
vt 0.469653 0.204225
vt 0.468852 0.204659
vt 0.469156 0.208636
vt 0.468852 0.204659
vt 0.468449 0.209239
vt 0.469653 0.204225
vt 0.470299 0.198932
vt 0.469469 0.198869
vt 0.469653 0.204225
vt 0.469469 0.198869
vt 0.468852 0.204659
vt 0.470299 0.198932
vt 0.471107 0.192796
vt 0.470210 0.192727
vt 0.470299 0.198932
vt 0.470210 0.192727
vt 0.469469 0.198869
vt 0.471107 0.192796
vt 0.471601 0.189183
vt 0.470681 0.189113
vt 0.471107 0.192796
vt 0.470681 0.189113
vt 0.470210 0.192727
vt 0.471601 0.189183
vt 0.471667 0.188922
vt 0.470770 0.188853
vt 0.471601 0.189183
vt 0.470770 0.188853
vt 0.470681 0.189113
vt 0.471667 0.188922
vt 0.471777 0.188705
vt 0.470947 0.188641
vt 0.471667 0.188922
vt 0.470947 0.188641
vt 0.470770 0.188853
vt 0.471777 0.188705
vt 0.471916 0.188564
vt 0.471185 0.188509
vt 0.471777 0.188705
vt 0.471185 0.188509
vt 0.470947 0.188641
vt 0.471916 0.188564
vt 0.472062 0.188523
vt 0.471449 0.188476
vt 0.471916 0.188564
vt 0.471449 0.188476
vt 0.471185 0.188509
vt 0.472062 0.188523
vt 0.472193 0.188586
vt 0.471697 0.188548
vt 0.472062 0.188523
vt 0.471697 0.188548
vt 0.471449 0.188476
vt 0.472193 0.188586
vt 0.472289 0.188744
vt 0.471892 0.188713
vt 0.472193 0.188586
vt 0.471892 0.188713
vt 0.471697 0.188548
vt 0.472289 0.188744
vt 0.472335 0.188973
vt 0.472005 0.188948
vt 0.472289 0.188744
vt 0.472005 0.188948
vt 0.471892 0.188713
vt 0.472335 0.188973
vt 0.472325 0.189238
vt 0.472018 0.189215
vt 0.472335 0.188973
vt 0.472018 0.189215
vt 0.472005 0.188948
vt 0.472325 0.189238
vt 0.471776 0.192847
vt 0.471445 0.192822
vt 0.472325 0.189238
vt 0.471445 0.192822
vt 0.472018 0.189215
vt 0.471776 0.192847
vt 0.470811 0.198971
vt 0.470415 0.198941
vt 0.471776 0.192847
vt 0.470415 0.198941
vt 0.471445 0.192822
vt 0.470811 0.198971
vt 0.469835 0.204904
vt 0.469297 0.205160
vt 0.470811 0.198971
vt 0.469297 0.205160
vt 0.470415 0.198941
vt 0.469297 0.205160
vt 0.468449 0.209239
vt 0.467924 0.209998
vt 0.469297 0.205160
vt 0.467924 0.209998
vt 0.468908 0.205533
vt 0.468449 0.209239
vt 0.468852 0.204659
vt 0.468270 0.205266
vt 0.468449 0.209239
vt 0.468270 0.205266
vt 0.467924 0.209998
vt 0.468852 0.204659
vt 0.469469 0.198869
vt 0.468914 0.198826
vt 0.468852 0.204659
vt 0.468914 0.198826
vt 0.468270 0.205266
vt 0.469469 0.198869
vt 0.470210 0.192727
vt 0.469610 0.192681
vt 0.469469 0.198869
vt 0.469610 0.192681
vt 0.468914 0.198826
vt 0.470210 0.192727
vt 0.470681 0.189113
vt 0.470066 0.189066
vt 0.470210 0.192727
vt 0.470066 0.189066
vt 0.469610 0.192681
vt 0.470681 0.189113
vt 0.470770 0.188853
vt 0.470170 0.188807
vt 0.470681 0.189113
vt 0.470170 0.188807
vt 0.470066 0.189066
vt 0.470770 0.188853
vt 0.470947 0.188641
vt 0.470392 0.188599
vt 0.470770 0.188853
vt 0.470392 0.188599
vt 0.470170 0.188807
vt 0.470947 0.188641
vt 0.471185 0.188509
vt 0.470697 0.188471
vt 0.470947 0.188641
vt 0.470697 0.188471
vt 0.470392 0.188599
vt 0.471185 0.188509
vt 0.471449 0.188476
vt 0.471039 0.188444
vt 0.471185 0.188509
vt 0.471039 0.188444
vt 0.470697 0.188471
vt 0.471449 0.188476
vt 0.471697 0.188548
vt 0.471365 0.188522
vt 0.471449 0.188476
vt 0.471365 0.188522
vt 0.471039 0.188444
vt 0.471697 0.188548
vt 0.471892 0.188713
vt 0.471627 0.188693
vt 0.471697 0.188548
vt 0.471627 0.188693
vt 0.471365 0.188522
vt 0.471892 0.188713
vt 0.472005 0.188948
vt 0.471785 0.188931
vt 0.471892 0.188713
vt 0.471785 0.188931
vt 0.471627 0.188693
vt 0.472005 0.188948
vt 0.472018 0.189215
vt 0.471813 0.189199
vt 0.472005 0.188948
vt 0.471813 0.189199
vt 0.471785 0.188931
vt 0.472018 0.189215
vt 0.471445 0.192822
vt 0.471225 0.192805
vt 0.472018 0.189215
vt 0.471225 0.192805
vt 0.471813 0.189199
vt 0.471445 0.192822
vt 0.470415 0.198941
vt 0.470150 0.198921
vt 0.471445 0.192822
vt 0.470150 0.198921
vt 0.471225 0.192805
vt 0.470415 0.198941
vt 0.469297 0.205160
vt 0.468908 0.205533
vt 0.470415 0.198941
vt 0.468908 0.205533
vt 0.470150 0.198921
vt 0.468908 0.205533
vt 0.467924 0.209998
vt 0.467680 0.210684
vt 0.468908 0.205533
vt 0.467680 0.210684
vt 0.468735 0.205911
vt 0.467924 0.209998
vt 0.468270 0.205266
vt 0.468012 0.205856
vt 0.467924 0.209998
vt 0.468012 0.205856
vt 0.467680 0.210684
vt 0.468270 0.205266
vt 0.468914 0.198826
vt 0.468719 0.198812
vt 0.468270 0.205266
vt 0.468719 0.198812
vt 0.468012 0.205856
vt 0.468914 0.198826
vt 0.469610 0.192681
vt 0.469400 0.192665
vt 0.468914 0.198826
vt 0.469400 0.192665
vt 0.468719 0.198812
vt 0.469610 0.192681
vt 0.470066 0.189066
vt 0.469850 0.189049
vt 0.469610 0.192681
vt 0.469850 0.189049
vt 0.469400 0.192665
vt 0.470066 0.189066
vt 0.470170 0.188807
vt 0.469960 0.188791
vt 0.470066 0.189066
vt 0.469960 0.188791
vt 0.469850 0.189049
vt 0.470170 0.188807
vt 0.470392 0.188599
vt 0.470197 0.188584
vt 0.470170 0.188807
vt 0.470197 0.188584
vt 0.469960 0.188791
vt 0.470392 0.188599
vt 0.470697 0.188471
vt 0.470525 0.188458
vt 0.470392 0.188599
vt 0.470525 0.188458
vt 0.470197 0.188584
vt 0.470697 0.188471
vt 0.471039 0.188444
vt 0.470895 0.188433
vt 0.470697 0.188471
vt 0.470895 0.188433
vt 0.470525 0.188458
vt 0.471039 0.188444
vt 0.471365 0.188522
vt 0.471249 0.188513
vt 0.471039 0.188444
vt 0.471249 0.188513
vt 0.470895 0.188433
vt 0.471365 0.188522
vt 0.471627 0.188693
vt 0.471534 0.188686
vt 0.471365 0.188522
vt 0.471534 0.188686
vt 0.471249 0.188513
vt 0.471627 0.188693
vt 0.471785 0.188931
vt 0.471707 0.188925
vt 0.471627 0.188693
vt 0.471707 0.188925
vt 0.471534 0.188686
vt 0.471785 0.188931
vt 0.471813 0.189199
vt 0.471741 0.189194
vt 0.471785 0.188931
vt 0.471741 0.189194
vt 0.471707 0.188925
vt 0.471813 0.189199
vt 0.471225 0.192805
vt 0.471147 0.192799
vt 0.471813 0.189199
vt 0.471147 0.192799
vt 0.471741 0.189194
vt 0.471225 0.192805
vt 0.470150 0.198921
vt 0.470057 0.198914
vt 0.471225 0.192805
vt 0.470057 0.198914
vt 0.471147 0.192799
vt 0.470150 0.198921
vt 0.468908 0.205533
vt 0.468735 0.205911
vt 0.470150 0.198921
vt 0.468735 0.205911
vt 0.470057 0.198914
vt 0.468735 0.205911
vt 0.467680 0.210684
vt 0.467765 0.211104
vt 0.468735 0.205911
vt 0.467765 0.211104
vt 0.468818 0.206155
vt 0.467680 0.210684
vt 0.468012 0.205856
vt 0.468144 0.206136
vt 0.467680 0.210684
vt 0.468144 0.206136
vt 0.467765 0.211104
vt 0.468012 0.205856
vt 0.468719 0.198812
vt 0.468914 0.198826
vt 0.468012 0.205856
vt 0.468914 0.198826
vt 0.468144 0.206136
vt 0.468719 0.198812
vt 0.469400 0.192665
vt 0.469610 0.192681
vt 0.468719 0.198812
vt 0.469610 0.192681
vt 0.468914 0.198826
vt 0.469400 0.192665
vt 0.469850 0.189049
vt 0.470066 0.189066
vt 0.469400 0.192665
vt 0.470066 0.189066
vt 0.469610 0.192681
vt 0.469850 0.189049
vt 0.469960 0.188791
vt 0.470170 0.188807
vt 0.469850 0.189049
vt 0.470170 0.188807
vt 0.470066 0.189066
vt 0.469960 0.188791
vt 0.470197 0.188584
vt 0.470392 0.188599
vt 0.469960 0.188791
vt 0.470392 0.188599
vt 0.470170 0.188807
vt 0.470197 0.188584
vt 0.470525 0.188458
vt 0.470697 0.188471
vt 0.470197 0.188584
vt 0.470697 0.188471
vt 0.470392 0.188599
vt 0.470525 0.188458
vt 0.470895 0.188433
vt 0.471039 0.188444
vt 0.470525 0.188458
vt 0.471039 0.188444
vt 0.470697 0.188471
vt 0.470895 0.188433
vt 0.471249 0.188513
vt 0.471365 0.188522
vt 0.470895 0.188433
vt 0.471365 0.188522
vt 0.471039 0.188444
vt 0.471249 0.188513
vt 0.471534 0.188686
vt 0.471627 0.188693
vt 0.471249 0.188513
vt 0.471627 0.188693
vt 0.471365 0.188522
vt 0.471534 0.188686
vt 0.471707 0.188925
vt 0.471785 0.188931
vt 0.471534 0.188686
vt 0.471785 0.188931
vt 0.471627 0.188693
vt 0.471707 0.188925
vt 0.471741 0.189194
vt 0.471813 0.189199
vt 0.471707 0.188925
vt 0.471813 0.189199
vt 0.471785 0.188931
vt 0.471741 0.189194
vt 0.471147 0.192799
vt 0.471225 0.192805
vt 0.471741 0.189194
vt 0.471225 0.192805
vt 0.471813 0.189199
vt 0.471147 0.192799
vt 0.470057 0.198914
vt 0.470150 0.198921
vt 0.471147 0.192799
vt 0.470150 0.198921
vt 0.471225 0.192805
vt 0.470057 0.198914
vt 0.468735 0.205911
vt 0.468818 0.206155
vt 0.470057 0.198914
vt 0.468818 0.206155
vt 0.470150 0.198921
vt 0.468818 0.206155
vt 0.467765 0.211104
vt 0.468177 0.211118
vt 0.468818 0.206155
vt 0.468177 0.211118
vt 0.469148 0.206189
vt 0.467765 0.211104
vt 0.468144 0.206136
vt 0.468672 0.205900
vt 0.467765 0.211104
vt 0.468672 0.205900
vt 0.468177 0.211118
vt 0.468144 0.206136
vt 0.468914 0.198826
vt 0.469469 0.198869
vt 0.468144 0.206136
vt 0.469469 0.198869
vt 0.468672 0.205900
vt 0.468914 0.198826
vt 0.469610 0.192681
vt 0.470210 0.192727
vt 0.468914 0.198826
vt 0.470210 0.192727
vt 0.469469 0.198869
vt 0.469610 0.192681
vt 0.470066 0.189066
vt 0.470681 0.189113
vt 0.469610 0.192681
vt 0.470681 0.189113
vt 0.470210 0.192727
vt 0.470066 0.189066
vt 0.470170 0.188807
vt 0.470770 0.188853
vt 0.470066 0.189066
vt 0.470770 0.188853
vt 0.470681 0.189113
vt 0.470170 0.188807
vt 0.470392 0.188599
vt 0.470947 0.188641
vt 0.470170 0.188807
vt 0.470947 0.188641
vt 0.470770 0.188853
vt 0.470392 0.188599
vt 0.470697 0.188471
vt 0.471185 0.188509
vt 0.470392 0.188599
vt 0.471185 0.188509
vt 0.470947 0.188641
vt 0.470697 0.188471
vt 0.471039 0.188444
vt 0.471449 0.188476
vt 0.470697 0.188471
vt 0.471449 0.188476
vt 0.471185 0.188509
vt 0.471039 0.188444
vt 0.471365 0.188522
vt 0.471697 0.188548
vt 0.471039 0.188444
vt 0.471697 0.188548
vt 0.471449 0.188476
vt 0.471365 0.188522
vt 0.471627 0.188693
vt 0.471892 0.188713
vt 0.471365 0.188522
vt 0.471892 0.188713
vt 0.471697 0.188548
vt 0.471627 0.188693
vt 0.471785 0.188931
vt 0.472005 0.188948
vt 0.471627 0.188693
vt 0.472005 0.188948
vt 0.471892 0.188713
vt 0.471785 0.188931
vt 0.471813 0.189199
vt 0.472018 0.189215
vt 0.471785 0.188931
vt 0.472018 0.189215
vt 0.472005 0.188948
vt 0.471813 0.189199
vt 0.471225 0.192805
vt 0.471445 0.192822
vt 0.471813 0.189199
vt 0.471445 0.192822
vt 0.472018 0.189215
vt 0.471225 0.192805
vt 0.470150 0.198921
vt 0.470415 0.198941
vt 0.471225 0.192805
vt 0.470415 0.198941
vt 0.471445 0.192822
vt 0.470150 0.198921
vt 0.468818 0.206155
vt 0.469148 0.206189
vt 0.470150 0.198921
vt 0.469148 0.206189
vt 0.470415 0.198941
vt 0.469148 0.206189
vt 0.468177 0.211118
vt 0.468833 0.210870
vt 0.469148 0.206189
vt 0.468833 0.210870
vt 0.469663 0.206099
vt 0.468177 0.211118
vt 0.468672 0.205900
vt 0.469478 0.205440
vt 0.468177 0.211118
vt 0.469478 0.205440
vt 0.468833 0.210870
vt 0.468672 0.205900
vt 0.469469 0.198869
vt 0.470299 0.198932
vt 0.468672 0.205900
vt 0.470299 0.198932
vt 0.469478 0.205440
vt 0.469469 0.198869
vt 0.470210 0.192727
vt 0.471107 0.192796
vt 0.469469 0.198869
vt 0.471107 0.192796
vt 0.470299 0.198932
vt 0.470210 0.192727
vt 0.470681 0.189113
vt 0.471601 0.189183
vt 0.470210 0.192727
vt 0.471601 0.189183
vt 0.471107 0.192796
vt 0.470681 0.189113
vt 0.470770 0.188853
vt 0.471667 0.188922
vt 0.470681 0.189113
vt 0.471667 0.188922
vt 0.471601 0.189183
vt 0.470770 0.188853
vt 0.470947 0.188641
vt 0.471777 0.188705
vt 0.470770 0.188853
vt 0.471777 0.188705
vt 0.471667 0.188922
vt 0.470947 0.188641
vt 0.471185 0.188509
vt 0.471916 0.188564
vt 0.470947 0.188641
vt 0.471916 0.188564
vt 0.471777 0.188705
vt 0.471185 0.188509
vt 0.471449 0.188476
vt 0.472062 0.188523
vt 0.471185 0.188509
vt 0.472062 0.188523
vt 0.471916 0.188564
vt 0.471449 0.188476
vt 0.471697 0.188548
vt 0.472193 0.188586
vt 0.471449 0.188476
vt 0.472193 0.188586
vt 0.472062 0.188523
vt 0.471697 0.188548
vt 0.471892 0.188713
vt 0.472289 0.188744
vt 0.471697 0.188548
vt 0.472289 0.188744
vt 0.472193 0.188586
vt 0.471892 0.188713
vt 0.472005 0.188948
vt 0.472335 0.188973
vt 0.471892 0.188713
vt 0.472335 0.188973
vt 0.472289 0.188744
vt 0.472005 0.188948
vt 0.472018 0.189215
vt 0.472325 0.189238
vt 0.472005 0.188948
vt 0.472325 0.189238
vt 0.472335 0.188973
vt 0.472018 0.189215
vt 0.471445 0.192822
vt 0.471776 0.192847
vt 0.472018 0.189215
vt 0.471776 0.192847
vt 0.472325 0.189238
vt 0.471445 0.192822
vt 0.470415 0.198941
vt 0.470811 0.198971
vt 0.471445 0.192822
vt 0.470811 0.198971
vt 0.471776 0.192847
vt 0.470415 0.198941
vt 0.469148 0.206189
vt 0.469663 0.206099
vt 0.470415 0.198941
vt 0.469663 0.206099
vt 0.470811 0.198971
vt 0.469663 0.206099
vt 0.468833 0.210870
vt 0.469582 0.210753
vt 0.469663 0.206099
vt 0.469582 0.210753
vt 0.470259 0.206069
vt 0.468833 0.210870
vt 0.469478 0.205440
vt 0.470375 0.205265
vt 0.468833 0.210870
vt 0.470375 0.205265
vt 0.469582 0.210753
vt 0.469478 0.205440
vt 0.470299 0.198932
vt 0.471279 0.199007
vt 0.469478 0.205440
vt 0.471279 0.199007
vt 0.470375 0.205265
vt 0.470299 0.198932
vt 0.471107 0.192796
vt 0.472165 0.192877
vt 0.470299 0.198932
vt 0.472165 0.192877
vt 0.471279 0.199007
vt 0.471107 0.192796
vt 0.471601 0.189183
vt 0.472687 0.189266
vt 0.471107 0.192796
vt 0.472687 0.189266
vt 0.472165 0.192877
vt 0.471601 0.189183
vt 0.471667 0.188922
vt 0.472725 0.189003
vt 0.471601 0.189183
vt 0.472725 0.189003
vt 0.472687 0.189266
vt 0.471667 0.188922
vt 0.471777 0.188705
vt 0.472757 0.188780
vt 0.471667 0.188922
vt 0.472757 0.188780
vt 0.472725 0.189003
vt 0.471777 0.188705
vt 0.471916 0.188564
vt 0.472778 0.188630
vt 0.471777 0.188705
vt 0.472778 0.188630
vt 0.472757 0.188780
vt 0.471916 0.188564
vt 0.472062 0.188523
vt 0.472786 0.188578
vt 0.471916 0.188564
vt 0.472786 0.188578
vt 0.472778 0.188630
vt 0.472062 0.188523
vt 0.472193 0.188586
vt 0.472778 0.188630
vt 0.472062 0.188523
vt 0.472778 0.188630
vt 0.472786 0.188578
vt 0.472193 0.188586
vt 0.472289 0.188744
vt 0.472757 0.188780
vt 0.472193 0.188586
vt 0.472757 0.188780
vt 0.472778 0.188630
vt 0.472289 0.188744
vt 0.472335 0.188973
vt 0.472725 0.189003
vt 0.472289 0.188744
vt 0.472725 0.189003
vt 0.472757 0.188780
vt 0.472335 0.188973
vt 0.472325 0.189238
vt 0.472687 0.189266
vt 0.472335 0.188973
vt 0.472687 0.189266
vt 0.472725 0.189003
vt 0.472325 0.189238
vt 0.471776 0.192847
vt 0.472165 0.192877
vt 0.472325 0.189238
vt 0.472165 0.192877
vt 0.472687 0.189266
vt 0.471776 0.192847
vt 0.470811 0.198971
vt 0.471279 0.199007
vt 0.471776 0.192847
vt 0.471279 0.199007
vt 0.472165 0.192877
vt 0.470811 0.198971
vt 0.469663 0.206099
vt 0.470259 0.206069
vt 0.470811 0.198971
vt 0.470259 0.206069
vt 0.471279 0.199007
vt 0.470259 0.206069
vt 0.469582 0.210753
vt 0.470281 0.210980
vt 0.470259 0.206069
vt 0.470281 0.210980
vt 0.470833 0.206188
vt 0.469582 0.210753
vt 0.470375 0.205265
vt 0.471202 0.205572
vt 0.469582 0.210753
vt 0.471202 0.205572
vt 0.470281 0.210980
vt 0.470375 0.205265
vt 0.471279 0.199007
vt 0.472259 0.199082
vt 0.470375 0.205265
vt 0.472259 0.199082
vt 0.471202 0.205572
vt 0.471279 0.199007
vt 0.472165 0.192877
vt 0.473223 0.192958
vt 0.471279 0.199007
vt 0.473223 0.192958
vt 0.472259 0.199082
vt 0.472165 0.192877
vt 0.472687 0.189266
vt 0.473772 0.189349
vt 0.472165 0.192877
vt 0.473772 0.189349
vt 0.473223 0.192958
vt 0.472687 0.189266
vt 0.472725 0.189003
vt 0.473783 0.189084
vt 0.472687 0.189266
vt 0.473783 0.189084
vt 0.473772 0.189349
vt 0.472725 0.189003
vt 0.472757 0.188780
vt 0.473737 0.188854
vt 0.472725 0.189003
vt 0.473737 0.188854
vt 0.473783 0.189084
vt 0.472757 0.188780
vt 0.472778 0.188630
vt 0.473641 0.188696
vt 0.472757 0.188780
vt 0.473641 0.188696
vt 0.473737 0.188854
vt 0.472778 0.188630
vt 0.472786 0.188578
vt 0.473510 0.188633
vt 0.472778 0.188630
vt 0.473510 0.188633
vt 0.473641 0.188696
vt 0.472786 0.188578
vt 0.472778 0.188630
vt 0.473364 0.188675
vt 0.472786 0.188578
vt 0.473364 0.188675
vt 0.473510 0.188633
vt 0.472778 0.188630
vt 0.472757 0.188780
vt 0.473225 0.188815
vt 0.472778 0.188630
vt 0.473225 0.188815
vt 0.473364 0.188675
vt 0.472757 0.188780
vt 0.472725 0.189003
vt 0.473114 0.189032
vt 0.472757 0.188780
vt 0.473114 0.189032
vt 0.473225 0.188815
vt 0.472725 0.189003
vt 0.472687 0.189266
vt 0.473049 0.189294
vt 0.472725 0.189003
vt 0.473049 0.189294
vt 0.473114 0.189032
vt 0.472687 0.189266
vt 0.472165 0.192877
vt 0.472554 0.192906
vt 0.472687 0.189266
vt 0.472554 0.192906
vt 0.473049 0.189294
vt 0.472165 0.192877
vt 0.471279 0.199007
vt 0.471747 0.199043
vt 0.472165 0.192877
vt 0.471747 0.199043
vt 0.472554 0.192906
vt 0.471279 0.199007
vt 0.470259 0.206069
vt 0.470833 0.206188
vt 0.471279 0.199007
vt 0.470833 0.206188
vt 0.471747 0.199043
vt 0.470833 0.206188
vt 0.470281 0.210980
vt 0.470852 0.211323
vt 0.470833 0.206188
vt 0.470852 0.211323
vt 0.471311 0.206354
vt 0.470281 0.210980
vt 0.471202 0.205572
vt 0.471859 0.206144
vt 0.470281 0.210980
vt 0.471859 0.206144
vt 0.470852 0.211323
vt 0.471202 0.205572
vt 0.472259 0.199082
vt 0.473089 0.199146
vt 0.471202 0.205572
vt 0.473089 0.199146
vt 0.471859 0.206144
vt 0.472259 0.199082
vt 0.473223 0.192958
vt 0.474120 0.193026
vt 0.472259 0.199082
vt 0.474120 0.193026
vt 0.473089 0.199146
vt 0.473223 0.192958
vt 0.473772 0.189349
vt 0.474693 0.189419
vt 0.473223 0.192958
vt 0.474693 0.189419
vt 0.474120 0.193026
vt 0.473772 0.189349
vt 0.473783 0.189084
vt 0.474680 0.189152
vt 0.473772 0.189349
vt 0.474680 0.189152
vt 0.474693 0.189419
vt 0.473783 0.189084
vt 0.473737 0.188854
vt 0.474567 0.188918
vt 0.473783 0.189084
vt 0.474567 0.188918
vt 0.474680 0.189152
vt 0.473737 0.188854
vt 0.473641 0.188696
vt 0.474372 0.188752
vt 0.473737 0.188854
vt 0.474372 0.188752
vt 0.474567 0.188918
vt 0.473641 0.188696
vt 0.473510 0.188633
vt 0.474123 0.188680
vt 0.473641 0.188696
vt 0.474123 0.188680
vt 0.474372 0.188752
vt 0.473510 0.188633
vt 0.473364 0.188675
vt 0.473860 0.188713
vt 0.473510 0.188633
vt 0.473860 0.188713
vt 0.474123 0.188680
vt 0.473364 0.188675
vt 0.473225 0.188815
vt 0.473621 0.188846
vt 0.473364 0.188675
vt 0.473621 0.188846
vt 0.473860 0.188713
vt 0.473225 0.188815
vt 0.473114 0.189032
vt 0.473444 0.189058
vt 0.473225 0.188815
vt 0.473444 0.189058
vt 0.473621 0.188846
vt 0.473114 0.189032
vt 0.473049 0.189294
vt 0.473355 0.189317
vt 0.473114 0.189032
vt 0.473355 0.189317
vt 0.473444 0.189058
vt 0.473049 0.189294
vt 0.472554 0.192906
vt 0.472885 0.192932
vt 0.473049 0.189294
vt 0.472885 0.192932
vt 0.473355 0.189317
vt 0.472554 0.192906
vt 0.471747 0.199043
vt 0.472144 0.199073
vt 0.472554 0.192906
vt 0.472144 0.199073
vt 0.472885 0.192932
vt 0.471747 0.199043
vt 0.470833 0.206188
vt 0.471311 0.206354
vt 0.471747 0.199043
vt 0.471311 0.206354
vt 0.472144 0.199073
vt 0.471311 0.206354
vt 0.470852 0.211323
vt 0.471259 0.211371
vt 0.471311 0.206354
vt 0.471259 0.211371
vt 0.471644 0.206372
vt 0.470852 0.211323
vt 0.471859 0.206144
vt 0.472308 0.206454
vt 0.470852 0.211323
vt 0.472308 0.206454
vt 0.471259 0.211371
vt 0.471859 0.206144
vt 0.473089 0.199146
vt 0.473644 0.199188
vt 0.471859 0.206144
vt 0.473644 0.199188
vt 0.472308 0.206454
vt 0.473089 0.199146
vt 0.474120 0.193026
vt 0.474720 0.193072
vt 0.473089 0.199146
vt 0.474720 0.193072
vt 0.473644 0.199188
vt 0.474120 0.193026
vt 0.474693 0.189419
vt 0.475308 0.189466
vt 0.474120 0.193026
vt 0.475308 0.189466
vt 0.474720 0.193072
vt 0.474693 0.189419
vt 0.474680 0.189152
vt 0.475279 0.189198
vt 0.474693 0.189419
vt 0.475279 0.189198
vt 0.475308 0.189466
vt 0.474680 0.189152
vt 0.474567 0.188918
vt 0.475122 0.188960
vt 0.474680 0.189152
vt 0.475122 0.188960
vt 0.475279 0.189198
vt 0.474567 0.188918
vt 0.474372 0.188752
vt 0.474860 0.188790
vt 0.474567 0.188918
vt 0.474860 0.188790
vt 0.475122 0.188960
vt 0.474372 0.188752
vt 0.474123 0.188680
vt 0.474533 0.188712
vt 0.474372 0.188752
vt 0.474533 0.188712
vt 0.474860 0.188790
vt 0.474123 0.188680
vt 0.473860 0.188713
vt 0.474192 0.188738
vt 0.474123 0.188680
vt 0.474192 0.188738
vt 0.474533 0.188712
vt 0.473860 0.188713
vt 0.473621 0.188846
vt 0.473887 0.188866
vt 0.473860 0.188713
vt 0.473887 0.188866
vt 0.474192 0.188738
vt 0.473621 0.188846
vt 0.473444 0.189058
vt 0.473665 0.189075
vt 0.473621 0.188846
vt 0.473665 0.189075
vt 0.473887 0.188866
vt 0.473444 0.189058
vt 0.473355 0.189317
vt 0.473560 0.189333
vt 0.473444 0.189058
vt 0.473560 0.189333
vt 0.473665 0.189075
vt 0.473355 0.189317
vt 0.472885 0.192932
vt 0.473105 0.192949
vt 0.473355 0.189317
vt 0.473105 0.192949
vt 0.473560 0.189333
vt 0.472885 0.192932
vt 0.472144 0.199073
vt 0.472409 0.199094
vt 0.472885 0.192932
vt 0.472409 0.199094
vt 0.473105 0.192949
vt 0.472144 0.199073
vt 0.471311 0.206354
vt 0.471644 0.206372
vt 0.472144 0.199073
vt 0.471644 0.206372
vt 0.472409 0.199094
vt 0.471644 0.206372
vt 0.471259 0.211371
vt 0.471462 0.210973
vt 0.471644 0.206372
vt 0.471462 0.210973
vt 0.471794 0.206145
vt 0.471259 0.211371
vt 0.472308 0.206454
vt 0.472518 0.206200
vt 0.471259 0.211371
vt 0.472518 0.206200
vt 0.471462 0.210973
vt 0.472308 0.206454
vt 0.473644 0.199188
vt 0.473839 0.199203
vt 0.472308 0.206454
vt 0.473839 0.199203
vt 0.472518 0.206200
vt 0.473644 0.199188
vt 0.474720 0.193072
vt 0.474930 0.193088
vt 0.473644 0.199188
vt 0.474930 0.193088
vt 0.473839 0.199203
vt 0.474720 0.193072
vt 0.475308 0.189466
vt 0.475524 0.189483
vt 0.474720 0.193072
vt 0.475524 0.189483
vt 0.474930 0.193088
vt 0.475308 0.189466
vt 0.475279 0.189198
vt 0.475490 0.189214
vt 0.475308 0.189466
vt 0.475490 0.189214
vt 0.475524 0.189483
vt 0.475279 0.189198
vt 0.475122 0.188960
vt 0.475317 0.188975
vt 0.475279 0.189198
vt 0.475317 0.188975
vt 0.475490 0.189214
vt 0.475122 0.188960
vt 0.474860 0.188790
vt 0.475032 0.188803
vt 0.475122 0.188960
vt 0.475032 0.188803
vt 0.475317 0.188975
vt 0.474860 0.188790
vt 0.474533 0.188712
vt 0.474677 0.188723
vt 0.474860 0.188790
vt 0.474677 0.188723
vt 0.475032 0.188803
vt 0.474533 0.188712
vt 0.474192 0.188738
vt 0.474308 0.188747
vt 0.474533 0.188712
vt 0.474308 0.188747
vt 0.474677 0.188723
vt 0.474192 0.188738
vt 0.473887 0.188866
vt 0.473980 0.188873
vt 0.474192 0.188738
vt 0.473980 0.188873
vt 0.474308 0.188747
vt 0.473887 0.188866
vt 0.473665 0.189075
vt 0.473742 0.189080
vt 0.473887 0.188866
vt 0.473742 0.189080
vt 0.473980 0.188873
vt 0.473665 0.189075
vt 0.473560 0.189333
vt 0.473632 0.189338
vt 0.473665 0.189075
vt 0.473632 0.189338
vt 0.473742 0.189080
vt 0.473560 0.189333
vt 0.473105 0.192949
vt 0.473183 0.192954
vt 0.473560 0.189333
vt 0.473183 0.192954
vt 0.473632 0.189338
vt 0.473105 0.192949
vt 0.472409 0.199094
vt 0.472502 0.199101
vt 0.473105 0.192949
vt 0.472502 0.199101
vt 0.473183 0.192954
vt 0.472409 0.199094
vt 0.471644 0.206372
vt 0.471794 0.206145
vt 0.472409 0.199094
vt 0.471794 0.206145
vt 0.472502 0.199101
vt 0.471794 0.206145
vt 0.471462 0.210973
vt 0.471419 0.210266
vt 0.471794 0.206145
vt 0.471419 0.210266
vt 0.471734 0.205749
vt 0.471462 0.210973
vt 0.472518 0.206200
vt 0.472434 0.205584
vt 0.471462 0.210973
vt 0.472434 0.205584
vt 0.471419 0.210266
vt 0.472518 0.206200
vt 0.473839 0.199203
vt 0.473644 0.199188
vt 0.472518 0.206200
vt 0.473644 0.199188
vt 0.472434 0.205584
vt 0.473839 0.199203
vt 0.474930 0.193088
vt 0.474720 0.193072
vt 0.473839 0.199203
vt 0.474720 0.193072
vt 0.473644 0.199188
vt 0.474930 0.193088
vt 0.475524 0.189483
vt 0.475308 0.189466
vt 0.474930 0.193088
vt 0.475308 0.189466
vt 0.474720 0.193072
vt 0.475524 0.189483
vt 0.475490 0.189214
vt 0.475279 0.189198
vt 0.475524 0.189483
vt 0.475279 0.189198
vt 0.475308 0.189466
vt 0.475490 0.189214
vt 0.475317 0.188975
vt 0.475122 0.188960
vt 0.475490 0.189214
vt 0.475122 0.188960
vt 0.475279 0.189198
vt 0.475317 0.188975
vt 0.475032 0.188803
vt 0.474860 0.188790
vt 0.475317 0.188975
vt 0.474860 0.188790
vt 0.475122 0.188960
vt 0.475032 0.188803
vt 0.474677 0.188723
vt 0.474533 0.188712
vt 0.475032 0.188803
vt 0.474533 0.188712
vt 0.474860 0.188790
vt 0.474677 0.188723
vt 0.474308 0.188747
vt 0.474192 0.188738
vt 0.474677 0.188723
vt 0.474192 0.188738
vt 0.474533 0.188712
vt 0.474308 0.188747
vt 0.473980 0.188873
vt 0.473887 0.188866
vt 0.474308 0.188747
vt 0.473887 0.188866
vt 0.474192 0.188738
vt 0.473980 0.188873
vt 0.473742 0.189080
vt 0.473665 0.189075
vt 0.473980 0.188873
vt 0.473665 0.189075
vt 0.473887 0.188866
vt 0.473742 0.189080
vt 0.473632 0.189338
vt 0.473560 0.189333
vt 0.473742 0.189080
vt 0.473560 0.189333
vt 0.473665 0.189075
vt 0.473632 0.189338
vt 0.473183 0.192954
vt 0.473105 0.192949
vt 0.473632 0.189338
vt 0.473105 0.192949
vt 0.473560 0.189333
vt 0.473183 0.192954
vt 0.472502 0.199101
vt 0.472409 0.199094
vt 0.473183 0.192954
vt 0.472409 0.199094
vt 0.473105 0.192949
vt 0.472502 0.199101
vt 0.471794 0.206145
vt 0.471734 0.205749
vt 0.472502 0.199101
vt 0.471734 0.205749
vt 0.472409 0.199094
vt 0.471734 0.205749
vt 0.471419 0.210266
vt 0.471123 0.209444
vt 0.471734 0.205749
vt 0.471123 0.209444
vt 0.471460 0.205325
vt 0.471419 0.210266
vt 0.472434 0.205584
vt 0.472038 0.204902
vt 0.471419 0.210266
vt 0.472038 0.204902
vt 0.471123 0.209444
vt 0.472434 0.205584
vt 0.473644 0.199188
vt 0.473089 0.199146
vt 0.472434 0.205584
vt 0.473089 0.199146
vt 0.472038 0.204902
vt 0.473644 0.199188
vt 0.474720 0.193072
vt 0.474120 0.193026
vt 0.473644 0.199188
vt 0.474120 0.193026
vt 0.473089 0.199146
vt 0.474720 0.193072
vt 0.475308 0.189466
vt 0.474693 0.189419
vt 0.474720 0.193072
vt 0.474693 0.189419
vt 0.474120 0.193026
vt 0.475308 0.189466
vt 0.475279 0.189198
vt 0.474680 0.189152
vt 0.475308 0.189466
vt 0.474680 0.189152
vt 0.474693 0.189419
vt 0.475279 0.189198
vt 0.475122 0.188960
vt 0.474567 0.188918
vt 0.475279 0.189198
vt 0.474567 0.188918
vt 0.474680 0.189152
vt 0.475122 0.188960
vt 0.474860 0.188790
vt 0.474372 0.188752
vt 0.475122 0.188960
vt 0.474372 0.188752
vt 0.474567 0.188918
vt 0.474860 0.188790
vt 0.474533 0.188712
vt 0.474123 0.188680
vt 0.474860 0.188790
vt 0.474123 0.188680
vt 0.474372 0.188752
vt 0.474533 0.188712
vt 0.474192 0.188738
vt 0.473860 0.188713
vt 0.474533 0.188712
vt 0.473860 0.188713
vt 0.474123 0.188680
vt 0.474192 0.188738
vt 0.473887 0.188866
vt 0.473621 0.188846
vt 0.474192 0.188738
vt 0.473621 0.188846
vt 0.473860 0.188713
vt 0.473887 0.188866
vt 0.473665 0.189075
vt 0.473444 0.189058
vt 0.473887 0.188866
vt 0.473444 0.189058
vt 0.473621 0.188846
vt 0.473665 0.189075
vt 0.473560 0.189333
vt 0.473355 0.189317
vt 0.473665 0.189075
vt 0.473355 0.189317
vt 0.473444 0.189058
vt 0.473560 0.189333
vt 0.473105 0.192949
vt 0.472885 0.192932
vt 0.473560 0.189333
vt 0.472885 0.192932
vt 0.473355 0.189317
vt 0.473105 0.192949
vt 0.472409 0.199094
vt 0.472144 0.199073
vt 0.473105 0.192949
vt 0.472144 0.199073
vt 0.472885 0.192932
vt 0.472409 0.199094
vt 0.471734 0.205749
vt 0.471460 0.205325
vt 0.472409 0.199094
vt 0.471460 0.205325
vt 0.472144 0.199073
vt 0.471460 0.205325
vt 0.471123 0.209444
vt 0.470604 0.208747
vt 0.471460 0.205325
vt 0.470604 0.208747
vt 0.471006 0.204994
vt 0.471123 0.209444
vt 0.472038 0.204902
vt 0.471378 0.204357
vt 0.471123 0.209444
vt 0.471378 0.204357
vt 0.470604 0.208747
vt 0.472038 0.204902
vt 0.473089 0.199146
vt 0.472259 0.199082
vt 0.472038 0.204902
vt 0.472259 0.199082
vt 0.471378 0.204357
vt 0.473089 0.199146
vt 0.474120 0.193026
vt 0.473223 0.192958
vt 0.473089 0.199146
vt 0.473223 0.192958
vt 0.472259 0.199082
vt 0.474120 0.193026
vt 0.474693 0.189419
vt 0.473772 0.189349
vt 0.474120 0.193026
vt 0.473772 0.189349
vt 0.473223 0.192958
vt 0.474693 0.189419
vt 0.474680 0.189152
vt 0.473783 0.189084
vt 0.474693 0.189419
vt 0.473783 0.189084
vt 0.473772 0.189349
vt 0.474680 0.189152
vt 0.474567 0.188918
vt 0.473737 0.188854
vt 0.474680 0.189152
vt 0.473737 0.188854
vt 0.473783 0.189084
vt 0.474567 0.188918
vt 0.474372 0.188752
vt 0.473641 0.188696
vt 0.474567 0.188918
vt 0.473641 0.188696
vt 0.473737 0.188854
vt 0.474372 0.188752
vt 0.474123 0.188680
vt 0.473510 0.188633
vt 0.474372 0.188752
vt 0.473510 0.188633
vt 0.473641 0.188696
vt 0.474123 0.188680
vt 0.473860 0.188713
vt 0.473364 0.188675
vt 0.474123 0.188680
vt 0.473364 0.188675
vt 0.473510 0.188633
vt 0.473860 0.188713
vt 0.473621 0.188846
vt 0.473225 0.188815
vt 0.473860 0.188713
vt 0.473225 0.188815
vt 0.473364 0.188675
vt 0.473621 0.188846
vt 0.473444 0.189058
vt 0.473114 0.189032
vt 0.473621 0.188846
vt 0.473114 0.189032
vt 0.473225 0.188815
vt 0.473444 0.189058
vt 0.473355 0.189317
vt 0.473049 0.189294
vt 0.473444 0.189058
vt 0.473049 0.189294
vt 0.473114 0.189032
vt 0.473355 0.189317
vt 0.472885 0.192932
vt 0.472554 0.192906
vt 0.473355 0.189317
vt 0.472554 0.192906
vt 0.473049 0.189294
vt 0.472885 0.192932
vt 0.472144 0.199073
vt 0.471747 0.199043
vt 0.472885 0.192932
vt 0.471747 0.199043
vt 0.472554 0.192906
vt 0.472144 0.199073
vt 0.471460 0.205325
vt 0.471006 0.204994
vt 0.472144 0.199073
vt 0.471006 0.204994
vt 0.471747 0.199043
vt 0.471006 0.204994
vt 0.470604 0.208747
vt 0.469917 0.208436
vt 0.471006 0.204994
vt 0.469917 0.208436
vt 0.470436 0.204841
vt 0.470604 0.208747
vt 0.471378 0.204357
vt 0.470542 0.204112
vt 0.470604 0.208747
vt 0.470542 0.204112
vt 0.469917 0.208436
vt 0.471378 0.204357
vt 0.472259 0.199082
vt 0.471279 0.199007
vt 0.471378 0.204357
vt 0.471279 0.199007
vt 0.470542 0.204112
vt 0.472259 0.199082
vt 0.473223 0.192958
vt 0.472165 0.192877
vt 0.472259 0.199082
vt 0.472165 0.192877
vt 0.471279 0.199007
vt 0.473223 0.192958
vt 0.473772 0.189349
vt 0.472687 0.189266
vt 0.473223 0.192958
vt 0.472687 0.189266
vt 0.472165 0.192877
vt 0.473772 0.189349
vt 0.473783 0.189084
vt 0.472725 0.189003
vt 0.473772 0.189349
vt 0.472725 0.189003
vt 0.472687 0.189266
vt 0.473783 0.189084
vt 0.473737 0.188854
vt 0.472757 0.188780
vt 0.473783 0.189084
vt 0.472757 0.188780
vt 0.472725 0.189003
vt 0.473737 0.188854
vt 0.473641 0.188696
vt 0.472778 0.188630
vt 0.473737 0.188854
vt 0.472778 0.188630
vt 0.472757 0.188780
vt 0.473641 0.188696
vt 0.473510 0.188633
vt 0.472786 0.188578
vt 0.473641 0.188696
vt 0.472786 0.188578
vt 0.472778 0.188630
vt 0.473510 0.188633
vt 0.473364 0.188675
vt 0.472778 0.188630
vt 0.473510 0.188633
vt 0.472778 0.188630
vt 0.472786 0.188578
vt 0.473364 0.188675
vt 0.473225 0.188815
vt 0.472757 0.188780
vt 0.473364 0.188675
vt 0.472757 0.188780
vt 0.472778 0.188630
vt 0.473225 0.188815
vt 0.473114 0.189032
vt 0.472725 0.189003
vt 0.473225 0.188815
vt 0.472725 0.189003
vt 0.472757 0.188780
vt 0.473114 0.189032
vt 0.473049 0.189294
vt 0.472687 0.189266
vt 0.473114 0.189032
vt 0.472687 0.189266
vt 0.472725 0.189003
vt 0.473049 0.189294
vt 0.472554 0.192906
vt 0.472165 0.192877
vt 0.473049 0.189294
vt 0.472165 0.192877
vt 0.472687 0.189266
vt 0.472554 0.192906
vt 0.471747 0.199043
vt 0.471279 0.199007
vt 0.472554 0.192906
vt 0.471279 0.199007
vt 0.472165 0.192877
vt 0.471747 0.199043
vt 0.471006 0.204994
vt 0.470436 0.204841
vt 0.471747 0.199043
vt 0.470436 0.204841
vt 0.471279 0.199007
vt 0.470436 0.204841
vt 0.471279 0.199007
vt 0.472165 0.192877
vt 0.470436 0.204841
vt 0.472165 0.192877
vt 0.472687 0.189266
vt 0.470436 0.204841
vt 0.472687 0.189266
vt 0.472725 0.189003
vt 0.470436 0.204841
vt 0.472725 0.189003
vt 0.472757 0.188780
vt 0.470436 0.204841
vt 0.472757 0.188780
vt 0.472778 0.188630
vt 0.470436 0.204841
vt 0.472778 0.188630
vt 0.472786 0.188578
vt 0.470436 0.204841
vt 0.472786 0.188578
vt 0.472778 0.188630
vt 0.470436 0.204841
vt 0.472778 0.188630
vt 0.472757 0.188780
vt 0.470436 0.204841
vt 0.472757 0.188780
vt 0.472725 0.189003
vt 0.470436 0.204841
vt 0.472725 0.189003
vt 0.472687 0.189266
vt 0.470436 0.204841
vt 0.472687 0.189266
vt 0.472165 0.192877
vt 0.470436 0.204841
vt 0.472165 0.192877
vt 0.471279 0.199007
vt 0.470436 0.204841
vt 0.471279 0.199007
vt 0.470542 0.204112
vt 0.470436 0.204841
vt 0.470542 0.204112
vt 0.469917 0.208436
vt 0.470542 0.204112
vt 0.471279 0.199007
vt 0.472165 0.192877
vt 0.470542 0.204112
vt 0.472165 0.192877
vt 0.472687 0.189266
vt 0.470542 0.204112
vt 0.472687 0.189266
vt 0.472725 0.189003
vt 0.470542 0.204112
vt 0.472725 0.189003
vt 0.472757 0.188780
vt 0.470542 0.204112
vt 0.472757 0.188780
vt 0.472778 0.188630
vt 0.470542 0.204112
vt 0.472778 0.188630
vt 0.472786 0.188578
vt 0.470542 0.204112
vt 0.472786 0.188578
vt 0.472778 0.188630
vt 0.470542 0.204112
vt 0.472778 0.188630
vt 0.472757 0.188780
vt 0.470542 0.204112
vt 0.472757 0.188780
vt 0.472725 0.189003
vt 0.470542 0.204112
vt 0.472725 0.189003
vt 0.472687 0.189266
vt 0.470542 0.204112
vt 0.472687 0.189266
vt 0.472165 0.192877
vt 0.470542 0.204112
vt 0.472165 0.192877
vt 0.471279 0.199007
vt 0.470542 0.204112
vt 0.471279 0.199007
vt 0.470436 0.204841
vt 0.470542 0.204112
vt 0.470436 0.204841
vt 0.469917 0.208436
vt 0.530844 0.208636
vt 0.530083 0.208436
vt 0.529564 0.204841
vt 0.530844 0.208636
vt 0.529564 0.204841
vt 0.530165 0.204904
vt 0.530347 0.204225
vt 0.529458 0.204112
vt 0.530083 0.208436
vt 0.530347 0.204225
vt 0.530083 0.208436
vt 0.530844 0.208636
vt 0.529701 0.198932
vt 0.528721 0.199007
vt 0.529458 0.204112
vt 0.529701 0.198932
vt 0.529458 0.204112
vt 0.530347 0.204225
vt 0.528893 0.192796
vt 0.527835 0.192877
vt 0.528721 0.199007
vt 0.528893 0.192796
vt 0.528721 0.199007
vt 0.529701 0.198932
vt 0.528399 0.189183
vt 0.527313 0.189266
vt 0.527835 0.192877
vt 0.528399 0.189183
vt 0.527835 0.192877
vt 0.528893 0.192796
vt 0.528333 0.188922
vt 0.527275 0.189003
vt 0.527313 0.189266
vt 0.528333 0.188922
vt 0.527313 0.189266
vt 0.528399 0.189183
vt 0.528223 0.188705
vt 0.527243 0.188780
vt 0.527275 0.189003
vt 0.528223 0.188705
vt 0.527275 0.189003
vt 0.528333 0.188922
vt 0.528084 0.188564
vt 0.527222 0.188630
vt 0.527243 0.188780
vt 0.528084 0.188564
vt 0.527243 0.188780
vt 0.528223 0.188705
vt 0.527938 0.188523
vt 0.527214 0.188578
vt 0.527222 0.188630
vt 0.527938 0.188523
vt 0.527222 0.188630
vt 0.528084 0.188564
vt 0.527807 0.188586
vt 0.527222 0.188630
vt 0.527214 0.188578
vt 0.527807 0.188586
vt 0.527214 0.188578
vt 0.527938 0.188523
vt 0.527711 0.188744
vt 0.527243 0.188780
vt 0.527222 0.188630
vt 0.527711 0.188744
vt 0.527222 0.188630
vt 0.527807 0.188586
vt 0.527665 0.188973
vt 0.527275 0.189003
vt 0.527243 0.188780
vt 0.527665 0.188973
vt 0.527243 0.188780
vt 0.527711 0.188744
vt 0.527675 0.189238
vt 0.527313 0.189266
vt 0.527275 0.189003
vt 0.527675 0.189238
vt 0.527275 0.189003
vt 0.527665 0.188973
vt 0.528224 0.192847
vt 0.527835 0.192877
vt 0.527313 0.189266
vt 0.528224 0.192847
vt 0.527313 0.189266
vt 0.527675 0.189238
vt 0.529189 0.198971
vt 0.528721 0.199007
vt 0.527835 0.192877
vt 0.529189 0.198971
vt 0.527835 0.192877
vt 0.528224 0.192847
vt 0.530165 0.204904
vt 0.529564 0.204841
vt 0.528721 0.199007
vt 0.530165 0.204904
vt 0.528721 0.199007
vt 0.529189 0.198971
vt 0.531551 0.209239
vt 0.530844 0.208636
vt 0.530165 0.204904
vt 0.531551 0.209239
vt 0.530165 0.204904
vt 0.530703 0.205160
vt 0.531148 0.204659
vt 0.530347 0.204225
vt 0.530844 0.208636
vt 0.531148 0.204659
vt 0.530844 0.208636
vt 0.531551 0.209239
vt 0.530531 0.198869
vt 0.529701 0.198932
vt 0.530347 0.204225
vt 0.530531 0.198869
vt 0.530347 0.204225
vt 0.531148 0.204659
vt 0.529790 0.192727
vt 0.528893 0.192796
vt 0.529701 0.198932
vt 0.529790 0.192727
vt 0.529701 0.198932
vt 0.530531 0.198869
vt 0.529319 0.189113
vt 0.528399 0.189183
vt 0.528893 0.192796
vt 0.529319 0.189113
vt 0.528893 0.192796
vt 0.529790 0.192727
vt 0.529230 0.188853
vt 0.528333 0.188922
vt 0.528399 0.189183
vt 0.529230 0.188853
vt 0.528399 0.189183
vt 0.529319 0.189113
vt 0.529053 0.188641
vt 0.528223 0.188705
vt 0.528333 0.188922
vt 0.529053 0.188641
vt 0.528333 0.188922
vt 0.529230 0.188853
vt 0.528815 0.188509
vt 0.528084 0.188564
vt 0.528223 0.188705
vt 0.528815 0.188509
vt 0.528223 0.188705
vt 0.529053 0.188641
vt 0.528551 0.188476
vt 0.527938 0.188523
vt 0.528084 0.188564
vt 0.528551 0.188476
vt 0.528084 0.188564
vt 0.528815 0.188509
vt 0.528303 0.188548
vt 0.527807 0.188586
vt 0.527938 0.188523
vt 0.528303 0.188548
vt 0.527938 0.188523
vt 0.528551 0.188476
vt 0.528108 0.188713
vt 0.527711 0.188744
vt 0.527807 0.188586
vt 0.528108 0.188713
vt 0.527807 0.188586
vt 0.528303 0.188548
vt 0.527995 0.188948
vt 0.527665 0.188973
vt 0.527711 0.188744
vt 0.527995 0.188948
vt 0.527711 0.188744
vt 0.528108 0.188713
vt 0.527982 0.189215
vt 0.527675 0.189238
vt 0.527665 0.188973
vt 0.527982 0.189215
vt 0.527665 0.188973
vt 0.527995 0.188948
vt 0.528555 0.192822
vt 0.528224 0.192847
vt 0.527675 0.189238
vt 0.528555 0.192822
vt 0.527675 0.189238
vt 0.527982 0.189215
vt 0.529585 0.198941
vt 0.529189 0.198971
vt 0.528224 0.192847
vt 0.529585 0.198941
vt 0.528224 0.192847
vt 0.528555 0.192822
vt 0.530703 0.205160
vt 0.530165 0.204904
vt 0.529189 0.198971
vt 0.530703 0.205160
vt 0.529189 0.198971
vt 0.529585 0.198941
vt 0.532076 0.209998
vt 0.531551 0.209239
vt 0.530703 0.205160
vt 0.532076 0.209998
vt 0.530703 0.205160
vt 0.531092 0.205533
vt 0.531730 0.205266
vt 0.531148 0.204659
vt 0.531551 0.209239
vt 0.531730 0.205266
vt 0.531551 0.209239
vt 0.532076 0.209998
vt 0.531086 0.198826
vt 0.530531 0.198869
vt 0.531148 0.204659
vt 0.531086 0.198826
vt 0.531148 0.204659
vt 0.531730 0.205266
vt 0.530390 0.192681
vt 0.529790 0.192727
vt 0.530531 0.198869
vt 0.530390 0.192681
vt 0.530531 0.198869
vt 0.531086 0.198826
vt 0.529934 0.189066
vt 0.529319 0.189113
vt 0.529790 0.192727
vt 0.529934 0.189066
vt 0.529790 0.192727
vt 0.530390 0.192681
vt 0.529830 0.188807
vt 0.529230 0.188853
vt 0.529319 0.189113
vt 0.529830 0.188807
vt 0.529319 0.189113
vt 0.529934 0.189066
vt 0.529608 0.188599
vt 0.529053 0.188641
vt 0.529230 0.188853
vt 0.529608 0.188599
vt 0.529230 0.188853
vt 0.529830 0.188807
vt 0.529303 0.188471
vt 0.528815 0.188509
vt 0.529053 0.188641
vt 0.529303 0.188471
vt 0.529053 0.188641
vt 0.529608 0.188599
vt 0.528961 0.188444
vt 0.528551 0.188476
vt 0.528815 0.188509
vt 0.528961 0.188444
vt 0.528815 0.188509
vt 0.529303 0.188471
vt 0.528635 0.188522
vt 0.528303 0.188548
vt 0.528551 0.188476
vt 0.528635 0.188522
vt 0.528551 0.188476
vt 0.528961 0.188444
vt 0.528373 0.188693
vt 0.528108 0.188713
vt 0.528303 0.188548
vt 0.528373 0.188693
vt 0.528303 0.188548
vt 0.528635 0.188522
vt 0.528215 0.188931
vt 0.527995 0.188948
vt 0.528108 0.188713
vt 0.528215 0.188931
vt 0.528108 0.188713
vt 0.528373 0.188693
vt 0.528187 0.189199
vt 0.527982 0.189215
vt 0.527995 0.188948
vt 0.528187 0.189199
vt 0.527995 0.188948
vt 0.528215 0.188931
vt 0.528775 0.192805
vt 0.528555 0.192822
vt 0.527982 0.189215
vt 0.528775 0.192805
vt 0.527982 0.189215
vt 0.528187 0.189199
vt 0.529850 0.198921
vt 0.529585 0.198941
vt 0.528555 0.192822
vt 0.529850 0.198921
vt 0.528555 0.192822
vt 0.528775 0.192805
vt 0.531092 0.205533
vt 0.530703 0.205160
vt 0.529585 0.198941
vt 0.531092 0.205533
vt 0.529585 0.198941
vt 0.529850 0.198921
vt 0.532320 0.210684
vt 0.532076 0.209998
vt 0.531092 0.205533
vt 0.532320 0.210684
vt 0.531092 0.205533
vt 0.531265 0.205911
vt 0.531988 0.205856
vt 0.531730 0.205266
vt 0.532076 0.209998
vt 0.531988 0.205856
vt 0.532076 0.209998
vt 0.532320 0.210684
vt 0.531281 0.198812
vt 0.531086 0.198826
vt 0.531730 0.205266
vt 0.531281 0.198812
vt 0.531730 0.205266
vt 0.531988 0.205856
vt 0.530600 0.192665
vt 0.530390 0.192681
vt 0.531086 0.198826
vt 0.530600 0.192665
vt 0.531086 0.198826
vt 0.531281 0.198812
vt 0.530150 0.189049
vt 0.529934 0.189066
vt 0.530390 0.192681
vt 0.530150 0.189049
vt 0.530390 0.192681
vt 0.530600 0.192665
vt 0.530040 0.188791
vt 0.529830 0.188807
vt 0.529934 0.189066
vt 0.530040 0.188791
vt 0.529934 0.189066
vt 0.530150 0.189049
vt 0.529803 0.188584
vt 0.529608 0.188599
vt 0.529830 0.188807
vt 0.529803 0.188584
vt 0.529830 0.188807
vt 0.530040 0.188791
vt 0.529475 0.188458
vt 0.529303 0.188471
vt 0.529608 0.188599
vt 0.529475 0.188458
vt 0.529608 0.188599
vt 0.529803 0.188584
vt 0.529105 0.188433
vt 0.528961 0.188444
vt 0.529303 0.188471
vt 0.529105 0.188433
vt 0.529303 0.188471
vt 0.529475 0.188458
vt 0.528751 0.188513
vt 0.528635 0.188522
vt 0.528961 0.188444
vt 0.528751 0.188513
vt 0.528961 0.188444
vt 0.529105 0.188433
vt 0.528466 0.188686
vt 0.528373 0.188693
vt 0.528635 0.188522
vt 0.528466 0.188686
vt 0.528635 0.188522
vt 0.528751 0.188513
vt 0.528293 0.188925
vt 0.528215 0.188931
vt 0.528373 0.188693
vt 0.528293 0.188925
vt 0.528373 0.188693
vt 0.528466 0.188686
vt 0.528259 0.189194
vt 0.528187 0.189199
vt 0.528215 0.188931
vt 0.528259 0.189194
vt 0.528215 0.188931
vt 0.528293 0.188925
vt 0.528853 0.192799
vt 0.528775 0.192805
vt 0.528187 0.189199
vt 0.528853 0.192799
vt 0.528187 0.189199
vt 0.528259 0.189194
vt 0.529943 0.198914
vt 0.529850 0.198921
vt 0.528775 0.192805
vt 0.529943 0.198914
vt 0.528775 0.192805
vt 0.528853 0.192799
vt 0.531265 0.205911
vt 0.531092 0.205533
vt 0.529850 0.198921
vt 0.531265 0.205911
vt 0.529850 0.198921
vt 0.529943 0.198914
vt 0.532235 0.211104
vt 0.532320 0.210684
vt 0.531265 0.205911
vt 0.532235 0.211104
vt 0.531265 0.205911
vt 0.531182 0.206155
vt 0.531856 0.206136
vt 0.531988 0.205856
vt 0.532320 0.210684
vt 0.531856 0.206136
vt 0.532320 0.210684
vt 0.532235 0.211104
vt 0.531086 0.198826
vt 0.531281 0.198812
vt 0.531988 0.205856
vt 0.531086 0.198826
vt 0.531988 0.205856
vt 0.531856 0.206136
vt 0.530390 0.192681
vt 0.530600 0.192665
vt 0.531281 0.198812
vt 0.530390 0.192681
vt 0.531281 0.198812
vt 0.531086 0.198826
vt 0.529934 0.189066
vt 0.530150 0.189049
vt 0.530600 0.192665
vt 0.529934 0.189066
vt 0.530600 0.192665
vt 0.530390 0.192681
vt 0.529830 0.188807
vt 0.530040 0.188791
vt 0.530150 0.189049
vt 0.529830 0.188807
vt 0.530150 0.189049
vt 0.529934 0.189066
vt 0.529608 0.188599
vt 0.529803 0.188584
vt 0.530040 0.188791
vt 0.529608 0.188599
vt 0.530040 0.188791
vt 0.529830 0.188807
vt 0.529303 0.188471
vt 0.529475 0.188458
vt 0.529803 0.188584
vt 0.529303 0.188471
vt 0.529803 0.188584
vt 0.529608 0.188599
vt 0.528961 0.188444
vt 0.529105 0.188433
vt 0.529475 0.188458
vt 0.528961 0.188444
vt 0.529475 0.188458
vt 0.529303 0.188471
vt 0.528635 0.188522
vt 0.528751 0.188513
vt 0.529105 0.188433
vt 0.528635 0.188522
vt 0.529105 0.188433
vt 0.528961 0.188444
vt 0.528373 0.188693
vt 0.528466 0.188686
vt 0.528751 0.188513
vt 0.528373 0.188693
vt 0.528751 0.188513
vt 0.528635 0.188522
vt 0.528215 0.188931
vt 0.528293 0.188925
vt 0.528466 0.188686
vt 0.528215 0.188931
vt 0.528466 0.188686
vt 0.528373 0.188693
vt 0.528187 0.189199
vt 0.528259 0.189194
vt 0.528293 0.188925
vt 0.528187 0.189199
vt 0.528293 0.188925
vt 0.528215 0.188931
vt 0.528775 0.192805
vt 0.528853 0.192799
vt 0.528259 0.189194
vt 0.528775 0.192805
vt 0.528259 0.189194
vt 0.528187 0.189199
vt 0.529850 0.198921
vt 0.529943 0.198914
vt 0.528853 0.192799
vt 0.529850 0.198921
vt 0.528853 0.192799
vt 0.528775 0.192805
vt 0.531182 0.206155
vt 0.531265 0.205911
vt 0.529943 0.198914
vt 0.531182 0.206155
vt 0.529943 0.198914
vt 0.529850 0.198921
vt 0.531823 0.211118
vt 0.532235 0.211104
vt 0.531182 0.206155
vt 0.531823 0.211118
vt 0.531182 0.206155
vt 0.530852 0.206189
vt 0.531328 0.205900
vt 0.531856 0.206136
vt 0.532235 0.211104
vt 0.531328 0.205900
vt 0.532235 0.211104
vt 0.531823 0.211118
vt 0.530531 0.198869
vt 0.531086 0.198826
vt 0.531856 0.206136
vt 0.530531 0.198869
vt 0.531856 0.206136
vt 0.531328 0.205900
vt 0.529790 0.192727
vt 0.530390 0.192681
vt 0.531086 0.198826
vt 0.529790 0.192727
vt 0.531086 0.198826
vt 0.530531 0.198869
vt 0.529319 0.189113
vt 0.529934 0.189066
vt 0.530390 0.192681
vt 0.529319 0.189113
vt 0.530390 0.192681
vt 0.529790 0.192727
vt 0.529230 0.188853
vt 0.529830 0.188807
vt 0.529934 0.189066
vt 0.529230 0.188853
vt 0.529934 0.189066
vt 0.529319 0.189113
vt 0.529053 0.188641
vt 0.529608 0.188599
vt 0.529830 0.188807
vt 0.529053 0.188641
vt 0.529830 0.188807
vt 0.529230 0.188853
vt 0.528815 0.188509
vt 0.529303 0.188471
vt 0.529608 0.188599
vt 0.528815 0.188509
vt 0.529608 0.188599
vt 0.529053 0.188641
vt 0.528551 0.188476
vt 0.528961 0.188444
vt 0.529303 0.188471
vt 0.528551 0.188476
vt 0.529303 0.188471
vt 0.528815 0.188509
vt 0.528303 0.188548
vt 0.528635 0.188522
vt 0.528961 0.188444
vt 0.528303 0.188548
vt 0.528961 0.188444
vt 0.528551 0.188476
vt 0.528108 0.188713
vt 0.528373 0.188693
vt 0.528635 0.188522
vt 0.528108 0.188713
vt 0.528635 0.188522
vt 0.528303 0.188548
vt 0.527995 0.188948
vt 0.528215 0.188931
vt 0.528373 0.188693
vt 0.527995 0.188948
vt 0.528373 0.188693
vt 0.528108 0.188713
vt 0.527982 0.189215
vt 0.528187 0.189199
vt 0.528215 0.188931
vt 0.527982 0.189215
vt 0.528215 0.188931
vt 0.527995 0.188948
vt 0.528555 0.192822
vt 0.528775 0.192805
vt 0.528187 0.189199
vt 0.528555 0.192822
vt 0.528187 0.189199
vt 0.527982 0.189215
vt 0.529585 0.198941
vt 0.529850 0.198921
vt 0.528775 0.192805
vt 0.529585 0.198941
vt 0.528775 0.192805
vt 0.528555 0.192822
vt 0.530852 0.206189
vt 0.531182 0.206155
vt 0.529850 0.198921
vt 0.530852 0.206189
vt 0.529850 0.198921
vt 0.529585 0.198941
vt 0.531167 0.210870
vt 0.531823 0.211118
vt 0.530852 0.206189
vt 0.531167 0.210870
vt 0.530852 0.206189
vt 0.530337 0.206099
vt 0.530522 0.205440
vt 0.531328 0.205900
vt 0.531823 0.211118
vt 0.530522 0.205440
vt 0.531823 0.211118
vt 0.531167 0.210870
vt 0.529701 0.198932
vt 0.530531 0.198869
vt 0.531328 0.205900
vt 0.529701 0.198932
vt 0.531328 0.205900
vt 0.530522 0.205440
vt 0.528893 0.192796
vt 0.529790 0.192727
vt 0.530531 0.198869
vt 0.528893 0.192796
vt 0.530531 0.198869
vt 0.529701 0.198932
vt 0.528399 0.189183
vt 0.529319 0.189113
vt 0.529790 0.192727
vt 0.528399 0.189183
vt 0.529790 0.192727
vt 0.528893 0.192796
vt 0.528333 0.188922
vt 0.529230 0.188853
vt 0.529319 0.189113
vt 0.528333 0.188922
vt 0.529319 0.189113
vt 0.528399 0.189183
vt 0.528223 0.188705
vt 0.529053 0.188641
vt 0.529230 0.188853
vt 0.528223 0.188705
vt 0.529230 0.188853
vt 0.528333 0.188922
vt 0.528084 0.188564
vt 0.528815 0.188509
vt 0.529053 0.188641
vt 0.528084 0.188564
vt 0.529053 0.188641
vt 0.528223 0.188705
vt 0.527938 0.188523
vt 0.528551 0.188476
vt 0.528815 0.188509
vt 0.527938 0.188523
vt 0.528815 0.188509
vt 0.528084 0.188564
vt 0.527807 0.188586
vt 0.528303 0.188548
vt 0.528551 0.188476
vt 0.527807 0.188586
vt 0.528551 0.188476
vt 0.527938 0.188523
vt 0.527711 0.188744
vt 0.528108 0.188713
vt 0.528303 0.188548
vt 0.527711 0.188744
vt 0.528303 0.188548
vt 0.527807 0.188586
vt 0.527665 0.188973
vt 0.527995 0.188948
vt 0.528108 0.188713
vt 0.527665 0.188973
vt 0.528108 0.188713
vt 0.527711 0.188744
vt 0.527675 0.189238
vt 0.527982 0.189215
vt 0.527995 0.188948
vt 0.527675 0.189238
vt 0.527995 0.188948
vt 0.527665 0.188973
vt 0.528224 0.192847
vt 0.528555 0.192822
vt 0.527982 0.189215
vt 0.528224 0.192847
vt 0.527982 0.189215
vt 0.527675 0.189238
vt 0.529189 0.198971
vt 0.529585 0.198941
vt 0.528555 0.192822
vt 0.529189 0.198971
vt 0.528555 0.192822
vt 0.528224 0.192847
vt 0.530337 0.206099
vt 0.530852 0.206189
vt 0.529585 0.198941
vt 0.530337 0.206099
vt 0.529585 0.198941
vt 0.529189 0.198971
vt 0.530418 0.210753
vt 0.531167 0.210870
vt 0.530337 0.206099
vt 0.530418 0.210753
vt 0.530337 0.206099
vt 0.529741 0.206069
vt 0.529625 0.205265
vt 0.530522 0.205440
vt 0.531167 0.210870
vt 0.529625 0.205265
vt 0.531167 0.210870
vt 0.530418 0.210753
vt 0.528721 0.199007
vt 0.529701 0.198932
vt 0.530522 0.205440
vt 0.528721 0.199007
vt 0.530522 0.205440
vt 0.529625 0.205265
vt 0.527835 0.192877
vt 0.528893 0.192796
vt 0.529701 0.198932
vt 0.527835 0.192877
vt 0.529701 0.198932
vt 0.528721 0.199007
vt 0.527313 0.189266
vt 0.528399 0.189183
vt 0.528893 0.192796
vt 0.527313 0.189266
vt 0.528893 0.192796
vt 0.527835 0.192877
vt 0.527275 0.189003
vt 0.528333 0.188922
vt 0.528399 0.189183
vt 0.527275 0.189003
vt 0.528399 0.189183
vt 0.527313 0.189266
vt 0.527243 0.188780
vt 0.528223 0.188705
vt 0.528333 0.188922
vt 0.527243 0.188780
vt 0.528333 0.188922
vt 0.527275 0.189003
vt 0.527222 0.188630
vt 0.528084 0.188564
vt 0.528223 0.188705
vt 0.527222 0.188630
vt 0.528223 0.188705
vt 0.527243 0.188780
vt 0.527214 0.188578
vt 0.527938 0.188523
vt 0.528084 0.188564
vt 0.527214 0.188578
vt 0.528084 0.188564
vt 0.527222 0.188630
vt 0.527222 0.188630
vt 0.527807 0.188586
vt 0.527938 0.188523
vt 0.527222 0.188630
vt 0.527938 0.188523
vt 0.527214 0.188578
vt 0.527243 0.188780
vt 0.527711 0.188744
vt 0.527807 0.188586
vt 0.527243 0.188780
vt 0.527807 0.188586
vt 0.527222 0.188630
vt 0.527275 0.189003
vt 0.527665 0.188973
vt 0.527711 0.188744
vt 0.527275 0.189003
vt 0.527711 0.188744
vt 0.527243 0.188780
vt 0.527313 0.189266
vt 0.527675 0.189238
vt 0.527665 0.188973
vt 0.527313 0.189266
vt 0.527665 0.188973
vt 0.527275 0.189003
vt 0.527835 0.192877
vt 0.528224 0.192847
vt 0.527675 0.189238
vt 0.527835 0.192877
vt 0.527675 0.189238
vt 0.527313 0.189266
vt 0.528721 0.199007
vt 0.529189 0.198971
vt 0.528224 0.192847
vt 0.528721 0.199007
vt 0.528224 0.192847
vt 0.527835 0.192877
vt 0.529741 0.206069
vt 0.530337 0.206099
vt 0.529189 0.198971
vt 0.529741 0.206069
vt 0.529189 0.198971
vt 0.528721 0.199007
vt 0.529719 0.210980
vt 0.530418 0.210753
vt 0.529741 0.206069
vt 0.529719 0.210980
vt 0.529741 0.206069
vt 0.529167 0.206188
vt 0.528798 0.205572
vt 0.529625 0.205265
vt 0.530418 0.210753
vt 0.528798 0.205572
vt 0.530418 0.210753
vt 0.529719 0.210980
vt 0.527741 0.199082
vt 0.528721 0.199007
vt 0.529625 0.205265
vt 0.527741 0.199082
vt 0.529625 0.205265
vt 0.528798 0.205572
vt 0.526777 0.192958
vt 0.527835 0.192877
vt 0.528721 0.199007
vt 0.526777 0.192958
vt 0.528721 0.199007
vt 0.527741 0.199082
vt 0.526228 0.189349
vt 0.527313 0.189266
vt 0.527835 0.192877
vt 0.526228 0.189349
vt 0.527835 0.192877
vt 0.526777 0.192958
vt 0.526217 0.189084
vt 0.527275 0.189003
vt 0.527313 0.189266
vt 0.526217 0.189084
vt 0.527313 0.189266
vt 0.526228 0.189349
vt 0.526263 0.188854
vt 0.527243 0.188780
vt 0.527275 0.189003
vt 0.526263 0.188854
vt 0.527275 0.189003
vt 0.526217 0.189084
vt 0.526359 0.188696
vt 0.527222 0.188630
vt 0.527243 0.188780
vt 0.526359 0.188696
vt 0.527243 0.188780
vt 0.526263 0.188854
vt 0.526490 0.188633
vt 0.527214 0.188578
vt 0.527222 0.188630
vt 0.526490 0.188633
vt 0.527222 0.188630
vt 0.526359 0.188696
vt 0.526636 0.188675
vt 0.527222 0.188630
vt 0.527214 0.188578
vt 0.526636 0.188675
vt 0.527214 0.188578
vt 0.526490 0.188633
vt 0.526775 0.188815
vt 0.527243 0.188780
vt 0.527222 0.188630
vt 0.526775 0.188815
vt 0.527222 0.188630
vt 0.526636 0.188675
vt 0.526886 0.189032
vt 0.527275 0.189003
vt 0.527243 0.188780
vt 0.526886 0.189032
vt 0.527243 0.188780
vt 0.526775 0.188815
vt 0.526951 0.189294
vt 0.527313 0.189266
vt 0.527275 0.189003
vt 0.526951 0.189294
vt 0.527275 0.189003
vt 0.526886 0.189032
vt 0.527446 0.192906
vt 0.527835 0.192877
vt 0.527313 0.189266
vt 0.527446 0.192906
vt 0.527313 0.189266
vt 0.526951 0.189294
vt 0.528253 0.199043
vt 0.528721 0.199007
vt 0.527835 0.192877
vt 0.528253 0.199043
vt 0.527835 0.192877
vt 0.527446 0.192906
vt 0.529167 0.206188
vt 0.529741 0.206069
vt 0.528721 0.199007
vt 0.529167 0.206188
vt 0.528721 0.199007
vt 0.528253 0.199043
vt 0.529148 0.211323
vt 0.529719 0.210980
vt 0.529167 0.206188
vt 0.529148 0.211323
vt 0.529167 0.206188
vt 0.528689 0.206354
vt 0.528141 0.206144
vt 0.528798 0.205572
vt 0.529719 0.210980
vt 0.528141 0.206144
vt 0.529719 0.210980
vt 0.529148 0.211323
vt 0.526911 0.199146
vt 0.527741 0.199082
vt 0.528798 0.205572
vt 0.526911 0.199146
vt 0.528798 0.205572
vt 0.528141 0.206144
vt 0.525880 0.193026
vt 0.526777 0.192958
vt 0.527741 0.199082
vt 0.525880 0.193026
vt 0.527741 0.199082
vt 0.526911 0.199146
vt 0.525307 0.189419
vt 0.526228 0.189349
vt 0.526777 0.192958
vt 0.525307 0.189419
vt 0.526777 0.192958
vt 0.525880 0.193026
vt 0.525320 0.189152
vt 0.526217 0.189084
vt 0.526228 0.189349
vt 0.525320 0.189152
vt 0.526228 0.189349
vt 0.525307 0.189419
vt 0.525433 0.188918
vt 0.526263 0.188854
vt 0.526217 0.189084
vt 0.525433 0.188918
vt 0.526217 0.189084
vt 0.525320 0.189152
vt 0.525628 0.188752
vt 0.526359 0.188696
vt 0.526263 0.188854
vt 0.525628 0.188752
vt 0.526263 0.188854
vt 0.525433 0.188918
vt 0.525877 0.188680
vt 0.526490 0.188633
vt 0.526359 0.188696
vt 0.525877 0.188680
vt 0.526359 0.188696
vt 0.525628 0.188752
vt 0.526140 0.188713
vt 0.526636 0.188675
vt 0.526490 0.188633
vt 0.526140 0.188713
vt 0.526490 0.188633
vt 0.525877 0.188680
vt 0.526379 0.188846
vt 0.526775 0.188815
vt 0.526636 0.188675
vt 0.526379 0.188846
vt 0.526636 0.188675
vt 0.526140 0.188713
vt 0.526556 0.189058
vt 0.526886 0.189032
vt 0.526775 0.188815
vt 0.526556 0.189058
vt 0.526775 0.188815
vt 0.526379 0.188846
vt 0.526645 0.189317
vt 0.526951 0.189294
vt 0.526886 0.189032
vt 0.526645 0.189317
vt 0.526886 0.189032
vt 0.526556 0.189058
vt 0.527115 0.192932
vt 0.527446 0.192906
vt 0.526951 0.189294
vt 0.527115 0.192932
vt 0.526951 0.189294
vt 0.526645 0.189317
vt 0.527856 0.199073
vt 0.528253 0.199043
vt 0.527446 0.192906
vt 0.527856 0.199073
vt 0.527446 0.192906
vt 0.527115 0.192932
vt 0.528689 0.206354
vt 0.529167 0.206188
vt 0.528253 0.199043
vt 0.528689 0.206354
vt 0.528253 0.199043
vt 0.527856 0.199073
vt 0.528741 0.211371
vt 0.529148 0.211323
vt 0.528689 0.206354
vt 0.528741 0.211371
vt 0.528689 0.206354
vt 0.528356 0.206372
vt 0.527692 0.206454
vt 0.528141 0.206144
vt 0.529148 0.211323
vt 0.527692 0.206454
vt 0.529148 0.211323
vt 0.528741 0.211371
vt 0.526356 0.199188
vt 0.526911 0.199146
vt 0.528141 0.206144
vt 0.526356 0.199188
vt 0.528141 0.206144
vt 0.527692 0.206454
vt 0.525280 0.193072
vt 0.525880 0.193026
vt 0.526911 0.199146
vt 0.525280 0.193072
vt 0.526911 0.199146
vt 0.526356 0.199188
vt 0.524692 0.189466
vt 0.525307 0.189419
vt 0.525880 0.193026
vt 0.524692 0.189466
vt 0.525880 0.193026
vt 0.525280 0.193072
vt 0.524721 0.189198
vt 0.525320 0.189152
vt 0.525307 0.189419
vt 0.524721 0.189198
vt 0.525307 0.189419
vt 0.524692 0.189466
vt 0.524878 0.188960
vt 0.525433 0.188918
vt 0.525320 0.189152
vt 0.524878 0.188960
vt 0.525320 0.189152
vt 0.524721 0.189198
vt 0.525140 0.188790
vt 0.525628 0.188752
vt 0.525433 0.188918
vt 0.525140 0.188790
vt 0.525433 0.188918
vt 0.524878 0.188960
vt 0.525467 0.188712
vt 0.525877 0.188680
vt 0.525628 0.188752
vt 0.525467 0.188712
vt 0.525628 0.188752
vt 0.525140 0.188790
vt 0.525808 0.188738
vt 0.526140 0.188713
vt 0.525877 0.188680
vt 0.525808 0.188738
vt 0.525877 0.188680
vt 0.525467 0.188712
vt 0.526113 0.188866
vt 0.526379 0.188846
vt 0.526140 0.188713
vt 0.526113 0.188866
vt 0.526140 0.188713
vt 0.525808 0.188738
vt 0.526335 0.189075
vt 0.526556 0.189058
vt 0.526379 0.188846
vt 0.526335 0.189075
vt 0.526379 0.188846
vt 0.526113 0.188866
vt 0.526440 0.189333
vt 0.526645 0.189317
vt 0.526556 0.189058
vt 0.526440 0.189333
vt 0.526556 0.189058
vt 0.526335 0.189075
vt 0.526895 0.192949
vt 0.527115 0.192932
vt 0.526645 0.189317
vt 0.526895 0.192949
vt 0.526645 0.189317
vt 0.526440 0.189333
vt 0.527591 0.199094
vt 0.527856 0.199073
vt 0.527115 0.192932
vt 0.527591 0.199094
vt 0.527115 0.192932
vt 0.526895 0.192949
vt 0.528356 0.206372
vt 0.528689 0.206354
vt 0.527856 0.199073
vt 0.528356 0.206372
vt 0.527856 0.199073
vt 0.527591 0.199094
vt 0.528538 0.210973
vt 0.528741 0.211371
vt 0.528356 0.206372
vt 0.528538 0.210973
vt 0.528356 0.206372
vt 0.528206 0.206145
vt 0.527482 0.206200
vt 0.527692 0.206454
vt 0.528741 0.211371
vt 0.527482 0.206200
vt 0.528741 0.211371
vt 0.528538 0.210973
vt 0.526161 0.199203
vt 0.526356 0.199188
vt 0.527692 0.206454
vt 0.526161 0.199203
vt 0.527692 0.206454
vt 0.527482 0.206200
vt 0.525070 0.193088
vt 0.525280 0.193072
vt 0.526356 0.199188
vt 0.525070 0.193088
vt 0.526356 0.199188
vt 0.526161 0.199203
vt 0.524476 0.189483
vt 0.524692 0.189466
vt 0.525280 0.193072
vt 0.524476 0.189483
vt 0.525280 0.193072
vt 0.525070 0.193088
vt 0.524510 0.189214
vt 0.524721 0.189198
vt 0.524692 0.189466
vt 0.524510 0.189214
vt 0.524692 0.189466
vt 0.524476 0.189483
vt 0.524683 0.188975
vt 0.524878 0.188960
vt 0.524721 0.189198
vt 0.524683 0.188975
vt 0.524721 0.189198
vt 0.524510 0.189214
vt 0.524968 0.188803
vt 0.525140 0.188790
vt 0.524878 0.188960
vt 0.524968 0.188803
vt 0.524878 0.188960
vt 0.524683 0.188975
vt 0.525323 0.188723
vt 0.525467 0.188712
vt 0.525140 0.188790
vt 0.525323 0.188723
vt 0.525140 0.188790
vt 0.524968 0.188803
vt 0.525692 0.188747
vt 0.525808 0.188738
vt 0.525467 0.188712
vt 0.525692 0.188747
vt 0.525467 0.188712
vt 0.525323 0.188723
vt 0.526020 0.188873
vt 0.526113 0.188866
vt 0.525808 0.188738
vt 0.526020 0.188873
vt 0.525808 0.188738
vt 0.525692 0.188747
vt 0.526258 0.189080
vt 0.526335 0.189075
vt 0.526113 0.188866
vt 0.526258 0.189080
vt 0.526113 0.188866
vt 0.526020 0.188873
vt 0.526368 0.189338
vt 0.526440 0.189333
vt 0.526335 0.189075
vt 0.526368 0.189338
vt 0.526335 0.189075
vt 0.526258 0.189080
vt 0.526817 0.192954
vt 0.526895 0.192949
vt 0.526440 0.189333
vt 0.526817 0.192954
vt 0.526440 0.189333
vt 0.526368 0.189338
vt 0.527498 0.199101
vt 0.527591 0.199094
vt 0.526895 0.192949
vt 0.527498 0.199101
vt 0.526895 0.192949
vt 0.526817 0.192954
vt 0.528206 0.206145
vt 0.528356 0.206372
vt 0.527591 0.199094
vt 0.528206 0.206145
vt 0.527591 0.199094
vt 0.527498 0.199101
vt 0.528581 0.210266
vt 0.528538 0.210973
vt 0.528206 0.206145
vt 0.528581 0.210266
vt 0.528206 0.206145
vt 0.528266 0.205749
vt 0.527566 0.205584
vt 0.527482 0.206200
vt 0.528538 0.210973
vt 0.527566 0.205584
vt 0.528538 0.210973
vt 0.528581 0.210266
vt 0.526356 0.199188
vt 0.526161 0.199203
vt 0.527482 0.206200
vt 0.526356 0.199188
vt 0.527482 0.206200
vt 0.527566 0.205584
vt 0.525280 0.193072
vt 0.525070 0.193088
vt 0.526161 0.199203
vt 0.525280 0.193072
vt 0.526161 0.199203
vt 0.526356 0.199188
vt 0.524692 0.189466
vt 0.524476 0.189483
vt 0.525070 0.193088
vt 0.524692 0.189466
vt 0.525070 0.193088
vt 0.525280 0.193072
vt 0.524721 0.189198
vt 0.524510 0.189214
vt 0.524476 0.189483
vt 0.524721 0.189198
vt 0.524476 0.189483
vt 0.524692 0.189466
vt 0.524878 0.188960
vt 0.524683 0.188975
vt 0.524510 0.189214
vt 0.524878 0.188960
vt 0.524510 0.189214
vt 0.524721 0.189198
vt 0.525140 0.188790
vt 0.524968 0.188803
vt 0.524683 0.188975
vt 0.525140 0.188790
vt 0.524683 0.188975
vt 0.524878 0.188960
vt 0.525467 0.188712
vt 0.525323 0.188723
vt 0.524968 0.188803
vt 0.525467 0.188712
vt 0.524968 0.188803
vt 0.525140 0.188790
vt 0.525808 0.188738
vt 0.525692 0.188747
vt 0.525323 0.188723
vt 0.525808 0.188738
vt 0.525323 0.188723
vt 0.525467 0.188712
vt 0.526113 0.188866
vt 0.526020 0.188873
vt 0.525692 0.188747
vt 0.526113 0.188866
vt 0.525692 0.188747
vt 0.525808 0.188738
vt 0.526335 0.189075
vt 0.526258 0.189080
vt 0.526020 0.188873
vt 0.526335 0.189075
vt 0.526020 0.188873
vt 0.526113 0.188866
vt 0.526440 0.189333
vt 0.526368 0.189338
vt 0.526258 0.189080
vt 0.526440 0.189333
vt 0.526258 0.189080
vt 0.526335 0.189075
vt 0.526895 0.192949
vt 0.526817 0.192954
vt 0.526368 0.189338
vt 0.526895 0.192949
vt 0.526368 0.189338
vt 0.526440 0.189333
vt 0.527591 0.199094
vt 0.527498 0.199101
vt 0.526817 0.192954
vt 0.527591 0.199094
vt 0.526817 0.192954
vt 0.526895 0.192949
vt 0.528266 0.205749
vt 0.528206 0.206145
vt 0.527498 0.199101
vt 0.528266 0.205749
vt 0.527498 0.199101
vt 0.527591 0.199094
vt 0.528877 0.209444
vt 0.528581 0.210266
vt 0.528266 0.205749
vt 0.528877 0.209444
vt 0.528266 0.205749
vt 0.528540 0.205325
vt 0.527962 0.204902
vt 0.527566 0.205584
vt 0.528581 0.210266
vt 0.527962 0.204902
vt 0.528581 0.210266
vt 0.528877 0.209444
vt 0.526911 0.199146
vt 0.526356 0.199188
vt 0.527566 0.205584
vt 0.526911 0.199146
vt 0.527566 0.205584
vt 0.527962 0.204902
vt 0.525880 0.193026
vt 0.525280 0.193072
vt 0.526356 0.199188
vt 0.525880 0.193026
vt 0.526356 0.199188
vt 0.526911 0.199146
vt 0.525307 0.189419
vt 0.524692 0.189466
vt 0.525280 0.193072
vt 0.525307 0.189419
vt 0.525280 0.193072
vt 0.525880 0.193026
vt 0.525320 0.189152
vt 0.524721 0.189198
vt 0.524692 0.189466
vt 0.525320 0.189152
vt 0.524692 0.189466
vt 0.525307 0.189419
vt 0.525433 0.188918
vt 0.524878 0.188960
vt 0.524721 0.189198
vt 0.525433 0.188918
vt 0.524721 0.189198
vt 0.525320 0.189152
vt 0.525628 0.188752
vt 0.525140 0.188790
vt 0.524878 0.188960
vt 0.525628 0.188752
vt 0.524878 0.188960
vt 0.525433 0.188918
vt 0.525877 0.188680
vt 0.525467 0.188712
vt 0.525140 0.188790
vt 0.525877 0.188680
vt 0.525140 0.188790
vt 0.525628 0.188752
vt 0.526140 0.188713
vt 0.525808 0.188738
vt 0.525467 0.188712
vt 0.526140 0.188713
vt 0.525467 0.188712
vt 0.525877 0.188680
vt 0.526379 0.188846
vt 0.526113 0.188866
vt 0.525808 0.188738
vt 0.526379 0.188846
vt 0.525808 0.188738
vt 0.526140 0.188713
vt 0.526556 0.189058
vt 0.526335 0.189075
vt 0.526113 0.188866
vt 0.526556 0.189058
vt 0.526113 0.188866
vt 0.526379 0.188846
vt 0.526645 0.189317
vt 0.526440 0.189333
vt 0.526335 0.189075
vt 0.526645 0.189317
vt 0.526335 0.189075
vt 0.526556 0.189058
vt 0.527115 0.192932
vt 0.526895 0.192949
vt 0.526440 0.189333
vt 0.527115 0.192932
vt 0.526440 0.189333
vt 0.526645 0.189317
vt 0.527856 0.199073
vt 0.527591 0.199094
vt 0.526895 0.192949
vt 0.527856 0.199073
vt 0.526895 0.192949
vt 0.527115 0.192932
vt 0.528540 0.205325
vt 0.528266 0.205749
vt 0.527591 0.199094
vt 0.528540 0.205325
vt 0.527591 0.199094
vt 0.527856 0.199073
vt 0.529396 0.208747
vt 0.528877 0.209444
vt 0.528540 0.205325
vt 0.529396 0.208747
vt 0.528540 0.205325
vt 0.528994 0.204994
vt 0.528622 0.204357
vt 0.527962 0.204902
vt 0.528877 0.209444
vt 0.528622 0.204357
vt 0.528877 0.209444
vt 0.529396 0.208747
vt 0.527741 0.199082
vt 0.526911 0.199146
vt 0.527962 0.204902
vt 0.527741 0.199082
vt 0.527962 0.204902
vt 0.528622 0.204357
vt 0.526777 0.192958
vt 0.525880 0.193026
vt 0.526911 0.199146
vt 0.526777 0.192958
vt 0.526911 0.199146
vt 0.527741 0.199082
vt 0.526228 0.189349
vt 0.525307 0.189419
vt 0.525880 0.193026
vt 0.526228 0.189349
vt 0.525880 0.193026
vt 0.526777 0.192958
vt 0.526217 0.189084
vt 0.525320 0.189152
vt 0.525307 0.189419
vt 0.526217 0.189084
vt 0.525307 0.189419
vt 0.526228 0.189349
vt 0.526263 0.188854
vt 0.525433 0.188918
vt 0.525320 0.189152
vt 0.526263 0.188854
vt 0.525320 0.189152
vt 0.526217 0.189084
vt 0.526359 0.188696
vt 0.525628 0.188752
vt 0.525433 0.188918
vt 0.526359 0.188696
vt 0.525433 0.188918
vt 0.526263 0.188854
vt 0.526490 0.188633
vt 0.525877 0.188680
vt 0.525628 0.188752
vt 0.526490 0.188633
vt 0.525628 0.188752
vt 0.526359 0.188696
vt 0.526636 0.188675
vt 0.526140 0.188713
vt 0.525877 0.188680
vt 0.526636 0.188675
vt 0.525877 0.188680
vt 0.526490 0.188633
vt 0.526775 0.188815
vt 0.526379 0.188846
vt 0.526140 0.188713
vt 0.526775 0.188815
vt 0.526140 0.188713
vt 0.526636 0.188675
vt 0.526886 0.189032
vt 0.526556 0.189058
vt 0.526379 0.188846
vt 0.526886 0.189032
vt 0.526379 0.188846
vt 0.526775 0.188815
vt 0.526951 0.189294
vt 0.526645 0.189317
vt 0.526556 0.189058
vt 0.526951 0.189294
vt 0.526556 0.189058
vt 0.526886 0.189032
vt 0.527446 0.192906
vt 0.527115 0.192932
vt 0.526645 0.189317
vt 0.527446 0.192906
vt 0.526645 0.189317
vt 0.526951 0.189294
vt 0.528253 0.199043
vt 0.527856 0.199073
vt 0.527115 0.192932
vt 0.528253 0.199043
vt 0.527115 0.192932
vt 0.527446 0.192906
vt 0.528994 0.204994
vt 0.528540 0.205325
vt 0.527856 0.199073
vt 0.528994 0.204994
vt 0.527856 0.199073
vt 0.528253 0.199043
vt 0.530083 0.208436
vt 0.529396 0.208747
vt 0.528994 0.204994
vt 0.530083 0.208436
vt 0.528994 0.204994
vt 0.529564 0.204841
vt 0.529458 0.204112
vt 0.528622 0.204357
vt 0.529396 0.208747
vt 0.529458 0.204112
vt 0.529396 0.208747
vt 0.530083 0.208436
vt 0.528721 0.199007
vt 0.527741 0.199082
vt 0.528622 0.204357
vt 0.528721 0.199007
vt 0.528622 0.204357
vt 0.529458 0.204112
vt 0.527835 0.192877
vt 0.526777 0.192958
vt 0.527741 0.199082
vt 0.527835 0.192877
vt 0.527741 0.199082
vt 0.528721 0.199007
vt 0.527313 0.189266
vt 0.526228 0.189349
vt 0.526777 0.192958
vt 0.527313 0.189266
vt 0.526777 0.192958
vt 0.527835 0.192877
vt 0.527275 0.189003
vt 0.526217 0.189084
vt 0.526228 0.189349
vt 0.527275 0.189003
vt 0.526228 0.189349
vt 0.527313 0.189266
vt 0.527243 0.188780
vt 0.526263 0.188854
vt 0.526217 0.189084
vt 0.527243 0.188780
vt 0.526217 0.189084
vt 0.527275 0.189003
vt 0.527222 0.188630
vt 0.526359 0.188696
vt 0.526263 0.188854
vt 0.527222 0.188630
vt 0.526263 0.188854
vt 0.527243 0.188780
vt 0.527214 0.188578
vt 0.526490 0.188633
vt 0.526359 0.188696
vt 0.527214 0.188578
vt 0.526359 0.188696
vt 0.527222 0.188630
vt 0.527222 0.188630
vt 0.526636 0.188675
vt 0.526490 0.188633
vt 0.527222 0.188630
vt 0.526490 0.188633
vt 0.527214 0.188578
vt 0.527243 0.188780
vt 0.526775 0.188815
vt 0.526636 0.188675
vt 0.527243 0.188780
vt 0.526636 0.188675
vt 0.527222 0.188630
vt 0.527275 0.189003
vt 0.526886 0.189032
vt 0.526775 0.188815
vt 0.527275 0.189003
vt 0.526775 0.188815
vt 0.527243 0.188780
vt 0.527313 0.189266
vt 0.526951 0.189294
vt 0.526886 0.189032
vt 0.527313 0.189266
vt 0.526886 0.189032
vt 0.527275 0.189003
vt 0.527835 0.192877
vt 0.527446 0.192906
vt 0.526951 0.189294
vt 0.527835 0.192877
vt 0.526951 0.189294
vt 0.527313 0.189266
vt 0.528721 0.199007
vt 0.528253 0.199043
vt 0.527446 0.192906
vt 0.528721 0.199007
vt 0.527446 0.192906
vt 0.527835 0.192877
vt 0.529564 0.204841
vt 0.528994 0.204994
vt 0.528253 0.199043
vt 0.529564 0.204841
vt 0.528253 0.199043
vt 0.528721 0.199007
vt 0.529458 0.204112
vt 0.528721 0.199007
vt 0.527835 0.192877
vt 0.529458 0.204112
vt 0.527835 0.192877
vt 0.527313 0.189266
vt 0.529458 0.204112
vt 0.527313 0.189266
vt 0.527275 0.189003
vt 0.529458 0.204112
vt 0.527275 0.189003
vt 0.527243 0.188780
vt 0.529458 0.204112
vt 0.527243 0.188780
vt 0.527222 0.188630
vt 0.529458 0.204112
vt 0.527222 0.188630
vt 0.527214 0.188578
vt 0.529458 0.204112
vt 0.527214 0.188578
vt 0.527222 0.188630
vt 0.529458 0.204112
vt 0.527222 0.188630
vt 0.527243 0.188780
vt 0.529458 0.204112
vt 0.527243 0.188780
vt 0.527275 0.189003
vt 0.529458 0.204112
vt 0.527275 0.189003
vt 0.527313 0.189266
vt 0.529458 0.204112
vt 0.527313 0.189266
vt 0.527835 0.192877
vt 0.529458 0.204112
vt 0.527835 0.192877
vt 0.528721 0.199007
vt 0.529458 0.204112
vt 0.528721 0.199007
vt 0.529564 0.204841
vt 0.529458 0.204112
vt 0.529564 0.204841
vt 0.530083 0.208436
vt 0.529564 0.204841
vt 0.528721 0.199007
vt 0.527835 0.192877
vt 0.529564 0.204841
vt 0.527835 0.192877
vt 0.527313 0.189266
vt 0.529564 0.204841
vt 0.527313 0.189266
vt 0.527275 0.189003
vt 0.529564 0.204841
vt 0.527275 0.189003
vt 0.527243 0.188780
vt 0.529564 0.204841
vt 0.527243 0.188780
vt 0.527222 0.188630
vt 0.529564 0.204841
vt 0.527222 0.188630
vt 0.527214 0.188578
vt 0.529564 0.204841
vt 0.527214 0.188578
vt 0.527222 0.188630
vt 0.529564 0.204841
vt 0.527222 0.188630
vt 0.527243 0.188780
vt 0.529564 0.204841
vt 0.527243 0.188780
vt 0.527275 0.189003
vt 0.529564 0.204841
vt 0.527275 0.189003
vt 0.527313 0.189266
vt 0.529564 0.204841
vt 0.527313 0.189266
vt 0.527835 0.192877
vt 0.529564 0.204841
vt 0.527835 0.192877
vt 0.528721 0.199007
vt 0.529564 0.204841
vt 0.528721 0.199007
vt 0.529458 0.204112
vt 0.529564 0.204841
vt 0.529458 0.204112
vt 0.530083 0.208436
vn 0.371733 -0.926590 0.056975
vn 0.183104 -0.982696 0.027963
vn 0.255626 -0.966489 0.023535
vn 0.371733 -0.926590 0.056975
vn 0.255626 -0.966489 0.023535
vn 0.439469 -0.897416 0.038869
vn 0.273111 -0.959243 0.072548
vn 0.131024 -0.990773 0.034661
vn 0.183104 -0.982696 0.027963
vn 0.273111 -0.959243 0.072548
vn 0.183104 -0.982696 0.027963
vn 0.371733 -0.926590 0.056975
vn 0.145700 -0.985804 0.083441
vn 0.085586 -0.995293 0.045471
vn 0.131024 -0.990773 0.034661
vn 0.145700 -0.985804 0.083441
vn 0.131024 -0.990773 0.034661
vn 0.273111 -0.959243 0.072548
vn -0.000000 -0.996173 0.087407
vn -0.005641 -0.998855 0.047505
vn 0.085586 -0.995293 0.045471
vn -0.000000 -0.996173 0.087407
vn 0.085586 -0.995293 0.045471
vn 0.145700 -0.985804 0.083441
vn -0.145701 -0.985804 0.083441
vn -0.068432 -0.996893 0.039009
vn -0.005641 -0.998855 0.047505
vn -0.145701 -0.985804 0.083441
vn -0.005641 -0.998855 0.047505
vn -0.000000 -0.996173 0.087407
vn -0.273112 -0.959243 0.072548
vn -0.131024 -0.990773 0.034661
vn -0.068432 -0.996893 0.039009
vn -0.273112 -0.959243 0.072548
vn -0.068432 -0.996893 0.039009
vn -0.145701 -0.985804 0.083441
vn 0.645529 -0.761578 0.057369
vn 0.439469 -0.897416 0.038869
vn 0.571765 -0.819623 0.036097
vn 0.645529 -0.761578 0.057369
vn 0.571765 -0.819623 0.036097
vn 0.713230 -0.700122 0.033646
vn 0.567996 -0.818356 0.087599
vn 0.371733 -0.926590 0.056975
vn 0.439469 -0.897416 0.038869
vn 0.567996 -0.818356 0.087599
vn 0.439469 -0.897416 0.038869
vn 0.645529 -0.761578 0.057369
vn 0.438692 -0.890919 0.117528
vn 0.273111 -0.959243 0.072548
vn 0.371733 -0.926590 0.056975
vn 0.438692 -0.890919 0.117528
vn 0.371733 -0.926590 0.056975
vn 0.567996 -0.818356 0.087599
vn 0.245018 -0.959076 0.141913
vn 0.145700 -0.985804 0.083441
vn 0.273111 -0.959243 0.072548
vn 0.245018 -0.959076 0.141913
vn 0.273111 -0.959243 0.072548
vn 0.438692 -0.890919 0.117528
vn -0.000000 -0.988418 0.151757
vn -0.000000 -0.996173 0.087407
vn 0.145700 -0.985804 0.083441
vn -0.000000 -0.988418 0.151757
vn 0.145700 -0.985804 0.083441
vn 0.245018 -0.959076 0.141913
vn -0.245019 -0.959076 0.141913
vn -0.145701 -0.985804 0.083441
vn -0.000000 -0.996173 0.087407
vn -0.245019 -0.959076 0.141913
vn -0.000000 -0.996173 0.087407
vn -0.000000 -0.988418 0.151757
vn 0.824055 -0.561703 0.073640
vn 0.645529 -0.761578 0.057369
vn 0.713230 -0.700122 0.033646
vn 0.824055 -0.561703 0.073640
vn 0.713230 -0.700122 0.033646
vn 0.852448 -0.521620 0.035274
vn 0.762979 -0.635438 0.118667
vn 0.567996 -0.818356 0.087599
vn 0.645529 -0.761578 0.057369
vn 0.762979 -0.635438 0.118667
vn 0.645529 -0.761578 0.057369
vn 0.824055 -0.561703 0.073640
vn 0.638475 -0.749791 0.173672
vn 0.438692 -0.890919 0.117528
vn 0.567996 -0.818356 0.087599
vn 0.638475 -0.749791 0.173672
vn 0.567996 -0.818356 0.087599
vn 0.762979 -0.635438 0.118667
vn 0.391699 -0.889958 0.233552
vn 0.245018 -0.959076 0.141913
vn 0.438692 -0.890919 0.117528
vn 0.391699 -0.889958 0.233552
vn 0.438692 -0.890919 0.117528
vn 0.638475 -0.749791 0.173672
vn 0.000002 -0.964572 0.263820
vn -0.000000 -0.988418 0.151757
vn 0.245018 -0.959076 0.141913
vn 0.000002 -0.964572 0.263820
vn 0.245018 -0.959076 0.141913
vn 0.391699 -0.889958 0.233552
vn 0.949910 -0.300665 0.085274
vn 0.824055 -0.561703 0.073640
vn 0.852448 -0.521620 0.035274
vn 0.949910 -0.300665 0.085274
vn 0.852448 -0.521620 0.035274
vn 0.961185 -0.273005 0.039904
vn -0.853587 -0.463971 0.236897
vn -0.638476 -0.749791 0.173673
vn -0.391699 -0.889958 0.233552
vn -0.853587 -0.463971 0.236897
vn -0.391699 -0.889958 0.233552
vn -0.630099 -0.662622 0.404855
vn -0.922862 -0.356910 0.144710
vn -0.762979 -0.635437 0.118667
vn -0.638476 -0.749791 0.173673
vn -0.922862 -0.356910 0.144710
vn -0.638476 -0.749791 0.173673
vn -0.853587 -0.463971 0.236897
vn -0.949910 -0.300664 0.085274
vn -0.824055 -0.561704 0.073640
vn -0.762979 -0.635437 0.118667
vn -0.949910 -0.300664 0.085274
vn -0.762979 -0.635437 0.118667
vn -0.922862 -0.356910 0.144710
vn -0.961185 -0.273005 0.039904
vn -0.852448 -0.521621 0.035274
vn -0.824055 -0.561704 0.073640
vn -0.961185 -0.273005 0.039904
vn -0.824055 -0.561704 0.073640
vn -0.949910 -0.300664 0.085274
vn 0.995981 -0.000001 0.089570
vn 0.949910 -0.300665 0.085274
vn 0.961185 -0.273005 0.039904
vn 0.995981 -0.000001 0.089570
vn 0.961185 -0.273005 0.039904
vn 0.999137 -0.000001 0.041530
vn -0.962907 -0.000000 0.269835
vn -0.853587 -0.463971 0.236897
vn -0.630099 -0.662622 0.404855
vn -0.962907 -0.000000 0.269835
vn -0.630099 -0.662622 0.404855
vn -0.831968 -0.000002 0.554824
vn -0.987845 -0.000000 0.155443
vn -0.922862 -0.356910 0.144710
vn -0.853587 -0.463971 0.236897
vn -0.987845 -0.000000 0.155443
vn -0.853587 -0.463971 0.236897
vn -0.962907 -0.000000 0.269835
vn -0.995981 -0.000000 0.089570
vn -0.949910 -0.300664 0.085274
vn -0.922862 -0.356910 0.144710
vn -0.995981 -0.000000 0.089570
vn -0.922862 -0.356910 0.144710
vn -0.987845 -0.000000 0.155443
vn -0.999137 -0.000000 0.041530
vn -0.961185 -0.273005 0.039904
vn -0.949910 -0.300664 0.085274
vn -0.999137 -0.000000 0.041530
vn -0.949910 -0.300664 0.085274
vn -0.995981 -0.000000 0.089570
vn -1.000000 -0.000000 -0.000000
vn -0.964350 -0.264631 0.000000
vn -0.961185 -0.273005 0.039904
vn -1.000000 -0.000000 -0.000000
vn -0.961185 -0.273005 0.039904
vn -0.999137 -0.000000 0.041530
vn 0.853587 0.463970 0.236897
vn 0.962907 -0.000000 0.269835
vn 0.987845 -0.000000 0.155443
vn 0.853587 0.463970 0.236897
vn 0.987845 -0.000000 0.155443
vn 0.922865 0.356901 0.144711
vn 0.630098 0.662622 0.404856
vn 0.831967 -0.000000 0.554825
vn 0.962907 -0.000000 0.269835
vn 0.630098 0.662622 0.404856
vn 0.962907 -0.000000 0.269835
vn 0.853587 0.463970 0.236897
vn -0.853587 0.463971 0.236897
vn -0.962907 -0.000000 0.269835
vn -0.831968 -0.000002 0.554824
vn -0.853587 0.463971 0.236897
vn -0.831968 -0.000002 0.554824
vn -0.724271 0.550423 0.415289
vn -0.922862 0.356910 0.144710
vn -0.987845 -0.000000 0.155443
vn -0.962907 -0.000000 0.269835
vn -0.922862 0.356910 0.144710
vn -0.962907 -0.000000 0.269835
vn -0.853587 0.463971 0.236897
vn -0.949910 0.300664 0.085274
vn -0.995981 -0.000000 0.089570
vn -0.987845 -0.000000 0.155443
vn -0.949910 0.300664 0.085274
vn -0.987845 -0.000000 0.155443
vn -0.922862 0.356910 0.144710
vn -0.961185 0.273005 0.039904
vn -0.999137 -0.000000 0.041530
vn -0.995981 -0.000000 0.089570
vn -0.961185 0.273005 0.039904
vn -0.995981 -0.000000 0.089570
vn -0.949910 0.300664 0.085274
vn -0.964350 0.264632 0.000000
vn -1.000000 -0.000000 -0.000000
vn -0.999137 -0.000000 0.041530
vn -0.964350 0.264632 0.000000
vn -0.999137 -0.000000 0.041530
vn -0.961185 0.273005 0.039904
vn -0.961185 0.273005 -0.039904
vn -0.999137 0.000000 -0.041530
vn -1.000000 -0.000000 -0.000000
vn -0.961185 0.273005 -0.039904
vn -1.000000 -0.000000 -0.000000
vn -0.964350 0.264632 0.000000
vn -0.638476 0.749791 0.173672
vn -0.853587 0.463971 0.236897
vn -0.724271 0.550423 0.415289
vn -0.638476 0.749791 0.173672
vn -0.724271 0.550423 0.415289
vn -0.549609 0.810574 0.202237
vn -0.762979 0.635438 0.118667
vn -0.922862 0.356910 0.144710
vn -0.853587 0.463971 0.236897
vn -0.762979 0.635438 0.118667
vn -0.853587 0.463971 0.236897
vn -0.638476 0.749791 0.173672
vn -0.824055 0.561703 0.073640
vn -0.949910 0.300664 0.085274
vn -0.922862 0.356910 0.144710
vn -0.824055 0.561703 0.073640
vn -0.922862 0.356910 0.144710
vn -0.762979 0.635438 0.118667
vn -0.852449 0.521620 0.035274
vn -0.961185 0.273005 0.039904
vn -0.949910 0.300664 0.085274
vn -0.852449 0.521620 0.035274
vn -0.949910 0.300664 0.085274
vn -0.824055 0.561703 0.073640
vn -0.860785 0.508969 0.000000
vn -0.964350 0.264632 0.000000
vn -0.961185 0.273005 0.039904
vn -0.860785 0.508969 0.000000
vn -0.961185 0.273005 0.039904
vn -0.852449 0.521620 0.035274
vn -0.852449 0.521620 -0.035274
vn -0.961185 0.273005 -0.039904
vn -0.964350 0.264632 0.000000
vn -0.852449 0.521620 -0.035274
vn -0.964350 0.264632 0.000000
vn -0.860785 0.508969 0.000000
vn -0.438692 0.890919 0.117528
vn -0.638476 0.749791 0.173672
vn -0.549609 0.810574 0.202237
vn -0.438692 0.890919 0.117528
vn -0.549609 0.810574 0.202237
vn -0.272441 0.953862 0.126184
vn -0.567996 0.818356 0.087599
vn -0.762979 0.635438 0.118667
vn -0.638476 0.749791 0.173672
vn -0.567996 0.818356 0.087599
vn -0.638476 0.749791 0.173672
vn -0.438692 0.890919 0.117528
vn -0.645529 0.761578 0.057369
vn -0.824055 0.561703 0.073640
vn -0.762979 0.635438 0.118667
vn -0.645529 0.761578 0.057369
vn -0.762979 0.635438 0.118667
vn -0.567996 0.818356 0.087599
vn -0.686068 0.726988 0.028268
vn -0.852449 0.521620 0.035274
vn -0.824055 0.561703 0.073640
vn -0.686068 0.726988 0.028268
vn -0.824055 0.561703 0.073640
vn -0.645529 0.761578 0.057369
vn -0.698623 0.715490 0.000000
vn -0.860785 0.508969 0.000000
vn -0.852449 0.521620 0.035274
vn -0.698623 0.715490 0.000000
vn -0.852449 0.521620 0.035274
vn -0.686068 0.726988 0.028268
vn -0.686068 0.726988 -0.028268
vn -0.852449 0.521620 -0.035274
vn -0.860785 0.508969 0.000000
vn -0.686068 0.726988 -0.028268
vn -0.860785 0.508969 0.000000
vn -0.698623 0.715490 0.000000
vn -0.645529 0.761578 -0.057369
vn -0.824055 0.561703 -0.073640
vn -0.852449 0.521620 -0.035274
vn -0.645529 0.761578 -0.057369
vn -0.852449 0.521620 -0.035274
vn -0.686068 0.726988 -0.028268
vn 0.478423 0.877910 0.019631
vn 0.686069 0.726987 0.028268
vn 0.698622 0.715491 0.000000
vn 0.478423 0.877910 0.019631
vn 0.698622 0.715491 0.000000
vn 0.491077 0.871116 0.000000
vn -0.273111 0.959243 0.072548
vn -0.438692 0.890919 0.117528
vn -0.272441 0.953862 0.126184
vn -0.273111 0.959243 0.072548
vn -0.272441 0.953862 0.126184
vn -0.145700 0.985804 0.083441
vn -0.371733 0.926590 0.056975
vn -0.567996 0.818356 0.087599
vn -0.438692 0.890919 0.117528
vn -0.371733 0.926590 0.056975
vn -0.438692 0.890919 0.117528
vn -0.273111 0.959243 0.072548
vn -0.439469 0.897416 0.038869
vn -0.645529 0.761578 0.057369
vn -0.567996 0.818356 0.087599
vn -0.439469 0.897416 0.038869
vn -0.567996 0.818356 0.087599
vn -0.371733 0.926590 0.056975
vn -0.478423 0.877910 0.019632
vn -0.686068 0.726988 0.028268
vn -0.645529 0.761578 0.057369
vn -0.478423 0.877910 0.019632
vn -0.645529 0.761578 0.057369
vn -0.439469 0.897416 0.038869
vn -0.491077 0.871116 0.000000
vn -0.698623 0.715490 0.000000
vn -0.686068 0.726988 0.028268
vn -0.491077 0.871116 0.000000
vn -0.686068 0.726988 0.028268
vn -0.478423 0.877910 0.019632
vn -0.478423 0.877910 -0.019632
vn -0.686068 0.726988 -0.028268
vn -0.698623 0.715490 0.000000
vn -0.478423 0.877910 -0.019632
vn -0.698623 0.715490 0.000000
vn -0.491077 0.871116 0.000000
vn -0.439469 0.897416 -0.038869
vn -0.645529 0.761578 -0.057369
vn -0.686068 0.726988 -0.028268
vn -0.439469 0.897416 -0.038869
vn -0.686068 0.726988 -0.028268
vn -0.478423 0.877910 -0.019632
vn -0.371733 0.926590 -0.056975
vn -0.567996 0.818356 -0.087599
vn -0.645529 0.761578 -0.057369
vn -0.371733 0.926590 -0.056975
vn -0.645529 0.761578 -0.057369
vn -0.439469 0.897416 -0.038869
vn 0.491077 0.871116 0.000000
vn 0.698622 0.715491 0.000000
vn 0.686067 0.726989 -0.028267
vn 0.491077 0.871116 0.000000
vn 0.686067 0.726989 -0.028267
vn 0.478423 0.877910 -0.019632
vn 0.245214 0.969417 0.010033
vn 0.478423 0.877910 0.019631
vn 0.491077 0.871116 0.000000
vn 0.245214 0.969417 0.010033
vn 0.491077 0.871116 0.000000
vn 0.253109 0.967438 0.000000
vn -0.131025 0.990773 0.034661
vn -0.273111 0.959243 0.072548
vn -0.145700 0.985804 0.083441
vn -0.131025 0.990773 0.034661
vn -0.145700 0.985804 0.083441
vn -0.068432 0.996893 0.039009
vn -0.183104 0.982696 0.027963
vn -0.371733 0.926590 0.056975
vn -0.273111 0.959243 0.072548
vn -0.183104 0.982696 0.027963
vn -0.273111 0.959243 0.072548
vn -0.131025 0.990773 0.034661
vn -0.221677 0.974924 0.019544
vn -0.439469 0.897416 0.038869
vn -0.371733 0.926590 0.056975
vn -0.221677 0.974924 0.019544
vn -0.371733 0.926590 0.056975
vn -0.183104 0.982696 0.027963
vn -0.245214 0.969417 0.010033
vn -0.478423 0.877910 0.019632
vn -0.439469 0.897416 0.038869
vn -0.245214 0.969417 0.010033
vn -0.439469 0.897416 0.038869
vn -0.221677 0.974924 0.019544
vn -0.253109 0.967438 0.000000
vn -0.491077 0.871116 0.000000
vn -0.478423 0.877910 0.019632
vn -0.253109 0.967438 0.000000
vn -0.478423 0.877910 0.019632
vn -0.245214 0.969417 0.010033
vn -0.245214 0.969417 -0.010033
vn -0.478423 0.877910 -0.019632
vn -0.491077 0.871116 0.000000
vn -0.245214 0.969417 -0.010033
vn -0.491077 0.871116 0.000000
vn -0.253109 0.967438 0.000000
vn -0.221677 0.974924 -0.019544
vn -0.439469 0.897416 -0.038869
vn -0.478423 0.877910 -0.019632
vn -0.221677 0.974924 -0.019544
vn -0.478423 0.877910 -0.019632
vn -0.245214 0.969417 -0.010033
vn -0.183104 0.982696 -0.027963
vn -0.371733 0.926590 -0.056975
vn -0.439469 0.897416 -0.038869
vn -0.183104 0.982696 -0.027963
vn -0.439469 0.897416 -0.038869
vn -0.221677 0.974924 -0.019544
vn -0.131025 0.990773 -0.034661
vn -0.273111 0.959243 -0.072548
vn -0.371733 0.926590 -0.056975
vn -0.131025 0.990773 -0.034661
vn -0.371733 0.926590 -0.056975
vn -0.183104 0.982696 -0.027963
vn -0.068432 0.996893 -0.039009
vn -0.145700 0.985804 -0.083441
vn -0.273111 0.959243 -0.072548
vn -0.068432 0.996893 -0.039009
vn -0.273111 0.959243 -0.072548
vn -0.131025 0.990773 -0.034661
vn -0.000000 0.999179 -0.040520
vn -0.000000 0.996173 -0.087407
vn -0.145700 0.985804 -0.083441
vn -0.000000 0.999179 -0.040520
vn -0.145700 0.985804 -0.083441
vn -0.068432 0.996893 -0.039009
vn 0.068432 0.996893 -0.039009
vn 0.145700 0.985804 -0.083441
vn -0.000000 0.996173 -0.087407
vn 0.068432 0.996893 -0.039009
vn -0.000000 0.996173 -0.087407
vn -0.000000 0.999179 -0.040520
vn 0.131024 0.990773 -0.034661
vn 0.273111 0.959243 -0.072548
vn 0.145700 0.985804 -0.083441
vn 0.131024 0.990773 -0.034661
vn 0.145700 0.985804 -0.083441
vn 0.068432 0.996893 -0.039009
vn 0.183104 0.982696 -0.027964
vn 0.371733 0.926590 -0.056975
vn 0.273111 0.959243 -0.072548
vn 0.183104 0.982696 -0.027964
vn 0.273111 0.959243 -0.072548
vn 0.131024 0.990773 -0.034661
vn 0.221677 0.974924 -0.019544
vn 0.439469 0.897416 -0.038869
vn 0.371733 0.926590 -0.056975
vn 0.221677 0.974924 -0.019544
vn 0.371733 0.926590 -0.056975
vn 0.183104 0.982696 -0.027964
vn 0.245214 0.969417 -0.010033
vn 0.478423 0.877910 -0.019632
vn 0.439469 0.897416 -0.038869
vn 0.245214 0.969417 -0.010033
vn 0.439469 0.897416 -0.038869
vn 0.221677 0.974924 -0.019544
vn 0.253109 0.967438 0.000000
vn 0.491077 0.871116 0.000000
vn 0.478423 0.877910 -0.019632
vn 0.253109 0.967438 0.000000
vn 0.478423 0.877910 -0.019632
vn 0.245214 0.969417 -0.010033
vn 0.245214 0.969417 0.010033
vn 0.253109 0.967438 0.000000
vn -0.000000 1.000000 0.000000
vn 0.221677 0.974924 0.019544
vn 0.245214 0.969417 0.010033
vn -0.000000 1.000000 0.000000
vn 0.183104 0.982696 0.027964
vn 0.221677 0.974924 0.019544
vn -0.000000 1.000000 0.000000
vn 0.131024 0.990773 0.034661
vn 0.183104 0.982696 0.027964
vn -0.000000 1.000000 0.000000
vn 0.068432 0.996893 0.039009
vn 0.131024 0.990773 0.034661
vn -0.000000 1.000000 0.000000
vn -0.000000 0.999179 0.040520
vn 0.068432 0.996893 0.039009
vn -0.000000 1.000000 0.000000
vn -0.068432 0.996893 0.039009
vn -0.000000 0.999179 0.040520
vn -0.000000 1.000000 0.000000
vn -0.131025 0.990773 0.034661
vn -0.068432 0.996893 0.039009
vn -0.000000 1.000000 0.000000
vn -0.183104 0.982696 0.027963
vn -0.131025 0.990773 0.034661
vn -0.000000 1.000000 0.000000
vn -0.221677 0.974924 0.019544
vn -0.183104 0.982696 0.027963
vn -0.000000 1.000000 0.000000
vn -0.245214 0.969417 0.010033
vn -0.221677 0.974924 0.019544
vn -0.000000 1.000000 0.000000
vn -0.253109 0.967438 0.000000
vn -0.245214 0.969417 0.010033
vn -0.000000 1.000000 0.000000
vn -0.245214 0.969417 -0.010033
vn -0.253109 0.967438 0.000000
vn -0.000000 1.000000 0.000000
vn -0.221677 0.974924 -0.019544
vn -0.245214 0.969417 -0.010033
vn -0.000000 1.000000 0.000000
vn -0.183104 0.982696 -0.027963
vn -0.221677 0.974924 -0.019544
vn -0.000000 1.000000 0.000000
vn -0.131025 0.990773 -0.034661
vn -0.183104 0.982696 -0.027963
vn -0.000000 1.000000 0.000000
vn -0.068432 0.996893 -0.039009
vn -0.131025 0.990773 -0.034661
vn -0.000000 1.000000 0.000000
vn -0.000000 0.999179 -0.040520
vn -0.068432 0.996893 -0.039009
vn -0.000000 1.000000 0.000000
vn 0.068432 0.996893 -0.039009
vn -0.000000 0.999179 -0.040520
vn -0.000000 1.000000 0.000000
vn 0.131024 0.990773 -0.034661
vn 0.068432 0.996893 -0.039009
vn -0.000000 1.000000 0.000000
vn 0.183104 0.982696 -0.027964
vn 0.131024 0.990773 -0.034661
vn -0.000000 1.000000 0.000000
vn 0.221677 0.974924 -0.019544
vn 0.183104 0.982696 -0.027964
vn -0.000000 1.000000 0.000000
vn 0.245214 0.969417 -0.010033
vn 0.221677 0.974924 -0.019544
vn -0.000000 1.000000 0.000000
vn 0.253109 0.967438 0.000000
vn 0.245214 0.969417 -0.010033
vn -0.000000 1.000000 0.000000
vn 0.391699 -0.889958 0.233552
vn 0.638475 -0.749791 0.173672
vn 0.853587 -0.463971 0.236897
vn 0.391699 -0.889958 0.233552
vn 0.853587 -0.463971 0.236897
vn 0.630099 -0.662622 0.404855
vn 0.638475 -0.749791 0.173672
vn 0.762979 -0.635438 0.118667
vn 0.922862 -0.356910 0.144710
vn 0.638475 -0.749791 0.173672
vn 0.922862 -0.356910 0.144710
vn 0.853587 -0.463971 0.236897
vn 0.762979 -0.635438 0.118667
vn 0.824055 -0.561703 0.073640
vn 0.949910 -0.300665 0.085274
vn 0.762979 -0.635438 0.118667
vn 0.949910 -0.300665 0.085274
vn 0.922862 -0.356910 0.144710
vn 0.824055 -0.561703 0.073640
vn 0.852448 -0.521620 0.035274
vn 0.961185 -0.273005 0.039904
vn 0.824055 -0.561703 0.073640
vn 0.961185 -0.273005 0.039904
vn 0.949910 -0.300665 0.085274
vn -0.630099 -0.662622 0.404855
vn 0.000000 -0.837403 0.546586
vn -0.266185 -0.272840 0.924502
vn -0.630099 -0.662622 0.404855
vn -0.266185 -0.272840 0.924502
vn -0.831968 -0.000002 0.554824
vn 0.000000 -0.837403 0.546586
vn 0.630099 -0.662622 0.404855
vn 0.831967 -0.000000 0.554825
vn 0.000000 -0.837403 0.546586
vn 0.831967 -0.000000 0.554825
vn 0.266186 -0.272840 0.924502
vn 0.630099 -0.662622 0.404855
vn 0.853587 -0.463971 0.236897
vn 0.962907 -0.000000 0.269835
vn 0.630099 -0.662622 0.404855
vn 0.962907 -0.000000 0.269835
vn 0.831967 -0.000000 0.554825
vn 0.853587 -0.463971 0.236897
vn 0.922862 -0.356910 0.144710
vn 0.987845 -0.000000 0.155443
vn 0.853587 -0.463971 0.236897
vn 0.987845 -0.000000 0.155443
vn 0.962907 -0.000000 0.269835
vn 0.922862 -0.356910 0.144710
vn 0.949910 -0.300665 0.085274
vn 0.995981 -0.000001 0.089570
vn 0.922862 -0.356910 0.144710
vn 0.995981 -0.000001 0.089570
vn 0.987845 -0.000000 0.155443
vn 0.949910 -0.300665 0.085274
vn 0.961185 -0.273005 0.039904
vn 0.999137 -0.000001 0.041530
vn 0.949910 -0.300665 0.085274
vn 0.999137 -0.000001 0.041530
vn 0.995981 -0.000001 0.089570
vn 0.961185 -0.273005 0.039904
vn 0.964350 -0.264631 0.000000
vn 1.000000 -0.000000 -0.000000
vn 0.961185 -0.273005 0.039904
vn 1.000000 -0.000000 -0.000000
vn 0.999137 -0.000001 0.041530
vn -0.987845 -0.000000 0.155443
vn -0.962907 -0.000000 0.269835
vn -0.853587 0.463971 0.236897
vn -0.987845 -0.000000 0.155443
vn -0.853587 0.463971 0.236897
vn -0.922862 0.356910 0.144710
vn -0.962907 -0.000000 0.269835
vn -0.831968 -0.000002 0.554824
vn -0.630098 0.662622 0.404855
vn -0.962907 -0.000000 0.269835
vn -0.630098 0.662622 0.404855
vn -0.853587 0.463971 0.236897
vn -0.831968 -0.000002 0.554824
vn -0.266185 0.272839 0.924502
vn 0.000000 0.837403 0.546586
vn -0.831968 -0.000002 0.554824
vn 0.000000 0.837403 0.546586
vn -0.630098 0.662622 0.404855
vn 0.266186 0.272839 0.924502
vn 0.831967 -0.000000 0.554825
vn 0.630098 0.662622 0.404856
vn 0.266186 0.272839 0.924502
vn 0.630098 0.662622 0.404856
vn 0.000000 0.837403 0.546586
vn 0.831967 -0.000000 0.554825
vn 0.962907 -0.000000 0.269835
vn 0.853587 0.463970 0.236897
vn 0.831967 -0.000000 0.554825
vn 0.853587 0.463970 0.236897
vn 0.630098 0.662622 0.404856
vn 0.962907 -0.000000 0.269835
vn 0.987845 -0.000000 0.155443
vn 0.922865 0.356901 0.144711
vn 0.962907 -0.000000 0.269835
vn 0.922865 0.356901 0.144711
vn 0.853587 0.463970 0.236897
vn 0.987845 -0.000000 0.155443
vn 0.995981 -0.000001 0.089570
vn 0.949910 0.300664 0.085274
vn 0.987845 -0.000000 0.155443
vn 0.949910 0.300664 0.085274
vn 0.922865 0.356901 0.144711
vn 0.995981 -0.000001 0.089570
vn 0.999137 -0.000001 0.041530
vn 0.961185 0.273005 0.039904
vn 0.995981 -0.000001 0.089570
vn 0.961185 0.273005 0.039904
vn 0.949910 0.300664 0.085274
vn 0.999137 -0.000001 0.041530
vn 1.000000 -0.000000 -0.000000
vn 0.964350 0.264632 0.000000
vn 0.999137 -0.000001 0.041530
vn 0.964350 0.264632 0.000000
vn 0.961185 0.273005 0.039904
vn 1.000000 -0.000000 -0.000000
vn 0.999137 0.000000 -0.041530
vn 0.961185 0.273005 -0.039904
vn 1.000000 -0.000000 -0.000000
vn 0.961185 0.273005 -0.039904
vn 0.964350 0.264632 0.000000
vn -0.949910 0.300664 0.085274
vn -0.922862 0.356910 0.144710
vn -0.762979 0.635438 0.118667
vn -0.949910 0.300664 0.085274
vn -0.762979 0.635438 0.118667
vn -0.824055 0.561703 0.073640
vn -0.922862 0.356910 0.144710
vn -0.853587 0.463971 0.236897
vn -0.638476 0.749791 0.173672
vn -0.922862 0.356910 0.144710
vn -0.638476 0.749791 0.173672
vn -0.762979 0.635438 0.118667
vn -0.853587 0.463971 0.236897
vn -0.630098 0.662622 0.404855
vn -0.391698 0.889958 0.233552
vn -0.853587 0.463971 0.236897
vn -0.391698 0.889958 0.233552
vn -0.638476 0.749791 0.173672
vn -0.630098 0.662622 0.404855
vn 0.000000 0.837403 0.546586
vn 0.000000 0.964572 0.263821
vn -0.630098 0.662622 0.404855
vn 0.000000 0.964572 0.263821
vn -0.391698 0.889958 0.233552
vn 0.000000 0.837403 0.546586
vn 0.630098 0.662622 0.404856
vn 0.391699 0.889958 0.233551
vn 0.000000 0.837403 0.546586
vn 0.391699 0.889958 0.233551
vn 0.000000 0.964572 0.263821
vn 0.630098 0.662622 0.404856
vn 0.853587 0.463970 0.236897
vn 0.638476 0.749791 0.173672
vn 0.630098 0.662622 0.404856
vn 0.638476 0.749791 0.173672
vn 0.391699 0.889958 0.233551
vn 0.853587 0.463970 0.236897
vn 0.922865 0.356901 0.144711
vn 0.762979 0.635438 0.118667
vn 0.853587 0.463970 0.236897
vn 0.762979 0.635438 0.118667
vn 0.638476 0.749791 0.173672
vn 0.922865 0.356901 0.144711
vn 0.949910 0.300664 0.085274
vn 0.824055 0.561703 0.073640
vn 0.922865 0.356901 0.144711
vn 0.824055 0.561703 0.073640
vn 0.762979 0.635438 0.118667
vn 0.949910 0.300664 0.085274
vn 0.961185 0.273005 0.039904
vn 0.852449 0.521620 0.035274
vn 0.949910 0.300664 0.085274
vn 0.852449 0.521620 0.035274
vn 0.824055 0.561703 0.073640
vn 0.961185 0.273005 0.039904
vn 0.964350 0.264632 0.000000
vn 0.860785 0.508969 0.000000
vn 0.961185 0.273005 0.039904
vn 0.860785 0.508969 0.000000
vn 0.852449 0.521620 0.035274
vn 0.964350 0.264632 0.000000
vn 0.961185 0.273005 -0.039904
vn 0.852449 0.521620 -0.035274
vn 0.964350 0.264632 0.000000
vn 0.852449 0.521620 -0.035274
vn 0.860785 0.508969 0.000000
vn -0.852449 0.521620 0.035274
vn -0.824055 0.561703 0.073640
vn -0.645529 0.761578 0.057369
vn -0.852449 0.521620 0.035274
vn -0.645529 0.761578 0.057369
vn -0.686068 0.726988 0.028268
vn -0.824055 0.561703 0.073640
vn -0.762979 0.635438 0.118667
vn -0.567996 0.818356 0.087599
vn -0.824055 0.561703 0.073640
vn -0.567996 0.818356 0.087599
vn -0.645529 0.761578 0.057369
vn -0.762979 0.635438 0.118667
vn -0.638476 0.749791 0.173672
vn -0.438692 0.890919 0.117528
vn -0.762979 0.635438 0.118667
vn -0.438692 0.890919 0.117528
vn -0.567996 0.818356 0.087599
vn -0.638476 0.749791 0.173672
vn -0.391698 0.889958 0.233552
vn -0.245018 0.959076 0.141913
vn -0.638476 0.749791 0.173672
vn -0.245018 0.959076 0.141913
vn -0.438692 0.890919 0.117528
vn -0.391698 0.889958 0.233552
vn 0.000000 0.964572 0.263821
vn 0.000000 0.988418 0.151757
vn -0.391698 0.889958 0.233552
vn 0.000000 0.988418 0.151757
vn -0.245018 0.959076 0.141913
vn 0.000000 0.964572 0.263821
vn 0.391699 0.889958 0.233551
vn 0.245018 0.959076 0.141913
vn 0.000000 0.964572 0.263821
vn 0.245018 0.959076 0.141913
vn 0.000000 0.988418 0.151757
vn 0.391699 0.889958 0.233551
vn 0.638476 0.749791 0.173672
vn 0.438692 0.890919 0.117528
vn 0.391699 0.889958 0.233551
vn 0.438692 0.890919 0.117528
vn 0.245018 0.959076 0.141913
vn 0.638476 0.749791 0.173672
vn 0.762979 0.635438 0.118667
vn 0.567996 0.818356 0.087599
vn 0.638476 0.749791 0.173672
vn 0.567996 0.818356 0.087599
vn 0.438692 0.890919 0.117528
vn 0.762979 0.635438 0.118667
vn 0.824055 0.561703 0.073640
vn 0.645529 0.761578 0.057369
vn 0.762979 0.635438 0.118667
vn 0.645529 0.761578 0.057369
vn 0.567996 0.818356 0.087599
vn 0.824055 0.561703 0.073640
vn 0.852449 0.521620 0.035274
vn 0.686069 0.726987 0.028268
vn 0.824055 0.561703 0.073640
vn 0.686069 0.726987 0.028268
vn 0.645529 0.761578 0.057369
vn 0.852449 0.521620 0.035274
vn 0.860785 0.508969 0.000000
vn 0.698622 0.715491 0.000000
vn 0.852449 0.521620 0.035274
vn 0.698622 0.715491 0.000000
vn 0.686069 0.726987 0.028268
vn 0.860785 0.508969 0.000000
vn 0.852449 0.521620 -0.035274
vn 0.686067 0.726989 -0.028267
vn 0.860785 0.508969 0.000000
vn 0.686067 0.726989 -0.028267
vn 0.698622 0.715491 0.000000
vn 0.852449 0.521620 -0.035274
vn 0.824055 0.561703 -0.073640
vn 0.645529 0.761578 -0.057369
vn 0.852449 0.521620 -0.035274
vn 0.645529 0.761578 -0.057369
vn 0.686067 0.726989 -0.028267
vn -0.698623 0.715490 0.000000
vn -0.686068 0.726988 0.028268
vn -0.478423 0.877910 0.019632
vn -0.698623 0.715490 0.000000
vn -0.478423 0.877910 0.019632
vn -0.491077 0.871116 0.000000
vn -0.686068 0.726988 0.028268
vn -0.645529 0.761578 0.057369
vn -0.439469 0.897416 0.038869
vn -0.686068 0.726988 0.028268
vn -0.439469 0.897416 0.038869
vn -0.478423 0.877910 0.019632
vn -0.645529 0.761578 0.057369
vn -0.567996 0.818356 0.087599
vn -0.371733 0.926590 0.056975
vn -0.645529 0.761578 0.057369
vn -0.371733 0.926590 0.056975
vn -0.439469 0.897416 0.038869
vn -0.567996 0.818356 0.087599
vn -0.438692 0.890919 0.117528
vn -0.273111 0.959243 0.072548
vn -0.567996 0.818356 0.087599
vn -0.273111 0.959243 0.072548
vn -0.371733 0.926590 0.056975
vn -0.438692 0.890919 0.117528
vn -0.245018 0.959076 0.141913
vn -0.145700 0.985804 0.083441
vn -0.438692 0.890919 0.117528
vn -0.145700 0.985804 0.083441
vn -0.273111 0.959243 0.072548
vn -0.245018 0.959076 0.141913
vn 0.000000 0.988418 0.151757
vn 0.000000 0.996173 0.087407
vn -0.245018 0.959076 0.141913
vn 0.000000 0.996173 0.087407
vn -0.145700 0.985804 0.083441
vn 0.000000 0.988418 0.151757
vn 0.245018 0.959076 0.141913
vn 0.145701 0.985804 0.083441
vn 0.000000 0.988418 0.151757
vn 0.145701 0.985804 0.083441
vn 0.000000 0.996173 0.087407
vn 0.245018 0.959076 0.141913
vn 0.438692 0.890919 0.117528
vn 0.273111 0.959243 0.072548
vn 0.245018 0.959076 0.141913
vn 0.273111 0.959243 0.072548
vn 0.145701 0.985804 0.083441
vn 0.438692 0.890919 0.117528
vn 0.567996 0.818356 0.087599
vn 0.371733 0.926590 0.056975
vn 0.438692 0.890919 0.117528
vn 0.371733 0.926590 0.056975
vn 0.273111 0.959243 0.072548
vn 0.567996 0.818356 0.087599
vn 0.645529 0.761578 0.057369
vn 0.439469 0.897416 0.038869
vn 0.567996 0.818356 0.087599
vn 0.439469 0.897416 0.038869
vn 0.371733 0.926590 0.056975
vn 0.645529 0.761578 0.057369
vn 0.686069 0.726987 0.028268
vn 0.478423 0.877910 0.019631
vn 0.645529 0.761578 0.057369
vn 0.478423 0.877910 0.019631
vn 0.439469 0.897416 0.038869
vn 0.686069 0.726987 0.028268
vn 0.698622 0.715491 0.000000
vn 0.491077 0.871116 0.000000
vn 0.686069 0.726987 0.028268
vn 0.491077 0.871116 0.000000
vn 0.478423 0.877910 0.019631
vn 0.698622 0.715491 0.000000
vn 0.686067 0.726989 -0.028267
vn 0.478423 0.877910 -0.019632
vn 0.698622 0.715491 0.000000
vn 0.478423 0.877910 -0.019632
vn 0.491077 0.871116 0.000000
vn 0.686067 0.726989 -0.028267
vn 0.645529 0.761578 -0.057369
vn 0.439469 0.897416 -0.038869
vn 0.686067 0.726989 -0.028267
vn 0.439469 0.897416 -0.038869
vn 0.478423 0.877910 -0.019632
vn 0.645529 0.761578 -0.057369
vn 0.567996 0.818356 -0.087599
vn 0.371733 0.926590 -0.056975
vn 0.645529 0.761578 -0.057369
vn 0.371733 0.926590 -0.056975
vn 0.439469 0.897416 -0.038869
vn -0.686068 0.726988 -0.028268
vn -0.698623 0.715490 0.000000
vn -0.491077 0.871116 0.000000
vn -0.686068 0.726988 -0.028268
vn -0.491077 0.871116 0.000000
vn -0.478423 0.877910 -0.019632
vn -0.491077 0.871116 0.000000
vn -0.478423 0.877910 0.019632
vn -0.245214 0.969417 0.010033
vn -0.491077 0.871116 0.000000
vn -0.245214 0.969417 0.010033
vn -0.253109 0.967438 0.000000
vn -0.478423 0.877910 0.019632
vn -0.439469 0.897416 0.038869
vn -0.221677 0.974924 0.019544
vn -0.478423 0.877910 0.019632
vn -0.221677 0.974924 0.019544
vn -0.245214 0.969417 0.010033
vn -0.439469 0.897416 0.038869
vn -0.371733 0.926590 0.056975
vn -0.183104 0.982696 0.027963
vn -0.439469 0.897416 0.038869
vn -0.183104 0.982696 0.027963
vn -0.221677 0.974924 0.019544
vn -0.371733 0.926590 0.056975
vn -0.273111 0.959243 0.072548
vn -0.131025 0.990773 0.034661
vn -0.371733 0.926590 0.056975
vn -0.131025 0.990773 0.034661
vn -0.183104 0.982696 0.027963
vn -0.273111 0.959243 0.072548
vn -0.145700 0.985804 0.083441
vn -0.068432 0.996893 0.039009
vn -0.273111 0.959243 0.072548
vn -0.068432 0.996893 0.039009
vn -0.131025 0.990773 0.034661
vn -0.145700 0.985804 0.083441
vn 0.000000 0.996173 0.087407
vn -0.000000 0.999179 0.040520
vn -0.145700 0.985804 0.083441
vn -0.000000 0.999179 0.040520
vn -0.068432 0.996893 0.039009
vn 0.000000 0.996173 0.087407
vn 0.145701 0.985804 0.083441
vn 0.068432 0.996893 0.039009
vn 0.000000 0.996173 0.087407
vn 0.068432 0.996893 0.039009
vn -0.000000 0.999179 0.040520
vn 0.145701 0.985804 0.083441
vn 0.273111 0.959243 0.072548
vn 0.131024 0.990773 0.034661
vn 0.145701 0.985804 0.083441
vn 0.131024 0.990773 0.034661
vn 0.068432 0.996893 0.039009
vn 0.273111 0.959243 0.072548
vn 0.371733 0.926590 0.056975
vn 0.183104 0.982696 0.027964
vn 0.273111 0.959243 0.072548
vn 0.183104 0.982696 0.027964
vn 0.131024 0.990773 0.034661
vn 0.371733 0.926590 0.056975
vn 0.439469 0.897416 0.038869
vn 0.221677 0.974924 0.019544
vn 0.371733 0.926590 0.056975
vn 0.221677 0.974924 0.019544
vn 0.183104 0.982696 0.027964
vn 0.439469 0.897416 0.038869
vn 0.478423 0.877910 0.019631
vn 0.245214 0.969417 0.010033
vn 0.439469 0.897416 0.038869
vn 0.245214 0.969417 0.010033
vn 0.221677 0.974924 0.019544
vn 0.478423 0.877910 0.019631
vn 0.491077 0.871116 0.000000
vn 0.253109 0.967438 0.000000
vn 0.478423 0.877910 0.019631
vn 0.253109 0.967438 0.000000
vn 0.245214 0.969417 0.010033
vn 0.491077 0.871116 0.000000
vn 0.478423 0.877910 -0.019632
vn 0.245214 0.969417 -0.010033
vn 0.491077 0.871116 0.000000
vn 0.245214 0.969417 -0.010033
vn 0.253109 0.967438 0.000000
vn 0.478423 0.877910 -0.019632
vn 0.439469 0.897416 -0.038869
vn 0.221677 0.974924 -0.019544
vn 0.478423 0.877910 -0.019632
vn 0.221677 0.974924 -0.019544
vn 0.245214 0.969417 -0.010033
vn 0.439469 0.897416 -0.038869
vn 0.371733 0.926590 -0.056975
vn 0.183104 0.982696 -0.027964
vn 0.439469 0.897416 -0.038869
vn 0.183104 0.982696 -0.027964
vn 0.221677 0.974924 -0.019544
vn 0.371733 0.926590 -0.056975
vn 0.273111 0.959243 -0.072548
vn 0.131024 0.990773 -0.034661
vn 0.371733 0.926590 -0.056975
vn 0.131024 0.990773 -0.034661
vn 0.183104 0.982696 -0.027964
vn 0.273111 0.959243 -0.072548
vn 0.145700 0.985804 -0.083441
vn 0.068432 0.996893 -0.039009
vn 0.273111 0.959243 -0.072548
vn 0.068432 0.996893 -0.039009
vn 0.131024 0.990773 -0.034661
vn 0.145700 0.985804 -0.083441
vn -0.000000 0.996173 -0.087407
vn -0.000000 0.999179 -0.040520
vn 0.145700 0.985804 -0.083441
vn -0.000000 0.999179 -0.040520
vn 0.068432 0.996893 -0.039009
vn -0.000000 0.996173 -0.087407
vn -0.145700 0.985804 -0.083441
vn -0.068432 0.996893 -0.039009
vn -0.000000 0.996173 -0.087407
vn -0.068432 0.996893 -0.039009
vn -0.000000 0.999179 -0.040520
vn -0.145700 0.985804 -0.083441
vn -0.273111 0.959243 -0.072548
vn -0.131025 0.990773 -0.034661
vn -0.145700 0.985804 -0.083441
vn -0.131025 0.990773 -0.034661
vn -0.068432 0.996893 -0.039009
vn -0.273111 0.959243 -0.072548
vn -0.371733 0.926590 -0.056975
vn -0.183104 0.982696 -0.027963
vn -0.273111 0.959243 -0.072548
vn -0.183104 0.982696 -0.027963
vn -0.131025 0.990773 -0.034661
vn -0.371733 0.926590 -0.056975
vn -0.439469 0.897416 -0.038869
vn -0.221677 0.974924 -0.019544
vn -0.371733 0.926590 -0.056975
vn -0.221677 0.974924 -0.019544
vn -0.183104 0.982696 -0.027963
vn -0.439469 0.897416 -0.038869
vn -0.478423 0.877910 -0.019632
vn -0.245214 0.969417 -0.010033
vn -0.439469 0.897416 -0.038869
vn -0.245214 0.969417 -0.010033
vn -0.221677 0.974924 -0.019544
vn -0.478423 0.877910 -0.019632
vn -0.491077 0.871116 0.000000
vn -0.253109 0.967438 0.000000
vn -0.478423 0.877910 -0.019632
vn -0.253109 0.967438 0.000000
vn -0.245214 0.969417 -0.010033
vn -0.253109 0.967438 0.000000
vn -0.245214 0.969417 0.010033
vn -0.000000 1.000000 0.000000
vn -0.245214 0.969417 0.010033
vn -0.221677 0.974924 0.019544
vn -0.000000 1.000000 0.000000
vn -0.221677 0.974924 0.019544
vn -0.183104 0.982696 0.027963
vn -0.000000 1.000000 0.000000
vn -0.183104 0.982696 0.027963
vn -0.131025 0.990773 0.034661
vn -0.000000 1.000000 0.000000
vn -0.131025 0.990773 0.034661
vn -0.068432 0.996893 0.039009
vn -0.000000 1.000000 0.000000
vn -0.068432 0.996893 0.039009
vn -0.000000 0.999179 0.040520
vn -0.000000 1.000000 0.000000
vn -0.000000 0.999179 0.040520
vn 0.068432 0.996893 0.039009
vn -0.000000 1.000000 0.000000
vn 0.068432 0.996893 0.039009
vn 0.131024 0.990773 0.034661
vn -0.000000 1.000000 0.000000
vn 0.131024 0.990773 0.034661
vn 0.183104 0.982696 0.027964
vn -0.000000 1.000000 0.000000
vn 0.183104 0.982696 0.027964
vn 0.221677 0.974924 0.019544
vn -0.000000 1.000000 0.000000
vn 0.221677 0.974924 0.019544
vn 0.245214 0.969417 0.010033
vn -0.000000 1.000000 0.000000
vn 0.245214 0.969417 0.010033
vn 0.253109 0.967438 0.000000
vn -0.000000 1.000000 0.000000
vn 0.253109 0.967438 0.000000
vn 0.245214 0.969417 -0.010033
vn -0.000000 1.000000 0.000000
vn 0.245214 0.969417 -0.010033
vn 0.221677 0.974924 -0.019544
vn -0.000000 1.000000 0.000000
vn 0.221677 0.974924 -0.019544
vn 0.183104 0.982696 -0.027964
vn -0.000000 1.000000 0.000000
vn 0.183104 0.982696 -0.027964
vn 0.131024 0.990773 -0.034661
vn -0.000000 1.000000 0.000000
vn 0.131024 0.990773 -0.034661
vn 0.068432 0.996893 -0.039009
vn -0.000000 1.000000 0.000000
vn 0.068432 0.996893 -0.039009
vn -0.000000 0.999179 -0.040520
vn -0.000000 1.000000 0.000000
vn -0.000000 0.999179 -0.040520
vn -0.068432 0.996893 -0.039009
vn -0.000000 1.000000 0.000000
vn -0.068432 0.996893 -0.039009
vn -0.131025 0.990773 -0.034661
vn -0.000000 1.000000 0.000000
vn -0.131025 0.990773 -0.034661
vn -0.183104 0.982696 -0.027963
vn -0.000000 1.000000 0.000000
vn -0.183104 0.982696 -0.027963
vn -0.221677 0.974924 -0.019544
vn -0.000000 1.000000 0.000000
vn -0.221677 0.974924 -0.019544
vn -0.245214 0.969417 -0.010033
vn -0.000000 1.000000 0.000000
vn -0.245214 0.969417 -0.010033
vn -0.253109 0.967438 0.000000
vn -0.000000 1.000000 0.000000
vn -0.245902 -0.968959 0.025504
vn -0.205449 -0.977630 0.045051
vn -0.205449 -0.977630 0.045051
vn -0.245902 -0.968959 0.025504
vn -0.205449 -0.977630 0.045051
vn -0.205449 -0.977630 0.045051
vn -0.245902 -0.968959 0.025504
vn -0.205449 -0.977630 0.045051
vn -0.205449 -0.977630 0.045051
vn -0.245902 -0.968959 0.025504
vn -0.205449 -0.977630 0.045051
vn -0.205449 -0.977630 0.045051
vn -0.245902 -0.968959 0.025504
vn -0.205449 -0.977630 0.045051
vn -0.205449 -0.977630 0.045051
vn -0.245902 -0.968959 0.025504
vn -0.205449 -0.977630 0.045051
vn -0.403928 -0.914020 0.037550
vn 0.404010 0.912167 -0.068758
vn 0.187424 0.977647 -0.095279
vn 0.372345 0.920965 -0.114813
vn 0.372345 0.920965 -0.114813
vn 0.187424 0.977647 -0.095279
vn 0.166395 0.975722 -0.142403
vn 0.372345 0.920965 -0.114813
vn 0.166395 0.975722 -0.142403
vn 0.227177 0.952385 -0.203356
vn 0.372345 0.920965 -0.114813
vn 0.227177 0.952385 -0.203356
vn 0.325566 0.920935 -0.214208
vn -0.574535 -0.815551 0.069183
vn -0.574535 -0.815551 0.069183
vn -0.574535 -0.815551 0.069183
vn -0.574535 -0.815551 0.069183
vn -0.574535 -0.815551 0.069183
vn -0.574535 -0.815551 0.069183
vn -0.574535 -0.815551 0.069183
vn -0.574535 -0.815551 0.069183
vn -0.574535 -0.815551 0.069183
vn -0.574535 -0.815551 0.069183
vn -0.574535 -0.815551 0.069183
vn -0.728092 -0.682430 0.064583
vn -0.574535 -0.815551 0.069183
vn -0.728092 -0.682430 0.064583
vn -0.403928 -0.914020 0.037550
vn 0.727756 0.678213 -0.101977
vn 0.582666 0.808079 -0.086652
vn 0.404010 0.912167 -0.068758
vn 0.727756 0.678213 -0.101977
vn 0.404010 0.912167 -0.068758
vn 0.372345 0.920965 -0.114813
vn 0.727756 0.678213 -0.101977
vn 0.372345 0.920965 -0.114813
vn 0.692216 0.707446 -0.142678
vn -0.843390 -0.530852 0.082999
vn -0.843390 -0.530852 0.082999
vn -0.843390 -0.530852 0.082999
vn -0.843390 -0.530852 0.082999
vn -0.843390 -0.530852 0.082999
vn -0.929380 -0.360354 0.079982
vn -0.843390 -0.530852 0.082999
vn -0.929380 -0.360354 0.079982
vn -0.728092 -0.682430 0.064583
vn 0.926077 0.357043 -0.122077
vn 0.845081 0.522471 -0.113412
vn 0.727756 0.678213 -0.101977
vn 0.926077 0.357043 -0.122077
vn 0.727756 0.678213 -0.101977
vn 0.692216 0.707446 -0.142678
vn 0.926077 0.357043 -0.122077
vn 0.692216 0.707446 -0.142678
vn 0.911130 0.383709 -0.150367
vn -0.929380 -0.360354 0.079982
vn -0.979070 -0.183700 0.087616
vn -0.979070 -0.183700 0.087616
vn -0.929380 -0.360354 0.079982
vn -0.979070 -0.183700 0.087616
vn -0.979070 -0.183700 0.087616
vn -0.929380 -0.360354 0.079982
vn -0.979070 -0.183700 0.087616
vn -0.979070 -0.183700 0.087616
vn -0.929380 -0.360354 0.079982
vn -0.979070 -0.183700 0.087616
vn -0.996298 -0.000015 0.085967
vn 0.991686 0.000000 -0.128681
vn 0.975584 0.179474 -0.126592
vn 0.926077 0.357043 -0.122077
vn 0.991686 0.000000 -0.128681
vn 0.926077 0.357043 -0.122077
vn 0.911130 0.383709 -0.150367
vn 0.991686 0.000000 -0.128681
vn 0.911130 0.383709 -0.150367
vn 0.991430 -0.005179 -0.130538
vn -0.996298 -0.000015 0.085967
vn -0.978631 0.183639 0.092508
vn -0.978631 0.183639 0.092508
vn -0.996298 -0.000015 0.085967
vn -0.978631 0.183639 0.092508
vn -0.978631 0.183639 0.092508
vn -0.996298 -0.000015 0.085967
vn -0.978631 0.183639 0.092508
vn -0.928797 0.360811 0.084564
vn 0.919743 -0.382259 -0.089161
vn 0.926077 -0.357043 -0.122076
vn 0.991686 0.000000 -0.128681
vn 0.919743 -0.382259 -0.089161
vn 0.991686 0.000000 -0.128681
vn 0.991430 -0.005179 -0.130538
vn -0.928797 0.360811 0.084564
vn -0.840968 0.532489 0.096066
vn -0.840968 0.532489 0.096066
vn -0.928797 0.360811 0.084564
vn -0.840968 0.532489 0.096066
vn -0.840968 0.532489 0.096066
vn -0.928797 0.360811 0.084564
vn -0.840968 0.532489 0.096066
vn -0.840968 0.532489 0.096066
vn -0.928797 0.360811 0.084564
vn -0.840968 0.532489 0.096066
vn -0.726637 0.683175 0.072605
vn 0.719577 -0.693313 -0.039069
vn 0.727756 -0.678212 -0.101977
vn 0.845081 -0.522472 -0.113410
vn 0.719577 -0.693313 -0.039069
vn 0.845081 -0.522472 -0.113410
vn 0.926077 -0.357043 -0.122076
vn 0.719577 -0.693313 -0.039069
vn 0.926077 -0.357043 -0.122076
vn 0.919743 -0.382259 -0.089161
vn -0.726637 0.683175 0.072605
vn -0.570796 0.816412 0.087540
vn -0.570796 0.816412 0.087540
vn -0.726637 0.683175 0.072605
vn -0.570796 0.816412 0.087540
vn -0.570796 0.816412 0.087540
vn -0.726637 0.683175 0.072605
vn -0.570796 0.816412 0.087540
vn -0.570796 0.816412 0.087540
vn -0.726637 0.683175 0.072605
vn -0.570796 0.816412 0.087540
vn -0.570796 0.816412 0.087540
vn -0.726637 0.683175 0.072605
vn -0.570796 0.816412 0.087540
vn -0.401249 0.914763 0.046994
vn 0.406157 -0.913698 0.013895
vn 0.404012 -0.912166 -0.068758
vn 0.582667 -0.808078 -0.086653
vn 0.406157 -0.913698 0.013895
vn 0.582667 -0.808078 -0.086653
vn 0.727756 -0.678212 -0.101977
vn 0.406157 -0.913698 0.013895
vn 0.727756 -0.678212 -0.101977
vn 0.719577 -0.693313 -0.039069
vn -0.401249 0.914763 0.046994
vn -0.198026 0.978132 0.063590
vn -0.198026 0.978132 0.063590
vn -0.401249 0.914763 0.046994
vn -0.198026 0.978132 0.063590
vn -0.198026 0.978132 0.063590
vn -0.401249 0.914763 0.046994
vn -0.198026 0.978132 0.063590
vn -0.198026 0.978132 0.063590
vn -0.401249 0.914763 0.046994
vn -0.198026 0.978132 0.063590
vn -0.198026 0.978132 0.063590
vn -0.401249 0.914763 0.046994
vn -0.198026 0.978132 0.063590
vn -0.198026 0.978132 0.063590
vn -0.401249 0.914763 0.046994
vn -0.198026 0.978132 0.063590
vn -0.198026 0.978132 0.063590
vn -0.401249 0.914763 0.046994
vn -0.198026 0.978132 0.063590
vn -0.198026 0.978132 0.063590
vn -0.401249 0.914763 0.046994
vn -0.198026 0.978132 0.063590
vn 0.012634 0.992874 0.118497
vn -0.401249 0.914763 0.046994
vn 0.012634 0.992874 0.118497
vn 0.001007 0.999968 0.007893
vn -0.170410 0.962639 0.210443
vn -0.170410 0.962639 0.210443
vn 0.020397 0.980785 0.194021
vn -0.170410 0.962639 0.210443
vn 0.020397 0.980785 0.194021
vn 0.012634 0.992874 0.118497
vn 0.006709 -0.997964 0.063420
vn -0.002775 -0.999649 -0.026359
vn 0.404012 -0.912166 -0.068758
vn 0.006709 -0.997964 0.063420
vn 0.404012 -0.912166 -0.068758
vn 0.406157 -0.913698 0.013895
vn 0.001007 0.999968 0.007893
vn 0.012634 0.992874 0.118497
vn 0.207379 0.978080 0.018793
vn 0.001007 0.999968 0.007893
vn 0.207379 0.978080 0.018793
vn 0.207379 0.978080 0.018793
vn 0.001007 0.999968 0.007893
vn 0.207379 0.978080 0.018793
vn 0.207379 0.978080 0.018793
vn 0.001007 0.999968 0.007893
vn 0.207379 0.978080 0.018793
vn 0.207379 0.978080 0.018793
vn 0.001007 0.999968 0.007893
vn 0.207379 0.978080 0.018793
vn 0.207379 0.978080 0.018793
vn 0.001007 0.999968 0.007893
vn 0.207379 0.978080 0.018793
vn 0.389295 0.918059 0.074944
vn 0.001007 0.999968 0.007893
vn 0.389295 0.918059 0.074944
vn 0.393403 0.918623 -0.036964
vn 0.210451 0.962636 0.170416
vn 0.393670 0.906126 0.154787
vn 0.389295 0.918059 0.074944
vn 0.020397 0.980785 0.194021
vn 0.210451 0.962636 0.170416
vn 0.210451 0.962636 0.170416
vn 0.020397 0.980785 0.194021
vn 0.210451 0.962636 0.170416
vn 0.210451 0.962636 0.170416
vn 0.020397 0.980785 0.194021
vn 0.210451 0.962636 0.170416
vn 0.012634 0.992874 0.118497
vn -0.202745 -0.975622 0.084002
vn -0.002775 -0.999649 -0.026359
vn 0.006709 -0.997964 0.063420
vn -0.364017 -0.908864 0.203611
vn -0.190530 -0.966679 0.170969
vn -0.190530 -0.966679 0.170969
vn -0.364017 -0.908864 0.203611
vn -0.190530 -0.966679 0.170969
vn -0.202745 -0.975622 0.084002
vn -0.364017 -0.908864 0.203611
vn -0.202745 -0.975622 0.084002
vn 0.006709 -0.997964 0.063420
vn -0.364017 -0.908864 0.203611
vn 0.006709 -0.997964 0.063420
vn 0.018970 -0.983473 0.180058
vn 0.393403 0.918623 -0.036964
vn 0.563907 0.823803 -0.057946
vn 0.582666 0.808079 -0.086652
vn 0.393403 0.918623 -0.036964
vn 0.582666 0.808079 -0.086652
vn 0.582666 0.808079 -0.086652
vn 0.393403 0.918623 -0.036964
vn 0.582666 0.808079 -0.086652
vn 0.582666 0.808079 -0.086652
vn 0.393403 0.918623 -0.036964
vn 0.582666 0.808079 -0.086652
vn 0.727756 0.678213 -0.101977
vn 0.393403 0.918623 -0.036964
vn 0.727756 0.678213 -0.101977
vn 0.715015 0.678647 -0.167904
vn 0.393403 0.918623 -0.036964
vn 0.715015 0.678647 -0.167904
vn 0.396482 0.904645 -0.156269
vn 0.389295 0.918059 0.074944
vn 0.544343 0.838356 -0.029157
vn 0.544343 0.838356 -0.029157
vn 0.389295 0.918059 0.074944
vn 0.544343 0.838356 -0.029157
vn 0.544343 0.838356 -0.029157
vn 0.389295 0.918059 0.074944
vn 0.544343 0.838356 -0.029157
vn 0.563907 0.823803 -0.057946
vn 0.389295 0.918059 0.074944
vn 0.563907 0.823803 -0.057946
vn 0.393403 0.918623 -0.036964
vn 0.393670 0.906126 0.154787
vn 0.562320 0.816084 0.133430
vn 0.389295 0.918059 0.074944
vn -0.658407 -0.727600 0.192613
vn -0.541805 -0.821082 0.179644
vn -0.541805 -0.821082 0.179644
vn -0.658407 -0.727600 0.192613
vn -0.541805 -0.821082 0.179644
vn -0.541805 -0.821082 0.179644
vn -0.658407 -0.727600 0.192613
vn -0.541805 -0.821082 0.179644
vn -0.364017 -0.908864 0.203611
vn 0.715015 0.678647 -0.167904
vn 0.814796 0.538075 -0.215833
vn 0.814796 0.538075 -0.215833
vn 0.715015 0.678647 -0.167904
vn 0.814796 0.538075 -0.215833
vn 0.814796 0.538075 -0.215833
vn 0.715015 0.678647 -0.167904
vn 0.814796 0.538075 -0.215833
vn 0.814796 0.538075 -0.215833
vn 0.715015 0.678647 -0.167904
vn 0.814796 0.538075 -0.215833
vn 0.886494 0.404989 -0.223856
vn 0.715015 0.678647 -0.167904
vn 0.886494 0.404989 -0.223856
vn 0.658596 0.702233 -0.270406
vn 0.727756 0.678213 -0.101977
vn 0.845081 0.522471 -0.113412
vn 0.845081 0.522471 -0.113412
vn 0.727756 0.678213 -0.101977
vn 0.845081 0.522471 -0.113412
vn 0.715015 0.678647 -0.167904
vn -0.877309 -0.455636 0.150746
vn -0.789515 -0.592349 0.160592
vn -0.789515 -0.592349 0.160592
vn -0.877309 -0.455636 0.150746
vn -0.789515 -0.592349 0.160592
vn -0.789515 -0.592349 0.160592
vn -0.877309 -0.455636 0.150746
vn -0.789515 -0.592349 0.160592
vn -0.789515 -0.592349 0.160592
vn -0.877309 -0.455636 0.150746
vn -0.789515 -0.592349 0.160592
vn -0.658407 -0.727600 0.192613
vn 0.962801 0.213552 -0.165561
vn 0.962801 0.213552 -0.165561
vn 0.962801 0.213552 -0.165561
vn 0.962801 0.213552 -0.165561
vn 0.962801 0.213552 -0.165561
vn 0.988604 -0.048278 -0.142591
vn 0.962801 0.213552 -0.165561
vn 0.988604 -0.048278 -0.142591
vn 0.886494 0.404989 -0.223856
vn -0.877309 -0.455636 0.150746
vn -0.996683 -0.038435 0.071731
vn -0.961981 -0.249532 0.111021
vn -0.877309 -0.455636 0.150746
vn -0.961981 -0.249532 0.111021
vn -0.961981 -0.249532 0.111021
vn 0.957889 -0.266573 -0.106710
vn 0.957889 -0.266573 -0.106710
vn 0.957889 -0.266573 -0.106710
vn 0.957889 -0.266573 -0.106710
vn 0.957889 -0.266573 -0.106710
vn 0.957889 -0.266573 -0.106710
vn 0.957889 -0.266573 -0.106710
vn 0.957889 -0.266573 -0.106710
vn 0.862644 -0.502762 -0.055466
vn 0.957889 -0.266573 -0.106710
vn 0.862644 -0.502762 -0.055466
vn 0.988604 -0.048278 -0.142591
vn -0.905096 0.424609 -0.022555
vn -0.974835 0.219485 0.039019
vn -0.974835 0.219485 0.039019
vn -0.905096 0.424609 -0.022555
vn -0.974835 0.219485 0.039019
vn -0.974835 0.219485 0.039019
vn -0.905096 0.424609 -0.022555
vn -0.974835 0.219485 0.039019
vn -0.996683 -0.038435 0.071731
vn 0.862644 -0.502762 -0.055466
vn 0.776873 -0.625886 -0.068816
vn 0.776873 -0.625886 -0.068816
vn 0.862644 -0.502762 -0.055466
vn 0.776873 -0.625886 -0.068816
vn 0.776873 -0.625886 -0.068816
vn 0.862644 -0.502762 -0.055466
vn 0.776873 -0.625886 -0.068816
vn 0.776873 -0.625886 -0.068816
vn 0.862644 -0.502762 -0.055466
vn 0.776873 -0.625886 -0.068816
vn 0.694659 -0.715150 -0.077523
vn 0.862644 -0.502762 -0.055466
vn 0.694659 -0.715150 -0.077523
vn 0.620822 -0.783951 -0.000753
vn 0.845081 -0.522472 -0.113410
vn 0.727756 -0.678212 -0.101977
vn 0.694659 -0.715150 -0.077523
vn -0.784801 0.619285 -0.023941
vn -0.905096 0.424609 -0.022555
vn -0.659176 0.746165 -0.093407
vn -0.784801 0.619285 -0.023941
vn -0.659176 0.746165 -0.093407
vn -0.784801 0.619285 -0.023941
vn 0.694659 -0.715150 -0.077523
vn 0.727756 -0.678212 -0.101977
vn 0.582667 -0.808078 -0.086653
vn 0.694659 -0.715150 -0.077523
vn 0.582667 -0.808078 -0.086653
vn 0.582667 -0.808078 -0.086653
vn 0.694659 -0.715150 -0.077523
vn 0.582667 -0.808078 -0.086653
vn 0.404012 -0.912166 -0.068758
vn 0.694659 -0.715150 -0.077523
vn 0.404012 -0.912166 -0.068758
vn 0.380685 -0.923602 -0.045147
vn -0.515244 0.854330 -0.068141
vn -0.515244 0.854330 -0.068141
vn -0.515244 0.854330 -0.068141
vn -0.515244 0.854330 -0.068141
vn -0.515244 0.854330 -0.068141
vn -0.659176 0.746165 -0.093407
vn -0.515244 0.854330 -0.068141
vn -0.659176 0.746165 -0.093407
vn -0.359172 0.922300 -0.142680
vn 0.380685 -0.923602 -0.045147
vn 0.404012 -0.912166 -0.068758
vn 0.210794 -0.977293 -0.021549
vn 0.380685 -0.923602 -0.045147
vn 0.210794 -0.977293 -0.021549
vn 0.247119 -0.968628 -0.026314
vn 0.380685 -0.923602 -0.045147
vn 0.247119 -0.968628 -0.026314
vn 0.244999 -0.968970 -0.032754
vn 0.210794 -0.977293 -0.021549
vn 0.213487 -0.976934 0.004818
vn 0.213487 -0.976934 0.004818
vn 0.210794 -0.977293 -0.021549
vn 0.213487 -0.976934 0.004818
vn 0.775957 -0.627526 -0.064048
vn 0.210794 -0.977293 -0.021549
vn 0.775957 -0.627526 -0.064048
vn 0.247119 -0.968628 -0.026314
vn -0.771604 0.636103 -0.000263
vn -0.189658 0.976227 -0.104932
vn -0.189658 0.976227 -0.104932
vn -0.771604 0.636103 -0.000263
vn -0.189658 0.976227 -0.104932
vn -0.359172 0.922300 -0.142680
vn -0.771604 0.636103 -0.000263
vn -0.359172 0.922300 -0.142680
vn -0.263247 0.952699 -0.151870
vn 0.994522 0.000001 -0.104528
vn 0.994522 0.000001 -0.104528
vn 0.994522 0.000001 -0.104528
vn 0.994522 0.000001 -0.104528
vn 0.994522 0.000001 -0.104528
vn 0.994522 0.000001 -0.104528
vn 0.994522 0.000001 -0.104528
vn 0.994522 0.000001 -0.104528
vn 0.994522 0.000001 -0.104528
vn 0.994522 0.000001 -0.104528
vn 0.994522 0.000001 -0.104528
vn 0.775957 -0.627526 -0.064048
vn 0.994522 0.000001 -0.104528
vn 0.775957 -0.627526 -0.064048
vn 0.585706 -0.808221 -0.061059
vn 0.994522 0.000001 -0.104528
vn 0.585706 -0.808221 -0.061059
vn 0.574594 -0.815750 -0.066289
vn 0.994522 0.000001 -0.104528
vn 0.574594 -0.815750 -0.066289
vn 0.560145 -0.828393 -0.001601
vn 0.994522 0.000001 -0.104528
vn 0.560145 -0.828393 -0.001601
vn 0.981547 -0.019798 -0.190192
vn 0.994522 0.000001 -0.104528
vn 0.981547 -0.019798 -0.190192
vn 0.548378 0.809382 -0.210196
vn -0.999641 -0.019799 0.018039
vn -0.548237 -0.828394 0.114895
vn -0.575819 -0.815750 0.054624
vn -0.999641 -0.019799 0.018039
vn -0.575819 -0.815750 0.054624
vn -0.584880 -0.808868 0.060402
vn -0.999641 -0.019799 0.018039
vn -0.584880 -0.808868 0.060402
vn -0.994522 -0.000001 0.104528
vn -0.999641 -0.019799 0.018039
vn -0.994522 -0.000001 0.104528
vn -0.994522 -0.000001 0.104528
vn -0.999641 -0.019799 0.018039
vn -0.994522 -0.000001 0.104528
vn -0.994522 -0.000001 0.104528
vn -0.999641 -0.019799 0.018039
vn -0.994522 -0.000001 0.104528
vn -0.994522 -0.000001 0.104528
vn -0.999641 -0.019799 0.018039
vn -0.994522 -0.000001 0.104528
vn -0.994522 -0.000001 0.104528
vn -0.999641 -0.019799 0.018039
vn -0.994522 -0.000001 0.104528
vn -0.771604 0.636103 -0.000263
vn -0.999641 -0.019799 0.018039
vn -0.771604 0.636103 -0.000263
vn -0.579239 0.809980 -0.091732
vn -0.439469 0.897416 -0.038869
vn -0.542728 0.838531 -0.048077
vn -0.571765 0.819623 -0.036097
vn -0.439469 0.897416 -0.038869
vn -0.571765 0.819623 -0.036097
vn -0.673243 0.738199 -0.042503
vn -0.439469 0.897416 -0.038869
vn -0.673243 0.738199 -0.042503
vn -0.686068 0.726988 -0.028268
vn -0.439469 0.897416 -0.038869
vn -0.686068 0.726988 -0.028268
vn -0.478423 0.877910 -0.019632
vn -0.439469 0.897416 -0.038869
vn -0.371733 0.926590 -0.056975
vn -0.465307 0.882261 -0.071444
vn -0.439469 0.897416 -0.038869
vn -0.465307 0.882261 -0.071444
vn -0.542728 0.838531 -0.048077
vn -0.371733 0.926590 -0.056975
vn -0.273111 0.959243 -0.072548
vn -0.347167 0.933239 -0.092406
vn -0.371733 0.926590 -0.056975
vn -0.347167 0.933239 -0.092406
vn -0.465307 0.882261 -0.071444
vn -0.273111 0.959243 -0.072548
vn -0.145700 0.985804 -0.083441
vn -0.187585 0.976330 -0.107668
vn -0.273111 0.959243 -0.072548
vn -0.187585 0.976330 -0.107668
vn -0.347167 0.933239 -0.092406
vn -0.187585 0.976330 -0.107668
vn -0.145700 0.985804 -0.083441
vn -0.000000 0.996173 -0.087407
vn -0.187585 0.976330 -0.107668
vn -0.000000 0.996173 -0.087407
vn 0.000001 0.993553 -0.113365
vn 0.000001 0.993553 -0.113365
vn -0.000000 0.996173 -0.087407
vn 0.145700 0.985804 -0.083441
vn 0.000001 0.993553 -0.113365
vn 0.145700 0.985804 -0.083441
vn 0.187586 0.976329 -0.107669
vn 0.187586 0.976329 -0.107669
vn 0.145700 0.985804 -0.083441
vn 0.273111 0.959243 -0.072548
vn 0.187586 0.976329 -0.107669
vn 0.273111 0.959243 -0.072548
vn 0.347167 0.933240 -0.092406
vn 0.567996 0.818356 -0.087599
vn 0.517055 0.849768 -0.102704
vn 0.347167 0.933240 -0.092406
vn 0.567996 0.818356 -0.087599
vn 0.347167 0.933240 -0.092406
vn 0.273111 0.959243 -0.072548
vn 0.567996 0.818356 -0.087599
vn 0.273111 0.959243 -0.072548
vn 0.371733 0.926590 -0.056975
vn -0.698623 0.715490 0.000000
vn -0.686068 0.726988 -0.028268
vn -0.774824 0.631367 -0.031988
vn -0.698623 0.715490 0.000000
vn -0.774824 0.631367 -0.031988
vn -0.786014 0.618208 0.000000
vn -0.673243 0.738199 -0.042503
vn -0.774824 0.631367 -0.031988
vn -0.686068 0.726988 -0.028268
vn 0.662297 0.742202 -0.102462
vn 0.517055 0.849768 -0.102704
vn 0.567996 0.818356 -0.087599
vn 0.824055 0.561703 -0.073640
vn 0.803032 0.588489 -0.093917
vn 0.662297 0.742202 -0.102462
vn 0.824055 0.561703 -0.073640
vn 0.662297 0.742202 -0.102462
vn 0.567996 0.818356 -0.087599
vn 0.824055 0.561703 -0.073640
vn 0.567996 0.818356 -0.087599
vn 0.645529 0.761578 -0.057369
vn -0.686068 0.726988 0.028268
vn -0.698623 0.715490 0.000000
vn -0.786014 0.618208 0.000000
vn -0.686068 0.726988 0.028268
vn -0.786014 0.618208 0.000000
vn -0.860657 0.508892 0.017270
vn -0.686068 0.726988 0.028268
vn -0.860657 0.508892 0.017270
vn -0.852449 0.521620 0.035274
vn 0.894228 0.440382 -0.080118
vn 0.803032 0.588489 -0.093917
vn 0.824055 0.561703 -0.073640
vn 0.957713 0.281299 -0.060463
vn 0.894228 0.440382 -0.080118
vn 0.824055 0.561703 -0.073640
vn 0.957713 0.281299 -0.060463
vn 0.824055 0.561703 -0.073640
vn 0.852449 0.521620 -0.035274
vn 0.957713 0.281299 -0.060463
vn 0.852449 0.521620 -0.035274
vn 0.961185 0.273005 -0.039904
vn -0.852449 0.521620 0.035274
vn -0.914659 0.402445 0.037922
vn -0.957712 0.281303 0.060464
vn -0.852449 0.521620 0.035274
vn -0.957712 0.281303 0.060464
vn -0.949910 0.300664 0.085274
vn -0.852449 0.521620 0.035274
vn -0.949910 0.300664 0.085274
vn -0.824055 0.561703 0.073640
vn -0.860657 0.508892 0.017270
vn -0.920317 0.390737 0.018467
vn -0.914659 0.402445 0.037922
vn -0.860657 0.508892 0.017270
vn -0.914659 0.402445 0.037922
vn -0.852449 0.521620 0.035274
vn 0.999137 0.000000 -0.041530
vn 0.998013 0.000001 -0.063008
vn 0.987751 0.143038 -0.062360
vn 0.999137 0.000000 -0.041530
vn 0.987751 0.143038 -0.062360
vn 0.957713 0.281299 -0.060463
vn 0.999137 0.000000 -0.041530
vn 0.957713 0.281299 -0.060463
vn 0.961185 0.273005 -0.039904
vn -0.949910 0.300664 0.085274
vn -0.984071 0.154181 0.088499
vn -0.993230 0.000001 0.116161
vn -0.949910 0.300664 0.085274
vn -0.993230 0.000001 0.116161
vn -0.987845 -0.000000 0.155443
vn -0.949910 0.300664 0.085274
vn -0.987845 -0.000000 0.155443
vn -0.922862 0.356910 0.144710
vn -0.957712 0.281303 0.060464
vn -0.984071 0.154181 0.088499
vn -0.949910 0.300664 0.085274
vn 0.989521 -0.138404 -0.041130
vn 0.998013 0.000001 -0.063008
vn 0.999137 0.000000 -0.041530
vn 0.964350 -0.264631 0.000000
vn 0.964169 -0.264581 -0.019347
vn 0.989521 -0.138404 -0.041130
vn 0.964350 -0.264631 0.000000
vn 0.989521 -0.138404 -0.041130
vn 0.999137 0.000000 -0.041530
vn 0.964350 -0.264631 0.000000
vn 0.999137 0.000000 -0.041530
vn 1.000000 -0.000000 -0.000000
vn -0.962907 -0.000000 0.269835
vn -0.929181 -0.262340 0.260384
vn -0.795552 -0.530475 0.292736
vn -0.962907 -0.000000 0.269835
vn -0.795552 -0.530475 0.292736
vn -0.630099 -0.662622 0.404855
vn -0.962907 -0.000000 0.269835
vn -0.630099 -0.662622 0.404855
vn -0.831968 -0.000002 0.554824
vn -0.987845 -0.000000 0.155443
vn -0.970202 -0.188149 0.152667
vn -0.929181 -0.262340 0.260384
vn -0.987845 -0.000000 0.155443
vn -0.929181 -0.262340 0.260384
vn -0.962907 -0.000000 0.269835
vn -0.993230 0.000001 0.116161
vn -0.979585 -0.165191 0.114565
vn -0.970202 -0.188149 0.152667
vn -0.993230 0.000001 0.116161
vn -0.970202 -0.188149 0.152667
vn -0.987845 -0.000000 0.155443
vn 0.920474 -0.390805 0.000000
vn 0.964169 -0.264581 -0.019347
vn 0.964350 -0.264631 0.000000
vn 0.852448 -0.521620 0.035274
vn 0.860656 -0.508894 0.017270
vn 0.920316 -0.390739 0.018467
vn 0.852448 -0.521620 0.035274
vn 0.920316 -0.390739 0.018467
vn 0.920474 -0.390805 0.000000
vn 0.852448 -0.521620 0.035274
vn 0.920474 -0.390805 0.000000
vn 0.964350 -0.264631 0.000000
vn 0.852448 -0.521620 0.035274
vn 0.964350 -0.264631 0.000000
vn 0.961185 -0.273005 0.039904
vn 0.000000 -0.837403 0.546586
vn -0.000000 -0.941190 0.337878
vn 0.222184 -0.940462 0.257227
vn 0.000000 -0.837403 0.546586
vn 0.222184 -0.940462 0.257227
vn 0.391699 -0.889958 0.233552
vn 0.000000 -0.837403 0.546586
vn 0.391699 -0.889958 0.233552
vn 0.630099 -0.662622 0.404855
vn -0.630099 -0.662622 0.404855
vn -0.477459 -0.829801 0.288900
vn -0.000000 -0.941190 0.337878
vn -0.630099 -0.662622 0.404855
vn -0.000000 -0.941190 0.337878
vn 0.000000 -0.837403 0.546586
vn -0.795552 -0.530475 0.292736
vn -0.477459 -0.829801 0.288900
vn -0.630099 -0.662622 0.404855
vn 0.774824 -0.631367 0.031988
vn 0.860656 -0.508894 0.017270
vn 0.852448 -0.521620 0.035274
vn 0.737645 -0.671984 0.065711
vn 0.774824 -0.631367 0.031988
vn 0.852448 -0.521620 0.035274
vn 0.737645 -0.671984 0.065711
vn 0.852448 -0.521620 0.035274
vn 0.824055 -0.561703 0.073640
vn 0.662297 -0.742202 0.102461
vn 0.737645 -0.671984 0.065711
vn 0.824055 -0.561703 0.073640
vn 0.662297 -0.742202 0.102461
vn 0.824055 -0.561703 0.073640
vn 0.762979 -0.635438 0.118667
vn 0.638475 -0.749791 0.173672
vn 0.525700 -0.838829 0.141442
vn 0.610820 -0.782418 0.121329
vn 0.638475 -0.749791 0.173672
vn 0.610820 -0.782418 0.121329
vn 0.662297 -0.742202 0.102461
vn 0.638475 -0.749791 0.173672
vn 0.662297 -0.742202 0.102461
vn 0.762979 -0.635438 0.118667
vn 0.391699 -0.889958 0.233552
vn 0.301628 -0.937099 0.175686
vn 0.525700 -0.838829 0.141442
vn 0.391699 -0.889958 0.233552
vn 0.525700 -0.838829 0.141442
vn 0.638475 -0.749791 0.173672
vn 0.222184 -0.940462 0.257227
vn 0.301628 -0.937099 0.175686
vn 0.391699 -0.889958 0.233552
vn -0.145700 0.985804 0.083441
vn -0.075285 0.993346 0.087159
vn -0.053026 0.996704 0.061390
vn -0.145700 0.985804 0.083441
vn -0.053026 0.996704 0.061390
vn -0.053026 0.996704 0.061390
vn -0.145700 0.985804 0.083441
vn -0.053026 0.996704 0.061390
vn 0.000000 0.998109 0.061477
vn -0.145700 0.985804 0.083441
vn 0.000000 0.998109 0.061477
vn -0.000000 0.999179 0.040520
vn -0.145700 0.985804 0.083441
vn -0.000000 0.999179 0.040520
vn -0.068432 0.996893 0.039009
vn 0.103582 0.992865 0.059081
vn 0.068432 0.996893 0.039009
vn -0.000000 0.999179 0.040520
vn 0.103582 0.992865 0.059081
vn -0.000000 0.999179 0.040520
vn 0.000000 0.998109 0.061477
vn 0.068432 0.996893 0.039009
vn 0.103582 0.992865 0.059081
vn 0.153870 0.986468 0.056619
vn 0.068432 0.996893 0.039009
vn 0.153870 0.986468 0.056619
vn 0.153870 0.986468 0.056619
vn 0.068432 0.996893 0.039009
vn 0.153870 0.986468 0.056619
vn 0.131024 0.990773 0.034661
vn 0.183104 0.982696 0.027964
vn 0.131024 0.990773 0.034661
vn 0.240552 0.969460 0.047782
vn 0.183104 0.982696 0.027964
vn 0.240552 0.969460 0.047782
vn 0.240552 0.969460 0.047782
vn 0.221677 0.974924 0.019544
vn 0.183104 0.982696 0.027964
vn 0.307483 0.950874 0.035961
vn 0.221677 0.974924 0.019544
vn 0.307483 0.950874 0.035961
vn 0.307483 0.950874 0.035961
vn 0.245214 0.969417 0.010033
vn 0.221677 0.974924 0.019544
vn 0.352325 0.935613 0.022243
vn 0.245214 0.969417 0.010033
vn 0.352325 0.935613 0.022243
vn 0.352325 0.935613 0.022243
vn 0.245214 0.969417 0.010033
vn 0.352325 0.935613 0.022243
vn 0.352325 0.935613 0.022243
vn 0.245214 0.969417 0.010033
vn 0.352325 0.935613 0.022243
vn 0.478423 0.877910 0.019631
vn 0.686067 0.726989 -0.028267
vn 0.673243 0.738199 -0.042503
vn 0.571765 0.819623 -0.036097
vn 0.686067 0.726989 -0.028267
vn 0.571765 0.819623 -0.036097
vn 0.542728 0.838531 -0.048077
vn 0.686067 0.726989 -0.028267
vn 0.542728 0.838531 -0.048077
vn 0.439469 0.897416 -0.038869
vn 0.686067 0.726989 -0.028267
vn 0.439469 0.897416 -0.038869
vn 0.478423 0.877910 -0.019632
vn 0.465307 0.882261 -0.071444
vn 0.371733 0.926590 -0.056975
vn 0.439469 0.897416 -0.038869
vn 0.465307 0.882261 -0.071444
vn 0.439469 0.897416 -0.038869
vn 0.542728 0.838531 -0.048077
vn 0.347167 0.933240 -0.092406
vn 0.273111 0.959243 -0.072548
vn 0.371733 0.926590 -0.056975
vn 0.347167 0.933240 -0.092406
vn 0.371733 0.926590 -0.056975
vn 0.465307 0.882261 -0.071444
vn 0.187586 0.976329 -0.107669
vn 0.145700 0.985804 -0.083441
vn 0.273111 0.959243 -0.072548
vn 0.187586 0.976329 -0.107669
vn 0.273111 0.959243 -0.072548
vn 0.347167 0.933240 -0.092406
vn -0.000000 0.996173 -0.087407
vn 0.145700 0.985804 -0.083441
vn 0.187586 0.976329 -0.107669
vn -0.000000 0.996173 -0.087407
vn 0.187586 0.976329 -0.107669
vn 0.000001 0.993553 -0.113365
vn -0.145700 0.985804 -0.083441
vn -0.000000 0.996173 -0.087407
vn 0.000001 0.993553 -0.113365
vn -0.145700 0.985804 -0.083441
vn 0.000001 0.993553 -0.113365
vn -0.187585 0.976330 -0.107668
vn -0.273111 0.959243 -0.072548
vn -0.145700 0.985804 -0.083441
vn -0.187585 0.976330 -0.107668
vn -0.273111 0.959243 -0.072548
vn -0.187585 0.976330 -0.107668
vn -0.347167 0.933239 -0.092406
vn -0.273111 0.959243 -0.072548
vn -0.347167 0.933239 -0.092406
vn -0.517055 0.849768 -0.102704
vn -0.273111 0.959243 -0.072548
vn -0.517055 0.849768 -0.102704
vn -0.567996 0.818356 -0.087599
vn -0.273111 0.959243 -0.072548
vn -0.567996 0.818356 -0.087599
vn -0.371733 0.926590 -0.056975
vn -0.097455 0.988824 0.112825
vn -0.075285 0.993346 0.087159
vn -0.145700 0.985804 0.083441
vn -0.097455 0.988824 0.112825
vn -0.145700 0.985804 0.083441
vn -0.272441 0.953862 0.126184
vn 0.571765 0.819623 0.036097
vn 0.571765 0.819623 0.036097
vn 0.686069 0.726987 0.028268
vn 0.571765 0.819623 0.036097
vn 0.686069 0.726987 0.028268
vn 0.478423 0.877910 0.019631
vn 0.774824 0.631367 -0.031988
vn 0.686067 0.726989 -0.028267
vn 0.698622 0.715491 0.000000
vn 0.774824 0.631367 -0.031988
vn 0.698622 0.715491 0.000000
vn 0.786014 0.618208 0.000000
vn 0.774824 0.631367 -0.031988
vn 0.673243 0.738199 -0.042503
vn 0.686067 0.726989 -0.028267
vn -0.517055 0.849768 -0.102704
vn -0.662297 0.742202 -0.102462
vn -0.567996 0.818356 -0.087599
vn -0.567996 0.818356 -0.087599
vn -0.662297 0.742202 -0.102462
vn -0.803032 0.588489 -0.093917
vn -0.567996 0.818356 -0.087599
vn -0.803032 0.588489 -0.093917
vn -0.824055 0.561703 -0.073640
vn -0.567996 0.818356 -0.087599
vn -0.824055 0.561703 -0.073640
vn -0.645529 0.761578 -0.057369
vn 0.763305 0.644239 0.048188
vn 0.763305 0.644239 0.048188
vn 0.686069 0.726987 0.028268
vn 0.686069 0.726987 0.028268
vn 0.785917 0.618131 0.015770
vn 0.785917 0.618131 0.015770
vn 0.686069 0.726987 0.028268
vn 0.785917 0.618131 0.015770
vn 0.785917 0.618131 0.015770
vn 0.686069 0.726987 0.028268
vn 0.785917 0.618131 0.015770
vn 0.860657 0.508892 0.017270
vn 0.686069 0.726987 0.028268
vn 0.860657 0.508892 0.017270
vn 0.786014 0.618208 0.000000
vn 0.686069 0.726987 0.028268
vn 0.786014 0.618208 0.000000
vn 0.698622 0.715491 0.000000
vn -0.803032 0.588489 -0.093917
vn -0.894228 0.440382 -0.080118
vn -0.824055 0.561703 -0.073640
vn -0.852449 0.521620 -0.035274
vn -0.824055 0.561703 -0.073640
vn -0.894228 0.440382 -0.080118
vn -0.852449 0.521620 -0.035274
vn -0.894228 0.440382 -0.080118
vn -0.957713 0.281299 -0.060463
vn -0.852449 0.521620 -0.035274
vn -0.957713 0.281299 -0.060463
vn -0.961185 0.273005 -0.039904
vn 0.280158 0.903499 0.324348
vn 0.280158 0.903499 0.324348
vn 0.280158 0.903499 0.324348
vn 0.280158 0.903499 0.324348
vn 0.280158 0.903499 0.324348
vn 0.280158 0.903499 0.324348
vn 0.280158 0.903499 0.324348
vn 0.280158 0.903499 0.324348
vn 0.630098 0.662622 0.404856
vn 0.652979 0.718253 0.240274
vn 0.652979 0.718253 0.240274
vn 0.652979 0.718253 0.240274
vn 0.652979 0.718253 0.240274
vn 0.652979 0.718253 0.240274
vn 0.630098 0.662622 0.404856
vn 0.652979 0.718253 0.240274
vn 0.630098 0.662622 0.404856
vn 0.853587 0.463970 0.236897
vn 0.922865 0.356901 0.144711
vn 0.847023 0.514832 0.132285
vn 0.811753 0.561300 0.161241
vn 0.922865 0.356901 0.144711
vn 0.811753 0.561300 0.161241
vn 0.811753 0.561300 0.161241
vn 0.922865 0.356901 0.144711
vn 0.811753 0.561300 0.161241
vn 0.811753 0.561300 0.161241
vn 0.922865 0.356901 0.144711
vn 0.811753 0.561300 0.161241
vn 0.811753 0.561300 0.161241
vn 0.922865 0.356901 0.144711
vn 0.811753 0.561300 0.161241
vn 0.853587 0.463970 0.236897
vn 0.941089 0.319746 0.110065
vn 0.878700 0.466181 0.102768
vn 0.847023 0.514832 0.132285
vn 0.941089 0.319746 0.110065
vn 0.847023 0.514832 0.132285
vn 0.922865 0.356901 0.144711
vn 0.914657 0.402448 0.037922
vn 0.957713 0.281301 0.060463
vn 0.961185 0.273005 0.039904
vn 0.920316 0.390740 0.018467
vn 0.860657 0.508892 0.017270
vn 0.920316 0.390740 0.018467
vn 0.920316 0.390740 0.018467
vn 0.920316 0.390740 0.018467
vn 0.920316 0.390740 0.018467
vn 0.920316 0.390740 0.018467
vn 0.920316 0.390740 0.018467
vn 0.914657 0.402448 0.037922
vn 0.920316 0.390740 0.018467
vn 0.914657 0.402448 0.037922
vn 0.961185 0.273005 0.039904
vn 0.920316 0.390740 0.018467
vn 0.961185 0.273005 0.039904
vn 0.920316 0.390740 0.018467
vn -0.957713 0.281299 -0.060463
vn -0.987751 0.143038 -0.062360
vn -0.998013 0.000001 -0.063008
vn -0.957713 0.281299 -0.060463
vn -0.998013 0.000001 -0.063008
vn -0.999137 0.000000 -0.041530
vn -0.957713 0.281299 -0.060463
vn -0.999137 0.000000 -0.041530
vn -0.961185 0.273005 -0.039904
vn -0.543057 0.556621 0.628699
vn -0.543057 0.556621 0.628699
vn -0.543057 0.556621 0.628699
vn -0.543057 0.556621 0.628699
vn -0.543057 0.556621 0.628699
vn -0.724271 0.550423 0.415289
vn -0.543057 0.556621 0.628699
vn -0.724271 0.550423 0.415289
vn -0.831968 -0.000002 0.554824
vn 0.543050 0.556626 0.628701
vn 0.543050 0.556626 0.628701
vn 0.543050 0.556626 0.628701
vn 0.543050 0.556626 0.628701
vn 0.543050 0.556626 0.628701
vn 0.543050 0.556626 0.628701
vn 0.543050 0.556626 0.628701
vn 0.543050 0.556626 0.628701
vn 0.831967 -0.000000 0.554825
vn 0.543050 0.556626 0.628701
vn 0.831967 -0.000000 0.554825
vn 0.630098 0.662622 0.404856
vn 0.984072 0.154178 0.088499
vn 0.993230 -0.000001 0.116161
vn 0.995981 -0.000001 0.089570
vn 0.993230 -0.000001 0.116161
vn 0.979584 0.165193 0.114567
vn 0.941089 0.319746 0.110065
vn 0.993230 -0.000001 0.116161
vn 0.941089 0.319746 0.110065
vn 0.922865 0.356901 0.144711
vn 0.993230 -0.000001 0.116161
vn 0.922865 0.356901 0.144711
vn 0.987845 -0.000000 0.155443
vn 0.961185 0.273005 0.039904
vn 0.957713 0.281301 0.060463
vn 0.984072 0.154178 0.088499
vn 0.961185 0.273005 0.039904
vn 0.984072 0.154178 0.088499
vn 0.995981 -0.000001 0.089570
vn 0.961185 0.273005 0.039904
vn 0.995981 -0.000001 0.089570
vn 0.999137 -0.000001 0.041530
vn 0.990822 0.133704 0.019881
vn 0.990822 0.133704 0.019881
vn 0.961185 0.273005 0.039904
vn 0.990822 0.133704 0.019881
vn 0.961185 0.273005 0.039904
vn 0.999137 -0.000001 0.041530
vn -0.998013 0.000001 -0.063008
vn -0.989521 -0.138404 -0.041130
vn -0.999137 0.000000 -0.041530
vn -0.999137 0.000000 -0.041530
vn -0.989521 -0.138404 -0.041130
vn -0.964169 -0.264581 -0.019347
vn -0.999137 0.000000 -0.041530
vn -0.964169 -0.264581 -0.019347
vn -0.964350 -0.264631 0.000000
vn -0.999137 0.000000 -0.041530
vn -0.964350 -0.264631 0.000000
vn -1.000000 -0.000000 -0.000000
vn -0.543050 -0.556626 0.628701
vn -0.543050 -0.556626 0.628701
vn -0.543050 -0.556626 0.628701
vn -0.543050 -0.556626 0.628701
vn -0.543050 -0.556626 0.628701
vn -0.831968 -0.000002 0.554824
vn -0.543050 -0.556626 0.628701
vn -0.831968 -0.000002 0.554824
vn -0.630099 -0.662622 0.404855
vn 0.543052 -0.556626 0.628699
vn 0.543052 -0.556626 0.628699
vn 0.831967 -0.000000 0.554825
vn 0.831967 -0.000000 0.554825
vn 0.891712 -0.311749 0.328120
vn 0.891712 -0.311749 0.328120
vn 0.831967 -0.000000 0.554825
vn 0.891712 -0.311749 0.328120
vn 0.891712 -0.311749 0.328120
vn 0.831967 -0.000000 0.554825
vn 0.891712 -0.311749 0.328120
vn 0.795551 -0.530475 0.292736
vn 0.831967 -0.000000 0.554825
vn 0.795551 -0.530475 0.292736
vn 0.929181 -0.262340 0.260384
vn 0.831967 -0.000000 0.554825
vn 0.929181 -0.262340 0.260384
vn 0.962907 -0.000000 0.269835
vn 0.929181 -0.262340 0.260384
vn 0.970202 -0.188152 0.152667
vn 0.987845 -0.000000 0.155443
vn 0.929181 -0.262340 0.260384
vn 0.987845 -0.000000 0.155443
vn 0.962907 -0.000000 0.269835
vn 0.995981 -0.000001 0.089570
vn 0.993230 -0.000001 0.116161
vn 0.979584 -0.165196 0.114566
vn 0.995981 -0.000001 0.089570
vn 0.979584 -0.165196 0.114566
vn 0.979584 -0.165196 0.114566
vn 0.995981 -0.000001 0.089570
vn 0.979584 -0.165196 0.114566
vn 0.979584 -0.165196 0.114566
vn 0.995981 -0.000001 0.089570
vn 0.979584 -0.165196 0.114566
vn 0.941083 -0.319764 0.110063
vn 0.995981 -0.000001 0.089570
vn 0.941083 -0.319764 0.110063
vn 0.949910 -0.300665 0.085274
vn 0.979584 -0.165196 0.114566
vn 0.979584 -0.165196 0.114566
vn 0.993230 -0.000001 0.116161
vn 0.979584 -0.165196 0.114566
vn 0.993230 -0.000001 0.116161
vn 0.987845 -0.000000 0.155443
vn 0.979584 -0.165196 0.114566
vn 0.987845 -0.000000 0.155443
vn 0.970202 -0.188152 0.152667
vn 0.961185 -0.273005 0.039904
vn 0.990822 -0.133705 0.019882
vn 0.990822 -0.133705 0.019882
vn 0.961185 -0.273005 0.039904
vn 0.990822 -0.133705 0.019882
vn 0.990822 -0.133705 0.019882
vn 0.961185 -0.273005 0.039904
vn 0.990822 -0.133705 0.019882
vn 0.999137 -0.000001 0.041530
vn -0.964169 -0.264581 -0.019347
vn -0.920474 -0.390805 0.000000
vn -0.964350 -0.264631 0.000000
vn -0.964350 -0.264631 0.000000
vn -0.920474 -0.390805 0.000000
vn -0.920316 -0.390739 0.018467
vn -0.964350 -0.264631 0.000000
vn -0.920316 -0.390739 0.018467
vn -0.860656 -0.508894 0.017270
vn -0.964350 -0.264631 0.000000
vn -0.860656 -0.508894 0.017270
vn -0.852448 -0.521621 0.035274
vn -0.964350 -0.264631 0.000000
vn -0.852448 -0.521621 0.035274
vn -0.961185 -0.273005 0.039904
vn -0.000000 -0.941190 0.337878
vn -0.222180 -0.940463 0.257225
vn 0.000002 -0.964572 0.263820
vn -0.391699 -0.889958 0.233552
vn -0.280160 -0.903498 0.324347
vn -0.280160 -0.903498 0.324347
vn -0.391699 -0.889958 0.233552
vn -0.280160 -0.903498 0.324347
vn -0.630099 -0.662622 0.404855
vn -0.000000 -0.941190 0.337878
vn 0.000002 -0.964572 0.263820
vn 0.391699 -0.889958 0.233552
vn -0.000000 -0.941190 0.337878
vn 0.391699 -0.889958 0.233552
vn 0.477460 -0.829800 0.288900
vn 0.652979 -0.718252 0.240275
vn 0.795551 -0.530475 0.292736
vn 0.652979 -0.718252 0.240275
vn 0.638475 -0.749791 0.173672
vn 0.737556 -0.644310 0.202180
vn 0.652979 -0.718252 0.240275
vn 0.638475 -0.749791 0.173672
vn 0.652979 -0.718252 0.240275
vn 0.652979 -0.718252 0.240275
vn 0.638475 -0.749791 0.173672
vn 0.652979 -0.718252 0.240275
vn 0.477460 -0.829800 0.288900
vn 0.638475 -0.749791 0.173672
vn 0.477460 -0.829800 0.288900
vn 0.391699 -0.889958 0.233552
vn 0.847014 -0.514848 0.132283
vn 0.811752 -0.561302 0.161240
vn 0.811752 -0.561302 0.161240
vn 0.847014 -0.514848 0.132283
vn 0.811752 -0.561302 0.161240
vn 0.811752 -0.561302 0.161240
vn 0.847014 -0.514848 0.132283
vn 0.811752 -0.561302 0.161240
vn 0.737556 -0.644310 0.202180
vn 0.847014 -0.514848 0.132283
vn 0.737556 -0.644310 0.202180
vn 0.638475 -0.749791 0.173672
vn 0.847014 -0.514848 0.132283
vn 0.638475 -0.749791 0.173672
vn 0.762979 -0.635438 0.118667
vn 0.949910 -0.300665 0.085274
vn 0.941083 -0.319764 0.110063
vn 0.878685 -0.466211 0.102765
vn 0.949910 -0.300665 0.085274
vn 0.878685 -0.466211 0.102765
vn 0.847014 -0.514848 0.132283
vn 0.949910 -0.300665 0.085274
vn 0.847014 -0.514848 0.132283
vn 0.762979 -0.635438 0.118667
vn 0.949910 -0.300665 0.085274
vn 0.762979 -0.635438 0.118667
vn 0.824055 -0.561703 0.073640
vn 0.852448 -0.521620 0.035274
vn 0.920316 -0.390739 0.018467
vn 0.920316 -0.390739 0.018467
vn 0.852448 -0.521620 0.035274
vn 0.920316 -0.390739 0.018467
vn 0.920316 -0.390739 0.018467
vn 0.852448 -0.521620 0.035274
vn 0.920316 -0.390739 0.018467
vn 0.961185 -0.273005 0.039904
vn -0.860656 -0.508894 0.017270
vn -0.774824 -0.631367 0.031988
vn -0.852448 -0.521621 0.035274
vn -0.852448 -0.521621 0.035274
vn -0.774824 -0.631367 0.031988
vn -0.737645 -0.671984 0.065711
vn -0.852448 -0.521621 0.035274
vn -0.737645 -0.671984 0.065711
vn -0.824055 -0.561704 0.073640
vn -0.824055 -0.561704 0.073640
vn -0.737645 -0.671984 0.065711
vn -0.662297 -0.742202 0.102461
vn -0.824055 -0.561704 0.073640
vn -0.662297 -0.742202 0.102461
vn -0.762979 -0.635437 0.118667
vn -0.662297 -0.742202 0.102461
vn -0.610821 -0.782418 0.121329
vn -0.525701 -0.838828 0.141442
vn -0.662297 -0.742202 0.102461
vn -0.525701 -0.838828 0.141442
vn -0.638476 -0.749791 0.173673
vn -0.662297 -0.742202 0.102461
vn -0.638476 -0.749791 0.173673
vn -0.762979 -0.635437 0.118667
vn -0.301627 -0.937099 0.175687
vn -0.434886 -0.886153 0.160023
vn -0.357019 -0.924813 0.131371
vn -0.301627 -0.937099 0.175687
vn -0.357019 -0.924813 0.131371
vn -0.245019 -0.959076 0.141913
vn -0.525701 -0.838828 0.141442
vn -0.301627 -0.937099 0.175687
vn -0.391699 -0.889958 0.233552
vn -0.525701 -0.838828 0.141442
vn -0.391699 -0.889958 0.233552
vn -0.638476 -0.749791 0.173673
vn -0.301627 -0.937099 0.175687
vn -0.162157 -0.968743 0.187731
vn -0.162157 -0.968743 0.187731
vn -0.301627 -0.937099 0.175687
vn -0.162157 -0.968743 0.187731
vn -0.391699 -0.889958 0.233552
vn 0.000002 -0.964572 0.263820
vn -0.222180 -0.940463 0.257225
vn -0.162157 -0.968743 0.187731
vn 0.000002 -0.964572 0.263820
vn -0.162157 -0.968743 0.187731
vn -0.301627 -0.937099 0.175687
vn 0.000002 -0.964572 0.263820
vn -0.301627 -0.937099 0.175687
vn -0.245019 -0.959076 0.141913
vn 0.000002 -0.964572 0.263820
vn -0.245019 -0.959076 0.141913
vn -0.000000 -0.988418 0.151757
vn 0.852448 -0.521620 0.035274
vn 0.713230 -0.700122 0.033646
vn 0.785917 -0.618131 0.015770
vn 0.852448 -0.521620 0.035274
vn 0.785917 -0.618131 0.015770
vn 0.785917 -0.618131 0.015770
vn -0.347169 -0.933239 0.092406
vn -0.329882 -0.941746 0.065525
vn -0.273112 -0.959243 0.072548
vn -0.245019 -0.959076 0.141913
vn -0.357019 -0.924813 0.131371
vn -0.276161 -0.955724 0.101617
vn -0.245019 -0.959076 0.141913
vn -0.276161 -0.955724 0.101617
vn -0.347169 -0.933239 0.092406
vn -0.245019 -0.959076 0.141913
vn -0.347169 -0.933239 0.092406
vn -0.273112 -0.959243 0.072548
vn -0.245019 -0.959076 0.141913
vn -0.273112 -0.959243 0.072548
vn -0.145701 -0.985804 0.083441
vn -0.374665 -0.927130 0.007518
vn -0.374665 -0.927130 0.007518
vn -0.374665 -0.927130 0.007518
vn -0.374665 -0.927130 0.007518
vn -0.374665 -0.927130 0.007518
vn -0.374665 -0.927130 0.007518
vn -0.374665 -0.927130 0.007518
vn -0.374665 -0.927130 0.007518
vn -0.374665 -0.927130 0.007518
vn -0.352324 -0.935614 0.022243
vn -0.352324 -0.935614 0.022243
vn -0.352324 -0.935614 0.022243
vn -0.352324 -0.935614 0.022243
vn -0.352324 -0.935614 0.022243
vn -0.352324 -0.935614 0.022243
vn -0.352324 -0.935614 0.022243
vn -0.352324 -0.935614 0.022243
vn -0.352324 -0.935614 0.022243
vn -0.352324 -0.935614 0.022243
vn -0.352324 -0.935614 0.022243
vn -0.352324 -0.935614 0.022243
vn -0.307484 -0.950873 0.035961
vn -0.307484 -0.950873 0.035961
vn -0.183105 -0.982696 0.027963
vn -0.307484 -0.950873 0.035961
vn -0.183105 -0.982696 0.027963
vn -0.274188 -0.960763 0.041897
vn -0.307484 -0.950873 0.035961
vn -0.274188 -0.960763 0.041897
vn -0.307484 -0.950873 0.035961
vn -0.307484 -0.950873 0.035961
vn -0.307484 -0.950873 0.035961
vn -0.307484 -0.950873 0.035961
vn -0.273112 -0.959243 0.072548
vn -0.329882 -0.941746 0.065525
vn -0.274188 -0.960763 0.041897
vn -0.273112 -0.959243 0.072548
vn -0.274188 -0.960763 0.041897
vn -0.183105 -0.982696 0.027963
vn -0.273112 -0.959243 0.072548
vn -0.183105 -0.982696 0.027963
vn -0.131024 -0.990773 0.034661
vn 0.255626 -0.966489 0.023535
vn 0.352325 -0.935613 0.022243
vn 0.352325 -0.935613 0.022243
vn 0.255626 -0.966489 0.023535
vn 0.352325 -0.935613 0.022243
vn 0.352325 -0.935613 0.022243
vn 0.255626 -0.966489 0.023535
vn 0.352325 -0.935613 0.022243
vn 0.352325 -0.935613 0.022243
vn 0.255626 -0.966489 0.023535
vn 0.352325 -0.935613 0.022243
vn 0.439469 -0.897416 0.038869
vn 0.374662 -0.927131 0.007518
vn 0.374662 -0.927131 0.007518
vn 0.374662 -0.927131 0.007518
vn -0.102232 -0.994689 0.011956
vn -0.090430 -0.995807 0.013787
vn -0.183105 -0.982696 0.027963
vn -0.183105 -0.982696 0.027963
vn -0.090430 -0.995807 0.013787
vn -0.078614 -0.996783 0.015615
vn -0.183105 -0.982696 0.027963
vn -0.078614 -0.996783 0.015615
vn -0.064067 -0.997802 0.016918
vn -0.183105 -0.982696 0.027963
vn -0.064067 -0.997802 0.016918
vn -0.131024 -0.990773 0.034661
vn -0.131024 -0.990773 0.034661
vn -0.064067 -0.997802 0.016918
vn -0.033209 -0.999270 0.018896
vn -0.131024 -0.990773 0.034661
vn -0.033209 -0.999270 0.018896
vn -0.068432 -0.996893 0.039009
vn -0.068432 -0.996893 0.039009
vn -0.033209 -0.999270 0.018896
vn -0.016904 -0.999666 0.019570
vn -0.068432 -0.996893 0.039009
vn -0.016904 -0.999666 0.019570
vn -0.016904 -0.999666 0.019570
vn -0.068432 -0.996893 0.039009
vn -0.016904 -0.999666 0.019570
vn -0.005641 -0.998855 0.047505
vn 0.049507 -0.998608 0.018217
vn 0.064066 -0.997802 0.016918
vn 0.131024 -0.990773 0.034661
vn 0.049507 -0.998608 0.018217
vn 0.131024 -0.990773 0.034661
vn 0.085586 -0.995293 0.045471
vn 0.064066 -0.997802 0.016918
vn 0.078612 -0.996783 0.015615
vn 0.183104 -0.982696 0.027963
vn 0.064066 -0.997802 0.016918
vn 0.183104 -0.982696 0.027963
vn 0.131024 -0.990773 0.034661
vn 0.102233 -0.994689 0.011956
vn 0.102233 -0.994689 0.011956
vn 0.255626 -0.966489 0.023535
vn 0.102233 -0.994689 0.011956
vn 0.255626 -0.966489 0.023535
vn 0.183104 -0.982696 0.027963
vn 0.227177 0.952385 -0.203356
vn 0.427708 0.865275 -0.261466
vn 0.310479 0.912205 -0.267368
vn 0.227177 0.952385 -0.203356
vn 0.310479 0.912205 -0.267368
vn 0.325566 0.920935 -0.214208
vn -0.436863 -0.885581 0.157787
vn -0.237663 -0.966997 0.091835
vn -0.316456 -0.942963 0.103322
vn -0.436863 -0.885581 0.157787
vn -0.316456 -0.942963 0.103322
vn -0.278192 -0.948288 0.152839
vn -0.237663 -0.966997 0.091835
vn -0.246454 -0.968970 0.018899
vn -0.381753 -0.923602 0.034988
vn -0.237663 -0.966997 0.091835
vn -0.381753 -0.923602 0.034988
vn -0.316456 -0.942963 0.103322
vn -0.246454 -0.968970 0.018899
vn -0.245902 -0.968959 0.025504
vn -0.403928 -0.914020 0.037550
vn -0.246454 -0.968970 0.018899
vn -0.403928 -0.914020 0.037550
vn -0.381753 -0.923602 0.034988
vn 0.325566 0.920935 -0.214208
vn 0.310479 0.912205 -0.267368
vn 0.612676 0.741635 -0.273141
vn 0.325566 0.920935 -0.214208
vn 0.612676 0.741635 -0.273141
vn 0.634156 0.738732 -0.228301
vn -0.278192 -0.948288 0.152839
vn -0.316456 -0.942963 0.103322
vn -0.612418 -0.779533 0.131427
vn -0.278192 -0.948288 0.152839
vn -0.612418 -0.779533 0.131427
vn -0.555479 -0.813856 0.170533
vn -0.316456 -0.942963 0.103322
vn -0.381753 -0.923602 0.034988
vn -0.700349 -0.710205 0.071560
vn -0.316456 -0.942963 0.103322
vn -0.700349 -0.710205 0.071560
vn -0.612418 -0.779533 0.131427
vn -0.381753 -0.923602 0.034988
vn -0.403928 -0.914020 0.037550
vn -0.728092 -0.682430 0.064583
vn -0.381753 -0.923602 0.034988
vn -0.728092 -0.682430 0.064583
vn -0.700349 -0.710205 0.071560
vn 0.372345 0.920965 -0.114813
vn 0.325566 0.920935 -0.214208
vn 0.634156 0.738732 -0.228301
vn 0.372345 0.920965 -0.114813
vn 0.634156 0.738732 -0.228301
vn 0.692216 0.707446 -0.142678
vn 0.634156 0.738732 -0.228301
vn 0.612676 0.741635 -0.273141
vn 0.875848 0.418513 -0.240287
vn 0.634156 0.738732 -0.228301
vn 0.875848 0.418513 -0.240287
vn 0.885666 0.414399 -0.209448
vn -0.555479 -0.813856 0.170533
vn -0.612418 -0.779533 0.131427
vn -0.862668 -0.488903 0.129527
vn -0.555479 -0.813856 0.170533
vn -0.862668 -0.488903 0.129527
vn -0.822233 -0.548106 0.153340
vn -0.612418 -0.779533 0.131427
vn -0.700349 -0.710205 0.071560
vn -0.915490 -0.392343 0.089137
vn -0.612418 -0.779533 0.131427
vn -0.915490 -0.392343 0.089137
vn -0.862668 -0.488903 0.129527
vn -0.700349 -0.710205 0.071560
vn -0.728092 -0.682430 0.064583
vn -0.929380 -0.360354 0.079982
vn -0.700349 -0.710205 0.071560
vn -0.929380 -0.360354 0.079982
vn -0.915490 -0.392343 0.089137
vn 0.692216 0.707446 -0.142678
vn 0.634156 0.738732 -0.228301
vn 0.885666 0.414399 -0.209448
vn 0.692216 0.707446 -0.142678
vn 0.885666 0.414399 -0.209448
vn 0.911130 0.383709 -0.150367
vn 0.885666 0.414399 -0.209448
vn 0.875848 0.418513 -0.240287
vn 0.987902 -0.061541 -0.142349
vn 0.885666 0.414399 -0.209448
vn 0.987902 -0.061541 -0.142349
vn 0.989868 -0.035839 -0.137396
vn -0.822233 -0.548106 0.153340
vn -0.862668 -0.488903 0.129527
vn -0.996824 -0.042564 0.067307
vn -0.822233 -0.548106 0.153340
vn -0.996824 -0.042564 0.067307
vn -0.995554 -0.069549 0.063524
vn -0.862668 -0.488903 0.129527
vn -0.915490 -0.392343 0.089137
vn -0.997101 -0.008028 0.075660
vn -0.862668 -0.488903 0.129527
vn -0.997101 -0.008028 0.075660
vn -0.996824 -0.042564 0.067307
vn -0.915490 -0.392343 0.089137
vn -0.929380 -0.360354 0.079982
vn -0.996298 -0.000015 0.085967
vn -0.915490 -0.392343 0.089137
vn -0.996298 -0.000015 0.085967
vn -0.997101 -0.008028 0.075660
vn 0.911130 0.383709 -0.150367
vn 0.885666 0.414399 -0.209448
vn 0.989868 -0.035839 -0.137396
vn 0.911130 0.383709 -0.150367
vn 0.989868 -0.035839 -0.137396
vn 0.991430 -0.005179 -0.130538
vn 0.989868 -0.035839 -0.137396
vn 0.987902 -0.061541 -0.142349
vn 0.876115 -0.481699 -0.019691
vn 0.989868 -0.035839 -0.137396
vn 0.876115 -0.481699 -0.019691
vn 0.894857 -0.444741 -0.037896
vn -0.995554 -0.069549 0.063524
vn -0.996824 -0.042564 0.067307
vn -0.914236 0.403635 -0.035372
vn -0.995554 -0.069549 0.063524
vn -0.914236 0.403635 -0.035372
vn -0.901499 0.427437 -0.067797
vn -0.996824 -0.042564 0.067307
vn -0.997101 -0.008028 0.075660
vn -0.928983 0.368460 0.035050
vn -0.996824 -0.042564 0.067307
vn -0.928983 0.368460 0.035050
vn -0.914236 0.403635 -0.035372
vn -0.997101 -0.008028 0.075660
vn -0.996298 -0.000015 0.085967
vn -0.928797 0.360811 0.084564
vn -0.997101 -0.008028 0.075660
vn -0.928797 0.360811 0.084564
vn -0.928983 0.368460 0.035050
vn 0.991430 -0.005179 -0.130538
vn 0.989868 -0.035839 -0.137396
vn 0.894857 -0.444741 -0.037896
vn 0.991430 -0.005179 -0.130538
vn 0.894857 -0.444741 -0.037896
vn 0.919743 -0.382259 -0.089161
vn 0.894857 -0.444741 -0.037896
vn 0.876115 -0.481699 -0.019691
vn 0.671134 -0.737582 0.074516
vn 0.894857 -0.444741 -0.037896
vn 0.671134 -0.737582 0.074516
vn 0.690147 -0.721992 0.049246
vn -0.901499 0.427437 -0.067797
vn -0.914236 0.403635 -0.035372
vn -0.699094 0.703435 -0.128243
vn -0.901499 0.427437 -0.067797
vn -0.699094 0.703435 -0.128243
vn -0.666071 0.725761 -0.172106
vn -0.914236 0.403635 -0.035372
vn -0.928983 0.368460 0.035050
vn -0.733061 0.679967 -0.016305
vn -0.914236 0.403635 -0.035372
vn -0.733061 0.679967 -0.016305
vn -0.699094 0.703435 -0.128243
vn -0.928983 0.368460 0.035050
vn -0.928797 0.360811 0.084564
vn -0.726637 0.683175 0.072605
vn -0.928983 0.368460 0.035050
vn -0.726637 0.683175 0.072605
vn -0.733061 0.679967 -0.016305
vn 0.919743 -0.382259 -0.089161
vn 0.894857 -0.444741 -0.037896
vn 0.690147 -0.721992 0.049246
vn 0.919743 -0.382259 -0.089161
vn 0.690147 -0.721992 0.049246
vn 0.719577 -0.693313 -0.039069
vn 0.690147 -0.721992 0.049246
vn 0.671134 -0.737582 0.074516
vn 0.394568 -0.906591 0.149699
vn 0.690147 -0.721992 0.049246
vn 0.394568 -0.906591 0.149699
vn 0.400191 -0.908133 0.123051
vn -0.666071 0.725761 -0.172106
vn -0.699094 0.703435 -0.128243
vn -0.403977 0.891725 -0.204030
vn -0.666071 0.725761 -0.172106
vn -0.403977 0.891725 -0.204030
vn -0.379096 0.890851 -0.250340
vn -0.699094 0.703435 -0.128243
vn -0.733061 0.679967 -0.016305
vn -0.420308 0.904645 -0.070421
vn -0.699094 0.703435 -0.128243
vn -0.420308 0.904645 -0.070421
vn -0.403977 0.891725 -0.204030
vn -0.733061 0.679967 -0.016305
vn -0.726637 0.683175 0.072605
vn -0.401249 0.914763 0.046994
vn -0.733061 0.679967 -0.016305
vn -0.401249 0.914763 0.046994
vn -0.420308 0.904645 -0.070421
vn 0.719577 -0.693313 -0.039069
vn 0.690147 -0.721992 0.049246
vn 0.400191 -0.908133 0.123051
vn 0.719577 -0.693313 -0.039069
vn 0.400191 -0.908133 0.123051
vn 0.406157 -0.913698 0.013895
vn 0.400191 -0.908133 0.123051
vn 0.394568 -0.906591 0.149699
vn 0.021794 -0.978022 0.207359
vn 0.400191 -0.908133 0.123051
vn 0.021794 -0.978022 0.207359
vn 0.018970 -0.983473 0.180058
vn -0.379096 0.890851 -0.250340
vn -0.403977 0.891725 -0.204030
vn -0.027387 0.965067 -0.260569
vn -0.379096 0.890851 -0.250340
vn -0.027387 0.965067 -0.260569
vn -0.032068 0.951779 -0.305103
vn -0.403977 0.891725 -0.204030
vn -0.420308 0.904645 -0.070421
vn -0.012741 0.992543 -0.121225
vn -0.403977 0.891725 -0.204030
vn -0.012741 0.992543 -0.121225
vn -0.027387 0.965067 -0.260569
vn -0.420308 0.904645 -0.070421
vn -0.401249 0.914763 0.046994
vn 0.001007 0.999968 0.007893
vn -0.420308 0.904645 -0.070421
vn 0.001007 0.999968 0.007893
vn -0.012741 0.992543 -0.121225
vn 0.406157 -0.913698 0.013895
vn 0.400191 -0.908133 0.123051
vn 0.018970 -0.983473 0.180058
vn 0.406157 -0.913698 0.013895
vn 0.018970 -0.983473 0.180058
vn 0.006709 -0.997964 0.063420
vn 0.018970 -0.983473 0.180058
vn 0.021794 -0.978022 0.207359
vn -0.354821 -0.906591 0.228463
vn 0.018970 -0.983473 0.180058
vn -0.354821 -0.906591 0.228463
vn -0.364017 -0.908864 0.203611
vn -0.032068 0.951779 -0.305103
vn -0.027387 0.965067 -0.260569
vn 0.352728 0.891726 -0.283563
vn -0.032068 0.951779 -0.305103
vn 0.352728 0.891726 -0.283563
vn 0.318762 0.890852 -0.323688
vn -0.027387 0.965067 -0.260569
vn -0.012741 0.992543 -0.121225
vn 0.396482 0.904645 -0.156269
vn -0.027387 0.965067 -0.260569
vn 0.396482 0.904645 -0.156269
vn 0.352728 0.891726 -0.283563
vn -0.012741 0.992543 -0.121225
vn 0.001007 0.999968 0.007893
vn 0.393403 0.918623 -0.036964
vn -0.012741 0.992543 -0.121225
vn 0.393403 0.918623 -0.036964
vn 0.396482 0.904645 -0.156269
vn -0.364017 -0.908864 0.203611
vn -0.354821 -0.906591 0.228463
vn -0.640976 -0.737581 0.212424
vn -0.364017 -0.908864 0.203611
vn -0.640976 -0.737581 0.212424
vn -0.658407 -0.727600 0.192613
vn 0.318762 0.890852 -0.323688
vn 0.352728 0.891726 -0.283563
vn 0.658596 0.702233 -0.270406
vn 0.318762 0.890852 -0.323688
vn 0.658596 0.702233 -0.270406
vn 0.615732 0.725761 -0.306830
vn 0.352728 0.891726 -0.283563
vn 0.396482 0.904645 -0.156269
vn 0.715015 0.678647 -0.167904
vn 0.352728 0.891726 -0.283563
vn 0.715015 0.678647 -0.167904
vn 0.658596 0.702233 -0.270406
vn -0.658407 -0.727600 0.192613
vn -0.640976 -0.737581 0.212424
vn -0.861064 -0.481699 0.162893
vn -0.658407 -0.727600 0.192613
vn -0.861064 -0.481699 0.162893
vn -0.877309 -0.455636 0.150746
vn 0.615732 0.725761 -0.306830
vn 0.658596 0.702233 -0.270406
vn 0.886494 0.404989 -0.223856
vn 0.615732 0.725761 -0.306830
vn 0.886494 0.404989 -0.223856
vn 0.867704 0.427437 -0.253747
vn -0.877309 -0.455636 0.150746
vn -0.861064 -0.481699 0.162893
vn -0.995909 -0.061543 0.066157
vn -0.877309 -0.455636 0.150746
vn -0.995909 -0.061543 0.066157
vn -0.996683 -0.038435 0.071731
vn 0.867704 0.427437 -0.253747
vn 0.886494 0.404989 -0.223856
vn 0.988604 -0.048278 -0.142591
vn 0.867704 0.427437 -0.253747
vn 0.988604 -0.048278 -0.142591
vn 0.987006 -0.069547 -0.144851
vn -0.996683 -0.038435 0.071731
vn -0.995909 -0.061543 0.066157
vn -0.906667 0.418512 -0.052938
vn -0.996683 -0.038435 0.071731
vn -0.906667 0.418512 -0.052938
vn -0.905096 0.424609 -0.022555
vn 0.987006 -0.069547 -0.144851
vn 0.988604 -0.048278 -0.142591
vn 0.862644 -0.502762 -0.055466
vn 0.987006 -0.069547 -0.144851
vn 0.862644 -0.502762 -0.055466
vn 0.836147 -0.548105 -0.020963
vn -0.905096 0.424609 -0.022555
vn -0.906667 0.418512 -0.052938
vn -0.656077 0.741635 -0.139790
vn -0.905096 0.424609 -0.022555
vn -0.656077 0.741635 -0.139790
vn -0.659176 0.746165 -0.093407
vn 0.836147 -0.548105 -0.020963
vn 0.862644 -0.502762 -0.055466
vn 0.620822 -0.783951 -0.000753
vn 0.836147 -0.548105 -0.020963
vn 0.620822 -0.783951 -0.000753
vn 0.578795 -0.813857 0.051316
vn -0.659176 0.746165 -0.093407
vn -0.656077 0.741635 -0.139790
vn -0.359284 0.912204 -0.196973
vn -0.659176 0.746165 -0.093407
vn -0.359284 0.912204 -0.196973
vn -0.359172 0.922300 -0.142680
vn 0.578795 -0.813857 0.051316
vn 0.620822 -0.783951 -0.000753
vn 0.331023 -0.942964 0.035269
vn 0.578795 -0.813857 0.051316
vn 0.331023 -0.942964 0.035269
vn 0.303890 -0.948288 0.091659
vn 0.620822 -0.783951 -0.000753
vn 0.694659 -0.715150 -0.077523
vn 0.380685 -0.923602 -0.045147
vn 0.620822 -0.783951 -0.000753
vn 0.380685 -0.923602 -0.045147
vn 0.331023 -0.942964 0.035269
vn -0.359172 0.922300 -0.142680
vn -0.359284 0.912204 -0.196973
vn -0.472724 0.865275 -0.166827
vn -0.359172 0.922300 -0.142680
vn -0.472724 0.865275 -0.166827
vn -0.263247 0.952699 -0.151870
vn 0.303890 -0.948288 0.091659
vn 0.331023 -0.942964 0.035269
vn 0.251564 -0.966997 0.040415
vn 0.303890 -0.948288 0.091659
vn 0.251564 -0.966997 0.040415
vn 0.460124 -0.885581 0.063510
vn 0.331023 -0.942964 0.035269
vn 0.380685 -0.923602 -0.045147
vn 0.244999 -0.968970 -0.032754
vn 0.331023 -0.942964 0.035269
vn 0.244999 -0.968970 -0.032754
vn 0.251564 -0.966997 0.040415
vn 0.226579 0.952529 -0.203350
vn 0.427708 0.865275 -0.261466
vn 0.310479 0.912205 -0.267368
vn 0.226579 0.952529 -0.203350
vn 0.310479 0.912205 -0.267368
vn 0.325621 0.920916 -0.214207
vn -0.436863 -0.885581 0.157787
vn -0.237663 -0.966997 0.091835
vn -0.316456 -0.942963 0.103322
vn -0.436863 -0.885581 0.157787
vn -0.316456 -0.942963 0.103322
vn -0.278192 -0.948288 0.152839
vn -0.237663 -0.966997 0.091835
vn -0.246454 -0.968970 0.018899
vn -0.381753 -0.923602 0.034988
vn -0.237663 -0.966997 0.091835
vn -0.381753 -0.923602 0.034988
vn -0.316456 -0.942963 0.103322
vn -0.246454 -0.968970 0.018899
vn -0.246366 -0.968839 0.025578
vn -0.400678 -0.915399 0.038757
vn -0.246454 -0.968970 0.018899
vn -0.400678 -0.915399 0.038757
vn -0.381753 -0.923602 0.034988
vn -0.246366 -0.968839 0.025578
vn -0.235366 -0.962789 0.132819
vn -0.373722 -0.915713 0.147651
vn -0.246366 -0.968839 0.025578
vn -0.373722 -0.915713 0.147651
vn -0.400678 -0.915399 0.038757
vn -0.235366 -0.962789 0.132819
vn -0.210609 -0.894171 0.395099
vn -0.311490 -0.853370 0.418011
vn -0.235366 -0.962789 0.132819
vn -0.311490 -0.853370 0.418011
vn -0.373722 -0.915713 0.147651
vn -0.210609 -0.894171 0.395099
vn -0.176277 -0.684278 0.707594
vn -0.194949 -0.652798 0.732018
vn -0.210609 -0.894171 0.395099
vn -0.194949 -0.652798 0.732018
vn -0.311490 -0.853370 0.418011
vn -0.176277 -0.684278 0.707594
vn -0.152854 -0.370274 0.916261
vn -0.048865 -0.353100 0.934308
vn -0.176277 -0.684278 0.707594
vn -0.048865 -0.353100 0.934308
vn -0.194949 -0.652798 0.732018
vn -0.152854 -0.370274 0.916261
vn -0.144535 0.000000 0.989500
vn 0.104528 -0.000001 0.994522
vn -0.152854 -0.370274 0.916261
vn 0.104528 -0.000001 0.994522
vn -0.048865 -0.353100 0.934308
vn 0.347105 0.000000 0.937826
vn 0.340015 0.370274 0.864458
vn 0.242050 0.353101 0.903732
vn 0.347105 0.000000 0.937826
vn 0.242050 0.353101 0.903732
vn 0.104528 -0.000001 0.994522
vn 0.340015 0.370274 0.864458
vn 0.319542 0.684280 0.655480
vn 0.342885 0.652800 0.675487
vn 0.340015 0.370274 0.864458
vn 0.342885 0.652800 0.675487
vn 0.242050 0.353101 0.903732
vn 0.319542 0.684280 0.655480
vn 0.288151 0.894171 0.342676
vn 0.391594 0.853370 0.344113
vn 0.319542 0.684280 0.655480
vn 0.391594 0.853370 0.344113
vn 0.342885 0.652800 0.675487
vn 0.288151 0.894171 0.342676
vn 0.255891 0.965031 0.056880
vn 0.395187 0.917453 0.045899
vn 0.288151 0.894171 0.342676
vn 0.395187 0.917453 0.045899
vn 0.391594 0.853370 0.344113
vn 0.255891 0.965031 0.056880
vn 0.243688 0.968543 -0.050400
vn 0.397991 0.914993 -0.066258
vn 0.255891 0.965031 0.056880
vn 0.397991 0.914993 -0.066258
vn 0.395187 0.917453 0.045899
vn 0.243688 0.968543 -0.050400
vn 0.238256 0.966069 -0.099719
vn 0.372399 0.920943 -0.114813
vn 0.243688 0.968543 -0.050400
vn 0.372399 0.920943 -0.114813
vn 0.397991 0.914993 -0.066258
vn 0.238256 0.966069 -0.099719
vn 0.226579 0.952529 -0.203350
vn 0.325621 0.920916 -0.214207
vn 0.238256 0.966069 -0.099719
vn 0.325621 0.920916 -0.214207
vn 0.372399 0.920943 -0.114813
vn 0.325621 0.920916 -0.214207
vn 0.310479 0.912205 -0.267368
vn 0.612676 0.741635 -0.273141
vn 0.325621 0.920916 -0.214207
vn 0.612676 0.741635 -0.273141
vn 0.634156 0.738732 -0.228301
vn -0.278192 -0.948288 0.152839
vn -0.316456 -0.942963 0.103322
vn -0.612418 -0.779533 0.131427
vn -0.278192 -0.948288 0.152839
vn -0.612418 -0.779533 0.131427
vn -0.555479 -0.813856 0.170533
vn -0.316456 -0.942963 0.103322
vn -0.381753 -0.923602 0.034988
vn -0.700349 -0.710205 0.071560
vn -0.316456 -0.942963 0.103322
vn -0.700349 -0.710205 0.071560
vn -0.612418 -0.779533 0.131427
vn -0.381753 -0.923602 0.034988
vn -0.400678 -0.915399 0.038757
vn -0.725005 -0.685594 0.065786
vn -0.381753 -0.923602 0.034988
vn -0.725005 -0.685594 0.065786
vn -0.700349 -0.710205 0.071560
vn -0.400678 -0.915399 0.038757
vn -0.373722 -0.915713 0.147651
vn -0.696247 -0.696371 0.174091
vn -0.400678 -0.915399 0.038757
vn -0.696247 -0.696371 0.174091
vn -0.725005 -0.685594 0.065786
vn -0.373722 -0.915713 0.147651
vn -0.311490 -0.853370 0.418011
vn -0.609513 -0.653141 0.449333
vn -0.373722 -0.915713 0.147651
vn -0.609513 -0.653141 0.449333
vn -0.696247 -0.696371 0.174091
vn -0.311490 -0.853370 0.418011
vn -0.194949 -0.652798 0.732018
vn -0.422925 -0.499629 0.755980
vn -0.311490 -0.853370 0.418011
vn -0.422925 -0.499629 0.755980
vn -0.609513 -0.653141 0.449333
vn -0.194949 -0.652798 0.732018
vn -0.048865 -0.353100 0.934308
vn -0.172178 -0.270251 0.947269
vn -0.194949 -0.652798 0.732018
vn -0.172178 -0.270251 0.947269
vn -0.422925 -0.499629 0.755980
vn -0.048865 -0.353100 0.934308
vn 0.104528 -0.000001 0.994522
vn 0.104528 -0.000001 0.994522
vn -0.048865 -0.353100 0.934308
vn 0.104528 -0.000001 0.994522
vn -0.172178 -0.270251 0.947269
vn 0.104528 -0.000001 0.994522
vn 0.242050 0.353101 0.903732
vn 0.365364 0.270252 0.890771
vn 0.104528 -0.000001 0.994522
vn 0.365364 0.270252 0.890771
vn 0.104528 -0.000001 0.994522
vn 0.242050 0.353101 0.903732
vn 0.342885 0.652800 0.675487
vn 0.570860 0.499632 0.651527
vn 0.242050 0.353101 0.903732
vn 0.570860 0.499632 0.651527
vn 0.365364 0.270252 0.890771
vn 0.342885 0.652800 0.675487
vn 0.391594 0.853370 0.344113
vn 0.689615 0.653142 0.312790
vn 0.342885 0.652800 0.675487
vn 0.689615 0.653142 0.312790
vn 0.570860 0.499632 0.651527
vn 0.391594 0.853370 0.344113
vn 0.395187 0.917453 0.045899
vn 0.717154 0.696771 0.014170
vn 0.391594 0.853370 0.344113
vn 0.717154 0.696771 0.014170
vn 0.689615 0.653142 0.312790
vn 0.395187 0.917453 0.045899
vn 0.397991 0.914993 -0.066258
vn 0.721856 0.685112 -0.097705
vn 0.395187 0.917453 0.045899
vn 0.721856 0.685112 -0.097705
vn 0.717154 0.696771 0.014170
vn 0.397991 0.914993 -0.066258
vn 0.372399 0.920943 -0.114813
vn 0.692216 0.707446 -0.142678
vn 0.397991 0.914993 -0.066258
vn 0.692216 0.707446 -0.142678
vn 0.721856 0.685112 -0.097705
vn 0.372399 0.920943 -0.114813
vn 0.325621 0.920916 -0.214207
vn 0.634156 0.738732 -0.228301
vn 0.372399 0.920943 -0.114813
vn 0.634156 0.738732 -0.228301
vn 0.692216 0.707446 -0.142678
vn 0.634156 0.738732 -0.228301
vn 0.612676 0.741635 -0.273141
vn 0.875848 0.418513 -0.240287
vn 0.634156 0.738732 -0.228301
vn 0.875848 0.418513 -0.240287
vn 0.885666 0.414399 -0.209448
vn -0.555479 -0.813856 0.170533
vn -0.612418 -0.779533 0.131427
vn -0.862668 -0.488903 0.129527
vn -0.555479 -0.813856 0.170533
vn -0.862668 -0.488903 0.129527
vn -0.822233 -0.548106 0.153340
vn -0.612418 -0.779533 0.131427
vn -0.700349 -0.710205 0.071560
vn -0.915490 -0.392343 0.089137
vn -0.612418 -0.779533 0.131427
vn -0.915490 -0.392343 0.089137
vn -0.862668 -0.488903 0.129527
vn -0.700349 -0.710205 0.071560
vn -0.725005 -0.685594 0.065786
vn -0.928145 -0.363374 0.080657
vn -0.700349 -0.710205 0.071560
vn -0.928145 -0.363374 0.080657
vn -0.915490 -0.392343 0.089137
vn -0.725005 -0.685594 0.065786
vn -0.696247 -0.696371 0.174091
vn -0.907676 -0.374483 0.189437
vn -0.725005 -0.685594 0.065786
vn -0.907676 -0.374483 0.189437
vn -0.928145 -0.363374 0.080657
vn -0.696247 -0.696371 0.174091
vn -0.609513 -0.653141 0.449333
vn -0.808646 -0.353476 0.470262
vn -0.696247 -0.696371 0.174091
vn -0.808646 -0.353476 0.470262
vn -0.907676 -0.374483 0.189437
vn -0.609513 -0.653141 0.449333
vn -0.422925 -0.499629 0.755980
vn -0.575254 -0.270396 0.771990
vn -0.609513 -0.653141 0.449333
vn -0.575254 -0.270396 0.771990
vn -0.808646 -0.353476 0.470262
vn -0.422925 -0.499629 0.755980
vn -0.172178 -0.270251 0.947269
vn -0.254574 -0.146258 0.955929
vn -0.422925 -0.499629 0.755980
vn -0.254574 -0.146258 0.955929
vn -0.575254 -0.270396 0.771990
vn -0.172178 -0.270251 0.947269
vn 0.104528 -0.000001 0.994522
vn 0.104528 -0.000001 0.994522
vn -0.172178 -0.270251 0.947269
vn 0.104528 -0.000001 0.994522
vn -0.254574 -0.146258 0.955929
vn 0.104528 -0.000001 0.994522
vn 0.365364 0.270252 0.890771
vn 0.447759 0.146261 0.882111
vn 0.104528 -0.000001 0.994522
vn 0.447759 0.146261 0.882111
vn 0.104528 -0.000001 0.994522
vn 0.365364 0.270252 0.890771
vn 0.570860 0.499632 0.651527
vn 0.723187 0.270399 0.635519
vn 0.365364 0.270252 0.890771
vn 0.723187 0.270399 0.635519
vn 0.447759 0.146261 0.882111
vn 0.570860 0.499632 0.651527
vn 0.689615 0.653142 0.312790
vn 0.888746 0.353480 0.291860
vn 0.570860 0.499632 0.651527
vn 0.888746 0.353480 0.291860
vn 0.723187 0.270399 0.635519
vn 0.689615 0.653142 0.312790
vn 0.717154 0.696771 0.014170
vn 0.927301 0.374265 -0.006271
vn 0.689615 0.653142 0.312790
vn 0.927301 0.374265 -0.006271
vn 0.888746 0.353480 0.291860
vn 0.717154 0.696771 0.014170
vn 0.721856 0.685112 -0.097705
vn 0.924411 0.363039 -0.116905
vn 0.717154 0.696771 0.014170
vn 0.924411 0.363039 -0.116905
vn 0.927301 0.374265 -0.006271
vn 0.721856 0.685112 -0.097705
vn 0.692216 0.707446 -0.142678
vn 0.911130 0.383709 -0.150366
vn 0.721856 0.685112 -0.097705
vn 0.911130 0.383709 -0.150366
vn 0.924411 0.363039 -0.116905
vn 0.692216 0.707446 -0.142678
vn 0.634156 0.738732 -0.228301
vn 0.885666 0.414399 -0.209448
vn 0.692216 0.707446 -0.142678
vn 0.885666 0.414399 -0.209448
vn 0.911130 0.383709 -0.150366
vn 0.885666 0.414399 -0.209448
vn 0.875848 0.418513 -0.240287
vn 0.987902 -0.061541 -0.142349
vn 0.885666 0.414399 -0.209448
vn 0.987902 -0.061541 -0.142349
vn 0.989868 -0.035839 -0.137396
vn -0.822233 -0.548106 0.153340
vn -0.862668 -0.488903 0.129527
vn -0.996824 -0.042564 0.067307
vn -0.822233 -0.548106 0.153340
vn -0.996824 -0.042564 0.067307
vn -0.995554 -0.069549 0.063524
vn -0.862668 -0.488903 0.129527
vn -0.915490 -0.392343 0.089137
vn -0.997101 -0.008028 0.075660
vn -0.862668 -0.488903 0.129527
vn -0.997101 -0.008028 0.075660
vn -0.996824 -0.042564 0.067307
vn -0.915490 -0.392343 0.089137
vn -0.928145 -0.363374 0.080657
vn -0.996284 0.000002 0.086124
vn -0.915490 -0.392343 0.089137
vn -0.996284 0.000002 0.086124
vn -0.997101 -0.008028 0.075660
vn -0.928145 -0.363374 0.080657
vn -0.907676 -0.374483 0.189437
vn -0.980752 0.000002 0.195258
vn -0.928145 -0.363374 0.080657
vn -0.980752 0.000002 0.195258
vn -0.996284 0.000002 0.086124
vn -0.907676 -0.374483 0.189437
vn -0.808646 -0.353476 0.470262
vn -0.878572 0.000000 0.477610
vn -0.907676 -0.374483 0.189437
vn -0.878572 0.000000 0.477610
vn -0.980752 0.000002 0.195258
vn -0.808646 -0.353476 0.470262
vn -0.575254 -0.270396 0.771990
vn -0.628745 0.000000 0.777611
vn -0.808646 -0.353476 0.470262
vn -0.628745 0.000000 0.777611
vn -0.878572 0.000000 0.477610
vn -0.575254 -0.270396 0.771990
vn -0.254574 -0.146258 0.955929
vn -0.283507 0.000000 0.958970
vn -0.575254 -0.270396 0.771990
vn -0.283507 0.000000 0.958970
vn -0.628745 0.000000 0.777611
vn -0.254574 -0.146258 0.955929
vn 0.104528 -0.000001 0.994522
vn 0.104528 -0.000001 0.994522
vn -0.254574 -0.146258 0.955929
vn 0.104528 -0.000001 0.994522
vn -0.283507 0.000000 0.958970
vn 0.104528 -0.000001 0.994522
vn 0.447759 0.146261 0.882111
vn 0.476692 -0.000000 0.879070
vn 0.104528 -0.000001 0.994522
vn 0.476692 -0.000000 0.879070
vn 0.104528 -0.000001 0.994522
vn 0.447759 0.146261 0.882111
vn 0.723187 0.270399 0.635519
vn 0.776678 -0.000000 0.629897
vn 0.447759 0.146261 0.882111
vn 0.776678 -0.000000 0.629897
vn 0.476692 -0.000000 0.879070
vn 0.723187 0.270399 0.635519
vn 0.888746 0.353480 0.291860
vn 0.958673 0.000000 0.284509
vn 0.723187 0.270399 0.635519
vn 0.958673 0.000000 0.284509
vn 0.776678 -0.000000 0.629897
vn 0.888746 0.353480 0.291860
vn 0.927301 0.374265 -0.006271
vn 0.999900 0.000002 -0.014171
vn 0.888746 0.353480 0.291860
vn 0.999900 0.000002 -0.014171
vn 0.958673 0.000000 0.284509
vn 0.927301 0.374265 -0.006271
vn 0.924411 0.363039 -0.116905
vn 0.992265 0.000002 -0.124135
vn 0.927301 0.374265 -0.006271
vn 0.992265 0.000002 -0.124135
vn 0.999900 0.000002 -0.014171
vn 0.924411 0.363039 -0.116905
vn 0.911130 0.383709 -0.150366
vn 0.991430 -0.005179 -0.130537
vn 0.924411 0.363039 -0.116905
vn 0.991430 -0.005179 -0.130537
vn 0.992265 0.000002 -0.124135
vn 0.911130 0.383709 -0.150366
vn 0.885666 0.414399 -0.209448
vn 0.989868 -0.035839 -0.137396
vn 0.911130 0.383709 -0.150366
vn 0.989868 -0.035839 -0.137396
vn 0.991430 -0.005179 -0.130537
vn 0.989868 -0.035839 -0.137396
vn 0.987902 -0.061541 -0.142349
vn 0.876115 -0.481699 -0.019691
vn 0.989868 -0.035839 -0.137396
vn 0.876115 -0.481699 -0.019691
vn 0.894857 -0.444741 -0.037896
vn -0.995554 -0.069549 0.063524
vn -0.996824 -0.042564 0.067307
vn -0.914236 0.403635 -0.035372
vn -0.995554 -0.069549 0.063524
vn -0.914236 0.403635 -0.035372
vn -0.901499 0.427437 -0.067797
vn -0.996824 -0.042564 0.067307
vn -0.997101 -0.008028 0.075660
vn -0.928983 0.368460 0.035050
vn -0.996824 -0.042564 0.067307
vn -0.928983 0.368460 0.035050
vn -0.914236 0.403635 -0.035372
vn -0.997101 -0.008028 0.075660
vn -0.996284 0.000002 0.086124
vn -0.927883 0.363389 0.083559
vn -0.997101 -0.008028 0.075660
vn -0.927883 0.363389 0.083559
vn -0.928983 0.368460 0.035050
vn -0.996284 0.000002 0.086124
vn -0.980752 0.000002 0.195258
vn -0.907118 0.374377 0.192298
vn -0.996284 0.000002 0.086124
vn -0.907118 0.374377 0.192298
vn -0.927883 0.363389 0.083559
vn -0.980752 0.000002 0.195258
vn -0.878572 0.000000 0.477610
vn -0.808646 0.353476 0.470262
vn -0.980752 0.000002 0.195258
vn -0.808646 0.353476 0.470262
vn -0.907118 0.374377 0.192298
vn -0.878572 0.000000 0.477610
vn -0.628745 0.000000 0.777611
vn -0.575254 0.270396 0.771990
vn -0.878572 0.000000 0.477610
vn -0.575254 0.270396 0.771990
vn -0.808646 0.353476 0.470262
vn -0.628745 0.000000 0.777611
vn -0.283507 0.000000 0.958970
vn -0.254574 0.146258 0.955929
vn -0.628745 0.000000 0.777611
vn -0.254574 0.146258 0.955929
vn -0.575254 0.270396 0.771990
vn -0.283507 0.000000 0.958970
vn 0.104528 -0.000001 0.994522
vn 0.104528 -0.000001 0.994522
vn -0.283507 0.000000 0.958970
vn 0.104528 -0.000001 0.994522
vn -0.254574 0.146258 0.955929
vn 0.104528 -0.000001 0.994522
vn 0.476692 -0.000000 0.879070
vn 0.447759 -0.146261 0.882111
vn 0.104528 -0.000001 0.994522
vn 0.447759 -0.146261 0.882111
vn 0.104528 -0.000001 0.994522
vn 0.476692 -0.000000 0.879070
vn 0.776678 -0.000000 0.629897
vn 0.723187 -0.270400 0.635519
vn 0.476692 -0.000000 0.879070
vn 0.723187 -0.270400 0.635519
vn 0.447759 -0.146261 0.882111
vn 0.776678 -0.000000 0.629897
vn 0.958673 0.000000 0.284509
vn 0.888746 -0.353481 0.291860
vn 0.776678 -0.000000 0.629897
vn 0.888746 -0.353481 0.291860
vn 0.723187 -0.270400 0.635519
vn 0.958673 0.000000 0.284509
vn 0.999900 0.000002 -0.014171
vn 0.927239 -0.374358 -0.009179
vn 0.958673 0.000000 0.284509
vn 0.927239 -0.374358 -0.009179
vn 0.888746 -0.353481 0.291860
vn 0.999900 0.000002 -0.014171
vn 0.992265 0.000002 -0.124135
vn 0.924053 -0.363011 -0.119790
vn 0.999900 0.000002 -0.014171
vn 0.924053 -0.363011 -0.119790
vn 0.927239 -0.374358 -0.009179
vn 0.992265 0.000002 -0.124135
vn 0.991430 -0.005179 -0.130537
vn 0.919743 -0.382260 -0.089161
vn 0.992265 0.000002 -0.124135
vn 0.919743 -0.382260 -0.089161
vn 0.924053 -0.363011 -0.119790
vn 0.991430 -0.005179 -0.130537
vn 0.989868 -0.035839 -0.137396
vn 0.894857 -0.444741 -0.037896
vn 0.991430 -0.005179 -0.130537
vn 0.894857 -0.444741 -0.037896
vn 0.919743 -0.382260 -0.089161
vn 0.894857 -0.444741 -0.037896
vn 0.876115 -0.481699 -0.019691
vn 0.671134 -0.737582 0.074516
vn 0.894857 -0.444741 -0.037896
vn 0.671134 -0.737582 0.074516
vn 0.690147 -0.721992 0.049246
vn -0.901499 0.427437 -0.067797
vn -0.914236 0.403635 -0.035372
vn -0.699094 0.703435 -0.128243
vn -0.901499 0.427437 -0.067797
vn -0.699094 0.703435 -0.128243
vn -0.666071 0.725761 -0.172106
vn -0.914236 0.403635 -0.035372
vn -0.928983 0.368460 0.035050
vn -0.733061 0.679967 -0.016305
vn -0.914236 0.403635 -0.035372
vn -0.733061 0.679967 -0.016305
vn -0.699094 0.703435 -0.128243
vn -0.928983 0.368460 0.035050
vn -0.927883 0.363389 0.083559
vn -0.724473 0.685614 0.071220
vn -0.928983 0.368460 0.035050
vn -0.724473 0.685614 0.071220
vn -0.733061 0.679967 -0.016305
vn -0.927883 0.363389 0.083559
vn -0.907118 0.374377 0.192298
vn -0.695288 0.695969 0.179451
vn -0.927883 0.363389 0.083559
vn -0.695288 0.695969 0.179451
vn -0.724473 0.685614 0.071220
vn -0.907118 0.374377 0.192298
vn -0.808646 0.353476 0.470262
vn -0.609512 0.653142 0.449334
vn -0.907118 0.374377 0.192298
vn -0.609512 0.653142 0.449334
vn -0.695288 0.695969 0.179451
vn -0.808646 0.353476 0.470262
vn -0.575254 0.270396 0.771990
vn -0.422925 0.499629 0.755980
vn -0.808646 0.353476 0.470262
vn -0.422925 0.499629 0.755980
vn -0.609512 0.653142 0.449334
vn -0.575254 0.270396 0.771990
vn -0.254574 0.146258 0.955929
vn -0.172178 0.270251 0.947269
vn -0.575254 0.270396 0.771990
vn -0.172178 0.270251 0.947269
vn -0.422925 0.499629 0.755980
vn -0.254574 0.146258 0.955929
vn 0.104528 -0.000001 0.994522
vn 0.104528 -0.000001 0.994522
vn -0.254574 0.146258 0.955929
vn 0.104528 -0.000001 0.994522
vn -0.172178 0.270251 0.947269
vn 0.104528 -0.000001 0.994522
vn 0.447759 -0.146261 0.882111
vn 0.365364 -0.270252 0.890771
vn 0.104528 -0.000001 0.994522
vn 0.365364 -0.270252 0.890771
vn 0.104528 -0.000001 0.994522
vn 0.447759 -0.146261 0.882111
vn 0.723187 -0.270400 0.635519
vn 0.570860 -0.499632 0.651527
vn 0.447759 -0.146261 0.882111
vn 0.570860 -0.499632 0.651527
vn 0.365364 -0.270252 0.890771
vn 0.723187 -0.270400 0.635519
vn 0.888746 -0.353481 0.291860
vn 0.689614 -0.653142 0.312789
vn 0.723187 -0.270400 0.635519
vn 0.689614 -0.653142 0.312789
vn 0.570860 -0.499632 0.651527
vn 0.888746 -0.353481 0.291860
vn 0.927239 -0.374358 -0.009179
vn 0.716925 -0.697096 0.008732
vn 0.888746 -0.353481 0.291860
vn 0.716925 -0.697096 0.008732
vn 0.689614 -0.653142 0.312789
vn 0.927239 -0.374358 -0.009179
vn 0.924053 -0.363011 -0.119790
vn 0.721196 -0.685014 -0.103118
vn 0.927239 -0.374358 -0.009179
vn 0.721196 -0.685014 -0.103118
vn 0.716925 -0.697096 0.008732
vn 0.924053 -0.363011 -0.119790
vn 0.919743 -0.382260 -0.089161
vn 0.719577 -0.693313 -0.039069
vn 0.924053 -0.363011 -0.119790
vn 0.719577 -0.693313 -0.039069
vn 0.721196 -0.685014 -0.103118
vn 0.919743 -0.382260 -0.089161
vn 0.894857 -0.444741 -0.037896
vn 0.690147 -0.721992 0.049246
vn 0.919743 -0.382260 -0.089161
vn 0.690147 -0.721992 0.049246
vn 0.719577 -0.693313 -0.039069
vn 0.690147 -0.721992 0.049246
vn 0.671134 -0.737582 0.074516
vn 0.394568 -0.906591 0.149699
vn 0.690147 -0.721992 0.049246
vn 0.394568 -0.906591 0.149699
vn 0.400191 -0.908133 0.123051
vn -0.666071 0.725761 -0.172106
vn -0.699094 0.703435 -0.128243
vn -0.403977 0.891725 -0.204030
vn -0.666071 0.725761 -0.172106
vn -0.403977 0.891725 -0.204030
vn -0.379096 0.890851 -0.250340
vn -0.699094 0.703435 -0.128243
vn -0.733061 0.679967 -0.016305
vn -0.420308 0.904645 -0.070421
vn -0.699094 0.703435 -0.128243
vn -0.420308 0.904645 -0.070421
vn -0.403977 0.891725 -0.204030
vn -0.733061 0.679967 -0.016305
vn -0.724473 0.685614 0.071220
vn -0.399934 0.915391 0.045957
vn -0.733061 0.679967 -0.016305
vn -0.399934 0.915391 0.045957
vn -0.420308 0.904645 -0.070421
vn -0.724473 0.685614 0.071220
vn -0.695288 0.695969 0.179451
vn -0.372671 0.914967 0.154763
vn -0.724473 0.685614 0.071220
vn -0.372671 0.914967 0.154763
vn -0.399934 0.915391 0.045957
vn -0.695288 0.695969 0.179451
vn -0.609512 0.653142 0.449334
vn -0.311489 0.853370 0.418012
vn -0.695288 0.695969 0.179451
vn -0.311489 0.853370 0.418012
vn -0.372671 0.914967 0.154763
vn -0.609512 0.653142 0.449334
vn -0.422925 0.499629 0.755980
vn -0.194948 0.652798 0.732018
vn -0.609512 0.653142 0.449334
vn -0.194948 0.652798 0.732018
vn -0.311489 0.853370 0.418012
vn -0.422925 0.499629 0.755980
vn -0.172178 0.270251 0.947269
vn -0.048865 0.353101 0.934308
vn -0.422925 0.499629 0.755980
vn -0.048865 0.353101 0.934308
vn -0.194948 0.652798 0.732018
vn -0.172178 0.270251 0.947269
vn 0.104528 -0.000001 0.994522
vn 0.104528 -0.000001 0.994522
vn -0.172178 0.270251 0.947269
vn 0.104528 -0.000001 0.994522
vn -0.048865 0.353101 0.934308
vn 0.104528 -0.000001 0.994522
vn 0.365364 -0.270252 0.890771
vn 0.242050 -0.353101 0.903732
vn 0.104528 -0.000001 0.994522
vn 0.242050 -0.353101 0.903732
vn 0.104528 -0.000001 0.994522
vn 0.365364 -0.270252 0.890771
vn 0.570860 -0.499632 0.651527
vn 0.342885 -0.652799 0.675487
vn 0.365364 -0.270252 0.890771
vn 0.342885 -0.652799 0.675487
vn 0.242050 -0.353101 0.903732
vn 0.570860 -0.499632 0.651527
vn 0.689614 -0.653142 0.312789
vn 0.391593 -0.853370 0.344114
vn 0.570860 -0.499632 0.651527
vn 0.391593 -0.853370 0.344114
vn 0.342885 -0.652799 0.675487
vn 0.689614 -0.653142 0.312789
vn 0.716925 -0.697096 0.008732
vn 0.394673 -0.918006 0.038713
vn 0.689614 -0.653142 0.312789
vn 0.394673 -0.918006 0.038713
vn 0.391593 -0.853370 0.344114
vn 0.716925 -0.697096 0.008732
vn 0.721196 -0.685014 -0.103118
vn 0.397163 -0.914805 -0.073444
vn 0.716925 -0.697096 0.008732
vn 0.397163 -0.914805 -0.073444
vn 0.394673 -0.918006 0.038713
vn 0.721196 -0.685014 -0.103118
vn 0.719577 -0.693313 -0.039069
vn 0.406158 -0.913697 0.013895
vn 0.721196 -0.685014 -0.103118
vn 0.406158 -0.913697 0.013895
vn 0.397163 -0.914805 -0.073444
vn 0.719577 -0.693313 -0.039069
vn 0.690147 -0.721992 0.049246
vn 0.400191 -0.908133 0.123051
vn 0.719577 -0.693313 -0.039069
vn 0.400191 -0.908133 0.123051
vn 0.406158 -0.913697 0.013895
vn 0.400191 -0.908133 0.123051
vn 0.394568 -0.906591 0.149699
vn 0.021794 -0.978022 0.207359
vn 0.400191 -0.908133 0.123051
vn 0.021794 -0.978022 0.207359
vn 0.018926 -0.983474 0.180060
vn -0.379096 0.890851 -0.250340
vn -0.403977 0.891725 -0.204030
vn -0.027387 0.965067 -0.260569
vn -0.379096 0.890851 -0.250340
vn -0.027387 0.965067 -0.260569
vn -0.032068 0.951779 -0.305103
vn -0.403977 0.891725 -0.204030
vn -0.420308 0.904645 -0.070421
vn -0.012741 0.992543 -0.121225
vn -0.403977 0.891725 -0.204030
vn -0.012741 0.992543 -0.121225
vn -0.027387 0.965067 -0.260569
vn -0.420308 0.904645 -0.070421
vn -0.399934 0.915391 0.045957
vn 0.000791 0.999971 0.007517
vn -0.420308 0.904645 -0.070421
vn 0.000791 0.999971 0.007517
vn -0.012741 0.992543 -0.121225
vn -0.399934 0.915391 0.045957
vn -0.372671 0.914967 0.154763
vn 0.012415 0.992922 0.118117
vn -0.399934 0.915391 0.045957
vn 0.012415 0.992922 0.118117
vn 0.000791 0.999971 0.007517
vn -0.372671 0.914967 0.154763
vn -0.311489 0.853370 0.418012
vn 0.040052 0.923681 0.381064
vn -0.372671 0.914967 0.154763
vn 0.040052 0.923681 0.381064
vn 0.012415 0.992922 0.118117
vn -0.311489 0.853370 0.418012
vn -0.194948 0.652798 0.732018
vn 0.073968 0.706584 0.703753
vn -0.311489 0.853370 0.418012
vn 0.073968 0.706584 0.703753
vn 0.040052 0.923681 0.381064
vn -0.194948 0.652798 0.732018
vn -0.048865 0.353101 0.934308
vn 0.096593 0.382194 0.919020
vn -0.194948 0.652798 0.732018
vn 0.096593 0.382194 0.919020
vn 0.073968 0.706584 0.703753
vn -0.048865 0.353101 0.934308
vn 0.104528 -0.000001 0.994522
vn 0.104528 -0.000001 0.994522
vn -0.048865 0.353101 0.934308
vn 0.104528 -0.000001 0.994522
vn 0.096593 0.382194 0.919020
vn 0.104528 -0.000001 0.994522
vn 0.242050 -0.353101 0.903732
vn 0.096593 -0.382193 0.919020
vn 0.104528 -0.000001 0.994522
vn 0.096593 -0.382193 0.919020
vn 0.104528 -0.000001 0.994522
vn 0.242050 -0.353101 0.903732
vn 0.342885 -0.652799 0.675487
vn 0.073967 -0.706584 0.703753
vn 0.242050 -0.353101 0.903732
vn 0.073967 -0.706584 0.703753
vn 0.096593 -0.382193 0.919020
vn 0.342885 -0.652799 0.675487
vn 0.391593 -0.853370 0.344114
vn 0.040050 -0.923681 0.381063
vn 0.342885 -0.652799 0.675487
vn 0.040050 -0.923681 0.381063
vn 0.073967 -0.706584 0.703753
vn 0.391593 -0.853370 0.344114
vn 0.394673 -0.918006 0.038713
vn 0.008171 -0.996940 0.077747
vn 0.391593 -0.853370 0.344114
vn 0.008171 -0.996940 0.077747
vn 0.040050 -0.923681 0.381063
vn 0.394673 -0.918006 0.038713
vn 0.397163 -0.914805 -0.073444
vn -0.003483 -0.999445 -0.033141
vn 0.394673 -0.918006 0.038713
vn -0.003483 -0.999445 -0.033141
vn 0.008171 -0.996940 0.077747
vn 0.397163 -0.914805 -0.073444
vn 0.406158 -0.913697 0.013895
vn 0.006666 -0.997965 0.063421
vn 0.397163 -0.914805 -0.073444
vn 0.006666 -0.997965 0.063421
vn -0.003483 -0.999445 -0.033141
vn 0.406158 -0.913697 0.013895
vn 0.400191 -0.908133 0.123051
vn 0.018926 -0.983474 0.180060
vn 0.406158 -0.913697 0.013895
vn 0.018926 -0.983474 0.180060
vn 0.006666 -0.997965 0.063421
vn 0.018926 -0.983474 0.180060
vn 0.021794 -0.978022 0.207359
vn -0.354821 -0.906591 0.228463
vn 0.018926 -0.983474 0.180060
vn -0.354821 -0.906591 0.228463
vn -0.365863 -0.908133 0.203567
vn -0.032068 0.951779 -0.305103
vn -0.027387 0.965067 -0.260569
vn 0.352728 0.891726 -0.283563
vn -0.032068 0.951779 -0.305103
vn 0.352728 0.891726 -0.283563
vn 0.318762 0.890852 -0.323688
vn -0.027387 0.965067 -0.260569
vn -0.012741 0.992543 -0.121225
vn 0.396482 0.904645 -0.156269
vn -0.027387 0.965067 -0.260569
vn 0.396482 0.904645 -0.156269
vn 0.352728 0.891726 -0.283563
vn -0.012741 0.992543 -0.121225
vn 0.000791 0.999971 0.007517
vn 0.400749 0.915391 -0.038198
vn -0.012741 0.992543 -0.121225
vn 0.400749 0.915391 -0.038198
vn 0.396482 0.904645 -0.156269
vn 0.000791 0.999971 0.007517
vn 0.012415 0.992922 0.118117
vn 0.396704 0.914967 0.073899
vn 0.000791 0.999971 0.007517
vn 0.396704 0.914967 0.073899
vn 0.400749 0.915391 -0.038198
vn 0.012415 0.992922 0.118117
vn 0.040052 0.923681 0.381064
vn 0.391594 0.853370 0.344113
vn 0.012415 0.992922 0.118117
vn 0.391594 0.853370 0.344113
vn 0.396704 0.914967 0.073899
vn 0.040052 0.923681 0.381064
vn 0.073968 0.706584 0.703753
vn 0.342885 0.652800 0.675487
vn 0.040052 0.923681 0.381064
vn 0.342885 0.652800 0.675487
vn 0.391594 0.853370 0.344113
vn 0.073968 0.706584 0.703753
vn 0.096593 0.382194 0.919020
vn 0.242050 0.353101 0.903732
vn 0.073968 0.706584 0.703753
vn 0.242050 0.353101 0.903732
vn 0.342885 0.652800 0.675487
vn 0.096593 0.382194 0.919020
vn 0.104528 -0.000001 0.994522
vn 0.104528 -0.000001 0.994522
vn 0.096593 0.382194 0.919020
vn 0.104528 -0.000001 0.994522
vn 0.242050 0.353101 0.903732
vn 0.104528 -0.000001 0.994522
vn 0.096593 -0.382193 0.919020
vn -0.048865 -0.353100 0.934308
vn 0.104528 -0.000001 0.994522
vn -0.048865 -0.353100 0.934308
vn 0.104528 -0.000001 0.994522
vn 0.096593 -0.382193 0.919020
vn 0.073967 -0.706584 0.703753
vn -0.194949 -0.652798 0.732018
vn 0.096593 -0.382193 0.919020
vn -0.194949 -0.652798 0.732018
vn -0.048865 -0.353100 0.934308
vn 0.073967 -0.706584 0.703753
vn 0.040050 -0.923681 0.381063
vn -0.311490 -0.853370 0.418011
vn 0.073967 -0.706584 0.703753
vn -0.311490 -0.853370 0.418011
vn -0.194949 -0.652798 0.732018
vn 0.040050 -0.923681 0.381063
vn 0.008171 -0.996940 0.077747
vn -0.377999 -0.918006 0.119923
vn 0.040050 -0.923681 0.381063
vn -0.377999 -0.918006 0.119923
vn -0.311490 -0.853370 0.418011
vn 0.008171 -0.996940 0.077747
vn -0.003483 -0.999445 -0.033141
vn -0.403754 -0.914805 0.010736
vn 0.008171 -0.996940 0.077747
vn -0.403754 -0.914805 0.010736
vn -0.377999 -0.918006 0.119923
vn -0.003483 -0.999445 -0.033141
vn 0.006666 -0.997965 0.063421
vn -0.394394 -0.913697 0.098036
vn -0.003483 -0.999445 -0.033141
vn -0.394394 -0.913697 0.098036
vn -0.403754 -0.914805 0.010736
vn 0.006666 -0.997965 0.063421
vn 0.018926 -0.983474 0.180060
vn -0.365863 -0.908133 0.203567
vn 0.006666 -0.997965 0.063421
vn -0.365863 -0.908133 0.203567
vn -0.394394 -0.913697 0.098036
vn -0.365863 -0.908133 0.203567
vn -0.354821 -0.906591 0.228463
vn -0.640976 -0.737581 0.212424
vn -0.365863 -0.908133 0.203567
vn -0.640976 -0.737581 0.212424
vn -0.664828 -0.721990 0.191659
vn 0.318762 0.890852 -0.323688
vn 0.352728 0.891726 -0.283563
vn 0.657154 0.703435 -0.270790
vn 0.318762 0.890852 -0.323688
vn 0.657154 0.703435 -0.270790
vn 0.615732 0.725761 -0.306830
vn 0.352728 0.891726 -0.283563
vn 0.396482 0.904645 -0.156269
vn 0.713652 0.679967 -0.168361
vn 0.352728 0.891726 -0.283563
vn 0.713652 0.679967 -0.168361
vn 0.657154 0.703435 -0.270790
vn 0.396482 0.904645 -0.156269
vn 0.400749 0.915391 -0.038198
vn 0.723449 0.685615 -0.080963
vn 0.396482 0.904645 -0.156269
vn 0.723449 0.685615 -0.080963
vn 0.713652 0.679967 -0.168361
vn 0.400749 0.915391 -0.038198
vn 0.396704 0.914967 0.073899
vn 0.717403 0.695969 0.030975
vn 0.400749 0.915391 -0.038198
vn 0.717403 0.695969 0.030975
vn 0.723449 0.685615 -0.080963
vn 0.396704 0.914967 0.073899
vn 0.391594 0.853370 0.344113
vn 0.689615 0.653142 0.312790
vn 0.396704 0.914967 0.073899
vn 0.689615 0.653142 0.312790
vn 0.717403 0.695969 0.030975
vn 0.391594 0.853370 0.344113
vn 0.342885 0.652800 0.675487
vn 0.570860 0.499632 0.651527
vn 0.391594 0.853370 0.344113
vn 0.570860 0.499632 0.651527
vn 0.689615 0.653142 0.312790
vn 0.342885 0.652800 0.675487
vn 0.242050 0.353101 0.903732
vn 0.365364 0.270252 0.890771
vn 0.342885 0.652800 0.675487
vn 0.365364 0.270252 0.890771
vn 0.570860 0.499632 0.651527
vn 0.242050 0.353101 0.903732
vn 0.104528 -0.000001 0.994522
vn 0.104528 -0.000001 0.994522
vn 0.242050 0.353101 0.903732
vn 0.104528 -0.000001 0.994522
vn 0.365364 0.270252 0.890771
vn 0.104528 -0.000001 0.994522
vn -0.048865 -0.353100 0.934308
vn -0.172178 -0.270251 0.947269
vn 0.104528 -0.000001 0.994522
vn -0.172178 -0.270251 0.947269
vn 0.104528 -0.000001 0.994522
vn -0.048865 -0.353100 0.934308
vn -0.194949 -0.652798 0.732018
vn -0.422925 -0.499629 0.755980
vn -0.048865 -0.353100 0.934308
vn -0.422925 -0.499629 0.755980
vn -0.172178 -0.270251 0.947269
vn -0.194949 -0.652798 0.732018
vn -0.311490 -0.853370 0.418011
vn -0.609513 -0.653141 0.449333
vn -0.194949 -0.652798 0.732018
vn -0.609513 -0.653141 0.449333
vn -0.422925 -0.499629 0.755980
vn -0.311490 -0.853370 0.418011
vn -0.377999 -0.918006 0.119923
vn -0.699442 -0.697097 0.157597
vn -0.311490 -0.853370 0.418011
vn -0.699442 -0.697097 0.157597
vn -0.609513 -0.653141 0.449333
vn -0.377999 -0.918006 0.119923
vn -0.403754 -0.914805 0.010736
vn -0.726874 -0.685014 0.049081
vn -0.377999 -0.918006 0.119923
vn -0.726874 -0.685014 0.049081
vn -0.699442 -0.697097 0.157597
vn -0.403754 -0.914805 0.010736
vn -0.394394 -0.913697 0.098036
vn -0.711977 -0.693312 0.111393
vn -0.403754 -0.914805 0.010736
vn -0.711977 -0.693312 0.111393
vn -0.726874 -0.685014 0.049081
vn -0.394394 -0.913697 0.098036
vn -0.365863 -0.908133 0.203567
vn -0.664828 -0.721990 0.191659
vn -0.394394 -0.913697 0.098036
vn -0.664828 -0.721990 0.191659
vn -0.711977 -0.693312 0.111393
vn -0.664828 -0.721990 0.191659
vn -0.640976 -0.737581 0.212424
vn -0.861064 -0.481699 0.162893
vn -0.664828 -0.721990 0.191659
vn -0.861064 -0.481699 0.162893
vn -0.883182 -0.444740 0.148984
vn 0.615732 0.725761 -0.306830
vn 0.657154 0.703435 -0.270790
vn 0.886904 0.403635 -0.224680
vn 0.615732 0.725761 -0.306830
vn 0.886904 0.403635 -0.224680
vn 0.867704 0.427437 -0.253747
vn 0.657154 0.703435 -0.270790
vn 0.713652 0.679967 -0.168361
vn 0.915969 0.368460 -0.158863
vn 0.657154 0.703435 -0.270790
vn 0.915969 0.368460 -0.158863
vn 0.886904 0.403635 -0.224680
vn 0.713652 0.679967 -0.168361
vn 0.723449 0.685615 -0.080963
vn 0.924978 0.363390 -0.111185
vn 0.713652 0.679967 -0.168361
vn 0.924978 0.363390 -0.111185
vn 0.915969 0.368460 -0.158863
vn 0.723449 0.685615 -0.080963
vn 0.717403 0.695969 0.030975
vn 0.927276 0.374379 -0.000500
vn 0.723449 0.685615 -0.080963
vn 0.927276 0.374379 -0.000500
vn 0.924978 0.363390 -0.111185
vn 0.717403 0.695969 0.030975
vn 0.689615 0.653142 0.312790
vn 0.888746 0.353480 0.291860
vn 0.717403 0.695969 0.030975
vn 0.888746 0.353480 0.291860
vn 0.927276 0.374379 -0.000500
vn 0.689615 0.653142 0.312790
vn 0.570860 0.499632 0.651527
vn 0.723187 0.270399 0.635519
vn 0.689615 0.653142 0.312790
vn 0.723187 0.270399 0.635519
vn 0.888746 0.353480 0.291860
vn 0.570860 0.499632 0.651527
vn 0.365364 0.270252 0.890771
vn 0.447759 0.146261 0.882111
vn 0.570860 0.499632 0.651527
vn 0.447759 0.146261 0.882111
vn 0.723187 0.270399 0.635519
vn 0.365364 0.270252 0.890771
vn 0.104528 -0.000001 0.994522
vn 0.104528 -0.000001 0.994522
vn 0.365364 0.270252 0.890771
vn 0.104528 -0.000001 0.994522
vn 0.447759 0.146261 0.882111
vn 0.104528 -0.000001 0.994522
vn -0.172178 -0.270251 0.947269
vn -0.254574 -0.146258 0.955929
vn 0.104528 -0.000001 0.994522
vn -0.254574 -0.146258 0.955929
vn 0.104528 -0.000001 0.994522
vn -0.172178 -0.270251 0.947269
vn -0.422925 -0.499629 0.755980
vn -0.575254 -0.270396 0.771990
vn -0.172178 -0.270251 0.947269
vn -0.575254 -0.270396 0.771990
vn -0.254574 -0.146258 0.955929
vn -0.422925 -0.499629 0.755980
vn -0.609513 -0.653141 0.449333
vn -0.808646 -0.353476 0.470262
vn -0.422925 -0.499629 0.755980
vn -0.808646 -0.353476 0.470262
vn -0.575254 -0.270396 0.771990
vn -0.609513 -0.653141 0.449333
vn -0.699442 -0.697097 0.157597
vn -0.908886 -0.374355 0.183804
vn -0.609513 -0.653141 0.449333
vn -0.908886 -0.374355 0.183804
vn -0.808646 -0.353476 0.470262
vn -0.699442 -0.697097 0.157597
vn -0.726874 -0.685014 0.049081
vn -0.928766 -0.363009 0.074949
vn -0.699442 -0.697097 0.157597
vn -0.928766 -0.363009 0.074949
vn -0.908886 -0.374355 0.183804
vn -0.726874 -0.685014 0.049081
vn -0.711977 -0.693312 0.111393
vn -0.918183 -0.382259 0.104012
vn -0.726874 -0.685014 0.049081
vn -0.918183 -0.382259 0.104012
vn -0.928766 -0.363009 0.074949
vn -0.711977 -0.693312 0.111393
vn -0.664828 -0.721990 0.191659
vn -0.883182 -0.444740 0.148984
vn -0.711977 -0.693312 0.111393
vn -0.883182 -0.444740 0.148984
vn -0.918183 -0.382259 0.104012
vn -0.883182 -0.444740 0.148984
vn -0.861064 -0.481699 0.162893
vn -0.995909 -0.061543 0.066157
vn -0.883182 -0.444740 0.148984
vn -0.995909 -0.061543 0.066157
vn -0.996803 -0.035840 0.071411
vn 0.867704 0.427437 -0.253747
vn 0.886904 0.403635 -0.224680
vn 0.989035 -0.042564 -0.141415
vn 0.867704 0.427437 -0.253747
vn 0.989035 -0.042564 -0.141415
vn 0.987006 -0.069547 -0.144851
vn 0.886904 0.403635 -0.224680
vn 0.915969 0.368460 -0.158863
vn 0.991043 -0.008028 -0.133303
vn 0.886904 0.403635 -0.224680
vn 0.991043 -0.008028 -0.133303
vn 0.989035 -0.042564 -0.141415
vn 0.915969 0.368460 -0.158863
vn 0.924978 0.363390 -0.111185
vn 0.992419 0.000002 -0.122897
vn 0.915969 0.368460 -0.158863
vn 0.992419 0.000002 -0.122897
vn 0.991043 -0.008028 -0.133303
vn 0.924978 0.363390 -0.111185
vn 0.927276 0.374379 -0.000500
vn 0.999917 0.000002 -0.012916
vn 0.924978 0.363390 -0.111185
vn 0.999917 0.000002 -0.012916
vn 0.992419 0.000002 -0.122897
vn 0.927276 0.374379 -0.000500
vn 0.888746 0.353480 0.291860
vn 0.958673 0.000000 0.284509
vn 0.927276 0.374379 -0.000500
vn 0.958673 0.000000 0.284509
vn 0.999917 0.000002 -0.012916
vn 0.888746 0.353480 0.291860
vn 0.723187 0.270399 0.635519
vn 0.776678 -0.000000 0.629897
vn 0.888746 0.353480 0.291860
vn 0.776678 -0.000000 0.629897
vn 0.958673 0.000000 0.284509
vn 0.723187 0.270399 0.635519
vn 0.447759 0.146261 0.882111
vn 0.476692 -0.000000 0.879070
vn 0.723187 0.270399 0.635519
vn 0.476692 -0.000000 0.879070
vn 0.776678 -0.000000 0.629897
vn 0.447759 0.146261 0.882111
vn 0.104528 -0.000001 0.994522
vn 0.104528 -0.000001 0.994522
vn 0.447759 0.146261 0.882111
vn 0.104528 -0.000001 0.994522
vn 0.476692 -0.000000 0.879070
vn 0.104528 -0.000001 0.994522
vn -0.254574 -0.146258 0.955929
vn -0.283507 0.000000 0.958970
vn 0.104528 -0.000001 0.994522
vn -0.283507 0.000000 0.958970
vn 0.104528 -0.000001 0.994522
vn -0.254574 -0.146258 0.955929
vn -0.575254 -0.270396 0.771990
vn -0.628745 0.000000 0.777611
vn -0.254574 -0.146258 0.955929
vn -0.628745 0.000000 0.777611
vn -0.283507 0.000000 0.958970
vn -0.575254 -0.270396 0.771990
vn -0.808646 -0.353476 0.470262
vn -0.878572 0.000000 0.477610
vn -0.575254 -0.270396 0.771990
vn -0.878572 0.000000 0.477610
vn -0.628745 0.000000 0.777611
vn -0.808646 -0.353476 0.470262
vn -0.908886 -0.374355 0.183804
vn -0.980996 0.000002 0.194026
vn -0.808646 -0.353476 0.470262
vn -0.980996 0.000002 0.194026
vn -0.878572 0.000000 0.477610
vn -0.908886 -0.374355 0.183804
vn -0.928766 -0.363009 0.074949
vn -0.996391 0.000002 0.084882
vn -0.908886 -0.374355 0.183804
vn -0.996391 0.000002 0.084882
vn -0.980996 0.000002 0.194026
vn -0.928766 -0.363009 0.074949
vn -0.918183 -0.382259 0.104012
vn -0.996905 -0.005179 0.078445
vn -0.928766 -0.363009 0.074949
vn -0.996905 -0.005179 0.078445
vn -0.996391 0.000002 0.084882
vn -0.918183 -0.382259 0.104012
vn -0.883182 -0.444740 0.148984
vn -0.996803 -0.035840 0.071411
vn -0.918183 -0.382259 0.104012
vn -0.996803 -0.035840 0.071411
vn -0.996905 -0.005179 0.078445
vn -0.996803 -0.035840 0.071411
vn -0.995909 -0.061543 0.066157
vn -0.906667 0.418512 -0.052938
vn -0.996803 -0.035840 0.071411
vn -0.906667 0.418512 -0.052938
vn -0.909860 0.414398 -0.020731
vn 0.987006 -0.069547 -0.144851
vn 0.989035 -0.042564 -0.141415
vn 0.870747 -0.488903 -0.052662
vn 0.987006 -0.069547 -0.144851
vn 0.870747 -0.488903 -0.052662
vn 0.836147 -0.548105 -0.020963
vn 0.989035 -0.042564 -0.141415
vn 0.991043 -0.008028 -0.133303
vn 0.914016 -0.392344 -0.103152
vn 0.989035 -0.042564 -0.141415
vn 0.914016 -0.392344 -0.103152
vn 0.870747 -0.488903 -0.052662
vn 0.991043 -0.008028 -0.133303
vn 0.992419 0.000002 -0.122897
vn 0.924632 -0.363376 -0.114078
vn 0.991043 -0.008028 -0.133303
vn 0.924632 -0.363376 -0.114078
vn 0.914016 -0.392344 -0.103152
vn 0.992419 0.000002 -0.122897
vn 0.999917 0.000002 -0.012916
vn 0.927227 -0.374485 -0.003415
vn 0.992419 0.000002 -0.122897
vn 0.927227 -0.374485 -0.003415
vn 0.924632 -0.363376 -0.114078
vn 0.999917 0.000002 -0.012916
vn 0.958673 0.000000 0.284509
vn 0.888746 -0.353481 0.291860
vn 0.999917 0.000002 -0.012916
vn 0.888746 -0.353481 0.291860
vn 0.927227 -0.374485 -0.003415
vn 0.958673 0.000000 0.284509
vn 0.776678 -0.000000 0.629897
vn 0.723187 -0.270400 0.635519
vn 0.958673 0.000000 0.284509
vn 0.723187 -0.270400 0.635519
vn 0.888746 -0.353481 0.291860
vn 0.776678 -0.000000 0.629897
vn 0.476692 -0.000000 0.879070
vn 0.447759 -0.146261 0.882111
vn 0.776678 -0.000000 0.629897
vn 0.447759 -0.146261 0.882111
vn 0.723187 -0.270400 0.635519
vn 0.476692 -0.000000 0.879070
vn 0.104528 -0.000001 0.994522
vn 0.104528 -0.000001 0.994522
vn 0.476692 -0.000000 0.879070
vn 0.104528 -0.000001 0.994522
vn 0.447759 -0.146261 0.882111
vn 0.104528 -0.000001 0.994522
vn -0.283507 0.000000 0.958970
vn -0.254574 0.146258 0.955929
vn 0.104528 -0.000001 0.994522
vn -0.254574 0.146258 0.955929
vn 0.104528 -0.000001 0.994522
vn -0.283507 0.000000 0.958970
vn -0.628745 0.000000 0.777611
vn -0.575254 0.270396 0.771990
vn -0.283507 0.000000 0.958970
vn -0.575254 0.270396 0.771990
vn -0.254574 0.146258 0.955929
vn -0.628745 0.000000 0.777611
vn -0.878572 0.000000 0.477610
vn -0.808646 0.353476 0.470262
vn -0.628745 0.000000 0.777611
vn -0.808646 0.353476 0.470262
vn -0.575254 0.270396 0.771990
vn -0.878572 0.000000 0.477610
vn -0.980996 0.000002 0.194026
vn -0.908342 0.374262 0.186661
vn -0.878572 0.000000 0.477610
vn -0.908342 0.374262 0.186661
vn -0.808646 0.353476 0.470262
vn -0.980996 0.000002 0.194026
vn -0.996391 0.000002 0.084882
vn -0.928517 0.363037 0.077846
vn -0.980996 0.000002 0.194026
vn -0.928517 0.363037 0.077846
vn -0.908342 0.374262 0.186661
vn -0.996391 0.000002 0.084882
vn -0.996905 -0.005179 0.078445
vn -0.922483 0.383708 0.042354
vn -0.996391 0.000002 0.084882
vn -0.922483 0.383708 0.042354
vn -0.928517 0.363037 0.077846
vn -0.996905 -0.005179 0.078445
vn -0.996803 -0.035840 0.071411
vn -0.909860 0.414398 -0.020731
vn -0.996905 -0.005179 0.078445
vn -0.909860 0.414398 -0.020731
vn -0.922483 0.383708 0.042354
vn -0.909860 0.414398 -0.020731
vn -0.906667 0.418512 -0.052938
vn -0.656077 0.741635 -0.139790
vn -0.909860 0.414398 -0.020731
vn -0.656077 0.741635 -0.139790
vn -0.667766 0.738730 -0.091463
vn 0.836147 -0.548105 -0.020963
vn 0.870747 -0.488903 -0.052662
vn 0.626359 -0.779534 0.001226
vn 0.836147 -0.548105 -0.020963
vn 0.626359 -0.779534 0.001226
vn 0.578795 -0.813857 0.051316
vn 0.870747 -0.488903 -0.052662
vn 0.914016 -0.392344 -0.103152
vn 0.699922 -0.710205 -0.075615
vn 0.870747 -0.488903 -0.052662
vn 0.699922 -0.710205 -0.075615
vn 0.626359 -0.779534 0.001226
vn 0.914016 -0.392344 -0.103152
vn 0.924632 -0.363376 -0.114078
vn 0.722839 -0.685595 -0.086389
vn 0.914016 -0.392344 -0.103152
vn 0.722839 -0.685595 -0.086389
vn 0.699922 -0.710205 -0.075615
vn 0.924632 -0.363376 -0.114078
vn 0.927227 -0.374485 -0.003415
vn 0.717227 -0.696371 0.025533
vn 0.924632 -0.363376 -0.114078
vn 0.717227 -0.696371 0.025533
vn 0.722839 -0.685595 -0.086389
vn 0.927227 -0.374485 -0.003415
vn 0.888746 -0.353481 0.291860
vn 0.689614 -0.653142 0.312789
vn 0.927227 -0.374485 -0.003415
vn 0.689614 -0.653142 0.312789
vn 0.717227 -0.696371 0.025533
vn 0.888746 -0.353481 0.291860
vn 0.723187 -0.270400 0.635519
vn 0.570860 -0.499632 0.651527
vn 0.888746 -0.353481 0.291860
vn 0.570860 -0.499632 0.651527
vn 0.689614 -0.653142 0.312789
vn 0.723187 -0.270400 0.635519
vn 0.447759 -0.146261 0.882111
vn 0.365364 -0.270252 0.890771
vn 0.723187 -0.270400 0.635519
vn 0.365364 -0.270252 0.890771
vn 0.570860 -0.499632 0.651527
vn 0.447759 -0.146261 0.882111
vn 0.104528 -0.000001 0.994522
vn 0.104528 -0.000001 0.994522
vn 0.447759 -0.146261 0.882111
vn 0.104528 -0.000001 0.994522
vn 0.365364 -0.270252 0.890771
vn 0.104528 -0.000001 0.994522
vn -0.254574 0.146258 0.955929
vn -0.172178 0.270251 0.947269
vn 0.104528 -0.000001 0.994522
vn -0.172178 0.270251 0.947269
vn 0.104528 -0.000001 0.994522
vn -0.254574 0.146258 0.955929
vn -0.575254 0.270396 0.771990
vn -0.422925 0.499629 0.755980
vn -0.254574 0.146258 0.955929
vn -0.422925 0.499629 0.755980
vn -0.172178 0.270251 0.947269
vn -0.575254 0.270396 0.771990
vn -0.808646 0.353476 0.470262
vn -0.609512 0.653142 0.449334
vn -0.575254 0.270396 0.771990
vn -0.609512 0.653142 0.449334
vn -0.422925 0.499629 0.755980
vn -0.808646 0.353476 0.470262
vn -0.908342 0.374262 0.186661
vn -0.698535 0.696772 0.162963
vn -0.808646 0.353476 0.470262
vn -0.698535 0.696772 0.162963
vn -0.609512 0.653142 0.449334
vn -0.908342 0.374262 0.186661
vn -0.928517 0.363037 0.077846
vn -0.726395 0.685113 0.054512
vn -0.908342 0.374262 0.186661
vn -0.726395 0.685113 0.054512
vn -0.698535 0.696772 0.162963
vn -0.928517 0.363037 0.077846
vn -0.922483 0.383708 0.042354
vn -0.706755 0.707445 0.004360
vn -0.928517 0.363037 0.077846
vn -0.706755 0.707445 0.004360
vn -0.726395 0.685113 0.054512
vn -0.922483 0.383708 0.042354
vn -0.909860 0.414398 -0.020731
vn -0.667766 0.738730 -0.091463
vn -0.922483 0.383708 0.042354
vn -0.667766 0.738730 -0.091463
vn -0.706755 0.707445 0.004360
vn -0.667766 0.738730 -0.091463
vn -0.656077 0.741635 -0.139790
vn -0.359284 0.912204 -0.196973
vn -0.667766 0.738730 -0.091463
vn -0.359284 0.912204 -0.196973
vn -0.363044 0.920915 -0.141825
vn 0.578795 -0.813857 0.051316
vn 0.626359 -0.779534 0.001226
vn 0.331023 -0.942964 0.035269
vn 0.578795 -0.813857 0.051316
vn 0.331023 -0.942964 0.035269
vn 0.303890 -0.948288 0.091659
vn 0.626359 -0.779534 0.001226
vn 0.699922 -0.710205 -0.075615
vn 0.380685 -0.923602 -0.045147
vn 0.626359 -0.779534 0.001226
vn 0.380685 -0.923602 -0.045147
vn 0.331023 -0.942964 0.035269
vn 0.699922 -0.710205 -0.075615
vn 0.722839 -0.685595 -0.086389
vn 0.399980 -0.915399 -0.045396
vn 0.699922 -0.710205 -0.075615
vn 0.399980 -0.915399 -0.045396
vn 0.380685 -0.923602 -0.045147
vn 0.722839 -0.685595 -0.086389
vn 0.717227 -0.696371 0.025533
vn 0.396254 -0.915713 0.066724
vn 0.722839 -0.685595 -0.086389
vn 0.396254 -0.915713 0.066724
vn 0.399980 -0.915399 -0.045396
vn 0.717227 -0.696371 0.025533
vn 0.689614 -0.653142 0.312789
vn 0.391593 -0.853370 0.344114
vn 0.717227 -0.696371 0.025533
vn 0.391593 -0.853370 0.344114
vn 0.396254 -0.915713 0.066724
vn 0.689614 -0.653142 0.312789
vn 0.570860 -0.499632 0.651527
vn 0.342885 -0.652799 0.675487
vn 0.689614 -0.653142 0.312789
vn 0.342885 -0.652799 0.675487
vn 0.391593 -0.853370 0.344114
vn 0.570860 -0.499632 0.651527
vn 0.365364 -0.270252 0.890771
vn 0.242050 -0.353101 0.903732
vn 0.570860 -0.499632 0.651527
vn 0.242050 -0.353101 0.903732
vn 0.342885 -0.652799 0.675487
vn 0.365364 -0.270252 0.890771
vn 0.104528 -0.000001 0.994522
vn 0.104528 -0.000001 0.994522
vn 0.365364 -0.270252 0.890771
vn 0.104528 -0.000001 0.994522
vn 0.242050 -0.353101 0.903732
vn 0.104528 -0.000001 0.994522
vn -0.172178 0.270251 0.947269
vn -0.048865 0.353101 0.934308
vn 0.104528 -0.000001 0.994522
vn -0.048865 0.353101 0.934308
vn 0.104528 -0.000001 0.994522
vn -0.172178 0.270251 0.947269
vn -0.422925 0.499629 0.755980
vn -0.194948 0.652798 0.732018
vn -0.172178 0.270251 0.947269
vn -0.194948 0.652798 0.732018
vn -0.048865 0.353101 0.934308
vn -0.422925 0.499629 0.755980
vn -0.609512 0.653142 0.449334
vn -0.311489 0.853370 0.418012
vn -0.422925 0.499629 0.755980
vn -0.311489 0.853370 0.418012
vn -0.194948 0.652798 0.732018
vn -0.609512 0.653142 0.449334
vn -0.698535 0.696772 0.162963
vn -0.377008 0.917453 0.127058
vn -0.609512 0.653142 0.449334
vn -0.377008 0.917453 0.127058
vn -0.311489 0.853370 0.418012
vn -0.698535 0.696772 0.162963
vn -0.726395 0.685113 0.054512
vn -0.403070 0.914993 0.017937
vn -0.698535 0.696772 0.162963
vn -0.403070 0.914993 0.017937
vn -0.377008 0.917453 0.127058
vn -0.726395 0.685113 0.054512
vn -0.706755 0.707445 0.004360
vn -0.388134 0.920943 -0.034878
vn -0.726395 0.685113 0.054512
vn -0.388134 0.920943 -0.034878
vn -0.403070 0.914993 0.017937
vn -0.706755 0.707445 0.004360
vn -0.667766 0.738730 -0.091463
vn -0.363044 0.920915 -0.141825
vn -0.706755 0.707445 0.004360
vn -0.363044 0.920915 -0.141825
vn -0.388134 0.920943 -0.034878
vn -0.363044 0.920915 -0.141825
vn -0.359284 0.912204 -0.196973
vn -0.472724 0.865275 -0.166827
vn -0.363044 0.920915 -0.141825
vn -0.472724 0.865275 -0.166827
vn -0.263906 0.952529 -0.151798
vn 0.303890 -0.948288 0.091659
vn 0.331023 -0.942964 0.035269
vn 0.251564 -0.966997 0.040415
vn 0.303890 -0.948288 0.091659
vn 0.251564 -0.966997 0.040415
vn 0.460124 -0.885581 0.063510
vn 0.331023 -0.942964 0.035269
vn 0.380685 -0.923602 -0.045147
vn 0.244998 -0.968970 -0.032754
vn 0.331023 -0.942964 0.035269
vn 0.244998 -0.968970 -0.032754
vn 0.251564 -0.966997 0.040415
vn 0.380685 -0.923602 -0.045147
vn 0.399980 -0.915399 -0.045396
vn 0.246301 -0.968839 -0.026204
vn 0.380685 -0.923602 -0.045147
vn 0.246301 -0.968839 -0.026204
vn 0.244998 -0.968970 -0.032754
vn 0.399980 -0.915399 -0.045396
vn 0.396254 -0.915713 0.066724
vn 0.257838 -0.962789 0.080981
vn 0.399980 -0.915399 -0.045396
vn 0.257838 -0.962789 0.080981
vn 0.246301 -0.968839 -0.026204
vn 0.396254 -0.915713 0.066724
vn 0.391593 -0.853370 0.344114
vn 0.288153 -0.894170 0.342677
vn 0.396254 -0.915713 0.066724
vn 0.288153 -0.894170 0.342677
vn 0.257838 -0.962789 0.080981
vn 0.391593 -0.853370 0.344114
vn 0.342885 -0.652799 0.675487
vn 0.319543 -0.684278 0.655481
vn 0.391593 -0.853370 0.344114
vn 0.319543 -0.684278 0.655481
vn 0.288153 -0.894170 0.342677
vn 0.342885 -0.652799 0.675487
vn 0.242050 -0.353101 0.903732
vn 0.340014 -0.370274 0.864458
vn 0.342885 -0.652799 0.675487
vn 0.340014 -0.370274 0.864458
vn 0.319543 -0.684278 0.655481
vn 0.242050 -0.353101 0.903732
vn 0.104528 -0.000001 0.994522
vn 0.347105 0.000000 0.937826
vn 0.242050 -0.353101 0.903732
vn 0.347105 0.000000 0.937826
vn 0.340014 -0.370274 0.864458
vn 0.104528 -0.000001 0.994522
vn -0.048865 0.353101 0.934308
vn -0.152853 0.370274 0.916260
vn 0.104528 -0.000001 0.994522
vn -0.152853 0.370274 0.916260
vn -0.144535 0.000000 0.989500
vn -0.048865 0.353101 0.934308
vn -0.194948 0.652798 0.732018
vn -0.176279 0.684280 0.707593
vn -0.048865 0.353101 0.934308
vn -0.176279 0.684280 0.707593
vn -0.152853 0.370274 0.916260
vn -0.194948 0.652798 0.732018
vn -0.311489 0.853370 0.418012
vn -0.210610 0.894171 0.395098
vn -0.194948 0.652798 0.732018
vn -0.210610 0.894171 0.395098
vn -0.176279 0.684280 0.707593
vn -0.311489 0.853370 0.418012
vn -0.377008 0.917453 0.127058
vn -0.238474 0.965031 0.108840
vn -0.311489 0.853370 0.418012
vn -0.238474 0.965031 0.108840
vn -0.210610 0.894171 0.395098
vn -0.377008 0.917453 0.127058
vn -0.403070 0.914993 0.017937
vn -0.248842 0.968543 0.001367
vn -0.377008 0.917453 0.127058
vn -0.248842 0.968543 0.001367
vn -0.238474 0.965031 0.108840
vn -0.403070 0.914993 0.017937
vn -0.388134 0.920943 -0.034878
vn -0.253782 0.966070 -0.048004
vn -0.403070 0.914993 0.017937
vn -0.253782 0.966070 -0.048004
vn -0.248842 0.968543 0.001367
vn -0.388134 0.920943 -0.034878
vn -0.363044 0.920915 -0.141825
vn -0.263906 0.952529 -0.151798
vn -0.388134 0.920943 -0.034878
vn -0.263906 0.952529 -0.151798
vn -0.253782 0.966070 -0.048004
vn 0.548453 0.809333 -0.210190
vn 0.569756 0.812603 -0.122698
vn 0.580853 0.809890 -0.081777
vn 0.548453 0.809333 -0.210190
vn 0.580853 0.809890 -0.081777
vn 0.586297 0.810050 0.008699
vn 0.548453 0.809333 -0.210190
vn 0.586297 0.810050 0.008699
vn 0.604083 0.756073 0.251869
vn 0.548453 0.809333 -0.210190
vn 0.604083 0.756073 0.251869
vn 0.606994 0.590983 0.531317
vn 0.548453 0.809333 -0.210190
vn 0.606994 0.590983 0.531317
vn 0.587093 0.329523 0.739416
vn 0.548453 0.809333 -0.210190
vn 0.587093 0.329523 0.739416
vn 0.570707 0.000000 0.821154
vn 0.548453 0.809333 -0.210190
vn 0.570707 0.000000 0.821154
vn 0.587094 -0.329522 0.739416
vn 0.548453 0.809333 -0.210190
vn 0.587094 -0.329522 0.739416
vn 0.606994 -0.590981 0.531318
vn 0.548453 0.809333 -0.210190
vn 0.606994 -0.590981 0.531318
vn 0.604083 -0.756072 0.251869
vn 0.548453 0.809333 -0.210190
vn 0.604083 -0.756072 0.251869
vn 0.587349 -0.808811 0.029063
vn 0.548453 0.809333 -0.210190
vn 0.587349 -0.808811 0.029063
vn 0.582980 -0.810152 -0.061538
vn 0.548453 0.809333 -0.210190
vn 0.582980 -0.810152 -0.061538
vn 0.574594 -0.815750 -0.066289
vn 0.548453 0.809333 -0.210190
vn 0.574594 -0.815750 -0.066289
vn 0.560145 -0.828393 -0.001601
vn 0.548453 0.809333 -0.210190
vn 0.560145 -0.828393 -0.001601
vn 0.981547 -0.019799 -0.190192
vn -0.548237 -0.828393 0.114895
vn -0.575819 -0.815750 0.054625
vn -0.583035 -0.810153 0.061015
vn -0.548237 -0.828393 0.114895
vn -0.583035 -0.810153 0.061015
vn -0.568472 -0.808812 0.150545
vn -0.548237 -0.828393 0.114895
vn -0.568472 -0.808812 0.150545
vn -0.538515 -0.756072 0.371962
vn -0.548237 -0.828393 0.114895
vn -0.538515 -0.756072 0.371962
vn -0.483262 -0.590981 0.645910
vn -0.548237 -0.828393 0.114895
vn -0.483262 -0.590981 0.645910
vn -0.420531 -0.329522 0.845322
vn -0.548237 -0.828393 0.114895
vn -0.420531 -0.329522 0.845322
vn -0.387508 -0.000000 0.921866
vn -0.548237 -0.828393 0.114895
vn -0.387508 -0.000000 0.921866
vn -0.420530 0.329523 0.845322
vn -0.548237 -0.828393 0.114895
vn -0.420530 0.329523 0.845322
vn -0.483263 0.590981 0.645909
vn -0.548237 -0.828393 0.114895
vn -0.483263 0.590981 0.645909
vn -0.538517 0.756072 0.371961
vn -0.548237 -0.828393 0.114895
vn -0.538517 0.756072 0.371961
vn -0.571677 0.810049 0.130406
vn -0.548237 -0.828393 0.114895
vn -0.571677 0.810049 0.130406
vn -0.585163 0.809890 0.040776
vn -0.548237 -0.828393 0.114895
vn -0.585163 0.809890 0.040776
vn -0.582815 0.812603 -0.001558
vn -0.548237 -0.828393 0.114895
vn -0.582815 0.812603 -0.001558
vn -0.580168 0.809333 -0.091567
vn -0.548237 -0.828393 0.114895
vn -0.580168 0.809333 -0.091567
vn -0.999641 -0.019799 0.018039
vn -0.310479 0.912205 -0.267368
vn -0.427709 0.865275 -0.261466
vn -0.226579 0.952529 -0.203350
vn -0.310479 0.912205 -0.267368
vn -0.226579 0.952529 -0.203350
vn -0.325621 0.920916 -0.214207
vn 0.316456 -0.942963 0.103322
vn 0.237663 -0.966997 0.091835
vn 0.436863 -0.885581 0.157787
vn 0.316456 -0.942963 0.103322
vn 0.436863 -0.885581 0.157787
vn 0.278192 -0.948288 0.152839
vn 0.381753 -0.923602 0.034988
vn 0.246454 -0.968970 0.018899
vn 0.237663 -0.966997 0.091835
vn 0.381753 -0.923602 0.034988
vn 0.237663 -0.966997 0.091835
vn 0.316456 -0.942963 0.103322
vn 0.400678 -0.915399 0.038757
vn 0.246366 -0.968839 0.025578
vn 0.246454 -0.968970 0.018899
vn 0.400678 -0.915399 0.038757
vn 0.246454 -0.968970 0.018899
vn 0.381753 -0.923602 0.034988
vn 0.373722 -0.915713 0.147651
vn 0.235366 -0.962789 0.132819
vn 0.246366 -0.968839 0.025578
vn 0.373722 -0.915713 0.147651
vn 0.246366 -0.968839 0.025578
vn 0.400678 -0.915399 0.038757
vn 0.311490 -0.853370 0.418011
vn 0.210609 -0.894171 0.395099
vn 0.235366 -0.962789 0.132819
vn 0.311490 -0.853370 0.418011
vn 0.235366 -0.962789 0.132819
vn 0.373722 -0.915713 0.147651
vn 0.194949 -0.652798 0.732018
vn 0.176277 -0.684278 0.707594
vn 0.210609 -0.894171 0.395099
vn 0.194949 -0.652798 0.732018
vn 0.210609 -0.894171 0.395099
vn 0.311490 -0.853370 0.418011
vn 0.048865 -0.353100 0.934308
vn 0.152854 -0.370274 0.916261
vn 0.176277 -0.684278 0.707594
vn 0.048865 -0.353100 0.934308
vn 0.176277 -0.684278 0.707594
vn 0.194949 -0.652798 0.732018
vn -0.104528 -0.000001 0.994522
vn 0.144535 0.000000 0.989500
vn 0.152854 -0.370274 0.916261
vn -0.104528 -0.000001 0.994522
vn 0.152854 -0.370274 0.916261
vn 0.048865 -0.353100 0.934308
vn -0.242050 0.353101 0.903732
vn -0.340015 0.370274 0.864458
vn -0.347105 0.000000 0.937826
vn -0.242050 0.353101 0.903732
vn -0.347105 0.000000 0.937826
vn -0.104528 -0.000001 0.994522
vn -0.342885 0.652800 0.675487
vn -0.319542 0.684280 0.655480
vn -0.340015 0.370274 0.864458
vn -0.342885 0.652800 0.675487
vn -0.340015 0.370274 0.864458
vn -0.242050 0.353101 0.903732
vn -0.391594 0.853370 0.344113
vn -0.288151 0.894171 0.342676
vn -0.319542 0.684280 0.655480
vn -0.391594 0.853370 0.344113
vn -0.319542 0.684280 0.655480
vn -0.342885 0.652800 0.675487
vn -0.395187 0.917453 0.045899
vn -0.255891 0.965031 0.056880
vn -0.288151 0.894171 0.342676
vn -0.395187 0.917453 0.045899
vn -0.288151 0.894171 0.342676
vn -0.391594 0.853370 0.344113
vn -0.397991 0.914993 -0.066258
vn -0.243688 0.968543 -0.050400
vn -0.255891 0.965031 0.056880
vn -0.397991 0.914993 -0.066258
vn -0.255891 0.965031 0.056880
vn -0.395187 0.917453 0.045899
vn -0.372399 0.920943 -0.114813
vn -0.238256 0.966069 -0.099719
vn -0.243688 0.968543 -0.050400
vn -0.372399 0.920943 -0.114813
vn -0.243688 0.968543 -0.050400
vn -0.397991 0.914993 -0.066258
vn -0.325621 0.920916 -0.214207
vn -0.226579 0.952529 -0.203350
vn -0.238256 0.966069 -0.099719
vn -0.325621 0.920916 -0.214207
vn -0.238256 0.966069 -0.099719
vn -0.372399 0.920943 -0.114813
vn -0.612676 0.741635 -0.273141
vn -0.310479 0.912205 -0.267368
vn -0.325621 0.920916 -0.214207
vn -0.612676 0.741635 -0.273141
vn -0.325621 0.920916 -0.214207
vn -0.634156 0.738732 -0.228301
vn 0.612418 -0.779533 0.131427
vn 0.316456 -0.942963 0.103322
vn 0.278192 -0.948288 0.152839
vn 0.612418 -0.779533 0.131427
vn 0.278192 -0.948288 0.152839
vn 0.555479 -0.813856 0.170533
vn 0.700349 -0.710205 0.071560
vn 0.381753 -0.923602 0.034988
vn 0.316456 -0.942963 0.103322
vn 0.700349 -0.710205 0.071560
vn 0.316456 -0.942963 0.103322
vn 0.612418 -0.779533 0.131427
vn 0.725005 -0.685594 0.065786
vn 0.400678 -0.915399 0.038757
vn 0.381753 -0.923602 0.034988
vn 0.725005 -0.685594 0.065786
vn 0.381753 -0.923602 0.034988
vn 0.700349 -0.710205 0.071560
vn 0.696247 -0.696371 0.174091
vn 0.373722 -0.915713 0.147651
vn 0.400678 -0.915399 0.038757
vn 0.696247 -0.696371 0.174091
vn 0.400678 -0.915399 0.038757
vn 0.725005 -0.685594 0.065786
vn 0.609513 -0.653141 0.449333
vn 0.311490 -0.853370 0.418011
vn 0.373722 -0.915713 0.147651
vn 0.609513 -0.653141 0.449333
vn 0.373722 -0.915713 0.147651
vn 0.696247 -0.696371 0.174091
vn 0.422925 -0.499629 0.755980
vn 0.194949 -0.652798 0.732018
vn 0.311490 -0.853370 0.418011
vn 0.422925 -0.499629 0.755980
vn 0.311490 -0.853370 0.418011
vn 0.609513 -0.653141 0.449333
vn 0.172178 -0.270251 0.947269
vn 0.048865 -0.353100 0.934308
vn 0.194949 -0.652798 0.732018
vn 0.172178 -0.270251 0.947269
vn 0.194949 -0.652798 0.732018
vn 0.422925 -0.499629 0.755980
vn -0.104528 -0.000001 0.994522
vn -0.104528 -0.000001 0.994522
vn 0.048865 -0.353100 0.934308
vn -0.104528 -0.000001 0.994522
vn 0.048865 -0.353100 0.934308
vn 0.172178 -0.270251 0.947269
vn -0.365364 0.270252 0.890771
vn -0.242050 0.353101 0.903732
vn -0.104528 -0.000001 0.994522
vn -0.365364 0.270252 0.890771
vn -0.104528 -0.000001 0.994522
vn -0.104528 -0.000001 0.994522
vn -0.570860 0.499632 0.651527
vn -0.342885 0.652800 0.675487
vn -0.242050 0.353101 0.903732
vn -0.570860 0.499632 0.651527
vn -0.242050 0.353101 0.903732
vn -0.365364 0.270252 0.890771
vn -0.689615 0.653142 0.312790
vn -0.391594 0.853370 0.344113
vn -0.342885 0.652800 0.675487
vn -0.689615 0.653142 0.312790
vn -0.342885 0.652800 0.675487
vn -0.570860 0.499632 0.651527
vn -0.717154 0.696771 0.014170
vn -0.395187 0.917453 0.045899
vn -0.391594 0.853370 0.344113
vn -0.717154 0.696771 0.014170
vn -0.391594 0.853370 0.344113
vn -0.689615 0.653142 0.312790
vn -0.721856 0.685112 -0.097705
vn -0.397991 0.914993 -0.066258
vn -0.395187 0.917453 0.045899
vn -0.721856 0.685112 -0.097705
vn -0.395187 0.917453 0.045899
vn -0.717154 0.696771 0.014170
vn -0.692216 0.707446 -0.142678
vn -0.372399 0.920943 -0.114813
vn -0.397991 0.914993 -0.066258
vn -0.692216 0.707446 -0.142678
vn -0.397991 0.914993 -0.066258
vn -0.721856 0.685112 -0.097705
vn -0.634156 0.738732 -0.228301
vn -0.325621 0.920916 -0.214207
vn -0.372399 0.920943 -0.114813
vn -0.634156 0.738732 -0.228301
vn -0.372399 0.920943 -0.114813
vn -0.692216 0.707446 -0.142678
vn -0.875848 0.418513 -0.240287
vn -0.612676 0.741635 -0.273141
vn -0.634156 0.738732 -0.228301
vn -0.875848 0.418513 -0.240287
vn -0.634156 0.738732 -0.228301
vn -0.885666 0.414399 -0.209448
vn 0.862668 -0.488903 0.129527
vn 0.612418 -0.779533 0.131427
vn 0.555479 -0.813856 0.170533
vn 0.862668 -0.488903 0.129527
vn 0.555479 -0.813856 0.170533
vn 0.822233 -0.548106 0.153340
vn 0.915490 -0.392343 0.089137
vn 0.700349 -0.710205 0.071560
vn 0.612418 -0.779533 0.131427
vn 0.915490 -0.392343 0.089137
vn 0.612418 -0.779533 0.131427
vn 0.862668 -0.488903 0.129527
vn 0.928145 -0.363374 0.080657
vn 0.725005 -0.685594 0.065786
vn 0.700349 -0.710205 0.071560
vn 0.928145 -0.363374 0.080657
vn 0.700349 -0.710205 0.071560
vn 0.915490 -0.392343 0.089137
vn 0.907676 -0.374483 0.189437
vn 0.696247 -0.696371 0.174091
vn 0.725005 -0.685594 0.065786
vn 0.907676 -0.374483 0.189437
vn 0.725005 -0.685594 0.065786
vn 0.928145 -0.363374 0.080657
vn 0.808646 -0.353476 0.470262
vn 0.609513 -0.653141 0.449333
vn 0.696247 -0.696371 0.174091
vn 0.808646 -0.353476 0.470262
vn 0.696247 -0.696371 0.174091
vn 0.907676 -0.374483 0.189437
vn 0.575254 -0.270396 0.771990
vn 0.422925 -0.499629 0.755980
vn 0.609513 -0.653141 0.449333
vn 0.575254 -0.270396 0.771990
vn 0.609513 -0.653141 0.449333
vn 0.808646 -0.353476 0.470262
vn 0.254574 -0.146258 0.955929
vn 0.172178 -0.270251 0.947269
vn 0.422925 -0.499629 0.755980
vn 0.254574 -0.146258 0.955929
vn 0.422925 -0.499629 0.755980
vn 0.575254 -0.270396 0.771990
vn -0.104528 -0.000001 0.994522
vn -0.104528 -0.000001 0.994522
vn 0.172178 -0.270251 0.947269
vn -0.104528 -0.000001 0.994522
vn 0.172178 -0.270251 0.947269
vn 0.254574 -0.146258 0.955929
vn -0.447759 0.146261 0.882111
vn -0.365364 0.270252 0.890771
vn -0.104528 -0.000001 0.994522
vn -0.447759 0.146261 0.882111
vn -0.104528 -0.000001 0.994522
vn -0.104528 -0.000001 0.994522
vn -0.723187 0.270399 0.635519
vn -0.570860 0.499632 0.651527
vn -0.365364 0.270252 0.890771
vn -0.723187 0.270399 0.635519
vn -0.365364 0.270252 0.890771
vn -0.447759 0.146261 0.882111
vn -0.888746 0.353480 0.291860
vn -0.689615 0.653142 0.312790
vn -0.570860 0.499632 0.651527
vn -0.888746 0.353480 0.291860
vn -0.570860 0.499632 0.651527
vn -0.723187 0.270399 0.635519
vn -0.927301 0.374265 -0.006271
vn -0.717154 0.696771 0.014170
vn -0.689615 0.653142 0.312790
vn -0.927301 0.374265 -0.006271
vn -0.689615 0.653142 0.312790
vn -0.888746 0.353480 0.291860
vn -0.924411 0.363039 -0.116905
vn -0.721856 0.685112 -0.097705
vn -0.717154 0.696771 0.014170
vn -0.924411 0.363039 -0.116905
vn -0.717154 0.696771 0.014170
vn -0.927301 0.374265 -0.006271
vn -0.911130 0.383709 -0.150366
vn -0.692216 0.707446 -0.142678
vn -0.721856 0.685112 -0.097705
vn -0.911130 0.383709 -0.150366
vn -0.721856 0.685112 -0.097705
vn -0.924411 0.363039 -0.116905
vn -0.885666 0.414399 -0.209448
vn -0.634156 0.738732 -0.228301
vn -0.692216 0.707446 -0.142678
vn -0.885666 0.414399 -0.209448
vn -0.692216 0.707446 -0.142678
vn -0.911130 0.383709 -0.150366
vn -0.987902 -0.061541 -0.142349
vn -0.875848 0.418513 -0.240287
vn -0.885666 0.414399 -0.209448
vn -0.987902 -0.061541 -0.142349
vn -0.885666 0.414399 -0.209448
vn -0.989868 -0.035839 -0.137396
vn 0.996824 -0.042564 0.067307
vn 0.862668 -0.488903 0.129527
vn 0.822233 -0.548106 0.153340
vn 0.996824 -0.042564 0.067307
vn 0.822233 -0.548106 0.153340
vn 0.995554 -0.069549 0.063524
vn 0.997101 -0.008028 0.075660
vn 0.915490 -0.392343 0.089137
vn 0.862668 -0.488903 0.129527
vn 0.997101 -0.008028 0.075660
vn 0.862668 -0.488903 0.129527
vn 0.996824 -0.042564 0.067307
vn 0.996284 0.000002 0.086124
vn 0.928145 -0.363374 0.080657
vn 0.915490 -0.392343 0.089137
vn 0.996284 0.000002 0.086124
vn 0.915490 -0.392343 0.089137
vn 0.997101 -0.008028 0.075660
vn 0.980752 0.000002 0.195258
vn 0.907676 -0.374483 0.189437
vn 0.928145 -0.363374 0.080657
vn 0.980752 0.000002 0.195258
vn 0.928145 -0.363374 0.080657
vn 0.996284 0.000002 0.086124
vn 0.878572 0.000000 0.477610
vn 0.808646 -0.353476 0.470262
vn 0.907676 -0.374483 0.189437
vn 0.878572 0.000000 0.477610
vn 0.907676 -0.374483 0.189437
vn 0.980752 0.000002 0.195258
vn 0.628745 0.000000 0.777611
vn 0.575254 -0.270396 0.771990
vn 0.808646 -0.353476 0.470262
vn 0.628745 0.000000 0.777611
vn 0.808646 -0.353476 0.470262
vn 0.878572 0.000000 0.477610
vn 0.283507 0.000000 0.958970
vn 0.254574 -0.146258 0.955929
vn 0.575254 -0.270396 0.771990
vn 0.283507 0.000000 0.958970
vn 0.575254 -0.270396 0.771990
vn 0.628745 0.000000 0.777611
vn -0.104528 -0.000001 0.994522
vn -0.104528 -0.000001 0.994522
vn 0.254574 -0.146258 0.955929
vn -0.104528 -0.000001 0.994522
vn 0.254574 -0.146258 0.955929
vn 0.283507 0.000000 0.958970
vn -0.476692 -0.000000 0.879070
vn -0.447759 0.146261 0.882111
vn -0.104528 -0.000001 0.994522
vn -0.476692 -0.000000 0.879070
vn -0.104528 -0.000001 0.994522
vn -0.104528 -0.000001 0.994522
vn -0.776678 -0.000000 0.629897
vn -0.723187 0.270399 0.635519
vn -0.447759 0.146261 0.882111
vn -0.776678 -0.000000 0.629897
vn -0.447759 0.146261 0.882111
vn -0.476692 -0.000000 0.879070
vn -0.958673 0.000000 0.284509
vn -0.888746 0.353480 0.291860
vn -0.723187 0.270399 0.635519
vn -0.958673 0.000000 0.284509
vn -0.723187 0.270399 0.635519
vn -0.776678 -0.000000 0.629897
vn -0.999900 0.000002 -0.014171
vn -0.927301 0.374265 -0.006271
vn -0.888746 0.353480 0.291860
vn -0.999900 0.000002 -0.014171
vn -0.888746 0.353480 0.291860
vn -0.958673 0.000000 0.284509
vn -0.992265 0.000002 -0.124135
vn -0.924411 0.363039 -0.116905
vn -0.927301 0.374265 -0.006271
vn -0.992265 0.000002 -0.124135
vn -0.927301 0.374265 -0.006271
vn -0.999900 0.000002 -0.014171
vn -0.991430 -0.005179 -0.130537
vn -0.911130 0.383709 -0.150366
vn -0.924411 0.363039 -0.116905
vn -0.991430 -0.005179 -0.130537
vn -0.924411 0.363039 -0.116905
vn -0.992265 0.000002 -0.124135
vn -0.989868 -0.035839 -0.137396
vn -0.885666 0.414399 -0.209448
vn -0.911130 0.383709 -0.150366
vn -0.989868 -0.035839 -0.137396
vn -0.911130 0.383709 -0.150366
vn -0.991430 -0.005179 -0.130537
vn -0.876115 -0.481699 -0.019691
vn -0.987902 -0.061541 -0.142349
vn -0.989868 -0.035839 -0.137396
vn -0.876115 -0.481699 -0.019691
vn -0.989868 -0.035839 -0.137396
vn -0.894857 -0.444741 -0.037896
vn 0.914236 0.403635 -0.035372
vn 0.996824 -0.042564 0.067307
vn 0.995554 -0.069549 0.063524
vn 0.914236 0.403635 -0.035372
vn 0.995554 -0.069549 0.063524
vn 0.901499 0.427437 -0.067797
vn 0.928983 0.368460 0.035050
vn 0.997101 -0.008028 0.075660
vn 0.996824 -0.042564 0.067307
vn 0.928983 0.368460 0.035050
vn 0.996824 -0.042564 0.067307
vn 0.914236 0.403635 -0.035372
vn 0.927883 0.363389 0.083559
vn 0.996284 0.000002 0.086124
vn 0.997101 -0.008028 0.075660
vn 0.927883 0.363389 0.083559
vn 0.997101 -0.008028 0.075660
vn 0.928983 0.368460 0.035050
vn 0.907118 0.374377 0.192298
vn 0.980752 0.000002 0.195258
vn 0.996284 0.000002 0.086124
vn 0.907118 0.374377 0.192298
vn 0.996284 0.000002 0.086124
vn 0.927883 0.363389 0.083559
vn 0.808646 0.353476 0.470262
vn 0.878572 0.000000 0.477610
vn 0.980752 0.000002 0.195258
vn 0.808646 0.353476 0.470262
vn 0.980752 0.000002 0.195258
vn 0.907118 0.374377 0.192298
vn 0.575254 0.270396 0.771990
vn 0.628745 0.000000 0.777611
vn 0.878572 0.000000 0.477610
vn 0.575254 0.270396 0.771990
vn 0.878572 0.000000 0.477610
vn 0.808646 0.353476 0.470262
vn 0.254574 0.146258 0.955929
vn 0.283507 0.000000 0.958970
vn 0.628745 0.000000 0.777611
vn 0.254574 0.146258 0.955929
vn 0.628745 0.000000 0.777611
vn 0.575254 0.270396 0.771990
vn -0.104528 -0.000001 0.994522
vn -0.104528 -0.000001 0.994522
vn 0.283507 0.000000 0.958970
vn -0.104528 -0.000001 0.994522
vn 0.283507 0.000000 0.958970
vn 0.254574 0.146258 0.955929
vn -0.447759 -0.146261 0.882111
vn -0.476692 -0.000000 0.879070
vn -0.104528 -0.000001 0.994522
vn -0.447759 -0.146261 0.882111
vn -0.104528 -0.000001 0.994522
vn -0.104528 -0.000001 0.994522
vn -0.723187 -0.270400 0.635519
vn -0.776678 -0.000000 0.629897
vn -0.476692 -0.000000 0.879070
vn -0.723187 -0.270400 0.635519
vn -0.476692 -0.000000 0.879070
vn -0.447759 -0.146261 0.882111
vn -0.888746 -0.353481 0.291860
vn -0.958673 0.000000 0.284509
vn -0.776678 -0.000000 0.629897
vn -0.888746 -0.353481 0.291860
vn -0.776678 -0.000000 0.629897
vn -0.723187 -0.270400 0.635519
vn -0.927239 -0.374358 -0.009179
vn -0.999900 0.000002 -0.014171
vn -0.958673 0.000000 0.284509
vn -0.927239 -0.374358 -0.009179
vn -0.958673 0.000000 0.284509
vn -0.888746 -0.353481 0.291860
vn -0.924053 -0.363011 -0.119790
vn -0.992265 0.000002 -0.124135
vn -0.999900 0.000002 -0.014171
vn -0.924053 -0.363011 -0.119790
vn -0.999900 0.000002 -0.014171
vn -0.927239 -0.374358 -0.009179
vn -0.919743 -0.382260 -0.089161
vn -0.991430 -0.005179 -0.130537
vn -0.992265 0.000002 -0.124135
vn -0.919743 -0.382260 -0.089161
vn -0.992265 0.000002 -0.124135
vn -0.924053 -0.363011 -0.119790
vn -0.894857 -0.444741 -0.037896
vn -0.989868 -0.035839 -0.137396
vn -0.991430 -0.005179 -0.130537
vn -0.894857 -0.444741 -0.037896
vn -0.991430 -0.005179 -0.130537
vn -0.919743 -0.382260 -0.089161
vn -0.671134 -0.737582 0.074516
vn -0.876115 -0.481699 -0.019691
vn -0.894857 -0.444741 -0.037896
vn -0.671134 -0.737582 0.074516
vn -0.894857 -0.444741 -0.037896
vn -0.690147 -0.721992 0.049246
vn 0.699094 0.703435 -0.128243
vn 0.914236 0.403635 -0.035372
vn 0.901499 0.427437 -0.067797
vn 0.699094 0.703435 -0.128243
vn 0.901499 0.427437 -0.067797
vn 0.666071 0.725761 -0.172106
vn 0.733061 0.679967 -0.016305
vn 0.928983 0.368460 0.035050
vn 0.914236 0.403635 -0.035372
vn 0.733061 0.679967 -0.016305
vn 0.914236 0.403635 -0.035372
vn 0.699094 0.703435 -0.128243
vn 0.724473 0.685614 0.071220
vn 0.927883 0.363389 0.083559
vn 0.928983 0.368460 0.035050
vn 0.724473 0.685614 0.071220
vn 0.928983 0.368460 0.035050
vn 0.733061 0.679967 -0.016305
vn 0.695288 0.695969 0.179451
vn 0.907118 0.374377 0.192298
vn 0.927883 0.363389 0.083559
vn 0.695288 0.695969 0.179451
vn 0.927883 0.363389 0.083559
vn 0.724473 0.685614 0.071220
vn 0.609512 0.653142 0.449334
vn 0.808646 0.353476 0.470262
vn 0.907118 0.374377 0.192298
vn 0.609512 0.653142 0.449334
vn 0.907118 0.374377 0.192298
vn 0.695288 0.695969 0.179451
vn 0.422925 0.499629 0.755980
vn 0.575254 0.270396 0.771990
vn 0.808646 0.353476 0.470262
vn 0.422925 0.499629 0.755980
vn 0.808646 0.353476 0.470262
vn 0.609512 0.653142 0.449334
vn 0.172178 0.270251 0.947269
vn 0.254574 0.146258 0.955929
vn 0.575254 0.270396 0.771990
vn 0.172178 0.270251 0.947269
vn 0.575254 0.270396 0.771990
vn 0.422925 0.499629 0.755980
vn -0.104528 -0.000001 0.994522
vn -0.104528 -0.000001 0.994522
vn 0.254574 0.146258 0.955929
vn -0.104528 -0.000001 0.994522
vn 0.254574 0.146258 0.955929
vn 0.172178 0.270251 0.947269
vn -0.365364 -0.270252 0.890771
vn -0.447759 -0.146261 0.882111
vn -0.104528 -0.000001 0.994522
vn -0.365364 -0.270252 0.890771
vn -0.104528 -0.000001 0.994522
vn -0.104528 -0.000001 0.994522
vn -0.570860 -0.499632 0.651527
vn -0.723187 -0.270400 0.635519
vn -0.447759 -0.146261 0.882111
vn -0.570860 -0.499632 0.651527
vn -0.447759 -0.146261 0.882111
vn -0.365364 -0.270252 0.890771
vn -0.689614 -0.653142 0.312789
vn -0.888746 -0.353481 0.291860
vn -0.723187 -0.270400 0.635519
vn -0.689614 -0.653142 0.312789
vn -0.723187 -0.270400 0.635519
vn -0.570860 -0.499632 0.651527
vn -0.716925 -0.697096 0.008732
vn -0.927239 -0.374358 -0.009179
vn -0.888746 -0.353481 0.291860
vn -0.716925 -0.697096 0.008732
vn -0.888746 -0.353481 0.291860
vn -0.689614 -0.653142 0.312789
vn -0.721196 -0.685014 -0.103118
vn -0.924053 -0.363011 -0.119790
vn -0.927239 -0.374358 -0.009179
vn -0.721196 -0.685014 -0.103118
vn -0.927239 -0.374358 -0.009179
vn -0.716925 -0.697096 0.008732
vn -0.719577 -0.693313 -0.039069
vn -0.919743 -0.382260 -0.089161
vn -0.924053 -0.363011 -0.119790
vn -0.719577 -0.693313 -0.039069
vn -0.924053 -0.363011 -0.119790
vn -0.721196 -0.685014 -0.103118
vn -0.690147 -0.721992 0.049246
vn -0.894857 -0.444741 -0.037896
vn -0.919743 -0.382260 -0.089161
vn -0.690147 -0.721992 0.049246
vn -0.919743 -0.382260 -0.089161
vn -0.719577 -0.693313 -0.039069
vn -0.394568 -0.906591 0.149699
vn -0.671134 -0.737582 0.074516
vn -0.690147 -0.721992 0.049246
vn -0.394568 -0.906591 0.149699
vn -0.690147 -0.721992 0.049246
vn -0.400191 -0.908133 0.123051
vn 0.403977 0.891725 -0.204030
vn 0.699094 0.703435 -0.128243
vn 0.666071 0.725761 -0.172106
vn 0.403977 0.891725 -0.204030
vn 0.666071 0.725761 -0.172106
vn 0.379096 0.890851 -0.250340
vn 0.420308 0.904645 -0.070421
vn 0.733061 0.679967 -0.016305
vn 0.699094 0.703435 -0.128243
vn 0.420308 0.904645 -0.070421
vn 0.699094 0.703435 -0.128243
vn 0.403977 0.891725 -0.204030
vn 0.399934 0.915391 0.045957
vn 0.724473 0.685614 0.071220
vn 0.733061 0.679967 -0.016305
vn 0.399934 0.915391 0.045957
vn 0.733061 0.679967 -0.016305
vn 0.420308 0.904645 -0.070421
vn 0.372671 0.914967 0.154763
vn 0.695288 0.695969 0.179451
vn 0.724473 0.685614 0.071220
vn 0.372671 0.914967 0.154763
vn 0.724473 0.685614 0.071220
vn 0.399934 0.915391 0.045957
vn 0.311489 0.853370 0.418012
vn 0.609512 0.653142 0.449334
vn 0.695288 0.695969 0.179451
vn 0.311489 0.853370 0.418012
vn 0.695288 0.695969 0.179451
vn 0.372671 0.914967 0.154763
vn 0.194948 0.652798 0.732018
vn 0.422925 0.499629 0.755980
vn 0.609512 0.653142 0.449334
vn 0.194948 0.652798 0.732018
vn 0.609512 0.653142 0.449334
vn 0.311489 0.853370 0.418012
vn 0.048865 0.353101 0.934308
vn 0.172178 0.270251 0.947269
vn 0.422925 0.499629 0.755980
vn 0.048865 0.353101 0.934308
vn 0.422925 0.499629 0.755980
vn 0.194948 0.652798 0.732018
vn -0.104528 -0.000001 0.994522
vn -0.104528 -0.000001 0.994522
vn 0.172178 0.270251 0.947269
vn -0.104528 -0.000001 0.994522
vn 0.172178 0.270251 0.947269
vn 0.048865 0.353101 0.934308
vn -0.242050 -0.353101 0.903732
vn -0.365364 -0.270252 0.890771
vn -0.104528 -0.000001 0.994522
vn -0.242050 -0.353101 0.903732
vn -0.104528 -0.000001 0.994522
vn -0.104528 -0.000001 0.994522
vn -0.342885 -0.652799 0.675487
vn -0.570860 -0.499632 0.651527
vn -0.365364 -0.270252 0.890771
vn -0.342885 -0.652799 0.675487
vn -0.365364 -0.270252 0.890771
vn -0.242050 -0.353101 0.903732
vn -0.391593 -0.853370 0.344114
vn -0.689614 -0.653142 0.312789
vn -0.570860 -0.499632 0.651527
vn -0.391593 -0.853370 0.344114
vn -0.570860 -0.499632 0.651527
vn -0.342885 -0.652799 0.675487
vn -0.394673 -0.918006 0.038713
vn -0.716925 -0.697096 0.008732
vn -0.689614 -0.653142 0.312789
vn -0.394673 -0.918006 0.038713
vn -0.689614 -0.653142 0.312789
vn -0.391593 -0.853370 0.344114
vn -0.397163 -0.914805 -0.073444
vn -0.721196 -0.685014 -0.103118
vn -0.716925 -0.697096 0.008732
vn -0.397163 -0.914805 -0.073444
vn -0.716925 -0.697096 0.008732
vn -0.394673 -0.918006 0.038713
vn -0.406158 -0.913697 0.013895
vn -0.719577 -0.693313 -0.039069
vn -0.721196 -0.685014 -0.103118
vn -0.406158 -0.913697 0.013895
vn -0.721196 -0.685014 -0.103118
vn -0.397163 -0.914805 -0.073444
vn -0.400191 -0.908133 0.123051
vn -0.690147 -0.721992 0.049246
vn -0.719577 -0.693313 -0.039069
vn -0.400191 -0.908133 0.123051
vn -0.719577 -0.693313 -0.039069
vn -0.406158 -0.913697 0.013895
vn -0.021794 -0.978022 0.207359
vn -0.394568 -0.906591 0.149699
vn -0.400191 -0.908133 0.123051
vn -0.021794 -0.978022 0.207359
vn -0.400191 -0.908133 0.123051
vn -0.018926 -0.983474 0.180060
vn 0.027387 0.965067 -0.260569
vn 0.403977 0.891725 -0.204030
vn 0.379096 0.890851 -0.250340
vn 0.027387 0.965067 -0.260569
vn 0.379096 0.890851 -0.250340
vn 0.032068 0.951779 -0.305103
vn 0.012741 0.992543 -0.121225
vn 0.420308 0.904645 -0.070421
vn 0.403977 0.891725 -0.204030
vn 0.012741 0.992543 -0.121225
vn 0.403977 0.891725 -0.204030
vn 0.027387 0.965067 -0.260569
vn -0.000791 0.999971 0.007517
vn 0.399934 0.915391 0.045957
vn 0.420308 0.904645 -0.070421
vn -0.000791 0.999971 0.007517
vn 0.420308 0.904645 -0.070421
vn 0.012741 0.992543 -0.121225
vn -0.012415 0.992922 0.118117
vn 0.372671 0.914967 0.154763
vn 0.399934 0.915391 0.045957
vn -0.012415 0.992922 0.118117
vn 0.399934 0.915391 0.045957
vn -0.000791 0.999971 0.007517
vn -0.040052 0.923681 0.381064
vn 0.311489 0.853370 0.418012
vn 0.372671 0.914967 0.154763
vn -0.040052 0.923681 0.381064
vn 0.372671 0.914967 0.154763
vn -0.012415 0.992922 0.118117
vn -0.073968 0.706584 0.703753
vn 0.194948 0.652798 0.732018
vn 0.311489 0.853370 0.418012
vn -0.073968 0.706584 0.703753
vn 0.311489 0.853370 0.418012
vn -0.040052 0.923681 0.381064
vn -0.096593 0.382194 0.919020
vn 0.048865 0.353101 0.934308
vn 0.194948 0.652798 0.732018
vn -0.096593 0.382194 0.919020
vn 0.194948 0.652798 0.732018
vn -0.073968 0.706584 0.703753
vn -0.104528 -0.000001 0.994522
vn -0.104528 -0.000001 0.994522
vn 0.048865 0.353101 0.934308
vn -0.104528 -0.000001 0.994522
vn 0.048865 0.353101 0.934308
vn -0.096593 0.382194 0.919020
vn -0.096593 -0.382193 0.919020
vn -0.242050 -0.353101 0.903732
vn -0.104528 -0.000001 0.994522
vn -0.096593 -0.382193 0.919020
vn -0.104528 -0.000001 0.994522
vn -0.104528 -0.000001 0.994522
vn -0.073967 -0.706584 0.703753
vn -0.342885 -0.652799 0.675487
vn -0.242050 -0.353101 0.903732
vn -0.073967 -0.706584 0.703753
vn -0.242050 -0.353101 0.903732
vn -0.096593 -0.382193 0.919020
vn -0.040050 -0.923681 0.381063
vn -0.391593 -0.853370 0.344114
vn -0.342885 -0.652799 0.675487
vn -0.040050 -0.923681 0.381063
vn -0.342885 -0.652799 0.675487
vn -0.073967 -0.706584 0.703753
vn -0.008171 -0.996940 0.077747
vn -0.394673 -0.918006 0.038713
vn -0.391593 -0.853370 0.344114
vn -0.008171 -0.996940 0.077747
vn -0.391593 -0.853370 0.344114
vn -0.040050 -0.923681 0.381063
vn 0.003483 -0.999445 -0.033141
vn -0.397163 -0.914805 -0.073444
vn -0.394673 -0.918006 0.038713
vn 0.003483 -0.999445 -0.033141
vn -0.394673 -0.918006 0.038713
vn -0.008171 -0.996940 0.077747
vn -0.006666 -0.997965 0.063421
vn -0.406158 -0.913697 0.013895
vn -0.397163 -0.914805 -0.073444
vn -0.006666 -0.997965 0.063421
vn -0.397163 -0.914805 -0.073444
vn 0.003483 -0.999445 -0.033141
vn -0.018926 -0.983474 0.180060
vn -0.400191 -0.908133 0.123051
vn -0.406158 -0.913697 0.013895
vn -0.018926 -0.983474 0.180060
vn -0.406158 -0.913697 0.013895
vn -0.006666 -0.997965 0.063421
vn 0.354821 -0.906591 0.228463
vn -0.021794 -0.978022 0.207359
vn -0.018926 -0.983474 0.180060
vn 0.354821 -0.906591 0.228463
vn -0.018926 -0.983474 0.180060
vn 0.365863 -0.908133 0.203567
vn -0.352728 0.891726 -0.283563
vn 0.027387 0.965067 -0.260569
vn 0.032068 0.951779 -0.305103
vn -0.352728 0.891726 -0.283563
vn 0.032068 0.951779 -0.305103
vn -0.318762 0.890852 -0.323688
vn -0.396482 0.904645 -0.156269
vn 0.012741 0.992543 -0.121225
vn 0.027387 0.965067 -0.260569
vn -0.396482 0.904645 -0.156269
vn 0.027387 0.965067 -0.260569
vn -0.352728 0.891726 -0.283563
vn -0.400749 0.915391 -0.038198
vn -0.000791 0.999971 0.007517
vn 0.012741 0.992543 -0.121225
vn -0.400749 0.915391 -0.038198
vn 0.012741 0.992543 -0.121225
vn -0.396482 0.904645 -0.156269
vn -0.396704 0.914967 0.073899
vn -0.012415 0.992922 0.118117
vn -0.000791 0.999971 0.007517
vn -0.396704 0.914967 0.073899
vn -0.000791 0.999971 0.007517
vn -0.400749 0.915391 -0.038198
vn -0.391594 0.853370 0.344113
vn -0.040052 0.923681 0.381064
vn -0.012415 0.992922 0.118117
vn -0.391594 0.853370 0.344113
vn -0.012415 0.992922 0.118117
vn -0.396704 0.914967 0.073899
vn -0.342885 0.652800 0.675487
vn -0.073968 0.706584 0.703753
vn -0.040052 0.923681 0.381064
vn -0.342885 0.652800 0.675487
vn -0.040052 0.923681 0.381064
vn -0.391594 0.853370 0.344113
vn -0.242050 0.353101 0.903732
vn -0.096593 0.382194 0.919020
vn -0.073968 0.706584 0.703753
vn -0.242050 0.353101 0.903732
vn -0.073968 0.706584 0.703753
vn -0.342885 0.652800 0.675487
vn -0.104528 -0.000001 0.994522
vn -0.104528 -0.000001 0.994522
vn -0.096593 0.382194 0.919020
vn -0.104528 -0.000001 0.994522
vn -0.096593 0.382194 0.919020
vn -0.242050 0.353101 0.903732
vn 0.048865 -0.353100 0.934308
vn -0.096593 -0.382193 0.919020
vn -0.104528 -0.000001 0.994522
vn 0.048865 -0.353100 0.934308
vn -0.104528 -0.000001 0.994522
vn -0.104528 -0.000001 0.994522
vn 0.194949 -0.652798 0.732018
vn -0.073967 -0.706584 0.703753
vn -0.096593 -0.382193 0.919020
vn 0.194949 -0.652798 0.732018
vn -0.096593 -0.382193 0.919020
vn 0.048865 -0.353100 0.934308
vn 0.311490 -0.853370 0.418011
vn -0.040050 -0.923681 0.381063
vn -0.073967 -0.706584 0.703753
vn 0.311490 -0.853370 0.418011
vn -0.073967 -0.706584 0.703753
vn 0.194949 -0.652798 0.732018
vn 0.377999 -0.918006 0.119923
vn -0.008171 -0.996940 0.077747
vn -0.040050 -0.923681 0.381063
vn 0.377999 -0.918006 0.119923
vn -0.040050 -0.923681 0.381063
vn 0.311490 -0.853370 0.418011
vn 0.403754 -0.914805 0.010736
vn 0.003483 -0.999445 -0.033141
vn -0.008171 -0.996940 0.077747
vn 0.403754 -0.914805 0.010736
vn -0.008171 -0.996940 0.077747
vn 0.377999 -0.918006 0.119923
vn 0.394394 -0.913697 0.098036
vn -0.006666 -0.997965 0.063421
vn 0.003483 -0.999445 -0.033141
vn 0.394394 -0.913697 0.098036
vn 0.003483 -0.999445 -0.033141
vn 0.403754 -0.914805 0.010736
vn 0.365863 -0.908133 0.203567
vn -0.018926 -0.983474 0.180060
vn -0.006666 -0.997965 0.063421
vn 0.365863 -0.908133 0.203567
vn -0.006666 -0.997965 0.063421
vn 0.394394 -0.913697 0.098036
vn 0.640976 -0.737581 0.212424
vn 0.354821 -0.906591 0.228463
vn 0.365863 -0.908133 0.203567
vn 0.640976 -0.737581 0.212424
vn 0.365863 -0.908133 0.203567
vn 0.664828 -0.721990 0.191659
vn -0.657154 0.703435 -0.270790
vn -0.352728 0.891726 -0.283563
vn -0.318762 0.890852 -0.323688
vn -0.657154 0.703435 -0.270790
vn -0.318762 0.890852 -0.323688
vn -0.615732 0.725761 -0.306830
vn -0.713652 0.679967 -0.168361
vn -0.396482 0.904645 -0.156269
vn -0.352728 0.891726 -0.283563
vn -0.713652 0.679967 -0.168361
vn -0.352728 0.891726 -0.283563
vn -0.657154 0.703435 -0.270790
vn -0.723449 0.685615 -0.080963
vn -0.400749 0.915391 -0.038198
vn -0.396482 0.904645 -0.156269
vn -0.723449 0.685615 -0.080963
vn -0.396482 0.904645 -0.156269
vn -0.713652 0.679967 -0.168361
vn -0.717403 0.695969 0.030975
vn -0.396704 0.914967 0.073899
vn -0.400749 0.915391 -0.038198
vn -0.717403 0.695969 0.030975
vn -0.400749 0.915391 -0.038198
vn -0.723449 0.685615 -0.080963
vn -0.689615 0.653142 0.312790
vn -0.391594 0.853370 0.344113
vn -0.396704 0.914967 0.073899
vn -0.689615 0.653142 0.312790
vn -0.396704 0.914967 0.073899
vn -0.717403 0.695969 0.030975
vn -0.570860 0.499632 0.651527
vn -0.342885 0.652800 0.675487
vn -0.391594 0.853370 0.344113
vn -0.570860 0.499632 0.651527
vn -0.391594 0.853370 0.344113
vn -0.689615 0.653142 0.312790
vn -0.365364 0.270252 0.890771
vn -0.242050 0.353101 0.903732
vn -0.342885 0.652800 0.675487
vn -0.365364 0.270252 0.890771
vn -0.342885 0.652800 0.675487
vn -0.570860 0.499632 0.651527
vn -0.104528 -0.000001 0.994522
vn -0.104528 -0.000001 0.994522
vn -0.242050 0.353101 0.903732
vn -0.104528 -0.000001 0.994522
vn -0.242050 0.353101 0.903732
vn -0.365364 0.270252 0.890771
vn 0.172178 -0.270251 0.947269
vn 0.048865 -0.353100 0.934308
vn -0.104528 -0.000001 0.994522
vn 0.172178 -0.270251 0.947269
vn -0.104528 -0.000001 0.994522
vn -0.104528 -0.000001 0.994522
vn 0.422925 -0.499629 0.755980
vn 0.194949 -0.652798 0.732018
vn 0.048865 -0.353100 0.934308
vn 0.422925 -0.499629 0.755980
vn 0.048865 -0.353100 0.934308
vn 0.172178 -0.270251 0.947269
vn 0.609513 -0.653141 0.449333
vn 0.311490 -0.853370 0.418011
vn 0.194949 -0.652798 0.732018
vn 0.609513 -0.653141 0.449333
vn 0.194949 -0.652798 0.732018
vn 0.422925 -0.499629 0.755980
vn 0.699442 -0.697097 0.157597
vn 0.377999 -0.918006 0.119923
vn 0.311490 -0.853370 0.418011
vn 0.699442 -0.697097 0.157597
vn 0.311490 -0.853370 0.418011
vn 0.609513 -0.653141 0.449333
vn 0.726874 -0.685014 0.049081
vn 0.403754 -0.914805 0.010736
vn 0.377999 -0.918006 0.119923
vn 0.726874 -0.685014 0.049081
vn 0.377999 -0.918006 0.119923
vn 0.699442 -0.697097 0.157597
vn 0.711977 -0.693312 0.111393
vn 0.394394 -0.913697 0.098036
vn 0.403754 -0.914805 0.010736
vn 0.711977 -0.693312 0.111393
vn 0.403754 -0.914805 0.010736
vn 0.726874 -0.685014 0.049081
vn 0.664828 -0.721990 0.191659
vn 0.365863 -0.908133 0.203567
vn 0.394394 -0.913697 0.098036
vn 0.664828 -0.721990 0.191659
vn 0.394394 -0.913697 0.098036
vn 0.711977 -0.693312 0.111393
vn 0.861064 -0.481699 0.162893
vn 0.640976 -0.737581 0.212424
vn 0.664828 -0.721990 0.191659
vn 0.861064 -0.481699 0.162893
vn 0.664828 -0.721990 0.191659
vn 0.883182 -0.444740 0.148984
vn -0.886904 0.403635 -0.224680
vn -0.657154 0.703435 -0.270790
vn -0.615732 0.725761 -0.306830
vn -0.886904 0.403635 -0.224680
vn -0.615732 0.725761 -0.306830
vn -0.867704 0.427437 -0.253747
vn -0.915969 0.368460 -0.158863
vn -0.713652 0.679967 -0.168361
vn -0.657154 0.703435 -0.270790
vn -0.915969 0.368460 -0.158863
vn -0.657154 0.703435 -0.270790
vn -0.886904 0.403635 -0.224680
vn -0.924978 0.363390 -0.111185
vn -0.723449 0.685615 -0.080963
vn -0.713652 0.679967 -0.168361
vn -0.924978 0.363390 -0.111185
vn -0.713652 0.679967 -0.168361
vn -0.915969 0.368460 -0.158863
vn -0.927276 0.374379 -0.000500
vn -0.717403 0.695969 0.030975
vn -0.723449 0.685615 -0.080963
vn -0.927276 0.374379 -0.000500
vn -0.723449 0.685615 -0.080963
vn -0.924978 0.363390 -0.111185
vn -0.888746 0.353480 0.291860
vn -0.689615 0.653142 0.312790
vn -0.717403 0.695969 0.030975
vn -0.888746 0.353480 0.291860
vn -0.717403 0.695969 0.030975
vn -0.927276 0.374379 -0.000500
vn -0.723187 0.270399 0.635519
vn -0.570860 0.499632 0.651527
vn -0.689615 0.653142 0.312790
vn -0.723187 0.270399 0.635519
vn -0.689615 0.653142 0.312790
vn -0.888746 0.353480 0.291860
vn -0.447759 0.146261 0.882111
vn -0.365364 0.270252 0.890771
vn -0.570860 0.499632 0.651527
vn -0.447759 0.146261 0.882111
vn -0.570860 0.499632 0.651527
vn -0.723187 0.270399 0.635519
vn -0.104528 -0.000001 0.994522
vn -0.104528 -0.000001 0.994522
vn -0.365364 0.270252 0.890771
vn -0.104528 -0.000001 0.994522
vn -0.365364 0.270252 0.890771
vn -0.447759 0.146261 0.882111
vn 0.254574 -0.146258 0.955929
vn 0.172178 -0.270251 0.947269
vn -0.104528 -0.000001 0.994522
vn 0.254574 -0.146258 0.955929
vn -0.104528 -0.000001 0.994522
vn -0.104528 -0.000001 0.994522
vn 0.575254 -0.270396 0.771990
vn 0.422925 -0.499629 0.755980
vn 0.172178 -0.270251 0.947269
vn 0.575254 -0.270396 0.771990
vn 0.172178 -0.270251 0.947269
vn 0.254574 -0.146258 0.955929
vn 0.808646 -0.353476 0.470262
vn 0.609513 -0.653141 0.449333
vn 0.422925 -0.499629 0.755980
vn 0.808646 -0.353476 0.470262
vn 0.422925 -0.499629 0.755980
vn 0.575254 -0.270396 0.771990
vn 0.908886 -0.374355 0.183804
vn 0.699442 -0.697097 0.157597
vn 0.609513 -0.653141 0.449333
vn 0.908886 -0.374355 0.183804
vn 0.609513 -0.653141 0.449333
vn 0.808646 -0.353476 0.470262
vn 0.928766 -0.363009 0.074949
vn 0.726874 -0.685014 0.049081
vn 0.699442 -0.697097 0.157597
vn 0.928766 -0.363009 0.074949
vn 0.699442 -0.697097 0.157597
vn 0.908886 -0.374355 0.183804
vn 0.918183 -0.382259 0.104012
vn 0.711977 -0.693312 0.111393
vn 0.726874 -0.685014 0.049081
vn 0.918183 -0.382259 0.104012
vn 0.726874 -0.685014 0.049081
vn 0.928766 -0.363009 0.074949
vn 0.883182 -0.444740 0.148984
vn 0.664828 -0.721990 0.191659
vn 0.711977 -0.693312 0.111393
vn 0.883182 -0.444740 0.148984
vn 0.711977 -0.693312 0.111393
vn 0.918183 -0.382259 0.104012
vn 0.995909 -0.061543 0.066157
vn 0.861064 -0.481699 0.162893
vn 0.883182 -0.444740 0.148984
vn 0.995909 -0.061543 0.066157
vn 0.883182 -0.444740 0.148984
vn 0.996803 -0.035840 0.071411
vn -0.989035 -0.042564 -0.141415
vn -0.886904 0.403635 -0.224680
vn -0.867704 0.427437 -0.253747
vn -0.989035 -0.042564 -0.141415
vn -0.867704 0.427437 -0.253747
vn -0.987006 -0.069547 -0.144851
vn -0.991043 -0.008028 -0.133303
vn -0.915969 0.368460 -0.158863
vn -0.886904 0.403635 -0.224680
vn -0.991043 -0.008028 -0.133303
vn -0.886904 0.403635 -0.224680
vn -0.989035 -0.042564 -0.141415
vn -0.992419 0.000002 -0.122897
vn -0.924978 0.363390 -0.111185
vn -0.915969 0.368460 -0.158863
vn -0.992419 0.000002 -0.122897
vn -0.915969 0.368460 -0.158863
vn -0.991043 -0.008028 -0.133303
vn -0.999917 0.000002 -0.012916
vn -0.927276 0.374379 -0.000500
vn -0.924978 0.363390 -0.111185
vn -0.999917 0.000002 -0.012916
vn -0.924978 0.363390 -0.111185
vn -0.992419 0.000002 -0.122897
vn -0.958673 0.000000 0.284509
vn -0.888746 0.353480 0.291860
vn -0.927276 0.374379 -0.000500
vn -0.958673 0.000000 0.284509
vn -0.927276 0.374379 -0.000500
vn -0.999917 0.000002 -0.012916
vn -0.776678 -0.000000 0.629897
vn -0.723187 0.270399 0.635519
vn -0.888746 0.353480 0.291860
vn -0.776678 -0.000000 0.629897
vn -0.888746 0.353480 0.291860
vn -0.958673 0.000000 0.284509
vn -0.476692 -0.000000 0.879070
vn -0.447759 0.146261 0.882111
vn -0.723187 0.270399 0.635519
vn -0.476692 -0.000000 0.879070
vn -0.723187 0.270399 0.635519
vn -0.776678 -0.000000 0.629897
vn -0.104528 -0.000001 0.994522
vn -0.104528 -0.000001 0.994522
vn -0.447759 0.146261 0.882111
vn -0.104528 -0.000001 0.994522
vn -0.447759 0.146261 0.882111
vn -0.476692 -0.000000 0.879070
vn 0.283507 0.000000 0.958970
vn 0.254574 -0.146258 0.955929
vn -0.104528 -0.000001 0.994522
vn 0.283507 0.000000 0.958970
vn -0.104528 -0.000001 0.994522
vn -0.104528 -0.000001 0.994522
vn 0.628745 0.000000 0.777611
vn 0.575254 -0.270396 0.771990
vn 0.254574 -0.146258 0.955929
vn 0.628745 0.000000 0.777611
vn 0.254574 -0.146258 0.955929
vn 0.283507 0.000000 0.958970
vn 0.878572 0.000000 0.477610
vn 0.808646 -0.353476 0.470262
vn 0.575254 -0.270396 0.771990
vn 0.878572 0.000000 0.477610
vn 0.575254 -0.270396 0.771990
vn 0.628745 0.000000 0.777611
vn 0.980996 0.000002 0.194026
vn 0.908886 -0.374355 0.183804
vn 0.808646 -0.353476 0.470262
vn 0.980996 0.000002 0.194026
vn 0.808646 -0.353476 0.470262
vn 0.878572 0.000000 0.477610
vn 0.996391 0.000002 0.084882
vn 0.928766 -0.363009 0.074949
vn 0.908886 -0.374355 0.183804
vn 0.996391 0.000002 0.084882
vn 0.908886 -0.374355 0.183804
vn 0.980996 0.000002 0.194026
vn 0.996905 -0.005179 0.078445
vn 0.918183 -0.382259 0.104012
vn 0.928766 -0.363009 0.074949
vn 0.996905 -0.005179 0.078445
vn 0.928766 -0.363009 0.074949
vn 0.996391 0.000002 0.084882
vn 0.996803 -0.035840 0.071411
vn 0.883182 -0.444740 0.148984
vn 0.918183 -0.382259 0.104012
vn 0.996803 -0.035840 0.071411
vn 0.918183 -0.382259 0.104012
vn 0.996905 -0.005179 0.078445
vn 0.906667 0.418512 -0.052938
vn 0.995909 -0.061543 0.066157
vn 0.996803 -0.035840 0.071411
vn 0.906667 0.418512 -0.052938
vn 0.996803 -0.035840 0.071411
vn 0.909860 0.414398 -0.020731
vn -0.870747 -0.488903 -0.052662
vn -0.989035 -0.042564 -0.141415
vn -0.987006 -0.069547 -0.144851
vn -0.870747 -0.488903 -0.052662
vn -0.987006 -0.069547 -0.144851
vn -0.836147 -0.548105 -0.020963
vn -0.914016 -0.392344 -0.103152
vn -0.991043 -0.008028 -0.133303
vn -0.989035 -0.042564 -0.141415
vn -0.914016 -0.392344 -0.103152
vn -0.989035 -0.042564 -0.141415
vn -0.870747 -0.488903 -0.052662
vn -0.924632 -0.363376 -0.114078
vn -0.992419 0.000002 -0.122897
vn -0.991043 -0.008028 -0.133303
vn -0.924632 -0.363376 -0.114078
vn -0.991043 -0.008028 -0.133303
vn -0.914016 -0.392344 -0.103152
vn -0.927227 -0.374485 -0.003415
vn -0.999917 0.000002 -0.012916
vn -0.992419 0.000002 -0.122897
vn -0.927227 -0.374485 -0.003415
vn -0.992419 0.000002 -0.122897
vn -0.924632 -0.363376 -0.114078
vn -0.888746 -0.353481 0.291860
vn -0.958673 0.000000 0.284509
vn -0.999917 0.000002 -0.012916
vn -0.888746 -0.353481 0.291860
vn -0.999917 0.000002 -0.012916
vn -0.927227 -0.374485 -0.003415
vn -0.723187 -0.270400 0.635519
vn -0.776678 -0.000000 0.629897
vn -0.958673 0.000000 0.284509
vn -0.723187 -0.270400 0.635519
vn -0.958673 0.000000 0.284509
vn -0.888746 -0.353481 0.291860
vn -0.447759 -0.146261 0.882111
vn -0.476692 -0.000000 0.879070
vn -0.776678 -0.000000 0.629897
vn -0.447759 -0.146261 0.882111
vn -0.776678 -0.000000 0.629897
vn -0.723187 -0.270400 0.635519
vn -0.104528 -0.000001 0.994522
vn -0.104528 -0.000001 0.994522
vn -0.476692 -0.000000 0.879070
vn -0.104528 -0.000001 0.994522
vn -0.476692 -0.000000 0.879070
vn -0.447759 -0.146261 0.882111
vn 0.254574 0.146258 0.955929
vn 0.283507 0.000000 0.958970
vn -0.104528 -0.000001 0.994522
vn 0.254574 0.146258 0.955929
vn -0.104528 -0.000001 0.994522
vn -0.104528 -0.000001 0.994522
vn 0.575254 0.270396 0.771990
vn 0.628745 0.000000 0.777611
vn 0.283507 0.000000 0.958970
vn 0.575254 0.270396 0.771990
vn 0.283507 0.000000 0.958970
vn 0.254574 0.146258 0.955929
vn 0.808646 0.353476 0.470262
vn 0.878572 0.000000 0.477610
vn 0.628745 0.000000 0.777611
vn 0.808646 0.353476 0.470262
vn 0.628745 0.000000 0.777611
vn 0.575254 0.270396 0.771990
vn 0.908342 0.374262 0.186661
vn 0.980996 0.000002 0.194026
vn 0.878572 0.000000 0.477610
vn 0.908342 0.374262 0.186661
vn 0.878572 0.000000 0.477610
vn 0.808646 0.353476 0.470262
vn 0.928517 0.363037 0.077846
vn 0.996391 0.000002 0.084882
vn 0.980996 0.000002 0.194026
vn 0.928517 0.363037 0.077846
vn 0.980996 0.000002 0.194026
vn 0.908342 0.374262 0.186661
vn 0.922483 0.383708 0.042354
vn 0.996905 -0.005179 0.078445
vn 0.996391 0.000002 0.084882
vn 0.922483 0.383708 0.042354
vn 0.996391 0.000002 0.084882
vn 0.928517 0.363037 0.077846
vn 0.909860 0.414398 -0.020731
vn 0.996803 -0.035840 0.071411
vn 0.996905 -0.005179 0.078445
vn 0.909860 0.414398 -0.020731
vn 0.996905 -0.005179 0.078445
vn 0.922483 0.383708 0.042354
vn 0.656077 0.741635 -0.139790
vn 0.906667 0.418512 -0.052938
vn 0.909860 0.414398 -0.020731
vn 0.656077 0.741635 -0.139790
vn 0.909860 0.414398 -0.020731
vn 0.667766 0.738730 -0.091463
vn -0.626359 -0.779534 0.001226
vn -0.870747 -0.488903 -0.052662
vn -0.836147 -0.548105 -0.020963
vn -0.626359 -0.779534 0.001226
vn -0.836147 -0.548105 -0.020963
vn -0.578795 -0.813857 0.051316
vn -0.699922 -0.710205 -0.075615
vn -0.914016 -0.392344 -0.103152
vn -0.870747 -0.488903 -0.052662
vn -0.699922 -0.710205 -0.075615
vn -0.870747 -0.488903 -0.052662
vn -0.626359 -0.779534 0.001226
vn -0.722839 -0.685595 -0.086389
vn -0.924632 -0.363376 -0.114078
vn -0.914016 -0.392344 -0.103152
vn -0.722839 -0.685595 -0.086389
vn -0.914016 -0.392344 -0.103152
vn -0.699922 -0.710205 -0.075615
vn -0.717227 -0.696371 0.025533
vn -0.927227 -0.374485 -0.003415
vn -0.924632 -0.363376 -0.114078
vn -0.717227 -0.696371 0.025533
vn -0.924632 -0.363376 -0.114078
vn -0.722839 -0.685595 -0.086389
vn -0.689614 -0.653142 0.312789
vn -0.888746 -0.353481 0.291860
vn -0.927227 -0.374485 -0.003415
vn -0.689614 -0.653142 0.312789
vn -0.927227 -0.374485 -0.003415
vn -0.717227 -0.696371 0.025533
vn -0.570860 -0.499632 0.651527
vn -0.723187 -0.270400 0.635519
vn -0.888746 -0.353481 0.291860
vn -0.570860 -0.499632 0.651527
vn -0.888746 -0.353481 0.291860
vn -0.689614 -0.653142 0.312789
vn -0.365364 -0.270252 0.890771
vn -0.447759 -0.146261 0.882111
vn -0.723187 -0.270400 0.635519
vn -0.365364 -0.270252 0.890771
vn -0.723187 -0.270400 0.635519
vn -0.570860 -0.499632 0.651527
vn -0.104528 -0.000001 0.994522
vn -0.104528 -0.000001 0.994522
vn -0.447759 -0.146261 0.882111
vn -0.104528 -0.000001 0.994522
vn -0.447759 -0.146261 0.882111
vn -0.365364 -0.270252 0.890771
vn 0.172178 0.270251 0.947269
vn 0.254574 0.146258 0.955929
vn -0.104528 -0.000001 0.994522
vn 0.172178 0.270251 0.947269
vn -0.104528 -0.000001 0.994522
vn -0.104528 -0.000001 0.994522
vn 0.422925 0.499629 0.755980
vn 0.575254 0.270396 0.771990
vn 0.254574 0.146258 0.955929
vn 0.422925 0.499629 0.755980
vn 0.254574 0.146258 0.955929
vn 0.172178 0.270251 0.947269
vn 0.609512 0.653142 0.449334
vn 0.808646 0.353476 0.470262
vn 0.575254 0.270396 0.771990
vn 0.609512 0.653142 0.449334
vn 0.575254 0.270396 0.771990
vn 0.422925 0.499629 0.755980
vn 0.698535 0.696772 0.162963
vn 0.908342 0.374262 0.186661
vn 0.808646 0.353476 0.470262
vn 0.698535 0.696772 0.162963
vn 0.808646 0.353476 0.470262
vn 0.609512 0.653142 0.449334
vn 0.726395 0.685113 0.054512
vn 0.928517 0.363037 0.077846
vn 0.908342 0.374262 0.186661
vn 0.726395 0.685113 0.054512
vn 0.908342 0.374262 0.186661
vn 0.698535 0.696772 0.162963
vn 0.706755 0.707445 0.004360
vn 0.922483 0.383708 0.042354
vn 0.928517 0.363037 0.077846
vn 0.706755 0.707445 0.004360
vn 0.928517 0.363037 0.077846
vn 0.726395 0.685113 0.054512
vn 0.667766 0.738730 -0.091463
vn 0.909860 0.414398 -0.020731
vn 0.922483 0.383708 0.042354
vn 0.667766 0.738730 -0.091463
vn 0.922483 0.383708 0.042354
vn 0.706755 0.707445 0.004360
vn 0.359284 0.912204 -0.196973
vn 0.656077 0.741635 -0.139790
vn 0.667766 0.738730 -0.091463
vn 0.359284 0.912204 -0.196973
vn 0.667766 0.738730 -0.091463
vn 0.363044 0.920915 -0.141825
vn -0.331023 -0.942964 0.035269
vn -0.626359 -0.779534 0.001226
vn -0.578795 -0.813857 0.051316
vn -0.331023 -0.942964 0.035269
vn -0.578795 -0.813857 0.051316
vn -0.303890 -0.948288 0.091659
vn -0.380685 -0.923602 -0.045147
vn -0.699922 -0.710205 -0.075615
vn -0.626359 -0.779534 0.001226
vn -0.380685 -0.923602 -0.045147
vn -0.626359 -0.779534 0.001226
vn -0.331023 -0.942964 0.035269
vn -0.399980 -0.915399 -0.045396
vn -0.722839 -0.685595 -0.086389
vn -0.699922 -0.710205 -0.075615
vn -0.399980 -0.915399 -0.045396
vn -0.699922 -0.710205 -0.075615
vn -0.380685 -0.923602 -0.045147
vn -0.396254 -0.915713 0.066724
vn -0.717227 -0.696371 0.025533
vn -0.722839 -0.685595 -0.086389
vn -0.396254 -0.915713 0.066724
vn -0.722839 -0.685595 -0.086389
vn -0.399980 -0.915399 -0.045396
vn -0.391593 -0.853370 0.344114
vn -0.689614 -0.653142 0.312789
vn -0.717227 -0.696371 0.025533
vn -0.391593 -0.853370 0.344114
vn -0.717227 -0.696371 0.025533
vn -0.396254 -0.915713 0.066724
vn -0.342885 -0.652799 0.675487
vn -0.570860 -0.499632 0.651527
vn -0.689614 -0.653142 0.312789
vn -0.342885 -0.652799 0.675487
vn -0.689614 -0.653142 0.312789
vn -0.391593 -0.853370 0.344114
vn -0.242050 -0.353101 0.903732
vn -0.365364 -0.270252 0.890771
vn -0.570860 -0.499632 0.651527
vn -0.242050 -0.353101 0.903732
vn -0.570860 -0.499632 0.651527
vn -0.342885 -0.652799 0.675487
vn -0.104528 -0.000001 0.994522
vn -0.104528 -0.000001 0.994522
vn -0.365364 -0.270252 0.890771
vn -0.104528 -0.000001 0.994522
vn -0.365364 -0.270252 0.890771
vn -0.242050 -0.353101 0.903732
vn 0.048865 0.353101 0.934308
vn 0.172178 0.270251 0.947269
vn -0.104528 -0.000001 0.994522
vn 0.048865 0.353101 0.934308
vn -0.104528 -0.000001 0.994522
vn -0.104528 -0.000001 0.994522
vn 0.194948 0.652798 0.732018
vn 0.422925 0.499629 0.755980
vn 0.172178 0.270251 0.947269
vn 0.194948 0.652798 0.732018
vn 0.172178 0.270251 0.947269
vn 0.048865 0.353101 0.934308
vn 0.311489 0.853370 0.418012
vn 0.609512 0.653142 0.449334
vn 0.422925 0.499629 0.755980
vn 0.311489 0.853370 0.418012
vn 0.422925 0.499629 0.755980
vn 0.194948 0.652798 0.732018
vn 0.377008 0.917453 0.127058
vn 0.698535 0.696772 0.162963
vn 0.609512 0.653142 0.449334
vn 0.377008 0.917453 0.127058
vn 0.609512 0.653142 0.449334
vn 0.311489 0.853370 0.418012
vn 0.403070 0.914993 0.017937
vn 0.726395 0.685113 0.054512
vn 0.698535 0.696772 0.162963
vn 0.403070 0.914993 0.017937
vn 0.698535 0.696772 0.162963
vn 0.377008 0.917453 0.127058
vn 0.388134 0.920943 -0.034878
vn 0.706755 0.707445 0.004360
vn 0.726395 0.685113 0.054512
vn 0.388134 0.920943 -0.034878
vn 0.726395 0.685113 0.054512
vn 0.403070 0.914993 0.017937
vn 0.363044 0.920915 -0.141825
vn 0.667766 0.738730 -0.091463
vn 0.706755 0.707445 0.004360
vn 0.363044 0.920915 -0.141825
vn 0.706755 0.707445 0.004360
vn 0.388134 0.920943 -0.034878
vn 0.472724 0.865275 -0.166827
vn 0.359284 0.912204 -0.196973
vn 0.363044 0.920915 -0.141825
vn 0.472724 0.865275 -0.166827
vn 0.363044 0.920915 -0.141825
vn 0.263906 0.952529 -0.151798
vn -0.251564 -0.966997 0.040415
vn -0.331023 -0.942964 0.035269
vn -0.303890 -0.948288 0.091659
vn -0.251564 -0.966997 0.040415
vn -0.303890 -0.948288 0.091659
vn -0.460123 -0.885581 0.063510
vn -0.244998 -0.968970 -0.032754
vn -0.380685 -0.923602 -0.045147
vn -0.331023 -0.942964 0.035269
vn -0.244998 -0.968970 -0.032754
vn -0.331023 -0.942964 0.035269
vn -0.251564 -0.966997 0.040415
vn -0.246301 -0.968839 -0.026204
vn -0.399980 -0.915399 -0.045396
vn -0.380685 -0.923602 -0.045147
vn -0.246301 -0.968839 -0.026204
vn -0.380685 -0.923602 -0.045147
vn -0.244998 -0.968970 -0.032754
vn -0.257838 -0.962789 0.080981
vn -0.396254 -0.915713 0.066724
vn -0.399980 -0.915399 -0.045396
vn -0.257838 -0.962789 0.080981
vn -0.399980 -0.915399 -0.045396
vn -0.246301 -0.968839 -0.026204
vn -0.288153 -0.894170 0.342677
vn -0.391593 -0.853370 0.344114
vn -0.396254 -0.915713 0.066724
vn -0.288153 -0.894170 0.342677
vn -0.396254 -0.915713 0.066724
vn -0.257838 -0.962789 0.080981
vn -0.319543 -0.684278 0.655481
vn -0.342885 -0.652799 0.675487
vn -0.391593 -0.853370 0.344114
vn -0.319543 -0.684278 0.655481
vn -0.391593 -0.853370 0.344114
vn -0.288153 -0.894170 0.342677
vn -0.340014 -0.370274 0.864458
vn -0.242050 -0.353101 0.903732
vn -0.342885 -0.652799 0.675487
vn -0.340014 -0.370274 0.864458
vn -0.342885 -0.652799 0.675487
vn -0.319543 -0.684278 0.655481
vn -0.347105 0.000000 0.937826
vn -0.104528 -0.000001 0.994522
vn -0.242050 -0.353101 0.903732
vn -0.347105 0.000000 0.937826
vn -0.242050 -0.353101 0.903732
vn -0.340014 -0.370274 0.864458
vn 0.152853 0.370274 0.916260
vn 0.048865 0.353101 0.934308
vn -0.104528 -0.000001 0.994522
vn 0.152853 0.370274 0.916260
vn -0.104528 -0.000001 0.994522
vn 0.144535 0.000000 0.989500
vn 0.176279 0.684280 0.707593
vn 0.194948 0.652798 0.732018
vn 0.048865 0.353101 0.934308
vn 0.176279 0.684280 0.707593
vn 0.048865 0.353101 0.934308
vn 0.152853 0.370274 0.916260
vn 0.210610 0.894171 0.395098
vn 0.311489 0.853370 0.418012
vn 0.194948 0.652798 0.732018
vn 0.210610 0.894171 0.395098
vn 0.194948 0.652798 0.732018
vn 0.176279 0.684280 0.707593
vn 0.238474 0.965031 0.108840
vn 0.377008 0.917453 0.127058
vn 0.311489 0.853370 0.418012
vn 0.238474 0.965031 0.108840
vn 0.311489 0.853370 0.418012
vn 0.210610 0.894171 0.395098
vn 0.248842 0.968543 0.001367
vn 0.403070 0.914993 0.017937
vn 0.377008 0.917453 0.127058
vn 0.248842 0.968543 0.001367
vn 0.377008 0.917453 0.127058
vn 0.238474 0.965031 0.108840
vn 0.253782 0.966070 -0.048004
vn 0.388134 0.920943 -0.034878
vn 0.403070 0.914993 0.017937
vn 0.253782 0.966070 -0.048004
vn 0.403070 0.914993 0.017937
vn 0.248842 0.968543 0.001367
vn 0.263906 0.952529 -0.151798
vn 0.363044 0.920915 -0.141825
vn 0.388134 0.920943 -0.034878
vn 0.263906 0.952529 -0.151798
vn 0.388134 0.920943 -0.034878
vn 0.253782 0.966070 -0.048004
vn -0.560145 -0.828393 -0.001601
vn -0.574594 -0.815750 -0.066289
vn -0.582980 -0.810152 -0.061538
vn -0.560145 -0.828393 -0.001601
vn -0.582980 -0.810152 -0.061538
vn -0.587349 -0.808811 0.029063
vn -0.560145 -0.828393 -0.001601
vn -0.587349 -0.808811 0.029063
vn -0.604083 -0.756072 0.251869
vn -0.560145 -0.828393 -0.001601
vn -0.604083 -0.756072 0.251869
vn -0.606994 -0.590981 0.531318
vn -0.560145 -0.828393 -0.001601
vn -0.606994 -0.590981 0.531318
vn -0.587094 -0.329522 0.739416
vn -0.560145 -0.828393 -0.001601
vn -0.587094 -0.329522 0.739416
vn -0.570707 0.000000 0.821154
vn -0.560145 -0.828393 -0.001601
vn -0.570707 0.000000 0.821154
vn -0.587093 0.329523 0.739416
vn -0.560145 -0.828393 -0.001601
vn -0.587093 0.329523 0.739416
vn -0.606994 0.590983 0.531317
vn -0.560145 -0.828393 -0.001601
vn -0.606994 0.590983 0.531317
vn -0.604083 0.756073 0.251869
vn -0.560145 -0.828393 -0.001601
vn -0.604083 0.756073 0.251869
vn -0.586297 0.810050 0.008699
vn -0.560145 -0.828393 -0.001601
vn -0.586297 0.810050 0.008699
vn -0.580853 0.809890 -0.081777
vn -0.560145 -0.828393 -0.001601
vn -0.580853 0.809890 -0.081777
vn -0.569756 0.812603 -0.122698
vn -0.560145 -0.828393 -0.001601
vn -0.569756 0.812603 -0.122698
vn -0.548453 0.809333 -0.210190
vn -0.560145 -0.828393 -0.001601
vn -0.548453 0.809333 -0.210190
vn -0.981547 -0.019799 -0.190192
vn 0.580168 0.809333 -0.091567
vn 0.582815 0.812603 -0.001558
vn 0.585163 0.809890 0.040776
vn 0.580168 0.809333 -0.091567
vn 0.585163 0.809890 0.040776
vn 0.571677 0.810049 0.130406
vn 0.580168 0.809333 -0.091567
vn 0.571677 0.810049 0.130406
vn 0.538517 0.756072 0.371961
vn 0.580168 0.809333 -0.091567
vn 0.538517 0.756072 0.371961
vn 0.483263 0.590981 0.645909
vn 0.580168 0.809333 -0.091567
vn 0.483263 0.590981 0.645909
vn 0.420530 0.329523 0.845322
vn 0.580168 0.809333 -0.091567
vn 0.420530 0.329523 0.845322
vn 0.387508 -0.000000 0.921866
vn 0.580168 0.809333 -0.091567
vn 0.387508 -0.000000 0.921866
vn 0.420531 -0.329522 0.845322
vn 0.580168 0.809333 -0.091567
vn 0.420531 -0.329522 0.845322
vn 0.483262 -0.590981 0.645910
vn 0.580168 0.809333 -0.091567
vn 0.483262 -0.590981 0.645910
vn 0.538515 -0.756072 0.371962
vn 0.580168 0.809333 -0.091567
vn 0.538515 -0.756072 0.371962
vn 0.568472 -0.808812 0.150545
vn 0.580168 0.809333 -0.091567
vn 0.568472 -0.808812 0.150545
vn 0.583035 -0.810153 0.061015
vn 0.580168 0.809333 -0.091567
vn 0.583035 -0.810153 0.061015
vn 0.575819 -0.815750 0.054625
vn 0.580168 0.809333 -0.091567
vn 0.575819 -0.815750 0.054625
vn 0.548237 -0.828393 0.114895
vn 0.580168 0.809333 -0.091567
vn 0.548237 -0.828393 0.114895
vn 0.999641 -0.019799 0.018039
f 674/1/1 675/2/2 676/3/3
f 674/4/4 676/5/5 673/6/6
f 677/7/7 678/8/8 675/9/9
f 677/10/10 675/11/11 674/12/12
f 679/13/13 680/14/14 678/15/15
f 679/16/16 678/17/17 677/18/18
f 681/19/19 682/20/20 680/21/21
f 681/22/22 680/23/23 679/24/24
f 683/25/25 684/26/26 682/27/27
f 683/28/28 682/29/29 681/30/30
f 685/31/31 686/32/32 684/33/33
f 685/34/34 684/35/35 683/36/36
f 688/37/37 673/38/38 689/39/39
f 688/40/40 689/41/41 687/42/42
f 690/43/43 674/44/44 673/45/45
f 690/46/46 673/47/47 688/48/48
f 691/49/49 677/50/50 674/51/51
f 691/52/52 674/53/53 690/54/54
f 692/55/55 679/56/56 677/57/57
f 692/58/58 677/59/59 691/60/60
f 693/61/61 681/62/62 679/63/63
f 693/64/64 679/65/65 692/66/66
f 694/67/67 683/68/68 681/69/69
f 694/70/70 681/71/71 693/72/72
f 696/73/73 688/74/74 687/75/75
f 696/76/76 687/77/77 695/78/78
f 697/79/79 690/80/80 688/81/81
f 697/82/82 688/83/83 696/84/84
f 698/85/85 691/86/86 690/87/87
f 698/88/88 690/89/89 697/90/90
f 699/91/91 692/92/92 691/93/93
f 699/94/94 691/95/95 698/96/96
f 700/97/97 693/98/98 692/99/99
f 700/100/100 692/101/101 699/102/102
f 702/103/103 696/104/104 695/105/105
f 702/106/106 695/107/107 701/108/108
f 704/109/109 705/110/110 706/111/111
f 704/112/112 706/113/113 703/114/114
f 707/115/115 708/116/116 705/117/117
f 707/118/118 705/119/119 704/120/120
f 709/121/121 710/122/122 708/123/123
f 709/124/124 708/125/125 707/126/126
f 711/127/127 712/128/128 710/129/129
f 711/130/130 710/131/131 709/132/132
f 714/133/133 702/134/134 701/135/135
f 714/136/136 701/137/137 713/138/138
f 716/139/139 704/140/140 703/141/141
f 716/142/142 703/143/143 715/144/144
f 717/145/145 707/146/146 704/147/147
f 717/148/148 704/149/149 716/150/150
f 718/151/151 709/152/152 707/153/153
f 718/154/154 707/155/155 717/156/156
f 719/157/157 711/158/158 709/159/159
f 719/160/160 709/161/161 718/162/162
f 720/163/163 721/164/164 711/165/165
f 720/166/166 711/167/167 719/168/168
f 723/169/169 724/170/170 725/171/171
f 723/172/172 725/173/173 722/174/174
f 726/175/175 727/176/176 724/177/177
f 726/178/178 724/179/179 723/180/180
f 729/181/181 716/182/182 715/183/183
f 729/184/184 715/185/185 728/186/186
f 730/187/187 717/188/188 716/189/189
f 730/190/190 716/191/191 729/192/192
f 731/193/193 718/194/194 717/195/195
f 731/196/196 717/197/197 730/198/198
f 732/199/199 719/200/200 718/201/201
f 732/202/202 718/203/203 731/204/204
f 733/205/205 720/206/206 719/207/207
f 733/208/208 719/209/209 732/210/210
f 734/211/211 735/212/212 720/213/213
f 734/214/214 720/215/215 733/216/216
f 737/217/217 729/218/218 728/219/219
f 737/220/220 728/221/221 736/222/222
f 738/223/223 730/224/224 729/225/225
f 738/226/226 729/227/227 737/228/228
f 739/229/229 731/230/230 730/231/231
f 739/232/232 730/233/233 738/234/234
f 740/235/235 732/236/236 731/237/237
f 740/238/238 731/239/239 739/240/240
f 741/241/241 733/242/242 732/243/243
f 741/244/244 732/245/245 740/246/246
f 742/247/247 734/248/248 733/249/249
f 742/250/250 733/251/251 741/252/252
f 744/253/253 737/254/254 736/255/255
f 744/256/256 736/257/257 743/258/258
f 745/259/259 738/260/260 737/261/261
f 745/262/262 737/263/263 744/264/264
f 746/265/265 739/266/266 738/267/267
f 746/268/268 738/269/269 745/270/270
f 747/271/271 740/272/272 739/273/273
f 747/274/274 739/275/275 746/276/276
f 748/277/277 741/278/278 740/279/279
f 748/280/280 740/281/281 747/282/282
f 749/283/283 742/284/284 741/285/285
f 749/286/286 741/287/287 748/288/288
f 750/289/289 751/290/290 742/291/291
f 750/292/292 742/293/293 749/294/294
f 753/295/295 754/296/296 755/297/297
f 753/298/298 755/299/299 752/300/300
f 757/301/301 744/302/302 743/303/303
f 757/304/304 743/305/305 756/306/306
f 758/307/307 745/308/308 744/309/309
f 758/310/310 744/311/311 757/312/312
f 759/313/313 746/314/314 745/315/315
f 759/316/316 745/317/317 758/318/318
f 760/319/319 747/320/320 746/321/321
f 760/322/322 746/323/323 759/324/324
f 761/325/325 748/326/326 747/327/327
f 761/328/328 747/329/329 760/330/330
f 762/331/331 749/332/332 748/333/333
f 762/334/334 748/335/335 761/336/336
f 763/337/337 750/338/338 749/339/339
f 763/340/340 749/341/341 762/342/342
f 764/343/343 765/344/344 750/345/345
f 764/346/346 750/347/347 763/348/348
f 752/349/349 755/350/350 767/351/351
f 752/352/352 767/353/353 766/354/354
f 769/355/355 753/356/356 752/357/357
f 769/358/358 752/359/359 768/360/360
f 771/361/361 757/362/362 756/363/363
f 771/364/364 756/365/365 770/366/366
f 772/367/367 758/368/368 757/369/369
f 772/370/370 757/371/371 771/372/372
f 773/373/373 759/374/374 758/375/375
f 773/376/376 758/377/377 772/378/378
f 774/379/379 760/380/380 759/381/381
f 774/382/382 759/383/383 773/384/384
f 775/385/385 761/386/386 760/387/387
f 775/388/388 760/389/389 774/390/390
f 776/391/391 762/392/392 761/393/393
f 776/394/394 761/395/395 775/396/396
f 777/397/397 763/398/398 762/399/399
f 777/400/400 762/401/401 776/402/402
f 778/403/403 764/404/404 763/405/405
f 778/406/406 763/407/407 777/408/408
f 779/409/409 780/410/410 764/411/411
f 779/412/412 764/413/413 778/414/414
f 781/415/415 782/416/416 780/417/417
f 781/418/418 780/419/419 779/420/420
f 783/421/421 784/422/422 782/423/423
f 783/424/424 782/425/425 781/426/426
f 785/427/427 786/428/428 784/429/429
f 785/430/430 784/431/431 783/432/432
f 787/433/433 788/434/434 786/435/435
f 787/436/436 786/437/437 785/438/438
f 789/439/439 790/440/440 788/441/441
f 789/442/442 788/443/443 787/444/444
f 791/445/445 792/446/446 790/447/447
f 791/448/448 790/449/449 789/450/450
f 793/451/451 766/452/452 792/453/453
f 793/454/454 792/455/455 791/456/456
f 768/457/457 752/458/458 766/459/459
f 768/460/460 766/461/461 793/462/462
f 769/463/463 768/464/464 794/465/465
f 795/466/466 769/467/467 794/468/468
f 796/469/469 795/470/470 794/471/471
f 797/472/472 796/473/473 794/474/474
f 798/475/475 797/476/476 794/477/477
f 799/478/478 798/479/479 794/480/480
f 770/481/481 799/482/482 794/483/483
f 771/484/484 770/485/485 794/486/486
f 772/487/487 771/488/488 794/489/489
f 773/490/490 772/491/491 794/492/492
f 774/493/493 773/494/494 794/495/495
f 775/496/496 774/497/497 794/498/498
f 776/499/499 775/500/500 794/501/501
f 777/502/502 776/503/503 794/504/504
f 778/505/505 777/506/506 794/507/507
f 779/508/508 778/509/509 794/510/510
f 781/511/511 779/512/512 794/513/513
f 783/514/514 781/515/515 794/516/516
f 785/517/517 783/518/518 794/519/519
f 787/520/520 785/521/521 794/522/522
f 789/523/523 787/524/524 794/525/525
f 791/526/526 789/527/527 794/528/528
f 793/529/529 791/530/530 794/531/531
f 768/532/532 793/533/533 794/534/534
f 801/535/535 802/536/536 803/537/537
f 801/538/538 803/539/539 800/540/540
f 802/541/541 804/542/542 805/543/543
f 802/544/544 805/545/545 803/546/546
f 804/547/547 806/548/548 807/549/549
f 804/550/550 807/551/551 805/552/552
f 806/553/553 808/554/554 809/555/555
f 806/556/556 809/557/557 807/558/558
f 811/559/559 812/560/560 813/561/561
f 811/562/562 813/563/563 810/564/564
f 812/565/565 800/566/566 814/567/567
f 812/568/568 814/569/569 813/570/570
f 800/571/571 803/572/572 815/573/573
f 800/574/574 815/575/575 814/576/576
f 803/577/577 805/578/578 816/579/579
f 803/580/580 816/581/581 815/582/582
f 805/583/583 807/584/584 817/585/585
f 805/586/586 817/587/587 816/588/588
f 807/589/589 809/590/590 818/591/591
f 807/592/592 818/593/593 817/594/594
f 809/595/595 819/596/596 820/597/597
f 809/598/598 820/599/599 818/600/600
f 822/601/601 823/602/602 824/603/603
f 822/604/604 824/605/605 821/606/606
f 823/607/607 810/608/608 825/609/609
f 823/610/610 825/611/611 824/612/612
f 810/613/613 813/614/614 826/615/615
f 810/616/616 826/617/617 825/618/618
f 813/619/619 814/620/620 827/621/621
f 813/622/622 827/623/623 826/624/624
f 814/625/625 815/626/626 828/627/627
f 814/628/628 828/629/629 827/630/630
f 815/631/631 816/632/632 829/633/633
f 815/634/634 829/635/635 828/636/636
f 816/637/637 817/638/638 830/639/639
f 816/640/640 830/641/641 829/642/642
f 817/643/643 818/644/644 831/645/645
f 817/646/646 831/647/647 830/648/648
f 818/649/649 820/650/650 832/651/651
f 818/652/652 832/653/653 831/654/654
f 820/655/655 833/656/656 834/657/657
f 820/658/658 834/659/659 832/660/660
f 836/661/661 821/662/662 837/663/663
f 836/664/664 837/665/665 835/666/666
f 821/667/667 824/668/668 838/669/669
f 821/670/670 838/671/671 837/672/672
f 824/673/673 825/674/674 839/675/675
f 824/676/676 839/677/677 838/678/678
f 825/679/679 826/680/680 840/681/681
f 825/682/682 840/683/683 839/684/684
f 826/685/685 827/686/686 841/687/687
f 826/688/688 841/689/689 840/690/690
f 827/691/691 828/692/692 842/693/693
f 827/694/694 842/695/695 841/696/696
f 828/697/697 829/698/698 843/699/699
f 828/700/700 843/701/701 842/702/702
f 829/703/703 830/704/704 844/705/705
f 829/706/706 844/707/707 843/708/708
f 830/709/709 831/710/710 845/711/711
f 830/712/712 845/713/713 844/714/714
f 831/715/715 832/716/716 846/717/717
f 831/718/718 846/719/719 845/720/720
f 832/721/721 834/722/722 847/723/723
f 832/724/724 847/725/725 846/726/726
f 849/727/727 835/728/728 850/729/729
f 849/730/730 850/731/731 848/732/732
f 835/733/733 837/734/734 851/735/735
f 835/736/736 851/737/737 850/738/738
f 837/739/739 838/740/740 852/741/741
f 837/742/742 852/743/743 851/744/744
f 838/745/745 839/746/746 853/747/747
f 838/748/748 853/749/749 852/750/750
f 839/751/751 840/752/752 854/753/753
f 839/754/754 854/755/755 853/756/756
f 840/757/757 841/758/758 855/759/759
f 840/760/760 855/761/761 854/762/762
f 841/763/763 842/764/764 856/765/765
f 841/766/766 856/767/767 855/768/768
f 842/769/769 843/770/770 857/771/771
f 842/772/772 857/773/773 856/774/774
f 843/775/775 844/776/776 858/777/777
f 843/778/778 858/779/779 857/780/780
f 844/781/781 845/782/782 859/783/783
f 844/784/784 859/785/785 858/786/786
f 845/787/787 846/788/788 860/789/789
f 845/790/790 860/791/791 859/792/792
f 846/793/793 847/794/794 861/795/795
f 846/796/796 861/797/797 860/798/798
f 847/799/799 862/800/800 863/801/801
f 847/802/802 863/803/803 861/804/804
f 865/805/805 848/806/806 866/807/807
f 865/808/808 866/809/809 864/810/810
f 848/811/811 850/812/812 867/813/813
f 848/814/814 867/815/815 866/816/816
f 850/817/817 851/818/818 868/819/819
f 850/820/820 868/821/821 867/822/822
f 851/823/823 852/824/824 869/825/825
f 851/826/826 869/827/827 868/828/828
f 852/829/829 853/830/830 870/831/831
f 852/832/832 870/833/833 869/834/834
f 853/835/835 854/836/836 871/837/837
f 853/838/838 871/839/839 870/840/840
f 854/841/841 855/842/842 872/843/843
f 854/844/844 872/845/845 871/846/846
f 855/847/847 856/848/848 873/849/849
f 855/850/850 873/851/851 872/852/852
f 856/853/853 857/854/854 874/855/855
f 856/856/856 874/857/857 873/858/858
f 857/859/859 858/860/860 875/861/861
f 857/862/862 875/863/863 874/864/864
f 858/865/865 859/866/866 876/867/867
f 858/868/868 876/869/869 875/870/870
f 859/871/871 860/872/872 877/873/873
f 859/874/874 877/875/875 876/876/876
f 860/877/877 861/878/878 878/879/879
f 860/880/880 878/881/881 877/882/882
f 861/883/883 863/884/884 879/885/885
f 861/886/886 879/887/887 878/888/888
f 863/889/889 880/890/890 881/891/891
f 863/892/892 881/893/893 879/894/894
f 883/895/895 865/896/896 864/897/897
f 883/898/898 864/899/899 882/900/900
f 864/901/901 866/902/902 885/903/903
f 864/904/904 885/905/905 884/906/906
f 866/907/907 867/908/908 886/909/909
f 866/910/910 886/911/911 885/912/912
f 867/913/913 868/914/914 887/915/915
f 867/916/916 887/917/917 886/918/918
f 868/919/919 869/920/920 888/921/921
f 868/922/922 888/923/923 887/924/924
f 869/925/925 870/926/926 889/927/927
f 869/928/928 889/929/929 888/930/930
f 870/931/931 871/932/932 890/933/933
f 870/934/934 890/935/935 889/936/936
f 871/937/937 872/938/938 891/939/939
f 871/940/940 891/941/941 890/942/942
f 872/943/943 873/944/944 892/945/945
f 872/946/946 892/947/947 891/948/948
f 873/949/949 874/950/950 893/951/951
f 873/952/952 893/953/953 892/954/954
f 874/955/955 875/956/956 894/957/957
f 874/958/958 894/959/959 893/960/960
f 875/961/961 876/962/962 895/963/963
f 875/964/964 895/965/965 894/966/966
f 876/967/967 877/968/968 896/969/969
f 876/970/970 896/971/971 895/972/972
f 877/973/973 878/974/974 897/975/975
f 877/976/976 897/977/977 896/978/978
f 878/979/979 879/980/980 898/981/981
f 878/982/982 898/983/983 897/984/984
f 879/985/985 881/986/986 899/987/987
f 879/988/988 899/989/989 898/990/990
f 881/991/991 900/992/992 901/993/993
f 881/994/994 901/995/995 899/996/996
f 900/997/997 902/998/998 903/999/999
f 900/1000/1000 903/1001/1001 901/1002/1002
f 902/1003/1003 904/1004/1004 905/1005/1005
f 902/1006/1006 905/1007/1007 903/1008/1008
f 904/1009/1009 906/1010/1010 907/1011/1011
f 904/1012/1012 907/1013/1013 905/1014/1014
f 906/1015/1015 908/1016/1016 909/1017/1017
f 906/1018/1018 909/1019/1019 907/1020/1020
f 908/1021/1021 910/1022/1022 911/1023/1023
f 908/1024/1024 911/1025/1025 909/1026/1026
f 910/1027/1027 912/1028/1028 913/1029/1029
f 910/1030/1030 913/1031/1031 911/1032/1032
f 912/1033/1033 882/1034/1034 914/1035/1035
f 912/1036/1036 914/1037/1037 913/1038/1038
f 882/1039/1039 864/1040/1040 884/1041/1041
f 882/1042/1042 884/1043/1043 914/1044/1044
f 884/1045/1045 885/1046/1046 915/1047/1047
f 885/1048/1048 886/1049/1049 915/1050/1050
f 886/1051/1051 887/1052/1052 915/1053/1053
f 887/1054/1054 888/1055/1055 915/1056/1056
f 888/1057/1057 889/1058/1058 915/1059/1059
f 889/1060/1060 890/1061/1061 915/1062/1062
f 890/1063/1063 891/1064/1064 915/1065/1065
f 891/1066/1066 892/1067/1067 915/1068/1068
f 892/1069/1069 893/1070/1070 915/1071/1071
f 893/1072/1072 894/1073/1073 915/1074/1074
f 894/1075/1075 895/1076/1076 915/1077/1077
f 895/1078/1078 896/1079/1079 915/1080/1080
f 896/1081/1081 897/1082/1082 915/1083/1083
f 897/1084/1084 898/1085/1085 915/1086/1086
f 898/1087/1087 899/1088/1088 915/1089/1089
f 899/1090/1090 901/1091/1091 915/1092/1092
f 901/1093/1093 903/1094/1094 915/1095/1095
f 903/1096/1096 905/1097/1097 915/1098/1098
f 905/1099/1099 907/1100/1100 915/1101/1101
f 907/1102/1102 909/1103/1103 915/1104/1104
f 909/1105/1105 911/1106/1106 915/1107/1107
f 911/1108/1108 913/1109/1109 915/1110/1110
f 913/1111/1111 914/1112/1112 915/1113/1113
f 914/1114/1114 884/1115/1115 915/1116/1116
f 265/1117/1117 343/1118/1118 342/1119/1119
f 265/1120/1120 342/1121/1121 341/1122/1122
f 265/1123/1123 341/1124/1124 340/1125/1125
f 265/1126/1126 340/1127/1127 339/1128/1128
f 265/1129/1129 339/1130/1130 338/1131/1131
f 265/1132/1132 338/1133/1133 266/1134/1134
f 344/1135/1135 345/1136/1136 267/1137/1137
f 267/1138/1138 345/1139/1139 346/1140/1140
f 267/1141/1141 346/1142/1142 258/1143/1143
f 267/1144/1144 258/1145/1145 257/1146/1146
f 351/1147/1147 350/1148/1148 349/1149/1149
f 351/1150/1150 349/1151/1151 348/1152/1152
f 351/1153/1153 348/1154/1154 347/1155/1155
f 351/1156/1156 347/1157/1157 272/1158/1158
f 351/1159/1159 272/1160/1160 266/1161/1161
f 352/1162/1162 353/1163/1163 344/1164/1164
f 352/1165/1165 344/1166/1166 267/1167/1167
f 352/1168/1168 267/1169/1169 273/1170/1170
f 356/1171/1171 355/1172/1172 354/1173/1173
f 356/1174/1174 354/1175/1175 278/1176/1176
f 356/1177/1177 278/1178/1178 272/1179/1179
f 357/1180/1180 358/1181/1181 352/1182/1182
f 357/1183/1183 352/1184/1184 273/1185/1185
f 357/1186/1186 273/1187/1187 279/1188/1188
f 278/1189/1189 362/1190/1190 361/1191/1191
f 278/1192/1192 361/1193/1193 360/1194/1194
f 278/1195/1195 360/1196/1196 359/1197/1197
f 278/1198/1198 359/1199/1199 284/1200/1200
f 363/1201/1201 364/1202/1202 357/1203/1203
f 363/1204/1204 357/1205/1205 279/1206/1206
f 363/1207/1207 279/1208/1208 285/1209/1209
f 284/1210/1210 367/1211/1211 366/1212/1212
f 284/1213/1213 366/1214/1214 365/1215/1215
f 284/1216/1216 365/1217/1217 290/1218/1218
f 291/1219/1219 368/1220/1220 363/1221/1221
f 291/1222/1222 363/1223/1223 285/1224/1224
f 290/1225/1225 372/1226/1226 371/1227/1227
f 290/1228/1228 371/1229/1229 370/1230/1230
f 290/1231/1231 370/1232/1232 369/1233/1233
f 290/1234/1234 369/1235/1235 296/1236/1236
f 297/1237/1237 373/1238/1238 374/1239/1239
f 297/1240/1240 374/1241/1241 368/1242/1242
f 297/1243/1243 368/1244/1244 291/1245/1245
f 296/1246/1246 378/1247/1247 379/1248/1248
f 296/1249/1249 379/1250/1250 377/1251/1251
f 296/1252/1252 377/1253/1253 376/1254/1254
f 296/1255/1255 376/1256/1256 375/1257/1257
f 296/1258/1258 375/1259/1259 302/1260/1260
f 303/1261/1261 381/1262/1262 380/1263/1263
f 303/1264/1264 380/1265/1265 373/1266/1266
f 303/1267/1267 373/1268/1268 297/1269/1269
f 302/1270/1270 388/1271/1271 389/1272/1272
f 302/1273/1273 389/1274/1274 382/1275/1275
f 302/1276/1276 382/1277/1277 383/1278/1278
f 302/1279/1279 383/1280/1280 384/1281/1281
f 302/1282/1282 384/1283/1283 385/1284/1284
f 302/1285/1285 385/1286/1286 386/1287/1287
f 302/1288/1288 386/1289/1289 387/1290/1290
f 302/1291/1291 387/1292/1292 309/1293/1293
f 302/1294/1294 309/1295/1295 308/1296/1296
f 390/1297/1297 391/1298/1298 392/1299/1299
f 390/1300/1300 392/1301/1301 309/1302/1302
f 310/1303/1303 393/1304/1304 381/1305/1305
f 310/1306/1306 381/1307/1307 303/1308/1308
f 308/1309/1309 309/1310/1310 394/1311/1311
f 308/1312/1312 394/1313/1313 395/1314/1314
f 308/1315/1315 395/1316/1316 396/1317/1317
f 308/1318/1318 396/1319/1319 397/1320/1320
f 308/1321/1321 397/1322/1322 398/1323/1323
f 308/1324/1324 398/1325/1325 316/1326/1326
f 308/1327/1327 316/1328/1328 315/1329/1329
f 402/1330/1330 403/1331/1331 316/1332/1332
f 392/1333/1333 399/1334/1334 400/1335/1335
f 392/1336/1336 400/1337/1337 401/1338/1338
f 392/1339/1339 401/1340/1340 309/1341/1341
f 404/1342/1342 393/1343/1343 310/1344/1344
f 311/1345/1345 406/1346/1346 405/1347/1347
f 311/1348/1348 405/1349/1349 404/1350/1350
f 311/1351/1351 404/1352/1352 310/1353/1353
f 311/1354/1354 310/1355/1355 304/1356/1356
f 315/1357/1357 409/1358/1358 408/1359/1359
f 315/1360/1360 408/1361/1361 407/1362/1362
f 315/1363/1363 407/1364/1364 411/1365/1365
f 315/1366/1366 411/1367/1367 410/1368/1368
f 315/1369/1369 410/1370/1370 320/1371/1371
f 315/1372/1372 320/1373/1373 314/1374/1374
f 316/1375/1375 414/1376/1376 413/1377/1377
f 316/1378/1378 413/1379/1379 412/1380/1380
f 316/1381/1381 412/1382/1382 409/1383/1383
f 316/1384/1384 409/1385/1385 315/1386/1386
f 403/1387/1387 415/1388/1388 316/1389/1389
f 317/1390/1390 418/1391/1391 417/1392/1392
f 317/1393/1393 417/1394/1394 416/1395/1395
f 317/1396/1396 416/1397/1397 311/1398/1398
f 320/1399/1399 419/1400/1400 420/1401/1401
f 320/1402/1402 420/1403/1403 421/1404/1404
f 320/1405/1405 421/1406/1406 422/1407/1407
f 320/1408/1408 422/1409/1409 323/1410/1410
f 320/1411/1411 323/1412/1412 319/1413/1413
f 410/1414/1414 423/1415/1415 424/1416/1416
f 410/1417/1417 424/1418/1418 320/1419/1419
f 321/1420/1420 428/1421/1421 427/1422/1422
f 321/1423/1423 427/1424/1424 426/1425/1425
f 321/1426/1426 426/1427/1427 425/1428/1428
f 321/1429/1429 425/1430/1430 317/1431/1431
f 429/1432/1432 430/1433/1433 431/1434/1434
f 429/1435/1435 431/1436/1436 326/1437/1437
f 429/1438/1438 326/1439/1439 323/1440/1440
f 321/1441/1441 324/1442/1442 432/1443/1443
f 321/1444/1444 432/1445/1445 433/1446/1446
f 436/1447/1447 435/1448/1448 434/1449/1449
f 436/1450/1450 434/1451/1451 437/1452/1452
f 436/1453/1453 437/1454/1454 329/1455/1455
f 436/1456/1456 329/1457/1457 326/1458/1458
f 327/1459/1459 440/1460/1460 439/1461/1461
f 327/1462/1462 439/1463/1463 438/1464/1464
f 327/1465/1465 438/1466/1466 324/1467/1467
f 329/1468/1468 441/1469/1469 442/1470/1470
f 329/1471/1471 442/1472/1472 444/1473/1473
f 329/1474/1474 444/1475/1475 443/1476/1476
f 329/1477/1477 443/1478/1478 333/1479/1479
f 329/1480/1480 333/1481/1481 332/1482/1482
f 445/1483/1483 446/1484/1484 333/1485/1485
f 448/1486/1486 327/1487/1487 330/1488/1488
f 448/1489/1489 330/1490/1490 447/1491/1491
f 333/1492/1492 446/1493/1493 449/1494/1494
f 333/1495/1495 449/1496/1496 450/1497/1497
f 333/1498/1498 450/1499/1499 451/1500/1500
f 333/1501/1501 451/1502/1502 337/1503/1503
f 452/1504/1504 453/1505/1505 454/1506/1506
f 452/1507/1507 454/1508/1508 330/1509/1509
f 452/1510/1510 330/1511/1511 334/1512/1512
f 337/1513/1513 451/1514/1514 455/1515/1515
f 337/1516/1516 455/1517/1517 265/1518/1518
f 337/1519/1519 265/1520/1520 263/1521/1521
f 455/1522/1522 458/1523/1523 457/1524/1524
f 455/1525/1525 457/1526/1526 456/1527/1527
f 455/1528/1528 456/1529/1529 265/1530/1530
f 459/1531/1531 460/1532/1532 461/1533/1533
f 459/1534/1534 461/1535/1535 334/1536/1536
f 459/1537/1537 334/1538/1538 258/1539/1539
f 459/1540/1540 462/1541/1541 463/1542/1542
f 459/1543/1543 463/1544/1544 464/1545/1545
f 459/1546/1546 464/1547/1547 465/1548/1548
f 459/1549/1549 465/1550/1550 456/1551/1551
f 459/1552/1552 456/1553/1553 265/1554/1554
f 459/1555/1555 265/1556/1556 263/1557/1557
f 459/1558/1558 263/1559/1559 261/1560/1560
f 459/1561/1561 261/1562/1562 259/1563/1563
f 459/1564/1564 259/1565/1565 258/1566/1566
f 259/1567/1567 261/1568/1568 263/1569/1569
f 259/1570/1570 263/1571/1571 265/1572/1572
f 259/1573/1573 265/1574/1574 456/1575/1575
f 259/1576/1576 456/1577/1577 465/1578/1578
f 259/1579/1579 465/1580/1580 464/1581/1581
f 259/1582/1582 464/1583/1583 463/1584/1584
f 259/1585/1585 463/1586/1586 462/1587/1587
f 259/1588/1588 462/1589/1589 459/1590/1590
f 259/1591/1591 459/1592/1592 258/1593/1593
f 912/1594/1594 671/1595/1595 672/1596/1596
f 912/1597/1597 672/1598/1598 663/1599/1599
f 912/1600/1600 663/1601/1601 883/1602/1602
f 912/1603/1603 883/1604/1604 882/1605/1605
f 912/1606/1606 910/1607/1607 670/1608/1608
f 912/1609/1609 670/1610/1610 671/1611/1611
f 910/1612/1612 908/1613/1613 669/1614/1614
f 910/1615/1615 669/1616/1616 670/1617/1617
f 908/1618/1618 906/1619/1619 668/1620/1620
f 908/1621/1621 668/1622/1622 669/1623/1623
f 668/1624/1624 906/1625/1625 904/1626/1626
f 668/1627/1627 904/1628/1628 667/1629/1629
f 667/1630/1630 904/1631/1631 902/1632/1632
f 667/1633/1633 902/1634/1634 666/1635/1635
f 666/1636/1636 902/1637/1637 900/1638/1638
f 666/1639/1639 900/1640/1640 665/1641/1641
f 880/1642/1642 662/1643/1643 665/1644/1644
f 880/1645/1645 665/1646/1646 900/1647/1647
f 880/1648/1648 900/1649/1649 881/1650/1650
f 865/1651/1651 883/1652/1652 664/1653/1653
f 865/1654/1654 664/1655/1655 660/1656/1656
f 663/1657/1657 664/1658/1658 883/1659/1659
f 661/1660/1660 662/1661/1661 880/1662/1662
f 862/1663/1663 659/1664/1664 661/1665/1665
f 862/1666/1666 661/1667/1667 880/1668/1668
f 862/1669/1669 880/1670/1670 863/1671/1671
f 848/1672/1672 865/1673/1673 660/1674/1674
f 848/1675/1675 660/1676/1676 657/1677/1677
f 848/1678/1678 657/1679/1679 849/1680/1680
f 658/1681/1681 659/1682/1682 862/1683/1683
f 654/1684/1684 658/1685/1685 862/1686/1686
f 654/1687/1687 862/1688/1688 847/1689/1689
f 654/1690/1690 847/1691/1691 834/1692/1692
f 849/1693/1693 655/1694/1694 651/1695/1695
f 849/1696/1696 651/1697/1697 836/1698/1698
f 849/1699/1699 836/1700/1700 835/1701/1701
f 657/1702/1702 656/1703/1703 655/1704/1704
f 657/1705/1705 655/1706/1706 849/1707/1707
f 833/1708/1708 650/1709/1709 653/1710/1710
f 833/1711/1711 653/1712/1712 654/1713/1713
f 833/1714/1714 654/1715/1715 834/1716/1716
f 836/1717/1717 652/1718/1718 647/1719/1719
f 836/1720/1720 647/1721/1721 822/1722/1722
f 836/1723/1723 822/1724/1724 821/1725/1725
f 651/1726/1726 652/1727/1727 836/1728/1728
f 649/1729/1729 650/1730/1730 833/1731/1731
f 819/1732/1732 644/1733/1733 649/1734/1734
f 819/1735/1735 649/1736/1736 833/1737/1737
f 819/1738/1738 833/1739/1739 820/1740/1740
f 823/1741/1741 648/1742/1742 639/1743/1743
f 823/1744/1744 639/1745/1745 811/1746/1746
f 823/1747/1747 811/1748/1748 810/1749/1749
f 822/1750/1750 645/1751/1751 648/1752/1752
f 822/1753/1753 648/1754/1754 823/1755/1755
f 647/1756/1756 646/1757/1757 645/1758/1758
f 647/1759/1759 645/1760/1760 822/1761/1761
f 643/1762/1762 644/1763/1763 819/1764/1764
f 808/1765/1765 638/1766/1766 642/1767/1767
f 808/1768/1768 642/1769/1769 643/1770/1770
f 808/1771/1771 643/1772/1772 819/1773/1773
f 808/1774/1774 819/1775/1775 809/1776/1776
f 812/1777/1777 641/1778/1778 631/1779/1779
f 812/1780/1780 631/1781/1781 801/1782/1782
f 812/1783/1783 801/1784/1784 800/1785/1785
f 811/1786/1786 640/1787/1787 641/1788/1788
f 811/1789/1789 641/1790/1790 812/1791/1791
f 639/1792/1792 640/1793/1793 811/1794/1794
f 637/1795/1795 638/1796/1796 808/1797/1797
f 636/1798/1798 637/1799/1799 808/1800/1800
f 636/1801/1801 808/1802/1802 806/1803/1803
f 635/1804/1804 636/1805/1805 806/1806/1806
f 635/1807/1807 806/1808/1808 804/1809/1809
f 802/1810/1810 633/1811/1811 634/1812/1812
f 802/1813/1813 634/1814/1814 635/1815/1815
f 802/1816/1816 635/1817/1817 804/1818/1818
f 801/1819/1819 632/1820/1820 633/1821/1821
f 801/1822/1822 633/1823/1823 802/1824/1824
f 631/1825/1825 632/1826/1826 801/1827/1827
f 756/1828/1828 609/1829/1829 629/1830/1830
f 756/1831/1831 629/1832/1832 630/1833/1833
f 756/1834/1834 630/1835/1835 628/1836/1836
f 756/1837/1837 628/1838/1838 799/1839/1839
f 756/1840/1840 799/1841/1841 770/1842/1842
f 627/1843/1843 798/1844/1844 799/1845/1845
f 627/1846/1846 799/1847/1847 628/1848/1848
f 798/1849/1849 627/1850/1850 626/1851/1851
f 798/1852/1852 626/1853/1853 625/1854/1854
f 798/1855/1855 625/1856/1856 797/1857/1857
f 796/1858/1858 797/1859/1859 624/1860/1860
f 796/1861/1861 624/1862/1862 623/1863/1863
f 795/1864/1864 796/1865/1865 622/1866/1866
f 795/1867/1867 622/1868/1868 621/1869/1869
f 769/1870/1870 795/1871/1871 618/1872/1872
f 769/1873/1873 618/1874/1874 619/1875/1875
f 769/1876/1876 619/1877/1877 620/1878/1878
f 769/1879/1879 620/1880/1880 753/1881/1881
f 767/1882/1882 605/1883/1883 617/1884/1884
f 767/1885/1885 617/1886/1886 616/1887/1887
f 767/1888/1888 616/1889/1889 792/1890/1890
f 767/1891/1891 792/1892/1892 766/1893/1893
f 615/1894/1894 790/1895/1895 792/1896/1896
f 615/1897/1897 792/1898/1898 616/1899/1899
f 614/1900/1900 788/1901/1901 790/1902/1902
f 614/1903/1903 790/1904/1904 615/1905/1905
f 613/1906/1906 786/1907/1907 788/1908/1908
f 613/1909/1909 788/1910/1910 614/1911/1911
f 784/1912/1912 786/1913/1913 613/1914/1914
f 784/1915/1915 613/1916/1916 612/1917/1917
f 782/1918/1918 784/1919/1919 612/1920/1920
f 782/1921/1921 612/1922/1922 611/1923/1923
f 780/1924/1924 782/1925/1925 611/1926/1926
f 780/1927/1927 611/1928/1928 610/1929/1929
f 780/1930/1930 610/1931/1931 604/1932/1932
f 780/1933/1933 604/1934/1934 765/1935/1935
f 780/1936/1936 765/1937/1937 764/1938/1938
f 602/1939/1939 609/1940/1940 756/1941/1941
f 602/1942/1942 756/1943/1943 743/1944/1944
f 607/1945/1945 608/1946/1946 754/1947/1947
f 607/1948/1948 754/1949/1949 753/1950/1950
f 606/1951/1951 767/1952/1952 755/1953/1953
f 606/1954/1954 755/1955/1955 599/1956/1956
f 606/1957/1957 605/1958/1958 767/1959/1959
f 604/1960/1960 603/1961/1961 765/1962/1962
f 765/1963/1963 603/1964/1964 595/1965/1965
f 765/1966/1966 595/1967/1967 751/1968/1968
f 765/1969/1969 751/1970/1970 750/1971/1971
f 601/1972/1972 600/1973/1973 754/1974/1974
f 754/1975/1975 596/1976/1976 597/1977/1977
f 754/1978/1978 597/1979/1979 598/1980/1980
f 754/1981/1981 598/1982/1982 580/1983/1983
f 754/1984/1984 580/1985/1985 599/1986/1986
f 754/1987/1987 599/1988/1988 755/1989/1989
f 595/1990/1990 594/1991/1991 751/1992/1992
f 742/1993/1993 751/1994/1994 594/1995/1995
f 742/1996/1996 594/1997/1997 573/1998/1998
f 742/1999/1999 573/2000/2000 734/2001/2001
f 593/2002/2002 592/2003/2003 591/2004/2004
f 593/2005/2005 591/2006/2006 590/2007/2007
f 593/2008/2008 590/2009/2009 726/2010/2010
f 589/2011/2011 588/2012/2012 587/2013/2013
f 589/2014/2014 587/2015/2015 726/2016/2016
f 589/2017/2017 726/2018/2018 723/2019/2019
f 722/2020/2020 581/2021/2021 583/2022/2022
f 722/2023/2023 583/2024/2024 584/2025/2025
f 722/2026/2026 584/2027/2027 585/2028/2028
f 722/2029/2029 585/2030/2030 586/2031/2031
f 722/2032/2032 586/2033/2033 723/2034/2034
f 563/2035/2035 582/2036/2036 581/2037/2037
f 563/2038/2038 581/2039/2039 722/2040/2040
f 577/2041/2041 561/2042/2042 916/2043/2043
f 579/2044/2044 580/2045/2045 574/2046/2046
f 575/2047/2047 579/2048/2048 578/2049/2049
f 575/2050/2050 578/2051/2051 577/2052/2052
f 575/2053/2053 577/2054/2054 916/2055/2055
f 575/2056/2056 916/2057/2057 576/2058/2058
f 573/2059/2059 572/2060/2060 558/2061/2061
f 573/2062/2062 558/2063/2063 735/2064/2064
f 573/2065/2065 735/2066/2066 734/2067/2067
f 569/2068/2068 570/2069/2069 571/2070/2070
f 569/2071/2071 571/2072/2072 728/2073/2073
f 569/2074/2074 728/2075/2075 715/2076/2076
f 568/2077/2077 567/2078/2078 566/2079/2079
f 568/2080/2080 566/2081/2081 565/2082/2082
f 568/2083/2083 565/2084/2084 727/2085/2085
f 568/2086/2086 727/2087/2087 726/2088/2088
f 562/2089/2089 547/2090/2090 714/2091/2091
f 541/2092/2092 564/2093/2093 563/2094/2094
f 541/2095/2095 563/2096/2096 722/2097/2097
f 541/2098/2098 722/2099/2099 725/2100/2100
f 916/2101/2101 561/2102/2102 562/2103/2103
f 916/2104/2104 562/2105/2105 714/2106/2106
f 916/2107/2107 714/2108/2108 713/2109/2109
f 560/2110/2110 559/2111/2111 916/2112/2112
f 560/2113/2113 916/2114/2114 713/2115/2115
f 558/2116/2116 557/2117/2117 735/2118/2118
f 735/2119/2119 557/2120/2120 537/2121/2121
f 735/2122/2122 537/2123/2123 721/2124/2124
f 735/2125/2125 721/2126/2126 720/2127/2127
f 554/2128/2128 555/2129/2129 556/2130/2130
f 554/2131/2131 556/2132/2132 715/2133/2133
f 554/2134/2134 715/2135/2135 703/2136/2136
f 553/2137/2137 552/2138/2138 727/2139/2139
f 727/2140/2140 551/2141/2141 550/2142/2142
f 727/2143/2143 550/2144/2144 549/2145/2145
f 727/2146/2146 549/2147/2147 530/2148/2148
f 727/2149/2149 530/2150/2150 548/2151/2151
f 727/2152/2152 548/2153/2153 724/2154/2154
f 548/2155/2155 544/2156/2156 725/2157/2157
f 548/2158/2158 725/2159/2159 724/2160/2160
f 714/2161/2161 547/2162/2162 546/2163/2163
f 714/2164/2164 546/2165/2165 542/2166/2166
f 714/2167/2167 542/2168/2168 543/2169/2169
f 714/2170/2170 543/2171/2171 520/2172/2172
f 714/2173/2173 520/2174/2174 702/2175/2175
f 545/2176/2176 546/2177/2177 541/2178/2178
f 545/2179/2179 541/2180/2180 725/2181/2181
f 545/2182/2182 725/2183/2183 544/2184/2184
f 701/2185/2185 540/2186/2186 539/2187/2187
f 701/2188/2188 539/2189/2189 538/2190/2190
f 701/2191/2191 538/2192/2192 713/2193/2193
f 537/2194/2194 536/2195/2195 721/2196/2196
f 721/2197/2197 536/2198/2198 535/2199/2199
f 721/2200/2200 535/2201/2201 516/2202/2202
f 721/2203/2203 516/2204/2204 712/2205/2205
f 721/2206/2206 712/2207/2207 711/2208/2208
f 532/2209/2209 508/2210/2210 700/2211/2211
f 706/2212/2212 534/2213/2213 533/2214/2214
f 706/2215/2215 533/2216/2216 703/2217/2217
f 532/2218/2218 700/2219/2219 699/2220/2220
f 532/2221/2221 699/2222/2222 531/2223/2223
f 529/2224/2224 530/2225/2225 528/2226/2226
f 698/2227/2227 526/2228/2228 527/2229/2229
f 698/2230/2230 527/2231/2231 529/2232/2232
f 698/2233/2233 529/2234/2234 531/2235/2235
f 698/2236/2236 531/2237/2237 699/2238/2238
f 522/2239/2239 523/2240/2240 524/2241/2241
f 522/2242/2242 524/2243/2243 525/2244/2244
f 522/2245/2245 525/2246/2246 526/2247/2247
f 522/2248/2248 526/2249/2249 698/2250/2250
f 522/2251/2251 698/2252/2252 697/2253/2253
f 702/2254/2254 520/2255/2255 521/2256/2256
f 702/2257/2257 521/2258/2258 522/2259/2259
f 702/2260/2260 522/2261/2261 697/2262/2262
f 702/2263/2263 697/2264/2264 696/2265/2265
f 695/2266/2266 519/2267/2267 518/2268/2268
f 695/2269/2269 518/2270/2270 517/2271/2271
f 695/2272/2272 517/2273/2273 701/2274/2274
f 516/2275/2275 515/2276/2276 712/2277/2277
f 712/2278/2278 515/2279/2279 514/2280/2280
f 712/2281/2281 514/2282/2282 710/2283/2283
f 710/2284/2284 514/2285/2285 513/2286/2286
f 710/2287/2287 513/2288/2288 708/2289/2289
f 513/2290/2290 512/2291/2291 511/2292/2292
f 513/2293/2293 511/2294/2294 705/2295/2295
f 513/2296/2296 705/2297/2297 708/2298/2298
f 506/2299/2299 510/2300/2300 502/2301/2301
f 506/2302/2302 502/2303/2303 694/2304/2304
f 511/2305/2305 509/2306/2306 706/2307/2307
f 511/2308/2308 706/2309/2309 705/2310/2310
f 509/2311/2311 507/2312/2312 505/2313/2313
f 509/2314/2314 505/2315/2315 706/2316/2316
f 700/2317/2317 508/2318/2318 507/2319/2319
f 700/2320/2320 507/2321/2321 506/2322/2322
f 700/2323/2323 506/2324/2324 694/2325/2325
f 700/2326/2326 694/2327/2327 693/2328/2328
f 695/2329/2329 687/2330/2330 504/2331/2331
f 695/2332/2332 504/2333/2333 503/2334/2334
f 500/2335/2335 485/2336/2336 685/2337/2337
f 694/2338/2338 502/2339/2339 501/2340/2340
f 694/2341/2341 501/2342/2342 500/2343/2343
f 694/2344/2344 500/2345/2345 685/2346/2346
f 694/2347/2347 685/2348/2348 683/2349/2349
f 499/2350/2350 497/2351/2351 496/2352/2352
f 499/2353/2353 496/2354/2354 495/2355/2355
f 499/2356/2356 495/2357/2357 498/2358/2358
f 494/2359/2359 492/2360/2360 491/2361/2361
f 494/2362/2362 491/2363/2363 493/2364/2364
f 494/2365/2365 493/2366/2366 918/2367/2367
f 494/2368/2368 918/2369/2369 917/2370/2370
f 487/2371/2371 488/2372/2372 919/2373/2373
f 487/2374/2374 919/2375/2375 486/2376/2376
f 487/2377/2377 486/2378/2378 489/2379/2379
f 487/2380/2380 489/2381/2381 490/2382/2382
f 685/2383/2383 485/2384/2384 486/2385/2385
f 685/2386/2386 486/2387/2387 919/2388/2388
f 685/2389/2389 919/2390/2390 686/2391/2391
f 676/2392/2392 484/2393/2393 483/2394/2394
f 676/2395/2395 483/2396/2396 481/2397/2397
f 676/2398/2398 481/2399/2399 482/2400/2400
f 676/2401/2401 482/2402/2402 673/2403/2403
f 480/2404/2404 479/2405/2405 478/2406/2406
f 477/2407/2407 475/2408/2408 919/2409/2409
f 919/2410/2410 475/2411/2411 476/2412/2412
f 919/2413/2413 476/2414/2414 474/2415/2415
f 919/2416/2416 474/2417/2417 686/2418/2418
f 686/2419/2419 474/2420/2420 473/2421/2421
f 686/2422/2422 473/2423/2423 684/2424/2424
f 684/2425/2425 473/2426/2426 472/2427/2427
f 684/2428/2428 472/2429/2429 471/2430/2430
f 684/2431/2431 471/2432/2432 682/2433/2433
f 470/2434/2434 468/2435/2435 678/2436/2436
f 470/2437/2437 678/2438/2438 680/2439/2439
f 468/2440/2440 469/2441/2441 675/2442/2442
f 468/2443/2443 675/2444/2444 678/2445/2445
f 466/2446/2446 467/2447/2447 676/2448/2448
f 466/2449/2449 676/2450/2450 675/2451/2451
f 258/2452/2452 259/2453/2453 260/2454/2454
f 258/2455/2455 260/2456/2456 257/2457/2457
f 259/2458/2458 261/2459/2459 262/2460/2460
f 259/2461/2461 262/2462/2462 260/2463/2463
f 261/2464/2464 263/2465/2465 264/2466/2466
f 261/2467/2467 264/2468/2468 262/2469/2469
f 263/2470/2470 265/2471/2471 266/2472/2472
f 263/2473/2473 266/2474/2474 264/2475/2475
f 257/2476/2476 260/2477/2477 269/2478/2478
f 257/2479/2479 269/2480/2480 268/2481/2481
f 260/2482/2482 262/2483/2483 270/2484/2484
f 260/2485/2485 270/2486/2486 269/2487/2487
f 262/2488/2488 264/2489/2489 271/2490/2490
f 262/2491/2491 271/2492/2492 270/2493/2493
f 264/2494/2494 266/2495/2495 272/2496/2496
f 264/2497/2497 272/2498/2498 271/2499/2499
f 267/2500/2500 257/2501/2501 268/2502/2502
f 267/2503/2503 268/2504/2504 273/2505/2505
f 268/2506/2506 269/2507/2507 275/2508/2508
f 268/2509/2509 275/2510/2510 274/2511/2511
f 269/2512/2512 270/2513/2513 276/2514/2514
f 269/2515/2515 276/2516/2516 275/2517/2517
f 270/2518/2518 271/2519/2519 277/2520/2520
f 270/2521/2521 277/2522/2522 276/2523/2523
f 271/2524/2524 272/2525/2525 278/2526/2526
f 271/2527/2527 278/2528/2528 277/2529/2529
f 273/2530/2530 268/2531/2531 274/2532/2532
f 273/2533/2533 274/2534/2534 279/2535/2535
f 274/2536/2536 275/2537/2537 281/2538/2538
f 274/2539/2539 281/2540/2540 280/2541/2541
f 275/2542/2542 276/2543/2543 282/2544/2544
f 275/2545/2545 282/2546/2546 281/2547/2547
f 276/2548/2548 277/2549/2549 283/2550/2550
f 276/2551/2551 283/2552/2552 282/2553/2553
f 277/2554/2554 278/2555/2555 284/2556/2556
f 277/2557/2557 284/2558/2558 283/2559/2559
f 279/2560/2560 274/2561/2561 280/2562/2562
f 279/2563/2563 280/2564/2564 285/2565/2565
f 280/2566/2566 281/2567/2567 287/2568/2568
f 280/2569/2569 287/2570/2570 286/2571/2571
f 281/2572/2572 282/2573/2573 288/2574/2574
f 281/2575/2575 288/2576/2576 287/2577/2577
f 282/2578/2578 283/2579/2579 289/2580/2580
f 282/2581/2581 289/2582/2582 288/2583/2583
f 283/2584/2584 284/2585/2585 290/2586/2586
f 283/2587/2587 290/2588/2588 289/2589/2589
f 285/2590/2590 280/2591/2591 286/2592/2592
f 285/2593/2593 286/2594/2594 291/2595/2595
f 286/2596/2596 287/2597/2597 293/2598/2598
f 286/2599/2599 293/2600/2600 292/2601/2601
f 287/2602/2602 288/2603/2603 294/2604/2604
f 287/2605/2605 294/2606/2606 293/2607/2607
f 288/2608/2608 289/2609/2609 295/2610/2610
f 288/2611/2611 295/2612/2612 294/2613/2613
f 289/2614/2614 290/2615/2615 296/2616/2616
f 289/2617/2617 296/2618/2618 295/2619/2619
f 291/2620/2620 286/2621/2621 292/2622/2622
f 291/2623/2623 292/2624/2624 297/2625/2625
f 292/2626/2626 293/2627/2627 299/2628/2628
f 292/2629/2629 299/2630/2630 298/2631/2631
f 293/2632/2632 294/2633/2633 300/2634/2634
f 293/2635/2635 300/2636/2636 299/2637/2637
f 294/2638/2638 295/2639/2639 301/2640/2640
f 294/2641/2641 301/2642/2642 300/2643/2643
f 295/2644/2644 296/2645/2645 302/2646/2646
f 295/2647/2647 302/2648/2648 301/2649/2649
f 297/2650/2650 292/2651/2651 298/2652/2652
f 297/2653/2653 298/2654/2654 303/2655/2655
f 298/2656/2656 299/2657/2657 305/2658/2658
f 298/2659/2659 305/2660/2660 304/2661/2661
f 299/2662/2662 300/2663/2663 306/2664/2664
f 299/2665/2665 306/2666/2666 305/2667/2667
f 300/2668/2668 301/2669/2669 307/2670/2670
f 300/2671/2671 307/2672/2672 306/2673/2673
f 301/2674/2674 302/2675/2675 308/2676/2676
f 301/2677/2677 308/2678/2678 307/2679/2679
f 303/2680/2680 298/2681/2681 304/2682/2682
f 303/2683/2683 304/2684/2684 310/2685/2685
f 304/2686/2686 305/2687/2687 312/2688/2688
f 304/2689/2689 312/2690/2690 311/2691/2691
f 305/2692/2692 306/2693/2693 313/2694/2694
f 305/2695/2695 313/2696/2696 312/2697/2697
f 306/2698/2698 307/2699/2699 314/2700/2700
f 306/2701/2701 314/2702/2702 313/2703/2703
f 307/2704/2704 308/2705/2705 315/2706/2706
f 307/2707/2707 315/2708/2708 314/2709/2709
f 311/2710/2710 312/2711/2711 318/2712/2712
f 311/2713/2713 318/2714/2714 317/2715/2715
f 312/2716/2716 313/2717/2717 319/2718/2718
f 312/2719/2719 319/2720/2720 318/2721/2721
f 313/2722/2722 314/2723/2723 320/2724/2724
f 313/2725/2725 320/2726/2726 319/2727/2727
f 317/2728/2728 318/2729/2729 322/2730/2730
f 317/2731/2731 322/2732/2732 321/2733/2733
f 318/2734/2734 319/2735/2735 323/2736/2736
f 318/2737/2737 323/2738/2738 322/2739/2739
f 321/2740/2740 322/2741/2741 325/2742/2742
f 321/2743/2743 325/2744/2744 324/2745/2745
f 322/2746/2746 323/2747/2747 326/2748/2748
f 322/2749/2749 326/2750/2750 325/2751/2751
f 324/2752/2752 325/2753/2753 328/2754/2754
f 324/2755/2755 328/2756/2756 327/2757/2757
f 325/2758/2758 326/2759/2759 329/2760/2760
f 325/2761/2761 329/2762/2762 328/2763/2763
f 327/2764/2764 328/2765/2765 331/2766/2766
f 327/2767/2767 331/2768/2768 330/2769/2769
f 328/2770/2770 329/2771/2771 332/2772/2772
f 328/2773/2773 332/2774/2774 331/2775/2775
f 330/2776/2776 331/2777/2777 335/2778/2778
f 330/2779/2779 335/2780/2780 334/2781/2781
f 331/2782/2782 332/2783/2783 336/2784/2784
f 331/2785/2785 336/2786/2786 335/2787/2787
f 332/2788/2788 333/2789/2789 337/2790/2790
f 332/2791/2791 337/2792/2792 336/2793/2793
f 334/2794/2794 335/2795/2795 259/2796/2796
f 334/2797/2797 259/2798/2798 258/2799/2799
f 335/2800/2800 336/2801/2801 261/2802/2802
f 335/2803/2803 261/2804/2804 259/2805/2805
f 336/2806/2806 337/2807/2807 263/2808/2808
f 336/2809/2809 263/2810/2810 261/2811/2811
f 921/2812/2812 922/2813/2813 923/2814/2814
f 921/2815/2815 923/2816/2816 920/2817/2817
f 922/2818/2818 924/2819/2819 925/2820/2820
f 922/2821/2821 925/2822/2822 923/2823/2823
f 924/2824/2824 926/2825/2825 927/2826/2826
f 924/2827/2827 927/2828/2828 925/2829/2829
f 926/2830/2830 928/2831/2831 929/2832/2832
f 926/2833/2833 929/2834/2834 927/2835/2835
f 928/2836/2836 930/2837/2837 931/2838/2838
f 928/2839/2839 931/2840/2840 929/2841/2841
f 930/2842/2842 932/2843/2843 933/2844/2844
f 930/2845/2845 933/2846/2846 931/2847/2847
f 932/2848/2848 934/2849/2849 935/2850/2850
f 932/2851/2851 935/2852/2852 933/2853/2853
f 934/2854/2854 936/2855/2855 937/2856/2856
f 934/2857/2857 937/2858/2858 935/2859/2859
f 936/2860/2860 938/2861/2861 939/2862/2862
f 936/2863/2863 939/2864/2864 937/2865/2865
f 938/2866/2866 940/2867/2867 941/2868/2868
f 938/2869/2869 941/2870/2870 939/2871/2871
f 940/2872/2872 942/2873/2873 943/2874/2874
f 940/2875/2875 943/2876/2876 941/2877/2877
f 942/2878/2878 944/2879/2879 945/2880/2880
f 942/2881/2881 945/2882/2882 943/2883/2883
f 944/2884/2884 946/2885/2885 947/2886/2886
f 944/2887/2887 947/2888/2888 945/2889/2889
f 946/2890/2890 948/2891/2891 949/2892/2892
f 946/2893/2893 949/2894/2894 947/2895/2895
f 948/2896/2896 950/2897/2897 951/2898/2898
f 948/2899/2899 951/2900/2900 949/2901/2901
f 950/2902/2902 921/2903/2903 920/2904/2904
f 950/2905/2905 920/2906/2906 951/2907/2907
f 920/2908/2908 923/2909/2909 953/2910/2910
f 920/2911/2911 953/2912/2912 952/2913/2913
f 923/2914/2914 925/2915/2915 954/2916/2916
f 923/2917/2917 954/2918/2918 953/2919/2919
f 925/2920/2920 927/2921/2921 955/2922/2922
f 925/2923/2923 955/2924/2924 954/2925/2925
f 927/2926/2926 929/2927/2927 956/2928/2928
f 927/2929/2929 956/2930/2930 955/2931/2931
f 929/2932/2932 931/2933/2933 957/2934/2934
f 929/2935/2935 957/2936/2936 956/2937/2937
f 931/2938/2938 933/2939/2939 958/2940/2940
f 931/2941/2941 958/2942/2942 957/2943/2943
f 933/2944/2944 935/2945/2945 959/2946/2946
f 933/2947/2947 959/2948/2948 958/2949/2949
f 935/2950/2950 937/2951/2951 960/2952/2952
f 935/2953/2953 960/2954/2954 959/2955/2955
f 937/2956/2956 939/2957/2957 961/2958/2958
f 937/2959/2959 961/2960/2960 960/2961/2961
f 939/2962/2962 941/2963/2963 962/2964/2964
f 939/2965/2965 962/2966/2966 961/2967/2967
f 941/2968/2968 943/2969/2969 963/2970/2970
f 941/2971/2971 963/2972/2972 962/2973/2973
f 943/2974/2974 945/2975/2975 964/2976/2976
f 943/2977/2977 964/2978/2978 963/2979/2979
f 945/2980/2980 947/2981/2981 965/2982/2982
f 945/2983/2983 965/2984/2984 964/2985/2985
f 947/2986/2986 949/2987/2987 966/2988/2988
f 947/2989/2989 966/2990/2990 965/2991/2991
f 949/2992/2992 951/2993/2993 967/2994/2994
f 949/2995/2995 967/2996/2996 966/2997/2997
f 951/2998/2998 920/2999/2999 952/3000/3000
f 951/3001/3001 952/3002/3002 967/3003/3003
f 952/3004/3004 953/3005/3005 969/3006/3006
f 952/3007/3007 969/3008/3008 968/3009/3009
f 953/3010/3010 954/3011/3011 970/3012/3012
f 953/3013/3013 970/3014/3014 969/3015/3015
f 954/3016/3016 955/3017/3017 971/3018/3018
f 954/3019/3019 971/3020/3020 970/3021/3021
f 955/3022/3022 956/3023/3023 972/3024/3024
f 955/3025/3025 972/3026/3026 971/3027/3027
f 956/3028/3028 957/3029/3029 973/3030/3030
f 956/3031/3031 973/3032/3032 972/3033/3033
f 957/3034/3034 958/3035/3035 974/3036/3036
f 957/3037/3037 974/3038/3038 973/3039/3039
f 958/3040/3040 959/3041/3041 975/3042/3042
f 958/3043/3043 975/3044/3044 974/3045/3045
f 959/3046/3046 960/3047/3047 976/3048/3048
f 959/3049/3049 976/3050/3050 975/3051/3051
f 960/3052/3052 961/3053/3053 977/3054/3054
f 960/3055/3055 977/3056/3056 976/3057/3057
f 961/3058/3058 962/3059/3059 978/3060/3060
f 961/3061/3061 978/3062/3062 977/3063/3063
f 962/3064/3064 963/3065/3065 979/3066/3066
f 962/3067/3067 979/3068/3068 978/3069/3069
f 963/3070/3070 964/3071/3071 980/3072/3072
f 963/3073/3073 980/3074/3074 979/3075/3075
f 964/3076/3076 965/3077/3077 981/3078/3078
f 964/3079/3079 981/3080/3080 980/3081/3081
f 965/3082/3082 966/3083/3083 982/3084/3084
f 965/3085/3085 982/3086/3086 981/3087/3087
f 966/3088/3088 967/3089/3089 983/3090/3090
f 966/3091/3091 983/3092/3092 982/3093/3093
f 967/3094/3094 952/3095/3095 968/3096/3096
f 967/3097/3097 968/3098/3098 983/3099/3099
f 968/3100/3100 969/3101/3101 985/3102/3102
f 968/3103/3103 985/3104/3104 984/3105/3105
f 969/3106/3106 970/3107/3107 986/3108/3108
f 969/3109/3109 986/3110/3110 985/3111/3111
f 970/3112/3112 971/3113/3113 987/3114/3114
f 970/3115/3115 987/3116/3116 986/3117/3117
f 971/3118/3118 972/3119/3119 988/3120/3120
f 971/3121/3121 988/3122/3122 987/3123/3123
f 972/3124/3124 973/3125/3125 989/3126/3126
f 972/3127/3127 989/3128/3128 988/3129/3129
f 973/3130/3130 974/3131/3131 990/3132/3132
f 973/3133/3133 990/3134/3134 989/3135/3135
f 974/3136/3136 975/3137/3137 991/3138/3138
f 974/3139/3139 991/3140/3140 990/3141/3141
f 975/3142/3142 976/3143/3143 992/3144/3144
f 975/3145/3145 992/3146/3146 991/3147/3147
f 976/3148/3148 977/3149/3149 993/3150/3150
f 976/3151/3151 993/3152/3152 992/3153/3153
f 977/3154/3154 978/3155/3155 994/3156/3156
f 977/3157/3157 994/3158/3158 993/3159/3159
f 978/3160/3160 979/3161/3161 995/3162/3162
f 978/3163/3163 995/3164/3164 994/3165/3165
f 979/3166/3166 980/3167/3167 996/3168/3168
f 979/3169/3169 996/3170/3170 995/3171/3171
f 980/3172/3172 981/3173/3173 997/3174/3174
f 980/3175/3175 997/3176/3176 996/3177/3177
f 981/3178/3178 982/3179/3179 998/3180/3180
f 981/3181/3181 998/3182/3182 997/3183/3183
f 982/3184/3184 983/3185/3185 999/3186/3186
f 982/3187/3187 999/3188/3188 998/3189/3189
f 983/3190/3190 968/3191/3191 984/3192/3192
f 983/3193/3193 984/3194/3194 999/3195/3195
f 984/3196/3196 985/3197/3197 1001/3198/3198
f 984/3199/3199 1001/3200/3200 1000/3201/3201
f 985/3202/3202 986/3203/3203 1002/3204/3204
f 985/3205/3205 1002/3206/3206 1001/3207/3207
f 986/3208/3208 987/3209/3209 1003/3210/3210
f 986/3211/3211 1003/3212/3212 1002/3213/3213
f 987/3214/3214 988/3215/3215 1004/3216/3216
f 987/3217/3217 1004/3218/3218 1003/3219/3219
f 988/3220/3220 989/3221/3221 1005/3222/3222
f 988/3223/3223 1005/3224/3224 1004/3225/3225
f 989/3226/3226 990/3227/3227 1006/3228/3228
f 989/3229/3229 1006/3230/3230 1005/3231/3231
f 990/3232/3232 991/3233/3233 1007/3234/3234
f 990/3235/3235 1007/3236/3236 1006/3237/3237
f 991/3238/3238 992/3239/3239 1008/3240/3240
f 991/3241/3241 1008/3242/3242 1007/3243/3243
f 992/3244/3244 993/3245/3245 1009/3246/3246
f 992/3247/3247 1009/3248/3248 1008/3249/3249
f 993/3250/3250 994/3251/3251 1010/3252/3252
f 993/3253/3253 1010/3254/3254 1009/3255/3255
f 994/3256/3256 995/3257/3257 1011/3258/3258
f 994/3259/3259 1011/3260/3260 1010/3261/3261
f 995/3262/3262 996/3263/3263 1012/3264/3264
f 995/3265/3265 1012/3266/3266 1011/3267/3267
f 996/3268/3268 997/3269/3269 1013/3270/3270
f 996/3271/3271 1013/3272/3272 1012/3273/3273
f 997/3274/3274 998/3275/3275 1014/3276/3276
f 997/3277/3277 1014/3278/3278 1013/3279/3279
f 998/3280/3280 999/3281/3281 1015/3282/3282
f 998/3283/3283 1015/3284/3284 1014/3285/3285
f 999/3286/3286 984/3287/3287 1000/3288/3288
f 999/3289/3289 1000/3290/3290 1015/3291/3291
f 1000/3292/3292 1001/3293/3293 1017/3294/3294
f 1000/3295/3295 1017/3296/3296 1016/3297/3297
f 1001/3298/3298 1002/3299/3299 1018/3300/3300
f 1001/3301/3301 1018/3302/3302 1017/3303/3303
f 1002/3304/3304 1003/3305/3305 1019/3306/3306
f 1002/3307/3307 1019/3308/3308 1018/3309/3309
f 1003/3310/3310 1004/3311/3311 1020/3312/3312
f 1003/3313/3313 1020/3314/3314 1019/3315/3315
f 1004/3316/3316 1005/3317/3317 1021/3318/3318
f 1004/3319/3319 1021/3320/3320 1020/3321/3321
f 1005/3322/3322 1006/3323/3323 1022/3324/3324
f 1005/3325/3325 1022/3326/3326 1021/3327/3327
f 1006/3328/3328 1007/3329/3329 1023/3330/3330
f 1006/3331/3331 1023/3332/3332 1022/3333/3333
f 1007/3334/3334 1008/3335/3335 1024/3336/3336
f 1007/3337/3337 1024/3338/3338 1023/3339/3339
f 1008/3340/3340 1009/3341/3341 1025/3342/3342
f 1008/3343/3343 1025/3344/3344 1024/3345/3345
f 1009/3346/3346 1010/3347/3347 1026/3348/3348
f 1009/3349/3349 1026/3350/3350 1025/3351/3351
f 1010/3352/3352 1011/3353/3353 1027/3354/3354
f 1010/3355/3355 1027/3356/3356 1026/3357/3357
f 1011/3358/3358 1012/3359/3359 1028/3360/3360
f 1011/3361/3361 1028/3362/3362 1027/3363/3363
f 1012/3364/3364 1013/3365/3365 1029/3366/3366
f 1012/3367/3367 1029/3368/3368 1028/3369/3369
f 1013/3370/3370 1014/3371/3371 1030/3372/3372
f 1013/3373/3373 1030/3374/3374 1029/3375/3375
f 1014/3376/3376 1015/3377/3377 1031/3378/3378
f 1014/3379/3379 1031/3380/3380 1030/3381/3381
f 1015/3382/3382 1000/3383/3383 1016/3384/3384
f 1015/3385/3385 1016/3386/3386 1031/3387/3387
f 1016/3388/3388 1017/3389/3389 1033/3390/3390
f 1016/3391/3391 1033/3392/3392 1032/3393/3393
f 1017/3394/3394 1018/3395/3395 1034/3396/3396
f 1017/3397/3397 1034/3398/3398 1033/3399/3399
f 1018/3400/3400 1019/3401/3401 1035/3402/3402
f 1018/3403/3403 1035/3404/3404 1034/3405/3405
f 1019/3406/3406 1020/3407/3407 1036/3408/3408
f 1019/3409/3409 1036/3410/3410 1035/3411/3411
f 1020/3412/3412 1021/3413/3413 1037/3414/3414
f 1020/3415/3415 1037/3416/3416 1036/3417/3417
f 1021/3418/3418 1022/3419/3419 1038/3420/3420
f 1021/3421/3421 1038/3422/3422 1037/3423/3423
f 1022/3424/3424 1023/3425/3425 1039/3426/3426
f 1022/3427/3427 1039/3428/3428 1038/3429/3429
f 1023/3430/3430 1024/3431/3431 1040/3432/3432
f 1023/3433/3433 1040/3434/3434 1039/3435/3435
f 1024/3436/3436 1025/3437/3437 1041/3438/3438
f 1024/3439/3439 1041/3440/3440 1040/3441/3441
f 1025/3442/3442 1026/3443/3443 1042/3444/3444
f 1025/3445/3445 1042/3446/3446 1041/3447/3447
f 1026/3448/3448 1027/3449/3449 1043/3450/3450
f 1026/3451/3451 1043/3452/3452 1042/3453/3453
f 1027/3454/3454 1028/3455/3455 1044/3456/3456
f 1027/3457/3457 1044/3458/3458 1043/3459/3459
f 1028/3460/3460 1029/3461/3461 1045/3462/3462
f 1028/3463/3463 1045/3464/3464 1044/3465/3465
f 1029/3466/3466 1030/3467/3467 1046/3468/3468
f 1029/3469/3469 1046/3470/3470 1045/3471/3471
f 1030/3472/3472 1031/3473/3473 1047/3474/3474
f 1030/3475/3475 1047/3476/3476 1046/3477/3477
f 1031/3478/3478 1016/3479/3479 1032/3480/3480
f 1031/3481/3481 1032/3482/3482 1047/3483/3483
f 1032/3484/3484 1033/3485/3485 1049/3486/3486
f 1032/3487/3487 1049/3488/3488 1048/3489/3489
f 1033/3490/3490 1034/3491/3491 1050/3492/3492
f 1033/3493/3493 1050/3494/3494 1049/3495/3495
f 1034/3496/3496 1035/3497/3497 1051/3498/3498
f 1034/3499/3499 1051/3500/3500 1050/3501/3501
f 1035/3502/3502 1036/3503/3503 1052/3504/3504
f 1035/3505/3505 1052/3506/3506 1051/3507/3507
f 1036/3508/3508 1037/3509/3509 1053/3510/3510
f 1036/3511/3511 1053/3512/3512 1052/3513/3513
f 1037/3514/3514 1038/3515/3515 1054/3516/3516
f 1037/3517/3517 1054/3518/3518 1053/3519/3519
f 1038/3520/3520 1039/3521/3521 1055/3522/3522
f 1038/3523/3523 1055/3524/3524 1054/3525/3525
f 1039/3526/3526 1040/3527/3527 1056/3528/3528
f 1039/3529/3529 1056/3530/3530 1055/3531/3531
f 1040/3532/3532 1041/3533/3533 1057/3534/3534
f 1040/3535/3535 1057/3536/3536 1056/3537/3537
f 1041/3538/3538 1042/3539/3539 1058/3540/3540
f 1041/3541/3541 1058/3542/3542 1057/3543/3543
f 1042/3544/3544 1043/3545/3545 1059/3546/3546
f 1042/3547/3547 1059/3548/3548 1058/3549/3549
f 1043/3550/3550 1044/3551/3551 1060/3552/3552
f 1043/3553/3553 1060/3554/3554 1059/3555/3555
f 1044/3556/3556 1045/3557/3557 1061/3558/3558
f 1044/3559/3559 1061/3560/3560 1060/3561/3561
f 1045/3562/3562 1046/3563/3563 1062/3564/3564
f 1045/3565/3565 1062/3566/3566 1061/3567/3567
f 1046/3568/3568 1047/3569/3569 1063/3570/3570
f 1046/3571/3571 1063/3572/3572 1062/3573/3573
f 1047/3574/3574 1032/3575/3575 1048/3576/3576
f 1047/3577/3577 1048/3578/3578 1063/3579/3579
f 1048/3580/3580 1049/3581/3581 1065/3582/3582
f 1048/3583/3583 1065/3584/3584 1064/3585/3585
f 1049/3586/3586 1050/3587/3587 1066/3588/3588
f 1049/3589/3589 1066/3590/3590 1065/3591/3591
f 1050/3592/3592 1051/3593/3593 1067/3594/3594
f 1050/3595/3595 1067/3596/3596 1066/3597/3597
f 1051/3598/3598 1052/3599/3599 1068/3600/3600
f 1051/3601/3601 1068/3602/3602 1067/3603/3603
f 1052/3604/3604 1053/3605/3605 1069/3606/3606
f 1052/3607/3607 1069/3608/3608 1068/3609/3609
f 1053/3610/3610 1054/3611/3611 1070/3612/3612
f 1053/3613/3613 1070/3614/3614 1069/3615/3615
f 1054/3616/3616 1055/3617/3617 1071/3618/3618
f 1054/3619/3619 1071/3620/3620 1070/3621/3621
f 1055/3622/3622 1056/3623/3623 1072/3624/3624
f 1055/3625/3625 1072/3626/3626 1071/3627/3627
f 1056/3628/3628 1057/3629/3629 1073/3630/3630
f 1056/3631/3631 1073/3632/3632 1072/3633/3633
f 1057/3634/3634 1058/3635/3635 1074/3636/3636
f 1057/3637/3637 1074/3638/3638 1073/3639/3639
f 1058/3640/3640 1059/3641/3641 1075/3642/3642
f 1058/3643/3643 1075/3644/3644 1074/3645/3645
f 1059/3646/3646 1060/3647/3647 1076/3648/3648
f 1059/3649/3649 1076/3650/3650 1075/3651/3651
f 1060/3652/3652 1061/3653/3653 1077/3654/3654
f 1060/3655/3655 1077/3656/3656 1076/3657/3657
f 1061/3658/3658 1062/3659/3659 1078/3660/3660
f 1061/3661/3661 1078/3662/3662 1077/3663/3663
f 1062/3664/3664 1063/3665/3665 1079/3666/3666
f 1062/3667/3667 1079/3668/3668 1078/3669/3669
f 1063/3670/3670 1048/3671/3671 1064/3672/3672
f 1063/3673/3673 1064/3674/3674 1079/3675/3675
f 1064/3676/3676 1065/3677/3677 1081/3678/3678
f 1064/3679/3679 1081/3680/3680 1080/3681/3681
f 1065/3682/3682 1066/3683/3683 1082/3684/3684
f 1065/3685/3685 1082/3686/3686 1081/3687/3687
f 1066/3688/3688 1067/3689/3689 1083/3690/3690
f 1066/3691/3691 1083/3692/3692 1082/3693/3693
f 1067/3694/3694 1068/3695/3695 1084/3696/3696
f 1067/3697/3697 1084/3698/3698 1083/3699/3699
f 1068/3700/3700 1069/3701/3701 1085/3702/3702
f 1068/3703/3703 1085/3704/3704 1084/3705/3705
f 1069/3706/3706 1070/3707/3707 1086/3708/3708
f 1069/3709/3709 1086/3710/3710 1085/3711/3711
f 1070/3712/3712 1071/3713/3713 1087/3714/3714
f 1070/3715/3715 1087/3716/3716 1086/3717/3717
f 1071/3718/3718 1072/3719/3719 1088/3720/3720
f 1071/3721/3721 1088/3722/3722 1087/3723/3723
f 1072/3724/3724 1073/3725/3725 1089/3726/3726
f 1072/3727/3727 1089/3728/3728 1088/3729/3729
f 1073/3730/3730 1074/3731/3731 1090/3732/3732
f 1073/3733/3733 1090/3734/3734 1089/3735/3735
f 1074/3736/3736 1075/3737/3737 1091/3738/3738
f 1074/3739/3739 1091/3740/3740 1090/3741/3741
f 1075/3742/3742 1076/3743/3743 1092/3744/3744
f 1075/3745/3745 1092/3746/3746 1091/3747/3747
f 1076/3748/3748 1077/3749/3749 1093/3750/3750
f 1076/3751/3751 1093/3752/3752 1092/3753/3753
f 1077/3754/3754 1078/3755/3755 1094/3756/3756
f 1077/3757/3757 1094/3758/3758 1093/3759/3759
f 1078/3760/3760 1079/3761/3761 1095/3762/3762
f 1078/3763/3763 1095/3764/3764 1094/3765/3765
f 1079/3766/3766 1064/3767/3767 1080/3768/3768
f 1079/3769/3769 1080/3770/3770 1095/3771/3771
f 1080/3772/3772 1081/3773/3773 1097/3774/3774
f 1080/3775/3775 1097/3776/3776 1096/3777/3777
f 1081/3778/3778 1082/3779/3779 1098/3780/3780
f 1081/3781/3781 1098/3782/3782 1097/3783/3783
f 1082/3784/3784 1083/3785/3785 1099/3786/3786
f 1082/3787/3787 1099/3788/3788 1098/3789/3789
f 1083/3790/3790 1084/3791/3791 1100/3792/3792
f 1083/3793/3793 1100/3794/3794 1099/3795/3795
f 1084/3796/3796 1085/3797/3797 1101/3798/3798
f 1084/3799/3799 1101/3800/3800 1100/3801/3801
f 1085/3802/3802 1086/3803/3803 1102/3804/3804
f 1085/3805/3805 1102/3806/3806 1101/3807/3807
f 1086/3808/3808 1087/3809/3809 1103/3810/3810
f 1086/3811/3811 1103/3812/3812 1102/3813/3813
f 1087/3814/3814 1088/3815/3815 1104/3816/3816
f 1087/3817/3817 1104/3818/3818 1103/3819/3819
f 1088/3820/3820 1089/3821/3821 1105/3822/3822
f 1088/3823/3823 1105/3824/3824 1104/3825/3825
f 1089/3826/3826 1090/3827/3827 1106/3828/3828
f 1089/3829/3829 1106/3830/3830 1105/3831/3831
f 1090/3832/3832 1091/3833/3833 1107/3834/3834
f 1090/3835/3835 1107/3836/3836 1106/3837/3837
f 1091/3838/3838 1092/3839/3839 1108/3840/3840
f 1091/3841/3841 1108/3842/3842 1107/3843/3843
f 1092/3844/3844 1093/3845/3845 1109/3846/3846
f 1092/3847/3847 1109/3848/3848 1108/3849/3849
f 1093/3850/3850 1094/3851/3851 1110/3852/3852
f 1093/3853/3853 1110/3854/3854 1109/3855/3855
f 1094/3856/3856 1095/3857/3857 1111/3858/3858
f 1094/3859/3859 1111/3860/3860 1110/3861/3861
f 1095/3862/3862 1080/3863/3863 1096/3864/3864
f 1095/3865/3865 1096/3866/3866 1111/3867/3867
f 1096/3868/3868 1097/3869/3869 1113/3870/3870
f 1096/3871/3871 1113/3872/3872 1112/3873/3873
f 1097/3874/3874 1098/3875/3875 1114/3876/3876
f 1097/3877/3877 1114/3878/3878 1113/3879/3879
f 1098/3880/3880 1099/3881/3881 1115/3882/3882
f 1098/3883/3883 1115/3884/3884 1114/3885/3885
f 1099/3886/3886 1100/3887/3887 1116/3888/3888
f 1099/3889/3889 1116/3890/3890 1115/3891/3891
f 1100/3892/3892 1101/3893/3893 1117/3894/3894
f 1100/3895/3895 1117/3896/3896 1116/3897/3897
f 1101/3898/3898 1102/3899/3899 1118/3900/3900
f 1101/3901/3901 1118/3902/3902 1117/3903/3903
f 1102/3904/3904 1103/3905/3905 1119/3906/3906
f 1102/3907/3907 1119/3908/3908 1118/3909/3909
f 1103/3910/3910 1104/3911/3911 1120/3912/3912
f 1103/3913/3913 1120/3914/3914 1119/3915/3915
f 1104/3916/3916 1105/3917/3917 1121/3918/3918
f 1104/3919/3919 1121/3920/3920 1120/3921/3921
f 1105/3922/3922 1106/3923/3923 1122/3924/3924
f 1105/3925/3925 1122/3926/3926 1121/3927/3927
f 1106/3928/3928 1107/3929/3929 1123/3930/3930
f 1106/3931/3931 1123/3932/3932 1122/3933/3933
f 1107/3934/3934 1108/3935/3935 1124/3936/3936
f 1107/3937/3937 1124/3938/3938 1123/3939/3939
f 1108/3940/3940 1109/3941/3941 1125/3942/3942
f 1108/3943/3943 1125/3944/3944 1124/3945/3945
f 1109/3946/3946 1110/3947/3947 1126/3948/3948
f 1109/3949/3949 1126/3950/3950 1125/3951/3951
f 1110/3952/3952 1111/3953/3953 1127/3954/3954
f 1110/3955/3955 1127/3956/3956 1126/3957/3957
f 1111/3958/3958 1096/3959/3959 1112/3960/3960
f 1111/3961/3961 1112/3962/3962 1127/3963/3963
f 1112/3964/3964 1113/3965/3965 1129/3966/3966
f 1112/3967/3967 1129/3968/3968 1128/3969/3969
f 1113/3970/3970 1114/3971/3971 1130/3972/3972
f 1113/3973/3973 1130/3974/3974 1129/3975/3975
f 1114/3976/3976 1115/3977/3977 1131/3978/3978
f 1114/3979/3979 1131/3980/3980 1130/3981/3981
f 1115/3982/3982 1116/3983/3983 1132/3984/3984
f 1115/3985/3985 1132/3986/3986 1131/3987/3987
f 1116/3988/3988 1117/3989/3989 1133/3990/3990
f 1116/3991/3991 1133/3992/3992 1132/3993/3993
f 1117/3994/3994 1118/3995/3995 1134/3996/3996
f 1117/3997/3997 1134/3998/3998 1133/3999/3999
f 1118/4000/4000 1119/4001/4001 1135/4002/4002
f 1118/4003/4003 1135/4004/4004 1134/4005/4005
f 1119/4006/4006 1120/4007/4007 1136/4008/4008
f 1119/4009/4009 1136/4010/4010 1135/4011/4011
f 1120/4012/4012 1121/4013/4013 1137/4014/4014
f 1120/4015/4015 1137/4016/4016 1136/4017/4017
f 1121/4018/4018 1122/4019/4019 1138/4020/4020
f 1121/4021/4021 1138/4022/4022 1137/4023/4023
f 1122/4024/4024 1123/4025/4025 1139/4026/4026
f 1122/4027/4027 1139/4028/4028 1138/4029/4029
f 1123/4030/4030 1124/4031/4031 1140/4032/4032
f 1123/4033/4033 1140/4034/4034 1139/4035/4035
f 1124/4036/4036 1125/4037/4037 1141/4038/4038
f 1124/4039/4039 1141/4040/4040 1140/4041/4041
f 1125/4042/4042 1126/4043/4043 1142/4044/4044
f 1125/4045/4045 1142/4046/4046 1141/4047/4047
f 1126/4048/4048 1127/4049/4049 1143/4050/4050
f 1126/4051/4051 1143/4052/4052 1142/4053/4053
f 1127/4054/4054 1112/4055/4055 1128/4056/4056
f 1127/4057/4057 1128/4058/4058 1143/4059/4059
f 1128/4060/4060 1129/4061/4061 1145/4062/4062
f 1128/4063/4063 1145/4064/4064 1144/4065/4065
f 1129/4066/4066 1130/4067/4067 1146/4068/4068
f 1129/4069/4069 1146/4070/4070 1145/4071/4071
f 1130/4072/4072 1131/4073/4073 1147/4074/4074
f 1130/4075/4075 1147/4076/4076 1146/4077/4077
f 1131/4078/4078 1132/4079/4079 1148/4080/4080
f 1131/4081/4081 1148/4082/4082 1147/4083/4083
f 1132/4084/4084 1133/4085/4085 1149/4086/4086
f 1132/4087/4087 1149/4088/4088 1148/4089/4089
f 1133/4090/4090 1134/4091/4091 1150/4092/4092
f 1133/4093/4093 1150/4094/4094 1149/4095/4095
f 1134/4096/4096 1135/4097/4097 1151/4098/4098
f 1134/4099/4099 1151/4100/4100 1150/4101/4101
f 1135/4102/4102 1136/4103/4103 1152/4104/4104
f 1135/4105/4105 1152/4106/4106 1151/4107/4107
f 1136/4108/4108 1137/4109/4109 1153/4110/4110
f 1136/4111/4111 1153/4112/4112 1152/4113/4113
f 1137/4114/4114 1138/4115/4115 1154/4116/4116
f 1137/4117/4117 1154/4118/4118 1153/4119/4119
f 1138/4120/4120 1139/4121/4121 1155/4122/4122
f 1138/4123/4123 1155/4124/4124 1154/4125/4125
f 1139/4126/4126 1140/4127/4127 1156/4128/4128
f 1139/4129/4129 1156/4130/4130 1155/4131/4131
f 1140/4132/4132 1141/4133/4133 1157/4134/4134
f 1140/4135/4135 1157/4136/4136 1156/4137/4137
f 1141/4138/4138 1142/4139/4139 1158/4140/4140
f 1141/4141/4141 1158/4142/4142 1157/4143/4143
f 1142/4144/4144 1143/4145/4145 1159/4146/4146
f 1142/4147/4147 1159/4148/4148 1158/4149/4149
f 1143/4150/4150 1128/4151/4151 1144/4152/4152
f 1143/4153/4153 1144/4154/4154 1159/4155/4155
f 1144/4156/4156 1145/4157/4157 1161/4158/4158
f 1144/4159/4159 1161/4160/4160 1160/4161/4161
f 1145/4162/4162 1146/4163/4163 1162/4164/4164
f 1145/4165/4165 1162/4166/4166 1161/4167/4167
f 1146/4168/4168 1147/4169/4169 1163/4170/4170
f 1146/4171/4171 1163/4172/4172 1162/4173/4173
f 1147/4174/4174 1148/4175/4175 1164/4176/4176
f 1147/4177/4177 1164/4178/4178 1163/4179/4179
f 1148/4180/4180 1149/4181/4181 1165/4182/4182
f 1148/4183/4183 1165/4184/4184 1164/4185/4185
f 1149/4186/4186 1150/4187/4187 1166/4188/4188
f 1149/4189/4189 1166/4190/4190 1165/4191/4191
f 1150/4192/4192 1151/4193/4193 1167/4194/4194
f 1150/4195/4195 1167/4196/4196 1166/4197/4197
f 1151/4198/4198 1152/4199/4199 1168/4200/4200
f 1151/4201/4201 1168/4202/4202 1167/4203/4203
f 1152/4204/4204 1153/4205/4205 1169/4206/4206
f 1152/4207/4207 1169/4208/4208 1168/4209/4209
f 1153/4210/4210 1154/4211/4211 1170/4212/4212
f 1153/4213/4213 1170/4214/4214 1169/4215/4215
f 1154/4216/4216 1155/4217/4217 1171/4218/4218
f 1154/4219/4219 1171/4220/4220 1170/4221/4221
f 1155/4222/4222 1156/4223/4223 1172/4224/4224
f 1155/4225/4225 1172/4226/4226 1171/4227/4227
f 1156/4228/4228 1157/4229/4229 1173/4230/4230
f 1156/4231/4231 1173/4232/4232 1172/4233/4233
f 1157/4234/4234 1158/4235/4235 1174/4236/4236
f 1157/4237/4237 1174/4238/4238 1173/4239/4239
f 1158/4240/4240 1159/4241/4241 1175/4242/4242
f 1158/4243/4243 1175/4244/4244 1174/4245/4245
f 1159/4246/4246 1144/4247/4247 1160/4248/4248
f 1159/4249/4249 1160/4250/4250 1175/4251/4251
f 1160/4252/4252 1161/4253/4253 922/4254/4254
f 1160/4255/4255 922/4256/4256 921/4257/4257
f 1161/4258/4258 1162/4259/4259 924/4260/4260
f 1161/4261/4261 924/4262/4262 922/4263/4263
f 1162/4264/4264 1163/4265/4265 926/4266/4266
f 1162/4267/4267 926/4268/4268 924/4269/4269
f 1163/4270/4270 1164/4271/4271 928/4272/4272
f 1163/4273/4273 928/4274/4274 926/4275/4275
f 1164/4276/4276 1165/4277/4277 930/4278/4278
f 1164/4279/4279 930/4280/4280 928/4281/4281
f 1165/4282/4282 1166/4283/4283 932/4284/4284
f 1165/4285/4285 932/4286/4286 930/4287/4287
f 1166/4288/4288 1167/4289/4289 934/4290/4290
f 1166/4291/4291 934/4292/4292 932/4293/4293
f 1167/4294/4294 1168/4295/4295 936/4296/4296
f 1167/4297/4297 936/4298/4298 934/4299/4299
f 1168/4300/4300 1169/4301/4301 938/4302/4302
f 1168/4303/4303 938/4304/4304 936/4305/4305
f 1169/4306/4306 1170/4307/4307 940/4308/4308
f 1169/4309/4309 940/4310/4310 938/4311/4311
f 1170/4312/4312 1171/4313/4313 942/4314/4314
f 1170/4315/4315 942/4316/4316 940/4317/4317
f 1171/4318/4318 1172/4319/4319 944/4320/4320
f 1171/4321/4321 944/4322/4322 942/4323/4323
f 1172/4324/4324 1173/4325/4325 946/4326/4326
f 1172/4327/4327 946/4328/4328 944/4329/4329
f 1173/4330/4330 1174/4331/4331 948/4332/4332
f 1173/4333/4333 948/4334/4334 946/4335/4335
f 1174/4336/4336 1175/4337/4337 950/4338/4338
f 1174/4339/4339 950/4340/4340 948/4341/4341
f 1175/4342/4342 1160/4343/4343 921/4344/4344
f 1175/4345/4345 921/4346/4346 950/4347/4347
f 921/4348/4348 950/4349/4349 948/4350/4350
f 921/4351/4351 948/4352/4352 946/4353/4353
f 921/4354/4354 946/4355/4355 944/4356/4356
f 921/4357/4357 944/4358/4358 942/4359/4359
f 921/4360/4360 942/4361/4361 940/4362/4362
f 921/4363/4363 940/4364/4364 938/4365/4365
f 921/4366/4366 938/4367/4367 936/4368/4368
f 921/4369/4369 936/4370/4370 934/4371/4371
f 921/4372/4372 934/4373/4373 932/4374/4374
f 921/4375/4375 932/4376/4376 930/4377/4377
f 921/4378/4378 930/4379/4379 928/4380/4380
f 921/4381/4381 928/4382/4382 926/4383/4383
f 921/4384/4384 926/4385/4385 924/4386/4386
f 921/4387/4387 924/4388/4388 922/4389/4389
f 924/4390/4390 926/4391/4391 928/4392/4392
f 924/4393/4393 928/4394/4394 930/4395/4395
f 924/4396/4396 930/4397/4397 932/4398/4398
f 924/4399/4399 932/4400/4400 934/4401/4401
f 924/4402/4402 934/4403/4403 936/4404/4404
f 924/4405/4405 936/4406/4406 938/4407/4407
f 924/4408/4408 938/4409/4409 940/4410/4410
f 924/4411/4411 940/4412/4412 942/4413/4413
f 924/4414/4414 942/4415/4415 944/4416/4416
f 924/4417/4417 944/4418/4418 946/4419/4419
f 924/4420/4420 946/4421/4421 948/4422/4422
f 924/4423/4423 948/4424/4424 950/4425/4425
f 924/4426/4426 950/4427/4427 921/4428/4428
f 924/4429/4429 921/4430/4430 922/4431/4431
f 32/4432/4432 16/4433/4433 1/4434/4434
f 32/4435/4435 1/4436/4436 17/4437/4437
f 31/4438/4438 15/4439/4439 16/4440/4440
f 31/4441/4441 16/4442/4442 32/4443/4443
f 30/4444/4444 14/4445/4445 15/4446/4446
f 30/4447/4447 15/4448/4448 31/4449/4449
f 29/4450/4450 13/4451/4451 14/4452/4452
f 29/4453/4453 14/4454/4454 30/4455/4455
f 28/4456/4456 12/4457/4457 13/4458/4458
f 28/4459/4459 13/4460/4460 29/4461/4461
f 27/4462/4462 11/4463/4463 12/4464/4464
f 27/4465/4465 12/4466/4466 28/4467/4467
f 26/4468/4468 10/4469/4469 11/4470/4470
f 26/4471/4471 11/4472/4472 27/4473/4473
f 25/4474/4474 9/4475/4475 10/4476/4476
f 25/4477/4477 10/4478/4478 26/4479/4479
f 24/4480/4480 8/4481/4481 9/4482/4482
f 24/4483/4483 9/4484/4484 25/4485/4485
f 23/4486/4486 7/4487/4487 8/4488/4488
f 23/4489/4489 8/4490/4490 24/4491/4491
f 22/4492/4492 6/4493/4493 7/4494/4494
f 22/4495/4495 7/4496/4496 23/4497/4497
f 21/4498/4498 5/4499/4499 6/4500/4500
f 21/4501/4501 6/4502/4502 22/4503/4503
f 20/4504/4504 4/4505/4505 5/4506/4506
f 20/4507/4507 5/4508/4508 21/4509/4509
f 19/4510/4510 3/4511/4511 4/4512/4512
f 19/4513/4513 4/4514/4514 20/4515/4515
f 18/4516/4516 2/4517/4517 3/4518/4518
f 18/4519/4519 3/4520/4520 19/4521/4521
f 17/4522/4522 1/4523/4523 2/4524/4524
f 17/4525/4525 2/4526/4526 18/4527/4527
f 48/4528/4528 32/4529/4529 17/4530/4530
f 48/4531/4531 17/4532/4532 33/4533/4533
f 47/4534/4534 31/4535/4535 32/4536/4536
f 47/4537/4537 32/4538/4538 48/4539/4539
f 46/4540/4540 30/4541/4541 31/4542/4542
f 46/4543/4543 31/4544/4544 47/4545/4545
f 45/4546/4546 29/4547/4547 30/4548/4548
f 45/4549/4549 30/4550/4550 46/4551/4551
f 44/4552/4552 28/4553/4553 29/4554/4554
f 44/4555/4555 29/4556/4556 45/4557/4557
f 43/4558/4558 27/4559/4559 28/4560/4560
f 43/4561/4561 28/4562/4562 44/4563/4563
f 42/4564/4564 26/4565/4565 27/4566/4566
f 42/4567/4567 27/4568/4568 43/4569/4569
f 41/4570/4570 25/4571/4571 26/4572/4572
f 41/4573/4573 26/4574/4574 42/4575/4575
f 40/4576/4576 24/4577/4577 25/4578/4578
f 40/4579/4579 25/4580/4580 41/4581/4581
f 39/4582/4582 23/4583/4583 24/4584/4584
f 39/4585/4585 24/4586/4586 40/4587/4587
f 38/4588/4588 22/4589/4589 23/4590/4590
f 38/4591/4591 23/4592/4592 39/4593/4593
f 37/4594/4594 21/4595/4595 22/4596/4596
f 37/4597/4597 22/4598/4598 38/4599/4599
f 36/4600/4600 20/4601/4601 21/4602/4602
f 36/4603/4603 21/4604/4604 37/4605/4605
f 35/4606/4606 19/4607/4607 20/4608/4608
f 35/4609/4609 20/4610/4610 36/4611/4611
f 34/4612/4612 18/4613/4613 19/4614/4614
f 34/4615/4615 19/4616/4616 35/4617/4617
f 33/4618/4618 17/4619/4619 18/4620/4620
f 33/4621/4621 18/4622/4622 34/4623/4623
f 64/4624/4624 48/4625/4625 33/4626/4626
f 64/4627/4627 33/4628/4628 49/4629/4629
f 63/4630/4630 47/4631/4631 48/4632/4632
f 63/4633/4633 48/4634/4634 64/4635/4635
f 62/4636/4636 46/4637/4637 47/4638/4638
f 62/4639/4639 47/4640/4640 63/4641/4641
f 61/4642/4642 45/4643/4643 46/4644/4644
f 61/4645/4645 46/4646/4646 62/4647/4647
f 60/4648/4648 44/4649/4649 45/4650/4650
f 60/4651/4651 45/4652/4652 61/4653/4653
f 59/4654/4654 43/4655/4655 44/4656/4656
f 59/4657/4657 44/4658/4658 60/4659/4659
f 58/4660/4660 42/4661/4661 43/4662/4662
f 58/4663/4663 43/4664/4664 59/4665/4665
f 57/4666/4666 41/4667/4667 42/4668/4668
f 57/4669/4669 42/4670/4670 58/4671/4671
f 56/4672/4672 40/4673/4673 41/4674/4674
f 56/4675/4675 41/4676/4676 57/4677/4677
f 55/4678/4678 39/4679/4679 40/4680/4680
f 55/4681/4681 40/4682/4682 56/4683/4683
f 54/4684/4684 38/4685/4685 39/4686/4686
f 54/4687/4687 39/4688/4688 55/4689/4689
f 53/4690/4690 37/4691/4691 38/4692/4692
f 53/4693/4693 38/4694/4694 54/4695/4695
f 52/4696/4696 36/4697/4697 37/4698/4698
f 52/4699/4699 37/4700/4700 53/4701/4701
f 51/4702/4702 35/4703/4703 36/4704/4704
f 51/4705/4705 36/4706/4706 52/4707/4707
f 50/4708/4708 34/4709/4709 35/4710/4710
f 50/4711/4711 35/4712/4712 51/4713/4713
f 49/4714/4714 33/4715/4715 34/4716/4716
f 49/4717/4717 34/4718/4718 50/4719/4719
f 80/4720/4720 64/4721/4721 49/4722/4722
f 80/4723/4723 49/4724/4724 65/4725/4725
f 79/4726/4726 63/4727/4727 64/4728/4728
f 79/4729/4729 64/4730/4730 80/4731/4731
f 78/4732/4732 62/4733/4733 63/4734/4734
f 78/4735/4735 63/4736/4736 79/4737/4737
f 77/4738/4738 61/4739/4739 62/4740/4740
f 77/4741/4741 62/4742/4742 78/4743/4743
f 76/4744/4744 60/4745/4745 61/4746/4746
f 76/4747/4747 61/4748/4748 77/4749/4749
f 75/4750/4750 59/4751/4751 60/4752/4752
f 75/4753/4753 60/4754/4754 76/4755/4755
f 74/4756/4756 58/4757/4757 59/4758/4758
f 74/4759/4759 59/4760/4760 75/4761/4761
f 73/4762/4762 57/4763/4763 58/4764/4764
f 73/4765/4765 58/4766/4766 74/4767/4767
f 72/4768/4768 56/4769/4769 57/4770/4770
f 72/4771/4771 57/4772/4772 73/4773/4773
f 71/4774/4774 55/4775/4775 56/4776/4776
f 71/4777/4777 56/4778/4778 72/4779/4779
f 70/4780/4780 54/4781/4781 55/4782/4782
f 70/4783/4783 55/4784/4784 71/4785/4785
f 69/4786/4786 53/4787/4787 54/4788/4788
f 69/4789/4789 54/4790/4790 70/4791/4791
f 68/4792/4792 52/4793/4793 53/4794/4794
f 68/4795/4795 53/4796/4796 69/4797/4797
f 67/4798/4798 51/4799/4799 52/4800/4800
f 67/4801/4801 52/4802/4802 68/4803/4803
f 66/4804/4804 50/4805/4805 51/4806/4806
f 66/4807/4807 51/4808/4808 67/4809/4809
f 65/4810/4810 49/4811/4811 50/4812/4812
f 65/4813/4813 50/4814/4814 66/4815/4815
f 96/4816/4816 80/4817/4817 65/4818/4818
f 96/4819/4819 65/4820/4820 81/4821/4821
f 95/4822/4822 79/4823/4823 80/4824/4824
f 95/4825/4825 80/4826/4826 96/4827/4827
f 94/4828/4828 78/4829/4829 79/4830/4830
f 94/4831/4831 79/4832/4832 95/4833/4833
f 93/4834/4834 77/4835/4835 78/4836/4836
f 93/4837/4837 78/4838/4838 94/4839/4839
f 92/4840/4840 76/4841/4841 77/4842/4842
f 92/4843/4843 77/4844/4844 93/4845/4845
f 91/4846/4846 75/4847/4847 76/4848/4848
f 91/4849/4849 76/4850/4850 92/4851/4851
f 90/4852/4852 74/4853/4853 75/4854/4854
f 90/4855/4855 75/4856/4856 91/4857/4857
f 89/4858/4858 73/4859/4859 74/4860/4860
f 89/4861/4861 74/4862/4862 90/4863/4863
f 88/4864/4864 72/4865/4865 73/4866/4866
f 88/4867/4867 73/4868/4868 89/4869/4869
f 87/4870/4870 71/4871/4871 72/4872/4872
f 87/4873/4873 72/4874/4874 88/4875/4875
f 86/4876/4876 70/4877/4877 71/4878/4878
f 86/4879/4879 71/4880/4880 87/4881/4881
f 85/4882/4882 69/4883/4883 70/4884/4884
f 85/4885/4885 70/4886/4886 86/4887/4887
f 84/4888/4888 68/4889/4889 69/4890/4890
f 84/4891/4891 69/4892/4892 85/4893/4893
f 83/4894/4894 67/4895/4895 68/4896/4896
f 83/4897/4897 68/4898/4898 84/4899/4899
f 82/4900/4900 66/4901/4901 67/4902/4902
f 82/4903/4903 67/4904/4904 83/4905/4905
f 81/4906/4906 65/4907/4907 66/4908/4908
f 81/4909/4909 66/4910/4910 82/4911/4911
f 112/4912/4912 96/4913/4913 81/4914/4914
f 112/4915/4915 81/4916/4916 97/4917/4917
f 111/4918/4918 95/4919/4919 96/4920/4920
f 111/4921/4921 96/4922/4922 112/4923/4923
f 110/4924/4924 94/4925/4925 95/4926/4926
f 110/4927/4927 95/4928/4928 111/4929/4929
f 109/4930/4930 93/4931/4931 94/4932/4932
f 109/4933/4933 94/4934/4934 110/4935/4935
f 108/4936/4936 92/4937/4937 93/4938/4938
f 108/4939/4939 93/4940/4940 109/4941/4941
f 107/4942/4942 91/4943/4943 92/4944/4944
f 107/4945/4945 92/4946/4946 108/4947/4947
f 106/4948/4948 90/4949/4949 91/4950/4950
f 106/4951/4951 91/4952/4952 107/4953/4953
f 105/4954/4954 89/4955/4955 90/4956/4956
f 105/4957/4957 90/4958/4958 106/4959/4959
f 104/4960/4960 88/4961/4961 89/4962/4962
f 104/4963/4963 89/4964/4964 105/4965/4965
f 103/4966/4966 87/4967/4967 88/4968/4968
f 103/4969/4969 88/4970/4970 104/4971/4971
f 102/4972/4972 86/4973/4973 87/4974/4974
f 102/4975/4975 87/4976/4976 103/4977/4977
f 101/4978/4978 85/4979/4979 86/4980/4980
f 101/4981/4981 86/4982/4982 102/4983/4983
f 100/4984/4984 84/4985/4985 85/4986/4986
f 100/4987/4987 85/4988/4988 101/4989/4989
f 99/4990/4990 83/4991/4991 84/4992/4992
f 99/4993/4993 84/4994/4994 100/4995/4995
f 98/4996/4996 82/4997/4997 83/4998/4998
f 98/4999/4999 83/5000/5000 99/5001/5001
f 97/5002/5002 81/5003/5003 82/5004/5004
f 97/5005/5005 82/5006/5006 98/5007/5007
f 128/5008/5008 112/5009/5009 97/5010/5010
f 128/5011/5011 97/5012/5012 113/5013/5013
f 127/5014/5014 111/5015/5015 112/5016/5016
f 127/5017/5017 112/5018/5018 128/5019/5019
f 126/5020/5020 110/5021/5021 111/5022/5022
f 126/5023/5023 111/5024/5024 127/5025/5025
f 125/5026/5026 109/5027/5027 110/5028/5028
f 125/5029/5029 110/5030/5030 126/5031/5031
f 124/5032/5032 108/5033/5033 109/5034/5034
f 124/5035/5035 109/5036/5036 125/5037/5037
f 123/5038/5038 107/5039/5039 108/5040/5040
f 123/5041/5041 108/5042/5042 124/5043/5043
f 122/5044/5044 106/5045/5045 107/5046/5046
f 122/5047/5047 107/5048/5048 123/5049/5049
f 121/5050/5050 105/5051/5051 106/5052/5052
f 121/5053/5053 106/5054/5054 122/5055/5055
f 120/5056/5056 104/5057/5057 105/5058/5058
f 120/5059/5059 105/5060/5060 121/5061/5061
f 119/5062/5062 103/5063/5063 104/5064/5064
f 119/5065/5065 104/5066/5066 120/5067/5067
f 118/5068/5068 102/5069/5069 103/5070/5070
f 118/5071/5071 103/5072/5072 119/5073/5073
f 117/5074/5074 101/5075/5075 102/5076/5076
f 117/5077/5077 102/5078/5078 118/5079/5079
f 116/5080/5080 100/5081/5081 101/5082/5082
f 116/5083/5083 101/5084/5084 117/5085/5085
f 115/5086/5086 99/5087/5087 100/5088/5088
f 115/5089/5089 100/5090/5090 116/5091/5091
f 114/5092/5092 98/5093/5093 99/5094/5094
f 114/5095/5095 99/5096/5096 115/5097/5097
f 113/5098/5098 97/5099/5099 98/5100/5100
f 113/5101/5101 98/5102/5102 114/5103/5103
f 144/5104/5104 128/5105/5105 113/5106/5106
f 144/5107/5107 113/5108/5108 129/5109/5109
f 143/5110/5110 127/5111/5111 128/5112/5112
f 143/5113/5113 128/5114/5114 144/5115/5115
f 142/5116/5116 126/5117/5117 127/5118/5118
f 142/5119/5119 127/5120/5120 143/5121/5121
f 141/5122/5122 125/5123/5123 126/5124/5124
f 141/5125/5125 126/5126/5126 142/5127/5127
f 140/5128/5128 124/5129/5129 125/5130/5130
f 140/5131/5131 125/5132/5132 141/5133/5133
f 139/5134/5134 123/5135/5135 124/5136/5136
f 139/5137/5137 124/5138/5138 140/5139/5139
f 138/5140/5140 122/5141/5141 123/5142/5142
f 138/5143/5143 123/5144/5144 139/5145/5145
f 137/5146/5146 121/5147/5147 122/5148/5148
f 137/5149/5149 122/5150/5150 138/5151/5151
f 136/5152/5152 120/5153/5153 121/5154/5154
f 136/5155/5155 121/5156/5156 137/5157/5157
f 135/5158/5158 119/5159/5159 120/5160/5160
f 135/5161/5161 120/5162/5162 136/5163/5163
f 134/5164/5164 118/5165/5165 119/5166/5166
f 134/5167/5167 119/5168/5168 135/5169/5169
f 133/5170/5170 117/5171/5171 118/5172/5172
f 133/5173/5173 118/5174/5174 134/5175/5175
f 132/5176/5176 116/5177/5177 117/5178/5178
f 132/5179/5179 117/5180/5180 133/5181/5181
f 131/5182/5182 115/5183/5183 116/5184/5184
f 131/5185/5185 116/5186/5186 132/5187/5187
f 130/5188/5188 114/5189/5189 115/5190/5190
f 130/5191/5191 115/5192/5192 131/5193/5193
f 129/5194/5194 113/5195/5195 114/5196/5196
f 129/5197/5197 114/5198/5198 130/5199/5199
f 160/5200/5200 144/5201/5201 129/5202/5202
f 160/5203/5203 129/5204/5204 145/5205/5205
f 159/5206/5206 143/5207/5207 144/5208/5208
f 159/5209/5209 144/5210/5210 160/5211/5211
f 158/5212/5212 142/5213/5213 143/5214/5214
f 158/5215/5215 143/5216/5216 159/5217/5217
f 157/5218/5218 141/5219/5219 142/5220/5220
f 157/5221/5221 142/5222/5222 158/5223/5223
f 156/5224/5224 140/5225/5225 141/5226/5226
f 156/5227/5227 141/5228/5228 157/5229/5229
f 155/5230/5230 139/5231/5231 140/5232/5232
f 155/5233/5233 140/5234/5234 156/5235/5235
f 154/5236/5236 138/5237/5237 139/5238/5238
f 154/5239/5239 139/5240/5240 155/5241/5241
f 153/5242/5242 137/5243/5243 138/5244/5244
f 153/5245/5245 138/5246/5246 154/5247/5247
f 152/5248/5248 136/5249/5249 137/5250/5250
f 152/5251/5251 137/5252/5252 153/5253/5253
f 151/5254/5254 135/5255/5255 136/5256/5256
f 151/5257/5257 136/5258/5258 152/5259/5259
f 150/5260/5260 134/5261/5261 135/5262/5262
f 150/5263/5263 135/5264/5264 151/5265/5265
f 149/5266/5266 133/5267/5267 134/5268/5268
f 149/5269/5269 134/5270/5270 150/5271/5271
f 148/5272/5272 132/5273/5273 133/5274/5274
f 148/5275/5275 133/5276/5276 149/5277/5277
f 147/5278/5278 131/5279/5279 132/5280/5280
f 147/5281/5281 132/5282/5282 148/5283/5283
f 146/5284/5284 130/5285/5285 131/5286/5286
f 146/5287/5287 131/5288/5288 147/5289/5289
f 145/5290/5290 129/5291/5291 130/5292/5292
f 145/5293/5293 130/5294/5294 146/5295/5295
f 176/5296/5296 160/5297/5297 145/5298/5298
f 176/5299/5299 145/5300/5300 161/5301/5301
f 175/5302/5302 159/5303/5303 160/5304/5304
f 175/5305/5305 160/5306/5306 176/5307/5307
f 174/5308/5308 158/5309/5309 159/5310/5310
f 174/5311/5311 159/5312/5312 175/5313/5313
f 173/5314/5314 157/5315/5315 158/5316/5316
f 173/5317/5317 158/5318/5318 174/5319/5319
f 172/5320/5320 156/5321/5321 157/5322/5322
f 172/5323/5323 157/5324/5324 173/5325/5325
f 171/5326/5326 155/5327/5327 156/5328/5328
f 171/5329/5329 156/5330/5330 172/5331/5331
f 170/5332/5332 154/5333/5333 155/5334/5334
f 170/5335/5335 155/5336/5336 171/5337/5337
f 169/5338/5338 153/5339/5339 154/5340/5340
f 169/5341/5341 154/5342/5342 170/5343/5343
f 168/5344/5344 152/5345/5345 153/5346/5346
f 168/5347/5347 153/5348/5348 169/5349/5349
f 167/5350/5350 151/5351/5351 152/5352/5352
f 167/5353/5353 152/5354/5354 168/5355/5355
f 166/5356/5356 150/5357/5357 151/5358/5358
f 166/5359/5359 151/5360/5360 167/5361/5361
f 165/5362/5362 149/5363/5363 150/5364/5364
f 165/5365/5365 150/5366/5366 166/5367/5367
f 164/5368/5368 148/5369/5369 149/5370/5370
f 164/5371/5371 149/5372/5372 165/5373/5373
f 163/5374/5374 147/5375/5375 148/5376/5376
f 163/5377/5377 148/5378/5378 164/5379/5379
f 162/5380/5380 146/5381/5381 147/5382/5382
f 162/5383/5383 147/5384/5384 163/5385/5385
f 161/5386/5386 145/5387/5387 146/5388/5388
f 161/5389/5389 146/5390/5390 162/5391/5391
f 192/5392/5392 176/5393/5393 161/5394/5394
f 192/5395/5395 161/5396/5396 177/5397/5397
f 191/5398/5398 175/5399/5399 176/5400/5400
f 191/5401/5401 176/5402/5402 192/5403/5403
f 190/5404/5404 174/5405/5405 175/5406/5406
f 190/5407/5407 175/5408/5408 191/5409/5409
f 189/5410/5410 173/5411/5411 174/5412/5412
f 189/5413/5413 174/5414/5414 190/5415/5415
f 188/5416/5416 172/5417/5417 173/5418/5418
f 188/5419/5419 173/5420/5420 189/5421/5421
f 187/5422/5422 171/5423/5423 172/5424/5424
f 187/5425/5425 172/5426/5426 188/5427/5427
f 186/5428/5428 170/5429/5429 171/5430/5430
f 186/5431/5431 171/5432/5432 187/5433/5433
f 185/5434/5434 169/5435/5435 170/5436/5436
f 185/5437/5437 170/5438/5438 186/5439/5439
f 184/5440/5440 168/5441/5441 169/5442/5442
f 184/5443/5443 169/5444/5444 185/5445/5445
f 183/5446/5446 167/5447/5447 168/5448/5448
f 183/5449/5449 168/5450/5450 184/5451/5451
f 182/5452/5452 166/5453/5453 167/5454/5454
f 182/5455/5455 167/5456/5456 183/5457/5457
f 181/5458/5458 165/5459/5459 166/5460/5460
f 181/5461/5461 166/5462/5462 182/5463/5463
f 180/5464/5464 164/5465/5465 165/5466/5466
f 180/5467/5467 165/5468/5468 181/5469/5469
f 179/5470/5470 163/5471/5471 164/5472/5472
f 179/5473/5473 164/5474/5474 180/5475/5475
f 178/5476/5476 162/5477/5477 163/5478/5478
f 178/5479/5479 163/5480/5480 179/5481/5481
f 177/5482/5482 161/5483/5483 162/5484/5484
f 177/5485/5485 162/5486/5486 178/5487/5487
f 208/5488/5488 192/5489/5489 177/5490/5490
f 208/5491/5491 177/5492/5492 193/5493/5493
f 207/5494/5494 191/5495/5495 192/5496/5496
f 207/5497/5497 192/5498/5498 208/5499/5499
f 206/5500/5500 190/5501/5501 191/5502/5502
f 206/5503/5503 191/5504/5504 207/5505/5505
f 205/5506/5506 189/5507/5507 190/5508/5508
f 205/5509/5509 190/5510/5510 206/5511/5511
f 204/5512/5512 188/5513/5513 189/5514/5514
f 204/5515/5515 189/5516/5516 205/5517/5517
f 203/5518/5518 187/5519/5519 188/5520/5520
f 203/5521/5521 188/5522/5522 204/5523/5523
f 202/5524/5524 186/5525/5525 187/5526/5526
f 202/5527/5527 187/5528/5528 203/5529/5529
f 201/5530/5530 185/5531/5531 186/5532/5532
f 201/5533/5533 186/5534/5534 202/5535/5535
f 200/5536/5536 184/5537/5537 185/5538/5538
f 200/5539/5539 185/5540/5540 201/5541/5541
f 199/5542/5542 183/5543/5543 184/5544/5544
f 199/5545/5545 184/5546/5546 200/5547/5547
f 198/5548/5548 182/5549/5549 183/5550/5550
f 198/5551/5551 183/5552/5552 199/5553/5553
f 197/5554/5554 181/5555/5555 182/5556/5556
f 197/5557/5557 182/5558/5558 198/5559/5559
f 196/5560/5560 180/5561/5561 181/5562/5562
f 196/5563/5563 181/5564/5564 197/5565/5565
f 195/5566/5566 179/5567/5567 180/5568/5568
f 195/5569/5569 180/5570/5570 196/5571/5571
f 194/5572/5572 178/5573/5573 179/5574/5574
f 194/5575/5575 179/5576/5576 195/5577/5577
f 193/5578/5578 177/5579/5579 178/5580/5580
f 193/5581/5581 178/5582/5582 194/5583/5583
f 224/5584/5584 208/5585/5585 193/5586/5586
f 224/5587/5587 193/5588/5588 209/5589/5589
f 223/5590/5590 207/5591/5591 208/5592/5592
f 223/5593/5593 208/5594/5594 224/5595/5595
f 222/5596/5596 206/5597/5597 207/5598/5598
f 222/5599/5599 207/5600/5600 223/5601/5601
f 221/5602/5602 205/5603/5603 206/5604/5604
f 221/5605/5605 206/5606/5606 222/5607/5607
f 220/5608/5608 204/5609/5609 205/5610/5610
f 220/5611/5611 205/5612/5612 221/5613/5613
f 219/5614/5614 203/5615/5615 204/5616/5616
f 219/5617/5617 204/5618/5618 220/5619/5619
f 218/5620/5620 202/5621/5621 203/5622/5622
f 218/5623/5623 203/5624/5624 219/5625/5625
f 217/5626/5626 201/5627/5627 202/5628/5628
f 217/5629/5629 202/5630/5630 218/5631/5631
f 216/5632/5632 200/5633/5633 201/5634/5634
f 216/5635/5635 201/5636/5636 217/5637/5637
f 215/5638/5638 199/5639/5639 200/5640/5640
f 215/5641/5641 200/5642/5642 216/5643/5643
f 214/5644/5644 198/5645/5645 199/5646/5646
f 214/5647/5647 199/5648/5648 215/5649/5649
f 213/5650/5650 197/5651/5651 198/5652/5652
f 213/5653/5653 198/5654/5654 214/5655/5655
f 212/5656/5656 196/5657/5657 197/5658/5658
f 212/5659/5659 197/5660/5660 213/5661/5661
f 211/5662/5662 195/5663/5663 196/5664/5664
f 211/5665/5665 196/5666/5666 212/5667/5667
f 210/5668/5668 194/5669/5669 195/5670/5670
f 210/5671/5671 195/5672/5672 211/5673/5673
f 209/5674/5674 193/5675/5675 194/5676/5676
f 209/5677/5677 194/5678/5678 210/5679/5679
f 240/5680/5680 224/5681/5681 209/5682/5682
f 240/5683/5683 209/5684/5684 225/5685/5685
f 239/5686/5686 223/5687/5687 224/5688/5688
f 239/5689/5689 224/5690/5690 240/5691/5691
f 238/5692/5692 222/5693/5693 223/5694/5694
f 238/5695/5695 223/5696/5696 239/5697/5697
f 237/5698/5698 221/5699/5699 222/5700/5700
f 237/5701/5701 222/5702/5702 238/5703/5703
f 236/5704/5704 220/5705/5705 221/5706/5706
f 236/5707/5707 221/5708/5708 237/5709/5709
f 235/5710/5710 219/5711/5711 220/5712/5712
f 235/5713/5713 220/5714/5714 236/5715/5715
f 234/5716/5716 218/5717/5717 219/5718/5718
f 234/5719/5719 219/5720/5720 235/5721/5721
f 233/5722/5722 217/5723/5723 218/5724/5724
f 233/5725/5725 218/5726/5726 234/5727/5727
f 232/5728/5728 216/5729/5729 217/5730/5730
f 232/5731/5731 217/5732/5732 233/5733/5733
f 231/5734/5734 215/5735/5735 216/5736/5736
f 231/5737/5737 216/5738/5738 232/5739/5739
f 230/5740/5740 214/5741/5741 215/5742/5742
f 230/5743/5743 215/5744/5744 231/5745/5745
f 229/5746/5746 213/5747/5747 214/5748/5748
f 229/5749/5749 214/5750/5750 230/5751/5751
f 228/5752/5752 212/5753/5753 213/5754/5754
f 228/5755/5755 213/5756/5756 229/5757/5757
f 227/5758/5758 211/5759/5759 212/5760/5760
f 227/5761/5761 212/5762/5762 228/5763/5763
f 226/5764/5764 210/5765/5765 211/5766/5766
f 226/5767/5767 211/5768/5768 227/5769/5769
f 225/5770/5770 209/5771/5771 210/5772/5772
f 225/5773/5773 210/5774/5774 226/5775/5775
f 256/5776/5776 240/5777/5777 225/5778/5778
f 256/5779/5779 225/5780/5780 241/5781/5781
f 255/5782/5782 239/5783/5783 240/5784/5784
f 255/5785/5785 240/5786/5786 256/5787/5787
f 254/5788/5788 238/5789/5789 239/5790/5790
f 254/5791/5791 239/5792/5792 255/5793/5793
f 253/5794/5794 237/5795/5795 238/5796/5796
f 253/5797/5797 238/5798/5798 254/5799/5799
f 252/5800/5800 236/5801/5801 237/5802/5802
f 252/5803/5803 237/5804/5804 253/5805/5805
f 251/5806/5806 235/5807/5807 236/5808/5808
f 251/5809/5809 236/5810/5810 252/5811/5811
f 250/5812/5812 234/5813/5813 235/5814/5814
f 250/5815/5815 235/5816/5816 251/5817/5817
f 249/5818/5818 233/5819/5819 234/5820/5820
f 249/5821/5821 234/5822/5822 250/5823/5823
f 248/5824/5824 232/5825/5825 233/5826/5826
f 248/5827/5827 233/5828/5828 249/5829/5829
f 247/5830/5830 231/5831/5831 232/5832/5832
f 247/5833/5833 232/5834/5834 248/5835/5835
f 246/5836/5836 230/5837/5837 231/5838/5838
f 246/5839/5839 231/5840/5840 247/5841/5841
f 245/5842/5842 229/5843/5843 230/5844/5844
f 245/5845/5845 230/5846/5846 246/5847/5847
f 244/5848/5848 228/5849/5849 229/5850/5850
f 244/5851/5851 229/5852/5852 245/5853/5853
f 243/5854/5854 227/5855/5855 228/5856/5856
f 243/5857/5857 228/5858/5858 244/5859/5859
f 242/5860/5860 226/5861/5861 227/5862/5862
f 242/5863/5863 227/5864/5864 243/5865/5865
f 241/5866/5866 225/5867/5867 226/5868/5868
f 241/5869/5869 226/5870/5870 242/5871/5871
f 16/5872/5872 256/5873/5873 241/5874/5874
f 16/5875/5875 241/5876/5876 1/5877/5877
f 15/5878/5878 255/5879/5879 256/5880/5880
f 15/5881/5881 256/5882/5882 16/5883/5883
f 14/5884/5884 254/5885/5885 255/5886/5886
f 14/5887/5887 255/5888/5888 15/5889/5889
f 13/5890/5890 253/5891/5891 254/5892/5892
f 13/5893/5893 254/5894/5894 14/5895/5895
f 12/5896/5896 252/5897/5897 253/5898/5898
f 12/5899/5899 253/5900/5900 13/5901/5901
f 11/5902/5902 251/5903/5903 252/5904/5904
f 11/5905/5905 252/5906/5906 12/5907/5907
f 10/5908/5908 250/5909/5909 251/5910/5910
f 10/5911/5911 251/5912/5912 11/5913/5913
f 9/5914/5914 249/5915/5915 250/5916/5916
f 9/5917/5917 250/5918/5918 10/5919/5919
f 8/5920/5920 248/5921/5921 249/5922/5922
f 8/5923/5923 249/5924/5924 9/5925/5925
f 7/5926/5926 247/5927/5927 248/5928/5928
f 7/5929/5929 248/5930/5930 8/5931/5931
f 6/5932/5932 246/5933/5933 247/5934/5934
f 6/5935/5935 247/5936/5936 7/5937/5937
f 5/5938/5938 245/5939/5939 246/5940/5940
f 5/5941/5941 246/5942/5942 6/5943/5943
f 4/5944/5944 244/5945/5945 245/5946/5946
f 4/5947/5947 245/5948/5948 5/5949/5949
f 3/5950/5950 243/5951/5951 244/5952/5952
f 3/5953/5953 244/5954/5954 4/5955/5955
f 2/5956/5956 242/5957/5957 243/5958/5958
f 2/5959/5959 243/5960/5960 3/5961/5961
f 1/5962/5962 241/5963/5963 242/5964/5964
f 1/5965/5965 242/5966/5966 2/5967/5967
f 15/5968/5968 14/5969/5969 13/5970/5970
f 15/5971/5971 13/5972/5972 12/5973/5973
f 15/5974/5974 12/5975/5975 11/5976/5976
f 15/5977/5977 11/5978/5978 10/5979/5979
f 15/5980/5980 10/5981/5981 9/5982/5982
f 15/5983/5983 9/5984/5984 8/5985/5985
f 15/5986/5986 8/5987/5987 7/5988/5988
f 15/5989/5989 7/5990/5990 6/5991/5991
f 15/5992/5992 6/5993/5993 5/5994/5994
f 15/5995/5995 5/5996/5996 4/5997/5997
f 15/5998/5998 4/5999/5999 3/6000/6000
f 15/6001/6001 3/6002/6002 2/6003/6003
f 15/6004/6004 2/6005/6005 1/6006/6006
f 15/6007/6007 1/6008/6008 16/6009/6009
f 1/6010/6010 2/6011/6011 3/6012/6012
f 1/6013/6013 3/6014/6014 4/6015/6015
f 1/6016/6016 4/6017/6017 5/6018/6018
f 1/6019/6019 5/6020/6020 6/6021/6021
f 1/6022/6022 6/6023/6023 7/6024/6024
f 1/6025/6025 7/6026/6026 8/6027/6027
f 1/6028/6028 8/6029/6029 9/6030/6030
f 1/6031/6031 9/6032/6032 10/6033/6033
f 1/6034/6034 10/6035/6035 11/6036/6036
f 1/6037/6037 11/6038/6038 12/6039/6039
f 1/6040/6040 12/6041/6041 13/6042/6042
f 1/6043/6043 13/6044/6044 14/6045/6045
f 1/6046/6046 14/6047/6047 15/6048/6048
f 1/6049/6049 15/6050/6050 16/6051/6051
