v 0.024208 0.001070 0.254390
v 0.060873 0.001079 0.255741
v 0.060168 -0.006074 0.255789
v 0.092239 -0.009214 0.258504
v 0.092944 -0.002061 0.258455
v 0.129255 -0.002034 0.262495
v 0.127853 -0.016270 0.262592
v 0.162635 -0.019660 0.267975
v 0.164038 -0.005423 0.267879
v 0.199646 -0.005378 0.274568
v 0.197560 -0.026561 0.274712
v 0.231939 -0.029893 0.282711
v 0.234026 -0.008709 0.282567
v 0.268589 -0.008646 0.291842
v 0.265838 -0.036573 0.292032
v 0.299172 -0.039784 0.302569
v 0.301923 -0.011858 0.302379
v 0.335107 -0.011778 0.314150
v 0.331719 -0.046178 0.314384
v 0.363601 -0.049230 0.327357
v 0.366989 -0.014830 0.327123
v 0.398475 -0.014734 0.341277
v 0.394482 -0.055276 0.341553
v 0.424571 -0.058136 0.356837
v 0.428565 -0.017593 0.356562
v 0.458049 -0.017482 0.372962
v 0.453490 -0.063776 0.373277
v 0.481480 -0.066415 0.390726
v 0.486040 -0.020120 0.390411
v 0.513240 -0.019995 0.408900
v 0.508157 -0.071595 0.409251
v 0.533772 -0.073986 0.428696
v 0.538854 -0.022385 0.428346
v 0.563507 -0.022247 0.448745
v 0.557950 -0.078657 0.449128
v 0.580937 -0.080776 0.470383
v 0.586493 -0.024366 0.469999
v 0.619058 -0.025195 0.503042
v 0.613082 -0.085871 0.503454
v -0.024208 0.005838 0.254358
v -0.060873 0.005848 0.255708
v -0.060168 0.013000 0.255660
v -0.092239 0.016177 0.258331
v -0.092944 0.009024 0.258380
v -0.129255 0.009052 0.262420
v -0.127853 0.023289 0.262323
v -0.162635 0.026751 0.267660
v -0.164038 0.012514 0.267757
v -0.199646 0.012559 0.274446
v -0.197560 0.033743 0.274302
v -0.231939 0.037183 0.282255
v -0.234026 0.016000 0.282399
v -0.268589 0.016063 0.291674
v -0.265838 0.043989 0.291484
v -0.299172 0.047343 0.301977
v -0.301923 0.019417 0.302166
v -0.335107 0.019497 0.313937
v -0.331719 0.053897 0.313704
v -0.363601 0.057125 0.326634
v -0.366989 0.022725 0.326868
v -0.398475 0.022821 0.341022
v -0.394482 0.063364 0.340746
v -0.424571 0.066431 0.355991
v -0.428564 0.025889 0.356266
v -0.458049 0.026000 0.372667
v -0.453490 0.072295 0.372352
v -0.481481 0.075170 0.389764
v -0.486040 0.028875 0.390078
v -0.513240 0.029001 0.408567
v -0.508157 0.080602 0.408216
v -0.533772 0.083257 0.427627
v -0.538854 0.031656 0.427978
v -0.563507 0.031794 0.448377
v -0.557951 0.088205 0.447994
v -0.580937 0.090613 0.469218
v -0.586493 0.034203 0.469601
v -0.619058 0.035481 0.502629
v -0.613082 0.096157 0.502217
v -0.586493 -0.024366 0.469999
v -0.580937 -0.080776 0.470383
v -0.613082 -0.085871 0.503454
v -0.619058 -0.025195 0.503042
v -0.538854 -0.022385 0.428346
v -0.533772 -0.073986 0.428696
v -0.557950 -0.078657 0.449128
v -0.563507 -0.022247 0.448745
v 0.586494 0.034203 0.469601
v 0.580938 0.090613 0.469218
v 0.613082 0.096157 0.502217
v 0.619058 0.035481 0.502629
v 0.538855 0.031656 0.427978
v 0.533772 0.083257 0.427628
v 0.557951 0.088205 0.447994
v 0.563507 0.031794 0.448378
v 0.486041 0.028875 0.390078
v 0.481481 0.075170 0.389764
v 0.508158 0.080602 0.408216
v 0.513240 0.029001 0.408567
v 0.428565 0.025889 0.356266
v 0.424571 0.066431 0.355991
v 0.453490 0.072295 0.372352
v 0.458050 0.026000 0.372667
v 0.366989 0.022725 0.326868
v 0.363601 0.057125 0.326634
v 0.394482 0.063364 0.340746
v 0.398476 0.022821 0.341022
v 0.301923 0.019417 0.302166
v 0.299172 0.047343 0.301977
v 0.331719 0.053897 0.313704
v 0.335108 0.019497 0.313937
v 0.234026 0.016000 0.282399
v 0.231939 0.037183 0.282255
v 0.265838 0.043989 0.291484
v 0.268589 0.016063 0.291674
v 0.164038 0.012514 0.267757
v 0.162635 0.026751 0.267660
v 0.197560 0.033743 0.274302
v 0.199646 0.012559 0.274446
v 0.092944 0.009024 0.258380
v 0.092239 0.016177 0.258331
v 0.127853 0.023289 0.262323
v 0.129255 0.009052 0.262420
v 0.024208 0.005838 0.254358
v 0.060168 0.013000 0.255660
v 0.060873 0.005848 0.255708
v 0.023278 -0.003607 0.254422
v 0.059238 -0.010751 0.255821
v 0.057152 -0.017628 0.255868
v 0.087990 -0.026965 0.258625
v 0.090076 -0.020087 0.258578
v 0.125690 -0.027143 0.262666
v 0.121537 -0.040833 0.262759
v 0.154983 -0.050942 0.268188
v 0.159136 -0.037252 0.268095
v 0.194061 -0.044153 0.274832
v 0.187881 -0.064523 0.274970
v 0.220940 -0.074496 0.283014
v 0.227119 -0.054127 0.282876
v 0.261018 -0.060807 0.292196
v 0.252872 -0.087660 0.292379
v 0.284925 -0.097311 0.302960
v 0.293071 -0.070458 0.302777
v 0.325617 -0.076852 0.314592
v 0.315583 -0.109930 0.314817
v 0.346240 -0.119141 0.327832
v 0.356274 -0.086063 0.327607
v 0.387155 -0.092110 0.341803
v 0.375329 -0.131094 0.342068
v 0.404262 -0.139767 0.357392
v 0.416088 -0.100782 0.357127
v 0.445006 -0.106423 0.373567
v 0.431502 -0.150938 0.373869
v 0.458418 -0.158984 0.391355
v 0.471922 -0.114469 0.391053
v 0.498598 -0.119650 0.409577
v 0.483547 -0.169267 0.409915
v 0.508177 -0.176607 0.429394
v 0.523229 -0.126989 0.429056
v 0.547407 -0.131660 0.449488
v 0.530953 -0.185902 0.449857
v 0.553056 -0.192462 0.471142
v 0.569510 -0.138220 0.470773
v 0.601244 -0.145382 0.503859
v 0.583545 -0.203726 0.504255
v -0.486040 -0.020120 0.390411
v -0.481480 -0.066415 0.390726
v -0.508157 -0.071595 0.409251
v -0.513240 -0.019995 0.408900
v -0.428564 -0.017593 0.356562
v -0.424571 -0.058136 0.356837
v -0.453490 -0.063777 0.373277
v -0.458049 -0.017482 0.372962
v -0.366989 -0.014830 0.327123
v -0.363601 -0.049230 0.327357
v -0.394482 -0.055276 0.341553
v -0.398475 -0.014734 0.341277
v -0.301923 -0.011858 0.302379
v -0.299172 -0.039784 0.302569
v -0.331719 -0.046178 0.314384
v -0.335107 -0.011778 0.314150
v -0.234026 -0.008709 0.282567
v -0.231939 -0.029893 0.282711
v -0.265838 -0.036573 0.292032
v -0.268589 -0.008646 0.291842
v -0.164038 -0.005423 0.267879
v -0.162635 -0.019660 0.267975
v -0.197560 -0.026561 0.274712
v -0.199646 -0.005378 0.274568
v -0.092944 -0.002061 0.258455
v -0.092239 -0.009214 0.258504
v -0.127853 -0.016270 0.262592
v -0.129255 -0.002034 0.262495
v -0.024208 0.001070 0.254390
v -0.060168 -0.006074 0.255789
v -0.060873 0.001079 0.255741
v -0.023278 0.010515 0.254326
v -0.059238 0.017677 0.255628
v -0.057152 0.024555 0.255581
v -0.087990 0.033928 0.258211
v -0.090076 0.027050 0.258258
v -0.125690 0.034161 0.262249
v -0.121537 0.047851 0.262156
v -0.154983 0.058033 0.267447
v -0.159136 0.044343 0.267540
v -0.194061 0.051335 0.274183
v -0.187881 0.071705 0.274044
v -0.220940 0.081787 0.281952
v -0.227119 0.061417 0.282090
v -0.261018 0.068223 0.291320
v -0.252872 0.095076 0.291137
v 0.569511 0.148056 0.468827
v 0.553056 0.202299 0.468458
v 0.583545 0.214012 0.501416
v 0.601244 0.155667 0.501812
v 0.523229 0.136259 0.427267
v 0.508177 0.185877 0.426930
v 0.530953 0.195450 0.447265
v 0.547408 0.141207 0.447634
v 0.471922 0.123224 0.389437
v 0.458418 0.167740 0.389134
v 0.483547 0.178274 0.407552
v 0.498599 0.128656 0.407890
v 0.416088 0.109078 0.355701
v 0.404262 0.148062 0.355436
v 0.431503 0.159457 0.371759
v 0.445007 0.114941 0.372062
v 0.356274 0.093959 0.326384
v 0.346240 0.127037 0.326159
v 0.375329 0.139182 0.340231
v 0.387156 0.100197 0.340496
v 0.293071 0.078018 0.301768
v 0.284925 0.104871 0.301586
v 0.315583 0.117649 0.313270
v 0.325618 0.084571 0.313495
v 0.227119 0.061417 0.282090
v 0.220940 0.081787 0.281952
v 0.252872 0.095076 0.291137
v 0.261018 0.068223 0.291320
v 0.159136 0.044343 0.267540
v 0.154983 0.058033 0.267447
v 0.187881 0.071705 0.274044
v 0.194061 0.051335 0.274183
v 0.090076 0.027050 0.258258
v 0.087990 0.033928 0.258211
v 0.121537 0.047851 0.262156
v 0.125690 0.034161 0.262249
v 0.023278 0.010515 0.254326
v 0.057152 0.024555 0.255581
v 0.059238 0.017677 0.255628
v 0.021453 -0.008013 0.254452
v 0.055327 -0.022034 0.255898
v 0.051939 -0.028373 0.255941
v 0.080359 -0.043545 0.258737
v 0.083747 -0.037206 0.258694
v 0.117295 -0.051075 0.262828
v 0.110551 -0.063691 0.262914
v 0.141375 -0.080130 0.268386
v 0.148119 -0.067513 0.268301
v 0.181017 -0.081095 0.275083
v 0.170983 -0.099867 0.275210
v 0.201449 -0.116097 0.283297
v 0.211484 -0.097325 0.283169
v 0.243416 -0.110488 0.292534
v 0.230187 -0.135236 0.292702
v 0.259728 -0.150954 0.303324
v 0.272956 -0.126206 0.303156
v 0.303614 -0.138825 0.315013
v 0.287319 -0.169309 0.315220
v 0.315573 -0.184323 0.328275
v 0.331868 -0.153838 0.328068
v 0.360957 -0.165791 0.342303
v 0.341753 -0.201719 0.342548
v 0.368417 -0.215867 0.357909
v 0.387622 -0.179939 0.357665
v 0.414862 -0.191111 0.374142
v 0.392933 -0.232137 0.374421
v 0.417738 -0.245276 0.391941
v 0.439667 -0.204251 0.391663
v 0.464796 -0.214534 0.410222
v 0.440354 -0.260262 0.410533
v 0.463053 -0.272262 0.430044
v 0.487496 -0.226534 0.429733
v 0.510271 -0.235829 0.450196
v 0.483551 -0.285819 0.450536
v 0.503921 -0.296563 0.471849
v 0.530642 -0.246573 0.471509
v 0.560325 -0.259784 0.504636
v 0.531583 -0.313554 0.505002
v -0.284925 0.104871 0.301586
v -0.293071 0.078018 0.301768
v -0.325618 0.084571 0.313495
v -0.315583 0.117649 0.313270
v -0.346240 0.127037 0.326159
v -0.356274 0.093959 0.326384
v -0.387155 0.100197 0.340496
v -0.375329 0.139182 0.340231
v -0.404262 0.148062 0.355436
v -0.416088 0.109078 0.355701
v -0.445007 0.114941 0.372062
v -0.431503 0.159457 0.371759
v -0.458418 0.167740 0.389134
v -0.471922 0.123224 0.389437
v -0.498599 0.128656 0.407890
v -0.483547 0.178274 0.407552
v -0.508177 0.185877 0.426930
v -0.523229 0.136259 0.427267
v -0.547408 0.141207 0.447634
v -0.530953 0.195450 0.447265
v -0.553056 0.202299 0.468458
v -0.569511 0.148056 0.468827
v -0.601244 0.155667 0.501812
v -0.583545 0.214012 0.501416
v -0.569511 -0.138220 0.470773
v -0.553056 -0.192463 0.471142
v -0.583545 -0.203726 0.504255
v -0.601244 -0.145382 0.503859
v -0.523229 -0.126989 0.429057
v -0.508177 -0.176607 0.429394
v -0.530953 -0.185902 0.449857
v -0.547407 -0.131660 0.449488
v -0.471922 -0.114469 0.391052
v -0.458418 -0.158985 0.391355
v -0.483547 -0.169267 0.409914
v -0.498599 -0.119650 0.409577
v -0.416088 -0.100782 0.357127
v -0.404262 -0.139767 0.357392
v -0.431503 -0.150939 0.373869
v -0.445007 -0.106423 0.373567
v -0.356274 -0.086064 0.327607
v -0.346240 -0.119142 0.327832
v -0.375329 -0.131094 0.342068
v -0.387155 -0.092110 0.341803
v -0.293071 -0.070458 0.302777
v -0.284925 -0.097311 0.302960
v -0.315583 -0.109930 0.314817
v -0.325618 -0.076852 0.314592
v 0.530643 0.256410 0.468091
v 0.503922 0.306400 0.467751
v 0.531583 0.323840 0.500670
v 0.560325 0.270069 0.501035
v 0.487496 0.235805 0.426591
v 0.463053 0.281533 0.426280
v 0.483551 0.295367 0.446586
v 0.510272 0.245377 0.446926
v 0.439668 0.213006 0.388827
v 0.417738 0.254031 0.388548
v 0.440354 0.269268 0.406934
v 0.464797 0.223540 0.407245
v 0.387622 0.188234 0.355163
v 0.368418 0.224163 0.354919
v 0.392933 0.240655 0.371208
v 0.414863 0.199629 0.371486
v 0.331868 0.161733 0.325923
v 0.315573 0.192218 0.325716
v 0.341753 0.209807 0.339751
v 0.360957 0.173878 0.339995
v 0.272956 0.133765 0.301389
v 0.259728 0.158513 0.301221
v 0.287320 0.177029 0.312867
v 0.303615 0.146544 0.313074
v 0.211484 0.104615 0.281797
v 0.201449 0.123388 0.281669
v 0.230188 0.142652 0.290814
v 0.243416 0.117904 0.290982
v 0.148119 0.074604 0.267335
v 0.141375 0.087221 0.267249
v 0.170983 0.107049 0.273804
v 0.181017 0.088276 0.273932
v 0.083747 0.044170 0.258141
v 0.080359 0.050508 0.258098
v 0.110551 0.070709 0.262001
v 0.117295 0.058093 0.262087
v 0.021453 0.014921 0.254296
v 0.051939 0.035299 0.255508
v 0.055327 0.028961 0.255551
v 0.018804 -0.011977 0.254479
v 0.049289 -0.032338 0.255968
v 0.044730 -0.037894 0.256006
v 0.069640 -0.058319 0.258838
v 0.074200 -0.052763 0.258800
v 0.104392 -0.072908 0.262977
v 0.095317 -0.083967 0.263052
v 0.122334 -0.106102 0.268563
v 0.131409 -0.095044 0.268488
v 0.161017 -0.114781 0.275312
v 0.147513 -0.131235 0.275423
v 0.174217 -0.153096 0.283548
v 0.187721 -0.136642 0.283436
v 0.216459 -0.155781 0.292842
v 0.198657 -0.177472 0.292989
v 0.224549 -0.198649 0.303648
v 0.242352 -0.176958 0.303501
v 0.269944 -0.195314 0.315397
v 0.248014 -0.222034 0.315579
v 0.272778 -0.242269 0.328669
v 0.294708 -0.215549 0.328487
v 0.320888 -0.232945 0.342760
v 0.295043 -0.264436 0.342974
v 0.318414 -0.283513 0.358369
v 0.344259 -0.252021 0.358155
v 0.368775 -0.268291 0.374667
v 0.339263 -0.304250 0.374911
v 0.361005 -0.321974 0.392463
v 0.390517 -0.286015 0.392218
v 0.413133 -0.301000 0.410810
v 0.380238 -0.341081 0.411082
v 0.400134 -0.357277 0.430622
v 0.433029 -0.317196 0.430349
v 0.453526 -0.330753 0.450841
v 0.417566 -0.374570 0.451139
v 0.435421 -0.389078 0.472478
v 0.471381 -0.345262 0.472180
v 0.497872 -0.364005 0.505345
v 0.459193 -0.411135 0.505665
v -0.227119 -0.054127 0.282876
v -0.220940 -0.074497 0.283014
v -0.252872 -0.087660 0.292379
v -0.261018 -0.060807 0.292196
v -0.159136 -0.037252 0.268095
v -0.154983 -0.050942 0.268188
v -0.187881 -0.064523 0.274970
v -0.194061 -0.044154 0.274832
v -0.090076 -0.020087 0.258578
v -0.087990 -0.026965 0.258625
v -0.121537 -0.040833 0.262759
v -0.125690 -0.027143 0.262666
v -0.023278 -0.003607 0.254422
v -0.057152 -0.017629 0.255868
v -0.059238 -0.010751 0.255821
v -0.021453 0.014921 0.254296
v -0.055327 0.028961 0.255551
v -0.051939 0.035299 0.255508
v -0.080359 0.050508 0.258098
v -0.083747 0.044170 0.258141
v -0.117295 0.058093 0.262087
v -0.110551 0.070709 0.262001
v -0.141375 0.087221 0.267249
v -0.148119 0.074604 0.267335
v -0.181017 0.088276 0.273932
v -0.170983 0.107049 0.273804
v -0.201449 0.123387 0.281669
v -0.211484 0.104615 0.281797
v -0.243416 0.117904 0.290982
v -0.230188 0.142652 0.290814
v -0.259728 0.158513 0.301221
v -0.272956 0.133765 0.301389
v -0.303614 0.146544 0.313074
v -0.287320 0.177029 0.312867
v -0.315573 0.192218 0.325716
v -0.331868 0.161733 0.325923
v -0.360957 0.173878 0.339995
v -0.341753 0.209807 0.339751
v -0.368417 0.224163 0.354919
v -0.387622 0.188234 0.355163
v -0.414862 0.199629 0.371486
v -0.392933 0.240655 0.371208
v -0.417738 0.254031 0.388548
v -0.439668 0.213006 0.388827
v -0.464797 0.223540 0.407245
v -0.440354 0.269268 0.406934
v 0.471382 0.355098 0.467420
v 0.435421 0.398915 0.467122
v 0.459193 0.421420 0.500006
v 0.497873 0.374290 0.500327
v 0.433029 0.326467 0.425975
v 0.400135 0.366548 0.425702
v 0.417566 0.384118 0.445983
v 0.453527 0.340301 0.446281
v 0.390517 0.294770 0.388271
v 0.361005 0.330729 0.388027
v 0.380238 0.350088 0.406385
v 0.413133 0.310006 0.406657
v 0.344260 0.260317 0.354673
v 0.318415 0.291808 0.354459
v 0.339264 0.312768 0.370718
v 0.368775 0.276809 0.370962
v 0.294708 0.223444 0.325504
v 0.272779 0.250164 0.325322
v 0.295043 0.272524 0.339325
v 0.320888 0.241033 0.339539
v 0.242352 0.184517 0.301044
v 0.224550 0.206209 0.300897
v 0.248015 0.229753 0.312508
v 0.269944 0.203033 0.312690
v 0.187721 0.143932 0.281530
v 0.174217 0.160387 0.281418
v 0.198657 0.184889 0.290527
v 0.216460 0.163197 0.290674
v 0.131410 0.102135 0.267148
v 0.122334 0.113193 0.267073
v 0.147513 0.138417 0.273591
v 0.161017 0.121963 0.273703
v 0.074200 0.059726 0.258036
v 0.069641 0.065282 0.257998
v 0.095317 0.090985 0.261863
v 0.104392 0.079926 0.261938
v 0.018804 0.018886 0.254269
v 0.044730 0.044820 0.255444
v 0.049289 0.039264 0.255481
v 0.015432 -0.015349 0.254502
v 0.041358 -0.041265 0.256029
v 0.035802 -0.045825 0.256060
v 0.056245 -0.070717 0.258922
v 0.061802 -0.066157 0.258891
v 0.087478 -0.091805 0.263105
v 0.076419 -0.100881 0.263167
v 0.098592 -0.127861 0.268711
v 0.109650 -0.118786 0.268649
v 0.134829 -0.143919 0.275510
v 0.118375 -0.157422 0.275601
v 0.140290 -0.184072 0.283759
v 0.156745 -0.170568 0.283667
v 0.181185 -0.194944 0.293108
v 0.159493 -0.212746 0.293229
v 0.180742 -0.238566 0.303919
v 0.202434 -0.220764 0.303799
v 0.225899 -0.244149 0.315729
v 0.199178 -0.266078 0.315878
v 0.219501 -0.290753 0.328998
v 0.246222 -0.268824 0.328849
v 0.268486 -0.290992 0.343154
v 0.236994 -0.316836 0.343330
v 0.256175 -0.340104 0.358754
v 0.287667 -0.314260 0.358578
v 0.308516 -0.334996 0.375120
v 0.272556 -0.364508 0.375321
v 0.290399 -0.386130 0.392899
v 0.326359 -0.356619 0.392698
v 0.345592 -0.375726 0.411318
v 0.305510 -0.408620 0.411541
v 0.321839 -0.428384 0.431105
v 0.361921 -0.395490 0.430881
v 0.379352 -0.412782 0.451399
v 0.335535 -0.448742 0.451643
v 0.350188 -0.466452 0.473004
v 0.394006 -0.430493 0.472759
v 0.416287 -0.454039 0.505956
v 0.369156 -0.492718 0.506219
v -0.463053 0.281533 0.426280
v -0.487496 0.235805 0.426591
v -0.510272 0.245377 0.446926
v -0.483551 0.295367 0.446586
v -0.503921 0.306400 0.467751
v -0.530642 0.256410 0.468091
v -0.560325 0.270069 0.501035
v -0.531583 0.323840 0.500670
v -0.530642 -0.246573 0.471509
v -0.503921 -0.296563 0.471849
v -0.531583 -0.313554 0.505002
v -0.560325 -0.259784 0.504636
v -0.487496 -0.226534 0.429733
v -0.463053 -0.272263 0.430044
v -0.483551 -0.285820 0.450536
v -0.510272 -0.235830 0.450196
v -0.439667 -0.204251 0.391663
v -0.417738 -0.245277 0.391941
v -0.440354 -0.260262 0.410533
v -0.464796 -0.214534 0.410222
v -0.387622 -0.179939 0.357665
v -0.368417 -0.215868 0.357909
v -0.392933 -0.232137 0.374421
v -0.414862 -0.191111 0.374142
v -0.331868 -0.153838 0.328068
v -0.315573 -0.184323 0.328275
v -0.341753 -0.201719 0.342548
v -0.360957 -0.165791 0.342304
v -0.272956 -0.126206 0.303156
v -0.259728 -0.150954 0.303324
v -0.287320 -0.169309 0.315220
v -0.303614 -0.138825 0.315013
v -0.211484 -0.097325 0.283169
v -0.201449 -0.116097 0.283297
v -0.230187 -0.135236 0.292702
v -0.243416 -0.110488 0.292534
v -0.148119 -0.067513 0.268301
v -0.141375 -0.080130 0.268386
v -0.170983 -0.099867 0.275210
v -0.181017 -0.081095 0.275083
v -0.083747 -0.037207 0.258694
v -0.080359 -0.043545 0.258737
v -0.110551 -0.063691 0.262914
v -0.117295 -0.051075 0.262828
v -0.021453 -0.008013 0.254452
v -0.051939 -0.028373 0.255941
v -0.055327 -0.022034 0.255898
v 0.394006 0.440329 0.466841
v 0.350188 0.476289 0.466596
v 0.369156 0.503004 0.499452
v 0.416288 0.464325 0.499715
v 0.361921 0.404761 0.425442
v 0.321839 0.437654 0.425219
v 0.335535 0.458290 0.445479
v 0.379353 0.422331 0.445723
v 0.326360 0.365375 0.387791
v 0.290399 0.394886 0.387591
v 0.305511 0.417626 0.405926
v 0.345593 0.384733 0.406149
v 0.287667 0.322555 0.354250
v 0.256175 0.348399 0.354074
v 0.272556 0.373026 0.370308
v 0.308516 0.343515 0.370509
v 0.246223 0.276720 0.325142
v 0.219502 0.298649 0.324993
v 0.236995 0.324924 0.338969
v 0.268487 0.299080 0.339144
v 0.202434 0.228324 0.300747
v 0.180742 0.246126 0.300626
v 0.199178 0.273797 0.312209
v 0.225899 0.251868 0.312358
v 0.156745 0.177859 0.281299
v 0.140290 0.191362 0.281207
v 0.159493 0.220163 0.290287
v 0.181185 0.202361 0.290408
v 0.109650 0.125877 0.266986
v 0.098592 0.134952 0.266925
v 0.118375 0.164604 0.273413
v 0.134830 0.151101 0.273505
v 0.061802 0.073120 0.257945
v 0.056246 0.077680 0.257914
v 0.076419 0.107899 0.261748
v 0.087478 0.098824 0.261810
v 0.015432 0.022257 0.254246
v 0.035802 0.052751 0.255390
v 0.041358 0.048192 0.255421
v 0.011467 -0.017999 0.254520
v 0.031837 -0.048474 0.256078
v 0.025498 -0.051862 0.256101
v 0.040689 -0.080264 0.258987
v 0.047028 -0.076876 0.258964
v 0.067201 -0.107040 0.263209
v 0.054585 -0.113783 0.263255
v 0.071061 -0.144570 0.268824
v 0.083677 -0.137826 0.268778
v 0.103460 -0.167388 0.275669
v 0.084687 -0.177422 0.275737
v 0.100972 -0.207833 0.283920
v 0.119745 -0.197799 0.283852
v 0.138947 -0.226474 0.293322
v 0.114199 -0.239702 0.293412
v 0.129988 -0.269170 0.304128
v 0.154737 -0.255942 0.304038
v 0.173173 -0.283453 0.315996
v 0.142688 -0.299748 0.316107
v 0.157789 -0.327912 0.329251
v 0.188275 -0.311618 0.329140
v 0.205768 -0.337701 0.343472
v 0.169839 -0.356905 0.343603
v 0.184091 -0.383465 0.359049
v 0.220020 -0.364261 0.358918
v 0.236401 -0.388665 0.375485
v 0.195374 -0.410594 0.375634
v 0.208633 -0.435280 0.393233
v 0.249660 -0.413351 0.393084
v 0.264771 -0.435840 0.411726
v 0.219042 -0.460283 0.411892
v 0.231175 -0.482849 0.431475
v 0.276904 -0.458407 0.431309
v 0.290600 -0.478766 0.451847
v 0.240609 -0.505486 0.452029
v 0.251497 -0.525711 0.473406
v 0.301488 -0.498991 0.473225
v 0.318704 -0.526428 0.506448
v 0.264933 -0.555169 0.506643
v -0.018804 0.018886 0.254269
v -0.049289 0.039264 0.255481
v -0.044730 0.044820 0.255444
v -0.069640 0.065282 0.257998
v -0.074200 0.059726 0.258036
v -0.104392 0.079926 0.261938
v -0.095317 0.090985 0.261863
v -0.122334 0.113193 0.267073
v -0.131410 0.102135 0.267148
v -0.161017 0.121963 0.273703
v -0.147513 0.138417 0.273591
v -0.174217 0.160387 0.281418
v -0.187721 0.143932 0.281530
v -0.216460 0.163197 0.290674
v -0.198657 0.184889 0.290527
v -0.224549 0.206209 0.300897
v -0.242352 0.184517 0.301044
v -0.269944 0.203033 0.312690
v -0.248014 0.229753 0.312508
v -0.272779 0.250164 0.325322
v -0.294708 0.223444 0.325504
v -0.320888 0.241033 0.339539
v -0.295043 0.272524 0.339325
v -0.318414 0.291808 0.354459
v -0.344259 0.260317 0.354673
v -0.368775 0.276809 0.370962
v -0.339263 0.312768 0.370718
v -0.361005 0.330729 0.388027
v -0.390517 0.294770 0.388271
v -0.413133 0.310006 0.406657
v -0.380238 0.350088 0.406385
v -0.400135 0.366548 0.425702
v -0.433029 0.326466 0.425975
v -0.453526 0.340301 0.446281
v -0.417566 0.384118 0.445983
v -0.435421 0.398915 0.467122
v -0.471381 0.355098 0.467420
v -0.497873 0.374290 0.500327
v -0.459193 0.421420 0.500006
v -0.471381 -0.345262 0.472180
v -0.435421 -0.389078 0.472478
v -0.459193 -0.411135 0.505665
v -0.497872 -0.364005 0.505345
v -0.433029 -0.317196 0.430349
v -0.400134 -0.357277 0.430622
v -0.417566 -0.374570 0.451139
v -0.453526 -0.330753 0.450841
v 0.301489 0.508828 0.466375
v 0.251497 0.535548 0.466194
v 0.264933 0.565454 0.499028
v 0.318705 0.536713 0.499223
v 0.276904 0.467678 0.425015
v 0.231175 0.492120 0.424849
v 0.240609 0.515034 0.445093
v 0.290600 0.488314 0.445275
v 0.249660 0.422106 0.387406
v 0.208633 0.444035 0.387257
v 0.219042 0.469289 0.405575
v 0.264771 0.444847 0.405741
v 0.220020 0.372556 0.353910
v 0.184091 0.391761 0.353780
v 0.195375 0.419112 0.369995
v 0.236401 0.397183 0.370144
v 0.188275 0.319513 0.324851
v 0.157789 0.335808 0.324740
v 0.169839 0.364993 0.338696
v 0.205768 0.345789 0.338827
v 0.154737 0.263501 0.300507
v 0.129989 0.276729 0.300418
v 0.142688 0.307467 0.311980
v 0.173173 0.291173 0.312091
v 0.119745 0.205090 0.281114
v 0.100972 0.215124 0.281046
v 0.114199 0.247119 0.290104
v 0.138947 0.233890 0.290194
v 0.083677 0.144917 0.266857
v 0.071061 0.151661 0.266811
v 0.084687 0.184604 0.273277
v 0.103460 0.174570 0.273345
v 0.047028 0.083839 0.257872
v 0.040689 0.087227 0.257849
v 0.054585 0.120801 0.261660
v 0.067202 0.114058 0.261706
v 0.011467 0.024907 0.254228
v 0.025498 0.058789 0.255349
v 0.031837 0.055401 0.255372
v 0.007061 -0.019823 0.254532
v 0.021092 -0.053687 0.256113
v 0.014214 -0.055774 0.256127
v 0.023569 -0.086593 0.259030
v 0.030447 -0.084506 0.259016
v 0.044343 -0.118025 0.263283
v 0.030653 -0.122178 0.263312
v 0.040799 -0.155587 0.268899
v 0.054488 -0.151434 0.268871
v 0.068115 -0.184286 0.275784
v 0.047746 -0.190465 0.275826
v 0.057774 -0.223468 0.284027
v 0.078143 -0.217289 0.283985
v 0.091370 -0.249158 0.293477
v 0.064517 -0.257303 0.293532
v 0.074240 -0.289284 0.304264
v 0.101093 -0.281138 0.304209
v 0.113792 -0.311716 0.316188
v 0.080714 -0.321750 0.316257
v 0.090013 -0.352318 0.329417
v 0.123092 -0.342284 0.329349
v 0.135141 -0.371277 0.343700
v 0.096156 -0.383103 0.343781
v 0.104933 -0.411931 0.359242
v 0.143918 -0.400105 0.359162
v 0.155201 -0.427234 0.375747
v 0.110685 -0.440737 0.375839
v 0.118849 -0.467533 0.393452
v 0.163366 -0.454030 0.393360
v 0.173775 -0.479032 0.412020
v 0.124156 -0.494084 0.412122
v 0.131627 -0.518581 0.431718
v 0.181246 -0.503530 0.431616
v 0.190680 -0.526166 0.452169
v 0.136437 -0.542621 0.452281
v 0.143142 -0.564579 0.473671
v 0.197385 -0.548125 0.473559
v 0.208874 -0.578388 0.506801
v 0.150528 -0.596087 0.506922
v -0.390517 -0.286015 0.392218
v -0.361005 -0.321974 0.392463
v -0.380238 -0.341081 0.411082
v -0.413133 -0.301000 0.410810
v -0.344259 -0.252022 0.358155
v -0.318414 -0.283513 0.358369
v -0.339263 -0.304250 0.374911
v -0.368775 -0.268291 0.374667
v -0.294708 -0.215549 0.328487
v -0.272779 -0.242269 0.328669
v -0.295043 -0.264437 0.342974
v -0.320888 -0.232945 0.342760
v -0.242352 -0.176958 0.303501
v -0.224549 -0.198650 0.303648
v -0.248014 -0.222034 0.315579
v -0.269944 -0.195314 0.315397
v -0.187721 -0.136642 0.283436
v -0.174217 -0.153096 0.283548
v -0.198657 -0.177472 0.292989
v -0.216459 -0.155781 0.292842
v -0.131409 -0.095044 0.268488
v -0.122334 -0.106102 0.268563
v -0.147513 -0.131235 0.275424
v -0.161017 -0.114781 0.275312
v -0.074200 -0.052763 0.258800
v -0.069640 -0.058319 0.258838
v -0.095317 -0.083967 0.263052
v -0.104392 -0.072908 0.262977
v -0.018804 -0.011977 0.254479
v -0.044730 -0.037894 0.256006
v -0.049289 -0.032338 0.255968
v -0.015432 0.022257 0.254246
v -0.041358 0.048192 0.255421
v -0.035802 0.052751 0.255390
v -0.056245 0.077680 0.257914
v -0.061802 0.073120 0.257945
v -0.087478 0.098824 0.261810
v -0.076419 0.107899 0.261748
v -0.098592 0.134952 0.266925
v -0.109650 0.125877 0.266986
v -0.134829 0.151101 0.273505
v -0.118375 0.164604 0.273413
v -0.140290 0.191362 0.281207
v -0.156745 0.177859 0.281299
v -0.181185 0.202361 0.290408
v -0.159493 0.220163 0.290287
v 0.197385 0.557961 0.466042
v 0.143142 0.574416 0.465930
v 0.150528 0.606373 0.498749
v 0.208874 0.588674 0.498870
v 0.181246 0.512801 0.424708
v 0.131627 0.527852 0.424606
v 0.136437 0.552169 0.444841
v 0.190680 0.535714 0.444953
v 0.163366 0.462785 0.387129
v 0.118850 0.476288 0.387037
v 0.124156 0.503090 0.405345
v 0.173775 0.488039 0.405447
v 0.143918 0.408400 0.353667
v 0.104933 0.420226 0.353586
v 0.110685 0.449255 0.369790
v 0.155201 0.435752 0.369882
v 0.123092 0.350180 0.324642
v 0.090013 0.360214 0.324574
v 0.096156 0.391190 0.338518
v 0.135141 0.379365 0.338598
v 0.101093 0.288698 0.300336
v 0.074240 0.296844 0.300281
v 0.080714 0.329470 0.311831
v 0.113793 0.319436 0.311899
v 0.078143 0.224580 0.280982
v 0.057774 0.230759 0.280940
v 0.064517 0.264720 0.289984
v 0.091370 0.256574 0.290040
v 0.054488 0.158525 0.266765
v 0.040799 0.162678 0.266736
v 0.047746 0.197647 0.273189
v 0.068115 0.191468 0.273230
v 0.030447 0.091469 0.257820
v 0.023569 0.093556 0.257806
v 0.030653 0.129196 0.261603
v 0.044343 0.125044 0.261632
v 0.007061 0.026732 0.254216
v 0.014214 0.062700 0.255322
v 0.021092 0.060614 0.255336
v 0.002384 -0.020754 0.254538
v 0.009537 -0.056704 0.256134
v 0.002384 -0.057408 0.256138
v 0.005543 -0.089460 0.259049
v 0.012696 -0.088755 0.259045
v 0.019780 -0.124341 0.263326
v 0.005543 -0.125743 0.263336
v 0.008969 -0.160488 0.268932
v 0.023206 -0.159086 0.268923
v 0.030153 -0.193964 0.275850
v 0.008969 -0.196051 0.275864
v 0.012355 -0.230375 0.284074
v 0.033539 -0.228289 0.284059
v 0.040282 -0.262124 0.293565
v 0.012355 -0.264874 0.293583
v 0.015638 -0.298136 0.304324
v 0.043565 -0.295386 0.304306
v 0.050039 -0.327852 0.316298
v 0.015638 -0.331240 0.316321
v 0.018778 -0.363033 0.329490
v 0.053179 -0.359645 0.329467
v 0.059321 -0.390429 0.343830
v 0.018778 -0.394422 0.343858
v 0.021742 -0.424407 0.359327
v 0.062285 -0.420414 0.359300
v 0.068037 -0.449220 0.375896
v 0.021742 -0.453780 0.375927
v 0.024498 -0.481652 0.393548
v 0.070794 -0.477092 0.393517
v 0.076100 -0.503642 0.412187
v 0.024498 -0.508725 0.412222
v 0.027021 -0.534207 0.431824
v 0.078623 -0.529124 0.431789
v 0.083433 -0.553163 0.452353
v 0.027021 -0.558719 0.452390
v 0.029285 -0.581561 0.473786
v 0.085697 -0.576005 0.473748
v 0.091016 -0.607924 0.507002
v 0.030339 -0.613900 0.507043
v -0.180742 0.246126 0.300626
v -0.202434 0.228324 0.300747
v -0.225899 0.251868 0.312358
v -0.199178 0.273797 0.312209
v -0.219502 0.298649 0.324993
v -0.246222 0.276720 0.325142
v -0.268487 0.299080 0.339144
v -0.236994 0.324924 0.338968
v -0.256175 0.348399 0.354074
v -0.287667 0.322555 0.354250
v -0.308516 0.343515 0.370509
v -0.272556 0.373026 0.370308
v -0.290399 0.394886 0.387591
v -0.326359 0.365375 0.387791
v -0.345592 0.384733 0.406149
v -0.305510 0.417626 0.405926
v -0.321839 0.437654 0.425219
v -0.361921 0.404761 0.425442
v -0.379353 0.422331 0.445723
v -0.335535 0.458290 0.445479
v -0.350188 0.476289 0.466597
v -0.394006 0.440329 0.466841
v -0.416287 0.464325 0.499715
v -0.369156 0.503004 0.499452
v -0.394006 -0.430493 0.472759
v -0.350188 -0.466452 0.473004
v -0.369156 -0.492718 0.506219
v -0.416287 -0.454040 0.505956
v -0.361921 -0.395490 0.430881
v -0.321839 -0.428384 0.431105
v -0.335535 -0.448742 0.451643
v -0.379352 -0.412783 0.451399
v -0.326359 -0.356620 0.392698
v -0.290399 -0.386131 0.392899
v -0.305510 -0.408620 0.411541
v -0.345592 -0.375726 0.411318
v -0.287667 -0.314260 0.358578
v -0.256175 -0.340104 0.358754
v -0.272556 -0.364508 0.375321
v -0.308516 -0.334997 0.375120
v -0.246222 -0.268825 0.328849
v -0.219502 -0.290753 0.328998
v -0.236994 -0.316836 0.343330
v -0.268487 -0.290992 0.343154
v -0.202434 -0.220765 0.303799
v -0.180742 -0.238566 0.303919
v -0.199178 -0.266078 0.315878
v -0.225899 -0.244149 0.315729
v 0.085697 0.585842 0.465852
v 0.029285 0.591398 0.465814
v 0.030339 0.624186 0.498628
v 0.091017 0.618210 0.498669
v 0.078623 0.538395 0.424534
v 0.027021 0.543477 0.424500
v 0.027021 0.568267 0.444731
v 0.083433 0.562711 0.444769
v 0.070794 0.485847 0.386972
v 0.024498 0.490406 0.386942
v 0.024498 0.517731 0.405245
v 0.076101 0.512649 0.405280
v 0.062285 0.428709 0.353529
v 0.021742 0.432702 0.353501
v 0.021742 0.462298 0.369701
v 0.068037 0.457738 0.369732
v 0.053179 0.367540 0.324524
v 0.018778 0.370928 0.324501
v 0.018778 0.402510 0.338441
v 0.059322 0.398517 0.338468
v 0.043565 0.302945 0.300239
v 0.015638 0.305696 0.300221
v 0.015638 0.338959 0.311766
v 0.050039 0.335571 0.311789
v 0.033539 0.235579 0.280907
v 0.012355 0.237666 0.280893
v 0.012355 0.272291 0.289933
v 0.040282 0.269540 0.289951
v 0.023206 0.166177 0.266713
v 0.008969 0.167579 0.266703
v 0.008969 0.203233 0.273151
v 0.030153 0.201146 0.273165
v 0.012696 0.095719 0.257791
v 0.005543 0.096423 0.257786
v 0.005543 0.132761 0.261579
v 0.019780 0.131359 0.261589
v 0.002384 0.027662 0.254209
v 0.002384 0.064335 0.255311
v 0.009537 0.063630 0.255316
v -0.002384 -0.020754 0.254538
v -0.002384 -0.057408 0.256138
v -0.009537 -0.056704 0.256134
v -0.012696 -0.088755 0.259045
v -0.005543 -0.089460 0.259049
v -0.005543 -0.125743 0.263336
v -0.019780 -0.124341 0.263326
v -0.023206 -0.159086 0.268923
v -0.008969 -0.160488 0.268932
v -0.008969 -0.196051 0.275864
v -0.030153 -0.193964 0.275850
v -0.033539 -0.228289 0.284059
v -0.012355 -0.230375 0.284073
v -0.012355 -0.264874 0.293583
v -0.040282 -0.262124 0.293565
v -0.043565 -0.295386 0.304306
v -0.015638 -0.298136 0.304324
v -0.015638 -0.331240 0.316321
v -0.050039 -0.327852 0.316298
v -0.053179 -0.359645 0.329467
v -0.018778 -0.363033 0.329490
v -0.018778 -0.394422 0.343858
v -0.059321 -0.390429 0.343830
v -0.062285 -0.420414 0.359300
v -0.021742 -0.424407 0.359327
v -0.021742 -0.453780 0.375928
v -0.068037 -0.449220 0.375896
v -0.070794 -0.477092 0.393517
v -0.024498 -0.481652 0.393548
v -0.024498 -0.508725 0.412222
v -0.076100 -0.503642 0.412187
v -0.078623 -0.529124 0.431789
v -0.027021 -0.534207 0.431824
v -0.027021 -0.558719 0.452390
v -0.083433 -0.553163 0.452353
v -0.085697 -0.576005 0.473748
v -0.029285 -0.581561 0.473786
v -0.030339 -0.613900 0.507043
v -0.091016 -0.607924 0.507002
v -0.156745 -0.170568 0.283667
v -0.140290 -0.184072 0.283759
v -0.159493 -0.212746 0.293229
v -0.181185 -0.194944 0.293108
v -0.109650 -0.118786 0.268649
v -0.098592 -0.127861 0.268711
v -0.118375 -0.157422 0.275602
v -0.134829 -0.143919 0.275510
v -0.061802 -0.066157 0.258891
v -0.056245 -0.070717 0.258922
v -0.076419 -0.100881 0.263167
v -0.087478 -0.091805 0.263105
v -0.015432 -0.015349 0.254502
v -0.035802 -0.045825 0.256060
v -0.041358 -0.041265 0.256029
v -0.011467 0.024907 0.254228
v -0.031837 0.055401 0.255372
v -0.025498 0.058789 0.255349
v -0.040689 0.087227 0.257849
v -0.047028 0.083839 0.257872
v -0.067202 0.114058 0.261706
v -0.054585 0.120801 0.261660
v -0.071061 0.151661 0.266811
v -0.083677 0.144917 0.266857
v -0.103460 0.174570 0.273345
v -0.084687 0.184604 0.273277
v -0.100972 0.215124 0.281046
v -0.119745 0.205090 0.281114
v -0.138947 0.233890 0.290194
v -0.114199 0.247118 0.290104
v -0.129988 0.276729 0.300417
v -0.154737 0.263501 0.300507
v -0.173173 0.291173 0.312091
v -0.142688 0.307467 0.311980
v -0.157789 0.335808 0.324740
v -0.188275 0.319513 0.324851
v -0.205768 0.345789 0.338827
v -0.169839 0.364993 0.338696
v -0.184091 0.391761 0.353780
v -0.220020 0.372556 0.353910
v -0.236401 0.397183 0.370144
v -0.195374 0.419112 0.369995
v -0.208633 0.444035 0.387257
v -0.249660 0.422106 0.387406
v -0.264771 0.444847 0.405741
v -0.219042 0.469289 0.405575
v -0.029285 0.591398 0.465814
v -0.085697 0.585842 0.465852
v -0.091016 0.618210 0.498669
v -0.030339 0.624186 0.498628
v -0.027021 0.543477 0.424500
v -0.078623 0.538395 0.424534
v -0.083433 0.562711 0.444769
v -0.027021 0.568267 0.444731
v -0.024498 0.490406 0.386942
v -0.070794 0.485847 0.386973
v -0.076100 0.512649 0.405280
v -0.024498 0.517731 0.405246
v -0.021741 0.432702 0.353501
v -0.062285 0.428709 0.353529
v -0.068037 0.457738 0.369732
v -0.021741 0.462298 0.369701
v -0.018778 0.370928 0.324501
v -0.053179 0.367540 0.324524
v -0.059321 0.398517 0.338468
v -0.018778 0.402510 0.338441
v -0.015638 0.305696 0.300221
v -0.043565 0.302945 0.300239
v -0.050039 0.335571 0.311789
v -0.015638 0.338959 0.311766
v -0.012355 0.237666 0.280893
v -0.033539 0.235579 0.280907
v -0.040282 0.269540 0.289951
v -0.012355 0.272291 0.289933
v -0.008969 0.167579 0.266703
v -0.023206 0.166177 0.266712
v -0.030153 0.201146 0.273165
v -0.008969 0.203233 0.273151
v -0.005543 0.096423 0.257786
v -0.012696 0.095719 0.257791
v -0.019780 0.131359 0.261589
v -0.005543 0.132761 0.261579
v -0.002384 0.027662 0.254209
v -0.009537 0.063630 0.255316
v -0.002384 0.064335 0.255311
v -0.007061 -0.019823 0.254532
v -0.014214 -0.055774 0.256127
v -0.021092 -0.053687 0.256113
v -0.030447 -0.084506 0.259016
v -0.023569 -0.086593 0.259030
v -0.030653 -0.122178 0.263312
v -0.044343 -0.118025 0.263283
v -0.054488 -0.151434 0.268871
v -0.040799 -0.155587 0.268899
v -0.047746 -0.190465 0.275826
v -0.068115 -0.184286 0.275784
v -0.078143 -0.217289 0.283985
v -0.057774 -0.223468 0.284027
v -0.064516 -0.257303 0.293532
v -0.091370 -0.249158 0.293477
v -0.101093 -0.281139 0.304209
v -0.074240 -0.289284 0.304264
v -0.080714 -0.321750 0.316257
v -0.113792 -0.311716 0.316188
v -0.123092 -0.342284 0.329349
v -0.090013 -0.352318 0.329417
v -0.096156 -0.383103 0.343781
v -0.135141 -0.371277 0.343700
v -0.143918 -0.400105 0.359162
v -0.104933 -0.411931 0.359242
v -0.110685 -0.440737 0.375839
v -0.155201 -0.427234 0.375747
v -0.163366 -0.454030 0.393360
v -0.118849 -0.467533 0.393452
v -0.124156 -0.494084 0.412122
v -0.173775 -0.479032 0.412020
v -0.181246 -0.503530 0.431616
v -0.131627 -0.518581 0.431718
v -0.136437 -0.542621 0.452281
v -0.190680 -0.526166 0.452169
v -0.197385 -0.548125 0.473559
v -0.143142 -0.564579 0.473671
v -0.150528 -0.596087 0.506922
v -0.208874 -0.578388 0.506801
v -0.231175 0.492120 0.424849
v -0.276904 0.467678 0.425015
v -0.290600 0.488314 0.445275
v -0.240609 0.515034 0.445093
v -0.251497 0.535548 0.466194
v -0.301488 0.508828 0.466375
v -0.318704 0.536713 0.499223
v -0.264933 0.565454 0.499028
v -0.301488 -0.498991 0.473225
v -0.251497 -0.525711 0.473406
v -0.264933 -0.555169 0.506643
v -0.318704 -0.526428 0.506448
v -0.276904 -0.458407 0.431309
v -0.231175 -0.482849 0.431475
v -0.240609 -0.505486 0.452029
v -0.290600 -0.478766 0.451847
v -0.249660 -0.413351 0.393084
v -0.208633 -0.435280 0.393233
v -0.219042 -0.460283 0.411892
v -0.264771 -0.435841 0.411726
v -0.220020 -0.364261 0.358918
v -0.184091 -0.383465 0.359049
v -0.195374 -0.410594 0.375634
v -0.236401 -0.388665 0.375485
v -0.188275 -0.311618 0.329140
v -0.157789 -0.327912 0.329251
v -0.169839 -0.356905 0.343603
v -0.205768 -0.337701 0.343472
v -0.154737 -0.255942 0.304038
v -0.129988 -0.269170 0.304128
v -0.142688 -0.299748 0.316107
v -0.173173 -0.283453 0.315996
v -0.119745 -0.197799 0.283852
v -0.100972 -0.207834 0.283920
v -0.114199 -0.239702 0.293412
v -0.138947 -0.226474 0.293322
v -0.083677 -0.137826 0.268778
v -0.071061 -0.144570 0.268824
v -0.084687 -0.177422 0.275737
v -0.103460 -0.167388 0.275669
v -0.047028 -0.076876 0.258964
v -0.040689 -0.080264 0.258987
v -0.054585 -0.113783 0.263255
v -0.067201 -0.107040 0.263209
v -0.011467 -0.017999 0.254520
v -0.025498 -0.051862 0.256101
v -0.031837 -0.048474 0.256078
v -0.143142 0.574416 0.465930
v -0.197385 0.557961 0.466042
v -0.208874 0.588674 0.498870
v -0.150528 0.606372 0.498749
v -0.131627 0.527852 0.424606
v -0.181246 0.512801 0.424708
v -0.190680 0.535714 0.444953
v -0.136437 0.552169 0.444841
v -0.118849 0.476288 0.387037
v -0.163366 0.462785 0.387129
v -0.173775 0.488039 0.405447
v -0.124156 0.503090 0.405345
v -0.104933 0.420226 0.353586
v -0.143918 0.408400 0.353667
v -0.155201 0.435752 0.369882
v -0.110685 0.449255 0.369790
v -0.090013 0.360214 0.324574
v -0.123092 0.350179 0.324642
v -0.135141 0.379365 0.338598
v -0.096156 0.391190 0.338518
v -0.074240 0.296844 0.300281
v -0.101093 0.288698 0.300336
v -0.113792 0.319436 0.311899
v -0.080714 0.329470 0.311831
v -0.057774 0.230759 0.280940
v -0.078143 0.224580 0.280982
v -0.091370 0.256574 0.290040
v -0.064516 0.264720 0.289984
v -0.040799 0.162678 0.266736
v -0.054488 0.158525 0.266765
v -0.068115 0.191468 0.273230
v -0.047745 0.197647 0.273188
v -0.023569 0.093556 0.257806
v -0.030447 0.091469 0.257820
v -0.044343 0.125044 0.261632
v -0.030653 0.129196 0.261603
v -0.007061 0.026732 0.254216
v -0.021092 0.060614 0.255336
v -0.014214 0.062700 0.255322
vt 0.000000 0.000000
vt 0.000000 0.000000
vt 0.000000 0.000000
vt 0.000000 0.000000
vt 0.000000 0.000000
vt 0.000000 0.000000
vt 0.000000 0.000000
vt 0.000000 0.000000
vt 0.000000 0.000000
vt 0.000000 0.000000
vt 0.000000 0.000000
vt 0.000000 0.000000
vt 0.000000 0.000000
vt 0.000000 0.000000
vt 0.000000 0.000000
vt 0.000000 0.000000
vt 0.000000 0.000000
vt 0.000000 0.000000
vt 0.000000 0.000000
vt 0.000000 0.000000
vt 0.000000 0.000000
vt 0.000000 0.000000
vt 0.000000 0.000000
vt 0.000000 0.000000
vt 0.000000 0.000000
vt 0.000000 0.000000
vt 0.000000 0.000000
vt 0.000000 0.000000
vt 0.000000 0.000000
vt 0.000000 0.000000
vt 0.000000 0.000000
vt 0.000000 0.000000
vt 0.000000 0.000000
vt 0.000000 0.000000
vt 0.000000 0.000000
vt 0.000000 0.000000
vt 0.000000 0.000000
vt 0.000000 0.000000
vt 0.000000 0.000000
vt 0.000000 0.000000
vt 0.000000 0.000000
vt 0.000000 0.000000
vt 0.000000 0.000000
vt 0.000000 0.000000
vt 0.000000 0.000000
vt 0.000000 0.000000
vt 0.000000 0.000000
vt 0.000000 0.000000
vt 0.000000 0.000000
vt 0.000000 0.000000
vt 0.000000 0.000000
vt 0.000000 0.000000
vt 0.000000 0.000000
vt 0.000000 0.000000
vt 0.000000 0.000000
vt 0.000000 0.000000
vt 0.000000 0.000000
vt 0.000000 0.000000
vt 0.000000 0.000000
vt 0.000000 0.000000
vt 0.000000 0.000000
vt 0.000000 0.000000
vt 0.000000 0.000000
vt 0.000000 0.000000
vt 0.000000 0.000000
vt 0.000000 0.000000
vt 0.000000 0.000000
vt 0.000000 0.000000
vt 0.000000 0.000000
vt 0.000000 0.000000
vt 0.000000 0.000000
vt 0.000000 0.000000
vt 0.000000 0.000000
vt 0.000000 0.000000
vt 0.000000 0.000000
vt 0.000000 0.000000
vt 0.000000 0.000000
vt 0.000000 0.000000
vt 0.000000 0.000000
vt 0.000000 0.000000
vt 0.000000 0.000000
vt 0.000000 0.000000
vt 0.000000 0.000000
vt 0.000000 0.000000
vt 0.000000 0.000000
vt 0.000000 0.000000
vt 0.000000 0.000000
vt 0.000000 0.000000
vt 0.000000 0.000000
vt 0.000000 0.000000
vt 0.000000 0.000000
vt 0.000000 0.000000
vt 0.000000 0.000000
vt 0.000000 0.000000
vt 0.000000 0.000000
vt 0.000000 0.000000
vt 0.000000 0.000000
vt 0.000000 0.000000
vt 0.000000 0.000000
vt 0.000000 0.000000
vt 0.000000 0.000000
vt 0.000000 0.000000
vt 0.000000 0.000000
vt 0.000000 0.000000
vt 0.000000 0.000000
vt 0.000000 0.000000
vt 0.000000 0.000000
vt 0.000000 0.000000
vt 0.000000 0.000000
vt 0.000000 0.000000
vt 0.000000 0.000000
vt 0.000000 0.000000
vt 0.000000 0.000000
vt 0.000000 0.000000
vt 0.000000 0.000000
vt 0.000000 0.000000
vt 0.000000 0.000000
vt 0.000000 0.000000
vt 0.000000 0.000000
vt 0.000000 0.000000
vt 0.000000 0.000000
vt 0.000000 0.000000
vt 0.000000 0.000000
vt 0.000000 0.000000
vt 0.000000 0.000000
vt 0.000000 0.000000
vt 0.000000 0.000000
vt 0.000000 0.000000
vt 0.000000 0.000000
vt 0.000000 0.000000
vt 0.000000 0.000000
vt 0.000000 0.000000
vt 0.000000 0.000000
vt 0.000000 0.000000
vt 0.000000 0.000000
vt 0.000000 0.000000
vt 0.000000 0.000000
vt 0.000000 0.000000
vt 0.000000 0.000000
vt 0.000000 0.000000
vt 0.000000 0.000000
vt 0.000000 0.000000
vt 0.000000 0.000000
vt 0.000000 0.000000
vt 0.000000 0.000000
vt 0.000000 0.000000
vt 0.000000 0.000000
vt 0.000000 0.000000
vt 0.000000 0.000000
vt 0.000000 0.000000
vt 0.000000 0.000000
vt 0.000000 0.000000
vt 0.000000 0.000000
vt 0.000000 0.000000
vt 0.000000 0.000000
vt 0.000000 0.000000
vt 0.000000 0.000000
vt 0.000000 0.000000
vt 0.000000 0.000000
vt 0.000000 0.000000
vt 0.000000 0.000000
vt 0.000000 0.000000
vt 0.000000 0.000000
vt 0.000000 0.000000
vt 0.000000 0.000000
vt 0.000000 0.000000
vt 0.000000 0.000000
vt 0.000000 0.000000
vt 0.000000 0.000000
vt 0.000000 0.000000
vt 0.000000 0.000000
vt 0.000000 0.000000
vt 0.000000 0.000000
vt 0.000000 0.000000
vt 0.000000 0.000000
vt 0.000000 0.000000
vt 0.000000 0.000000
vt 0.000000 0.000000
vt 0.000000 0.000000
vt 0.000000 0.000000
vt 0.000000 0.000000
vt 0.000000 0.000000
vt 0.000000 0.000000
vt 0.000000 0.000000
vt 0.000000 0.000000
vt 0.000000 0.000000
vt 0.000000 0.000000
vt 0.000000 0.000000
vt 0.000000 0.000000
vt 0.000000 0.000000
vt 0.000000 0.000000
vt 0.000000 0.000000
vt 0.000000 0.000000
vt 0.000000 0.000000
vt 0.000000 0.000000
vt 0.000000 0.000000
vt 0.000000 0.000000
vt 0.000000 0.000000
vt 0.000000 0.000000
vt 0.000000 0.000000
vt 0.000000 0.000000
vt 0.000000 0.000000
vt 0.000000 0.000000
vt 0.000000 0.000000
vt 0.000000 0.000000
vt 0.000000 0.000000
vt 0.000000 0.000000
vt 0.000000 0.000000
vt 0.000000 0.000000
vt 0.000000 0.000000
vt 0.000000 0.000000
vt 0.000000 0.000000
vt 0.000000 0.000000
vt 0.000000 0.000000
vt 0.000000 0.000000
vt 0.000000 0.000000
vt 0.000000 0.000000
vt 0.000000 0.000000
vt 0.000000 0.000000
vt 0.000000 0.000000
vt 0.000000 0.000000
vt 0.000000 0.000000
vt 0.000000 0.000000
vt 0.000000 0.000000
vt 0.000000 0.000000
vt 0.000000 0.000000
vt 0.000000 0.000000
vt 0.000000 0.000000
vt 0.000000 0.000000
vt 0.000000 0.000000
vt 0.000000 0.000000
vt 0.000000 0.000000
vt 0.000000 0.000000
vt 0.000000 0.000000
vt 0.000000 0.000000
vt 0.000000 0.000000
vt 0.000000 0.000000
vt 0.000000 0.000000
vt 0.000000 0.000000
vt 0.000000 0.000000
vt 0.000000 0.000000
vt 0.000000 0.000000
vt 0.000000 0.000000
vt 0.000000 0.000000
vt 0.000000 0.000000
vt 0.000000 0.000000
vt 0.000000 0.000000
vt 0.000000 0.000000
vt 0.000000 0.000000
vt 0.000000 0.000000
vt 0.000000 0.000000
vt 0.000000 0.000000
vt 0.000000 0.000000
vt 0.000000 0.000000
vt 0.000000 0.000000
vt 0.000000 0.000000
vt 0.000000 0.000000
vt 0.000000 0.000000
vt 0.000000 0.000000
vt 0.000000 0.000000
vt 0.000000 0.000000
vt 0.000000 0.000000
vt 0.000000 0.000000
vt 0.000000 0.000000
vt 0.000000 0.000000
vt 0.000000 0.000000
vt 0.000000 0.000000
vt 0.000000 0.000000
vt 0.000000 0.000000
vt 0.000000 0.000000
vt 0.000000 0.000000
vt 0.000000 0.000000
vt 0.000000 0.000000
vt 0.000000 0.000000
vt 0.000000 0.000000
vt 0.000000 0.000000
vt 0.000000 0.000000
vt 0.000000 0.000000
vt 0.000000 0.000000
vt 0.000000 0.000000
vt 0.000000 0.000000
vt 0.000000 0.000000
vt 0.000000 0.000000
vt 0.000000 0.000000
vt 0.000000 0.000000
vt 0.000000 0.000000
vt 0.000000 0.000000
vt 0.000000 0.000000
vt 0.000000 0.000000
vt 0.000000 0.000000
vt 0.000000 0.000000
vt 0.000000 0.000000
vt 0.000000 0.000000
vt 0.000000 0.000000
vt 0.000000 0.000000
vt 0.000000 0.000000
vt 0.000000 0.000000
vt 0.000000 0.000000
vt 0.000000 0.000000
vt 0.000000 0.000000
vt 0.000000 0.000000
vt 0.000000 0.000000
vt 0.000000 0.000000
vt 0.000000 0.000000
vt 0.000000 0.000000
vt 0.000000 0.000000
vt 0.000000 0.000000
vt 0.000000 0.000000
vt 0.000000 0.000000
vt 0.000000 0.000000
vt 0.000000 0.000000
vt 0.000000 0.000000
vt 0.000000 0.000000
vt 0.000000 0.000000
vt 0.000000 0.000000
vt 0.000000 0.000000
vt 0.000000 0.000000
vt 0.000000 0.000000
vt 0.000000 0.000000
vt 0.000000 0.000000
vt 0.000000 0.000000
vt 0.000000 0.000000
vt 0.000000 0.000000
vt 0.000000 0.000000
vt 0.000000 0.000000
vt 0.000000 0.000000
vt 0.000000 0.000000
vt 0.000000 0.000000
vt 0.000000 0.000000
vt 0.000000 0.000000
vt 0.000000 0.000000
vt 0.000000 0.000000
vt 0.000000 0.000000
vt 0.000000 0.000000
vt 0.000000 0.000000
vt 0.000000 0.000000
vt 0.000000 0.000000
vt 0.000000 0.000000
vt 0.000000 0.000000
vt 0.000000 0.000000
vt 0.000000 0.000000
vt 0.000000 0.000000
vt 0.000000 0.000000
vt 0.000000 0.000000
vt 0.000000 0.000000
vt 0.000000 0.000000
vt 0.000000 0.000000
vt 0.000000 0.000000
vt 0.000000 0.000000
vt 0.000000 0.000000
vt 0.000000 0.000000
vt 0.000000 0.000000
vt 0.000000 0.000000
vt 0.000000 0.000000
vt 0.000000 0.000000
vt 0.000000 0.000000
vt 0.000000 0.000000
vt 0.000000 0.000000
vt 0.000000 0.000000
vt 0.000000 0.000000
vt 0.000000 0.000000
vt 0.000000 0.000000
vt 0.000000 0.000000
vt 0.000000 0.000000
vt 0.000000 0.000000
vt 0.000000 0.000000
vt 0.000000 0.000000
vt 0.000000 0.000000
vt 0.000000 0.000000
vt 0.000000 0.000000
vt 0.000000 0.000000
vt 0.000000 0.000000
vt 0.000000 0.000000
vt 0.000000 0.000000
vt 0.000000 0.000000
vt 0.000000 0.000000
vt 0.000000 0.000000
vt 0.000000 0.000000
vt 0.000000 0.000000
vt 0.000000 0.000000
vt 0.000000 0.000000
vt 0.000000 0.000000
vt 0.000000 0.000000
vt 0.000000 0.000000
vt 0.000000 0.000000
vt 0.000000 0.000000
vt 0.000000 0.000000
vt 0.000000 0.000000
vt 0.000000 0.000000
vt 0.000000 0.000000
vt 0.000000 0.000000
vt 0.000000 0.000000
vt 0.000000 0.000000
vt 0.000000 0.000000
vt 0.000000 0.000000
vt 0.000000 0.000000
vt 0.000000 0.000000
vt 0.000000 0.000000
vt 0.000000 0.000000
vt 0.000000 0.000000
vt 0.000000 0.000000
vt 0.000000 0.000000
vt 0.000000 0.000000
vt 0.000000 0.000000
vt 0.000000 0.000000
vt 0.000000 0.000000
vt 0.000000 0.000000
vt 0.000000 0.000000
vt 0.000000 0.000000
vt 0.000000 0.000000
vt 0.000000 0.000000
vt 0.000000 0.000000
vt 0.000000 0.000000
vt 0.000000 0.000000
vt 0.000000 0.000000
vt 0.000000 0.000000
vt 0.000000 0.000000
vt 0.000000 0.000000
vt 0.000000 0.000000
vt 0.000000 0.000000
vt 0.000000 0.000000
vt 0.000000 0.000000
vt 0.000000 0.000000
vt 0.000000 0.000000
vt 0.000000 0.000000
vt 0.000000 0.000000
vt 0.000000 0.000000
vt 0.000000 0.000000
vt 0.000000 0.000000
vt 0.000000 0.000000
vt 0.000000 0.000000
vt 0.000000 0.000000
vt 0.000000 0.000000
vt 0.000000 0.000000
vt 0.000000 0.000000
vt 0.000000 0.000000
vt 0.000000 0.000000
vt 0.000000 0.000000
vt 0.000000 0.000000
vt 0.000000 0.000000
vt 0.000000 0.000000
vt 0.000000 0.000000
vt 0.000000 0.000000
vt 0.000000 0.000000
vt 0.000000 0.000000
vt 0.000000 0.000000
vt 0.000000 0.000000
vt 0.000000 0.000000
vt 0.000000 0.000000
vt 0.000000 0.000000
vt 0.000000 0.000000
vt 0.000000 0.000000
vt 0.000000 0.000000
vt 0.000000 0.000000
vt 0.000000 0.000000
vt 0.000000 0.000000
vt 0.000000 0.000000
vt 0.000000 0.000000
vt 0.000000 0.000000
vt 0.000000 0.000000
vt 0.000000 0.000000
vt 0.000000 0.000000
vt 0.000000 0.000000
vt 0.000000 0.000000
vt 0.000000 0.000000
vt 0.000000 0.000000
vt 0.000000 0.000000
vt 0.000000 0.000000
vt 0.000000 0.000000
vt 0.000000 0.000000
vt 0.000000 0.000000
vt 0.000000 0.000000
vt 0.000000 0.000000
vt 0.000000 0.000000
vt 0.000000 0.000000
vt 0.000000 0.000000
vt 0.000000 0.000000
vt 0.000000 0.000000
vt 0.000000 0.000000
vt 0.000000 0.000000
vt 0.000000 0.000000
vt 0.000000 0.000000
vt 0.000000 0.000000
vt 0.000000 0.000000
vt 0.000000 0.000000
vt 0.000000 0.000000
vt 0.000000 0.000000
vt 0.000000 0.000000
vt 0.000000 0.000000
vt 0.000000 0.000000
vt 0.000000 0.000000
vt 0.000000 0.000000
vt 0.000000 0.000000
vt 0.000000 0.000000
vt 0.000000 0.000000
vt 0.000000 0.000000
vt 0.000000 0.000000
vt 0.000000 0.000000
vt 0.000000 0.000000
vt 0.000000 0.000000
vt 0.000000 0.000000
vt 0.000000 0.000000
vt 0.000000 0.000000
vt 0.000000 0.000000
vt 0.000000 0.000000
vt 0.000000 0.000000
vt 0.000000 0.000000
vt 0.000000 0.000000
vt 0.000000 0.000000
vt 0.000000 0.000000
vt 0.000000 0.000000
vt 0.000000 0.000000
vt 0.000000 0.000000
vt 0.000000 0.000000
vt 0.000000 0.000000
vt 0.000000 0.000000
vt 0.000000 0.000000
vt 0.000000 0.000000
vt 0.000000 0.000000
vt 0.000000 0.000000
vt 0.000000 0.000000
vt 0.000000 0.000000
vt 0.000000 0.000000
vt 0.000000 0.000000
vt 0.000000 0.000000
vt 0.000000 0.000000
vt 0.000000 0.000000
vt 0.000000 0.000000
vt 0.000000 0.000000
vt 0.000000 0.000000
vt 0.000000 0.000000
vt 0.000000 0.000000
vt 0.000000 0.000000
vt 0.000000 0.000000
vt 0.000000 0.000000
vt 0.000000 0.000000
vt 0.000000 0.000000
vt 0.000000 0.000000
vt 0.000000 0.000000
vt 0.000000 0.000000
vt 0.000000 0.000000
vt 0.000000 0.000000
vt 0.000000 0.000000
vt 0.000000 0.000000
vt 0.000000 0.000000
vt 0.000000 0.000000
vt 0.000000 0.000000
vt 0.000000 0.000000
vt 0.000000 0.000000
vt 0.000000 0.000000
vt 0.000000 0.000000
vt 0.000000 0.000000
vt 0.000000 0.000000
vt 0.000000 0.000000
vt 0.000000 0.000000
vt 0.000000 0.000000
vt 0.000000 0.000000
vt 0.000000 0.000000
vt 0.000000 0.000000
vt 0.000000 0.000000
vt 0.000000 0.000000
vt 0.000000 0.000000
vt 0.000000 0.000000
vt 0.000000 0.000000
vt 0.000000 0.000000
vt 0.000000 0.000000
vt 0.000000 0.000000
vt 0.000000 0.000000
vt 0.000000 0.000000
vt 0.000000 0.000000
vt 0.000000 0.000000
vt 0.000000 0.000000
vt 0.000000 0.000000
vt 0.000000 0.000000
vt 0.000000 0.000000
vt 0.000000 0.000000
vt 0.000000 0.000000
vt 0.000000 0.000000
vt 0.000000 0.000000
vt 0.000000 0.000000
vt 0.000000 0.000000
vt 0.000000 0.000000
vt 0.000000 0.000000
vt 0.000000 0.000000
vt 0.000000 0.000000
vt 0.000000 0.000000
vt 0.000000 0.000000
vt 0.000000 0.000000
vt 0.000000 0.000000
vt 0.000000 0.000000
vt 0.000000 0.000000
vt 0.000000 0.000000
vt 0.000000 0.000000
vt 0.000000 0.000000
vt 0.000000 0.000000
vt 0.000000 0.000000
vt 0.000000 0.000000
vt 0.000000 0.000000
vt 0.000000 0.000000
vt 0.000000 0.000000
vt 0.000000 0.000000
vt 0.000000 0.000000
vt 0.000000 0.000000
vt 0.000000 0.000000
vt 0.000000 0.000000
vt 0.000000 0.000000
vt 0.000000 0.000000
vt 0.000000 0.000000
vt 0.000000 0.000000
vt 0.000000 0.000000
vt 0.000000 0.000000
vt 0.000000 0.000000
vt 0.000000 0.000000
vt 0.000000 0.000000
vt 0.000000 0.000000
vt 0.000000 0.000000
vt 0.000000 0.000000
vt 0.000000 0.000000
vt 0.000000 0.000000
vt 0.000000 0.000000
vt 0.000000 0.000000
vt 0.000000 0.000000
vt 0.000000 0.000000
vt 0.000000 0.000000
vt 0.000000 0.000000
vt 0.000000 0.000000
vt 0.000000 0.000000
vt 0.000000 0.000000
vt 0.000000 0.000000
vt 0.000000 0.000000
vt 0.000000 0.000000
vt 0.000000 0.000000
vt 0.000000 0.000000
vt 0.000000 0.000000
vt 0.000000 0.000000
vt 0.000000 0.000000
vt 0.000000 0.000000
vt 0.000000 0.000000
vt 0.000000 0.000000
vt 0.000000 0.000000
vt 0.000000 0.000000
vt 0.000000 0.000000
vt 0.000000 0.000000
vt 0.000000 0.000000
vt 0.000000 0.000000
vt 0.000000 0.000000
vt 0.000000 0.000000
vt 0.000000 0.000000
vt 0.000000 0.000000
vt 0.000000 0.000000
vt 0.000000 0.000000
vt 0.000000 0.000000
vt 0.000000 0.000000
vt 0.000000 0.000000
vt 0.000000 0.000000
vt 0.000000 0.000000
vt 0.000000 0.000000
vt 0.000000 0.000000
vt 0.000000 0.000000
vt 0.000000 0.000000
vt 0.000000 0.000000
vt 0.000000 0.000000
vt 0.000000 0.000000
vt 0.000000 0.000000
vt 0.000000 0.000000
vt 0.000000 0.000000
vt 0.000000 0.000000
vt 0.000000 0.000000
vt 0.000000 0.000000
vt 0.000000 0.000000
vt 0.000000 0.000000
vt 0.000000 0.000000
vt 0.000000 0.000000
vt 0.000000 0.000000
vt 0.000000 0.000000
vt 0.000000 0.000000
vt 0.000000 0.000000
vt 0.000000 0.000000
vt 0.000000 0.000000
vt 0.000000 0.000000
vt 0.000000 0.000000
vt 0.000000 0.000000
vt 0.000000 0.000000
vt 0.000000 0.000000
vt 0.000000 0.000000
vt 0.000000 0.000000
vt 0.000000 0.000000
vt 0.000000 0.000000
vt 0.000000 0.000000
vt 0.000000 0.000000
vt 0.000000 0.000000
vt 0.000000 0.000000
vt 0.000000 0.000000
vt 0.000000 0.000000
vt 0.000000 0.000000
vt 0.000000 0.000000
vt 0.000000 0.000000
vt 0.000000 0.000000
vt 0.000000 0.000000
vt 0.000000 0.000000
vt 0.000000 0.000000
vt 0.000000 0.000000
vt 0.000000 0.000000
vt 0.000000 0.000000
vt 0.000000 0.000000
vt 0.000000 0.000000
vt 0.000000 0.000000
vt 0.000000 0.000000
vt 0.000000 0.000000
vt 0.000000 0.000000
vt 0.000000 0.000000
vt 0.000000 0.000000
vt 0.000000 0.000000
vt 0.000000 0.000000
vt 0.000000 0.000000
vt 0.000000 0.000000
vt 0.000000 0.000000
vt 0.000000 0.000000
vt 0.000000 0.000000
vt 0.000000 0.000000
vt 0.000000 0.000000
vt 0.000000 0.000000
vt 0.000000 0.000000
vt 0.000000 0.000000
vt 0.000000 0.000000
vt 0.000000 0.000000
vt 0.000000 0.000000
vt 0.000000 0.000000
vt 0.000000 0.000000
vt 0.000000 0.000000
vt 0.000000 0.000000
vt 0.000000 0.000000
vt 0.000000 0.000000
vt 0.000000 0.000000
vt 0.000000 0.000000
vt 0.000000 0.000000
vt 0.000000 0.000000
vt 0.000000 0.000000
vt 0.000000 0.000000
vt 0.000000 0.000000
vt 0.000000 0.000000
vt 0.000000 0.000000
vt 0.000000 0.000000
vt 0.000000 0.000000
vt 0.000000 0.000000
vt 0.000000 0.000000
vt 0.000000 0.000000
vt 0.000000 0.000000
vt 0.000000 0.000000
vt 0.000000 0.000000
vt 0.000000 0.000000
vt 0.000000 0.000000
vt 0.000000 0.000000
vt 0.000000 0.000000
vt 0.000000 0.000000
vt 0.000000 0.000000
vt 0.000000 0.000000
vt 0.000000 0.000000
vt 0.000000 0.000000
vt 0.000000 0.000000
vt 0.000000 0.000000
vt 0.000000 0.000000
vt 0.000000 0.000000
vt 0.000000 0.000000
vt 0.000000 0.000000
vt 0.000000 0.000000
vt 0.000000 0.000000
vt 0.000000 0.000000
vt 0.000000 0.000000
vt 0.000000 0.000000
vt 0.000000 0.000000
vt 0.000000 0.000000
vt 0.000000 0.000000
vt 0.000000 0.000000
vt 0.000000 0.000000
vt 0.000000 0.000000
vt 0.000000 0.000000
vt 0.000000 0.000000
vt 0.000000 0.000000
vt 0.000000 0.000000
vt 0.000000 0.000000
vt 0.000000 0.000000
vt 0.000000 0.000000
vt 0.000000 0.000000
vt 0.000000 0.000000
vt 0.000000 0.000000
vt 0.000000 0.000000
vt 0.000000 0.000000
vt 0.000000 0.000000
vt 0.000000 0.000000
vt 0.000000 0.000000
vt 0.000000 0.000000
vt 0.000000 0.000000
vt 0.000000 0.000000
vt 0.000000 0.000000
vt 0.000000 0.000000
vt 0.000000 0.000000
vt 0.000000 0.000000
vt 0.000000 0.000000
vt 0.000000 0.000000
vt 0.000000 0.000000
vt 0.000000 0.000000
vt 0.000000 0.000000
vt 0.000000 0.000000
vt 0.000000 0.000000
vt 0.000000 0.000000
vt 0.000000 0.000000
vt 0.000000 0.000000
vt 0.000000 0.000000
vt 0.000000 0.000000
vt 0.000000 0.000000
vt 0.000000 0.000000
vt 0.000000 0.000000
vt 0.000000 0.000000
vt 0.000000 0.000000
vt 0.000000 0.000000
vt 0.000000 0.000000
vt 0.000000 0.000000
vt 0.000000 0.000000
vt 0.000000 0.000000
vt 0.000000 0.000000
vt 0.000000 0.000000
vt 0.000000 0.000000
vt 0.000000 0.000000
vt 0.000000 0.000000
vt 0.000000 0.000000
vt 0.000000 0.000000
vt 0.000000 0.000000
vt 0.000000 0.000000
vt 0.000000 0.000000
vt 0.000000 0.000000
vt 0.000000 0.000000
vt 0.000000 0.000000
vt 0.000000 0.000000
vt 0.000000 0.000000
vt 0.000000 0.000000
vt 0.000000 0.000000
vt 0.000000 0.000000
vt 0.000000 0.000000
vt 0.000000 0.000000
vt 0.000000 0.000000
vt 0.000000 0.000000
vt 0.000000 0.000000
vt 0.000000 0.000000
vt 0.000000 0.000000
vt 0.000000 0.000000
vt 0.000000 0.000000
vt 0.000000 0.000000
vt 0.000000 0.000000
vt 0.000000 0.000000
vt 0.000000 0.000000
vt 0.000000 0.000000
vt 0.000000 0.000000
vt 0.000000 0.000000
vt 0.000000 0.000000
vt 0.000000 0.000000
vt 0.000000 0.000000
vt 0.000000 0.000000
vt 0.000000 0.000000
vt 0.000000 0.000000
vt 0.000000 0.000000
vt 0.000000 0.000000
vt 0.000000 0.000000
vt 0.000000 0.000000
vt 0.000000 0.000000
vt 0.000000 0.000000
vt 0.000000 0.000000
vt 0.000000 0.000000
vt 0.000000 0.000000
vt 0.000000 0.000000
vt 0.000000 0.000000
vt 0.000000 0.000000
vt 0.000000 0.000000
vt 0.000000 0.000000
vt 0.000000 0.000000
vt 0.000000 0.000000
vt 0.000000 0.000000
vt 0.000000 0.000000
vt 0.000000 0.000000
vt 0.000000 0.000000
vt 0.000000 0.000000
vt 0.000000 0.000000
vt 0.000000 0.000000
vt 0.000000 0.000000
vt 0.000000 0.000000
vt 0.000000 0.000000
vt 0.000000 0.000000
vt 0.000000 0.000000
vt 0.000000 0.000000
vt 0.000000 0.000000
vt 0.000000 0.000000
vt 0.000000 0.000000
vt 0.000000 0.000000
vt 0.000000 0.000000
vt 0.000000 0.000000
vt 0.000000 0.000000
vt 0.000000 0.000000
vt 0.000000 0.000000
vt 0.000000 0.000000
vt 0.000000 0.000000
vt 0.000000 0.000000
vt 0.000000 0.000000
vt 0.000000 0.000000
vt 0.000000 0.000000
vt 0.000000 0.000000
vt 0.000000 0.000000
vt 0.000000 0.000000
vt 0.000000 0.000000
vt 0.000000 0.000000
vt 0.000000 0.000000
vt 0.000000 0.000000
vt 0.000000 0.000000
vt 0.000000 0.000000
vt 0.000000 0.000000
vt 0.000000 0.000000
vt 0.000000 0.000000
vt 0.000000 0.000000
vt 0.000000 0.000000
vt 0.000000 0.000000
vt 0.000000 0.000000
vt 0.000000 0.000000
vt 0.000000 0.000000
vt 0.000000 0.000000
vt 0.000000 0.000000
vt 0.000000 0.000000
vt 0.000000 0.000000
vt 0.000000 0.000000
vt 0.000000 0.000000
vt 0.000000 0.000000
vt 0.000000 0.000000
vt 0.000000 0.000000
vt 0.000000 0.000000
vt 0.000000 0.000000
vt 0.000000 0.000000
vt 0.000000 0.000000
vt 0.000000 0.000000
vt 0.000000 0.000000
vt 0.000000 0.000000
vt 0.000000 0.000000
vt 0.000000 0.000000
vt 0.000000 0.000000
vt 0.000000 0.000000
vt 0.000000 0.000000
vt 0.000000 0.000000
vt 0.000000 0.000000
vt 0.000000 0.000000
vt 0.000000 0.000000
vt 0.000000 0.000000
vt 0.000000 0.000000
vt 0.000000 0.000000
vt 0.000000 0.000000
vt 0.000000 0.000000
vt 0.000000 0.000000
vt 0.000000 0.000000
vt 0.000000 0.000000
vt 0.000000 0.000000
vt 0.000000 0.000000
vt 0.000000 0.000000
vt 0.000000 0.000000
vt 0.000000 0.000000
vt 0.000000 0.000000
vt 0.000000 0.000000
vt 0.000000 0.000000
vt 0.000000 0.000000
vt 0.000000 0.000000
vt 0.000000 0.000000
vt 0.000000 0.000000
vt 0.000000 0.000000
vt 0.000000 0.000000
vt 0.000000 0.000000
vt 0.000000 0.000000
vt 0.000000 0.000000
vt 0.000000 0.000000
vt 0.000000 0.000000
vt 0.000000 0.000000
vt 0.000000 0.000000
vt 0.000000 0.000000
vt 0.000000 0.000000
vt 0.000000 0.000000
vt 0.000000 0.000000
vt 0.000000 0.000000
vt 0.000000 0.000000
vt 0.000000 0.000000
vt 0.000000 0.000000
vt 0.000000 0.000000
vt 0.000000 0.000000
vt 0.000000 0.000000
vt 0.000000 0.000000
vt 0.000000 0.000000
vt 0.000000 0.000000
vt 0.000000 0.000000
vt 0.000000 0.000000
vt 0.000000 0.000000
vt 0.000000 0.000000
vt 0.000000 0.000000
vt 0.000000 0.000000
vt 0.000000 0.000000
vt 0.000000 0.000000
vt 0.000000 0.000000
vt 0.000000 0.000000
vt 0.000000 0.000000
vt 0.000000 0.000000
vt 0.000000 0.000000
vt 0.000000 0.000000
vt 0.000000 0.000000
vt 0.000000 0.000000
vt 0.000000 0.000000
vt 0.000000 0.000000
vt 0.000000 0.000000
vt 0.000000 0.000000
vt 0.000000 0.000000
vt 0.000000 0.000000
vt 0.000000 0.000000
vt 0.000000 0.000000
vt 0.000000 0.000000
vt 0.000000 0.000000
vt 0.000000 0.000000
vt 0.000000 0.000000
vt 0.000000 0.000000
vt 0.000000 0.000000
vt 0.000000 0.000000
vt 0.000000 0.000000
vt 0.000000 0.000000
vt 0.000000 0.000000
vt 0.000000 0.000000
vt 0.000000 0.000000
vt 0.000000 0.000000
vt 0.000000 0.000000
vt 0.000000 0.000000
vt 0.000000 0.000000
vt 0.000000 0.000000
vt 0.000000 0.000000
vt 0.000000 0.000000
vt 0.000000 0.000000
vt 0.000000 0.000000
vt 0.000000 0.000000
vt 0.000000 0.000000
vt 0.000000 0.000000
vt 0.000000 0.000000
vt 0.000000 0.000000
vt 0.000000 0.000000
vt 0.000000 0.000000
vt 0.000000 0.000000
vt 0.000000 0.000000
vt 0.000000 0.000000
vt 0.000000 0.000000
vt 0.000000 0.000000
vt 0.000000 0.000000
vt 0.000000 0.000000
vt 0.000000 0.000000
vt 0.000000 0.000000
vt 0.000000 0.000000
vt 0.000000 0.000000
vt 0.000000 0.000000
vt 0.000000 0.000000
vt 0.000000 0.000000
vt 0.000000 0.000000
vt 0.000000 0.000000
vt 0.000000 0.000000
vt 0.000000 0.000000
vt 0.000000 0.000000
vt 0.000000 0.000000
vt 0.000000 0.000000
vt 0.000000 0.000000
vt 0.000000 0.000000
vt 0.000000 0.000000
vt 0.000000 0.000000
vt 0.000000 0.000000
vt 0.000000 0.000000
vt 0.000000 0.000000
vt 0.000000 0.000000
vt 0.000000 0.000000
vt 0.000000 0.000000
vt 0.000000 0.000000
vt 0.000000 0.000000
vt 0.000000 0.000000
vt 0.000000 0.000000
vt 0.000000 0.000000
vt 0.000000 0.000000
vt 0.000000 0.000000
vt 0.000000 0.000000
vt 0.000000 0.000000
vt 0.000000 0.000000
vt 0.000000 0.000000
vt 0.000000 0.000000
vt 0.000000 0.000000
vt 0.000000 0.000000
vt 0.000000 0.000000
vt 0.000000 0.000000
vt 0.000000 0.000000
vt 0.000000 0.000000
vt 0.000000 0.000000
vt 0.000000 0.000000
vt 0.000000 0.000000
vt 0.000000 0.000000
vt 0.000000 0.000000
vt 0.000000 0.000000
vt 0.000000 0.000000
vt 0.000000 0.000000
vt 0.000000 0.000000
vt 0.000000 0.000000
vt 0.000000 0.000000
vt 0.000000 0.000000
vt 0.000000 0.000000
vt 0.000000 0.000000
vt 0.000000 0.000000
vt 0.000000 0.000000
vt 0.000000 0.000000
vt 0.000000 0.000000
vt 0.000000 0.000000
vt 0.000000 0.000000
vt 0.000000 0.000000
vt 0.000000 0.000000
vt 0.000000 0.000000
vt 0.000000 0.000000
vt 0.000000 0.000000
vt 0.000000 0.000000
vt 0.000000 0.000000
vt 0.000000 0.000000
vt 0.000000 0.000000
vt 0.000000 0.000000
vt 0.000000 0.000000
vt 0.000000 0.000000
vt 0.000000 0.000000
vt 0.000000 0.000000
vt 0.000000 0.000000
vt 0.000000 0.000000
vt 0.000000 0.000000
vt 0.000000 0.000000
vt 0.000000 0.000000
vt 0.000000 0.000000
vt 0.000000 0.000000
vt 0.000000 0.000000
vt 0.000000 0.000000
vt 0.000000 0.000000
vt 0.000000 0.000000
vt 0.000000 0.000000
vt 0.000000 0.000000
vt 0.000000 0.000000
vt 0.000000 0.000000
vt 0.000000 0.000000
vt 0.000000 0.000000
vt 0.000000 0.000000
vt 0.000000 0.000000
vt 0.000000 0.000000
vt 0.000000 0.000000
vt 0.000000 0.000000
vt 0.000000 0.000000
vt 0.000000 0.000000
vt 0.000000 0.000000
vt 0.000000 0.000000
vt 0.000000 0.000000
vt 0.000000 0.000000
vt 0.000000 0.000000
vt 0.000000 0.000000
vt 0.000000 0.000000
vt 0.000000 0.000000
vt 0.000000 0.000000
vt 0.000000 0.000000
vt 0.000000 0.000000
vt 0.000000 0.000000
vt 0.000000 0.000000
vt 0.000000 0.000000
vt 0.000000 0.000000
vt 0.000000 0.000000
vt 0.000000 0.000000
vt 0.000000 0.000000
vt 0.000000 0.000000
vt 0.000000 0.000000
vt 0.000000 0.000000
vt 0.000000 0.000000
vt 0.000000 0.000000
vt 0.000000 0.000000
vt 0.000000 0.000000
vt 0.000000 0.000000
vt 0.000000 0.000000
vt 0.000000 0.000000
vt 0.000000 0.000000
vt 0.000000 0.000000
vt 0.000000 0.000000
vt 0.000000 0.000000
vt 0.000000 0.000000
vt 0.000000 0.000000
vt 0.000000 0.000000
vt 0.000000 0.000000
vt 0.000000 0.000000
vt 0.000000 0.000000
vt 0.000000 0.000000
vt 0.000000 0.000000
vt 0.000000 0.000000
vt 0.000000 0.000000
vt 0.000000 0.000000
vt 0.000000 0.000000
vt 0.000000 0.000000
vt 0.000000 0.000000
vt 0.000000 0.000000
vt 0.000000 0.000000
vt 0.000000 0.000000
vt 0.000000 0.000000
vt 0.000000 0.000000
vt 0.000000 0.000000
vt 0.000000 0.000000
vt 0.000000 0.000000
vt 0.000000 0.000000
vt 0.000000 0.000000
vt 0.000000 0.000000
vt 0.000000 0.000000
vt 0.000000 0.000000
vt 0.000000 0.000000
vt 0.000000 0.000000
vt 0.000000 0.000000
vt 0.000000 0.000000
vt 0.000000 0.000000
vt 0.000000 0.000000
vt 0.000000 0.000000
vt 0.000000 0.000000
vt 0.000000 0.000000
vt 0.000000 0.000000
vt 0.000000 0.000000
vt 0.000000 0.000000
vt 0.000000 0.000000
vt 0.000000 0.000000
vt 0.000000 0.000000
vt 0.000000 0.000000
vt 0.000000 0.000000
vt 0.000000 0.000000
vt 0.000000 0.000000
vt 0.000000 0.000000
vt 0.000000 0.000000
vt 0.000000 0.000000
vt 0.000000 0.000000
vt 0.000000 0.000000
vt 0.000000 0.000000
vt 0.000000 0.000000
vt 0.000000 0.000000
vt 0.000000 0.000000
vt 0.000000 0.000000
vt 0.000000 0.000000
vt 0.000000 0.000000
vt 0.000000 0.000000
vt 0.000000 0.000000
vt 0.000000 0.000000
vt 0.000000 0.000000
vt 0.000000 0.000000
vt 0.000000 0.000000
vt 0.000000 0.000000
vt 0.000000 0.000000
vt 0.000000 0.000000
vt 0.000000 0.000000
vt 0.000000 0.000000
vt 0.000000 0.000000
vt 0.000000 0.000000
vt 0.000000 0.000000
vt 0.000000 0.000000
vt 0.000000 0.000000
vt 0.000000 0.000000
vt 0.000000 0.000000
vt 0.000000 0.000000
vt 0.000000 0.000000
vt 0.000000 0.000000
vt 0.000000 0.000000
vt 0.000000 0.000000
vt 0.000000 0.000000
vt 0.000000 0.000000
vt 0.000000 0.000000
vt 0.000000 0.000000
vt 0.000000 0.000000
vt 0.000000 0.000000
vt 0.000000 0.000000
vt 0.000000 0.000000
vt 0.000000 0.000000
vt 0.000000 0.000000
vt 0.000000 0.000000
vt 0.000000 0.000000
vt 0.000000 0.000000
vt 0.000000 0.000000
vt 0.000000 0.000000
vt 0.000000 0.000000
vt 0.000000 0.000000
vt 0.000000 0.000000
vt 0.000000 0.000000
vt 0.000000 0.000000
vt 0.000000 0.000000
vt 0.000000 0.000000
vt 0.000000 0.000000
vt 0.000000 0.000000
vt 0.000000 0.000000
vt 0.000000 0.000000
vt 0.000000 0.000000
vt 0.000000 0.000000
vt 0.000000 0.000000
vt 0.000000 0.000000
vt 0.000000 0.000000
vt 0.000000 0.000000
vt 0.000000 0.000000
vt 0.000000 0.000000
vt 0.000000 0.000000
vt 0.000000 0.000000
vt 0.000000 0.000000
vt 0.000000 0.000000
vt 0.000000 0.000000
vt 0.000000 0.000000
vt 0.000000 0.000000
vt 0.000000 0.000000
vt 0.000000 0.000000
vt 0.000000 0.000000
vt 0.000000 0.000000
vt 0.000000 0.000000
vt 0.000000 0.000000
vt 0.000000 0.000000
vt 0.000000 0.000000
vt 0.000000 0.000000
vt 0.000000 0.000000
vt 0.000000 0.000000
vt 0.000000 0.000000
vt 0.000000 0.000000
vt 0.000000 0.000000
vt 0.000000 0.000000
vt 0.000000 0.000000
vt 0.000000 0.000000
vt 0.000000 0.000000
vt 0.000000 0.000000
vt 0.000000 0.000000
vt 0.000000 0.000000
vt 0.000000 0.000000
vt 0.000000 0.000000
vt 0.000000 0.000000
vt 0.000000 0.000000
vt 0.000000 0.000000
vt 0.000000 0.000000
vt 0.000000 0.000000
vt 0.000000 0.000000
vt 0.000000 0.000000
vt 0.000000 0.000000
vt 0.000000 0.000000
vt 0.000000 0.000000
vt 0.000000 0.000000
vt 0.000000 0.000000
vt 0.000000 0.000000
vt 0.000000 0.000000
vt 0.000000 0.000000
vt 0.000000 0.000000
vt 0.000000 0.000000
vt 0.000000 0.000000
vt 0.000000 0.000000
vt 0.000000 0.000000
vt 0.000000 0.000000
vt 0.000000 0.000000
vt 0.000000 0.000000
vt 0.000000 0.000000
vt 0.000000 0.000000
vt 0.000000 0.000000
vt 0.000000 0.000000
vt 0.000000 0.000000
vt 0.000000 0.000000
vt 0.000000 0.000000
vt 0.000000 0.000000
vt 0.000000 0.000000
vt 0.000000 0.000000
vt 0.000000 0.000000
vt 0.000000 0.000000
vt 0.000000 0.000000
vt 0.000000 0.000000
vt 0.000000 0.000000
vt 0.000000 0.000000
vt 0.000000 0.000000
vt 0.000000 0.000000
vt 0.000000 0.000000
vt 0.000000 0.000000
vt 0.000000 0.000000
vt 0.000000 0.000000
vt 0.000000 0.000000
vt 0.000000 0.000000
vt 0.000000 0.000000
vt 0.000000 0.000000
vt 0.000000 0.000000
vt 0.000000 0.000000
vt 0.000000 0.000000
vt 0.000000 0.000000
vt 0.000000 0.000000
vt 0.000000 0.000000
vt 0.000000 0.000000
vt 0.000000 0.000000
vt 0.000000 0.000000
vt 0.000000 0.000000
vt 0.000000 0.000000
vt 0.000000 0.000000
vt 0.000000 0.000000
vt 0.000000 0.000000
vt 0.000000 0.000000
vt 0.000000 0.000000
vt 0.000000 0.000000
vt 0.000000 0.000000
vt 0.000000 0.000000
vt 0.000000 0.000000
vt 0.000000 0.000000
vt 0.000000 0.000000
vt 0.000000 0.000000
vt 0.000000 0.000000
vt 0.000000 0.000000
vt 0.000000 0.000000
vt 0.000000 0.000000
vt 0.000000 0.000000
vt 0.000000 0.000000
vt 0.000000 0.000000
vt 0.000000 0.000000
vt 0.000000 0.000000
vt 0.000000 0.000000
vt 0.000000 0.000000
vt 0.000000 0.000000
vt 0.000000 0.000000
vt 0.000000 0.000000
vt 0.000000 0.000000
vt 0.000000 0.000000
vt 0.000000 0.000000
vt 0.000000 0.000000
vt 0.000000 0.000000
vt 0.000000 0.000000
vt 0.000000 0.000000
vt 0.000000 0.000000
vt 0.000000 0.000000
vt 0.000000 0.000000
vt 0.000000 0.000000
vt 0.000000 0.000000
vt 0.000000 0.000000
vt 0.000000 0.000000
vt 0.000000 0.000000
vt 0.000000 0.000000
vt 0.000000 0.000000
vt 0.000000 0.000000
vt 0.000000 0.000000
vt 0.000000 0.000000
vt 0.000000 0.000000
vt 0.000000 0.000000
vt 0.000000 0.000000
vt 0.000000 0.000000
vt 0.000000 0.000000
vt 0.000000 0.000000
vt 0.000000 0.000000
vt 0.000000 0.000000
vt 0.000000 0.000000
vt 0.000000 0.000000
vt 0.000000 0.000000
vt 0.000000 0.000000
vt 0.000000 0.000000
vt 0.000000 0.000000
vt 0.000000 0.000000
vt 0.000000 0.000000
vt 0.000000 0.000000
vt 0.000000 0.000000
vt 0.000000 0.000000
vt 0.000000 0.000000
vt 0.000000 0.000000
vt 0.000000 0.000000
vt 0.000000 0.000000
vt 0.000000 0.000000
vt 0.000000 0.000000
vt 0.000000 0.000000
vt 0.000000 0.000000
vt 0.000000 0.000000
vt 0.000000 0.000000
vt 0.000000 0.000000
vt 0.000000 0.000000
vt 0.000000 0.000000
vt 0.000000 0.000000
vt 0.000000 0.000000
vt 0.000000 0.000000
vt 0.000000 0.000000
vt 0.000000 0.000000
vt 0.000000 0.000000
vt 0.000000 0.000000
vt 0.000000 0.000000
vt 0.000000 0.000000
vt 0.000000 0.000000
vt 0.000000 0.000000
vt 0.000000 0.000000
vt 0.000000 0.000000
vt 0.000000 0.000000
vt 0.000000 0.000000
vt 0.000000 0.000000
vt 0.000000 0.000000
vt 0.000000 0.000000
vt 0.000000 0.000000
vt 0.000000 0.000000
vt 0.000000 0.000000
vt 0.000000 0.000000
vt 0.000000 0.000000
vt 0.000000 0.000000
vt 0.000000 0.000000
vt 0.000000 0.000000
vt 0.000000 0.000000
vt 0.000000 0.000000
vt 0.000000 0.000000
vt 0.000000 0.000000
vt 0.000000 0.000000
vt 0.000000 0.000000
vt 0.000000 0.000000
vt 0.000000 0.000000
vt 0.000000 0.000000
vt 0.000000 0.000000
vt 0.000000 0.000000
vt 0.000000 0.000000
vt 0.000000 0.000000
vt 0.000000 0.000000
vt 0.000000 0.000000
vt 0.000000 0.000000
vt 0.000000 0.000000
vt 0.000000 0.000000
vt 0.000000 0.000000
vt 0.000000 0.000000
vt 0.000000 0.000000
vt 0.000000 0.000000
vt 0.000000 0.000000
vt 0.000000 0.000000
vt 0.000000 0.000000
vt 0.000000 0.000000
vt 0.000000 0.000000
vt 0.000000 0.000000
vt 0.000000 0.000000
vt 0.000000 0.000000
vt 0.000000 0.000000
vt 0.000000 0.000000
vt 0.000000 0.000000
vt 0.000000 0.000000
vt 0.000000 0.000000
vt 0.000000 0.000000
vt 0.000000 0.000000
vt 0.000000 0.000000
vt 0.000000 0.000000
vt 0.000000 0.000000
vt 0.000000 0.000000
vt 0.000000 0.000000
vt 0.000000 0.000000
vt 0.000000 0.000000
vt 0.000000 0.000000
vt 0.000000 0.000000
vt 0.000000 0.000000
vt 0.000000 0.000000
vt 0.000000 0.000000
vt 0.000000 0.000000
vt 0.000000 0.000000
vt 0.000000 0.000000
vt 0.000000 0.000000
vt 0.000000 0.000000
vt 0.000000 0.000000
vt 0.000000 0.000000
vt 0.000000 0.000000
vt 0.000000 0.000000
vt 0.000000 0.000000
vt 0.000000 0.000000
vt 0.000000 0.000000
vt 0.000000 0.000000
vt 0.000000 0.000000
vt 0.000000 0.000000
vt 0.000000 0.000000
vt 0.000000 0.000000
vt 0.000000 0.000000
vt 0.000000 0.000000
vt 0.000000 0.000000
vt 0.000000 0.000000
vt 0.000000 0.000000
vt 0.000000 0.000000
vt 0.000000 0.000000
vt 0.000000 0.000000
vt 0.000000 0.000000
vt 0.000000 0.000000
vt 0.000000 0.000000
vt 0.000000 0.000000
vt 0.000000 0.000000
vt 0.000000 0.000000
vt 0.000000 0.000000
vt 0.000000 0.000000
vt 0.000000 0.000000
vt 0.000000 0.000000
vt 0.000000 0.000000
vt 0.000000 0.000000
vt 0.000000 0.000000
vt 0.000000 0.000000
vt 0.000000 0.000000
vt 0.000000 0.000000
vt 0.000000 0.000000
vt 0.000000 0.000000
vt 0.000000 0.000000
vt 0.000000 0.000000
vt 0.000000 0.000000
vt 0.000000 0.000000
vt 0.000000 0.000000
vt 0.000000 0.000000
vt 0.000000 0.000000
vt 0.000000 0.000000
vt 0.000000 0.000000
vt 0.000000 0.000000
vt 0.000000 0.000000
vt 0.000000 0.000000
vt 0.000000 0.000000
vt 0.000000 0.000000
vt 0.000000 0.000000
vt 0.000000 0.000000
vt 0.000000 0.000000
vt 0.000000 0.000000
vt 0.000000 0.000000
vt 0.000000 0.000000
vt 0.000000 0.000000
vt 0.000000 0.000000
vt 0.000000 0.000000
vt 0.000000 0.000000
vt 0.000000 0.000000
vt 0.000000 0.000000
vt 0.000000 0.000000
vt 0.000000 0.000000
vt 0.000000 0.000000
vt 0.000000 0.000000
vt 0.000000 0.000000
vt 0.000000 0.000000
vt 0.000000 0.000000
vt 0.000000 0.000000
vt 0.000000 0.000000
vt 0.000000 0.000000
vt 0.000000 0.000000
vt 0.000000 0.000000
vt 0.000000 0.000000
vt 0.000000 0.000000
vt 0.000000 0.000000
vt 0.000000 0.000000
vt 0.000000 0.000000
vt 0.000000 0.000000
vt 0.000000 0.000000
vt 0.000000 0.000000
vt 0.000000 0.000000
vt 0.000000 0.000000
vt 0.000000 0.000000
vt 0.000000 0.000000
vt 0.000000 0.000000
vt 0.000000 0.000000
vt 0.000000 0.000000
vt 0.000000 0.000000
vt 0.000000 0.000000
vt 0.000000 0.000000
vt 0.000000 0.000000
vt 0.000000 0.000000
vt 0.000000 0.000000
vt 0.000000 0.000000
vt 0.000000 0.000000
vt 0.000000 0.000000
vt 0.000000 0.000000
vt 0.000000 0.000000
vt 0.000000 0.000000
vt 0.000000 0.000000
vt 0.000000 0.000000
vt 0.000000 0.000000
vt 0.000000 0.000000
vt 0.000000 0.000000
vt 0.000000 0.000000
vt 0.000000 0.000000
vt 0.000000 0.000000
vt 0.000000 0.000000
vt 0.000000 0.000000
vt 0.000000 0.000000
vt 0.000000 0.000000
vt 0.000000 0.000000
vt 0.000000 0.000000
vt 0.000000 0.000000
vt 0.000000 0.000000
vt 0.000000 0.000000
vt 0.000000 0.000000
vt 0.000000 0.000000
vt 0.000000 0.000000
vt 0.000000 0.000000
vt 0.000000 0.000000
vt 0.000000 0.000000
vt 0.000000 0.000000
vt 0.000000 0.000000
vt 0.000000 0.000000
vt 0.000000 0.000000
vt 0.000000 0.000000
vt 0.000000 0.000000
vt 0.000000 0.000000
vt 0.000000 0.000000
vt 0.000000 0.000000
vt 0.000000 0.000000
vt 0.000000 0.000000
vt 0.000000 0.000000
vt 0.000000 0.000000
vt 0.000000 0.000000
vt 0.000000 0.000000
vt 0.000000 0.000000
vt 0.000000 0.000000
vt 0.000000 0.000000
vt 0.000000 0.000000
vt 0.000000 0.000000
vt 0.000000 0.000000
vt 0.000000 0.000000
vt 0.000000 0.000000
vt 0.000000 0.000000
vt 0.000000 0.000000
vt 0.000000 0.000000
vt 0.000000 0.000000
vt 0.000000 0.000000
vt 0.000000 0.000000
vt 0.000000 0.000000
vt 0.000000 0.000000
vt 0.000000 0.000000
vt 0.000000 0.000000
vt 0.000000 0.000000
vt 0.000000 0.000000
vt 0.000000 0.000000
vt 0.000000 0.000000
vt 0.000000 0.000000
vt 0.000000 0.000000
vt 0.000000 0.000000
vt 0.000000 0.000000
vt 0.000000 0.000000
vt 0.000000 0.000000
vt 0.000000 0.000000
vt 0.000000 0.000000
vt 0.000000 0.000000
vt 0.000000 0.000000
vt 0.000000 0.000000
vt 0.000000 0.000000
vt 0.000000 0.000000
vt 0.000000 0.000000
vt 0.000000 0.000000
vt 0.000000 0.000000
vt 0.000000 0.000000
vt 0.000000 0.000000
vt 0.000000 0.000000
vt 0.000000 0.000000
vt 0.000000 0.000000
vt 0.000000 0.000000
vt 0.000000 0.000000
vt 0.000000 0.000000
vt 0.000000 0.000000
vt 0.000000 0.000000
vt 0.000000 0.000000
vt 0.000000 0.000000
vt 0.000000 0.000000
vt 0.000000 0.000000
vt 0.000000 0.000000
vt 0.000000 0.000000
vt 0.000000 0.000000
vt 0.000000 0.000000
vt 0.000000 0.000000
vt 0.000000 0.000000
vt 0.000000 0.000000
vt 0.000000 0.000000
vt 0.000000 0.000000
vt 0.000000 0.000000
vt 0.000000 0.000000
vt 0.000000 0.000000
vt 0.000000 0.000000
vt 0.000000 0.000000
vt 0.000000 0.000000
vt 0.000000 0.000000
vt 0.000000 0.000000
vt 0.000000 0.000000
vt 0.000000 0.000000
vt 0.000000 0.000000
vt 0.000000 0.000000
vt 0.000000 0.000000
vt 0.000000 0.000000
vt 0.000000 0.000000
vt 0.000000 0.000000
vt 0.000000 0.000000
vt 0.000000 0.000000
vt 0.000000 0.000000
vt 0.000000 0.000000
vt 0.000000 0.000000
vt 0.000000 0.000000
vt 0.000000 0.000000
vt 0.000000 0.000000
vt 0.000000 0.000000
vt 0.000000 0.000000
vt 0.000000 0.000000
vt 0.000000 0.000000
vt 0.000000 0.000000
vt 0.000000 0.000000
vt 0.000000 0.000000
vt 0.000000 0.000000
vt 0.000000 0.000000
vt 0.000000 0.000000
vt 0.000000 0.000000
vt 0.000000 0.000000
vt 0.000000 0.000000
vt 0.000000 0.000000
vt 0.000000 0.000000
vt 0.000000 0.000000
vt 0.000000 0.000000
vt 0.000000 0.000000
vt 0.000000 0.000000
vt 0.000000 0.000000
vt 0.000000 0.000000
vt 0.000000 0.000000
vt 0.000000 0.000000
vt 0.000000 0.000000
vt 0.000000 0.000000
vt 0.000000 0.000000
vt 0.000000 0.000000
vt 0.000000 0.000000
vt 0.000000 0.000000
vt 0.000000 0.000000
vt 0.000000 0.000000
vt 0.000000 0.000000
vt 0.000000 0.000000
vt 0.000000 0.000000
vt 0.000000 0.000000
vt 0.000000 0.000000
vt 0.000000 0.000000
vt 0.000000 0.000000
vt 0.000000 0.000000
vt 0.000000 0.000000
vt 0.000000 0.000000
vt 0.000000 0.000000
vt 0.000000 0.000000
vt 0.000000 0.000000
vt 0.000000 0.000000
vt 0.000000 0.000000
vt 0.000000 0.000000
vt 0.000000 0.000000
vt 0.000000 0.000000
vt 0.000000 0.000000
vt 0.000000 0.000000
vt 0.000000 0.000000
vt 0.000000 0.000000
vt 0.000000 0.000000
vt 0.000000 0.000000
vt 0.000000 0.000000
vt 0.000000 0.000000
vt 0.000000 0.000000
vt 0.000000 0.000000
vt 0.000000 0.000000
vt 0.000000 0.000000
vt 0.000000 0.000000
vt 0.000000 0.000000
vt 0.000000 0.000000
vt 0.000000 0.000000
vt 0.000000 0.000000
vt 0.000000 0.000000
vt 0.000000 0.000000
vt 0.000000 0.000000
vt 0.000000 0.000000
vt 0.000000 0.000000
vt 0.000000 0.000000
vt 0.000000 0.000000
vt 0.000000 0.000000
vt 0.000000 0.000000
vt 0.000000 0.000000
vt 0.000000 0.000000
vt 0.000000 0.000000
vt 0.000000 0.000000
vt 0.000000 0.000000
vt 0.000000 0.000000
vt 0.000000 0.000000
vt 0.000000 0.000000
vt 0.000000 0.000000
vt 0.000000 0.000000
vt 0.000000 0.000000
vt 0.000000 0.000000
vt 0.000000 0.000000
vt 0.000000 0.000000
vt 0.000000 0.000000
vt 0.000000 0.000000
vt 0.000000 0.000000
vt 0.000000 0.000000
vt 0.000000 0.000000
vt 0.000000 0.000000
vt 0.000000 0.000000
vt 0.000000 0.000000
vt 0.000000 0.000000
vt 0.000000 0.000000
vt 0.000000 0.000000
vt 0.000000 0.000000
vt 0.000000 0.000000
vt 0.000000 0.000000
vt 0.000000 0.000000
vt 0.000000 0.000000
vt 0.000000 0.000000
vt 0.000000 0.000000
vt 0.000000 0.000000
vt 0.000000 0.000000
vt 0.000000 0.000000
vt 0.000000 0.000000
vt 0.000000 0.000000
vt 0.000000 0.000000
vt 0.000000 0.000000
vt 0.000000 0.000000
vt 0.000000 0.000000
vt 0.000000 0.000000
vt 0.000000 0.000000
vt 0.000000 0.000000
vt 0.000000 0.000000
vt 0.000000 0.000000
vt 0.000000 0.000000
vt 0.000000 0.000000
vt 0.000000 0.000000
vt 0.000000 0.000000
vt 0.000000 0.000000
vt 0.000000 0.000000
vt 0.000000 0.000000
vt 0.000000 0.000000
vt 0.000000 0.000000
vt 0.000000 0.000000
vt 0.000000 0.000000
vt 0.000000 0.000000
vt 0.000000 0.000000
vt 0.000000 0.000000
vt 0.000000 0.000000
vt 0.000000 0.000000
vt 0.000000 0.000000
vt 0.000000 0.000000
vt 0.000000 0.000000
vt 0.000000 0.000000
vt 0.000000 0.000000
vt 0.000000 0.000000
vt 0.000000 0.000000
vt 0.000000 0.000000
vt 0.000000 0.000000
vt 0.000000 0.000000
vt 0.000000 0.000000
vt 0.000000 0.000000
vt 0.000000 0.000000
vt 0.000000 0.000000
vt 0.000000 0.000000
vt 0.000000 0.000000
vt 0.000000 0.000000
vt 0.000000 0.000000
vt 0.000000 0.000000
vt 0.000000 0.000000
vt 0.000000 0.000000
vt 0.000000 0.000000
vt 0.000000 0.000000
vt 0.000000 0.000000
vt 0.000000 0.000000
vt 0.000000 0.000000
vt 0.000000 0.000000
vt 0.000000 0.000000
vt 0.000000 0.000000
vt 0.000000 0.000000
vt 0.000000 0.000000
vt 0.000000 0.000000
vt 0.000000 0.000000
vt 0.000000 0.000000
vt 0.000000 0.000000
vt 0.000000 0.000000
vt 0.000000 0.000000
vt 0.000000 0.000000
vt 0.000000 0.000000
vt 0.000000 0.000000
vt 0.000000 0.000000
vt 0.000000 0.000000
vt 0.000000 0.000000
vt 0.000000 0.000000
vt 0.000000 0.000000
vt 0.000000 0.000000
vt 0.000000 0.000000
vt 0.000000 0.000000
vt 0.000000 0.000000
vt 0.000000 0.000000
vt 0.000000 0.000000
vt 0.000000 0.000000
vt 0.000000 0.000000
vt 0.000000 0.000000
vt 0.000000 0.000000
vt 0.000000 0.000000
vt 0.000000 0.000000
vt 0.000000 0.000000
vt 0.000000 0.000000
vt 0.000000 0.000000
vt 0.000000 0.000000
vt 0.000000 0.000000
vt 0.000000 0.000000
vt 0.000000 0.000000
vt 0.000000 0.000000
vt 0.000000 0.000000
vt 0.000000 0.000000
vt 0.000000 0.000000
vt 0.000000 0.000000
vt 0.000000 0.000000
vt 0.000000 0.000000
vt 0.000000 0.000000
vt 0.000000 0.000000
vt 0.000000 0.000000
vt 0.000000 0.000000
vt 0.000000 0.000000
vt 0.000000 0.000000
vt 0.000000 0.000000
vt 0.000000 0.000000
vt 0.000000 0.000000
vt 0.000000 0.000000
vt 0.000000 0.000000
vt 0.000000 0.000000
vt 0.000000 0.000000
vt 0.000000 0.000000
vt 0.000000 0.000000
vt 0.000000 0.000000
vt 0.000000 0.000000
vt 0.000000 0.000000
vt 0.000000 0.000000
vt 0.000000 0.000000
vt 0.000000 0.000000
vt 0.000000 0.000000
vt 0.000000 0.000000
vt 0.000000 0.000000
vt 0.000000 0.000000
vt 0.000000 0.000000
vt 0.000000 0.000000
vt 0.000000 0.000000
vt 0.000000 0.000000
vt 0.000000 0.000000
vt 0.000000 0.000000
vt 0.000000 0.000000
vt 0.000000 0.000000
vt 0.000000 0.000000
vt 0.000000 0.000000
vt 0.000000 0.000000
vt 0.000000 0.000000
vt 0.000000 0.000000
vt 0.000000 0.000000
vt 0.000000 0.000000
vt 0.000000 0.000000
vt 0.000000 0.000000
vt 0.000000 0.000000
vt 0.000000 0.000000
vt 0.000000 0.000000
vt 0.000000 0.000000
vt 0.000000 0.000000
vt 0.000000 0.000000
vt 0.000000 0.000000
vt 0.000000 0.000000
vt 0.000000 0.000000
vt 0.000000 0.000000
vt 0.000000 0.000000
vt 0.000000 0.000000
vt 0.000000 0.000000
vt 0.000000 0.000000
vt 0.000000 0.000000
vt 0.000000 0.000000
vt 0.000000 0.000000
vt 0.000000 0.000000
vt 0.000000 0.000000
vt 0.000000 0.000000
vt 0.000000 0.000000
vt 0.000000 0.000000
vt 0.000000 0.000000
vt 0.000000 0.000000
vt 0.000000 0.000000
vt 0.000000 0.000000
vt 0.000000 0.000000
vt 0.000000 0.000000
vt 0.000000 0.000000
vt 0.000000 0.000000
vt 0.000000 0.000000
vt 0.000000 0.000000
vt 0.000000 0.000000
vt 0.000000 0.000000
vt 0.000000 0.000000
vt 0.000000 0.000000
vt 0.000000 0.000000
vt 0.000000 0.000000
vt 0.000000 0.000000
vt 0.000000 0.000000
vt 0.000000 0.000000
vt 0.000000 0.000000
vt 0.000000 0.000000
vt 0.000000 0.000000
vt 0.000000 0.000000
vt 0.000000 0.000000
vt 0.000000 0.000000
vt 0.000000 0.000000
vt 0.000000 0.000000
vt 0.000000 0.000000
vt 0.000000 0.000000
vt 0.000000 0.000000
vt 0.000000 0.000000
vt 0.000000 0.000000
vt 0.000000 0.000000
vt 0.000000 0.000000
vt 0.000000 0.000000
vt 0.000000 0.000000
vt 0.000000 0.000000
vt 0.000000 0.000000
vt 0.000000 0.000000
vt 0.000000 0.000000
vt 0.000000 0.000000
vt 0.000000 0.000000
vt 0.000000 0.000000
vt 0.000000 0.000000
vt 0.000000 0.000000
vt 0.000000 0.000000
vt 0.000000 0.000000
vt 0.000000 0.000000
vt 0.000000 0.000000
vt 0.000000 0.000000
vt 0.000000 0.000000
vt 0.000000 0.000000
vt 0.000000 0.000000
vt 0.000000 0.000000
vt 0.000000 0.000000
vt 0.000000 0.000000
vt 0.000000 0.000000
vt 0.000000 0.000000
vt 0.000000 0.000000
vt 0.000000 0.000000
vt 0.000000 0.000000
vt 0.000000 0.000000
vt 0.000000 0.000000
vt 0.000000 0.000000
vt 0.000000 0.000000
vt 0.000000 0.000000
vt 0.000000 0.000000
vt 0.000000 0.000000
vt 0.000000 0.000000
vt 0.000000 0.000000
vt 0.000000 0.000000
vt 0.000000 0.000000
vt 0.000000 0.000000
vt 0.000000 0.000000
vt 0.000000 0.000000
vt 0.000000 0.000000
vt 0.000000 0.000000
vt 0.000000 0.000000
vt 0.000000 0.000000
vt 0.000000 0.000000
vt 0.000000 0.000000
vt 0.000000 0.000000
vt 0.000000 0.000000
vt 0.000000 0.000000
vt 0.000000 0.000000
vt 0.000000 0.000000
vt 0.000000 0.000000
vt 0.000000 0.000000
vt 0.000000 0.000000
vt 0.000000 0.000000
vt 0.000000 0.000000
vt 0.000000 0.000000
vt 0.000000 0.000000
vt 0.000000 0.000000
vt 0.000000 0.000000
vt 0.000000 0.000000
vt 0.000000 0.000000
vt 0.000000 0.000000
vt 0.000000 0.000000
vt 0.000000 0.000000
vt 0.000000 0.000000
vt 0.000000 0.000000
vt 0.000000 0.000000
vt 0.000000 0.000000
vt 0.000000 0.000000
vt 0.000000 0.000000
vt 0.000000 0.000000
vt 0.000000 0.000000
vt 0.000000 0.000000
vt 0.000000 0.000000
vt 0.000000 0.000000
vt 0.000000 0.000000
vt 0.000000 0.000000
vt 0.000000 0.000000
vt 0.000000 0.000000
vt 0.000000 0.000000
vt 0.000000 0.000000
vt 0.000000 0.000000
vt 0.000000 0.000000
vt 0.000000 0.000000
vt 0.000000 0.000000
vt 0.000000 0.000000
vt 0.000000 0.000000
vt 0.000000 0.000000
vt 0.000000 0.000000
vt 0.000000 0.000000
vt 0.000000 0.000000
vt 0.000000 0.000000
vt 0.000000 0.000000
vt 0.000000 0.000000
vt 0.000000 0.000000
vt 0.000000 0.000000
vt 0.000000 0.000000
vt 0.000000 0.000000
vt 0.000000 0.000000
vt 0.000000 0.000000
vt 0.000000 0.000000
vt 0.000000 0.000000
vt 0.000000 0.000000
vt 0.000000 0.000000
vt 0.000000 0.000000
vt 0.000000 0.000000
vt 0.000000 0.000000
vt 0.000000 0.000000
vt 0.000000 0.000000
vt 0.000000 0.000000
vt 0.000000 0.000000
vt 0.000000 0.000000
vt 0.000000 0.000000
vt 0.000000 0.000000
vt 0.000000 0.000000
vt 0.000000 0.000000
vt 0.000000 0.000000
vt 0.000000 0.000000
vt 0.000000 0.000000
vt 0.000000 0.000000
vt 0.000000 0.000000
vt 0.000000 0.000000
vt 0.000000 0.000000
vt 0.000000 0.000000
vt 0.000000 0.000000
vt 0.000000 0.000000
vt 0.000000 0.000000
vt 0.000000 0.000000
vt 0.000000 0.000000
vt 0.000000 0.000000
vt 0.000000 0.000000
vt 0.000000 0.000000
vt 0.000000 0.000000
vt 0.000000 0.000000
vt 0.000000 0.000000
vt 0.000000 0.000000
vt 0.000000 0.000000
vt 0.000000 0.000000
vt 0.000000 0.000000
vt 0.000000 0.000000
vt 0.000000 0.000000
vt 0.000000 0.000000
vt 0.000000 0.000000
vt 0.000000 0.000000
vt 0.000000 0.000000
vt 0.000000 0.000000
vt 0.000000 0.000000
vt 0.000000 0.000000
vt 0.000000 0.000000
vt 0.000000 0.000000
vt 0.000000 0.000000
vt 0.000000 0.000000
vt 0.000000 0.000000
vt 0.000000 0.000000
vt 0.000000 0.000000
vt 0.000000 0.000000
vt 0.000000 0.000000
vt 0.000000 0.000000
vt 0.000000 0.000000
vt 0.000000 0.000000
vt 0.000000 0.000000
vt 0.000000 0.000000
vt 0.000000 0.000000
vt 0.000000 0.000000
vt 0.000000 0.000000
vt 0.000000 0.000000
vt 0.000000 0.000000
vt 0.000000 0.000000
vt 0.000000 0.000000
vt 0.000000 0.000000
vt 0.000000 0.000000
vt 0.000000 0.000000
vt 0.000000 0.000000
vt 0.000000 0.000000
vt 0.000000 0.000000
vt 0.000000 0.000000
vt 0.000000 0.000000
vt 0.000000 0.000000
vt 0.000000 0.000000
vt 0.000000 0.000000
vt 0.000000 0.000000
vt 0.000000 0.000000
vt 0.000000 0.000000
vt 0.000000 0.000000
vt 0.000000 0.000000
vt 0.000000 0.000000
vt 0.000000 0.000000
vt 0.000000 0.000000
vt 0.000000 0.000000
vt 0.000000 0.000000
vt 0.000000 0.000000
vt 0.000000 0.000000
vt 0.000000 0.000000
vt 0.000000 0.000000
vt 0.000000 0.000000
vt 0.000000 0.000000
vt 0.000000 0.000000
vt 0.000000 0.000000
vt 0.000000 0.000000
vt 0.000000 0.000000
vt 0.000000 0.000000
vt 0.000000 0.000000
vt 0.000000 0.000000
vt 0.000000 0.000000
vt 0.000000 0.000000
vt 0.000000 0.000000
vt 0.000000 0.000000
vt 0.000000 0.000000
vt 0.000000 0.000000
vt 0.000000 0.000000
vt 0.000000 0.000000
vt 0.000000 0.000000
vt 0.000000 0.000000
vt 0.000000 0.000000
vt 0.000000 0.000000
vt 0.000000 0.000000
vt 0.000000 0.000000
vt 0.000000 0.000000
vt 0.000000 0.000000
vt 0.000000 0.000000
vt 0.000000 0.000000
vt 0.000000 0.000000
vt 0.000000 0.000000
vt 0.000000 0.000000
vt 0.000000 0.000000
vt 0.000000 0.000000
vt 0.000000 0.000000
vt 0.000000 0.000000
vt 0.000000 0.000000
vt 0.000000 0.000000
vt 0.000000 0.000000
vt 0.000000 0.000000
vt 0.000000 0.000000
vt 0.000000 0.000000
vt 0.000000 0.000000
vt 0.000000 0.000000
vt 0.000000 0.000000
vt 0.000000 0.000000
vt 0.000000 0.000000
vt 0.000000 0.000000
vt 0.000000 0.000000
vt 0.000000 0.000000
vt 0.000000 0.000000
vt 0.000000 0.000000
vt 0.000000 0.000000
vt 0.000000 0.000000
vt 0.000000 0.000000
vt 0.000000 0.000000
vt 0.000000 0.000000
vt 0.000000 0.000000
vt 0.000000 0.000000
vt 0.000000 0.000000
vt 0.000000 0.000000
vt 0.000000 0.000000
vt 0.000000 0.000000
vt 0.000000 0.000000
vt 0.000000 0.000000
vt 0.000000 0.000000
vt 0.000000 0.000000
vt 0.000000 0.000000
vt 0.000000 0.000000
vt 0.000000 0.000000
vt 0.000000 0.000000
vt 0.000000 0.000000
vt 0.000000 0.000000
vt 0.000000 0.000000
vt 0.000000 0.000000
vt 0.000000 0.000000
vt 0.000000 0.000000
vt 0.000000 0.000000
vt 0.000000 0.000000
vt 0.000000 0.000000
vt 0.000000 0.000000
vt 0.000000 0.000000
vt 0.000000 0.000000
vt 0.000000 0.000000
vt 0.000000 0.000000
vt 0.000000 0.000000
vt 0.000000 0.000000
vt 0.000000 0.000000
vt 0.000000 0.000000
vt 0.000000 0.000000
vt 0.000000 0.000000
vt 0.000000 0.000000
vt 0.000000 0.000000
vt 0.000000 0.000000
vt 0.000000 0.000000
vt 0.000000 0.000000
vt 0.000000 0.000000
vt 0.000000 0.000000
vt 0.000000 0.000000
vt 0.000000 0.000000
vt 0.000000 0.000000
vt 0.000000 0.000000
vt 0.000000 0.000000
vt 0.000000 0.000000
vt 0.000000 0.000000
vt 0.000000 0.000000
vt 0.000000 0.000000
vt 0.000000 0.000000
vt 0.000000 0.000000
vt 0.000000 0.000000
vt 0.000000 0.000000
vt 0.000000 0.000000
vt 0.000000 0.000000
vt 0.000000 0.000000
vt 0.000000 0.000000
vt 0.000000 0.000000
vt 0.000000 0.000000
vt 0.000000 0.000000
vt 0.000000 0.000000
vt 0.000000 0.000000
vt 0.000000 0.000000
vt 0.000000 0.000000
vt 0.000000 0.000000
vt 0.000000 0.000000
vt 0.000000 0.000000
vt 0.000000 0.000000
vt 0.000000 0.000000
vt 0.000000 0.000000
vt 0.000000 0.000000
vt 0.000000 0.000000
vt 0.000000 0.000000
vt 0.000000 0.000000
vt 0.000000 0.000000
vt 0.000000 0.000000
vt 0.000000 0.000000
vt 0.000000 0.000000
vt 0.000000 0.000000
vt 0.000000 0.000000
vt 0.000000 0.000000
vt 0.000000 0.000000
vt 0.000000 0.000000
vt 0.000000 0.000000
vt 0.000000 0.000000
vt 0.000000 0.000000
vt 0.000000 0.000000
vt 0.000000 0.000000
vt 0.000000 0.000000
vt 0.000000 0.000000
vt 0.000000 0.000000
vt 0.000000 0.000000
vt 0.000000 0.000000
vt 0.000000 0.000000
vt 0.000000 0.000000
vt 0.000000 0.000000
vt 0.000000 0.000000
vt 0.000000 0.000000
vt 0.000000 0.000000
vt 0.000000 0.000000
vt 0.000000 0.000000
vt 0.000000 0.000000
vt 0.000000 0.000000
vt 0.000000 0.000000
vt 0.000000 0.000000
vt 0.000000 0.000000
vt 0.000000 0.000000
vt 0.000000 0.000000
vt 0.000000 0.000000
vt 0.000000 0.000000
vt 0.000000 0.000000
vt 0.000000 0.000000
vt 0.000000 0.000000
vt 0.000000 0.000000
vt 0.000000 0.000000
vt 0.000000 0.000000
vt 0.000000 0.000000
vt 0.000000 0.000000
vt 0.000000 0.000000
vt 0.000000 0.000000
vt 0.000000 0.000000
vt 0.000000 0.000000
vt 0.000000 0.000000
vt 0.000000 0.000000
vt 0.000000 0.000000
vt 0.000000 0.000000
vt 0.000000 0.000000
vt 0.000000 0.000000
vt 0.000000 0.000000
vt 0.000000 0.000000
vt 0.000000 0.000000
vt 0.000000 0.000000
vt 0.000000 0.000000
vt 0.000000 0.000000
vt 0.000000 0.000000
vt 0.000000 0.000000
vt 0.000000 0.000000
vt 0.000000 0.000000
vt 0.000000 0.000000
vt 0.000000 0.000000
vt 0.000000 0.000000
vt 0.000000 0.000000
vt 0.000000 0.000000
vt 0.000000 0.000000
vt 0.000000 0.000000
vt 0.000000 0.000000
vt 0.000000 0.000000
vt 0.000000 0.000000
vt 0.000000 0.000000
vt 0.000000 0.000000
vt 0.000000 0.000000
vt 0.000000 0.000000
vt 0.000000 0.000000
vt 0.000000 0.000000
vt 0.000000 0.000000
vt 0.000000 0.000000
vt 0.000000 0.000000
vt 0.000000 0.000000
vt 0.000000 0.000000
vt 0.000000 0.000000
vt 0.000000 0.000000
vt 0.000000 0.000000
vt 0.000000 0.000000
vt 0.000000 0.000000
vt 0.000000 0.000000
vt 0.000000 0.000000
vt 0.000000 0.000000
vt 0.000000 0.000000
vt 0.000000 0.000000
vt 0.000000 0.000000
vt 0.000000 0.000000
vt 0.000000 0.000000
vt 0.000000 0.000000
vt 0.000000 0.000000
vt 0.000000 0.000000
vt 0.000000 0.000000
vt 0.000000 0.000000
vt 0.000000 0.000000
vt 0.000000 0.000000
vt 0.000000 0.000000
vt 0.000000 0.000000
vt 0.000000 0.000000
vt 0.000000 0.000000
vt 0.000000 0.000000
vt 0.000000 0.000000
vt 0.000000 0.000000
vt 0.000000 0.000000
vt 0.000000 0.000000
vt 0.000000 0.000000
vt 0.000000 0.000000
vt 0.000000 0.000000
vt 0.000000 0.000000
vt 0.000000 0.000000
vt 0.000000 0.000000
vt 0.000000 0.000000
vt 0.000000 0.000000
vt 0.000000 0.000000
vt 0.000000 0.000000
vt 0.000000 0.000000
vt 0.000000 0.000000
vt 0.000000 0.000000
vt 0.000000 0.000000
vt 0.000000 0.000000
vt 0.000000 0.000000
vt 0.000000 0.000000
vt 0.000000 0.000000
vt 0.000000 0.000000
vt 0.000000 0.000000
vt 0.000000 0.000000
vt 0.000000 0.000000
vt 0.000000 0.000000
vt 0.000000 0.000000
vt 0.000000 0.000000
vt 0.000000 0.000000
vt 0.000000 0.000000
vt 0.000000 0.000000
vt 0.000000 0.000000
vt 0.000000 0.000000
vt 0.000000 0.000000
vt 0.000000 0.000000
vt 0.000000 0.000000
vt 0.000000 0.000000
vt 0.000000 0.000000
vt 0.000000 0.000000
vt 0.000000 0.000000
vt 0.000000 0.000000
vt 0.000000 0.000000
vt 0.000000 0.000000
vt 0.000000 0.000000
vt 0.000000 0.000000
vt 0.000000 0.000000
vt 0.000000 0.000000
vt 0.000000 0.000000
vt 0.000000 0.000000
vt 0.000000 0.000000
vt 0.000000 0.000000
vt 0.000000 0.000000
vt 0.000000 0.000000
vt 0.000000 0.000000
vt 0.000000 0.000000
vt 0.000000 0.000000
vt 0.000000 0.000000
vt 0.000000 0.000000
vt 0.000000 0.000000
vt 0.000000 0.000000
vt 0.000000 0.000000
vt 0.000000 0.000000
vt 0.000000 0.000000
vt 0.000000 0.000000
vt 0.000000 0.000000
vt 0.000000 0.000000
vt 0.000000 0.000000
vt 0.000000 0.000000
vt 0.000000 0.000000
vt 0.000000 0.000000
vt 0.000000 0.000000
vt 0.000000 0.000000
vt 0.000000 0.000000
vt 0.000000 0.000000
vt 0.000000 0.000000
vt 0.000000 0.000000
vt 0.000000 0.000000
vt 0.000000 0.000000
vt 0.000000 0.000000
vt 0.000000 0.000000
vt 0.000000 0.000000
vt 0.000000 0.000000
vt 0.000000 0.000000
vt 0.000000 0.000000
vt 0.000000 0.000000
vt 0.000000 0.000000
vt 0.000000 0.000000
vt 0.000000 0.000000
vt 0.000000 0.000000
vt 0.000000 0.000000
vt 0.000000 0.000000
vt 0.000000 0.000000
vt 0.000000 0.000000
vt 0.000000 0.000000
vt 0.000000 0.000000
vt 0.000000 0.000000
vt 0.000000 0.000000
vt 0.000000 0.000000
vt 0.000000 0.000000
vt 0.000000 0.000000
vt 0.000000 0.000000
vt 0.000000 0.000000
vt 0.000000 0.000000
vt 0.000000 0.000000
vt 0.000000 0.000000
vt 0.000000 0.000000
vt 0.000000 0.000000
vt 0.000000 0.000000
vt 0.000000 0.000000
vt 0.000000 0.000000
vt 0.000000 0.000000
vt 0.000000 0.000000
vt 0.000000 0.000000
vt 0.000000 0.000000
vt 0.000000 0.000000
vt 0.000000 0.000000
vt 0.000000 0.000000
vt 0.000000 0.000000
vt 0.000000 0.000000
vt 0.000000 0.000000
vt 0.000000 0.000000
vt 0.000000 0.000000
vt 0.000000 0.000000
vt 0.000000 0.000000
vt 0.000000 0.000000
vt 0.000000 0.000000
vt 0.000000 0.000000
vt 0.000000 0.000000
vt 0.000000 0.000000
vt 0.000000 0.000000
vt 0.000000 0.000000
vt 0.000000 0.000000
vt 0.000000 0.000000
vt 0.000000 0.000000
vt 0.000000 0.000000
vt 0.000000 0.000000
vt 0.000000 0.000000
vt 0.000000 0.000000
vt 0.000000 0.000000
vt 0.000000 0.000000
vt 0.000000 0.000000
vt 0.000000 0.000000
vt 0.000000 0.000000
vt 0.000000 0.000000
vt 0.000000 0.000000
vt 0.000000 0.000000
vt 0.000000 0.000000
vt 0.000000 0.000000
vt 0.000000 0.000000
vt 0.000000 0.000000
vt 0.000000 0.000000
vt 0.000000 0.000000
vt 0.000000 0.000000
vt 0.000000 0.000000
vt 0.000000 0.000000
vt 0.000000 0.000000
vt 0.000000 0.000000
vt 0.000000 0.000000
vt 0.000000 0.000000
vt 0.000000 0.000000
vt 0.000000 0.000000
vt 0.000000 0.000000
vt 0.000000 0.000000
vt 0.000000 0.000000
vt 0.000000 0.000000
vt 0.000000 0.000000
vt 0.000000 0.000000
vt 0.000000 0.000000
vt 0.000000 0.000000
vt 0.000000 0.000000
vt 0.000000 0.000000
vt 0.000000 0.000000
vt 0.000000 0.000000
vt 0.000000 0.000000
vt 0.000000 0.000000
vt 0.000000 0.000000
vt 0.000000 0.000000
vt 0.000000 0.000000
vt 0.000000 0.000000
vt 0.000000 0.000000
vt 0.000000 0.000000
vt 0.000000 0.000000
vt 0.000000 0.000000
vt 0.000000 0.000000
vt 0.000000 0.000000
vt 0.000000 0.000000
vt 0.000000 0.000000
vt 0.000000 0.000000
vt 0.000000 0.000000
vt 0.000000 0.000000
vt 0.000000 0.000000
vt 0.000000 0.000000
vt 0.000000 0.000000
vt 0.000000 0.000000
vt 0.000000 0.000000
vt 0.000000 0.000000
vt 0.000000 0.000000
vt 0.000000 0.000000
vt 0.000000 0.000000
vt 0.000000 0.000000
vt 0.000000 0.000000
vt 0.000000 0.000000
vt 0.000000 0.000000
vt 0.000000 0.000000
vt 0.000000 0.000000
vt 0.000000 0.000000
vt 0.000000 0.000000
vt 0.000000 0.000000
vt 0.000000 0.000000
vt 0.000000 0.000000
vt 0.000000 0.000000
vt 0.000000 0.000000
vt 0.000000 0.000000
vt 0.000000 0.000000
vt 0.000000 0.000000
vt 0.000000 0.000000
vt 0.000000 0.000000
vt 0.000000 0.000000
vt 0.000000 0.000000
vt 0.000000 0.000000
vt 0.000000 0.000000
vt 0.000000 0.000000
vt 0.000000 0.000000
vt 0.000000 0.000000
vt 0.000000 0.000000
vt 0.000000 0.000000
vt 0.000000 0.000000
vt 0.000000 0.000000
vt 0.000000 0.000000
vt 0.000000 0.000000
vt 0.000000 0.000000
vt 0.000000 0.000000
vt 0.000000 0.000000
vt 0.000000 0.000000
vt 0.000000 0.000000
vt 0.000000 0.000000
vt 0.000000 0.000000
vt 0.000000 0.000000
vt 0.000000 0.000000
vt 0.000000 0.000000
vt 0.000000 0.000000
vt 0.000000 0.000000
vt 0.000000 0.000000
vt 0.000000 0.000000
vt 0.000000 0.000000
vt 0.000000 0.000000
vt 0.000000 0.000000
vt 0.000000 0.000000
vt 0.000000 0.000000
vt 0.000000 0.000000
vt 0.000000 0.000000
vt 0.000000 0.000000
vt 0.000000 0.000000
vt 0.000000 0.000000
vt 0.000000 0.000000
vt 0.000000 0.000000
vt 0.000000 0.000000
vt 0.000000 0.000000
vt 0.000000 0.000000
vt 0.000000 0.000000
vt 0.000000 0.000000
vt 0.000000 0.000000
vt 0.000000 0.000000
vt 0.000000 0.000000
vt 0.000000 0.000000
vt 0.000000 0.000000
vt 0.000000 0.000000
vt 0.000000 0.000000
vt 0.000000 0.000000
vt 0.000000 0.000000
vt 0.000000 0.000000
vt 0.000000 0.000000
vt 0.000000 0.000000
vt 0.000000 0.000000
vt 0.000000 0.000000
vt 0.000000 0.000000
vt 0.000000 0.000000
vt 0.000000 0.000000
vt 0.000000 0.000000
vt 0.000000 0.000000
vt 0.000000 0.000000
vt 0.000000 0.000000
vt 0.000000 0.000000
vt 0.000000 0.000000
vt 0.000000 0.000000
vt 0.000000 0.000000
vt 0.000000 0.000000
vt 0.000000 0.000000
vt 0.000000 0.000000
vt 0.000000 0.000000
vt 0.000000 0.000000
vt 0.000000 0.000000
vt 0.000000 0.000000
vt 0.000000 0.000000
vt 0.000000 0.000000
vt 0.000000 0.000000
vt 0.000000 0.000000
vt 0.000000 0.000000
vt 0.000000 0.000000
vt 0.000000 0.000000
vt 0.000000 0.000000
vt 0.000000 0.000000
vt 0.000000 0.000000
vt 0.000000 0.000000
vt 0.000000 0.000000
vt 0.000000 0.000000
vt 0.000000 0.000000
vt 0.000000 0.000000
vt 0.000000 0.000000
vt 0.000000 0.000000
vt 0.000000 0.000000
vt 0.000000 0.000000
vt 0.000000 0.000000
vt 0.000000 0.000000
vt 0.000000 0.000000
vt 0.000000 0.000000
vt 0.000000 0.000000
vt 0.000000 0.000000
vt 0.000000 0.000000
vt 0.000000 0.000000
vt 0.000000 0.000000
vt 0.000000 0.000000
vt 0.000000 0.000000
vt 0.000000 0.000000
vt 0.000000 0.000000
vt 0.000000 0.000000
vt 0.000000 0.000000
vt 0.000000 0.000000
vt 0.000000 0.000000
vt 0.000000 0.000000
vt 0.000000 0.000000
vt 0.000000 0.000000
vt 0.000000 0.000000
vt 0.000000 0.000000
vt 0.000000 0.000000
vt 0.000000 0.000000
vt 0.000000 0.000000
vt 0.000000 0.000000
vt 0.000000 0.000000
vt 0.000000 0.000000
vt 0.000000 0.000000
vt 0.000000 0.000000
vt 0.000000 0.000000
vt 0.000000 0.000000
vt 0.000000 0.000000
vt 0.000000 0.000000
vt 0.000000 0.000000
vt 0.000000 0.000000
vt 0.000000 0.000000
vt 0.000000 0.000000
vt 0.000000 0.000000
vt 0.000000 0.000000
vt 0.000000 0.000000
vt 0.000000 0.000000
vt 0.000000 0.000000
vt 0.000000 0.000000
vt 0.000000 0.000000
vt 0.000000 0.000000
vt 0.000000 0.000000
vt 0.000000 0.000000
vt 0.000000 0.000000
vt 0.000000 0.000000
vt 0.000000 0.000000
vt 0.000000 0.000000
vt 0.000000 0.000000
vt 0.000000 0.000000
vt 0.000000 0.000000
vt 0.000000 0.000000
vt 0.000000 0.000000
vt 0.000000 0.000000
vt 0.000000 0.000000
vt 0.000000 0.000000
vt 0.000000 0.000000
vt 0.000000 0.000000
vt 0.000000 0.000000
vt 0.000000 0.000000
vt 0.000000 0.000000
vt 0.000000 0.000000
vt 0.000000 0.000000
vt 0.000000 0.000000
vt 0.000000 0.000000
vt 0.000000 0.000000
vt 0.000000 0.000000
vt 0.000000 0.000000
vt 0.000000 0.000000
vt 0.000000 0.000000
vt 0.000000 0.000000
vt 0.000000 0.000000
vt 0.000000 0.000000
vt 0.000000 0.000000
vt 0.000000 0.000000
vt 0.000000 0.000000
vt 0.000000 0.000000
vt 0.000000 0.000000
vt 0.000000 0.000000
vt 0.000000 0.000000
vt 0.000000 0.000000
vt 0.000000 0.000000
vt 0.000000 0.000000
vt 0.000000 0.000000
vt 0.000000 0.000000
vt 0.000000 0.000000
vt 0.000000 0.000000
vt 0.000000 0.000000
vt 0.000000 0.000000
vt 0.000000 0.000000
vt 0.000000 0.000000
vt 0.000000 0.000000
vt 0.000000 0.000000
vt 0.000000 0.000000
vt 0.000000 0.000000
vt 0.000000 0.000000
vt 0.000000 0.000000
vt 0.000000 0.000000
vt 0.000000 0.000000
vt 0.000000 0.000000
vt 0.000000 0.000000
vt 0.000000 0.000000
vt 0.000000 0.000000
vt 0.000000 0.000000
vt 0.000000 0.000000
vt 0.000000 0.000000
vt 0.000000 0.000000
vt 0.000000 0.000000
vt 0.000000 0.000000
vt 0.000000 0.000000
vt 0.000000 0.000000
vt 0.000000 0.000000
vt 0.000000 0.000000
vt 0.000000 0.000000
vt 0.000000 0.000000
vt 0.000000 0.000000
vt 0.000000 0.000000
vt 0.000000 0.000000
vt 0.000000 0.000000
vt 0.000000 0.000000
vt 0.000000 0.000000
vt 0.000000 0.000000
vt 0.000000 0.000000
vt 0.000000 0.000000
vt 0.000000 0.000000
vt 0.000000 0.000000
vt 0.000000 0.000000
vt 0.000000 0.000000
vt 0.000000 0.000000
vt 0.000000 0.000000
vt 0.000000 0.000000
vt 0.000000 0.000000
vt 0.000000 0.000000
vt 0.000000 0.000000
vt 0.000000 0.000000
vt 0.000000 0.000000
vt 0.000000 0.000000
vt 0.000000 0.000000
vt 0.000000 0.000000
vt 0.000000 0.000000
vt 0.000000 0.000000
vt 0.000000 0.000000
vt 0.000000 0.000000
vt 0.000000 0.000000
vt 0.000000 0.000000
vt 0.000000 0.000000
vt 0.000000 0.000000
vt 0.000000 0.000000
vt 0.000000 0.000000
vt 0.000000 0.000000
vt 0.000000 0.000000
vt 0.000000 0.000000
vt 0.000000 0.000000
vt 0.000000 0.000000
vt 0.000000 0.000000
vt 0.000000 0.000000
vt 0.000000 0.000000
vt 0.000000 0.000000
vt 0.000000 0.000000
vt 0.000000 0.000000
vt 0.000000 0.000000
vt 0.000000 0.000000
vt 0.000000 0.000000
vt 0.000000 0.000000
vt 0.000000 0.000000
vt 0.000000 0.000000
vt 0.000000 0.000000
vt 0.000000 0.000000
vt 0.000000 0.000000
vt 0.000000 0.000000
vt 0.000000 0.000000
vt 0.000000 0.000000
vt 0.000000 0.000000
vt 0.000000 0.000000
vt 0.000000 0.000000
vt 0.000000 0.000000
vt 0.000000 0.000000
vt 0.000000 0.000000
vt 0.000000 0.000000
vt 0.000000 0.000000
vt 0.000000 0.000000
vt 0.000000 0.000000
vt 0.000000 0.000000
vt 0.000000 0.000000
vt 0.000000 0.000000
vt 0.000000 0.000000
vt 0.000000 0.000000
vt 0.000000 0.000000
vt 0.000000 0.000000
vt 0.000000 0.000000
vt 0.000000 0.000000
vt 0.000000 0.000000
vt 0.000000 0.000000
vt 0.000000 0.000000
vt 0.000000 0.000000
vt 0.000000 0.000000
vt 0.000000 0.000000
vt 0.000000 0.000000
vt 0.000000 0.000000
vt 0.000000 0.000000
vt 0.000000 0.000000
vt 0.000000 0.000000
vt 0.000000 0.000000
vt 0.000000 0.000000
vt 0.000000 0.000000
vt 0.000000 0.000000
vt 0.000000 0.000000
vt 0.000000 0.000000
vt 0.000000 0.000000
vt 0.000000 0.000000
vt 0.000000 0.000000
vt 0.000000 0.000000
vt 0.000000 0.000000
vt 0.000000 0.000000
vt 0.000000 0.000000
vt 0.000000 0.000000
vt 0.000000 0.000000
vt 0.000000 0.000000
vt 0.000000 0.000000
vt 0.000000 0.000000
vt 0.000000 0.000000
vt 0.000000 0.000000
vt 0.000000 0.000000
vt 0.000000 0.000000
vt 0.000000 0.000000
vt 0.000000 0.000000
vt 0.000000 0.000000
vt 0.000000 0.000000
vt 0.000000 0.000000
vt 0.000000 0.000000
vt 0.000000 0.000000
vt 0.000000 0.000000
vt 0.000000 0.000000
vt 0.000000 0.000000
vt 0.000000 0.000000
vt 0.000000 0.000000
vt 0.000000 0.000000
vt 0.000000 0.000000
vt 0.000000 0.000000
vt 0.000000 0.000000
vt 0.000000 0.000000
vt 0.000000 0.000000
vt 0.000000 0.000000
vt 0.000000 0.000000
vt 0.000000 0.000000
vt 0.000000 0.000000
vt 0.000000 0.000000
vt 0.000000 0.000000
vt 0.000000 0.000000
vt 0.000000 0.000000
vt 0.000000 0.000000
vt 0.000000 0.000000
vt 0.000000 0.000000
vt 0.000000 0.000000
vt 0.000000 0.000000
vt 0.000000 0.000000
vt 0.000000 0.000000
vt 0.000000 0.000000
vt 0.000000 0.000000
vt 0.000000 0.000000
vt 0.000000 0.000000
vt 0.000000 0.000000
vt 0.000000 0.000000
vt 0.000000 0.000000
vt 0.000000 0.000000
vt 0.000000 0.000000
vt 0.000000 0.000000
vt 0.000000 0.000000
vt 0.000000 0.000000
vt 0.000000 0.000000
vt 0.000000 0.000000
vt 0.000000 0.000000
vt 0.000000 0.000000
vt 0.000000 0.000000
vt 0.000000 0.000000
vt 0.000000 0.000000
vt 0.000000 0.000000
vt 0.000000 0.000000
vt 0.000000 0.000000
vt 0.000000 0.000000
vt 0.000000 0.000000
vt 0.000000 0.000000
vt 0.000000 0.000000
vt 0.000000 0.000000
vt 0.000000 0.000000
vt 0.000000 0.000000
vt 0.000000 0.000000
vt 0.000000 0.000000
vt 0.000000 0.000000
vt 0.000000 0.000000
vt 0.000000 0.000000
vt 0.000000 0.000000
vt 0.000000 0.000000
vt 0.000000 0.000000
vt 0.000000 0.000000
vt 0.000000 0.000000
vt 0.000000 0.000000
vt 0.000000 0.000000
vt 0.000000 0.000000
vt 0.000000 0.000000
vt 0.000000 0.000000
vt 0.000000 0.000000
vt 0.000000 0.000000
vt 0.000000 0.000000
vt 0.000000 0.000000
vt 0.000000 0.000000
vt 0.000000 0.000000
vt 0.000000 0.000000
vt 0.000000 0.000000
vt 0.000000 0.000000
vt 0.000000 0.000000
vt 0.000000 0.000000
vt 0.000000 0.000000
vt 0.000000 0.000000
vt 0.000000 0.000000
vt 0.000000 0.000000
vt 0.000000 0.000000
vt 0.000000 0.000000
vt 0.000000 0.000000
vt 0.000000 0.000000
vt 0.000000 0.000000
vt 0.000000 0.000000
vt 0.000000 0.000000
vt 0.000000 0.000000
vt 0.000000 0.000000
vt 0.000000 0.000000
vt 0.000000 0.000000
vt 0.000000 0.000000
vt 0.000000 0.000000
vt 0.000000 0.000000
vt 0.000000 0.000000
vt 0.000000 0.000000
vt 0.000000 0.000000
vt 0.000000 0.000000
vt 0.000000 0.000000
vt 0.000000 0.000000
vt 0.000000 0.000000
vt 0.000000 0.000000
vt 0.000000 0.000000
vt 0.000000 0.000000
vt 0.000000 0.000000
vt 0.000000 0.000000
vt 0.000000 0.000000
vt 0.000000 0.000000
vt 0.000000 0.000000
vt 0.000000 0.000000
vt 0.000000 0.000000
vt 0.000000 0.000000
vt 0.000000 0.000000
vt 0.000000 0.000000
vt 0.000000 0.000000
vt 0.000000 0.000000
vt 0.000000 0.000000
vt 0.000000 0.000000
vt 0.000000 0.000000
vt 0.000000 0.000000
vt 0.000000 0.000000
vt 0.000000 0.000000
vt 0.000000 0.000000
vt 0.000000 0.000000
vt 0.000000 0.000000
vt 0.000000 0.000000
vt 0.000000 0.000000
vt 0.000000 0.000000
vt 0.000000 0.000000
vt 0.000000 0.000000
vt 0.000000 0.000000
vt 0.000000 0.000000
vt 0.000000 0.000000
vt 0.000000 0.000000
vt 0.000000 0.000000
vt 0.000000 0.000000
vt 0.000000 0.000000
vt 0.000000 0.000000
vt 0.000000 0.000000
vt 0.000000 0.000000
vt 0.000000 0.000000
vt 0.000000 0.000000
vt 0.000000 0.000000
vt 0.000000 0.000000
vt 0.000000 0.000000
vt 0.000000 0.000000
vt 0.000000 0.000000
vt 0.000000 0.000000
vt 0.000000 0.000000
vt 0.000000 0.000000
vt 0.000000 0.000000
vt 0.000000 0.000000
vt 0.000000 0.000000
vt 0.000000 0.000000
vt 0.000000 0.000000
vt 0.000000 0.000000
vt 0.000000 0.000000
vt 0.000000 0.000000
vt 0.000000 0.000000
vt 0.000000 0.000000
vt 0.000000 0.000000
vt 0.000000 0.000000
vt 0.000000 0.000000
vt 0.000000 0.000000
vt 0.000000 0.000000
vt 0.000000 0.000000
vt 0.000000 0.000000
vt 0.000000 0.000000
vt 0.000000 0.000000
vt 0.000000 0.000000
vt 0.000000 0.000000
vt 0.000000 0.000000
vt 0.000000 0.000000
vt 0.000000 0.000000
vt 0.000000 0.000000
vt 0.000000 0.000000
vt 0.000000 0.000000
vt 0.000000 0.000000
vt 0.000000 0.000000
vt 0.000000 0.000000
vt 0.000000 0.000000
vt 0.000000 0.000000
vt 0.000000 0.000000
vt 0.000000 0.000000
vt 0.000000 0.000000
vt 0.000000 0.000000
vt 0.000000 0.000000
vt 0.000000 0.000000
vt 0.000000 0.000000
vt 0.000000 0.000000
vt 0.000000 0.000000
vt 0.000000 0.000000
vt 0.000000 0.000000
vt 0.000000 0.000000
vt 0.000000 0.000000
vt 0.000000 0.000000
vt 0.000000 0.000000
vt 0.000000 0.000000
vt 0.000000 0.000000
vt 0.000000 0.000000
vt 0.000000 0.000000
vt 0.000000 0.000000
vt 0.000000 0.000000
vt 0.000000 0.000000
vt 0.000000 0.000000
vt 0.000000 0.000000
vt 0.000000 0.000000
vt 0.000000 0.000000
vt 0.000000 0.000000
vt 0.000000 0.000000
vt 0.000000 0.000000
vt 0.000000 0.000000
vt 0.000000 0.000000
vt 0.000000 0.000000
vt 0.000000 0.000000
vt 0.000000 0.000000
vt 0.000000 0.000000
vt 0.000000 0.000000
vt 0.000000 0.000000
vt 0.000000 0.000000
vt 0.000000 0.000000
vt 0.000000 0.000000
vt 0.000000 0.000000
vt 0.000000 0.000000
vt 0.000000 0.000000
vt 0.000000 0.000000
vt 0.000000 0.000000
vt 0.000000 0.000000
vt 0.000000 0.000000
vt 0.000000 0.000000
vt 0.000000 0.000000
vt 0.000000 0.000000
vt 0.000000 0.000000
vt 0.000000 0.000000
vt 0.000000 0.000000
vt 0.000000 0.000000
vt 0.000000 0.000000
vt 0.000000 0.000000
vt 0.000000 0.000000
vt 0.000000 0.000000
vt 0.000000 0.000000
vt 0.000000 0.000000
vt 0.000000 0.000000
vt 0.000000 0.000000
vt 0.000000 0.000000
vt 0.000000 0.000000
vt 0.000000 0.000000
vt 0.000000 0.000000
vt 0.000000 0.000000
vt 0.000000 0.000000
vt 0.000000 0.000000
vt 0.000000 0.000000
vt 0.000000 0.000000
vt 0.000000 0.000000
vt 0.000000 0.000000
vt 0.000000 0.000000
vt 0.000000 0.000000
vt 0.000000 0.000000
vt 0.000000 0.000000
vt 0.000000 0.000000
vt 0.000000 0.000000
vt 0.000000 0.000000
vt 0.000000 0.000000
vt 0.000000 0.000000
vt 0.000000 0.000000
vt 0.000000 0.000000
vt 0.000000 0.000000
vt 0.000000 0.000000
vt 0.000000 0.000000
vt 0.000000 0.000000
vt 0.000000 0.000000
vt 0.000000 0.000000
vt 0.000000 0.000000
vt 0.000000 0.000000
vt 0.000000 0.000000
vt 0.000000 0.000000
vt 0.000000 0.000000
vt 0.000000 0.000000
vt 0.000000 0.000000
vt 0.000000 0.000000
vt 0.000000 0.000000
vt 0.000000 0.000000
vt 0.000000 0.000000
vt 0.000000 0.000000
vt 0.000000 0.000000
vt 0.000000 0.000000
vt 0.000000 0.000000
vt 0.000000 0.000000
vt 0.000000 0.000000
vt 0.000000 0.000000
vt 0.000000 0.000000
vt 0.000000 0.000000
vt 0.000000 0.000000
vt 0.000000 0.000000
vt 0.000000 0.000000
vt 0.000000 0.000000
vt 0.000000 0.000000
vt 0.000000 0.000000
vt 0.000000 0.000000
vt 0.000000 0.000000
vt 0.000000 0.000000
vt 0.000000 0.000000
vt 0.000000 0.000000
vt 0.000000 0.000000
vt 0.000000 0.000000
vt 0.000000 0.000000
vt 0.000000 0.000000
vt 0.000000 0.000000
vt 0.000000 0.000000
vt 0.000000 0.000000
vt 0.000000 0.000000
vt 0.000000 0.000000
vt 0.000000 0.000000
vt 0.000000 0.000000
vt 0.000000 0.000000
vt 0.000000 0.000000
vt 0.000000 0.000000
vt 0.000000 0.000000
vt 0.000000 0.000000
vt 0.000000 0.000000
vt 0.000000 0.000000
vt 0.000000 0.000000
vt 0.000000 0.000000
vt 0.000000 0.000000
vt 0.000000 0.000000
vt 0.000000 0.000000
vt 0.000000 0.000000
vt 0.000000 0.000000
vt 0.000000 0.000000
vt 0.000000 0.000000
vt 0.000000 0.000000
vt 0.000000 0.000000
vt 0.000000 0.000000
vt 0.000000 0.000000
vt 0.000000 0.000000
vt 0.000000 0.000000
vt 0.000000 0.000000
vt 0.000000 0.000000
vt 0.000000 0.000000
vt 0.000000 0.000000
vt 0.000000 0.000000
vt 0.000000 0.000000
vt 0.000000 0.000000
vt 0.000000 0.000000
vt 0.000000 0.000000
vt 0.000000 0.000000
vt 0.000000 0.000000
vt 0.000000 0.000000
vt 0.000000 0.000000
vt 0.000000 0.000000
vt 0.000000 0.000000
vt 0.000000 0.000000
vt 0.000000 0.000000
vt 0.000000 0.000000
vt 0.000000 0.000000
vt 0.000000 0.000000
vt 0.000000 0.000000
vt 0.000000 0.000000
vt 0.000000 0.000000
vt 0.000000 0.000000
vt 0.000000 0.000000
vt 0.000000 0.000000
vt 0.000000 0.000000
vt 0.000000 0.000000
vt 0.000000 0.000000
vt 0.000000 0.000000
vt 0.000000 0.000000
vt 0.000000 0.000000
vt 0.000000 0.000000
vt 0.000000 0.000000
vt 0.000000 0.000000
vt 0.000000 0.000000
vt 0.000000 0.000000
vt 0.000000 0.000000
vt 0.000000 0.000000
vt 0.000000 0.000000
vt 0.000000 0.000000
vt 0.000000 0.000000
vt 0.000000 0.000000
vt 0.000000 0.000000
vt 0.000000 0.000000
vt 0.000000 0.000000
vt 0.000000 0.000000
vt 0.000000 0.000000
vt 0.000000 0.000000
vt 0.000000 0.000000
vt 0.000000 0.000000
vt 0.000000 0.000000
vt 0.000000 0.000000
vt 0.000000 0.000000
vt 0.000000 0.000000
vt 0.000000 0.000000
vt 0.000000 0.000000
vt 0.000000 0.000000
vt 0.000000 0.000000
vt 0.000000 0.000000
vt 0.000000 0.000000
vt 0.000000 0.000000
vt 0.000000 0.000000
vt 0.000000 0.000000
vt 0.000000 0.000000
vt 0.000000 0.000000
vt 0.000000 0.000000
vt 0.000000 0.000000
vt 0.000000 0.000000
vt 0.000000 0.000000
vt 0.000000 0.000000
vt 0.000000 0.000000
vt 0.000000 0.000000
vt 0.000000 0.000000
vt 0.000000 0.000000
vt 0.000000 0.000000
vt 0.000000 0.000000
vt 0.000000 0.000000
vt 0.000000 0.000000
vt 0.000000 0.000000
vt 0.000000 0.000000
vt 0.000000 0.000000
vt 0.000000 0.000000
vt 0.000000 0.000000
vt 0.000000 0.000000
vt 0.000000 0.000000
vt 0.000000 0.000000
vt 0.000000 0.000000
vt 0.000000 0.000000
vt 0.000000 0.000000
vt 0.000000 0.000000
vt 0.000000 0.000000
vt 0.000000 0.000000
vt 0.000000 0.000000
vt 0.000000 0.000000
vt 0.000000 0.000000
vt 0.000000 0.000000
vt 0.000000 0.000000
vt 0.000000 0.000000
vt 0.000000 0.000000
vt 0.000000 0.000000
vt 0.000000 0.000000
vt 0.000000 0.000000
vt 0.000000 0.000000
vt 0.000000 0.000000
vt 0.000000 0.000000
vt 0.000000 0.000000
vt 0.000000 0.000000
vt 0.000000 0.000000
vt 0.000000 0.000000
vt 0.000000 0.000000
vt 0.000000 0.000000
vt 0.000000 0.000000
vt 0.000000 0.000000
vt 0.000000 0.000000
vt 0.000000 0.000000
vt 0.000000 0.000000
vt 0.000000 0.000000
vt 0.000000 0.000000
vt 0.000000 0.000000
vt 0.000000 0.000000
vt 0.000000 0.000000
vt 0.000000 0.000000
vt 0.000000 0.000000
vt 0.000000 0.000000
vt 0.000000 0.000000
vt 0.000000 0.000000
vt 0.000000 0.000000
vt 0.000000 0.000000
vt 0.000000 0.000000
vt 0.000000 0.000000
vt 0.000000 0.000000
vt 0.000000 0.000000
vt 0.000000 0.000000
vt 0.000000 0.000000
vt 0.000000 0.000000
vt 0.000000 0.000000
vt 0.000000 0.000000
vt 0.000000 0.000000
vt 0.000000 0.000000
vt 0.000000 0.000000
vt 0.000000 0.000000
vt 0.000000 0.000000
vt 0.000000 0.000000
vt 0.000000 0.000000
vt 0.000000 0.000000
vt 0.000000 0.000000
vt 0.000000 0.000000
vt 0.000000 0.000000
vt 0.000000 0.000000
vt 0.000000 0.000000
vt 0.000000 0.000000
vt 0.000000 0.000000
vt 0.000000 0.000000
vt 0.000000 0.000000
vt 0.000000 0.000000
vt 0.000000 0.000000
vt 0.000000 0.000000
vt 0.000000 0.000000
vt 0.000000 0.000000
vt 0.000000 0.000000
vt 0.000000 0.000000
vt 0.000000 0.000000
vt 0.000000 0.000000
vt 0.000000 0.000000
vt 0.000000 0.000000
vt 0.000000 0.000000
vt 0.000000 0.000000
vt 0.000000 0.000000
vt 0.000000 0.000000
vt 0.000000 0.000000
vt 0.000000 0.000000
vt 0.000000 0.000000
vt 0.000000 0.000000
vt 0.000000 0.000000
vt 0.000000 0.000000
vt 0.000000 0.000000
vt 0.000000 0.000000
vt 0.000000 0.000000
vt 0.000000 0.000000
vt 0.000000 0.000000
vt 0.000000 0.000000
vt 0.000000 0.000000
vt 0.000000 0.000000
vt 0.000000 0.000000
vt 0.000000 0.000000
vt 0.000000 0.000000
vt 0.000000 0.000000
vt 0.000000 0.000000
vt 0.000000 0.000000
vt 0.000000 0.000000
vt 0.000000 0.000000
vt 0.000000 0.000000
vt 0.000000 0.000000
vt 0.000000 0.000000
vt 0.000000 0.000000
vt 0.000000 0.000000
vt 0.000000 0.000000
vt 0.000000 0.000000
vt 0.000000 0.000000
vt 0.000000 0.000000
vt 0.000000 0.000000
vt 0.000000 0.000000
vt 0.000000 0.000000
vt 0.000000 0.000000
vt 0.000000 0.000000
vt 0.000000 0.000000
vt 0.000000 0.000000
vt 0.000000 0.000000
vt 0.000000 0.000000
vt 0.000000 0.000000
vt 0.000000 0.000000
vt 0.000000 0.000000
vt 0.000000 0.000000
vt 0.000000 0.000000
vt 0.000000 0.000000
vt 0.000000 0.000000
vt 0.000000 0.000000
vt 0.000000 0.000000
vt 0.000000 0.000000
vt 0.000000 0.000000
vt 0.000000 0.000000
vt 0.000000 0.000000
vt 0.000000 0.000000
vt 0.000000 0.000000
vt 0.000000 0.000000
vt 0.000000 0.000000
vt 0.000000 0.000000
vt 0.000000 0.000000
vt 0.000000 0.000000
vt 0.000000 0.000000
vt 0.000000 0.000000
vt 0.000000 0.000000
vt 0.000000 0.000000
vt 0.000000 0.000000
vt 0.000000 0.000000
vt 0.000000 0.000000
vt 0.000000 0.000000
vt 0.000000 0.000000
vt 0.000000 0.000000
vt 0.000000 0.000000
vt 0.000000 0.000000
vt 0.000000 0.000000
vt 0.000000 0.000000
vt 0.000000 0.000000
vt 0.000000 0.000000
vt 0.000000 0.000000
vt 0.000000 0.000000
vt 0.000000 0.000000
vt 0.000000 0.000000
vt 0.000000 0.000000
vt 0.000000 0.000000
vt 0.000000 0.000000
vt 0.000000 0.000000
vt 0.000000 0.000000
vt 0.000000 0.000000
vt 0.000000 0.000000
vt 0.000000 0.000000
vt 0.000000 0.000000
vt 0.000000 0.000000
vt 0.000000 0.000000
vt 0.000000 0.000000
vt 0.000000 0.000000
vt 0.000000 0.000000
vt 0.000000 0.000000
vt 0.000000 0.000000
vt 0.000000 0.000000
vt 0.000000 0.000000
vt 0.000000 0.000000
vt 0.000000 0.000000
vt 0.000000 0.000000
vt 0.000000 0.000000
vt 0.000000 0.000000
vt 0.000000 0.000000
vt 0.000000 0.000000
vt 0.000000 0.000000
vt 0.000000 0.000000
vt 0.000000 0.000000
vt 0.000000 0.000000
vt 0.000000 0.000000
vt 0.000000 0.000000
vt 0.000000 0.000000
vt 0.000000 0.000000
vt 0.000000 0.000000
vt 0.000000 0.000000
vt 0.000000 0.000000
vt 0.000000 0.000000
vt 0.000000 0.000000
vt 0.000000 0.000000
vt 0.000000 0.000000
vt 0.000000 0.000000
vt 0.000000 0.000000
vt 0.000000 0.000000
vt 0.000000 0.000000
vt 0.000000 0.000000
vt 0.000000 0.000000
vt 0.000000 0.000000
vt 0.000000 0.000000
vt 0.000000 0.000000
vt 0.000000 0.000000
vt 0.000000 0.000000
vt 0.000000 0.000000
vt 0.000000 0.000000
vt 0.000000 0.000000
vt 0.000000 0.000000
vt 0.000000 0.000000
vt 0.000000 0.000000
vt 0.000000 0.000000
vt 0.000000 0.000000
vt 0.000000 0.000000
vt 0.000000 0.000000
vt 0.000000 0.000000
vt 0.000000 0.000000
vt 0.000000 0.000000
vt 0.000000 0.000000
vt 0.000000 0.000000
vt 0.000000 0.000000
vt 0.000000 0.000000
vt 0.000000 0.000000
vt 0.000000 0.000000
vt 0.000000 0.000000
vt 0.000000 0.000000
vt 0.000000 0.000000
vt 0.000000 0.000000
vt 0.000000 0.000000
vt 0.000000 0.000000
vt 0.000000 0.000000
vt 0.000000 0.000000
vt 0.000000 0.000000
vt 0.000000 0.000000
vt 0.000000 0.000000
vt 0.000000 0.000000
vt 0.000000 0.000000
vt 0.000000 0.000000
vt 0.000000 0.000000
vt 0.000000 0.000000
vt 0.000000 0.000000
vt 0.000000 0.000000
vt 0.000000 0.000000
vt 0.000000 0.000000
vt 0.000000 0.000000
vt 0.000000 0.000000
vt 0.000000 0.000000
vt 0.000000 0.000000
vt 0.000000 0.000000
vt 0.000000 0.000000
vt 0.000000 0.000000
vt 0.000000 0.000000
vt 0.000000 0.000000
vt 0.000000 0.000000
vt 0.000000 0.000000
vt 0.000000 0.000000
vt 0.000000 0.000000
vt 0.000000 0.000000
vt 0.000000 0.000000
vt 0.000000 0.000000
vt 0.000000 0.000000
vt 0.000000 0.000000
vt 0.000000 0.000000
vt 0.000000 0.000000
vt 0.000000 0.000000
vt 0.000000 0.000000
vt 0.000000 0.000000
vt 0.000000 0.000000
vt 0.000000 0.000000
vt 0.000000 0.000000
vt 0.000000 0.000000
vt 0.000000 0.000000
vt 0.000000 0.000000
vt 0.000000 0.000000
vt 0.000000 0.000000
vt 0.000000 0.000000
vt 0.000000 0.000000
vt 0.000000 0.000000
vt 0.000000 0.000000
vt 0.000000 0.000000
vt 0.000000 0.000000
vt 0.000000 0.000000
vt 0.000000 0.000000
vt 0.000000 0.000000
vt 0.000000 0.000000
vt 0.000000 0.000000
vt 0.000000 0.000000
vt 0.000000 0.000000
vt 0.000000 0.000000
vt 0.000000 0.000000
vt 0.000000 0.000000
vt 0.000000 0.000000
vt 0.000000 0.000000
vt 0.000000 0.000000
vt 0.000000 0.000000
vt 0.000000 0.000000
vt 0.000000 0.000000
vt 0.000000 0.000000
vt 0.000000 0.000000
vt 0.000000 0.000000
vt 0.000000 0.000000
vt 0.000000 0.000000
vt 0.000000 0.000000
vt 0.000000 0.000000
vt 0.000000 0.000000
vt 0.000000 0.000000
vt 0.000000 0.000000
vt 0.000000 0.000000
vt 0.000000 0.000000
vt 0.000000 0.000000
vt 0.000000 0.000000
vt 0.000000 0.000000
vt 0.000000 0.000000
vt 0.000000 0.000000
vt 0.000000 0.000000
vt 0.000000 0.000000
vt 0.000000 0.000000
vt 0.000000 0.000000
vt 0.000000 0.000000
vt 0.000000 0.000000
vt 0.000000 0.000000
vt 0.000000 0.000000
vt 0.000000 0.000000
vt 0.000000 0.000000
vt 0.000000 0.000000
vt 0.000000 0.000000
vt 0.000000 0.000000
vt 0.000000 0.000000
vt 0.000000 0.000000
vt 0.000000 0.000000
vt 0.000000 0.000000
vt 0.000000 0.000000
vt 0.000000 0.000000
vt 0.000000 0.000000
vt 0.000000 0.000000
vt 0.000000 0.000000
vt 0.000000 0.000000
vt 0.000000 0.000000
vt 0.000000 0.000000
vt 0.000000 0.000000
vt 0.000000 0.000000
vt 0.000000 0.000000
vt 0.000000 0.000000
vt 0.000000 0.000000
vt 0.000000 0.000000
vt 0.000000 0.000000
vt 0.000000 0.000000
vt 0.000000 0.000000
vt 0.000000 0.000000
vt 0.000000 0.000000
vt 0.000000 0.000000
vt 0.000000 0.000000
vt 0.000000 0.000000
vt 0.000000 0.000000
vt 0.000000 0.000000
vt 0.000000 0.000000
vt 0.000000 0.000000
vt 0.000000 0.000000
vt 0.000000 0.000000
vt 0.000000 0.000000
vt 0.000000 0.000000
vt 0.000000 0.000000
vt 0.000000 0.000000
vt 0.000000 0.000000
vt 0.000000 0.000000
vt 0.000000 0.000000
vt 0.000000 0.000000
vt 0.000000 0.000000
vt 0.000000 0.000000
vt 0.000000 0.000000
vt 0.000000 0.000000
vt 0.000000 0.000000
vt 0.000000 0.000000
vt 0.000000 0.000000
vt 0.000000 0.000000
vt 0.000000 0.000000
vt 0.000000 0.000000
vt 0.000000 0.000000
vt 0.000000 0.000000
vt 0.000000 0.000000
vt 0.000000 0.000000
vt 0.000000 0.000000
vt 0.000000 0.000000
vt 0.000000 0.000000
vt 0.000000 0.000000
vt 0.000000 0.000000
vt 0.000000 0.000000
vt 0.000000 0.000000
vt 0.000000 0.000000
vt 0.000000 0.000000
vt 0.000000 0.000000
vt 0.000000 0.000000
vt 0.000000 0.000000
vt 0.000000 0.000000
vt 0.000000 0.000000
vt 0.000000 0.000000
vt 0.000000 0.000000
vt 0.000000 0.000000
vt 0.000000 0.000000
vt 0.000000 0.000000
vt 0.000000 0.000000
vt 0.000000 0.000000
vt 0.000000 0.000000
vt 0.000000 0.000000
vt 0.000000 0.000000
vt 0.000000 0.000000
vt 0.000000 0.000000
vt 0.000000 0.000000
vt 0.000000 0.000000
vt 0.000000 0.000000
vt 0.000000 0.000000
vt 0.000000 0.000000
vt 0.000000 0.000000
vt 0.000000 0.000000
vt 0.000000 0.000000
vt 0.000000 0.000000
vt 0.000000 0.000000
vt 0.000000 0.000000
vt 0.000000 0.000000
vt 0.000000 0.000000
vt 0.000000 0.000000
vt 0.000000 0.000000
vt 0.000000 0.000000
vt 0.000000 0.000000
vt 0.000000 0.000000
vt 0.000000 0.000000
vt 0.000000 0.000000
vt 0.000000 0.000000
vt 0.000000 0.000000
vt 0.000000 0.000000
vt 0.000000 0.000000
vt 0.000000 0.000000
vt 0.000000 0.000000
vt 0.000000 0.000000
vt 0.000000 0.000000
vt 0.000000 0.000000
vt 0.000000 0.000000
vt 0.000000 0.000000
vt 0.000000 0.000000
vt 0.000000 0.000000
vt 0.000000 0.000000
vt 0.000000 0.000000
vt 0.000000 0.000000
vt 0.000000 0.000000
vt 0.000000 0.000000
vt 0.000000 0.000000
vt 0.000000 0.000000
vt 0.000000 0.000000
vt 0.000000 0.000000
vt 0.000000 0.000000
vt 0.000000 0.000000
vt 0.000000 0.000000
vt 0.000000 0.000000
vt 0.000000 0.000000
vt 0.000000 0.000000
vt 0.000000 0.000000
vt 0.000000 0.000000
vt 0.000000 0.000000
vt 0.000000 0.000000
vt 0.000000 0.000000
vt 0.000000 0.000000
vt 0.000000 0.000000
vt 0.000000 0.000000
vt 0.000000 0.000000
vt 0.000000 0.000000
vt 0.000000 0.000000
vt 0.000000 0.000000
vt 0.000000 0.000000
vt 0.000000 0.000000
vt 0.000000 0.000000
vt 0.000000 0.000000
vt 0.000000 0.000000
vt 0.000000 0.000000
vt 0.000000 0.000000
vt 0.000000 0.000000
vt 0.000000 0.000000
vt 0.000000 0.000000
vt 0.000000 0.000000
vt 0.000000 0.000000
vt 0.000000 0.000000
vt 0.000000 0.000000
vt 0.000000 0.000000
vt 0.000000 0.000000
vt 0.000000 0.000000
vt 0.000000 0.000000
vt 0.000000 0.000000
vt 0.000000 0.000000
vt 0.000000 0.000000
vt 0.000000 0.000000
vt 0.000000 0.000000
vt 0.000000 0.000000
vt 0.000000 0.000000
vt 0.000000 0.000000
vt 0.000000 0.000000
vt 0.000000 0.000000
vt 0.000000 0.000000
vt 0.000000 0.000000
vt 0.000000 0.000000
vt 0.000000 0.000000
vt 0.000000 0.000000
vt 0.000000 0.000000
vt 0.000000 0.000000
vt 0.000000 0.000000
vt 0.000000 0.000000
vt 0.000000 0.000000
vt 0.000000 0.000000
vt 0.000000 0.000000
vt 0.000000 0.000000
vt 0.000000 0.000000
vt 0.000000 0.000000
vt 0.000000 0.000000
vt 0.000000 0.000000
vt 0.000000 0.000000
vt 0.000000 0.000000
vt 0.000000 0.000000
vt 0.000000 0.000000
vt 0.000000 0.000000
vt 0.000000 0.000000
vt 0.000000 0.000000
vt 0.000000 0.000000
vt 0.000000 0.000000
vt 0.000000 0.000000
vt 0.000000 0.000000
vt 0.000000 0.000000
vt 0.000000 0.000000
vt 0.000000 0.000000
vt 0.000000 0.000000
vt 0.000000 0.000000
vt 0.000000 0.000000
vt 0.000000 0.000000
vt 0.000000 0.000000
vt 0.000000 0.000000
vt 0.000000 0.000000
vt 0.000000 0.000000
vt 0.000000 0.000000
vt 0.000000 0.000000
vt 0.000000 0.000000
vt 0.000000 0.000000
vt 0.000000 0.000000
vt 0.000000 0.000000
vt 0.000000 0.000000
vt 0.000000 0.000000
vt 0.000000 0.000000
vt 0.000000 0.000000
vt 0.000000 0.000000
vt 0.000000 0.000000
vt 0.000000 0.000000
vt 0.000000 0.000000
vt 0.000000 0.000000
vt 0.000000 0.000000
vt 0.000000 0.000000
vt 0.000000 0.000000
vt 0.000000 0.000000
vt 0.000000 0.000000
vt 0.000000 0.000000
vt 0.000000 0.000000
vt 0.000000 0.000000
vt 0.000000 0.000000
vt 0.000000 0.000000
vt 0.000000 0.000000
vt 0.000000 0.000000
vt 0.000000 0.000000
vt 0.000000 0.000000
vt 0.000000 0.000000
vt 0.000000 0.000000
vt 0.000000 0.000000
vt 0.000000 0.000000
vt 0.000000 0.000000
vt 0.000000 0.000000
vt 0.000000 0.000000
vt 0.000000 0.000000
vt 0.000000 0.000000
vt 0.000000 0.000000
vt 0.000000 0.000000
vt 0.000000 0.000000
vt 0.000000 0.000000
vt 0.000000 0.000000
vt 0.000000 0.000000
vt 0.000000 0.000000
vt 0.000000 0.000000
vt 0.000000 0.000000
vt 0.000000 0.000000
vt 0.000000 0.000000
vt 0.000000 0.000000
vt 0.000000 0.000000
vt 0.000000 0.000000
vt 0.000000 0.000000
vt 0.000000 0.000000
vt 0.000000 0.000000
vt 0.000000 0.000000
vt 0.000000 0.000000
vt 0.000000 0.000000
vt 0.000000 0.000000
vt 0.000000 0.000000
vt 0.000000 0.000000
vt 0.000000 0.000000
vt 0.000000 0.000000
vt 0.000000 0.000000
vt 0.000000 0.000000
vt 0.000000 0.000000
vt 0.000000 0.000000
vt 0.000000 0.000000
vt 0.000000 0.000000
vt 0.000000 0.000000
vt 0.000000 0.000000
vt 0.000000 0.000000
vt 0.000000 0.000000
vt 0.000000 0.000000
vt 0.000000 0.000000
vt 0.000000 0.000000
vt 0.000000 0.000000
vt 0.000000 0.000000
vt 0.000000 0.000000
vt 0.000000 0.000000
vt 0.000000 0.000000
vt 0.000000 0.000000
vt 0.000000 0.000000
vt 0.000000 0.000000
vt 0.000000 0.000000
vt 0.000000 0.000000
vt 0.000000 0.000000
vt 0.000000 0.000000
vt 0.000000 0.000000
vt 0.000000 0.000000
vt 0.000000 0.000000
vt 0.000000 0.000000
vt 0.000000 0.000000
vt 0.000000 0.000000
vt 0.000000 0.000000
vt 0.000000 0.000000
vt 0.000000 0.000000
vt 0.000000 0.000000
vt 0.000000 0.000000
vt 0.000000 0.000000
vt 0.000000 0.000000
vt 0.000000 0.000000
vt 0.000000 0.000000
vt 0.000000 0.000000
vt 0.000000 0.000000
vt 0.000000 0.000000
vt 0.000000 0.000000
vt 0.000000 0.000000
vt 0.000000 0.000000
vt 0.000000 0.000000
vt 0.000000 0.000000
vt 0.000000 0.000000
vt 0.000000 0.000000
vt 0.000000 0.000000
vt 0.000000 0.000000
vt 0.000000 0.000000
vt 0.000000 0.000000
vt 0.000000 0.000000
vt 0.000000 0.000000
vt 0.000000 0.000000
vt 0.000000 0.000000
vt 0.000000 0.000000
vt 0.000000 0.000000
vt 0.000000 0.000000
vt 0.000000 0.000000
vt 0.000000 0.000000
vt 0.000000 0.000000
vt 0.000000 0.000000
vt 0.000000 0.000000
vt 0.000000 0.000000
vt 0.000000 0.000000
vt 0.000000 0.000000
vt 0.000000 0.000000
vt 0.000000 0.000000
vt 0.000000 0.000000
vt 0.000000 0.000000
vt 0.000000 0.000000
vt 0.000000 0.000000
vt 0.000000 0.000000
vt 0.000000 0.000000
vt 0.000000 0.000000
vt 0.000000 0.000000
vt 0.000000 0.000000
vt 0.000000 0.000000
vt 0.000000 0.000000
vt 0.000000 0.000000
vt 0.000000 0.000000
vt 0.000000 0.000000
vt 0.000000 0.000000
vt 0.000000 0.000000
vt 0.000000 0.000000
vt 0.000000 0.000000
vt 0.000000 0.000000
vt 0.000000 0.000000
vt 0.000000 0.000000
vt 0.000000 0.000000
vt 0.000000 0.000000
vt 0.000000 0.000000
vt 0.000000 0.000000
vt 0.000000 0.000000
vt 0.000000 0.000000
vt 0.000000 0.000000
vt 0.000000 0.000000
vt 0.000000 0.000000
vt 0.000000 0.000000
vt 0.000000 0.000000
vt 0.000000 0.000000
vt 0.000000 0.000000
vt 0.000000 0.000000
vt 0.000000 0.000000
vt 0.000000 0.000000
vt 0.000000 0.000000
vt 0.000000 0.000000
vt 0.000000 0.000000
vt 0.000000 0.000000
vt 0.000000 0.000000
vt 0.000000 0.000000
vt 0.000000 0.000000
vt 0.000000 0.000000
vt 0.000000 0.000000
vt 0.000000 0.000000
vt 0.000000 0.000000
vt 0.000000 0.000000
vt 0.000000 0.000000
vt 0.000000 0.000000
vt 0.000000 0.000000
vt 0.000000 0.000000
vt 0.000000 0.000000
vt 0.000000 0.000000
vt 0.000000 0.000000
vt 0.000000 0.000000
vt 0.000000 0.000000
vt 0.000000 0.000000
vt 0.000000 0.000000
vt 0.000000 0.000000
vt 0.000000 0.000000
vt 0.000000 0.000000
vt 0.000000 0.000000
vt 0.000000 0.000000
vt 0.000000 0.000000
vt 0.000000 0.000000
vt 0.000000 0.000000
vt 0.000000 0.000000
vt 0.000000 0.000000
vt 0.000000 0.000000
vt 0.000000 0.000000
vt 0.000000 0.000000
vt 0.000000 0.000000
vt 0.000000 0.000000
vt 0.000000 0.000000
vt 0.000000 0.000000
vt 0.000000 0.000000
vt 0.000000 0.000000
vt 0.000000 0.000000
vt 0.000000 0.000000
vt 0.000000 0.000000
vt 0.000000 0.000000
vt 0.000000 0.000000
vt 0.000000 0.000000
vt 0.000000 0.000000
vt 0.000000 0.000000
vt 0.000000 0.000000
vt 0.000000 0.000000
vt 0.000000 0.000000
vt 0.000000 0.000000
vt 0.000000 0.000000
vt 0.000000 0.000000
vt 0.000000 0.000000
vt 0.000000 0.000000
vt 0.000000 0.000000
vt 0.000000 0.000000
vt 0.000000 0.000000
vt 0.000000 0.000000
vt 0.000000 0.000000
vt 0.000000 0.000000
vt 0.000000 0.000000
vt 0.000000 0.000000
vt 0.000000 0.000000
vt 0.000000 0.000000
vt 0.000000 0.000000
vt 0.000000 0.000000
vt 0.000000 0.000000
vt 0.000000 0.000000
vt 0.000000 0.000000
vt 0.000000 0.000000
vt 0.000000 0.000000
vt 0.000000 0.000000
vt 0.000000 0.000000
vt 0.000000 0.000000
vt 0.000000 0.000000
vt 0.000000 0.000000
vt 0.000000 0.000000
vt 0.000000 0.000000
vt 0.000000 0.000000
vt 0.000000 0.000000
vt 0.000000 0.000000
vt 0.000000 0.000000
vt 0.000000 0.000000
vt 0.000000 0.000000
vt 0.000000 0.000000
vt 0.000000 0.000000
vt 0.000000 0.000000
vt 0.000000 0.000000
vt 0.000000 0.000000
vt 0.000000 0.000000
vt 0.000000 0.000000
vt 0.000000 0.000000
vt 0.000000 0.000000
vt 0.000000 0.000000
vt 0.000000 0.000000
vt 0.000000 0.000000
vt 0.000000 0.000000
vt 0.000000 0.000000
vt 0.000000 0.000000
vt 0.000000 0.000000
vt 0.000000 0.000000
vt 0.000000 0.000000
vt 0.000000 0.000000
vt 0.000000 0.000000
vt 0.000000 0.000000
vt 0.000000 0.000000
vt 0.000000 0.000000
vt 0.000000 0.000000
vt 0.000000 0.000000
vt 0.000000 0.000000
vt 0.000000 0.000000
vt 0.000000 0.000000
vt 0.000000 0.000000
vt 0.000000 0.000000
vt 0.000000 0.000000
vt 0.000000 0.000000
vt 0.000000 0.000000
vt 0.000000 0.000000
vt 0.000000 0.000000
vt 0.000000 0.000000
vt 0.000000 0.000000
vt 0.000000 0.000000
vt 0.000000 0.000000
vt 0.000000 0.000000
vt 0.000000 0.000000
vt 0.000000 0.000000
vt 0.000000 0.000000
vt 0.000000 0.000000
vt 0.000000 0.000000
vt 0.000000 0.000000
vt 0.000000 0.000000
vt 0.000000 0.000000
vt 0.000000 0.000000
vt 0.000000 0.000000
vt 0.000000 0.000000
vt 0.000000 0.000000
vt 0.000000 0.000000
vt 0.000000 0.000000
vt 0.000000 0.000000
vt 0.000000 0.000000
vt 0.000000 0.000000
vt 0.000000 0.000000
vt 0.000000 0.000000
vt 0.000000 0.000000
vt 0.000000 0.000000
vt 0.000000 0.000000
vt 0.000000 0.000000
vt 0.000000 0.000000
vt 0.000000 0.000000
vt 0.000000 0.000000
vt 0.000000 0.000000
vt 0.000000 0.000000
vt 0.000000 0.000000
vt 0.000000 0.000000
vt 0.000000 0.000000
vt 0.000000 0.000000
vt 0.000000 0.000000
vt 0.000000 0.000000
vt 0.000000 0.000000
vt 0.000000 0.000000
vt 0.000000 0.000000
vt 0.000000 0.000000
vt 0.000000 0.000000
vt 0.000000 0.000000
vt 0.000000 0.000000
vt 0.000000 0.000000
vt 0.000000 0.000000
vt 0.000000 0.000000
vt 0.000000 0.000000
vt 0.000000 0.000000
vt 0.000000 0.000000
vt 0.000000 0.000000
vt 0.000000 0.000000
vt 0.000000 0.000000
vt 0.000000 0.000000
vt 0.000000 0.000000
vt 0.000000 0.000000
vt 0.000000 0.000000
vt 0.000000 0.000000
vt 0.000000 0.000000
vt 0.000000 0.000000
vt 0.000000 0.000000
vt 0.000000 0.000000
vt 0.000000 0.000000
vt 0.000000 0.000000
vt 0.000000 0.000000
vt 0.000000 0.000000
vt 0.000000 0.000000
vt 0.000000 0.000000
vt 0.000000 0.000000
vt 0.000000 0.000000
vt 0.000000 0.000000
vt 0.000000 0.000000
vt 0.000000 0.000000
vt 0.000000 0.000000
vt 0.000000 0.000000
vt 0.000000 0.000000
vt 0.000000 0.000000
vt 0.000000 0.000000
vt 0.000000 0.000000
vt 0.000000 0.000000
vt 0.000000 0.000000
vt 0.000000 0.000000
vt 0.000000 0.000000
vt 0.000000 0.000000
vt 0.000000 0.000000
vt 0.000000 0.000000
vt 0.000000 0.000000
vt 0.000000 0.000000
vt 0.000000 0.000000
vt 0.000000 0.000000
vt 0.000000 0.000000
vt 0.000000 0.000000
vt 0.000000 0.000000
vt 0.000000 0.000000
vt 0.000000 0.000000
vt 0.000000 0.000000
vt 0.000000 0.000000
vt 0.000000 0.000000
vt 0.000000 0.000000
vt 0.000000 0.000000
vt 0.000000 0.000000
vt 0.000000 0.000000
vt 0.000000 0.000000
vt 0.000000 0.000000
vt 0.000000 0.000000
vt 0.000000 0.000000
vt 0.000000 0.000000
vt 0.000000 0.000000
vt 0.000000 0.000000
vt 0.000000 0.000000
vt 0.000000 0.000000
vt 0.000000 0.000000
vt 0.000000 0.000000
vt 0.000000 0.000000
vt 0.000000 0.000000
vt 0.000000 0.000000
vt 0.000000 0.000000
vt 0.000000 0.000000
vt 0.000000 0.000000
vt 0.000000 0.000000
vt 0.000000 0.000000
vt 0.000000 0.000000
vt 0.000000 0.000000
vt 0.000000 0.000000
vt 0.000000 0.000000
vt 0.000000 0.000000
vt 0.000000 0.000000
vt 0.000000 0.000000
vt 0.000000 0.000000
vt 0.000000 0.000000
vt 0.000000 0.000000
vt 0.000000 0.000000
vt 0.000000 0.000000
vt 0.000000 0.000000
vt 0.000000 0.000000
vt 0.000000 0.000000
vt 0.000000 0.000000
vt 0.000000 0.000000
vt 0.000000 0.000000
vt 0.000000 0.000000
vt 0.000000 0.000000
vt 0.000000 0.000000
vt 0.000000 0.000000
vt 0.000000 0.000000
vt 0.000000 0.000000
vt 0.000000 0.000000
vt 0.000000 0.000000
vt 0.000000 0.000000
vt 0.000000 0.000000
vt 0.000000 0.000000
vt 0.000000 0.000000
vt 0.000000 0.000000
vt 0.000000 0.000000
vt 0.000000 0.000000
vt 0.000000 0.000000
vt 0.000000 0.000000
vt 0.000000 0.000000
vt 0.000000 0.000000
vt 0.000000 0.000000
vt 0.000000 0.000000
vt 0.000000 0.000000
vt 0.000000 0.000000
vt 0.000000 0.000000
vt 0.000000 0.000000
vt 0.000000 0.000000
vt 0.000000 0.000000
vt 0.000000 0.000000
vt 0.000000 0.000000
vt 0.000000 0.000000
vt 0.000000 0.000000
vt 0.000000 0.000000
vt 0.000000 0.000000
vt 0.000000 0.000000
vt 0.000000 0.000000
vt 0.000000 0.000000
vt 0.000000 0.000000
vt 0.000000 0.000000
vt 0.000000 0.000000
vt 0.000000 0.000000
vt 0.000000 0.000000
vt 0.000000 0.000000
vt 0.000000 0.000000
vt 0.000000 0.000000
vt 0.000000 0.000000
vt 0.000000 0.000000
vt 0.000000 0.000000
vt 0.000000 0.000000
vt 0.000000 0.000000
vt 0.000000 0.000000
vt 0.000000 0.000000
vt 0.000000 0.000000
vt 0.000000 0.000000
vt 0.000000 0.000000
vt 0.000000 0.000000
vt 0.000000 0.000000
vt 0.000000 0.000000
vt 0.000000 0.000000
vt 0.000000 0.000000
vt 0.000000 0.000000
vt 0.000000 0.000000
vt 0.000000 0.000000
vt 0.000000 0.000000
vt 0.000000 0.000000
vt 0.000000 0.000000
vt 0.000000 0.000000
vt 0.000000 0.000000
vt 0.000000 0.000000
vt 0.000000 0.000000
vt 0.000000 0.000000
vt 0.000000 0.000000
vt 0.000000 0.000000
vt 0.000000 0.000000
vt 0.000000 0.000000
vt 0.000000 0.000000
vt 0.000000 0.000000
vt 0.000000 0.000000
vt 0.000000 0.000000
vt 0.000000 0.000000
vt 0.000000 0.000000
vt 0.000000 0.000000
vt 0.000000 0.000000
vt 0.000000 0.000000
vt 0.000000 0.000000
vt 0.000000 0.000000
vt 0.000000 0.000000
vt 0.000000 0.000000
vt 0.000000 0.000000
vt 0.000000 0.000000
vt 0.000000 0.000000
vt 0.000000 0.000000
vt 0.000000 0.000000
vt 0.000000 0.000000
vt 0.000000 0.000000
vt 0.000000 0.000000
vt 0.000000 0.000000
vt 0.000000 0.000000
vt 0.000000 0.000000
vt 0.000000 0.000000
vt 0.000000 0.000000
vt 0.000000 0.000000
vt 0.000000 0.000000
vt 0.000000 0.000000
vt 0.000000 0.000000
vt 0.000000 0.000000
vt 0.000000 0.000000
vt 0.000000 0.000000
vt 0.000000 0.000000
vt 0.000000 0.000000
vt 0.000000 0.000000
vt 0.000000 0.000000
vt 0.000000 0.000000
vt 0.000000 0.000000
vt 0.000000 0.000000
vt 0.000000 0.000000
vt 0.000000 0.000000
vt 0.000000 0.000000
vt 0.000000 0.000000
vt 0.000000 0.000000
vt 0.000000 0.000000
vt 0.000000 0.000000
vt 0.000000 0.000000
vt 0.000000 0.000000
vt 0.000000 0.000000
vt 0.000000 0.000000
vt 0.000000 0.000000
vt 0.000000 0.000000
vt 0.000000 0.000000
vt 0.000000 0.000000
vt 0.000000 0.000000
vt 0.000000 0.000000
vt 0.000000 0.000000
vt 0.000000 0.000000
vt 0.000000 0.000000
vt 0.000000 0.000000
vt 0.000000 0.000000
vt 0.000000 0.000000
vt 0.000000 0.000000
vt 0.000000 0.000000
vt 0.000000 0.000000
vt 0.000000 0.000000
vt 0.000000 0.000000
vt 0.000000 0.000000
vt 0.000000 0.000000
vt 0.000000 0.000000
vt 0.000000 0.000000
vt 0.000000 0.000000
vt 0.000000 0.000000
vt 0.000000 0.000000
vt 0.000000 0.000000
vt 0.000000 0.000000
vt 0.000000 0.000000
vt 0.000000 0.000000
vt 0.000000 0.000000
vt 0.000000 0.000000
vt 0.000000 0.000000
vt 0.000000 0.000000
vt 0.000000 0.000000
vt 0.000000 0.000000
vt 0.000000 0.000000
vt 0.000000 0.000000
vt 0.000000 0.000000
vt 0.000000 0.000000
vt 0.000000 0.000000
vt 0.000000 0.000000
vt 0.000000 0.000000
vt 0.000000 0.000000
vt 0.000000 0.000000
vt 0.000000 0.000000
vt 0.000000 0.000000
vt 0.000000 0.000000
vt 0.000000 0.000000
vt 0.000000 0.000000
vt 0.000000 0.000000
vt 0.000000 0.000000
vt 0.000000 0.000000
vt 0.000000 0.000000
vt 0.000000 0.000000
vt 0.000000 0.000000
vt 0.000000 0.000000
vt 0.000000 0.000000
vt 0.000000 0.000000
vt 0.000000 0.000000
vt 0.000000 0.000000
vt 0.000000 0.000000
vt 0.000000 0.000000
vt 0.000000 0.000000
vt 0.000000 0.000000
vt 0.000000 0.000000
vt 0.000000 0.000000
vt 0.000000 0.000000
vt 0.000000 0.000000
vt 0.000000 0.000000
vt 0.000000 0.000000
vt 0.000000 0.000000
vt 0.000000 0.000000
vt 0.000000 0.000000
vt 0.000000 0.000000
vt 0.000000 0.000000
vt 0.000000 0.000000
vt 0.000000 0.000000
vt 0.000000 0.000000
vt 0.000000 0.000000
vt 0.000000 0.000000
vt 0.000000 0.000000
vt 0.000000 0.000000
vt 0.000000 0.000000
vt 0.000000 0.000000
vt 0.000000 0.000000
vt 0.000000 0.000000
vt 0.000000 0.000000
vt 0.000000 0.000000
vt 0.000000 0.000000
vt 0.000000 0.000000
vt 0.000000 0.000000
vt 0.000000 0.000000
vt 0.000000 0.000000
vt 0.000000 0.000000
vt 0.000000 0.000000
vt 0.000000 0.000000
vt 0.000000 0.000000
vt 0.000000 0.000000
vt 0.000000 0.000000
vt 0.000000 0.000000
vt 0.000000 0.000000
vt 0.000000 0.000000
vt 0.000000 0.000000
vt 0.000000 0.000000
vt 0.000000 0.000000
vt 0.000000 0.000000
vt 0.000000 0.000000
vt 0.000000 0.000000
vt 0.000000 0.000000
vt 0.000000 0.000000
vt 0.000000 0.000000
vt 0.000000 0.000000
vt 0.000000 0.000000
vt 0.000000 0.000000
vt 0.000000 0.000000
vt 0.000000 0.000000
vt 0.000000 0.000000
vt 0.000000 0.000000
vt 0.000000 0.000000
vt 0.000000 0.000000
vt 0.000000 0.000000
vt 0.000000 0.000000
vt 0.000000 0.000000
vt 0.000000 0.000000
vt 0.000000 0.000000
vt 0.000000 0.000000
vt 0.000000 0.000000
vt 0.000000 0.000000
vt 0.000000 0.000000
vt 0.000000 0.000000
vt 0.000000 0.000000
vt 0.000000 0.000000
vt 0.000000 0.000000
vt 0.000000 0.000000
vt 0.000000 0.000000
vt 0.000000 0.000000
vt 0.000000 0.000000
vt 0.000000 0.000000
vt 0.000000 0.000000
vt 0.000000 0.000000
vt 0.000000 0.000000
vt 0.000000 0.000000
vt 0.000000 0.000000
vt 0.000000 0.000000
vt 0.000000 0.000000
vt 0.000000 0.000000
vt 0.000000 0.000000
vt 0.000000 0.000000
vt 0.000000 0.000000
vt 0.000000 0.000000
vt 0.000000 0.000000
vt 0.000000 0.000000
vt 0.000000 0.000000
vt 0.000000 0.000000
vt 0.000000 0.000000
vt 0.000000 0.000000
vt 0.000000 0.000000
vt 0.000000 0.000000
vt 0.000000 0.000000
vt 0.000000 0.000000
vt 0.000000 0.000000
vt 0.000000 0.000000
vt 0.000000 0.000000
vt 0.000000 0.000000
vt 0.000000 0.000000
vt 0.000000 0.000000
vt 0.000000 0.000000
vt 0.000000 0.000000
vt 0.000000 0.000000
vt 0.000000 0.000000
vt 0.000000 0.000000
vt 0.000000 0.000000
vt 0.000000 0.000000
vt 0.000000 0.000000
vt 0.000000 0.000000
vt 0.000000 0.000000
vt 0.000000 0.000000
vt 0.000000 0.000000
vt 0.000000 0.000000
vt 0.000000 0.000000
vt 0.000000 0.000000
vt 0.000000 0.000000
vt 0.000000 0.000000
vt 0.000000 0.000000
vt 0.000000 0.000000
vt 0.000000 0.000000
vt 0.000000 0.000000
vt 0.000000 0.000000
vt 0.000000 0.000000
vt 0.000000 0.000000
vt 0.000000 0.000000
vt 0.000000 0.000000
vt 0.000000 0.000000
vt 0.000000 0.000000
vt 0.000000 0.000000
vt 0.000000 0.000000
vt 0.000000 0.000000
vt 0.000000 0.000000
vt 0.000000 0.000000
vt 0.000000 0.000000
vt 0.000000 0.000000
vt 0.000000 0.000000
vt 0.000000 0.000000
vt 0.000000 0.000000
vt 0.000000 0.000000
vt 0.000000 0.000000
vt 0.000000 0.000000
vt 0.000000 0.000000
vt 0.000000 0.000000
vt 0.000000 0.000000
vt 0.000000 0.000000
vt 0.000000 0.000000
vt 0.000000 0.000000
vt 0.000000 0.000000
vt 0.000000 0.000000
vt 0.000000 0.000000
vt 0.000000 0.000000
vt 0.000000 0.000000
vt 0.000000 0.000000
vt 0.000000 0.000000
vt 0.000000 0.000000
vt 0.000000 0.000000
vt 0.000000 0.000000
vt 0.000000 0.000000
vt 0.000000 0.000000
vt 0.000000 0.000000
vt 0.000000 0.000000
vt 0.000000 0.000000
vt 0.000000 0.000000
vt 0.000000 0.000000
vt 0.000000 0.000000
vt 0.000000 0.000000
vt 0.000000 0.000000
vt 0.000000 0.000000
vt 0.000000 0.000000
vt 0.000000 0.000000
vt 0.000000 0.000000
vt 0.000000 0.000000
vt 0.000000 0.000000
vt 0.000000 0.000000
vt 0.000000 0.000000
vt 0.000000 0.000000
vt 0.000000 0.000000
vt 0.000000 0.000000
vt 0.000000 0.000000
vt 0.000000 0.000000
vt 0.000000 0.000000
vt 0.000000 0.000000
vt 0.000000 0.000000
vt 0.000000 0.000000
vt 0.000000 0.000000
vt 0.000000 0.000000
vt 0.000000 0.000000
vt 0.000000 0.000000
vt 0.000000 0.000000
vt 0.000000 0.000000
vt 0.000000 0.000000
vt 0.000000 0.000000
vt 0.000000 0.000000
vt 0.000000 0.000000
vt 0.000000 0.000000
vt 0.000000 0.000000
vt 0.000000 0.000000
vt 0.000000 0.000000
vt 0.000000 0.000000
vt 0.000000 0.000000
vt 0.000000 0.000000
vt 0.000000 0.000000
vt 0.000000 0.000000
vt 0.000000 0.000000
vt 0.000000 0.000000
vt 0.000000 0.000000
vt 0.000000 0.000000
vt 0.000000 0.000000
vt 0.000000 0.000000
vt 0.000000 0.000000
vt 0.000000 0.000000
vt 0.000000 0.000000
vt 0.000000 0.000000
vt 0.000000 0.000000
vt 0.000000 0.000000
vt 0.000000 0.000000
vt 0.000000 0.000000
vt 0.000000 0.000000
vt 0.000000 0.000000
vt 0.000000 0.000000
vt 0.000000 0.000000
vt 0.000000 0.000000
vt 0.000000 0.000000
vt 0.000000 0.000000
vt 0.000000 0.000000
vt 0.000000 0.000000
vt 0.000000 0.000000
vt 0.000000 0.000000
vt 0.000000 0.000000
vt 0.000000 0.000000
vt 0.000000 0.000000
vt 0.000000 0.000000
vt 0.000000 0.000000
vt 0.000000 0.000000
vt 0.000000 0.000000
vt 0.000000 0.000000
vt 0.000000 0.000000
vt 0.000000 0.000000
vt 0.000000 0.000000
vt 0.000000 0.000000
vt 0.000000 0.000000
vt 0.000000 0.000000
vt 0.000000 0.000000
vt 0.000000 0.000000
vt 0.000000 0.000000
vt 0.000000 0.000000
vt 0.000000 0.000000
vt 0.000000 0.000000
vt 0.000000 0.000000
vt 0.000000 0.000000
vt 0.000000 0.000000
vt 0.000000 0.000000
vt 0.000000 0.000000
vt 0.000000 0.000000
vt 0.000000 0.000000
vt 0.000000 0.000000
vt 0.000000 0.000000
vt 0.000000 0.000000
vt 0.000000 0.000000
vt 0.000000 0.000000
vt 0.000000 0.000000
vt 0.000000 0.000000
vt 0.000000 0.000000
vt 0.000000 0.000000
vt 0.000000 0.000000
vt 0.000000 0.000000
vt 0.000000 0.000000
vt 0.000000 0.000000
vt 0.000000 0.000000
vt 0.000000 0.000000
vt 0.000000 0.000000
vt 0.000000 0.000000
vt 0.000000 0.000000
vt 0.000000 0.000000
vt 0.000000 0.000000
vt 0.000000 0.000000
vt 0.000000 0.000000
vt 0.000000 0.000000
vt 0.000000 0.000000
vt 0.000000 0.000000
vt 0.000000 0.000000
vt 0.000000 0.000000
vt 0.000000 0.000000
vt 0.000000 0.000000
vt 0.000000 0.000000
vt 0.000000 0.000000
vt 0.000000 0.000000
vt 0.000000 0.000000
vt 0.000000 0.000000
vt 0.000000 0.000000
vt 0.000000 0.000000
vt 0.000000 0.000000
vt 0.000000 0.000000
vt 0.000000 0.000000
vt 0.000000 0.000000
vt 0.000000 0.000000
vt 0.000000 0.000000
vt 0.000000 0.000000
vt 0.000000 0.000000
vt 0.000000 0.000000
vt 0.000000 0.000000
vt 0.000000 0.000000
vt 0.000000 0.000000
vt 0.000000 0.000000
vt 0.000000 0.000000
vt 0.000000 0.000000
vt 0.000000 0.000000
vt 0.000000 0.000000
vt 0.000000 0.000000
vt 0.000000 0.000000
vt 0.000000 0.000000
vt 0.000000 0.000000
vt 0.000000 0.000000
vt 0.000000 0.000000
vt 0.000000 0.000000
vt 0.000000 0.000000
vt 0.000000 0.000000
vt 0.000000 0.000000
vt 0.000000 0.000000
vt 0.000000 0.000000
vt 0.000000 0.000000
vt 0.000000 0.000000
vt 0.000000 0.000000
vt 0.000000 0.000000
vt 0.000000 0.000000
vt 0.000000 0.000000
vt 0.000000 0.000000
vt 0.000000 0.000000
vt 0.000000 0.000000
vt 0.000000 0.000000
vt 0.000000 0.000000
vt 0.000000 0.000000
vt 0.000000 0.000000
vt 0.000000 0.000000
vt 0.000000 0.000000
vt 0.000000 0.000000
vt 0.000000 0.000000
vt 0.000000 0.000000
vt 0.000000 0.000000
vt 0.000000 0.000000
vt 0.000000 0.000000
vt 0.000000 0.000000
vt 0.000000 0.000000
vt 0.000000 0.000000
vt 0.000000 0.000000
vt 0.000000 0.000000
vt 0.000000 0.000000
vt 0.000000 0.000000
vt 0.000000 0.000000
vt 0.000000 0.000000
vt 0.000000 0.000000
vt 0.000000 0.000000
vt 0.000000 0.000000
vt 0.000000 0.000000
vt 0.000000 0.000000
vt 0.000000 0.000000
vt 0.000000 0.000000
vt 0.000000 0.000000
vt 0.000000 0.000000
vt 0.000000 0.000000
vt 0.000000 0.000000
vt 0.000000 0.000000
vt 0.000000 0.000000
vt 0.000000 0.000000
vt 0.000000 0.000000
vt 0.000000 0.000000
vt 0.000000 0.000000
vt 0.000000 0.000000
vt 0.000000 0.000000
vt 0.000000 0.000000
vt 0.000000 0.000000
vt 0.000000 0.000000
vt 0.000000 0.000000
vt 0.000000 0.000000
vt 0.000000 0.000000
vt 0.000000 0.000000
vt 0.000000 0.000000
vt 0.000000 0.000000
vt 0.000000 0.000000
vt 0.000000 0.000000
vt 0.000000 0.000000
vt 0.000000 0.000000
vt 0.000000 0.000000
vt 0.000000 0.000000
vt 0.000000 0.000000
vt 0.000000 0.000000
vt 0.000000 0.000000
vt 0.000000 0.000000
vt 0.000000 0.000000
vt 0.000000 0.000000
vt 0.000000 0.000000
vt 0.000000 0.000000
vt 0.000000 0.000000
vt 0.000000 0.000000
vt 0.000000 0.000000
vt 0.000000 0.000000
vt 0.000000 0.000000
vt 0.000000 0.000000
vt 0.000000 0.000000
vt 0.000000 0.000000
vt 0.000000 0.000000
vt 0.000000 0.000000
vt 0.000000 0.000000
vt 0.000000 0.000000
vt 0.000000 0.000000
vt 0.000000 0.000000
vt 0.000000 0.000000
vt 0.000000 0.000000
vt 0.000000 0.000000
vt 0.000000 0.000000
vt 0.000000 0.000000
vt 0.000000 0.000000
vt 0.000000 0.000000
vt 0.000000 0.000000
vt 0.000000 0.000000
vt 0.000000 0.000000
vt 0.000000 0.000000
vt 0.000000 0.000000
vt 0.000000 0.000000
vt 0.000000 0.000000
vt 0.000000 0.000000
vt 0.000000 0.000000
vt 0.000000 0.000000
vt 0.000000 0.000000
vt 0.000000 0.000000
vt 0.000000 0.000000
vt 0.000000 0.000000
vt 0.000000 0.000000
vt 0.000000 0.000000
vt 0.000000 0.000000
vt 0.000000 0.000000
vt 0.000000 0.000000
vt 0.000000 0.000000
vt 0.000000 0.000000
vt 0.000000 0.000000
vt 0.000000 0.000000
vt 0.000000 0.000000
vt 0.000000 0.000000
vt 0.000000 0.000000
vt 0.000000 0.000000
vt 0.000000 0.000000
vt 0.000000 0.000000
vt 0.000000 0.000000
vt 0.000000 0.000000
vt 0.000000 0.000000
vt 0.000000 0.000000
vt 0.000000 0.000000
vt 0.000000 0.000000
vt 0.000000 0.000000
vt 0.000000 0.000000
vt 0.000000 0.000000
vt 0.000000 0.000000
vt 0.000000 0.000000
vt 0.000000 0.000000
vt 0.000000 0.000000
vt 0.000000 0.000000
vt 0.000000 0.000000
vt 0.000000 0.000000
vt 0.000000 0.000000
vt 0.000000 0.000000
vt 0.000000 0.000000
vt 0.000000 0.000000
vt 0.000000 0.000000
vt 0.000000 0.000000
vt 0.000000 0.000000
vt 0.000000 0.000000
vt 0.000000 0.000000
vt 0.000000 0.000000
vt 0.000000 0.000000
vt 0.000000 0.000000
vt 0.000000 0.000000
vt 0.000000 0.000000
vt 0.000000 0.000000
vt 0.000000 0.000000
vt 0.000000 0.000000
vt 0.000000 0.000000
vt 0.000000 0.000000
vt 0.000000 0.000000
vt 0.000000 0.000000
vt 0.000000 0.000000
vt 0.000000 0.000000
vt 0.000000 0.000000
vt 0.000000 0.000000
vt 0.000000 0.000000
vt 0.000000 0.000000
vt 0.000000 0.000000
vt 0.000000 0.000000
vt 0.000000 0.000000
vt 0.000000 0.000000
vt 0.000000 0.000000
vt 0.000000 0.000000
vt 0.000000 0.000000
vt 0.000000 0.000000
vt 0.000000 0.000000
vt 0.000000 0.000000
vt 0.000000 0.000000
vt 0.000000 0.000000
vt 0.000000 0.000000
vt 0.000000 0.000000
vt 0.000000 0.000000
vt 0.000000 0.000000
vt 0.000000 0.000000
vt 0.000000 0.000000
vt 0.000000 0.000000
vt 0.000000 0.000000
vt 0.000000 0.000000
vt 0.000000 0.000000
vt 0.000000 0.000000
vt 0.000000 0.000000
vt 0.000000 0.000000
vt 0.000000 0.000000
vt 0.000000 0.000000
vt 0.000000 0.000000
vt 0.000000 0.000000
vt 0.000000 0.000000
vt 0.000000 0.000000
vt 0.000000 0.000000
vt 0.000000 0.000000
vt 0.000000 0.000000
vt 0.000000 0.000000
vt 0.000000 0.000000
vt 0.000000 0.000000
vt 0.000000 0.000000
vt 0.000000 0.000000
vt 0.000000 0.000000
vt 0.000000 0.000000
vt 0.000000 0.000000
vt 0.000000 0.000000
vt 0.000000 0.000000
vt 0.000000 0.000000
vt 0.000000 0.000000
vt 0.000000 0.000000
vt 0.000000 0.000000
vt 0.000000 0.000000
vt 0.000000 0.000000
vt 0.000000 0.000000
vt 0.000000 0.000000
vt 0.000000 0.000000
vt 0.000000 0.000000
vt 0.000000 0.000000
vt 0.000000 0.000000
vt 0.000000 0.000000
vt 0.000000 0.000000
vt 0.000000 0.000000
vt 0.000000 0.000000
vt 0.000000 0.000000
vt 0.000000 0.000000
vt 0.000000 0.000000
vt 0.000000 0.000000
vt 0.000000 0.000000
vt 0.000000 0.000000
vt 0.000000 0.000000
vt 0.000000 0.000000
vt 0.000000 0.000000
vt 0.000000 0.000000
vt 0.000000 0.000000
vt 0.000000 0.000000
vt 0.000000 0.000000
vt 0.000000 0.000000
vt 0.000000 0.000000
vt 0.000000 0.000000
vt 0.000000 0.000000
vt 0.000000 0.000000
vt 0.000000 0.000000
vt 0.000000 0.000000
vt 0.000000 0.000000
vt 0.000000 0.000000
vt 0.000000 0.000000
vt 0.000000 0.000000
vt 0.000000 0.000000
vt 0.000000 0.000000
vt 0.000000 0.000000
vt 0.000000 0.000000
vt 0.000000 0.000000
vt 0.000000 0.000000
vt 0.000000 0.000000
vt 0.000000 0.000000
vt 0.000000 0.000000
vt 0.000000 0.000000
vt 0.000000 0.000000
vt 0.000000 0.000000
vt 0.000000 0.000000
vt 0.000000 0.000000
vt 0.000000 0.000000
vt 0.000000 0.000000
vt 0.000000 0.000000
vt 0.000000 0.000000
vt 0.000000 0.000000
vt 0.000000 0.000000
vt 0.000000 0.000000
vt 0.000000 0.000000
vt 0.000000 0.000000
vt 0.000000 0.000000
vt 0.000000 0.000000
vt 0.000000 0.000000
vt 0.000000 0.000000
vt 0.000000 0.000000
vt 0.000000 0.000000
vt 0.000000 0.000000
vt 0.000000 0.000000
vt 0.000000 0.000000
vt 0.000000 0.000000
vt 0.000000 0.000000
vt 0.000000 0.000000
vt 0.000000 0.000000
vt 0.000000 0.000000
vt 0.000000 0.000000
vt 0.000000 0.000000
vt 0.000000 0.000000
vt 0.000000 0.000000
vt 0.000000 0.000000
vt 0.000000 0.000000
vt 0.000000 0.000000
vt 0.000000 0.000000
vt 0.000000 0.000000
vt 0.000000 0.000000
vt 0.000000 0.000000
vt 0.000000 0.000000
vt 0.000000 0.000000
vt 0.000000 0.000000
vt 0.000000 0.000000
vt 0.000000 0.000000
vt 0.000000 0.000000
vt 0.000000 0.000000
vt 0.000000 0.000000
vt 0.000000 0.000000
vt 0.000000 0.000000
vt 0.000000 0.000000
vt 0.000000 0.000000
vt 0.000000 0.000000
vt 0.000000 0.000000
vt 0.000000 0.000000
vt 0.000000 0.000000
vt 0.000000 0.000000
vt 0.000000 0.000000
vt 0.000000 0.000000
vt 0.000000 0.000000
vt 0.000000 0.000000
vt 0.000000 0.000000
vt 0.000000 0.000000
vt 0.000000 0.000000
vt 0.000000 0.000000
vt 0.000000 0.000000
vt 0.000000 0.000000
vt 0.000000 0.000000
vt 0.000000 0.000000
vt 0.000000 0.000000
vt 0.000000 0.000000
vt 0.000000 0.000000
vt 0.000000 0.000000
vt 0.000000 0.000000
vt 0.000000 0.000000
vt 0.000000 0.000000
vt 0.000000 0.000000
vt 0.000000 0.000000
vt 0.000000 0.000000
vt 0.000000 0.000000
vt 0.000000 0.000000
vt 0.000000 0.000000
vt 0.000000 0.000000
vt 0.000000 0.000000
vt 0.000000 0.000000
vt 0.000000 0.000000
vt 0.000000 0.000000
vt 0.000000 0.000000
vt 0.000000 0.000000
vt 0.000000 0.000000
vt 0.000000 0.000000
vt 0.000000 0.000000
vt 0.000000 0.000000
vt 0.000000 0.000000
vt 0.000000 0.000000
vt 0.000000 0.000000
vt 0.000000 0.000000
vt 0.000000 0.000000
vt 0.000000 0.000000
vt 0.000000 0.000000
vt 0.000000 0.000000
vt 0.000000 0.000000
vt 0.000000 0.000000
vt 0.000000 0.000000
vt 0.000000 0.000000
vt 0.000000 0.000000
vt 0.000000 0.000000
vt 0.000000 0.000000
vt 0.000000 0.000000
vt 0.000000 0.000000
vt 0.000000 0.000000
vt 0.000000 0.000000
vt 0.000000 0.000000
vt 0.000000 0.000000
vt 0.000000 0.000000
vt 0.000000 0.000000
vt 0.000000 0.000000
vt 0.000000 0.000000
vt 0.000000 0.000000
vt 0.000000 0.000000
vt 0.000000 0.000000
vt 0.000000 0.000000
vt 0.000000 0.000000
vt 0.000000 0.000000
vt 0.000000 0.000000
vt 0.000000 0.000000
vt 0.000000 0.000000
vt 0.000000 0.000000
vt 0.000000 0.000000
vt 0.000000 0.000000
vt 0.000000 0.000000
vt 0.000000 0.000000
vt 0.000000 0.000000
vt 0.000000 0.000000
vt 0.000000 0.000000
vt 0.000000 0.000000
vt 0.000000 0.000000
vt 0.000000 0.000000
vt 0.000000 0.000000
vt 0.000000 0.000000
vt 0.000000 0.000000
vt 0.000000 0.000000
vt 0.000000 0.000000
vt 0.000000 0.000000
vt 0.000000 0.000000
vt 0.000000 0.000000
vt 0.000000 0.000000
vt 0.000000 0.000000
vt 0.000000 0.000000
vt 0.000000 0.000000
vt 0.000000 0.000000
vt 0.000000 0.000000
vt 0.000000 0.000000
vt 0.000000 0.000000
vt 0.000000 0.000000
vt 0.000000 0.000000
vt 0.000000 0.000000
vt 0.000000 0.000000
vt 0.000000 0.000000
vt 0.000000 0.000000
vt 0.000000 0.000000
vt 0.000000 0.000000
vt 0.000000 0.000000
vt 0.000000 0.000000
vt 0.000000 0.000000
vt 0.000000 0.000000
vt 0.000000 0.000000
vt 0.000000 0.000000
vt 0.000000 0.000000
vt 0.000000 0.000000
vt 0.000000 0.000000
vt 0.000000 0.000000
vt 0.000000 0.000000
vt 0.000000 0.000000
vt 0.000000 0.000000
vt 0.000000 0.000000
vt 0.000000 0.000000
vt 0.000000 0.000000
vt 0.000000 0.000000
vt 0.000000 0.000000
vt 0.000000 0.000000
vt 0.000000 0.000000
vt 0.000000 0.000000
vt 0.000000 0.000000
vt 0.000000 0.000000
vt 0.000000 0.000000
vt 0.000000 0.000000
vt 0.000000 0.000000
vt 0.000000 0.000000
vt 0.000000 0.000000
vt 0.000000 0.000000
vt 0.000000 0.000000
vt 0.000000 0.000000
vt 0.000000 0.000000
vt 0.000000 0.000000
vt 0.000000 0.000000
vt 0.000000 0.000000
vt 0.000000 0.000000
vt 0.000000 0.000000
vt 0.000000 0.000000
vt 0.000000 0.000000
vt 0.000000 0.000000
vt 0.000000 0.000000
vt 0.000000 0.000000
vt 0.000000 0.000000
vt 0.000000 0.000000
vt 0.000000 0.000000
vt 0.000000 0.000000
vt 0.000000 0.000000
vt 0.000000 0.000000
vt 0.000000 0.000000
vt 0.000000 0.000000
vt 0.000000 0.000000
vt 0.000000 0.000000
vt 0.000000 0.000000
vt 0.000000 0.000000
vt 0.000000 0.000000
vt 0.000000 0.000000
vt 0.000000 0.000000
vt 0.000000 0.000000
vt 0.000000 0.000000
vt 0.000000 0.000000
vt 0.000000 0.000000
vt 0.000000 0.000000
vt 0.000000 0.000000
vt 0.000000 0.000000
vt 0.000000 0.000000
vt 0.000000 0.000000
vt 0.000000 0.000000
vt 0.000000 0.000000
vt 0.000000 0.000000
vt 0.000000 0.000000
vt 0.000000 0.000000
vt 0.000000 0.000000
vt 0.000000 0.000000
vt 0.000000 0.000000
vt 0.000000 0.000000
vt 0.000000 0.000000
vt 0.000000 0.000000
vt 0.000000 0.000000
vt 0.000000 0.000000
vt 0.000000 0.000000
vt 0.000000 0.000000
vt 0.000000 0.000000
vt 0.000000 0.000000
vt 0.000000 0.000000
vt 0.000000 0.000000
vt 0.000000 0.000000
vt 0.000000 0.000000
vt 0.000000 0.000000
vt 0.000000 0.000000
vt 0.000000 0.000000
vt 0.000000 0.000000
vt 0.000000 0.000000
vt 0.000000 0.000000
vt 0.000000 0.000000
vt 0.000000 0.000000
vt 0.000000 0.000000
vt 0.000000 0.000000
vt 0.000000 0.000000
vt 0.000000 0.000000
vt 0.000000 0.000000
vt 0.000000 0.000000
vt 0.000000 0.000000
vt 0.000000 0.000000
vt 0.000000 0.000000
vt 0.000000 0.000000
vt 0.000000 0.000000
vt 0.000000 0.000000
vt 0.000000 0.000000
vt 0.000000 0.000000
vt 0.000000 0.000000
vt 0.000000 0.000000
vt 0.000000 0.000000
vt 0.000000 0.000000
vt 0.000000 0.000000
vt 0.000000 0.000000
vt 0.000000 0.000000
vt 0.000000 0.000000
vt 0.000000 0.000000
vt 0.000000 0.000000
vt 0.000000 0.000000
vt 0.000000 0.000000
vt 0.000000 0.000000
vt 0.000000 0.000000
vt 0.000000 0.000000
vt 0.000000 0.000000
vt 0.000000 0.000000
vt 0.000000 0.000000
vt 0.000000 0.000000
vt 0.000000 0.000000
vt 0.000000 0.000000
vt 0.000000 0.000000
vt 0.000000 0.000000
vt 0.000000 0.000000
vt 0.000000 0.000000
vt 0.000000 0.000000
vt 0.000000 0.000000
vt 0.000000 0.000000
vt 0.000000 0.000000
vt 0.000000 0.000000
vt 0.000000 0.000000
vt 0.000000 0.000000
vt 0.000000 0.000000
vt 0.000000 0.000000
vt 0.000000 0.000000
vt 0.000000 0.000000
vt 0.000000 0.000000
vt 0.000000 0.000000
vt 0.000000 0.000000
vt 0.000000 0.000000
vt 0.000000 0.000000
vt 0.000000 0.000000
vt 0.000000 0.000000
vt 0.000000 0.000000
vt 0.000000 0.000000
vt 0.000000 0.000000
vt 0.000000 0.000000
vt 0.000000 0.000000
vt 0.000000 0.000000
vt 0.000000 0.000000
vt 0.000000 0.000000
vt 0.000000 0.000000
vt 0.000000 0.000000
vt 0.000000 0.000000
vt 0.000000 0.000000
vt 0.000000 0.000000
vt 0.000000 0.000000
vt 0.000000 0.000000
vt 0.000000 0.000000
vt 0.000000 0.000000
vt 0.000000 0.000000
vt 0.000000 0.000000
vt 0.000000 0.000000
vt 0.000000 0.000000
vt 0.000000 0.000000
vt 0.000000 0.000000
vt 0.000000 0.000000
vt 0.000000 0.000000
vt 0.000000 0.000000
vt 0.000000 0.000000
vt 0.000000 0.000000
vt 0.000000 0.000000
vt 0.000000 0.000000
vt 0.000000 0.000000
vt 0.000000 0.000000
vt 0.000000 0.000000
vt 0.000000 0.000000
vt 0.000000 0.000000
vt 0.000000 0.000000
vt 0.000000 0.000000
vt 0.000000 0.000000
vt 0.000000 0.000000
vt 0.000000 0.000000
vt 0.000000 0.000000
vt 0.000000 0.000000
vt 0.000000 0.000000
vt 0.000000 0.000000
vt 0.000000 0.000000
vt 0.000000 0.000000
vt 0.000000 0.000000
vt 0.000000 0.000000
vt 0.000000 0.000000
vt 0.000000 0.000000
vt 0.000000 0.000000
vt 0.000000 0.000000
vt 0.000000 0.000000
vt 0.000000 0.000000
vt 0.000000 0.000000
vt 0.000000 0.000000
vt 0.000000 0.000000
vt 0.000000 0.000000
vt 0.000000 0.000000
vt 0.000000 0.000000
vt 0.000000 0.000000
vt 0.000000 0.000000
vt 0.000000 0.000000
vt 0.000000 0.000000
vt 0.000000 0.000000
vt 0.000000 0.000000
vt 0.000000 0.000000
vt 0.000000 0.000000
vt 0.000000 0.000000
vt 0.000000 0.000000
vt 0.000000 0.000000
vt 0.000000 0.000000
vt 0.000000 0.000000
vt 0.000000 0.000000
vt 0.000000 0.000000
vt 0.000000 0.000000
vt 0.000000 0.000000
vt 0.000000 0.000000
vt 0.000000 0.000000
vt 0.000000 0.000000
vt 0.000000 0.000000
vt 0.000000 0.000000
vt 0.000000 0.000000
vt 0.000000 0.000000
vt 0.000000 0.000000
vt 0.000000 0.000000
vt 0.000000 0.000000
vt 0.000000 0.000000
vt 0.000000 0.000000
vt 0.000000 0.000000
vt 0.000000 0.000000
vt 0.000000 0.000000
vt 0.000000 0.000000
vt 0.000000 0.000000
vt 0.000000 0.000000
vt 0.000000 0.000000
vt 0.000000 0.000000
vt 0.000000 0.000000
vt 0.000000 0.000000
vt 0.000000 0.000000
vt 0.000000 0.000000
vt 0.000000 0.000000
vt 0.000000 0.000000
vt 0.000000 0.000000
vt 0.000000 0.000000
vt 0.000000 0.000000
vt 0.000000 0.000000
vt 0.000000 0.000000
vt 0.000000 0.000000
vt 0.000000 0.000000
vt 0.000000 0.000000
vt 0.000000 0.000000
vt 0.000000 0.000000
vt 0.000000 0.000000
vt 0.000000 0.000000
vt 0.000000 0.000000
vt 0.000000 0.000000
vt 0.000000 0.000000
vt 0.000000 0.000000
vt 0.000000 0.000000
vt 0.000000 0.000000
vt 0.000000 0.000000
vt 0.000000 0.000000
vt 0.000000 0.000000
vt 0.000000 0.000000
vt 0.000000 0.000000
vt 0.000000 0.000000
vt 0.000000 0.000000
vt 0.000000 0.000000
vt 0.000000 0.000000
vt 0.000000 0.000000
vt 0.000000 0.000000
vt 0.000000 0.000000
vt 0.000000 0.000000
vt 0.000000 0.000000
vt 0.000000 0.000000
vt 0.000000 0.000000
vt 0.000000 0.000000
vt 0.000000 0.000000
vt 0.000000 0.000000
vt 0.000000 0.000000
vt 0.000000 0.000000
vt 0.000000 0.000000
vt 0.000000 0.000000
vt 0.000000 0.000000
vt 0.000000 0.000000
vt 0.000000 0.000000
vt 0.000000 0.000000
vt 0.000000 0.000000
vt 0.000000 0.000000
vt 0.000000 0.000000
vt 0.000000 0.000000
vt 0.000000 0.000000
vt 0.000000 0.000000
vt 0.000000 0.000000
vt 0.000000 0.000000
vt 0.000000 0.000000
vt 0.000000 0.000000
vt 0.000000 0.000000
vt 0.000000 0.000000
vt 0.000000 0.000000
vt 0.000000 0.000000
vt 0.000000 0.000000
vt 0.000000 0.000000
vt 0.000000 0.000000
vt 0.000000 0.000000
vt 0.000000 0.000000
vt 0.000000 0.000000
vt 0.000000 0.000000
vt 0.000000 0.000000
vt 0.000000 0.000000
vt 0.000000 0.000000
vt 0.000000 0.000000
vt 0.000000 0.000000
vt 0.000000 0.000000
vt 0.000000 0.000000
vt 0.000000 0.000000
vt 0.000000 0.000000
vt 0.000000 0.000000
vt 0.000000 0.000000
vt 0.000000 0.000000
vt 0.000000 0.000000
vt 0.000000 0.000000
vt 0.000000 0.000000
vt 0.000000 0.000000
vt 0.000000 0.000000
vt 0.000000 0.000000
vt 0.000000 0.000000
vt 0.000000 0.000000
vt 0.000000 0.000000
vt 0.000000 0.000000
vt 0.000000 0.000000
vt 0.000000 0.000000
vt 0.000000 0.000000
vt 0.000000 0.000000
vt 0.000000 0.000000
vt 0.000000 0.000000
vt 0.000000 0.000000
vt 0.000000 0.000000
vt 0.000000 0.000000
vt 0.000000 0.000000
vt 0.000000 0.000000
vt 0.000000 0.000000
vt 0.000000 0.000000
vt 0.000000 0.000000
vt 0.000000 0.000000
vt 0.000000 0.000000
vt 0.000000 0.000000
vt 0.000000 0.000000
vt 0.000000 0.000000
vt 0.000000 0.000000
vt 0.000000 0.000000
vt 0.000000 0.000000
vt 0.000000 0.000000
vt 0.000000 0.000000
vt 0.000000 0.000000
vt 0.000000 0.000000
vt 0.000000 0.000000
vt 0.000000 0.000000
vt 0.000000 0.000000
vt 0.000000 0.000000
vt 0.000000 0.000000
vt 0.000000 0.000000
vt 0.000000 0.000000
vt 0.000000 0.000000
vt 0.000000 0.000000
vt 0.000000 0.000000
vt 0.000000 0.000000
vt 0.000000 0.000000
vt 0.000000 0.000000
vt 0.000000 0.000000
vt 0.000000 0.000000
vt 0.000000 0.000000
vt 0.000000 0.000000
vt 0.000000 0.000000
vt 0.000000 0.000000
vt 0.000000 0.000000
vt 0.000000 0.000000
vt 0.000000 0.000000
vt 0.000000 0.000000
vt 0.000000 0.000000
vt 0.000000 0.000000
vt 0.000000 0.000000
vt 0.000000 0.000000
vt 0.000000 0.000000
vt 0.000000 0.000000
vt 0.000000 0.000000
vt 0.000000 0.000000
vt 0.000000 0.000000
vt 0.000000 0.000000
vt 0.000000 0.000000
vt 0.000000 0.000000
vt 0.000000 0.000000
vt 0.000000 0.000000
vt 0.000000 0.000000
vt 0.000000 0.000000
vt 0.000000 0.000000
vt 0.000000 0.000000
vt 0.000000 0.000000
vt 0.000000 0.000000
vt 0.000000 0.000000
vt 0.000000 0.000000
vt 0.000000 0.000000
vt 0.000000 0.000000
vt 0.000000 0.000000
vt 0.000000 0.000000
vt 0.000000 0.000000
vt 0.000000 0.000000
vt 0.000000 0.000000
vt 0.000000 0.000000
vt 0.000000 0.000000
vt 0.000000 0.000000
vt 0.000000 0.000000
vt 0.000000 0.000000
vt 0.000000 0.000000
vt 0.000000 0.000000
vt 0.000000 0.000000
vt 0.000000 0.000000
vt 0.000000 0.000000
vt 0.000000 0.000000
vt 0.000000 0.000000
vt 0.000000 0.000000
vt 0.000000 0.000000
vt 0.000000 0.000000
vt 0.000000 0.000000
vt 0.000000 0.000000
vt 0.000000 0.000000
vt 0.000000 0.000000
vt 0.000000 0.000000
vt 0.000000 0.000000
vt 0.000000 0.000000
vt 0.000000 0.000000
vt 0.000000 0.000000
vt 0.000000 0.000000
vt 0.000000 0.000000
vt 0.000000 0.000000
vt 0.000000 0.000000
vt 0.000000 0.000000
vt 0.000000 0.000000
vt 0.000000 0.000000
vt 0.000000 0.000000
vt 0.000000 0.000000
vt 0.000000 0.000000
vt 0.000000 0.000000
vt 0.000000 0.000000
vt 0.000000 0.000000
vt 0.000000 0.000000
vt 0.000000 0.000000
vt 0.000000 0.000000
vt 0.000000 0.000000
vt 0.000000 0.000000
vt 0.000000 0.000000
vt 0.000000 0.000000
vt 0.000000 0.000000
vt 0.000000 0.000000
vt 0.000000 0.000000
vt 0.000000 0.000000
vt 0.000000 0.000000
vt 0.000000 0.000000
vt 0.000000 0.000000
vt 0.000000 0.000000
vt 0.000000 0.000000
vt 0.000000 0.000000
vt 0.000000 0.000000
vt 0.000000 0.000000
vt 0.000000 0.000000
vt 0.000000 0.000000
vt 0.000000 0.000000
vt 0.000000 0.000000
vt 0.000000 0.000000
vt 0.000000 0.000000
vt 0.000000 0.000000
vt 0.000000 0.000000
vt 0.000000 0.000000
vt 0.000000 0.000000
vt 0.000000 0.000000
vt 0.000000 0.000000
vt 0.000000 0.000000
vt 0.000000 0.000000
vt 0.000000 0.000000
vt 0.000000 0.000000
vt 0.000000 0.000000
vt 0.000000 0.000000
vt 0.000000 0.000000
vt 0.000000 0.000000
vt 0.000000 0.000000
vt 0.000000 0.000000
vt 0.000000 0.000000
vt 0.000000 0.000000
vt 0.000000 0.000000
vt 0.000000 0.000000
vt 0.000000 0.000000
vt 0.000000 0.000000
vt 0.000000 0.000000
vt 0.000000 0.000000
vt 0.000000 0.000000
vt 0.000000 0.000000
vt 0.000000 0.000000
vt 0.000000 0.000000
vt 0.000000 0.000000
vt 0.000000 0.000000
vt 0.000000 0.000000
vt 0.000000 0.000000
vt 0.000000 0.000000
vt 0.000000 0.000000
vt 0.000000 0.000000
vt 0.000000 0.000000
vt 0.000000 0.000000
vt 0.000000 0.000000
vt 0.000000 0.000000
vt 0.000000 0.000000
vt 0.000000 0.000000
vt 0.000000 0.000000
vt 0.000000 0.000000
vt 0.000000 0.000000
vt 0.000000 0.000000
vt 0.000000 0.000000
vt 0.000000 0.000000
vt 0.000000 0.000000
vt 0.000000 0.000000
vt 0.000000 0.000000
vt 0.000000 0.000000
vt 0.000000 0.000000
vt 0.000000 0.000000
vt 0.000000 0.000000
vt 0.000000 0.000000
vt 0.000000 0.000000
vt 0.000000 0.000000
vt 0.000000 0.000000
vt 0.000000 0.000000
vt 0.000000 0.000000
vt 0.000000 0.000000
vt 0.000000 0.000000
vt 0.000000 0.000000
vt 0.000000 0.000000
vt 0.000000 0.000000
vt 0.000000 0.000000
vt 0.000000 0.000000
vt 0.000000 0.000000
vt 0.000000 0.000000
vt 0.000000 0.000000
vt 0.000000 0.000000
vt 0.000000 0.000000
vt 0.000000 0.000000
vt 0.000000 0.000000
vt 0.000000 0.000000
vt 0.000000 0.000000
vt 0.000000 0.000000
vt 0.000000 0.000000
vt 0.000000 0.000000
vt 0.000000 0.000000
vt 0.000000 0.000000
vt 0.000000 0.000000
vt 0.000000 0.000000
vt 0.000000 0.000000
vt 0.000000 0.000000
vt 0.000000 0.000000
vt 0.000000 0.000000
vt 0.000000 0.000000
vt 0.000000 0.000000
vt 0.000000 0.000000
vt 0.000000 0.000000
vt 0.000000 0.000000
vt 0.000000 0.000000
vt 0.000000 0.000000
vt 0.000000 0.000000
vt 0.000000 0.000000
vt 0.000000 0.000000
vt 0.000000 0.000000
vt 0.000000 0.000000
vt 0.000000 0.000000
vt 0.000000 0.000000
vt 0.000000 0.000000
vt 0.000000 0.000000
vt 0.000000 0.000000
vt 0.000000 0.000000
vt 0.000000 0.000000
vt 0.000000 0.000000
vt 0.000000 0.000000
vt 0.000000 0.000000
vt 0.000000 0.000000
vt 0.000000 0.000000
vt 0.000000 0.000000
vt 0.000000 0.000000
vt 0.000000 0.000000
vt 0.000000 0.000000
vt 0.000000 0.000000
vt 0.000000 0.000000
vt 0.000000 0.000000
vt 0.000000 0.000000
vt 0.000000 0.000000
vt 0.000000 0.000000
vt 0.000000 0.000000
vt 0.000000 0.000000
vt 0.000000 0.000000
vt 0.000000 0.000000
vt 0.000000 0.000000
vt 0.000000 0.000000
vt 0.000000 0.000000
vt 0.000000 0.000000
vt 0.000000 0.000000
vt 0.000000 0.000000
vt 0.000000 0.000000
vt 0.000000 0.000000
vt 0.000000 0.000000
vt 0.000000 0.000000
vt 0.000000 0.000000
vt 0.000000 0.000000
vt 0.000000 0.000000
vt 0.000000 0.000000
vt 0.000000 0.000000
vt 0.000000 0.000000
vt 0.000000 0.000000
vt 0.000000 0.000000
vt 0.000000 0.000000
vt 0.000000 0.000000
vt 0.000000 0.000000
vt 0.000000 0.000000
vt 0.000000 0.000000
vt 0.000000 0.000000
vt 0.000000 0.000000
vt 0.000000 0.000000
vt 0.000000 0.000000
vt 0.000000 0.000000
vt 0.000000 0.000000
vt 0.000000 0.000000
vt 0.000000 0.000000
vt 0.000000 0.000000
vt 0.000000 0.000000
vt 0.000000 0.000000
vt 0.000000 0.000000
vt 0.000000 0.000000
vt 0.000000 0.000000
vt 0.000000 0.000000
vt 0.000000 0.000000
vt 0.000000 0.000000
vt 0.000000 0.000000
vt 0.000000 0.000000
vt 0.000000 0.000000
vt 0.000000 0.000000
vt 0.000000 0.000000
vt 0.000000 0.000000
vt 0.000000 0.000000
vt 0.000000 0.000000
vt 0.000000 0.000000
vt 0.000000 0.000000
vt 0.000000 0.000000
vt 0.000000 0.000000
vt 0.000000 0.000000
vt 0.000000 0.000000
vt 0.000000 0.000000
vt 0.000000 0.000000
vt 0.000000 0.000000
vt 0.000000 0.000000
vt 0.000000 0.000000
vt 0.000000 0.000000
vt 0.000000 0.000000
vt 0.000000 0.000000
vt 0.000000 0.000000
vt 0.000000 0.000000
vt 0.000000 0.000000
vt 0.000000 0.000000
vt 0.000000 0.000000
vt 0.000000 0.000000
vt 0.000000 0.000000
vt 0.000000 0.000000
vt 0.000000 0.000000
vt 0.000000 0.000000
vt 0.000000 0.000000
vt 0.000000 0.000000
vt 0.000000 0.000000
vt 0.000000 0.000000
vt 0.000000 0.000000
vt 0.000000 0.000000
vt 0.000000 0.000000
vt 0.000000 0.000000
vt 0.000000 0.000000
vt 0.000000 0.000000
vt 0.000000 0.000000
vt 0.000000 0.000000
vt 0.000000 0.000000
vt 0.000000 0.000000
vt 0.000000 0.000000
vt 0.000000 0.000000
vt 0.000000 0.000000
vt 0.000000 0.000000
vt 0.000000 0.000000
vt 0.000000 0.000000
vt 0.000000 0.000000
vt 0.000000 0.000000
vt 0.000000 0.000000
vt 0.000000 0.000000
vt 0.000000 0.000000
vt 0.000000 0.000000
vt 0.000000 0.000000
vt 0.000000 0.000000
vt 0.000000 0.000000
vt 0.000000 0.000000
vt 0.000000 0.000000
vt 0.000000 0.000000
vt 0.000000 0.000000
vt 0.000000 0.000000
vt 0.000000 0.000000
vt 0.000000 0.000000
vt 0.000000 0.000000
vt 0.000000 0.000000
vt 0.000000 0.000000
vt 0.000000 0.000000
vt 0.000000 0.000000
vt 0.000000 0.000000
vt 0.000000 0.000000
vt 0.000000 0.000000
vt 0.000000 0.000000
vt 0.000000 0.000000
vt 0.000000 0.000000
vt 0.000000 0.000000
vt 0.000000 0.000000
vt 0.000000 0.000000
vt 0.000000 0.000000
vt 0.000000 0.000000
vt 0.000000 0.000000
vt 0.000000 0.000000
vt 0.000000 0.000000
vt 0.000000 0.000000
vt 0.000000 0.000000
vt 0.000000 0.000000
vt 0.000000 0.000000
vt 0.000000 0.000000
vt 0.000000 0.000000
vt 0.000000 0.000000
vt 0.000000 0.000000
vt 0.000000 0.000000
vt 0.000000 0.000000
vt 0.000000 0.000000
vt 0.000000 0.000000
vt 0.000000 0.000000
vt 0.000000 0.000000
vt 0.000000 0.000000
vt 0.000000 0.000000
vt 0.000000 0.000000
vt 0.000000 0.000000
vt 0.000000 0.000000
vt 0.000000 0.000000
vt 0.000000 0.000000
vt 0.000000 0.000000
vt 0.000000 0.000000
vt 0.000000 0.000000
vt 0.000000 0.000000
vt 0.000000 0.000000
vt 0.000000 0.000000
vt 0.000000 0.000000
vt 0.000000 0.000000
vt 0.000000 0.000000
vt 0.000000 0.000000
vt 0.000000 0.000000
vt 0.000000 0.000000
vt 0.000000 0.000000
vt 0.000000 0.000000
vt 0.000000 0.000000
vt 0.000000 0.000000
vt 0.000000 0.000000
vt 0.000000 0.000000
vt 0.000000 0.000000
vt 0.000000 0.000000
vt 0.000000 0.000000
vt 0.000000 0.000000
vt 0.000000 0.000000
vt 0.000000 0.000000
vt 0.000000 0.000000
vt 0.000000 0.000000
vt 0.000000 0.000000
vt 0.000000 0.000000
vt 0.000000 0.000000
vt 0.000000 0.000000
vt 0.000000 0.000000
vt 0.000000 0.000000
vt 0.000000 0.000000
vt 0.000000 0.000000
vt 0.000000 0.000000
vt 0.000000 0.000000
vt 0.000000 0.000000
vt 0.000000 0.000000
vt 0.000000 0.000000
vt 0.000000 0.000000
vt 0.000000 0.000000
vt 0.000000 0.000000
vt 0.000000 0.000000
vt 0.000000 0.000000
vt 0.000000 0.000000
vt 0.000000 0.000000
vt 0.000000 0.000000
vt 0.000000 0.000000
vt 0.000000 0.000000
vt 0.000000 0.000000
vt 0.000000 0.000000
vt 0.000000 0.000000
vt 0.000000 0.000000
vt 0.000000 0.000000
vt 0.000000 0.000000
vt 0.000000 0.000000
vt 0.000000 0.000000
vt 0.000000 0.000000
vt 0.000000 0.000000
vt 0.000000 0.000000
vt 0.000000 0.000000
vt 0.000000 0.000000
vt 0.000000 0.000000
vt 0.000000 0.000000
vt 0.000000 0.000000
vt 0.000000 0.000000
vt 0.000000 0.000000
vt 0.000000 0.000000
vt 0.000000 0.000000
vt 0.000000 0.000000
vt 0.000000 0.000000
vt 0.000000 0.000000
vt 0.000000 0.000000
vt 0.000000 0.000000
vt 0.000000 0.000000
vt 0.000000 0.000000
vt 0.000000 0.000000
vt 0.000000 0.000000
vt 0.000000 0.000000
vt 0.000000 0.000000
vt 0.000000 0.000000
vt 0.000000 0.000000
vt 0.000000 0.000000
vt 0.000000 0.000000
vt 0.000000 0.000000
vt 0.000000 0.000000
vt 0.000000 0.000000
vt 0.000000 0.000000
vt 0.000000 0.000000
vt 0.000000 0.000000
vt 0.000000 0.000000
vt 0.000000 0.000000
vt 0.000000 0.000000
vt 0.000000 0.000000
vt 0.000000 0.000000
vt 0.000000 0.000000
vt 0.000000 0.000000
vt 0.000000 0.000000
vt 0.000000 0.000000
vt 0.000000 0.000000
vt 0.000000 0.000000
vt 0.000000 0.000000
vt 0.000000 0.000000
vt 0.000000 0.000000
vt 0.000000 0.000000
vt 0.000000 0.000000
vt 0.000000 0.000000
vt 0.000000 0.000000
vt 0.000000 0.000000
vt 0.000000 0.000000
vt 0.000000 0.000000
vt 0.000000 0.000000
vt 0.000000 0.000000
vt 0.000000 0.000000
vt 0.000000 0.000000
vt 0.000000 0.000000
vt 0.000000 0.000000
vt 0.000000 0.000000
vt 0.000000 0.000000
vt 0.000000 0.000000
vt 0.000000 0.000000
vt 0.000000 0.000000
vt 0.000000 0.000000
vt 0.000000 0.000000
vt 0.000000 0.000000
vt 0.000000 0.000000
vt 0.000000 0.000000
vt 0.000000 0.000000
vt 0.000000 0.000000
vt 0.000000 0.000000
vt 0.000000 0.000000
vt 0.000000 0.000000
vt 0.000000 0.000000
vt 0.000000 0.000000
vt 0.000000 0.000000
vt 0.000000 0.000000
vt 0.000000 0.000000
vt 0.000000 0.000000
vt 0.000000 0.000000
vt 0.000000 0.000000
vt 0.000000 0.000000
vt 0.000000 0.000000
vt 0.000000 0.000000
vt 0.000000 0.000000
vt 0.000000 0.000000
vt 0.000000 0.000000
vt 0.000000 0.000000
vt 0.000000 0.000000
vt 0.000000 0.000000
vt 0.000000 0.000000
vt 0.000000 0.000000
vt 0.000000 0.000000
vt 0.000000 0.000000
vt 0.000000 0.000000
vt 0.000000 0.000000
vt 0.000000 0.000000
vt 0.000000 0.000000
vt 0.000000 0.000000
vt 0.000000 0.000000
vt 0.000000 0.000000
vt 0.000000 0.000000
vt 0.000000 0.000000
vt 0.000000 0.000000
vt 0.000000 0.000000
vt 0.000000 0.000000
vt 0.000000 0.000000
vt 0.000000 0.000000
vt 0.000000 0.000000
vt 0.000000 0.000000
vt 0.000000 0.000000
vt 0.000000 0.000000
vt 0.000000 0.000000
vt 0.000000 0.000000
vt 0.000000 0.000000
vt 0.000000 0.000000
vt 0.000000 0.000000
vt 0.000000 0.000000
vt 0.000000 0.000000
vt 0.000000 0.000000
vt 0.000000 0.000000
vt 0.000000 0.000000
vt 0.000000 0.000000
vt 0.000000 0.000000
vt 0.000000 0.000000
vt 0.000000 0.000000
vt 0.000000 0.000000
vt 0.000000 0.000000
vt 0.000000 0.000000
vt 0.000000 0.000000
vt 0.000000 0.000000
vt 0.000000 0.000000
vt 0.000000 0.000000
vt 0.000000 0.000000
vt 0.000000 0.000000
vt 0.000000 0.000000
vt 0.000000 0.000000
vt 0.000000 0.000000
vt 0.000000 0.000000
vt 0.000000 0.000000
vt 0.000000 0.000000
vt 0.000000 0.000000
vt 0.000000 0.000000
vt 0.000000 0.000000
vt 0.000000 0.000000
vt 0.000000 0.000000
vt 0.000000 0.000000
vt 0.000000 0.000000
vt 0.000000 0.000000
vt 0.000000 0.000000
vt 0.000000 0.000000
vt 0.000000 0.000000
vt 0.000000 0.000000
vt 0.000000 0.000000
vt 0.000000 0.000000
vt 0.000000 0.000000
vt 0.000000 0.000000
vt 0.000000 0.000000
vt 0.000000 0.000000
vt 0.000000 0.000000
vt 0.000000 0.000000
vt 0.000000 0.000000
vt 0.000000 0.000000
vt 0.000000 0.000000
vt 0.000000 0.000000
vt 0.000000 0.000000
vt 0.000000 0.000000
vt 0.000000 0.000000
vt 0.000000 0.000000
vt 0.000000 0.000000
vt 0.000000 0.000000
vt 0.000000 0.000000
vt 0.000000 0.000000
vt 0.000000 0.000000
vt 0.000000 0.000000
vt 0.000000 0.000000
vt 0.000000 0.000000
vt 0.000000 0.000000
vt 0.000000 0.000000
vt 0.000000 0.000000
vt 0.000000 0.000000
vt 0.000000 0.000000
vt 0.000000 0.000000
vt 0.000000 0.000000
vt 0.000000 0.000000
vt 0.000000 0.000000
vt 0.000000 0.000000
vt 0.000000 0.000000
vt 0.000000 0.000000
vt 0.000000 0.000000
vt 0.000000 0.000000
vt 0.000000 0.000000
vt 0.000000 0.000000
vt 0.000000 0.000000
vt 0.000000 0.000000
vt 0.000000 0.000000
vt 0.000000 0.000000
vt 0.000000 0.000000
vt 0.000000 0.000000
vt 0.000000 0.000000
vt 0.000000 0.000000
vt 0.000000 0.000000
vt 0.000000 0.000000
vt 0.000000 0.000000
vt 0.000000 0.000000
vt 0.000000 0.000000
vt 0.000000 0.000000
vt 0.000000 0.000000
vt 0.000000 0.000000
vt 0.000000 0.000000
vt 0.000000 0.000000
vt 0.000000 0.000000
vt 0.000000 0.000000
vt 0.000000 0.000000
vt 0.000000 0.000000
vt 0.000000 0.000000
vt 0.000000 0.000000
vt 0.000000 0.000000
vt 0.000000 0.000000
vt 0.000000 0.000000
vt 0.000000 0.000000
vt 0.000000 0.000000
vt 0.000000 0.000000
vt 0.000000 0.000000
vt 0.000000 0.000000
vt 0.000000 0.000000
vt 0.000000 0.000000
vt 0.000000 0.000000
vt 0.000000 0.000000
vt 0.000000 0.000000
vt 0.000000 0.000000
vt 0.000000 0.000000
vt 0.000000 0.000000
vt 0.000000 0.000000
vt 0.000000 0.000000
vt 0.000000 0.000000
vt 0.000000 0.000000
vt 0.000000 0.000000
vt 0.000000 0.000000
vt 0.000000 0.000000
vt 0.000000 0.000000
vt 0.000000 0.000000
vt 0.000000 0.000000
vt 0.000000 0.000000
vt 0.000000 0.000000
vt 0.000000 0.000000
vt 0.000000 0.000000
vt 0.000000 0.000000
vt 0.000000 0.000000
vt 0.000000 0.000000
vt 0.000000 0.000000
vt 0.000000 0.000000
vt 0.000000 0.000000
vt 0.000000 0.000000
vt 0.000000 0.000000
vt 0.000000 0.000000
vt 0.000000 0.000000
vt 0.000000 0.000000
vt 0.000000 0.000000
vt 0.000000 0.000000
vt 0.000000 0.000000
vt 0.000000 0.000000
vt 0.000000 0.000000
vt 0.000000 0.000000
vt 0.000000 0.000000
vt 0.000000 0.000000
vt 0.000000 0.000000
vt 0.000000 0.000000
vt 0.000000 0.000000
vt 0.000000 0.000000
vt 0.000000 0.000000
vt 0.000000 0.000000
vt 0.000000 0.000000
vt 0.000000 0.000000
vt 0.000000 0.000000
vt 0.000000 0.000000
vt 0.000000 0.000000
vt 0.000000 0.000000
vt 0.000000 0.000000
vt 0.000000 0.000000
vt 0.000000 0.000000
vt 0.000000 0.000000
vt 0.000000 0.000000
vt 0.000000 0.000000
vt 0.000000 0.000000
vt 0.000000 0.000000
vt 0.000000 0.000000
vt 0.000000 0.000000
vt 0.000000 0.000000
vt 0.000000 0.000000
vt 0.000000 0.000000
vt 0.000000 0.000000
vt 0.000000 0.000000
vt 0.000000 0.000000
vt 0.000000 0.000000
vt 0.000000 0.000000
vt 0.000000 0.000000
vt 0.000000 0.000000
vt 0.000000 0.000000
vt 0.000000 0.000000
vt 0.000000 0.000000
vt 0.000000 0.000000
vt 0.000000 0.000000
vt 0.000000 0.000000
vt 0.000000 0.000000
vt 0.000000 0.000000
vt 0.000000 0.000000
vt 0.000000 0.000000
vt 0.000000 0.000000
vt 0.000000 0.000000
vt 0.000000 0.000000
vt 0.000000 0.000000
vt 0.000000 0.000000
vt 0.000000 0.000000
vt 0.000000 0.000000
vt 0.000000 0.000000
vt 0.000000 0.000000
vt 0.000000 0.000000
vt 0.000000 0.000000
vt 0.000000 0.000000
vt 0.000000 0.000000
vt 0.000000 0.000000
vt 0.000000 0.000000
vt 0.000000 0.000000
vt 0.000000 0.000000
vt 0.000000 0.000000
vt 0.000000 0.000000
vt 0.000000 0.000000
vt 0.000000 0.000000
vt 0.000000 0.000000
vt 0.000000 0.000000
vt 0.000000 0.000000
vt 0.000000 0.000000
vt 0.000000 0.000000
vt 0.000000 0.000000
vt 0.000000 0.000000
vt 0.000000 0.000000
vt 0.000000 0.000000
vt 0.000000 0.000000
vt 0.000000 0.000000
vt 0.000000 0.000000
vt 0.000000 0.000000
vt 0.000000 0.000000
vt 0.000000 0.000000
vt 0.000000 0.000000
vt 0.000000 0.000000
vt 0.000000 0.000000
vt 0.000000 0.000000
vt 0.000000 0.000000
vt 0.000000 0.000000
vt 0.000000 0.000000
vt 0.000000 0.000000
vt 0.000000 0.000000
vt 0.000000 0.000000
vt 0.000000 0.000000
vt 0.000000 0.000000
vt 0.000000 0.000000
vt 0.000000 0.000000
vt 0.000000 0.000000
vt 0.000000 0.000000
vt 0.000000 0.000000
vt 0.000000 0.000000
vt 0.000000 0.000000
vt 0.000000 0.000000
vt 0.000000 0.000000
vt 0.000000 0.000000
vt 0.000000 0.000000
vt 0.000000 0.000000
vt 0.000000 0.000000
vt 0.000000 0.000000
vt 0.000000 0.000000
vt 0.000000 0.000000
vt 0.000000 0.000000
vt 0.000000 0.000000
vt 0.000000 0.000000
vt 0.000000 0.000000
vt 0.000000 0.000000
vt 0.000000 0.000000
vt 0.000000 0.000000
vt 0.000000 0.000000
vt 0.000000 0.000000
vt 0.000000 0.000000
vt 0.000000 0.000000
vt 0.000000 0.000000
vt 0.000000 0.000000
vt 0.000000 0.000000
vt 0.000000 0.000000
vt 0.000000 0.000000
vt 0.000000 0.000000
vt 0.000000 0.000000
vt 0.000000 0.000000
vt 0.000000 0.000000
vt 0.000000 0.000000
vt 0.000000 0.000000
vt 0.000000 0.000000
vt 0.000000 0.000000
vt 0.000000 0.000000
vt 0.000000 0.000000
vt 0.000000 0.000000
vt 0.000000 0.000000
vt 0.000000 0.000000
vt 0.000000 0.000000
vt 0.000000 0.000000
vt 0.000000 0.000000
vt 0.000000 0.000000
vt 0.000000 0.000000
vt 0.000000 0.000000
vt 0.000000 0.000000
vt 0.000000 0.000000
vt 0.000000 0.000000
vt 0.000000 0.000000
vt 0.000000 0.000000
vt 0.000000 0.000000
vt 0.000000 0.000000
vt 0.000000 0.000000
vt 0.000000 0.000000
vt 0.000000 0.000000
vt 0.000000 0.000000
vt 0.000000 0.000000
vt 0.000000 0.000000
vt 0.000000 0.000000
vt 0.000000 0.000000
vt 0.000000 0.000000
vt 0.000000 0.000000
vt 0.000000 0.000000
vt 0.000000 0.000000
vt 0.000000 0.000000
vt 0.000000 0.000000
vt 0.000000 0.000000
vt 0.000000 0.000000
vt 0.000000 0.000000
vt 0.000000 0.000000
vt 0.000000 0.000000
vt 0.000000 0.000000
vt 0.000000 0.000000
vt 0.000000 0.000000
vt 0.000000 0.000000
vt 0.000000 0.000000
vt 0.000000 0.000000
vt 0.000000 0.000000
vt 0.000000 0.000000
vt 0.000000 0.000000
vt 0.000000 0.000000
vt 0.000000 0.000000
vt 0.000000 0.000000
vt 0.000000 0.000000
vt 0.000000 0.000000
vt 0.000000 0.000000
vt 0.000000 0.000000
vt 0.000000 0.000000
vt 0.000000 0.000000
vt 0.000000 0.000000
vt 0.000000 0.000000
vt 0.000000 0.000000
vt 0.000000 0.000000
vt 0.000000 0.000000
vt 0.000000 0.000000
vt 0.000000 0.000000
vt 0.000000 0.000000
vt 0.000000 0.000000
vt 0.000000 0.000000
vt 0.000000 0.000000
vt 0.000000 0.000000
vt 0.000000 0.000000
vt 0.000000 0.000000
vt 0.000000 0.000000
vt 0.000000 0.000000
vt 0.000000 0.000000
vt 0.000000 0.000000
vt 0.000000 0.000000
vt 0.000000 0.000000
vt 0.000000 0.000000
vt 0.000000 0.000000
vt 0.000000 0.000000
vt 0.000000 0.000000
vt 0.000000 0.000000
vt 0.000000 0.000000
vt 0.000000 0.000000
vt 0.000000 0.000000
vt 0.000000 0.000000
vt 0.000000 0.000000
vt 0.000000 0.000000
vt 0.000000 0.000000
vt 0.000000 0.000000
vt 0.000000 0.000000
vt 0.000000 0.000000
vt 0.000000 0.000000
vt 0.000000 0.000000
vt 0.000000 0.000000
vt 0.000000 0.000000
vt 0.000000 0.000000
vt 0.000000 0.000000
vt 0.000000 0.000000
vt 0.000000 0.000000
vt 0.000000 0.000000
vt 0.000000 0.000000
vt 0.000000 0.000000
vt 0.000000 0.000000
vt 0.000000 0.000000
vt 0.000000 0.000000
vt 0.000000 0.000000
vt 0.000000 0.000000
vt 0.000000 0.000000
vt 0.000000 0.000000
vt 0.000000 0.000000
vt 0.000000 0.000000
vt 0.000000 0.000000
vt 0.000000 0.000000
vt 0.000000 0.000000
vt 0.000000 0.000000
vt 0.000000 0.000000
vt 0.000000 0.000000
vt 0.000000 0.000000
vt 0.000000 0.000000
vt 0.000000 0.000000
vt 0.000000 0.000000
vt 0.000000 0.000000
vt 0.000000 0.000000
vt 0.000000 0.000000
vt 0.000000 0.000000
vt 0.000000 0.000000
vt 0.000000 0.000000
vt 0.000000 0.000000
vt 0.000000 0.000000
vt 0.000000 0.000000
vt 0.000000 0.000000
vt 0.000000 0.000000
vt 0.000000 0.000000
vt 0.000000 0.000000
vt 0.000000 0.000000
vt 0.000000 0.000000
vt 0.000000 0.000000
vt 0.000000 0.000000
vt 0.000000 0.000000
vt 0.000000 0.000000
vt 0.000000 0.000000
vt 0.000000 0.000000
vt 0.000000 0.000000
vt 0.000000 0.000000
vt 0.000000 0.000000
vt 0.000000 0.000000
vt 0.000000 0.000000
vt 0.000000 0.000000
vt 0.000000 0.000000
vt 0.000000 0.000000
vt 0.000000 0.000000
vt 0.000000 0.000000
vt 0.000000 0.000000
vt 0.000000 0.000000
vt 0.000000 0.000000
vt 0.000000 0.000000
vt 0.000000 0.000000
vt 0.000000 0.000000
vt 0.000000 0.000000
vt 0.000000 0.000000
vt 0.000000 0.000000
vt 0.000000 0.000000
vt 0.000000 0.000000
vt 0.000000 0.000000
vt 0.000000 0.000000
vt 0.000000 0.000000
vt 0.000000 0.000000
vt 0.000000 0.000000
vt 0.000000 0.000000
vt 0.000000 0.000000
vt 0.000000 0.000000
vt 0.000000 0.000000
vt 0.000000 0.000000
vt 0.000000 0.000000
vt 0.000000 0.000000
vt 0.000000 0.000000
vt 0.000000 0.000000
vt 0.000000 0.000000
vt 0.000000 0.000000
vt 0.000000 0.000000
vt 0.000000 0.000000
vt 0.000000 0.000000
vt 0.000000 0.000000
vt 0.000000 0.000000
vt 0.000000 0.000000
vt 0.000000 0.000000
vt 0.000000 0.000000
vt 0.000000 0.000000
vt 0.000000 0.000000
vt 0.000000 0.000000
vt 0.000000 0.000000
vt 0.000000 0.000000
vt 0.000000 0.000000
vt 0.000000 0.000000
vt 0.000000 0.000000
vt 0.000000 0.000000
vt 0.000000 0.000000
vt 0.000000 0.000000
vt 0.000000 0.000000
vt 0.000000 0.000000
vt 0.000000 0.000000
vt 0.000000 0.000000
vt 0.000000 0.000000
vt 0.000000 0.000000
vt 0.000000 0.000000
vt 0.000000 0.000000
vt 0.000000 0.000000
vt 0.000000 0.000000
vt 0.000000 0.000000
vt 0.000000 0.000000
vt 0.000000 0.000000
vt 0.000000 0.000000
vt 0.000000 0.000000
vt 0.000000 0.000000
vt 0.000000 0.000000
vt 0.000000 0.000000
vt 0.000000 0.000000
vt 0.000000 0.000000
vt 0.000000 0.000000
vt 0.000000 0.000000
vt 0.000000 0.000000
vt 0.000000 0.000000
vt 0.000000 0.000000
vt 0.000000 0.000000
vt 0.000000 0.000000
vt 0.000000 0.000000
vt 0.000000 0.000000
vt 0.000000 0.000000
vt 0.000000 0.000000
vt 0.000000 0.000000
vt 0.000000 0.000000
vt 0.000000 0.000000
vt 0.000000 0.000000
vt 0.000000 0.000000
vt 0.000000 0.000000
vt 0.000000 0.000000
vt 0.000000 0.000000
vt 0.000000 0.000000
vt 0.000000 0.000000
vt 0.000000 0.000000
vt 0.000000 0.000000
vt 0.000000 0.000000
vt 0.000000 0.000000
vt 0.000000 0.000000
vt 0.000000 0.000000
vt 0.000000 0.000000
vt 0.000000 0.000000
vt 0.000000 0.000000
vt 0.000000 0.000000
vt 0.000000 0.000000
vt 0.000000 0.000000
vt 0.000000 0.000000
vt 0.000000 0.000000
vt 0.000000 0.000000
vt 0.000000 0.000000
vt 0.000000 0.000000
vt 0.000000 0.000000
vt 0.000000 0.000000
vt 0.000000 0.000000
vt 0.000000 0.000000
vt 0.000000 0.000000
vt 0.000000 0.000000
vt 0.000000 0.000000
vt 0.000000 0.000000
vt 0.000000 0.000000
vt 0.000000 0.000000
vt 0.000000 0.000000
vt 0.000000 0.000000
vt 0.000000 0.000000
vt 0.000000 0.000000
vt 0.000000 0.000000
vt 0.000000 0.000000
vt 0.000000 0.000000
vt 0.000000 0.000000
vt 0.000000 0.000000
vt 0.000000 0.000000
vt 0.000000 0.000000
vt 0.000000 0.000000
vt 0.000000 0.000000
vt 0.000000 0.000000
vt 0.000000 0.000000
vt 0.000000 0.000000
vt 0.000000 0.000000
vt 0.000000 0.000000
vt 0.000000 0.000000
vt 0.000000 0.000000
vt 0.000000 0.000000
vt 0.000000 0.000000
vt 0.000000 0.000000
vt 0.000000 0.000000
vt 0.000000 0.000000
vt 0.000000 0.000000
vt 0.000000 0.000000
vt 0.000000 0.000000
vt 0.000000 0.000000
vt 0.000000 0.000000
vt 0.000000 0.000000
vt 0.000000 0.000000
vt 0.000000 0.000000
vt 0.000000 0.000000
vt 0.000000 0.000000
vt 0.000000 0.000000
vt 0.000000 0.000000
vt 0.000000 0.000000
vt 0.000000 0.000000
vt 0.000000 0.000000
vt 0.000000 0.000000
vt 0.000000 0.000000
vt 0.000000 0.000000
vt 0.000000 0.000000
vt 0.000000 0.000000
vt 0.000000 0.000000
vt 0.000000 0.000000
vt 0.000000 0.000000
vt 0.000000 0.000000
vt 0.000000 0.000000
vt 0.000000 0.000000
vt 0.000000 0.000000
vt 0.000000 0.000000
vt 0.000000 0.000000
vt 0.000000 0.000000
vt 0.000000 0.000000
vt 0.000000 0.000000
vt 0.000000 0.000000
vt 0.000000 0.000000
vt 0.000000 0.000000
vt 0.000000 0.000000
vt 0.000000 0.000000
vt 0.000000 0.000000
vt 0.000000 0.000000
vt 0.000000 0.000000
vt 0.000000 0.000000
vt 0.000000 0.000000
vt 0.000000 0.000000
vt 0.000000 0.000000
vt 0.000000 0.000000
vt 0.000000 0.000000
vt 0.000000 0.000000
vt 0.000000 0.000000
vt 0.000000 0.000000
vt 0.000000 0.000000
vt 0.000000 0.000000
vt 0.000000 0.000000
vt 0.000000 0.000000
vt 0.000000 0.000000
vt 0.000000 0.000000
vt 0.000000 0.000000
vt 0.000000 0.000000
vt 0.000000 0.000000
vt 0.000000 0.000000
vt 0.000000 0.000000
vt 0.000000 0.000000
vt 0.000000 0.000000
vt 0.000000 0.000000
vt 0.000000 0.000000
vt 0.000000 0.000000
vt 0.000000 0.000000
vt 0.000000 0.000000
vt 0.000000 0.000000
vt 0.000000 0.000000
vt 0.000000 0.000000
vt 0.000000 0.000000
vt 0.000000 0.000000
vt 0.000000 0.000000
vt 0.000000 0.000000
vt 0.000000 0.000000
vt 0.000000 0.000000
vt 0.000000 0.000000
vt 0.000000 0.000000
vt 0.000000 0.000000
vt 0.000000 0.000000
vt 0.000000 0.000000
vt 0.000000 0.000000
vt 0.000000 0.000000
vt 0.000000 0.000000
vt 0.000000 0.000000
vt 0.000000 0.000000
vt 0.000000 0.000000
vt 0.000000 0.000000
vt 0.000000 0.000000
vt 0.000000 0.000000
vt 0.000000 0.000000
vt 0.000000 0.000000
vt 0.000000 0.000000
vt 0.000000 0.000000
vt 0.000000 0.000000
vt 0.000000 0.000000
vt 0.000000 0.000000
vt 0.000000 0.000000
vt 0.000000 0.000000
vt 0.000000 0.000000
vt 0.000000 0.000000
vt 0.000000 0.000000
vt 0.000000 0.000000
vt 0.000000 0.000000
vt 0.000000 0.000000
vt 0.000000 0.000000
vt 0.000000 0.000000
vt 0.000000 0.000000
vt 0.000000 0.000000
vt 0.000000 0.000000
vt 0.000000 0.000000
vt 0.000000 0.000000
vt 0.000000 0.000000
vt 0.000000 0.000000
vt 0.000000 0.000000
vt 0.000000 0.000000
vt 0.000000 0.000000
vt 0.000000 0.000000
vt 0.000000 0.000000
vt 0.000000 0.000000
vt 0.000000 0.000000
vt 0.000000 0.000000
vt 0.000000 0.000000
vt 0.000000 0.000000
vt 0.000000 0.000000
vt 0.000000 0.000000
vt 0.000000 0.000000
vt 0.000000 0.000000
vt 0.000000 0.000000
vt 0.000000 0.000000
vt 0.000000 0.000000
vt 0.000000 0.000000
vt 0.000000 0.000000
vt 0.000000 0.000000
vt 0.000000 0.000000
vt 0.000000 0.000000
vt 0.000000 0.000000
vt 0.000000 0.000000
vt 0.000000 0.000000
vt 0.000000 0.000000
vt 0.000000 0.000000
vt 0.000000 0.000000
vt 0.000000 0.000000
vt 0.000000 0.000000
vt 0.000000 0.000000
vt 0.000000 0.000000
vt 0.000000 0.000000
vt 0.000000 0.000000
vt 0.000000 0.000000
vt 0.000000 0.000000
vt 0.000000 0.000000
vt 0.000000 0.000000
vt 0.000000 0.000000
vt 0.000000 0.000000
vt 0.000000 0.000000
vt 0.000000 0.000000
vt 0.000000 0.000000
vt 0.000000 0.000000
vt 0.000000 0.000000
vt 0.000000 0.000000
vt 0.000000 0.000000
vt 0.000000 0.000000
vt 0.000000 0.000000
vt 0.000000 0.000000
vt 0.000000 0.000000
vt 0.000000 0.000000
vt 0.000000 0.000000
vt 0.000000 0.000000
vt 0.000000 0.000000
vt 0.000000 0.000000
vt 0.000000 0.000000
vt 0.000000 0.000000
vt 0.000000 0.000000
vt 0.000000 0.000000
vt 0.000000 0.000000
vt 0.000000 0.000000
vt 0.000000 0.000000
vt 0.000000 0.000000
vt 0.000000 0.000000
vt 0.000000 0.000000
vt 0.000000 0.000000
vt 0.000000 0.000000
vt 0.000000 0.000000
vt 0.000000 0.000000
vt 0.000000 0.000000
vt 0.000000 0.000000
vt 0.000000 0.000000
vt 0.000000 0.000000
vt 0.000000 0.000000
vt 0.000000 0.000000
vt 0.000000 0.000000
vt 0.000000 0.000000
vt 0.000000 0.000000
vt 0.000000 0.000000
vt 0.000000 0.000000
vt 0.000000 0.000000
vt 0.000000 0.000000
vt 0.000000 0.000000
vt 0.000000 0.000000
vt 0.000000 0.000000
vt 0.000000 0.000000
vt 0.000000 0.000000
vt 0.000000 0.000000
vt 0.000000 0.000000
vt 0.000000 0.000000
vt 0.000000 0.000000
vt 0.000000 0.000000
vt 0.000000 0.000000
vt 0.000000 0.000000
vt 0.000000 0.000000
vt 0.000000 0.000000
vt 0.000000 0.000000
vt 0.000000 0.000000
vt 0.000000 0.000000
vt 0.000000 0.000000
vt 0.000000 0.000000
vt 0.000000 0.000000
vt 0.000000 0.000000
vt 0.000000 0.000000
vt 0.000000 0.000000
vt 0.000000 0.000000
vt 0.000000 0.000000
vt 0.000000 0.000000
vt 0.000000 0.000000
vt 0.000000 0.000000
vt 0.000000 0.000000
vt 0.000000 0.000000
vt 0.000000 0.000000
vt 0.000000 0.000000
vt 0.000000 0.000000
vt 0.000000 0.000000
vt 0.000000 0.000000
vt 0.000000 0.000000
vt 0.000000 0.000000
vt 0.000000 0.000000
vt 0.000000 0.000000
vt 0.000000 0.000000
vt 0.000000 0.000000
vt 0.000000 0.000000
vt 0.000000 0.000000
vt 0.000000 0.000000
vt 0.000000 0.000000
vt 0.000000 0.000000
vt 0.000000 0.000000
vt 0.000000 0.000000
vt 0.000000 0.000000
vt 0.000000 0.000000
vt 0.000000 0.000000
vt 0.000000 0.000000
vt 0.000000 0.000000
vt 0.000000 0.000000
vt 0.000000 0.000000
vt 0.000000 0.000000
vt 0.000000 0.000000
vt 0.000000 0.000000
vt 0.000000 0.000000
vt 0.000000 0.000000
vt 0.000000 0.000000
vt 0.000000 0.000000
vt 0.000000 0.000000
vt 0.000000 0.000000
vt 0.000000 0.000000
vt 0.000000 0.000000
vt 0.000000 0.000000
vt 0.000000 0.000000
vt 0.000000 0.000000
vt 0.000000 0.000000
vt 0.000000 0.000000
vt 0.000000 0.000000
vt 0.000000 0.000000
vt 0.000000 0.000000
vt 0.000000 0.000000
vt 0.000000 0.000000
vt 0.000000 0.000000
vt 0.000000 0.000000
vt 0.000000 0.000000
vt 0.000000 0.000000
vt 0.000000 0.000000
vt 0.000000 0.000000
vt 0.000000 0.000000
vt 0.000000 0.000000
vt 0.000000 0.000000
vt 0.000000 0.000000
vt 0.000000 0.000000
vt 0.000000 0.000000
vt 0.000000 0.000000
vt 0.000000 0.000000
vt 0.000000 0.000000
vt 0.000000 0.000000
vt 0.000000 0.000000
vt 0.000000 0.000000
vt 0.000000 0.000000
vt 0.000000 0.000000
vt 0.000000 0.000000
vt 0.000000 0.000000
vt 0.000000 0.000000
vt 0.000000 0.000000
vt 0.000000 0.000000
vt 0.000000 0.000000
vt 0.000000 0.000000
vt 0.000000 0.000000
vt 0.000000 0.000000
vt 0.000000 0.000000
vt 0.000000 0.000000
vt 0.000000 0.000000
vt 0.000000 0.000000
vt 0.000000 0.000000
vt 0.000000 0.000000
vt 0.000000 0.000000
vt 0.000000 0.000000
vt 0.000000 0.000000
vt 0.000000 0.000000
vt 0.000000 0.000000
vt 0.000000 0.000000
vt 0.000000 0.000000
vt 0.000000 0.000000
vt 0.000000 0.000000
vt 0.000000 0.000000
vt 0.000000 0.000000
vt 0.000000 0.000000
vt 0.000000 0.000000
vt 0.000000 0.000000
vt 0.000000 0.000000
vt 0.000000 0.000000
vt 0.000000 0.000000
vt 0.000000 0.000000
vt 0.000000 0.000000
vt 0.000000 0.000000
vt 0.000000 0.000000
vt 0.000000 0.000000
vt 0.000000 0.000000
vt 0.000000 0.000000
vt 0.000000 0.000000
vt 0.000000 0.000000
vt 0.000000 0.000000
vt 0.000000 0.000000
vt 0.000000 0.000000
vt 0.000000 0.000000
vt 0.000000 0.000000
vt 0.000000 0.000000
vt 0.000000 0.000000
vt 0.000000 0.000000
vt 0.000000 0.000000
vt 0.000000 0.000000
vt 0.000000 0.000000
vt 0.000000 0.000000
vt 0.000000 0.000000
vt 0.000000 0.000000
vt 0.000000 0.000000
vt 0.000000 0.000000
vt 0.000000 0.000000
vt 0.000000 0.000000
vt 0.000000 0.000000
vt 0.000000 0.000000
vt 0.000000 0.000000
vt 0.000000 0.000000
vt 0.000000 0.000000
vt 0.000000 0.000000
vt 0.000000 0.000000
vt 0.000000 0.000000
vt 0.000000 0.000000
vt 0.000000 0.000000
vt 0.000000 0.000000
vt 0.000000 0.000000
vt 0.000000 0.000000
vt 0.000000 0.000000
vt 0.000000 0.000000
vt 0.000000 0.000000
vt 0.000000 0.000000
vt 0.000000 0.000000
vt 0.000000 0.000000
vt 0.000000 0.000000
vt 0.000000 0.000000
vt 0.000000 0.000000
vt 0.000000 0.000000
vt 0.000000 0.000000
vt 0.000000 0.000000
vt 0.000000 0.000000
vt 0.000000 0.000000
vt 0.000000 0.000000
vt 0.000000 0.000000
vt 0.000000 0.000000
vt 0.000000 0.000000
vt 0.000000 0.000000
vt 0.000000 0.000000
vt 0.000000 0.000000
vt 0.000000 0.000000
vt 0.000000 0.000000
vt 0.000000 0.000000
vt 0.000000 0.000000
vt 0.000000 0.000000
vt 0.000000 0.000000
vt 0.000000 0.000000
vt 0.000000 0.000000
vn 0.027442 -0.009495 -0.999578
vn 0.060067 -0.009731 -0.998147
vn 0.059488 -0.015610 -0.998107
vn 0.096001 -0.021002 -0.995160
vn 0.096934 -0.011528 -0.995224
vn 0.131110 -0.013176 -0.991280
vn 0.096001 -0.021002 -0.995160
vn 0.131110 -0.013176 -0.991280
vn 0.129847 -0.026000 -0.991193
vn 0.166516 -0.031398 -0.985539
vn 0.168135 -0.014961 -0.985650
vn 0.204834 -0.016713 -0.978654
vn 0.166516 -0.031398 -0.985539
vn 0.204834 -0.016713 -0.978654
vn 0.202861 -0.036746 -0.978518
vn 0.239764 -0.042158 -0.969915
vn 0.242095 -0.018489 -0.970076
vn 0.279382 -0.020248 -0.959967
vn 0.239764 -0.042158 -0.969915
vn 0.279382 -0.020248 -0.959967
vn 0.276691 -0.047570 -0.959781
vn 0.313875 -0.053002 -0.947984
vn 0.316927 -0.022016 -0.948194
vn 0.354603 -0.023772 -0.934715
vn 0.313875 -0.053002 -0.947984
vn 0.354603 -0.023772 -0.934715
vn 0.351186 -0.058447 -0.934480
vn 0.388641 -0.063896 -0.919171
vn 0.392420 -0.025528 -0.919432
vn 0.430370 -0.027274 -0.902241
vn 0.388641 -0.063896 -0.919171
vn 0.430370 -0.027274 -0.902241
vn 0.426226 -0.069357 -0.901954
vn 0.463860 -0.074807 -0.882744
vn 0.468371 -0.029013 -0.883055
vn 0.506423 -0.030737 -0.861737
vn 0.463860 -0.074807 -0.882744
vn 0.506423 -0.030737 -0.861737
vn 0.501546 -0.080254 -0.861401
vn 0.539161 -0.085673 -0.837834
vn 0.544403 -0.032444 -0.838196
vn 0.582265 -0.034128 -0.812282
vn 0.539161 -0.085673 -0.837834
vn 0.582265 -0.034128 -0.812282
vn 0.576658 -0.091060 -0.811895
vn 0.613899 -0.096392 -0.783477
vn 0.619868 -0.035782 -0.783890
vn 0.657081 -0.037401 -0.752891
vn 0.613899 -0.096392 -0.783477
vn 0.657081 -0.037401 -0.752891
vn 0.650754 -0.101648 -0.752454
vn 0.687355 -0.106863 -0.718417
vn 0.694042 -0.038971 -0.718879
vn 0.711177 -0.039727 -0.701890
vn 0.687355 -0.106863 -0.718417
vn 0.711177 -0.039727 -0.701890
vn 0.704331 -0.109236 -0.701416
vn -0.027441 -0.004089 -0.999615
vn -0.060067 -0.003834 -0.998187
vn -0.059488 0.002045 -0.998227
vn -0.096000 0.007476 -0.995353
vn -0.096934 -0.001999 -0.995289
vn -0.131109 -0.000298 -0.991368
vn -0.096000 0.007476 -0.995353
vn -0.131109 -0.000298 -0.991368
vn -0.129846 0.012528 -0.991455
vn -0.166516 0.018001 -0.985874
vn -0.168135 0.001564 -0.985763
vn -0.204834 0.003411 -0.978791
vn -0.166516 0.018001 -0.985874
vn -0.204834 0.003411 -0.978791
vn -0.202861 0.023444 -0.978927
vn -0.239765 0.028972 -0.970399
vn -0.242096 0.005304 -0.970238
vn -0.279382 0.007201 -0.960153
vn -0.239765 0.028972 -0.970399
vn -0.279382 0.007201 -0.960153
vn -0.276691 0.034521 -0.960339
vn -0.313874 0.040113 -0.948617
vn -0.316927 0.009127 -0.948406
vn -0.354602 0.011066 -0.934952
vn -0.313874 0.040113 -0.948617
vn -0.354602 0.011066 -0.934952
vn -0.351186 0.045740 -0.935188
vn -0.388640 0.051397 -0.919955
vn -0.392419 0.013029 -0.919694
vn -0.430369 0.015008 -0.902528
vn -0.388640 0.051397 -0.919955
vn -0.430369 0.015008 -0.902528
vn -0.426224 0.057090 -0.902814
vn -0.463861 0.062801 -0.883679
vn -0.468371 0.017007 -0.883368
vn -0.506423 0.019020 -0.862075
vn -0.463861 0.062801 -0.883679
vn -0.506423 0.019020 -0.862075
vn -0.501546 0.068537 -0.862412
vn -0.539160 0.074276 -0.838922
vn -0.544403 0.021046 -0.838560
vn -0.582264 0.023082 -0.812672
vn -0.539160 0.074276 -0.838922
vn -0.582264 0.023082 -0.812672
vn -0.576657 0.080014 -0.813059
vn -0.613897 0.085731 -0.784717
vn -0.619867 0.025121 -0.784305
vn -0.657082 0.027160 -0.753330
vn -0.613897 0.085731 -0.784717
vn -0.657082 0.027160 -0.753330
vn -0.650753 0.091407 -0.753767
vn -0.687356 0.097083 -0.719803
vn -0.694042 0.029192 -0.719342
vn -0.711178 0.030178 -0.702364
vn -0.687356 0.097083 -0.719803
vn -0.711178 0.030178 -0.702364
vn -0.704333 0.099688 -0.702835
vn -0.694042 -0.038968 -0.718879
vn -0.687356 -0.106860 -0.718417
vn -0.704332 -0.109234 -0.701416
vn -0.694042 -0.038968 -0.718879
vn -0.704332 -0.109234 -0.701416
vn -0.711178 -0.039724 -0.701889
vn -0.619868 -0.035781 -0.783890
vn -0.613898 -0.096390 -0.783478
vn -0.650754 -0.101645 -0.752454
vn -0.619868 -0.035781 -0.783890
vn -0.650754 -0.101645 -0.752454
vn -0.657082 -0.037399 -0.752891
vn 0.694041 0.029191 -0.719343
vn 0.687355 0.097084 -0.719804
vn 0.704330 0.099689 -0.702838
vn 0.694041 0.029191 -0.719343
vn 0.704330 0.099689 -0.702838
vn 0.711177 0.030177 -0.702365
vn 0.619868 0.025120 -0.784304
vn 0.613899 0.085731 -0.784716
vn 0.650754 0.091408 -0.753767
vn 0.619868 0.025120 -0.784304
vn 0.650754 0.091408 -0.753767
vn 0.657081 0.027160 -0.753330
vn 0.544402 0.021045 -0.838560
vn 0.539159 0.074275 -0.838923
vn 0.576657 0.080013 -0.813059
vn 0.544402 0.021045 -0.838560
vn 0.576657 0.080013 -0.813059
vn 0.582265 0.023081 -0.812671
vn 0.468371 0.017006 -0.883368
vn 0.463860 0.062801 -0.883680
vn 0.501546 0.068537 -0.862412
vn 0.468371 0.017006 -0.883368
vn 0.501546 0.068537 -0.862412
vn 0.506423 0.019019 -0.862076
vn 0.392419 0.013029 -0.919694
vn 0.388640 0.051397 -0.919955
vn 0.426224 0.057091 -0.902814
vn 0.392419 0.013029 -0.919694
vn 0.426224 0.057091 -0.902814
vn 0.430369 0.015008 -0.902528
vn 0.316927 0.009128 -0.948406
vn 0.313875 0.040113 -0.948617
vn 0.351186 0.045741 -0.935188
vn 0.316927 0.009128 -0.948406
vn 0.351186 0.045741 -0.935188
vn 0.354602 0.011066 -0.934952
vn 0.242095 0.005303 -0.970238
vn 0.239764 0.028972 -0.970399
vn 0.276691 0.034522 -0.960339
vn 0.242095 0.005303 -0.970238
vn 0.276691 0.034522 -0.960339
vn 0.279382 0.007200 -0.960153
vn 0.168136 0.001563 -0.985763
vn 0.166517 0.018001 -0.985874
vn 0.202861 0.023443 -0.978927
vn 0.168136 0.001563 -0.985763
vn 0.202861 0.023443 -0.978927
vn 0.204834 0.003410 -0.978791
vn 0.096934 -0.002000 -0.995289
vn 0.096001 0.007475 -0.995353
vn 0.129847 0.012527 -0.991455
vn 0.096934 -0.002000 -0.995289
vn 0.129847 0.012527 -0.991455
vn 0.131110 -0.000298 -0.991368
vn 0.027441 -0.004090 -0.999615
vn 0.059487 0.002043 -0.998227
vn 0.060067 -0.003836 -0.998187
vn 0.026387 -0.014797 -0.999542
vn 0.058337 -0.021392 -0.998068
vn 0.056623 -0.027046 -0.998029
vn 0.091378 -0.039458 -0.995034
vn 0.094142 -0.030346 -0.995096
vn 0.127335 -0.038630 -0.991107
vn 0.091378 -0.039458 -0.995034
vn 0.127335 -0.038630 -0.991107
vn 0.123593 -0.050962 -0.991023
vn 0.158498 -0.063407 -0.985321
vn 0.163293 -0.047602 -0.985429
vn 0.198936 -0.056478 -0.978384
vn 0.158498 -0.063407 -0.985321
vn 0.198936 -0.056478 -0.978384
vn 0.193092 -0.075740 -0.978253
vn 0.228220 -0.088247 -0.969602
vn 0.235124 -0.065488 -0.969757
vn 0.271337 -0.074487 -0.959598
vn 0.228220 -0.088247 -0.969602
vn 0.271337 -0.074487 -0.959598
vn 0.263368 -0.100759 -0.959419
vn 0.298760 -0.113339 -0.947574
vn 0.307799 -0.083544 -0.947776
vn 0.344389 -0.092614 -0.934248
vn 0.298760 -0.113339 -0.947574
vn 0.344389 -0.092614 -0.934248
vn 0.334274 -0.125957 -0.934021
vn 0.369927 -0.138607 -0.918664
vn 0.381119 -0.101713 -0.918914
vn 0.417977 -0.110826 -0.901672
vn 0.369927 -0.138607 -0.918664
vn 0.417977 -0.110826 -0.901672
vn 0.405701 -0.151292 -0.901398
vn 0.441524 -0.163977 -0.882138
vn 0.454882 -0.119941 -0.882438
vn 0.491839 -0.129053 -0.861069
vn 0.441524 -0.163977 -0.882138
vn 0.491839 -0.129053 -0.861069
vn 0.477395 -0.176668 -0.860745
vn 0.513199 -0.189318 -0.837129
vn 0.528726 -0.138133 -0.837477
vn 0.565498 -0.147168 -0.811513
vn 0.513199 -0.189318 -0.837129
vn 0.565498 -0.147168 -0.811513
vn 0.548892 -0.201913 -0.811141
vn 0.584338 -0.214403 -0.782675
vn 0.602018 -0.156123 -0.783071
vn 0.638159 -0.164966 -0.752023
vn 0.584338 -0.214403 -0.782675
vn 0.638159 -0.164966 -0.752023
vn 0.619419 -0.226743 -0.751603
vn 0.654256 -0.238993 -0.717518
vn 0.674058 -0.173712 -0.717962
vn 0.690695 -0.177794 -0.700949
vn 0.654256 -0.238993 -0.717518
vn 0.690695 -0.177794 -0.700949
vn 0.670420 -0.244631 -0.700495
vn -0.544403 -0.032441 -0.838196
vn -0.539161 -0.085671 -0.837834
vn -0.576659 -0.091059 -0.811895
vn -0.544403 -0.032441 -0.838196
vn -0.576659 -0.091059 -0.811895
vn -0.582265 -0.034126 -0.812283
vn -0.468371 -0.029011 -0.883056
vn -0.463860 -0.074806 -0.882744
vn -0.501546 -0.080252 -0.861401
vn -0.468371 -0.029011 -0.883056
vn -0.501546 -0.080252 -0.861401
vn -0.506423 -0.030734 -0.861737
vn -0.392420 -0.025527 -0.919432
vn -0.388642 -0.063894 -0.919171
vn -0.426225 -0.069355 -0.901954
vn -0.392420 -0.025527 -0.919432
vn -0.426225 -0.069355 -0.901954
vn -0.430370 -0.027273 -0.902241
vn -0.316927 -0.022014 -0.948194
vn -0.313875 -0.053000 -0.947984
vn -0.351187 -0.058445 -0.934480
vn -0.316927 -0.022014 -0.948194
vn -0.351187 -0.058445 -0.934480
vn -0.354602 -0.023770 -0.934715
vn -0.242096 -0.018488 -0.970076
vn -0.239764 -0.042156 -0.969915
vn -0.276691 -0.047568 -0.959781
vn -0.242096 -0.018488 -0.970076
vn -0.276691 -0.047568 -0.959781
vn -0.279382 -0.020247 -0.959966
vn -0.168135 -0.014960 -0.985650
vn -0.166516 -0.031397 -0.985539
vn -0.202861 -0.036745 -0.978518
vn -0.168135 -0.014960 -0.985650
vn -0.202861 -0.036745 -0.978518
vn -0.204834 -0.016712 -0.978654
vn -0.096934 -0.011525 -0.995224
vn -0.096001 -0.021002 -0.995160
vn -0.129847 -0.026000 -0.991193
vn -0.096934 -0.011525 -0.995224
vn -0.129847 -0.026000 -0.991193
vn -0.131110 -0.013174 -0.991280
vn -0.027441 -0.009495 -0.999578
vn -0.059487 -0.015609 -0.998107
vn -0.060067 -0.009728 -0.998147
vn -0.026387 0.001212 -0.999651
vn -0.058337 0.007830 -0.998266
vn -0.056623 0.013480 -0.998305
vn -0.091378 0.025931 -0.995479
vn -0.094141 0.016821 -0.995417
vn -0.127334 0.025157 -0.991541
vn -0.091378 0.025931 -0.995479
vn -0.127334 0.025157 -0.991541
vn -0.123593 0.037488 -0.991625
vn -0.158499 0.050010 -0.986092
vn -0.163293 0.034206 -0.985984
vn -0.198936 0.043177 -0.979061
vn -0.158499 0.050010 -0.986092
vn -0.198936 0.043177 -0.979061
vn -0.193093 0.062439 -0.979192
vn -0.228220 0.075061 -0.970712
vn -0.235124 0.052303 -0.970557
vn -0.271337 0.061438 -0.960522
vn -0.228220 0.075061 -0.970712
vn -0.271337 0.061438 -0.960522
vn -0.263367 0.087709 -0.960700
vn 0.674057 0.163936 -0.720258
vn 0.654254 0.229219 -0.720702
vn 0.670417 0.235087 -0.703757
vn 0.674057 0.163936 -0.720258
vn 0.670417 0.235087 -0.703757
vn 0.690693 0.168249 -0.703304
vn 0.602017 0.145464 -0.785121
vn 0.584338 0.203746 -0.785517
vn 0.619418 0.216507 -0.754616
vn 0.602017 0.145464 -0.785121
vn 0.619418 0.216507 -0.754616
vn 0.638159 0.154729 -0.754196
vn 0.528724 0.126736 -0.839279
vn 0.513197 0.177921 -0.839626
vn 0.548890 0.190869 -0.813811
vn 0.528724 0.126736 -0.839279
vn 0.548890 0.190869 -0.813811
vn 0.565496 0.136123 -0.813440
vn 0.454881 0.107936 -0.883987
vn 0.441522 0.151972 -0.884287
vn 0.477393 0.164951 -0.863068
vn 0.454881 0.107936 -0.883987
vn 0.477393 0.164951 -0.863068
vn 0.491838 0.117336 -0.862744
vn 0.381117 0.089214 -0.920212
vn 0.369926 0.126108 -0.920463
vn 0.405699 0.139026 -0.903372
vn 0.381117 0.089214 -0.920212
vn 0.405699 0.139026 -0.903372
vn 0.417974 0.098561 -0.903096
vn 0.307799 0.070654 -0.948824
vn 0.298761 0.100449 -0.949027
vn 0.334275 0.113251 -0.935647
vn 0.307799 0.070654 -0.948824
vn 0.334275 0.113251 -0.935647
vn 0.344389 0.079908 -0.935420
vn 0.235123 0.052303 -0.970557
vn 0.228219 0.075061 -0.970712
vn 0.263367 0.087709 -0.960700
vn 0.235123 0.052303 -0.970557
vn 0.263367 0.087709 -0.960700
vn 0.271337 0.061438 -0.960522
vn 0.163293 0.034206 -0.985984
vn 0.158498 0.050011 -0.986092
vn 0.193093 0.062440 -0.979192
vn 0.163293 0.034206 -0.985984
vn 0.193093 0.062440 -0.979192
vn 0.198936 0.043177 -0.979061
vn 0.094141 0.016821 -0.995417
vn 0.091377 0.025933 -0.995479
vn 0.123593 0.037489 -0.991625
vn 0.094141 0.016821 -0.995417
vn 0.123593 0.037489 -0.991625
vn 0.127334 0.025157 -0.991541
vn 0.026386 0.001214 -0.999651
vn 0.056621 0.013484 -0.998305
vn 0.058336 0.007830 -0.998266
vn 0.024318 -0.019791 -0.999508
vn 0.054367 -0.032493 -0.997992
vn 0.051582 -0.037703 -0.997957
vn 0.083245 -0.056656 -0.994917
vn 0.087733 -0.048259 -0.994974
vn 0.118665 -0.062858 -0.990943
vn 0.083245 -0.056656 -0.994917
vn 0.118665 -0.062858 -0.990943
vn 0.112591 -0.074223 -0.990865
vn 0.144388 -0.093238 -0.985119
vn 0.152174 -0.078672 -0.985218
vn 0.185391 -0.094331 -0.978127
vn 0.144388 -0.093238 -0.985119
vn 0.185391 -0.094331 -0.978127
vn 0.175902 -0.112084 -0.978006
vn 0.207904 -0.131202 -0.969310
vn 0.219116 -0.110228 -0.969453
vn 0.252864 -0.126116 -0.959247
vn 0.207904 -0.131202 -0.969310
vn 0.252864 -0.126116 -0.959247
vn 0.239923 -0.150328 -0.959082
vn 0.272165 -0.169570 -0.947192
vn 0.286842 -0.142110 -0.947379
vn 0.320942 -0.158143 -0.933802
vn 0.272165 -0.169570 -0.947192
vn 0.320942 -0.158143 -0.933802
vn 0.304517 -0.188872 -0.933593
vn 0.336995 -0.208232 -0.918191
vn 0.355170 -0.174231 -0.918422
vn 0.389519 -0.190356 -0.901132
vn 0.336995 -0.208232 -0.918191
vn 0.389519 -0.190356 -0.901132
vn 0.369584 -0.227650 -0.900879
vn 0.402220 -0.247078 -0.881574
vn 0.423913 -0.206494 -0.881849
vn 0.458354 -0.222637 -0.860433
vn 0.402220 -0.247078 -0.881574
vn 0.458354 -0.222637 -0.860433
vn 0.434897 -0.266520 -0.860134
vn 0.467514 -0.285908 -0.836473
vn 0.492729 -0.238736 -0.836793
vn 0.526998 -0.254766 -0.810782
vn 0.467514 -0.285908 -0.836473
vn 0.526998 -0.254766 -0.810782
vn 0.500029 -0.305220 -0.810439
vn 0.532321 -0.324382 -0.781928
vn 0.561031 -0.270669 -0.782293
vn 0.594712 -0.286389 -0.751198
vn 0.532321 -0.324382 -0.781928
vn 0.594712 -0.286389 -0.751198
vn 0.564279 -0.343325 -0.750811
vn 0.596011 -0.362131 -0.716681
vn 0.628171 -0.301966 -0.717090
vn 0.643669 -0.309212 -0.700056
vn 0.596011 -0.362131 -0.716681
vn 0.643669 -0.309212 -0.700056
vn 0.610743 -0.370811 -0.699638
vn -0.298761 0.100449 -0.949027
vn -0.307798 0.070654 -0.948825
vn -0.344389 0.079908 -0.935420
vn -0.298761 0.100449 -0.949027
vn -0.344389 0.079908 -0.935420
vn -0.334274 0.113251 -0.935647
vn -0.369925 0.126108 -0.920463
vn -0.381117 0.089215 -0.920212
vn -0.417975 0.098561 -0.903096
vn -0.369925 0.126108 -0.920463
vn -0.417975 0.098561 -0.903096
vn -0.405699 0.139027 -0.903371
vn -0.441522 0.151971 -0.884287
vn -0.454882 0.107937 -0.883987
vn -0.491839 0.117336 -0.862744
vn -0.441522 0.151971 -0.884287
vn -0.491839 0.117336 -0.862744
vn -0.477393 0.164951 -0.863068
vn -0.513198 0.177921 -0.839626
vn -0.528725 0.126736 -0.839278
vn -0.565497 0.136123 -0.813440
vn -0.513198 0.177921 -0.839626
vn -0.565497 0.136123 -0.813440
vn -0.548891 0.190869 -0.813811
vn -0.584337 0.203745 -0.785518
vn -0.602015 0.145464 -0.785123
vn -0.638157 0.154729 -0.754198
vn -0.584337 0.203745 -0.785518
vn -0.638157 0.154729 -0.754198
vn -0.619417 0.216507 -0.754617
vn -0.654254 0.229219 -0.720701
vn -0.674058 0.163937 -0.720257
vn -0.690696 0.168249 -0.703301
vn -0.654254 0.229219 -0.720701
vn -0.690696 0.168249 -0.703301
vn -0.670419 0.235087 -0.703756
vn -0.674059 -0.173711 -0.717962
vn -0.654256 -0.238994 -0.717518
vn -0.670421 -0.244632 -0.700493
vn -0.674059 -0.173711 -0.717962
vn -0.670421 -0.244632 -0.700493
vn -0.690696 -0.177793 -0.700948
vn -0.602017 -0.156122 -0.783072
vn -0.584337 -0.214403 -0.782676
vn -0.619418 -0.226743 -0.751604
vn -0.602017 -0.156122 -0.783072
vn -0.619418 -0.226743 -0.751604
vn -0.638159 -0.164965 -0.752024
vn -0.528726 -0.138133 -0.837477
vn -0.513199 -0.189318 -0.837129
vn -0.548891 -0.201913 -0.811141
vn -0.528726 -0.138133 -0.837477
vn -0.548891 -0.201913 -0.811141
vn -0.565498 -0.147168 -0.811513
vn -0.454882 -0.119941 -0.882438
vn -0.441523 -0.163977 -0.882139
vn -0.477394 -0.176668 -0.860746
vn -0.454882 -0.119941 -0.882438
vn -0.477394 -0.176668 -0.860746
vn -0.491839 -0.129052 -0.861069
vn -0.381119 -0.101713 -0.918914
vn -0.369927 -0.138607 -0.918663
vn -0.405701 -0.151292 -0.901397
vn -0.381119 -0.101713 -0.918914
vn -0.405701 -0.151292 -0.901397
vn -0.417976 -0.110826 -0.901672
vn -0.307798 -0.083544 -0.947777
vn -0.298759 -0.113340 -0.947574
vn -0.334274 -0.125957 -0.934021
vn -0.307798 -0.083544 -0.947777
vn -0.334274 -0.125957 -0.934021
vn -0.344390 -0.092614 -0.934248
vn 0.628169 0.292192 -0.721129
vn 0.596011 0.352357 -0.721537
vn 0.610742 0.361269 -0.704612
vn 0.628169 0.292192 -0.721129
vn 0.610742 0.361269 -0.704612
vn 0.643667 0.299670 -0.704195
vn 0.561030 0.260013 -0.785900
vn 0.532319 0.313724 -0.786265
vn 0.564278 0.333088 -0.755409
vn 0.561030 0.260013 -0.785900
vn 0.564278 0.333088 -0.755409
vn 0.594711 0.276154 -0.755022
vn 0.492727 0.227341 -0.839962
vn 0.467513 0.274513 -0.840282
vn 0.500028 0.294178 -0.814513
vn 0.492727 0.227341 -0.839962
vn 0.500028 0.294178 -0.814513
vn 0.526996 0.243724 -0.814170
vn 0.423910 0.194488 -0.884576
vn 0.402218 0.235071 -0.884851
vn 0.434896 0.254804 -0.863678
vn 0.423910 0.194488 -0.884576
vn 0.434896 0.254804 -0.863678
vn 0.458351 0.210921 -0.863381
vn 0.355170 0.161731 -0.920705
vn 0.336995 0.195731 -0.920936
vn 0.369584 0.215382 -0.903891
vn 0.355170 0.161731 -0.920705
vn 0.369584 0.215382 -0.903891
vn 0.389518 0.178090 -0.903637
vn 0.286844 0.129220 -0.949222
vn 0.272166 0.156680 -0.949409
vn 0.304518 0.176165 -0.936074
vn 0.286844 0.129220 -0.949222
vn 0.304518 0.176165 -0.936074
vn 0.320943 0.145436 -0.935865
vn 0.219115 0.097039 -0.970861
vn 0.207904 0.118014 -0.971004
vn 0.239922 0.137277 -0.961037
vn 0.219115 0.097039 -0.970861
vn 0.239922 0.137277 -0.961037
vn 0.252864 0.113066 -0.960873
vn 0.152174 0.065277 -0.986196
vn 0.144388 0.079841 -0.986295
vn 0.175902 0.098780 -0.979439
vn 0.152174 0.065277 -0.986196
vn 0.175902 0.098780 -0.979439
vn 0.185392 0.081028 -0.979318
vn 0.087732 0.034734 -0.995538
vn 0.083245 0.043129 -0.995595
vn 0.112590 0.060751 -0.991783
vn 0.087732 0.034734 -0.995538
vn 0.112590 0.060751 -0.991783
vn 0.118664 0.049387 -0.991705
vn 0.024319 0.006204 -0.999685
vn 0.051584 0.024134 -0.998377
vn 0.054367 0.018927 -0.998342
vn 0.021314 -0.024287 -0.999478
vn 0.048305 -0.042607 -0.997923
vn 0.044557 -0.047173 -0.997892
vn 0.071911 -0.071939 -0.994813
vn 0.077951 -0.064579 -0.994863
vn 0.105436 -0.084931 -0.990793
vn 0.071911 -0.071939 -0.994813
vn 0.105436 -0.084931 -0.990793
vn 0.097260 -0.094893 -0.990725
vn 0.124730 -0.119744 -0.984939
vn 0.135207 -0.106978 -0.985025
vn 0.164723 -0.128813 -0.977892
vn 0.124730 -0.119744 -0.984939
vn 0.164723 -0.128813 -0.977892
vn 0.151952 -0.144373 -0.977787
vn 0.179599 -0.169366 -0.969051
vn 0.194688 -0.150981 -0.969176
vn 0.224675 -0.173148 -0.958927
vn 0.179599 -0.169366 -0.969051
vn 0.224675 -0.173148 -0.958927
vn 0.207258 -0.194370 -0.958783
vn 0.235112 -0.219530 -0.946852
vn 0.254864 -0.195462 -0.947016
vn 0.285163 -0.217838 -0.933397
vn 0.235112 -0.219530 -0.946852
vn 0.285163 -0.217838 -0.933397
vn 0.263058 -0.244771 -0.933214
vn 0.291115 -0.270093 -0.917770
vn 0.315573 -0.240290 -0.917973
vn 0.346093 -0.262806 -0.900640
vn 0.291115 -0.270093 -0.917770
vn 0.346093 -0.262806 -0.900640
vn 0.319266 -0.295494 -0.900418
vn 0.347459 -0.320913 -0.881072
vn 0.376652 -0.285342 -0.881314
vn 0.407254 -0.307891 -0.859853
vn 0.347459 -0.320913 -0.881072
vn 0.407254 -0.307891 -0.859853
vn 0.375687 -0.346354 -0.859592
vn 0.403863 -0.371731 -0.835889
vn 0.437796 -0.330384 -0.836171
vn 0.468243 -0.352789 -0.810116
vn 0.403863 -0.371731 -0.835889
vn 0.468243 -0.352789 -0.810116
vn 0.431951 -0.397012 -0.809815
vn 0.459845 -0.422101 -0.781264
vn 0.498483 -0.375022 -0.781584
vn 0.528409 -0.397006 -0.750446
vn 0.459845 -0.422101 -0.781264
vn 0.528409 -0.397006 -0.750446
vn 0.487452 -0.446909 -0.750108
vn 0.514862 -0.471540 -0.715938
vn 0.558141 -0.418806 -0.716296
vn 0.571905 -0.428934 -0.699242
vn 0.514862 -0.471540 -0.715938
vn 0.571905 -0.428934 -0.699242
vn 0.527595 -0.482926 -0.698875
vn -0.235123 -0.065488 -0.969757
vn -0.228219 -0.088248 -0.969602
vn -0.263367 -0.100760 -0.959419
vn -0.235123 -0.065488 -0.969757
vn -0.263367 -0.100760 -0.959419
vn -0.271336 -0.074487 -0.959598
vn -0.163292 -0.047604 -0.985429
vn -0.158497 -0.063409 -0.985321
vn -0.193091 -0.075742 -0.978253
vn -0.163292 -0.047604 -0.985429
vn -0.193091 -0.075742 -0.978253
vn -0.198935 -0.056479 -0.978384
vn -0.094142 -0.030348 -0.995096
vn -0.091378 -0.039460 -0.995034
vn -0.123593 -0.050964 -0.991023
vn -0.094142 -0.030348 -0.995096
vn -0.123593 -0.050964 -0.991023
vn -0.127334 -0.038632 -0.991107
vn -0.026386 -0.014797 -0.999542
vn -0.056623 -0.027046 -0.998029
vn -0.058337 -0.021394 -0.998068
vn -0.024320 0.006202 -0.999685
vn -0.054369 0.018923 -0.998342
vn -0.051584 0.024133 -0.998377
vn -0.083246 0.043128 -0.995595
vn -0.087733 0.034731 -0.995538
vn -0.118664 0.049387 -0.991705
vn -0.083246 0.043128 -0.995595
vn -0.118664 0.049387 -0.991705
vn -0.112591 0.060751 -0.991783
vn -0.144387 0.079842 -0.986295
vn -0.152174 0.065277 -0.986196
vn -0.185392 0.081028 -0.979318
vn -0.144387 0.079842 -0.986295
vn -0.185392 0.081028 -0.979318
vn -0.175902 0.098780 -0.979439
vn -0.207904 0.118014 -0.971004
vn -0.219116 0.097039 -0.970861
vn -0.252864 0.113066 -0.960873
vn -0.207904 0.118014 -0.971004
vn -0.252864 0.113066 -0.960873
vn -0.239922 0.137278 -0.961037
vn -0.272166 0.156680 -0.949409
vn -0.286844 0.129220 -0.949222
vn -0.320943 0.145437 -0.935865
vn -0.272166 0.156680 -0.949409
vn -0.320943 0.145437 -0.935865
vn -0.304518 0.176165 -0.936074
vn -0.336995 0.195731 -0.920936
vn -0.355169 0.161731 -0.920705
vn -0.389518 0.178090 -0.903637
vn -0.336995 0.195731 -0.920936
vn -0.389518 0.178090 -0.903637
vn -0.369583 0.215382 -0.903891
vn -0.402218 0.235071 -0.884851
vn -0.423910 0.194488 -0.884576
vn -0.458351 0.210921 -0.863381
vn -0.402218 0.235071 -0.884851
vn -0.458351 0.210921 -0.863381
vn -0.434896 0.254804 -0.863678
vn -0.467513 0.274513 -0.840282
vn -0.492728 0.227341 -0.839961
vn -0.526997 0.243724 -0.814170
vn -0.467513 0.274513 -0.840282
vn -0.526997 0.243724 -0.814170
vn -0.500028 0.294178 -0.814513
vn 0.558142 0.409031 -0.721922
vn 0.514862 0.461766 -0.722281
vn 0.527595 0.473382 -0.705375
vn 0.558142 0.409031 -0.721922
vn 0.527595 0.473382 -0.705375
vn 0.571906 0.419390 -0.705007
vn 0.498483 0.364362 -0.786610
vn 0.459847 0.411441 -0.786929
vn 0.487454 0.436673 -0.756112
vn 0.498483 0.364362 -0.786610
vn 0.487454 0.436673 -0.756112
vn 0.528409 0.386768 -0.755774
vn 0.437796 0.318986 -0.840584
vn 0.403863 0.360332 -0.840866
vn 0.431952 0.385965 -0.815137
vn 0.437796 0.318986 -0.840584
vn 0.431952 0.385965 -0.815137
vn 0.468245 0.341743 -0.814836
vn 0.376652 0.273334 -0.885111
vn 0.347459 0.308906 -0.885352
vn 0.375688 0.334637 -0.864220
vn 0.376652 0.273334 -0.885111
vn 0.375688 0.334637 -0.864220
vn 0.407254 0.296174 -0.863959
vn 0.315573 0.227790 -0.921155
vn 0.291114 0.257591 -0.921357
vn 0.319265 0.283225 -0.904352
vn 0.315573 0.227790 -0.921155
vn 0.319265 0.283225 -0.904352
vn 0.346093 0.250538 -0.904130
vn 0.254864 0.182573 -0.949585
vn 0.235111 0.206641 -0.949749
vn 0.263058 0.232064 -0.936455
vn 0.254864 0.182573 -0.949585
vn 0.263058 0.232064 -0.936455
vn 0.285162 0.205131 -0.936271
vn 0.194686 0.137795 -0.971138
vn 0.179598 0.156180 -0.971263
vn 0.207256 0.181321 -0.961336
vn 0.194686 0.137795 -0.971138
vn 0.207256 0.181321 -0.961336
vn 0.224673 0.160099 -0.961192
vn 0.135209 0.093578 -0.986388
vn 0.124731 0.106345 -0.986475
vn 0.151953 0.131070 -0.979659
vn 0.135209 0.093578 -0.986388
vn 0.151953 0.131070 -0.979659
vn 0.164723 0.115510 -0.979553
vn 0.077953 0.051050 -0.995649
vn 0.071914 0.058409 -0.995699
vn 0.097263 0.081416 -0.991923
vn 0.077953 0.051050 -0.995649
vn 0.097263 0.081416 -0.991923
vn 0.105437 0.071455 -0.991855
vn 0.021316 0.010698 -0.999716
vn 0.044560 0.033605 -0.998441
vn 0.048307 0.029038 -0.998410
vn 0.017492 -0.028109 -0.999452
vn 0.040387 -0.051343 -0.997864
vn 0.035822 -0.055090 -0.997839
vn 0.057815 -0.084713 -0.994727
vn 0.065174 -0.078674 -0.994768
vn 0.088157 -0.103996 -0.990663
vn 0.057815 -0.084713 -0.994727
vn 0.088157 -0.103996 -0.990663
vn 0.078196 -0.112170 -0.990608
vn 0.100281 -0.141904 -0.984788
vn 0.113048 -0.131426 -0.984859
vn 0.137724 -0.158601 -0.977690
vn 0.100281 -0.141904 -0.984788
vn 0.137724 -0.158601 -0.977690
vn 0.122164 -0.171371 -0.977603
vn 0.144391 -0.201276 -0.968834
vn 0.162776 -0.186188 -0.968937
vn 0.187850 -0.213777 -0.958651
vn 0.144391 -0.201276 -0.968834
vn 0.187850 -0.213777 -0.958651
vn 0.166627 -0.231193 -0.958533
vn 0.189022 -0.261304 -0.946568
vn 0.213092 -0.241551 -0.946702
vn 0.238424 -0.269406 -0.933046
vn 0.189022 -0.261304 -0.946568
vn 0.238424 -0.269406 -0.933046
vn 0.211489 -0.291511 -0.932895
vn 0.234046 -0.321816 -0.917419
vn 0.263849 -0.297358 -0.917585
vn 0.289367 -0.325392 -0.900215
vn 0.234046 -0.321816 -0.917419
vn 0.289367 -0.325392 -0.900215
vn 0.256678 -0.352218 -0.900033
vn 0.279345 -0.382646 -0.880652
vn 0.314917 -0.353454 -0.880850
vn 0.340504 -0.381537 -0.859352
vn 0.279345 -0.382646 -0.880652
vn 0.340504 -0.381537 -0.859352
vn 0.302040 -0.413102 -0.859138
vn 0.324693 -0.443483 -0.835402
vn 0.366041 -0.409552 -0.835632
vn 0.391500 -0.437463 -0.809540
vn 0.324693 -0.443483 -0.835402
vn 0.391500 -0.437463 -0.809540
vn 0.347276 -0.473754 -0.809294
vn 0.369702 -0.503800 -0.780708
vn 0.416781 -0.465163 -0.780972
vn 0.441801 -0.492559 -0.749798
vn 0.369702 -0.503800 -0.780708
vn 0.441801 -0.492559 -0.749798
vn 0.391897 -0.533515 -0.749519
vn 0.413928 -0.563015 -0.715316
vn 0.466664 -0.519737 -0.715610
vn 0.478166 -0.532354 -0.698539
vn 0.413928 -0.563015 -0.715316
vn 0.478166 -0.532354 -0.698539
vn 0.424172 -0.576664 -0.698238
vn -0.532319 0.313725 -0.786265
vn -0.561030 0.260012 -0.785900
vn -0.594711 0.276153 -0.755022
vn -0.532319 0.313725 -0.786265
vn -0.594711 0.276153 -0.755022
vn -0.564277 0.333088 -0.755409
vn -0.596010 0.352357 -0.721538
vn -0.628169 0.292192 -0.721129
vn -0.643667 0.299669 -0.704195
vn -0.596010 0.352357 -0.721538
vn -0.643667 0.299669 -0.704195
vn -0.610742 0.361269 -0.704613
vn -0.628171 -0.301967 -0.717089
vn -0.596011 -0.362131 -0.716681
vn -0.610743 -0.370812 -0.699636
vn -0.628171 -0.301967 -0.717089
vn -0.610743 -0.370812 -0.699636
vn -0.643670 -0.309214 -0.700054
vn -0.561030 -0.270669 -0.782294
vn -0.532319 -0.324382 -0.781929
vn -0.564278 -0.343325 -0.750811
vn -0.561030 -0.270669 -0.782294
vn -0.564278 -0.343325 -0.750811
vn -0.594711 -0.286390 -0.751199
vn -0.492729 -0.238736 -0.836793
vn -0.467513 -0.285909 -0.836473
vn -0.500028 -0.305221 -0.810440
vn -0.492729 -0.238736 -0.836793
vn -0.500028 -0.305221 -0.810440
vn -0.526997 -0.254767 -0.810782
vn -0.423912 -0.206494 -0.881850
vn -0.402220 -0.247078 -0.881574
vn -0.434897 -0.266521 -0.860134
vn -0.423912 -0.206494 -0.881850
vn -0.434897 -0.266521 -0.860134
vn -0.458353 -0.222637 -0.860433
vn -0.355171 -0.174231 -0.918421
vn -0.336996 -0.208232 -0.918190
vn -0.369585 -0.227650 -0.900879
vn -0.355171 -0.174231 -0.918421
vn -0.369585 -0.227650 -0.900879
vn -0.389519 -0.190356 -0.901132
vn -0.286842 -0.142110 -0.947379
vn -0.272164 -0.169569 -0.947192
vn -0.304516 -0.188872 -0.933594
vn -0.286842 -0.142110 -0.947379
vn -0.304516 -0.188872 -0.933594
vn -0.320941 -0.158143 -0.933803
vn -0.219115 -0.110228 -0.969453
vn -0.207903 -0.131203 -0.969310
vn -0.239922 -0.150328 -0.959082
vn -0.219115 -0.110228 -0.969453
vn -0.239922 -0.150328 -0.959082
vn -0.252864 -0.126117 -0.959247
vn -0.152174 -0.078673 -0.985218
vn -0.144389 -0.093239 -0.985118
vn -0.175901 -0.112085 -0.978006
vn -0.152174 -0.078673 -0.985218
vn -0.175901 -0.112085 -0.978006
vn -0.185390 -0.094332 -0.978127
vn -0.087733 -0.048260 -0.994974
vn -0.083245 -0.056656 -0.994917
vn -0.112591 -0.074223 -0.990865
vn -0.087733 -0.048260 -0.994974
vn -0.112591 -0.074223 -0.990865
vn -0.118666 -0.062859 -0.990943
vn -0.024318 -0.019791 -0.999508
vn -0.051582 -0.037703 -0.997957
vn -0.054367 -0.032493 -0.997992
vn 0.466664 0.509963 -0.722608
vn 0.413927 0.553242 -0.722902
vn 0.424171 0.567122 -0.706011
vn 0.466664 0.509963 -0.722608
vn 0.424171 0.567122 -0.706011
vn 0.478165 0.522811 -0.705711
vn 0.416781 0.454507 -0.787221
vn 0.369700 0.493144 -0.787484
vn 0.391896 0.523280 -0.756701
vn 0.416781 0.454507 -0.787221
vn 0.391896 0.523280 -0.756701
vn 0.441802 0.482324 -0.756422
vn 0.366040 0.398155 -0.841123
vn 0.324693 0.432088 -0.841353
vn 0.347274 0.462713 -0.815658
vn 0.366040 0.398155 -0.841123
vn 0.347274 0.462713 -0.815658
vn 0.391498 0.426419 -0.815412
vn 0.314916 0.341448 -0.885574
vn 0.279343 0.370639 -0.885773
vn 0.302039 0.401385 -0.864675
vn 0.314916 0.341448 -0.885574
vn 0.302039 0.401385 -0.864675
vn 0.340504 0.369820 -0.864460
vn 0.263849 0.284856 -0.921543
vn 0.234047 0.309315 -0.921708
vn 0.256678 0.339952 -0.904737
vn 0.263849 0.284856 -0.921543
vn 0.256678 0.339952 -0.904737
vn 0.289366 0.313125 -0.904555
vn 0.213090 0.228660 -0.949899
vn 0.189022 0.248411 -0.950033
vn 0.211489 0.278800 -0.936773
vn 0.213090 0.228660 -0.949899
vn 0.211489 0.278800 -0.936773
vn 0.238424 0.256696 -0.936622
vn 0.162776 0.173002 -0.971378
vn 0.144391 0.188089 -0.971480
vn 0.166627 0.218143 -0.961587
vn 0.162776 0.173002 -0.971378
vn 0.166627 0.218143 -0.961587
vn 0.187849 0.200728 -0.961468
vn 0.113048 0.118029 -0.986554
vn 0.100281 0.128507 -0.986625
vn 0.122165 0.158069 -0.979842
vn 0.113048 0.118029 -0.986554
vn 0.122165 0.158069 -0.979842
vn 0.137725 0.145299 -0.979755
vn 0.065177 0.065145 -0.995745
vn 0.057816 0.071186 -0.995786
vn 0.078195 0.098697 -0.992041
vn 0.065177 0.065145 -0.995745
vn 0.078195 0.098697 -0.992041
vn 0.088158 0.090521 -0.991985
vn 0.017494 0.014521 -0.999741
vn 0.035823 0.041521 -0.998495
vn 0.040391 0.037773 -0.998470
vn 0.012998 -0.031112 -0.999431
vn 0.030918 -0.058366 -0.997816
vn 0.025709 -0.061150 -0.997797
vn 0.041494 -0.094495 -0.994660
vn 0.049891 -0.090007 -0.994691
vn 0.067486 -0.119326 -0.990559
vn 0.041494 -0.094495 -0.994660
vn 0.067486 -0.119326 -0.990559
vn 0.056121 -0.125400 -0.990518
vn 0.071975 -0.158871 -0.984672
vn 0.086541 -0.151086 -0.984725
vn 0.105433 -0.182551 -0.977527
vn 0.071975 -0.158871 -0.984672
vn 0.105433 -0.182551 -0.977527
vn 0.087681 -0.192040 -0.977462
vn 0.103634 -0.225705 -0.968668
vn 0.124609 -0.214493 -0.968744
vn 0.143804 -0.246443 -0.958429
vn 0.103634 -0.225705 -0.968668
vn 0.143804 -0.246443 -0.958429
vn 0.119592 -0.259385 -0.958341
vn 0.135667 -0.293282 -0.946351
vn 0.163127 -0.278606 -0.946450
vn 0.182522 -0.310865 -0.932764
vn 0.135667 -0.293282 -0.946351
vn 0.182522 -0.310865 -0.932764
vn 0.151793 -0.327289 -0.932653
vn 0.167985 -0.361412 -0.917149
vn 0.201986 -0.343238 -0.917273
vn 0.221521 -0.375709 -0.899873
vn 0.167985 -0.361412 -0.917149
vn 0.221521 -0.375709 -0.899873
vn 0.184227 -0.395643 -0.899737
vn 0.200496 -0.429904 -0.880332
vn 0.241079 -0.408213 -0.880479
vn 0.260668 -0.440744 -0.858951
vn 0.200496 -0.429904 -0.880332
vn 0.260668 -0.440744 -0.858951
vn 0.216784 -0.464200 -0.858792
vn 0.233043 -0.498414 -0.835029
vn 0.280217 -0.473200 -0.835201
vn 0.299706 -0.505538 -0.809078
vn 0.233043 -0.498414 -0.835029
vn 0.299706 -0.505538 -0.809078
vn 0.249251 -0.532507 -0.808895
vn 0.265347 -0.566348 -0.780283
vn 0.319061 -0.537637 -0.780478
vn 0.338215 -0.569384 -0.749274
vn 0.265347 -0.566348 -0.780283
vn 0.338215 -0.569384 -0.749274
vn 0.281278 -0.599818 -0.749067
vn 0.297085 -0.633044 -0.714839
vn 0.357252 -0.600885 -0.715058
vn 0.366048 -0.615501 -0.697974
vn 0.297085 -0.633044 -0.714839
vn 0.366048 -0.615501 -0.697974
vn 0.304447 -0.648427 -0.697749
vn -0.021315 0.010700 -0.999716
vn -0.048306 0.029039 -0.998410
vn -0.044558 0.033607 -0.998441
vn -0.071913 0.058410 -0.995699
vn -0.077953 0.051051 -0.995649
vn -0.105438 0.071456 -0.991855
vn -0.071913 0.058410 -0.995699
vn -0.105438 0.071456 -0.991855
vn -0.097264 0.081416 -0.991923
vn -0.124732 0.106344 -0.986475
vn -0.135209 0.093578 -0.986388
vn -0.164723 0.115510 -0.979553
vn -0.124732 0.106344 -0.986475
vn -0.164723 0.115510 -0.979553
vn -0.151953 0.131070 -0.979659
vn -0.179599 0.156180 -0.971263
vn -0.194687 0.137795 -0.971138
vn -0.224673 0.160099 -0.961192
vn -0.179599 0.156180 -0.971263
vn -0.224673 0.160099 -0.961192
vn -0.207257 0.181321 -0.961336
vn -0.235111 0.206640 -0.949749
vn -0.254864 0.182573 -0.949585
vn -0.285163 0.205130 -0.936271
vn -0.235111 0.206640 -0.949749
vn -0.285163 0.205130 -0.936271
vn -0.263058 0.232063 -0.936455
vn -0.291114 0.257591 -0.921357
vn -0.315573 0.227789 -0.921154
vn -0.346093 0.250537 -0.904130
vn -0.291114 0.257591 -0.921357
vn -0.346093 0.250537 -0.904130
vn -0.319266 0.283225 -0.904352
vn -0.347460 0.308906 -0.885352
vn -0.376652 0.273334 -0.885111
vn -0.407254 0.296174 -0.863959
vn -0.347460 0.308906 -0.885352
vn -0.407254 0.296174 -0.863959
vn -0.375688 0.334637 -0.864220
vn -0.403863 0.360333 -0.840865
vn -0.437797 0.318986 -0.840584
vn -0.468245 0.341744 -0.814836
vn -0.403863 0.360333 -0.840865
vn -0.468245 0.341744 -0.814836
vn -0.431952 0.385966 -0.815137
vn -0.459847 0.411442 -0.786928
vn -0.498484 0.364362 -0.786609
vn -0.528409 0.386769 -0.755774
vn -0.459847 0.411442 -0.786928
vn -0.528409 0.386769 -0.755774
vn -0.487454 0.436673 -0.756112
vn -0.514862 0.461766 -0.722281
vn -0.558141 0.409031 -0.721923
vn -0.571905 0.419391 -0.705008
vn -0.514862 0.461766 -0.722281
vn -0.571905 0.419391 -0.705008
vn -0.527595 0.473383 -0.705374
vn -0.558142 -0.418806 -0.716296
vn -0.514862 -0.471541 -0.715937
vn -0.527595 -0.482927 -0.698874
vn -0.558142 -0.418806 -0.716296
vn -0.527595 -0.482927 -0.698874
vn -0.571906 -0.428935 -0.699241
vn -0.498482 -0.375021 -0.781585
vn -0.459844 -0.422100 -0.781265
vn -0.487452 -0.446909 -0.750109
vn -0.498482 -0.375021 -0.781585
vn -0.487452 -0.446909 -0.750109
vn -0.528409 -0.397006 -0.750447
vn 0.357250 0.591112 -0.723159
vn 0.297085 0.623270 -0.723377
vn 0.304447 0.638883 -0.706499
vn 0.357250 0.591112 -0.723159
vn 0.304447 0.638883 -0.706499
vn 0.366047 0.605959 -0.706275
vn 0.319061 0.526980 -0.787713
vn 0.265348 0.555692 -0.787907
vn 0.281278 0.589583 -0.757149
vn 0.319061 0.526980 -0.787713
vn 0.281278 0.589583 -0.757149
vn 0.338213 0.559149 -0.756944
vn 0.280217 0.461806 -0.841555
vn 0.233043 0.487020 -0.841726
vn 0.249251 0.521465 -0.816057
vn 0.280217 0.461806 -0.841555
vn 0.249251 0.521465 -0.816057
vn 0.299706 0.494497 -0.815873
vn 0.241079 0.396206 -0.885947
vn 0.200495 0.417898 -0.886094
vn 0.216783 0.452484 -0.865022
vn 0.241079 0.396206 -0.885947
vn 0.216783 0.452484 -0.865022
vn 0.260667 0.429028 -0.864863
vn 0.201987 0.330737 -0.921854
vn 0.167984 0.348912 -0.921977
vn 0.184227 0.383376 -0.905032
vn 0.201987 0.330737 -0.921854
vn 0.184227 0.383376 -0.905032
vn 0.221522 0.363442 -0.904896
vn 0.163128 0.265712 -0.950151
vn 0.135668 0.280390 -0.950250
vn 0.151793 0.314580 -0.937016
vn 0.163128 0.265712 -0.950151
vn 0.151793 0.314580 -0.937016
vn 0.182522 0.298155 -0.936904
vn 0.124611 0.201305 -0.971570
vn 0.103636 0.212516 -0.971646
vn 0.119594 0.246331 -0.961779
vn 0.124611 0.201305 -0.971570
vn 0.119594 0.246331 -0.961779
vn 0.143806 0.233390 -0.961691
vn 0.086541 0.137688 -0.986688
vn 0.071975 0.145473 -0.986741
vn 0.087681 0.178736 -0.979982
vn 0.086541 0.137688 -0.986688
vn 0.087681 0.178736 -0.979982
vn 0.105435 0.169247 -0.979918
vn 0.049893 0.076479 -0.995822
vn 0.041495 0.080968 -0.995853
vn 0.056121 0.111927 -0.992130
vn 0.049893 0.076479 -0.995822
vn 0.056121 0.111927 -0.992130
vn 0.067487 0.105852 -0.992089
vn 0.012998 0.017525 -0.999762
vn 0.025709 0.047583 -0.998536
vn 0.030919 0.044798 -0.998517
vn 0.008005 -0.033181 -0.999417
vn 0.020264 -0.063405 -0.997782
vn 0.014611 -0.065120 -0.997770
vn 0.023584 -0.100902 -0.994617
vn 0.032696 -0.098139 -0.994636
vn 0.044228 -0.130326 -0.990484
vn 0.023584 -0.100902 -0.994617
vn 0.044228 -0.130326 -0.990484
vn 0.031896 -0.134067 -0.990459
vn 0.040907 -0.169988 -0.984597
vn 0.056713 -0.165193 -0.984629
vn 0.069094 -0.199739 -0.977410
vn 0.040907 -0.169988 -0.984597
vn 0.069094 -0.199739 -0.977410
vn 0.049831 -0.205583 -0.977370
vn 0.058899 -0.241712 -0.968559
vn 0.081658 -0.234808 -0.968606
vn 0.094237 -0.269886 -0.958270
vn 0.058899 -0.241712 -0.968559
vn 0.094237 -0.269886 -0.958270
vn 0.067966 -0.277856 -0.958216
vn 0.077102 -0.314236 -0.946209
vn 0.106897 -0.305198 -0.946270
vn 0.119607 -0.340620 -0.932562
vn 0.077102 -0.314236 -0.946209
vn 0.119607 -0.340620 -0.932562
vn 0.086264 -0.350734 -0.932493
vn 0.095467 -0.387358 -0.916973
vn 0.132361 -0.376167 -0.917049
vn 0.145164 -0.411823 -0.899627
vn 0.095467 -0.387358 -0.916973
vn 0.145164 -0.411823 -0.899627
vn 0.104697 -0.424098 -0.899544
vn 0.113943 -0.460874 -0.880120
vn 0.157979 -0.447515 -0.880212
vn 0.170815 -0.483241 -0.858662
vn 0.113943 -0.460874 -0.880120
vn 0.170815 -0.483241 -0.858662
vn 0.123198 -0.497686 -0.858563
vn 0.132439 -0.534411 -0.834784
vn 0.183624 -0.518884 -0.834890
vn 0.196395 -0.554400 -0.808745
vn 0.132439 -0.534411 -0.834784
vn 0.196395 -0.554400 -0.808745
vn 0.141650 -0.571007 -0.808632
vn 0.150797 -0.607333 -0.780004
vn 0.209079 -0.589654 -0.780124
vn 0.221630 -0.624524 -0.748899
vn 0.150797 -0.607333 -0.780004
vn 0.221630 -0.624524 -0.748899
vn 0.159852 -0.643264 -0.748771
vn 0.168828 -0.678931 -0.714528
vn 0.234111 -0.659128 -0.714662
vn 0.239865 -0.675177 -0.697568
vn 0.168828 -0.678931 -0.714528
vn 0.239865 -0.675177 -0.697568
vn 0.173025 -0.695451 -0.697431
vn -0.437796 -0.330384 -0.836171
vn -0.403863 -0.371730 -0.835889
vn -0.431951 -0.397011 -0.809815
vn -0.437796 -0.330384 -0.836171
vn -0.431951 -0.397011 -0.809815
vn -0.468243 -0.352789 -0.810116
vn -0.376652 -0.285342 -0.881313
vn -0.347459 -0.320913 -0.881071
vn -0.375688 -0.346355 -0.859591
vn -0.376652 -0.285342 -0.881313
vn -0.375688 -0.346355 -0.859591
vn -0.407254 -0.307891 -0.859853
vn -0.315573 -0.240291 -0.917973
vn -0.291114 -0.270093 -0.917770
vn -0.319266 -0.295494 -0.900418
vn -0.315573 -0.240291 -0.917973
vn -0.319266 -0.295494 -0.900418
vn -0.346093 -0.262806 -0.900640
vn -0.254863 -0.195462 -0.947016
vn -0.235111 -0.219530 -0.946852
vn -0.263057 -0.244772 -0.933214
vn -0.254863 -0.195462 -0.947016
vn -0.263057 -0.244772 -0.933214
vn -0.285162 -0.217838 -0.933397
vn -0.194686 -0.150981 -0.969176
vn -0.179599 -0.169365 -0.969051
vn -0.207257 -0.194369 -0.958783
vn -0.194686 -0.150981 -0.969176
vn -0.207257 -0.194369 -0.958783
vn -0.224673 -0.173148 -0.958927
vn -0.135208 -0.106978 -0.985025
vn -0.124730 -0.119744 -0.984938
vn -0.151953 -0.144373 -0.977787
vn -0.135208 -0.106978 -0.985025
vn -0.151953 -0.144373 -0.977787
vn -0.164723 -0.128814 -0.977892
vn -0.077952 -0.064578 -0.994863
vn -0.071911 -0.071938 -0.994813
vn -0.097261 -0.094893 -0.990725
vn -0.077952 -0.064578 -0.994863
vn -0.097261 -0.094893 -0.990725
vn -0.105436 -0.084931 -0.990793
vn -0.021314 -0.024287 -0.999478
vn -0.044558 -0.047173 -0.997892
vn -0.048306 -0.042607 -0.997923
vn -0.017493 0.014522 -0.999742
vn -0.040390 0.037774 -0.998470
vn -0.035823 0.041521 -0.998495
vn -0.057816 0.071186 -0.995786
vn -0.065176 0.065145 -0.995745
vn -0.088158 0.090521 -0.991985
vn -0.057816 0.071186 -0.995786
vn -0.088158 0.090521 -0.991985
vn -0.078195 0.098697 -0.992041
vn -0.100281 0.128507 -0.986625
vn -0.113049 0.118028 -0.986554
vn -0.137725 0.145298 -0.979755
vn -0.100281 0.128507 -0.986625
vn -0.137725 0.145298 -0.979755
vn -0.122165 0.158069 -0.979842
vn -0.144392 0.188089 -0.971480
vn -0.162776 0.173002 -0.971378
vn -0.187850 0.200727 -0.961468
vn -0.144392 0.188089 -0.971480
vn -0.187850 0.200727 -0.961468
vn -0.166627 0.218143 -0.961587
vn 0.234112 0.649353 -0.723555
vn 0.168829 0.669156 -0.723690
vn 0.173026 0.685907 -0.706819
vn 0.234112 0.649353 -0.723555
vn 0.173026 0.685907 -0.706819
vn 0.239866 0.665633 -0.706681
vn 0.209079 0.578998 -0.788065
vn 0.150796 0.596676 -0.788187
vn 0.159851 0.633027 -0.757446
vn 0.209079 0.578998 -0.788065
vn 0.159851 0.633027 -0.757446
vn 0.221631 0.614288 -0.757317
vn 0.183624 0.507490 -0.841865
vn 0.132438 0.523017 -0.841970
vn 0.141648 0.559965 -0.816318
vn 0.183624 0.507490 -0.841865
vn 0.141648 0.559965 -0.816318
vn 0.196394 0.543358 -0.816205
vn 0.157978 0.435510 -0.886213
vn 0.113942 0.448868 -0.886304
vn 0.123197 0.485970 -0.865249
vn 0.157978 0.435510 -0.886213
vn 0.123197 0.485970 -0.865249
vn 0.170814 0.471526 -0.865151
vn 0.132360 0.363668 -0.922077
vn 0.095465 0.374859 -0.922154
vn 0.104696 0.411833 -0.905225
vn 0.132360 0.363668 -0.922077
vn 0.104696 0.411833 -0.905225
vn 0.145162 0.399557 -0.905142
vn 0.106896 0.292307 -0.950331
vn 0.077100 0.301346 -0.950393
vn 0.086262 0.338027 -0.937175
vn 0.106896 0.292307 -0.950331
vn 0.086262 0.338027 -0.937175
vn 0.119606 0.327912 -0.937106
vn 0.081656 0.221620 -0.971708
vn 0.058896 0.228524 -0.971755
vn 0.067963 0.264804 -0.961904
vn 0.081656 0.221620 -0.971708
vn 0.067963 0.264804 -0.961904
vn 0.094235 0.256835 -0.961850
vn 0.056709 0.151796 -0.986784
vn 0.040905 0.156591 -0.986816
vn 0.049828 0.192280 -0.980074
vn 0.056709 0.151796 -0.986784
vn 0.049828 0.192280 -0.980074
vn 0.069091 0.186436 -0.980035
vn 0.032694 0.084613 -0.995877
vn 0.023584 0.087377 -0.995896
vn 0.031894 0.120595 -0.992189
vn 0.032694 0.084613 -0.995877
vn 0.031894 0.120595 -0.992189
vn 0.044225 0.116854 -0.992164
vn 0.008004 0.019593 -0.999776
vn 0.014611 0.051553 -0.998563
vn 0.020263 0.049838 -0.998552
vn 0.002704 -0.034235 -0.999410
vn 0.008828 -0.066270 -0.997763
vn 0.002949 -0.066849 -0.997759
vn 0.004763 -0.103695 -0.994598
vn 0.014238 -0.102761 -0.994604
vn 0.019261 -0.136580 -0.990442
vn 0.004763 -0.103695 -0.994598
vn 0.019261 -0.136580 -0.990442
vn 0.006436 -0.137844 -0.990433
vn 0.008260 -0.174831 -0.984564
vn 0.024697 -0.173212 -0.984575
vn 0.030093 -0.209509 -0.977344
vn 0.008260 -0.174831 -0.984564
vn 0.030093 -0.209509 -0.977344
vn 0.010059 -0.211482 -0.977330
vn 0.011895 -0.248684 -0.968512
vn 0.035564 -0.246353 -0.968527
vn 0.041046 -0.283210 -0.958179
vn 0.011895 -0.248684 -0.968512
vn 0.041046 -0.283210 -0.958179
vn 0.013724 -0.285900 -0.958161
vn 0.015572 -0.323364 -0.946146
vn 0.046558 -0.320312 -0.946167
vn 0.052095 -0.357531 -0.932447
vn 0.015572 -0.323364 -0.946146
vn 0.052095 -0.357531 -0.932447
vn 0.017419 -0.360947 -0.932424
vn 0.019279 -0.398661 -0.916896
vn 0.057648 -0.394881 -0.916922
vn 0.063224 -0.432348 -0.899488
vn 0.019279 -0.398661 -0.916896
vn 0.063224 -0.432348 -0.899488
vn 0.021141 -0.436493 -0.899459
vn 0.023009 -0.474362 -0.880029
vn 0.068805 -0.469853 -0.880059
vn 0.074398 -0.507392 -0.858498
vn 0.023009 -0.474362 -0.880029
vn 0.074398 -0.507392 -0.858498
vn 0.024878 -0.512268 -0.858465
vn 0.026746 -0.550087 -0.834679
vn 0.079977 -0.544845 -0.834714
vn 0.085541 -0.582167 -0.808557
vn 0.026746 -0.550087 -0.834679
vn 0.085541 -0.582167 -0.808557
vn 0.028606 -0.587773 -0.808520
vn 0.030454 -0.625184 -0.779883
vn 0.091066 -0.619214 -0.779923
vn 0.096532 -0.655859 -0.748686
vn 0.030454 -0.625184 -0.779883
vn 0.096532 -0.655859 -0.748686
vn 0.032283 -0.662187 -0.748643
vn 0.034083 -0.698916 -0.714391
vn 0.101976 -0.692229 -0.714437
vn 0.104465 -0.709088 -0.697339
vn 0.034083 -0.698916 -0.714391
vn 0.104465 -0.709088 -0.697339
vn 0.034953 -0.715935 -0.697291
vn -0.189022 0.248411 -0.950033
vn -0.213090 0.228659 -0.949899
vn -0.238424 0.256696 -0.936622
vn -0.189022 0.248411 -0.950033
vn -0.238424 0.256696 -0.936622
vn -0.211489 0.278800 -0.936773
vn -0.234047 0.309315 -0.921708
vn -0.263849 0.284856 -0.921543
vn -0.289367 0.313124 -0.904555
vn -0.234047 0.309315 -0.921708
vn -0.289367 0.313124 -0.904555
vn -0.256678 0.339952 -0.904737
vn -0.279344 0.370640 -0.885773
vn -0.314917 0.341448 -0.885574
vn -0.340504 0.369820 -0.864460
vn -0.279344 0.370640 -0.885773
vn -0.340504 0.369820 -0.864460
vn -0.302039 0.401385 -0.864675
vn -0.324693 0.432088 -0.841353
vn -0.366040 0.398155 -0.841122
vn -0.391498 0.426419 -0.815412
vn -0.324693 0.432088 -0.841353
vn -0.391498 0.426419 -0.815412
vn -0.347275 0.462712 -0.815658
vn -0.369701 0.493144 -0.787484
vn -0.416781 0.454507 -0.787221
vn -0.441802 0.482324 -0.756422
vn -0.369701 0.493144 -0.787484
vn -0.441802 0.482324 -0.756422
vn -0.391897 0.523280 -0.756700
vn -0.413929 0.553243 -0.722901
vn -0.466664 0.509963 -0.722608
vn -0.478165 0.522811 -0.705710
vn -0.413929 0.553243 -0.722901
vn -0.478165 0.522811 -0.705710
vn -0.424172 0.567122 -0.706010
vn -0.466664 -0.519738 -0.715610
vn -0.413927 -0.563016 -0.715316
vn -0.424171 -0.576664 -0.698238
vn -0.466664 -0.519738 -0.715610
vn -0.424171 -0.576664 -0.698238
vn -0.478166 -0.532355 -0.698538
vn -0.416780 -0.465163 -0.780972
vn -0.369701 -0.503800 -0.780709
vn -0.391896 -0.533516 -0.749518
vn -0.416780 -0.465163 -0.780972
vn -0.391896 -0.533516 -0.749518
vn -0.441800 -0.492560 -0.749798
vn -0.366041 -0.409552 -0.835632
vn -0.324693 -0.443484 -0.835402
vn -0.347275 -0.473755 -0.809294
vn -0.366041 -0.409552 -0.835632
vn -0.347275 -0.473755 -0.809294
vn -0.391499 -0.437462 -0.809540
vn -0.314916 -0.353454 -0.880851
vn -0.279344 -0.382645 -0.880653
vn -0.302039 -0.413101 -0.859139
vn -0.314916 -0.353454 -0.880851
vn -0.302039 -0.413101 -0.859139
vn -0.340504 -0.381536 -0.859353
vn -0.263849 -0.297359 -0.917585
vn -0.234046 -0.321817 -0.917418
vn -0.256678 -0.352219 -0.900032
vn -0.263849 -0.297359 -0.917585
vn -0.256678 -0.352219 -0.900032
vn -0.289366 -0.325393 -0.900215
vn -0.213091 -0.241550 -0.946702
vn -0.189023 -0.261303 -0.946568
vn -0.211490 -0.291511 -0.932895
vn -0.213091 -0.241550 -0.946702
vn -0.211490 -0.291511 -0.932895
vn -0.238424 -0.269406 -0.933046
vn 0.101975 0.682452 -0.723782
vn 0.034082 0.689138 -0.723828
vn 0.034953 0.706387 -0.706962
vn 0.101975 0.682452 -0.723782
vn 0.034953 0.706387 -0.706962
vn 0.104465 0.699543 -0.706914
vn 0.091064 0.608557 -0.788268
vn 0.030453 0.614527 -0.788308
vn 0.032281 0.651949 -0.757575
vn 0.091064 0.608557 -0.788268
vn 0.032281 0.651949 -0.757575
vn 0.096529 0.645621 -0.757533
vn 0.079976 0.533452 -0.842041
vn 0.026745 0.538694 -0.842077
vn 0.028605 0.576732 -0.816433
vn 0.079976 0.533452 -0.842041
vn 0.028605 0.576732 -0.816433
vn 0.085539 0.571125 -0.816394
vn 0.068806 0.457847 -0.886364
vn 0.023011 0.462359 -0.886394
vn 0.024878 0.500556 -0.865347
vn 0.068806 0.457847 -0.886364
vn 0.024878 0.500556 -0.865347
vn 0.074397 0.495678 -0.865314
vn 0.057649 0.382380 -0.922205
vn 0.019280 0.386159 -0.922231
vn 0.021142 0.424226 -0.905309
vn 0.057649 0.382380 -0.922205
vn 0.021142 0.424226 -0.905309
vn 0.063226 0.420081 -0.905281
vn 0.046557 0.307421 -0.950434
vn 0.015572 0.310472 -0.950455
vn 0.017419 0.348238 -0.937244
vn 0.046557 0.307421 -0.950434
vn 0.017419 0.348238 -0.937244
vn 0.052095 0.344823 -0.937221
vn 0.035564 0.233165 -0.971787
vn 0.011896 0.235496 -0.971803
vn 0.013724 0.272850 -0.961959
vn 0.035564 0.233165 -0.971787
vn 0.013724 0.272850 -0.961959
vn 0.041045 0.270159 -0.961941
vn 0.024698 0.159814 -0.986838
vn 0.008261 0.161433 -0.986849
vn 0.010061 0.198177 -0.980115
vn 0.024698 0.159814 -0.986838
vn 0.010061 0.198177 -0.980115
vn 0.030094 0.196205 -0.980101
vn 0.014238 0.089235 -0.995909
vn 0.004762 0.090169 -0.995915
vn 0.006438 0.124371 -0.992215
vn 0.014238 0.089235 -0.995909
vn 0.006438 0.124371 -0.992215
vn 0.019262 0.123107 -0.992206
vn 0.002702 0.020648 -0.999783
vn 0.002947 0.053282 -0.998575
vn 0.008826 0.052703 -0.998571
vn -0.002704 -0.034235 -0.999410
vn -0.002949 -0.066849 -0.997759
vn -0.008828 -0.066270 -0.997763
vn -0.014238 -0.102761 -0.994604
vn -0.004763 -0.103695 -0.994598
vn -0.006436 -0.137844 -0.990433
vn -0.014238 -0.102761 -0.994604
vn -0.006436 -0.137844 -0.990433
vn -0.019261 -0.136580 -0.990442
vn -0.024696 -0.173212 -0.984575
vn -0.008259 -0.174831 -0.984564
vn -0.010059 -0.211481 -0.977330
vn -0.024696 -0.173212 -0.984575
vn -0.010059 -0.211481 -0.977330
vn -0.030092 -0.209508 -0.977344
vn -0.035564 -0.246353 -0.968527
vn -0.011894 -0.248684 -0.968512
vn -0.013723 -0.285900 -0.958161
vn -0.035564 -0.246353 -0.968527
vn -0.013723 -0.285900 -0.958161
vn -0.041046 -0.283210 -0.958179
vn -0.046558 -0.320312 -0.946167
vn -0.015571 -0.323364 -0.946146
vn -0.017419 -0.360947 -0.932424
vn -0.046558 -0.320312 -0.946167
vn -0.017419 -0.360947 -0.932424
vn -0.052095 -0.357531 -0.932447
vn -0.057648 -0.394881 -0.916922
vn -0.019279 -0.398661 -0.916896
vn -0.021140 -0.436494 -0.899459
vn -0.057648 -0.394881 -0.916922
vn -0.021140 -0.436494 -0.899459
vn -0.063224 -0.432348 -0.899488
vn -0.068805 -0.469852 -0.880059
vn -0.023009 -0.474362 -0.880029
vn -0.024878 -0.512268 -0.858465
vn -0.068805 -0.469852 -0.880059
vn -0.024878 -0.512268 -0.858465
vn -0.074397 -0.507392 -0.858498
vn -0.079977 -0.544846 -0.834713
vn -0.026745 -0.550087 -0.834679
vn -0.028606 -0.587774 -0.808519
vn -0.079977 -0.544846 -0.834713
vn -0.028606 -0.587774 -0.808519
vn -0.085541 -0.582168 -0.808557
vn -0.091066 -0.619214 -0.779924
vn -0.030454 -0.625184 -0.779883
vn -0.032283 -0.662187 -0.748643
vn -0.091066 -0.619214 -0.779924
vn -0.032283 -0.662187 -0.748643
vn -0.096532 -0.655859 -0.748686
vn -0.101976 -0.692228 -0.714437
vn -0.034083 -0.698916 -0.714391
vn -0.034953 -0.715936 -0.697291
vn -0.101976 -0.692228 -0.714437
vn -0.034953 -0.715936 -0.697291
vn -0.104465 -0.709088 -0.697339
vn -0.162776 -0.186187 -0.968937
vn -0.144391 -0.201274 -0.968834
vn -0.166627 -0.231192 -0.958533
vn -0.162776 -0.186187 -0.968937
vn -0.166627 -0.231192 -0.958533
vn -0.187850 -0.213776 -0.958651
vn -0.113048 -0.131426 -0.984859
vn -0.100282 -0.141904 -0.984788
vn -0.122165 -0.171371 -0.977603
vn -0.113048 -0.131426 -0.984859
vn -0.122165 -0.171371 -0.977603
vn -0.137725 -0.158600 -0.977690
vn -0.065175 -0.078675 -0.994768
vn -0.057815 -0.084714 -0.994727
vn -0.078196 -0.112170 -0.990608
vn -0.065175 -0.078675 -0.994768
vn -0.078196 -0.112170 -0.990608
vn -0.088158 -0.103996 -0.990663
vn -0.017491 -0.028109 -0.999452
vn -0.035822 -0.055090 -0.997839
vn -0.040387 -0.051343 -0.997864
vn -0.012998 0.017525 -0.999762
vn -0.030919 0.044798 -0.998517
vn -0.025709 0.047583 -0.998536
vn -0.041495 0.080968 -0.995853
vn -0.049892 0.076480 -0.995822
vn -0.067486 0.105852 -0.992089
vn -0.041495 0.080968 -0.995853
vn -0.067486 0.105852 -0.992089
vn -0.056122 0.111927 -0.992130
vn -0.071975 0.145473 -0.986741
vn -0.086541 0.137688 -0.986688
vn -0.105434 0.169248 -0.979918
vn -0.071975 0.145473 -0.986741
vn -0.105434 0.169248 -0.979918
vn -0.087681 0.178736 -0.979982
vn -0.103635 0.212516 -0.971646
vn -0.124611 0.201305 -0.971570
vn -0.143806 0.233390 -0.961691
vn -0.103635 0.212516 -0.971646
vn -0.143806 0.233390 -0.961691
vn -0.119593 0.246332 -0.961779
vn -0.135667 0.280389 -0.950251
vn -0.163128 0.265712 -0.950151
vn -0.182522 0.298155 -0.936904
vn -0.135667 0.280389 -0.950251
vn -0.182522 0.298155 -0.936904
vn -0.151792 0.314580 -0.937016
vn -0.167984 0.348912 -0.921977
vn -0.201987 0.330738 -0.921854
vn -0.221522 0.363443 -0.904896
vn -0.167984 0.348912 -0.921977
vn -0.221522 0.363443 -0.904896
vn -0.184228 0.383377 -0.905032
vn -0.200496 0.417899 -0.886094
vn -0.241080 0.396206 -0.885947
vn -0.260667 0.429028 -0.864863
vn -0.200496 0.417899 -0.886094
vn -0.260667 0.429028 -0.864863
vn -0.216783 0.452484 -0.865022
vn -0.233043 0.487020 -0.841726
vn -0.280217 0.461806 -0.841554
vn -0.299706 0.494497 -0.815873
vn -0.233043 0.487020 -0.841726
vn -0.299706 0.494497 -0.815873
vn -0.249251 0.521465 -0.816057
vn -0.034081 0.689138 -0.723828
vn -0.101975 0.682453 -0.723781
vn -0.104465 0.699544 -0.706912
vn -0.034081 0.689138 -0.723828
vn -0.104465 0.699544 -0.706912
vn -0.034953 0.706388 -0.706961
vn -0.030452 0.614526 -0.788308
vn -0.091064 0.608556 -0.788268
vn -0.096529 0.645621 -0.757533
vn -0.030452 0.614526 -0.788308
vn -0.096529 0.645621 -0.757533
vn -0.032281 0.651949 -0.757575
vn -0.026744 0.538694 -0.842077
vn -0.079976 0.533453 -0.842040
vn -0.085539 0.571126 -0.816394
vn -0.026744 0.538694 -0.842077
vn -0.085539 0.571126 -0.816394
vn -0.028605 0.576732 -0.816433
vn -0.023011 0.462359 -0.886394
vn -0.068806 0.457847 -0.886364
vn -0.074397 0.495677 -0.865314
vn -0.023011 0.462359 -0.886394
vn -0.074397 0.495677 -0.865314
vn -0.024878 0.500556 -0.865347
vn -0.019280 0.386159 -0.922231
vn -0.057649 0.382381 -0.922205
vn -0.063226 0.420081 -0.905281
vn -0.019280 0.386159 -0.922231
vn -0.063226 0.420081 -0.905281
vn -0.021142 0.424226 -0.905309
vn -0.015571 0.310473 -0.950455
vn -0.046557 0.307421 -0.950434
vn -0.052095 0.344823 -0.937221
vn -0.015571 0.310473 -0.950455
vn -0.052095 0.344823 -0.937221
vn -0.017419 0.348238 -0.937244
vn -0.011895 0.235496 -0.971803
vn -0.035564 0.233165 -0.971787
vn -0.041045 0.270159 -0.961940
vn -0.011895 0.235496 -0.971803
vn -0.041045 0.270159 -0.961940
vn -0.013723 0.272850 -0.961959
vn -0.008260 0.161433 -0.986849
vn -0.024697 0.159814 -0.986838
vn -0.030093 0.196205 -0.980101
vn -0.008260 0.161433 -0.986849
vn -0.030093 0.196205 -0.980101
vn -0.010060 0.198177 -0.980115
vn -0.004762 0.090169 -0.995915
vn -0.014238 0.089235 -0.995909
vn -0.019262 0.123107 -0.992206
vn -0.004762 0.090169 -0.995915
vn -0.019262 0.123107 -0.992206
vn -0.006437 0.124371 -0.992215
vn -0.002702 0.020648 -0.999783
vn -0.008826 0.052703 -0.998571
vn -0.002947 0.053282 -0.998575
vn -0.008005 -0.033181 -0.999417
vn -0.014610 -0.065120 -0.997770
vn -0.020263 -0.063405 -0.997782
vn -0.032696 -0.098139 -0.994636
vn -0.023584 -0.100902 -0.994617
vn -0.031895 -0.134067 -0.990459
vn -0.032696 -0.098139 -0.994636
vn -0.031895 -0.134067 -0.990459
vn -0.044228 -0.130326 -0.990484
vn -0.056712 -0.165193 -0.984629
vn -0.040907 -0.169988 -0.984597
vn -0.049831 -0.205582 -0.977370
vn -0.056712 -0.165193 -0.984629
vn -0.049831 -0.205582 -0.977370
vn -0.069094 -0.199739 -0.977410
vn -0.081657 -0.234807 -0.968606
vn -0.058899 -0.241712 -0.968559
vn -0.067965 -0.277856 -0.958216
vn -0.081657 -0.234807 -0.968606
vn -0.067965 -0.277856 -0.958216
vn -0.094236 -0.269886 -0.958270
vn -0.106896 -0.305199 -0.946270
vn -0.077101 -0.314237 -0.946209
vn -0.086263 -0.350735 -0.932493
vn -0.106896 -0.305199 -0.946270
vn -0.086263 -0.350735 -0.932493
vn -0.119607 -0.340621 -0.932562
vn -0.132361 -0.376167 -0.917049
vn -0.095466 -0.387358 -0.916973
vn -0.104696 -0.424098 -0.899544
vn -0.132361 -0.376167 -0.917049
vn -0.104696 -0.424098 -0.899544
vn -0.145164 -0.411823 -0.899627
vn -0.157980 -0.447515 -0.880212
vn -0.113943 -0.460874 -0.880121
vn -0.123199 -0.497686 -0.858563
vn -0.157980 -0.447515 -0.880212
vn -0.123199 -0.497686 -0.858563
vn -0.170815 -0.483241 -0.858662
vn -0.183625 -0.518885 -0.834889
vn -0.132439 -0.534412 -0.834783
vn -0.141650 -0.571007 -0.808632
vn -0.183625 -0.518885 -0.834889
vn -0.141650 -0.571007 -0.808632
vn -0.196395 -0.554401 -0.808745
vn -0.209078 -0.589653 -0.780125
vn -0.150797 -0.607333 -0.780005
vn -0.159850 -0.643264 -0.748772
vn -0.209078 -0.589653 -0.780125
vn -0.159850 -0.643264 -0.748772
vn -0.221629 -0.624523 -0.748900
vn -0.234111 -0.659129 -0.714662
vn -0.168827 -0.678931 -0.714528
vn -0.173024 -0.695451 -0.697431
vn -0.234111 -0.659129 -0.714662
vn -0.173024 -0.695451 -0.697431
vn -0.239865 -0.675178 -0.697567
vn -0.265347 0.555690 -0.787908
vn -0.319061 0.526979 -0.787714
vn -0.338214 0.559149 -0.756944
vn -0.265347 0.555690 -0.787908
vn -0.338214 0.559149 -0.756944
vn -0.281278 0.589582 -0.757150
vn -0.297086 0.623271 -0.723376
vn -0.357252 0.591112 -0.723158
vn -0.366048 0.605959 -0.706273
vn -0.297086 0.623271 -0.723376
vn -0.366048 0.605959 -0.706273
vn -0.304448 0.638884 -0.706497
vn -0.357252 -0.600885 -0.715058
vn -0.297086 -0.633044 -0.714839
vn -0.304448 -0.648428 -0.697749
vn -0.357252 -0.600885 -0.715058
vn -0.304448 -0.648428 -0.697749
vn -0.366048 -0.615501 -0.697974
vn -0.319060 -0.537637 -0.780479
vn -0.265346 -0.566347 -0.780284
vn -0.281278 -0.599817 -0.749068
vn -0.319060 -0.537637 -0.780479
vn -0.281278 -0.599817 -0.749068
vn -0.338215 -0.569385 -0.749274
vn -0.280216 -0.473201 -0.835200
vn -0.233042 -0.498415 -0.835029
vn -0.249250 -0.532508 -0.808894
vn -0.280216 -0.473201 -0.835200
vn -0.249250 -0.532508 -0.808894
vn -0.299705 -0.505539 -0.809078
vn -0.241079 -0.408212 -0.880479
vn -0.200496 -0.429904 -0.880332
vn -0.216784 -0.464200 -0.858792
vn -0.241079 -0.408212 -0.880479
vn -0.216784 -0.464200 -0.858792
vn -0.260667 -0.440744 -0.858952
vn -0.201987 -0.343239 -0.917272
vn -0.167985 -0.361413 -0.917149
vn -0.184228 -0.395643 -0.899737
vn -0.201987 -0.343239 -0.917272
vn -0.184228 -0.395643 -0.899737
vn -0.221522 -0.375709 -0.899873
vn -0.163128 -0.278605 -0.946450
vn -0.135667 -0.293282 -0.946351
vn -0.151793 -0.327290 -0.932652
vn -0.163128 -0.278605 -0.946450
vn -0.151793 -0.327290 -0.932652
vn -0.182523 -0.310865 -0.932764
vn -0.124609 -0.214492 -0.968745
vn -0.103634 -0.225704 -0.968668
vn -0.119592 -0.259383 -0.958341
vn -0.124609 -0.214492 -0.968745
vn -0.119592 -0.259383 -0.958341
vn -0.143804 -0.246441 -0.958429
vn -0.086542 -0.151085 -0.984725
vn -0.071976 -0.158870 -0.984672
vn -0.087681 -0.192040 -0.977462
vn -0.086542 -0.151085 -0.984725
vn -0.087681 -0.192040 -0.977462
vn -0.105434 -0.182550 -0.977527
vn -0.049892 -0.090007 -0.994691
vn -0.041496 -0.094494 -0.994660
vn -0.056123 -0.125399 -0.990518
vn -0.049892 -0.090007 -0.994691
vn -0.056123 -0.125399 -0.990518
vn -0.067487 -0.119325 -0.990559
vn -0.012998 -0.031112 -0.999431
vn -0.025709 -0.061150 -0.997797
vn -0.030918 -0.058366 -0.997816
vn -0.168829 0.669157 -0.723689
vn -0.234112 0.649355 -0.723553
vn -0.239866 0.665634 -0.706679
vn -0.168829 0.669157 -0.723689
vn -0.239866 0.665634 -0.706679
vn -0.173026 0.685908 -0.706818
vn -0.150795 0.596675 -0.788188
vn -0.209078 0.578997 -0.788067
vn -0.221630 0.614288 -0.757318
vn -0.150795 0.596675 -0.788188
vn -0.221630 0.614288 -0.757318
vn -0.159851 0.633026 -0.757447
vn -0.132438 0.523018 -0.841969
vn -0.183624 0.507490 -0.841865
vn -0.196395 0.543358 -0.816205
vn -0.132438 0.523018 -0.841969
vn -0.196395 0.543358 -0.816205
vn -0.141649 0.559966 -0.816317
vn -0.113942 0.448868 -0.886304
vn -0.157978 0.435510 -0.886213
vn -0.170814 0.471526 -0.865151
vn -0.113942 0.448868 -0.886304
vn -0.170814 0.471526 -0.865151
vn -0.123198 0.485970 -0.865249
vn -0.095465 0.374859 -0.922154
vn -0.132359 0.363668 -0.922077
vn -0.145162 0.399558 -0.905142
vn -0.095465 0.374859 -0.922154
vn -0.145162 0.399558 -0.905142
vn -0.104695 0.411833 -0.905225
vn -0.077100 0.301345 -0.950393
vn -0.106895 0.292307 -0.950332
vn -0.119605 0.327912 -0.937106
vn -0.077100 0.301345 -0.950393
vn -0.119605 0.327912 -0.937106
vn -0.086262 0.338027 -0.937175
vn -0.058897 0.228524 -0.971755
vn -0.081656 0.221620 -0.971708
vn -0.094235 0.256835 -0.961850
vn -0.058897 0.228524 -0.971755
vn -0.094235 0.256835 -0.961850
vn -0.067964 0.264804 -0.961904
vn -0.040906 0.156590 -0.986816
vn -0.056711 0.151796 -0.986784
vn -0.069092 0.186436 -0.980035
vn -0.040906 0.156590 -0.986816
vn -0.069092 0.186436 -0.980035
vn -0.049829 0.192279 -0.980074
vn -0.023584 0.087376 -0.995896
vn -0.032695 0.084613 -0.995877
vn -0.044226 0.116854 -0.992164
vn -0.023584 0.087376 -0.995896
vn -0.044226 0.116854 -0.992164
vn -0.031895 0.120594 -0.992189
vn -0.008004 0.019593 -0.999776
vn -0.020264 0.049838 -0.998552
vn -0.014611 0.051553 -0.998563
vn 0.096934 -0.011528 -0.995224
vn 0.096001 -0.021002 -0.995160
vn 0.059488 -0.015610 -0.998107
vn 0.096934 -0.011528 -0.995224
vn 0.059488 -0.015610 -0.998107
vn 0.060067 -0.009731 -0.998147
vn 0.058337 -0.021392 -0.998068
vn 0.026387 -0.014797 -0.999542
vn 0.027442 -0.009495 -0.999578
vn 0.058337 -0.021392 -0.998068
vn 0.027442 -0.009495 -0.999578
vn 0.059488 -0.015610 -0.998107
vn 0.027441 -0.004090 -0.999615
vn 0.060067 -0.003836 -0.998187
vn 0.060067 -0.009731 -0.998147
vn 0.027441 -0.004090 -0.999615
vn 0.060067 -0.009731 -0.998147
vn 0.027442 -0.009495 -0.999578
vn 0.168135 -0.014961 -0.985650
vn 0.166516 -0.031398 -0.985539
vn 0.129847 -0.026000 -0.991193
vn 0.168135 -0.014961 -0.985650
vn 0.129847 -0.026000 -0.991193
vn 0.131110 -0.013176 -0.991280
vn 0.127335 -0.038630 -0.991107
vn 0.094142 -0.030346 -0.995096
vn 0.096001 -0.021002 -0.995160
vn 0.127335 -0.038630 -0.991107
vn 0.096001 -0.021002 -0.995160
vn 0.129847 -0.026000 -0.991193
vn 0.096934 -0.002000 -0.995289
vn 0.131110 -0.000298 -0.991368
vn 0.131110 -0.013176 -0.991280
vn 0.096934 -0.002000 -0.995289
vn 0.131110 -0.013176 -0.991280
vn 0.096934 -0.011528 -0.995224
vn 0.242095 -0.018489 -0.970076
vn 0.239764 -0.042158 -0.969915
vn 0.202861 -0.036746 -0.978518
vn 0.242095 -0.018489 -0.970076
vn 0.202861 -0.036746 -0.978518
vn 0.204834 -0.016713 -0.978654
vn 0.198936 -0.056478 -0.978384
vn 0.163293 -0.047602 -0.985429
vn 0.166516 -0.031398 -0.985539
vn 0.198936 -0.056478 -0.978384
vn 0.166516 -0.031398 -0.985539
vn 0.202861 -0.036746 -0.978518
vn 0.168136 0.001563 -0.985763
vn 0.204834 0.003410 -0.978791
vn 0.204834 -0.016713 -0.978654
vn 0.168136 0.001563 -0.985763
vn 0.204834 -0.016713 -0.978654
vn 0.168135 -0.014961 -0.985650
vn 0.316927 -0.022016 -0.948194
vn 0.313875 -0.053002 -0.947984
vn 0.276691 -0.047570 -0.959781
vn 0.316927 -0.022016 -0.948194
vn 0.276691 -0.047570 -0.959781
vn 0.279382 -0.020248 -0.959967
vn 0.271337 -0.074487 -0.959598
vn 0.235124 -0.065488 -0.969757
vn 0.239764 -0.042158 -0.969915
vn 0.271337 -0.074487 -0.959598
vn 0.239764 -0.042158 -0.969915
vn 0.276691 -0.047570 -0.959781
vn 0.242095 0.005303 -0.970238
vn 0.279382 0.007200 -0.960153
vn 0.279382 -0.020248 -0.959967
vn 0.242095 0.005303 -0.970238
vn 0.279382 -0.020248 -0.959967
vn 0.242095 -0.018489 -0.970076
vn 0.392420 -0.025528 -0.919432
vn 0.388641 -0.063896 -0.919171
vn 0.351186 -0.058447 -0.934480
vn 0.392420 -0.025528 -0.919432
vn 0.351186 -0.058447 -0.934480
vn 0.354603 -0.023772 -0.934715
vn 0.344389 -0.092614 -0.934248
vn 0.307799 -0.083544 -0.947776
vn 0.313875 -0.053002 -0.947984
vn 0.344389 -0.092614 -0.934248
vn 0.313875 -0.053002 -0.947984
vn 0.351186 -0.058447 -0.934480
vn 0.316927 0.009128 -0.948406
vn 0.354602 0.011066 -0.934952
vn 0.354603 -0.023772 -0.934715
vn 0.316927 0.009128 -0.948406
vn 0.354603 -0.023772 -0.934715
vn 0.316927 -0.022016 -0.948194
vn 0.468371 -0.029013 -0.883055
vn 0.463860 -0.074807 -0.882744
vn 0.426226 -0.069357 -0.901954
vn 0.468371 -0.029013 -0.883055
vn 0.426226 -0.069357 -0.901954
vn 0.430370 -0.027274 -0.902241
vn 0.417977 -0.110826 -0.901672
vn 0.381119 -0.101713 -0.918914
vn 0.388641 -0.063896 -0.919171
vn 0.417977 -0.110826 -0.901672
vn 0.388641 -0.063896 -0.919171
vn 0.426226 -0.069357 -0.901954
vn 0.392419 0.013029 -0.919694
vn 0.430369 0.015008 -0.902528
vn 0.430370 -0.027274 -0.902241
vn 0.392419 0.013029 -0.919694
vn 0.430370 -0.027274 -0.902241
vn 0.392420 -0.025528 -0.919432
vn 0.544403 -0.032444 -0.838196
vn 0.539161 -0.085673 -0.837834
vn 0.501546 -0.080254 -0.861401
vn 0.544403 -0.032444 -0.838196
vn 0.501546 -0.080254 -0.861401
vn 0.506423 -0.030737 -0.861737
vn 0.491839 -0.129053 -0.861069
vn 0.454882 -0.119941 -0.882438
vn 0.463860 -0.074807 -0.882744
vn 0.491839 -0.129053 -0.861069
vn 0.463860 -0.074807 -0.882744
vn 0.501546 -0.080254 -0.861401
vn 0.468371 0.017006 -0.883368
vn 0.506423 0.019019 -0.862076
vn 0.506423 -0.030737 -0.861737
vn 0.468371 0.017006 -0.883368
vn 0.506423 -0.030737 -0.861737
vn 0.468371 -0.029013 -0.883055
vn 0.619868 -0.035782 -0.783890
vn 0.613899 -0.096392 -0.783477
vn 0.576658 -0.091060 -0.811895
vn 0.619868 -0.035782 -0.783890
vn 0.576658 -0.091060 -0.811895
vn 0.582265 -0.034128 -0.812282
vn 0.565498 -0.147168 -0.811513
vn 0.528726 -0.138133 -0.837477
vn 0.539161 -0.085673 -0.837834
vn 0.565498 -0.147168 -0.811513
vn 0.539161 -0.085673 -0.837834
vn 0.576658 -0.091060 -0.811895
vn 0.544402 0.021045 -0.838560
vn 0.582265 0.023081 -0.812671
vn 0.582265 -0.034128 -0.812282
vn 0.544402 0.021045 -0.838560
vn 0.582265 -0.034128 -0.812282
vn 0.544403 -0.032444 -0.838196
vn 0.694042 -0.038971 -0.718879
vn 0.687355 -0.106863 -0.718417
vn 0.650754 -0.101648 -0.752454
vn 0.694042 -0.038971 -0.718879
vn 0.650754 -0.101648 -0.752454
vn 0.657081 -0.037401 -0.752891
vn 0.638159 -0.164966 -0.752023
vn 0.602018 -0.156123 -0.783071
vn 0.613899 -0.096392 -0.783477
vn 0.638159 -0.164966 -0.752023
vn 0.613899 -0.096392 -0.783477
vn 0.650754 -0.101648 -0.752454
vn 0.619868 0.025120 -0.784304
vn 0.657081 0.027160 -0.753330
vn 0.657081 -0.037401 -0.752891
vn 0.619868 0.025120 -0.784304
vn 0.657081 -0.037401 -0.752891
vn 0.619868 -0.035782 -0.783890
vn 0.690695 -0.177794 -0.700949
vn 0.674058 -0.173712 -0.717962
vn 0.687355 -0.106863 -0.718417
vn 0.690695 -0.177794 -0.700949
vn 0.687355 -0.106863 -0.718417
vn 0.704331 -0.109236 -0.701416
vn 0.694041 0.029191 -0.719343
vn 0.711177 0.030177 -0.702365
vn 0.711177 -0.039727 -0.701890
vn 0.694041 0.029191 -0.719343
vn 0.711177 -0.039727 -0.701890
vn 0.694042 -0.038971 -0.718879
vn -0.096934 -0.001999 -0.995289
vn -0.096000 0.007476 -0.995353
vn -0.059488 0.002045 -0.998227
vn -0.096934 -0.001999 -0.995289
vn -0.059488 0.002045 -0.998227
vn -0.060067 -0.003834 -0.998187
vn -0.058337 0.007830 -0.998266
vn -0.026387 0.001212 -0.999651
vn -0.027441 -0.004089 -0.999615
vn -0.058337 0.007830 -0.998266
vn -0.027441 -0.004089 -0.999615
vn -0.059488 0.002045 -0.998227
vn -0.027441 -0.009495 -0.999578
vn -0.060067 -0.009728 -0.998147
vn -0.060067 -0.003834 -0.998187
vn -0.027441 -0.009495 -0.999578
vn -0.060067 -0.003834 -0.998187
vn -0.027441 -0.004089 -0.999615
vn -0.168135 0.001564 -0.985763
vn -0.166516 0.018001 -0.985874
vn -0.129846 0.012528 -0.991455
vn -0.168135 0.001564 -0.985763
vn -0.129846 0.012528 -0.991455
vn -0.131109 -0.000298 -0.991368
vn -0.127334 0.025157 -0.991541
vn -0.094141 0.016821 -0.995417
vn -0.096000 0.007476 -0.995353
vn -0.127334 0.025157 -0.991541
vn -0.096000 0.007476 -0.995353
vn -0.129846 0.012528 -0.991455
vn -0.096934 -0.011525 -0.995224
vn -0.131110 -0.013174 -0.991280
vn -0.131109 -0.000298 -0.991368
vn -0.096934 -0.011525 -0.995224
vn -0.131109 -0.000298 -0.991368
vn -0.096934 -0.001999 -0.995289
vn -0.242096 0.005304 -0.970238
vn -0.239765 0.028972 -0.970399
vn -0.202861 0.023444 -0.978927
vn -0.242096 0.005304 -0.970238
vn -0.202861 0.023444 -0.978927
vn -0.204834 0.003411 -0.978791
vn -0.198936 0.043177 -0.979061
vn -0.163293 0.034206 -0.985984
vn -0.166516 0.018001 -0.985874
vn -0.198936 0.043177 -0.979061
vn -0.166516 0.018001 -0.985874
vn -0.202861 0.023444 -0.978927
vn -0.168135 -0.014960 -0.985650
vn -0.204834 -0.016712 -0.978654
vn -0.204834 0.003411 -0.978791
vn -0.168135 -0.014960 -0.985650
vn -0.204834 0.003411 -0.978791
vn -0.168135 0.001564 -0.985763
vn -0.316927 0.009127 -0.948406
vn -0.313874 0.040113 -0.948617
vn -0.276691 0.034521 -0.960339
vn -0.316927 0.009127 -0.948406
vn -0.276691 0.034521 -0.960339
vn -0.279382 0.007201 -0.960153
vn -0.271337 0.061438 -0.960522
vn -0.235124 0.052303 -0.970557
vn -0.239765 0.028972 -0.970399
vn -0.271337 0.061438 -0.960522
vn -0.239765 0.028972 -0.970399
vn -0.276691 0.034521 -0.960339
vn -0.242096 -0.018488 -0.970076
vn -0.279382 -0.020247 -0.959966
vn -0.279382 0.007201 -0.960153
vn -0.242096 -0.018488 -0.970076
vn -0.279382 0.007201 -0.960153
vn -0.242096 0.005304 -0.970238
vn -0.392419 0.013029 -0.919694
vn -0.388640 0.051397 -0.919955
vn -0.351186 0.045740 -0.935188
vn -0.392419 0.013029 -0.919694
vn -0.351186 0.045740 -0.935188
vn -0.354602 0.011066 -0.934952
vn -0.344389 0.079908 -0.935420
vn -0.307798 0.070654 -0.948825
vn -0.313874 0.040113 -0.948617
vn -0.344389 0.079908 -0.935420
vn -0.313874 0.040113 -0.948617
vn -0.351186 0.045740 -0.935188
vn -0.316927 -0.022014 -0.948194
vn -0.354602 -0.023770 -0.934715
vn -0.354602 0.011066 -0.934952
vn -0.316927 -0.022014 -0.948194
vn -0.354602 0.011066 -0.934952
vn -0.316927 0.009127 -0.948406
vn -0.468371 0.017007 -0.883368
vn -0.463861 0.062801 -0.883679
vn -0.426224 0.057090 -0.902814
vn -0.468371 0.017007 -0.883368
vn -0.426224 0.057090 -0.902814
vn -0.430369 0.015008 -0.902528
vn -0.417975 0.098561 -0.903096
vn -0.381117 0.089215 -0.920212
vn -0.388640 0.051397 -0.919955
vn -0.417975 0.098561 -0.903096
vn -0.388640 0.051397 -0.919955
vn -0.426224 0.057090 -0.902814
vn -0.392420 -0.025527 -0.919432
vn -0.430370 -0.027273 -0.902241
vn -0.430369 0.015008 -0.902528
vn -0.392420 -0.025527 -0.919432
vn -0.430369 0.015008 -0.902528
vn -0.392419 0.013029 -0.919694
vn -0.544403 0.021046 -0.838560
vn -0.539160 0.074276 -0.838922
vn -0.501546 0.068537 -0.862412
vn -0.544403 0.021046 -0.838560
vn -0.501546 0.068537 -0.862412
vn -0.506423 0.019020 -0.862075
vn -0.491839 0.117336 -0.862744
vn -0.454882 0.107937 -0.883987
vn -0.463861 0.062801 -0.883679
vn -0.491839 0.117336 -0.862744
vn -0.463861 0.062801 -0.883679
vn -0.501546 0.068537 -0.862412
vn -0.468371 -0.029011 -0.883056
vn -0.506423 -0.030734 -0.861737
vn -0.506423 0.019020 -0.862075
vn -0.468371 -0.029011 -0.883056
vn -0.506423 0.019020 -0.862075
vn -0.468371 0.017007 -0.883368
vn -0.619867 0.025121 -0.784305
vn -0.613897 0.085731 -0.784717
vn -0.576657 0.080014 -0.813059
vn -0.619867 0.025121 -0.784305
vn -0.576657 0.080014 -0.813059
vn -0.582264 0.023082 -0.812672
vn -0.565497 0.136123 -0.813440
vn -0.528725 0.126736 -0.839278
vn -0.539160 0.074276 -0.838922
vn -0.565497 0.136123 -0.813440
vn -0.539160 0.074276 -0.838922
vn -0.576657 0.080014 -0.813059
vn -0.544403 -0.032441 -0.838196
vn -0.582265 -0.034126 -0.812283
vn -0.582264 0.023082 -0.812672
vn -0.544403 -0.032441 -0.838196
vn -0.582264 0.023082 -0.812672
vn -0.544403 0.021046 -0.838560
vn -0.694042 0.029192 -0.719342
vn -0.687356 0.097083 -0.719803
vn -0.650753 0.091407 -0.753767
vn -0.694042 0.029192 -0.719342
vn -0.650753 0.091407 -0.753767
vn -0.657082 0.027160 -0.753330
vn -0.638157 0.154729 -0.754198
vn -0.602015 0.145464 -0.785123
vn -0.613897 0.085731 -0.784717
vn -0.638157 0.154729 -0.754198
vn -0.613897 0.085731 -0.784717
vn -0.650753 0.091407 -0.753767
vn -0.619868 -0.035781 -0.783890
vn -0.657082 -0.037399 -0.752891
vn -0.657082 0.027160 -0.753330
vn -0.619868 -0.035781 -0.783890
vn -0.657082 0.027160 -0.753330
vn -0.619867 0.025121 -0.784305
vn -0.690696 0.168249 -0.703301
vn -0.674058 0.163937 -0.720257
vn -0.687356 0.097083 -0.719803
vn -0.690696 0.168249 -0.703301
vn -0.687356 0.097083 -0.719803
vn -0.704333 0.099688 -0.702835
vn -0.694042 -0.038968 -0.718879
vn -0.711178 -0.039724 -0.701889
vn -0.711178 0.030178 -0.702364
vn -0.694042 -0.038968 -0.718879
vn -0.711178 0.030178 -0.702364
vn -0.694042 0.029192 -0.719342
vn -0.657082 -0.037399 -0.752891
vn -0.650754 -0.101645 -0.752454
vn -0.687356 -0.106860 -0.718417
vn -0.657082 -0.037399 -0.752891
vn -0.687356 -0.106860 -0.718417
vn -0.694042 -0.038968 -0.718879
vn -0.674059 -0.173711 -0.717962
vn -0.690696 -0.177793 -0.700948
vn -0.704332 -0.109234 -0.701416
vn -0.674059 -0.173711 -0.717962
vn -0.704332 -0.109234 -0.701416
vn -0.687356 -0.106860 -0.718417
vn -0.582265 -0.034126 -0.812283
vn -0.576659 -0.091059 -0.811895
vn -0.613898 -0.096390 -0.783478
vn -0.582265 -0.034126 -0.812283
vn -0.613898 -0.096390 -0.783478
vn -0.619868 -0.035781 -0.783890
vn -0.602017 -0.156122 -0.783072
vn -0.638159 -0.164965 -0.752024
vn -0.650754 -0.101645 -0.752454
vn -0.602017 -0.156122 -0.783072
vn -0.650754 -0.101645 -0.752454
vn -0.613898 -0.096390 -0.783478
vn 0.657081 0.027160 -0.753330
vn 0.650754 0.091408 -0.753767
vn 0.687355 0.097084 -0.719804
vn 0.657081 0.027160 -0.753330
vn 0.687355 0.097084 -0.719804
vn 0.694041 0.029191 -0.719343
vn 0.674057 0.163936 -0.720258
vn 0.690693 0.168249 -0.703304
vn 0.704330 0.099689 -0.702838
vn 0.674057 0.163936 -0.720258
vn 0.704330 0.099689 -0.702838
vn 0.687355 0.097084 -0.719804
vn 0.582265 0.023081 -0.812671
vn 0.576657 0.080013 -0.813059
vn 0.613899 0.085731 -0.784716
vn 0.582265 0.023081 -0.812671
vn 0.613899 0.085731 -0.784716
vn 0.619868 0.025120 -0.784304
vn 0.602017 0.145464 -0.785121
vn 0.638159 0.154729 -0.754196
vn 0.650754 0.091408 -0.753767
vn 0.602017 0.145464 -0.785121
vn 0.650754 0.091408 -0.753767
vn 0.613899 0.085731 -0.784716
vn 0.506423 0.019019 -0.862076
vn 0.501546 0.068537 -0.862412
vn 0.539159 0.074275 -0.838923
vn 0.506423 0.019019 -0.862076
vn 0.539159 0.074275 -0.838923
vn 0.544402 0.021045 -0.838560
vn 0.528724 0.126736 -0.839279
vn 0.565496 0.136123 -0.813440
vn 0.576657 0.080013 -0.813059
vn 0.528724 0.126736 -0.839279
vn 0.576657 0.080013 -0.813059
vn 0.539159 0.074275 -0.838923
vn 0.430369 0.015008 -0.902528
vn 0.426224 0.057091 -0.902814
vn 0.463860 0.062801 -0.883680
vn 0.430369 0.015008 -0.902528
vn 0.463860 0.062801 -0.883680
vn 0.468371 0.017006 -0.883368
vn 0.454881 0.107936 -0.883987
vn 0.491838 0.117336 -0.862744
vn 0.501546 0.068537 -0.862412
vn 0.454881 0.107936 -0.883987
vn 0.501546 0.068537 -0.862412
vn 0.463860 0.062801 -0.883680
vn 0.354602 0.011066 -0.934952
vn 0.351186 0.045741 -0.935188
vn 0.388640 0.051397 -0.919955
vn 0.354602 0.011066 -0.934952
vn 0.388640 0.051397 -0.919955
vn 0.392419 0.013029 -0.919694
vn 0.381117 0.089214 -0.920212
vn 0.417974 0.098561 -0.903096
vn 0.426224 0.057091 -0.902814
vn 0.381117 0.089214 -0.920212
vn 0.426224 0.057091 -0.902814
vn 0.388640 0.051397 -0.919955
vn 0.279382 0.007200 -0.960153
vn 0.276691 0.034522 -0.960339
vn 0.313875 0.040113 -0.948617
vn 0.279382 0.007200 -0.960153
vn 0.313875 0.040113 -0.948617
vn 0.316927 0.009128 -0.948406
vn 0.307799 0.070654 -0.948824
vn 0.344389 0.079908 -0.935420
vn 0.351186 0.045741 -0.935188
vn 0.307799 0.070654 -0.948824
vn 0.351186 0.045741 -0.935188
vn 0.313875 0.040113 -0.948617
vn 0.204834 0.003410 -0.978791
vn 0.202861 0.023443 -0.978927
vn 0.239764 0.028972 -0.970399
vn 0.204834 0.003410 -0.978791
vn 0.239764 0.028972 -0.970399
vn 0.242095 0.005303 -0.970238
vn 0.235123 0.052303 -0.970557
vn 0.271337 0.061438 -0.960522
vn 0.276691 0.034522 -0.960339
vn 0.235123 0.052303 -0.970557
vn 0.276691 0.034522 -0.960339
vn 0.239764 0.028972 -0.970399
vn 0.131110 -0.000298 -0.991368
vn 0.129847 0.012527 -0.991455
vn 0.166517 0.018001 -0.985874
vn 0.131110 -0.000298 -0.991368
vn 0.166517 0.018001 -0.985874
vn 0.168136 0.001563 -0.985763
vn 0.163293 0.034206 -0.985984
vn 0.198936 0.043177 -0.979061
vn 0.202861 0.023443 -0.978927
vn 0.163293 0.034206 -0.985984
vn 0.202861 0.023443 -0.978927
vn 0.166517 0.018001 -0.985874
vn 0.060067 -0.003836 -0.998187
vn 0.059487 0.002043 -0.998227
vn 0.096001 0.007475 -0.995353
vn 0.060067 -0.003836 -0.998187
vn 0.096001 0.007475 -0.995353
vn 0.096934 -0.002000 -0.995289
vn 0.094141 0.016821 -0.995417
vn 0.127334 0.025157 -0.991541
vn 0.129847 0.012527 -0.991455
vn 0.094141 0.016821 -0.995417
vn 0.129847 0.012527 -0.991455
vn 0.096001 0.007475 -0.995353
vn 0.026386 0.001214 -0.999651
vn 0.058336 0.007830 -0.998266
vn 0.059487 0.002043 -0.998227
vn 0.026386 0.001214 -0.999651
vn 0.059487 0.002043 -0.998227
vn 0.027441 -0.004090 -0.999615
vn 0.094142 -0.030346 -0.995096
vn 0.091378 -0.039458 -0.995034
vn 0.056623 -0.027046 -0.998029
vn 0.094142 -0.030346 -0.995096
vn 0.056623 -0.027046 -0.998029
vn 0.058337 -0.021392 -0.998068
vn 0.054367 -0.032493 -0.997992
vn 0.024318 -0.019791 -0.999508
vn 0.026387 -0.014797 -0.999542
vn 0.054367 -0.032493 -0.997992
vn 0.026387 -0.014797 -0.999542
vn 0.056623 -0.027046 -0.998029
vn 0.163293 -0.047602 -0.985429
vn 0.158498 -0.063407 -0.985321
vn 0.123593 -0.050962 -0.991023
vn 0.163293 -0.047602 -0.985429
vn 0.123593 -0.050962 -0.991023
vn 0.127335 -0.038630 -0.991107
vn 0.118665 -0.062858 -0.990943
vn 0.087733 -0.048259 -0.994974
vn 0.091378 -0.039458 -0.995034
vn 0.118665 -0.062858 -0.990943
vn 0.091378 -0.039458 -0.995034
vn 0.123593 -0.050962 -0.991023
vn 0.235124 -0.065488 -0.969757
vn 0.228220 -0.088247 -0.969602
vn 0.193092 -0.075740 -0.978253
vn 0.235124 -0.065488 -0.969757
vn 0.193092 -0.075740 -0.978253
vn 0.198936 -0.056478 -0.978384
vn 0.185391 -0.094331 -0.978127
vn 0.152174 -0.078672 -0.985218
vn 0.158498 -0.063407 -0.985321
vn 0.185391 -0.094331 -0.978127
vn 0.158498 -0.063407 -0.985321
vn 0.193092 -0.075740 -0.978253
vn 0.307799 -0.083544 -0.947776
vn 0.298760 -0.113339 -0.947574
vn 0.263368 -0.100759 -0.959419
vn 0.307799 -0.083544 -0.947776
vn 0.263368 -0.100759 -0.959419
vn 0.271337 -0.074487 -0.959598
vn 0.252864 -0.126116 -0.959247
vn 0.219116 -0.110228 -0.969453
vn 0.228220 -0.088247 -0.969602
vn 0.252864 -0.126116 -0.959247
vn 0.228220 -0.088247 -0.969602
vn 0.263368 -0.100759 -0.959419
vn 0.381119 -0.101713 -0.918914
vn 0.369927 -0.138607 -0.918664
vn 0.334274 -0.125957 -0.934021
vn 0.381119 -0.101713 -0.918914
vn 0.334274 -0.125957 -0.934021
vn 0.344389 -0.092614 -0.934248
vn 0.320942 -0.158143 -0.933802
vn 0.286842 -0.142110 -0.947379
vn 0.298760 -0.113339 -0.947574
vn 0.320942 -0.158143 -0.933802
vn 0.298760 -0.113339 -0.947574
vn 0.334274 -0.125957 -0.934021
vn 0.454882 -0.119941 -0.882438
vn 0.441524 -0.163977 -0.882138
vn 0.405701 -0.151292 -0.901398
vn 0.454882 -0.119941 -0.882438
vn 0.405701 -0.151292 -0.901398
vn 0.417977 -0.110826 -0.901672
vn 0.389519 -0.190356 -0.901132
vn 0.355170 -0.174231 -0.918422
vn 0.369927 -0.138607 -0.918664
vn 0.389519 -0.190356 -0.901132
vn 0.369927 -0.138607 -0.918664
vn 0.405701 -0.151292 -0.901398
vn 0.528726 -0.138133 -0.837477
vn 0.513199 -0.189318 -0.837129
vn 0.477395 -0.176668 -0.860745
vn 0.528726 -0.138133 -0.837477
vn 0.477395 -0.176668 -0.860745
vn 0.491839 -0.129053 -0.861069
vn 0.458354 -0.222637 -0.860433
vn 0.423913 -0.206494 -0.881849
vn 0.441524 -0.163977 -0.882138
vn 0.458354 -0.222637 -0.860433
vn 0.441524 -0.163977 -0.882138
vn 0.477395 -0.176668 -0.860745
vn 0.602018 -0.156123 -0.783071
vn 0.584338 -0.214403 -0.782675
vn 0.548892 -0.201913 -0.811141
vn 0.602018 -0.156123 -0.783071
vn 0.548892 -0.201913 -0.811141
vn 0.565498 -0.147168 -0.811513
vn 0.526998 -0.254766 -0.810782
vn 0.492729 -0.238736 -0.836793
vn 0.513199 -0.189318 -0.837129
vn 0.526998 -0.254766 -0.810782
vn 0.513199 -0.189318 -0.837129
vn 0.548892 -0.201913 -0.811141
vn 0.674058 -0.173712 -0.717962
vn 0.654256 -0.238993 -0.717518
vn 0.619419 -0.226743 -0.751603
vn 0.674058 -0.173712 -0.717962
vn 0.619419 -0.226743 -0.751603
vn 0.638159 -0.164966 -0.752023
vn 0.594712 -0.286389 -0.751198
vn 0.561031 -0.270669 -0.782293
vn 0.584338 -0.214403 -0.782675
vn 0.594712 -0.286389 -0.751198
vn 0.584338 -0.214403 -0.782675
vn 0.619419 -0.226743 -0.751603
vn 0.643669 -0.309212 -0.700056
vn 0.628171 -0.301966 -0.717090
vn 0.654256 -0.238993 -0.717518
vn 0.643669 -0.309212 -0.700056
vn 0.654256 -0.238993 -0.717518
vn 0.670420 -0.244631 -0.700495
vn -0.506423 -0.030734 -0.861737
vn -0.501546 -0.080252 -0.861401
vn -0.539161 -0.085671 -0.837834
vn -0.506423 -0.030734 -0.861737
vn -0.539161 -0.085671 -0.837834
vn -0.544403 -0.032441 -0.838196
vn -0.528726 -0.138133 -0.837477
vn -0.565498 -0.147168 -0.811513
vn -0.576659 -0.091059 -0.811895
vn -0.528726 -0.138133 -0.837477
vn -0.576659 -0.091059 -0.811895
vn -0.539161 -0.085671 -0.837834
vn -0.430370 -0.027273 -0.902241
vn -0.426225 -0.069355 -0.901954
vn -0.463860 -0.074806 -0.882744
vn -0.430370 -0.027273 -0.902241
vn -0.463860 -0.074806 -0.882744
vn -0.468371 -0.029011 -0.883056
vn -0.454882 -0.119941 -0.882438
vn -0.491839 -0.129052 -0.861069
vn -0.501546 -0.080252 -0.861401
vn -0.454882 -0.119941 -0.882438
vn -0.501546 -0.080252 -0.861401
vn -0.463860 -0.074806 -0.882744
vn -0.354602 -0.023770 -0.934715
vn -0.351187 -0.058445 -0.934480
vn -0.388642 -0.063894 -0.919171
vn -0.354602 -0.023770 -0.934715
vn -0.388642 -0.063894 -0.919171
vn -0.392420 -0.025527 -0.919432
vn -0.381119 -0.101713 -0.918914
vn -0.417976 -0.110826 -0.901672
vn -0.426225 -0.069355 -0.901954
vn -0.381119 -0.101713 -0.918914
vn -0.426225 -0.069355 -0.901954
vn -0.388642 -0.063894 -0.919171
vn -0.279382 -0.020247 -0.959966
vn -0.276691 -0.047568 -0.959781
vn -0.313875 -0.053000 -0.947984
vn -0.279382 -0.020247 -0.959966
vn -0.313875 -0.053000 -0.947984
vn -0.316927 -0.022014 -0.948194
vn -0.307798 -0.083544 -0.947777
vn -0.344390 -0.092614 -0.934248
vn -0.351187 -0.058445 -0.934480
vn -0.307798 -0.083544 -0.947777
vn -0.351187 -0.058445 -0.934480
vn -0.313875 -0.053000 -0.947984
vn -0.204834 -0.016712 -0.978654
vn -0.202861 -0.036745 -0.978518
vn -0.239764 -0.042156 -0.969915
vn -0.204834 -0.016712 -0.978654
vn -0.239764 -0.042156 -0.969915
vn -0.242096 -0.018488 -0.970076
vn -0.235123 -0.065488 -0.969757
vn -0.271336 -0.074487 -0.959598
vn -0.276691 -0.047568 -0.959781
vn -0.235123 -0.065488 -0.969757
vn -0.276691 -0.047568 -0.959781
vn -0.239764 -0.042156 -0.969915
vn -0.131110 -0.013174 -0.991280
vn -0.129847 -0.026000 -0.991193
vn -0.166516 -0.031397 -0.985539
vn -0.131110 -0.013174 -0.991280
vn -0.166516 -0.031397 -0.985539
vn -0.168135 -0.014960 -0.985650
vn -0.163292 -0.047604 -0.985429
vn -0.198935 -0.056479 -0.978384
vn -0.202861 -0.036745 -0.978518
vn -0.163292 -0.047604 -0.985429
vn -0.202861 -0.036745 -0.978518
vn -0.166516 -0.031397 -0.985539
vn -0.060067 -0.009728 -0.998147
vn -0.059487 -0.015609 -0.998107
vn -0.096001 -0.021002 -0.995160
vn -0.060067 -0.009728 -0.998147
vn -0.096001 -0.021002 -0.995160
vn -0.096934 -0.011525 -0.995224
vn -0.094142 -0.030348 -0.995096
vn -0.127334 -0.038632 -0.991107
vn -0.129847 -0.026000 -0.991193
vn -0.094142 -0.030348 -0.995096
vn -0.129847 -0.026000 -0.991193
vn -0.096001 -0.021002 -0.995160
vn -0.026386 -0.014797 -0.999542
vn -0.058337 -0.021394 -0.998068
vn -0.059487 -0.015609 -0.998107
vn -0.026386 -0.014797 -0.999542
vn -0.059487 -0.015609 -0.998107
vn -0.027441 -0.009495 -0.999578
vn -0.094141 0.016821 -0.995417
vn -0.091378 0.025931 -0.995479
vn -0.056623 0.013480 -0.998305
vn -0.094141 0.016821 -0.995417
vn -0.056623 0.013480 -0.998305
vn -0.058337 0.007830 -0.998266
vn -0.054369 0.018923 -0.998342
vn -0.024320 0.006202 -0.999685
vn -0.026387 0.001212 -0.999651
vn -0.054369 0.018923 -0.998342
vn -0.026387 0.001212 -0.999651
vn -0.056623 0.013480 -0.998305
vn -0.163293 0.034206 -0.985984
vn -0.158499 0.050010 -0.986092
vn -0.123593 0.037488 -0.991625
vn -0.163293 0.034206 -0.985984
vn -0.123593 0.037488 -0.991625
vn -0.127334 0.025157 -0.991541
vn -0.118664 0.049387 -0.991705
vn -0.087733 0.034731 -0.995538
vn -0.091378 0.025931 -0.995479
vn -0.118664 0.049387 -0.991705
vn -0.091378 0.025931 -0.995479
vn -0.123593 0.037488 -0.991625
vn -0.235124 0.052303 -0.970557
vn -0.228220 0.075061 -0.970712
vn -0.193093 0.062439 -0.979192
vn -0.235124 0.052303 -0.970557
vn -0.193093 0.062439 -0.979192
vn -0.198936 0.043177 -0.979061
vn -0.185392 0.081028 -0.979318
vn -0.152174 0.065277 -0.986196
vn -0.158499 0.050010 -0.986092
vn -0.185392 0.081028 -0.979318
vn -0.158499 0.050010 -0.986092
vn -0.193093 0.062439 -0.979192
vn -0.307798 0.070654 -0.948825
vn -0.298761 0.100449 -0.949027
vn -0.263367 0.087709 -0.960700
vn -0.307798 0.070654 -0.948825
vn -0.263367 0.087709 -0.960700
vn -0.271337 0.061438 -0.960522
vn -0.252864 0.113066 -0.960873
vn -0.219116 0.097039 -0.970861
vn -0.228220 0.075061 -0.970712
vn -0.252864 0.113066 -0.960873
vn -0.228220 0.075061 -0.970712
vn -0.263367 0.087709 -0.960700
vn 0.638159 0.154729 -0.754196
vn 0.619418 0.216507 -0.754616
vn 0.654254 0.229219 -0.720702
vn 0.638159 0.154729 -0.754196
vn 0.654254 0.229219 -0.720702
vn 0.674057 0.163936 -0.720258
vn 0.628169 0.292192 -0.721129
vn 0.643667 0.299670 -0.704195
vn 0.670417 0.235087 -0.703757
vn 0.628169 0.292192 -0.721129
vn 0.670417 0.235087 -0.703757
vn 0.654254 0.229219 -0.720702
vn 0.565496 0.136123 -0.813440
vn 0.548890 0.190869 -0.813811
vn 0.584338 0.203746 -0.785517
vn 0.565496 0.136123 -0.813440
vn 0.584338 0.203746 -0.785517
vn 0.602017 0.145464 -0.785121
vn 0.561030 0.260013 -0.785900
vn 0.594711 0.276154 -0.755022
vn 0.619418 0.216507 -0.754616
vn 0.561030 0.260013 -0.785900
vn 0.619418 0.216507 -0.754616
vn 0.584338 0.203746 -0.785517
vn 0.491838 0.117336 -0.862744
vn 0.477393 0.164951 -0.863068
vn 0.513197 0.177921 -0.839626
vn 0.491838 0.117336 -0.862744
vn 0.513197 0.177921 -0.839626
vn 0.528724 0.126736 -0.839279
vn 0.492727 0.227341 -0.839962
vn 0.526996 0.243724 -0.814170
vn 0.548890 0.190869 -0.813811
vn 0.492727 0.227341 -0.839962
vn 0.548890 0.190869 -0.813811
vn 0.513197 0.177921 -0.839626
vn 0.417974 0.098561 -0.903096
vn 0.405699 0.139026 -0.903372
vn 0.441522 0.151972 -0.884287
vn 0.417974 0.098561 -0.903096
vn 0.441522 0.151972 -0.884287
vn 0.454881 0.107936 -0.883987
vn 0.423910 0.194488 -0.884576
vn 0.458351 0.210921 -0.863381
vn 0.477393 0.164951 -0.863068
vn 0.423910 0.194488 -0.884576
vn 0.477393 0.164951 -0.863068
vn 0.441522 0.151972 -0.884287
vn 0.344389 0.079908 -0.935420
vn 0.334275 0.113251 -0.935647
vn 0.369926 0.126108 -0.920463
vn 0.344389 0.079908 -0.935420
vn 0.369926 0.126108 -0.920463
vn 0.381117 0.089214 -0.920212
vn 0.355170 0.161731 -0.920705
vn 0.389518 0.178090 -0.903637
vn 0.405699 0.139026 -0.903372
vn 0.355170 0.161731 -0.920705
vn 0.405699 0.139026 -0.903372
vn 0.369926 0.126108 -0.920463
vn 0.271337 0.061438 -0.960522
vn 0.263367 0.087709 -0.960700
vn 0.298761 0.100449 -0.949027
vn 0.271337 0.061438 -0.960522
vn 0.298761 0.100449 -0.949027
vn 0.307799 0.070654 -0.948824
vn 0.286844 0.129220 -0.949222
vn 0.320943 0.145436 -0.935865
vn 0.334275 0.113251 -0.935647
vn 0.286844 0.129220 -0.949222
vn 0.334275 0.113251 -0.935647
vn 0.298761 0.100449 -0.949027
vn 0.198936 0.043177 -0.979061
vn 0.193093 0.062440 -0.979192
vn 0.228219 0.075061 -0.970712
vn 0.198936 0.043177 -0.979061
vn 0.228219 0.075061 -0.970712
vn 0.235123 0.052303 -0.970557
vn 0.219115 0.097039 -0.970861
vn 0.252864 0.113066 -0.960873
vn 0.263367 0.087709 -0.960700
vn 0.219115 0.097039 -0.970861
vn 0.263367 0.087709 -0.960700
vn 0.228219 0.075061 -0.970712
vn 0.127334 0.025157 -0.991541
vn 0.123593 0.037489 -0.991625
vn 0.158498 0.050011 -0.986092
vn 0.127334 0.025157 -0.991541
vn 0.158498 0.050011 -0.986092
vn 0.163293 0.034206 -0.985984
vn 0.152174 0.065277 -0.986196
vn 0.185392 0.081028 -0.979318
vn 0.193093 0.062440 -0.979192
vn 0.152174 0.065277 -0.986196
vn 0.193093 0.062440 -0.979192
vn 0.158498 0.050011 -0.986092
vn 0.058336 0.007830 -0.998266
vn 0.056621 0.013484 -0.998305
vn 0.091377 0.025933 -0.995479
vn 0.058336 0.007830 -0.998266
vn 0.091377 0.025933 -0.995479
vn 0.094141 0.016821 -0.995417
vn 0.087732 0.034734 -0.995538
vn 0.118664 0.049387 -0.991705
vn 0.123593 0.037489 -0.991625
vn 0.087732 0.034734 -0.995538
vn 0.123593 0.037489 -0.991625
vn 0.091377 0.025933 -0.995479
vn 0.024319 0.006204 -0.999685
vn 0.054367 0.018927 -0.998342
vn 0.056621 0.013484 -0.998305
vn 0.024319 0.006204 -0.999685
vn 0.056621 0.013484 -0.998305
vn 0.026386 0.001214 -0.999651
vn 0.087733 -0.048259 -0.994974
vn 0.083245 -0.056656 -0.994917
vn 0.051582 -0.037703 -0.997957
vn 0.087733 -0.048259 -0.994974
vn 0.051582 -0.037703 -0.997957
vn 0.054367 -0.032493 -0.997992
vn 0.048305 -0.042607 -0.997923
vn 0.021314 -0.024287 -0.999478
vn 0.024318 -0.019791 -0.999508
vn 0.048305 -0.042607 -0.997923
vn 0.024318 -0.019791 -0.999508
vn 0.051582 -0.037703 -0.997957
vn 0.152174 -0.078672 -0.985218
vn 0.144388 -0.093238 -0.985119
vn 0.112591 -0.074223 -0.990865
vn 0.152174 -0.078672 -0.985218
vn 0.112591 -0.074223 -0.990865
vn 0.118665 -0.062858 -0.990943
vn 0.105436 -0.084931 -0.990793
vn 0.077951 -0.064579 -0.994863
vn 0.083245 -0.056656 -0.994917
vn 0.105436 -0.084931 -0.990793
vn 0.083245 -0.056656 -0.994917
vn 0.112591 -0.074223 -0.990865
vn 0.219116 -0.110228 -0.969453
vn 0.207904 -0.131202 -0.969310
vn 0.175902 -0.112084 -0.978006
vn 0.219116 -0.110228 -0.969453
vn 0.175902 -0.112084 -0.978006
vn 0.185391 -0.094331 -0.978127
vn 0.164723 -0.128813 -0.977892
vn 0.135207 -0.106978 -0.985025
vn 0.144388 -0.093238 -0.985119
vn 0.164723 -0.128813 -0.977892
vn 0.144388 -0.093238 -0.985119
vn 0.175902 -0.112084 -0.978006
vn 0.286842 -0.142110 -0.947379
vn 0.272165 -0.169570 -0.947192
vn 0.239923 -0.150328 -0.959082
vn 0.286842 -0.142110 -0.947379
vn 0.239923 -0.150328 -0.959082
vn 0.252864 -0.126116 -0.959247
vn 0.224675 -0.173148 -0.958927
vn 0.194688 -0.150981 -0.969176
vn 0.207904 -0.131202 -0.969310
vn 0.224675 -0.173148 -0.958927
vn 0.207904 -0.131202 -0.969310
vn 0.239923 -0.150328 -0.959082
vn 0.355170 -0.174231 -0.918422
vn 0.336995 -0.208232 -0.918191
vn 0.304517 -0.188872 -0.933593
vn 0.355170 -0.174231 -0.918422
vn 0.304517 -0.188872 -0.933593
vn 0.320942 -0.158143 -0.933802
vn 0.285163 -0.217838 -0.933397
vn 0.254864 -0.195462 -0.947016
vn 0.272165 -0.169570 -0.947192
vn 0.285163 -0.217838 -0.933397
vn 0.272165 -0.169570 -0.947192
vn 0.304517 -0.188872 -0.933593
vn 0.423913 -0.206494 -0.881849
vn 0.402220 -0.247078 -0.881574
vn 0.369584 -0.227650 -0.900879
vn 0.423913 -0.206494 -0.881849
vn 0.369584 -0.227650 -0.900879
vn 0.389519 -0.190356 -0.901132
vn 0.346093 -0.262806 -0.900640
vn 0.315573 -0.240290 -0.917973
vn 0.336995 -0.208232 -0.918191
vn 0.346093 -0.262806 -0.900640
vn 0.336995 -0.208232 -0.918191
vn 0.369584 -0.227650 -0.900879
vn 0.492729 -0.238736 -0.836793
vn 0.467514 -0.285908 -0.836473
vn 0.434897 -0.266520 -0.860134
vn 0.492729 -0.238736 -0.836793
vn 0.434897 -0.266520 -0.860134
vn 0.458354 -0.222637 -0.860433
vn 0.407254 -0.307891 -0.859853
vn 0.376652 -0.285342 -0.881314
vn 0.402220 -0.247078 -0.881574
vn 0.407254 -0.307891 -0.859853
vn 0.402220 -0.247078 -0.881574
vn 0.434897 -0.266520 -0.860134
vn 0.561031 -0.270669 -0.782293
vn 0.532321 -0.324382 -0.781928
vn 0.500029 -0.305220 -0.810439
vn 0.561031 -0.270669 -0.782293
vn 0.500029 -0.305220 -0.810439
vn 0.526998 -0.254766 -0.810782
vn 0.468243 -0.352789 -0.810116
vn 0.437796 -0.330384 -0.836171
vn 0.467514 -0.285908 -0.836473
vn 0.468243 -0.352789 -0.810116
vn 0.467514 -0.285908 -0.836473
vn 0.500029 -0.305220 -0.810439
vn 0.628171 -0.301966 -0.717090
vn 0.596011 -0.362131 -0.716681
vn 0.564279 -0.343325 -0.750811
vn 0.628171 -0.301966 -0.717090
vn 0.564279 -0.343325 -0.750811
vn 0.594712 -0.286389 -0.751198
vn 0.528409 -0.397006 -0.750446
vn 0.498483 -0.375022 -0.781584
vn 0.532321 -0.324382 -0.781928
vn 0.528409 -0.397006 -0.750446
vn 0.532321 -0.324382 -0.781928
vn 0.564279 -0.343325 -0.750811
vn 0.571905 -0.428934 -0.699242
vn 0.558141 -0.418806 -0.716296
vn 0.596011 -0.362131 -0.716681
vn 0.571905 -0.428934 -0.699242
vn 0.596011 -0.362131 -0.716681
vn 0.610743 -0.370811 -0.699638
vn -0.381117 0.089215 -0.920212
vn -0.369925 0.126108 -0.920463
vn -0.334274 0.113251 -0.935647
vn -0.381117 0.089215 -0.920212
vn -0.334274 0.113251 -0.935647
vn -0.344389 0.079908 -0.935420
vn -0.320943 0.145437 -0.935865
vn -0.286844 0.129220 -0.949222
vn -0.298761 0.100449 -0.949027
vn -0.320943 0.145437 -0.935865
vn -0.298761 0.100449 -0.949027
vn -0.334274 0.113251 -0.935647
vn -0.454882 0.107937 -0.883987
vn -0.441522 0.151971 -0.884287
vn -0.405699 0.139027 -0.903371
vn -0.454882 0.107937 -0.883987
vn -0.405699 0.139027 -0.903371
vn -0.417975 0.098561 -0.903096
vn -0.389518 0.178090 -0.903637
vn -0.355169 0.161731 -0.920705
vn -0.369925 0.126108 -0.920463
vn -0.389518 0.178090 -0.903637
vn -0.369925 0.126108 -0.920463
vn -0.405699 0.139027 -0.903371
vn -0.528725 0.126736 -0.839278
vn -0.513198 0.177921 -0.839626
vn -0.477393 0.164951 -0.863068
vn -0.528725 0.126736 -0.839278
vn -0.477393 0.164951 -0.863068
vn -0.491839 0.117336 -0.862744
vn -0.458351 0.210921 -0.863381
vn -0.423910 0.194488 -0.884576
vn -0.441522 0.151971 -0.884287
vn -0.458351 0.210921 -0.863381
vn -0.441522 0.151971 -0.884287
vn -0.477393 0.164951 -0.863068
vn -0.602015 0.145464 -0.785123
vn -0.584337 0.203745 -0.785518
vn -0.548891 0.190869 -0.813811
vn -0.602015 0.145464 -0.785123
vn -0.548891 0.190869 -0.813811
vn -0.565497 0.136123 -0.813440
vn -0.526997 0.243724 -0.814170
vn -0.492728 0.227341 -0.839961
vn -0.513198 0.177921 -0.839626
vn -0.526997 0.243724 -0.814170
vn -0.513198 0.177921 -0.839626
vn -0.548891 0.190869 -0.813811
vn -0.674058 0.163937 -0.720257
vn -0.654254 0.229219 -0.720701
vn -0.619417 0.216507 -0.754617
vn -0.674058 0.163937 -0.720257
vn -0.619417 0.216507 -0.754617
vn -0.638157 0.154729 -0.754198
vn -0.594711 0.276153 -0.755022
vn -0.561030 0.260012 -0.785900
vn -0.584337 0.203745 -0.785518
vn -0.594711 0.276153 -0.755022
vn -0.584337 0.203745 -0.785518
vn -0.619417 0.216507 -0.754617
vn -0.643667 0.299669 -0.704195
vn -0.628169 0.292192 -0.721129
vn -0.654254 0.229219 -0.720701
vn -0.643667 0.299669 -0.704195
vn -0.654254 0.229219 -0.720701
vn -0.670419 0.235087 -0.703756
vn -0.638159 -0.164965 -0.752024
vn -0.619418 -0.226743 -0.751604
vn -0.654256 -0.238994 -0.717518
vn -0.638159 -0.164965 -0.752024
vn -0.654256 -0.238994 -0.717518
vn -0.674059 -0.173711 -0.717962
vn -0.628171 -0.301967 -0.717089
vn -0.643670 -0.309214 -0.700054
vn -0.670421 -0.244632 -0.700493
vn -0.628171 -0.301967 -0.717089
vn -0.670421 -0.244632 -0.700493
vn -0.654256 -0.238994 -0.717518
vn -0.565498 -0.147168 -0.811513
vn -0.548891 -0.201913 -0.811141
vn -0.584337 -0.214403 -0.782676
vn -0.565498 -0.147168 -0.811513
vn -0.584337 -0.214403 -0.782676
vn -0.602017 -0.156122 -0.783072
vn -0.561030 -0.270669 -0.782294
vn -0.594711 -0.286390 -0.751199
vn -0.619418 -0.226743 -0.751604
vn -0.561030 -0.270669 -0.782294
vn -0.619418 -0.226743 -0.751604
vn -0.584337 -0.214403 -0.782676
vn -0.491839 -0.129052 -0.861069
vn -0.477394 -0.176668 -0.860746
vn -0.513199 -0.189318 -0.837129
vn -0.491839 -0.129052 -0.861069
vn -0.513199 -0.189318 -0.837129
vn -0.528726 -0.138133 -0.837477
vn -0.492729 -0.238736 -0.836793
vn -0.526997 -0.254767 -0.810782
vn -0.548891 -0.201913 -0.811141
vn -0.492729 -0.238736 -0.836793
vn -0.548891 -0.201913 -0.811141
vn -0.513199 -0.189318 -0.837129
vn -0.417976 -0.110826 -0.901672
vn -0.405701 -0.151292 -0.901397
vn -0.441523 -0.163977 -0.882139
vn -0.417976 -0.110826 -0.901672
vn -0.441523 -0.163977 -0.882139
vn -0.454882 -0.119941 -0.882438
vn -0.423912 -0.206494 -0.881850
vn -0.458353 -0.222637 -0.860433
vn -0.477394 -0.176668 -0.860746
vn -0.423912 -0.206494 -0.881850
vn -0.477394 -0.176668 -0.860746
vn -0.441523 -0.163977 -0.882139
vn -0.344390 -0.092614 -0.934248
vn -0.334274 -0.125957 -0.934021
vn -0.369927 -0.138607 -0.918663
vn -0.344390 -0.092614 -0.934248
vn -0.369927 -0.138607 -0.918663
vn -0.381119 -0.101713 -0.918914
vn -0.355171 -0.174231 -0.918421
vn -0.389519 -0.190356 -0.901132
vn -0.405701 -0.151292 -0.901397
vn -0.355171 -0.174231 -0.918421
vn -0.405701 -0.151292 -0.901397
vn -0.369927 -0.138607 -0.918663
vn -0.271336 -0.074487 -0.959598
vn -0.263367 -0.100760 -0.959419
vn -0.298759 -0.113340 -0.947574
vn -0.271336 -0.074487 -0.959598
vn -0.298759 -0.113340 -0.947574
vn -0.307798 -0.083544 -0.947777
vn -0.286842 -0.142110 -0.947379
vn -0.320941 -0.158143 -0.933803
vn -0.334274 -0.125957 -0.934021
vn -0.286842 -0.142110 -0.947379
vn -0.334274 -0.125957 -0.934021
vn -0.298759 -0.113340 -0.947574
vn 0.594711 0.276154 -0.755022
vn 0.564278 0.333088 -0.755409
vn 0.596011 0.352357 -0.721537
vn 0.594711 0.276154 -0.755022
vn 0.596011 0.352357 -0.721537
vn 0.628169 0.292192 -0.721129
vn 0.558142 0.409031 -0.721922
vn 0.571906 0.419390 -0.705007
vn 0.610742 0.361269 -0.704612
vn 0.558142 0.409031 -0.721922
vn 0.610742 0.361269 -0.704612
vn 0.596011 0.352357 -0.721537
vn 0.526996 0.243724 -0.814170
vn 0.500028 0.294178 -0.814513
vn 0.532319 0.313724 -0.786265
vn 0.526996 0.243724 -0.814170
vn 0.532319 0.313724 -0.786265
vn 0.561030 0.260013 -0.785900
vn 0.498483 0.364362 -0.786610
vn 0.528409 0.386768 -0.755774
vn 0.564278 0.333088 -0.755409
vn 0.498483 0.364362 -0.786610
vn 0.564278 0.333088 -0.755409
vn 0.532319 0.313724 -0.786265
vn 0.458351 0.210921 -0.863381
vn 0.434896 0.254804 -0.863678
vn 0.467513 0.274513 -0.840282
vn 0.458351 0.210921 -0.863381
vn 0.467513 0.274513 -0.840282
vn 0.492727 0.227341 -0.839962
vn 0.437796 0.318986 -0.840584
vn 0.468245 0.341743 -0.814836
vn 0.500028 0.294178 -0.814513
vn 0.437796 0.318986 -0.840584
vn 0.500028 0.294178 -0.814513
vn 0.467513 0.274513 -0.840282
vn 0.389518 0.178090 -0.903637
vn 0.369584 0.215382 -0.903891
vn 0.402218 0.235071 -0.884851
vn 0.389518 0.178090 -0.903637
vn 0.402218 0.235071 -0.884851
vn 0.423910 0.194488 -0.884576
vn 0.376652 0.273334 -0.885111
vn 0.407254 0.296174 -0.863959
vn 0.434896 0.254804 -0.863678
vn 0.376652 0.273334 -0.885111
vn 0.434896 0.254804 -0.863678
vn 0.402218 0.235071 -0.884851
vn 0.320943 0.145436 -0.935865
vn 0.304518 0.176165 -0.936074
vn 0.336995 0.195731 -0.920936
vn 0.320943 0.145436 -0.935865
vn 0.336995 0.195731 -0.920936
vn 0.355170 0.161731 -0.920705
vn 0.315573 0.227790 -0.921155
vn 0.346093 0.250538 -0.904130
vn 0.369584 0.215382 -0.903891
vn 0.315573 0.227790 -0.921155
vn 0.369584 0.215382 -0.903891
vn 0.336995 0.195731 -0.920936
vn 0.252864 0.113066 -0.960873
vn 0.239922 0.137277 -0.961037
vn 0.272166 0.156680 -0.949409
vn 0.252864 0.113066 -0.960873
vn 0.272166 0.156680 -0.949409
vn 0.286844 0.129220 -0.949222
vn 0.254864 0.182573 -0.949585
vn 0.285162 0.205131 -0.936271
vn 0.304518 0.176165 -0.936074
vn 0.254864 0.182573 -0.949585
vn 0.304518 0.176165 -0.936074
vn 0.272166 0.156680 -0.949409
vn 0.185392 0.081028 -0.979318
vn 0.175902 0.098780 -0.979439
vn 0.207904 0.118014 -0.971004
vn 0.185392 0.081028 -0.979318
vn 0.207904 0.118014 -0.971004
vn 0.219115 0.097039 -0.970861
vn 0.194686 0.137795 -0.971138
vn 0.224673 0.160099 -0.961192
vn 0.239922 0.137277 -0.961037
vn 0.194686 0.137795 -0.971138
vn 0.239922 0.137277 -0.961037
vn 0.207904 0.118014 -0.971004
vn 0.118664 0.049387 -0.991705
vn 0.112590 0.060751 -0.991783
vn 0.144388 0.079841 -0.986295
vn 0.118664 0.049387 -0.991705
vn 0.144388 0.079841 -0.986295
vn 0.152174 0.065277 -0.986196
vn 0.135209 0.093578 -0.986388
vn 0.164723 0.115510 -0.979553
vn 0.175902 0.098780 -0.979439
vn 0.135209 0.093578 -0.986388
vn 0.175902 0.098780 -0.979439
vn 0.144388 0.079841 -0.986295
vn 0.054367 0.018927 -0.998342
vn 0.051584 0.024134 -0.998377
vn 0.083245 0.043129 -0.995595
vn 0.054367 0.018927 -0.998342
vn 0.083245 0.043129 -0.995595
vn 0.087732 0.034734 -0.995538
vn 0.077953 0.051050 -0.995649
vn 0.105437 0.071455 -0.991855
vn 0.112590 0.060751 -0.991783
vn 0.077953 0.051050 -0.995649
vn 0.112590 0.060751 -0.991783
vn 0.083245 0.043129 -0.995595
vn 0.021316 0.010698 -0.999716
vn 0.048307 0.029038 -0.998410
vn 0.051584 0.024134 -0.998377
vn 0.021316 0.010698 -0.999716
vn 0.051584 0.024134 -0.998377
vn 0.024319 0.006204 -0.999685
vn 0.077951 -0.064579 -0.994863
vn 0.071911 -0.071939 -0.994813
vn 0.044557 -0.047173 -0.997892
vn 0.077951 -0.064579 -0.994863
vn 0.044557 -0.047173 -0.997892
vn 0.048305 -0.042607 -0.997923
vn 0.040387 -0.051343 -0.997864
vn 0.017492 -0.028109 -0.999452
vn 0.021314 -0.024287 -0.999478
vn 0.040387 -0.051343 -0.997864
vn 0.021314 -0.024287 -0.999478
vn 0.044557 -0.047173 -0.997892
vn 0.135207 -0.106978 -0.985025
vn 0.124730 -0.119744 -0.984939
vn 0.097260 -0.094893 -0.990725
vn 0.135207 -0.106978 -0.985025
vn 0.097260 -0.094893 -0.990725
vn 0.105436 -0.084931 -0.990793
vn 0.088157 -0.103996 -0.990663
vn 0.065174 -0.078674 -0.994768
vn 0.071911 -0.071939 -0.994813
vn 0.088157 -0.103996 -0.990663
vn 0.071911 -0.071939 -0.994813
vn 0.097260 -0.094893 -0.990725
vn 0.194688 -0.150981 -0.969176
vn 0.179599 -0.169366 -0.969051
vn 0.151952 -0.144373 -0.977787
vn 0.194688 -0.150981 -0.969176
vn 0.151952 -0.144373 -0.977787
vn 0.164723 -0.128813 -0.977892
vn 0.137724 -0.158601 -0.977690
vn 0.113048 -0.131426 -0.984859
vn 0.124730 -0.119744 -0.984939
vn 0.137724 -0.158601 -0.977690
vn 0.124730 -0.119744 -0.984939
vn 0.151952 -0.144373 -0.977787
vn 0.254864 -0.195462 -0.947016
vn 0.235112 -0.219530 -0.946852
vn 0.207258 -0.194370 -0.958783
vn 0.254864 -0.195462 -0.947016
vn 0.207258 -0.194370 -0.958783
vn 0.224675 -0.173148 -0.958927
vn 0.187850 -0.213777 -0.958651
vn 0.162776 -0.186188 -0.968937
vn 0.179599 -0.169366 -0.969051
vn 0.187850 -0.213777 -0.958651
vn 0.179599 -0.169366 -0.969051
vn 0.207258 -0.194370 -0.958783
vn 0.315573 -0.240290 -0.917973
vn 0.291115 -0.270093 -0.917770
vn 0.263058 -0.244771 -0.933214
vn 0.315573 -0.240290 -0.917973
vn 0.263058 -0.244771 -0.933214
vn 0.285163 -0.217838 -0.933397
vn 0.238424 -0.269406 -0.933046
vn 0.213092 -0.241551 -0.946702
vn 0.235112 -0.219530 -0.946852
vn 0.238424 -0.269406 -0.933046
vn 0.235112 -0.219530 -0.946852
vn 0.263058 -0.244771 -0.933214
vn 0.376652 -0.285342 -0.881314
vn 0.347459 -0.320913 -0.881072
vn 0.319266 -0.295494 -0.900418
vn 0.376652 -0.285342 -0.881314
vn 0.319266 -0.295494 -0.900418
vn 0.346093 -0.262806 -0.900640
vn 0.289367 -0.325392 -0.900215
vn 0.263849 -0.297358 -0.917585
vn 0.291115 -0.270093 -0.917770
vn 0.289367 -0.325392 -0.900215
vn 0.291115 -0.270093 -0.917770
vn 0.319266 -0.295494 -0.900418
vn 0.437796 -0.330384 -0.836171
vn 0.403863 -0.371731 -0.835889
vn 0.375687 -0.346354 -0.859592
vn 0.437796 -0.330384 -0.836171
vn 0.375687 -0.346354 -0.859592
vn 0.407254 -0.307891 -0.859853
vn 0.340504 -0.381537 -0.859352
vn 0.314917 -0.353454 -0.880850
vn 0.347459 -0.320913 -0.881072
vn 0.340504 -0.381537 -0.859352
vn 0.347459 -0.320913 -0.881072
vn 0.375687 -0.346354 -0.859592
vn 0.498483 -0.375022 -0.781584
vn 0.459845 -0.422101 -0.781264
vn 0.431951 -0.397012 -0.809815
vn 0.498483 -0.375022 -0.781584
vn 0.431951 -0.397012 -0.809815
vn 0.468243 -0.352789 -0.810116
vn 0.391500 -0.437463 -0.809540
vn 0.366041 -0.409552 -0.835632
vn 0.403863 -0.371731 -0.835889
vn 0.391500 -0.437463 -0.809540
vn 0.403863 -0.371731 -0.835889
vn 0.431951 -0.397012 -0.809815
vn 0.558141 -0.418806 -0.716296
vn 0.514862 -0.471540 -0.715938
vn 0.487452 -0.446909 -0.750108
vn 0.558141 -0.418806 -0.716296
vn 0.487452 -0.446909 -0.750108
vn 0.528409 -0.397006 -0.750446
vn 0.441801 -0.492559 -0.749798
vn 0.416781 -0.465163 -0.780972
vn 0.459845 -0.422101 -0.781264
vn 0.441801 -0.492559 -0.749798
vn 0.459845 -0.422101 -0.781264
vn 0.487452 -0.446909 -0.750108
vn 0.478166 -0.532354 -0.698539
vn 0.466664 -0.519737 -0.715610
vn 0.514862 -0.471540 -0.715938
vn 0.478166 -0.532354 -0.698539
vn 0.514862 -0.471540 -0.715938
vn 0.527595 -0.482926 -0.698875
vn -0.198935 -0.056479 -0.978384
vn -0.193091 -0.075742 -0.978253
vn -0.228219 -0.088248 -0.969602
vn -0.198935 -0.056479 -0.978384
vn -0.228219 -0.088248 -0.969602
vn -0.235123 -0.065488 -0.969757
vn -0.219115 -0.110228 -0.969453
vn -0.252864 -0.126117 -0.959247
vn -0.263367 -0.100760 -0.959419
vn -0.219115 -0.110228 -0.969453
vn -0.263367 -0.100760 -0.959419
vn -0.228219 -0.088248 -0.969602
vn -0.127334 -0.038632 -0.991107
vn -0.123593 -0.050964 -0.991023
vn -0.158497 -0.063409 -0.985321
vn -0.127334 -0.038632 -0.991107
vn -0.158497 -0.063409 -0.985321
vn -0.163292 -0.047604 -0.985429
vn -0.152174 -0.078673 -0.985218
vn -0.185390 -0.094332 -0.978127
vn -0.193091 -0.075742 -0.978253
vn -0.152174 -0.078673 -0.985218
vn -0.193091 -0.075742 -0.978253
vn -0.158497 -0.063409 -0.985321
vn -0.058337 -0.021394 -0.998068
vn -0.056623 -0.027046 -0.998029
vn -0.091378 -0.039460 -0.995034
vn -0.058337 -0.021394 -0.998068
vn -0.091378 -0.039460 -0.995034
vn -0.094142 -0.030348 -0.995096
vn -0.087733 -0.048260 -0.994974
vn -0.118666 -0.062859 -0.990943
vn -0.123593 -0.050964 -0.991023
vn -0.087733 -0.048260 -0.994974
vn -0.123593 -0.050964 -0.991023
vn -0.091378 -0.039460 -0.995034
vn -0.024318 -0.019791 -0.999508
vn -0.054367 -0.032493 -0.997992
vn -0.056623 -0.027046 -0.998029
vn -0.024318 -0.019791 -0.999508
vn -0.056623 -0.027046 -0.998029
vn -0.026386 -0.014797 -0.999542
vn -0.087733 0.034731 -0.995538
vn -0.083246 0.043128 -0.995595
vn -0.051584 0.024133 -0.998377
vn -0.087733 0.034731 -0.995538
vn -0.051584 0.024133 -0.998377
vn -0.054369 0.018923 -0.998342
vn -0.048306 0.029039 -0.998410
vn -0.021315 0.010700 -0.999716
vn -0.024320 0.006202 -0.999685
vn -0.048306 0.029039 -0.998410
vn -0.024320 0.006202 -0.999685
vn -0.051584 0.024133 -0.998377
vn -0.152174 0.065277 -0.986196
vn -0.144387 0.079842 -0.986295
vn -0.112591 0.060751 -0.991783
vn -0.152174 0.065277 -0.986196
vn -0.112591 0.060751 -0.991783
vn -0.118664 0.049387 -0.991705
vn -0.105438 0.071456 -0.991855
vn -0.077953 0.051051 -0.995649
vn -0.083246 0.043128 -0.995595
vn -0.105438 0.071456 -0.991855
vn -0.083246 0.043128 -0.995595
vn -0.112591 0.060751 -0.991783
vn -0.219116 0.097039 -0.970861
vn -0.207904 0.118014 -0.971004
vn -0.175902 0.098780 -0.979439
vn -0.219116 0.097039 -0.970861
vn -0.175902 0.098780 -0.979439
vn -0.185392 0.081028 -0.979318
vn -0.164723 0.115510 -0.979553
vn -0.135209 0.093578 -0.986388
vn -0.144387 0.079842 -0.986295
vn -0.164723 0.115510 -0.979553
vn -0.144387 0.079842 -0.986295
vn -0.175902 0.098780 -0.979439
vn -0.286844 0.129220 -0.949222
vn -0.272166 0.156680 -0.949409
vn -0.239922 0.137278 -0.961037
vn -0.286844 0.129220 -0.949222
vn -0.239922 0.137278 -0.961037
vn -0.252864 0.113066 -0.960873
vn -0.224673 0.160099 -0.961192
vn -0.194687 0.137795 -0.971138
vn -0.207904 0.118014 -0.971004
vn -0.224673 0.160099 -0.961192
vn -0.207904 0.118014 -0.971004
vn -0.239922 0.137278 -0.961037
vn -0.355169 0.161731 -0.920705
vn -0.336995 0.195731 -0.920936
vn -0.304518 0.176165 -0.936074
vn -0.355169 0.161731 -0.920705
vn -0.304518 0.176165 -0.936074
vn -0.320943 0.145437 -0.935865
vn -0.285163 0.205130 -0.936271
vn -0.254864 0.182573 -0.949585
vn -0.272166 0.156680 -0.949409
vn -0.285163 0.205130 -0.936271
vn -0.272166 0.156680 -0.949409
vn -0.304518 0.176165 -0.936074
vn -0.423910 0.194488 -0.884576
vn -0.402218 0.235071 -0.884851
vn -0.369583 0.215382 -0.903891
vn -0.423910 0.194488 -0.884576
vn -0.369583 0.215382 -0.903891
vn -0.389518 0.178090 -0.903637
vn -0.346093 0.250537 -0.904130
vn -0.315573 0.227789 -0.921154
vn -0.336995 0.195731 -0.920936
vn -0.346093 0.250537 -0.904130
vn -0.336995 0.195731 -0.920936
vn -0.369583 0.215382 -0.903891
vn -0.492728 0.227341 -0.839961
vn -0.467513 0.274513 -0.840282
vn -0.434896 0.254804 -0.863678
vn -0.492728 0.227341 -0.839961
vn -0.434896 0.254804 -0.863678
vn -0.458351 0.210921 -0.863381
vn -0.407254 0.296174 -0.863959
vn -0.376652 0.273334 -0.885111
vn -0.402218 0.235071 -0.884851
vn -0.407254 0.296174 -0.863959
vn -0.402218 0.235071 -0.884851
vn -0.434896 0.254804 -0.863678
vn -0.561030 0.260012 -0.785900
vn -0.532319 0.313725 -0.786265
vn -0.500028 0.294178 -0.814513
vn -0.561030 0.260012 -0.785900
vn -0.500028 0.294178 -0.814513
vn -0.526997 0.243724 -0.814170
vn -0.468245 0.341744 -0.814836
vn -0.437797 0.318986 -0.840584
vn -0.467513 0.274513 -0.840282
vn -0.468245 0.341744 -0.814836
vn -0.467513 0.274513 -0.840282
vn -0.500028 0.294178 -0.814513
vn 0.528409 0.386768 -0.755774
vn 0.487454 0.436673 -0.756112
vn 0.514862 0.461766 -0.722281
vn 0.528409 0.386768 -0.755774
vn 0.514862 0.461766 -0.722281
vn 0.558142 0.409031 -0.721922
vn 0.466664 0.509963 -0.722608
vn 0.478165 0.522811 -0.705711
vn 0.527595 0.473382 -0.705375
vn 0.466664 0.509963 -0.722608
vn 0.527595 0.473382 -0.705375
vn 0.514862 0.461766 -0.722281
vn 0.468245 0.341743 -0.814836
vn 0.431952 0.385965 -0.815137
vn 0.459847 0.411441 -0.786929
vn 0.468245 0.341743 -0.814836
vn 0.459847 0.411441 -0.786929
vn 0.498483 0.364362 -0.786610
vn 0.416781 0.454507 -0.787221
vn 0.441802 0.482324 -0.756422
vn 0.487454 0.436673 -0.756112
vn 0.416781 0.454507 -0.787221
vn 0.487454 0.436673 -0.756112
vn 0.459847 0.411441 -0.786929
vn 0.407254 0.296174 -0.863959
vn 0.375688 0.334637 -0.864220
vn 0.403863 0.360332 -0.840866
vn 0.407254 0.296174 -0.863959
vn 0.403863 0.360332 -0.840866
vn 0.437796 0.318986 -0.840584
vn 0.366040 0.398155 -0.841123
vn 0.391498 0.426419 -0.815412
vn 0.431952 0.385965 -0.815137
vn 0.366040 0.398155 -0.841123
vn 0.431952 0.385965 -0.815137
vn 0.403863 0.360332 -0.840866
vn 0.346093 0.250538 -0.904130
vn 0.319265 0.283225 -0.904352
vn 0.347459 0.308906 -0.885352
vn 0.346093 0.250538 -0.904130
vn 0.347459 0.308906 -0.885352
vn 0.376652 0.273334 -0.885111
vn 0.314916 0.341448 -0.885574
vn 0.340504 0.369820 -0.864460
vn 0.375688 0.334637 -0.864220
vn 0.314916 0.341448 -0.885574
vn 0.375688 0.334637 -0.864220
vn 0.347459 0.308906 -0.885352
vn 0.285162 0.205131 -0.936271
vn 0.263058 0.232064 -0.936455
vn 0.291114 0.257591 -0.921357
vn 0.285162 0.205131 -0.936271
vn 0.291114 0.257591 -0.921357
vn 0.315573 0.227790 -0.921155
vn 0.263849 0.284856 -0.921543
vn 0.289366 0.313125 -0.904555
vn 0.319265 0.283225 -0.904352
vn 0.263849 0.284856 -0.921543
vn 0.319265 0.283225 -0.904352
vn 0.291114 0.257591 -0.921357
vn 0.224673 0.160099 -0.961192
vn 0.207256 0.181321 -0.961336
vn 0.235111 0.206641 -0.949749
vn 0.224673 0.160099 -0.961192
vn 0.235111 0.206641 -0.949749
vn 0.254864 0.182573 -0.949585
vn 0.213090 0.228660 -0.949899
vn 0.238424 0.256696 -0.936622
vn 0.263058 0.232064 -0.936455
vn 0.213090 0.228660 -0.949899
vn 0.263058 0.232064 -0.936455
vn 0.235111 0.206641 -0.949749
vn 0.164723 0.115510 -0.979553
vn 0.151953 0.131070 -0.979659
vn 0.179598 0.156180 -0.971263
vn 0.164723 0.115510 -0.979553
vn 0.179598 0.156180 -0.971263
vn 0.194686 0.137795 -0.971138
vn 0.162776 0.173002 -0.971378
vn 0.187849 0.200728 -0.961468
vn 0.207256 0.181321 -0.961336
vn 0.162776 0.173002 -0.971378
vn 0.207256 0.181321 -0.961336
vn 0.179598 0.156180 -0.971263
vn 0.105437 0.071455 -0.991855
vn 0.097263 0.081416 -0.991923
vn 0.124731 0.106345 -0.986475
vn 0.105437 0.071455 -0.991855
vn 0.124731 0.106345 -0.986475
vn 0.135209 0.093578 -0.986388
vn 0.113048 0.118029 -0.986554
vn 0.137725 0.145299 -0.979755
vn 0.151953 0.131070 -0.979659
vn 0.113048 0.118029 -0.986554
vn 0.151953 0.131070 -0.979659
vn 0.124731 0.106345 -0.986475
vn 0.048307 0.029038 -0.998410
vn 0.044560 0.033605 -0.998441
vn 0.071914 0.058409 -0.995699
vn 0.048307 0.029038 -0.998410
vn 0.071914 0.058409 -0.995699
vn 0.077953 0.051050 -0.995649
vn 0.065177 0.065145 -0.995745
vn 0.088158 0.090521 -0.991985
vn 0.097263 0.081416 -0.991923
vn 0.065177 0.065145 -0.995745
vn 0.097263 0.081416 -0.991923
vn 0.071914 0.058409 -0.995699
vn 0.017494 0.014521 -0.999741
vn 0.040391 0.037773 -0.998470
vn 0.044560 0.033605 -0.998441
vn 0.017494 0.014521 -0.999741
vn 0.044560 0.033605 -0.998441
vn 0.021316 0.010698 -0.999716
vn 0.065174 -0.078674 -0.994768
vn 0.057815 -0.084713 -0.994727
vn 0.035822 -0.055090 -0.997839
vn 0.065174 -0.078674 -0.994768
vn 0.035822 -0.055090 -0.997839
vn 0.040387 -0.051343 -0.997864
vn 0.030918 -0.058366 -0.997816
vn 0.012998 -0.031112 -0.999431
vn 0.017492 -0.028109 -0.999452
vn 0.030918 -0.058366 -0.997816
vn 0.017492 -0.028109 -0.999452
vn 0.035822 -0.055090 -0.997839
vn 0.113048 -0.131426 -0.984859
vn 0.100281 -0.141904 -0.984788
vn 0.078196 -0.112170 -0.990608
vn 0.113048 -0.131426 -0.984859
vn 0.078196 -0.112170 -0.990608
vn 0.088157 -0.103996 -0.990663
vn 0.067486 -0.119326 -0.990559
vn 0.049891 -0.090007 -0.994691
vn 0.057815 -0.084713 -0.994727
vn 0.067486 -0.119326 -0.990559
vn 0.057815 -0.084713 -0.994727
vn 0.078196 -0.112170 -0.990608
vn 0.162776 -0.186188 -0.968937
vn 0.144391 -0.201276 -0.968834
vn 0.122164 -0.171371 -0.977603
vn 0.162776 -0.186188 -0.968937
vn 0.122164 -0.171371 -0.977603
vn 0.137724 -0.158601 -0.977690
vn 0.105433 -0.182551 -0.977527
vn 0.086541 -0.151086 -0.984725
vn 0.100281 -0.141904 -0.984788
vn 0.105433 -0.182551 -0.977527
vn 0.100281 -0.141904 -0.984788
vn 0.122164 -0.171371 -0.977603
vn 0.213092 -0.241551 -0.946702
vn 0.189022 -0.261304 -0.946568
vn 0.166627 -0.231193 -0.958533
vn 0.213092 -0.241551 -0.946702
vn 0.166627 -0.231193 -0.958533
vn 0.187850 -0.213777 -0.958651
vn 0.143804 -0.246443 -0.958429
vn 0.124609 -0.214493 -0.968744
vn 0.144391 -0.201276 -0.968834
vn 0.143804 -0.246443 -0.958429
vn 0.144391 -0.201276 -0.968834
vn 0.166627 -0.231193 -0.958533
vn 0.263849 -0.297358 -0.917585
vn 0.234046 -0.321816 -0.917419
vn 0.211489 -0.291511 -0.932895
vn 0.263849 -0.297358 -0.917585
vn 0.211489 -0.291511 -0.932895
vn 0.238424 -0.269406 -0.933046
vn 0.182522 -0.310865 -0.932764
vn 0.163127 -0.278606 -0.946450
vn 0.189022 -0.261304 -0.946568
vn 0.182522 -0.310865 -0.932764
vn 0.189022 -0.261304 -0.946568
vn 0.211489 -0.291511 -0.932895
vn 0.314917 -0.353454 -0.880850
vn 0.279345 -0.382646 -0.880652
vn 0.256678 -0.352218 -0.900033
vn 0.314917 -0.353454 -0.880850
vn 0.256678 -0.352218 -0.900033
vn 0.289367 -0.325392 -0.900215
vn 0.221521 -0.375709 -0.899873
vn 0.201986 -0.343238 -0.917273
vn 0.234046 -0.321816 -0.917419
vn 0.221521 -0.375709 -0.899873
vn 0.234046 -0.321816 -0.917419
vn 0.256678 -0.352218 -0.900033
vn 0.366041 -0.409552 -0.835632
vn 0.324693 -0.443483 -0.835402
vn 0.302040 -0.413102 -0.859138
vn 0.366041 -0.409552 -0.835632
vn 0.302040 -0.413102 -0.859138
vn 0.340504 -0.381537 -0.859352
vn 0.260668 -0.440744 -0.858951
vn 0.241079 -0.408213 -0.880479
vn 0.279345 -0.382646 -0.880652
vn 0.260668 -0.440744 -0.858951
vn 0.279345 -0.382646 -0.880652
vn 0.302040 -0.413102 -0.859138
vn 0.416781 -0.465163 -0.780972
vn 0.369702 -0.503800 -0.780708
vn 0.347276 -0.473754 -0.809294
vn 0.416781 -0.465163 -0.780972
vn 0.347276 -0.473754 -0.809294
vn 0.391500 -0.437463 -0.809540
vn 0.299706 -0.505538 -0.809078
vn 0.280217 -0.473200 -0.835201
vn 0.324693 -0.443483 -0.835402
vn 0.299706 -0.505538 -0.809078
vn 0.324693 -0.443483 -0.835402
vn 0.347276 -0.473754 -0.809294
vn 0.466664 -0.519737 -0.715610
vn 0.413928 -0.563015 -0.715316
vn 0.391897 -0.533515 -0.749519
vn 0.466664 -0.519737 -0.715610
vn 0.391897 -0.533515 -0.749519
vn 0.441801 -0.492559 -0.749798
vn 0.338215 -0.569384 -0.749274
vn 0.319061 -0.537637 -0.780478
vn 0.369702 -0.503800 -0.780708
vn 0.338215 -0.569384 -0.749274
vn 0.369702 -0.503800 -0.780708
vn 0.391897 -0.533515 -0.749519
vn 0.366048 -0.615501 -0.697974
vn 0.357252 -0.600885 -0.715058
vn 0.413928 -0.563015 -0.715316
vn 0.366048 -0.615501 -0.697974
vn 0.413928 -0.563015 -0.715316
vn 0.424172 -0.576664 -0.698238
vn -0.628169 0.292192 -0.721129
vn -0.596010 0.352357 -0.721538
vn -0.564277 0.333088 -0.755409
vn -0.628169 0.292192 -0.721129
vn -0.564277 0.333088 -0.755409
vn -0.594711 0.276153 -0.755022
vn -0.528409 0.386769 -0.755774
vn -0.498484 0.364362 -0.786609
vn -0.532319 0.313725 -0.786265
vn -0.528409 0.386769 -0.755774
vn -0.532319 0.313725 -0.786265
vn -0.564277 0.333088 -0.755409
vn -0.571905 0.419391 -0.705008
vn -0.558141 0.409031 -0.721923
vn -0.596010 0.352357 -0.721538
vn -0.571905 0.419391 -0.705008
vn -0.596010 0.352357 -0.721538
vn -0.610742 0.361269 -0.704613
vn -0.594711 -0.286390 -0.751199
vn -0.564278 -0.343325 -0.750811
vn -0.596011 -0.362131 -0.716681
vn -0.594711 -0.286390 -0.751199
vn -0.596011 -0.362131 -0.716681
vn -0.628171 -0.301967 -0.717089
vn -0.558142 -0.418806 -0.716296
vn -0.571906 -0.428935 -0.699241
vn -0.610743 -0.370812 -0.699636
vn -0.558142 -0.418806 -0.716296
vn -0.610743 -0.370812 -0.699636
vn -0.596011 -0.362131 -0.716681
vn -0.526997 -0.254767 -0.810782
vn -0.500028 -0.305221 -0.810440
vn -0.532319 -0.324382 -0.781929
vn -0.526997 -0.254767 -0.810782
vn -0.532319 -0.324382 -0.781929
vn -0.561030 -0.270669 -0.782294
vn -0.498482 -0.375021 -0.781585
vn -0.528409 -0.397006 -0.750447
vn -0.564278 -0.343325 -0.750811
vn -0.498482 -0.375021 -0.781585
vn -0.564278 -0.343325 -0.750811
vn -0.532319 -0.324382 -0.781929
vn -0.458353 -0.222637 -0.860433
vn -0.434897 -0.266521 -0.860134
vn -0.467513 -0.285909 -0.836473
vn -0.458353 -0.222637 -0.860433
vn -0.467513 -0.285909 -0.836473
vn -0.492729 -0.238736 -0.836793
vn -0.437796 -0.330384 -0.836171
vn -0.468243 -0.352789 -0.810116
vn -0.500028 -0.305221 -0.810440
vn -0.437796 -0.330384 -0.836171
vn -0.500028 -0.305221 -0.810440
vn -0.467513 -0.285909 -0.836473
vn -0.389519 -0.190356 -0.901132
vn -0.369585 -0.227650 -0.900879
vn -0.402220 -0.247078 -0.881574
vn -0.389519 -0.190356 -0.901132
vn -0.402220 -0.247078 -0.881574
vn -0.423912 -0.206494 -0.881850
vn -0.376652 -0.285342 -0.881313
vn -0.407254 -0.307891 -0.859853
vn -0.434897 -0.266521 -0.860134
vn -0.376652 -0.285342 -0.881313
vn -0.434897 -0.266521 -0.860134
vn -0.402220 -0.247078 -0.881574
vn -0.320941 -0.158143 -0.933803
vn -0.304516 -0.188872 -0.933594
vn -0.336996 -0.208232 -0.918190
vn -0.320941 -0.158143 -0.933803
vn -0.336996 -0.208232 -0.918190
vn -0.355171 -0.174231 -0.918421
vn -0.315573 -0.240291 -0.917973
vn -0.346093 -0.262806 -0.900640
vn -0.369585 -0.227650 -0.900879
vn -0.315573 -0.240291 -0.917973
vn -0.369585 -0.227650 -0.900879
vn -0.336996 -0.208232 -0.918190
vn -0.252864 -0.126117 -0.959247
vn -0.239922 -0.150328 -0.959082
vn -0.272164 -0.169569 -0.947192
vn -0.252864 -0.126117 -0.959247
vn -0.272164 -0.169569 -0.947192
vn -0.286842 -0.142110 -0.947379
vn -0.254863 -0.195462 -0.947016
vn -0.285162 -0.217838 -0.933397
vn -0.304516 -0.188872 -0.933594
vn -0.254863 -0.195462 -0.947016
vn -0.304516 -0.188872 -0.933594
vn -0.272164 -0.169569 -0.947192
vn -0.185390 -0.094332 -0.978127
vn -0.175901 -0.112085 -0.978006
vn -0.207903 -0.131203 -0.969310
vn -0.185390 -0.094332 -0.978127
vn -0.207903 -0.131203 -0.969310
vn -0.219115 -0.110228 -0.969453
vn -0.194686 -0.150981 -0.969176
vn -0.224673 -0.173148 -0.958927
vn -0.239922 -0.150328 -0.959082
vn -0.194686 -0.150981 -0.969176
vn -0.239922 -0.150328 -0.959082
vn -0.207903 -0.131203 -0.969310
vn -0.118666 -0.062859 -0.990943
vn -0.112591 -0.074223 -0.990865
vn -0.144389 -0.093239 -0.985118
vn -0.118666 -0.062859 -0.990943
vn -0.144389 -0.093239 -0.985118
vn -0.152174 -0.078673 -0.985218
vn -0.135208 -0.106978 -0.985025
vn -0.164723 -0.128814 -0.977892
vn -0.175901 -0.112085 -0.978006
vn -0.135208 -0.106978 -0.985025
vn -0.175901 -0.112085 -0.978006
vn -0.144389 -0.093239 -0.985118
vn -0.054367 -0.032493 -0.997992
vn -0.051582 -0.037703 -0.997957
vn -0.083245 -0.056656 -0.994917
vn -0.054367 -0.032493 -0.997992
vn -0.083245 -0.056656 -0.994917
vn -0.087733 -0.048260 -0.994974
vn -0.077952 -0.064578 -0.994863
vn -0.105436 -0.084931 -0.990793
vn -0.112591 -0.074223 -0.990865
vn -0.077952 -0.064578 -0.994863
vn -0.112591 -0.074223 -0.990865
vn -0.083245 -0.056656 -0.994917
vn -0.021314 -0.024287 -0.999478
vn -0.048306 -0.042607 -0.997923
vn -0.051582 -0.037703 -0.997957
vn -0.021314 -0.024287 -0.999478
vn -0.051582 -0.037703 -0.997957
vn -0.024318 -0.019791 -0.999508
vn 0.441802 0.482324 -0.756422
vn 0.391896 0.523280 -0.756701
vn 0.413927 0.553242 -0.722902
vn 0.441802 0.482324 -0.756422
vn 0.413927 0.553242 -0.722902
vn 0.466664 0.509963 -0.722608
vn 0.357250 0.591112 -0.723159
vn 0.366047 0.605959 -0.706275
vn 0.424171 0.567122 -0.706011
vn 0.357250 0.591112 -0.723159
vn 0.424171 0.567122 -0.706011
vn 0.413927 0.553242 -0.722902
vn 0.391498 0.426419 -0.815412
vn 0.347274 0.462713 -0.815658
vn 0.369700 0.493144 -0.787484
vn 0.391498 0.426419 -0.815412
vn 0.369700 0.493144 -0.787484
vn 0.416781 0.454507 -0.787221
vn 0.319061 0.526980 -0.787713
vn 0.338213 0.559149 -0.756944
vn 0.391896 0.523280 -0.756701
vn 0.319061 0.526980 -0.787713
vn 0.391896 0.523280 -0.756701
vn 0.369700 0.493144 -0.787484
vn 0.340504 0.369820 -0.864460
vn 0.302039 0.401385 -0.864675
vn 0.324693 0.432088 -0.841353
vn 0.340504 0.369820 -0.864460
vn 0.324693 0.432088 -0.841353
vn 0.366040 0.398155 -0.841123
vn 0.280217 0.461806 -0.841555
vn 0.299706 0.494497 -0.815873
vn 0.347274 0.462713 -0.815658
vn 0.280217 0.461806 -0.841555
vn 0.347274 0.462713 -0.815658
vn 0.324693 0.432088 -0.841353
vn 0.289366 0.313125 -0.904555
vn 0.256678 0.339952 -0.904737
vn 0.279343 0.370639 -0.885773
vn 0.289366 0.313125 -0.904555
vn 0.279343 0.370639 -0.885773
vn 0.314916 0.341448 -0.885574
vn 0.241079 0.396206 -0.885947
vn 0.260667 0.429028 -0.864863
vn 0.302039 0.401385 -0.864675
vn 0.241079 0.396206 -0.885947
vn 0.302039 0.401385 -0.864675
vn 0.279343 0.370639 -0.885773
vn 0.238424 0.256696 -0.936622
vn 0.211489 0.278800 -0.936773
vn 0.234047 0.309315 -0.921708
vn 0.238424 0.256696 -0.936622
vn 0.234047 0.309315 -0.921708
vn 0.263849 0.284856 -0.921543
vn 0.201987 0.330737 -0.921854
vn 0.221522 0.363442 -0.904896
vn 0.256678 0.339952 -0.904737
vn 0.201987 0.330737 -0.921854
vn 0.256678 0.339952 -0.904737
vn 0.234047 0.309315 -0.921708
vn 0.187849 0.200728 -0.961468
vn 0.166627 0.218143 -0.961587
vn 0.189022 0.248411 -0.950033
vn 0.187849 0.200728 -0.961468
vn 0.189022 0.248411 -0.950033
vn 0.213090 0.228660 -0.949899
vn 0.163128 0.265712 -0.950151
vn 0.182522 0.298155 -0.936904
vn 0.211489 0.278800 -0.936773
vn 0.163128 0.265712 -0.950151
vn 0.211489 0.278800 -0.936773
vn 0.189022 0.248411 -0.950033
vn 0.137725 0.145299 -0.979755
vn 0.122165 0.158069 -0.979842
vn 0.144391 0.188089 -0.971480
vn 0.137725 0.145299 -0.979755
vn 0.144391 0.188089 -0.971480
vn 0.162776 0.173002 -0.971378
vn 0.124611 0.201305 -0.971570
vn 0.143806 0.233390 -0.961691
vn 0.166627 0.218143 -0.961587
vn 0.124611 0.201305 -0.971570
vn 0.166627 0.218143 -0.961587
vn 0.144391 0.188089 -0.971480
vn 0.088158 0.090521 -0.991985
vn 0.078195 0.098697 -0.992041
vn 0.100281 0.128507 -0.986625
vn 0.088158 0.090521 -0.991985
vn 0.100281 0.128507 -0.986625
vn 0.113048 0.118029 -0.986554
vn 0.086541 0.137688 -0.986688
vn 0.105435 0.169247 -0.979918
vn 0.122165 0.158069 -0.979842
vn 0.086541 0.137688 -0.986688
vn 0.122165 0.158069 -0.979842
vn 0.100281 0.128507 -0.986625
vn 0.040391 0.037773 -0.998470
vn 0.035823 0.041521 -0.998495
vn 0.057816 0.071186 -0.995786
vn 0.040391 0.037773 -0.998470
vn 0.057816 0.071186 -0.995786
vn 0.065177 0.065145 -0.995745
vn 0.049893 0.076479 -0.995822
vn 0.067487 0.105852 -0.992089
vn 0.078195 0.098697 -0.992041
vn 0.049893 0.076479 -0.995822
vn 0.078195 0.098697 -0.992041
vn 0.057816 0.071186 -0.995786
vn 0.012998 0.017525 -0.999762
vn 0.030919 0.044798 -0.998517
vn 0.035823 0.041521 -0.998495
vn 0.012998 0.017525 -0.999762
vn 0.035823 0.041521 -0.998495
vn 0.017494 0.014521 -0.999741
vn 0.049891 -0.090007 -0.994691
vn 0.041494 -0.094495 -0.994660
vn 0.025709 -0.061150 -0.997797
vn 0.049891 -0.090007 -0.994691
vn 0.025709 -0.061150 -0.997797
vn 0.030918 -0.058366 -0.997816
vn 0.020264 -0.063405 -0.997782
vn 0.008005 -0.033181 -0.999417
vn 0.012998 -0.031112 -0.999431
vn 0.020264 -0.063405 -0.997782
vn 0.012998 -0.031112 -0.999431
vn 0.025709 -0.061150 -0.997797
vn 0.086541 -0.151086 -0.984725
vn 0.071975 -0.158871 -0.984672
vn 0.056121 -0.125400 -0.990518
vn 0.086541 -0.151086 -0.984725
vn 0.056121 -0.125400 -0.990518
vn 0.067486 -0.119326 -0.990559
vn 0.044228 -0.130326 -0.990484
vn 0.032696 -0.098139 -0.994636
vn 0.041494 -0.094495 -0.994660
vn 0.044228 -0.130326 -0.990484
vn 0.041494 -0.094495 -0.994660
vn 0.056121 -0.125400 -0.990518
vn 0.124609 -0.214493 -0.968744
vn 0.103634 -0.225705 -0.968668
vn 0.087681 -0.192040 -0.977462
vn 0.124609 -0.214493 -0.968744
vn 0.087681 -0.192040 -0.977462
vn 0.105433 -0.182551 -0.977527
vn 0.069094 -0.199739 -0.977410
vn 0.056713 -0.165193 -0.984629
vn 0.071975 -0.158871 -0.984672
vn 0.069094 -0.199739 -0.977410
vn 0.071975 -0.158871 -0.984672
vn 0.087681 -0.192040 -0.977462
vn 0.163127 -0.278606 -0.946450
vn 0.135667 -0.293282 -0.946351
vn 0.119592 -0.259385 -0.958341
vn 0.163127 -0.278606 -0.946450
vn 0.119592 -0.259385 -0.958341
vn 0.143804 -0.246443 -0.958429
vn 0.094237 -0.269886 -0.958270
vn 0.081658 -0.234808 -0.968606
vn 0.103634 -0.225705 -0.968668
vn 0.094237 -0.269886 -0.958270
vn 0.103634 -0.225705 -0.968668
vn 0.119592 -0.259385 -0.958341
vn 0.201986 -0.343238 -0.917273
vn 0.167985 -0.361412 -0.917149
vn 0.151793 -0.327289 -0.932653
vn 0.201986 -0.343238 -0.917273
vn 0.151793 -0.327289 -0.932653
vn 0.182522 -0.310865 -0.932764
vn 0.119607 -0.340620 -0.932562
vn 0.106897 -0.305198 -0.946270
vn 0.135667 -0.293282 -0.946351
vn 0.119607 -0.340620 -0.932562
vn 0.135667 -0.293282 -0.946351
vn 0.151793 -0.327289 -0.932653
vn 0.241079 -0.408213 -0.880479
vn 0.200496 -0.429904 -0.880332
vn 0.184227 -0.395643 -0.899737
vn 0.241079 -0.408213 -0.880479
vn 0.184227 -0.395643 -0.899737
vn 0.221521 -0.375709 -0.899873
vn 0.145164 -0.411823 -0.899627
vn 0.132361 -0.376167 -0.917049
vn 0.167985 -0.361412 -0.917149
vn 0.145164 -0.411823 -0.899627
vn 0.167985 -0.361412 -0.917149
vn 0.184227 -0.395643 -0.899737
vn 0.280217 -0.473200 -0.835201
vn 0.233043 -0.498414 -0.835029
vn 0.216784 -0.464200 -0.858792
vn 0.280217 -0.473200 -0.835201
vn 0.216784 -0.464200 -0.858792
vn 0.260668 -0.440744 -0.858951
vn 0.170815 -0.483241 -0.858662
vn 0.157979 -0.447515 -0.880212
vn 0.200496 -0.429904 -0.880332
vn 0.170815 -0.483241 -0.858662
vn 0.200496 -0.429904 -0.880332
vn 0.216784 -0.464200 -0.858792
vn 0.319061 -0.537637 -0.780478
vn 0.265347 -0.566348 -0.780283
vn 0.249251 -0.532507 -0.808895
vn 0.319061 -0.537637 -0.780478
vn 0.249251 -0.532507 -0.808895
vn 0.299706 -0.505538 -0.809078
vn 0.196395 -0.554400 -0.808745
vn 0.183624 -0.518884 -0.834890
vn 0.233043 -0.498414 -0.835029
vn 0.196395 -0.554400 -0.808745
vn 0.233043 -0.498414 -0.835029
vn 0.249251 -0.532507 -0.808895
vn 0.357252 -0.600885 -0.715058
vn 0.297085 -0.633044 -0.714839
vn 0.281278 -0.599818 -0.749067
vn 0.357252 -0.600885 -0.715058
vn 0.281278 -0.599818 -0.749067
vn 0.338215 -0.569384 -0.749274
vn 0.221630 -0.624524 -0.748899
vn 0.209079 -0.589654 -0.780124
vn 0.265347 -0.566348 -0.780283
vn 0.221630 -0.624524 -0.748899
vn 0.265347 -0.566348 -0.780283
vn 0.281278 -0.599818 -0.749067
vn 0.239865 -0.675177 -0.697568
vn 0.234111 -0.659128 -0.714662
vn 0.297085 -0.633044 -0.714839
vn 0.239865 -0.675177 -0.697568
vn 0.297085 -0.633044 -0.714839
vn 0.304447 -0.648427 -0.697749
vn -0.077953 0.051051 -0.995649
vn -0.071913 0.058410 -0.995699
vn -0.044558 0.033607 -0.998441
vn -0.077953 0.051051 -0.995649
vn -0.044558 0.033607 -0.998441
vn -0.048306 0.029039 -0.998410
vn -0.040390 0.037774 -0.998470
vn -0.017493 0.014522 -0.999742
vn -0.021315 0.010700 -0.999716
vn -0.040390 0.037774 -0.998470
vn -0.021315 0.010700 -0.999716
vn -0.044558 0.033607 -0.998441
vn -0.135209 0.093578 -0.986388
vn -0.124732 0.106344 -0.986475
vn -0.097264 0.081416 -0.991923
vn -0.135209 0.093578 -0.986388
vn -0.097264 0.081416 -0.991923
vn -0.105438 0.071456 -0.991855
vn -0.088158 0.090521 -0.991985
vn -0.065176 0.065145 -0.995745
vn -0.071913 0.058410 -0.995699
vn -0.088158 0.090521 -0.991985
vn -0.071913 0.058410 -0.995699
vn -0.097264 0.081416 -0.991923
vn -0.194687 0.137795 -0.971138
vn -0.179599 0.156180 -0.971263
vn -0.151953 0.131070 -0.979659
vn -0.194687 0.137795 -0.971138
vn -0.151953 0.131070 -0.979659
vn -0.164723 0.115510 -0.979553
vn -0.137725 0.145298 -0.979755
vn -0.113049 0.118028 -0.986554
vn -0.124732 0.106344 -0.986475
vn -0.137725 0.145298 -0.979755
vn -0.124732 0.106344 -0.986475
vn -0.151953 0.131070 -0.979659
vn -0.254864 0.182573 -0.949585
vn -0.235111 0.206640 -0.949749
vn -0.207257 0.181321 -0.961336
vn -0.254864 0.182573 -0.949585
vn -0.207257 0.181321 -0.961336
vn -0.224673 0.160099 -0.961192
vn -0.187850 0.200727 -0.961468
vn -0.162776 0.173002 -0.971378
vn -0.179599 0.156180 -0.971263
vn -0.187850 0.200727 -0.961468
vn -0.179599 0.156180 -0.971263
vn -0.207257 0.181321 -0.961336
vn -0.315573 0.227789 -0.921154
vn -0.291114 0.257591 -0.921357
vn -0.263058 0.232063 -0.936455
vn -0.315573 0.227789 -0.921154
vn -0.263058 0.232063 -0.936455
vn -0.285163 0.205130 -0.936271
vn -0.238424 0.256696 -0.936622
vn -0.213090 0.228659 -0.949899
vn -0.235111 0.206640 -0.949749
vn -0.238424 0.256696 -0.936622
vn -0.235111 0.206640 -0.949749
vn -0.263058 0.232063 -0.936455
vn -0.376652 0.273334 -0.885111
vn -0.347460 0.308906 -0.885352
vn -0.319266 0.283225 -0.904352
vn -0.376652 0.273334 -0.885111
vn -0.319266 0.283225 -0.904352
vn -0.346093 0.250537 -0.904130
vn -0.289367 0.313124 -0.904555
vn -0.263849 0.284856 -0.921543
vn -0.291114 0.257591 -0.921357
vn -0.289367 0.313124 -0.904555
vn -0.291114 0.257591 -0.921357
vn -0.319266 0.283225 -0.904352
vn -0.437797 0.318986 -0.840584
vn -0.403863 0.360333 -0.840865
vn -0.375688 0.334637 -0.864220
vn -0.437797 0.318986 -0.840584
vn -0.375688 0.334637 -0.864220
vn -0.407254 0.296174 -0.863959
vn -0.340504 0.369820 -0.864460
vn -0.314917 0.341448 -0.885574
vn -0.347460 0.308906 -0.885352
vn -0.340504 0.369820 -0.864460
vn -0.347460 0.308906 -0.885352
vn -0.375688 0.334637 -0.864220
vn -0.498484 0.364362 -0.786609
vn -0.459847 0.411442 -0.786928
vn -0.431952 0.385966 -0.815137
vn -0.498484 0.364362 -0.786609
vn -0.431952 0.385966 -0.815137
vn -0.468245 0.341744 -0.814836
vn -0.391498 0.426419 -0.815412
vn -0.366040 0.398155 -0.841122
vn -0.403863 0.360333 -0.840865
vn -0.391498 0.426419 -0.815412
vn -0.403863 0.360333 -0.840865
vn -0.431952 0.385966 -0.815137
vn -0.558141 0.409031 -0.721923
vn -0.514862 0.461766 -0.722281
vn -0.487454 0.436673 -0.756112
vn -0.558141 0.409031 -0.721923
vn -0.487454 0.436673 -0.756112
vn -0.528409 0.386769 -0.755774
vn -0.441802 0.482324 -0.756422
vn -0.416781 0.454507 -0.787221
vn -0.459847 0.411442 -0.786928
vn -0.441802 0.482324 -0.756422
vn -0.459847 0.411442 -0.786928
vn -0.487454 0.436673 -0.756112
vn -0.478165 0.522811 -0.705710
vn -0.466664 0.509963 -0.722608
vn -0.514862 0.461766 -0.722281
vn -0.478165 0.522811 -0.705710
vn -0.514862 0.461766 -0.722281
vn -0.527595 0.473383 -0.705374
vn -0.528409 -0.397006 -0.750447
vn -0.487452 -0.446909 -0.750109
vn -0.514862 -0.471541 -0.715937
vn -0.528409 -0.397006 -0.750447
vn -0.514862 -0.471541 -0.715937
vn -0.558142 -0.418806 -0.716296
vn -0.466664 -0.519738 -0.715610
vn -0.478166 -0.532355 -0.698538
vn -0.527595 -0.482927 -0.698874
vn -0.466664 -0.519738 -0.715610
vn -0.527595 -0.482927 -0.698874
vn -0.514862 -0.471541 -0.715937
vn -0.468243 -0.352789 -0.810116
vn -0.431951 -0.397011 -0.809815
vn -0.459844 -0.422100 -0.781265
vn -0.468243 -0.352789 -0.810116
vn -0.459844 -0.422100 -0.781265
vn -0.498482 -0.375021 -0.781585
vn -0.416780 -0.465163 -0.780972
vn -0.441800 -0.492560 -0.749798
vn -0.487452 -0.446909 -0.750109
vn -0.416780 -0.465163 -0.780972
vn -0.487452 -0.446909 -0.750109
vn -0.459844 -0.422100 -0.781265
vn 0.338213 0.559149 -0.756944
vn 0.281278 0.589583 -0.757149
vn 0.297085 0.623270 -0.723377
vn 0.338213 0.559149 -0.756944
vn 0.297085 0.623270 -0.723377
vn 0.357250 0.591112 -0.723159
vn 0.234112 0.649353 -0.723555
vn 0.239866 0.665633 -0.706681
vn 0.304447 0.638883 -0.706499
vn 0.234112 0.649353 -0.723555
vn 0.304447 0.638883 -0.706499
vn 0.297085 0.623270 -0.723377
vn 0.299706 0.494497 -0.815873
vn 0.249251 0.521465 -0.816057
vn 0.265348 0.555692 -0.787907
vn 0.299706 0.494497 -0.815873
vn 0.265348 0.555692 -0.787907
vn 0.319061 0.526980 -0.787713
vn 0.209079 0.578998 -0.788065
vn 0.221631 0.614288 -0.757317
vn 0.281278 0.589583 -0.757149
vn 0.209079 0.578998 -0.788065
vn 0.281278 0.589583 -0.757149
vn 0.265348 0.555692 -0.787907
vn 0.260667 0.429028 -0.864863
vn 0.216783 0.452484 -0.865022
vn 0.233043 0.487020 -0.841726
vn 0.260667 0.429028 -0.864863
vn 0.233043 0.487020 -0.841726
vn 0.280217 0.461806 -0.841555
vn 0.183624 0.507490 -0.841865
vn 0.196394 0.543358 -0.816205
vn 0.249251 0.521465 -0.816057
vn 0.183624 0.507490 -0.841865
vn 0.249251 0.521465 -0.816057
vn 0.233043 0.487020 -0.841726
vn 0.221522 0.363442 -0.904896
vn 0.184227 0.383376 -0.905032
vn 0.200495 0.417898 -0.886094
vn 0.221522 0.363442 -0.904896
vn 0.200495 0.417898 -0.886094
vn 0.241079 0.396206 -0.885947
vn 0.157978 0.435510 -0.886213
vn 0.170814 0.471526 -0.865151
vn 0.216783 0.452484 -0.865022
vn 0.157978 0.435510 -0.886213
vn 0.216783 0.452484 -0.865022
vn 0.200495 0.417898 -0.886094
vn 0.182522 0.298155 -0.936904
vn 0.151793 0.314580 -0.937016
vn 0.167984 0.348912 -0.921977
vn 0.182522 0.298155 -0.936904
vn 0.167984 0.348912 -0.921977
vn 0.201987 0.330737 -0.921854
vn 0.132360 0.363668 -0.922077
vn 0.145162 0.399557 -0.905142
vn 0.184227 0.383376 -0.905032
vn 0.132360 0.363668 -0.922077
vn 0.184227 0.383376 -0.905032
vn 0.167984 0.348912 -0.921977
vn 0.143806 0.233390 -0.961691
vn 0.119594 0.246331 -0.961779
vn 0.135668 0.280390 -0.950250
vn 0.143806 0.233390 -0.961691
vn 0.135668 0.280390 -0.950250
vn 0.163128 0.265712 -0.950151
vn 0.106896 0.292307 -0.950331
vn 0.119606 0.327912 -0.937106
vn 0.151793 0.314580 -0.937016
vn 0.106896 0.292307 -0.950331
vn 0.151793 0.314580 -0.937016
vn 0.135668 0.280390 -0.950250
vn 0.105435 0.169247 -0.979918
vn 0.087681 0.178736 -0.979982
vn 0.103636 0.212516 -0.971646
vn 0.105435 0.169247 -0.979918
vn 0.103636 0.212516 -0.971646
vn 0.124611 0.201305 -0.971570
vn 0.081656 0.221620 -0.971708
vn 0.094235 0.256835 -0.961850
vn 0.119594 0.246331 -0.961779
vn 0.081656 0.221620 -0.971708
vn 0.119594 0.246331 -0.961779
vn 0.103636 0.212516 -0.971646
vn 0.067487 0.105852 -0.992089
vn 0.056121 0.111927 -0.992130
vn 0.071975 0.145473 -0.986741
vn 0.067487 0.105852 -0.992089
vn 0.071975 0.145473 -0.986741
vn 0.086541 0.137688 -0.986688
vn 0.056709 0.151796 -0.986784
vn 0.069091 0.186436 -0.980035
vn 0.087681 0.178736 -0.979982
vn 0.056709 0.151796 -0.986784
vn 0.087681 0.178736 -0.979982
vn 0.071975 0.145473 -0.986741
vn 0.030919 0.044798 -0.998517
vn 0.025709 0.047583 -0.998536
vn 0.041495 0.080968 -0.995853
vn 0.030919 0.044798 -0.998517
vn 0.041495 0.080968 -0.995853
vn 0.049893 0.076479 -0.995822
vn 0.032694 0.084613 -0.995877
vn 0.044225 0.116854 -0.992164
vn 0.056121 0.111927 -0.992130
vn 0.032694 0.084613 -0.995877
vn 0.056121 0.111927 -0.992130
vn 0.041495 0.080968 -0.995853
vn 0.008004 0.019593 -0.999776
vn 0.020263 0.049838 -0.998552
vn 0.025709 0.047583 -0.998536
vn 0.008004 0.019593 -0.999776
vn 0.025709 0.047583 -0.998536
vn 0.012998 0.017525 -0.999762
vn 0.032696 -0.098139 -0.994636
vn 0.023584 -0.100902 -0.994617
vn 0.014611 -0.065120 -0.997770
vn 0.032696 -0.098139 -0.994636
vn 0.014611 -0.065120 -0.997770
vn 0.020264 -0.063405 -0.997782
vn 0.008828 -0.066270 -0.997763
vn 0.002704 -0.034235 -0.999410
vn 0.008005 -0.033181 -0.999417
vn 0.008828 -0.066270 -0.997763
vn 0.008005 -0.033181 -0.999417
vn 0.014611 -0.065120 -0.997770
vn 0.056713 -0.165193 -0.984629
vn 0.040907 -0.169988 -0.984597
vn 0.031896 -0.134067 -0.990459
vn 0.056713 -0.165193 -0.984629
vn 0.031896 -0.134067 -0.990459
vn 0.044228 -0.130326 -0.990484
vn 0.019261 -0.136580 -0.990442
vn 0.014238 -0.102761 -0.994604
vn 0.023584 -0.100902 -0.994617
vn 0.019261 -0.136580 -0.990442
vn 0.023584 -0.100902 -0.994617
vn 0.031896 -0.134067 -0.990459
vn 0.081658 -0.234808 -0.968606
vn 0.058899 -0.241712 -0.968559
vn 0.049831 -0.205583 -0.977370
vn 0.081658 -0.234808 -0.968606
vn 0.049831 -0.205583 -0.977370
vn 0.069094 -0.199739 -0.977410
vn 0.030093 -0.209509 -0.977344
vn 0.024697 -0.173212 -0.984575
vn 0.040907 -0.169988 -0.984597
vn 0.030093 -0.209509 -0.977344
vn 0.040907 -0.169988 -0.984597
vn 0.049831 -0.205583 -0.977370
vn 0.106897 -0.305198 -0.946270
vn 0.077102 -0.314236 -0.946209
vn 0.067966 -0.277856 -0.958216
vn 0.106897 -0.305198 -0.946270
vn 0.067966 -0.277856 -0.958216
vn 0.094237 -0.269886 -0.958270
vn 0.041046 -0.283210 -0.958179
vn 0.035564 -0.246353 -0.968527
vn 0.058899 -0.241712 -0.968559
vn 0.041046 -0.283210 -0.958179
vn 0.058899 -0.241712 -0.968559
vn 0.067966 -0.277856 -0.958216
vn 0.132361 -0.376167 -0.917049
vn 0.095467 -0.387358 -0.916973
vn 0.086264 -0.350734 -0.932493
vn 0.132361 -0.376167 -0.917049
vn 0.086264 -0.350734 -0.932493
vn 0.119607 -0.340620 -0.932562
vn 0.052095 -0.357531 -0.932447
vn 0.046558 -0.320312 -0.946167
vn 0.077102 -0.314236 -0.946209
vn 0.052095 -0.357531 -0.932447
vn 0.077102 -0.314236 -0.946209
vn 0.086264 -0.350734 -0.932493
vn 0.157979 -0.447515 -0.880212
vn 0.113943 -0.460874 -0.880120
vn 0.104697 -0.424098 -0.899544
vn 0.157979 -0.447515 -0.880212
vn 0.104697 -0.424098 -0.899544
vn 0.145164 -0.411823 -0.899627
vn 0.063224 -0.432348 -0.899488
vn 0.057648 -0.394881 -0.916922
vn 0.095467 -0.387358 -0.916973
vn 0.063224 -0.432348 -0.899488
vn 0.095467 -0.387358 -0.916973
vn 0.104697 -0.424098 -0.899544
vn 0.183624 -0.518884 -0.834890
vn 0.132439 -0.534411 -0.834784
vn 0.123198 -0.497686 -0.858563
vn 0.183624 -0.518884 -0.834890
vn 0.123198 -0.497686 -0.858563
vn 0.170815 -0.483241 -0.858662
vn 0.074398 -0.507392 -0.858498
vn 0.068805 -0.469853 -0.880059
vn 0.113943 -0.460874 -0.880120
vn 0.074398 -0.507392 -0.858498
vn 0.113943 -0.460874 -0.880120
vn 0.123198 -0.497686 -0.858563
vn 0.209079 -0.589654 -0.780124
vn 0.150797 -0.607333 -0.780004
vn 0.141650 -0.571007 -0.808632
vn 0.209079 -0.589654 -0.780124
vn 0.141650 -0.571007 -0.808632
vn 0.196395 -0.554400 -0.808745
vn 0.085541 -0.582167 -0.808557
vn 0.079977 -0.544845 -0.834714
vn 0.132439 -0.534411 -0.834784
vn 0.085541 -0.582167 -0.808557
vn 0.132439 -0.534411 -0.834784
vn 0.141650 -0.571007 -0.808632
vn 0.234111 -0.659128 -0.714662
vn 0.168828 -0.678931 -0.714528
vn 0.159852 -0.643264 -0.748771
vn 0.234111 -0.659128 -0.714662
vn 0.159852 -0.643264 -0.748771
vn 0.221630 -0.624524 -0.748899
vn 0.096532 -0.655859 -0.748686
vn 0.091066 -0.619214 -0.779923
vn 0.150797 -0.607333 -0.780004
vn 0.096532 -0.655859 -0.748686
vn 0.150797 -0.607333 -0.780004
vn 0.159852 -0.643264 -0.748771
vn 0.104465 -0.709088 -0.697339
vn 0.101976 -0.692229 -0.714437
vn 0.168828 -0.678931 -0.714528
vn 0.104465 -0.709088 -0.697339
vn 0.168828 -0.678931 -0.714528
vn 0.173025 -0.695451 -0.697431
vn -0.407254 -0.307891 -0.859853
vn -0.375688 -0.346355 -0.859591
vn -0.403863 -0.371730 -0.835889
vn -0.407254 -0.307891 -0.859853
vn -0.403863 -0.371730 -0.835889
vn -0.437796 -0.330384 -0.836171
vn -0.366041 -0.409552 -0.835632
vn -0.391499 -0.437462 -0.809540
vn -0.431951 -0.397011 -0.809815
vn -0.366041 -0.409552 -0.835632
vn -0.431951 -0.397011 -0.809815
vn -0.403863 -0.371730 -0.835889
vn -0.346093 -0.262806 -0.900640
vn -0.319266 -0.295494 -0.900418
vn -0.347459 -0.320913 -0.881071
vn -0.346093 -0.262806 -0.900640
vn -0.347459 -0.320913 -0.881071
vn -0.376652 -0.285342 -0.881313
vn -0.314916 -0.353454 -0.880851
vn -0.340504 -0.381536 -0.859353
vn -0.375688 -0.346355 -0.859591
vn -0.314916 -0.353454 -0.880851
vn -0.375688 -0.346355 -0.859591
vn -0.347459 -0.320913 -0.881071
vn -0.285162 -0.217838 -0.933397
vn -0.263057 -0.244772 -0.933214
vn -0.291114 -0.270093 -0.917770
vn -0.285162 -0.217838 -0.933397
vn -0.291114 -0.270093 -0.917770
vn -0.315573 -0.240291 -0.917973
vn -0.263849 -0.297359 -0.917585
vn -0.289366 -0.325393 -0.900215
vn -0.319266 -0.295494 -0.900418
vn -0.263849 -0.297359 -0.917585
vn -0.319266 -0.295494 -0.900418
vn -0.291114 -0.270093 -0.917770
vn -0.224673 -0.173148 -0.958927
vn -0.207257 -0.194369 -0.958783
vn -0.235111 -0.219530 -0.946852
vn -0.224673 -0.173148 -0.958927
vn -0.235111 -0.219530 -0.946852
vn -0.254863 -0.195462 -0.947016
vn -0.213091 -0.241550 -0.946702
vn -0.238424 -0.269406 -0.933046
vn -0.263057 -0.244772 -0.933214
vn -0.213091 -0.241550 -0.946702
vn -0.263057 -0.244772 -0.933214
vn -0.235111 -0.219530 -0.946852
vn -0.164723 -0.128814 -0.977892
vn -0.151953 -0.144373 -0.977787
vn -0.179599 -0.169365 -0.969051
vn -0.164723 -0.128814 -0.977892
vn -0.179599 -0.169365 -0.969051
vn -0.194686 -0.150981 -0.969176
vn -0.162776 -0.186187 -0.968937
vn -0.187850 -0.213776 -0.958651
vn -0.207257 -0.194369 -0.958783
vn -0.162776 -0.186187 -0.968937
vn -0.207257 -0.194369 -0.958783
vn -0.179599 -0.169365 -0.969051
vn -0.105436 -0.084931 -0.990793
vn -0.097261 -0.094893 -0.990725
vn -0.124730 -0.119744 -0.984938
vn -0.105436 -0.084931 -0.990793
vn -0.124730 -0.119744 -0.984938
vn -0.135208 -0.106978 -0.985025
vn -0.113048 -0.131426 -0.984859
vn -0.137725 -0.158600 -0.977690
vn -0.151953 -0.144373 -0.977787
vn -0.113048 -0.131426 -0.984859
vn -0.151953 -0.144373 -0.977787
vn -0.124730 -0.119744 -0.984938
vn -0.048306 -0.042607 -0.997923
vn -0.044558 -0.047173 -0.997892
vn -0.071911 -0.071938 -0.994813
vn -0.048306 -0.042607 -0.997923
vn -0.071911 -0.071938 -0.994813
vn -0.077952 -0.064578 -0.994863
vn -0.065175 -0.078675 -0.994768
vn -0.088158 -0.103996 -0.990663
vn -0.097261 -0.094893 -0.990725
vn -0.065175 -0.078675 -0.994768
vn -0.097261 -0.094893 -0.990725
vn -0.071911 -0.071938 -0.994813
vn -0.017491 -0.028109 -0.999452
vn -0.040387 -0.051343 -0.997864
vn -0.044558 -0.047173 -0.997892
vn -0.017491 -0.028109 -0.999452
vn -0.044558 -0.047173 -0.997892
vn -0.021314 -0.024287 -0.999478
vn -0.065176 0.065145 -0.995745
vn -0.057816 0.071186 -0.995786
vn -0.035823 0.041521 -0.998495
vn -0.065176 0.065145 -0.995745
vn -0.035823 0.041521 -0.998495
vn -0.040390 0.037774 -0.998470
vn -0.030919 0.044798 -0.998517
vn -0.012998 0.017525 -0.999762
vn -0.017493 0.014522 -0.999742
vn -0.030919 0.044798 -0.998517
vn -0.017493 0.014522 -0.999742
vn -0.035823 0.041521 -0.998495
vn -0.113049 0.118028 -0.986554
vn -0.100281 0.128507 -0.986625
vn -0.078195 0.098697 -0.992041
vn -0.113049 0.118028 -0.986554
vn -0.078195 0.098697 -0.992041
vn -0.088158 0.090521 -0.991985
vn -0.067486 0.105852 -0.992089
vn -0.049892 0.076480 -0.995822
vn -0.057816 0.071186 -0.995786
vn -0.067486 0.105852 -0.992089
vn -0.057816 0.071186 -0.995786
vn -0.078195 0.098697 -0.992041
vn -0.162776 0.173002 -0.971378
vn -0.144392 0.188089 -0.971480
vn -0.122165 0.158069 -0.979842
vn -0.162776 0.173002 -0.971378
vn -0.122165 0.158069 -0.979842
vn -0.137725 0.145298 -0.979755
vn -0.105434 0.169248 -0.979918
vn -0.086541 0.137688 -0.986688
vn -0.100281 0.128507 -0.986625
vn -0.105434 0.169248 -0.979918
vn -0.100281 0.128507 -0.986625
vn -0.122165 0.158069 -0.979842
vn -0.213090 0.228659 -0.949899
vn -0.189022 0.248411 -0.950033
vn -0.166627 0.218143 -0.961587
vn -0.213090 0.228659 -0.949899
vn -0.166627 0.218143 -0.961587
vn -0.187850 0.200727 -0.961468
vn -0.143806 0.233390 -0.961691
vn -0.124611 0.201305 -0.971570
vn -0.144392 0.188089 -0.971480
vn -0.143806 0.233390 -0.961691
vn -0.144392 0.188089 -0.971480
vn -0.166627 0.218143 -0.961587
vn 0.221631 0.614288 -0.757317
vn 0.159851 0.633027 -0.757446
vn 0.168829 0.669156 -0.723690
vn 0.221631 0.614288 -0.757317
vn 0.168829 0.669156 -0.723690
vn 0.234112 0.649353 -0.723555
vn 0.101975 0.682452 -0.723782
vn 0.104465 0.699543 -0.706914
vn 0.173026 0.685907 -0.706819
vn 0.101975 0.682452 -0.723782
vn 0.173026 0.685907 -0.706819
vn 0.168829 0.669156 -0.723690
vn 0.196394 0.543358 -0.816205
vn 0.141648 0.559965 -0.816318
vn 0.150796 0.596676 -0.788187
vn 0.196394 0.543358 -0.816205
vn 0.150796 0.596676 -0.788187
vn 0.209079 0.578998 -0.788065
vn 0.091064 0.608557 -0.788268
vn 0.096529 0.645621 -0.757533
vn 0.159851 0.633027 -0.757446
vn 0.091064 0.608557 -0.788268
vn 0.159851 0.633027 -0.757446
vn 0.150796 0.596676 -0.788187
vn 0.170814 0.471526 -0.865151
vn 0.123197 0.485970 -0.865249
vn 0.132438 0.523017 -0.841970
vn 0.170814 0.471526 -0.865151
vn 0.132438 0.523017 -0.841970
vn 0.183624 0.507490 -0.841865
vn 0.079976 0.533452 -0.842041
vn 0.085539 0.571125 -0.816394
vn 0.141648 0.559965 -0.816318
vn 0.079976 0.533452 -0.842041
vn 0.141648 0.559965 -0.816318
vn 0.132438 0.523017 -0.841970
vn 0.145162 0.399557 -0.905142
vn 0.104696 0.411833 -0.905225
vn 0.113942 0.448868 -0.886304
vn 0.145162 0.399557 -0.905142
vn 0.113942 0.448868 -0.886304
vn 0.157978 0.435510 -0.886213
vn 0.068806 0.457847 -0.886364
vn 0.074397 0.495678 -0.865314
vn 0.123197 0.485970 -0.865249
vn 0.068806 0.457847 -0.886364
vn 0.123197 0.485970 -0.865249
vn 0.113942 0.448868 -0.886304
vn 0.119606 0.327912 -0.937106
vn 0.086262 0.338027 -0.937175
vn 0.095465 0.374859 -0.922154
vn 0.119606 0.327912 -0.937106
vn 0.095465 0.374859 -0.922154
vn 0.132360 0.363668 -0.922077
vn 0.057649 0.382380 -0.922205
vn 0.063226 0.420081 -0.905281
vn 0.104696 0.411833 -0.905225
vn 0.057649 0.382380 -0.922205
vn 0.104696 0.411833 -0.905225
vn 0.095465 0.374859 -0.922154
vn 0.094235 0.256835 -0.961850
vn 0.067963 0.264804 -0.961904
vn 0.077100 0.301346 -0.950393
vn 0.094235 0.256835 -0.961850
vn 0.077100 0.301346 -0.950393
vn 0.106896 0.292307 -0.950331
vn 0.046557 0.307421 -0.950434
vn 0.052095 0.344823 -0.937221
vn 0.086262 0.338027 -0.937175
vn 0.046557 0.307421 -0.950434
vn 0.086262 0.338027 -0.937175
vn 0.077100 0.301346 -0.950393
vn 0.069091 0.186436 -0.980035
vn 0.049828 0.192280 -0.980074
vn 0.058896 0.228524 -0.971755
vn 0.069091 0.186436 -0.980035
vn 0.058896 0.228524 -0.971755
vn 0.081656 0.221620 -0.971708
vn 0.035564 0.233165 -0.971787
vn 0.041045 0.270159 -0.961941
vn 0.067963 0.264804 -0.961904
vn 0.035564 0.233165 -0.971787
vn 0.067963 0.264804 -0.961904
vn 0.058896 0.228524 -0.971755
vn 0.044225 0.116854 -0.992164
vn 0.031894 0.120595 -0.992189
vn 0.040905 0.156591 -0.986816
vn 0.044225 0.116854 -0.992164
vn 0.040905 0.156591 -0.986816
vn 0.056709 0.151796 -0.986784
vn 0.024698 0.159814 -0.986838
vn 0.030094 0.196205 -0.980101
vn 0.049828 0.192280 -0.980074
vn 0.024698 0.159814 -0.986838
vn 0.049828 0.192280 -0.980074
vn 0.040905 0.156591 -0.986816
vn 0.020263 0.049838 -0.998552
vn 0.014611 0.051553 -0.998563
vn 0.023584 0.087377 -0.995896
vn 0.020263 0.049838 -0.998552
vn 0.023584 0.087377 -0.995896
vn 0.032694 0.084613 -0.995877
vn 0.014238 0.089235 -0.995909
vn 0.019262 0.123107 -0.992206
vn 0.031894 0.120595 -0.992189
vn 0.014238 0.089235 -0.995909
vn 0.031894 0.120595 -0.992189
vn 0.023584 0.087377 -0.995896
vn 0.002702 0.020648 -0.999783
vn 0.008826 0.052703 -0.998571
vn 0.014611 0.051553 -0.998563
vn 0.002702 0.020648 -0.999783
vn 0.014611 0.051553 -0.998563
vn 0.008004 0.019593 -0.999776
vn 0.014238 -0.102761 -0.994604
vn 0.004763 -0.103695 -0.994598
vn 0.002949 -0.066849 -0.997759
vn 0.014238 -0.102761 -0.994604
vn 0.002949 -0.066849 -0.997759
vn 0.008828 -0.066270 -0.997763
vn -0.002949 -0.066849 -0.997759
vn -0.002704 -0.034235 -0.999410
vn 0.002704 -0.034235 -0.999410
vn -0.002949 -0.066849 -0.997759
vn 0.002704 -0.034235 -0.999410
vn 0.002949 -0.066849 -0.997759
vn 0.024697 -0.173212 -0.984575
vn 0.008260 -0.174831 -0.984564
vn 0.006436 -0.137844 -0.990433
vn 0.024697 -0.173212 -0.984575
vn 0.006436 -0.137844 -0.990433
vn 0.019261 -0.136580 -0.990442
vn -0.006436 -0.137844 -0.990433
vn -0.004763 -0.103695 -0.994598
vn 0.004763 -0.103695 -0.994598
vn -0.006436 -0.137844 -0.990433
vn 0.004763 -0.103695 -0.994598
vn 0.006436 -0.137844 -0.990433
vn 0.035564 -0.246353 -0.968527
vn 0.011895 -0.248684 -0.968512
vn 0.010059 -0.211482 -0.977330
vn 0.035564 -0.246353 -0.968527
vn 0.010059 -0.211482 -0.977330
vn 0.030093 -0.209509 -0.977344
vn -0.010059 -0.211481 -0.977330
vn -0.008259 -0.174831 -0.984564
vn 0.008260 -0.174831 -0.984564
vn -0.010059 -0.211481 -0.977330
vn 0.008260 -0.174831 -0.984564
vn 0.010059 -0.211482 -0.977330
vn 0.046558 -0.320312 -0.946167
vn 0.015572 -0.323364 -0.946146
vn 0.013724 -0.285900 -0.958161
vn 0.046558 -0.320312 -0.946167
vn 0.013724 -0.285900 -0.958161
vn 0.041046 -0.283210 -0.958179
vn -0.013723 -0.285900 -0.958161
vn -0.011894 -0.248684 -0.968512
vn 0.011895 -0.248684 -0.968512
vn -0.013723 -0.285900 -0.958161
vn 0.011895 -0.248684 -0.968512
vn 0.013724 -0.285900 -0.958161
vn 0.057648 -0.394881 -0.916922
vn 0.019279 -0.398661 -0.916896
vn 0.017419 -0.360947 -0.932424
vn 0.057648 -0.394881 -0.916922
vn 0.017419 -0.360947 -0.932424
vn 0.052095 -0.357531 -0.932447
vn -0.017419 -0.360947 -0.932424
vn -0.015571 -0.323364 -0.946146
vn 0.015572 -0.323364 -0.946146
vn -0.017419 -0.360947 -0.932424
vn 0.015572 -0.323364 -0.946146
vn 0.017419 -0.360947 -0.932424
vn 0.068805 -0.469853 -0.880059
vn 0.023009 -0.474362 -0.880029
vn 0.021141 -0.436493 -0.899459
vn 0.068805 -0.469853 -0.880059
vn 0.021141 -0.436493 -0.899459
vn 0.063224 -0.432348 -0.899488
vn -0.021140 -0.436494 -0.899459
vn -0.019279 -0.398661 -0.916896
vn 0.019279 -0.398661 -0.916896
vn -0.021140 -0.436494 -0.899459
vn 0.019279 -0.398661 -0.916896
vn 0.021141 -0.436493 -0.899459
vn 0.079977 -0.544845 -0.834714
vn 0.026746 -0.550087 -0.834679
vn 0.024878 -0.512268 -0.858465
vn 0.079977 -0.544845 -0.834714
vn 0.024878 -0.512268 -0.858465
vn 0.074398 -0.507392 -0.858498
vn -0.024878 -0.512268 -0.858465
vn -0.023009 -0.474362 -0.880029
vn 0.023009 -0.474362 -0.880029
vn -0.024878 -0.512268 -0.858465
vn 0.023009 -0.474362 -0.880029
vn 0.024878 -0.512268 -0.858465
vn 0.091066 -0.619214 -0.779923
vn 0.030454 -0.625184 -0.779883
vn 0.028606 -0.587773 -0.808520
vn 0.091066 -0.619214 -0.779923
vn 0.028606 -0.587773 -0.808520
vn 0.085541 -0.582167 -0.808557
vn -0.028606 -0.587774 -0.808519
vn -0.026745 -0.550087 -0.834679
vn 0.026746 -0.550087 -0.834679
vn -0.028606 -0.587774 -0.808519
vn 0.026746 -0.550087 -0.834679
vn 0.028606 -0.587773 -0.808520
vn 0.101976 -0.692229 -0.714437
vn 0.034083 -0.698916 -0.714391
vn 0.032283 -0.662187 -0.748643
vn 0.101976 -0.692229 -0.714437
vn 0.032283 -0.662187 -0.748643
vn 0.096532 -0.655859 -0.748686
vn -0.032283 -0.662187 -0.748643
vn -0.030454 -0.625184 -0.779883
vn 0.030454 -0.625184 -0.779883
vn -0.032283 -0.662187 -0.748643
vn 0.030454 -0.625184 -0.779883
vn 0.032283 -0.662187 -0.748643
vn -0.034953 -0.715936 -0.697291
vn -0.034083 -0.698916 -0.714391
vn 0.034083 -0.698916 -0.714391
vn -0.034953 -0.715936 -0.697291
vn 0.034083 -0.698916 -0.714391
vn 0.034953 -0.715935 -0.697291
vn -0.263849 0.284856 -0.921543
vn -0.234047 0.309315 -0.921708
vn -0.211489 0.278800 -0.936773
vn -0.263849 0.284856 -0.921543
vn -0.211489 0.278800 -0.936773
vn -0.238424 0.256696 -0.936622
vn -0.182522 0.298155 -0.936904
vn -0.163128 0.265712 -0.950151
vn -0.189022 0.248411 -0.950033
vn -0.182522 0.298155 -0.936904
vn -0.189022 0.248411 -0.950033
vn -0.211489 0.278800 -0.936773
vn -0.314917 0.341448 -0.885574
vn -0.279344 0.370640 -0.885773
vn -0.256678 0.339952 -0.904737
vn -0.314917 0.341448 -0.885574
vn -0.256678 0.339952 -0.904737
vn -0.289367 0.313124 -0.904555
vn -0.221522 0.363443 -0.904896
vn -0.201987 0.330738 -0.921854
vn -0.234047 0.309315 -0.921708
vn -0.221522 0.363443 -0.904896
vn -0.234047 0.309315 -0.921708
vn -0.256678 0.339952 -0.904737
vn -0.366040 0.398155 -0.841122
vn -0.324693 0.432088 -0.841353
vn -0.302039 0.401385 -0.864675
vn -0.366040 0.398155 -0.841122
vn -0.302039 0.401385 -0.864675
vn -0.340504 0.369820 -0.864460
vn -0.260667 0.429028 -0.864863
vn -0.241080 0.396206 -0.885947
vn -0.279344 0.370640 -0.885773
vn -0.260667 0.429028 -0.864863
vn -0.279344 0.370640 -0.885773
vn -0.302039 0.401385 -0.864675
vn -0.416781 0.454507 -0.787221
vn -0.369701 0.493144 -0.787484
vn -0.347275 0.462712 -0.815658
vn -0.416781 0.454507 -0.787221
vn -0.347275 0.462712 -0.815658
vn -0.391498 0.426419 -0.815412
vn -0.299706 0.494497 -0.815873
vn -0.280217 0.461806 -0.841554
vn -0.324693 0.432088 -0.841353
vn -0.299706 0.494497 -0.815873
vn -0.324693 0.432088 -0.841353
vn -0.347275 0.462712 -0.815658
vn -0.466664 0.509963 -0.722608
vn -0.413929 0.553243 -0.722901
vn -0.391897 0.523280 -0.756700
vn -0.466664 0.509963 -0.722608
vn -0.391897 0.523280 -0.756700
vn -0.441802 0.482324 -0.756422
vn -0.338214 0.559149 -0.756944
vn -0.319061 0.526979 -0.787714
vn -0.369701 0.493144 -0.787484
vn -0.338214 0.559149 -0.756944
vn -0.369701 0.493144 -0.787484
vn -0.391897 0.523280 -0.756700
vn -0.366048 0.605959 -0.706273
vn -0.357252 0.591112 -0.723158
vn -0.413929 0.553243 -0.722901
vn -0.366048 0.605959 -0.706273
vn -0.413929 0.553243 -0.722901
vn -0.424172 0.567122 -0.706010
vn -0.441800 -0.492560 -0.749798
vn -0.391896 -0.533516 -0.749518
vn -0.413927 -0.563016 -0.715316
vn -0.441800 -0.492560 -0.749798
vn -0.413927 -0.563016 -0.715316
vn -0.466664 -0.519738 -0.715610
vn -0.357252 -0.600885 -0.715058
vn -0.366048 -0.615501 -0.697974
vn -0.424171 -0.576664 -0.698238
vn -0.357252 -0.600885 -0.715058
vn -0.424171 -0.576664 -0.698238
vn -0.413927 -0.563016 -0.715316
vn -0.391499 -0.437462 -0.809540
vn -0.347275 -0.473755 -0.809294
vn -0.369701 -0.503800 -0.780709
vn -0.391499 -0.437462 -0.809540
vn -0.369701 -0.503800 -0.780709
vn -0.416780 -0.465163 -0.780972
vn -0.319060 -0.537637 -0.780479
vn -0.338215 -0.569385 -0.749274
vn -0.391896 -0.533516 -0.749518
vn -0.319060 -0.537637 -0.780479
vn -0.391896 -0.533516 -0.749518
vn -0.369701 -0.503800 -0.780709
vn -0.340504 -0.381536 -0.859353
vn -0.302039 -0.413101 -0.859139
vn -0.324693 -0.443484 -0.835402
vn -0.340504 -0.381536 -0.859353
vn -0.324693 -0.443484 -0.835402
vn -0.366041 -0.409552 -0.835632
vn -0.280216 -0.473201 -0.835200
vn -0.299705 -0.505539 -0.809078
vn -0.347275 -0.473755 -0.809294
vn -0.280216 -0.473201 -0.835200
vn -0.347275 -0.473755 -0.809294
vn -0.324693 -0.443484 -0.835402
vn -0.289366 -0.325393 -0.900215
vn -0.256678 -0.352219 -0.900032
vn -0.279344 -0.382645 -0.880653
vn -0.289366 -0.325393 -0.900215
vn -0.279344 -0.382645 -0.880653
vn -0.314916 -0.353454 -0.880851
vn -0.241079 -0.408212 -0.880479
vn -0.260667 -0.440744 -0.858952
vn -0.302039 -0.413101 -0.859139
vn -0.241079 -0.408212 -0.880479
vn -0.302039 -0.413101 -0.859139
vn -0.279344 -0.382645 -0.880653
vn -0.238424 -0.269406 -0.933046
vn -0.211490 -0.291511 -0.932895
vn -0.234046 -0.321817 -0.917418
vn -0.238424 -0.269406 -0.933046
vn -0.234046 -0.321817 -0.917418
vn -0.263849 -0.297359 -0.917585
vn -0.201987 -0.343239 -0.917272
vn -0.221522 -0.375709 -0.899873
vn -0.256678 -0.352219 -0.900032
vn -0.201987 -0.343239 -0.917272
vn -0.256678 -0.352219 -0.900032
vn -0.234046 -0.321817 -0.917418
vn -0.187850 -0.213776 -0.958651
vn -0.166627 -0.231192 -0.958533
vn -0.189023 -0.261303 -0.946568
vn -0.187850 -0.213776 -0.958651
vn -0.189023 -0.261303 -0.946568
vn -0.213091 -0.241550 -0.946702
vn -0.163128 -0.278605 -0.946450
vn -0.182523 -0.310865 -0.932764
vn -0.211490 -0.291511 -0.932895
vn -0.163128 -0.278605 -0.946450
vn -0.211490 -0.291511 -0.932895
vn -0.189023 -0.261303 -0.946568
vn 0.096529 0.645621 -0.757533
vn 0.032281 0.651949 -0.757575
vn 0.034082 0.689138 -0.723828
vn 0.096529 0.645621 -0.757533
vn 0.034082 0.689138 -0.723828
vn 0.101975 0.682452 -0.723782
vn -0.034081 0.689138 -0.723828
vn -0.034953 0.706388 -0.706961
vn 0.034953 0.706387 -0.706962
vn -0.034081 0.689138 -0.723828
vn 0.034953 0.706387 -0.706962
vn 0.034082 0.689138 -0.723828
vn 0.085539 0.571125 -0.816394
vn 0.028605 0.576732 -0.816433
vn 0.030453 0.614527 -0.788308
vn 0.085539 0.571125 -0.816394
vn 0.030453 0.614527 -0.788308
vn 0.091064 0.608557 -0.788268
vn -0.030452 0.614526 -0.788308
vn -0.032281 0.651949 -0.757575
vn 0.032281 0.651949 -0.757575
vn -0.030452 0.614526 -0.788308
vn 0.032281 0.651949 -0.757575
vn 0.030453 0.614527 -0.788308
vn 0.074397 0.495678 -0.865314
vn 0.024878 0.500556 -0.865347
vn 0.026745 0.538694 -0.842077
vn 0.074397 0.495678 -0.865314
vn 0.026745 0.538694 -0.842077
vn 0.079976 0.533452 -0.842041
vn -0.026744 0.538694 -0.842077
vn -0.028605 0.576732 -0.816433
vn 0.028605 0.576732 -0.816433
vn -0.026744 0.538694 -0.842077
vn 0.028605 0.576732 -0.816433
vn 0.026745 0.538694 -0.842077
vn 0.063226 0.420081 -0.905281
vn 0.021142 0.424226 -0.905309
vn 0.023011 0.462359 -0.886394
vn 0.063226 0.420081 -0.905281
vn 0.023011 0.462359 -0.886394
vn 0.068806 0.457847 -0.886364
vn -0.023011 0.462359 -0.886394
vn -0.024878 0.500556 -0.865347
vn 0.024878 0.500556 -0.865347
vn -0.023011 0.462359 -0.886394
vn 0.024878 0.500556 -0.865347
vn 0.023011 0.462359 -0.886394
vn 0.052095 0.344823 -0.937221
vn 0.017419 0.348238 -0.937244
vn 0.019280 0.386159 -0.922231
vn 0.052095 0.344823 -0.937221
vn 0.019280 0.386159 -0.922231
vn 0.057649 0.382380 -0.922205
vn -0.019280 0.386159 -0.922231
vn -0.021142 0.424226 -0.905309
vn 0.021142 0.424226 -0.905309
vn -0.019280 0.386159 -0.922231
vn 0.021142 0.424226 -0.905309
vn 0.019280 0.386159 -0.922231
vn 0.041045 0.270159 -0.961941
vn 0.013724 0.272850 -0.961959
vn 0.015572 0.310472 -0.950455
vn 0.041045 0.270159 -0.961941
vn 0.015572 0.310472 -0.950455
vn 0.046557 0.307421 -0.950434
vn -0.015571 0.310473 -0.950455
vn -0.017419 0.348238 -0.937244
vn 0.017419 0.348238 -0.937244
vn -0.015571 0.310473 -0.950455
vn 0.017419 0.348238 -0.937244
vn 0.015572 0.310472 -0.950455
vn 0.030094 0.196205 -0.980101
vn 0.010061 0.198177 -0.980115
vn 0.011896 0.235496 -0.971803
vn 0.030094 0.196205 -0.980101
vn 0.011896 0.235496 -0.971803
vn 0.035564 0.233165 -0.971787
vn -0.011895 0.235496 -0.971803
vn -0.013723 0.272850 -0.961959
vn 0.013724 0.272850 -0.961959
vn -0.011895 0.235496 -0.971803
vn 0.013724 0.272850 -0.961959
vn 0.011896 0.235496 -0.971803
vn 0.019262 0.123107 -0.992206
vn 0.006438 0.124371 -0.992215
vn 0.008261 0.161433 -0.986849
vn 0.019262 0.123107 -0.992206
vn 0.008261 0.161433 -0.986849
vn 0.024698 0.159814 -0.986838
vn -0.008260 0.161433 -0.986849
vn -0.010060 0.198177 -0.980115
vn 0.010061 0.198177 -0.980115
vn -0.008260 0.161433 -0.986849
vn 0.010061 0.198177 -0.980115
vn 0.008261 0.161433 -0.986849
vn 0.008826 0.052703 -0.998571
vn 0.002947 0.053282 -0.998575
vn 0.004762 0.090169 -0.995915
vn 0.008826 0.052703 -0.998571
vn 0.004762 0.090169 -0.995915
vn 0.014238 0.089235 -0.995909
vn -0.004762 0.090169 -0.995915
vn -0.006437 0.124371 -0.992215
vn 0.006438 0.124371 -0.992215
vn -0.004762 0.090169 -0.995915
vn 0.006438 0.124371 -0.992215
vn 0.004762 0.090169 -0.995915
vn -0.002702 0.020648 -0.999783
vn -0.002947 0.053282 -0.998575
vn 0.002947 0.053282 -0.998575
vn -0.002702 0.020648 -0.999783
vn 0.002947 0.053282 -0.998575
vn 0.002702 0.020648 -0.999783
vn -0.004763 -0.103695 -0.994598
vn -0.014238 -0.102761 -0.994604
vn -0.008828 -0.066270 -0.997763
vn -0.004763 -0.103695 -0.994598
vn -0.008828 -0.066270 -0.997763
vn -0.002949 -0.066849 -0.997759
vn -0.014610 -0.065120 -0.997770
vn -0.008005 -0.033181 -0.999417
vn -0.002704 -0.034235 -0.999410
vn -0.014610 -0.065120 -0.997770
vn -0.002704 -0.034235 -0.999410
vn -0.008828 -0.066270 -0.997763
vn -0.008259 -0.174831 -0.984564
vn -0.024696 -0.173212 -0.984575
vn -0.019261 -0.136580 -0.990442
vn -0.008259 -0.174831 -0.984564
vn -0.019261 -0.136580 -0.990442
vn -0.006436 -0.137844 -0.990433
vn -0.031895 -0.134067 -0.990459
vn -0.023584 -0.100902 -0.994617
vn -0.014238 -0.102761 -0.994604
vn -0.031895 -0.134067 -0.990459
vn -0.014238 -0.102761 -0.994604
vn -0.019261 -0.136580 -0.990442
vn -0.011894 -0.248684 -0.968512
vn -0.035564 -0.246353 -0.968527
vn -0.030092 -0.209508 -0.977344
vn -0.011894 -0.248684 -0.968512
vn -0.030092 -0.209508 -0.977344
vn -0.010059 -0.211481 -0.977330
vn -0.049831 -0.205582 -0.977370
vn -0.040907 -0.169988 -0.984597
vn -0.024696 -0.173212 -0.984575
vn -0.049831 -0.205582 -0.977370
vn -0.024696 -0.173212 -0.984575
vn -0.030092 -0.209508 -0.977344
vn -0.015571 -0.323364 -0.946146
vn -0.046558 -0.320312 -0.946167
vn -0.041046 -0.283210 -0.958179
vn -0.015571 -0.323364 -0.946146
vn -0.041046 -0.283210 -0.958179
vn -0.013723 -0.285900 -0.958161
vn -0.067965 -0.277856 -0.958216
vn -0.058899 -0.241712 -0.968559
vn -0.035564 -0.246353 -0.968527
vn -0.067965 -0.277856 -0.958216
vn -0.035564 -0.246353 -0.968527
vn -0.041046 -0.283210 -0.958179
vn -0.019279 -0.398661 -0.916896
vn -0.057648 -0.394881 -0.916922
vn -0.052095 -0.357531 -0.932447
vn -0.019279 -0.398661 -0.916896
vn -0.052095 -0.357531 -0.932447
vn -0.017419 -0.360947 -0.932424
vn -0.086263 -0.350735 -0.932493
vn -0.077101 -0.314237 -0.946209
vn -0.046558 -0.320312 -0.946167
vn -0.086263 -0.350735 -0.932493
vn -0.046558 -0.320312 -0.946167
vn -0.052095 -0.357531 -0.932447
vn -0.023009 -0.474362 -0.880029
vn -0.068805 -0.469852 -0.880059
vn -0.063224 -0.432348 -0.899488
vn -0.023009 -0.474362 -0.880029
vn -0.063224 -0.432348 -0.899488
vn -0.021140 -0.436494 -0.899459
vn -0.104696 -0.424098 -0.899544
vn -0.095466 -0.387358 -0.916973
vn -0.057648 -0.394881 -0.916922
vn -0.104696 -0.424098 -0.899544
vn -0.057648 -0.394881 -0.916922
vn -0.063224 -0.432348 -0.899488
vn -0.026745 -0.550087 -0.834679
vn -0.079977 -0.544846 -0.834713
vn -0.074397 -0.507392 -0.858498
vn -0.026745 -0.550087 -0.834679
vn -0.074397 -0.507392 -0.858498
vn -0.024878 -0.512268 -0.858465
vn -0.123199 -0.497686 -0.858563
vn -0.113943 -0.460874 -0.880121
vn -0.068805 -0.469852 -0.880059
vn -0.123199 -0.497686 -0.858563
vn -0.068805 -0.469852 -0.880059
vn -0.074397 -0.507392 -0.858498
vn -0.030454 -0.625184 -0.779883
vn -0.091066 -0.619214 -0.779924
vn -0.085541 -0.582168 -0.808557
vn -0.030454 -0.625184 -0.779883
vn -0.085541 -0.582168 -0.808557
vn -0.028606 -0.587774 -0.808519
vn -0.141650 -0.571007 -0.808632
vn -0.132439 -0.534412 -0.834783
vn -0.079977 -0.544846 -0.834713
vn -0.141650 -0.571007 -0.808632
vn -0.079977 -0.544846 -0.834713
vn -0.085541 -0.582168 -0.808557
vn -0.034083 -0.698916 -0.714391
vn -0.101976 -0.692228 -0.714437
vn -0.096532 -0.655859 -0.748686
vn -0.034083 -0.698916 -0.714391
vn -0.096532 -0.655859 -0.748686
vn -0.032283 -0.662187 -0.748643
vn -0.159850 -0.643264 -0.748772
vn -0.150797 -0.607333 -0.780005
vn -0.091066 -0.619214 -0.779924
vn -0.159850 -0.643264 -0.748772
vn -0.091066 -0.619214 -0.779924
vn -0.096532 -0.655859 -0.748686
vn -0.173024 -0.695451 -0.697431
vn -0.168827 -0.678931 -0.714528
vn -0.101976 -0.692228 -0.714437
vn -0.173024 -0.695451 -0.697431
vn -0.101976 -0.692228 -0.714437
vn -0.104465 -0.709088 -0.697339
vn -0.137725 -0.158600 -0.977690
vn -0.122165 -0.171371 -0.977603
vn -0.144391 -0.201274 -0.968834
vn -0.137725 -0.158600 -0.977690
vn -0.144391 -0.201274 -0.968834
vn -0.162776 -0.186187 -0.968937
vn -0.124609 -0.214492 -0.968745
vn -0.143804 -0.246441 -0.958429
vn -0.166627 -0.231192 -0.958533
vn -0.124609 -0.214492 -0.968745
vn -0.166627 -0.231192 -0.958533
vn -0.144391 -0.201274 -0.968834
vn -0.088158 -0.103996 -0.990663
vn -0.078196 -0.112170 -0.990608
vn -0.100282 -0.141904 -0.984788
vn -0.088158 -0.103996 -0.990663
vn -0.100282 -0.141904 -0.984788
vn -0.113048 -0.131426 -0.984859
vn -0.086542 -0.151085 -0.984725
vn -0.105434 -0.182550 -0.977527
vn -0.122165 -0.171371 -0.977603
vn -0.086542 -0.151085 -0.984725
vn -0.122165 -0.171371 -0.977603
vn -0.100282 -0.141904 -0.984788
vn -0.040387 -0.051343 -0.997864
vn -0.035822 -0.055090 -0.997839
vn -0.057815 -0.084714 -0.994727
vn -0.040387 -0.051343 -0.997864
vn -0.057815 -0.084714 -0.994727
vn -0.065175 -0.078675 -0.994768
vn -0.049892 -0.090007 -0.994691
vn -0.067487 -0.119325 -0.990559
vn -0.078196 -0.112170 -0.990608
vn -0.049892 -0.090007 -0.994691
vn -0.078196 -0.112170 -0.990608
vn -0.057815 -0.084714 -0.994727
vn -0.012998 -0.031112 -0.999431
vn -0.030918 -0.058366 -0.997816
vn -0.035822 -0.055090 -0.997839
vn -0.012998 -0.031112 -0.999431
vn -0.035822 -0.055090 -0.997839
vn -0.017491 -0.028109 -0.999452
vn -0.049892 0.076480 -0.995822
vn -0.041495 0.080968 -0.995853
vn -0.025709 0.047583 -0.998536
vn -0.049892 0.076480 -0.995822
vn -0.025709 0.047583 -0.998536
vn -0.030919 0.044798 -0.998517
vn -0.020264 0.049838 -0.998552
vn -0.008004 0.019593 -0.999776
vn -0.012998 0.017525 -0.999762
vn -0.020264 0.049838 -0.998552
vn -0.012998 0.017525 -0.999762
vn -0.025709 0.047583 -0.998536
vn -0.086541 0.137688 -0.986688
vn -0.071975 0.145473 -0.986741
vn -0.056122 0.111927 -0.992130
vn -0.086541 0.137688 -0.986688
vn -0.056122 0.111927 -0.992130
vn -0.067486 0.105852 -0.992089
vn -0.044226 0.116854 -0.992164
vn -0.032695 0.084613 -0.995877
vn -0.041495 0.080968 -0.995853
vn -0.044226 0.116854 -0.992164
vn -0.041495 0.080968 -0.995853
vn -0.056122 0.111927 -0.992130
vn -0.124611 0.201305 -0.971570
vn -0.103635 0.212516 -0.971646
vn -0.087681 0.178736 -0.979982
vn -0.124611 0.201305 -0.971570
vn -0.087681 0.178736 -0.979982
vn -0.105434 0.169248 -0.979918
vn -0.069092 0.186436 -0.980035
vn -0.056711 0.151796 -0.986784
vn -0.071975 0.145473 -0.986741
vn -0.069092 0.186436 -0.980035
vn -0.071975 0.145473 -0.986741
vn -0.087681 0.178736 -0.979982
vn -0.163128 0.265712 -0.950151
vn -0.135667 0.280389 -0.950251
vn -0.119593 0.246332 -0.961779
vn -0.163128 0.265712 -0.950151
vn -0.119593 0.246332 -0.961779
vn -0.143806 0.233390 -0.961691
vn -0.094235 0.256835 -0.961850
vn -0.081656 0.221620 -0.971708
vn -0.103635 0.212516 -0.971646
vn -0.094235 0.256835 -0.961850
vn -0.103635 0.212516 -0.971646
vn -0.119593 0.246332 -0.961779
vn -0.201987 0.330738 -0.921854
vn -0.167984 0.348912 -0.921977
vn -0.151792 0.314580 -0.937016
vn -0.201987 0.330738 -0.921854
vn -0.151792 0.314580 -0.937016
vn -0.182522 0.298155 -0.936904
vn -0.119605 0.327912 -0.937106
vn -0.106895 0.292307 -0.950332
vn -0.135667 0.280389 -0.950251
vn -0.119605 0.327912 -0.937106
vn -0.135667 0.280389 -0.950251
vn -0.151792 0.314580 -0.937016
vn -0.241080 0.396206 -0.885947
vn -0.200496 0.417899 -0.886094
vn -0.184228 0.383377 -0.905032
vn -0.241080 0.396206 -0.885947
vn -0.184228 0.383377 -0.905032
vn -0.221522 0.363443 -0.904896
vn -0.145162 0.399558 -0.905142
vn -0.132359 0.363668 -0.922077
vn -0.167984 0.348912 -0.921977
vn -0.145162 0.399558 -0.905142
vn -0.167984 0.348912 -0.921977
vn -0.184228 0.383377 -0.905032
vn -0.280217 0.461806 -0.841554
vn -0.233043 0.487020 -0.841726
vn -0.216783 0.452484 -0.865022
vn -0.280217 0.461806 -0.841554
vn -0.216783 0.452484 -0.865022
vn -0.260667 0.429028 -0.864863
vn -0.170814 0.471526 -0.865151
vn -0.157978 0.435510 -0.886213
vn -0.200496 0.417899 -0.886094
vn -0.170814 0.471526 -0.865151
vn -0.200496 0.417899 -0.886094
vn -0.216783 0.452484 -0.865022
vn -0.319061 0.526979 -0.787714
vn -0.265347 0.555690 -0.787908
vn -0.249251 0.521465 -0.816057
vn -0.319061 0.526979 -0.787714
vn -0.249251 0.521465 -0.816057
vn -0.299706 0.494497 -0.815873
vn -0.196395 0.543358 -0.816205
vn -0.183624 0.507490 -0.841865
vn -0.233043 0.487020 -0.841726
vn -0.196395 0.543358 -0.816205
vn -0.233043 0.487020 -0.841726
vn -0.249251 0.521465 -0.816057
vn -0.032281 0.651949 -0.757575
vn -0.096529 0.645621 -0.757533
vn -0.101975 0.682453 -0.723781
vn -0.032281 0.651949 -0.757575
vn -0.101975 0.682453 -0.723781
vn -0.034081 0.689138 -0.723828
vn -0.168829 0.669157 -0.723689
vn -0.173026 0.685908 -0.706818
vn -0.104465 0.699544 -0.706912
vn -0.168829 0.669157 -0.723689
vn -0.104465 0.699544 -0.706912
vn -0.101975 0.682453 -0.723781
vn -0.028605 0.576732 -0.816433
vn -0.085539 0.571126 -0.816394
vn -0.091064 0.608556 -0.788268
vn -0.028605 0.576732 -0.816433
vn -0.091064 0.608556 -0.788268
vn -0.030452 0.614526 -0.788308
vn -0.150795 0.596675 -0.788188
vn -0.159851 0.633026 -0.757447
vn -0.096529 0.645621 -0.757533
vn -0.150795 0.596675 -0.788188
vn -0.096529 0.645621 -0.757533
vn -0.091064 0.608556 -0.788268
vn -0.024878 0.500556 -0.865347
vn -0.074397 0.495677 -0.865314
vn -0.079976 0.533453 -0.842040
vn -0.024878 0.500556 -0.865347
vn -0.079976 0.533453 -0.842040
vn -0.026744 0.538694 -0.842077
vn -0.132438 0.523018 -0.841969
vn -0.141649 0.559966 -0.816317
vn -0.085539 0.571126 -0.816394
vn -0.132438 0.523018 -0.841969
vn -0.085539 0.571126 -0.816394
vn -0.079976 0.533453 -0.842040
vn -0.021142 0.424226 -0.905309
vn -0.063226 0.420081 -0.905281
vn -0.068806 0.457847 -0.886364
vn -0.021142 0.424226 -0.905309
vn -0.068806 0.457847 -0.886364
vn -0.023011 0.462359 -0.886394
vn -0.113942 0.448868 -0.886304
vn -0.123198 0.485970 -0.865249
vn -0.074397 0.495677 -0.865314
vn -0.113942 0.448868 -0.886304
vn -0.074397 0.495677 -0.865314
vn -0.068806 0.457847 -0.886364
vn -0.017419 0.348238 -0.937244
vn -0.052095 0.344823 -0.937221
vn -0.057649 0.382381 -0.922205
vn -0.017419 0.348238 -0.937244
vn -0.057649 0.382381 -0.922205
vn -0.019280 0.386159 -0.922231
vn -0.095465 0.374859 -0.922154
vn -0.104695 0.411833 -0.905225
vn -0.063226 0.420081 -0.905281
vn -0.095465 0.374859 -0.922154
vn -0.063226 0.420081 -0.905281
vn -0.057649 0.382381 -0.922205
vn -0.013723 0.272850 -0.961959
vn -0.041045 0.270159 -0.961940
vn -0.046557 0.307421 -0.950434
vn -0.013723 0.272850 -0.961959
vn -0.046557 0.307421 -0.950434
vn -0.015571 0.310473 -0.950455
vn -0.077100 0.301345 -0.950393
vn -0.086262 0.338027 -0.937175
vn -0.052095 0.344823 -0.937221
vn -0.077100 0.301345 -0.950393
vn -0.052095 0.344823 -0.937221
vn -0.046557 0.307421 -0.950434
vn -0.010060 0.198177 -0.980115
vn -0.030093 0.196205 -0.980101
vn -0.035564 0.233165 -0.971787
vn -0.010060 0.198177 -0.980115
vn -0.035564 0.233165 -0.971787
vn -0.011895 0.235496 -0.971803
vn -0.058897 0.228524 -0.971755
vn -0.067964 0.264804 -0.961904
vn -0.041045 0.270159 -0.961940
vn -0.058897 0.228524 -0.971755
vn -0.041045 0.270159 -0.961940
vn -0.035564 0.233165 -0.971787
vn -0.006437 0.124371 -0.992215
vn -0.019262 0.123107 -0.992206
vn -0.024697 0.159814 -0.986838
vn -0.006437 0.124371 -0.992215
vn -0.024697 0.159814 -0.986838
vn -0.008260 0.161433 -0.986849
vn -0.040906 0.156590 -0.986816
vn -0.049829 0.192279 -0.980074
vn -0.030093 0.196205 -0.980101
vn -0.040906 0.156590 -0.986816
vn -0.030093 0.196205 -0.980101
vn -0.024697 0.159814 -0.986838
vn -0.002947 0.053282 -0.998575
vn -0.008826 0.052703 -0.998571
vn -0.014238 0.089235 -0.995909
vn -0.002947 0.053282 -0.998575
vn -0.014238 0.089235 -0.995909
vn -0.004762 0.090169 -0.995915
vn -0.023584 0.087376 -0.995896
vn -0.031895 0.120594 -0.992189
vn -0.019262 0.123107 -0.992206
vn -0.023584 0.087376 -0.995896
vn -0.019262 0.123107 -0.992206
vn -0.014238 0.089235 -0.995909
vn -0.008004 0.019593 -0.999776
vn -0.014611 0.051553 -0.998563
vn -0.008826 0.052703 -0.998571
vn -0.008004 0.019593 -0.999776
vn -0.008826 0.052703 -0.998571
vn -0.002702 0.020648 -0.999783
vn -0.023584 -0.100902 -0.994617
vn -0.032696 -0.098139 -0.994636
vn -0.020263 -0.063405 -0.997782
vn -0.023584 -0.100902 -0.994617
vn -0.020263 -0.063405 -0.997782
vn -0.014610 -0.065120 -0.997770
vn -0.025709 -0.061150 -0.997797
vn -0.012998 -0.031112 -0.999431
vn -0.008005 -0.033181 -0.999417
vn -0.025709 -0.061150 -0.997797
vn -0.008005 -0.033181 -0.999417
vn -0.020263 -0.063405 -0.997782
vn -0.040907 -0.169988 -0.984597
vn -0.056712 -0.165193 -0.984629
vn -0.044228 -0.130326 -0.990484
vn -0.040907 -0.169988 -0.984597
vn -0.044228 -0.130326 -0.990484
vn -0.031895 -0.134067 -0.990459
vn -0.056123 -0.125399 -0.990518
vn -0.041496 -0.094494 -0.994660
vn -0.032696 -0.098139 -0.994636
vn -0.056123 -0.125399 -0.990518
vn -0.032696 -0.098139 -0.994636
vn -0.044228 -0.130326 -0.990484
vn -0.058899 -0.241712 -0.968559
vn -0.081657 -0.234807 -0.968606
vn -0.069094 -0.199739 -0.977410
vn -0.058899 -0.241712 -0.968559
vn -0.069094 -0.199739 -0.977410
vn -0.049831 -0.205582 -0.977370
vn -0.087681 -0.192040 -0.977462
vn -0.071976 -0.158870 -0.984672
vn -0.056712 -0.165193 -0.984629
vn -0.087681 -0.192040 -0.977462
vn -0.056712 -0.165193 -0.984629
vn -0.069094 -0.199739 -0.977410
vn -0.077101 -0.314237 -0.946209
vn -0.106896 -0.305199 -0.946270
vn -0.094236 -0.269886 -0.958270
vn -0.077101 -0.314237 -0.946209
vn -0.094236 -0.269886 -0.958270
vn -0.067965 -0.277856 -0.958216
vn -0.119592 -0.259383 -0.958341
vn -0.103634 -0.225704 -0.968668
vn -0.081657 -0.234807 -0.968606
vn -0.119592 -0.259383 -0.958341
vn -0.081657 -0.234807 -0.968606
vn -0.094236 -0.269886 -0.958270
vn -0.095466 -0.387358 -0.916973
vn -0.132361 -0.376167 -0.917049
vn -0.119607 -0.340621 -0.932562
vn -0.095466 -0.387358 -0.916973
vn -0.119607 -0.340621 -0.932562
vn -0.086263 -0.350735 -0.932493
vn -0.151793 -0.327290 -0.932652
vn -0.135667 -0.293282 -0.946351
vn -0.106896 -0.305199 -0.946270
vn -0.151793 -0.327290 -0.932652
vn -0.106896 -0.305199 -0.946270
vn -0.119607 -0.340621 -0.932562
vn -0.113943 -0.460874 -0.880121
vn -0.157980 -0.447515 -0.880212
vn -0.145164 -0.411823 -0.899627
vn -0.113943 -0.460874 -0.880121
vn -0.145164 -0.411823 -0.899627
vn -0.104696 -0.424098 -0.899544
vn -0.184228 -0.395643 -0.899737
vn -0.167985 -0.361413 -0.917149
vn -0.132361 -0.376167 -0.917049
vn -0.184228 -0.395643 -0.899737
vn -0.132361 -0.376167 -0.917049
vn -0.145164 -0.411823 -0.899627
vn -0.132439 -0.534412 -0.834783
vn -0.183625 -0.518885 -0.834889
vn -0.170815 -0.483241 -0.858662
vn -0.132439 -0.534412 -0.834783
vn -0.170815 -0.483241 -0.858662
vn -0.123199 -0.497686 -0.858563
vn -0.216784 -0.464200 -0.858792
vn -0.200496 -0.429904 -0.880332
vn -0.157980 -0.447515 -0.880212
vn -0.216784 -0.464200 -0.858792
vn -0.157980 -0.447515 -0.880212
vn -0.170815 -0.483241 -0.858662
vn -0.150797 -0.607333 -0.780005
vn -0.209078 -0.589653 -0.780125
vn -0.196395 -0.554401 -0.808745
vn -0.150797 -0.607333 -0.780005
vn -0.196395 -0.554401 -0.808745
vn -0.141650 -0.571007 -0.808632
vn -0.249250 -0.532508 -0.808894
vn -0.233042 -0.498415 -0.835029
vn -0.183625 -0.518885 -0.834889
vn -0.249250 -0.532508 -0.808894
vn -0.183625 -0.518885 -0.834889
vn -0.196395 -0.554401 -0.808745
vn -0.168827 -0.678931 -0.714528
vn -0.234111 -0.659129 -0.714662
vn -0.221629 -0.624523 -0.748900
vn -0.168827 -0.678931 -0.714528
vn -0.221629 -0.624523 -0.748900
vn -0.159850 -0.643264 -0.748772
vn -0.281278 -0.599817 -0.749068
vn -0.265346 -0.566347 -0.780284
vn -0.209078 -0.589653 -0.780125
vn -0.281278 -0.599817 -0.749068
vn -0.209078 -0.589653 -0.780125
vn -0.221629 -0.624523 -0.748900
vn -0.304448 -0.648428 -0.697749
vn -0.297086 -0.633044 -0.714839
vn -0.234111 -0.659129 -0.714662
vn -0.304448 -0.648428 -0.697749
vn -0.234111 -0.659129 -0.714662
vn -0.239865 -0.675178 -0.697567
vn -0.357252 0.591112 -0.723158
vn -0.297086 0.623271 -0.723376
vn -0.281278 0.589582 -0.757150
vn -0.357252 0.591112 -0.723158
vn -0.281278 0.589582 -0.757150
vn -0.338214 0.559149 -0.756944
vn -0.221630 0.614288 -0.757318
vn -0.209078 0.578997 -0.788067
vn -0.265347 0.555690 -0.787908
vn -0.221630 0.614288 -0.757318
vn -0.265347 0.555690 -0.787908
vn -0.281278 0.589582 -0.757150
vn -0.239866 0.665634 -0.706679
vn -0.234112 0.649355 -0.723553
vn -0.297086 0.623271 -0.723376
vn -0.239866 0.665634 -0.706679
vn -0.297086 0.623271 -0.723376
vn -0.304448 0.638884 -0.706497
vn -0.338215 -0.569385 -0.749274
vn -0.281278 -0.599817 -0.749068
vn -0.297086 -0.633044 -0.714839
vn -0.338215 -0.569385 -0.749274
vn -0.297086 -0.633044 -0.714839
vn -0.357252 -0.600885 -0.715058
vn -0.299705 -0.505539 -0.809078
vn -0.249250 -0.532508 -0.808894
vn -0.265346 -0.566347 -0.780284
vn -0.299705 -0.505539 -0.809078
vn -0.265346 -0.566347 -0.780284
vn -0.319060 -0.537637 -0.780479
vn -0.260667 -0.440744 -0.858952
vn -0.216784 -0.464200 -0.858792
vn -0.233042 -0.498415 -0.835029
vn -0.260667 -0.440744 -0.858952
vn -0.233042 -0.498415 -0.835029
vn -0.280216 -0.473201 -0.835200
vn -0.221522 -0.375709 -0.899873
vn -0.184228 -0.395643 -0.899737
vn -0.200496 -0.429904 -0.880332
vn -0.221522 -0.375709 -0.899873
vn -0.200496 -0.429904 -0.880332
vn -0.241079 -0.408212 -0.880479
vn -0.182523 -0.310865 -0.932764
vn -0.151793 -0.327290 -0.932652
vn -0.167985 -0.361413 -0.917149
vn -0.182523 -0.310865 -0.932764
vn -0.167985 -0.361413 -0.917149
vn -0.201987 -0.343239 -0.917272
vn -0.143804 -0.246441 -0.958429
vn -0.119592 -0.259383 -0.958341
vn -0.135667 -0.293282 -0.946351
vn -0.143804 -0.246441 -0.958429
vn -0.135667 -0.293282 -0.946351
vn -0.163128 -0.278605 -0.946450
vn -0.105434 -0.182550 -0.977527
vn -0.087681 -0.192040 -0.977462
vn -0.103634 -0.225704 -0.968668
vn -0.105434 -0.182550 -0.977527
vn -0.103634 -0.225704 -0.968668
vn -0.124609 -0.214492 -0.968745
vn -0.067487 -0.119325 -0.990559
vn -0.056123 -0.125399 -0.990518
vn -0.071976 -0.158870 -0.984672
vn -0.067487 -0.119325 -0.990559
vn -0.071976 -0.158870 -0.984672
vn -0.086542 -0.151085 -0.984725
vn -0.030918 -0.058366 -0.997816
vn -0.025709 -0.061150 -0.997797
vn -0.041496 -0.094494 -0.994660
vn -0.030918 -0.058366 -0.997816
vn -0.041496 -0.094494 -0.994660
vn -0.049892 -0.090007 -0.994691
vn -0.159851 0.633026 -0.757447
vn -0.221630 0.614288 -0.757318
vn -0.234112 0.649355 -0.723553
vn -0.159851 0.633026 -0.757447
vn -0.234112 0.649355 -0.723553
vn -0.168829 0.669157 -0.723689
vn -0.141649 0.559966 -0.816317
vn -0.196395 0.543358 -0.816205
vn -0.209078 0.578997 -0.788067
vn -0.141649 0.559966 -0.816317
vn -0.209078 0.578997 -0.788067
vn -0.150795 0.596675 -0.788188
vn -0.123198 0.485970 -0.865249
vn -0.170814 0.471526 -0.865151
vn -0.183624 0.507490 -0.841865
vn -0.123198 0.485970 -0.865249
vn -0.183624 0.507490 -0.841865
vn -0.132438 0.523018 -0.841969
vn -0.104695 0.411833 -0.905225
vn -0.145162 0.399558 -0.905142
vn -0.157978 0.435510 -0.886213
vn -0.104695 0.411833 -0.905225
vn -0.157978 0.435510 -0.886213
vn -0.113942 0.448868 -0.886304
vn -0.086262 0.338027 -0.937175
vn -0.119605 0.327912 -0.937106
vn -0.132359 0.363668 -0.922077
vn -0.086262 0.338027 -0.937175
vn -0.132359 0.363668 -0.922077
vn -0.095465 0.374859 -0.922154
vn -0.067964 0.264804 -0.961904
vn -0.094235 0.256835 -0.961850
vn -0.106895 0.292307 -0.950332
vn -0.067964 0.264804 -0.961904
vn -0.106895 0.292307 -0.950332
vn -0.077100 0.301345 -0.950393
vn -0.049829 0.192279 -0.980074
vn -0.069092 0.186436 -0.980035
vn -0.081656 0.221620 -0.971708
vn -0.049829 0.192279 -0.980074
vn -0.081656 0.221620 -0.971708
vn -0.058897 0.228524 -0.971755
vn -0.031895 0.120594 -0.992189
vn -0.044226 0.116854 -0.992164
vn -0.056711 0.151796 -0.986784
vn -0.031895 0.120594 -0.992189
vn -0.056711 0.151796 -0.986784
vn -0.040906 0.156590 -0.986816
vn -0.014611 0.051553 -0.998563
vn -0.020264 0.049838 -0.998552
vn -0.032695 0.084613 -0.995877
vn -0.014611 0.051553 -0.998563
vn -0.032695 0.084613 -0.995877
vn -0.023584 0.087376 -0.995896
vn -0.002702 0.020648 -0.999783
vn 0.002702 0.020648 -0.999783
vn 0.008004 0.019593 -0.999776
vn -0.002702 0.020648 -0.999783
vn 0.008004 0.019593 -0.999776
vn 0.012998 0.017525 -0.999762
vn -0.002702 0.020648 -0.999783
vn 0.012998 0.017525 -0.999762
vn 0.017494 0.014521 -0.999741
vn -0.002702 0.020648 -0.999783
vn 0.017494 0.014521 -0.999741
vn 0.021316 0.010698 -0.999716
vn -0.002702 0.020648 -0.999783
vn 0.021316 0.010698 -0.999716
vn 0.024319 0.006204 -0.999685
vn -0.002702 0.020648 -0.999783
vn 0.024319 0.006204 -0.999685
vn 0.026386 0.001214 -0.999651
vn -0.002702 0.020648 -0.999783
vn 0.026386 0.001214 -0.999651
vn 0.027441 -0.004090 -0.999615
vn -0.002702 0.020648 -0.999783
vn 0.027441 -0.004090 -0.999615
vn 0.027442 -0.009495 -0.999578
vn -0.002702 0.020648 -0.999783
vn 0.027442 -0.009495 -0.999578
vn 0.026387 -0.014797 -0.999542
vn -0.002702 0.020648 -0.999783
vn 0.026387 -0.014797 -0.999542
vn 0.024318 -0.019791 -0.999508
vn -0.002702 0.020648 -0.999783
vn 0.024318 -0.019791 -0.999508
vn 0.021314 -0.024287 -0.999478
vn -0.002702 0.020648 -0.999783
vn 0.021314 -0.024287 -0.999478
vn 0.017492 -0.028109 -0.999452
vn -0.002702 0.020648 -0.999783
vn 0.017492 -0.028109 -0.999452
vn 0.012998 -0.031112 -0.999431
vn -0.002702 0.020648 -0.999783
vn 0.012998 -0.031112 -0.999431
vn 0.008005 -0.033181 -0.999417
vn -0.002702 0.020648 -0.999783
vn 0.008005 -0.033181 -0.999417
vn 0.002704 -0.034235 -0.999410
vn -0.002702 0.020648 -0.999783
vn 0.002704 -0.034235 -0.999410
vn -0.002704 -0.034235 -0.999410
vn -0.002702 0.020648 -0.999783
vn -0.002704 -0.034235 -0.999410
vn -0.008005 -0.033181 -0.999417
vn -0.002702 0.020648 -0.999783
vn -0.008005 -0.033181 -0.999417
vn -0.012998 -0.031112 -0.999431
vn -0.002702 0.020648 -0.999783
vn -0.012998 -0.031112 -0.999431
vn -0.017491 -0.028109 -0.999452
vn -0.002702 0.020648 -0.999783
vn -0.017491 -0.028109 -0.999452
vn -0.021314 -0.024287 -0.999478
vn -0.002702 0.020648 -0.999783
vn -0.021314 -0.024287 -0.999478
vn -0.024318 -0.019791 -0.999508
vn -0.002702 0.020648 -0.999783
vn -0.024318 -0.019791 -0.999508
vn -0.026386 -0.014797 -0.999542
vn -0.002702 0.020648 -0.999783
vn -0.026386 -0.014797 -0.999542
vn -0.027441 -0.009495 -0.999578
vn -0.002702 0.020648 -0.999783
vn -0.027441 -0.009495 -0.999578
vn -0.027441 -0.004089 -0.999615
vn -0.002702 0.020648 -0.999783
vn -0.027441 -0.004089 -0.999615
vn -0.026387 0.001212 -0.999651
vn -0.002702 0.020648 -0.999783
vn -0.026387 0.001212 -0.999651
vn -0.024320 0.006202 -0.999685
vn -0.002702 0.020648 -0.999783
vn -0.024320 0.006202 -0.999685
vn -0.021315 0.010700 -0.999716
vn -0.002702 0.020648 -0.999783
vn -0.021315 0.010700 -0.999716
vn -0.017493 0.014522 -0.999742
vn -0.002702 0.020648 -0.999783
vn -0.017493 0.014522 -0.999742
vn -0.012998 0.017525 -0.999762
vn -0.002702 0.020648 -0.999783
vn -0.012998 0.017525 -0.999762
vn -0.008004 0.019593 -0.999776
vn 0.694041 0.029191 -0.719343
vn 0.694042 -0.038971 -0.718879
vn 0.657081 -0.037401 -0.752891
vn 0.694041 0.029191 -0.719343
vn 0.657081 -0.037401 -0.752891
vn 0.657081 0.027160 -0.753330
vn 0.619868 0.025120 -0.784304
vn 0.619868 -0.035782 -0.783890
vn 0.582265 -0.034128 -0.812282
vn 0.619868 0.025120 -0.784304
vn 0.582265 -0.034128 -0.812282
vn 0.582265 0.023081 -0.812671
vn 0.544402 0.021045 -0.838560
vn 0.544403 -0.032444 -0.838196
vn 0.506423 -0.030737 -0.861737
vn 0.544402 0.021045 -0.838560
vn 0.506423 -0.030737 -0.861737
vn 0.506423 0.019019 -0.862076
vn 0.468371 0.017006 -0.883368
vn 0.468371 -0.029013 -0.883055
vn 0.430370 -0.027274 -0.902241
vn 0.468371 0.017006 -0.883368
vn 0.430370 -0.027274 -0.902241
vn 0.430369 0.015008 -0.902528
vn 0.392419 0.013029 -0.919694
vn 0.392420 -0.025528 -0.919432
vn 0.354603 -0.023772 -0.934715
vn 0.392419 0.013029 -0.919694
vn 0.354603 -0.023772 -0.934715
vn 0.354602 0.011066 -0.934952
vn 0.316927 0.009128 -0.948406
vn 0.316927 -0.022016 -0.948194
vn 0.279382 -0.020248 -0.959967
vn 0.316927 0.009128 -0.948406
vn 0.279382 -0.020248 -0.959967
vn 0.279382 0.007200 -0.960153
vn 0.242095 0.005303 -0.970238
vn 0.242095 -0.018489 -0.970076
vn 0.204834 -0.016713 -0.978654
vn 0.242095 0.005303 -0.970238
vn 0.204834 -0.016713 -0.978654
vn 0.204834 0.003410 -0.978791
vn 0.168136 0.001563 -0.985763
vn 0.168135 -0.014961 -0.985650
vn 0.131110 -0.013176 -0.991280
vn 0.168136 0.001563 -0.985763
vn 0.131110 -0.013176 -0.991280
vn 0.131110 -0.000298 -0.991368
vn 0.096934 -0.002000 -0.995289
vn 0.096934 -0.011528 -0.995224
vn 0.060067 -0.009731 -0.998147
vn 0.096934 -0.002000 -0.995289
vn 0.060067 -0.009731 -0.998147
vn 0.060067 -0.003836 -0.998187
vn 0.674057 0.163936 -0.720258
vn 0.687355 0.097084 -0.719804
vn 0.650754 0.091408 -0.753767
vn 0.674057 0.163936 -0.720258
vn 0.650754 0.091408 -0.753767
vn 0.638159 0.154729 -0.754196
vn 0.602017 0.145464 -0.785121
vn 0.613899 0.085731 -0.784716
vn 0.576657 0.080013 -0.813059
vn 0.602017 0.145464 -0.785121
vn 0.576657 0.080013 -0.813059
vn 0.565496 0.136123 -0.813440
vn 0.528724 0.126736 -0.839279
vn 0.539159 0.074275 -0.838923
vn 0.501546 0.068537 -0.862412
vn 0.528724 0.126736 -0.839279
vn 0.501546 0.068537 -0.862412
vn 0.491838 0.117336 -0.862744
vn 0.454881 0.107936 -0.883987
vn 0.463860 0.062801 -0.883680
vn 0.426224 0.057091 -0.902814
vn 0.454881 0.107936 -0.883987
vn 0.426224 0.057091 -0.902814
vn 0.417974 0.098561 -0.903096
vn 0.381117 0.089214 -0.920212
vn 0.388640 0.051397 -0.919955
vn 0.351186 0.045741 -0.935188
vn 0.381117 0.089214 -0.920212
vn 0.351186 0.045741 -0.935188
vn 0.344389 0.079908 -0.935420
vn 0.307799 0.070654 -0.948824
vn 0.313875 0.040113 -0.948617
vn 0.276691 0.034522 -0.960339
vn 0.307799 0.070654 -0.948824
vn 0.276691 0.034522 -0.960339
vn 0.271337 0.061438 -0.960522
vn 0.235123 0.052303 -0.970557
vn 0.239764 0.028972 -0.970399
vn 0.202861 0.023443 -0.978927
vn 0.235123 0.052303 -0.970557
vn 0.202861 0.023443 -0.978927
vn 0.198936 0.043177 -0.979061
vn 0.163293 0.034206 -0.985984
vn 0.166517 0.018001 -0.985874
vn 0.129847 0.012527 -0.991455
vn 0.163293 0.034206 -0.985984
vn 0.129847 0.012527 -0.991455
vn 0.127334 0.025157 -0.991541
vn 0.094141 0.016821 -0.995417
vn 0.096001 0.007475 -0.995353
vn 0.059487 0.002043 -0.998227
vn 0.094141 0.016821 -0.995417
vn 0.059487 0.002043 -0.998227
vn 0.058336 0.007830 -0.998266
vn 0.628169 0.292192 -0.721129
vn 0.654254 0.229219 -0.720702
vn 0.619418 0.216507 -0.754616
vn 0.628169 0.292192 -0.721129
vn 0.619418 0.216507 -0.754616
vn 0.594711 0.276154 -0.755022
vn 0.561030 0.260013 -0.785900
vn 0.584338 0.203746 -0.785517
vn 0.548890 0.190869 -0.813811
vn 0.561030 0.260013 -0.785900
vn 0.548890 0.190869 -0.813811
vn 0.526996 0.243724 -0.814170
vn 0.492727 0.227341 -0.839962
vn 0.513197 0.177921 -0.839626
vn 0.477393 0.164951 -0.863068
vn 0.492727 0.227341 -0.839962
vn 0.477393 0.164951 -0.863068
vn 0.458351 0.210921 -0.863381
vn 0.423910 0.194488 -0.884576
vn 0.441522 0.151972 -0.884287
vn 0.405699 0.139026 -0.903372
vn 0.423910 0.194488 -0.884576
vn 0.405699 0.139026 -0.903372
vn 0.389518 0.178090 -0.903637
vn 0.355170 0.161731 -0.920705
vn 0.369926 0.126108 -0.920463
vn 0.334275 0.113251 -0.935647
vn 0.355170 0.161731 -0.920705
vn 0.334275 0.113251 -0.935647
vn 0.320943 0.145436 -0.935865
vn 0.286844 0.129220 -0.949222
vn 0.298761 0.100449 -0.949027
vn 0.263367 0.087709 -0.960700
vn 0.286844 0.129220 -0.949222
vn 0.263367 0.087709 -0.960700
vn 0.252864 0.113066 -0.960873
vn 0.219115 0.097039 -0.970861
vn 0.228219 0.075061 -0.970712
vn 0.193093 0.062440 -0.979192
vn 0.219115 0.097039 -0.970861
vn 0.193093 0.062440 -0.979192
vn 0.185392 0.081028 -0.979318
vn 0.152174 0.065277 -0.986196
vn 0.158498 0.050011 -0.986092
vn 0.123593 0.037489 -0.991625
vn 0.152174 0.065277 -0.986196
vn 0.123593 0.037489 -0.991625
vn 0.118664 0.049387 -0.991705
vn 0.087732 0.034734 -0.995538
vn 0.091377 0.025933 -0.995479
vn 0.056621 0.013484 -0.998305
vn 0.087732 0.034734 -0.995538
vn 0.056621 0.013484 -0.998305
vn 0.054367 0.018927 -0.998342
vn 0.558142 0.409031 -0.721922
vn 0.596011 0.352357 -0.721537
vn 0.564278 0.333088 -0.755409
vn 0.558142 0.409031 -0.721922
vn 0.564278 0.333088 -0.755409
vn 0.528409 0.386768 -0.755774
vn 0.498483 0.364362 -0.786610
vn 0.532319 0.313724 -0.786265
vn 0.500028 0.294178 -0.814513
vn 0.498483 0.364362 -0.786610
vn 0.500028 0.294178 -0.814513
vn 0.468245 0.341743 -0.814836
vn 0.437796 0.318986 -0.840584
vn 0.467513 0.274513 -0.840282
vn 0.434896 0.254804 -0.863678
vn 0.437796 0.318986 -0.840584
vn 0.434896 0.254804 -0.863678
vn 0.407254 0.296174 -0.863959
vn 0.376652 0.273334 -0.885111
vn 0.402218 0.235071 -0.884851
vn 0.369584 0.215382 -0.903891
vn 0.376652 0.273334 -0.885111
vn 0.369584 0.215382 -0.903891
vn 0.346093 0.250538 -0.904130
vn 0.315573 0.227790 -0.921155
vn 0.336995 0.195731 -0.920936
vn 0.304518 0.176165 -0.936074
vn 0.315573 0.227790 -0.921155
vn 0.304518 0.176165 -0.936074
vn 0.285162 0.205131 -0.936271
vn 0.254864 0.182573 -0.949585
vn 0.272166 0.156680 -0.949409
vn 0.239922 0.137277 -0.961037
vn 0.254864 0.182573 -0.949585
vn 0.239922 0.137277 -0.961037
vn 0.224673 0.160099 -0.961192
vn 0.194686 0.137795 -0.971138
vn 0.207904 0.118014 -0.971004
vn 0.175902 0.098780 -0.979439
vn 0.194686 0.137795 -0.971138
vn 0.175902 0.098780 -0.979439
vn 0.164723 0.115510 -0.979553
vn 0.135209 0.093578 -0.986388
vn 0.144388 0.079841 -0.986295
vn 0.112590 0.060751 -0.991783
vn 0.135209 0.093578 -0.986388
vn 0.112590 0.060751 -0.991783
vn 0.105437 0.071455 -0.991855
vn 0.077953 0.051050 -0.995649
vn 0.083245 0.043129 -0.995595
vn 0.051584 0.024134 -0.998377
vn 0.077953 0.051050 -0.995649
vn 0.051584 0.024134 -0.998377
vn 0.048307 0.029038 -0.998410
vn 0.466664 0.509963 -0.722608
vn 0.514862 0.461766 -0.722281
vn 0.487454 0.436673 -0.756112
vn 0.466664 0.509963 -0.722608
vn 0.487454 0.436673 -0.756112
vn 0.441802 0.482324 -0.756422
vn 0.416781 0.454507 -0.787221
vn 0.459847 0.411441 -0.786929
vn 0.431952 0.385965 -0.815137
vn 0.416781 0.454507 -0.787221
vn 0.431952 0.385965 -0.815137
vn 0.391498 0.426419 -0.815412
vn 0.366040 0.398155 -0.841123
vn 0.403863 0.360332 -0.840866
vn 0.375688 0.334637 -0.864220
vn 0.366040 0.398155 -0.841123
vn 0.375688 0.334637 -0.864220
vn 0.340504 0.369820 -0.864460
vn 0.314916 0.341448 -0.885574
vn 0.347459 0.308906 -0.885352
vn 0.319265 0.283225 -0.904352
vn 0.314916 0.341448 -0.885574
vn 0.319265 0.283225 -0.904352
vn 0.289366 0.313125 -0.904555
vn 0.263849 0.284856 -0.921543
vn 0.291114 0.257591 -0.921357
vn 0.263058 0.232064 -0.936455
vn 0.263849 0.284856 -0.921543
vn 0.263058 0.232064 -0.936455
vn 0.238424 0.256696 -0.936622
vn 0.213090 0.228660 -0.949899
vn 0.235111 0.206641 -0.949749
vn 0.207256 0.181321 -0.961336
vn 0.213090 0.228660 -0.949899
vn 0.207256 0.181321 -0.961336
vn 0.187849 0.200728 -0.961468
vn 0.162776 0.173002 -0.971378
vn 0.179598 0.156180 -0.971263
vn 0.151953 0.131070 -0.979659
vn 0.162776 0.173002 -0.971378
vn 0.151953 0.131070 -0.979659
vn 0.137725 0.145299 -0.979755
vn 0.113048 0.118029 -0.986554
vn 0.124731 0.106345 -0.986475
vn 0.097263 0.081416 -0.991923
vn 0.113048 0.118029 -0.986554
vn 0.097263 0.081416 -0.991923
vn 0.088158 0.090521 -0.991985
vn 0.065177 0.065145 -0.995745
vn 0.071914 0.058409 -0.995699
vn 0.044560 0.033605 -0.998441
vn 0.065177 0.065145 -0.995745
vn 0.044560 0.033605 -0.998441
vn 0.040391 0.037773 -0.998470
vn 0.357250 0.591112 -0.723159
vn 0.413927 0.553242 -0.722902
vn 0.391896 0.523280 -0.756701
vn 0.357250 0.591112 -0.723159
vn 0.391896 0.523280 -0.756701
vn 0.338213 0.559149 -0.756944
vn 0.319061 0.526980 -0.787713
vn 0.369700 0.493144 -0.787484
vn 0.347274 0.462713 -0.815658
vn 0.319061 0.526980 -0.787713
vn 0.347274 0.462713 -0.815658
vn 0.299706 0.494497 -0.815873
vn 0.280217 0.461806 -0.841555
vn 0.324693 0.432088 -0.841353
vn 0.302039 0.401385 -0.864675
vn 0.280217 0.461806 -0.841555
vn 0.302039 0.401385 -0.864675
vn 0.260667 0.429028 -0.864863
vn 0.241079 0.396206 -0.885947
vn 0.279343 0.370639 -0.885773
vn 0.256678 0.339952 -0.904737
vn 0.241079 0.396206 -0.885947
vn 0.256678 0.339952 -0.904737
vn 0.221522 0.363442 -0.904896
vn 0.201987 0.330737 -0.921854
vn 0.234047 0.309315 -0.921708
vn 0.211489 0.278800 -0.936773
vn 0.201987 0.330737 -0.921854
vn 0.211489 0.278800 -0.936773
vn 0.182522 0.298155 -0.936904
vn 0.163128 0.265712 -0.950151
vn 0.189022 0.248411 -0.950033
vn 0.166627 0.218143 -0.961587
vn 0.163128 0.265712 -0.950151
vn 0.166627 0.218143 -0.961587
vn 0.143806 0.233390 -0.961691
vn 0.124611 0.201305 -0.971570
vn 0.144391 0.188089 -0.971480
vn 0.122165 0.158069 -0.979842
vn 0.124611 0.201305 -0.971570
vn 0.122165 0.158069 -0.979842
vn 0.105435 0.169247 -0.979918
vn 0.086541 0.137688 -0.986688
vn 0.100281 0.128507 -0.986625
vn 0.078195 0.098697 -0.992041
vn 0.086541 0.137688 -0.986688
vn 0.078195 0.098697 -0.992041
vn 0.067487 0.105852 -0.992089
vn 0.049893 0.076479 -0.995822
vn 0.057816 0.071186 -0.995786
vn 0.035823 0.041521 -0.998495
vn 0.049893 0.076479 -0.995822
vn 0.035823 0.041521 -0.998495
vn 0.030919 0.044798 -0.998517
vn 0.234112 0.649353 -0.723555
vn 0.297085 0.623270 -0.723377
vn 0.281278 0.589583 -0.757149
vn 0.234112 0.649353 -0.723555
vn 0.281278 0.589583 -0.757149
vn 0.221631 0.614288 -0.757317
vn 0.209079 0.578998 -0.788065
vn 0.265348 0.555692 -0.787907
vn 0.249251 0.521465 -0.816057
vn 0.209079 0.578998 -0.788065
vn 0.249251 0.521465 -0.816057
vn 0.196394 0.543358 -0.816205
vn 0.183624 0.507490 -0.841865
vn 0.233043 0.487020 -0.841726
vn 0.216783 0.452484 -0.865022
vn 0.183624 0.507490 -0.841865
vn 0.216783 0.452484 -0.865022
vn 0.170814 0.471526 -0.865151
vn 0.157978 0.435510 -0.886213
vn 0.200495 0.417898 -0.886094
vn 0.184227 0.383376 -0.905032
vn 0.157978 0.435510 -0.886213
vn 0.184227 0.383376 -0.905032
vn 0.145162 0.399557 -0.905142
vn 0.132360 0.363668 -0.922077
vn 0.167984 0.348912 -0.921977
vn 0.151793 0.314580 -0.937016
vn 0.132360 0.363668 -0.922077
vn 0.151793 0.314580 -0.937016
vn 0.119606 0.327912 -0.937106
vn 0.106896 0.292307 -0.950331
vn 0.135668 0.280390 -0.950250
vn 0.119594 0.246331 -0.961779
vn 0.106896 0.292307 -0.950331
vn 0.119594 0.246331 -0.961779
vn 0.094235 0.256835 -0.961850
vn 0.081656 0.221620 -0.971708
vn 0.103636 0.212516 -0.971646
vn 0.087681 0.178736 -0.979982
vn 0.081656 0.221620 -0.971708
vn 0.087681 0.178736 -0.979982
vn 0.069091 0.186436 -0.980035
vn 0.056709 0.151796 -0.986784
vn 0.071975 0.145473 -0.986741
vn 0.056121 0.111927 -0.992130
vn 0.056709 0.151796 -0.986784
vn 0.056121 0.111927 -0.992130
vn 0.044225 0.116854 -0.992164
vn 0.032694 0.084613 -0.995877
vn 0.041495 0.080968 -0.995853
vn 0.025709 0.047583 -0.998536
vn 0.032694 0.084613 -0.995877
vn 0.025709 0.047583 -0.998536
vn 0.020263 0.049838 -0.998552
vn 0.101975 0.682452 -0.723782
vn 0.168829 0.669156 -0.723690
vn 0.159851 0.633027 -0.757446
vn 0.101975 0.682452 -0.723782
vn 0.159851 0.633027 -0.757446
vn 0.096529 0.645621 -0.757533
vn 0.091064 0.608557 -0.788268
vn 0.150796 0.596676 -0.788187
vn 0.141648 0.559965 -0.816318
vn 0.091064 0.608557 -0.788268
vn 0.141648 0.559965 -0.816318
vn 0.085539 0.571125 -0.816394
vn 0.079976 0.533452 -0.842041
vn 0.132438 0.523017 -0.841970
vn 0.123197 0.485970 -0.865249
vn 0.079976 0.533452 -0.842041
vn 0.123197 0.485970 -0.865249
vn 0.074397 0.495678 -0.865314
vn 0.068806 0.457847 -0.886364
vn 0.113942 0.448868 -0.886304
vn 0.104696 0.411833 -0.905225
vn 0.068806 0.457847 -0.886364
vn 0.104696 0.411833 -0.905225
vn 0.063226 0.420081 -0.905281
vn 0.057649 0.382380 -0.922205
vn 0.095465 0.374859 -0.922154
vn 0.086262 0.338027 -0.937175
vn 0.057649 0.382380 -0.922205
vn 0.086262 0.338027 -0.937175
vn 0.052095 0.344823 -0.937221
vn 0.046557 0.307421 -0.950434
vn 0.077100 0.301346 -0.950393
vn 0.067963 0.264804 -0.961904
vn 0.046557 0.307421 -0.950434
vn 0.067963 0.264804 -0.961904
vn 0.041045 0.270159 -0.961941
vn 0.035564 0.233165 -0.971787
vn 0.058896 0.228524 -0.971755
vn 0.049828 0.192280 -0.980074
vn 0.035564 0.233165 -0.971787
vn 0.049828 0.192280 -0.980074
vn 0.030094 0.196205 -0.980101
vn 0.024698 0.159814 -0.986838
vn 0.040905 0.156591 -0.986816
vn 0.031894 0.120595 -0.992189
vn 0.024698 0.159814 -0.986838
vn 0.031894 0.120595 -0.992189
vn 0.019262 0.123107 -0.992206
vn 0.014238 0.089235 -0.995909
vn 0.023584 0.087377 -0.995896
vn 0.014611 0.051553 -0.998563
vn 0.014238 0.089235 -0.995909
vn 0.014611 0.051553 -0.998563
vn 0.008826 0.052703 -0.998571
vn -0.034081 0.689138 -0.723828
vn 0.034082 0.689138 -0.723828
vn 0.032281 0.651949 -0.757575
vn -0.034081 0.689138 -0.723828
vn 0.032281 0.651949 -0.757575
vn -0.032281 0.651949 -0.757575
vn -0.030452 0.614526 -0.788308
vn 0.030453 0.614527 -0.788308
vn 0.028605 0.576732 -0.816433
vn -0.030452 0.614526 -0.788308
vn 0.028605 0.576732 -0.816433
vn -0.028605 0.576732 -0.816433
vn -0.026744 0.538694 -0.842077
vn 0.026745 0.538694 -0.842077
vn 0.024878 0.500556 -0.865347
vn -0.026744 0.538694 -0.842077
vn 0.024878 0.500556 -0.865347
vn -0.024878 0.500556 -0.865347
vn -0.023011 0.462359 -0.886394
vn 0.023011 0.462359 -0.886394
vn 0.021142 0.424226 -0.905309
vn -0.023011 0.462359 -0.886394
vn 0.021142 0.424226 -0.905309
vn -0.021142 0.424226 -0.905309
vn -0.019280 0.386159 -0.922231
vn 0.019280 0.386159 -0.922231
vn 0.017419 0.348238 -0.937244
vn -0.019280 0.386159 -0.922231
vn 0.017419 0.348238 -0.937244
vn -0.017419 0.348238 -0.937244
vn -0.015571 0.310473 -0.950455
vn 0.015572 0.310472 -0.950455
vn 0.013724 0.272850 -0.961959
vn -0.015571 0.310473 -0.950455
vn 0.013724 0.272850 -0.961959
vn -0.013723 0.272850 -0.961959
vn -0.011895 0.235496 -0.971803
vn 0.011896 0.235496 -0.971803
vn 0.010061 0.198177 -0.980115
vn -0.011895 0.235496 -0.971803
vn 0.010061 0.198177 -0.980115
vn -0.010060 0.198177 -0.980115
vn -0.008260 0.161433 -0.986849
vn 0.008261 0.161433 -0.986849
vn 0.006438 0.124371 -0.992215
vn -0.008260 0.161433 -0.986849
vn 0.006438 0.124371 -0.992215
vn -0.006437 0.124371 -0.992215
vn -0.004762 0.090169 -0.995915
vn 0.004762 0.090169 -0.995915
vn 0.002947 0.053282 -0.998575
vn -0.004762 0.090169 -0.995915
vn 0.002947 0.053282 -0.998575
vn -0.002947 0.053282 -0.998575
vn -0.168829 0.669157 -0.723689
vn -0.101975 0.682453 -0.723781
vn -0.096529 0.645621 -0.757533
vn -0.168829 0.669157 -0.723689
vn -0.096529 0.645621 -0.757533
vn -0.159851 0.633026 -0.757447
vn -0.150795 0.596675 -0.788188
vn -0.091064 0.608556 -0.788268
vn -0.085539 0.571126 -0.816394
vn -0.150795 0.596675 -0.788188
vn -0.085539 0.571126 -0.816394
vn -0.141649 0.559966 -0.816317
vn -0.132438 0.523018 -0.841969
vn -0.079976 0.533453 -0.842040
vn -0.074397 0.495677 -0.865314
vn -0.132438 0.523018 -0.841969
vn -0.074397 0.495677 -0.865314
vn -0.123198 0.485970 -0.865249
vn -0.113942 0.448868 -0.886304
vn -0.068806 0.457847 -0.886364
vn -0.063226 0.420081 -0.905281
vn -0.113942 0.448868 -0.886304
vn -0.063226 0.420081 -0.905281
vn -0.104695 0.411833 -0.905225
vn -0.095465 0.374859 -0.922154
vn -0.057649 0.382381 -0.922205
vn -0.052095 0.344823 -0.937221
vn -0.095465 0.374859 -0.922154
vn -0.052095 0.344823 -0.937221
vn -0.086262 0.338027 -0.937175
vn -0.077100 0.301345 -0.950393
vn -0.046557 0.307421 -0.950434
vn -0.041045 0.270159 -0.961940
vn -0.077100 0.301345 -0.950393
vn -0.041045 0.270159 -0.961940
vn -0.067964 0.264804 -0.961904
vn -0.058897 0.228524 -0.971755
vn -0.035564 0.233165 -0.971787
vn -0.030093 0.196205 -0.980101
vn -0.058897 0.228524 -0.971755
vn -0.030093 0.196205 -0.980101
vn -0.049829 0.192279 -0.980074
vn -0.040906 0.156590 -0.986816
vn -0.024697 0.159814 -0.986838
vn -0.019262 0.123107 -0.992206
vn -0.040906 0.156590 -0.986816
vn -0.019262 0.123107 -0.992206
vn -0.031895 0.120594 -0.992189
vn -0.023584 0.087376 -0.995896
vn -0.014238 0.089235 -0.995909
vn -0.008826 0.052703 -0.998571
vn -0.023584 0.087376 -0.995896
vn -0.008826 0.052703 -0.998571
vn -0.014611 0.051553 -0.998563
vn -0.281278 0.589582 -0.757150
vn -0.297086 0.623271 -0.723376
vn -0.234112 0.649355 -0.723553
vn -0.281278 0.589582 -0.757150
vn -0.234112 0.649355 -0.723553
vn -0.221630 0.614288 -0.757318
vn -0.249251 0.521465 -0.816057
vn -0.265347 0.555690 -0.787908
vn -0.209078 0.578997 -0.788067
vn -0.249251 0.521465 -0.816057
vn -0.209078 0.578997 -0.788067
vn -0.196395 0.543358 -0.816205
vn -0.216783 0.452484 -0.865022
vn -0.233043 0.487020 -0.841726
vn -0.183624 0.507490 -0.841865
vn -0.216783 0.452484 -0.865022
vn -0.183624 0.507490 -0.841865
vn -0.170814 0.471526 -0.865151
vn -0.184228 0.383377 -0.905032
vn -0.200496 0.417899 -0.886094
vn -0.157978 0.435510 -0.886213
vn -0.184228 0.383377 -0.905032
vn -0.157978 0.435510 -0.886213
vn -0.145162 0.399558 -0.905142
vn -0.151792 0.314580 -0.937016
vn -0.167984 0.348912 -0.921977
vn -0.132359 0.363668 -0.922077
vn -0.151792 0.314580 -0.937016
vn -0.132359 0.363668 -0.922077
vn -0.119605 0.327912 -0.937106
vn -0.119593 0.246332 -0.961779
vn -0.135667 0.280389 -0.950251
vn -0.106895 0.292307 -0.950332
vn -0.119593 0.246332 -0.961779
vn -0.106895 0.292307 -0.950332
vn -0.094235 0.256835 -0.961850
vn -0.087681 0.178736 -0.979982
vn -0.103635 0.212516 -0.971646
vn -0.081656 0.221620 -0.971708
vn -0.087681 0.178736 -0.979982
vn -0.081656 0.221620 -0.971708
vn -0.069092 0.186436 -0.980035
vn -0.056122 0.111927 -0.992130
vn -0.071975 0.145473 -0.986741
vn -0.056711 0.151796 -0.986784
vn -0.056122 0.111927 -0.992130
vn -0.056711 0.151796 -0.986784
vn -0.044226 0.116854 -0.992164
vn -0.025709 0.047583 -0.998536
vn -0.041495 0.080968 -0.995853
vn -0.032695 0.084613 -0.995877
vn -0.025709 0.047583 -0.998536
vn -0.032695 0.084613 -0.995877
vn -0.020264 0.049838 -0.998552
vn -0.338214 0.559149 -0.756944
vn -0.391897 0.523280 -0.756700
vn -0.413929 0.553243 -0.722901
vn -0.338214 0.559149 -0.756944
vn -0.413929 0.553243 -0.722901
vn -0.357252 0.591112 -0.723158
vn -0.299706 0.494497 -0.815873
vn -0.347275 0.462712 -0.815658
vn -0.369701 0.493144 -0.787484
vn -0.299706 0.494497 -0.815873
vn -0.369701 0.493144 -0.787484
vn -0.319061 0.526979 -0.787714
vn -0.260667 0.429028 -0.864863
vn -0.302039 0.401385 -0.864675
vn -0.324693 0.432088 -0.841353
vn -0.260667 0.429028 -0.864863
vn -0.324693 0.432088 -0.841353
vn -0.280217 0.461806 -0.841554
vn -0.221522 0.363443 -0.904896
vn -0.256678 0.339952 -0.904737
vn -0.279344 0.370640 -0.885773
vn -0.221522 0.363443 -0.904896
vn -0.279344 0.370640 -0.885773
vn -0.241080 0.396206 -0.885947
vn -0.182522 0.298155 -0.936904
vn -0.211489 0.278800 -0.936773
vn -0.234047 0.309315 -0.921708
vn -0.182522 0.298155 -0.936904
vn -0.234047 0.309315 -0.921708
vn -0.201987 0.330738 -0.921854
vn -0.143806 0.233390 -0.961691
vn -0.166627 0.218143 -0.961587
vn -0.189022 0.248411 -0.950033
vn -0.143806 0.233390 -0.961691
vn -0.189022 0.248411 -0.950033
vn -0.163128 0.265712 -0.950151
vn -0.105434 0.169248 -0.979918
vn -0.122165 0.158069 -0.979842
vn -0.144392 0.188089 -0.971480
vn -0.105434 0.169248 -0.979918
vn -0.144392 0.188089 -0.971480
vn -0.124611 0.201305 -0.971570
vn -0.067486 0.105852 -0.992089
vn -0.078195 0.098697 -0.992041
vn -0.100281 0.128507 -0.986625
vn -0.067486 0.105852 -0.992089
vn -0.100281 0.128507 -0.986625
vn -0.086541 0.137688 -0.986688
vn -0.030919 0.044798 -0.998517
vn -0.035823 0.041521 -0.998495
vn -0.057816 0.071186 -0.995786
vn -0.030919 0.044798 -0.998517
vn -0.057816 0.071186 -0.995786
vn -0.049892 0.076480 -0.995822
vn -0.441802 0.482324 -0.756422
vn -0.487454 0.436673 -0.756112
vn -0.514862 0.461766 -0.722281
vn -0.441802 0.482324 -0.756422
vn -0.514862 0.461766 -0.722281
vn -0.466664 0.509963 -0.722608
vn -0.391498 0.426419 -0.815412
vn -0.431952 0.385966 -0.815137
vn -0.459847 0.411442 -0.786928
vn -0.391498 0.426419 -0.815412
vn -0.459847 0.411442 -0.786928
vn -0.416781 0.454507 -0.787221
vn -0.340504 0.369820 -0.864460
vn -0.375688 0.334637 -0.864220
vn -0.403863 0.360333 -0.840865
vn -0.340504 0.369820 -0.864460
vn -0.403863 0.360333 -0.840865
vn -0.366040 0.398155 -0.841122
vn -0.289367 0.313124 -0.904555
vn -0.319266 0.283225 -0.904352
vn -0.347460 0.308906 -0.885352
vn -0.289367 0.313124 -0.904555
vn -0.347460 0.308906 -0.885352
vn -0.314917 0.341448 -0.885574
vn -0.238424 0.256696 -0.936622
vn -0.263058 0.232063 -0.936455
vn -0.291114 0.257591 -0.921357
vn -0.238424 0.256696 -0.936622
vn -0.291114 0.257591 -0.921357
vn -0.263849 0.284856 -0.921543
vn -0.187850 0.200727 -0.961468
vn -0.207257 0.181321 -0.961336
vn -0.235111 0.206640 -0.949749
vn -0.187850 0.200727 -0.961468
vn -0.235111 0.206640 -0.949749
vn -0.213090 0.228659 -0.949899
vn -0.137725 0.145298 -0.979755
vn -0.151953 0.131070 -0.979659
vn -0.179599 0.156180 -0.971263
vn -0.137725 0.145298 -0.979755
vn -0.179599 0.156180 -0.971263
vn -0.162776 0.173002 -0.971378
vn -0.088158 0.090521 -0.991985
vn -0.097264 0.081416 -0.991923
vn -0.124732 0.106344 -0.986475
vn -0.088158 0.090521 -0.991985
vn -0.124732 0.106344 -0.986475
vn -0.113049 0.118028 -0.986554
vn -0.040390 0.037774 -0.998470
vn -0.044558 0.033607 -0.998441
vn -0.071913 0.058410 -0.995699
vn -0.040390 0.037774 -0.998470
vn -0.071913 0.058410 -0.995699
vn -0.065176 0.065145 -0.995745
vn -0.528409 0.386769 -0.755774
vn -0.564277 0.333088 -0.755409
vn -0.596010 0.352357 -0.721538
vn -0.528409 0.386769 -0.755774
vn -0.596010 0.352357 -0.721538
vn -0.558141 0.409031 -0.721923
vn -0.468245 0.341744 -0.814836
vn -0.500028 0.294178 -0.814513
vn -0.532319 0.313725 -0.786265
vn -0.468245 0.341744 -0.814836
vn -0.532319 0.313725 -0.786265
vn -0.498484 0.364362 -0.786609
vn -0.407254 0.296174 -0.863959
vn -0.434896 0.254804 -0.863678
vn -0.467513 0.274513 -0.840282
vn -0.407254 0.296174 -0.863959
vn -0.467513 0.274513 -0.840282
vn -0.437797 0.318986 -0.840584
vn -0.346093 0.250537 -0.904130
vn -0.369583 0.215382 -0.903891
vn -0.402218 0.235071 -0.884851
vn -0.346093 0.250537 -0.904130
vn -0.402218 0.235071 -0.884851
vn -0.376652 0.273334 -0.885111
vn -0.285163 0.205130 -0.936271
vn -0.304518 0.176165 -0.936074
vn -0.336995 0.195731 -0.920936
vn -0.285163 0.205130 -0.936271
vn -0.336995 0.195731 -0.920936
vn -0.315573 0.227789 -0.921154
vn -0.224673 0.160099 -0.961192
vn -0.239922 0.137278 -0.961037
vn -0.272166 0.156680 -0.949409
vn -0.224673 0.160099 -0.961192
vn -0.272166 0.156680 -0.949409
vn -0.254864 0.182573 -0.949585
vn -0.164723 0.115510 -0.979553
vn -0.175902 0.098780 -0.979439
vn -0.207904 0.118014 -0.971004
vn -0.164723 0.115510 -0.979553
vn -0.207904 0.118014 -0.971004
vn -0.194687 0.137795 -0.971138
vn -0.105438 0.071456 -0.991855
vn -0.112591 0.060751 -0.991783
vn -0.144387 0.079842 -0.986295
vn -0.105438 0.071456 -0.991855
vn -0.144387 0.079842 -0.986295
vn -0.135209 0.093578 -0.986388
vn -0.048306 0.029039 -0.998410
vn -0.051584 0.024133 -0.998377
vn -0.083246 0.043128 -0.995595
vn -0.048306 0.029039 -0.998410
vn -0.083246 0.043128 -0.995595
vn -0.077953 0.051051 -0.995649
vn -0.594711 0.276153 -0.755022
vn -0.619417 0.216507 -0.754617
vn -0.654254 0.229219 -0.720701
vn -0.594711 0.276153 -0.755022
vn -0.654254 0.229219 -0.720701
vn -0.628169 0.292192 -0.721129
vn -0.526997 0.243724 -0.814170
vn -0.548891 0.190869 -0.813811
vn -0.584337 0.203745 -0.785518
vn -0.526997 0.243724 -0.814170
vn -0.584337 0.203745 -0.785518
vn -0.561030 0.260012 -0.785900
vn -0.458351 0.210921 -0.863381
vn -0.477393 0.164951 -0.863068
vn -0.513198 0.177921 -0.839626
vn -0.458351 0.210921 -0.863381
vn -0.513198 0.177921 -0.839626
vn -0.492728 0.227341 -0.839961
vn -0.389518 0.178090 -0.903637
vn -0.405699 0.139027 -0.903371
vn -0.441522 0.151971 -0.884287
vn -0.389518 0.178090 -0.903637
vn -0.441522 0.151971 -0.884287
vn -0.423910 0.194488 -0.884576
vn -0.320943 0.145437 -0.935865
vn -0.334274 0.113251 -0.935647
vn -0.369925 0.126108 -0.920463
vn -0.320943 0.145437 -0.935865
vn -0.369925 0.126108 -0.920463
vn -0.355169 0.161731 -0.920705
vn -0.252864 0.113066 -0.960873
vn -0.263367 0.087709 -0.960700
vn -0.298761 0.100449 -0.949027
vn -0.252864 0.113066 -0.960873
vn -0.298761 0.100449 -0.949027
vn -0.286844 0.129220 -0.949222
vn -0.185392 0.081028 -0.979318
vn -0.193093 0.062439 -0.979192
vn -0.228220 0.075061 -0.970712
vn -0.185392 0.081028 -0.979318
vn -0.228220 0.075061 -0.970712
vn -0.219116 0.097039 -0.970861
vn -0.118664 0.049387 -0.991705
vn -0.123593 0.037488 -0.991625
vn -0.158499 0.050010 -0.986092
vn -0.118664 0.049387 -0.991705
vn -0.158499 0.050010 -0.986092
vn -0.152174 0.065277 -0.986196
vn -0.054369 0.018923 -0.998342
vn -0.056623 0.013480 -0.998305
vn -0.091378 0.025931 -0.995479
vn -0.054369 0.018923 -0.998342
vn -0.091378 0.025931 -0.995479
vn -0.087733 0.034731 -0.995538
vn -0.638157 0.154729 -0.754198
vn -0.650753 0.091407 -0.753767
vn -0.687356 0.097083 -0.719803
vn -0.638157 0.154729 -0.754198
vn -0.687356 0.097083 -0.719803
vn -0.674058 0.163937 -0.720257
vn -0.565497 0.136123 -0.813440
vn -0.576657 0.080014 -0.813059
vn -0.613897 0.085731 -0.784717
vn -0.565497 0.136123 -0.813440
vn -0.613897 0.085731 -0.784717
vn -0.602015 0.145464 -0.785123
vn -0.491839 0.117336 -0.862744
vn -0.501546 0.068537 -0.862412
vn -0.539160 0.074276 -0.838922
vn -0.491839 0.117336 -0.862744
vn -0.539160 0.074276 -0.838922
vn -0.528725 0.126736 -0.839278
vn -0.417975 0.098561 -0.903096
vn -0.426224 0.057090 -0.902814
vn -0.463861 0.062801 -0.883679
vn -0.417975 0.098561 -0.903096
vn -0.463861 0.062801 -0.883679
vn -0.454882 0.107937 -0.883987
vn -0.344389 0.079908 -0.935420
vn -0.351186 0.045740 -0.935188
vn -0.388640 0.051397 -0.919955
vn -0.344389 0.079908 -0.935420
vn -0.388640 0.051397 -0.919955
vn -0.381117 0.089215 -0.920212
vn -0.271337 0.061438 -0.960522
vn -0.276691 0.034521 -0.960339
vn -0.313874 0.040113 -0.948617
vn -0.271337 0.061438 -0.960522
vn -0.313874 0.040113 -0.948617
vn -0.307798 0.070654 -0.948825
vn -0.198936 0.043177 -0.979061
vn -0.202861 0.023444 -0.978927
vn -0.239765 0.028972 -0.970399
vn -0.198936 0.043177 -0.979061
vn -0.239765 0.028972 -0.970399
vn -0.235124 0.052303 -0.970557
vn -0.127334 0.025157 -0.991541
vn -0.129846 0.012528 -0.991455
vn -0.166516 0.018001 -0.985874
vn -0.127334 0.025157 -0.991541
vn -0.166516 0.018001 -0.985874
vn -0.163293 0.034206 -0.985984
vn -0.058337 0.007830 -0.998266
vn -0.059488 0.002045 -0.998227
vn -0.096000 0.007476 -0.995353
vn -0.058337 0.007830 -0.998266
vn -0.096000 0.007476 -0.995353
vn -0.094141 0.016821 -0.995417
vn -0.694042 -0.038968 -0.718879
vn -0.694042 0.029192 -0.719342
vn -0.657082 0.027160 -0.753330
vn -0.694042 -0.038968 -0.718879
vn -0.657082 0.027160 -0.753330
vn -0.657082 -0.037399 -0.752891
vn -0.619868 -0.035781 -0.783890
vn -0.619867 0.025121 -0.784305
vn -0.582264 0.023082 -0.812672
vn -0.619868 -0.035781 -0.783890
vn -0.582264 0.023082 -0.812672
vn -0.582265 -0.034126 -0.812283
vn -0.544403 -0.032441 -0.838196
vn -0.544403 0.021046 -0.838560
vn -0.506423 0.019020 -0.862075
vn -0.544403 -0.032441 -0.838196
vn -0.506423 0.019020 -0.862075
vn -0.506423 -0.030734 -0.861737
vn -0.468371 -0.029011 -0.883056
vn -0.468371 0.017007 -0.883368
vn -0.430369 0.015008 -0.902528
vn -0.468371 -0.029011 -0.883056
vn -0.430369 0.015008 -0.902528
vn -0.430370 -0.027273 -0.902241
vn -0.392420 -0.025527 -0.919432
vn -0.392419 0.013029 -0.919694
vn -0.354602 0.011066 -0.934952
vn -0.392420 -0.025527 -0.919432
vn -0.354602 0.011066 -0.934952
vn -0.354602 -0.023770 -0.934715
vn -0.316927 -0.022014 -0.948194
vn -0.316927 0.009127 -0.948406
vn -0.279382 0.007201 -0.960153
vn -0.316927 -0.022014 -0.948194
vn -0.279382 0.007201 -0.960153
vn -0.279382 -0.020247 -0.959966
vn -0.242096 -0.018488 -0.970076
vn -0.242096 0.005304 -0.970238
vn -0.204834 0.003411 -0.978791
vn -0.242096 -0.018488 -0.970076
vn -0.204834 0.003411 -0.978791
vn -0.204834 -0.016712 -0.978654
vn -0.168135 -0.014960 -0.985650
vn -0.168135 0.001564 -0.985763
vn -0.131109 -0.000298 -0.991368
vn -0.168135 -0.014960 -0.985650
vn -0.131109 -0.000298 -0.991368
vn -0.131110 -0.013174 -0.991280
vn -0.096934 -0.011525 -0.995224
vn -0.096934 -0.001999 -0.995289
vn -0.060067 -0.003834 -0.998187
vn -0.096934 -0.011525 -0.995224
vn -0.060067 -0.003834 -0.998187
vn -0.060067 -0.009728 -0.998147
vn -0.674059 -0.173711 -0.717962
vn -0.687356 -0.106860 -0.718417
vn -0.650754 -0.101645 -0.752454
vn -0.674059 -0.173711 -0.717962
vn -0.650754 -0.101645 -0.752454
vn -0.638159 -0.164965 -0.752024
vn -0.602017 -0.156122 -0.783072
vn -0.613898 -0.096390 -0.783478
vn -0.576659 -0.091059 -0.811895
vn -0.602017 -0.156122 -0.783072
vn -0.576659 -0.091059 -0.811895
vn -0.565498 -0.147168 -0.811513
vn -0.528726 -0.138133 -0.837477
vn -0.539161 -0.085671 -0.837834
vn -0.501546 -0.080252 -0.861401
vn -0.528726 -0.138133 -0.837477
vn -0.501546 -0.080252 -0.861401
vn -0.491839 -0.129052 -0.861069
vn -0.454882 -0.119941 -0.882438
vn -0.463860 -0.074806 -0.882744
vn -0.426225 -0.069355 -0.901954
vn -0.454882 -0.119941 -0.882438
vn -0.426225 -0.069355 -0.901954
vn -0.417976 -0.110826 -0.901672
vn -0.381119 -0.101713 -0.918914
vn -0.388642 -0.063894 -0.919171
vn -0.351187 -0.058445 -0.934480
vn -0.381119 -0.101713 -0.918914
vn -0.351187 -0.058445 -0.934480
vn -0.344390 -0.092614 -0.934248
vn -0.307798 -0.083544 -0.947777
vn -0.313875 -0.053000 -0.947984
vn -0.276691 -0.047568 -0.959781
vn -0.307798 -0.083544 -0.947777
vn -0.276691 -0.047568 -0.959781
vn -0.271336 -0.074487 -0.959598
vn -0.235123 -0.065488 -0.969757
vn -0.239764 -0.042156 -0.969915
vn -0.202861 -0.036745 -0.978518
vn -0.235123 -0.065488 -0.969757
vn -0.202861 -0.036745 -0.978518
vn -0.198935 -0.056479 -0.978384
vn -0.163292 -0.047604 -0.985429
vn -0.166516 -0.031397 -0.985539
vn -0.129847 -0.026000 -0.991193
vn -0.163292 -0.047604 -0.985429
vn -0.129847 -0.026000 -0.991193
vn -0.127334 -0.038632 -0.991107
vn -0.094142 -0.030348 -0.995096
vn -0.096001 -0.021002 -0.995160
vn -0.059487 -0.015609 -0.998107
vn -0.094142 -0.030348 -0.995096
vn -0.059487 -0.015609 -0.998107
vn -0.058337 -0.021394 -0.998068
vn -0.628171 -0.301967 -0.717089
vn -0.654256 -0.238994 -0.717518
vn -0.619418 -0.226743 -0.751604
vn -0.628171 -0.301967 -0.717089
vn -0.619418 -0.226743 -0.751604
vn -0.594711 -0.286390 -0.751199
vn -0.561030 -0.270669 -0.782294
vn -0.584337 -0.214403 -0.782676
vn -0.548891 -0.201913 -0.811141
vn -0.561030 -0.270669 -0.782294
vn -0.548891 -0.201913 -0.811141
vn -0.526997 -0.254767 -0.810782
vn -0.492729 -0.238736 -0.836793
vn -0.513199 -0.189318 -0.837129
vn -0.477394 -0.176668 -0.860746
vn -0.492729 -0.238736 -0.836793
vn -0.477394 -0.176668 -0.860746
vn -0.458353 -0.222637 -0.860433
vn -0.423912 -0.206494 -0.881850
vn -0.441523 -0.163977 -0.882139
vn -0.405701 -0.151292 -0.901397
vn -0.423912 -0.206494 -0.881850
vn -0.405701 -0.151292 -0.901397
vn -0.389519 -0.190356 -0.901132
vn -0.355171 -0.174231 -0.918421
vn -0.369927 -0.138607 -0.918663
vn -0.334274 -0.125957 -0.934021
vn -0.355171 -0.174231 -0.918421
vn -0.334274 -0.125957 -0.934021
vn -0.320941 -0.158143 -0.933803
vn -0.286842 -0.142110 -0.947379
vn -0.298759 -0.113340 -0.947574
vn -0.263367 -0.100760 -0.959419
vn -0.286842 -0.142110 -0.947379
vn -0.263367 -0.100760 -0.959419
vn -0.252864 -0.126117 -0.959247
vn -0.219115 -0.110228 -0.969453
vn -0.228219 -0.088248 -0.969602
vn -0.193091 -0.075742 -0.978253
vn -0.219115 -0.110228 -0.969453
vn -0.193091 -0.075742 -0.978253
vn -0.185390 -0.094332 -0.978127
vn -0.152174 -0.078673 -0.985218
vn -0.158497 -0.063409 -0.985321
vn -0.123593 -0.050964 -0.991023
vn -0.152174 -0.078673 -0.985218
vn -0.123593 -0.050964 -0.991023
vn -0.118666 -0.062859 -0.990943
vn -0.087733 -0.048260 -0.994974
vn -0.091378 -0.039460 -0.995034
vn -0.056623 -0.027046 -0.998029
vn -0.087733 -0.048260 -0.994974
vn -0.056623 -0.027046 -0.998029
vn -0.054367 -0.032493 -0.997992
vn -0.558142 -0.418806 -0.716296
vn -0.596011 -0.362131 -0.716681
vn -0.564278 -0.343325 -0.750811
vn -0.558142 -0.418806 -0.716296
vn -0.564278 -0.343325 -0.750811
vn -0.528409 -0.397006 -0.750447
vn -0.498482 -0.375021 -0.781585
vn -0.532319 -0.324382 -0.781929
vn -0.500028 -0.305221 -0.810440
vn -0.498482 -0.375021 -0.781585
vn -0.500028 -0.305221 -0.810440
vn -0.468243 -0.352789 -0.810116
vn -0.437796 -0.330384 -0.836171
vn -0.467513 -0.285909 -0.836473
vn -0.434897 -0.266521 -0.860134
vn -0.437796 -0.330384 -0.836171
vn -0.434897 -0.266521 -0.860134
vn -0.407254 -0.307891 -0.859853
vn -0.376652 -0.285342 -0.881313
vn -0.402220 -0.247078 -0.881574
vn -0.369585 -0.227650 -0.900879
vn -0.376652 -0.285342 -0.881313
vn -0.369585 -0.227650 -0.900879
vn -0.346093 -0.262806 -0.900640
vn -0.315573 -0.240291 -0.917973
vn -0.336996 -0.208232 -0.918190
vn -0.304516 -0.188872 -0.933594
vn -0.315573 -0.240291 -0.917973
vn -0.304516 -0.188872 -0.933594
vn -0.285162 -0.217838 -0.933397
vn -0.254863 -0.195462 -0.947016
vn -0.272164 -0.169569 -0.947192
vn -0.239922 -0.150328 -0.959082
vn -0.254863 -0.195462 -0.947016
vn -0.239922 -0.150328 -0.959082
vn -0.224673 -0.173148 -0.958927
vn -0.194686 -0.150981 -0.969176
vn -0.207903 -0.131203 -0.969310
vn -0.175901 -0.112085 -0.978006
vn -0.194686 -0.150981 -0.969176
vn -0.175901 -0.112085 -0.978006
vn -0.164723 -0.128814 -0.977892
vn -0.135208 -0.106978 -0.985025
vn -0.144389 -0.093239 -0.985118
vn -0.112591 -0.074223 -0.990865
vn -0.135208 -0.106978 -0.985025
vn -0.112591 -0.074223 -0.990865
vn -0.105436 -0.084931 -0.990793
vn -0.077952 -0.064578 -0.994863
vn -0.083245 -0.056656 -0.994917
vn -0.051582 -0.037703 -0.997957
vn -0.077952 -0.064578 -0.994863
vn -0.051582 -0.037703 -0.997957
vn -0.048306 -0.042607 -0.997923
vn -0.466664 -0.519738 -0.715610
vn -0.514862 -0.471541 -0.715937
vn -0.487452 -0.446909 -0.750109
vn -0.466664 -0.519738 -0.715610
vn -0.487452 -0.446909 -0.750109
vn -0.441800 -0.492560 -0.749798
vn -0.416780 -0.465163 -0.780972
vn -0.459844 -0.422100 -0.781265
vn -0.431951 -0.397011 -0.809815
vn -0.416780 -0.465163 -0.780972
vn -0.431951 -0.397011 -0.809815
vn -0.391499 -0.437462 -0.809540
vn -0.366041 -0.409552 -0.835632
vn -0.403863 -0.371730 -0.835889
vn -0.375688 -0.346355 -0.859591
vn -0.366041 -0.409552 -0.835632
vn -0.375688 -0.346355 -0.859591
vn -0.340504 -0.381536 -0.859353
vn -0.314916 -0.353454 -0.880851
vn -0.347459 -0.320913 -0.881071
vn -0.319266 -0.295494 -0.900418
vn -0.314916 -0.353454 -0.880851
vn -0.319266 -0.295494 -0.900418
vn -0.289366 -0.325393 -0.900215
vn -0.263849 -0.297359 -0.917585
vn -0.291114 -0.270093 -0.917770
vn -0.263057 -0.244772 -0.933214
vn -0.263849 -0.297359 -0.917585
vn -0.263057 -0.244772 -0.933214
vn -0.238424 -0.269406 -0.933046
vn -0.213091 -0.241550 -0.946702
vn -0.235111 -0.219530 -0.946852
vn -0.207257 -0.194369 -0.958783
vn -0.213091 -0.241550 -0.946702
vn -0.207257 -0.194369 -0.958783
vn -0.187850 -0.213776 -0.958651
vn -0.162776 -0.186187 -0.968937
vn -0.179599 -0.169365 -0.969051
vn -0.151953 -0.144373 -0.977787
vn -0.162776 -0.186187 -0.968937
vn -0.151953 -0.144373 -0.977787
vn -0.137725 -0.158600 -0.977690
vn -0.113048 -0.131426 -0.984859
vn -0.124730 -0.119744 -0.984938
vn -0.097261 -0.094893 -0.990725
vn -0.113048 -0.131426 -0.984859
vn -0.097261 -0.094893 -0.990725
vn -0.088158 -0.103996 -0.990663
vn -0.065175 -0.078675 -0.994768
vn -0.071911 -0.071938 -0.994813
vn -0.044558 -0.047173 -0.997892
vn -0.065175 -0.078675 -0.994768
vn -0.044558 -0.047173 -0.997892
vn -0.040387 -0.051343 -0.997864
vn -0.357252 -0.600885 -0.715058
vn -0.413927 -0.563016 -0.715316
vn -0.391896 -0.533516 -0.749518
vn -0.357252 -0.600885 -0.715058
vn -0.391896 -0.533516 -0.749518
vn -0.338215 -0.569385 -0.749274
vn -0.319060 -0.537637 -0.780479
vn -0.369701 -0.503800 -0.780709
vn -0.347275 -0.473755 -0.809294
vn -0.319060 -0.537637 -0.780479
vn -0.347275 -0.473755 -0.809294
vn -0.299705 -0.505539 -0.809078
vn -0.280216 -0.473201 -0.835200
vn -0.324693 -0.443484 -0.835402
vn -0.302039 -0.413101 -0.859139
vn -0.280216 -0.473201 -0.835200
vn -0.302039 -0.413101 -0.859139
vn -0.260667 -0.440744 -0.858952
vn -0.241079 -0.408212 -0.880479
vn -0.279344 -0.382645 -0.880653
vn -0.256678 -0.352219 -0.900032
vn -0.241079 -0.408212 -0.880479
vn -0.256678 -0.352219 -0.900032
vn -0.221522 -0.375709 -0.899873
vn -0.201987 -0.343239 -0.917272
vn -0.234046 -0.321817 -0.917418
vn -0.211490 -0.291511 -0.932895
vn -0.201987 -0.343239 -0.917272
vn -0.211490 -0.291511 -0.932895
vn -0.182523 -0.310865 -0.932764
vn -0.163128 -0.278605 -0.946450
vn -0.189023 -0.261303 -0.946568
vn -0.166627 -0.231192 -0.958533
vn -0.163128 -0.278605 -0.946450
vn -0.166627 -0.231192 -0.958533
vn -0.143804 -0.246441 -0.958429
vn -0.124609 -0.214492 -0.968745
vn -0.144391 -0.201274 -0.968834
vn -0.122165 -0.171371 -0.977603
vn -0.124609 -0.214492 -0.968745
vn -0.122165 -0.171371 -0.977603
vn -0.105434 -0.182550 -0.977527
vn -0.086542 -0.151085 -0.984725
vn -0.100282 -0.141904 -0.984788
vn -0.078196 -0.112170 -0.990608
vn -0.086542 -0.151085 -0.984725
vn -0.078196 -0.112170 -0.990608
vn -0.067487 -0.119325 -0.990559
vn -0.049892 -0.090007 -0.994691
vn -0.057815 -0.084714 -0.994727
vn -0.035822 -0.055090 -0.997839
vn -0.049892 -0.090007 -0.994691
vn -0.035822 -0.055090 -0.997839
vn -0.030918 -0.058366 -0.997816
vn -0.221629 -0.624523 -0.748900
vn -0.234111 -0.659129 -0.714662
vn -0.297086 -0.633044 -0.714839
vn -0.221629 -0.624523 -0.748900
vn -0.297086 -0.633044 -0.714839
vn -0.281278 -0.599817 -0.749068
vn -0.196395 -0.554401 -0.808745
vn -0.209078 -0.589653 -0.780125
vn -0.265346 -0.566347 -0.780284
vn -0.196395 -0.554401 -0.808745
vn -0.265346 -0.566347 -0.780284
vn -0.249250 -0.532508 -0.808894
vn -0.170815 -0.483241 -0.858662
vn -0.183625 -0.518885 -0.834889
vn -0.233042 -0.498415 -0.835029
vn -0.170815 -0.483241 -0.858662
vn -0.233042 -0.498415 -0.835029
vn -0.216784 -0.464200 -0.858792
vn -0.145164 -0.411823 -0.899627
vn -0.157980 -0.447515 -0.880212
vn -0.200496 -0.429904 -0.880332
vn -0.145164 -0.411823 -0.899627
vn -0.200496 -0.429904 -0.880332
vn -0.184228 -0.395643 -0.899737
vn -0.119607 -0.340621 -0.932562
vn -0.132361 -0.376167 -0.917049
vn -0.167985 -0.361413 -0.917149
vn -0.119607 -0.340621 -0.932562
vn -0.167985 -0.361413 -0.917149
vn -0.151793 -0.327290 -0.932652
vn -0.094236 -0.269886 -0.958270
vn -0.106896 -0.305199 -0.946270
vn -0.135667 -0.293282 -0.946351
vn -0.094236 -0.269886 -0.958270
vn -0.135667 -0.293282 -0.946351
vn -0.119592 -0.259383 -0.958341
vn -0.069094 -0.199739 -0.977410
vn -0.081657 -0.234807 -0.968606
vn -0.103634 -0.225704 -0.968668
vn -0.069094 -0.199739 -0.977410
vn -0.103634 -0.225704 -0.968668
vn -0.087681 -0.192040 -0.977462
vn -0.044228 -0.130326 -0.990484
vn -0.056712 -0.165193 -0.984629
vn -0.071976 -0.158870 -0.984672
vn -0.044228 -0.130326 -0.990484
vn -0.071976 -0.158870 -0.984672
vn -0.056123 -0.125399 -0.990518
vn -0.020263 -0.063405 -0.997782
vn -0.032696 -0.098139 -0.994636
vn -0.041496 -0.094494 -0.994660
vn -0.020263 -0.063405 -0.997782
vn -0.041496 -0.094494 -0.994660
vn -0.025709 -0.061150 -0.997797
vn -0.159850 -0.643264 -0.748772
vn -0.096532 -0.655859 -0.748686
vn -0.101976 -0.692228 -0.714437
vn -0.159850 -0.643264 -0.748772
vn -0.101976 -0.692228 -0.714437
vn -0.168827 -0.678931 -0.714528
vn -0.141650 -0.571007 -0.808632
vn -0.085541 -0.582168 -0.808557
vn -0.091066 -0.619214 -0.779924
vn -0.141650 -0.571007 -0.808632
vn -0.091066 -0.619214 -0.779924
vn -0.150797 -0.607333 -0.780005
vn -0.123199 -0.497686 -0.858563
vn -0.074397 -0.507392 -0.858498
vn -0.079977 -0.544846 -0.834713
vn -0.123199 -0.497686 -0.858563
vn -0.079977 -0.544846 -0.834713
vn -0.132439 -0.534412 -0.834783
vn -0.104696 -0.424098 -0.899544
vn -0.063224 -0.432348 -0.899488
vn -0.068805 -0.469852 -0.880059
vn -0.104696 -0.424098 -0.899544
vn -0.068805 -0.469852 -0.880059
vn -0.113943 -0.460874 -0.880121
vn -0.086263 -0.350735 -0.932493
vn -0.052095 -0.357531 -0.932447
vn -0.057648 -0.394881 -0.916922
vn -0.086263 -0.350735 -0.932493
vn -0.057648 -0.394881 -0.916922
vn -0.095466 -0.387358 -0.916973
vn -0.067965 -0.277856 -0.958216
vn -0.041046 -0.283210 -0.958179
vn -0.046558 -0.320312 -0.946167
vn -0.067965 -0.277856 -0.958216
vn -0.046558 -0.320312 -0.946167
vn -0.077101 -0.314237 -0.946209
vn -0.049831 -0.205582 -0.977370
vn -0.030092 -0.209508 -0.977344
vn -0.035564 -0.246353 -0.968527
vn -0.049831 -0.205582 -0.977370
vn -0.035564 -0.246353 -0.968527
vn -0.058899 -0.241712 -0.968559
vn -0.031895 -0.134067 -0.990459
vn -0.019261 -0.136580 -0.990442
vn -0.024696 -0.173212 -0.984575
vn -0.031895 -0.134067 -0.990459
vn -0.024696 -0.173212 -0.984575
vn -0.040907 -0.169988 -0.984597
vn -0.014610 -0.065120 -0.997770
vn -0.008828 -0.066270 -0.997763
vn -0.014238 -0.102761 -0.994604
vn -0.014610 -0.065120 -0.997770
vn -0.014238 -0.102761 -0.994604
vn -0.023584 -0.100902 -0.994617
vn -0.032283 -0.662187 -0.748643
vn 0.032283 -0.662187 -0.748643
vn 0.034083 -0.698916 -0.714391
vn -0.032283 -0.662187 -0.748643
vn 0.034083 -0.698916 -0.714391
vn -0.034083 -0.698916 -0.714391
vn -0.028606 -0.587774 -0.808519
vn 0.028606 -0.587773 -0.808520
vn 0.030454 -0.625184 -0.779883
vn -0.028606 -0.587774 -0.808519
vn 0.030454 -0.625184 -0.779883
vn -0.030454 -0.625184 -0.779883
vn -0.024878 -0.512268 -0.858465
vn 0.024878 -0.512268 -0.858465
vn 0.026746 -0.550087 -0.834679
vn -0.024878 -0.512268 -0.858465
vn 0.026746 -0.550087 -0.834679
vn -0.026745 -0.550087 -0.834679
vn -0.021140 -0.436494 -0.899459
vn 0.021141 -0.436493 -0.899459
vn 0.023009 -0.474362 -0.880029
vn -0.021140 -0.436494 -0.899459
vn 0.023009 -0.474362 -0.880029
vn -0.023009 -0.474362 -0.880029
vn -0.017419 -0.360947 -0.932424
vn 0.017419 -0.360947 -0.932424
vn 0.019279 -0.398661 -0.916896
vn -0.017419 -0.360947 -0.932424
vn 0.019279 -0.398661 -0.916896
vn -0.019279 -0.398661 -0.916896
vn -0.013723 -0.285900 -0.958161
vn 0.013724 -0.285900 -0.958161
vn 0.015572 -0.323364 -0.946146
vn -0.013723 -0.285900 -0.958161
vn 0.015572 -0.323364 -0.946146
vn -0.015571 -0.323364 -0.946146
vn -0.010059 -0.211481 -0.977330
vn 0.010059 -0.211482 -0.977330
vn 0.011895 -0.248684 -0.968512
vn -0.010059 -0.211481 -0.977330
vn 0.011895 -0.248684 -0.968512
vn -0.011894 -0.248684 -0.968512
vn -0.006436 -0.137844 -0.990433
vn 0.006436 -0.137844 -0.990433
vn 0.008260 -0.174831 -0.984564
vn -0.006436 -0.137844 -0.990433
vn 0.008260 -0.174831 -0.984564
vn -0.008259 -0.174831 -0.984564
vn -0.002949 -0.066849 -0.997759
vn 0.002949 -0.066849 -0.997759
vn 0.004763 -0.103695 -0.994598
vn -0.002949 -0.066849 -0.997759
vn 0.004763 -0.103695 -0.994598
vn -0.004763 -0.103695 -0.994598
vn 0.096532 -0.655859 -0.748686
vn 0.159852 -0.643264 -0.748771
vn 0.168828 -0.678931 -0.714528
vn 0.096532 -0.655859 -0.748686
vn 0.168828 -0.678931 -0.714528
vn 0.101976 -0.692229 -0.714437
vn 0.085541 -0.582167 -0.808557
vn 0.141650 -0.571007 -0.808632
vn 0.150797 -0.607333 -0.780004
vn 0.085541 -0.582167 -0.808557
vn 0.150797 -0.607333 -0.780004
vn 0.091066 -0.619214 -0.779923
vn 0.074398 -0.507392 -0.858498
vn 0.123198 -0.497686 -0.858563
vn 0.132439 -0.534411 -0.834784
vn 0.074398 -0.507392 -0.858498
vn 0.132439 -0.534411 -0.834784
vn 0.079977 -0.544845 -0.834714
vn 0.063224 -0.432348 -0.899488
vn 0.104697 -0.424098 -0.899544
vn 0.113943 -0.460874 -0.880120
vn 0.063224 -0.432348 -0.899488
vn 0.113943 -0.460874 -0.880120
vn 0.068805 -0.469853 -0.880059
vn 0.052095 -0.357531 -0.932447
vn 0.086264 -0.350734 -0.932493
vn 0.095467 -0.387358 -0.916973
vn 0.052095 -0.357531 -0.932447
vn 0.095467 -0.387358 -0.916973
vn 0.057648 -0.394881 -0.916922
vn 0.041046 -0.283210 -0.958179
vn 0.067966 -0.277856 -0.958216
vn 0.077102 -0.314236 -0.946209
vn 0.041046 -0.283210 -0.958179
vn 0.077102 -0.314236 -0.946209
vn 0.046558 -0.320312 -0.946167
vn 0.030093 -0.209509 -0.977344
vn 0.049831 -0.205583 -0.977370
vn 0.058899 -0.241712 -0.968559
vn 0.030093 -0.209509 -0.977344
vn 0.058899 -0.241712 -0.968559
vn 0.035564 -0.246353 -0.968527
vn 0.019261 -0.136580 -0.990442
vn 0.031896 -0.134067 -0.990459
vn 0.040907 -0.169988 -0.984597
vn 0.019261 -0.136580 -0.990442
vn 0.040907 -0.169988 -0.984597
vn 0.024697 -0.173212 -0.984575
vn 0.008828 -0.066270 -0.997763
vn 0.014611 -0.065120 -0.997770
vn 0.023584 -0.100902 -0.994617
vn 0.008828 -0.066270 -0.997763
vn 0.023584 -0.100902 -0.994617
vn 0.014238 -0.102761 -0.994604
vn 0.221630 -0.624524 -0.748899
vn 0.281278 -0.599818 -0.749067
vn 0.297085 -0.633044 -0.714839
vn 0.221630 -0.624524 -0.748899
vn 0.297085 -0.633044 -0.714839
vn 0.234111 -0.659128 -0.714662
vn 0.196395 -0.554400 -0.808745
vn 0.249251 -0.532507 -0.808895
vn 0.265347 -0.566348 -0.780283
vn 0.196395 -0.554400 -0.808745
vn 0.265347 -0.566348 -0.780283
vn 0.209079 -0.589654 -0.780124
vn 0.170815 -0.483241 -0.858662
vn 0.216784 -0.464200 -0.858792
vn 0.233043 -0.498414 -0.835029
vn 0.170815 -0.483241 -0.858662
vn 0.233043 -0.498414 -0.835029
vn 0.183624 -0.518884 -0.834890
vn 0.145164 -0.411823 -0.899627
vn 0.184227 -0.395643 -0.899737
vn 0.200496 -0.429904 -0.880332
vn 0.145164 -0.411823 -0.899627
vn 0.200496 -0.429904 -0.880332
vn 0.157979 -0.447515 -0.880212
vn 0.119607 -0.340620 -0.932562
vn 0.151793 -0.327289 -0.932653
vn 0.167985 -0.361412 -0.917149
vn 0.119607 -0.340620 -0.932562
vn 0.167985 -0.361412 -0.917149
vn 0.132361 -0.376167 -0.917049
vn 0.094237 -0.269886 -0.958270
vn 0.119592 -0.259385 -0.958341
vn 0.135667 -0.293282 -0.946351
vn 0.094237 -0.269886 -0.958270
vn 0.135667 -0.293282 -0.946351
vn 0.106897 -0.305198 -0.946270
vn 0.069094 -0.199739 -0.977410
vn 0.087681 -0.192040 -0.977462
vn 0.103634 -0.225705 -0.968668
vn 0.069094 -0.199739 -0.977410
vn 0.103634 -0.225705 -0.968668
vn 0.081658 -0.234808 -0.968606
vn 0.044228 -0.130326 -0.990484
vn 0.056121 -0.125400 -0.990518
vn 0.071975 -0.158871 -0.984672
vn 0.044228 -0.130326 -0.990484
vn 0.071975 -0.158871 -0.984672
vn 0.056713 -0.165193 -0.984629
vn 0.020264 -0.063405 -0.997782
vn 0.025709 -0.061150 -0.997797
vn 0.041494 -0.094495 -0.994660
vn 0.020264 -0.063405 -0.997782
vn 0.041494 -0.094495 -0.994660
vn 0.032696 -0.098139 -0.994636
vn 0.338215 -0.569384 -0.749274
vn 0.391897 -0.533515 -0.749519
vn 0.413928 -0.563015 -0.715316
vn 0.338215 -0.569384 -0.749274
vn 0.413928 -0.563015 -0.715316
vn 0.357252 -0.600885 -0.715058
vn 0.299706 -0.505538 -0.809078
vn 0.347276 -0.473754 -0.809294
vn 0.369702 -0.503800 -0.780708
vn 0.299706 -0.505538 -0.809078
vn 0.369702 -0.503800 -0.780708
vn 0.319061 -0.537637 -0.780478
vn 0.260668 -0.440744 -0.858951
vn 0.302040 -0.413102 -0.859138
vn 0.324693 -0.443483 -0.835402
vn 0.260668 -0.440744 -0.858951
vn 0.324693 -0.443483 -0.835402
vn 0.280217 -0.473200 -0.835201
vn 0.221521 -0.375709 -0.899873
vn 0.256678 -0.352218 -0.900033
vn 0.279345 -0.382646 -0.880652
vn 0.221521 -0.375709 -0.899873
vn 0.279345 -0.382646 -0.880652
vn 0.241079 -0.408213 -0.880479
vn 0.182522 -0.310865 -0.932764
vn 0.211489 -0.291511 -0.932895
vn 0.234046 -0.321816 -0.917419
vn 0.182522 -0.310865 -0.932764
vn 0.234046 -0.321816 -0.917419
vn 0.201986 -0.343238 -0.917273
vn 0.143804 -0.246443 -0.958429
vn 0.166627 -0.231193 -0.958533
vn 0.189022 -0.261304 -0.946568
vn 0.143804 -0.246443 -0.958429
vn 0.189022 -0.261304 -0.946568
vn 0.163127 -0.278606 -0.946450
vn 0.105433 -0.182551 -0.977527
vn 0.122164 -0.171371 -0.977603
vn 0.144391 -0.201276 -0.968834
vn 0.105433 -0.182551 -0.977527
vn 0.144391 -0.201276 -0.968834
vn 0.124609 -0.214493 -0.968744
vn 0.067486 -0.119326 -0.990559
vn 0.078196 -0.112170 -0.990608
vn 0.100281 -0.141904 -0.984788
vn 0.067486 -0.119326 -0.990559
vn 0.100281 -0.141904 -0.984788
vn 0.086541 -0.151086 -0.984725
vn 0.030918 -0.058366 -0.997816
vn 0.035822 -0.055090 -0.997839
vn 0.057815 -0.084713 -0.994727
vn 0.030918 -0.058366 -0.997816
vn 0.057815 -0.084713 -0.994727
vn 0.049891 -0.090007 -0.994691
vn 0.441801 -0.492559 -0.749798
vn 0.487452 -0.446909 -0.750108
vn 0.514862 -0.471540 -0.715938
vn 0.441801 -0.492559 -0.749798
vn 0.514862 -0.471540 -0.715938
vn 0.466664 -0.519737 -0.715610
vn 0.391500 -0.437463 -0.809540
vn 0.431951 -0.397012 -0.809815
vn 0.459845 -0.422101 -0.781264
vn 0.391500 -0.437463 -0.809540
vn 0.459845 -0.422101 -0.781264
vn 0.416781 -0.465163 -0.780972
vn 0.340504 -0.381537 -0.859352
vn 0.375687 -0.346354 -0.859592
vn 0.403863 -0.371731 -0.835889
vn 0.340504 -0.381537 -0.859352
vn 0.403863 -0.371731 -0.835889
vn 0.366041 -0.409552 -0.835632
vn 0.289367 -0.325392 -0.900215
vn 0.319266 -0.295494 -0.900418
vn 0.347459 -0.320913 -0.881072
vn 0.289367 -0.325392 -0.900215
vn 0.347459 -0.320913 -0.881072
vn 0.314917 -0.353454 -0.880850
vn 0.238424 -0.269406 -0.933046
vn 0.263058 -0.244771 -0.933214
vn 0.291115 -0.270093 -0.917770
vn 0.238424 -0.269406 -0.933046
vn 0.291115 -0.270093 -0.917770
vn 0.263849 -0.297358 -0.917585
vn 0.187850 -0.213777 -0.958651
vn 0.207258 -0.194370 -0.958783
vn 0.235112 -0.219530 -0.946852
vn 0.187850 -0.213777 -0.958651
vn 0.235112 -0.219530 -0.946852
vn 0.213092 -0.241551 -0.946702
vn 0.137724 -0.158601 -0.977690
vn 0.151952 -0.144373 -0.977787
vn 0.179599 -0.169366 -0.969051
vn 0.137724 -0.158601 -0.977690
vn 0.179599 -0.169366 -0.969051
vn 0.162776 -0.186188 -0.968937
vn 0.088157 -0.103996 -0.990663
vn 0.097260 -0.094893 -0.990725
vn 0.124730 -0.119744 -0.984939
vn 0.088157 -0.103996 -0.990663
vn 0.124730 -0.119744 -0.984939
vn 0.113048 -0.131426 -0.984859
vn 0.040387 -0.051343 -0.997864
vn 0.044557 -0.047173 -0.997892
vn 0.071911 -0.071939 -0.994813
vn 0.040387 -0.051343 -0.997864
vn 0.071911 -0.071939 -0.994813
vn 0.065174 -0.078674 -0.994768
vn 0.528409 -0.397006 -0.750446
vn 0.564279 -0.343325 -0.750811
vn 0.596011 -0.362131 -0.716681
vn 0.528409 -0.397006 -0.750446
vn 0.596011 -0.362131 -0.716681
vn 0.558141 -0.418806 -0.716296
vn 0.468243 -0.352789 -0.810116
vn 0.500029 -0.305220 -0.810439
vn 0.532321 -0.324382 -0.781928
vn 0.468243 -0.352789 -0.810116
vn 0.532321 -0.324382 -0.781928
vn 0.498483 -0.375022 -0.781584
vn 0.407254 -0.307891 -0.859853
vn 0.434897 -0.266520 -0.860134
vn 0.467514 -0.285908 -0.836473
vn 0.407254 -0.307891 -0.859853
vn 0.467514 -0.285908 -0.836473
vn 0.437796 -0.330384 -0.836171
vn 0.346093 -0.262806 -0.900640
vn 0.369584 -0.227650 -0.900879
vn 0.402220 -0.247078 -0.881574
vn 0.346093 -0.262806 -0.900640
vn 0.402220 -0.247078 -0.881574
vn 0.376652 -0.285342 -0.881314
vn 0.285163 -0.217838 -0.933397
vn 0.304517 -0.188872 -0.933593
vn 0.336995 -0.208232 -0.918191
vn 0.285163 -0.217838 -0.933397
vn 0.336995 -0.208232 -0.918191
vn 0.315573 -0.240290 -0.917973
vn 0.224675 -0.173148 -0.958927
vn 0.239923 -0.150328 -0.959082
vn 0.272165 -0.169570 -0.947192
vn 0.224675 -0.173148 -0.958927
vn 0.272165 -0.169570 -0.947192
vn 0.254864 -0.195462 -0.947016
vn 0.164723 -0.128813 -0.977892
vn 0.175902 -0.112084 -0.978006
vn 0.207904 -0.131202 -0.969310
vn 0.164723 -0.128813 -0.977892
vn 0.207904 -0.131202 -0.969310
vn 0.194688 -0.150981 -0.969176
vn 0.105436 -0.084931 -0.990793
vn 0.112591 -0.074223 -0.990865
vn 0.144388 -0.093238 -0.985119
vn 0.105436 -0.084931 -0.990793
vn 0.144388 -0.093238 -0.985119
vn 0.135207 -0.106978 -0.985025
vn 0.048305 -0.042607 -0.997923
vn 0.051582 -0.037703 -0.997957
vn 0.083245 -0.056656 -0.994917
vn 0.048305 -0.042607 -0.997923
vn 0.083245 -0.056656 -0.994917
vn 0.077951 -0.064579 -0.994863
vn 0.594712 -0.286389 -0.751198
vn 0.619419 -0.226743 -0.751603
vn 0.654256 -0.238993 -0.717518
vn 0.594712 -0.286389 -0.751198
vn 0.654256 -0.238993 -0.717518
vn 0.628171 -0.301966 -0.717090
vn 0.526998 -0.254766 -0.810782
vn 0.548892 -0.201913 -0.811141
vn 0.584338 -0.214403 -0.782675
vn 0.526998 -0.254766 -0.810782
vn 0.584338 -0.214403 -0.782675
vn 0.561031 -0.270669 -0.782293
vn 0.458354 -0.222637 -0.860433
vn 0.477395 -0.176668 -0.860745
vn 0.513199 -0.189318 -0.837129
vn 0.458354 -0.222637 -0.860433
vn 0.513199 -0.189318 -0.837129
vn 0.492729 -0.238736 -0.836793
vn 0.389519 -0.190356 -0.901132
vn 0.405701 -0.151292 -0.901398
vn 0.441524 -0.163977 -0.882138
vn 0.389519 -0.190356 -0.901132
vn 0.441524 -0.163977 -0.882138
vn 0.423913 -0.206494 -0.881849
vn 0.320942 -0.158143 -0.933802
vn 0.334274 -0.125957 -0.934021
vn 0.369927 -0.138607 -0.918664
vn 0.320942 -0.158143 -0.933802
vn 0.369927 -0.138607 -0.918664
vn 0.355170 -0.174231 -0.918422
vn 0.252864 -0.126116 -0.959247
vn 0.263368 -0.100759 -0.959419
vn 0.298760 -0.113339 -0.947574
vn 0.252864 -0.126116 -0.959247
vn 0.298760 -0.113339 -0.947574
vn 0.286842 -0.142110 -0.947379
vn 0.185391 -0.094331 -0.978127
vn 0.193092 -0.075740 -0.978253
vn 0.228220 -0.088247 -0.969602
vn 0.185391 -0.094331 -0.978127
vn 0.228220 -0.088247 -0.969602
vn 0.219116 -0.110228 -0.969453
vn 0.118665 -0.062858 -0.990943
vn 0.123593 -0.050962 -0.991023
vn 0.158498 -0.063407 -0.985321
vn 0.118665 -0.062858 -0.990943
vn 0.158498 -0.063407 -0.985321
vn 0.152174 -0.078672 -0.985218
vn 0.054367 -0.032493 -0.997992
vn 0.056623 -0.027046 -0.998029
vn 0.091378 -0.039458 -0.995034
vn 0.054367 -0.032493 -0.997992
vn 0.091378 -0.039458 -0.995034
vn 0.087733 -0.048259 -0.994974
vn 0.638159 -0.164966 -0.752023
vn 0.650754 -0.101648 -0.752454
vn 0.687355 -0.106863 -0.718417
vn 0.638159 -0.164966 -0.752023
vn 0.687355 -0.106863 -0.718417
vn 0.674058 -0.173712 -0.717962
vn 0.565498 -0.147168 -0.811513
vn 0.576658 -0.091060 -0.811895
vn 0.613899 -0.096392 -0.783477
vn 0.565498 -0.147168 -0.811513
vn 0.613899 -0.096392 -0.783477
vn 0.602018 -0.156123 -0.783071
vn 0.491839 -0.129053 -0.861069
vn 0.501546 -0.080254 -0.861401
vn 0.539161 -0.085673 -0.837834
vn 0.491839 -0.129053 -0.861069
vn 0.539161 -0.085673 -0.837834
vn 0.528726 -0.138133 -0.837477
vn 0.417977 -0.110826 -0.901672
vn 0.426226 -0.069357 -0.901954
vn 0.463860 -0.074807 -0.882744
vn 0.417977 -0.110826 -0.901672
vn 0.463860 -0.074807 -0.882744
vn 0.454882 -0.119941 -0.882438
vn 0.344389 -0.092614 -0.934248
vn 0.351186 -0.058447 -0.934480
vn 0.388641 -0.063896 -0.919171
vn 0.344389 -0.092614 -0.934248
vn 0.388641 -0.063896 -0.919171
vn 0.381119 -0.101713 -0.918914
vn 0.271337 -0.074487 -0.959598
vn 0.276691 -0.047570 -0.959781
vn 0.313875 -0.053002 -0.947984
vn 0.271337 -0.074487 -0.959598
vn 0.313875 -0.053002 -0.947984
vn 0.307799 -0.083544 -0.947776
vn 0.198936 -0.056478 -0.978384
vn 0.202861 -0.036746 -0.978518
vn 0.239764 -0.042158 -0.969915
vn 0.198936 -0.056478 -0.978384
vn 0.239764 -0.042158 -0.969915
vn 0.235124 -0.065488 -0.969757
vn 0.127335 -0.038630 -0.991107
vn 0.129847 -0.026000 -0.991193
vn 0.166516 -0.031398 -0.985539
vn 0.127335 -0.038630 -0.991107
vn 0.166516 -0.031398 -0.985539
vn 0.163293 -0.047602 -0.985429
vn 0.058337 -0.021392 -0.998068
vn 0.059488 -0.015610 -0.998107
vn 0.096001 -0.021002 -0.995160
vn 0.058337 -0.021392 -0.998068
vn 0.096001 -0.021002 -0.995160
vn 0.094142 -0.030346 -0.995096
f 1/1/1 2/2/2 3/3/3
f 4/4/4 5/5/5 6/6/6
f 4/7/7 6/8/8 7/9/9
f 8/10/10 9/11/11 10/12/12
f 8/13/13 10/14/14 11/15/15
f 12/16/16 13/17/17 14/18/18
f 12/19/19 14/20/20 15/21/21
f 16/22/22 17/23/23 18/24/24
f 16/25/25 18/26/26 19/27/27
f 20/28/28 21/29/29 22/30/30
f 20/31/31 22/32/32 23/33/33
f 24/34/34 25/35/35 26/36/36
f 24/37/37 26/38/38 27/39/39
f 28/40/40 29/41/41 30/42/42
f 28/43/43 30/44/44 31/45/45
f 32/46/46 33/47/47 34/48/48
f 32/49/49 34/50/50 35/51/51
f 36/52/52 37/53/53 38/54/54
f 36/55/55 38/56/56 39/57/57
f 40/58/58 41/59/59 42/60/60
f 43/61/61 44/62/62 45/63/63
f 43/64/64 45/65/65 46/66/66
f 47/67/67 48/68/68 49/69/69
f 47/70/70 49/71/71 50/72/72
f 51/73/73 52/74/74 53/75/75
f 51/76/76 53/77/77 54/78/78
f 55/79/79 56/80/80 57/81/81
f 55/82/82 57/83/83 58/84/84
f 59/85/85 60/86/86 61/87/87
f 59/88/88 61/89/89 62/90/90
f 63/91/91 64/92/92 65/93/93
f 63/94/94 65/95/95 66/96/96
f 67/97/97 68/98/98 69/99/99
f 67/100/100 69/101/101 70/102/102
f 71/103/103 72/104/104 73/105/105
f 71/106/106 73/107/107 74/108/108
f 75/109/109 76/110/110 77/111/111
f 75/112/112 77/113/113 78/114/114
f 79/115/115 80/116/116 81/117/117
f 79/118/118 81/119/119 82/120/120
f 83/121/121 84/122/122 85/123/123
f 83/124/124 85/125/125 86/126/126
f 87/127/127 88/128/128 89/129/129
f 87/130/130 89/131/131 90/132/132
f 91/133/133 92/134/134 93/135/135
f 91/136/136 93/137/137 94/138/138
f 95/139/139 96/140/140 97/141/141
f 95/142/142 97/143/143 98/144/144
f 99/145/145 100/146/146 101/147/147
f 99/148/148 101/149/149 102/150/150
f 103/151/151 104/152/152 105/153/153
f 103/154/154 105/155/155 106/156/156
f 107/157/157 108/158/158 109/159/159
f 107/160/160 109/161/161 110/162/162
f 111/163/163 112/164/164 113/165/165
f 111/166/166 113/167/167 114/168/168
f 115/169/169 116/170/170 117/171/171
f 115/172/172 117/173/173 118/174/174
f 119/175/175 120/176/176 121/177/177
f 119/178/178 121/179/179 122/180/180
f 123/181/181 124/182/182 125/183/183
f 126/184/184 127/185/185 128/186/186
f 129/187/187 130/188/188 131/189/189
f 129/190/190 131/191/191 132/192/192
f 133/193/193 134/194/194 135/195/195
f 133/196/196 135/197/197 136/198/198
f 137/199/199 138/200/200 139/201/201
f 137/202/202 139/203/203 140/204/204
f 141/205/205 142/206/206 143/207/207
f 141/208/208 143/209/209 144/210/210
f 145/211/211 146/212/212 147/213/213
f 145/214/214 147/215/215 148/216/216
f 149/217/217 150/218/218 151/219/219
f 149/220/220 151/221/221 152/222/222
f 153/223/223 154/224/224 155/225/225
f 153/226/226 155/227/227 156/228/228
f 157/229/229 158/230/230 159/231/231
f 157/232/232 159/233/233 160/234/234
f 161/235/235 162/236/236 163/237/237
f 161/238/238 163/239/239 164/240/240
f 165/241/241 166/242/242 167/243/243
f 165/244/244 167/245/245 168/246/246
f 169/247/247 170/248/248 171/249/249
f 169/250/250 171/251/251 172/252/252
f 173/253/253 174/254/254 175/255/255
f 173/256/256 175/257/257 176/258/258
f 177/259/259 178/260/260 179/261/261
f 177/262/262 179/263/263 180/264/264
f 181/265/265 182/266/266 183/267/267
f 181/268/268 183/269/269 184/270/270
f 185/271/271 186/272/272 187/273/273
f 185/274/274 187/275/275 188/276/276
f 189/277/277 190/278/278 191/279/279
f 189/280/280 191/281/281 192/282/282
f 193/283/283 194/284/284 195/285/285
f 196/286/286 197/287/287 198/288/288
f 199/289/289 200/290/290 201/291/291
f 199/292/292 201/293/293 202/294/294
f 203/295/295 204/296/296 205/297/297
f 203/298/298 205/299/299 206/300/300
f 207/301/301 208/302/302 209/303/303
f 207/304/304 209/305/305 210/306/306
f 211/307/307 212/308/308 213/309/309
f 211/310/310 213/311/311 214/312/312
f 215/313/313 216/314/314 217/315/315
f 215/316/316 217/317/317 218/318/318
f 219/319/319 220/320/320 221/321/321
f 219/322/322 221/323/323 222/324/324
f 223/325/325 224/326/326 225/327/327
f 223/328/328 225/329/329 226/330/330
f 227/331/331 228/332/332 229/333/333
f 227/334/334 229/335/335 230/336/336
f 231/337/337 232/338/338 233/339/339
f 231/340/340 233/341/341 234/342/342
f 235/343/343 236/344/344 237/345/345
f 235/346/346 237/347/347 238/348/348
f 239/349/349 240/350/350 241/351/351
f 239/352/352 241/353/353 242/354/354
f 243/355/355 244/356/356 245/357/357
f 243/358/358 245/359/359 246/360/360
f 247/361/361 248/362/362 249/363/363
f 250/364/364 251/365/365 252/366/366
f 253/367/367 254/368/368 255/369/369
f 253/370/370 255/371/371 256/372/372
f 257/373/373 258/374/374 259/375/375
f 257/376/376 259/377/377 260/378/378
f 261/379/379 262/380/380 263/381/381
f 261/382/382 263/383/383 264/384/384
f 265/385/385 266/386/386 267/387/387
f 265/388/388 267/389/389 268/390/390
f 269/391/391 270/392/392 271/393/393
f 269/394/394 271/395/395 272/396/396
f 273/397/397 274/398/398 275/399/399
f 273/400/400 275/401/401 276/402/402
f 277/403/403 278/404/404 279/405/405
f 277/406/406 279/407/407 280/408/408
f 281/409/409 282/410/410 283/411/411
f 281/412/412 283/413/413 284/414/414
f 285/415/415 286/416/416 287/417/417
f 285/418/418 287/419/419 288/420/420
f 289/421/421 290/422/422 291/423/423
f 289/424/424 291/425/425 292/426/426
f 293/427/427 294/428/428 295/429/429
f 293/430/430 295/431/431 296/432/432
f 297/433/433 298/434/434 299/435/435
f 297/436/436 299/437/437 300/438/438
f 301/439/439 302/440/440 303/441/441
f 301/442/442 303/443/443 304/444/444
f 305/445/445 306/446/446 307/447/447
f 305/448/448 307/449/449 308/450/450
f 309/451/451 310/452/452 311/453/453
f 309/454/454 311/455/455 312/456/456
f 313/457/457 314/458/458 315/459/459
f 313/460/460 315/461/461 316/462/462
f 317/463/463 318/464/464 319/465/465
f 317/466/466 319/467/467 320/468/468
f 321/469/469 322/470/470 323/471/471
f 321/472/472 323/473/473 324/474/474
f 325/475/475 326/476/476 327/477/477
f 325/478/478 327/479/479 328/480/480
f 329/481/481 330/482/482 331/483/483
f 329/484/484 331/485/485 332/486/486
f 333/487/487 334/488/488 335/489/489
f 333/490/490 335/491/491 336/492/492
f 337/493/493 338/494/494 339/495/495
f 337/496/496 339/497/497 340/498/498
f 341/499/499 342/500/500 343/501/501
f 341/502/502 343/503/503 344/504/504
f 345/505/505 346/506/506 347/507/507
f 345/508/508 347/509/509 348/510/510
f 349/511/511 350/512/512 351/513/513
f 349/514/514 351/515/515 352/516/516
f 353/517/517 354/518/518 355/519/519
f 353/520/520 355/521/521 356/522/522
f 357/523/523 358/524/524 359/525/525
f 357/526/526 359/527/527 360/528/528
f 361/529/529 362/530/530 363/531/531
f 361/532/532 363/533/533 364/534/534
f 365/535/535 366/536/536 367/537/537
f 365/538/538 367/539/539 368/540/540
f 369/541/541 370/542/542 371/543/543
f 369/544/544 371/545/545 372/546/546
f 373/547/547 374/548/548 375/549/549
f 376/550/550 377/551/551 378/552/552
f 379/553/553 380/554/554 381/555/555
f 379/556/556 381/557/557 382/558/558
f 383/559/559 384/560/560 385/561/561
f 383/562/562 385/563/563 386/564/564
f 387/565/565 388/566/566 389/567/567
f 387/568/568 389/569/569 390/570/570
f 391/571/571 392/572/572 393/573/573
f 391/574/574 393/575/575 394/576/576
f 395/577/577 396/578/578 397/579/579
f 395/580/580 397/581/581 398/582/582
f 399/583/583 400/584/584 401/585/585
f 399/586/586 401/587/587 402/588/588
f 403/589/589 404/590/590 405/591/591
f 403/592/592 405/593/593 406/594/594
f 407/595/595 408/596/596 409/597/597
f 407/598/598 409/599/599 410/600/600
f 411/601/601 412/602/602 413/603/603
f 411/604/604 413/605/605 414/606/606
f 415/607/607 416/608/608 417/609/609
f 415/610/610 417/611/611 418/612/612
f 419/613/613 420/614/614 421/615/615
f 419/616/616 421/617/617 422/618/618
f 423/619/619 424/620/620 425/621/621
f 423/622/622 425/623/623 426/624/624
f 427/625/625 428/626/626 429/627/627
f 430/628/628 431/629/629 432/630/630
f 433/631/631 434/632/632 435/633/633
f 433/634/634 435/635/635 436/636/636
f 437/637/637 438/638/638 439/639/639
f 437/640/640 439/641/641 440/642/642
f 441/643/643 442/644/644 443/645/645
f 441/646/646 443/647/647 444/648/648
f 445/649/649 446/650/650 447/651/651
f 445/652/652 447/653/653 448/654/654
f 449/655/655 450/656/656 451/657/657
f 449/658/658 451/659/659 452/660/660
f 453/661/661 454/662/662 455/663/663
f 453/664/664 455/665/665 456/666/666
f 457/667/667 458/668/668 459/669/669
f 457/670/670 459/671/671 460/672/672
f 461/673/673 462/674/674 463/675/675
f 461/676/676 463/677/677 464/678/678
f 465/679/679 466/680/680 467/681/681
f 465/682/682 467/683/683 468/684/684
f 469/685/685 470/686/686 471/687/687
f 469/688/688 471/689/689 472/690/690
f 473/691/691 474/692/692 475/693/693
f 473/694/694 475/695/695 476/696/696
f 477/697/697 478/698/698 479/699/699
f 477/700/700 479/701/701 480/702/702
f 481/703/703 482/704/704 483/705/705
f 481/706/706 483/707/707 484/708/708
f 485/709/709 486/710/710 487/711/711
f 485/712/712 487/713/713 488/714/714
f 489/715/715 490/716/716 491/717/717
f 489/718/718 491/719/719 492/720/720
f 493/721/721 494/722/722 495/723/723
f 493/724/724 495/725/725 496/726/726
f 497/727/727 498/728/728 499/729/729
f 500/730/730 501/731/731 502/732/732
f 503/733/733 504/734/734 505/735/735
f 503/736/736 505/737/737 506/738/738
f 507/739/739 508/740/740 509/741/741
f 507/742/742 509/743/743 510/744/744
f 511/745/745 512/746/746 513/747/747
f 511/748/748 513/749/749 514/750/750
f 515/751/751 516/752/752 517/753/753
f 515/754/754 517/755/755 518/756/756
f 519/757/757 520/758/758 521/759/759
f 519/760/760 521/761/761 522/762/762
f 523/763/763 524/764/764 525/765/765
f 523/766/766 525/767/767 526/768/768
f 527/769/769 528/770/770 529/771/771
f 527/772/772 529/773/773 530/774/774
f 531/775/775 532/776/776 533/777/777
f 531/778/778 533/779/779 534/780/780
f 535/781/781 536/782/782 537/783/783
f 535/784/784 537/785/785 538/786/786
f 539/787/787 540/788/788 541/789/789
f 539/790/790 541/791/791 542/792/792
f 543/793/793 544/794/794 545/795/795
f 543/796/796 545/797/797 546/798/798
f 547/799/799 548/800/800 549/801/801
f 547/802/802 549/803/803 550/804/804
f 551/805/805 552/806/806 553/807/807
f 551/808/808 553/809/809 554/810/810
f 555/811/811 556/812/812 557/813/813
f 555/814/814 557/815/815 558/816/816
f 559/817/817 560/818/818 561/819/819
f 559/820/820 561/821/821 562/822/822
f 563/823/823 564/824/824 565/825/825
f 563/826/826 565/827/827 566/828/828
f 567/829/829 568/830/830 569/831/831
f 567/832/832 569/833/833 570/834/834
f 571/835/835 572/836/836 573/837/837
f 571/838/838 573/839/839 574/840/840
f 575/841/841 576/842/842 577/843/843
f 575/844/844 577/845/845 578/846/846
f 579/847/847 580/848/848 581/849/849
f 579/850/850 581/851/851 582/852/852
f 583/853/853 584/854/854 585/855/855
f 586/856/856 587/857/857 588/858/858
f 586/859/859 588/860/860 589/861/861
f 590/862/862 591/863/863 592/864/864
f 590/865/865 592/866/866 593/867/867
f 594/868/868 595/869/869 596/870/870
f 594/871/871 596/872/872 597/873/873
f 598/874/874 599/875/875 600/876/876
f 598/877/877 600/878/878 601/879/879
f 602/880/880 603/881/881 604/882/882
f 602/883/883 604/884/884 605/885/885
f 606/886/886 607/887/887 608/888/888
f 606/889/889 608/890/890 609/891/891
f 610/892/892 611/893/893 612/894/894
f 610/895/895 612/896/896 613/897/897
f 614/898/898 615/899/899 616/900/900
f 614/901/901 616/902/902 617/903/903
f 618/904/904 619/905/905 620/906/906
f 618/907/907 620/908/908 621/909/909
f 622/910/910 623/911/911 624/912/912
f 625/913/913 626/914/914 627/915/915
f 628/916/916 629/917/917 630/918/918
f 628/919/919 630/920/920 631/921/921
f 632/922/922 633/923/923 634/924/924
f 632/925/925 634/926/926 635/927/927
f 636/928/928 637/929/929 638/930/930
f 636/931/931 638/932/932 639/933/933
f 640/934/934 641/935/935 642/936/936
f 640/937/937 642/938/938 643/939/939
f 644/940/940 645/941/941 646/942/942
f 644/943/943 646/944/944 647/945/945
f 648/946/946 649/947/947 650/948/948
f 648/949/949 650/950/950 651/951/951
f 652/952/952 653/953/953 654/954/954
f 652/955/955 654/956/956 655/957/957
f 656/958/958 657/959/959 658/960/960
f 656/961/961 658/962/962 659/963/963
f 660/964/964 661/965/965 662/966/966
f 660/967/967 662/968/968 663/969/969
f 664/970/970 665/971/971 666/972/972
f 667/973/973 668/974/974 669/975/975
f 667/976/976 669/977/977 670/978/978
f 671/979/979 672/980/980 673/981/981
f 671/982/982 673/983/983 674/984/984
f 675/985/985 676/986/986 677/987/987
f 675/988/988 677/989/989 678/990/990
f 679/991/991 680/992/992 681/993/993
f 679/994/994 681/995/995 682/996/996
f 683/997/997 684/998/998 685/999/999
f 683/1000/1000 685/1001/1001 686/1002/1002
f 687/1003/1003 688/1004/1004 689/1005/1005
f 687/1006/1006 689/1007/1007 690/1008/1008
f 691/1009/1009 692/1010/1010 693/1011/1011
f 691/1012/1012 693/1013/1013 694/1014/1014
f 695/1015/1015 696/1016/1016 697/1017/1017
f 695/1018/1018 697/1019/1019 698/1020/1020
f 699/1021/1021 700/1022/1022 701/1023/1023
f 699/1024/1024 701/1025/1025 702/1026/1026
f 703/1027/1027 704/1028/1028 705/1029/1029
f 703/1030/1030 705/1031/1031 706/1032/1032
f 707/1033/1033 708/1034/1034 709/1035/1035
f 707/1036/1036 709/1037/1037 710/1038/1038
f 711/1039/1039 712/1040/1040 713/1041/1041
f 711/1042/1042 713/1043/1043 714/1044/1044
f 715/1045/1045 716/1046/1046 717/1047/1047
f 715/1048/1048 717/1049/1049 718/1050/1050
f 719/1051/1051 720/1052/1052 721/1053/1053
f 719/1054/1054 721/1055/1055 722/1056/1056
f 723/1057/1057 724/1058/1058 725/1059/1059
f 723/1060/1060 725/1061/1061 726/1062/1062
f 727/1063/1063 728/1064/1064 729/1065/1065
f 727/1066/1066 729/1067/1067 730/1068/1068
f 731/1069/1069 732/1070/1070 733/1071/1071
f 731/1072/1072 733/1073/1073 734/1074/1074
f 735/1075/1075 736/1076/1076 737/1077/1077
f 735/1078/1078 737/1079/1079 738/1080/1080
f 739/1081/1081 740/1082/1082 741/1083/1083
f 739/1084/1084 741/1085/1085 742/1086/1086
f 743/1087/1087 744/1088/1088 745/1089/1089
f 743/1090/1090 745/1091/1091 746/1092/1092
f 747/1093/1093 748/1094/1094 749/1095/1095
f 750/1096/1096 751/1097/1097 752/1098/1098
f 753/1099/1099 754/1100/1100 755/1101/1101
f 753/1102/1102 755/1103/1103 756/1104/1104
f 757/1105/1105 758/1106/1106 759/1107/1107
f 757/1108/1108 759/1109/1109 760/1110/1110
f 761/1111/1111 762/1112/1112 763/1113/1113
f 761/1114/1114 763/1115/1115 764/1116/1116
f 765/1117/1117 766/1118/1118 767/1119/1119
f 765/1120/1120 767/1121/1121 768/1122/1122
f 769/1123/1123 770/1124/1124 771/1125/1125
f 769/1126/1126 771/1127/1127 772/1128/1128
f 773/1129/1129 774/1130/1130 775/1131/1131
f 773/1132/1132 775/1133/1133 776/1134/1134
f 777/1135/1135 778/1136/1136 779/1137/1137
f 777/1138/1138 779/1139/1139 780/1140/1140
f 781/1141/1141 782/1142/1142 783/1143/1143
f 781/1144/1144 783/1145/1145 784/1146/1146
f 785/1147/1147 786/1148/1148 787/1149/1149
f 785/1150/1150 787/1151/1151 788/1152/1152
f 789/1153/1153 790/1154/1154 791/1155/1155
f 789/1156/1156 791/1157/1157 792/1158/1158
f 793/1159/1159 794/1160/1160 795/1161/1161
f 793/1162/1162 795/1163/1163 796/1164/1164
f 797/1165/1165 798/1166/1166 799/1167/1167
f 797/1168/1168 799/1169/1169 800/1170/1170
f 801/1171/1171 802/1172/1172 803/1173/1173
f 801/1174/1174 803/1175/1175 804/1176/1176
f 805/1177/1177 806/1178/1178 807/1179/1179
f 805/1180/1180 807/1181/1181 808/1182/1182
f 809/1183/1183 810/1184/1184 811/1185/1185
f 809/1186/1186 811/1187/1187 812/1188/1188
f 813/1189/1189 814/1190/1190 815/1191/1191
f 813/1192/1192 815/1193/1193 816/1194/1194
f 817/1195/1195 818/1196/1196 819/1197/1197
f 820/1198/1198 821/1199/1199 822/1200/1200
f 823/1201/1201 824/1202/1202 825/1203/1203
f 823/1204/1204 825/1205/1205 826/1206/1206
f 827/1207/1207 828/1208/1208 829/1209/1209
f 827/1210/1210 829/1211/1211 830/1212/1212
f 831/1213/1213 832/1214/1214 833/1215/1215
f 831/1216/1216 833/1217/1217 834/1218/1218
f 835/1219/1219 836/1220/1220 837/1221/1221
f 835/1222/1222 837/1223/1223 838/1224/1224
f 839/1225/1225 840/1226/1226 841/1227/1227
f 839/1228/1228 841/1229/1229 842/1230/1230
f 843/1231/1231 844/1232/1232 845/1233/1233
f 843/1234/1234 845/1235/1235 846/1236/1236
f 847/1237/1237 848/1238/1238 849/1239/1239
f 847/1240/1240 849/1241/1241 850/1242/1242
f 851/1243/1243 852/1244/1244 853/1245/1245
f 851/1246/1246 853/1247/1247 854/1248/1248
f 855/1249/1249 856/1250/1250 857/1251/1251
f 855/1252/1252 857/1253/1253 858/1254/1254
f 859/1255/1255 860/1256/1256 861/1257/1257
f 859/1258/1258 861/1259/1259 862/1260/1260
f 863/1261/1261 864/1262/1262 865/1263/1263
f 863/1264/1264 865/1265/1265 866/1266/1266
f 867/1267/1267 868/1268/1268 869/1269/1269
f 867/1270/1270 869/1271/1271 870/1272/1272
f 871/1273/1273 872/1274/1274 873/1275/1275
f 874/1276/1276 875/1277/1277 876/1278/1278
f 877/1279/1279 878/1280/1280 879/1281/1281
f 877/1282/1282 879/1283/1283 880/1284/1284
f 881/1285/1285 882/1286/1286 883/1287/1287
f 881/1288/1288 883/1289/1289 884/1290/1290
f 885/1291/1291 886/1292/1292 887/1293/1293
f 885/1294/1294 887/1295/1295 888/1296/1296
f 889/1297/1297 890/1298/1298 891/1299/1299
f 889/1300/1300 891/1301/1301 892/1302/1302
f 893/1303/1303 894/1304/1304 895/1305/1305
f 893/1306/1306 895/1307/1307 896/1308/1308
f 897/1309/1309 898/1310/1310 899/1311/1311
f 897/1312/1312 899/1313/1313 900/1314/1314
f 901/1315/1315 902/1316/1316 903/1317/1317
f 901/1318/1318 903/1319/1319 904/1320/1320
f 905/1321/1321 906/1322/1322 907/1323/1323
f 905/1324/1324 907/1325/1325 908/1326/1326
f 909/1327/1327 910/1328/1328 911/1329/1329
f 909/1330/1330 911/1331/1331 912/1332/1332
f 913/1333/1333 914/1334/1334 915/1335/1335
f 913/1336/1336 915/1337/1337 916/1338/1338
f 917/1339/1339 918/1340/1340 919/1341/1341
f 917/1342/1342 919/1343/1343 920/1344/1344
f 921/1345/1345 922/1346/1346 923/1347/1347
f 921/1348/1348 923/1349/1349 924/1350/1350
f 925/1351/1351 926/1352/1352 927/1353/1353
f 925/1354/1354 927/1355/1355 928/1356/1356
f 929/1357/1357 930/1358/1358 931/1359/1359
f 929/1360/1360 931/1361/1361 932/1362/1362
f 933/1363/1363 934/1364/1364 935/1365/1365
f 933/1366/1366 935/1367/1367 936/1368/1368
f 937/1369/1369 938/1370/1370 939/1371/1371
f 937/1372/1372 939/1373/1373 940/1374/1374
f 941/1375/1375 942/1376/1376 943/1377/1377
f 941/1378/1378 943/1379/1379 944/1380/1380
f 945/1381/1381 946/1382/1382 947/1383/1383
f 945/1384/1384 947/1385/1385 948/1386/1386
f 949/1387/1387 950/1388/1388 951/1389/1389
f 949/1390/1390 951/1391/1391 952/1392/1392
f 953/1393/1393 954/1394/1394 955/1395/1395
f 953/1396/1396 955/1397/1397 956/1398/1398
f 957/1399/1399 958/1400/1400 959/1401/1401
f 957/1402/1402 959/1403/1403 960/1404/1404
f 961/1405/1405 962/1406/1406 963/1407/1407
f 961/1408/1408 963/1409/1409 964/1410/1410
f 965/1411/1411 966/1412/1412 967/1413/1413
f 965/1414/1414 967/1415/1415 968/1416/1416
f 969/1417/1417 970/1418/1418 971/1419/1419
f 969/1420/1420 971/1421/1421 972/1422/1422
f 973/1423/1423 974/1424/1424 975/1425/1425
f 973/1426/1426 975/1427/1427 976/1428/1428
f 977/1429/1429 978/1430/1430 979/1431/1431
f 977/1432/1432 979/1433/1433 980/1434/1434
f 981/1435/1435 982/1436/1436 983/1437/1437
f 981/1438/1438 983/1439/1439 984/1440/1440
f 985/1441/1441 986/1442/1442 987/1443/1443
f 985/1444/1444 987/1445/1445 988/1446/1446
f 989/1447/1447 990/1448/1448 991/1449/1449
f 989/1450/1450 991/1451/1451 992/1452/1452
f 993/1453/1453 994/1454/1454 995/1455/1455
f 993/1456/1456 995/1457/1457 996/1458/1458
f 997/1459/1459 998/1460/1460 999/1461/1461
f 1000/1462/1462 1001/1463/1463 1002/1464/1464
f 1003/1465/1465 1004/1466/1466 1005/1467/1467
f 1003/1468/1468 1005/1469/1469 1006/1470/1470
f 1007/1471/1471 1008/1472/1472 1009/1473/1473
f 1007/1474/1474 1009/1475/1475 1010/1476/1476
f 1011/1477/1477 1012/1478/1478 1013/1479/1479
f 1011/1480/1480 1013/1481/1481 1014/1482/1482
f 1015/1483/1483 1016/1484/1484 1017/1485/1485
f 1015/1486/1486 1017/1487/1487 1018/1488/1488
f 1019/1489/1489 1020/1490/1490 1021/1491/1491
f 1019/1492/1492 1021/1493/1493 1022/1494/1494
f 1023/1495/1495 1024/1496/1496 1025/1497/1497
f 1023/1498/1498 1025/1499/1499 1026/1500/1500
f 1027/1501/1501 1028/1502/1502 1029/1503/1503
f 1027/1504/1504 1029/1505/1505 1030/1506/1506
f 1031/1507/1507 1032/1508/1508 1033/1509/1509
f 1031/1510/1510 1033/1511/1511 1034/1512/1512
f 1035/1513/1513 1036/1514/1514 1037/1515/1515
f 1035/1516/1516 1037/1517/1517 1038/1518/1518
f 1039/1519/1519 1040/1520/1520 1041/1521/1521
f 1039/1522/1522 1041/1523/1523 1042/1524/1524
f 1043/1525/1525 1044/1526/1526 1045/1527/1527
f 1043/1528/1528 1045/1529/1529 1046/1530/1530
f 1047/1531/1531 1048/1532/1532 1049/1533/1533
f 1047/1534/1534 1049/1535/1535 1050/1536/1536
f 1051/1537/1537 1052/1538/1538 1053/1539/1539
f 1054/1540/1540 1055/1541/1541 1056/1542/1542
f 1057/1543/1543 1058/1544/1544 1059/1545/1545
f 1057/1546/1546 1059/1547/1547 1060/1548/1548
f 1061/1549/1549 1062/1550/1550 1063/1551/1551
f 1061/1552/1552 1063/1553/1553 1064/1554/1554
f 1065/1555/1555 1066/1556/1556 1067/1557/1557
f 1065/1558/1558 1067/1559/1559 1068/1560/1560
f 1069/1561/1561 1070/1562/1562 1071/1563/1563
f 1069/1564/1564 1071/1565/1565 1072/1566/1566
f 1073/1567/1567 1074/1568/1568 1075/1569/1569
f 1073/1570/1570 1075/1571/1571 1076/1572/1572
f 1077/1573/1573 1078/1574/1574 1079/1575/1575
f 1077/1576/1576 1079/1577/1577 1080/1578/1578
f 1081/1579/1579 1082/1580/1580 1083/1581/1581
f 1081/1582/1582 1083/1583/1583 1084/1584/1584
f 1085/1585/1585 1086/1586/1586 1087/1587/1587
f 1085/1588/1588 1087/1589/1589 1088/1590/1590
f 1089/1591/1591 1090/1592/1592 1091/1593/1593
f 1089/1594/1594 1091/1595/1595 1092/1596/1596
f 1093/1597/1597 1094/1598/1598 1095/1599/1599
f 1093/1600/1600 1095/1601/1601 1096/1602/1602
f 1097/1603/1603 1098/1604/1604 1099/1605/1605
f 1097/1606/1606 1099/1607/1607 1100/1608/1608
f 1101/1609/1609 1102/1610/1610 1103/1611/1611
f 1101/1612/1612 1103/1613/1613 1104/1614/1614
f 1105/1615/1615 1106/1616/1616 1107/1617/1617
f 1105/1618/1618 1107/1619/1619 1108/1620/1620
f 1109/1621/1621 1110/1622/1622 1111/1623/1623
f 1109/1624/1624 1111/1625/1625 1112/1626/1626
f 1113/1627/1627 1114/1628/1628 1115/1629/1629
f 1113/1630/1630 1115/1631/1631 1116/1632/1632
f 1117/1633/1633 1118/1634/1634 1119/1635/1635
f 1117/1636/1636 1119/1637/1637 1120/1638/1638
f 1121/1639/1639 1122/1640/1640 1123/1641/1641
f 1124/1642/1642 1125/1643/1643 1126/1644/1644
f 1127/1645/1645 1128/1646/1646 1129/1647/1647
f 1127/1648/1648 1129/1649/1649 1130/1650/1650
f 1131/1651/1651 1132/1652/1652 1133/1653/1653
f 1131/1654/1654 1133/1655/1655 1134/1656/1656
f 1135/1657/1657 1136/1658/1658 1137/1659/1659
f 1135/1660/1660 1137/1661/1661 1138/1662/1662
f 1139/1663/1663 1140/1664/1664 1141/1665/1665
f 1139/1666/1666 1141/1667/1667 1142/1668/1668
f 1143/1669/1669 1144/1670/1670 1145/1671/1671
f 1143/1672/1672 1145/1673/1673 1146/1674/1674
f 1147/1675/1675 1148/1676/1676 1149/1677/1677
f 1147/1678/1678 1149/1679/1679 1150/1680/1680
f 1151/1681/1681 1152/1682/1682 1153/1683/1683
f 1151/1684/1684 1153/1685/1685 1154/1686/1686
f 1155/1687/1687 1156/1688/1688 1157/1689/1689
f 1155/1690/1690 1157/1691/1691 1158/1692/1692
f 1159/1693/1693 1160/1694/1694 1161/1695/1695
f 1159/1696/1696 1161/1697/1697 1162/1698/1698
f 1163/1699/1699 1164/1700/1700 1165/1701/1701
f 1163/1702/1702 1165/1703/1703 1166/1704/1704
f 1167/1705/1705 1168/1706/1706 1169/1707/1707
f 1167/1708/1708 1169/1709/1709 1170/1710/1710
f 1171/1711/1711 1172/1712/1712 1173/1713/1713
f 1171/1714/1714 1173/1715/1715 1174/1716/1716
f 1175/1717/1717 1176/1718/1718 1177/1719/1719
f 1175/1720/1720 1177/1721/1721 1178/1722/1722
f 1179/1723/1723 1180/1724/1724 1181/1725/1725
f 1179/1726/1726 1181/1727/1727 1182/1728/1728
f 1183/1729/1729 1184/1730/1730 1185/1731/1731
f 1183/1732/1732 1185/1733/1733 1186/1734/1734
f 1187/1735/1735 1188/1736/1736 1189/1737/1737
f 1187/1738/1738 1189/1739/1739 1190/1740/1740
f 1191/1741/1741 1192/1742/1742 1193/1743/1743
f 1191/1744/1744 1193/1745/1745 1194/1746/1746
f 1195/1747/1747 1196/1748/1748 1197/1749/1749
f 1195/1750/1750 1197/1751/1751 1198/1752/1752
f 1199/1753/1753 1200/1754/1754 1201/1755/1755
f 1199/1756/1756 1201/1757/1757 1202/1758/1758
f 1203/1759/1759 1204/1760/1760 1205/1761/1761
f 1203/1762/1762 1205/1763/1763 1206/1764/1764
f 1207/1765/1765 1208/1766/1766 1209/1767/1767
f 1210/1768/1768 1211/1769/1769 1212/1770/1770
f 1210/1771/1771 1212/1772/1772 1213/1773/1773
f 1214/1774/1774 1215/1775/1775 1216/1776/1776
f 1214/1777/1777 1216/1778/1778 1217/1779/1779
f 1218/1780/1780 1219/1781/1781 1220/1782/1782
f 1218/1783/1783 1220/1784/1784 1221/1785/1785
f 1222/1786/1786 1223/1787/1787 1224/1788/1788
f 1222/1789/1789 1224/1790/1790 1225/1791/1791
f 1226/1792/1792 1227/1793/1793 1228/1794/1794
f 1226/1795/1795 1228/1796/1796 1229/1797/1797
f 1230/1798/1798 1231/1799/1799 1232/1800/1800
f 1230/1801/1801 1232/1802/1802 1233/1803/1803
f 1234/1804/1804 1235/1805/1805 1236/1806/1806
f 1234/1807/1807 1236/1808/1808 1237/1809/1809
f 1238/1810/1810 1239/1811/1811 1240/1812/1812
f 1238/1813/1813 1240/1814/1814 1241/1815/1815
f 1242/1816/1816 1243/1817/1817 1244/1818/1818
f 1242/1819/1819 1244/1820/1820 1245/1821/1821
f 1246/1822/1822 1247/1823/1823 1248/1824/1824
f 5/1825/1825 4/1826/1826 3/1827/1827
f 5/1828/1828 3/1829/1829 2/1830/1830
f 127/1831/1831 126/1832/1832 1/1833/1833
f 127/1834/1834 1/1835/1835 3/1836/1836
f 123/1837/1837 125/1838/1838 2/1839/1839
f 123/1840/1840 2/1841/1841 1/1842/1842
f 9/1843/1843 8/1844/1844 7/1845/1845
f 9/1846/1846 7/1847/1847 6/1848/1848
f 131/1849/1849 130/1850/1850 4/1851/1851
f 131/1852/1852 4/1853/1853 7/1854/1854
f 119/1855/1855 122/1856/1856 6/1857/1857
f 119/1858/1858 6/1859/1859 5/1860/1860
f 13/1861/1861 12/1862/1862 11/1863/1863
f 13/1864/1864 11/1865/1865 10/1866/1866
f 135/1867/1867 134/1868/1868 8/1869/1869
f 135/1870/1870 8/1871/1871 11/1872/1872
f 115/1873/1873 118/1874/1874 10/1875/1875
f 115/1876/1876 10/1877/1877 9/1878/1878
f 17/1879/1879 16/1880/1880 15/1881/1881
f 17/1882/1882 15/1883/1883 14/1884/1884
f 139/1885/1885 138/1886/1886 12/1887/1887
f 139/1888/1888 12/1889/1889 15/1890/1890
f 111/1891/1891 114/1892/1892 14/1893/1893
f 111/1894/1894 14/1895/1895 13/1896/1896
f 21/1897/1897 20/1898/1898 19/1899/1899
f 21/1900/1900 19/1901/1901 18/1902/1902
f 143/1903/1903 142/1904/1904 16/1905/1905
f 143/1906/1906 16/1907/1907 19/1908/1908
f 107/1909/1909 110/1910/1910 18/1911/1911
f 107/1912/1912 18/1913/1913 17/1914/1914
f 25/1915/1915 24/1916/1916 23/1917/1917
f 25/1918/1918 23/1919/1919 22/1920/1920
f 147/1921/1921 146/1922/1922 20/1923/1923
f 147/1924/1924 20/1925/1925 23/1926/1926
f 103/1927/1927 106/1928/1928 22/1929/1929
f 103/1930/1930 22/1931/1931 21/1932/1932
f 29/1933/1933 28/1934/1934 27/1935/1935
f 29/1936/1936 27/1937/1937 26/1938/1938
f 151/1939/1939 150/1940/1940 24/1941/1941
f 151/1942/1942 24/1943/1943 27/1944/1944
f 99/1945/1945 102/1946/1946 26/1947/1947
f 99/1948/1948 26/1949/1949 25/1950/1950
f 33/1951/1951 32/1952/1952 31/1953/1953
f 33/1954/1954 31/1955/1955 30/1956/1956
f 155/1957/1957 154/1958/1958 28/1959/1959
f 155/1960/1960 28/1961/1961 31/1962/1962
f 95/1963/1963 98/1964/1964 30/1965/1965
f 95/1966/1966 30/1967/1967 29/1968/1968
f 37/1969/1969 36/1970/1970 35/1971/1971
f 37/1972/1972 35/1973/1973 34/1974/1974
f 159/1975/1975 158/1976/1976 32/1977/1977
f 159/1978/1978 32/1979/1979 35/1980/1980
f 91/1981/1981 94/1982/1982 34/1983/1983
f 91/1984/1984 34/1985/1985 33/1986/1986
f 163/1987/1987 162/1988/1988 36/1989/1989
f 163/1990/1990 36/1991/1991 39/1992/1992
f 87/1993/1993 90/1994/1994 38/1995/1995
f 87/1996/1996 38/1997/1997 37/1998/1998
f 44/1999/1999 43/2000/2000 42/2001/2001
f 44/2002/2002 42/2003/2003 41/2004/2004
f 197/2005/2005 196/2006/2006 40/2007/2007
f 197/2008/2008 40/2009/2009 42/2010/2010
f 193/2011/2011 195/2012/2012 41/2013/2013
f 193/2014/2014 41/2015/2015 40/2016/2016
f 48/2017/2017 47/2018/2018 46/2019/2019
f 48/2020/2020 46/2021/2021 45/2022/2022
f 201/2023/2023 200/2024/2024 43/2025/2025
f 201/2026/2026 43/2027/2027 46/2028/2028
f 189/2029/2029 192/2030/2030 45/2031/2031
f 189/2032/2032 45/2033/2033 44/2034/2034
f 52/2035/2035 51/2036/2036 50/2037/2037
f 52/2038/2038 50/2039/2039 49/2040/2040
f 205/2041/2041 204/2042/2042 47/2043/2043
f 205/2044/2044 47/2045/2045 50/2046/2046
f 185/2047/2047 188/2048/2048 49/2049/2049
f 185/2050/2050 49/2051/2051 48/2052/2052
f 56/2053/2053 55/2054/2054 54/2055/2055
f 56/2056/2056 54/2057/2057 53/2058/2058
f 209/2059/2059 208/2060/2060 51/2061/2061
f 209/2062/2062 51/2063/2063 54/2064/2064
f 181/2065/2065 184/2066/2066 53/2067/2067
f 181/2068/2068 53/2069/2069 52/2070/2070
f 60/2071/2071 59/2072/2072 58/2073/2073
f 60/2074/2074 58/2075/2075 57/2076/2076
f 291/2077/2077 290/2078/2078 55/2079/2079
f 291/2080/2080 55/2081/2081 58/2082/2082
f 177/2083/2083 180/2084/2084 57/2085/2085
f 177/2086/2086 57/2087/2087 56/2088/2088
f 64/2089/2089 63/2090/2090 62/2091/2091
f 64/2092/2092 62/2093/2093 61/2094/2094
f 295/2095/2095 294/2096/2096 59/2097/2097
f 295/2098/2098 59/2099/2099 62/2100/2100
f 173/2101/2101 176/2102/2102 61/2103/2103
f 173/2104/2104 61/2105/2105 60/2106/2106
f 68/2107/2107 67/2108/2108 66/2109/2109
f 68/2110/2110 66/2111/2111 65/2112/2112
f 299/2113/2113 298/2114/2114 63/2115/2115
f 299/2116/2116 63/2117/2117 66/2118/2118
f 169/2119/2119 172/2120/2120 65/2121/2121
f 169/2122/2122 65/2123/2123 64/2124/2124
f 72/2125/2125 71/2126/2126 70/2127/2127
f 72/2128/2128 70/2129/2129 69/2130/2130
f 303/2131/2131 302/2132/2132 67/2133/2133
f 303/2134/2134 67/2135/2135 70/2136/2136
f 165/2137/2137 168/2138/2138 69/2139/2139
f 165/2140/2140 69/2141/2141 68/2142/2142
f 76/2143/2143 75/2144/2144 74/2145/2145
f 76/2146/2146 74/2147/2147 73/2148/2148
f 307/2149/2149 306/2150/2150 71/2151/2151
f 307/2152/2152 71/2153/2153 74/2154/2154
f 83/2155/2155 86/2156/2156 73/2157/2157
f 83/2158/2158 73/2159/2159 72/2160/2160
f 311/2161/2161 310/2162/2162 75/2163/2163
f 311/2164/2164 75/2165/2165 78/2166/2166
f 79/2167/2167 82/2168/2168 77/2169/2169
f 79/2170/2170 77/2171/2171 76/2172/2172
f 86/2173/2173 85/2174/2174 80/2175/2175
f 86/2176/2176 80/2177/2177 79/2178/2178
f 313/2179/2179 316/2180/2180 81/2181/2181
f 313/2182/2182 81/2183/2183 80/2184/2184
f 168/2185/2185 167/2186/2186 84/2187/2187
f 168/2188/2188 84/2189/2189 83/2190/2190
f 317/2191/2191 320/2192/2192 85/2193/2193
f 317/2194/2194 85/2195/2195 84/2196/2196
f 94/2197/2197 93/2198/2198 88/2199/2199
f 94/2200/2200 88/2201/2201 87/2202/2202
f 211/2203/2203 214/2204/2204 89/2205/2205
f 211/2206/2206 89/2207/2207 88/2208/2208
f 98/2209/2209 97/2210/2210 92/2211/2211
f 98/2212/2212 92/2213/2213 91/2214/2214
f 215/2215/2215 218/2216/2216 93/2217/2217
f 215/2218/2218 93/2219/2219 92/2220/2220
f 102/2221/2221 101/2222/2222 96/2223/2223
f 102/2224/2224 96/2225/2225 95/2226/2226
f 219/2227/2227 222/2228/2228 97/2229/2229
f 219/2230/2230 97/2231/2231 96/2232/2232
f 106/2233/2233 105/2234/2234 100/2235/2235
f 106/2236/2236 100/2237/2237 99/2238/2238
f 223/2239/2239 226/2240/2240 101/2241/2241
f 223/2242/2242 101/2243/2243 100/2244/2244
f 110/2245/2245 109/2246/2246 104/2247/2247
f 110/2248/2248 104/2249/2249 103/2250/2250
f 227/2251/2251 230/2252/2252 105/2253/2253
f 227/2254/2254 105/2255/2255 104/2256/2256
f 114/2257/2257 113/2258/2258 108/2259/2259
f 114/2260/2260 108/2261/2261 107/2262/2262
f 231/2263/2263 234/2264/2264 109/2265/2265
f 231/2266/2266 109/2267/2267 108/2268/2268
f 118/2269/2269 117/2270/2270 112/2271/2271
f 118/2272/2272 112/2273/2273 111/2274/2274
f 235/2275/2275 238/2276/2276 113/2277/2277
f 235/2278/2278 113/2279/2279 112/2280/2280
f 122/2281/2281 121/2282/2282 116/2283/2283
f 122/2284/2284 116/2285/2285 115/2286/2286
f 239/2287/2287 242/2288/2288 117/2289/2289
f 239/2290/2290 117/2291/2291 116/2292/2292
f 125/2293/2293 124/2294/2294 120/2295/2295
f 125/2296/2296 120/2297/2297 119/2298/2298
f 243/2299/2299 246/2300/2300 121/2301/2301
f 243/2302/2302 121/2303/2303 120/2304/2304
f 247/2305/2305 249/2306/2306 124/2307/2307
f 247/2308/2308 124/2309/2309 123/2310/2310
f 130/2311/2311 129/2312/2312 128/2313/2313
f 130/2314/2314 128/2315/2315 127/2316/2316
f 251/2317/2317 250/2318/2318 126/2319/2319
f 251/2320/2320 126/2321/2321 128/2322/2322
f 134/2323/2323 133/2324/2324 132/2325/2325
f 134/2326/2326 132/2327/2327 131/2328/2328
f 255/2329/2329 254/2330/2330 129/2331/2331
f 255/2332/2332 129/2333/2333 132/2334/2334
f 138/2335/2335 137/2336/2336 136/2337/2337
f 138/2338/2338 136/2339/2339 135/2340/2340
f 259/2341/2341 258/2342/2342 133/2343/2343
f 259/2344/2344 133/2345/2345 136/2346/2346
f 142/2347/2347 141/2348/2348 140/2349/2349
f 142/2350/2350 140/2351/2351 139/2352/2352
f 263/2353/2353 262/2354/2354 137/2355/2355
f 263/2356/2356 137/2357/2357 140/2358/2358
f 146/2359/2359 145/2360/2360 144/2361/2361
f 146/2362/2362 144/2363/2363 143/2364/2364
f 267/2365/2365 266/2366/2366 141/2367/2367
f 267/2368/2368 141/2369/2369 144/2370/2370
f 150/2371/2371 149/2372/2372 148/2373/2373
f 150/2374/2374 148/2375/2375 147/2376/2376
f 271/2377/2377 270/2378/2378 145/2379/2379
f 271/2380/2380 145/2381/2381 148/2382/2382
f 154/2383/2383 153/2384/2384 152/2385/2385
f 154/2386/2386 152/2387/2387 151/2388/2388
f 275/2389/2389 274/2390/2390 149/2391/2391
f 275/2392/2392 149/2393/2393 152/2394/2394
f 158/2395/2395 157/2396/2396 156/2397/2397
f 158/2398/2398 156/2399/2399 155/2400/2400
f 279/2401/2401 278/2402/2402 153/2403/2403
f 279/2404/2404 153/2405/2405 156/2406/2406
f 162/2407/2407 161/2408/2408 160/2409/2409
f 162/2410/2410 160/2411/2411 159/2412/2412
f 283/2413/2413 282/2414/2414 157/2415/2415
f 283/2416/2416 157/2417/2417 160/2418/2418
f 287/2419/2419 286/2420/2420 161/2421/2421
f 287/2422/2422 161/2423/2423 164/2424/2424
f 172/2425/2425 171/2426/2426 166/2427/2427
f 172/2428/2428 166/2429/2429 165/2430/2430
f 321/2431/2431 324/2432/2432 167/2433/2433
f 321/2434/2434 167/2435/2435 166/2436/2436
f 176/2437/2437 175/2438/2438 170/2439/2439
f 176/2440/2440 170/2441/2441 169/2442/2442
f 325/2443/2443 328/2444/2444 171/2445/2445
f 325/2446/2446 171/2447/2447 170/2448/2448
f 180/2449/2449 179/2450/2450 174/2451/2451
f 180/2452/2452 174/2453/2453 173/2454/2454
f 329/2455/2455 332/2456/2456 175/2457/2457
f 329/2458/2458 175/2459/2459 174/2460/2460
f 184/2461/2461 183/2462/2462 178/2463/2463
f 184/2464/2464 178/2465/2465 177/2466/2466
f 333/2467/2467 336/2468/2468 179/2469/2469
f 333/2470/2470 179/2471/2471 178/2472/2472
f 188/2473/2473 187/2474/2474 182/2475/2475
f 188/2476/2476 182/2477/2477 181/2478/2478
f 415/2479/2479 418/2480/2480 183/2481/2481
f 415/2482/2482 183/2483/2483 182/2484/2484
f 192/2485/2485 191/2486/2486 186/2487/2487
f 192/2488/2488 186/2489/2489 185/2490/2490
f 419/2491/2491 422/2492/2492 187/2493/2493
f 419/2494/2494 187/2495/2495 186/2496/2496
f 195/2497/2497 194/2498/2498 190/2499/2499
f 195/2500/2500 190/2501/2501 189/2502/2502
f 423/2503/2503 426/2504/2504 191/2505/2505
f 423/2506/2506 191/2507/2507 190/2508/2508
f 427/2509/2509 429/2510/2510 194/2511/2511
f 427/2512/2512 194/2513/2513 193/2514/2514
f 200/2515/2515 199/2516/2516 198/2517/2517
f 200/2518/2518 198/2519/2519 197/2520/2520
f 431/2521/2521 430/2522/2522 196/2523/2523
f 431/2524/2524 196/2525/2525 198/2526/2526
f 204/2527/2527 203/2528/2528 202/2529/2529
f 204/2530/2530 202/2531/2531 201/2532/2532
f 435/2533/2533 434/2534/2534 199/2535/2535
f 435/2536/2536 199/2537/2537 202/2538/2538
f 208/2539/2539 207/2540/2540 206/2541/2541
f 208/2542/2542 206/2543/2543 205/2544/2544
f 439/2545/2545 438/2546/2546 203/2547/2547
f 439/2548/2548 203/2549/2549 206/2550/2550
f 290/2551/2551 289/2552/2552 210/2553/2553
f 290/2554/2554 210/2555/2555 209/2556/2556
f 443/2557/2557 442/2558/2558 207/2559/2559
f 443/2560/2560 207/2561/2561 210/2562/2562
f 218/2563/2563 217/2564/2564 212/2565/2565
f 218/2566/2566 212/2567/2567 211/2568/2568
f 337/2569/2569 340/2570/2570 213/2571/2571
f 337/2572/2572 213/2573/2573 212/2574/2574
f 222/2575/2575 221/2576/2576 216/2577/2577
f 222/2578/2578 216/2579/2579 215/2580/2580
f 341/2581/2581 344/2582/2582 217/2583/2583
f 341/2584/2584 217/2585/2585 216/2586/2586
f 226/2587/2587 225/2588/2588 220/2589/2589
f 226/2590/2590 220/2591/2591 219/2592/2592
f 345/2593/2593 348/2594/2594 221/2595/2595
f 345/2596/2596 221/2597/2597 220/2598/2598
f 230/2599/2599 229/2600/2600 224/2601/2601
f 230/2602/2602 224/2603/2603 223/2604/2604
f 349/2605/2605 352/2606/2606 225/2607/2607
f 349/2608/2608 225/2609/2609 224/2610/2610
f 234/2611/2611 233/2612/2612 228/2613/2613
f 234/2614/2614 228/2615/2615 227/2616/2616
f 353/2617/2617 356/2618/2618 229/2619/2619
f 353/2620/2620 229/2621/2621 228/2622/2622
f 238/2623/2623 237/2624/2624 232/2625/2625
f 238/2626/2626 232/2627/2627 231/2628/2628
f 357/2629/2629 360/2630/2630 233/2631/2631
f 357/2632/2632 233/2633/2633 232/2634/2634
f 242/2635/2635 241/2636/2636 236/2637/2637
f 242/2638/2638 236/2639/2639 235/2640/2640
f 361/2641/2641 364/2642/2642 237/2643/2643
f 361/2644/2644 237/2645/2645 236/2646/2646
f 246/2647/2647 245/2648/2648 240/2649/2649
f 246/2650/2650 240/2651/2651 239/2652/2652
f 365/2653/2653 368/2654/2654 241/2655/2655
f 365/2656/2656 241/2657/2657 240/2658/2658
f 249/2659/2659 248/2660/2660 244/2661/2661
f 249/2662/2662 244/2663/2663 243/2664/2664
f 369/2665/2665 372/2666/2666 245/2667/2667
f 369/2668/2668 245/2669/2669 244/2670/2670
f 373/2671/2671 375/2672/2672 248/2673/2673
f 373/2674/2674 248/2675/2675 247/2676/2676
f 254/2677/2677 253/2678/2678 252/2679/2679
f 254/2680/2680 252/2681/2681 251/2682/2682
f 377/2683/2683 376/2684/2684 250/2685/2685
f 377/2686/2686 250/2687/2687 252/2688/2688
f 258/2689/2689 257/2690/2690 256/2691/2691
f 258/2692/2692 256/2693/2693 255/2694/2694
f 381/2695/2695 380/2696/2696 253/2697/2697
f 381/2698/2698 253/2699/2699 256/2700/2700
f 262/2701/2701 261/2702/2702 260/2703/2703
f 262/2704/2704 260/2705/2705 259/2706/2706
f 385/2707/2707 384/2708/2708 257/2709/2709
f 385/2710/2710 257/2711/2711 260/2712/2712
f 266/2713/2713 265/2714/2714 264/2715/2715
f 266/2716/2716 264/2717/2717 263/2718/2718
f 389/2719/2719 388/2720/2720 261/2721/2721
f 389/2722/2722 261/2723/2723 264/2724/2724
f 270/2725/2725 269/2726/2726 268/2727/2727
f 270/2728/2728 268/2729/2729 267/2730/2730
f 393/2731/2731 392/2732/2732 265/2733/2733
f 393/2734/2734 265/2735/2735 268/2736/2736
f 274/2737/2737 273/2738/2738 272/2739/2739
f 274/2740/2740 272/2741/2741 271/2742/2742
f 397/2743/2743 396/2744/2744 269/2745/2745
f 397/2746/2746 269/2747/2747 272/2748/2748
f 278/2749/2749 277/2750/2750 276/2751/2751
f 278/2752/2752 276/2753/2753 275/2754/2754
f 401/2755/2755 400/2756/2756 273/2757/2757
f 401/2758/2758 273/2759/2759 276/2760/2760
f 282/2761/2761 281/2762/2762 280/2763/2763
f 282/2764/2764 280/2765/2765 279/2766/2766
f 405/2767/2767 404/2768/2768 277/2769/2769
f 405/2770/2770 277/2771/2771 280/2772/2772
f 286/2773/2773 285/2774/2774 284/2775/2775
f 286/2776/2776 284/2777/2777 283/2778/2778
f 409/2779/2779 408/2780/2780 281/2781/2781
f 409/2782/2782 281/2783/2783 284/2784/2784
f 413/2785/2785 412/2786/2786 285/2787/2787
f 413/2788/2788 285/2789/2789 288/2790/2790
f 294/2791/2791 293/2792/2792 292/2793/2793
f 294/2794/2794 292/2795/2795 291/2796/2796
f 447/2797/2797 446/2798/2798 289/2799/2799
f 447/2800/2800 289/2801/2801 292/2802/2802
f 298/2803/2803 297/2804/2804 296/2805/2805
f 298/2806/2806 296/2807/2807 295/2808/2808
f 451/2809/2809 450/2810/2810 293/2811/2811
f 451/2812/2812 293/2813/2813 296/2814/2814
f 302/2815/2815 301/2816/2816 300/2817/2817
f 302/2818/2818 300/2819/2819 299/2820/2820
f 455/2821/2821 454/2822/2822 297/2823/2823
f 455/2824/2824 297/2825/2825 300/2826/2826
f 306/2827/2827 305/2828/2828 304/2829/2829
f 306/2830/2830 304/2831/2831 303/2832/2832
f 459/2833/2833 458/2834/2834 301/2835/2835
f 459/2836/2836 301/2837/2837 304/2838/2838
f 310/2839/2839 309/2840/2840 308/2841/2841
f 310/2842/2842 308/2843/2843 307/2844/2844
f 541/2845/2845 540/2846/2846 305/2847/2847
f 541/2848/2848 305/2849/2849 308/2850/2850
f 545/2851/2851 544/2852/2852 309/2853/2853
f 545/2854/2854 309/2855/2855 312/2856/2856
f 320/2857/2857 319/2858/2858 314/2859/2859
f 320/2860/2860 314/2861/2861 313/2862/2862
f 547/2863/2863 550/2864/2864 315/2865/2865
f 547/2866/2866 315/2867/2867 314/2868/2868
f 324/2869/2869 323/2870/2870 318/2871/2871
f 324/2872/2872 318/2873/2873 317/2874/2874
f 551/2875/2875 554/2876/2876 319/2877/2877
f 551/2878/2878 319/2879/2879 318/2880/2880
f 328/2881/2881 327/2882/2882 322/2883/2883
f 328/2884/2884 322/2885/2885 321/2886/2886
f 555/2887/2887 558/2888/2888 323/2889/2889
f 555/2890/2890 323/2891/2891 322/2892/2892
f 332/2893/2893 331/2894/2894 326/2895/2895
f 332/2896/2896 326/2897/2897 325/2898/2898
f 559/2899/2899 562/2900/2900 327/2901/2901
f 559/2902/2902 327/2903/2903 326/2904/2904
f 336/2905/2905 335/2906/2906 330/2907/2907
f 336/2908/2908 330/2909/2909 329/2910/2910
f 563/2911/2911 566/2912/2912 331/2913/2913
f 563/2914/2914 331/2915/2915 330/2916/2916
f 418/2917/2917 417/2918/2918 334/2919/2919
f 418/2920/2920 334/2921/2921 333/2922/2922
f 567/2923/2923 570/2924/2924 335/2925/2925
f 567/2926/2926 335/2927/2927 334/2928/2928
f 344/2929/2929 343/2930/2930 338/2931/2931
f 344/2932/2932 338/2933/2933 337/2934/2934
f 461/2935/2935 464/2936/2936 339/2937/2937
f 461/2938/2938 339/2939/2939 338/2940/2940
f 348/2941/2941 347/2942/2942 342/2943/2943
f 348/2944/2944 342/2945/2945 341/2946/2946
f 465/2947/2947 468/2948/2948 343/2949/2949
f 465/2950/2950 343/2951/2951 342/2952/2952
f 352/2953/2953 351/2954/2954 346/2955/2955
f 352/2956/2956 346/2957/2957 345/2958/2958
f 469/2959/2959 472/2960/2960 347/2961/2961
f 469/2962/2962 347/2963/2963 346/2964/2964
f 356/2965/2965 355/2966/2966 350/2967/2967
f 356/2968/2968 350/2969/2969 349/2970/2970
f 473/2971/2971 476/2972/2972 351/2973/2973
f 473/2974/2974 351/2975/2975 350/2976/2976
f 360/2977/2977 359/2978/2978 354/2979/2979
f 360/2980/2980 354/2981/2981 353/2982/2982
f 477/2983/2983 480/2984/2984 355/2985/2985
f 477/2986/2986 355/2987/2987 354/2988/2988
f 364/2989/2989 363/2990/2990 358/2991/2991
f 364/2992/2992 358/2993/2993 357/2994/2994
f 481/2995/2995 484/2996/2996 359/2997/2997
f 481/2998/2998 359/2999/2999 358/3000/3000
f 368/3001/3001 367/3002/3002 362/3003/3003
f 368/3004/3004 362/3005/3005 361/3006/3006
f 485/3007/3007 488/3008/3008 363/3009/3009
f 485/3010/3010 363/3011/3011 362/3012/3012
f 372/3013/3013 371/3014/3014 366/3015/3015
f 372/3016/3016 366/3017/3017 365/3018/3018
f 489/3019/3019 492/3020/3020 367/3021/3021
f 489/3022/3022 367/3023/3023 366/3024/3024
f 375/3025/3025 374/3026/3026 370/3027/3027
f 375/3028/3028 370/3029/3029 369/3030/3030
f 493/3031/3031 496/3032/3032 371/3033/3033
f 493/3034/3034 371/3035/3035 370/3036/3036
f 497/3037/3037 499/3038/3038 374/3039/3039
f 497/3040/3040 374/3041/3041 373/3042/3042
f 380/3043/3043 379/3044/3044 378/3045/3045
f 380/3046/3046 378/3047/3047 377/3048/3048
f 501/3049/3049 500/3050/3050 376/3051/3051
f 501/3052/3052 376/3053/3053 378/3054/3054
f 384/3055/3055 383/3056/3056 382/3057/3057
f 384/3058/3058 382/3059/3059 381/3060/3060
f 505/3061/3061 504/3062/3062 379/3063/3063
f 505/3064/3064 379/3065/3065 382/3066/3066
f 388/3067/3067 387/3068/3068 386/3069/3069
f 388/3070/3070 386/3071/3071 385/3072/3072
f 509/3073/3073 508/3074/3074 383/3075/3075
f 509/3076/3076 383/3077/3077 386/3078/3078
f 392/3079/3079 391/3080/3080 390/3081/3081
f 392/3082/3082 390/3083/3083 389/3084/3084
f 513/3085/3085 512/3086/3086 387/3087/3087
f 513/3088/3088 387/3089/3089 390/3090/3090
f 396/3091/3091 395/3092/3092 394/3093/3093
f 396/3094/3094 394/3095/3095 393/3096/3096
f 517/3097/3097 516/3098/3098 391/3099/3099
f 517/3100/3100 391/3101/3101 394/3102/3102
f 400/3103/3103 399/3104/3104 398/3105/3105
f 400/3106/3106 398/3107/3107 397/3108/3108
f 521/3109/3109 520/3110/3110 395/3111/3111
f 521/3112/3112 395/3113/3113 398/3114/3114
f 404/3115/3115 403/3116/3116 402/3117/3117
f 404/3118/3118 402/3119/3119 401/3120/3120
f 525/3121/3121 524/3122/3122 399/3123/3123
f 525/3124/3124 399/3125/3125 402/3126/3126
f 408/3127/3127 407/3128/3128 406/3129/3129
f 408/3130/3130 406/3131/3131 405/3132/3132
f 529/3133/3133 528/3134/3134 403/3135/3135
f 529/3136/3136 403/3137/3137 406/3138/3138
f 412/3139/3139 411/3140/3140 410/3141/3141
f 412/3142/3142 410/3143/3143 409/3144/3144
f 533/3145/3145 532/3146/3146 407/3147/3147
f 533/3148/3148 407/3149/3149 410/3150/3150
f 537/3151/3151 536/3152/3152 411/3153/3153
f 537/3154/3154 411/3155/3155 414/3156/3156
f 422/3157/3157 421/3158/3158 416/3159/3159
f 422/3160/3160 416/3161/3161 415/3162/3162
f 571/3163/3163 574/3164/3164 417/3165/3165
f 571/3166/3166 417/3167/3167 416/3168/3168
f 426/3169/3169 425/3170/3170 420/3171/3171
f 426/3172/3172 420/3173/3173 419/3174/3174
f 575/3175/3175 578/3176/3176 421/3177/3177
f 575/3178/3178 421/3179/3179 420/3180/3180
f 429/3181/3181 428/3182/3182 424/3183/3183
f 429/3184/3184 424/3185/3185 423/3186/3186
f 579/3187/3187 582/3188/3188 425/3189/3189
f 579/3190/3190 425/3191/3191 424/3192/3192
f 583/3193/3193 585/3194/3194 428/3195/3195
f 583/3196/3196 428/3197/3197 427/3198/3198
f 434/3199/3199 433/3200/3200 432/3201/3201
f 434/3202/3202 432/3203/3203 431/3204/3204
f 665/3205/3205 664/3206/3206 430/3207/3207
f 665/3208/3208 430/3209/3209 432/3210/3210
f 438/3211/3211 437/3212/3212 436/3213/3213
f 438/3214/3214 436/3215/3215 435/3216/3216
f 669/3217/3217 668/3218/3218 433/3219/3219
f 669/3220/3220 433/3221/3221 436/3222/3222
f 442/3223/3223 441/3224/3224 440/3225/3225
f 442/3226/3226 440/3227/3227 439/3228/3228
f 673/3229/3229 672/3230/3230 437/3231/3231
f 673/3232/3232 437/3233/3233 440/3234/3234
f 446/3235/3235 445/3236/3236 444/3237/3237
f 446/3238/3238 444/3239/3239 443/3240/3240
f 677/3241/3241 676/3242/3242 441/3243/3243
f 677/3244/3244 441/3245/3245 444/3246/3246
f 450/3247/3247 449/3248/3248 448/3249/3249
f 450/3250/3250 448/3251/3251 447/3252/3252
f 681/3253/3253 680/3254/3254 445/3255/3255
f 681/3256/3256 445/3257/3257 448/3258/3258
f 454/3259/3259 453/3260/3260 452/3261/3261
f 454/3262/3262 452/3263/3263 451/3264/3264
f 685/3265/3265 684/3266/3266 449/3267/3267
f 685/3268/3268 449/3269/3269 452/3270/3270
f 458/3271/3271 457/3272/3272 456/3273/3273
f 458/3274/3274 456/3275/3275 455/3276/3276
f 689/3277/3277 688/3278/3278 453/3279/3279
f 689/3280/3280 453/3281/3281 456/3282/3282
f 540/3283/3283 539/3284/3284 460/3285/3285
f 540/3286/3286 460/3287/3287 459/3288/3288
f 693/3289/3289 692/3290/3290 457/3291/3291
f 693/3292/3292 457/3293/3293 460/3294/3294
f 468/3295/3295 467/3296/3296 462/3297/3297
f 468/3298/3298 462/3299/3299 461/3300/3300
f 586/3301/3301 589/3302/3302 463/3303/3303
f 586/3304/3304 463/3305/3305 462/3306/3306
f 472/3307/3307 471/3308/3308 466/3309/3309
f 472/3310/3310 466/3311/3311 465/3312/3312
f 590/3313/3313 593/3314/3314 467/3315/3315
f 590/3316/3316 467/3317/3317 466/3318/3318
f 476/3319/3319 475/3320/3320 470/3321/3321
f 476/3322/3322 470/3323/3323 469/3324/3324
f 594/3325/3325 597/3326/3326 471/3327/3327
f 594/3328/3328 471/3329/3329 470/3330/3330
f 480/3331/3331 479/3332/3332 474/3333/3333
f 480/3334/3334 474/3335/3335 473/3336/3336
f 598/3337/3337 601/3338/3338 475/3339/3339
f 598/3340/3340 475/3341/3341 474/3342/3342
f 484/3343/3343 483/3344/3344 478/3345/3345
f 484/3346/3346 478/3347/3347 477/3348/3348
f 602/3349/3349 605/3350/3350 479/3351/3351
f 602/3352/3352 479/3353/3353 478/3354/3354
f 488/3355/3355 487/3356/3356 482/3357/3357
f 488/3358/3358 482/3359/3359 481/3360/3360
f 606/3361/3361 609/3362/3362 483/3363/3363
f 606/3364/3364 483/3365/3365 482/3366/3366
f 492/3367/3367 491/3368/3368 486/3369/3369
f 492/3370/3370 486/3371/3371 485/3372/3372
f 610/3373/3373 613/3374/3374 487/3375/3375
f 610/3376/3376 487/3377/3377 486/3378/3378
f 496/3379/3379 495/3380/3380 490/3381/3381
f 496/3382/3382 490/3383/3383 489/3384/3384
f 614/3385/3385 617/3386/3386 491/3387/3387
f 614/3388/3388 491/3389/3389 490/3390/3390
f 499/3391/3391 498/3392/3392 494/3393/3393
f 499/3394/3394 494/3395/3395 493/3396/3396
f 618/3397/3397 621/3398/3398 495/3399/3399
f 618/3400/3400 495/3401/3401 494/3402/3402
f 622/3403/3403 624/3404/3404 498/3405/3405
f 622/3406/3406 498/3407/3407 497/3408/3408
f 504/3409/3409 503/3410/3410 502/3411/3411
f 504/3412/3412 502/3413/3413 501/3414/3414
f 626/3415/3415 625/3416/3416 500/3417/3417
f 626/3418/3418 500/3419/3419 502/3420/3420
f 508/3421/3421 507/3422/3422 506/3423/3423
f 508/3424/3424 506/3425/3425 505/3426/3426
f 630/3427/3427 629/3428/3428 503/3429/3429
f 630/3430/3430 503/3431/3431 506/3432/3432
f 512/3433/3433 511/3434/3434 510/3435/3435
f 512/3436/3436 510/3437/3437 509/3438/3438
f 634/3439/3439 633/3440/3440 507/3441/3441
f 634/3442/3442 507/3443/3443 510/3444/3444
f 516/3445/3445 515/3446/3446 514/3447/3447
f 516/3448/3448 514/3449/3449 513/3450/3450
f 638/3451/3451 637/3452/3452 511/3453/3453
f 638/3454/3454 511/3455/3455 514/3456/3456
f 520/3457/3457 519/3458/3458 518/3459/3459
f 520/3460/3460 518/3461/3461 517/3462/3462
f 642/3463/3463 641/3464/3464 515/3465/3465
f 642/3466/3466 515/3467/3467 518/3468/3468
f 524/3469/3469 523/3470/3470 522/3471/3471
f 524/3472/3472 522/3473/3473 521/3474/3474
f 646/3475/3475 645/3476/3476 519/3477/3477
f 646/3478/3478 519/3479/3479 522/3480/3480
f 528/3481/3481 527/3482/3482 526/3483/3483
f 528/3484/3484 526/3485/3485 525/3486/3486
f 650/3487/3487 649/3488/3488 523/3489/3489
f 650/3490/3490 523/3491/3491 526/3492/3492
f 532/3493/3493 531/3494/3494 530/3495/3495
f 532/3496/3496 530/3497/3497 529/3498/3498
f 654/3499/3499 653/3500/3500 527/3501/3501
f 654/3502/3502 527/3503/3503 530/3504/3504
f 536/3505/3505 535/3506/3506 534/3507/3507
f 536/3508/3508 534/3509/3509 533/3510/3510
f 658/3511/3511 657/3512/3512 531/3513/3513
f 658/3514/3514 531/3515/3515 534/3516/3516
f 662/3517/3517 661/3518/3518 535/3519/3519
f 662/3520/3520 535/3521/3521 538/3522/3522
f 544/3523/3523 543/3524/3524 542/3525/3525
f 544/3526/3526 542/3527/3527 541/3528/3528
f 697/3529/3529 696/3530/3530 539/3531/3531
f 697/3532/3532 539/3533/3533 542/3534/3534
f 701/3535/3535 700/3536/3536 543/3537/3537
f 701/3538/3538 543/3539/3539 546/3540/3540
f 554/3541/3541 553/3542/3542 548/3543/3543
f 554/3544/3544 548/3545/3545 547/3546/3546
f 703/3547/3547 706/3548/3548 549/3549/3549
f 703/3550/3550 549/3551/3551 548/3552/3552
f 558/3553/3553 557/3554/3554 552/3555/3555
f 558/3556/3556 552/3557/3557 551/3558/3558
f 707/3559/3559 710/3560/3560 553/3561/3561
f 707/3562/3562 553/3563/3563 552/3564/3564
f 562/3565/3565 561/3566/3566 556/3567/3567
f 562/3568/3568 556/3569/3569 555/3570/3570
f 789/3571/3571 792/3572/3572 557/3573/3573
f 789/3574/3574 557/3575/3575 556/3576/3576
f 566/3577/3577 565/3578/3578 560/3579/3579
f 566/3580/3580 560/3581/3581 559/3582/3582
f 793/3583/3583 796/3584/3584 561/3585/3585
f 793/3586/3586 561/3587/3587 560/3588/3588
f 570/3589/3589 569/3590/3590 564/3591/3591
f 570/3592/3592 564/3593/3593 563/3594/3594
f 797/3595/3595 800/3596/3596 565/3597/3597
f 797/3598/3598 565/3599/3599 564/3600/3600
f 574/3601/3601 573/3602/3602 568/3603/3603
f 574/3604/3604 568/3605/3605 567/3606/3606
f 801/3607/3607 804/3608/3608 569/3609/3609
f 801/3610/3610 569/3611/3611 568/3612/3612
f 578/3613/3613 577/3614/3614 572/3615/3615
f 578/3616/3616 572/3617/3617 571/3618/3618
f 805/3619/3619 808/3620/3620 573/3621/3621
f 805/3622/3622 573/3623/3623 572/3624/3624
f 582/3625/3625 581/3626/3626 576/3627/3627
f 582/3628/3628 576/3629/3629 575/3630/3630
f 809/3631/3631 812/3632/3632 577/3633/3633
f 809/3634/3634 577/3635/3635 576/3636/3636
f 585/3637/3637 584/3638/3638 580/3639/3639
f 585/3640/3640 580/3641/3641 579/3642/3642
f 813/3643/3643 816/3644/3644 581/3645/3645
f 813/3646/3646 581/3647/3647 580/3648/3648
f 817/3649/3649 819/3650/3650 584/3651/3651
f 817/3652/3652 584/3653/3653 583/3654/3654
f 593/3655/3655 592/3656/3656 587/3657/3657
f 593/3658/3658 587/3659/3659 586/3660/3660
f 711/3661/3661 714/3662/3662 588/3663/3663
f 711/3664/3664 588/3665/3665 587/3666/3666
f 597/3667/3667 596/3668/3668 591/3669/3669
f 597/3670/3670 591/3671/3671 590/3672/3672
f 715/3673/3673 718/3674/3674 592/3675/3675
f 715/3676/3676 592/3677/3677 591/3678/3678
f 601/3679/3679 600/3680/3680 595/3681/3681
f 601/3682/3682 595/3683/3683 594/3684/3684
f 719/3685/3685 722/3686/3686 596/3687/3687
f 719/3688/3688 596/3689/3689 595/3690/3690
f 605/3691/3691 604/3692/3692 599/3693/3693
f 605/3694/3694 599/3695/3695 598/3696/3696
f 723/3697/3697 726/3698/3698 600/3699/3699
f 723/3700/3700 600/3701/3701 599/3702/3702
f 609/3703/3703 608/3704/3704 603/3705/3705
f 609/3706/3706 603/3707/3707 602/3708/3708
f 727/3709/3709 730/3710/3710 604/3711/3711
f 727/3712/3712 604/3713/3713 603/3714/3714
f 613/3715/3715 612/3716/3716 607/3717/3717
f 613/3718/3718 607/3719/3719 606/3720/3720
f 731/3721/3721 734/3722/3722 608/3723/3723
f 731/3724/3724 608/3725/3725 607/3726/3726
f 617/3727/3727 616/3728/3728 611/3729/3729
f 617/3730/3730 611/3731/3731 610/3732/3732
f 735/3733/3733 738/3734/3734 612/3735/3735
f 735/3736/3736 612/3737/3737 611/3738/3738
f 621/3739/3739 620/3740/3740 615/3741/3741
f 621/3742/3742 615/3743/3743 614/3744/3744
f 739/3745/3745 742/3746/3746 616/3747/3747
f 739/3748/3748 616/3749/3749 615/3750/3750
f 624/3751/3751 623/3752/3752 619/3753/3753
f 624/3754/3754 619/3755/3755 618/3756/3756
f 743/3757/3757 746/3758/3758 620/3759/3759
f 743/3760/3760 620/3761/3761 619/3762/3762
f 747/3763/3763 749/3764/3764 623/3765/3765
f 747/3766/3766 623/3767/3767 622/3768/3768
f 629/3769/3769 628/3770/3770 627/3771/3771
f 629/3772/3772 627/3773/3773 626/3774/3774
f 751/3775/3775 750/3776/3776 625/3777/3777
f 751/3778/3778 625/3779/3779 627/3780/3780
f 633/3781/3781 632/3782/3782 631/3783/3783
f 633/3784/3784 631/3785/3785 630/3786/3786
f 755/3787/3787 754/3788/3788 628/3789/3789
f 755/3790/3790 628/3791/3791 631/3792/3792
f 637/3793/3793 636/3794/3794 635/3795/3795
f 637/3796/3796 635/3797/3797 634/3798/3798
f 759/3799/3799 758/3800/3800 632/3801/3801
f 759/3802/3802 632/3803/3803 635/3804/3804
f 641/3805/3805 640/3806/3806 639/3807/3807
f 641/3808/3808 639/3809/3809 638/3810/3810
f 763/3811/3811 762/3812/3812 636/3813/3813
f 763/3814/3814 636/3815/3815 639/3816/3816
f 645/3817/3817 644/3818/3818 643/3819/3819
f 645/3820/3820 643/3821/3821 642/3822/3822
f 767/3823/3823 766/3824/3824 640/3825/3825
f 767/3826/3826 640/3827/3827 643/3828/3828
f 649/3829/3829 648/3830/3830 647/3831/3831
f 649/3832/3832 647/3833/3833 646/3834/3834
f 771/3835/3835 770/3836/3836 644/3837/3837
f 771/3838/3838 644/3839/3839 647/3840/3840
f 653/3841/3841 652/3842/3842 651/3843/3843
f 653/3844/3844 651/3845/3845 650/3846/3846
f 775/3847/3847 774/3848/3848 648/3849/3849
f 775/3850/3850 648/3851/3851 651/3852/3852
f 657/3853/3853 656/3854/3854 655/3855/3855
f 657/3856/3856 655/3857/3857 654/3858/3858
f 779/3859/3859 778/3860/3860 652/3861/3861
f 779/3862/3862 652/3863/3863 655/3864/3864
f 661/3865/3865 660/3866/3866 659/3867/3867
f 661/3868/3868 659/3869/3869 658/3870/3870
f 783/3871/3871 782/3872/3872 656/3873/3873
f 783/3874/3874 656/3875/3875 659/3876/3876
f 787/3877/3877 786/3878/3878 660/3879/3879
f 787/3880/3880 660/3881/3881 663/3882/3882
f 668/3883/3883 667/3884/3884 666/3885/3885
f 668/3886/3886 666/3887/3887 665/3888/3888
f 821/3889/3889 820/3890/3890 664/3891/3891
f 821/3892/3892 664/3893/3893 666/3894/3894
f 672/3895/3895 671/3896/3896 670/3897/3897
f 672/3898/3898 670/3899/3899 669/3900/3900
f 825/3901/3901 824/3902/3902 667/3903/3903
f 825/3904/3904 667/3905/3905 670/3906/3906
f 676/3907/3907 675/3908/3908 674/3909/3909
f 676/3910/3910 674/3911/3911 673/3912/3912
f 829/3913/3913 828/3914/3914 671/3915/3915
f 829/3916/3916 671/3917/3917 674/3918/3918
f 680/3919/3919 679/3920/3920 678/3921/3921
f 680/3922/3922 678/3923/3923 677/3924/3924
f 833/3925/3925 832/3926/3926 675/3927/3927
f 833/3928/3928 675/3929/3929 678/3930/3930
f 684/3931/3931 683/3932/3932 682/3933/3933
f 684/3934/3934 682/3935/3935 681/3936/3936
f 915/3937/3937 914/3938/3938 679/3939/3939
f 915/3940/3940 679/3941/3941 682/3942/3942
f 688/3943/3943 687/3944/3944 686/3945/3945
f 688/3946/3946 686/3947/3947 685/3948/3948
f 919/3949/3949 918/3950/3950 683/3951/3951
f 919/3952/3952 683/3953/3953 686/3954/3954
f 692/3955/3955 691/3956/3956 690/3957/3957
f 692/3958/3958 690/3959/3959 689/3960/3960
f 923/3961/3961 922/3962/3962 687/3963/3963
f 923/3964/3964 687/3965/3965 690/3966/3966
f 696/3967/3967 695/3968/3968 694/3969/3969
f 696/3970/3970 694/3971/3971 693/3972/3972
f 927/3973/3973 926/3974/3974 691/3975/3975
f 927/3976/3976 691/3977/3977 694/3978/3978
f 700/3979/3979 699/3980/3980 698/3981/3981
f 700/3982/3982 698/3983/3983 697/3984/3984
f 931/3985/3985 930/3986/3986 695/3987/3987
f 931/3988/3988 695/3989/3989 698/3990/3990
f 935/3991/3991 934/3992/3992 699/3993/3993
f 935/3994/3994 699/3995/3995 702/3996/3996
f 710/3997/3997 709/3998/3998 704/3999/3999
f 710/4000/4000 704/4001/4001 703/4002/4002
f 937/4003/4003 940/4004/4004 705/4005/4005
f 937/4006/4006 705/4007/4007 704/4008/4008
f 792/4009/4009 791/4010/4010 708/4011/4011
f 792/4012/4012 708/4013/4013 707/4014/4014
f 941/4015/4015 944/4016/4016 709/4017/4017
f 941/4018/4018 709/4019/4019 708/4020/4020
f 718/4021/4021 717/4022/4022 712/4023/4023
f 718/4024/4024 712/4025/4025 711/4026/4026
f 835/4027/4027 838/4028/4028 713/4029/4029
f 835/4030/4030 713/4031/4031 712/4032/4032
f 722/4033/4033 721/4034/4034 716/4035/4035
f 722/4036/4036 716/4037/4037 715/4038/4038
f 839/4039/4039 842/4040/4040 717/4041/4041
f 839/4042/4042 717/4043/4043 716/4044/4044
f 726/4045/4045 725/4046/4046 720/4047/4047
f 726/4048/4048 720/4049/4049 719/4050/4050
f 843/4051/4051 846/4052/4052 721/4053/4053
f 843/4054/4054 721/4055/4055 720/4056/4056
f 730/4057/4057 729/4058/4058 724/4059/4059
f 730/4060/4060 724/4061/4061 723/4062/4062
f 847/4063/4063 850/4064/4064 725/4065/4065
f 847/4066/4066 725/4067/4067 724/4068/4068
f 734/4069/4069 733/4070/4070 728/4071/4071
f 734/4072/4072 728/4073/4073 727/4074/4074
f 851/4075/4075 854/4076/4076 729/4077/4077
f 851/4078/4078 729/4079/4079 728/4080/4080
f 738/4081/4081 737/4082/4082 732/4083/4083
f 738/4084/4084 732/4085/4085 731/4086/4086
f 855/4087/4087 858/4088/4088 733/4089/4089
f 855/4090/4090 733/4091/4091 732/4092/4092
f 742/4093/4093 741/4094/4094 736/4095/4095
f 742/4096/4096 736/4097/4097 735/4098/4098
f 859/4099/4099 862/4100/4100 737/4101/4101
f 859/4102/4102 737/4103/4103 736/4104/4104
f 746/4105/4105 745/4106/4106 740/4107/4107
f 746/4108/4108 740/4109/4109 739/4110/4110
f 863/4111/4111 866/4112/4112 741/4113/4113
f 863/4114/4114 741/4115/4115 740/4116/4116
f 749/4117/4117 748/4118/4118 744/4119/4119
f 749/4120/4120 744/4121/4121 743/4122/4122
f 867/4123/4123 870/4124/4124 745/4125/4125
f 867/4126/4126 745/4127/4127 744/4128/4128
f 871/4129/4129 873/4130/4130 748/4131/4131
f 871/4132/4132 748/4133/4133 747/4134/4134
f 754/4135/4135 753/4136/4136 752/4137/4137
f 754/4138/4138 752/4139/4139 751/4140/4140
f 875/4141/4141 874/4142/4142 750/4143/4143
f 875/4144/4144 750/4145/4145 752/4146/4146
f 758/4147/4147 757/4148/4148 756/4149/4149
f 758/4150/4150 756/4151/4151 755/4152/4152
f 879/4153/4153 878/4154/4154 753/4155/4155
f 879/4156/4156 753/4157/4157 756/4158/4158
f 762/4159/4159 761/4160/4160 760/4161/4161
f 762/4162/4162 760/4163/4163 759/4164/4164
f 883/4165/4165 882/4166/4166 757/4167/4167
f 883/4168/4168 757/4169/4169 760/4170/4170
f 766/4171/4171 765/4172/4172 764/4173/4173
f 766/4174/4174 764/4175/4175 763/4176/4176
f 887/4177/4177 886/4178/4178 761/4179/4179
f 887/4180/4180 761/4181/4181 764/4182/4182
f 770/4183/4183 769/4184/4184 768/4185/4185
f 770/4186/4186 768/4187/4187 767/4188/4188
f 891/4189/4189 890/4190/4190 765/4191/4191
f 891/4192/4192 765/4193/4193 768/4194/4194
f 774/4195/4195 773/4196/4196 772/4197/4197
f 774/4198/4198 772/4199/4199 771/4200/4200
f 895/4201/4201 894/4202/4202 769/4203/4203
f 895/4204/4204 769/4205/4205 772/4206/4206
f 778/4207/4207 777/4208/4208 776/4209/4209
f 778/4210/4210 776/4211/4211 775/4212/4212
f 899/4213/4213 898/4214/4214 773/4215/4215
f 899/4216/4216 773/4217/4217 776/4218/4218
f 782/4219/4219 781/4220/4220 780/4221/4221
f 782/4222/4222 780/4223/4223 779/4224/4224
f 903/4225/4225 902/4226/4226 777/4227/4227
f 903/4228/4228 777/4229/4229 780/4230/4230
f 786/4231/4231 785/4232/4232 784/4233/4233
f 786/4234/4234 784/4235/4235 783/4236/4236
f 907/4237/4237 906/4238/4238 781/4239/4239
f 907/4240/4240 781/4241/4241 784/4242/4242
f 911/4243/4243 910/4244/4244 785/4245/4245
f 911/4246/4246 785/4247/4247 788/4248/4248
f 796/4249/4249 795/4250/4250 790/4251/4251
f 796/4252/4252 790/4253/4253 789/4254/4254
f 945/4255/4255 948/4256/4256 791/4257/4257
f 945/4258/4258 791/4259/4259 790/4260/4260
f 800/4261/4261 799/4262/4262 794/4263/4263
f 800/4264/4264 794/4265/4265 793/4266/4266
f 949/4267/4267 952/4268/4268 795/4269/4269
f 949/4270/4270 795/4271/4271 794/4272/4272
f 804/4273/4273 803/4274/4274 798/4275/4275
f 804/4276/4276 798/4277/4277 797/4278/4278
f 953/4279/4279 956/4280/4280 799/4281/4281
f 953/4282/4282 799/4283/4283 798/4284/4284
f 808/4285/4285 807/4286/4286 802/4287/4287
f 808/4288/4288 802/4289/4289 801/4290/4290
f 957/4291/4291 960/4292/4292 803/4293/4293
f 957/4294/4294 803/4295/4295 802/4296/4296
f 812/4297/4297 811/4298/4298 806/4299/4299
f 812/4300/4300 806/4301/4301 805/4302/4302
f 1039/4303/4303 1042/4304/4304 807/4305/4305
f 1039/4306/4306 807/4307/4307 806/4308/4308
f 816/4309/4309 815/4310/4310 810/4311/4311
f 816/4312/4312 810/4313/4313 809/4314/4314
f 1043/4315/4315 1046/4316/4316 811/4317/4317
f 1043/4318/4318 811/4319/4319 810/4320/4320
f 819/4321/4321 818/4322/4322 814/4323/4323
f 819/4324/4324 814/4325/4325 813/4326/4326
f 1047/4327/4327 1050/4328/4328 815/4329/4329
f 1047/4330/4330 815/4331/4331 814/4332/4332
f 1051/4333/4333 1053/4334/4334 818/4335/4335
f 1051/4336/4336 818/4337/4337 817/4338/4338
f 824/4339/4339 823/4340/4340 822/4341/4341
f 824/4342/4342 822/4343/4343 821/4344/4344
f 1055/4345/4345 1054/4346/4346 820/4347/4347
f 1055/4348/4348 820/4349/4349 822/4350/4350
f 828/4351/4351 827/4352/4352 826/4353/4353
f 828/4354/4354 826/4355/4355 825/4356/4356
f 1059/4357/4357 1058/4358/4358 823/4359/4359
f 1059/4360/4360 823/4361/4361 826/4362/4362
f 832/4363/4363 831/4364/4364 830/4365/4365
f 832/4366/4366 830/4367/4367 829/4368/4368
f 1063/4369/4369 1062/4370/4370 827/4371/4371
f 1063/4372/4372 827/4373/4373 830/4374/4374
f 914/4375/4375 913/4376/4376 834/4377/4377
f 914/4378/4378 834/4379/4379 833/4380/4380
f 1067/4381/4381 1066/4382/4382 831/4383/4383
f 1067/4384/4384 831/4385/4385 834/4386/4386
f 842/4387/4387 841/4388/4388 836/4389/4389
f 842/4390/4390 836/4391/4391 835/4392/4392
f 961/4393/4393 964/4394/4394 837/4395/4395
f 961/4396/4396 837/4397/4397 836/4398/4398
f 846/4399/4399 845/4400/4400 840/4401/4401
f 846/4402/4402 840/4403/4403 839/4404/4404
f 965/4405/4405 968/4406/4406 841/4407/4407
f 965/4408/4408 841/4409/4409 840/4410/4410
f 850/4411/4411 849/4412/4412 844/4413/4413
f 850/4414/4414 844/4415/4415 843/4416/4416
f 969/4417/4417 972/4418/4418 845/4419/4419
f 969/4420/4420 845/4421/4421 844/4422/4422
f 854/4423/4423 853/4424/4424 848/4425/4425
f 854/4426/4426 848/4427/4427 847/4428/4428
f 973/4429/4429 976/4430/4430 849/4431/4431
f 973/4432/4432 849/4433/4433 848/4434/4434
f 858/4435/4435 857/4436/4436 852/4437/4437
f 858/4438/4438 852/4439/4439 851/4440/4440
f 977/4441/4441 980/4442/4442 853/4443/4443
f 977/4444/4444 853/4445/4445 852/4446/4446
f 862/4447/4447 861/4448/4448 856/4449/4449
f 862/4450/4450 856/4451/4451 855/4452/4452
f 981/4453/4453 984/4454/4454 857/4455/4455
f 981/4456/4456 857/4457/4457 856/4458/4458
f 866/4459/4459 865/4460/4460 860/4461/4461
f 866/4462/4462 860/4463/4463 859/4464/4464
f 985/4465/4465 988/4466/4466 861/4467/4467
f 985/4468/4468 861/4469/4469 860/4470/4470
f 870/4471/4471 869/4472/4472 864/4473/4473
f 870/4474/4474 864/4475/4475 863/4476/4476
f 989/4477/4477 992/4478/4478 865/4479/4479
f 989/4480/4480 865/4481/4481 864/4482/4482
f 873/4483/4483 872/4484/4484 868/4485/4485
f 873/4486/4486 868/4487/4487 867/4488/4488
f 993/4489/4489 996/4490/4490 869/4491/4491
f 993/4492/4492 869/4493/4493 868/4494/4494
f 997/4495/4495 999/4496/4496 872/4497/4497
f 997/4498/4498 872/4499/4499 871/4500/4500
f 878/4501/4501 877/4502/4502 876/4503/4503
f 878/4504/4504 876/4505/4505 875/4506/4506
f 1001/4507/4507 1000/4508/4508 874/4509/4509
f 1001/4510/4510 874/4511/4511 876/4512/4512
f 882/4513/4513 881/4514/4514 880/4515/4515
f 882/4516/4516 880/4517/4517 879/4518/4518
f 1005/4519/4519 1004/4520/4520 877/4521/4521
f 1005/4522/4522 877/4523/4523 880/4524/4524
f 886/4525/4525 885/4526/4526 884/4527/4527
f 886/4528/4528 884/4529/4529 883/4530/4530
f 1009/4531/4531 1008/4532/4532 881/4533/4533
f 1009/4534/4534 881/4535/4535 884/4536/4536
f 890/4537/4537 889/4538/4538 888/4539/4539
f 890/4540/4540 888/4541/4541 887/4542/4542
f 1013/4543/4543 1012/4544/4544 885/4545/4545
f 1013/4546/4546 885/4547/4547 888/4548/4548
f 894/4549/4549 893/4550/4550 892/4551/4551
f 894/4552/4552 892/4553/4553 891/4554/4554
f 1017/4555/4555 1016/4556/4556 889/4557/4557
f 1017/4558/4558 889/4559/4559 892/4560/4560
f 898/4561/4561 897/4562/4562 896/4563/4563
f 898/4564/4564 896/4565/4565 895/4566/4566
f 1021/4567/4567 1020/4568/4568 893/4569/4569
f 1021/4570/4570 893/4571/4571 896/4572/4572
f 902/4573/4573 901/4574/4574 900/4575/4575
f 902/4576/4576 900/4577/4577 899/4578/4578
f 1025/4579/4579 1024/4580/4580 897/4581/4581
f 1025/4582/4582 897/4583/4583 900/4584/4584
f 906/4585/4585 905/4586/4586 904/4587/4587
f 906/4588/4588 904/4589/4589 903/4590/4590
f 1029/4591/4591 1028/4592/4592 901/4593/4593
f 1029/4594/4594 901/4595/4595 904/4596/4596
f 910/4597/4597 909/4598/4598 908/4599/4599
f 910/4600/4600 908/4601/4601 907/4602/4602
f 1033/4603/4603 1032/4604/4604 905/4605/4605
f 1033/4606/4606 905/4607/4607 908/4608/4608
f 1037/4609/4609 1036/4610/4610 909/4611/4611
f 1037/4612/4612 909/4613/4613 912/4614/4614
f 918/4615/4615 917/4616/4616 916/4617/4617
f 918/4618/4618 916/4619/4619 915/4620/4620
f 1071/4621/4621 1070/4622/4622 913/4623/4623
f 1071/4624/4624 913/4625/4625 916/4626/4626
f 922/4627/4627 921/4628/4628 920/4629/4629
f 922/4630/4630 920/4631/4631 919/4632/4632
f 1075/4633/4633 1074/4634/4634 917/4635/4635
f 1075/4636/4636 917/4637/4637 920/4638/4638
f 926/4639/4639 925/4640/4640 924/4641/4641
f 926/4642/4642 924/4643/4643 923/4644/4644
f 1079/4645/4645 1078/4646/4646 921/4647/4647
f 1079/4648/4648 921/4649/4649 924/4650/4650
f 930/4651/4651 929/4652/4652 928/4653/4653
f 930/4654/4654 928/4655/4655 927/4656/4656
f 1083/4657/4657 1082/4658/4658 925/4659/4659
f 1083/4660/4660 925/4661/4661 928/4662/4662
f 934/4663/4663 933/4664/4664 932/4665/4665
f 934/4666/4666 932/4667/4667 931/4668/4668
f 1165/4669/4669 1164/4670/4670 929/4671/4671
f 1165/4672/4672 929/4673/4673 932/4674/4674
f 1169/4675/4675 1168/4676/4676 933/4677/4677
f 1169/4678/4678 933/4679/4679 936/4680/4680
f 944/4681/4681 943/4682/4682 938/4683/4683
f 944/4684/4684 938/4685/4685 937/4686/4686
f 1171/4687/4687 1174/4688/4688 939/4689/4689
f 1171/4690/4690 939/4691/4691 938/4692/4692
f 948/4693/4693 947/4694/4694 942/4695/4695
f 948/4696/4696 942/4697/4697 941/4698/4698
f 1175/4699/4699 1178/4700/4700 943/4701/4701
f 1175/4702/4702 943/4703/4703 942/4704/4704
f 952/4705/4705 951/4706/4706 946/4707/4707
f 952/4708/4708 946/4709/4709 945/4710/4710
f 1179/4711/4711 1182/4712/4712 947/4713/4713
f 1179/4714/4714 947/4715/4715 946/4716/4716
f 956/4717/4717 955/4718/4718 950/4719/4719
f 956/4720/4720 950/4721/4721 949/4722/4722
f 1183/4723/4723 1186/4724/4724 951/4725/4725
f 1183/4726/4726 951/4727/4727 950/4728/4728
f 960/4729/4729 959/4730/4730 954/4731/4731
f 960/4732/4732 954/4733/4733 953/4734/4734
f 1187/4735/4735 1190/4736/4736 955/4737/4737
f 1187/4738/4738 955/4739/4739 954/4740/4740
f 1042/4741/4741 1041/4742/4742 958/4743/4743
f 1042/4744/4744 958/4745/4745 957/4746/4746
f 1191/4747/4747 1194/4748/4748 959/4749/4749
f 1191/4750/4750 959/4751/4751 958/4752/4752
f 968/4753/4753 967/4754/4754 962/4755/4755
f 968/4756/4756 962/4757/4757 961/4758/4758
f 1085/4759/4759 1088/4760/4760 963/4761/4761
f 1085/4762/4762 963/4763/4763 962/4764/4764
f 972/4765/4765 971/4766/4766 966/4767/4767
f 972/4768/4768 966/4769/4769 965/4770/4770
f 1089/4771/4771 1092/4772/4772 967/4773/4773
f 1089/4774/4774 967/4775/4775 966/4776/4776
f 976/4777/4777 975/4778/4778 970/4779/4779
f 976/4780/4780 970/4781/4781 969/4782/4782
f 1093/4783/4783 1096/4784/4784 971/4785/4785
f 1093/4786/4786 971/4787/4787 970/4788/4788
f 980/4789/4789 979/4790/4790 974/4791/4791
f 980/4792/4792 974/4793/4793 973/4794/4794
f 1097/4795/4795 1100/4796/4796 975/4797/4797
f 1097/4798/4798 975/4799/4799 974/4800/4800
f 984/4801/4801 983/4802/4802 978/4803/4803
f 984/4804/4804 978/4805/4805 977/4806/4806
f 1101/4807/4807 1104/4808/4808 979/4809/4809
f 1101/4810/4810 979/4811/4811 978/4812/4812
f 988/4813/4813 987/4814/4814 982/4815/4815
f 988/4816/4816 982/4817/4817 981/4818/4818
f 1105/4819/4819 1108/4820/4820 983/4821/4821
f 1105/4822/4822 983/4823/4823 982/4824/4824
f 992/4825/4825 991/4826/4826 986/4827/4827
f 992/4828/4828 986/4829/4829 985/4830/4830
f 1109/4831/4831 1112/4832/4832 987/4833/4833
f 1109/4834/4834 987/4835/4835 986/4836/4836
f 996/4837/4837 995/4838/4838 990/4839/4839
f 996/4840/4840 990/4841/4841 989/4842/4842
f 1113/4843/4843 1116/4844/4844 991/4845/4845
f 1113/4846/4846 991/4847/4847 990/4848/4848
f 999/4849/4849 998/4850/4850 994/4851/4851
f 999/4852/4852 994/4853/4853 993/4854/4854
f 1117/4855/4855 1120/4856/4856 995/4857/4857
f 1117/4858/4858 995/4859/4859 994/4860/4860
f 1121/4861/4861 1123/4862/4862 998/4863/4863
f 1121/4864/4864 998/4865/4865 997/4866/4866
f 1004/4867/4867 1003/4868/4868 1002/4869/4869
f 1004/4870/4870 1002/4871/4871 1001/4872/4872
f 1125/4873/4873 1124/4874/4874 1000/4875/4875
f 1125/4876/4876 1000/4877/4877 1002/4878/4878
f 1008/4879/4879 1007/4880/4880 1006/4881/4881
f 1008/4882/4882 1006/4883/4883 1005/4884/4884
f 1129/4885/4885 1128/4886/4886 1003/4887/4887
f 1129/4888/4888 1003/4889/4889 1006/4890/4890
f 1012/4891/4891 1011/4892/4892 1010/4893/4893
f 1012/4894/4894 1010/4895/4895 1009/4896/4896
f 1133/4897/4897 1132/4898/4898 1007/4899/4899
f 1133/4900/4900 1007/4901/4901 1010/4902/4902
f 1016/4903/4903 1015/4904/4904 1014/4905/4905
f 1016/4906/4906 1014/4907/4907 1013/4908/4908
f 1137/4909/4909 1136/4910/4910 1011/4911/4911
f 1137/4912/4912 1011/4913/4913 1014/4914/4914
f 1020/4915/4915 1019/4916/4916 1018/4917/4917
f 1020/4918/4918 1018/4919/4919 1017/4920/4920
f 1141/4921/4921 1140/4922/4922 1015/4923/4923
f 1141/4924/4924 1015/4925/4925 1018/4926/4926
f 1024/4927/4927 1023/4928/4928 1022/4929/4929
f 1024/4930/4930 1022/4931/4931 1021/4932/4932
f 1145/4933/4933 1144/4934/4934 1019/4935/4935
f 1145/4936/4936 1019/4937/4937 1022/4938/4938
f 1028/4939/4939 1027/4940/4940 1026/4941/4941
f 1028/4942/4942 1026/4943/4943 1025/4944/4944
f 1149/4945/4945 1148/4946/4946 1023/4947/4947
f 1149/4948/4948 1023/4949/4949 1026/4950/4950
f 1032/4951/4951 1031/4952/4952 1030/4953/4953
f 1032/4954/4954 1030/4955/4955 1029/4956/4956
f 1153/4957/4957 1152/4958/4958 1027/4959/4959
f 1153/4960/4960 1027/4961/4961 1030/4962/4962
f 1036/4963/4963 1035/4964/4964 1034/4965/4965
f 1036/4966/4966 1034/4967/4967 1033/4968/4968
f 1157/4969/4969 1156/4970/4970 1031/4971/4971
f 1157/4972/4972 1031/4973/4973 1034/4974/4974
f 1161/4975/4975 1160/4976/4976 1035/4977/4977
f 1161/4978/4978 1035/4979/4979 1038/4980/4980
f 1046/4981/4981 1045/4982/4982 1040/4983/4983
f 1046/4984/4984 1040/4985/4985 1039/4986/4986
f 1195/4987/4987 1198/4988/4988 1041/4989/4989
f 1195/4990/4990 1041/4991/4991 1040/4992/4992
f 1050/4993/4993 1049/4994/4994 1044/4995/4995
f 1050/4996/4996 1044/4997/4997 1043/4998/4998
f 1199/4999/4999 1202/5000/5000 1045/5001/5001
f 1199/5002/5002 1045/5003/5003 1044/5004/5004
f 1053/5005/5005 1052/5006/5006 1048/5007/5007
f 1053/5008/5008 1048/5009/5009 1047/5010/5010
f 1203/5011/5011 1206/5012/5012 1049/5013/5013
f 1203/5014/5014 1049/5015/5015 1048/5016/5016
f 1207/5017/5017 1209/5018/5018 1052/5019/5019
f 1207/5020/5020 1052/5021/5021 1051/5022/5022
f 1058/5023/5023 1057/5024/5024 1056/5025/5025
f 1058/5026/5026 1056/5027/5027 1055/5028/5028
f 1247/5029/5029 1246/5030/5030 1054/5031/5031
f 1247/5032/5032 1054/5033/5033 1056/5034/5034
f 1062/5035/5035 1061/5036/5036 1060/5037/5037
f 1062/5038/5038 1060/5039/5039 1059/5040/5040
f 1244/5041/5041 1243/5042/5042 1057/5043/5043
f 1244/5044/5044 1057/5045/5045 1060/5046/5046
f 1066/5047/5047 1065/5048/5048 1064/5049/5049
f 1066/5050/5050 1064/5051/5051 1063/5052/5052
f 1240/5053/5053 1239/5054/5054 1061/5055/5055
f 1240/5056/5056 1061/5057/5057 1064/5058/5058
f 1070/5059/5059 1069/5060/5060 1068/5061/5061
f 1070/5062/5062 1068/5063/5063 1067/5064/5064
f 1236/5065/5065 1235/5066/5066 1065/5067/5067
f 1236/5068/5068 1065/5069/5069 1068/5070/5070
f 1074/5071/5071 1073/5072/5072 1072/5073/5073
f 1074/5074/5074 1072/5075/5075 1071/5076/5076
f 1232/5077/5077 1231/5078/5078 1069/5079/5079
f 1232/5080/5080 1069/5081/5081 1072/5082/5082
f 1078/5083/5083 1077/5084/5084 1076/5085/5085
f 1078/5086/5086 1076/5087/5087 1075/5088/5088
f 1228/5089/5089 1227/5090/5090 1073/5091/5091
f 1228/5092/5092 1073/5093/5093 1076/5094/5094
f 1082/5095/5095 1081/5096/5096 1080/5097/5097
f 1082/5098/5098 1080/5099/5099 1079/5100/5100
f 1224/5101/5101 1223/5102/5102 1077/5103/5103
f 1224/5104/5104 1077/5105/5105 1080/5106/5106
f 1164/5107/5107 1163/5108/5108 1084/5109/5109
f 1164/5110/5110 1084/5111/5111 1083/5112/5112
f 1220/5113/5113 1219/5114/5114 1081/5115/5115
f 1220/5116/5116 1081/5117/5117 1084/5118/5118
f 1092/5119/5119 1091/5120/5120 1086/5121/5121
f 1092/5122/5122 1086/5123/5123 1085/5124/5124
f 1210/5125/5125 1213/5126/5126 1087/5127/5127
f 1210/5128/5128 1087/5129/5129 1086/5130/5130
f 1096/5131/5131 1095/5132/5132 1090/5133/5133
f 1096/5134/5134 1090/5135/5135 1089/5136/5136
f 1214/5137/5137 1217/5138/5138 1091/5139/5139
f 1214/5140/5140 1091/5141/5141 1090/5142/5142
f 1100/5143/5143 1099/5144/5144 1094/5145/5145
f 1100/5146/5146 1094/5147/5147 1093/5148/5148
f 1218/5149/5149 1221/5150/5150 1095/5151/5151
f 1218/5152/5152 1095/5153/5153 1094/5154/5154
f 1104/5155/5155 1103/5156/5156 1098/5157/5157
f 1104/5158/5158 1098/5159/5159 1097/5160/5160
f 1222/5161/5161 1225/5162/5162 1099/5163/5163
f 1222/5164/5164 1099/5165/5165 1098/5166/5166
f 1108/5167/5167 1107/5168/5168 1102/5169/5169
f 1108/5170/5170 1102/5171/5171 1101/5172/5172
f 1226/5173/5173 1229/5174/5174 1103/5175/5175
f 1226/5176/5176 1103/5177/5177 1102/5178/5178
f 1112/5179/5179 1111/5180/5180 1106/5181/5181
f 1112/5182/5182 1106/5183/5183 1105/5184/5184
f 1230/5185/5185 1233/5186/5186 1107/5187/5187
f 1230/5188/5188 1107/5189/5189 1106/5190/5190
f 1116/5191/5191 1115/5192/5192 1110/5193/5193
f 1116/5194/5194 1110/5195/5195 1109/5196/5196
f 1234/5197/5197 1237/5198/5198 1111/5199/5199
f 1234/5200/5200 1111/5201/5201 1110/5202/5202
f 1120/5203/5203 1119/5204/5204 1114/5205/5205
f 1120/5206/5206 1114/5207/5207 1113/5208/5208
f 1238/5209/5209 1241/5210/5210 1115/5211/5211
f 1238/5212/5212 1115/5213/5213 1114/5214/5214
f 1123/5215/5215 1122/5216/5216 1118/5217/5217
f 1123/5218/5218 1118/5219/5219 1117/5220/5220
f 1242/5221/5221 1245/5222/5222 1119/5223/5223
f 1242/5224/5224 1119/5225/5225 1118/5226/5226
f 1246/5227/5227 1248/5228/5228 1122/5229/5229
f 1246/5230/5230 1122/5231/5231 1121/5232/5232
f 1128/5233/5233 1127/5234/5234 1126/5235/5235
f 1128/5236/5236 1126/5237/5237 1125/5238/5238
f 1208/5239/5239 1207/5240/5240 1124/5241/5241
f 1208/5242/5242 1124/5243/5243 1126/5244/5244
f 1132/5245/5245 1131/5246/5246 1130/5247/5247
f 1132/5248/5248 1130/5249/5249 1129/5250/5250
f 1205/5251/5251 1204/5252/5252 1127/5253/5253
f 1205/5254/5254 1127/5255/5255 1130/5256/5256
f 1136/5257/5257 1135/5258/5258 1134/5259/5259
f 1136/5260/5260 1134/5261/5261 1133/5262/5262
f 1201/5263/5263 1200/5264/5264 1131/5265/5265
f 1201/5266/5266 1131/5267/5267 1134/5268/5268
f 1140/5269/5269 1139/5270/5270 1138/5271/5271
f 1140/5272/5272 1138/5273/5273 1137/5274/5274
f 1197/5275/5275 1196/5276/5276 1135/5277/5277
f 1197/5278/5278 1135/5279/5279 1138/5280/5280
f 1144/5281/5281 1143/5282/5282 1142/5283/5283
f 1144/5284/5284 1142/5285/5285 1141/5286/5286
f 1193/5287/5287 1192/5288/5288 1139/5289/5289
f 1193/5290/5290 1139/5291/5291 1142/5292/5292
f 1148/5293/5293 1147/5294/5294 1146/5295/5295
f 1148/5296/5296 1146/5297/5297 1145/5298/5298
f 1189/5299/5299 1188/5300/5300 1143/5301/5301
f 1189/5302/5302 1143/5303/5303 1146/5304/5304
f 1152/5305/5305 1151/5306/5306 1150/5307/5307
f 1152/5308/5308 1150/5309/5309 1149/5310/5310
f 1185/5311/5311 1184/5312/5312 1147/5313/5313
f 1185/5314/5314 1147/5315/5315 1150/5316/5316
f 1156/5317/5317 1155/5318/5318 1154/5319/5319
f 1156/5320/5320 1154/5321/5321 1153/5322/5322
f 1181/5323/5323 1180/5324/5324 1151/5325/5325
f 1181/5326/5326 1151/5327/5327 1154/5328/5328
f 1160/5329/5329 1159/5330/5330 1158/5331/5331
f 1160/5332/5332 1158/5333/5333 1157/5334/5334
f 1177/5335/5335 1176/5336/5336 1155/5337/5337
f 1177/5338/5338 1155/5339/5339 1158/5340/5340
f 1173/5341/5341 1172/5342/5342 1159/5343/5343
f 1173/5344/5344 1159/5345/5345 1162/5346/5346
f 1168/5347/5347 1167/5348/5348 1166/5349/5349
f 1168/5350/5350 1166/5351/5351 1165/5352/5352
f 1216/5353/5353 1215/5354/5354 1163/5355/5355
f 1216/5356/5356 1163/5357/5357 1166/5358/5358
f 1212/5359/5359 1211/5360/5360 1167/5361/5361
f 1212/5362/5362 1167/5363/5363 1170/5364/5364
f 1178/5365/5365 1177/5366/5366 1172/5367/5367
f 1178/5368/5368 1172/5369/5369 1171/5370/5370
f 1182/5371/5371 1181/5372/5372 1176/5373/5373
f 1182/5374/5374 1176/5375/5375 1175/5376/5376
f 1186/5377/5377 1185/5378/5378 1180/5379/5379
f 1186/5380/5380 1180/5381/5381 1179/5382/5382
f 1190/5383/5383 1189/5384/5384 1184/5385/5385
f 1190/5386/5386 1184/5387/5387 1183/5388/5388
f 1194/5389/5389 1193/5390/5390 1188/5391/5391
f 1194/5392/5392 1188/5393/5393 1187/5394/5394
f 1198/5395/5395 1197/5396/5396 1192/5397/5397
f 1198/5398/5398 1192/5399/5399 1191/5400/5400
f 1202/5401/5401 1201/5402/5402 1196/5403/5403
f 1202/5404/5404 1196/5405/5405 1195/5406/5406
f 1206/5407/5407 1205/5408/5408 1200/5409/5409
f 1206/5410/5410 1200/5411/5411 1199/5412/5412
f 1209/5413/5413 1208/5414/5414 1204/5415/5415
f 1209/5416/5416 1204/5417/5417 1203/5418/5418
f 1217/5419/5419 1216/5420/5420 1211/5421/5421
f 1217/5422/5422 1211/5423/5423 1210/5424/5424
f 1221/5425/5425 1220/5426/5426 1215/5427/5427
f 1221/5428/5428 1215/5429/5429 1214/5430/5430
f 1225/5431/5431 1224/5432/5432 1219/5433/5433
f 1225/5434/5434 1219/5435/5435 1218/5436/5436
f 1229/5437/5437 1228/5438/5438 1223/5439/5439
f 1229/5440/5440 1223/5441/5441 1222/5442/5442
f 1233/5443/5443 1232/5444/5444 1227/5445/5445
f 1233/5446/5446 1227/5447/5447 1226/5448/5448
f 1237/5449/5449 1236/5450/5450 1231/5451/5451
f 1237/5452/5452 1231/5453/5453 1230/5454/5454
f 1241/5455/5455 1240/5456/5456 1235/5457/5457
f 1241/5458/5458 1235/5459/5459 1234/5460/5460
f 1245/5461/5461 1244/5462/5462 1239/5463/5463
f 1245/5464/5464 1239/5465/5465 1238/5466/5466
f 1248/5467/5467 1247/5468/5468 1243/5469/5469
f 1248/5470/5470 1243/5471/5471 1242/5472/5472
f 1121/5473/5473 997/5474/5474 871/5475/5475
f 1121/5476/5476 871/5477/5477 747/5478/5478
f 1121/5479/5479 747/5480/5480 622/5481/5481
f 1121/5482/5482 622/5483/5483 497/5484/5484
f 1121/5485/5485 497/5486/5486 373/5487/5487
f 1121/5488/5488 373/5489/5489 247/5490/5490
f 1121/5491/5491 247/5492/5492 123/5493/5493
f 1121/5494/5494 123/5495/5495 1/5496/5496
f 1121/5497/5497 1/5498/5498 126/5499/5499
f 1121/5500/5500 126/5501/5501 250/5502/5502
f 1121/5503/5503 250/5504/5504 376/5505/5505
f 1121/5506/5506 376/5507/5507 500/5508/5508
f 1121/5509/5509 500/5510/5510 625/5511/5511
f 1121/5512/5512 625/5513/5513 750/5514/5514
f 1121/5515/5515 750/5516/5516 874/5517/5517
f 1121/5518/5518 874/5519/5519 1000/5520/5520
f 1121/5521/5521 1000/5522/5522 1124/5523/5523
f 1121/5524/5524 1124/5525/5525 1207/5526/5526
f 1121/5527/5527 1207/5528/5528 1051/5529/5529
f 1121/5530/5530 1051/5531/5531 817/5532/5532
f 1121/5533/5533 817/5534/5534 583/5535/5535
f 1121/5536/5536 583/5537/5537 427/5538/5538
f 1121/5539/5539 427/5540/5540 193/5541/5541
f 1121/5542/5542 193/5543/5543 40/5544/5544
f 1121/5545/5545 40/5546/5546 196/5547/5547
f 1121/5548/5548 196/5549/5549 430/5550/5550
f 1121/5551/5551 430/5552/5552 664/5553/5553
f 1121/5554/5554 664/5555/5555 820/5556/5556
f 1121/5557/5557 820/5558/5558 1054/5559/5559
f 1121/5560/5560 1054/5561/5561 1246/5562/5562
f 87/5563/5563 37/5564/5564 34/5565/5565
f 87/5566/5566 34/5567/5567 94/5568/5568
f 91/5569/5569 33/5570/5570 30/5571/5571
f 91/5572/5572 30/5573/5573 98/5574/5574
f 95/5575/5575 29/5576/5576 26/5577/5577
f 95/5578/5578 26/5579/5579 102/5580/5580
f 99/5581/5581 25/5582/5582 22/5583/5583
f 99/5584/5584 22/5585/5585 106/5586/5586
f 103/5587/5587 21/5588/5588 18/5589/5589
f 103/5590/5590 18/5591/5591 110/5592/5592
f 107/5593/5593 17/5594/5594 14/5595/5595
f 107/5596/5596 14/5597/5597 114/5598/5598
f 111/5599/5599 13/5600/5600 10/5601/5601
f 111/5602/5602 10/5603/5603 118/5604/5604
f 115/5605/5605 9/5606/5606 6/5607/5607
f 115/5608/5608 6/5609/5609 122/5610/5610
f 119/5611/5611 5/5612/5612 2/5613/5613
f 119/5614/5614 2/5615/5615 125/5616/5616
f 211/5617/5617 88/5618/5618 93/5619/5619
f 211/5620/5620 93/5621/5621 218/5622/5622
f 215/5623/5623 92/5624/5624 97/5625/5625
f 215/5626/5626 97/5627/5627 222/5628/5628
f 219/5629/5629 96/5630/5630 101/5631/5631
f 219/5632/5632 101/5633/5633 226/5634/5634
f 223/5635/5635 100/5636/5636 105/5637/5637
f 223/5638/5638 105/5639/5639 230/5640/5640
f 227/5641/5641 104/5642/5642 109/5643/5643
f 227/5644/5644 109/5645/5645 234/5646/5646
f 231/5647/5647 108/5648/5648 113/5649/5649
f 231/5650/5650 113/5651/5651 238/5652/5652
f 235/5653/5653 112/5654/5654 117/5655/5655
f 235/5656/5656 117/5657/5657 242/5658/5658
f 239/5659/5659 116/5660/5660 121/5661/5661
f 239/5662/5662 121/5663/5663 246/5664/5664
f 243/5665/5665 120/5666/5666 124/5667/5667
f 243/5668/5668 124/5669/5669 249/5670/5670
f 337/5671/5671 212/5672/5672 217/5673/5673
f 337/5674/5674 217/5675/5675 344/5676/5676
f 341/5677/5677 216/5678/5678 221/5679/5679
f 341/5680/5680 221/5681/5681 348/5682/5682
f 345/5683/5683 220/5684/5684 225/5685/5685
f 345/5686/5686 225/5687/5687 352/5688/5688
f 349/5689/5689 224/5690/5690 229/5691/5691
f 349/5692/5692 229/5693/5693 356/5694/5694
f 353/5695/5695 228/5696/5696 233/5697/5697
f 353/5698/5698 233/5699/5699 360/5700/5700
f 357/5701/5701 232/5702/5702 237/5703/5703
f 357/5704/5704 237/5705/5705 364/5706/5706
f 361/5707/5707 236/5708/5708 241/5709/5709
f 361/5710/5710 241/5711/5711 368/5712/5712
f 365/5713/5713 240/5714/5714 245/5715/5715
f 365/5716/5716 245/5717/5717 372/5718/5718
f 369/5719/5719 244/5720/5720 248/5721/5721
f 369/5722/5722 248/5723/5723 375/5724/5724
f 461/5725/5725 338/5726/5726 343/5727/5727
f 461/5728/5728 343/5729/5729 468/5730/5730
f 465/5731/5731 342/5732/5732 347/5733/5733
f 465/5734/5734 347/5735/5735 472/5736/5736
f 469/5737/5737 346/5738/5738 351/5739/5739
f 469/5740/5740 351/5741/5741 476/5742/5742
f 473/5743/5743 350/5744/5744 355/5745/5745
f 473/5746/5746 355/5747/5747 480/5748/5748
f 477/5749/5749 354/5750/5750 359/5751/5751
f 477/5752/5752 359/5753/5753 484/5754/5754
f 481/5755/5755 358/5756/5756 363/5757/5757
f 481/5758/5758 363/5759/5759 488/5760/5760
f 485/5761/5761 362/5762/5762 367/5763/5763
f 485/5764/5764 367/5765/5765 492/5766/5766
f 489/5767/5767 366/5768/5768 371/5769/5769
f 489/5770/5770 371/5771/5771 496/5772/5772
f 493/5773/5773 370/5774/5774 374/5775/5775
f 493/5776/5776 374/5777/5777 499/5778/5778
f 586/5779/5779 462/5780/5780 467/5781/5781
f 586/5782/5782 467/5783/5783 593/5784/5784
f 590/5785/5785 466/5786/5786 471/5787/5787
f 590/5788/5788 471/5789/5789 597/5790/5790
f 594/5791/5791 470/5792/5792 475/5793/5793
f 594/5794/5794 475/5795/5795 601/5796/5796
f 598/5797/5797 474/5798/5798 479/5799/5799
f 598/5800/5800 479/5801/5801 605/5802/5802
f 602/5803/5803 478/5804/5804 483/5805/5805
f 602/5806/5806 483/5807/5807 609/5808/5808
f 606/5809/5809 482/5810/5810 487/5811/5811
f 606/5812/5812 487/5813/5813 613/5814/5814
f 610/5815/5815 486/5816/5816 491/5817/5817
f 610/5818/5818 491/5819/5819 617/5820/5820
f 614/5821/5821 490/5822/5822 495/5823/5823
f 614/5824/5824 495/5825/5825 621/5826/5826
f 618/5827/5827 494/5828/5828 498/5829/5829
f 618/5830/5830 498/5831/5831 624/5832/5832
f 711/5833/5833 587/5834/5834 592/5835/5835
f 711/5836/5836 592/5837/5837 718/5838/5838
f 715/5839/5839 591/5840/5840 596/5841/5841
f 715/5842/5842 596/5843/5843 722/5844/5844
f 719/5845/5845 595/5846/5846 600/5847/5847
f 719/5848/5848 600/5849/5849 726/5850/5850
f 723/5851/5851 599/5852/5852 604/5853/5853
f 723/5854/5854 604/5855/5855 730/5856/5856
f 727/5857/5857 603/5858/5858 608/5859/5859
f 727/5860/5860 608/5861/5861 734/5862/5862
f 731/5863/5863 607/5864/5864 612/5865/5865
f 731/5866/5866 612/5867/5867 738/5868/5868
f 735/5869/5869 611/5870/5870 616/5871/5871
f 735/5872/5872 616/5873/5873 742/5874/5874
f 739/5875/5875 615/5876/5876 620/5877/5877
f 739/5878/5878 620/5879/5879 746/5880/5880
f 743/5881/5881 619/5882/5882 623/5883/5883
f 743/5884/5884 623/5885/5885 749/5886/5886
f 835/5887/5887 712/5888/5888 717/5889/5889
f 835/5890/5890 717/5891/5891 842/5892/5892
f 839/5893/5893 716/5894/5894 721/5895/5895
f 839/5896/5896 721/5897/5897 846/5898/5898
f 843/5899/5899 720/5900/5900 725/5901/5901
f 843/5902/5902 725/5903/5903 850/5904/5904
f 847/5905/5905 724/5906/5906 729/5907/5907
f 847/5908/5908 729/5909/5909 854/5910/5910
f 851/5911/5911 728/5912/5912 733/5913/5913
f 851/5914/5914 733/5915/5915 858/5916/5916
f 855/5917/5917 732/5918/5918 737/5919/5919
f 855/5920/5920 737/5921/5921 862/5922/5922
f 859/5923/5923 736/5924/5924 741/5925/5925
f 859/5926/5926 741/5927/5927 866/5928/5928
f 863/5929/5929 740/5930/5930 745/5931/5931
f 863/5932/5932 745/5933/5933 870/5934/5934
f 867/5935/5935 744/5936/5936 748/5937/5937
f 867/5938/5938 748/5939/5939 873/5940/5940
f 961/5941/5941 836/5942/5942 841/5943/5943
f 961/5944/5944 841/5945/5945 968/5946/5946
f 965/5947/5947 840/5948/5948 845/5949/5949
f 965/5950/5950 845/5951/5951 972/5952/5952
f 969/5953/5953 844/5954/5954 849/5955/5955
f 969/5956/5956 849/5957/5957 976/5958/5958
f 973/5959/5959 848/5960/5960 853/5961/5961
f 973/5962/5962 853/5963/5963 980/5964/5964
f 977/5965/5965 852/5966/5966 857/5967/5967
f 977/5968/5968 857/5969/5969 984/5970/5970
f 981/5971/5971 856/5972/5972 861/5973/5973
f 981/5974/5974 861/5975/5975 988/5976/5976
f 985/5977/5977 860/5978/5978 865/5979/5979
f 985/5980/5980 865/5981/5981 992/5982/5982
f 989/5983/5983 864/5984/5984 869/5985/5985
f 989/5986/5986 869/5987/5987 996/5988/5988
f 993/5989/5989 868/5990/5990 872/5991/5991
f 993/5992/5992 872/5993/5993 999/5994/5994
f 1085/5995/5995 962/5996/5996 967/5997/5997
f 1085/5998/5998 967/5999/5999 1092/6000/6000
f 1089/6001/6001 966/6002/6002 971/6003/6003
f 1089/6004/6004 971/6005/6005 1096/6006/6006
f 1093/6007/6007 970/6008/6008 975/6009/6009
f 1093/6010/6010 975/6011/6011 1100/6012/6012
f 1097/6013/6013 974/6014/6014 979/6015/6015
f 1097/6016/6016 979/6017/6017 1104/6018/6018
f 1101/6019/6019 978/6020/6020 983/6021/6021
f 1101/6022/6022 983/6023/6023 1108/6024/6024
f 1105/6025/6025 982/6026/6026 987/6027/6027
f 1105/6028/6028 987/6029/6029 1112/6030/6030
f 1109/6031/6031 986/6032/6032 991/6033/6033
f 1109/6034/6034 991/6035/6035 1116/6036/6036
f 1113/6037/6037 990/6038/6038 995/6039/6039
f 1113/6040/6040 995/6041/6041 1120/6042/6042
f 1117/6043/6043 994/6044/6044 998/6045/6045
f 1117/6046/6046 998/6047/6047 1123/6048/6048
f 1210/6049/6049 1086/6050/6050 1091/6051/6051
f 1210/6052/6052 1091/6053/6053 1217/6054/6054
f 1214/6055/6055 1090/6056/6056 1095/6057/6057
f 1214/6058/6058 1095/6059/6059 1221/6060/6060
f 1218/6061/6061 1094/6062/6062 1099/6063/6063
f 1218/6064/6064 1099/6065/6065 1225/6066/6066
f 1222/6067/6067 1098/6068/6068 1103/6069/6069
f 1222/6070/6070 1103/6071/6071 1229/6072/6072
f 1226/6073/6073 1102/6074/6074 1107/6075/6075
f 1226/6076/6076 1107/6077/6077 1233/6078/6078
f 1230/6079/6079 1106/6080/6080 1111/6081/6081
f 1230/6082/6082 1111/6083/6083 1237/6084/6084
f 1234/6085/6085 1110/6086/6086 1115/6087/6087
f 1234/6088/6088 1115/6089/6089 1241/6090/6090
f 1238/6091/6091 1114/6092/6092 1119/6093/6093
f 1238/6094/6094 1119/6095/6095 1245/6096/6096
f 1242/6097/6097 1118/6098/6098 1122/6099/6099
f 1242/6100/6100 1122/6101/6101 1248/6102/6102
f 1166/6103/6103 1167/6104/6104 1211/6105/6105
f 1166/6106/6106 1211/6107/6107 1216/6108/6108
f 1084/6109/6109 1163/6110/6110 1215/6111/6111
f 1084/6112/6112 1215/6113/6113 1220/6114/6114
f 1080/6115/6115 1081/6116/6116 1219/6117/6117
f 1080/6118/6118 1219/6119/6119 1224/6120/6120
f 1076/6121/6121 1077/6122/6122 1223/6123/6123
f 1076/6124/6124 1223/6125/6125 1228/6126/6126
f 1072/6127/6127 1073/6128/6128 1227/6129/6129
f 1072/6130/6130 1227/6131/6131 1232/6132/6132
f 1068/6133/6133 1069/6134/6134 1231/6135/6135
f 1068/6136/6136 1231/6137/6137 1236/6138/6138
f 1064/6139/6139 1065/6140/6140 1235/6141/6141
f 1064/6142/6142 1235/6143/6143 1240/6144/6144
f 1060/6145/6145 1061/6146/6146 1239/6147/6147
f 1060/6148/6148 1239/6149/6149 1244/6150/6150
f 1056/6151/6151 1057/6152/6152 1243/6153/6153
f 1056/6154/6154 1243/6155/6155 1247/6156/6156
f 1165/6157/6157 932/6158/6158 933/6159/6159
f 1165/6160/6160 933/6161/6161 1168/6162/6162
f 1083/6163/6163 928/6164/6164 929/6165/6165
f 1083/6166/6166 929/6167/6167 1164/6168/6168
f 1079/6169/6169 924/6170/6170 925/6171/6171
f 1079/6172/6172 925/6173/6173 1082/6174/6174
f 1075/6175/6175 920/6176/6176 921/6177/6177
f 1075/6178/6178 921/6179/6179 1078/6180/6180
f 1071/6181/6181 916/6182/6182 917/6183/6183
f 1071/6184/6184 917/6185/6185 1074/6186/6186
f 1067/6187/6187 834/6188/6188 913/6189/6189
f 1067/6190/6190 913/6191/6191 1070/6192/6192
f 1063/6193/6193 830/6194/6194 831/6195/6195
f 1063/6196/6196 831/6197/6197 1066/6198/6198
f 1059/6199/6199 826/6200/6200 827/6201/6201
f 1059/6202/6202 827/6203/6203 1062/6204/6204
f 1055/6205/6205 822/6206/6206 823/6207/6207
f 1055/6208/6208 823/6209/6209 1058/6210/6210
f 931/6211/6211 698/6212/6212 699/6213/6213
f 931/6214/6214 699/6215/6215 934/6216/6216
f 927/6217/6217 694/6218/6218 695/6219/6219
f 927/6220/6220 695/6221/6221 930/6222/6222
f 923/6223/6223 690/6224/6224 691/6225/6225
f 923/6226/6226 691/6227/6227 926/6228/6228
f 919/6229/6229 686/6230/6230 687/6231/6231
f 919/6232/6232 687/6233/6233 922/6234/6234
f 915/6235/6235 682/6236/6236 683/6237/6237
f 915/6238/6238 683/6239/6239 918/6240/6240
f 833/6241/6241 678/6242/6242 679/6243/6243
f 833/6244/6244 679/6245/6245 914/6246/6246
f 829/6247/6247 674/6248/6248 675/6249/6249
f 829/6250/6250 675/6251/6251 832/6252/6252
f 825/6253/6253 670/6254/6254 671/6255/6255
f 825/6256/6256 671/6257/6257 828/6258/6258
f 821/6259/6259 666/6260/6260 667/6261/6261
f 821/6262/6262 667/6263/6263 824/6264/6264
f 697/6265/6265 542/6266/6266 543/6267/6267
f 697/6268/6268 543/6269/6269 700/6270/6270
f 693/6271/6271 460/6272/6272 539/6273/6273
f 693/6274/6274 539/6275/6275 696/6276/6276
f 689/6277/6277 456/6278/6278 457/6279/6279
f 689/6280/6280 457/6281/6281 692/6282/6282
f 685/6283/6283 452/6284/6284 453/6285/6285
f 685/6286/6286 453/6287/6287 688/6288/6288
f 681/6289/6289 448/6290/6290 449/6291/6291
f 681/6292/6292 449/6293/6293 684/6294/6294
f 677/6295/6295 444/6296/6296 445/6297/6297
f 677/6298/6298 445/6299/6299 680/6300/6300
f 673/6301/6301 440/6302/6302 441/6303/6303
f 673/6304/6304 441/6305/6305 676/6306/6306
f 669/6307/6307 436/6308/6308 437/6309/6309
f 669/6310/6310 437/6311/6311 672/6312/6312
f 665/6313/6313 432/6314/6314 433/6315/6315
f 665/6316/6316 433/6317/6317 668/6318/6318
f 541/6319/6319 308/6320/6320 309/6321/6321
f 541/6322/6322 309/6323/6323 544/6324/6324
f 459/6325/6325 304/6326/6326 305/6327/6327
f 459/6328/6328 305/6329/6329 540/6330/6330
f 455/6331/6331 300/6332/6332 301/6333/6333
f 455/6334/6334 301/6335/6335 458/6336/6336
f 451/6337/6337 296/6338/6338 297/6339/6339
f 451/6340/6340 297/6341/6341 454/6342/6342
f 447/6343/6343 292/6344/6344 293/6345/6345
f 447/6346/6346 293/6347/6347 450/6348/6348
f 443/6349/6349 210/6350/6350 289/6351/6351
f 443/6352/6352 289/6353/6353 446/6354/6354
f 439/6355/6355 206/6356/6356 207/6357/6357
f 439/6358/6358 207/6359/6359 442/6360/6360
f 435/6361/6361 202/6362/6362 203/6363/6363
f 435/6364/6364 203/6365/6365 438/6366/6366
f 431/6367/6367 198/6368/6368 199/6369/6369
f 431/6370/6370 199/6371/6371 434/6372/6372
f 307/6373/6373 74/6374/6374 75/6375/6375
f 307/6376/6376 75/6377/6377 310/6378/6378
f 303/6379/6379 70/6380/6380 71/6381/6381
f 303/6382/6382 71/6383/6383 306/6384/6384
f 299/6385/6385 66/6386/6386 67/6387/6387
f 299/6388/6388 67/6389/6389 302/6390/6390
f 295/6391/6391 62/6392/6392 63/6393/6393
f 295/6394/6394 63/6395/6395 298/6396/6396
f 291/6397/6397 58/6398/6398 59/6399/6399
f 291/6400/6400 59/6401/6401 294/6402/6402
f 209/6403/6403 54/6404/6404 55/6405/6405
f 209/6406/6406 55/6407/6407 290/6408/6408
f 205/6409/6409 50/6410/6410 51/6411/6411
f 205/6412/6412 51/6413/6413 208/6414/6414
f 201/6415/6415 46/6416/6416 47/6417/6417
f 201/6418/6418 47/6419/6419 204/6420/6420
f 197/6421/6421 42/6422/6422 43/6423/6423
f 197/6424/6424 43/6425/6425 200/6426/6426
f 79/6427/6427 76/6428/6428 73/6429/6429
f 79/6430/6430 73/6431/6431 86/6432/6432
f 83/6433/6433 72/6434/6434 69/6435/6435
f 83/6436/6436 69/6437/6437 168/6438/6438
f 165/6439/6439 68/6440/6440 65/6441/6441
f 165/6442/6442 65/6443/6443 172/6444/6444
f 169/6445/6445 64/6446/6446 61/6447/6447
f 169/6448/6448 61/6449/6449 176/6450/6450
f 173/6451/6451 60/6452/6452 57/6453/6453
f 173/6454/6454 57/6455/6455 180/6456/6456
f 177/6457/6457 56/6458/6458 53/6459/6459
f 177/6460/6460 53/6461/6461 184/6462/6462
f 181/6463/6463 52/6464/6464 49/6465/6465
f 181/6466/6466 49/6467/6467 188/6468/6468
f 185/6469/6469 48/6470/6470 45/6471/6471
f 185/6472/6472 45/6473/6473 192/6474/6474
f 189/6475/6475 44/6476/6476 41/6477/6477
f 189/6478/6478 41/6479/6479 195/6480/6480
f 313/6481/6481 80/6482/6482 85/6483/6483
f 313/6484/6484 85/6485/6485 320/6486/6486
f 317/6487/6487 84/6488/6488 167/6489/6489
f 317/6490/6490 167/6491/6491 324/6492/6492
f 321/6493/6493 166/6494/6494 171/6495/6495
f 321/6496/6496 171/6497/6497 328/6498/6498
f 325/6499/6499 170/6500/6500 175/6501/6501
f 325/6502/6502 175/6503/6503 332/6504/6504
f 329/6505/6505 174/6506/6506 179/6507/6507
f 329/6508/6508 179/6509/6509 336/6510/6510
f 333/6511/6511 178/6512/6512 183/6513/6513
f 333/6514/6514 183/6515/6515 418/6516/6516
f 415/6517/6517 182/6518/6518 187/6519/6519
f 415/6520/6520 187/6521/6521 422/6522/6522
f 419/6523/6523 186/6524/6524 191/6525/6525
f 419/6526/6526 191/6527/6527 426/6528/6528
f 423/6529/6529 190/6530/6530 194/6531/6531
f 423/6532/6532 194/6533/6533 429/6534/6534
f 547/6535/6535 314/6536/6536 319/6537/6537
f 547/6538/6538 319/6539/6539 554/6540/6540
f 551/6541/6541 318/6542/6542 323/6543/6543
f 551/6544/6544 323/6545/6545 558/6546/6546
f 555/6547/6547 322/6548/6548 327/6549/6549
f 555/6550/6550 327/6551/6551 562/6552/6552
f 559/6553/6553 326/6554/6554 331/6555/6555
f 559/6556/6556 331/6557/6557 566/6558/6558
f 563/6559/6559 330/6560/6560 335/6561/6561
f 563/6562/6562 335/6563/6563 570/6564/6564
f 567/6565/6565 334/6566/6566 417/6567/6567
f 567/6568/6568 417/6569/6569 574/6570/6570
f 571/6571/6571 416/6572/6572 421/6573/6573
f 571/6574/6574 421/6575/6575 578/6576/6576
f 575/6577/6577 420/6578/6578 425/6579/6579
f 575/6580/6580 425/6581/6581 582/6582/6582
f 579/6583/6583 424/6584/6584 428/6585/6585
f 579/6586/6586 428/6587/6587 585/6588/6588
f 703/6589/6589 548/6590/6590 553/6591/6591
f 703/6592/6592 553/6593/6593 710/6594/6594
f 707/6595/6595 552/6596/6596 557/6597/6597
f 707/6598/6598 557/6599/6599 792/6600/6600
f 789/6601/6601 556/6602/6602 561/6603/6603
f 789/6604/6604 561/6605/6605 796/6606/6606
f 793/6607/6607 560/6608/6608 565/6609/6609
f 793/6610/6610 565/6611/6611 800/6612/6612
f 797/6613/6613 564/6614/6614 569/6615/6615
f 797/6616/6616 569/6617/6617 804/6618/6618
f 801/6619/6619 568/6620/6620 573/6621/6621
f 801/6622/6622 573/6623/6623 808/6624/6624
f 805/6625/6625 572/6626/6626 577/6627/6627
f 805/6628/6628 577/6629/6629 812/6630/6630
f 809/6631/6631 576/6632/6632 581/6633/6633
f 809/6634/6634 581/6635/6635 816/6636/6636
f 813/6637/6637 580/6638/6638 584/6639/6639
f 813/6640/6640 584/6641/6641 819/6642/6642
f 937/6643/6643 704/6644/6644 709/6645/6645
f 937/6646/6646 709/6647/6647 944/6648/6648
f 941/6649/6649 708/6650/6650 791/6651/6651
f 941/6652/6652 791/6653/6653 948/6654/6654
f 945/6655/6655 790/6656/6656 795/6657/6657
f 945/6658/6658 795/6659/6659 952/6660/6660
f 949/6661/6661 794/6662/6662 799/6663/6663
f 949/6664/6664 799/6665/6665 956/6666/6666
f 953/6667/6667 798/6668/6668 803/6669/6669
f 953/6670/6670 803/6671/6671 960/6672/6672
f 957/6673/6673 802/6674/6674 807/6675/6675
f 957/6676/6676 807/6677/6677 1042/6678/6678
f 1039/6679/6679 806/6680/6680 811/6681/6681
f 1039/6682/6682 811/6683/6683 1046/6684/6684
f 1043/6685/6685 810/6686/6686 815/6687/6687
f 1043/6688/6688 815/6689/6689 1050/6690/6690
f 1047/6691/6691 814/6692/6692 818/6693/6693
f 1047/6694/6694 818/6695/6695 1053/6696/6696
f 1171/6697/6697 938/6698/6698 943/6699/6699
f 1171/6700/6700 943/6701/6701 1178/6702/6702
f 1175/6703/6703 942/6704/6704 947/6705/6705
f 1175/6706/6706 947/6707/6707 1182/6708/6708
f 1179/6709/6709 946/6710/6710 951/6711/6711
f 1179/6712/6712 951/6713/6713 1186/6714/6714
f 1183/6715/6715 950/6716/6716 955/6717/6717
f 1183/6718/6718 955/6719/6719 1190/6720/6720
f 1187/6721/6721 954/6722/6722 959/6723/6723
f 1187/6724/6724 959/6725/6725 1194/6726/6726
f 1191/6727/6727 958/6728/6728 1041/6729/6729
f 1191/6730/6730 1041/6731/6731 1198/6732/6732
f 1195/6733/6733 1040/6734/6734 1045/6735/6735
f 1195/6736/6736 1045/6737/6737 1202/6738/6738
f 1199/6739/6739 1044/6740/6740 1049/6741/6741
f 1199/6742/6742 1049/6743/6743 1206/6744/6744
f 1203/6745/6745 1048/6746/6746 1052/6747/6747
f 1203/6748/6748 1052/6749/6749 1209/6750/6750
f 1158/6751/6751 1159/6752/6752 1172/6753/6753
f 1158/6754/6754 1172/6755/6755 1177/6756/6756
f 1154/6757/6757 1155/6758/6758 1176/6759/6759
f 1154/6760/6760 1176/6761/6761 1181/6762/6762
f 1150/6763/6763 1151/6764/6764 1180/6765/6765
f 1150/6766/6766 1180/6767/6767 1185/6768/6768
f 1146/6769/6769 1147/6770/6770 1184/6771/6771
f 1146/6772/6772 1184/6773/6773 1189/6774/6774
f 1142/6775/6775 1143/6776/6776 1188/6777/6777
f 1142/6778/6778 1188/6779/6779 1193/6780/6780
f 1138/6781/6781 1139/6782/6782 1192/6783/6783
f 1138/6784/6784 1192/6785/6785 1197/6786/6786
f 1134/6787/6787 1135/6788/6788 1196/6789/6789
f 1134/6790/6790 1196/6791/6791 1201/6792/6792
f 1130/6793/6793 1131/6794/6794 1200/6795/6795
f 1130/6796/6796 1200/6797/6797 1205/6798/6798
f 1126/6799/6799 1127/6800/6800 1204/6801/6801
f 1126/6802/6802 1204/6803/6803 1208/6804/6804
f 1157/6805/6805 1034/6806/6806 1035/6807/6807
f 1157/6808/6808 1035/6809/6809 1160/6810/6810
f 1153/6811/6811 1030/6812/6812 1031/6813/6813
f 1153/6814/6814 1031/6815/6815 1156/6816/6816
f 1149/6817/6817 1026/6818/6818 1027/6819/6819
f 1149/6820/6820 1027/6821/6821 1152/6822/6822
f 1145/6823/6823 1022/6824/6824 1023/6825/6825
f 1145/6826/6826 1023/6827/6827 1148/6828/6828
f 1141/6829/6829 1018/6830/6830 1019/6831/6831
f 1141/6832/6832 1019/6833/6833 1144/6834/6834
f 1137/6835/6835 1014/6836/6836 1015/6837/6837
f 1137/6838/6838 1015/6839/6839 1140/6840/6840
f 1133/6841/6841 1010/6842/6842 1011/6843/6843
f 1133/6844/6844 1011/6845/6845 1136/6846/6846
f 1129/6847/6847 1006/6848/6848 1007/6849/6849
f 1129/6850/6850 1007/6851/6851 1132/6852/6852
f 1125/6853/6853 1002/6854/6854 1003/6855/6855
f 1125/6856/6856 1003/6857/6857 1128/6858/6858
f 1033/6859/6859 908/6860/6860 909/6861/6861
f 1033/6862/6862 909/6863/6863 1036/6864/6864
f 1029/6865/6865 904/6866/6866 905/6867/6867
f 1029/6868/6868 905/6869/6869 1032/6870/6870
f 1025/6871/6871 900/6872/6872 901/6873/6873
f 1025/6874/6874 901/6875/6875 1028/6876/6876
f 1021/6877/6877 896/6878/6878 897/6879/6879
f 1021/6880/6880 897/6881/6881 1024/6882/6882
f 1017/6883/6883 892/6884/6884 893/6885/6885
f 1017/6886/6886 893/6887/6887 1020/6888/6888
f 1013/6889/6889 888/6890/6890 889/6891/6891
f 1013/6892/6892 889/6893/6893 1016/6894/6894
f 1009/6895/6895 884/6896/6896 885/6897/6897
f 1009/6898/6898 885/6899/6899 1012/6900/6900
f 1005/6901/6901 880/6902/6902 881/6903/6903
f 1005/6904/6904 881/6905/6905 1008/6906/6906
f 1001/6907/6907 876/6908/6908 877/6909/6909
f 1001/6910/6910 877/6911/6911 1004/6912/6912
f 907/6913/6913 784/6914/6914 785/6915/6915
f 907/6916/6916 785/6917/6917 910/6918/6918
f 903/6919/6919 780/6920/6920 781/6921/6921
f 903/6922/6922 781/6923/6923 906/6924/6924
f 899/6925/6925 776/6926/6926 777/6927/6927
f 899/6928/6928 777/6929/6929 902/6930/6930
f 895/6931/6931 772/6932/6932 773/6933/6933
f 895/6934/6934 773/6935/6935 898/6936/6936
f 891/6937/6937 768/6938/6938 769/6939/6939
f 891/6940/6940 769/6941/6941 894/6942/6942
f 887/6943/6943 764/6944/6944 765/6945/6945
f 887/6946/6946 765/6947/6947 890/6948/6948
f 883/6949/6949 760/6950/6950 761/6951/6951
f 883/6952/6952 761/6953/6953 886/6954/6954
f 879/6955/6955 756/6956/6956 757/6957/6957
f 879/6958/6958 757/6959/6959 882/6960/6960
f 875/6961/6961 752/6962/6962 753/6963/6963
f 875/6964/6964 753/6965/6965 878/6966/6966
f 783/6967/6967 659/6968/6968 660/6969/6969
f 783/6970/6970 660/6971/6971 786/6972/6972
f 779/6973/6973 655/6974/6974 656/6975/6975
f 779/6976/6976 656/6977/6977 782/6978/6978
f 775/6979/6979 651/6980/6980 652/6981/6981
f 775/6982/6982 652/6983/6983 778/6984/6984
f 771/6985/6985 647/6986/6986 648/6987/6987
f 771/6988/6988 648/6989/6989 774/6990/6990
f 767/6991/6991 643/6992/6992 644/6993/6993
f 767/6994/6994 644/6995/6995 770/6996/6996
f 763/6997/6997 639/6998/6998 640/6999/6999
f 763/7000/7000 640/7001/7001 766/7002/7002
f 759/7003/7003 635/7004/7004 636/7005/7005
f 759/7006/7006 636/7007/7007 762/7008/7008
f 755/7009/7009 631/7010/7010 632/7011/7011
f 755/7012/7012 632/7013/7013 758/7014/7014
f 751/7015/7015 627/7016/7016 628/7017/7017
f 751/7018/7018 628/7019/7019 754/7020/7020
f 658/7021/7021 534/7022/7022 535/7023/7023
f 658/7024/7024 535/7025/7025 661/7026/7026
f 654/7027/7027 530/7028/7028 531/7029/7029
f 654/7030/7030 531/7031/7031 657/7032/7032
f 650/7033/7033 526/7034/7034 527/7035/7035
f 650/7036/7036 527/7037/7037 653/7038/7038
f 646/7039/7039 522/7040/7040 523/7041/7041
f 646/7042/7042 523/7043/7043 649/7044/7044
f 642/7045/7045 518/7046/7046 519/7047/7047
f 642/7048/7048 519/7049/7049 645/7050/7050
f 638/7051/7051 514/7052/7052 515/7053/7053
f 638/7054/7054 515/7055/7055 641/7056/7056
f 634/7057/7057 510/7058/7058 511/7059/7059
f 634/7060/7060 511/7061/7061 637/7062/7062
f 630/7063/7063 506/7064/7064 507/7065/7065
f 630/7066/7066 507/7067/7067 633/7068/7068
f 626/7069/7069 502/7070/7070 503/7071/7071
f 626/7072/7072 503/7073/7073 629/7074/7074
f 533/7075/7075 410/7076/7076 411/7077/7077
f 533/7078/7078 411/7079/7079 536/7080/7080
f 529/7081/7081 406/7082/7082 407/7083/7083
f 529/7084/7084 407/7085/7085 532/7086/7086
f 525/7087/7087 402/7088/7088 403/7089/7089
f 525/7090/7090 403/7091/7091 528/7092/7092
f 521/7093/7093 398/7094/7094 399/7095/7095
f 521/7096/7096 399/7097/7097 524/7098/7098
f 517/7099/7099 394/7100/7100 395/7101/7101
f 517/7102/7102 395/7103/7103 520/7104/7104
f 513/7105/7105 390/7106/7106 391/7107/7107
f 513/7108/7108 391/7109/7109 516/7110/7110
f 509/7111/7111 386/7112/7112 387/7113/7113
f 509/7114/7114 387/7115/7115 512/7116/7116
f 505/7117/7117 382/7118/7118 383/7119/7119
f 505/7120/7120 383/7121/7121 508/7122/7122
f 501/7123/7123 378/7124/7124 379/7125/7125
f 501/7126/7126 379/7127/7127 504/7128/7128
f 409/7129/7129 284/7130/7130 285/7131/7131
f 409/7132/7132 285/7133/7133 412/7134/7134
f 405/7135/7135 280/7136/7136 281/7137/7137
f 405/7138/7138 281/7139/7139 408/7140/7140
f 401/7141/7141 276/7142/7142 277/7143/7143
f 401/7144/7144 277/7145/7145 404/7146/7146
f 397/7147/7147 272/7148/7148 273/7149/7149
f 397/7150/7150 273/7151/7151 400/7152/7152
f 393/7153/7153 268/7154/7154 269/7155/7155
f 393/7156/7156 269/7157/7157 396/7158/7158
f 389/7159/7159 264/7160/7160 265/7161/7161
f 389/7162/7162 265/7163/7163 392/7164/7164
f 385/7165/7165 260/7166/7166 261/7167/7167
f 385/7168/7168 261/7169/7169 388/7170/7170
f 381/7171/7171 256/7172/7172 257/7173/7173
f 381/7174/7174 257/7175/7175 384/7176/7176
f 377/7177/7177 252/7178/7178 253/7179/7179
f 377/7180/7180 253/7181/7181 380/7182/7182
f 283/7183/7183 160/7184/7184 161/7185/7185
f 283/7186/7186 161/7187/7187 286/7188/7188
f 279/7189/7189 156/7190/7190 157/7191/7191
f 279/7192/7192 157/7193/7193 282/7194/7194
f 275/7195/7195 152/7196/7196 153/7197/7197
f 275/7198/7198 153/7199/7199 278/7200/7200
f 271/7201/7201 148/7202/7202 149/7203/7203
f 271/7204/7204 149/7205/7205 274/7206/7206
f 267/7207/7207 144/7208/7208 145/7209/7209
f 267/7210/7210 145/7211/7211 270/7212/7212
f 263/7213/7213 140/7214/7214 141/7215/7215
f 263/7216/7216 141/7217/7217 266/7218/7218
f 259/7219/7219 136/7220/7220 137/7221/7221
f 259/7222/7222 137/7223/7223 262/7224/7224
f 255/7225/7225 132/7226/7226 133/7227/7227
f 255/7228/7228 133/7229/7229 258/7230/7230
f 251/7231/7231 128/7232/7232 129/7233/7233
f 251/7234/7234 129/7235/7235 254/7236/7236
f 159/7237/7237 35/7238/7238 36/7239/7239
f 159/7240/7240 36/7241/7241 162/7242/7242
f 155/7243/7243 31/7244/7244 32/7245/7245
f 155/7246/7246 32/7247/7247 158/7248/7248
f 151/7249/7249 27/7250/7250 28/7251/7251
f 151/7252/7252 28/7253/7253 154/7254/7254
f 147/7255/7255 23/7256/7256 24/7257/7257
f 147/7258/7258 24/7259/7259 150/7260/7260
f 143/7261/7261 19/7262/7262 20/7263/7263
f 143/7264/7264 20/7265/7265 146/7266/7266
f 139/7267/7267 15/7268/7268 16/7269/7269
f 139/7270/7270 16/7271/7271 142/7272/7272
f 135/7273/7273 11/7274/7274 12/7275/7275
f 135/7276/7276 12/7277/7277 138/7278/7278
f 131/7279/7279 7/7280/7280 8/7281/7281
f 131/7282/7282 8/7283/7283 134/7284/7284
f 127/7285/7285 3/7286/7286 4/7287/7287
f 127/7288/7288 4/7289/7289 130/7290/7290
