v 15.999999 0.000000 -8.000000
v 7.999999 0.000000 -8.000000
v -0.000001 0.000000 -8.000000
v -8.000001 0.000000 0.000000
v 26.000000 0.000000 80.000000
v 7.999998 0.000000 8.000000
v -8.000001 0.000000 -6.000000
v -8.000002 0.000000 6.000000
v -6.000002 0.000000 8.000000
v -4.000001 0.000000 -8.000000
v -6.000001 0.000000 -8.000000
v -3.000002 8.000000 4.000000
v -4.000001 8.000000 3.000000
v -4.000001 8.000000 -3.000000
v -3.000001 8.000000 -4.000000
v 3.999999 8.000000 -1.000000
v -8.000001 30.000000 -6.000000
v -2.000001 8.000000 -4.000000
v -2.000002 8.000000 4.000000
v 27.999998 8.000000 1.000000
v 3.999999 8.000000 1.000000
v 3.999999 10.000000 1.000000
v -6.000001 30.000000 -8.000000
v -2.000002 10.000000 4.000000
v -3.000002 10.000000 4.000000
v -4.000001 10.000000 3.000000
v 7.999999 18.000000 0.000000
v -4.000001 10.000000 -3.000000
v -3.000001 10.000000 -4.000000
v -2.000001 10.000000 -4.000000
v 3.999999 10.000000 -1.000000
v 11.999998 26.000000 3.000000
v -4.000001 30.000000 -8.000000
v -6.000002 26.000000 12.000000
v -9.000002 26.000000 12.000000
v -12.000002 26.000000 9.000000
v 5.500000 18.000000 0.000000
v -12.000001 26.000000 -9.000000
v -9.000001 26.000000 -12.000000
v -6.000001 26.000000 -12.000000
v 11.999999 26.000000 -3.000000
v 7.999999 30.000000 2.000000
v 7.999999 30.000000 -2.000000
v -4.000002 30.000000 8.000000
v -6.000002 30.000000 8.000000
v -8.000002 30.000000 6.000000
v 34.000000 8.000000 4.000000
v 23.999998 0.000000 -7.999998
v 31.999998 0.000000 -7.999998
v 40.000000 0.000000 0.000000
v 23.999998 0.000000 8.000000
v 40.000000 0.000000 -5.999998
v 40.000000 0.000000 6.000000
v 38.000000 0.000000 8.000000
v 36.000000 0.000000 -7.999998
v 38.000000 0.000000 -7.999998
v 35.000000 8.000000 4.000000
v 36.000000 8.000000 3.000000
v 36.000000 8.000000 -2.999998
v 35.000000 8.000000 -3.999998
v 27.999998 8.000000 -0.999998
v 34.000000 8.000000 -3.999998
v -3.000000 30.000000 2.000000
v -3.000000 30.000000 -2.000000
v 1.000000 30.000000 2.000000
v 1.000000 30.000000 -2.000000
v 1.000000 29.000000 2.000000
v -3.000000 29.000000 2.000000
v 1.000000 29.000000 -2.000000
v -3.000000 29.000000 -2.000000
v 7.000000 29.000000 -2.000000
v -8.000000 29.000000 -3.000000
v 7.000000 29.000000 2.000000
v -8.000000 29.000000 3.000000
v -4.000000 29.000000 7.000000
v -4.000000 29.000000 -7.000000
v -6.000000 26.000000 -10.000000
v -10.000000 26.000000 -6.000000
v -6.000000 26.000000 10.000000
v 9.000000 26.000000 2.000000
v 9.000000 26.000000 -2.000000
v -10.000000 26.000000 6.000000
v -3.000000 10.000000 -2.000000
v -3.000000 10.000000 2.000000
v -2.000000 10.000000 -3.000000
v 2.000000 10.000000 -1.000000
v 2.000000 10.000000 1.000000
v -2.000000 10.000000 3.000000
v -3.000000 8.000000 -2.000000
v -3.000000 8.000000 2.000000
v -2.000000 8.000000 -3.000000
v 2.000000 8.000000 -1.000000
v 2.000000 8.000000 1.000000
v -2.000000 8.000000 3.000000
v 27.000000 8.000000 4.000000
v 5.000000 8.000000 4.000000
v 36.000000 0.000000 16.000000
v 36.000000 0.000000 80.000000
v 29.000000 8.000000 80.000000
v 7.999999 0.000000 88.000000
v -8.000001 0.000000 96.000000
v 15.999998 0.000000 104.000000
v 7.999998 0.000000 104.000000
v -0.000002 0.000000 104.000000
v -8.000001 0.000000 90.000000
v -8.000002 0.000000 102.000000
v -4.000002 0.000000 104.000000
v -6.000002 0.000000 104.000000
v -6.000001 0.000000 88.000000
v -3.000002 8.000000 100.000000
v -4.000001 8.000000 99.000000
v -4.000001 8.000000 93.000000
v -3.000001 8.000000 92.000000
v 3.999999 8.000000 95.000000
v -8.000001 30.000000 90.000000
v -2.000001 8.000000 92.000000
v -2.000002 8.000000 100.000000
v 27.999998 8.000000 97.000000
v 3.999999 8.000000 97.000000
v 3.999999 10.000000 97.000000
v -6.000001 30.000000 88.000000
v -2.000002 10.000000 100.000000
v -3.000002 10.000000 100.000000
v -4.000001 10.000000 99.000000
v 7.999999 18.000000 96.000000
v -4.000001 10.000000 93.000000
v -3.000001 10.000000 92.000000
v -2.000001 10.000000 92.000000
v 3.999999 10.000000 95.000000
v 11.999998 26.000000 99.000000
v -4.000001 30.000000 88.000000
v -6.000002 26.000000 108.000000
v -9.000002 26.000000 108.000000
v -12.000002 26.000000 105.000000
v 5.500000 18.000000 96.000000
v -12.000001 26.000000 87.000000
v -9.000001 26.000000 84.000000
v -6.000001 26.000000 84.000000
v 11.999999 26.000000 93.000000
v 7.999999 30.000000 98.000000
v 7.999999 30.000000 94.000000
v -4.000002 30.000000 104.000000
v -6.000002 30.000000 104.000000
v -8.000002 30.000000 102.000000
v 34.000000 8.000000 100.000000
v 23.999998 0.000000 88.000000
v 40.000000 0.000000 96.000000
v 23.999998 0.000000 104.000000
v 31.999998 0.000000 104.000000
v 40.000000 0.000000 90.000000
v 40.000000 0.000000 102.000000
v 36.000000 0.000000 104.000000
v 38.000000 0.000000 104.000000
v 38.000000 0.000000 88.000000
v 35.000000 8.000000 100.000000
v 36.000000 8.000000 99.000000
v 36.000000 8.000000 93.000000
v 35.000000 8.000000 92.000000
v 27.999998 8.000000 95.000000
v 34.000000 8.000000 92.000000
v -3.000000 30.000000 98.000000
v -3.000000 30.000000 94.000000
v 1.000000 30.000000 98.000000
v 1.000000 30.000000 94.000000
v 1.000000 29.000000 98.000000
v -3.000000 29.000000 98.000000
v 1.000000 29.000000 94.000000
v -3.000000 29.000000 94.000000
v 7.000000 29.000000 94.000000
v -8.000000 29.000000 93.000000
v 7.000000 29.000000 98.000000
v -8.000000 29.000000 99.000000
v -4.000000 29.000000 103.000000
v -4.000000 29.000000 89.000000
v -6.000000 26.000000 86.000000
v -10.000000 26.000000 90.000000
v -6.000000 26.000000 106.000000
v 9.000000 26.000000 98.000000
v 9.000000 26.000000 94.000000
v -10.000000 26.000000 102.000000
v -3.000000 10.000000 94.000000
v -3.000000 10.000000 98.000000
v -2.000000 10.000000 93.000000
v 2.000000 10.000000 95.000000
v 2.000000 10.000000 97.000000
v -2.000000 10.000000 99.000000
v -3.000000 8.000000 94.000000
v -3.000000 8.000000 98.000000
v -2.000000 8.000000 93.000000
v 2.000000 8.000000 95.000000
v 2.000000 8.000000 97.000000
v -2.000000 8.000000 99.000000
v 27.000000 8.000000 92.000000
v 5.000000 8.000000 92.000000
v -4.000000 0.000000 16.000000
v -4.000000 0.000000 80.000000
v -1.000000 8.000000 16.000000
v -1.000000 8.000000 80.000000
v 33.000000 8.000000 16.000000
v 33.000000 8.000000 80.000000
v 3.000000 8.000000 16.000000
v 3.000000 8.000000 80.000000
v 6.000000 0.000000 80.000000
v 6.000000 0.000000 16.000000
v 26.000000 0.000000 16.000000
v 29.000000 8.000000 16.000000
v 5.000000 8.000000 82.000000
v -3.000000 8.000000 14.000000
v -6.000001 0.000000 82.000000
v -6.000002 0.000000 14.000000
v 23.999998 0.000000 82.000000
v 35.000000 8.000000 14.000000
v 35.000000 8.000000 82.000000
v 38.000000 0.000000 14.000000
v 27.000000 8.000000 82.000000
v 27.000000 8.000000 14.000000
v 38.000000 0.000000 82.000000
v 23.999998 0.000000 14.000000
v -3.000000 8.000000 82.000000
v 7.999998 0.000000 14.000000
v 7.999999 0.000000 82.000000
v 5.000000 8.000000 14.000000
v 3.000000 18.000000 14.000000
v -1.000000 18.000000 14.000000
v 33.000000 18.000000 14.000000
v 29.000000 18.000000 14.000000
v 29.000000 18.000000 82.000000
v 33.000000 18.000000 82.000000
v -1.000000 18.000000 82.000000
v 3.000000 18.000000 82.000000
v 29.000000 8.000000 84.000000
v 29.000000 8.000000 12.000000
v 3.000000 8.000000 84.000000
v 33.000000 8.000000 12.000000
v -1.000000 8.000000 84.000000
v -1.000000 8.000000 12.000000
v 33.000000 8.000000 84.000000
v 3.000000 8.000000 12.000000
v -1.000000 16.000000 10.000000
v -4.000000 16.000000 14.000000
v 6.000000 16.000000 14.000000
v 3.000000 16.000000 10.000000
v 29.000000 16.000000 10.000000
v 26.000000 16.000000 14.000000
v 33.000000 16.000000 10.000000
v 37.000000 16.000000 14.000000
v 33.000000 16.000000 86.000000
v 37.000000 16.000000 82.000000
v 29.000000 16.000000 86.000000
v 25.000000 16.000000 82.000000
v -1.000000 16.000000 86.000000
v -5.000000 16.000000 82.000000
v 3.000000 16.000000 86.000000
v 29.000000 16.000000 18.000000
v 7.000000 16.000000 82.000000
v 3.000000 16.000000 78.000000
v -1.000000 16.000000 18.000000
v 33.000000 16.000000 78.000000
v 29.000000 16.000000 78.000000
v 33.000000 16.000000 18.000000
v 3.000000 16.000000 18.000000
v -1.000000 16.000000 78.000000
v 28.500000 0.000000 16.000000
v 33.500000 0.000000 16.000000
v -1.500000 0.000000 16.000000
v 3.500000 0.000000 16.000000
v 33.500000 0.000000 80.000000
v 28.500000 0.000000 80.000000
v -1.500000 0.000000 80.000000
v 3.500000 0.000000 80.000000
v 1.000000 8.000000 80.000000
v 31.000000 8.000000 80.000000
v 1.000000 8.000000 16.000000
v 31.000000 8.000000 16.000000
vt 0.000000 0.000000
vt 0.000000 0.000000
vt 0.000000 0.000000
vt 0.000000 0.000000
vt 0.000000 0.000000
vt 0.000000 0.000000
vt 0.000000 0.000000
vt 0.000000 0.000000
vt 0.000000 0.000000
vt 0.000000 0.000000
vt 0.000000 0.000000
vt 0.000000 0.000000
vt 0.000000 0.000000
vt 0.000000 0.000000
vt 0.000000 0.000000
vt 0.000000 0.000000
vt 0.000000 0.000000
vt 0.000000 0.000000
vt 0.000000 0.000000
vt 0.000000 0.000000
vt 0.000000 0.000000
vt 0.000000 0.000000
vt 0.000000 0.000000
vt 0.000000 0.000000
vt 0.000000 0.000000
vt 0.000000 0.000000
vt 0.000000 0.000000
vt 0.000000 0.000000
vt 0.000000 0.000000
vt 0.000000 0.000000
vt 0.000000 0.000000
vt 0.000000 0.000000
vt 0.000000 0.000000
vt 0.000000 0.000000
vt 0.000000 0.000000
vt 0.000000 0.000000
vt 0.000000 0.000000
vt 0.000000 0.000000
vt 0.000000 0.000000
vt 0.000000 0.000000
vt 0.000000 0.000000
vt 0.000000 0.000000
vt 0.000000 0.000000
vt 0.000000 0.000000
vt 0.000000 0.000000
vt 0.000000 0.000000
vt 0.000000 0.000000
vt 0.000000 0.000000
vt 0.000000 0.000000
vt 0.000000 0.000000
vt 0.000000 0.000000
vt 0.000000 0.000000
vt 0.000000 0.000000
vt 0.000000 0.000000
vt 0.000000 0.000000
vt 0.000000 0.000000
vt 0.000000 0.000000
vt 0.000000 0.000000
vt 0.000000 0.000000
vt 0.000000 0.000000
vt 0.000000 0.000000
vt 0.000000 0.000000
vt 0.000000 0.000000
vt 0.000000 0.000000
vt 0.000000 0.000000
vt 0.000000 0.000000
vt 0.000000 0.000000
vt 0.000000 0.000000
vt 0.000000 0.000000
vt 0.000000 0.000000
vt 0.000000 0.000000
vt 0.000000 0.000000
vt 0.000000 0.000000
vt 0.000000 0.000000
vt 0.000000 0.000000
vt 0.000000 0.000000
vt 0.000000 0.000000
vt 0.000000 0.000000
vt 0.000000 0.000000
vt 0.000000 0.000000
vt 0.000000 0.000000
vt 0.000000 0.000000
vt 0.000000 0.000000
vt 0.000000 0.000000
vt 0.000000 0.000000
vt 0.000000 0.000000
vt 0.000000 0.000000
vt 0.000000 0.000000
vt 0.000000 0.000000
vt 0.000000 0.000000
vt 0.000000 0.000000
vt 0.000000 0.000000
vt 0.000000 0.000000
vt 0.000000 0.000000
vt 0.000000 0.000000
vt 0.000000 0.000000
vt 0.000000 0.000000
vt 0.000000 0.000000
vt 0.000000 0.000000
vt 0.000000 0.000000
vt 0.000000 0.000000
vt 0.000000 0.000000
vt 0.000000 0.000000
vt 0.000000 0.000000
vt 0.000000 0.000000
vt 0.000000 0.000000
vt 0.000000 0.000000
vt 0.000000 0.000000
vt 0.000000 0.000000
vt 0.000000 0.000000
vt 0.000000 0.000000
vt 0.000000 0.000000
vt 0.000000 0.000000
vt 0.000000 0.000000
vt 0.000000 0.000000
vt 0.000000 0.000000
vt 0.000000 0.000000
vt 0.000000 0.000000
vt 0.000000 0.000000
vt 0.000000 0.000000
vt 0.000000 0.000000
vt 0.000000 0.000000
vt 0.000000 0.000000
vt 0.000000 0.000000
vt 0.000000 0.000000
vt 0.000000 0.000000
vt 0.000000 0.000000
vt 0.000000 0.000000
vt 0.000000 0.000000
vt 0.000000 0.000000
vt 0.000000 0.000000
vt 0.000000 0.000000
vt 0.000000 0.000000
vt 0.000000 0.000000
vt 0.000000 0.000000
vt 0.000000 0.000000
vt 0.000000 0.000000
vt 0.000000 0.000000
vt 0.000000 0.000000
vt 0.000000 0.000000
vt 0.000000 0.000000
vt 0.000000 0.000000
vt 0.000000 0.000000
vt 0.000000 0.000000
vt 0.000000 0.000000
vt 0.000000 0.000000
vt 0.000000 0.000000
vt 0.000000 0.000000
vt 0.000000 0.000000
vt 0.000000 0.000000
vt 0.000000 0.000000
vt 0.000000 0.000000
vt 0.000000 0.000000
vt 0.000000 0.000000
vt 0.000000 0.000000
vt 0.000000 0.000000
vt 0.000000 0.000000
vt 0.000000 0.000000
vt 0.000000 0.000000
vt 0.000000 0.000000
vt 0.000000 0.000000
vt 0.000000 0.000000
vt 0.000000 0.000000
vt 0.000000 0.000000
vt 0.000000 0.000000
vt 0.000000 0.000000
vt 0.000000 0.000000
vt 0.000000 0.000000
vt 0.000000 0.000000
vt 0.000000 0.000000
vt 0.000000 0.000000
vt 0.000000 0.000000
vt 0.000000 0.000000
vt 0.000000 0.000000
vt 0.000000 0.000000
vt 0.000000 0.000000
vt 0.000000 0.000000
vt 0.000000 0.000000
vt 0.000000 0.000000
vt 0.000000 0.000000
vt 0.000000 0.000000
vt 0.000000 0.000000
vt 0.000000 0.000000
vt 0.000000 0.000000
vt 0.000000 0.000000
vt 0.000000 0.000000
vt 0.000000 0.000000
vt 0.000000 0.000000
vt 0.000000 0.000000
vt 0.000000 0.000000
vt 0.000000 0.000000
vt 0.000000 0.000000
vt 0.000000 0.000000
vt 0.000000 0.000000
vt 0.000000 0.000000
vt 0.000000 0.000000
vt 0.000000 0.000000
vt 0.000000 0.000000
vt 0.000000 0.000000
vt 0.000000 0.000000
vt 0.000000 0.000000
vt 0.000000 0.000000
vt 0.000000 0.000000
vt 0.000000 0.000000
vt 0.000000 0.000000
vt 0.000000 0.000000
vt 0.000000 0.000000
vt 0.000000 0.000000
vt 0.000000 0.000000
vt 0.000000 0.000000
vt 0.000000 0.000000
vt 0.000000 0.000000
vt 0.000000 0.000000
vt 0.000000 0.000000
vt 0.000000 0.000000
vt 0.000000 0.000000
vt 0.000000 0.000000
vt 0.000000 0.000000
vt 0.000000 0.000000
vt 0.000000 0.000000
vt 0.000000 0.000000
vt 0.000000 0.000000
vt 0.000000 0.000000
vt 0.000000 0.000000
vt 0.000000 0.000000
vt 0.000000 0.000000
vt 0.000000 0.000000
vt 0.000000 0.000000
vt 0.000000 0.000000
vt 0.000000 0.000000
vt 0.000000 0.000000
vt 0.000000 0.000000
vt 0.000000 0.000000
vt 0.000000 0.000000
vt 0.000000 0.000000
vt 0.000000 0.000000
vt 0.000000 0.000000
vt 0.000000 0.000000
vt 0.000000 0.000000
vt 0.000000 0.000000
vt 0.000000 0.000000
vt 0.000000 0.000000
vt 0.000000 0.000000
vt 0.000000 0.000000
vt 0.000000 0.000000
vt 0.000000 0.000000
vt 0.000000 0.000000
vt 0.000000 0.000000
vt 0.000000 0.000000
vt 0.000000 0.000000
vt 0.000000 0.000000
vt 0.000000 0.000000
vt 0.000000 0.000000
vt 0.000000 0.000000
vt 0.000000 0.000000
vt 0.000000 0.000000
vt 0.000000 0.000000
vt 0.000000 0.000000
vt 0.000000 0.000000
vt 0.000000 0.000000
vt 0.000000 0.000000
vt 0.000000 0.000000
vt 0.000000 0.000000
vt 0.000000 0.000000
vt 0.000000 0.000000
vt 0.000000 0.000000
vt 0.000000 0.000000
vt 0.000000 0.000000
vt 0.000000 0.000000
vt 0.000000 0.000000
vt 0.000000 0.000000
vt 0.000000 0.000000
vt 0.000000 0.000000
vt 0.000000 0.000000
vt 0.000000 0.000000
vt 0.000000 0.000000
vt 0.000000 0.000000
vt 0.000000 0.000000
vt 0.000000 0.000000
vt 0.000000 0.000000
vt 0.000000 0.000000
vt 0.000000 0.000000
vt 0.000000 0.000000
vt 0.000000 0.000000
vt 0.000000 0.000000
vt 0.000000 0.000000
vt 0.000000 0.000000
vt 0.000000 0.000000
vt 0.000000 0.000000
vt 0.000000 0.000000
vt 0.000000 0.000000
vt 0.000000 0.000000
vt 0.000000 0.000000
vt 0.000000 0.000000
vt 0.000000 0.000000
vt 0.000000 0.000000
vt 0.000000 0.000000
vt 0.000000 0.000000
vt 0.000000 0.000000
vt 0.000000 0.000000
vt 0.000000 0.000000
vt 0.000000 0.000000
vt 0.000000 0.000000
vt 0.000000 0.000000
vt 0.000000 0.000000
vt 0.000000 0.000000
vt 0.000000 0.000000
vt 0.000000 0.000000
vt 0.000000 0.000000
vt 0.000000 0.000000
vt 0.000000 0.000000
vt 0.000000 0.000000
vt 0.000000 0.000000
vt 0.000000 0.000000
vt 0.000000 0.000000
vt 0.000000 0.000000
vt 0.000000 0.000000
vt 0.000000 0.000000
vt 0.000000 0.000000
vt 0.000000 0.000000
vt 0.000000 0.000000
vt 0.000000 0.000000
vt 0.000000 0.000000
vt 0.000000 0.000000
vt 0.000000 0.000000
vt 0.000000 0.000000
vt 0.000000 0.000000
vt 0.000000 0.000000
vt 0.000000 0.000000
vt 0.000000 0.000000
vt 0.000000 0.000000
vt 0.000000 0.000000
vt 0.000000 0.000000
vt 0.000000 0.000000
vt 0.000000 0.000000
vt 0.000000 0.000000
vt 0.000000 0.000000
vt 0.000000 0.000000
vt 0.000000 0.000000
vt 0.000000 0.000000
vt 0.000000 0.000000
vt 0.000000 0.000000
vt 0.000000 0.000000
vt 0.000000 0.000000
vt 0.000000 0.000000
vt 0.000000 0.000000
vt 0.000000 0.000000
vt 0.000000 0.000000
vt 0.000000 0.000000
vt 0.000000 0.000000
vt 0.000000 0.000000
vt 0.000000 0.000000
vt 0.000000 0.000000
vt 0.000000 0.000000
vt 0.000000 0.000000
vt 0.000000 0.000000
vt 0.000000 0.000000
vt 0.000000 0.000000
vt 0.000000 0.000000
vt 0.000000 0.000000
vt 0.000000 0.000000
vt 0.000000 0.000000
vt 0.000000 0.000000
vt 0.000000 0.000000
vt 0.000000 0.000000
vt 0.000000 0.000000
vt 0.000000 0.000000
vt 0.000000 0.000000
vt 0.000000 0.000000
vt 0.000000 0.000000
vt 0.000000 0.000000
vt 0.000000 0.000000
vt 0.000000 0.000000
vt 0.000000 0.000000
vt 0.000000 0.000000
vt 0.000000 0.000000
vt 0.000000 0.000000
vt 0.000000 0.000000
vt 0.000000 0.000000
vt 0.000000 0.000000
vt 0.000000 0.000000
vt 0.000000 0.000000
vt 0.000000 0.000000
vt 0.000000 0.000000
vt 0.000000 0.000000
vt 0.000000 0.000000
vt 0.000000 0.000000
vt 0.000000 0.000000
vt 0.000000 0.000000
vt 0.000000 0.000000
vt 0.000000 0.000000
vt 0.000000 0.000000
vt 0.000000 0.000000
vt 0.000000 0.000000
vt 0.000000 0.000000
vt 0.000000 0.000000
vt 0.000000 0.000000
vt 0.000000 0.000000
vt 0.000000 0.000000
vt 0.000000 0.000000
vt 0.000000 0.000000
vt 0.000000 0.000000
vt 0.000000 0.000000
vt 0.000000 0.000000
vt 0.000000 0.000000
vt 0.000000 0.000000
vt 0.000000 0.000000
vt 0.000000 0.000000
vt 0.000000 0.000000
vt 0.000000 0.000000
vt 0.000000 0.000000
vt 0.000000 0.000000
vt 0.000000 0.000000
vt 0.000000 0.000000
vt 0.000000 0.000000
vt 0.000000 0.000000
vt 0.000000 0.000000
vt 0.000000 0.000000
vt 0.000000 0.000000
vt 0.000000 0.000000
vt 0.000000 0.000000
vt 0.000000 0.000000
vt 0.000000 0.000000
vt 0.000000 0.000000
vt 0.000000 0.000000
vt 0.000000 0.000000
vt 0.000000 0.000000
vt 0.000000 0.000000
vt 0.000000 0.000000
vt 0.000000 0.000000
vt 0.000000 0.000000
vt 0.000000 0.000000
vt 0.000000 0.000000
vt 0.000000 0.000000
vt 0.000000 0.000000
vt 0.000000 0.000000
vt 0.000000 0.000000
vt 0.000000 0.000000
vt 0.000000 0.000000
vt 0.000000 0.000000
vt 0.000000 0.000000
vt 0.000000 0.000000
vt 0.000000 0.000000
vt 0.000000 0.000000
vt 0.000000 0.000000
vt 0.000000 0.000000
vt 0.000000 0.000000
vt 0.000000 0.000000
vt 0.000000 0.000000
vt 0.000000 0.000000
vt 0.000000 0.000000
vt 0.000000 0.000000
vt 0.000000 0.000000
vt 0.000000 0.000000
vt 0.000000 0.000000
vt 0.000000 0.000000
vt 0.000000 0.000000
vt 0.000000 0.000000
vt 0.000000 0.000000
vt 0.000000 0.000000
vt 0.000000 0.000000
vt 0.000000 0.000000
vt 0.000000 0.000000
vt 0.000000 0.000000
vt 0.000000 0.000000
vt 0.000000 0.000000
vt 0.000000 0.000000
vt 0.000000 0.000000
vt 0.000000 0.000000
vt 0.000000 0.000000
vt 0.000000 0.000000
vt 0.000000 0.000000
vt 0.000000 0.000000
vt 0.000000 0.000000
vt 0.000000 0.000000
vt 0.000000 0.000000
vt 0.000000 0.000000
vt 0.000000 0.000000
vt 0.000000 0.000000
vt 0.000000 0.000000
vt 0.000000 0.000000
vt 0.000000 0.000000
vt 0.000000 0.000000
vt 0.000000 0.000000
vt 0.000000 0.000000
vt 0.000000 0.000000
vt 0.000000 0.000000
vt 0.000000 0.000000
vt 0.000000 0.000000
vt 0.000000 0.000000
vt 0.000000 0.000000
vt 0.000000 0.000000
vt 0.000000 0.000000
vt 0.000000 0.000000
vt 0.000000 0.000000
vt 0.000000 0.000000
vt 0.000000 0.000000
vt 0.000000 0.000000
vt 0.000000 0.000000
vt 0.000000 0.000000
vt 0.000000 0.000000
vt 0.000000 0.000000
vt 0.000000 0.000000
vt 0.000000 0.000000
vt 0.000000 0.000000
vt 0.000000 0.000000
vt 0.000000 0.000000
vt 0.000000 0.000000
vt 0.000000 0.000000
vt 0.000000 0.000000
vt 0.000000 0.000000
vt 0.000000 0.000000
vt 0.000000 0.000000
vt 0.000000 0.000000
vt 0.000000 0.000000
vt 0.000000 0.000000
vt 0.000000 0.000000
vt 0.000000 0.000000
vt 0.000000 0.000000
vt 0.000000 0.000000
vt 0.000000 0.000000
vt 0.000000 0.000000
vt 0.000000 0.000000
vt 0.000000 0.000000
vt 0.000000 0.000000
vt 0.000000 0.000000
vt 0.000000 0.000000
vt 0.000000 0.000000
vt 0.000000 0.000000
vt 0.000000 0.000000
vt 0.000000 0.000000
vt 0.000000 0.000000
vt 0.000000 0.000000
vt 0.000000 0.000000
vt 0.000000 0.000000
vt 0.000000 0.000000
vt 0.000000 0.000000
vt 0.000000 0.000000
vt 0.000000 0.000000
vt 0.000000 0.000000
vt 0.000000 0.000000
vt 0.000000 0.000000
vt 0.000000 0.000000
vt 0.000000 0.000000
vt 0.000000 0.000000
vt 0.000000 0.000000
vt 0.000000 0.000000
vt 0.000000 0.000000
vt 0.000000 0.000000
vt 0.000000 0.000000
vt 0.000000 0.000000
vt 0.000000 0.000000
vt 0.000000 0.000000
vt 0.000000 0.000000
vt 0.000000 0.000000
vt 0.000000 0.000000
vt 0.000000 0.000000
vt 0.000000 0.000000
vt 0.000000 0.000000
vt 0.000000 0.000000
vt 0.000000 0.000000
vt 0.000000 0.000000
vt 0.000000 0.000000
vt 0.000000 0.000000
vt 0.000000 0.000000
vt 0.000000 0.000000
vt 0.000000 0.000000
vt 0.000000 0.000000
vt 0.000000 0.000000
vt 0.000000 0.000000
vt 0.000000 0.000000
vt 0.000000 0.000000
vt 0.000000 0.000000
vt 0.000000 0.000000
vt 0.000000 0.000000
vt 0.000000 0.000000
vt 0.000000 0.000000
vt 0.000000 0.000000
vt 0.000000 0.000000
vt 0.000000 0.000000
vt 0.000000 0.000000
vt 0.000000 0.000000
vt 0.000000 0.000000
vt 0.000000 0.000000
vt 0.000000 0.000000
vt 0.000000 0.000000
vt 0.000000 0.000000
vt 0.000000 0.000000
vt 0.000000 0.000000
vt 0.000000 0.000000
vt 0.000000 0.000000
vt 0.000000 0.000000
vt 0.000000 0.000000
vt 0.000000 0.000000
vt 0.000000 0.000000
vt 0.000000 0.000000
vt 0.000000 0.000000
vt 0.000000 0.000000
vt 0.000000 0.000000
vt 0.000000 0.000000
vt 0.000000 0.000000
vt 0.000000 0.000000
vt 0.000000 0.000000
vt 0.000000 0.000000
vt 0.000000 0.000000
vt 0.000000 0.000000
vt 0.000000 0.000000
vt 0.000000 0.000000
vt 0.000000 0.000000
vt 0.000000 0.000000
vt 0.000000 0.000000
vt 0.000000 0.000000
vt 0.000000 0.000000
vt 0.000000 0.000000
vt 0.000000 0.000000
vt 0.000000 0.000000
vt 0.000000 0.000000
vt 0.000000 0.000000
vt 0.000000 0.000000
vt 0.000000 0.000000
vt 0.000000 0.000000
vt 0.000000 0.000000
vt 0.000000 0.000000
vt 0.000000 0.000000
vt 0.000000 0.000000
vt 0.000000 0.000000
vt 0.000000 0.000000
vt 0.000000 0.000000
vt 0.000000 0.000000
vt 0.000000 0.000000
vt 0.000000 0.000000
vt 0.000000 0.000000
vt 0.000000 0.000000
vt 0.000000 0.000000
vt 0.000000 0.000000
vt 0.000000 0.000000
vt 0.000000 0.000000
vt 0.000000 0.000000
vt 0.000000 0.000000
vt 0.000000 0.000000
vt 0.000000 0.000000
vt 0.000000 0.000000
vt 0.000000 0.000000
vt 0.000000 0.000000
vt 0.000000 0.000000
vt 0.000000 0.000000
vt 0.000000 0.000000
vt 0.000000 0.000000
vt 0.000000 0.000000
vt 0.000000 0.000000
vt 0.000000 0.000000
vt 0.000000 0.000000
vt 0.000000 0.000000
vt 0.000000 0.000000
vt 0.000000 0.000000
vt 0.000000 0.000000
vt 0.000000 0.000000
vt 0.000000 0.000000
vt 0.000000 0.000000
vt 0.000000 0.000000
vt 0.000000 0.000000
vt 0.000000 0.000000
vt 0.000000 0.000000
vt 0.000000 0.000000
vt 0.000000 0.000000
vt 0.000000 0.000000
vt 0.000000 0.000000
vt 0.000000 0.000000
vt 0.000000 0.000000
vt 0.000000 0.000000
vt 0.000000 0.000000
vt 0.000000 0.000000
vt 0.000000 0.000000
vt 0.000000 0.000000
vt 0.000000 0.000000
vt 0.000000 0.000000
vt 0.000000 0.000000
vt 0.000000 0.000000
vt 0.000000 0.000000
vt 0.000000 0.000000
vt 0.000000 0.000000
vt 0.000000 0.000000
vt 0.000000 0.000000
vt 0.000000 0.000000
vt 0.000000 0.000000
vt 0.000000 0.000000
vt 0.000000 0.000000
vt 0.000000 0.000000
vt 0.000000 0.000000
vt 0.000000 0.000000
vt 0.000000 0.000000
vt 0.000000 0.000000
vt 0.000000 0.000000
vt 0.000000 0.000000
vt 0.000000 0.000000
vt 0.000000 0.000000
vt 0.000000 0.000000
vt 0.000000 0.000000
vt 0.000000 0.000000
vt 0.000000 0.000000
vt 0.000000 0.000000
vt 0.000000 0.000000
vt 0.000000 0.000000
vt 0.000000 0.000000
vt 0.000000 0.000000
vt 0.000000 0.000000
vt 0.000000 0.000000
vt 0.000000 0.000000
vt 0.000000 0.000000
vt 0.000000 0.000000
vt 0.000000 0.000000
vt 0.000000 0.000000
vt 0.000000 0.000000
vt 0.000000 0.000000
vt 0.000000 0.000000
vt 0.000000 0.000000
vt 0.000000 0.000000
vt 0.000000 0.000000
vt 0.000000 0.000000
vt 0.000000 0.000000
vt 0.000000 0.000000
vt 0.000000 0.000000
vt 0.000000 0.000000
vt 0.000000 0.000000
vt 0.000000 0.000000
vt 0.000000 0.000000
vt 0.000000 0.000000
vt 0.000000 0.000000
vt 0.000000 0.000000
vt 0.000000 0.000000
vt 0.000000 0.000000
vt 0.000000 0.000000
vt 0.000000 0.000000
vt 0.000000 0.000000
vt 0.000000 0.000000
vt 0.000000 0.000000
vt 0.000000 0.000000
vt 0.000000 0.000000
vt 0.000000 0.000000
vt 0.000000 0.000000
vt 0.000000 0.000000
vt 0.000000 0.000000
vt 0.000000 0.000000
vt 0.000000 0.000000
vt 0.000000 0.000000
vt 0.000000 0.000000
vt 0.000000 0.000000
vt 0.000000 0.000000
vt 0.000000 0.000000
vt 0.000000 0.000000
vt 0.000000 0.000000
vt 0.000000 0.000000
vt 0.000000 0.000000
vt 0.000000 0.000000
vt 0.000000 0.000000
vt 0.000000 0.000000
vt 0.000000 0.000000
vt 0.000000 0.000000
vt 0.000000 0.000000
vt 0.000000 0.000000
vt 0.000000 0.000000
vt 0.000000 0.000000
vt 0.000000 0.000000
vt 0.000000 0.000000
vt 0.000000 0.000000
vt 0.000000 0.000000
vt 0.000000 0.000000
vt 0.000000 0.000000
vt 0.000000 0.000000
vt 0.000000 0.000000
vt 0.000000 0.000000
vt 0.000000 0.000000
vt 0.000000 0.000000
vt 0.000000 0.000000
vt 0.000000 0.000000
vt 0.000000 0.000000
vt 0.000000 0.000000
vt 0.000000 0.000000
vt 0.000000 0.000000
vt 0.000000 0.000000
vt 0.000000 0.000000
vt 0.000000 0.000000
vt 0.000000 0.000000
vt 0.000000 0.000000
vt 0.000000 0.000000
vt 0.000000 0.000000
vt 0.000000 0.000000
vt 0.000000 0.000000
vt 0.000000 0.000000
vt 0.000000 0.000000
vt 0.000000 0.000000
vt 0.000000 0.000000
vt 0.000000 0.000000
vt 0.000000 0.000000
vt 0.000000 0.000000
vt 0.000000 0.000000
vt 0.000000 0.000000
vt 0.000000 0.000000
vt 0.000000 0.000000
vt 0.000000 0.000000
vt 0.000000 0.000000
vt 0.000000 0.000000
vt 0.000000 0.000000
vt 0.000000 0.000000
vt 0.000000 0.000000
vt 0.000000 0.000000
vt 0.000000 0.000000
vt 0.000000 0.000000
vt 0.000000 0.000000
vt 0.000000 0.000000
vt 0.000000 0.000000
vt 0.000000 0.000000
vt 0.000000 0.000000
vt 0.000000 0.000000
vt 0.000000 0.000000
vt 0.000000 0.000000
vt 0.000000 0.000000
vt 0.000000 0.000000
vt 0.000000 0.000000
vt 0.000000 0.000000
vt 0.000000 0.000000
vt 0.000000 0.000000
vt 0.000000 0.000000
vt 0.000000 0.000000
vt 0.000000 0.000000
vt 0.000000 0.000000
vt 0.000000 0.000000
vt 0.000000 0.000000
vt 0.000000 0.000000
vt 0.000000 0.000000
vt 0.000000 0.000000
vt 0.000000 0.000000
vt 0.000000 0.000000
vt 0.000000 0.000000
vt 0.000000 0.000000
vt 0.000000 0.000000
vt 0.000000 0.000000
vt 0.000000 0.000000
vt 0.000000 0.000000
vt 0.000000 0.000000
vt 0.000000 0.000000
vt 0.000000 0.000000
vt 0.000000 0.000000
vt 0.000000 0.000000
vt 0.000000 0.000000
vt 0.000000 0.000000
vt 0.000000 0.000000
vt 0.000000 0.000000
vt 0.000000 0.000000
vt 0.000000 0.000000
vt 0.000000 0.000000
vt 0.000000 0.000000
vt 0.000000 0.000000
vt 0.000000 0.000000
vt 0.000000 0.000000
vt 0.000000 0.000000
vt 0.000000 0.000000
vt 0.000000 0.000000
vt 0.000000 0.000000
vt 0.000000 0.000000
vt 0.000000 0.000000
vt 0.000000 0.000000
vt 0.000000 0.000000
vt 0.000000 0.000000
vt 0.000000 0.000000
vt 0.000000 0.000000
vt 0.000000 0.000000
vt 0.000000 0.000000
vt 0.000000 0.000000
vt 0.000000 0.000000
vt 0.000000 0.000000
vt 0.000000 0.000000
vt 0.000000 0.000000
vt 0.000000 0.000000
vt 0.000000 0.000000
vt 0.000000 0.000000
vt 0.000000 0.000000
vt 0.000000 0.000000
vt 0.000000 0.000000
vt 0.000000 0.000000
vt 0.000000 0.000000
vt 0.000000 0.000000
vt 0.000000 0.000000
vt 0.000000 0.000000
vt 0.000000 0.000000
vt 0.000000 0.000000
vt 0.000000 0.000000
vt 0.000000 0.000000
vt 0.000000 0.000000
vt 0.000000 0.000000
vt 0.000000 0.000000
vt 0.000000 0.000000
vt 0.000000 0.000000
vt 0.000000 0.000000
vt 0.000000 0.000000
vt 0.000000 0.000000
vt 0.000000 0.000000
vt 0.000000 0.000000
vt 0.000000 0.000000
vt 0.000000 0.000000
vt 0.000000 0.000000
vt 0.000000 0.000000
vt 0.000000 0.000000
vt 0.000000 0.000000
vt 0.000000 0.000000
vt 0.000000 0.000000
vt 0.000000 0.000000
vt 0.000000 0.000000
vt 0.000000 0.000000
vt 0.000000 0.000000
vt 0.000000 0.000000
vt 0.000000 0.000000
vt 0.000000 0.000000
vt 0.000000 0.000000
vt 0.000000 0.000000
vt 0.000000 0.000000
vt 0.000000 0.000000
vt 0.000000 0.000000
vt 0.000000 0.000000
vt 0.000000 0.000000
vt 0.000000 0.000000
vt 0.000000 0.000000
vt 0.000000 0.000000
vt 0.000000 0.000000
vt 0.000000 0.000000
vt 0.000000 0.000000
vt 0.000000 0.000000
vt 0.000000 0.000000
vt 0.000000 0.000000
vt 0.000000 0.000000
vt 0.000000 0.000000
vt 0.000000 0.000000
vt 0.000000 0.000000
vt 0.000000 0.000000
vt 0.000000 0.000000
vt 0.000000 0.000000
vt 0.000000 0.000000
vt 0.000000 0.000000
vt 0.000000 0.000000
vt 0.000000 0.000000
vt 0.000000 0.000000
vt 0.000000 0.000000
vt 0.000000 0.000000
vt 0.000000 0.000000
vt 0.000000 0.000000
vt 0.000000 0.000000
vt 0.000000 0.000000
vt 0.000000 0.000000
vt 0.000000 0.000000
vt 0.000000 0.000000
vt 0.000000 0.000000
vt 0.000000 0.000000
vt 0.000000 0.000000
vt 0.000000 0.000000
vt 0.000000 0.000000
vt 0.000000 0.000000
vt 0.000000 0.000000
vt 0.000000 0.000000
vt 0.000000 0.000000
vt 0.000000 0.000000
vt 0.000000 0.000000
vt 0.000000 0.000000
vt 0.000000 0.000000
vt 0.000000 0.000000
vt 0.000000 0.000000
vt 0.000000 0.000000
vt 0.000000 0.000000
vt 0.000000 0.000000
vt 0.000000 0.000000
vt 0.000000 0.000000
vt 0.000000 0.000000
vt 0.000000 0.000000
vt 0.000000 0.000000
vt 0.000000 0.000000
vt 0.000000 0.000000
vt 0.000000 0.000000
vt 0.000000 0.000000
vt 0.000000 0.000000
vt 0.000000 0.000000
vt 0.000000 0.000000
vt 0.000000 0.000000
vt 0.000000 0.000000
vt 0.000000 0.000000
vt 0.000000 0.000000
vt 0.000000 0.000000
vt 0.000000 0.000000
vt 0.000000 0.000000
vt 0.000000 0.000000
vt 0.000000 0.000000
vt 0.000000 0.000000
vt 0.000000 0.000000
vt 0.000000 0.000000
vt 0.000000 0.000000
vt 0.000000 0.000000
vt 0.000000 0.000000
vt 0.000000 0.000000
vt 0.000000 0.000000
vt 0.000000 0.000000
vt 0.000000 0.000000
vt 0.000000 0.000000
vt 0.000000 0.000000
vt 0.000000 0.000000
vt 0.000000 0.000000
vt 0.000000 0.000000
vt 0.000000 0.000000
vt 0.000000 0.000000
vt 0.000000 0.000000
vt 0.000000 0.000000
vt 0.000000 0.000000
vt 0.000000 0.000000
vt 0.000000 0.000000
vt 0.000000 0.000000
vt 0.000000 0.000000
vt 0.000000 0.000000
vt 0.000000 0.000000
vt 0.000000 0.000000
vt 0.000000 0.000000
vt 0.000000 0.000000
vt 0.000000 0.000000
vt 0.000000 0.000000
vt 0.000000 0.000000
vt 0.000000 0.000000
vt 0.000000 0.000000
vt 0.000000 0.000000
vt 0.000000 0.000000
vt 0.000000 0.000000
vt 0.000000 0.000000
vt 0.000000 0.000000
vt 0.000000 0.000000
vt 0.000000 0.000000
vt 0.000000 0.000000
vt 0.000000 0.000000
vt 0.000000 0.000000
vt 0.000000 0.000000
vt 0.000000 0.000000
vt 0.000000 0.000000
vt 0.000000 0.000000
vt 0.000000 0.000000
vt 0.000000 0.000000
vt 0.000000 0.000000
vt 0.000000 0.000000
vt 0.000000 0.000000
vt 0.000000 0.000000
vt 0.000000 0.000000
vt 0.000000 0.000000
vt 0.000000 0.000000
vt 0.000000 0.000000
vt 0.000000 0.000000
vt 0.000000 0.000000
vt 0.000000 0.000000
vt 0.000000 0.000000
vt 0.000000 0.000000
vt 0.000000 0.000000
vt 0.000000 0.000000
vt 0.000000 0.000000
vt 0.000000 0.000000
vt 0.000000 0.000000
vt 0.000000 0.000000
vt 0.000000 0.000000
vt 0.000000 0.000000
vt 0.000000 0.000000
vt 0.000000 0.000000
vt 0.000000 0.000000
vt 0.000000 0.000000
vt 0.000000 0.000000
vt 0.000000 0.000000
vt 0.000000 0.000000
vt 0.000000 0.000000
vt 0.000000 0.000000
vt 0.000000 0.000000
vt 0.000000 0.000000
vt 0.000000 0.000000
vt 0.000000 0.000000
vt 0.000000 0.000000
vt 0.000000 0.000000
vt 0.000000 0.000000
vt 0.000000 0.000000
vt 0.000000 0.000000
vt 0.000000 0.000000
vt 0.000000 0.000000
vt 0.000000 0.000000
vt 0.000000 0.000000
vt 0.000000 0.000000
vt 0.000000 0.000000
vt 0.000000 0.000000
vt 0.000000 0.000000
vt 0.000000 0.000000
vt 0.000000 0.000000
vt 0.000000 0.000000
vt 0.000000 0.000000
vt 0.000000 0.000000
vt 0.000000 0.000000
vt 0.000000 0.000000
vt 0.000000 0.000000
vt 0.000000 0.000000
vt 0.000000 0.000000
vt 0.000000 0.000000
vt 0.000000 0.000000
vt 0.000000 0.000000
vt 0.000000 0.000000
vt 0.000000 0.000000
vt 0.000000 0.000000
vt 0.000000 0.000000
vt 0.000000 0.000000
vt 0.000000 0.000000
vt 0.000000 0.000000
vt 0.000000 0.000000
vt 0.000000 0.000000
vt 0.000000 0.000000
vt 0.000000 0.000000
vt 0.000000 0.000000
vt 0.000000 0.000000
vt 0.000000 0.000000
vt 0.000000 0.000000
vt 0.000000 0.000000
vt 0.000000 0.000000
vt 0.000000 0.000000
vt 0.000000 0.000000
vt 0.000000 0.000000
vt 0.000000 0.000000
vt 0.000000 0.000000
vt 0.000000 0.000000
vt 0.000000 0.000000
vt 0.000000 0.000000
vt 0.000000 0.000000
vt 0.000000 0.000000
vt 0.000000 0.000000
vt 0.000000 0.000000
vt 0.000000 0.000000
vt 0.000000 0.000000
vt 0.000000 0.000000
vt 0.000000 0.000000
vt 0.000000 0.000000
vt 0.000000 0.000000
vt 0.000000 0.000000
vt 0.000000 0.000000
vt 0.000000 0.000000
vt 0.000000 0.000000
vt 0.000000 0.000000
vt 0.000000 0.000000
vt 0.000000 0.000000
vt 0.000000 0.000000
vt 0.000000 0.000000
vt 0.000000 0.000000
vt 0.000000 0.000000
vt 0.000000 0.000000
vt 0.000000 0.000000
vt 0.000000 0.000000
vt 0.000000 0.000000
vt 0.000000 0.000000
vt 0.000000 0.000000
vt 0.000000 0.000000
vt 0.000000 0.000000
vt 0.000000 0.000000
vt 0.000000 0.000000
vt 0.000000 0.000000
vt 0.000000 0.000000
vt 0.000000 0.000000
vt 0.000000 0.000000
vt 0.000000 0.000000
vt 0.000000 0.000000
vt 0.000000 0.000000
vt 0.000000 0.000000
vt 0.000000 0.000000
vt 0.000000 0.000000
vt 0.000000 0.000000
vt 0.000000 0.000000
vt 0.000000 0.000000
vt 0.000000 0.000000
vt 0.000000 0.000000
vt 0.000000 0.000000
vt 0.000000 0.000000
vt 0.000000 0.000000
vt 0.000000 0.000000
vt 0.000000 0.000000
vt 0.000000 0.000000
vt 0.000000 0.000000
vt 0.000000 0.000000
vt 0.000000 0.000000
vt 0.000000 0.000000
vt 0.000000 0.000000
vt 0.000000 0.000000
vt 0.000000 0.000000
vt 0.000000 0.000000
vt 0.000000 0.000000
vt 0.000000 0.000000
vt 0.000000 0.000000
vt 0.000000 0.000000
vt 0.000000 0.000000
vt 0.000000 0.000000
vt 0.000000 0.000000
vt 0.000000 0.000000
vt 0.000000 0.000000
vt 0.000000 0.000000
vt 0.000000 0.000000
vt 0.000000 0.000000
vt 0.000000 0.000000
vt 0.000000 0.000000
vt 0.000000 0.000000
vt 0.000000 0.000000
vt 0.000000 0.000000
vt 0.000000 0.000000
vt 0.000000 0.000000
vt 0.000000 0.000000
vt 0.000000 0.000000
vt 0.000000 0.000000
vt 0.000000 0.000000
vt 0.000000 0.000000
vt 0.000000 0.000000
vt 0.000000 0.000000
vt 0.000000 0.000000
vt 0.000000 0.000000
vt 0.000000 0.000000
vt 0.000000 0.000000
vt 0.000000 0.000000
vt 0.000000 0.000000
vt 0.000000 0.000000
vt 0.000000 0.000000
vt 0.000000 0.000000
vt 0.000000 0.000000
vt 0.000000 0.000000
vt 0.000000 0.000000
vt 0.000000 0.000000
vt 0.000000 0.000000
vt 0.000000 0.000000
vt 0.000000 0.000000
vt 0.000000 0.000000
vt 0.000000 0.000000
vt 0.000000 0.000000
vt 0.000000 0.000000
vt 0.000000 0.000000
vt 0.000000 0.000000
vt 0.000000 0.000000
vt 0.000000 0.000000
vt 0.000000 0.000000
vt 0.000000 0.000000
vt 0.000000 0.000000
vt 0.000000 0.000000
vt 0.000000 0.000000
vt 0.000000 0.000000
vt 0.000000 0.000000
vt 0.000000 0.000000
vt 0.000000 0.000000
vt 0.000000 0.000000
vt 0.000000 0.000000
vt 0.000000 0.000000
vt 0.000000 0.000000
vt 0.000000 0.000000
vt 0.000000 0.000000
vt 0.000000 0.000000
vt 0.000000 0.000000
vt 0.000000 0.000000
vt 0.000000 0.000000
vt 0.000000 0.000000
vt 0.000000 0.000000
vt 0.000000 0.000000
vt 0.000000 0.000000
vt 0.000000 0.000000
vt 0.000000 0.000000
vt 0.000000 0.000000
vt 0.000000 0.000000
vt 0.000000 0.000000
vt 0.000000 0.000000
vt 0.000000 0.000000
vt 0.000000 0.000000
vt 0.000000 0.000000
vt 0.000000 0.000000
vt 0.000000 0.000000
vt 0.000000 0.000000
vt 0.000000 0.000000
vt 0.000000 0.000000
vt 0.000000 0.000000
vt 0.000000 0.000000
vt 0.000000 0.000000
vt 0.000000 0.000000
vt 0.000000 0.000000
vt 0.000000 0.000000
vt 0.000000 0.000000
vt 0.000000 0.000000
vt 0.000000 0.000000
vt 0.000000 0.000000
vt 0.000000 0.000000
vt 0.000000 0.000000
vt 0.000000 0.000000
vt 0.000000 0.000000
vt 0.000000 0.000000
vt 0.000000 0.000000
vt 0.000000 0.000000
vt 0.000000 0.000000
vt 0.000000 0.000000
vt 0.000000 0.000000
vt 0.000000 0.000000
vt 0.000000 0.000000
vt 0.000000 0.000000
vt 0.000000 0.000000
vt 0.000000 0.000000
vt 0.000000 0.000000
vt 0.000000 0.000000
vt 0.000000 0.000000
vt 0.000000 0.000000
vt 0.000000 0.000000
vt 0.000000 0.000000
vt 0.000000 0.000000
vt 0.000000 0.000000
vt 0.000000 0.000000
vt 0.000000 0.000000
vt 0.000000 0.000000
vt 0.000000 0.000000
vt 0.000000 0.000000
vt 0.000000 0.000000
vt 0.000000 0.000000
vt 0.000000 0.000000
vt 0.000000 0.000000
vt 0.000000 0.000000
vt 0.000000 0.000000
vt 0.000000 0.000000
vt 0.000000 0.000000
vt 0.000000 0.000000
vt 0.000000 0.000000
vt 0.000000 0.000000
vt 0.000000 0.000000
vt 0.000000 0.000000
vt 0.000000 0.000000
vt 0.000000 0.000000
vt 0.000000 0.000000
vt 0.000000 0.000000
vt 0.000000 0.000000
vt 0.000000 0.000000
vt 0.000000 0.000000
vt 0.000000 0.000000
vt 0.000000 0.000000
vt 0.000000 0.000000
vt 0.000000 0.000000
vt 0.000000 0.000000
vt 0.000000 0.000000
vt 0.000000 0.000000
vt 0.000000 0.000000
vt 0.000000 0.000000
vt 0.000000 0.000000
vt 0.000000 0.000000
vt 0.000000 0.000000
vt 0.000000 0.000000
vt 0.000000 0.000000
vt 0.000000 0.000000
vt 0.000000 0.000000
vt 0.000000 0.000000
vt 0.000000 0.000000
vt 0.000000 0.000000
vt 0.000000 0.000000
vt 0.000000 0.000000
vt 0.000000 0.000000
vt 0.000000 0.000000
vt 0.000000 0.000000
vt 0.000000 0.000000
vt 0.000000 0.000000
vt 0.000000 0.000000
vt 0.000000 0.000000
vt 0.000000 0.000000
vt 0.000000 0.000000
vt 0.000000 0.000000
vt 0.000000 0.000000
vt 0.000000 0.000000
vt 0.000000 0.000000
vt 0.000000 0.000000
vt 0.000000 0.000000
vt 0.000000 0.000000
vt 0.000000 0.000000
vt 0.000000 0.000000
vt 0.000000 0.000000
vt 0.000000 0.000000
vt 0.000000 0.000000
vt 0.000000 0.000000
vt 0.000000 0.000000
vt 0.000000 0.000000
vt 0.000000 0.000000
vt 0.000000 0.000000
vt 0.000000 0.000000
vt 0.000000 0.000000
vt 0.000000 0.000000
vt 0.000000 0.000000
vt 0.000000 0.000000
vt 0.000000 0.000000
vt 0.000000 0.000000
vt 0.000000 0.000000
vt 0.000000 0.000000
vt 0.000000 0.000000
vt 0.000000 0.000000
vt 0.000000 0.000000
vt 0.000000 0.000000
vt 0.000000 0.000000
vt 0.000000 0.000000
vt 0.000000 0.000000
vt 0.000000 0.000000
vt 0.000000 0.000000
vt 0.000000 0.000000
vt 0.000000 0.000000
vt 0.000000 0.000000
vt 0.000000 0.000000
vt 0.000000 0.000000
vt 0.000000 0.000000
vt 0.000000 0.000000
vt 0.000000 0.000000
vt 0.000000 0.000000
vt 0.000000 0.000000
vt 0.000000 0.000000
vt 0.000000 0.000000
vt 0.000000 0.000000
vt 0.000000 0.000000
vt 0.000000 0.000000
vt 0.000000 0.000000
vt 0.000000 0.000000
vt 0.000000 0.000000
vt 0.000000 0.000000
vt 0.000000 0.000000
vt 0.000000 0.000000
vt 0.000000 0.000000
vt 0.000000 0.000000
vt 0.000000 0.000000
vt 0.000000 0.000000
vt 0.000000 0.000000
vt 0.000000 0.000000
vt 0.000000 0.000000
vn 0.601317 0.526152 0.601317
vn 0.601317 0.526152 0.601317
vn 0.601317 0.526152 0.601317
vn 0.601317 0.526152 0.601317
vn 0.601317 0.526152 0.601317
vn 0.601317 0.526152 0.601317
vn 0.000000 1.000000 0.000000
vn 0.000000 1.000000 0.000000
vn 0.000000 1.000000 0.000000
vn 0.000000 1.000000 0.000000
vn 0.000000 1.000000 0.000000
vn 0.000000 1.000000 0.000000
vn 0.000000 1.000000 0.000000
vn 0.000000 1.000000 0.000000
vn 0.000000 1.000000 0.000000
vn 0.000000 1.000000 0.000000
vn 0.000000 1.000000 0.000000
vn 0.000000 1.000000 0.000000
vn 0.000000 1.000000 0.000000
vn 0.000000 1.000000 0.000000
vn 0.000000 1.000000 0.000000
vn 0.000000 1.000000 0.000000
vn 0.000000 1.000000 0.000000
vn 0.000000 1.000000 0.000000
vn 0.000000 0.000000 -1.000000
vn 0.000000 0.000000 -1.000000
vn 0.000000 0.000000 -1.000000
vn 0.000000 0.000000 -1.000000
vn 0.000000 0.000000 -1.000000
vn 0.000000 0.000000 -1.000000
vn 0.894427 -0.447214 0.000000
vn 0.894427 -0.447214 0.000000
vn 0.894427 -0.447214 0.000000
vn 0.894427 -0.447214 0.000000
vn 0.894427 -0.447214 0.000000
vn 0.894427 -0.447214 0.000000
vn -0.512148 0.768221 -0.384111
vn -0.512148 0.768221 -0.384111
vn -0.512148 0.768221 -0.384111
vn 0.000000 0.447214 0.894427
vn 0.000000 0.447214 0.894427
vn 0.000000 0.447214 0.894427
vn 0.000000 0.447214 0.894427
vn 0.000000 0.447214 0.894427
vn 0.000000 0.447214 0.894427
vn 0.000000 0.447214 -0.894427
vn 0.000000 0.447214 -0.894427
vn 0.000000 0.447214 -0.894427
vn 0.000000 0.447214 -0.894427
vn 0.000000 0.447214 -0.894427
vn 0.000000 0.447214 -0.894427
vn 0.000000 0.447214 -0.894427
vn 0.000000 0.447214 -0.894427
vn 0.000000 0.447214 -0.894427
vn 0.000000 0.447214 -0.894427
vn 0.000000 0.447214 -0.894427
vn 0.000000 0.447214 -0.894427
vn 0.000000 0.447214 -0.894427
vn 0.000000 0.447214 -0.894427
vn 0.000000 0.447214 -0.894427
vn 0.000000 0.447214 -0.894427
vn 0.000000 0.447214 -0.894427
vn 0.000000 0.447214 -0.894427
vn 0.000000 0.447214 -0.894427
vn 0.000000 0.447214 -0.894427
vn 0.000000 0.447214 -0.894427
vn 0.000000 0.447214 -0.894427
vn 0.000000 0.447214 -0.894427
vn 0.000000 0.447214 -0.894427
vn 0.000000 0.447214 -0.894427
vn 0.000000 0.447214 -0.894427
vn 0.117175 0.234351 -0.965065
vn 0.408248 0.816497 0.408248
vn 0.208721 0.874728 0.437364
vn 0.208721 0.874728 0.437364
vn 0.408248 0.816497 0.408248
vn 0.208721 0.874728 0.437364
vn 0.208721 0.874728 0.437364
vn 0.512148 0.768221 -0.384111
vn 0.512148 0.768221 -0.384111
vn 0.512148 0.768221 -0.384111
vn 0.000000 0.447214 -0.894427
vn 0.000000 0.447214 -0.894427
vn 0.000000 0.447214 -0.894427
vn 0.000000 0.447214 -0.894427
vn 0.000000 0.447214 -0.894427
vn 0.000000 0.447214 -0.894427
vn -0.936329 0.351124 0.000000
vn -0.936329 0.351124 0.000000
vn -0.936329 0.351124 0.000000
vn -0.936329 0.351124 0.000000
vn -0.936329 0.351124 0.000000
vn -0.936329 0.351124 0.000000
vn 0.000000 1.000000 0.000000
vn 0.000000 1.000000 0.000000
vn 0.000000 1.000000 0.000000
vn 0.000000 1.000000 0.000000
vn 0.000000 1.000000 0.000000
vn 0.000000 1.000000 0.000000
vn -0.601317 0.526152 0.601317
vn -0.601317 0.526152 0.601317
vn -0.601317 0.526152 0.601317
vn -0.601317 0.526152 0.601317
vn -0.601317 0.526152 0.601317
vn -0.601317 0.526152 0.601317
vn -0.601317 0.526152 -0.601317
vn -0.601317 0.526152 -0.601317
vn -0.601317 0.526152 -0.601317
vn -0.601317 0.526152 -0.601317
vn -0.601317 0.526152 -0.601317
vn -0.601317 0.526152 -0.601317
vn 0.000000 1.000000 0.000000
vn 0.000000 1.000000 0.000000
vn 0.000000 1.000000 0.000000
vn 0.000000 1.000000 0.000000
vn 0.000000 1.000000 0.000000
vn 0.000000 1.000000 0.000000
vn 0.000000 1.000000 0.000000
vn 0.000000 1.000000 0.000000
vn 0.000000 1.000000 0.000000
vn 0.000000 1.000000 0.000000
vn 0.000000 1.000000 0.000000
vn 0.000000 1.000000 0.000000
vn 0.000000 1.000000 0.000000
vn 0.000000 1.000000 0.000000
vn 0.000000 1.000000 0.000000
vn 0.000000 1.000000 0.000000
vn 0.000000 1.000000 0.000000
vn 0.000000 1.000000 0.000000
vn 0.000000 1.000000 0.000000
vn 0.000000 1.000000 0.000000
vn 0.000000 1.000000 0.000000
vn 0.000000 1.000000 0.000000
vn 0.000000 1.000000 0.000000
vn 0.000000 1.000000 0.000000
vn 0.000000 0.447214 -0.894427
vn 0.000000 0.447214 -0.894427
vn 0.000000 0.229753 -0.973249
vn 0.000000 0.447214 -0.894427
vn 0.000000 0.229753 -0.973249
vn 0.117175 0.234351 -0.965065
vn 0.000000 1.000000 0.000000
vn 0.000000 1.000000 0.000000
vn 0.000000 1.000000 0.000000
vn 0.000000 1.000000 0.000000
vn 0.000000 1.000000 0.000000
vn 0.000000 1.000000 0.000000
vn -0.894427 0.447214 -0.000000
vn -0.894427 0.447214 -0.000000
vn -0.894427 0.447214 -0.000000
vn -0.894427 0.447214 -0.000000
vn -0.894427 0.447214 -0.000000
vn -0.973249 0.229753 -0.000000
vn -0.894427 0.447214 -0.000000
vn -0.973249 0.229753 -0.000000
vn -0.973249 0.229753 -0.000000
vn 0.601317 0.526152 -0.601317
vn 0.601317 0.526152 -0.601317
vn 0.601317 0.526152 -0.601317
vn 0.601317 0.526152 -0.601317
vn 0.601317 0.526152 -0.601317
vn 0.601317 0.526152 -0.601317
vn 0.229753 0.000000 0.973249
vn 0.447214 0.000000 0.894427
vn 0.441372 -0.161104 0.882744
vn 0.229753 0.000000 0.973249
vn 0.441372 -0.161104 0.882744
vn 0.228232 -0.200463 0.952746
vn 0.000000 0.000000 1.000000
vn 0.229753 0.000000 0.973249
vn 0.228232 -0.200463 0.952746
vn 0.000000 0.000000 1.000000
vn 0.228232 -0.200463 0.952746
vn 0.000000 -0.229753 0.973249
vn -0.707107 0.000000 0.707107
vn -0.707107 0.000000 0.707107
vn -0.707107 0.000000 0.707107
vn -0.707107 0.000000 0.707107
vn -0.707107 0.000000 0.707107
vn -0.707107 0.000000 0.707107
vn -0.973249 0.229753 -0.000000
vn -0.973249 0.229753 -0.000000
vn -0.973249 -0.229753 -0.000000
vn -0.973249 0.229753 -0.000000
vn -0.973249 -0.229753 -0.000000
vn -0.973249 -0.229753 -0.000000
vn -0.707107 0.000000 -0.707107
vn -0.707107 0.000000 -0.707107
vn -0.707107 0.000000 -0.707107
vn -0.707107 0.000000 -0.707107
vn -0.707107 0.000000 -0.707107
vn -0.707107 0.000000 -0.707107
vn 0.117175 0.234351 -0.965065
vn 0.000000 0.229753 -0.973249
vn 0.000000 -0.229753 -0.973249
vn 0.117175 0.234351 -0.965065
vn 0.000000 -0.229753 -0.973249
vn 0.228232 -0.200463 -0.952746
vn 0.447214 0.000000 -0.894427
vn 0.117175 0.234351 -0.965065
vn 0.228232 -0.200463 -0.952746
vn 0.447214 0.000000 -0.894427
vn 0.228232 -0.200463 -0.952746
vn 0.441372 -0.161104 -0.882744
vn 0.894427 -0.447214 0.000000
vn 0.894427 -0.447214 0.000000
vn 0.894427 -0.447214 0.000000
vn 0.228232 -0.200463 0.952746
vn 0.441372 -0.161104 0.882744
vn 0.423999 -0.317999 0.847998
vn 0.228232 -0.200463 0.952746
vn 0.423999 -0.317999 0.847998
vn 0.217468 -0.392475 0.893684
vn 0.000000 -0.229753 0.973249
vn 0.228232 -0.200463 0.952746
vn 0.217468 -0.392475 0.893684
vn 0.000000 -0.229753 0.973249
vn 0.217468 -0.392475 0.893684
vn 0.000000 -0.447214 0.894427
vn -0.601317 -0.526152 0.601317
vn -0.601317 -0.526152 0.601317
vn -0.601317 -0.526152 0.601317
vn -0.601317 -0.526152 0.601317
vn -0.601317 -0.526152 0.601317
vn -0.601317 -0.526152 0.601317
vn -0.973249 -0.229753 -0.000000
vn -0.973249 -0.229753 -0.000000
vn -0.894427 -0.447214 -0.000000
vn -0.973249 -0.229753 -0.000000
vn -0.894427 -0.447214 -0.000000
vn -0.894427 -0.447214 -0.000000
vn -0.601317 -0.526152 -0.601317
vn -0.601317 -0.526152 -0.601317
vn -0.601317 -0.526152 -0.601317
vn -0.601317 -0.526152 -0.601317
vn -0.601317 -0.526152 -0.601317
vn -0.601317 -0.526152 -0.601317
vn 0.228232 -0.200463 -0.952746
vn 0.000000 -0.229753 -0.973249
vn 0.000000 -0.447214 -0.894427
vn 0.228232 -0.200463 -0.952746
vn 0.000000 -0.447214 -0.894427
vn 0.217468 -0.392475 -0.893684
vn 0.441372 -0.161104 -0.882744
vn 0.228232 -0.200463 -0.952746
vn 0.217468 -0.392475 -0.893684
vn 0.441372 -0.161104 -0.882744
vn 0.217468 -0.392475 -0.893684
vn 0.423999 -0.317999 -0.847998
vn 0.707107 0.707107 0.000000
vn 0.707107 0.707107 0.000000
vn 0.707107 0.707107 0.000000
vn 0.707107 0.707107 0.000000
vn 0.707107 0.707107 0.000000
vn 0.707107 0.707107 0.000000
vn 0.189567 0.645274 0.740058
vn 0.371391 0.557086 0.742781
vn 0.371391 0.557086 0.742781
vn 0.189567 0.645274 0.740058
vn 0.371391 0.557086 0.742781
vn 0.189567 0.645274 0.740058
vn 0.000000 0.707107 0.707107
vn 0.189567 0.645274 0.740058
vn 0.189567 0.645274 0.740058
vn 0.000000 0.707107 0.707107
vn 0.189567 0.645274 0.740058
vn 0.000000 0.707107 0.707107
vn -0.444444 0.777778 0.444444
vn -0.444444 0.777778 0.444444
vn -0.444444 0.777778 0.444444
vn -0.444444 0.777778 0.444444
vn -0.444444 0.777778 0.444444
vn -0.444444 0.777778 0.444444
vn 0.000000 1.000000 0.000000
vn 0.000000 1.000000 0.000000
vn 0.000000 1.000000 0.000000
vn 0.000000 1.000000 0.000000
vn 0.000000 1.000000 0.000000
vn 0.000000 1.000000 0.000000
vn -0.444444 0.777778 -0.444444
vn -0.444444 0.777778 -0.444444
vn -0.444444 0.777778 -0.444444
vn -0.444444 0.777778 -0.444444
vn -0.444444 0.777778 -0.444444
vn -0.444444 0.777778 -0.444444
vn 0.189567 0.645274 -0.740058
vn 0.000000 0.707107 -0.707107
vn 0.000000 0.707107 -0.707107
vn 0.189567 0.645274 -0.740058
vn 0.000000 0.707107 -0.707107
vn 0.189567 0.645274 -0.740058
vn 0.371391 0.557086 -0.742781
vn 0.189567 0.645274 -0.740058
vn 0.189567 0.645274 -0.740058
vn 0.371391 0.557086 -0.742781
vn 0.189567 0.645274 -0.740058
vn 0.371391 0.557086 -0.742781
vn 0.894427 0.447214 0.000000
vn 0.894427 0.447214 0.000000
vn 0.894427 0.447214 0.000000
vn 0.894427 0.447214 0.000000
vn 0.894427 0.447214 0.000000
vn 0.894427 0.447214 0.000000
vn 0.894427 0.447214 0.000000
vn 0.894427 0.447214 0.000000
vn 0.894427 0.447214 0.000000
vn 0.000000 1.000000 0.000000
vn 0.000000 1.000000 0.000000
vn 0.000000 1.000000 0.000000
vn 0.000000 1.000000 0.000000
vn 0.000000 1.000000 0.000000
vn 0.000000 1.000000 0.000000
vn 0.000000 1.000000 0.000000
vn 0.000000 1.000000 0.000000
vn 0.000000 1.000000 0.000000
vn 0.000000 1.000000 0.000000
vn 0.000000 1.000000 0.000000
vn 0.000000 1.000000 0.000000
vn 0.000000 -1.000000 0.000000
vn 0.000000 -1.000000 0.000000
vn 0.000000 -1.000000 0.000000
vn 0.000000 -1.000000 0.000000
vn 0.000000 -1.000000 0.000000
vn 0.000000 -1.000000 0.000000
vn 0.000000 -1.000000 0.000000
vn 0.000000 -1.000000 0.000000
vn 0.000000 -1.000000 0.000000
vn -0.707107 0.707107 -0.000000
vn -0.707107 0.707107 -0.000000
vn -0.707107 0.707107 -0.000000
vn -0.707107 0.707107 -0.000000
vn -0.707107 0.707107 -0.000000
vn -0.707107 0.707107 -0.000000
vn 0.000000 -0.062137 0.998068
vn 0.000000 -0.124035 0.992278
vn 0.000000 -0.124035 0.992278
vn 0.000000 -0.062137 0.998068
vn 0.000000 -0.124035 0.992278
vn -0.233070 0.034288 0.971855
vn 0.894427 0.447214 0.000000
vn 0.894427 0.447214 0.000000
vn 0.894427 0.447214 0.000000
vn 0.894427 0.447214 0.000000
vn 0.894427 0.447214 0.000000
vn 0.894427 0.447214 0.000000
vn 0.894427 0.447214 0.000000
vn 0.894427 0.447214 0.000000
vn 0.894427 0.447214 0.000000
vn -0.936329 0.351124 0.000000
vn -0.936329 0.351124 0.000000
vn -0.936329 0.351124 0.000000
vn -0.936329 0.351124 0.000000
vn -0.936329 0.351124 0.000000
vn -0.936329 0.351124 0.000000
vn -0.233070 0.034288 -0.971855
vn 0.000000 -0.124035 -0.992278
vn 0.000000 -0.124035 -0.992278
vn -0.233070 0.034288 -0.971855
vn 0.000000 -0.124035 -0.992278
vn 0.000000 -0.062137 -0.998068
vn 0.000000 -0.062137 0.998068
vn -0.233070 0.034288 0.971855
vn -0.229753 0.000000 0.973249
vn 0.000000 -0.062137 0.998068
vn -0.229753 0.000000 0.973249
vn 0.000000 0.000000 1.000000
vn 0.000000 1.000000 0.000000
vn 0.000000 1.000000 0.000000
vn 0.000000 1.000000 0.000000
vn 0.000000 1.000000 0.000000
vn 0.000000 1.000000 0.000000
vn 0.000000 1.000000 0.000000
vn -0.229753 0.000000 -0.973249
vn -0.233070 0.034288 -0.971855
vn 0.000000 -0.062137 -0.998068
vn -0.229753 0.000000 -0.973249
vn 0.000000 -0.062137 -0.998068
vn 0.000000 0.000000 -1.000000
vn -0.916157 0.400819 0.000000
vn -0.916157 0.400819 0.000000
vn -0.916157 0.400819 0.000000
vn 0.689086 0.224322 -0.689086
vn 0.689086 0.224322 -0.689086
vn 0.707107 0.000000 -0.707107
vn 0.689086 0.224322 -0.689086
vn 0.707107 0.000000 -0.707107
vn 0.707107 0.000000 -0.707107
vn 0.601317 0.526152 0.601317
vn 0.601317 0.526152 0.601317
vn 0.601317 0.526152 0.601317
vn 0.601317 0.526152 0.601317
vn 0.601317 0.526152 0.601317
vn 0.601317 0.526152 0.601317
vn 0.000000 1.000000 0.000000
vn 0.000000 1.000000 0.000000
vn 0.000000 1.000000 0.000000
vn 0.000000 1.000000 0.000000
vn 0.000000 1.000000 0.000000
vn 0.000000 1.000000 0.000000
vn 0.000000 1.000000 0.000000
vn 0.000000 1.000000 0.000000
vn 0.000000 1.000000 0.000000
vn 0.000000 1.000000 0.000000
vn 0.000000 1.000000 0.000000
vn 0.000000 1.000000 0.000000
vn 0.000000 1.000000 0.000000
vn 0.000000 1.000000 0.000000
vn 0.000000 1.000000 0.000000
vn 0.000000 1.000000 0.000000
vn 0.000000 1.000000 0.000000
vn 0.000000 1.000000 0.000000
vn 0.000000 0.000000 -1.000000
vn 0.000000 0.000000 -1.000000
vn 0.000000 0.000000 -1.000000
vn 0.000000 0.000000 -1.000000
vn 0.000000 0.000000 -1.000000
vn 0.000000 0.000000 -1.000000
vn 0.000000 0.000000 1.000000
vn 0.000000 0.000000 1.000000
vn 0.000000 0.000000 1.000000
vn 0.000000 0.000000 1.000000
vn 0.000000 0.000000 1.000000
vn 0.000000 0.000000 1.000000
vn 1.000000 0.000000 0.000000
vn 1.000000 0.000000 0.000000
vn 1.000000 0.000000 0.000000
vn 1.000000 0.000000 0.000000
vn 1.000000 0.000000 0.000000
vn 1.000000 0.000000 0.000000
vn -1.000000 0.000000 0.000000
vn -1.000000 0.000000 0.000000
vn -1.000000 0.000000 0.000000
vn -1.000000 0.000000 0.000000
vn -1.000000 0.000000 0.000000
vn -1.000000 0.000000 0.000000
vn 0.000000 -1.000000 0.000000
vn 0.000000 -1.000000 0.000000
vn 0.000000 -1.000000 0.000000
vn 0.000000 -1.000000 0.000000
vn 0.000000 -1.000000 0.000000
vn 0.000000 -1.000000 0.000000
vn 0.000000 -1.000000 0.000000
vn 0.000000 -1.000000 0.000000
vn 0.000000 -1.000000 0.000000
vn 0.000000 -1.000000 0.000000
vn 0.000000 -1.000000 0.000000
vn 0.000000 -1.000000 0.000000
vn 0.000000 -1.000000 0.000000
vn 0.000000 -1.000000 0.000000
vn 0.000000 -1.000000 0.000000
vn 0.000000 -1.000000 0.000000
vn 0.000000 -1.000000 0.000000
vn 0.000000 -1.000000 0.000000
vn 0.000000 -1.000000 0.000000
vn 0.000000 -1.000000 0.000000
vn 0.000000 -1.000000 0.000000
vn 0.457496 -0.762493 0.457496
vn 0.457496 -0.762493 0.457496
vn 0.457496 -0.762493 0.457496
vn 0.457496 -0.762493 0.457496
vn 0.457496 -0.762493 0.457496
vn 0.457496 -0.762493 0.457496
vn -0.408248 -0.408248 -0.816497
vn -0.408248 -0.408248 -0.816497
vn -0.408248 -0.408248 -0.816497
vn -0.408248 -0.408248 -0.816497
vn -0.408248 -0.408248 -0.816497
vn -0.408248 -0.408248 -0.816497
vn -0.408248 -0.408248 0.816497
vn -0.408248 -0.408248 0.816497
vn -0.408248 -0.408248 0.816497
vn -0.408248 -0.408248 0.816497
vn -0.408248 -0.408248 0.816497
vn -0.408248 -0.408248 0.816497
vn -0.832050 -0.554700 0.000000
vn -0.832050 -0.554700 0.000000
vn -0.832050 -0.554700 0.000000
vn -0.832050 -0.554700 0.000000
vn -0.832050 -0.554700 0.000000
vn -0.832050 -0.554700 0.000000
vn 0.457496 -0.762493 -0.457496
vn 0.457496 -0.762493 -0.457496
vn 0.457496 -0.762493 -0.457496
vn 0.457496 -0.762493 -0.457496
vn 0.457496 -0.762493 -0.457496
vn 0.457496 -0.762493 -0.457496
vn 0.832050 -0.554700 0.000000
vn 0.832050 -0.554700 0.000000
vn 0.832050 -0.554700 0.000000
vn 0.832050 -0.554700 0.000000
vn 0.832050 -0.554700 0.000000
vn 0.832050 -0.554700 0.000000
vn 0.916157 0.400819 0.000000
vn 0.916157 0.400819 0.000000
vn 0.978815 0.204747 0.000000
vn 0.916157 0.400819 0.000000
vn 0.978815 0.204747 0.000000
vn 0.978815 0.204747 0.000000
vn 0.635943 0.437211 0.635943
vn 0.635943 0.437211 0.635943
vn 0.689086 0.224322 0.689086
vn 0.635943 0.437211 0.635943
vn 0.689086 0.224322 0.689086
vn 0.689086 0.224322 0.689086
vn -0.450219 0.256062 0.855415
vn -0.450219 0.256062 0.855415
vn -0.452528 0.129118 0.882353
vn -0.450219 0.256062 0.855415
vn -0.452528 0.129118 0.882353
vn -0.233070 0.034288 0.971855
vn -0.916157 0.400819 0.000000
vn -0.916157 0.400819 0.000000
vn -0.916157 0.400819 0.000000
vn -0.450219 0.256062 -0.855415
vn -0.450219 0.256062 -0.855415
vn -0.233070 0.034288 -0.971855
vn -0.450219 0.256062 -0.855415
vn -0.233070 0.034288 -0.971855
vn -0.452528 0.129118 -0.882353
vn 0.635943 0.437211 -0.635943
vn 0.635943 0.437211 -0.635943
vn 0.689086 0.224322 -0.689086
vn 0.635943 0.437211 -0.635943
vn 0.689086 0.224322 -0.689086
vn 0.689086 0.224322 -0.689086
vn 0.978815 0.204747 0.000000
vn 0.978815 0.204747 0.000000
vn 1.000000 0.000000 0.000000
vn 0.978815 0.204747 0.000000
vn 1.000000 0.000000 0.000000
vn 1.000000 0.000000 0.000000
vn 0.689086 0.224322 0.689086
vn 0.689086 0.224322 0.689086
vn 0.707107 0.000000 0.707107
vn 0.689086 0.224322 0.689086
vn 0.707107 0.000000 0.707107
vn 0.707107 0.000000 0.707107
vn -0.233070 0.034288 0.971855
vn -0.452528 0.129118 0.882353
vn -0.447214 0.000000 0.894427
vn -0.233070 0.034288 0.971855
vn -0.447214 0.000000 0.894427
vn -0.229753 0.000000 0.973249
vn -0.916157 0.400819 0.000000
vn -0.916157 0.400819 0.000000
vn -0.916157 0.400819 0.000000
vn -0.452528 0.129118 -0.882353
vn -0.233070 0.034288 -0.971855
vn -0.229753 0.000000 -0.973249
vn -0.452528 0.129118 -0.882353
vn -0.229753 0.000000 -0.973249
vn -0.447214 0.000000 -0.894427
vn 0.689086 0.224322 -0.689086
vn 0.689086 0.224322 -0.689086
vn 0.707107 0.000000 -0.707107
vn 0.689086 0.224322 -0.689086
vn 0.707107 0.000000 -0.707107
vn 0.707107 0.000000 -0.707107
vn -0.916157 0.400819 0.000000
vn -0.916157 0.400819 0.000000
vn -0.916157 0.400819 0.000000
vn -0.229753 0.000000 -0.973249
vn -0.233070 0.034288 -0.971855
vn 0.000000 -0.062137 -0.998068
vn -0.229753 0.000000 -0.973249
vn 0.000000 -0.062137 -0.998068
vn 0.000000 0.000000 -1.000000
vn 0.000000 1.000000 0.000000
vn 0.000000 1.000000 0.000000
vn 0.000000 1.000000 0.000000
vn 0.000000 1.000000 0.000000
vn 0.000000 1.000000 0.000000
vn 0.000000 1.000000 0.000000
vn 0.000000 -0.062137 0.998068
vn -0.233070 0.034288 0.971855
vn -0.229753 0.000000 0.973249
vn 0.000000 -0.062137 0.998068
vn -0.229753 0.000000 0.973249
vn 0.000000 0.000000 1.000000
vn -0.233070 0.034288 -0.971855
vn 0.000000 -0.124035 -0.992278
vn 0.000000 -0.124035 -0.992278
vn -0.233070 0.034288 -0.971855
vn 0.000000 -0.124035 -0.992278
vn 0.000000 -0.062137 -0.998068
vn 0.000000 -0.062137 0.998068
vn 0.000000 -0.124035 0.992278
vn 0.000000 -0.124035 0.992278
vn 0.000000 -0.062137 0.998068
vn 0.000000 -0.124035 0.992278
vn -0.233070 0.034288 0.971855
vn -0.707107 0.707107 -0.000000
vn -0.707107 0.707107 -0.000000
vn -0.707107 0.707107 -0.000000
vn -0.707107 0.707107 -0.000000
vn -0.707107 0.707107 -0.000000
vn -0.707107 0.707107 -0.000000
vn 0.000000 -1.000000 0.000000
vn 0.000000 -1.000000 0.000000
vn 0.000000 -1.000000 0.000000
vn 0.000000 -1.000000 0.000000
vn 0.000000 -1.000000 0.000000
vn 0.000000 -1.000000 0.000000
vn 0.000000 -1.000000 0.000000
vn 0.000000 -1.000000 0.000000
vn 0.000000 -1.000000 0.000000
vn 0.000000 1.000000 0.000000
vn 0.000000 1.000000 0.000000
vn 0.000000 1.000000 0.000000
vn 0.000000 1.000000 0.000000
vn 0.000000 1.000000 0.000000
vn 0.000000 1.000000 0.000000
vn 0.000000 1.000000 0.000000
vn 0.000000 1.000000 0.000000
vn 0.000000 1.000000 0.000000
vn 0.000000 1.000000 0.000000
vn 0.000000 1.000000 0.000000
vn 0.000000 1.000000 0.000000
vn 0.000000 1.000000 0.000000
vn 0.000000 1.000000 0.000000
vn 0.000000 1.000000 0.000000
vn 0.000000 1.000000 0.000000
vn 0.000000 1.000000 0.000000
vn 0.000000 1.000000 0.000000
vn 0.000000 1.000000 0.000000
vn 0.000000 1.000000 0.000000
vn 0.000000 1.000000 0.000000
vn 0.000000 1.000000 0.000000
vn 0.000000 1.000000 0.000000
vn 0.000000 1.000000 0.000000
vn 0.936329 0.351123 0.000000
vn 0.936329 0.351123 0.000000
vn 0.936329 0.351123 0.000000
vn 0.936329 0.351123 0.000000
vn 0.936329 0.351123 0.000000
vn 0.936329 0.351123 0.000000
vn 0.000000 0.447214 0.894427
vn 0.000000 0.447214 0.894427
vn 0.000000 0.447214 0.894427
vn 0.000000 0.447214 0.894427
vn 0.000000 0.447214 0.894427
vn 0.000000 0.447214 0.894427
vn 0.936329 0.351123 0.000000
vn 0.936329 0.351123 0.000000
vn 0.936329 0.351123 0.000000
vn 0.936329 0.351123 0.000000
vn 0.936329 0.351123 0.000000
vn 0.936329 0.351123 0.000000
vn 0.936329 0.351123 0.000000
vn 0.936329 0.351123 0.000000
vn 0.936329 0.351123 0.000000
vn 0.936329 0.351123 0.000000
vn 0.936329 0.351123 0.000000
vn 0.936329 0.351123 0.000000
vn -0.452528 0.129118 -0.882353
vn -0.233070 0.034288 -0.971855
vn -0.229753 0.000000 -0.973249
vn -0.452528 0.129118 -0.882353
vn -0.229753 0.000000 -0.973249
vn -0.447214 0.000000 -0.894427
vn -0.916157 0.400819 0.000000
vn -0.916157 0.400819 0.000000
vn -0.916157 0.400819 0.000000
vn -0.233070 0.034288 0.971855
vn -0.452528 0.129118 0.882353
vn -0.447214 0.000000 0.894427
vn -0.233070 0.034288 0.971855
vn -0.447214 0.000000 0.894427
vn -0.229753 0.000000 0.973249
vn 0.936329 0.351123 0.000000
vn 0.936329 0.351123 0.000000
vn 0.936329 0.351123 0.000000
vn 0.936329 0.351123 0.000000
vn 0.936329 0.351123 0.000000
vn 0.936329 0.351123 0.000000
vn -0.936329 0.351123 -0.000000
vn -0.936329 0.351123 -0.000000
vn -0.936329 0.351123 -0.000000
vn -0.936329 0.351123 -0.000000
vn -0.936329 0.351123 -0.000000
vn -0.936329 0.351123 -0.000000
vn 0.689086 0.224322 0.689086
vn 0.689086 0.224322 0.689086
vn 0.707107 0.000000 0.707107
vn 0.689086 0.224322 0.689086
vn 0.707107 0.000000 0.707107
vn 0.707107 0.000000 0.707107
vn 0.978815 0.204747 0.000000
vn 0.978815 0.204747 0.000000
vn 1.000000 0.000000 0.000000
vn 0.978815 0.204747 0.000000
vn 1.000000 0.000000 0.000000
vn 1.000000 0.000000 0.000000
vn 0.635943 0.437211 -0.635943
vn 0.635943 0.437211 -0.635943
vn 0.689086 0.224322 -0.689086
vn 0.635943 0.437211 -0.635943
vn 0.689086 0.224322 -0.689086
vn 0.689086 0.224322 -0.689086
vn -0.450219 0.256062 -0.855415
vn -0.450219 0.256062 -0.855415
vn -0.233070 0.034288 -0.971855
vn -0.450219 0.256062 -0.855415
vn -0.233070 0.034288 -0.971855
vn -0.452528 0.129118 -0.882353
vn -0.916157 0.400819 0.000000
vn -0.916157 0.400819 0.000000
vn -0.916157 0.400819 0.000000
vn 0.894427 -0.447214 0.000000
vn 0.894427 -0.447214 0.000000
vn 0.894427 -0.447214 0.000000
vn 0.894427 -0.447214 0.000000
vn 0.894427 -0.447214 0.000000
vn 0.894427 -0.447214 0.000000
vn -0.450219 0.256062 0.855415
vn -0.450219 0.256062 0.855415
vn -0.452528 0.129118 0.882353
vn -0.450219 0.256062 0.855415
vn -0.452528 0.129118 0.882353
vn -0.233070 0.034288 0.971855
vn 0.635943 0.437211 0.635943
vn 0.635943 0.437211 0.635943
vn 0.689086 0.224322 0.689086
vn 0.635943 0.437211 0.635943
vn 0.689086 0.224322 0.689086
vn 0.689086 0.224322 0.689086
vn 0.916157 0.400819 0.000000
vn 0.916157 0.400819 0.000000
vn 0.978815 0.204747 0.000000
vn 0.916157 0.400819 0.000000
vn 0.978815 0.204747 0.000000
vn 0.978815 0.204747 0.000000
vn 0.832050 -0.554700 0.000000
vn 0.832050 -0.554700 0.000000
vn 0.832050 -0.554700 0.000000
vn 0.832050 -0.554700 0.000000
vn 0.832050 -0.554700 0.000000
vn 0.832050 -0.554700 0.000000
vn 0.457496 -0.762493 -0.457496
vn 0.457496 -0.762493 -0.457496
vn 0.457496 -0.762493 -0.457496
vn 0.457496 -0.762493 -0.457496
vn 0.457496 -0.762493 -0.457496
vn 0.457496 -0.762493 -0.457496
vn -0.832050 -0.554700 0.000000
vn -0.832050 -0.554700 0.000000
vn -0.832050 -0.554700 0.000000
vn -0.832050 -0.554700 0.000000
vn -0.832050 -0.554700 0.000000
vn -0.832050 -0.554700 0.000000
vn -0.408248 -0.408248 0.816497
vn -0.408248 -0.408248 0.816497
vn -0.408248 -0.408248 0.816497
vn -0.408248 -0.408248 0.816497
vn -0.408248 -0.408248 0.816497
vn -0.408248 -0.408248 0.816497
vn -0.408248 -0.408248 -0.816497
vn -0.408248 -0.408248 -0.816497
vn -0.408248 -0.408248 -0.816497
vn -0.408248 -0.408248 -0.816497
vn -0.408248 -0.408248 -0.816497
vn -0.408248 -0.408248 -0.816497
vn 0.457496 -0.762493 0.457496
vn 0.457496 -0.762493 0.457496
vn 0.457496 -0.762493 0.457496
vn 0.457496 -0.762493 0.457496
vn 0.457496 -0.762493 0.457496
vn 0.457496 -0.762493 0.457496
vn 0.000000 -1.000000 0.000000
vn 0.000000 -1.000000 0.000000
vn 0.000000 -1.000000 0.000000
vn 0.000000 -1.000000 0.000000
vn 0.000000 -1.000000 0.000000
vn 0.000000 -1.000000 0.000000
vn -0.601317 0.526152 0.601317
vn -0.601317 0.526152 0.601317
vn -0.601317 0.526152 0.601317
vn -0.601317 0.526152 0.601317
vn -0.601317 0.526152 0.601317
vn -0.601317 0.526152 0.601317
vn -0.601317 0.526152 -0.601317
vn -0.601317 0.526152 -0.601317
vn -0.601317 0.526152 -0.601317
vn -0.601317 0.526152 -0.601317
vn -0.601317 0.526152 -0.601317
vn -0.601317 0.526152 -0.601317
vn 0.000000 1.000000 0.000000
vn 0.000000 1.000000 0.000000
vn 0.000000 1.000000 0.000000
vn 0.000000 1.000000 0.000000
vn 0.000000 1.000000 0.000000
vn 0.000000 1.000000 0.000000
vn 0.000000 1.000000 0.000000
vn 0.000000 1.000000 0.000000
vn 0.000000 1.000000 0.000000
vn 0.000000 1.000000 0.000000
vn 0.000000 1.000000 0.000000
vn 0.000000 1.000000 0.000000
vn 0.000000 1.000000 0.000000
vn 0.000000 1.000000 0.000000
vn 0.000000 1.000000 0.000000
vn 0.000000 1.000000 0.000000
vn 0.000000 1.000000 0.000000
vn 0.000000 1.000000 0.000000
vn 0.000000 1.000000 0.000000
vn 0.000000 1.000000 0.000000
vn 0.000000 1.000000 0.000000
vn 0.000000 1.000000 0.000000
vn 0.000000 1.000000 0.000000
vn 0.000000 1.000000 0.000000
vn -0.936329 0.351124 0.000000
vn -0.936329 0.351124 0.000000
vn -0.936329 0.351124 0.000000
vn -0.936329 0.351124 0.000000
vn -0.936329 0.351124 0.000000
vn -0.936329 0.351124 0.000000
vn 0.000000 0.447214 0.894427
vn 0.000000 0.447214 0.894427
vn 0.117175 0.234351 0.965065
vn 0.000000 0.447214 0.894427
vn 0.117175 0.234351 0.965065
vn 0.000000 0.229753 0.973249
vn -0.894427 0.447214 -0.000000
vn -0.894427 0.447214 -0.000000
vn -0.894427 0.447214 -0.000000
vn -0.894427 0.447214 -0.000000
vn -0.894427 0.447214 -0.000000
vn -0.973249 0.229753 -0.000000
vn -0.894427 0.447214 -0.000000
vn -0.973249 0.229753 -0.000000
vn -0.973249 0.229753 -0.000000
vn 0.601317 0.526152 -0.601317
vn 0.601317 0.526152 -0.601317
vn 0.601317 0.526152 -0.601317
vn 0.601317 0.526152 -0.601317
vn 0.601317 0.526152 -0.601317
vn 0.601317 0.526152 -0.601317
vn 0.117175 0.234351 0.965065
vn 0.447214 0.000000 0.894427
vn 0.441372 -0.161104 0.882744
vn 0.117175 0.234351 0.965065
vn 0.441372 -0.161104 0.882744
vn 0.228232 -0.200463 0.952746
vn 0.000000 0.229753 0.973249
vn 0.117175 0.234351 0.965065
vn 0.228232 -0.200463 0.952746
vn 0.000000 0.229753 0.973249
vn 0.228232 -0.200463 0.952746
vn 0.000000 -0.229753 0.973249
vn -0.707107 0.000000 0.707107
vn -0.707107 0.000000 0.707107
vn -0.707107 0.000000 0.707107
vn -0.707107 0.000000 0.707107
vn -0.707107 0.000000 0.707107
vn -0.707107 0.000000 0.707107
vn -0.973249 0.229753 -0.000000
vn -0.973249 0.229753 -0.000000
vn -0.973249 -0.229753 -0.000000
vn -0.973249 0.229753 -0.000000
vn -0.973249 -0.229753 -0.000000
vn -0.973249 -0.229753 -0.000000
vn -0.707107 0.000000 -0.707107
vn -0.707107 0.000000 -0.707107
vn -0.707107 0.000000 -0.707107
vn -0.707107 0.000000 -0.707107
vn -0.707107 0.000000 -0.707107
vn -0.707107 0.000000 -0.707107
vn 0.229753 0.000000 -0.973249
vn 0.000000 0.000000 -1.000000
vn 0.000000 -0.229753 -0.973249
vn 0.229753 0.000000 -0.973249
vn 0.000000 -0.229753 -0.973249
vn 0.228232 -0.200463 -0.952746
vn 0.447214 0.000000 -0.894427
vn 0.229753 0.000000 -0.973249
vn 0.228232 -0.200463 -0.952746
vn 0.447214 0.000000 -0.894427
vn 0.228232 -0.200463 -0.952746
vn 0.441372 -0.161104 -0.882744
vn 0.894427 -0.447214 0.000000
vn 0.894427 -0.447214 0.000000
vn 0.894427 -0.447214 0.000000
vn 0.228232 -0.200463 0.952746
vn 0.441372 -0.161104 0.882744
vn 0.423999 -0.317999 0.847998
vn 0.228232 -0.200463 0.952746
vn 0.423999 -0.317999 0.847998
vn 0.217468 -0.392475 0.893684
vn 0.000000 -0.229753 0.973249
vn 0.228232 -0.200463 0.952746
vn 0.217468 -0.392475 0.893684
vn 0.000000 -0.229753 0.973249
vn 0.217468 -0.392475 0.893684
vn 0.000000 -0.447214 0.894427
vn -0.601317 -0.526152 0.601317
vn -0.601317 -0.526152 0.601317
vn -0.601317 -0.526152 0.601317
vn -0.601317 -0.526152 0.601317
vn -0.601317 -0.526152 0.601317
vn -0.601317 -0.526152 0.601317
vn -0.973249 -0.229753 -0.000000
vn -0.973249 -0.229753 -0.000000
vn -0.894427 -0.447214 -0.000000
vn -0.973249 -0.229753 -0.000000
vn -0.894427 -0.447214 -0.000000
vn -0.894427 -0.447214 -0.000000
vn -0.601317 -0.526152 -0.601317
vn -0.601317 -0.526152 -0.601317
vn -0.601317 -0.526152 -0.601317
vn -0.601317 -0.526152 -0.601317
vn -0.601317 -0.526152 -0.601317
vn -0.601317 -0.526152 -0.601317
vn 0.228232 -0.200463 -0.952746
vn 0.000000 -0.229753 -0.973249
vn 0.000000 -0.447214 -0.894427
vn 0.228232 -0.200463 -0.952746
vn 0.000000 -0.447214 -0.894427
vn 0.217468 -0.392475 -0.893684
vn 0.441372 -0.161104 -0.882744
vn 0.228232 -0.200463 -0.952746
vn 0.217468 -0.392475 -0.893684
vn 0.441372 -0.161104 -0.882744
vn 0.217468 -0.392475 -0.893684
vn 0.423999 -0.317999 -0.847998
vn 0.707107 0.707107 0.000000
vn 0.707107 0.707107 0.000000
vn 0.707107 0.707107 0.000000
vn 0.707107 0.707107 0.000000
vn 0.707107 0.707107 0.000000
vn 0.707107 0.707107 0.000000
vn 0.189567 0.645274 0.740058
vn 0.371391 0.557086 0.742781
vn 0.371391 0.557086 0.742781
vn 0.189567 0.645274 0.740058
vn 0.371391 0.557086 0.742781
vn 0.189567 0.645274 0.740058
vn 0.000000 0.707107 0.707107
vn 0.189567 0.645274 0.740058
vn 0.189567 0.645274 0.740058
vn 0.000000 0.707107 0.707107
vn 0.189567 0.645274 0.740058
vn 0.000000 0.707107 0.707107
vn -0.444444 0.777778 0.444444
vn -0.444444 0.777778 0.444444
vn -0.444444 0.777778 0.444444
vn -0.444444 0.777778 0.444444
vn -0.444444 0.777778 0.444444
vn -0.444444 0.777778 0.444444
vn 0.000000 1.000000 0.000000
vn 0.000000 1.000000 0.000000
vn 0.000000 1.000000 0.000000
vn 0.000000 1.000000 0.000000
vn 0.000000 1.000000 0.000000
vn 0.000000 1.000000 0.000000
vn -0.444444 0.777778 -0.444444
vn -0.444444 0.777778 -0.444444
vn -0.444444 0.777778 -0.444444
vn -0.444444 0.777778 -0.444444
vn -0.444444 0.777778 -0.444444
vn -0.444444 0.777778 -0.444444
vn 0.189567 0.645274 -0.740058
vn 0.000000 0.707107 -0.707107
vn 0.000000 0.707107 -0.707107
vn 0.189567 0.645274 -0.740058
vn 0.000000 0.707107 -0.707107
vn 0.189567 0.645274 -0.740058
vn 0.371391 0.557086 -0.742781
vn 0.189567 0.645274 -0.740058
vn 0.189567 0.645274 -0.740058
vn 0.371391 0.557086 -0.742781
vn 0.189567 0.645274 -0.740058
vn 0.371391 0.557086 -0.742781
vn 0.000000 -1.000000 0.000000
vn 0.000000 -1.000000 0.000000
vn 0.000000 -1.000000 0.000000
vn 0.000000 -1.000000 0.000000
vn 0.000000 -1.000000 0.000000
vn 0.000000 -1.000000 0.000000
vn 0.000000 -1.000000 0.000000
vn 0.000000 -1.000000 0.000000
vn 0.000000 -1.000000 0.000000
vn 0.000000 -1.000000 0.000000
vn 0.000000 -1.000000 0.000000
vn 0.000000 -1.000000 0.000000
vn 0.000000 -1.000000 0.000000
vn 0.000000 -1.000000 0.000000
vn 0.000000 -1.000000 0.000000
vn -1.000000 0.000000 0.000000
vn -1.000000 0.000000 0.000000
vn -1.000000 0.000000 0.000000
vn -1.000000 0.000000 0.000000
vn -1.000000 0.000000 0.000000
vn -1.000000 0.000000 0.000000
vn 0.117175 0.234351 0.965065
vn 0.000000 0.447214 0.894427
vn 0.000000 0.447214 0.894427
vn 0.117175 0.234351 0.965065
vn 0.000000 0.447214 0.894427
vn 0.000000 0.447214 0.894427
vn 0.117175 0.234351 0.965065
vn 0.000000 0.447214 0.894427
vn 0.000000 0.447214 0.894427
vn 0.117175 0.234351 0.965065
vn 0.000000 0.447214 0.894427
vn 0.000000 0.447214 0.894427
vn 0.117175 0.234351 0.965065
vn 0.000000 0.447214 0.894427
vn 0.000000 0.447214 0.894427
vn 0.117175 0.234351 0.965065
vn 0.000000 0.447214 0.894427
vn 0.000000 0.447214 0.894427
vn 0.117175 0.234351 0.965065
vn 0.000000 0.447214 0.894427
vn 0.000000 0.447214 0.894427
vn 1.000000 0.000000 0.000000
vn 1.000000 0.000000 0.000000
vn 1.000000 0.000000 0.000000
vn 1.000000 0.000000 0.000000
vn 1.000000 0.000000 0.000000
vn 1.000000 0.000000 0.000000
vn 0.000000 0.000000 1.000000
vn 0.000000 0.000000 1.000000
vn 0.000000 0.000000 1.000000
vn 0.000000 0.000000 1.000000
vn 0.000000 0.000000 1.000000
vn 0.000000 0.000000 1.000000
vn 0.000000 0.000000 -1.000000
vn 0.000000 0.000000 -1.000000
vn 0.000000 -0.122183 -0.992508
vn 0.000000 0.000000 -1.000000
vn 0.000000 -0.122183 -0.992508
vn 0.000000 -0.060976 -0.998139
vn 0.000000 0.000000 -1.000000
vn 0.000000 0.000000 -1.000000
vn 0.000000 -0.122183 -0.992508
vn 0.000000 0.000000 -1.000000
vn 0.000000 -0.122183 -0.992508
vn 0.000000 -0.060976 -0.998139
vn 0.000000 -0.060976 0.998139
vn 0.000000 -0.122183 0.992508
vn 0.000000 0.000000 1.000000
vn 0.000000 -0.060976 0.998139
vn 0.000000 0.000000 1.000000
vn 0.000000 0.000000 1.000000
vn 0.000000 0.000000 1.000000
vn 0.000000 0.000000 1.000000
vn 0.000000 -0.122183 0.992508
vn 0.000000 0.000000 1.000000
vn 0.000000 -0.122183 0.992508
vn 0.000000 -0.060976 0.998139
vn 0.706480 0.042103 0.706480
vn 0.706480 0.042103 0.706480
vn 0.683486 0.256307 0.683486
vn 0.706480 0.042103 0.706480
vn 0.683486 0.256307 0.683486
vn 0.683486 0.256307 0.683486
vn -0.683486 0.256307 0.683486
vn -0.683486 0.256307 0.683486
vn -0.737209 0.065948 0.672438
vn -0.683486 0.256307 0.683486
vn -0.737209 0.065948 0.672438
vn -0.737209 0.065948 0.672438
vn 0.737209 0.065948 0.672438
vn 0.737209 0.065948 0.672438
vn 0.683486 0.256307 0.683486
vn 0.737209 0.065948 0.672438
vn 0.683486 0.256307 0.683486
vn 0.683486 0.256307 0.683486
vn 0.512148 0.768221 0.384111
vn 0.512148 0.768221 0.384111
vn 0.512148 0.768221 0.384111
vn -0.683486 0.256307 0.683486
vn -0.683486 0.256307 0.683486
vn -0.737209 0.065948 0.672438
vn -0.683486 0.256307 0.683486
vn -0.737209 0.065948 0.672438
vn -0.737209 0.065948 0.672438
vn 0.208721 0.874728 0.437364
vn 0.408248 0.816497 0.408248
vn 0.208721 0.874728 0.437364
vn -0.208721 0.874728 -0.437364
vn -0.408248 0.816497 -0.408248
vn -0.208721 0.874728 -0.437364
vn -0.706480 0.042103 -0.706480
vn -0.706480 0.042103 -0.706480
vn -0.683486 0.256307 -0.683486
vn -0.706480 0.042103 -0.706480
vn -0.683486 0.256307 -0.683486
vn -0.683486 0.256307 -0.683486
vn 0.683486 0.256307 -0.683486
vn 0.683486 0.256307 -0.683486
vn 0.706480 0.042103 -0.706480
vn 0.683486 0.256307 -0.683486
vn 0.706480 0.042103 -0.706480
vn 0.706480 0.042103 -0.706480
vn 0.683486 0.256307 -0.683486
vn 0.683486 0.256307 -0.683486
vn 0.706480 0.042103 -0.706480
vn 0.683486 0.256307 -0.683486
vn 0.706480 0.042103 -0.706480
vn 0.706480 0.042103 -0.706480
vn -0.208721 0.874728 -0.437364
vn -0.408248 0.816497 -0.408248
vn -0.208721 0.874728 -0.437364
vn -0.706480 0.042103 -0.706480
vn -0.706480 0.042103 -0.706480
vn -0.683486 0.256307 -0.683486
vn -0.706480 0.042103 -0.706480
vn -0.683486 0.256307 -0.683486
vn -0.683486 0.256307 -0.683486
vn 0.208721 0.874728 -0.437364
vn 0.408248 0.816497 -0.408248
vn 0.208721 0.874728 -0.437364
vn -0.208721 0.874728 -0.437364
vn 0.208721 0.874728 -0.437364
vn 0.208721 0.874728 -0.437364
vn -0.208721 0.874728 -0.437364
vn 0.208721 0.874728 -0.437364
vn -0.208721 0.874728 -0.437364
vn 0.208721 0.874728 -0.437364
vn 0.408248 0.816497 -0.408248
vn 0.208721 0.874728 -0.437364
vn -0.208721 0.874728 -0.437364
vn 0.208721 0.874728 -0.437364
vn 0.208721 0.874728 -0.437364
vn -0.208721 0.874728 -0.437364
vn 0.208721 0.874728 -0.437364
vn -0.208721 0.874728 -0.437364
vn -0.512148 0.768221 0.384111
vn -0.512148 0.768221 0.384111
vn -0.512148 0.768221 0.384111
vn 0.000000 0.894427 0.447214
vn 0.208721 0.874728 0.437364
vn 0.208721 0.874728 0.437364
vn 0.000000 0.894427 0.447214
vn 0.208721 0.874728 0.437364
vn 0.000000 0.894427 0.447214
vn -0.512148 0.768221 0.384111
vn -0.512148 0.768221 0.384111
vn -0.512148 0.768221 0.384111
vn 0.000000 0.894427 0.447214
vn 0.000000 0.894427 0.447214
vn 0.000000 0.894427 0.447214
vn 0.000000 0.894427 0.447214
vn 0.000000 0.894427 0.447214
vn 0.000000 0.894427 0.447214
vn 0.000000 0.894427 -0.447214
vn 0.000000 0.894427 -0.447214
vn 0.000000 0.894427 -0.447214
vn 0.000000 0.894427 -0.447214
vn 0.000000 0.894427 -0.447214
vn 0.000000 0.894427 -0.447214
vn 0.208721 0.874728 -0.437364
vn 0.000000 0.894427 -0.447214
vn 0.000000 0.894427 -0.447214
vn 0.208721 0.874728 -0.437364
vn 0.000000 0.894427 -0.447214
vn 0.208721 0.874728 -0.437364
vn 0.208721 0.874728 0.437364
vn -0.208721 0.874728 0.437364
vn -0.208721 0.874728 0.437364
vn 0.208721 0.874728 0.437364
vn -0.208721 0.874728 0.437364
vn 0.208721 0.874728 0.437364
vn 0.208721 0.874728 0.437364
vn -0.208721 0.874728 0.437364
vn -0.208721 0.874728 0.437364
vn 0.208721 0.874728 0.437364
vn -0.208721 0.874728 0.437364
vn 0.208721 0.874728 0.437364
vn -0.208721 0.874728 0.437364
vn -0.208721 0.874728 0.437364
vn -0.408248 0.816497 0.408248
vn 0.000000 1.000000 0.000000
vn 0.000000 1.000000 0.000000
vn 0.000000 1.000000 0.000000
vn 0.000000 1.000000 0.000000
vn 0.000000 1.000000 0.000000
vn 0.000000 1.000000 0.000000
vn 0.000000 1.000000 0.000000
vn 0.000000 1.000000 0.000000
vn 0.000000 1.000000 0.000000
vn 0.000000 1.000000 0.000000
vn 0.000000 1.000000 0.000000
vn 0.000000 1.000000 0.000000
vn 0.000000 1.000000 0.000000
vn 0.000000 1.000000 0.000000
vn 0.000000 1.000000 0.000000
vn -0.208721 0.874728 0.437364
vn -0.208721 0.874728 0.437364
vn -0.408248 0.816497 0.408248
vn 0.000000 1.000000 0.000000
vn 0.000000 1.000000 0.000000
vn 0.000000 1.000000 0.000000
vn 0.000000 1.000000 0.000000
vn 0.000000 1.000000 0.000000
vn 0.000000 1.000000 0.000000
vn 0.000000 1.000000 0.000000
vn 0.000000 1.000000 0.000000
vn 0.000000 1.000000 0.000000
vn 0.000000 1.000000 0.000000
vn 0.000000 1.000000 0.000000
vn 0.000000 1.000000 0.000000
vn 0.000000 1.000000 0.000000
vn 0.000000 1.000000 0.000000
vn 0.000000 1.000000 0.000000
vn 0.208721 0.874728 -0.437364
vn 0.208721 0.874728 -0.437364
vn 0.408248 0.816497 -0.408248
vn 0.000000 1.000000 0.000000
vn 0.000000 1.000000 0.000000
vn 0.000000 1.000000 0.000000
vn 0.000000 1.000000 0.000000
vn 0.000000 1.000000 0.000000
vn 0.000000 1.000000 0.000000
vn 0.000000 1.000000 0.000000
vn 0.000000 1.000000 0.000000
vn 0.000000 1.000000 0.000000
vn 0.000000 1.000000 0.000000
vn 0.000000 1.000000 0.000000
vn 0.000000 1.000000 0.000000
vn 0.000000 1.000000 0.000000
vn 0.000000 1.000000 0.000000
vn 0.000000 1.000000 0.000000
vn -0.512148 0.768221 -0.384111
vn -0.512148 0.768221 -0.384111
vn -0.512148 0.768221 -0.384111
vn 0.000000 1.000000 0.000000
vn 0.000000 1.000000 0.000000
vn 0.000000 1.000000 0.000000
vn 0.000000 1.000000 0.000000
vn 0.000000 1.000000 0.000000
vn 0.000000 1.000000 0.000000
vn 0.000000 1.000000 0.000000
vn 0.000000 1.000000 0.000000
vn 0.000000 1.000000 0.000000
vn 0.000000 1.000000 0.000000
vn 0.000000 1.000000 0.000000
vn 0.000000 1.000000 0.000000
vn 0.000000 1.000000 0.000000
vn 0.000000 1.000000 0.000000
vn 0.000000 1.000000 0.000000
vn -0.762001 -0.127000 -0.635001
vn -0.762001 -0.127000 -0.635001
vn -0.762001 -0.127000 -0.635001
vn -0.762001 -0.127000 -0.635001
vn -0.762001 -0.127000 -0.635001
vn -0.762001 -0.127000 -0.635001
vn 0.762001 -0.127000 -0.635001
vn 0.762001 -0.127000 -0.635001
vn 0.762001 -0.127000 -0.635001
vn 0.762001 -0.127000 -0.635001
vn 0.762001 -0.127000 -0.635001
vn 0.762001 -0.127000 -0.635001
vn -0.762001 -0.127000 -0.635001
vn -0.762001 -0.127000 -0.635001
vn -0.762001 -0.127000 -0.635001
vn -0.762001 -0.127000 -0.635001
vn -0.762001 -0.127000 -0.635001
vn -0.762001 -0.127000 -0.635001
vn 0.696311 -0.174078 -0.696311
vn 0.696311 -0.174078 -0.696311
vn 0.696311 -0.174078 -0.696311
vn 0.696311 -0.174078 -0.696311
vn 0.696311 -0.174078 -0.696311
vn 0.696311 -0.174078 -0.696311
vn 0.696311 -0.174078 0.696311
vn 0.696311 -0.174078 0.696311
vn 0.696311 -0.174078 0.696311
vn 0.696311 -0.174078 0.696311
vn 0.696311 -0.174078 0.696311
vn 0.696311 -0.174078 0.696311
vn -0.696311 -0.174078 0.696311
vn -0.696311 -0.174078 0.696311
vn -0.696311 -0.174078 0.696311
vn -0.696311 -0.174078 0.696311
vn -0.696311 -0.174078 0.696311
vn -0.696311 -0.174078 0.696311
vn -0.696311 -0.174078 0.696311
vn -0.696311 -0.174078 0.696311
vn -0.696311 -0.174078 0.696311
vn -0.696311 -0.174078 0.696311
vn -0.696311 -0.174078 0.696311
vn -0.696311 -0.174078 0.696311
vn 0.000000 -0.242536 -0.970142
vn 0.000000 -0.242536 -0.970142
vn 0.000000 -0.242536 -0.970142
vn 0.000000 -0.242536 -0.970142
vn 0.000000 -0.242536 -0.970142
vn 0.000000 -0.242536 -0.970142
vn 0.000000 -0.242536 0.970142
vn 0.000000 -0.242536 0.970142
vn 0.000000 -0.242536 0.970142
vn 0.000000 -0.242536 0.970142
vn 0.000000 -0.242536 0.970142
vn 0.000000 -0.242536 0.970142
vn 0.000000 -0.242536 0.970142
vn 0.000000 -0.242536 0.970142
vn 0.000000 -0.242536 0.970142
vn 0.000000 -0.242536 0.970142
vn 0.000000 -0.242536 0.970142
vn 0.000000 -0.242536 0.970142
vn -0.737209 0.065948 0.672438
vn -0.737209 0.065948 0.672438
vn -0.762001 -0.127000 0.635001
vn -0.737209 0.065948 0.672438
vn -0.762001 -0.127000 0.635001
vn -0.762001 -0.127000 0.635001
vn 0.706480 0.042103 -0.706480
vn 0.706480 0.042103 -0.706480
vn 0.696311 -0.174078 -0.696311
vn 0.706480 0.042103 -0.706480
vn 0.696311 -0.174078 -0.696311
vn 0.696311 -0.174078 -0.696311
vn 0.696311 -0.174078 0.696311
vn 0.696311 -0.174078 0.696311
vn 0.696311 -0.174078 0.696311
vn 0.696311 -0.174078 0.696311
vn 0.696311 -0.174078 0.696311
vn 0.696311 -0.174078 0.696311
vn -0.737209 0.065948 0.672438
vn -0.737209 0.065948 0.672438
vn -0.762001 -0.127000 0.635001
vn -0.737209 0.065948 0.672438
vn -0.762001 -0.127000 0.635001
vn -0.762001 -0.127000 0.635001
vn 0.000000 -0.122183 -0.992508
vn 0.000000 -0.060976 -0.998139
vn 0.000000 -0.122183 -0.992508
vn 0.000000 -0.122183 -0.992508
vn 0.000000 -0.122183 -0.992508
vn 0.000000 -0.242536 -0.970142
vn 0.000000 -0.122183 -0.992508
vn 0.000000 -0.242536 -0.970142
vn 0.000000 -0.242536 -0.970142
vn 0.706480 0.042103 0.706480
vn 0.706480 0.042103 0.706480
vn 0.696311 -0.174078 0.696311
vn 0.706480 0.042103 0.706480
vn 0.696311 -0.174078 0.696311
vn 0.696311 -0.174078 0.696311
vn -0.706480 0.042103 -0.706480
vn -0.706480 0.042103 -0.706480
vn -0.696311 -0.174078 -0.696311
vn -0.706480 0.042103 -0.706480
vn -0.696311 -0.174078 -0.696311
vn -0.696311 -0.174078 -0.696311
vn 0.706480 0.042103 -0.706480
vn 0.706480 0.042103 -0.706480
vn 0.696311 -0.174078 -0.696311
vn 0.706480 0.042103 -0.706480
vn 0.696311 -0.174078 -0.696311
vn 0.696311 -0.174078 -0.696311
vn 0.000000 -0.122183 0.992508
vn 0.000000 -0.060976 0.998139
vn 0.000000 -0.122183 0.992508
vn 0.000000 -0.122183 0.992508
vn 0.000000 -0.122183 0.992508
vn 0.000000 -0.242536 0.970142
vn 0.000000 -0.122183 0.992508
vn 0.000000 -0.242536 0.970142
vn 0.000000 -0.242536 0.970142
vn 0.000000 -0.122183 -0.992508
vn 0.000000 -0.060976 -0.998139
vn 0.000000 -0.122183 -0.992508
vn 0.000000 -0.122183 -0.992508
vn 0.000000 -0.122183 -0.992508
vn 0.000000 -0.242536 -0.970142
vn 0.000000 -0.122183 -0.992508
vn 0.000000 -0.242536 -0.970142
vn 0.000000 -0.242536 -0.970142
vn 0.737209 0.065948 0.672438
vn 0.737209 0.065948 0.672438
vn 0.762001 -0.127000 0.635001
vn 0.737209 0.065948 0.672438
vn 0.762001 -0.127000 0.635001
vn 0.762001 -0.127000 0.635001
vn -0.706480 0.042103 -0.706480
vn -0.706480 0.042103 -0.706480
vn -0.696311 -0.174078 -0.696311
vn -0.706480 0.042103 -0.706480
vn -0.696311 -0.174078 -0.696311
vn -0.696311 -0.174078 -0.696311
vn 0.000000 -0.242536 -0.970142
vn 0.000000 -0.242536 -0.970142
vn 0.000000 -0.242536 -0.970142
vn 0.000000 -0.242536 -0.970142
vn 0.000000 -0.242536 -0.970142
vn 0.000000 -0.242536 -0.970142
vn 0.000000 -0.122183 0.992508
vn 0.000000 -0.060976 0.998139
vn 0.000000 -0.122183 0.992508
vn 0.000000 -0.122183 0.992508
vn 0.000000 -0.122183 0.992508
vn 0.000000 -0.242536 0.970142
vn 0.000000 -0.122183 0.992508
vn 0.000000 -0.242536 0.970142
vn 0.000000 -0.242536 0.970142
vn 0.000000 -0.060976 0.998139
vn 0.000000 -0.122183 0.992508
vn 0.000000 0.000000 1.000000
vn 0.000000 -0.060976 0.998139
vn 0.000000 0.000000 1.000000
vn 0.000000 0.000000 1.000000
vn 0.000000 -0.060976 -0.998139
vn 0.000000 -0.122183 -0.992508
vn 0.000000 0.000000 -1.000000
vn 0.000000 -0.060976 -0.998139
vn 0.000000 0.000000 -1.000000
vn 0.000000 0.000000 -1.000000
vn 0.000000 0.000000 1.000000
vn 0.000000 0.000000 1.000000
vn 0.000000 -0.122183 0.992508
vn 0.000000 0.000000 1.000000
vn 0.000000 -0.122183 0.992508
vn 0.000000 -0.060976 0.998139
vn 0.000000 -0.060976 -0.998139
vn 0.000000 -0.122183 -0.992508
vn 0.000000 0.000000 -1.000000
vn 0.000000 -0.060976 -0.998139
vn 0.000000 0.000000 -1.000000
vn 0.000000 0.000000 -1.000000
f 156/1/1 155/2/2 153/3/3
f 156/4/4 153/5/5 151/6/6
f 131/7/7 121/8/8 115/9/9
f 131/10/10 115/11/11 162/12/12
f 191/13/13 190/14/14 189/15/15
f 191/16/16 189/17/17 187/18/18
f 191/19/19 187/20/20 188/21/21
f 191/22/22 188/23/23 192/24/24
f 161/25/25 163/26/26 165/27/27
f 161/28/28 165/29/29 166/30/30
f 41/31/31 32/32/32 27/33/33
f 32/34/34 22/35/35 27/36/36
f 244/37/37 226/38/38 243/39/39
f 155/40/40 145/41/41 152/42/42
f 155/43/43 152/44/44 153/45/45
f 62/46/46 60/47/47 56/48/48
f 62/49/49 56/50/50 55/51/51
f 62/52/52 55/53/53 49/54/54
f 62/55/55 49/56/56 48/57/57
f 62/58/58 48/59/59 1/60/60
f 62/61/61 1/62/62 2/63/63
f 62/64/64 2/65/65 3/66/66
f 62/67/67 3/68/68 10/69/69
f 62/70/70 10/71/71 18/72/72
f 248/73/73 228/74/74 247/75/75
f 255/76/76 230/77/77 253/78/78
f 242/79/79 223/80/80 241/81/81
f 194/82/82 193/83/83 146/84/84
f 194/85/85 146/86/86 100/87/87
f 211/88/88 146/89/89 193/90/90
f 211/91/91 193/92/92 215/93/93
f 142/94/94 140/95/95 163/96/96
f 142/97/97 163/98/98 161/99/99
f 8/100/100 9/101/101 12/102/102
f 8/103/103 12/104/104 13/105/105
f 11/106/106 7/107/107 14/108/108
f 11/109/109 14/110/110 15/111/111
f 21/112/112 19/113/113 96/114/114
f 21/115/115 96/116/116 95/117/117
f 21/118/118 95/119/119 47/120/120
f 21/121/121 47/122/122 20/123/123
f 21/124/124 20/125/125 61/126/126
f 21/127/127 61/128/128 62/129/129
f 21/130/130 62/131/131 18/132/132
f 21/133/133 18/134/134 16/135/135
f 10/136/136 11/137/137 15/138/138
f 10/139/139 15/140/140 18/141/141
f 162/142/142 164/143/143 141/144/144
f 162/145/145 141/146/146 131/147/147
f 7/148/148 4/149/149 8/150/150
f 7/151/151 8/152/152 13/153/153
f 7/154/154 13/155/155 14/156/156
f 60/157/157 59/158/158 52/159/159
f 60/160/160 52/161/161 56/162/162
f 19/163/163 21/164/164 22/165/165
f 19/166/166 22/167/167 24/168/168
f 12/169/169 19/170/170 24/171/171
f 12/172/172 24/173/173 25/174/174
f 13/175/175 12/176/176 25/177/177
f 13/178/178 25/179/179 26/180/180
f 14/181/181 13/182/182 26/183/183
f 14/184/184 26/185/185 28/186/186
f 15/187/187 14/188/188 28/189/189
f 15/190/190 28/191/191 29/192/192
f 18/193/193 15/194/194 29/195/195
f 18/196/196 29/197/197 30/198/198
f 16/199/199 18/200/200 30/201/201
f 16/202/202 30/203/203 31/204/204
f 27/205/205 31/206/206 41/207/207
f 24/208/208 22/209/209 32/210/210
f 24/211/211 32/212/212 34/213/213
f 25/214/214 24/215/215 34/216/216
f 25/217/217 34/218/218 35/219/219
f 26/220/220 25/221/221 35/222/222
f 26/223/223 35/224/224 36/225/225
f 28/226/226 26/227/227 36/228/228
f 28/229/229 36/230/230 38/231/231
f 29/232/232 28/233/233 38/234/234
f 29/235/235 38/236/236 39/237/237
f 30/238/238 29/239/239 39/240/240
f 30/241/241 39/242/242 40/243/243
f 31/244/244 30/245/245 40/246/246
f 31/247/247 40/248/248 41/249/249
f 41/250/250 43/251/251 42/252/252
f 41/253/253 42/254/254 32/255/255
f 34/256/256 32/257/257 42/258/258
f 34/259/259 42/260/260 44/261/261
f 35/262/262 34/263/263 44/264/264
f 35/265/265 44/266/266 45/267/267
f 36/268/268 35/269/269 45/270/270
f 36/271/271 45/272/272 46/273/273
f 46/274/274 63/275/275 64/276/276
f 46/277/277 64/278/278 17/279/279
f 39/280/280 38/281/281 17/282/282
f 39/283/283 17/284/284 23/285/285
f 40/286/286 39/287/287 23/288/288
f 40/289/289 23/290/290 33/291/291
f 41/292/292 40/293/293 33/294/294
f 41/295/295 33/296/296 43/297/297
f 157/298/298 156/299/299 151/300/300
f 157/301/301 151/302/302 147/303/303
f 157/304/304 147/305/305 150/306/306
f 164/307/307 163/308/308 140/309/309
f 164/310/310 140/311/311 141/312/312
f 161/313/313 144/314/314 143/315/315
f 161/316/316 143/317/317 142/318/318
f 174/319/319 169/320/320 167/321/321
f 174/322/322 167/323/323 168/324/324
f 173/325/325 172/326/326 166/327/327
f 115/328/328 136/329/329 134/330/330
f 115/331/331 134/332/332 144/333/333
f 129/334/334 125/335/335 135/336/336
f 129/337/337 135/338/338 184/339/339
f 59/340/340 58/341/341 53/342/342
f 59/343/343 53/344/344 50/345/345
f 59/346/346 50/347/347 52/348/348
f 216/349/349 95/350/350 51/351/351
f 216/352/352 51/353/353 218/354/354
f 185/355/355 135/356/356 125/357/357
f 185/358/358 125/359/359 120/360/360
f 129/361/361 184/362/362 190/363/363
f 129/364/364 190/365/365 114/366/366
f 119/367/367 114/368/368 190/369/369
f 119/370/370 190/371/371 191/372/372
f 191/373/373 185/374/374 120/375/375
f 191/376/376 120/377/377 119/378/378
f 135/379/379 185/380/380 178/381/381
f 182/382/382 186/383/383 192/384/384
f 182/385/385 192/386/386 188/387/387
f 58/388/388 57/389/389 54/390/390
f 58/391/391 54/392/392 53/393/393
f 33/394/394 23/395/395 17/396/396
f 33/397/397 17/398/398 64/399/399
f 93/400/400 92/401/401 91/402/402
f 93/403/403 91/404/404 89/405/405
f 93/406/406 89/407/407 90/408/408
f 93/409/409 90/410/410 94/411/411
f 63/412/412 65/413/413 67/414/414
f 63/415/415 67/416/416 68/417/417
f 66/418/418 64/419/419 70/420/420
f 66/421/421 70/422/422 69/423/423
f 64/424/424 63/425/425 68/426/426
f 64/427/427 68/428/428 70/429/429
f 65/430/430 66/431/431 69/432/432
f 65/433/433 69/434/434 67/435/435
f 70/436/436 72/437/437 76/438/438
f 67/439/439 69/440/440 71/441/441
f 67/442/442 71/443/443 73/444/444
f 68/445/445 67/446/446 73/447/447
f 68/448/448 73/449/449 75/450/450
f 70/451/451 68/452/452 74/453/453
f 70/454/454 74/455/455 72/456/456
f 76/457/457 72/458/458 78/459/459
f 76/460/460 78/461/461 77/462/462
f 75/463/463 73/464/464 80/465/465
f 75/466/466 80/467/467 79/468/468
f 71/469/469 76/470/470 77/471/471
f 71/472/472 77/473/473 81/474/474
f 73/475/475 71/476/476 81/477/477
f 73/478/478 81/479/479 80/480/480
f 74/481/481 75/482/482 79/483/483
f 74/484/484 79/485/485 82/486/486
f 72/487/487 74/488/488 82/489/489
f 72/490/490 82/491/491 78/492/492
f 78/493/493 82/494/494 84/495/495
f 78/496/496 84/497/497 83/498/498
f 77/499/499 78/500/500 83/501/501
f 77/502/502 83/503/503 85/504/504
f 81/505/505 77/506/506 85/507/507
f 81/508/508 85/509/509 86/510/510
f 81/511/511 86/512/512 37/513/513
f 79/514/514 80/515/515 87/516/516
f 79/517/517 87/518/518 88/519/519
f 82/520/520 79/521/521 88/522/522
f 82/523/523 88/524/524 84/525/525
f 83/526/526 84/527/527 90/528/528
f 83/529/529 90/530/530 89/531/531
f 85/532/532 83/533/533 89/534/534
f 85/535/535 89/536/536 91/537/537
f 86/538/538 85/539/539 91/540/540
f 86/541/541 91/542/542 92/543/543
f 37/544/544 80/545/545 81/546/546
f 88/547/547 87/548/548 93/549/549
f 88/550/550 93/551/551 94/552/552
f 84/553/553 88/554/554 94/555/555
f 84/556/556 94/557/557 90/558/558
f 37/559/559 87/560/560 80/561/561
f 93/562/562 87/563/563 22/564/564
f 93/565/565 22/566/566 21/567/567
f 21/568/568 16/569/569 92/570/570
f 21/571/571 92/572/572 93/573/573
f 31/574/574 86/575/575 92/576/576
f 31/577/577 92/578/578 16/579/579
f 87/580/580 37/581/581 27/582/582
f 87/583/583 27/584/584 22/585/585
f 31/586/586 27/587/587 37/588/588
f 31/589/589 37/590/590 86/591/591
f 17/592/592 38/593/593 36/594/594
f 17/595/595 36/596/596 46/597/597
f 75/598/598 74/599/599 68/600/600
f 76/601/601 71/602/602 69/603/603
f 76/604/604 69/605/605 70/606/606
f 63/607/607 46/608/608 45/609/609
f 63/610/610 45/611/611 44/612/612
f 66/613/613 65/614/614 42/615/615
f 66/616/616 42/617/617 43/618/618
f 64/619/619 66/620/620 43/621/621
f 64/622/622 43/623/623 33/624/624
f 44/625/625 42/626/626 65/627/627
f 44/628/628 65/629/629 63/630/630
f 220/631/631 6/632/632 96/633/633
f 220/634/634 96/635/635 222/636/636
f 95/637/637 96/638/638 6/639/639
f 95/640/640 6/641/641 51/642/642
f 207/643/643 194/644/644 100/645/645
f 207/646/646 100/647/647 221/648/648
f 214/649/649 54/650/650 57/651/651
f 214/652/652 57/653/653 212/654/654
f 186/655/655 185/656/656 191/657/657
f 186/658/658 191/659/659 192/660/660
f 135/661/661 178/662/662 179/663/663
f 184/664/664 183/665/665 189/666/666
f 184/667/667 189/668/668 190/669/669
f 213/670/670 158/671/671 154/672/672
f 213/673/673 154/674/674 217/675/675
f 209/676/676 109/677/677 113/678/678
f 209/679/679 113/680/680 219/681/681
f 183/682/682 181/683/683 187/684/684
f 183/685/685 187/686/686 189/687/687
f 181/688/688 182/689/689 188/690/690
f 181/691/691 188/692/692 187/693/693
f 180/694/694 177/695/695 186/696/696
f 180/697/697 186/698/698 182/699/699
f 177/700/700 178/701/701 185/702/702
f 177/703/703 185/704/704 186/705/705
f 179/706/706 184/707/707 135/708/708
f 139/709/709 130/710/710 125/711/711
f 130/712/712 120/713/713 125/714/714
f 179/715/715 175/716/716 183/717/717
f 179/718/718 183/719/719 184/720/720
f 175/721/721 176/722/722 181/723/723
f 175/724/724 181/725/725 183/726/726
f 176/727/727 180/728/728 182/729/729
f 176/730/730 182/731/731 181/732/732
f 170/733/733 172/734/734 180/735/735
f 170/736/736 180/737/737 176/738/738
f 172/739/739 173/740/740 177/741/741
f 172/742/742 177/743/743 180/744/744
f 171/745/745 169/746/746 179/747/747
f 171/748/748 179/749/749 178/750/750
f 169/751/751 174/752/752 175/753/753
f 169/754/754 175/755/755 179/756/756
f 173/757/757 171/758/758 178/759/759
f 173/760/760 178/761/761 177/762/762
f 174/763/763 170/764/764 176/765/765
f 174/766/766 176/767/767 175/768/768
f 168/769/769 166/770/770 172/771/771
f 168/772/772 172/773/773 170/774/774
f 106/775/775 108/776/776 110/777/777
f 106/778/778 110/779/779 111/780/780
f 109/781/781 105/782/782 112/783/783
f 109/784/784 112/785/785 113/786/786
f 119/787/787 117/788/788 145/789/789
f 119/790/790 145/791/791 118/792/792
f 119/793/793 118/794/794 159/795/795
f 119/796/796 159/797/797 160/798/798
f 119/799/799 160/800/800 193/801/801
f 119/802/802 193/803/803 194/804/804
f 119/805/805 194/806/806 116/807/807
f 119/808/808 116/809/809 114/810/810
f 208/811/811 12/812/812 9/813/813
f 208/814/814 9/815/815 210/816/816
f 108/817/817 107/818/818 117/819/819
f 108/820/820 117/821/821 110/822/822
f 105/823/823 101/824/824 106/825/825
f 105/826/826 106/827/827 111/828/828
f 105/829/829 111/830/830 112/831/831
f 158/832/832 157/833/833 150/834/834
f 158/835/835 150/836/836 154/837/837
f 117/838/838 119/839/839 120/840/840
f 117/841/841 120/842/842 122/843/843
f 110/844/844 117/845/845 122/846/846
f 110/847/847 122/848/848 123/849/849
f 111/850/850 110/851/851 123/852/852
f 111/853/853 123/854/854 124/855/855
f 112/856/856 111/857/857 124/858/858
f 112/859/859 124/860/860 126/861/861
f 113/862/862 112/863/863 126/864/864
f 113/865/865 126/866/866 127/867/867
f 116/868/868 113/869/869 127/870/870
f 116/871/871 127/872/872 128/873/873
f 114/874/874 116/875/875 128/876/876
f 114/877/877 128/878/878 129/879/879
f 125/880/880 129/881/881 139/882/882
f 122/883/883 120/884/884 130/885/885
f 122/886/886 130/887/887 132/888/888
f 123/889/889 122/890/890 132/891/891
f 123/892/892 132/893/893 133/894/894
f 124/895/895 123/896/896 133/897/897
f 124/898/898 133/899/899 134/900/900
f 126/901/901 124/902/902 134/903/903
f 126/904/904 134/905/905 136/906/906
f 127/907/907 126/908/908 136/909/909
f 127/910/910 136/911/911 137/912/912
f 128/913/913 127/914/914 137/915/915
f 128/916/916 137/917/917 138/918/918
f 129/919/919 128/920/920 138/921/921
f 129/922/922 138/923/923 139/924/924
f 139/925/925 141/926/926 140/927/927
f 139/928/928 140/929/929 130/930/930
f 132/931/931 130/932/932 140/933/933
f 132/934/934 140/935/935 142/936/936
f 133/937/937 132/938/938 142/939/939
f 133/940/940 142/941/941 143/942/942
f 134/943/943 133/944/944 143/945/945
f 134/946/946 143/947/947 144/948/948
f 144/949/949 161/950/950 162/951/951
f 144/952/952 162/953/953 115/954/954
f 137/955/955 136/956/956 115/957/957
f 137/958/958 115/959/959 121/960/960
f 138/961/961 137/962/962 121/963/963
f 138/964/964 121/965/965 131/966/966
f 139/967/967 138/968/968 131/969/969
f 139/970/970 131/971/971 141/972/972
f 166/973/973 165/974/974 171/975/975
f 166/976/976 171/977/977 173/978/978
f 165/979/979 167/980/980 169/981/981
f 165/982/982 169/983/983 171/984/984
f 168/985/985 170/986/986 174/987/987
f 163/988/988 164/989/989 167/990/990
f 163/991/991 167/992/992 165/993/993
f 117/994/994 107/995/995 104/996/996
f 117/997/997 104/998/998 103/999/999
f 117/1000/1000 103/1001/1001 102/1002/1002
f 117/1003/1003 102/1004/1004 148/1005/1005
f 117/1006/1006 148/1007/1007 149/1008/1008
f 117/1009/1009 149/1010/1010 152/1011/1011
f 117/1012/1012 152/1013/1013 145/1014/1014
f 162/1015/1015 161/1016/1016 166/1017/1017
f 162/1018/1018 166/1019/1019 168/1020/1020
f 164/1021/1021 162/1022/1022 168/1023/1023
f 164/1024/1024 168/1025/1025 167/1026/1026
f 268/1027/1027 5/1028/1028 99/1029/1029
f 268/1030/1030 99/1031/1031 272/1032/1032
f 269/1033/1033 196/1034/1034 198/1035/1035
f 269/1036/1036 198/1037/1037 271/1038/1038
f 273/1039/1039 197/1040/1040 195/1041/1041
f 273/1042/1042 195/1043/1043 265/1044/1044
f 264/1045/1045 97/1046/1046 199/1047/1047
f 264/1048/1048 199/1049/1049 274/1050/1050
f 212/1051/1051 199/1052/1052 97/1053/1053
f 212/1054/1054 97/1055/1055 214/1056/1056
f 218/1057/1057 205/1058/1058 206/1059/1059
f 218/1060/1060 206/1061/1061 216/1062/1062
f 222/1063/1063 201/1064/1064 204/1065/1065
f 222/1066/1066 204/1067/1067 220/1068/1068
f 261/1069/1069 241/1070/1070 223/1071/1071
f 210/1072/1072 195/1073/1073 197/1074/1074
f 210/1075/1075 197/1076/1076 208/1077/1077
f 260/1078/1078 246/1079/1079 225/1080/1080
f 259/1081/1081 250/1082/1082 227/1083/1083
f 215/1084/1084 99/1085/1085 5/1086/1086
f 215/1087/1087 5/1088/1088 211/1089/1089
f 217/1090/1090 98/1091/1091 200/1092/1092
f 217/1093/1093 200/1094/1094 213/1095/1095
f 221/1096/1096 203/1097/1097 202/1098/1098
f 221/1099/1099 202/1100/1100 207/1101/1101
f 262/1102/1102 252/1103/1103 229/1104/1104
f 219/1105/1105 198/1106/1106 196/1107/1107
f 219/1108/1108 196/1109/1109 209/1110/1110
f 228/1111/1111 248/1112/1112 258/1113/1113
f 227/1114/1114 228/1115/1115 258/1116/1116
f 227/1117/1117 258/1118/1118 259/1119/1119
f 230/1120/1120 255/1121/1121 256/1122/1122
f 229/1123/1123 230/1124/1124 256/1125/1125
f 229/1126/1126 256/1127/1127 262/1128/1128
f 226/1129/1129 244/1130/1130 254/1131/1131
f 254/1132/1132 260/1133/1133 225/1134/1134
f 254/1135/1135 225/1136/1136 226/1137/1137
f 224/1138/1138 240/1139/1139 257/1140/1140
f 257/1141/1141 261/1142/1142 223/1143/1143
f 257/1144/1144 223/1145/1145 224/1146/1146
f 224/1147/1147 223/1148/1148 242/1149/1149
f 224/1150/1150 242/1151/1151 239/1152/1152
f 245/1153/1153 243/1154/1154 226/1155/1155
f 245/1156/1156 226/1157/1157 225/1158/1158
f 230/1159/1159 229/1160/1160 251/1161/1161
f 230/1162/1162 251/1163/1163 253/1164/1164
f 228/1165/1165 227/1166/1166 249/1167/1167
f 228/1168/1168 249/1169/1169 247/1170/1170
f 251/1171/1171 229/1172/1172 252/1173/1173
f 233/1174/1174 235/1175/1175 219/1176/1176
f 233/1177/1177 219/1178/1178 113/1179/1179
f 233/1180/1180 113/1181/1181 116/1182/1182
f 233/1183/1183 116/1184/1184 194/1185/1185
f 233/1186/1186 194/1187/1187 207/1188/1188
f 249/1189/1189 227/1190/1190 250/1191/1191
f 237/1192/1192 231/1193/1193 215/1194/1194
f 237/1195/1195 215/1196/1196 193/1197/1197
f 237/1198/1198 193/1199/1199 160/1200/1200
f 237/1201/1201 160/1202/1202 158/1203/1203
f 237/1204/1204 158/1205/1205 213/1206/1206
f 245/1207/1207 225/1208/1208 246/1209/1209
f 232/1210/1210 234/1211/1211 212/1212/1212
f 232/1213/1213 212/1214/1214 57/1215/1215
f 232/1216/1216 57/1217/1217 47/1218/1218
f 232/1219/1219 47/1220/1220 95/1221/1221
f 232/1222/1222 95/1223/1223 216/1224/1224
f 240/1225/1225 224/1226/1226 239/1227/1227
f 236/1228/1228 238/1229/1229 222/1230/1230
f 236/1231/1231 222/1232/1232 96/1233/1233
f 236/1234/1234 96/1235/1235 19/1236/1236
f 236/1237/1237 19/1238/1238 12/1239/1239
f 236/1240/1240 12/1241/1241 208/1242/1242
f 236/1243/1243 208/1244/1244 240/1245/1245
f 236/1246/1246 240/1247/1247 239/1248/1248
f 222/1249/1249 238/1250/1250 242/1251/1251
f 222/1252/1252 242/1253/1253 241/1254/1254
f 232/1255/1255 216/1256/1256 244/1257/1257
f 232/1258/1258 244/1259/1259 243/1260/1260
f 212/1261/1261 234/1262/1262 245/1263/1263
f 212/1264/1264 245/1265/1265 246/1266/1266
f 237/1267/1267 213/1268/1268 248/1269/1269
f 237/1270/1270 248/1271/1271 247/1272/1272
f 215/1273/1273 231/1274/1274 249/1275/1275
f 215/1276/1276 249/1277/1277 250/1278/1278
f 219/1279/1279 235/1280/1280 251/1281/1281
f 219/1282/1282 251/1283/1283 252/1284/1284
f 234/1285/1285 232/1286/1286 243/1287/1287
f 234/1288/1288 243/1289/1289 245/1290/1290
f 231/1291/1291 237/1292/1292 247/1293/1293
f 231/1294/1294 247/1295/1295 249/1296/1296
f 235/1297/1297 233/1298/1298 253/1299/1299
f 235/1300/1300 253/1301/1301 251/1302/1302
f 216/1303/1303 206/1304/1304 254/1305/1305
f 216/1306/1306 254/1307/1307 244/1308/1308
f 207/1309/1309 202/1310/1310 256/1311/1311
f 207/1312/1312 256/1313/1313 255/1314/1314
f 233/1315/1315 207/1316/1316 255/1317/1317
f 233/1318/1318 255/1319/1319 253/1320/1320
f 208/1321/1321 197/1322/1322 257/1323/1323
f 208/1324/1324 257/1325/1325 240/1326/1326
f 200/1327/1327 272/1328/1328 99/1329/1329
f 200/1330/1330 99/1331/1331 259/1332/1332
f 200/1333/1333 259/1334/1334 258/1335/1335
f 199/1336/1336 212/1337/1337 246/1338/1338
f 199/1339/1339 246/1340/1340 260/1341/1341
f 99/1342/1342 215/1343/1343 250/1344/1344
f 99/1345/1345 250/1346/1346 259/1347/1347
f 213/1348/1348 200/1349/1349 258/1350/1350
f 213/1351/1351 258/1352/1352 248/1353/1353
f 197/1354/1354 273/1355/1355 201/1356/1356
f 197/1357/1357 201/1358/1358 261/1359/1359
f 197/1360/1360 261/1361/1361 257/1362/1362
f 202/1363/1363 271/1364/1364 198/1365/1365
f 202/1366/1366 198/1367/1367 262/1368/1368
f 202/1369/1369 262/1370/1370 256/1371/1371
f 201/1372/1372 222/1373/1373 241/1374/1374
f 201/1375/1375 241/1376/1376 261/1377/1377
f 198/1378/1378 219/1379/1379 252/1380/1380
f 198/1381/1381 252/1382/1382 262/1383/1383
f 238/1384/1384 236/1385/1385 239/1386/1386
f 238/1387/1387 239/1388/1388 242/1389/1389
f 206/1390/1390 274/1391/1391 199/1392/1392
f 206/1393/1393 199/1394/1394 260/1395/1395
f 206/1396/1396 260/1397/1397 254/1398/1398
f 274/1399/1399 206/1400/1400 205/1401/1401
f 274/1402/1402 205/1403/1403 263/1404/1404
f 271/1405/1405 202/1406/1406 203/1407/1407
f 271/1408/1408 203/1409/1409 270/1410/1410
f 266/1411/1411 204/1412/1412 201/1413/1413
f 266/1414/1414 201/1415/1415 273/1416/1416
f 272/1417/1417 200/1418/1418 98/1419/1419
f 272/1420/1420 98/1421/1421 267/1422/1422
