v 87.999992 0.000000 111.999985
v 79.999992 0.000000 111.999985
v 39.999996 0.000000 112.000000
v 31.999994 0.000000 112.000000
v 23.999994 0.000000 112.000008
v 88.000000 0.000000 119.999985
v 80.000000 0.000000 119.999985
v 39.999996 0.000000 120.000000
v 31.999998 0.000000 120.000000
v 23.999998 0.000000 120.000008
v 88.000000 0.000000 127.999985
v 80.000000 0.000000 127.999985
v 32.000000 0.000000 128.000000
v 24.000000 0.000000 128.000000
v 88.000000 0.000000 135.999985
v 80.000000 0.000000 135.999985
v 40.000004 0.000000 136.000000
v 32.000004 0.000000 136.000000
v 24.000002 0.000000 136.000000
v 88.000008 0.000000 143.999985
v 80.000008 0.000000 143.999985
v 40.000004 0.000000 144.000000
v 32.000004 0.000000 144.000000
v 24.000006 0.000000 144.000000
v 32.000000 0.000000 125.000000
v 31.999998 0.000000 123.000000
v 56.000004 0.000000 144.000000
v 48.000004 0.000000 144.000000
v 64.000008 0.000000 144.000000
v 56.000004 0.000000 136.000000
v 48.000004 0.000000 136.000000
v 64.000000 0.000000 136.000000
v 55.999996 0.000000 119.999992
v 63.999996 0.000000 119.999992
v 47.999996 0.000000 120.000000
v 55.999996 0.000000 111.999992
v 47.999996 0.000000 112.000000
v 63.999996 0.000000 111.999992
v 72.000000 0.000000 119.999992
v 71.999992 0.000000 111.999992
v 72.000008 0.000000 143.999985
v 72.000000 0.000000 135.999985
v 31.999996 -15.999980 111.999969
v 32.000004 -15.999980 143.999969
v 79.999992 -15.999980 111.999962
v 80.000000 -15.999980 119.999954
v 80.000000 -15.999980 135.999954
v 80.000008 -15.999980 143.999954
v 80.000000 -7.999980 135.999954
v 80.000000 -7.999980 119.999954
v 80.000008 -7.999980 143.999954
v 79.999992 -7.999980 111.999962
v 32.000004 -7.999980 143.999969
v 31.999996 -7.999980 111.999969
v 32.000000 -15.999980 135.999969
v 32.000000 -7.999980 135.999969
v 31.999998 -8.000000 120.000000
v 31.999998 -16.000000 120.000000
v 64.000000 0.000000 129.000000
v 51.000000 0.000000 129.000000
v 64.000000 5.000000 129.000000
v 51.000000 5.000000 129.000000
v 64.000000 0.000000 131.000000
v 51.000000 0.000000 131.000000
v 64.000000 5.000000 131.000000
v 51.000000 5.000000 131.000000
v 38.543396 0.027802 128.017334
v 38.543396 0.027802 129.748169
v 38.543396 1.756119 128.017334
v 41.854572 1.176208 129.747818
v 42.517788 0.027802 128.017334
v 42.517788 0.027802 129.748169
v 42.517788 1.756119 128.017334
v 42.517788 1.176208 129.747818
v 42.517788 1.756119 128.337402
v 38.543396 1.756119 128.337402
v 40.973789 1.105421 129.149277
v 41.855389 1.105421 129.149277
v 40.977772 1.756276 128.336868
v 39.031555 0.959045 129.748169
v 40.972427 1.098343 129.748169
v 40.977772 1.756638 128.016861
v 41.854324 2.027865 128.016449
v 41.855202 0.959045 129.748169
v 40.971218 0.959045 129.748169
v 41.854851 1.098343 129.748169
v 40.974400 1.175400 129.133743
v 41.853004 0.027802 129.748169
v 38.543396 0.959045 129.748169
v 42.517788 0.959045 129.748169
v 39.033855 0.027802 129.748169
v 41.853493 0.027802 128.017334
v 39.035881 0.027802 128.017334
v 41.855564 0.960149 128.279022
v 39.035629 0.027802 128.279022
v 39.035629 0.960147 128.279022
v 41.853432 0.027802 128.279022
v 41.854324 2.028772 128.988831
v 42.517788 1.175998 129.129562
v 40.979027 2.028772 128.988831
v 41.854477 1.175400 129.133743
v 40.972343 1.176208 129.747818
v 38.543396 1.176208 129.747818
v 38.543396 1.175998 129.129562
v 40.979027 2.027865 128.016449
v 41.853916 1.756276 128.336868
v 41.852875 1.756314 128.017151
v 64.000000 0.000000 122.922470
v 51.000000 0.000000 122.922470
v 64.000000 5.000000 122.922470
v 51.000000 5.000000 122.922470
v 64.000000 0.000000 124.922470
v 51.000000 0.000000 124.922470
v 64.000000 5.000000 124.922470
v 51.000000 5.000000 124.922470
v 31.999998 -15.999980 119.999969
v 32.000000 -15.999980 135.999969
v 24.000000 -15.999980 127.999969
v 32.000000 -15.999980 127.999969
v 24.000002 -15.999980 135.999969
v 23.999998 -15.999980 119.999977
v 39.868927 0.862220 131.037903
v 39.868927 0.017381 131.037903
v 39.164108 0.862220 131.503708
v 39.164108 0.017381 131.503708
v 40.334740 0.862220 131.742722
v 40.334740 0.017381 131.742722
v 39.629921 0.862220 132.208527
v 39.629921 0.017381 132.208527
v 39.340313 0.862220 131.387253
v 39.340313 0.017381 131.387253
v 39.513470 0.017381 132.032333
v 39.513470 0.862220 132.032333
v 39.806126 0.862220 132.092072
v 39.806126 0.017381 132.092072
v 40.218288 0.017381 131.566513
v 39.456764 0.017381 131.563461
v 39.689674 0.017381 131.915878
v 39.985378 0.017381 131.214096
v 39.456764 0.862220 131.563461
v 39.689674 0.862220 131.915878
v 39.985378 0.862220 131.214096
v 40.218288 0.862220 131.566513
v 38.852684 0.862220 132.469040
v 38.852684 0.017381 132.469040
v 38.969139 0.862220 132.645248
v 38.969139 0.017381 132.645248
v 42.388554 3.360004 128.104324
v 41.586514 3.360004 128.104324
v 42.388554 3.969190 128.379288
v 41.586514 3.969190 128.379288
v 42.506989 2.923258 128.832001
v 41.468079 2.923258 128.832001
v 42.506992 3.712358 129.188187
v 41.468079 3.712358 129.188187
v 40.923416 3.360004 128.104324
v 40.121376 3.360004 128.104324
v 40.923416 3.969190 128.379288
v 40.121376 3.969190 128.379288
v 41.041851 2.923258 128.832001
v 40.002941 2.923258 128.832001
v 41.041855 3.712358 129.188187
v 40.002941 3.712358 129.188187
v 42.508812 3.237457 128.007706
v 38.539074 3.237457 128.007706
v 42.508812 4.038969 128.007706
v 38.539074 4.038969 128.007706
v 42.508812 3.237457 128.307907
v 38.539074 3.237457 128.307907
v 42.508812 3.878357 128.307907
v 38.539074 3.878357 128.307907
v 39.458282 3.360004 128.104324
v 38.656242 3.360004 128.104324
v 39.458282 3.969190 128.379288
v 38.656242 3.969190 128.379288
v 39.576717 2.923258 128.832001
v 38.537807 2.923258 128.832001
v 39.576721 3.712358 129.188187
v 38.537807 3.712358 129.188187
v 44.000000 0.000000 128.000000
v 33.000000 0.000000 128.000000
v 44.000000 5.000000 128.000000
v 33.000000 5.000000 128.000000
v 44.000004 0.000000 135.000000
v 33.000004 0.000000 135.000000
v 44.000004 5.000000 135.000000
v 33.000004 5.000000 135.000000
v 36.000000 0.000000 128.000000
v 34.000000 0.000000 128.000000
v 34.000000 3.000000 128.000000
v 36.000000 3.000000 128.000000
v 35.999996 3.000000 120.000000
v 33.999996 3.000000 120.000000
v 35.999996 0.000000 120.000000
v 33.999996 0.000000 120.000000
v 36.000000 0.000000 126.000000
v 36.000000 0.000000 124.000000
v 36.000000 3.000000 124.000000
v 36.000000 3.000000 126.000000
v 44.000000 3.000000 127.000000
v 36.999996 0.000000 121.000000
v 43.999996 0.000000 121.000000
v 37.000000 3.000000 127.000000
v 37.000000 3.000000 126.000000
v 37.000000 0.000000 124.000000
v 37.000000 0.000000 126.000000
v 37.003769 3.005886 123.998398
v 43.999996 3.000000 121.000000
v 44.000000 0.000000 127.000000
v 37.000000 0.000000 127.000000
v 36.997772 3.005886 120.998032
v 44.000000 0.000000 131.000000
v 44.000000 0.000000 133.000000
v 44.000000 3.000000 131.000000
v 44.000000 3.000000 133.000000
v 68.000000 7.000000 120.999992
v 68.000000 7.000000 134.999985
v 68.000000 0.000000 120.999992
v 68.000000 0.000000 134.999985
v 79.000000 7.000000 134.999985
v 79.000000 0.000000 134.999985
v 79.000000 7.000000 120.999985
v 79.000000 0.000000 120.999985
v 68.000000 0.000000 122.999992
v 68.000000 0.000000 124.999992
v 68.000000 3.000000 122.999992
v 68.000000 3.000000 124.999992
v 79.000000 0.000000 122.999985
v 79.000000 0.000000 124.999985
v 79.000000 3.000000 122.999985
v 79.000000 3.000000 124.999985
v 47.999996 7.000000 121.000000
v 48.000004 7.000000 135.000000
v 47.999996 0.000000 121.000000
v 48.000004 0.000000 135.000000
v 67.000000 7.000000 134.999985
v 67.000000 0.000000 134.999985
v 67.000000 7.000000 120.999992
v 67.000000 0.000000 120.999992
v 48.000000 0.000000 131.000000
v 48.000000 0.000000 133.000000
v 48.000000 3.000000 131.000000
v 48.000000 3.000000 133.000000
v 67.000000 0.000000 122.999992
v 67.000000 0.000000 124.999992
v 67.000000 3.000000 122.999992
v 67.000000 3.000000 124.999992
v 80.000000 0.000000 122.999985
v 80.000000 -0.000000 124.999985
v 80.000000 3.000000 124.999985
v 80.000000 3.000000 122.999985
v 74.997505 -0.011516 131.006058
v 75.000000 -0.000000 134.999985
v 79.008003 -0.002547 135.007996
v 79.000038 -0.002537 131.006058
v 79.000038 -1.011516 131.006058
v 75.000031 -1.011516 131.004593
v 74.997505 -1.011516 135.007965
v 79.000000 -1.000000 134.999985
v 32.000000 -16.011517 135.999969
v 32.000004 -16.011517 143.999969
v 79.999992 -16.011517 111.999962
v 80.000000 -16.011517 119.999954
v 80.000000 -16.000000 135.999985
v 80.000008 -16.011517 143.999954
v 79.000031 -7.136516 120.999992
v 79.000000 -7.000000 135.999985
v 65.000031 -7.136516 135.999985
v 65.000000 -7.000000 120.999992
v 69.000000 -7.000000 135.999985
v 69.000031 -7.136516 143.999985
v 80.000031 -7.136516 143.999985
v 80.000031 -7.136516 135.999985
v 47.999996 -0.011516 120.999969
v 48.000000 -0.011516 134.999969
v 35.986786 3.005886 125.998856
v 71.000000 7.000000 130.999985
v 75.000000 7.000000 130.999985
v 71.000000 7.000000 134.999985
v 75.000000 7.000000 134.999985
v 32.000000 -8.000000 128.000000
v 80.000000 -8.000000 130.999985
v 64.000008 -1.000000 144.000000
v 80.000038 -0.999980 143.999985
v 64.000000 -1.000000 136.000000
v 80.000031 -0.999980 135.999985
v 79.000000 -1.000000 135.999985
v 65.000031 -0.999980 135.999985
v 65.000000 -1.000000 120.999992
v 79.000000 -1.000000 120.999985
v 79.000031 -0.999980 125.006966
v 75.000000 -1.000000 135.999985
v 75.000000 -1.000000 120.999992
v 79.000000 -1.000000 134.999985
v 65.000000 -1.000000 124.999992
v 75.000000 -1.000000 124.999992
v 69.000000 -8.000000 135.999985
v 69.000008 -8.000000 143.999985
v 74.997505 -0.999980 135.004669
v 64.000000 -8.000000 136.000000
v 64.000008 -8.000000 144.000000
v 80.000031 -7.124980 143.999985
v 79.000031 -7.124980 135.999985
v 65.000031 -7.124980 135.999985
v 80.000031 -7.124980 135.999985
v 65.000000 -7.000000 120.999992
v 79.000031 -7.124980 120.999992
v 65.000031 -0.999980 120.999992
v 79.000031 -0.999980 120.999992
v 69.000000 -7.000000 135.999985
v 69.000031 -7.124980 143.999985
v 32.999996 8.000000 121.000000
v 31.999998 7.000000 121.000000
v 33.000004 7.000000 136.000000
v 80.000000 7.000000 120.999985
v 32.999996 7.000000 120.000000
v 79.000000 7.000000 135.999985
v 32.000004 7.000000 135.000000
v 80.000000 7.000000 134.999985
v 33.000004 8.000000 135.000000
v 79.000000 8.000000 120.999985
v 79.000000 7.000000 119.999985
v 79.000000 8.000000 134.999985
v 33.000004 0.000000 136.000000
v 80.000000 0.000000 134.999985
v 79.000000 0.000000 135.999985
v 32.999996 0.000000 120.000000
v 32.000004 0.000000 135.000000
v 79.000000 0.000000 119.999985
v 31.999998 0.000000 121.000000
v 80.000000 0.000000 120.999985
v 32.000004 0.000000 136.000000
v 31.999998 0.000000 120.000000
v 80.000000 0.000000 119.999985
v 80.000000 0.000000 135.999985
v 74.990273 -0.015158 135.039993
v 74.990273 -0.015158 131.031387
v 74.990273 1.475275 135.039993
v 74.990273 1.475275 131.031387
v 78.014786 -7.143166 131.011765
v 78.014786 -0.031134 131.011765
v 76.017998 -7.143166 131.011765
v 76.017998 -0.031134 131.011765
v 76.017998 -7.143166 131.282654
v 76.017998 -0.031134 131.282654
v 78.014786 -7.143166 131.282654
v 78.014786 -0.031134 131.282654
v 68.998199 -15.992037 143.004395
v 68.998199 -7.136610 143.004395
v 68.998199 -15.992037 141.007614
v 68.998199 -7.136610 141.007614
v 68.727310 -15.992037 141.007614
v 68.727310 -7.136610 141.007614
v 68.727310 -15.992037 143.004395
v 68.727310 -7.136610 143.004395
v 24.000002 -7.999980 135.999969
v 23.999998 -7.999980 119.999977
v 32.000000 -7.999980 135.999969
v 31.999998 -7.999980 119.999969
v 24.000000 -7.999980 127.999969
v 88.000000 -15.999980 136.000015
v 88.000000 -15.999980 120.000015
v 96.000000 -15.999980 128.000015
v 88.000000 -15.999980 128.000015
v 96.000000 -15.999980 120.000008
v 96.000000 -15.999980 136.000015
v 88.000000 -7.999980 120.000015
v 88.000000 -7.999980 136.000015
v 96.000000 -7.999980 120.000008
v 96.000000 -7.999980 136.000015
v 96.000000 -7.999980 128.000015
v 88.000000 -7.999980 128.000015
vt 0.750000 0.875000
vt 0.750000 1.000000
vt 1.000000 1.000000
vt 0.750000 0.875000
vt 1.000000 1.000000
vt 1.000000 0.875000
vt 0.750000 0.750000
vt 0.750000 0.875000
vt 1.000000 0.875000
vt 0.750000 0.750000
vt 1.000000 0.875000
vt 1.000000 0.750000
vt 0.750000 0.625000
vt 0.750000 0.750000
vt 1.000000 0.750000
vt 0.750000 0.625000
vt 1.000000 0.750000
vt 1.000000 0.625000
vt 0.750000 0.000000
vt 0.750000 0.125000
vt 1.000000 0.125000
vt 0.750000 0.000000
vt 1.000000 0.125000
vt 1.000000 0.000000
vt 0.500000 0.875000
vt 0.500000 1.000000
vt 0.750000 1.000000
vt 0.500000 0.875000
vt 0.750000 1.000000
vt 0.750000 0.875000
vt 0.000000 0.000000
vt 0.000000 0.125000
vt 0.250000 0.125000
vt 0.000000 0.000000
vt 0.250000 0.125000
vt 0.250000 0.000000
vt 0.000000 0.625000
vt 0.000000 0.750000
vt 0.250000 0.750000
vt 0.000000 0.625000
vt 0.250000 0.750000
vt 0.250000 0.625000
vt 0.500000 0.000000
vt 0.500000 0.125000
vt 0.750000 0.125000
vt 0.500000 0.000000
vt 0.750000 0.125000
vt 0.750000 0.000000
vt 0.250000 0.875000
vt 0.250000 1.000000
vt 0.500000 1.000000
vt 0.250000 0.875000
vt 0.500000 1.000000
vt 0.500000 0.875000
vt 0.250000 0.875000
vt 0.500000 0.875000
vt 0.406250 0.875000
vt 0.250000 0.875000
vt 0.406250 0.875000
vt 0.343750 0.875000
vt 0.000000 0.750000
vt 0.000000 0.875000
vt 0.250000 0.875000
vt 0.000000 0.750000
vt 0.250000 0.875000
vt 0.250000 0.750000
vt 0.000000 0.875000
vt 0.000000 1.000000
vt 0.250000 1.000000
vt 0.000000 0.875000
vt 0.250000 1.000000
vt 0.250000 0.875000
vt 0.250000 0.000000
vt 0.250000 0.125000
vt 0.500000 0.125000
vt 0.250000 0.000000
vt 0.500000 0.125000
vt 0.500000 0.000000
vt 0.250000 0.250000
vt 0.250000 0.125000
vt 0.000000 0.125000
vt 0.250000 0.250000
vt 0.000000 0.125000
vt 0.000000 0.250000
vt 0.250000 0.500000
vt 0.250000 0.375000
vt 0.000000 0.375000
vt 0.250000 0.500000
vt 0.000000 0.375000
vt 0.000000 0.500000
vt 0.250000 0.625000
vt 0.250000 0.500000
vt 0.000000 0.500000
vt 0.250000 0.625000
vt 0.000000 0.500000
vt 0.000000 0.625000
vt 1.000000 0.250000
vt 1.000000 0.125000
vt 0.750000 0.125000
vt 1.000000 0.250000
vt 0.750000 0.125000
vt 0.750000 0.250000
vt 0.750000 0.500000
vt 0.750000 0.625000
vt 1.000000 0.625000
vt 0.750000 0.500000
vt 1.000000 0.625000
vt 1.000000 0.500000
vt 0.750000 0.375000
vt 0.750000 0.500000
vt 1.000000 0.500000
vt 0.750000 0.375000
vt 1.000000 0.500000
vt 1.000000 0.375000
vt 0.750000 0.250000
vt 0.750000 0.375000
vt 1.000000 0.375000
vt 0.750000 0.250000
vt 1.000000 0.375000
vt 1.000000 0.250000
vt 0.000000 0.250000
vt 0.000000 0.375000
vt 0.250000 0.375000
vt 0.000000 0.250000
vt 0.250000 0.375000
vt 0.250000 0.250000
vt 6.000000 1.000000
vt 0.000000 1.000000
vt 0.000000 0.000000
vt 6.000000 1.000000
vt 0.000000 0.000000
vt 6.000000 0.000000
vt 0.000000 1.000000
vt 6.000000 1.000000
vt 6.000000 0.000000
vt 0.000000 1.000000
vt 6.000000 0.000000
vt 0.000000 0.000000
vt 0.001953 0.998047
vt 0.998047 0.998047
vt 0.998047 0.001953
vt 0.001953 0.998047
vt 0.998047 0.001953
vt 0.001953 0.001953
vt 0.998047 0.998047
vt 0.998047 0.001953
vt 0.001953 0.001953
vt 0.998047 0.998047
vt 0.001953 0.001953
vt 0.001953 0.998047
vt 0.001953 0.998047
vt 0.998047 0.998047
vt 0.998047 0.001953
vt 0.001953 0.998047
vt 0.998047 0.001953
vt 0.001953 0.001953
vt 0.998047 0.001953
vt 0.998047 0.998047
vt 0.001953 0.998047
vt 0.998047 0.001953
vt 0.001953 0.998047
vt 0.001953 0.001953
vt 3.002896 -0.001861
vt -0.487271 -0.001861
vt -0.487271 1.001861
vt 3.002896 -0.001861
vt -0.487271 1.001861
vt 3.002896 1.001861
vt -0.015584 0.998039
vt 0.007771 0.994118
vt 0.007771 0.001976
vt -0.015584 0.998039
vt 0.007771 0.001976
vt -0.015584 -0.001945
vt 3.002896 -0.001861
vt -0.487271 -0.001861
vt -0.487271 1.001861
vt 3.002896 -0.001861
vt -0.487271 1.001861
vt 3.002896 1.001861
vt 0.007771 0.001976
vt -0.015584 -0.001945
vt -0.015584 0.998039
vt 0.007771 0.001976
vt -0.015584 0.998039
vt 0.007771 0.994118
vt 0.007771 0.001976
vt -0.015584 -0.001945
vt -0.015584 0.998039
vt 0.007771 0.001976
vt -0.015584 0.998039
vt 0.007771 0.994118
vt 0.007771 0.001976
vt -0.015584 -0.001945
vt -0.015584 0.998039
vt 0.007771 0.001976
vt -0.015584 0.998039
vt 0.007771 0.994118
vt 1.013672 0.537109
vt 0.955078 0.537109
vt 0.892578 0.599609
vt 1.013672 0.537109
vt 0.892578 0.599609
vt 0.830078 0.599609
vt 1.013672 0.537109
vt 0.830078 0.599609
vt 0.830078 0.412109
vt 1.013672 0.537109
vt 0.830078 0.412109
vt 1.013672 0.412109
vt 1.013672 0.537109
vt 1.013672 0.412109
vt 1.015625 0.503906
vt 1.013672 0.412109
vt 0.830078 0.412109
vt 0.830078 0.599609
vt 1.013672 0.412109
vt 0.830078 0.599609
vt 0.892578 0.599609
vt 1.013672 0.412109
vt 0.892578 0.599609
vt 0.955078 0.537109
vt 1.013672 0.412109
vt 0.955078 0.537109
vt 1.013672 0.537109
vt 1.013672 0.412109
vt 1.013672 0.537109
vt 1.015625 0.503906
vt 0.640895 0.545205
vt 0.640429 0.704145
vt 0.969806 0.708204
vt 0.640895 0.545205
vt 0.969806 0.708204
vt 0.968695 0.545205
vt 1.814392 0.682182
vt 1.814392 0.411620
vt 2.031924 0.411341
vt 1.814392 0.682182
vt 2.031924 0.411341
vt 2.032226 0.682255
vt 0.819645 0.563571
vt 0.819645 0.686661
vt 0.683388 0.563943
vt 0.723274 0.383843
vt 0.720601 0.404483
vt 0.719614 0.412105
vt 0.723274 0.383843
vt 0.719614 0.412105
vt 0.172253 0.411284
vt 0.723274 0.383843
vt 0.172253 0.411284
vt 0.180700 0.382714
vt 0.723274 0.383843
vt 0.180700 0.382714
vt 0.286262 0.383083
vt 0.960711 0.713051
vt 0.960711 0.388583
vt 1.947571 0.388249
vt 0.960711 0.713051
vt 1.947571 0.388249
vt 1.948940 0.713139
vt 0.000000 0.998047
vt 0.000000 0.713867
vt 0.286133 0.713867
vt 0.000000 0.998047
vt 0.286133 0.713867
vt 0.286133 0.998047
vt 0.297878 0.593525
vt 0.362010 0.593316
vt 0.362010 0.662491
vt 0.297878 0.593525
vt 0.362010 0.662491
vt 0.340632 0.616444
vt 0.297878 0.593525
vt 0.340632 0.616444
vt 0.340632 0.616444
vt 0.819645 0.563571
vt 0.819645 0.686661
vt 0.683594 0.605469
vt 0.819645 0.563571
vt 0.683594 0.605469
vt 0.675781 0.562500
vt 0.968695 0.545205
vt 0.969806 0.708204
vt 0.640429 0.704145
vt 0.968695 0.545205
vt 0.640429 0.704145
vt 0.640895 0.545205
vt 0.374667 0.723638
vt 0.297742 0.724461
vt 0.301069 0.981164
vt 0.374667 0.723638
vt 0.301069 0.981164
vt 0.405191 0.981215
vt 0.374667 0.723638
vt 0.405191 0.981215
vt 0.403070 0.723334
vt 0.640429 0.704145
vt 0.969806 0.708204
vt 0.968695 0.545205
vt 0.640429 0.704145
vt 0.968695 0.545205
vt 0.640895 0.545205
vt 0.640895 0.545205
vt 0.640429 0.704145
vt 0.969806 0.708204
vt 0.640895 0.545205
vt 0.969806 0.708204
vt 0.968695 0.545205
vt 0.727606 0.910442
vt 0.889960 0.910442
vt 0.890510 0.946909
vt 0.727606 0.910442
vt 0.890510 0.946909
vt 0.727375 0.945905
vt 0.297878 0.593525
vt 0.362010 0.593316
vt 0.362010 0.662491
vt 0.297878 0.593525
vt 0.362010 0.662491
vt 0.340632 0.616444
vt 0.640429 0.704145
vt 0.969806 0.708204
vt 0.968695 0.545205
vt 0.640429 0.704145
vt 0.968695 0.545205
vt 0.875000 0.542969
vt 0.640429 0.704145
vt 0.875000 0.542969
vt 0.640895 0.545205
vt 0.297878 0.593525
vt 0.362010 0.593316
vt 0.362010 0.662491
vt 0.297878 0.593525
vt 0.362010 0.662491
vt 0.340632 0.616444
vt 0.297878 0.593525
vt 0.340632 0.616444
vt 0.340632 0.616444
vt 0.819645 0.686661
vt 0.683388 0.563943
vt 0.819645 0.563571
vt 0.964286 0.919593
vt 0.965341 0.973077
vt 0.652690 0.971745
vt 0.964286 0.919593
vt 0.652690 0.971745
vt 0.653133 0.919593
vt 0.991695 0.015523
vt 0.992676 0.394581
vt 0.828503 0.390178
vt 0.991695 0.015523
vt 0.828503 0.390178
vt 0.828503 0.015523
vt 0.297878 0.593525
vt 0.362010 0.593316
vt 0.362010 0.662491
vt 0.297878 0.593525
vt 0.362010 0.662491
vt 0.340632 0.616444
vt 0.297878 0.593525
vt 0.362010 0.593316
vt 0.362010 0.662491
vt 0.297878 0.593525
vt 0.362010 0.662491
vt 0.340632 0.616444
vt 0.423609 0.670308
vt 0.965063 0.668574
vt 0.965063 0.985942
vt 0.423609 0.670308
vt 0.965063 0.985942
vt 0.423609 0.987676
vt 0.828503 0.390178
vt 0.828503 0.015523
vt 0.991695 0.015523
vt 0.828503 0.390178
vt 0.991695 0.015523
vt 0.992676 0.394581
vt 0.968695 0.545205
vt 0.969806 0.708204
vt 0.640429 0.704145
vt 0.968695 0.545205
vt 0.640429 0.704145
vt 0.640895 0.545205
vt 0.968695 0.545205
vt 0.640895 0.545205
vt 0.804956 0.625690
vt 0.968695 0.545205
vt 0.804956 0.625690
vt 0.804956 0.625690
vt 0.968695 0.545205
vt 0.804956 0.625690
vt 0.804956 0.625690
vt 0.968695 0.545205
vt 0.804956 0.625690
vt 0.804956 0.625690
vt 0.624248 0.387861
vt 0.624425 0.002567
vt 0.833697 0.002963
vt 0.624248 0.387861
vt 0.833697 0.002963
vt 0.833697 0.387757
vt 0.003547 0.400317
vt 0.007680 -0.005707
vt 0.846244 -0.006060
vt 0.003547 0.400317
vt 0.846244 -0.006060
vt 0.843275 0.400409
vt 0.297878 0.593525
vt 0.362010 0.593316
vt 0.362010 0.662491
vt 0.297878 0.593525
vt 0.362010 0.662491
vt 0.340632 0.616444
vt 0.958522 0.154335
vt 0.854617 0.153118
vt 0.854764 0.105466
vt 0.958522 0.154335
vt 0.854764 0.105466
vt 0.958172 0.105466
vt 0.819645 0.563571
vt 0.819645 0.686661
vt 0.683594 0.605469
vt 0.819645 0.563571
vt 0.683594 0.605469
vt 0.675781 0.562500
vt 0.000000 0.000000
vt 0.000000 0.000000
vt 0.000000 0.000000
vt 0.000000 0.000000
vt 0.000000 0.000000
vt 0.000000 0.000000
vt 3.002896 -0.001861
vt -0.487271 -0.001861
vt -0.487271 1.001861
vt 3.002896 -0.001861
vt -0.487271 1.001861
vt 3.002896 1.001861
vt -0.015584 0.998039
vt 0.007771 0.994118
vt 0.007771 0.001976
vt -0.015584 0.998039
vt 0.007771 0.001976
vt -0.015584 -0.001945
vt 3.002896 -0.001861
vt -0.487271 -0.001861
vt -0.487271 1.001861
vt 3.002896 -0.001861
vt -0.487271 1.001861
vt 3.002896 1.001861
vt 0.007771 0.001976
vt -0.015584 -0.001945
vt -0.015584 0.998039
vt 0.007771 0.001976
vt -0.015584 0.998039
vt 0.007771 0.994118
vt 0.007771 0.001976
vt -0.015584 -0.001945
vt -0.015584 0.998039
vt 0.007771 0.001976
vt -0.015584 0.998039
vt 0.007771 0.994118
vt 0.007771 0.001976
vt -0.015584 -0.001945
vt -0.015584 0.998039
vt 0.007771 0.001976
vt -0.015584 0.998039
vt 0.007771 0.994118
vt 1.000000 1.000000
vt 0.000000 1.000000
vt 0.000000 0.000000
vt 1.000000 1.000000
vt 0.000000 0.000000
vt 1.000000 0.000000
vt 1.000000 0.000000
vt 0.000000 0.000000
vt 0.000000 1.000000
vt 1.000000 0.000000
vt 0.000000 1.000000
vt 1.000000 1.000000
vt 0.000000 0.000000
vt 0.000000 0.000000
vt 0.000000 0.000000
vt 0.000000 0.000000
vt 0.000000 0.000000
vt 0.000000 0.000000
vt 0.000000 0.000000
vt 0.000000 0.000000
vt 0.000000 0.000000
vt 0.000000 0.000000
vt 0.000000 0.000000
vt 0.000000 0.000000
vt 0.000000 0.000000
vt 0.000000 0.000000
vt 0.000000 0.000000
vt 0.000000 0.000000
vt 0.000000 0.000000
vt 0.000000 0.000000
vt 0.000000 0.000000
vt 0.000000 0.000000
vt 0.000000 0.000000
vt 0.000000 0.000000
vt 0.000000 0.000000
vt 0.000000 0.000000
vt 0.000000 0.000000
vt 0.000000 0.000000
vt 0.000000 0.000000
vt 0.000000 0.000000
vt 0.000000 0.000000
vt 0.000000 0.000000
vt 0.000000 0.000000
vt 0.000000 0.000000
vt 0.000000 0.000000
vt 0.000000 0.000000
vt 0.000000 0.000000
vt 0.000000 0.000000
vt 0.000000 0.000000
vt 0.000000 0.000000
vt 0.000000 0.000000
vt 0.000000 0.000000
vt 0.000000 0.000000
vt 0.000000 0.000000
vt 0.000000 0.000000
vt 0.000000 0.000000
vt 0.000000 0.000000
vt 0.000000 0.000000
vt 0.000000 0.000000
vt 0.000000 0.000000
vt 0.000000 0.000000
vt 0.000000 0.000000
vt 0.000000 0.000000
vt 0.000000 0.000000
vt 0.000000 0.000000
vt 0.000000 0.000000
vt 0.000000 0.000000
vt 0.000000 0.000000
vt 0.000000 0.000000
vt 0.000000 0.000000
vt 0.000000 0.000000
vt 0.000000 0.000000
vt 0.000000 0.000000
vt 0.000000 0.000000
vt 0.000000 0.000000
vt 0.000000 0.000000
vt 0.000000 0.000000
vt 0.000000 0.000000
vt 0.000000 0.000000
vt 0.000000 0.000000
vt 0.000000 0.000000
vt 0.000000 0.000000
vt 0.000000 0.000000
vt 0.000000 0.000000
vt 0.000000 0.000000
vt 0.000000 0.000000
vt 0.000000 0.000000
vt 0.000000 0.000000
vt 0.000000 0.000000
vt 0.000000 0.000000
vt 0.000000 0.000000
vt 0.000000 0.000000
vt 0.000000 0.000000
vt 0.000000 0.000000
vt 0.000000 0.000000
vt 0.000000 0.000000
vt 0.000000 0.000000
vt 0.000000 0.000000
vt 0.000000 0.000000
vt 0.000000 0.000000
vt 0.000000 0.000000
vt 0.000000 0.000000
vt 0.000000 0.000000
vt 0.000000 0.000000
vt 0.000000 0.000000
vt 0.000000 0.000000
vt 0.000000 0.000000
vt 0.000000 0.000000
vt 0.000000 0.000000
vt 0.000000 0.000000
vt 0.000000 0.000000
vt 0.000000 0.000000
vt 0.000000 0.000000
vt 0.000000 0.000000
vt 0.000000 0.000000
vt 0.000000 0.000000
vt 0.000000 0.000000
vt 0.000000 0.000000
vt 0.000000 0.000000
vt 0.000000 0.000000
vt 0.000000 0.000000
vt 0.000000 0.000000
vt 0.000000 0.000000
vt 0.000000 0.000000
vt 0.000000 0.000000
vt 0.000000 0.000000
vt 0.000000 0.000000
vt 0.000000 0.000000
vt 0.000000 0.000000
vt 0.000000 0.000000
vt 0.000000 0.000000
vt 0.000000 0.000000
vt 0.000000 0.000000
vt 0.000000 0.000000
vt 0.000000 0.000000
vt 0.000000 0.000000
vt 0.000000 0.000000
vt 0.000000 0.000000
vt 0.000000 0.000000
vt 0.000000 0.000000
vt 0.000000 0.000000
vt 0.000000 0.000000
vt 0.000000 0.000000
vt 0.000000 0.000000
vt 0.000000 0.000000
vt 0.000000 0.000000
vt 0.000000 0.000000
vt 0.000000 0.000000
vt 0.000000 0.000000
vt 0.000000 0.000000
vt 0.000000 0.000000
vt 0.000000 0.000000
vt 0.000000 0.000000
vt 0.000000 0.000000
vt 0.000000 0.000000
vt 0.000000 0.000000
vt 0.802874 0.524248
vt 0.994001 0.524248
vt 0.994001 0.702314
vt 0.802874 0.524248
vt 0.994001 0.702314
vt 0.802874 0.702314
vt 0.649664 0.552046
vt 0.803461 0.552046
vt 0.803461 0.705767
vt 0.649664 0.552046
vt 0.803461 0.705767
vt 0.649664 0.705767
vt 0.000854 0.709656
vt 0.280396 0.709656
vt 0.280396 0.993469
vt 0.000854 0.709656
vt 0.280396 0.993469
vt 0.000854 0.993469
vt 0.649664 0.552046
vt 0.803461 0.552046
vt 0.803461 0.705767
vt 0.649664 0.552046
vt 0.803461 0.705767
vt 0.649664 0.705767
vt 0.802874 0.524248
vt 0.994001 0.524248
vt 0.994001 0.702314
vt 0.802874 0.524248
vt 0.994001 0.702314
vt 0.802874 0.702314
vt 0.802874 0.524248
vt 0.994001 0.524248
vt 0.994001 0.702314
vt 0.802874 0.524248
vt 0.994001 0.702314
vt 0.802874 0.702314
vt 0.802874 0.524248
vt 0.994001 0.524248
vt 0.994001 0.702314
vt 0.802874 0.524248
vt 0.994001 0.702314
vt 0.802874 0.702314
vt 0.649664 0.552046
vt 0.803461 0.552046
vt 0.803461 0.705767
vt 0.649664 0.552046
vt 0.803461 0.705767
vt 0.649664 0.705767
vt 0.000854 0.709656
vt 0.280396 0.709656
vt 0.280396 0.993469
vt 0.000854 0.709656
vt 0.280396 0.993469
vt 0.000854 0.993469
vt 0.649664 0.552046
vt 0.803461 0.552046
vt 0.803461 0.705767
vt 0.649664 0.552046
vt 0.803461 0.705767
vt 0.649664 0.705767
vt 0.802874 0.524248
vt 0.994001 0.524248
vt 0.994001 0.702314
vt 0.802874 0.524248
vt 0.994001 0.702314
vt 0.802874 0.702314
vt 0.802874 0.524248
vt 0.994001 0.524248
vt 0.994001 0.702314
vt 0.802874 0.524248
vt 0.994001 0.702314
vt 0.802874 0.702314
vt 0.993919 0.664740
vt 0.295143 0.664740
vt 0.295143 0.705187
vt 0.993919 0.664740
vt 0.295143 0.705187
vt 0.993919 0.705187
vt 0.631081 0.658312
vt 0.631081 0.617865
vt 0.804688 0.617188
vt 0.631081 0.658312
vt 0.804688 0.617188
vt 0.933594 0.656250
vt 0.993919 0.664740
vt 0.295143 0.664740
vt 0.295143 0.705187
vt 0.993919 0.664740
vt 0.295143 0.705187
vt 0.993919 0.705187
vt 0.804688 0.617188
vt 0.933594 0.656250
vt 0.631081 0.658312
vt 0.804688 0.617188
vt 0.631081 0.658312
vt 0.631081 0.617865
vt 0.295143 0.664740
vt 0.993919 0.664740
vt 0.993919 0.705187
vt 0.295143 0.664740
vt 0.993919 0.705187
vt 0.295143 0.705187
vt 0.993919 0.664740
vt 0.295143 0.664740
vt 0.295143 0.705187
vt 0.993919 0.664740
vt 0.295143 0.705187
vt 0.993919 0.705187
vt 0.802874 0.524248
vt 0.994001 0.524248
vt 0.994001 0.702314
vt 0.802874 0.524248
vt 0.994001 0.702314
vt 0.802874 0.702314
vt 0.649664 0.552046
vt 0.803461 0.552046
vt 0.803461 0.705767
vt 0.649664 0.552046
vt 0.803461 0.705767
vt 0.649664 0.705767
vt 0.000854 0.709656
vt 0.280396 0.709656
vt 0.280396 0.993469
vt 0.000854 0.709656
vt 0.280396 0.993469
vt 0.000854 0.993469
vt 0.649664 0.552046
vt 0.803461 0.552046
vt 0.803461 0.705767
vt 0.649664 0.552046
vt 0.803461 0.705767
vt 0.649664 0.705767
vt 0.802874 0.524248
vt 0.994001 0.524248
vt 0.994001 0.702314
vt 0.802874 0.524248
vt 0.994001 0.702314
vt 0.802874 0.702314
vt 0.802874 0.524248
vt 0.994001 0.524248
vt 0.994001 0.702314
vt 0.802874 0.524248
vt 0.994001 0.702314
vt 0.802874 0.702314
vt 0.001953 0.689453
vt 0.998047 0.689453
vt 0.998047 0.001953
vt 0.001953 0.689453
vt 0.998047 0.001953
vt 0.001953 0.000000
vt 0.439453 0.412109
vt 0.751953 0.412109
vt 0.998047 0.689453
vt 0.439453 0.412109
vt 0.998047 0.689453
vt 0.001953 0.689453
vt 0.751953 0.412109
vt 0.751953 0.001953
vt 0.998047 0.001953
vt 0.751953 0.412109
vt 0.998047 0.001953
vt 0.998047 0.689453
vt 1.310547 0.412109
vt 1.310547 0.000000
vt 0.001953 0.000000
vt 1.310547 0.412109
vt 0.001953 0.000000
vt 0.001953 0.412109
vt 0.001953 0.689453
vt 0.001953 0.000000
vt 0.439453 0.000000
vt 0.001953 0.689453
vt 0.439453 0.000000
vt 0.439453 0.412109
vt 0.001953 0.412109
vt 0.373047 0.412109
vt 0.375000 0.001953
vt 0.001953 0.412109
vt 0.375000 0.001953
vt 0.001953 0.001953
vt 0.375000 0.001953
vt 0.001953 0.001953
vt 0.001953 0.412109
vt 0.375000 0.001953
vt 0.001953 0.412109
vt 0.373047 0.412109
vt 0.998047 0.412109
vt 0.001953 0.412109
vt 0.001953 0.001953
vt 0.998047 0.412109
vt 0.001953 0.001953
vt 1.000000 0.001953
vt 1.998047 0.412109
vt 1.998047 0.000000
vt 0.001953 0.000000
vt 1.998047 0.412109
vt 0.001953 0.000000
vt 0.001953 0.412109
vt 0.375000 0.001953
vt 0.001953 0.001953
vt 0.001953 0.412109
vt 0.375000 0.001953
vt 0.001953 0.412109
vt 0.373047 0.412109
vt 0.000000 0.687500
vt 0.998047 0.689453
vt 0.876953 0.412109
vt 0.000000 0.687500
vt 0.876953 0.412109
vt 0.689453 0.412109
vt 0.000000 0.685547
vt 1.998047 0.685547
vt 1.998047 0.001953
vt 0.000000 0.685547
vt 1.998047 0.001953
vt 0.001953 0.000000
vt 0.689453 0.412109
vt 0.689453 0.001953
vt 0.001953 0.001953
vt 0.689453 0.412109
vt 0.001953 0.001953
vt 0.000000 0.691406
vt 0.001953 0.412109
vt 1.998047 0.412109
vt 1.998047 0.000000
vt 0.001953 0.412109
vt 1.998047 0.000000
vt 0.001953 0.000000
vt 0.998047 0.689453
vt 0.998047 0.000000
vt 0.876953 0.001953
vt 0.998047 0.689453
vt 0.876953 0.001953
vt 0.876953 0.412109
vt 1.998047 0.000000
vt 0.001953 0.000000
vt 0.001953 0.412109
vt 1.998047 0.000000
vt 0.001953 0.412109
vt 1.998047 0.412109
vt 0.373047 0.412109
vt 0.001953 0.412109
vt 0.001953 0.001953
vt 0.373047 0.412109
vt 0.001953 0.001953
vt 0.375000 0.001953
vt 0.001953 0.001953
vt 0.375000 0.001953
vt 0.373047 0.412109
vt 0.001953 0.001953
vt 0.373047 0.412109
vt 0.001953 0.412109
vt 0.481362 0.623566
vt 0.487295 0.586638
vt 0.487295 0.512685
vt 0.481362 0.623566
vt 0.487295 0.512685
vt 0.481362 0.518575
vt 0.512705 0.512685
vt 0.512705 0.586638
vt 0.518638 0.623566
vt 0.512705 0.512685
vt 0.518638 0.623566
vt 0.518638 0.518575
vt -0.560547 0.998047
vt -0.560547 0.001953
vt 0.564453 0.001953
vt -0.560547 0.998047
vt 0.564453 0.001953
vt 0.564453 0.439453
vt 0.814453 0.439453
vt 0.564453 0.439453
vt -0.998047 0.998047
vt 0.814453 0.439453
vt -0.998047 0.998047
vt 0.998047 0.998047
vt 0.998047 0.998047
vt 0.998047 0.001953
vt 0.814453 0.001953
vt 0.998047 0.998047
vt 0.814453 0.001953
vt 0.814453 0.439453
vt 0.564453 0.439453
vt 0.564453 0.001953
vt -0.998047 0.001953
vt 0.564453 0.439453
vt -0.998047 0.001953
vt -0.998047 0.998047
vt 0.564453 0.439453
vt 0.564453 0.001953
vt -0.998047 0.001953
vt 0.564453 0.439453
vt -0.998047 0.001953
vt -0.998047 0.998047
vt -0.998047 0.998047
vt 0.998047 0.998047
vt 0.751953 0.439453
vt -0.998047 0.998047
vt 0.751953 0.439453
vt 0.564453 0.439453
vt 0.564453 0.439453
vt 0.564453 0.001953
vt -0.998047 0.001953
vt 0.564453 0.439453
vt -0.998047 0.001953
vt -0.998047 0.998047
vt 0.998047 0.998047
vt 0.998047 0.001953
vt 0.751953 0.001953
vt 0.998047 0.998047
vt 0.751953 0.001953
vt 0.751953 0.439453
vt 0.998047 0.998047
vt 0.998047 0.001953
vt 0.751953 0.001953
vt 0.998047 0.998047
vt 0.751953 0.001953
vt 0.751953 0.439453
vt -0.998047 0.998047
vt 0.998047 0.998047
vt 0.751953 0.439453
vt -0.998047 0.998047
vt 0.751953 0.439453
vt 0.564453 0.439453
vt 0.060560 0.545658
vt 0.060560 0.506567
vt 0.058211 0.506324
vt 0.060560 0.545658
vt 0.058211 0.506324
vt 0.058211 0.543990
vt 2.998047 0.001953
vt 0.000000 0.001953
vt 0.000000 0.998047
vt 2.998047 0.001953
vt 0.000000 0.998047
vt 2.998047 0.998047
vt 0.000000 0.001953
vt 0.000000 0.998047
vt 2.998047 0.998047
vt 0.000000 0.001953
vt 2.998047 0.998047
vt 2.998047 0.001953
vt 0.000000 0.000000
vt 0.001953 1.000000
vt 1.998047 1.000000
vt 0.000000 0.000000
vt 1.998047 1.000000
vt 1.998047 0.001953
vt 0.048004 0.506753
vt 0.048004 0.546937
vt 0.046076 0.545130
vt 0.048004 0.506753
vt 0.046076 0.545130
vt 0.046076 0.506490
vt 0.000000 0.000000
vt 1.998047 0.001953
vt 1.998047 1.000000
vt 0.000000 0.000000
vt 1.998047 1.000000
vt 0.001953 1.000000
vt 0.087024 0.580960
vt 0.087024 0.511816
vt 0.093584 0.512605
vt 0.087024 0.580960
vt 0.093584 0.512605
vt 0.093584 0.586119
vt 0.112782 0.511504
vt 0.105686 0.510894
vt 0.105686 0.574879
vt 0.112782 0.511504
vt 0.105686 0.574879
vt 0.112782 0.578903
vt 0.998047 0.998047
vt -0.560547 0.998047
vt 0.564453 0.439453
vt 0.998047 0.998047
vt 0.564453 0.439453
vt 0.814453 0.439453
vt 0.814453 0.439453
vt 0.814453 0.001953
vt 0.998047 0.001953
vt 0.814453 0.439453
vt 0.998047 0.001953
vt 0.998047 0.998047
vt 0.382562 -0.251081
vt 0.390375 -0.990509
vt -0.445312 -0.996094
vt 0.382562 -0.251081
vt -0.445312 -0.996094
vt -0.707031 -0.992188
vt 0.382562 -0.251081
vt -0.707031 -0.992188
vt -0.984789 -0.998321
vt 0.593940 0.020833
vt 0.593940 0.020833
vt 0.593940 0.104219
vt 0.593940 0.020833
vt 0.593940 0.104219
vt 0.593894 0.104167
vt 0.593894 0.104167
vt 0.593940 0.104219
vt 0.718750 0.104167
vt 0.593894 0.104167
vt 0.718750 0.104167
vt 0.719000 0.104219
vt 0.593940 0.020833
vt 0.593940 0.020833
vt 0.718750 0.020834
vt 0.593940 0.020833
vt 0.718750 0.020834
vt 0.719000 0.020667
vt 0.719000 0.104219
vt 0.718750 0.104167
vt 0.719000 0.020667
vt 0.719000 0.104219
vt 0.719000 0.020667
vt 0.718750 0.020834
vt -0.976976 0.988584
vt -0.723123 0.992491
vt -0.449738 0.992491
vt -0.976976 0.988584
vt -0.449738 0.992491
vt 0.991405 0.992491
vt -0.976976 0.988584
vt 0.991405 0.992491
vt 0.983592 -0.251305
vt -0.976976 0.988584
vt 0.983592 -0.251305
vt 0.382562 -0.251081
vt 0.382562 -0.251081
vt -0.984789 -0.998321
vt -0.976976 0.988584
vt 1.998047 -4.998047
vt 0.001953 -4.998047
vt 0.001953 0.998047
vt 1.998047 -4.998047
vt 0.001953 0.998047
vt 1.998047 0.998047
vt 1.998047 -0.998047
vt 0.000000 -0.998047
vt 0.000000 0.998047
vt 1.998047 -0.998047
vt 0.000000 0.998047
vt 1.998047 0.998047
vt 1.998047 -0.998047
vt 1.998047 0.998047
vt 1.998047 0.689453
vt 0.998047 -4.998047
vt 0.001953 -4.998047
vt 0.001953 0.998047
vt 0.998047 -4.998047
vt 0.001953 0.998047
vt 0.998047 0.998047
vt 0.998047 -4.998047
vt 0.001953 -4.998047
vt 0.001953 0.998047
vt 0.998047 -4.998047
vt 0.001953 0.998047
vt 0.998047 0.998047
vt 0.001953 -0.080078
vt 0.001953 1.478516
vt 0.998047 1.478516
vt 0.001953 -0.080078
vt 0.998047 1.478516
vt 0.998047 -0.267578
vt 0.998047 -0.267578
vt 0.001953 -0.267578
vt 0.001953 -0.080078
vt 0.001953 0.001953
vt 0.000000 2.685547
vt 1.460938 2.679688
vt 0.001953 0.001953
vt 1.460938 2.679688
vt 1.734375 2.679688
vt 0.001953 0.001953
vt 1.734375 2.679688
vt 1.998047 2.685547
vt 0.001953 0.001953
vt 1.998047 2.685547
vt 1.998047 0.001953
vt 0.001953 0.001953
vt 1.998047 0.001953
vt 0.558594 0.003906
vt 0.001953 0.001953
vt 0.558594 0.003906
vt 0.281250 0.003906
vt 0.718627 0.073827
vt 0.281374 0.073827
vt 0.281374 0.967839
vt 0.718627 0.073827
vt 0.281374 0.967839
vt 0.718627 0.967839
vt 0.456334 0.719266
vt 0.607997 0.719266
vt 0.607997 -0.940485
vt 0.456334 0.719266
vt 0.607997 -0.940485
vt -0.641998 -0.940485
vt 0.456334 0.719266
vt -0.641998 -0.940485
vt -0.641998 0.719266
vt 0.456334 0.719266
vt -0.641998 0.719266
vt -0.013331 0.719266
vt 0.001953 1.529297
vt 0.001953 1.685547
vt 0.998047 1.685547
vt 0.001953 1.529297
vt 0.998047 1.685547
vt 0.998047 0.001953
vt 0.001953 1.529297
vt 0.998047 0.001953
vt 0.689453 0.001953
vt 0.001953 1.529297
vt 0.689453 0.001953
vt 0.439453 0.001953
vt 0.001953 1.529297
vt 0.439453 0.001953
vt 0.001953 0.001953
vt 0.001953 1.529297
vt 0.001953 0.001953
vt 0.001953 1.224609
vt 0.706041 0.640148
vt 0.706041 0.422352
vt 0.356460 0.422352
vt 0.706041 0.640148
vt 0.356460 0.422352
vt 0.356460 0.640148
vt 1.085504 0.323528
vt 0.533184 0.323528
vt -0.019137 0.323528
vt 1.085504 0.323528
vt -0.019137 0.323528
vt -1.123776 0.323528
vt 1.085504 0.323528
vt -1.123776 0.323528
vt -1.123776 0.644610
vt 1.085504 0.323528
vt -1.123776 0.644610
vt 1.085504 0.644610
vt 0.406251 0.270834
vt 0.406251 0.250000
vt 0.343751 0.250000
vt 0.406251 0.270834
vt 0.343751 0.250000
vt 0.343751 0.270834
vt 0.343751 0.020834
vt 0.406251 0.020834
vt 0.406251 0.000001
vt 0.343751 0.020834
vt 0.406251 0.000001
vt 0.343751 0.000001
vt 0.656250 0.750000
vt 0.593750 0.750000
vt 0.593750 0.666667
vt 0.656250 0.750000
vt 0.593750 0.666667
vt 0.656250 0.666667
vt 0.500000 0.916667
vt 0.500000 0.958333
vt 0.250000 0.958333
vt 0.500000 0.916667
vt 0.250000 0.958333
vt 0.250000 0.916667
vt 0.500000 0.916667
vt 0.250000 0.916667
vt 0.375000 0.916667
vt 0.500000 0.916667
vt 0.375000 0.916667
vt 0.437464 0.916942
vt 0.437500 0.895833
vt 0.437464 0.916942
vt 0.375000 0.916667
vt 0.437500 0.895833
vt 0.375000 0.916667
vt 0.375000 0.895833
vt 0.718750 0.750000
vt 0.718750 0.979167
vt 0.500000 0.979167
vt 0.718750 0.750000
vt 0.500000 0.979167
vt 0.500000 0.750000
vt 0.375000 0.895833
vt 0.281250 0.895833
vt 0.281250 0.750000
vt 0.375000 0.895833
vt 0.281250 0.750000
vt 0.468750 0.750000
vt 0.375000 0.895833
vt 0.468750 0.750000
vt 0.468750 0.895833
vt 0.375000 0.895833
vt 0.468750 0.895833
vt 0.437500 0.895833
vt 0.593750 0.104167
vt 0.593750 0.187501
vt 0.281250 0.250000
vt 0.593750 0.104167
vt 0.281250 0.250000
vt 0.281250 0.020834
vt 0.593750 0.187501
vt 0.718750 0.187501
vt 0.718750 0.250000
vt 0.593750 0.187501
vt 0.718750 0.250000
vt 0.281250 0.250000
vt 0.406250 0.020834
vt 0.343750 0.020834
vt 0.343750 0.000001
vt 0.406250 0.020834
vt 0.343750 0.000001
vt 0.406250 0.000001
vt 0.281250 0.020834
vt 0.718750 0.020834
vt 0.718750 0.104167
vt 0.281250 0.020834
vt 0.718750 0.104167
vt 0.593750 0.104167
vt 0.281250 0.270834
vt 0.718750 0.270834
vt 0.718750 0.666667
vt 0.281250 0.270834
vt 0.718750 0.666667
vt 0.281250 0.666667
vt 0.406250 0.270834
vt 0.343750 0.270834
vt 0.343750 0.250000
vt 0.406250 0.270834
vt 0.343750 0.250000
vt 0.406250 0.250000
vt 0.249999 0.000001
vt 0.593750 0.000001
vt 0.750000 0.000001
vt 0.249999 0.000001
vt 0.750000 0.000001
vt 0.750000 1.000000
vt 0.249999 0.000001
vt 0.750000 1.000000
vt 0.500000 1.000000
vt 0.249999 0.000001
vt 0.500000 1.000000
vt 0.250000 1.000000
vt 0.750000 0.000001
vt 0.999999 0.000001
vt 1.000000 1.000000
vt 0.750000 0.000001
vt 1.000000 1.000000
vt 0.750000 1.000000
vt 0.000000 0.000001
vt 0.249999 0.000001
vt 0.250000 1.000000
vt 0.000000 0.000001
vt 0.250000 1.000000
vt 0.000000 1.000000
vt 0.750000 0.104167
vt 0.718896 0.104219
vt 0.718750 0.020834
vt 0.750000 0.104167
vt 0.718750 0.020834
vt 0.750000 0.020834
vt 0.406250 0.104167
vt 0.718896 0.104219
vt 0.750000 0.104167
vt 0.406250 0.104167
vt 0.750000 0.104167
vt 0.750000 0.312500
vt 0.406250 0.104167
vt 0.750000 0.312500
vt 0.406250 0.312500
vt 0.406468 0.020833
vt 0.406250 0.104167
vt 0.281250 0.104167
vt 0.406468 0.020833
vt 0.281250 0.104167
vt 0.281250 0.020834
vt 0.406250 0.312500
vt 0.281250 0.312500
vt 0.281250 0.104167
vt 0.406250 0.312500
vt 0.281250 0.104167
vt 0.406250 0.104167
vt 0.750000 0.333334
vt 0.750000 0.312500
vt 0.750000 0.104167
vt 0.750000 0.333334
vt 0.750000 0.104167
vt 0.750000 0.020834
vt 0.750000 0.333334
vt 0.750000 0.020834
vt 0.750000 0.000000
vt 0.750000 0.333334
vt 0.750000 0.000000
vt 1.000000 0.000000
vt 0.750000 0.333334
vt 1.000000 0.000000
vt 1.000000 0.333334
vt 0.750000 0.229167
vt 0.750000 0.000000
vt 1.000000 0.000000
vt 0.750000 0.229167
vt 1.000000 0.000000
vt 1.000000 0.229167
vt 1.998047 0.998047
vt 1.998047 0.001953
vt 0.001953 0.001953
vt 1.998047 0.998047
vt 0.001953 0.001953
vt 0.001953 0.998047
vt 1.998047 0.001953
vt 1.998047 0.998047
vt 0.001953 0.998047
vt 1.998047 0.001953
vt 0.001953 0.998047
vt 0.001953 0.001953
vt 0.998047 0.001953
vt 0.001953 0.001953
vt 0.001953 0.998047
vt 0.998047 0.001953
vt 0.001953 0.998047
vt 0.998047 0.998047
vt 0.998047 -0.123047
vt 0.001953 -0.123047
vt 0.001953 0.998047
vt 0.998047 -0.123047
vt 0.001953 0.998047
vt 0.998047 0.998047
vt 0.998047 0.998047
vt 0.189453 0.998047
vt 0.001953 0.833984
vt 0.998047 0.998047
vt 0.001953 0.833984
vt 0.998047 0.833984
vt 0.185547 0.001953
vt 0.001953 0.001953
vt 0.001953 0.998047
vt 0.185547 0.001953
vt 0.001953 0.998047
vt 0.185547 0.998047
vt 0.189453 0.998047
vt 0.000000 0.998047
vt 0.000000 -0.125000
vt 0.189453 0.998047
vt 0.000000 -0.125000
vt 0.189453 0.001953
vt 0.001953 0.998047
vt 1.998047 0.998047
vt 1.998047 0.001953
vt 0.001953 0.998047
vt 1.998047 0.001953
vt 0.001953 0.001953
vt 0.998047 -0.125000
vt 0.998047 0.998047
vt 0.001953 0.001953
vt 1.998047 0.001953
vt 0.626953 0.000000
vt 0.001953 0.998047
vt 1.998047 0.001953
vt 0.001953 0.998047
vt 1.998047 0.998047
vt 0.001953 0.998047
vt 0.001953 0.833984
vt 0.998047 0.833984
vt 0.001953 0.998047
vt 0.998047 0.833984
vt 0.998047 0.998047
vt 0.001953 -0.125000
vt 0.001953 0.001953
vt 1.000000 -0.125000
vt 0.062500 0.979167
vt 0.937500 0.979167
vt 0.937500 0.020833
vt 0.062500 0.979167
vt 0.937500 0.020833
vt 0.062500 0.020833
vt 0.000000 0.979167
vt 0.062500 1.000000
vt 0.062500 0.979167
vt 0.937500 1.000000
vt 1.000000 0.979167
vt 0.937500 0.979167
vt 0.062500 1.000000
vt 0.937500 1.000000
vt 0.937500 0.979167
vt 0.062500 1.000000
vt 0.937500 0.979167
vt 0.062500 0.979167
vt 1.000000 0.020833
vt 0.937500 0.000000
vt 0.937500 0.020833
vt 0.000000 0.020833
vt 0.000000 0.979167
vt 0.062500 0.979167
vt 0.000000 0.020833
vt 0.062500 0.979167
vt 0.062500 0.020833
vt 1.000000 0.979167
vt 1.000000 0.020833
vt 0.937500 0.020833
vt 1.000000 0.979167
vt 0.937500 0.020833
vt 0.937500 0.979167
vt 0.062500 0.020833
vt 0.062500 0.000000
vt 0.000000 0.020833
vt 0.937500 0.000000
vt 0.062500 0.000000
vt 0.062500 0.020833
vt 0.937500 0.000000
vt 0.062500 0.020833
vt 0.937500 0.020833
vt 2.001953 0.001953
vt 0.001953 0.001953
vt 0.001953 0.998047
vt 2.001953 0.001953
vt 0.001953 0.998047
vt 2.001953 0.998047
vt 2.001953 0.998047
vt 2.123047 0.998047
vt 2.123047 0.001953
vt 2.001953 0.998047
vt 2.123047 0.001953
vt 2.001953 0.001953
vt 0.876953 0.000000
vt 0.998047 0.000000
vt 0.998047 0.998047
vt 0.876953 0.000000
vt 0.998047 0.998047
vt 0.876953 0.998047
vt 1.998047 0.001953
vt 0.564453 0.001953
vt 0.564453 0.439453
vt 5.880208 0.441406
vt 5.880208 0.003906
vt 5.986979 0.003906
vt 0.126953 0.998047
vt 0.000000 0.998047
vt 0.000000 0.000000
vt 0.126953 0.998047
vt 0.000000 0.000000
vt 0.126953 0.000000
vt 0.001953 0.001953
vt -0.123047 0.001953
vt -0.123047 0.998047
vt 0.001953 0.001953
vt -0.123047 0.998047
vt 0.001953 0.998047
vt 5.998047 0.998047
vt 0.001953 0.998047
vt 0.000000 0.001953
vt 5.998047 0.998047
vt 0.000000 0.001953
vt 5.998047 0.001953
vt 0.000000 0.001953
vt 5.611979 0.003906
vt 5.611979 0.441406
vt 5.611979 0.441406
vt 5.880208 0.441406
vt 5.998047 0.998047
vt 5.611979 0.441406
vt 5.998047 0.998047
vt 0.001953 0.998047
vt 5.611979 0.441406
vt 0.001953 0.998047
vt 0.000000 0.001953
vt 5.986979 0.003906
vt 5.998047 0.998047
vt 5.880208 0.441406
vt 0.251953 0.439453
vt 0.251953 0.001953
vt 0.001953 0.001953
vt 0.001953 0.998047
vt 1.998047 0.998047
vt 0.564453 0.439453
vt 0.001953 0.998047
vt 0.564453 0.439453
vt 0.251953 0.439453
vt 0.001953 0.001953
vt 0.001953 0.998047
vt 0.251953 0.439453
vt 0.564453 0.439453
vt 1.998047 0.998047
vt 1.998047 0.001953
vt 0.332031 0.378906
vt 0.183594 0.378906
vt 0.183594 0.238281
vt 0.332031 0.378906
vt 0.183594 0.378906
vt 0.183594 0.238281
vt 0.332031 0.378906
vt 0.183594 0.378906
vt 0.183594 0.238281
vt 0.332031 0.378906
vt 0.183594 0.378906
vt 0.183594 0.238281
vt 0.000000 0.000000
vt 0.000000 0.000000
vt 0.000000 0.000000
vt 0.000000 0.000000
vt 0.000000 0.000000
vt 0.000000 0.000000
vt 0.000000 0.000000
vt 0.000000 0.000000
vt 0.000000 0.000000
vt 0.000000 0.000000
vt 0.000000 0.000000
vt 0.000000 0.000000
vt 0.000000 0.000000
vt 0.000000 0.000000
vt 0.000000 0.000000
vt 0.000000 0.000000
vt 0.000000 0.000000
vt 0.000000 0.000000
vt 0.000000 0.000000
vt 0.000000 0.000000
vt 0.000000 0.000000
vt 0.000000 0.000000
vt 0.000000 0.000000
vt 0.000000 0.000000
vt 0.000000 0.000000
vt 0.000000 0.000000
vt 0.000000 0.000000
vt 0.000000 0.000000
vt 0.000000 0.000000
vt 0.000000 0.000000
vt 0.000000 0.000000
vt 0.000000 0.000000
vt 0.000000 0.000000
vt 0.000000 0.000000
vt 0.000000 0.000000
vt 0.000000 0.000000
vt 0.000000 0.000000
vt 0.000000 0.000000
vt 0.000000 0.000000
vt 0.000000 0.000000
vt 0.000000 0.000000
vt 0.000000 0.000000
vt 0.000000 0.000000
vt 0.000000 0.000000
vt 0.000000 0.000000
vt 0.000000 0.000000
vt 0.000000 0.000000
vt 0.000000 0.000000
vt 0.000000 0.000000
vt 0.000000 0.000000
vt 0.000000 0.000000
vt 0.000000 0.000000
vt 0.000000 0.000000
vt 0.000000 0.000000
vt 0.000000 0.000000
vt 0.000000 0.000000
vt 0.000000 0.000000
vt 0.000000 0.000000
vt 0.000000 0.000000
vt 0.000000 0.000000
vt 0.000000 0.000000
vt 0.000000 0.000000
vt 0.000000 0.000000
vt 0.000000 0.000000
vt 0.000000 0.000000
vt 0.000000 0.000000
vt 0.000000 0.000000
vt 0.000000 0.000000
vt 0.000000 0.000000
vt 0.000000 0.000000
vt 0.000000 0.000000
vt 0.000000 0.000000
vt 0.000000 0.000000
vt 0.000000 0.000000
vt 0.000000 0.000000
vt 0.000000 0.000000
vt 0.000000 0.000000
vt 0.000000 0.000000
vt 1.000000 1.000000
vt 1.000000 0.000000
vt 0.000000 0.000000
vt 1.000000 1.000000
vt 0.000000 0.000000
vt 0.000000 1.000000
vt 1.000000 0.000000
vt 1.000000 1.000000
vt 0.000000 1.000000
vt 1.000000 0.000000
vt 0.000000 1.000000
vt 0.000000 0.000000
vt 1.000000 1.000000
vt 0.000000 1.000000
vt 0.000000 0.000000
vt 1.000000 1.000000
vt 0.000000 0.000000
vt 1.000000 0.000000
vt 1.000000 0.000000
vt 0.000000 0.000000
vt 0.000000 1.000000
vt 1.000000 0.000000
vt 0.000000 1.000000
vt 1.000000 1.000000
vt 1.000000 1.000000
vt 0.000000 1.000000
vt 0.000000 0.000000
vt 1.000000 1.000000
vt 0.000000 0.000000
vt 1.000000 0.000000
vt 1.000000 0.000000
vt 0.000000 0.000000
vt 0.000000 1.000000
vt 1.000000 0.000000
vt 0.000000 1.000000
vt 1.000000 1.000000
vt 1.000000 1.000000
vt 1.000000 0.000000
vt 0.000000 0.000000
vt 1.000000 1.000000
vt 0.000000 0.000000
vt 0.000000 1.000000
vt 1.000000 0.000000
vt 1.000000 1.000000
vt 0.000000 1.000000
vt 1.000000 0.000000
vt 0.000000 1.000000
vt 0.000000 0.000000
vt 1.000000 1.000000
vt 0.000000 1.000000
vt 0.000000 0.000000
vt 1.000000 1.000000
vt 0.000000 0.000000
vt 1.000000 0.000000
vt 1.000000 0.000000
vt 0.000000 0.000000
vt 0.000000 1.000000
vt 1.000000 0.000000
vt 0.000000 1.000000
vt 1.000000 1.000000
vn -0.000001 1.000000 0.000000
vn 0.000001 1.000000 0.000000
vn -0.000001 1.000000 0.000000
vn -0.000001 1.000000 0.000000
vn -0.000001 1.000000 0.000000
vn 0.000001 1.000000 0.000000
vn -0.000001 1.000000 0.000000
vn -0.000001 1.000000 0.000000
vn 0.000001 1.000000 0.000000
vn -0.000001 1.000000 0.000000
vn 0.000001 1.000000 0.000000
vn 0.000001 1.000000 0.000000
vn -0.000001 1.000000 0.000000
vn -0.000001 1.000000 0.000000
vn 0.000001 1.000000 0.000000
vn -0.000001 1.000000 0.000000
vn 0.000001 1.000000 0.000000
vn 0.000001 1.000000 0.000000
vn 0.000003 1.000000 0.000000
vn 0.000003 1.000000 0.000000
vn -0.000003 1.000000 0.000000
vn 0.000003 1.000000 0.000000
vn -0.000003 1.000000 0.000000
vn -0.000003 1.000000 0.000000
vn 0.000000 1.000000 0.000000
vn 0.000000 1.000000 0.000000
vn 0.000001 1.000000 0.000000
vn 0.000000 1.000000 0.000000
vn 0.000001 1.000000 0.000000
vn -0.000001 1.000000 0.000000
vn 0.000003 1.000000 0.000000
vn 0.000003 1.000000 0.000000
vn -0.000003 1.000000 0.000000
vn 0.000003 1.000000 0.000000
vn -0.000003 1.000000 0.000000
vn -0.000003 1.000000 0.000000
vn -0.000001 1.000000 0.000000
vn -0.000001 1.000000 0.000000
vn 0.000001 1.000000 0.000000
vn -0.000001 1.000000 0.000000
vn 0.000001 1.000000 0.000000
vn 0.000001 1.000000 0.000000
vn 0.000000 1.000000 0.000000
vn 0.000000 1.000000 0.000000
vn 0.000003 1.000000 0.000000
vn 0.000000 1.000000 0.000000
vn 0.000003 1.000000 0.000000
vn 0.000003 1.000000 0.000000
vn -0.000001 1.000000 0.000000
vn -0.000001 1.000000 0.000000
vn 0.000000 1.000000 0.000000
vn -0.000001 1.000000 0.000000
vn 0.000000 1.000000 0.000000
vn 0.000000 1.000000 0.000000
vn -0.000001 1.000000 0.000000
vn 0.000000 1.000000 0.000000
vn -0.000001 1.000000 0.000000
vn -0.000001 1.000000 0.000000
vn -0.000001 1.000000 0.000000
vn 0.000000 1.000000 0.000000
vn -0.000001 1.000000 0.000000
vn 0.000001 1.000000 0.000000
vn -0.000001 1.000000 0.000000
vn -0.000001 1.000000 0.000000
vn -0.000001 1.000000 0.000000
vn 0.000001 1.000000 0.000000
vn 0.000001 1.000000 0.000000
vn 0.000001 1.000000 0.000000
vn -0.000001 1.000000 0.000000
vn 0.000001 1.000000 0.000000
vn -0.000001 1.000000 0.000000
vn -0.000001 1.000000 0.000000
vn -0.000003 1.000000 0.000000
vn -0.000003 1.000000 0.000000
vn 0.000000 1.000000 0.000000
vn -0.000003 1.000000 0.000000
vn 0.000000 1.000000 0.000000
vn 0.000000 1.000000 0.000000
vn -0.000003 1.000000 0.000000
vn -0.000003 1.000000 0.000000
vn 0.000003 1.000000 0.000000
vn -0.000003 1.000000 0.000000
vn 0.000003 1.000000 0.000000
vn 0.000003 1.000000 0.000000
vn 0.000001 1.000000 0.000000
vn 0.000001 1.000000 0.000000
vn -0.000001 1.000000 0.000000
vn 0.000001 1.000000 0.000000
vn -0.000001 1.000000 0.000000
vn -0.000001 1.000000 0.000000
vn 0.000001 1.000000 0.000000
vn 0.000001 1.000000 0.000000
vn -0.000001 1.000000 0.000000
vn 0.000001 1.000000 0.000000
vn -0.000001 1.000000 0.000000
vn -0.000001 1.000000 0.000000
vn -0.000003 1.000000 0.000000
vn -0.000003 1.000000 0.000000
vn 0.000003 1.000000 0.000000
vn -0.000003 1.000000 0.000000
vn 0.000003 1.000000 0.000000
vn 0.000003 1.000000 0.000000
vn -0.000001 1.000000 0.000000
vn -0.000001 1.000000 0.000000
vn 0.000001 1.000000 0.000000
vn -0.000001 1.000000 0.000000
vn 0.000001 1.000000 0.000000
vn 0.000001 1.000000 0.000000
vn 0.000003 1.000000 0.000000
vn -0.000001 1.000000 0.000000
vn 0.000001 1.000000 0.000000
vn 0.000003 1.000000 0.000000
vn 0.000001 1.000000 0.000000
vn -0.000003 1.000000 0.000000
vn 0.000003 1.000000 0.000000
vn 0.000003 1.000000 0.000000
vn -0.000003 1.000000 0.000000
vn 0.000003 1.000000 0.000000
vn -0.000003 1.000000 0.000000
vn -0.000003 1.000000 0.000000
vn 0.000003 1.000000 0.000000
vn -0.000001 1.000000 0.000000
vn 0.000001 1.000000 0.000000
vn 0.000003 1.000000 0.000000
vn 0.000001 1.000000 0.000000
vn -0.000003 1.000000 0.000000
vn 0.000003 0.000000 1.000000
vn 0.000000 0.000000 1.000000
vn 0.000000 0.000000 1.000000
vn 0.000003 0.000000 1.000000
vn 0.000000 0.000000 1.000000
vn 0.000003 0.000000 1.000000
vn -0.000000 0.000000 -1.000000
vn -0.000003 0.000000 -1.000000
vn -0.000003 0.000000 -1.000000
vn -0.000000 0.000000 -1.000000
vn -0.000003 0.000000 -1.000000
vn -0.000000 0.000000 -1.000000
vn -1.000000 0.000000 0.000000
vn -1.000000 0.000000 0.000000
vn -1.000000 0.000000 0.000000
vn -1.000000 0.000000 0.000000
vn -1.000000 0.000000 0.000000
vn -1.000000 0.000000 0.000000
vn 1.000000 0.000000 0.000000
vn 1.000000 0.000000 0.000000
vn 1.000000 0.000000 0.000000
vn 1.000000 0.000000 0.000000
vn 1.000000 0.000000 0.000000
vn 1.000000 0.000000 0.000000
vn -1.000000 0.000000 0.000000
vn -1.000000 0.000000 0.000000
vn -1.000000 0.000000 0.000000
vn -1.000000 0.000000 0.000000
vn -1.000000 0.000000 0.000000
vn -1.000000 0.000000 0.000000
vn 1.000000 0.000000 0.000000
vn 1.000000 0.000000 0.000000
vn 1.000000 0.000000 0.000000
vn 1.000000 0.000000 0.000000
vn 1.000000 0.000000 0.000000
vn 1.000000 0.000000 0.000000
vn -0.000002 0.000000 -1.000000
vn -0.000002 0.000000 -1.000000
vn -0.000002 0.000000 -1.000000
vn -0.000002 0.000000 -1.000000
vn -0.000002 0.000000 -1.000000
vn -0.000002 0.000000 -1.000000
vn -1.000000 0.000000 0.000000
vn -1.000000 0.000000 0.000000
vn -1.000000 0.000000 0.000000
vn -1.000000 0.000000 0.000000
vn -1.000000 0.000000 0.000000
vn -1.000000 0.000000 0.000000
vn -0.000001 0.000000 1.000000
vn -0.000001 0.000000 1.000000
vn -0.000001 0.000000 1.000000
vn -0.000001 0.000000 1.000000
vn -0.000001 0.000000 1.000000
vn -0.000001 0.000000 1.000000
vn 1.000000 0.000000 0.000000
vn 1.000000 0.000000 0.000000
vn 1.000000 0.000000 0.000000
vn 1.000000 0.000000 0.000000
vn 1.000000 0.000000 0.000000
vn 1.000000 0.000000 0.000000
vn -0.000001 -1.000000 0.000000
vn -0.000001 -1.000000 0.000000
vn -0.000002 -1.000000 0.000000
vn -0.000001 -1.000000 0.000000
vn -0.000002 -1.000000 0.000000
vn -0.000002 -1.000000 0.000000
vn -0.000002 1.000000 0.000000
vn -0.000002 1.000000 0.000000
vn -0.000001 1.000000 0.000000
vn -0.000002 1.000000 0.000000
vn -0.000001 1.000000 0.000000
vn -0.000001 1.000000 0.000000
vn -1.000000 0.000000 0.000000
vn -1.000000 0.000000 0.000000
vn -1.000000 0.000000 0.000000
vn -1.000000 0.000000 0.000000
vn -1.000000 0.000000 0.000000
vn -1.000000 0.000000 0.000000
vn -1.000000 0.000000 0.000000
vn -1.000000 0.000000 0.000000
vn -1.000000 0.000000 0.000000
vn -1.000000 0.000000 0.000000
vn -1.000000 0.000000 0.000000
vn -1.000000 0.000000 0.000000
vn -1.000000 0.000000 0.000000
vn -1.000000 0.000000 0.000000
vn -1.000000 -0.000000 0.000000
vn 1.000000 0.000000 0.000000
vn 1.000000 0.000000 0.000000
vn 1.000000 0.000000 0.000000
vn 1.000000 0.000000 0.000000
vn 1.000000 0.000000 0.000000
vn 1.000000 0.000000 0.000000
vn 1.000000 0.000000 0.000000
vn 1.000000 0.000000 0.000000
vn 1.000000 0.000000 0.000000
vn 1.000000 0.000000 0.000000
vn 1.000000 0.000000 0.000000
vn 1.000000 0.000000 0.000000
vn 1.000000 0.000000 0.000000
vn 1.000000 0.000000 0.000000
vn 1.000000 -0.000000 0.000000
vn 0.999997 0.001233 0.001999
vn 0.999997 0.001233 0.001999
vn 0.999997 0.001233 0.001984
vn 0.999997 0.001233 0.001999
vn 0.999997 0.001233 0.001984
vn 0.999997 0.001233 0.001984
vn -0.000454 1.000000 -0.000824
vn -0.000454 1.000000 -0.000824
vn -0.000452 1.000000 -0.000824
vn -0.000454 1.000000 -0.000824
vn -0.000452 1.000000 -0.000824
vn -0.000455 1.000000 -0.000824
vn 1.000000 -0.000719 -0.000320
vn 1.000000 0.000067 -0.000656
vn 0.999997 -0.002264 -0.001312
vn -0.000021 0.000799 1.000000
vn -0.000021 0.000799 1.000000
vn -0.000047 0.001599 0.999999
vn -0.000021 0.000799 1.000000
vn -0.000047 0.001599 0.999999
vn -0.000046 0.001599 0.999999
vn -0.000021 0.000799 1.000000
vn -0.000046 0.001599 0.999999
vn -0.000024 0.000799 1.000000
vn -0.000021 0.000799 1.000000
vn -0.000024 0.000799 1.000000
vn -0.000021 0.000799 1.000000
vn 0.000123 1.000000 -0.000824
vn 0.000123 1.000000 -0.000824
vn 0.000123 1.000000 -0.000824
vn 0.000123 1.000000 -0.000824
vn 0.000123 1.000000 -0.000824
vn 0.000125 1.000000 -0.000824
vn -0.000001 0.167416 0.985886
vn 0.000001 0.192074 0.981380
vn 0.000001 0.192074 0.981380
vn -0.000001 0.167416 0.985886
vn 0.000001 0.192074 0.981380
vn 0.000002 0.167416 0.985886
vn 0.000001 -1.000000 0.000000
vn -0.000001 -1.000000 0.000000
vn -0.000000 -1.000000 0.000000
vn 0.000001 -1.000000 0.000000
vn -0.000000 -1.000000 0.000000
vn -0.000001 -1.000000 0.000000
vn 0.000001 -1.000000 0.000000
vn -0.000001 -1.000000 0.000000
vn -0.000001 -1.000000 0.000000
vn -0.999988 0.004986 -0.000153
vn -0.999989 0.004607 0.000000
vn -0.999989 0.004607 -0.000015
vn -0.999988 0.004986 -0.000153
vn -0.999989 0.004607 -0.000015
vn -0.999988 0.004986 -0.000168
vn -0.000001 0.000000 1.000000
vn -0.000001 0.000000 1.000000
vn -0.000000 0.000000 1.000000
vn -0.000001 0.000000 1.000000
vn -0.000000 0.000000 1.000000
vn -0.000000 0.000000 1.000000
vn 0.000084 0.000799 1.000000
vn 0.000058 0.000533 1.000000
vn 0.000083 0.000799 1.000000
vn 0.000084 0.000799 1.000000
vn 0.000083 0.000799 1.000000
vn 0.000167 0.001599 0.999999
vn 0.000084 0.000799 1.000000
vn 0.000167 0.001599 0.999999
vn 0.000166 0.001599 0.999999
vn -0.999997 0.002323 -0.000275
vn -0.999997 0.002323 -0.000259
vn -0.999997 0.002323 -0.000259
vn -0.999997 0.002323 -0.000275
vn -0.999997 0.002323 -0.000259
vn -0.999997 0.002323 -0.000275
vn -0.000002 1.000000 -0.000931
vn -0.000001 1.000000 -0.000931
vn 0.000002 1.000000 -0.000931
vn -0.000002 1.000000 -0.000931
vn 0.000002 1.000000 -0.000931
vn 0.000001 1.000000 -0.000931
vn -0.000021 0.000799 1.000000
vn 0.000058 0.000533 1.000000
vn 0.000084 0.000799 1.000000
vn -0.000021 0.000799 1.000000
vn 0.000084 0.000799 1.000000
vn -0.000021 0.000799 1.000000
vn -0.000002 -1.000000 0.000000
vn -0.000001 -1.000000 0.000000
vn -0.000001 -1.000000 0.000000
vn -0.000002 -1.000000 0.000000
vn -0.000001 -1.000000 0.000000
vn 0.000001 -1.000000 0.000000
vn -0.000001 -1.000000 -0.000748
vn 0.000002 -1.000000 -0.000763
vn 0.000002 -1.000000 -0.000763
vn -0.000001 -1.000000 -0.000748
vn 0.000002 -1.000000 -0.000763
vn 0.000002 -1.000000 -0.000763
vn -0.000001 -1.000000 -0.000748
vn 0.000002 -1.000000 -0.000763
vn -0.000000 -1.000000 -0.000748
vn -0.000001 -1.000000 0.000000
vn -0.000001 -1.000000 0.000000
vn 0.000002 -1.000000 0.000000
vn -0.000001 -1.000000 0.000000
vn 0.000002 -1.000000 0.000000
vn -0.000001 -1.000000 0.000000
vn -0.000001 -1.000000 0.000000
vn -0.000001 -1.000000 0.000000
vn -0.000002 -1.000000 0.000000
vn -0.999988 0.004986 -0.000168
vn -0.999986 0.005365 -0.000320
vn -0.999988 0.004986 -0.000153
vn -0.000140 1.000000 0.000580
vn -0.000140 1.000000 0.000565
vn -0.000137 1.000000 0.000565
vn -0.000140 1.000000 0.000580
vn -0.000137 1.000000 0.000565
vn -0.000137 1.000000 0.000565
vn -0.000000 0.000000 1.000000
vn -0.000021 0.000799 1.000000
vn -0.000024 0.000799 1.000000
vn -0.000000 0.000000 1.000000
vn -0.000024 0.000799 1.000000
vn -0.000001 0.000000 1.000000
vn -0.999967 -0.008101 -0.000412
vn -0.999967 -0.008101 -0.000412
vn -0.999967 -0.008101 -0.000412
vn -0.999967 -0.008101 -0.000412
vn -0.999967 -0.008101 -0.000412
vn -0.999967 -0.008101 -0.000412
vn 0.000001 0.216587 0.976263
vn 0.000001 0.192074 0.981380
vn 0.000001 0.192074 0.981380
vn 0.000001 0.216587 0.976263
vn 0.000001 0.192074 0.981380
vn 0.000001 0.216587 0.976263
vn 0.000001 0.999930 0.011810
vn -0.000000 0.999930 0.011810
vn 0.000001 0.999930 0.011810
vn 0.000001 0.999930 0.011810
vn 0.000001 0.999930 0.011810
vn 0.000001 0.999930 0.011810
vn 0.000058 0.000533 1.000000
vn 0.000002 0.000000 1.000000
vn -0.000001 0.000000 1.000000
vn 0.000058 0.000533 1.000000
vn -0.000001 0.000000 1.000000
vn 0.000083 0.000799 1.000000
vn 0.000088 -0.001093 -0.999999
vn 0.000086 -0.001093 -0.999999
vn -0.000002 -0.000137 -1.000000
vn 0.000088 -0.001093 -0.999999
vn -0.000002 -0.000137 -1.000000
vn -0.000002 -0.000137 -1.000000
vn 0.000088 -0.001093 -0.999999
vn -0.000002 -0.000137 -1.000000
vn -0.000002 -0.000137 -1.000000
vn 0.000088 -0.001093 -0.999999
vn -0.000002 -0.000137 -1.000000
vn 0.000001 -0.000137 -1.000000
vn 0.000088 -0.001093 -0.999999
vn 0.000001 -0.000137 -1.000000
vn -0.000002 -0.000137 -1.000000
vn 0.000088 -0.001093 -0.999999
vn -0.000002 -0.000137 -1.000000
vn -0.000002 -0.000137 -1.000000
vn 0.001360 0.807448 0.589937
vn 0.001361 0.807441 0.589947
vn 0.001358 0.807448 0.589937
vn 0.001360 0.807448 0.589937
vn 0.001358 0.807448 0.589937
vn 0.001358 0.807448 0.589937
vn -0.000372 0.807449 0.589937
vn -0.000372 0.807449 0.589937
vn -0.000370 0.807442 0.589947
vn -0.000372 0.807449 0.589937
vn -0.000370 0.807442 0.589947
vn -0.000369 0.807449 0.589937
vn 0.999991 -0.003246 0.002792
vn 0.999991 -0.003246 0.002808
vn 0.999991 -0.003246 0.002808
vn 0.999991 -0.003246 0.002792
vn 0.999991 -0.003246 0.002808
vn 0.999991 -0.003246 0.002792
vn 0.000264 1.000000 0.000061
vn 0.000263 1.000000 0.000046
vn 0.000263 1.000000 0.000061
vn 0.000264 1.000000 0.000061
vn 0.000263 1.000000 0.000061
vn 0.000263 1.000000 0.000061
vn 0.999993 -0.003429 -0.001633
vn 1.000000 -0.000719 -0.000320
vn 0.999997 -0.002264 -0.001312
vn 0.999993 -0.003429 -0.001633
vn 0.999997 -0.002264 -0.001312
vn 0.999980 -0.005354 -0.003250
vn 0.000174 -0.002048 -0.999998
vn 0.000086 -0.001093 -0.999999
vn 0.000088 -0.001093 -0.999999
vn 0.000174 -0.002048 -0.999998
vn 0.000088 -0.001093 -0.999999
vn 0.000171 -0.002048 -0.999998
vn -0.000002 0.000000 -1.000000
vn -0.000002 0.000000 -1.000000
vn -0.000002 0.000000 -1.000000
vn -0.000002 0.000000 -1.000000
vn -0.000002 0.000000 -1.000000
vn -0.000002 0.000000 -1.000000
vn -1.000000 0.000000 0.000000
vn -1.000000 0.000000 0.000000
vn -1.000000 0.000000 0.000000
vn -1.000000 0.000000 0.000000
vn -1.000000 0.000000 0.000000
vn -1.000000 0.000000 0.000000
vn -0.000001 0.000000 1.000000
vn -0.000001 0.000000 1.000000
vn -0.000001 0.000000 1.000000
vn -0.000001 0.000000 1.000000
vn -0.000001 0.000000 1.000000
vn -0.000001 0.000000 1.000000
vn 1.000000 0.000000 0.000000
vn 1.000000 0.000000 0.000000
vn 1.000000 0.000000 0.000000
vn 1.000000 0.000000 0.000000
vn 1.000000 0.000000 0.000000
vn 1.000000 0.000000 0.000000
vn -0.000001 -1.000000 0.000000
vn -0.000001 -1.000000 0.000000
vn -0.000002 -1.000000 0.000000
vn -0.000001 -1.000000 0.000000
vn -0.000002 -1.000000 0.000000
vn -0.000002 -1.000000 0.000000
vn -0.000002 1.000000 0.000000
vn -0.000002 1.000000 0.000000
vn -0.000001 1.000000 0.000000
vn -0.000002 1.000000 0.000000
vn -0.000001 1.000000 0.000000
vn -0.000001 1.000000 0.000000
vn -0.000000 1.000000 0.000000
vn -0.000000 1.000000 0.000000
vn 0.000000 1.000000 0.000000
vn -0.000000 1.000000 0.000000
vn 0.000000 1.000000 0.000000
vn -0.000000 1.000000 0.000000
vn -0.000000 1.000000 0.000000
vn 0.000001 1.000000 0.000000
vn 0.000002 1.000000 0.000000
vn -0.000000 1.000000 0.000000
vn 0.000002 1.000000 0.000000
vn -0.000000 1.000000 0.000000
vn -0.551369 0.000000 -0.834262
vn -0.551369 0.000000 -0.834262
vn -0.551369 0.000000 -0.834262
vn -0.551369 0.000000 -0.834262
vn -0.551369 0.000000 -0.834262
vn -0.551369 0.000000 -0.834262
vn 0.000001 -1.000000 0.000000
vn 0.389874 -0.707104 0.589918
vn -0.000001 -1.000000 0.000000
vn 0.000001 -1.000000 0.000000
vn -0.000001 -1.000000 0.000000
vn -0.000001 -1.000000 0.000000
vn 0.000001 -1.000000 0.000000
vn -0.000001 -1.000000 0.000000
vn -0.000001 -1.000000 0.000000
vn 0.000001 -1.000000 0.000000
vn -0.000001 -1.000000 0.000000
vn 0.000001 -1.000000 0.000000
vn 0.000001 -1.000000 0.000000
vn 0.000001 -1.000000 0.000000
vn -0.000001 -1.000000 0.000000
vn 0.551362 0.000000 0.834266
vn 0.551362 0.000000 0.834266
vn 0.389874 -0.707104 0.589918
vn 0.551362 0.000000 0.834266
vn 0.389874 -0.707104 0.589918
vn 0.551362 0.000000 0.834266
vn -0.000001 1.000000 0.000000
vn -0.000001 1.000000 0.000000
vn -0.000001 1.000000 0.000000
vn -0.000001 1.000000 0.000000
vn -0.000001 1.000000 0.000000
vn 0.000001 1.000000 0.000000
vn -0.000001 1.000000 0.000000
vn 0.000001 1.000000 0.000000
vn 0.000001 1.000000 0.000000
vn -0.000001 1.000000 0.000000
vn 0.000001 1.000000 0.000000
vn -0.000001 1.000000 0.000000
vn -0.000001 1.000000 0.000000
vn -0.000001 1.000000 0.000000
vn 0.000001 1.000000 0.000000
vn 0.834266 0.000000 -0.551362
vn 0.834258 0.000000 -0.551374
vn 0.834258 0.000000 -0.551374
vn 0.834266 0.000000 -0.551362
vn 0.834258 0.000000 -0.551374
vn 0.834266 0.000000 -0.551362
vn -0.834266 -0.000000 0.551363
vn -0.834266 -0.000000 0.551362
vn -0.834266 -0.000000 0.551362
vn -0.834266 -0.000000 0.551363
vn -0.834266 -0.000000 0.551362
vn -0.834266 -0.000000 0.551363
vn -0.834266 0.000000 0.551362
vn -0.834259 0.000000 0.551372
vn -0.834259 -0.000000 0.551372
vn -0.834266 0.000000 0.551362
vn -0.834259 -0.000000 0.551372
vn -0.834266 -0.000000 0.551362
vn -0.000001 -1.000000 0.000000
vn 0.000001 -1.000000 0.000000
vn 0.000001 -1.000000 0.000000
vn -0.000001 -1.000000 0.000000
vn 0.000001 -1.000000 0.000000
vn -0.000001 -1.000000 0.000000
vn -0.551369 0.000000 -0.834262
vn -0.551362 -0.000000 -0.834266
vn -0.551362 0.000000 -0.834266
vn -0.551369 0.000000 -0.834262
vn -0.551362 0.000000 -0.834266
vn -0.551369 0.000000 -0.834262
vn 0.000001 1.000000 0.000000
vn -0.000001 1.000000 0.000000
vn -0.000001 1.000000 0.000000
vn 0.000001 1.000000 0.000000
vn -0.000001 1.000000 0.000000
vn 0.000001 1.000000 0.000000
vn 0.551362 0.000000 0.834266
vn 0.551369 0.000000 0.834262
vn 0.551369 -0.000000 0.834262
vn 0.551362 0.000000 0.834266
vn 0.551369 -0.000000 0.834262
vn 0.551362 0.000000 0.834266
vn 0.000001 -1.000000 0.000000
vn -0.000001 -1.000000 0.000000
vn -0.000001 -1.000000 0.000000
vn 0.000001 -1.000000 0.000000
vn -0.000001 -1.000000 0.000000
vn 0.000001 -1.000000 0.000000
vn 0.834265 0.000000 -0.551363
vn 0.834259 0.000000 -0.551372
vn 0.834259 0.000000 -0.551372
vn 0.834265 0.000000 -0.551363
vn 0.834259 0.000000 -0.551372
vn 0.834265 0.000000 -0.551363
vn -0.000001 1.000000 0.000000
vn 0.000001 1.000000 0.000000
vn 0.000001 1.000000 0.000000
vn -0.000001 1.000000 0.000000
vn 0.000001 1.000000 0.000000
vn -0.000001 1.000000 0.000000
vn 0.551369 0.000000 0.834262
vn 0.551362 0.000000 0.834266
vn 0.551362 -0.000000 0.834266
vn 0.551369 0.000000 0.834262
vn 0.551362 -0.000000 0.834266
vn 0.551369 0.000000 0.834262
vn 0.834258 0.000000 -0.551374
vn 0.834258 0.000000 -0.551374
vn 0.834266 0.000000 -0.551362
vn 0.834258 0.000000 -0.551374
vn 0.834266 0.000000 -0.551362
vn 0.834266 0.000000 -0.551362
vn -0.551362 0.000000 -0.834266
vn -0.551369 -0.000000 -0.834262
vn -0.551369 0.000000 -0.834262
vn -0.551362 0.000000 -0.834266
vn -0.551369 0.000000 -0.834262
vn -0.551362 0.000000 -0.834266
vn -0.551362 0.000000 -0.834266
vn -0.551362 0.000000 -0.834266
vn -0.551367 0.000000 -0.834263
vn -0.551362 0.000000 -0.834266
vn -0.551367 0.000000 -0.834263
vn -0.551367 0.000000 -0.834263
vn 0.000001 1.000000 0.000000
vn -0.000001 1.000000 0.000000
vn 0.000001 1.000000 0.000000
vn 0.000001 1.000000 0.000000
vn 0.000001 1.000000 0.000000
vn -0.000001 1.000000 0.000000
vn 0.389874 -0.707104 0.589918
vn 0.551362 0.000000 0.834266
vn 0.551367 0.000000 0.834263
vn 0.389874 -0.707104 0.589918
vn 0.551367 0.000000 0.834263
vn 0.389876 -0.707111 0.589908
vn -0.000001 -1.000000 0.000000
vn 0.389874 -0.707104 0.589918
vn 0.389876 -0.707111 0.589908
vn -0.000001 -1.000000 0.000000
vn 0.389876 -0.707111 0.589908
vn 0.000001 -1.000000 0.000000
vn 0.000001 0.411409 -0.911451
vn -0.000001 0.411409 -0.911451
vn -0.000001 0.411411 -0.911450
vn 0.000001 0.411409 -0.911451
vn -0.000001 0.411411 -0.911450
vn 0.000001 0.411411 -0.911450
vn -0.990272 0.057243 -0.126823
vn -0.990273 0.057243 -0.126816
vn -0.990273 0.057243 -0.126816
vn -0.990272 0.057243 -0.126823
vn -0.990273 0.057243 -0.126816
vn -0.990273 0.057243 -0.126816
vn -0.000001 -0.411409 0.911451
vn 0.000002 -0.411409 0.911451
vn -0.000002 -0.411408 0.911451
vn -0.000001 -0.411409 0.911451
vn -0.000002 -0.411408 0.911451
vn -0.000001 -0.411408 0.911451
vn 0.990273 0.057243 -0.126816
vn 0.990272 0.057243 -0.126823
vn 0.990273 0.057243 -0.126816
vn 0.990273 0.057243 -0.126816
vn 0.990273 0.057243 -0.126816
vn 0.990273 0.057243 -0.126816
vn 0.000002 -0.857420 -0.514617
vn -0.000002 -0.857420 -0.514617
vn -0.000001 -0.857420 -0.514617
vn 0.000002 -0.857420 -0.514617
vn -0.000001 -0.857420 -0.514617
vn 0.000001 -0.857420 -0.514617
vn 0.000001 0.953109 0.302627
vn -0.000001 0.953109 0.302627
vn -0.000001 0.953109 0.302627
vn 0.000001 0.953109 0.302627
vn -0.000001 0.953109 0.302627
vn -0.000002 0.953109 0.302627
vn 0.000001 0.411409 -0.911451
vn -0.000001 0.411409 -0.911451
vn -0.000001 0.411411 -0.911450
vn 0.000001 0.411409 -0.911451
vn -0.000001 0.411411 -0.911450
vn 0.000001 0.411411 -0.911450
vn -0.990272 0.057243 -0.126823
vn -0.990273 0.057243 -0.126816
vn -0.990273 0.057243 -0.126816
vn -0.990272 0.057243 -0.126823
vn -0.990273 0.057243 -0.126816
vn -0.990273 0.057243 -0.126816
vn -0.000001 -0.411409 0.911451
vn 0.000002 -0.411409 0.911451
vn -0.000002 -0.411408 0.911451
vn -0.000001 -0.411409 0.911451
vn -0.000002 -0.411408 0.911451
vn -0.000001 -0.411408 0.911451
vn 0.990273 0.057243 -0.126816
vn 0.990272 0.057243 -0.126823
vn 0.990273 0.057243 -0.126816
vn 0.990273 0.057243 -0.126816
vn 0.990273 0.057243 -0.126816
vn 0.990273 0.057243 -0.126816
vn 0.000002 -0.857420 -0.514617
vn -0.000002 -0.857420 -0.514617
vn -0.000001 -0.857420 -0.514617
vn 0.000002 -0.857420 -0.514617
vn -0.000001 -0.857420 -0.514617
vn 0.000001 -0.857420 -0.514617
vn 0.000001 0.953109 0.302627
vn -0.000001 0.953109 0.302627
vn -0.000001 0.953109 0.302627
vn 0.000001 0.953109 0.302627
vn -0.000001 0.953109 0.302627
vn -0.000002 0.953109 0.302627
vn 0.000001 0.000000 -1.000000
vn -0.000001 0.000000 -1.000000
vn -0.000001 -0.000000 -1.000000
vn 0.000001 0.000000 -1.000000
vn -0.000001 -0.000000 -1.000000
vn 0.000001 -0.000000 -1.000000
vn -1.000000 0.000000 0.000000
vn -1.000000 0.000000 0.000000
vn -1.000000 -0.000000 0.000000
vn -1.000000 0.000000 0.000000
vn -1.000000 -0.000000 0.000000
vn -1.000000 -0.000000 0.000000
vn -0.000001 0.000000 1.000000
vn 0.000001 0.000000 1.000000
vn 0.000001 -0.000000 1.000000
vn -0.000001 0.000000 1.000000
vn 0.000001 -0.000000 1.000000
vn -0.000001 -0.000000 1.000000
vn 1.000000 0.000000 0.000000
vn 1.000000 0.000000 0.000000
vn 1.000000 -0.000000 0.000000
vn 1.000000 0.000000 0.000000
vn 1.000000 -0.000000 0.000000
vn 1.000000 -0.000000 0.000000
vn 0.000001 -1.000000 0.000000
vn -0.000001 -1.000000 0.000000
vn -0.000001 -1.000000 0.000000
vn 0.000001 -1.000000 0.000000
vn -0.000001 -1.000000 0.000000
vn 0.000001 -1.000000 0.000000
vn 0.000001 0.881730 0.471755
vn -0.000001 0.881730 0.471755
vn -0.000001 0.881736 0.471743
vn 0.000001 0.881730 0.471755
vn -0.000001 0.881736 0.471743
vn 0.000001 0.881736 0.471743
vn 0.000001 0.411409 -0.911451
vn -0.000001 0.411409 -0.911451
vn -0.000001 0.411411 -0.911450
vn 0.000001 0.411409 -0.911451
vn -0.000001 0.411411 -0.911450
vn 0.000001 0.411411 -0.911450
vn -0.990272 0.057243 -0.126823
vn -0.990273 0.057243 -0.126816
vn -0.990273 0.057243 -0.126816
vn -0.990272 0.057243 -0.126823
vn -0.990273 0.057243 -0.126816
vn -0.990273 0.057243 -0.126816
vn -0.000001 -0.411409 0.911451
vn 0.000002 -0.411409 0.911451
vn -0.000002 -0.411408 0.911451
vn -0.000001 -0.411409 0.911451
vn -0.000002 -0.411408 0.911451
vn -0.000001 -0.411408 0.911451
vn 0.990273 0.057243 -0.126816
vn 0.990272 0.057243 -0.126823
vn 0.990273 0.057243 -0.126816
vn 0.990273 0.057243 -0.126816
vn 0.990273 0.057243 -0.126816
vn 0.990273 0.057243 -0.126816
vn 0.000002 -0.857420 -0.514617
vn -0.000002 -0.857420 -0.514617
vn -0.000001 -0.857420 -0.514617
vn 0.000002 -0.857420 -0.514617
vn -0.000001 -0.857420 -0.514617
vn 0.000001 -0.857420 -0.514617
vn 0.000001 0.953109 0.302627
vn -0.000001 0.953109 0.302627
vn -0.000001 0.953109 0.302627
vn 0.000001 0.953109 0.302627
vn -0.000001 0.953109 0.302627
vn -0.000002 0.953109 0.302627
vn 1.000000 0.000000 0.000000
vn 1.000000 0.000000 0.000000
vn 1.000000 0.000000 0.000000
vn 1.000000 0.000000 0.000000
vn 1.000000 0.000000 0.000000
vn 1.000000 0.000000 0.000000
vn -1.000000 0.000000 0.000000
vn -1.000000 0.000000 0.000000
vn -1.000000 0.000000 0.000000
vn -1.000000 0.000000 0.000000
vn -1.000000 0.000000 0.000000
vn -1.000000 0.000000 0.000000
vn -1.000000 0.000000 0.000000
vn -1.000000 0.000000 0.000000
vn -1.000000 0.000000 0.000000
vn -1.000000 0.000000 0.000000
vn -1.000000 0.000000 0.000000
vn -1.000000 0.000000 0.000000
vn -1.000000 0.000000 0.000000
vn -1.000000 0.000000 0.000000
vn -1.000000 0.000000 0.000000
vn -1.000000 0.000000 0.000000
vn -1.000000 0.000000 0.000000
vn -1.000000 0.000000 0.000000
vn -1.000000 0.000000 0.000000
vn -1.000000 0.000000 0.000000
vn -1.000000 0.000000 0.000000
vn -1.000000 0.000000 0.000000
vn -1.000000 0.000000 0.000000
vn -1.000000 0.000000 0.000000
vn 0.999999 -0.000258 -0.000999
vn 0.999999 -0.000258 -0.000999
vn 0.999999 -0.000258 -0.000999
vn 0.999999 -0.000258 -0.000999
vn 0.999999 -0.000258 -0.000999
vn 0.999999 -0.000258 -0.000999
vn 1.000000 0.000000 0.000000
vn 1.000000 0.000000 0.000000
vn 1.000000 0.000000 0.000000
vn 1.000000 0.000000 0.000000
vn 1.000000 0.000000 0.000000
vn 1.000000 0.000000 0.000000
vn -1.000000 0.000000 0.000000
vn -1.000000 0.000000 0.000000
vn -1.000000 0.000000 0.000000
vn -1.000000 0.000000 0.000000
vn -1.000000 0.000000 0.000000
vn -1.000000 0.000000 0.000000
vn 1.000000 0.000000 0.000000
vn 1.000000 0.000000 0.000000
vn 1.000000 0.000000 0.000000
vn 1.000000 0.000000 0.000000
vn 1.000000 0.000000 0.000000
vn 1.000000 0.000000 0.000000
vn -1.000000 0.000000 0.000000
vn -1.000000 0.000000 0.000000
vn -1.000000 0.000000 0.000000
vn -1.000000 0.000000 0.000000
vn -1.000000 0.000000 0.000000
vn -1.000000 0.000000 0.000000
vn 0.000000 0.000000 1.000000
vn 0.000000 0.000000 1.000000
vn 0.000000 0.000000 1.000000
vn 0.000000 0.000000 1.000000
vn 0.000000 0.000000 1.000000
vn 0.000000 0.000000 1.000000
vn -0.000002 0.000000 -1.000000
vn -0.000002 0.000000 -1.000000
vn -0.000002 0.000000 -1.000000
vn -0.000002 0.000000 -1.000000
vn -0.000002 0.000000 -1.000000
vn -0.000002 0.000000 -1.000000
vn 0.000000 0.000000 1.000000
vn 0.000000 -0.000000 1.000000
vn 0.000000 -0.000000 1.000000
vn 0.000000 0.000000 1.000000
vn 0.000000 -0.000000 1.000000
vn 0.000000 0.000000 1.000000
vn -0.000001 0.000000 -1.000000
vn -0.000001 0.000000 -1.000000
vn -0.000001 0.000000 -1.000000
vn -0.000001 0.000000 -1.000000
vn -0.000001 0.000000 -1.000000
vn -0.000001 0.000000 -1.000000
vn 0.000000 0.000000 1.000000
vn 0.000000 0.000000 1.000000
vn 0.000000 0.000000 1.000000
vn 0.000000 0.000000 1.000000
vn 0.000000 0.000000 1.000000
vn 0.000000 0.000000 1.000000
vn -0.000139 0.000328 1.000000
vn -0.000139 0.000328 1.000000
vn -0.000139 0.000328 1.000000
vn -0.000139 0.000328 1.000000
vn -0.000139 0.000328 1.000000
vn -0.000139 0.000328 1.000000
vn 0.000801 0.000267 1.000000
vn 0.000799 0.000267 1.000000
vn 0.000799 0.000267 1.000000
vn 0.000801 0.000267 1.000000
vn 0.000799 0.000267 1.000000
vn 0.000799 0.000267 1.000000
vn -0.000001 0.000000 -1.000000
vn -0.000001 0.000000 -1.000000
vn -0.000001 0.000000 -1.000000
vn -0.000001 0.000000 -1.000000
vn -0.000001 0.000000 -1.000000
vn -0.000001 0.000000 -1.000000
vn 0.000001 0.000000 1.000000
vn 0.000001 0.000000 1.000000
vn 0.000001 0.000000 1.000000
vn 0.000001 0.000000 1.000000
vn 0.000001 0.000000 1.000000
vn 0.000001 0.000000 1.000000
vn 0.000001 0.000000 -1.000000
vn 0.000001 0.000000 -1.000000
vn 0.000001 0.000000 -1.000000
vn 0.000001 0.000000 -1.000000
vn 0.000001 0.000000 -1.000000
vn 0.000001 0.000000 -1.000000
vn 1.000000 0.000000 0.000000
vn 1.000000 0.000000 0.000000
vn 1.000000 0.000000 0.000000
vn 1.000000 0.000000 0.000000
vn 1.000000 0.000000 0.000000
vn 1.000000 0.000000 0.000000
vn -1.000000 0.000000 0.000000
vn -1.000000 0.000000 0.000000
vn -1.000000 0.000000 0.000000
vn -1.000000 0.000000 0.000000
vn -1.000000 0.000000 0.000000
vn -1.000000 0.000000 0.000000
vn -1.000000 0.000000 0.000000
vn -1.000000 0.000000 0.000000
vn -1.000000 0.000000 0.000000
vn -1.000000 0.000000 0.000000
vn -1.000000 0.000000 0.000000
vn -1.000000 0.000000 0.000000
vn -1.000000 0.000000 0.000000
vn -1.000000 0.000000 0.000000
vn -1.000000 0.000000 0.000000
vn -1.000000 0.000000 0.000000
vn -1.000000 0.000000 0.000000
vn -1.000000 0.000000 0.000000
vn 1.000000 0.000000 0.000000
vn 1.000000 0.000000 0.000000
vn 1.000000 0.000000 0.000000
vn 1.000000 0.000000 0.000000
vn 1.000000 0.000000 0.000000
vn 1.000000 0.000000 0.000000
vn -1.000000 0.000000 0.000000
vn -1.000000 0.000000 0.000000
vn -1.000000 0.000000 0.000000
vn -1.000000 0.000000 0.000000
vn -1.000000 0.000000 0.000000
vn -1.000000 0.000000 0.000000
vn -1.000000 0.000000 0.000000
vn -1.000000 0.000000 0.000000
vn -1.000000 0.000000 0.000000
vn -1.000000 0.000000 0.000000
vn -1.000000 0.000000 0.000000
vn -1.000000 0.000000 0.000000
vn 1.000000 0.000000 0.000000
vn 1.000000 0.000000 0.000000
vn 1.000000 0.000000 0.000000
vn 1.000000 0.000000 0.000000
vn 1.000000 0.000000 0.000000
vn 1.000000 0.000000 0.000000
vn -1.000000 0.000000 0.000000
vn -1.000000 0.000000 0.000000
vn -1.000000 0.000000 0.000000
vn -1.000000 0.000000 0.000000
vn -1.000000 0.000000 0.000000
vn -1.000000 0.000000 0.000000
vn 1.000000 0.000000 0.000000
vn 1.000000 0.000000 0.000000
vn 1.000000 0.000000 0.000000
vn 1.000000 0.000000 0.000000
vn 1.000000 0.000000 0.000000
vn 1.000000 0.000000 0.000000
vn -0.000001 0.000000 1.000000
vn -0.000001 0.000000 1.000000
vn -0.000001 0.000000 1.000000
vn -0.000001 0.000000 1.000000
vn -0.000001 0.000000 1.000000
vn -0.000001 0.000000 1.000000
vn 0.000002 0.000000 1.000000
vn -0.000002 0.000000 1.000000
vn -0.000002 0.000000 1.000000
vn 0.000002 0.000000 1.000000
vn -0.000002 0.000000 1.000000
vn 0.000002 0.000000 1.000000
vn -0.000002 0.000000 -1.000000
vn -0.000002 0.000000 -1.000000
vn 0.000002 0.000000 -1.000000
vn -0.000002 0.000000 -1.000000
vn 0.000002 0.000000 -1.000000
vn 0.000002 0.000000 -1.000000
vn 0.000002 0.000000 -1.000000
vn 0.000002 0.000000 -1.000000
vn 0.000002 0.000000 -1.000000
vn 0.000002 0.000000 -1.000000
vn 0.000002 0.000000 -1.000000
vn 0.000002 0.000000 -1.000000
vn -0.000001 0.000000 -1.000000
vn -0.000001 0.000000 -1.000000
vn -0.000001 0.000000 -1.000000
vn -0.000001 0.000000 -1.000000
vn -0.000001 0.000000 -1.000000
vn -0.000001 0.000000 -1.000000
vn -0.000002 0.000000 1.000000
vn -0.000002 0.000000 1.000000
vn -0.000002 0.000000 1.000000
vn -0.000002 0.000000 1.000000
vn -0.000002 0.000000 1.000000
vn -0.000002 0.000000 1.000000
vn -0.000001 0.000000 -1.000000
vn -0.000001 0.000000 -1.000000
vn -0.000001 0.000000 -1.000000
vn -0.000001 0.000000 -1.000000
vn -0.000001 0.000000 -1.000000
vn -0.000001 0.000000 -1.000000
vn -0.000001 0.000000 1.000000
vn -0.000001 0.000000 1.000000
vn -0.000001 0.000000 1.000000
vn -0.000001 0.000000 1.000000
vn -0.000001 0.000000 1.000000
vn -0.000001 0.000000 1.000000
vn 1.000000 0.000000 0.000000
vn 1.000000 0.000000 0.000000
vn 1.000000 0.000000 0.000000
vn 1.000000 0.000000 0.000000
vn 1.000000 0.000000 0.000000
vn 1.000000 0.000000 0.000000
vn 1.000000 0.000000 0.000000
vn 1.000000 0.000000 0.000000
vn 1.000000 0.000000 0.000000
vn 1.000000 0.000000 0.000000
vn 1.000000 0.000000 0.000000
vn 1.000000 0.000000 0.000000
vn -0.000497 1.000000 0.000122
vn -0.003007 0.999995 0.000000
vn -0.001503 0.999999 0.000000
vn -0.000497 1.000000 0.000122
vn -0.001503 0.999999 0.000000
vn -0.001504 0.999999 0.000000
vn -0.000497 1.000000 0.000122
vn -0.001504 0.999999 0.000000
vn -0.001389 0.999999 0.000496
vn -0.000185 -0.000732 1.000000
vn -0.000185 -0.000732 1.000000
vn -0.000182 -0.000732 1.000000
vn -0.000185 -0.000732 1.000000
vn -0.000182 -0.000732 1.000000
vn -0.000182 -0.000732 1.000000
vn 1.000000 0.000015 0.000000
vn 1.000000 0.000015 0.000015
vn 1.000000 0.000015 0.000015
vn 1.000000 0.000015 0.000000
vn 1.000000 0.000015 0.000015
vn 1.000000 0.000015 0.000015
vn -0.999992 0.003985 0.000992
vn -0.999992 0.003985 0.000992
vn -0.999992 0.003985 0.000992
vn -0.999992 0.003985 0.000992
vn -0.999992 0.003985 0.000992
vn -0.999992 0.003985 0.000977
vn 0.000005 0.000011 -1.000000
vn 0.000005 0.000011 -1.000000
vn 0.000005 0.000011 -1.000000
vn 0.000005 0.000011 -1.000000
vn 0.000005 0.000011 -1.000000
vn 0.000005 0.000011 -1.000000
vn 0.000753 1.000000 0.000175
vn 0.000639 1.000000 -0.000320
vn 0.000639 1.000000 -0.000320
vn 0.000753 1.000000 0.000175
vn 0.000639 1.000000 -0.000320
vn 0.001283 0.999999 -0.000641
vn 0.000753 1.000000 0.000175
vn 0.001283 0.999999 -0.000641
vn 0.001283 0.999999 -0.000641
vn 0.000753 1.000000 0.000175
vn 0.001283 0.999999 -0.000641
vn -0.000497 1.000000 0.000122
vn -0.000497 1.000000 0.000122
vn -0.001389 0.999999 0.000496
vn 0.000753 1.000000 0.000175
vn -0.000087 1.000000 0.000366
vn 0.000087 1.000000 0.000000
vn 0.000089 1.000000 0.000000
vn -0.000087 1.000000 0.000366
vn 0.000089 1.000000 0.000000
vn -0.000088 1.000000 0.000366
vn 0.045182 0.998968 0.004623
vn -0.000002 0.999995 -0.003258
vn -0.000002 0.999995 -0.003250
vn 0.045182 0.998968 0.004623
vn -0.000002 0.999995 -0.003250
vn 0.000003 0.999995 -0.003250
vn 0.045182 0.998968 0.004623
vn 0.000003 0.999995 -0.003250
vn 0.000003 0.999976 0.006912
vn 0.000087 1.000000 0.000000
vn 0.000243 1.000000 0.000000
vn 0.000241 1.000000 0.000000
vn 0.000087 1.000000 0.000000
vn 0.000241 1.000000 0.000000
vn 0.000089 1.000000 0.000000
vn -0.000123 1.000000 0.000717
vn -0.000087 1.000000 0.000366
vn -0.000088 1.000000 0.000366
vn -0.000123 1.000000 0.000717
vn -0.000088 1.000000 0.000366
vn -0.000120 1.000000 0.000717
vn 0.045182 0.998968 0.004623
vn 0.000003 0.999976 0.006912
vn 0.000003 0.999854 0.017075
vn 0.045182 0.998968 0.004623
vn 0.000003 0.999854 0.017075
vn 0.067788 0.997663 0.008560
vn 0.067788 0.997663 0.008560
vn 0.135260 0.990810 0.000000
vn 0.045182 0.998968 0.004623
vn -0.000262 1.000000 0.000000
vn -0.000258 1.000000 0.000000
vn -0.000129 1.000000 0.000000
vn -0.000262 1.000000 0.000000
vn -0.000129 1.000000 0.000000
vn -0.000128 1.000000 0.000000
vn -0.000262 1.000000 0.000000
vn -0.000128 1.000000 0.000000
vn -0.000258 1.000000 0.000000
vn -0.000262 1.000000 0.000000
vn -0.000258 1.000000 0.000000
vn -0.000258 1.000000 0.000000
vn -0.000262 1.000000 0.000000
vn -0.000258 1.000000 0.000000
vn -0.000131 1.000000 0.000000
vn -0.000262 1.000000 0.000000
vn -0.000131 1.000000 0.000000
vn -0.000131 1.000000 0.000000
vn -0.000128 1.000000 0.000000
vn -0.000129 1.000000 0.000000
vn 0.000001 1.000000 0.000000
vn -0.000128 1.000000 0.000000
vn 0.000001 1.000000 0.000000
vn 0.000002 1.000000 0.000000
vn -0.000001 1.000000 0.000000
vn -0.000000 1.000000 0.000000
vn -0.000000 1.000000 0.000000
vn -0.000001 1.000000 0.000000
vn -0.000000 1.000000 0.000000
vn 0.000002 1.000000 0.000000
vn -0.000001 1.000000 0.000000
vn 0.000002 1.000000 0.000000
vn 0.000002 1.000000 0.000000
vn -0.000001 1.000000 0.000000
vn 0.000002 1.000000 0.000000
vn -0.000001 1.000000 0.000000
vn -0.000000 1.000000 0.000000
vn -0.000000 1.000000 0.000000
vn -0.000002 1.000000 0.000000
vn -0.000000 1.000000 0.000000
vn -0.000002 1.000000 0.000000
vn -0.000002 1.000000 0.000000
vn -0.000000 1.000000 0.000000
vn -0.000002 1.000000 0.000000
vn 0.000002 1.000000 0.000000
vn -0.000000 1.000000 0.000000
vn 0.000002 1.000000 0.000000
vn 0.000001 1.000000 0.000000
vn -0.000000 1.000000 0.000000
vn 0.000001 1.000000 0.000000
vn -0.000000 1.000000 0.000000
vn -0.000000 1.000000 0.000000
vn -0.000000 1.000000 0.000000
vn -0.000000 1.000000 0.000000
vn -0.000001 1.000000 0.000000
vn -0.000001 1.000000 0.000000
vn -0.000001 1.000000 0.000000
vn -0.000001 1.000000 0.000000
vn -0.000001 1.000000 0.000000
vn -0.000001 1.000000 0.000000
vn -0.000000 1.000000 0.000000
vn -0.000001 1.000000 0.000000
vn -0.000001 1.000000 0.000000
vn -0.000000 1.000000 0.000000
vn -0.000001 1.000000 0.000000
vn 0.000001 1.000000 0.000000
vn -0.000000 1.000000 0.000000
vn 0.000001 1.000000 0.000000
vn 0.000001 1.000000 0.000000
vn -0.000000 1.000000 0.000000
vn 0.000001 1.000000 0.000000
vn -0.000000 1.000000 0.000000
vn -0.000131 1.000000 0.000000
vn 0.000639 1.000000 -0.000320
vn 0.000639 1.000000 -0.000320
vn -0.000131 1.000000 0.000000
vn 0.000639 1.000000 -0.000320
vn -0.000131 1.000000 0.000000
vn -0.001504 0.999999 0.000000
vn -0.001503 0.999999 0.000000
vn -0.000001 1.000000 0.000000
vn -0.001504 0.999999 0.000000
vn -0.000001 1.000000 0.000000
vn -0.000002 1.000000 0.000000
vn 0.000002 -1.000000 0.000000
vn 0.000001 -1.000000 0.000000
vn 0.000001 -1.000000 0.000000
vn 0.000002 -1.000000 0.000000
vn 0.000001 -1.000000 0.000000
vn 0.000002 -1.000000 0.000000
vn 0.000737 -1.000000 0.000000
vn 0.000737 -1.000000 0.000000
vn 0.000738 -1.000000 0.000000
vn 0.000737 -1.000000 0.000000
vn 0.000738 -1.000000 0.000000
vn 0.000738 -1.000000 0.000000
vn 0.000737 -1.000000 0.000000
vn 0.000738 -1.000000 0.000000
vn -0.001095 -0.999999 0.000732
vn 0.000737 -1.000000 0.000000
vn -0.001095 -0.999999 0.000732
vn -0.001094 -0.999999 0.000732
vn -0.001463 -0.999999 0.000732
vn -0.001094 -0.999999 0.000732
vn -0.001095 -0.999999 0.000732
vn -0.001463 -0.999999 0.000732
vn -0.001095 -0.999999 0.000732
vn -0.001463 -0.999999 0.000732
vn -0.000002 -1.000000 0.000000
vn -0.000002 -1.000000 0.000000
vn -0.000000 -1.000000 0.000000
vn -0.000002 -1.000000 0.000000
vn -0.000000 -1.000000 0.000000
vn -0.000000 -1.000000 0.000000
vn -0.001463 -0.999999 0.000732
vn 0.000002 -1.000000 0.000000
vn 0.000002 -1.000000 0.000000
vn -0.001463 -0.999999 0.000732
vn 0.000002 -1.000000 0.000000
vn -0.000000 -1.000000 0.000000
vn -0.001463 -0.999999 0.000732
vn -0.000000 -1.000000 0.000000
vn -0.000000 -1.000000 0.000000
vn -0.001463 -0.999999 0.000732
vn -0.000000 -1.000000 0.000000
vn -0.001463 -0.999999 0.000732
vn 0.000001 -1.000000 0.000000
vn 0.000001 -1.000000 0.000000
vn -0.000002 -1.000000 0.000000
vn 0.000001 -1.000000 0.000000
vn -0.000002 -1.000000 0.000000
vn -0.000002 -1.000000 0.000000
vn 0.000001 -1.000000 0.000000
vn 0.000002 -1.000000 0.000000
vn 0.000002 -1.000000 0.000000
vn 0.000001 -1.000000 0.000000
vn 0.000002 -1.000000 0.000000
vn -0.000002 -1.000000 0.000000
vn -0.000001 -1.000000 0.000000
vn -0.000002 -1.000000 0.000000
vn -0.000002 -1.000000 0.000000
vn -0.000001 -1.000000 0.000000
vn -0.000002 -1.000000 0.000000
vn -0.000001 -1.000000 0.000000
vn -0.000002 -1.000000 0.000000
vn 0.000002 -1.000000 0.000000
vn 0.000002 -1.000000 0.000000
vn -0.000002 -1.000000 0.000000
vn 0.000002 -1.000000 0.000000
vn 0.000001 -1.000000 0.000000
vn -0.000002 -1.000000 0.000000
vn 0.000002 -1.000000 0.000000
vn -0.000002 -1.000000 0.000000
vn -0.000002 -1.000000 0.000000
vn -0.000002 -1.000000 0.000000
vn 0.000002 -1.000000 0.000000
vn -0.000001 -1.000000 0.000000
vn -0.000002 -1.000000 0.000000
vn -0.000002 -1.000000 0.000000
vn -0.000001 -1.000000 0.000000
vn -0.000002 -1.000000 0.000000
vn -0.000001 -1.000000 0.000000
vn -0.000002 -1.000000 0.000000
vn 0.000001 -1.000000 0.000000
vn 0.000003 -1.000000 0.000000
vn -0.000002 -1.000000 0.000000
vn 0.000003 -1.000000 0.000000
vn -0.000001 -1.000000 0.000000
vn -0.000002 -1.000000 0.000000
vn -0.000001 -1.000000 0.000000
vn 0.000000 -1.000000 0.000000
vn -0.000002 -1.000000 0.000000
vn 0.000000 -1.000000 0.000000
vn -0.000000 -1.000000 0.000000
vn 0.000003 -1.000000 0.000000
vn -0.000002 -1.000000 0.000000
vn 0.000001 -1.000000 0.000000
vn 0.000003 -1.000000 0.000000
vn 0.000001 -1.000000 0.000000
vn -0.000001 -1.000000 0.000000
vn 0.000003 -1.000000 0.000000
vn -0.000002 -1.000000 0.000000
vn -0.000000 -1.000000 0.000000
vn 0.000003 -1.000000 0.000000
vn -0.000000 -1.000000 0.000000
vn 0.000001 -1.000000 0.000000
vn 0.000002 -1.000000 0.000000
vn -0.000003 -1.000000 0.000000
vn -0.000000 -1.000000 0.000000
vn 0.000002 -1.000000 0.000000
vn -0.000000 -1.000000 0.000000
vn 0.000002 -1.000000 0.000000
vn -0.000000 -1.000000 0.000000
vn -0.000003 -1.000000 0.000000
vn 0.000002 -1.000000 0.000000
vn -0.000000 -1.000000 0.000000
vn 0.000002 -1.000000 0.000000
vn 0.000003 -1.000000 0.000000
vn -0.000000 -1.000000 0.000000
vn 0.000003 -1.000000 0.000000
vn -0.000001 -1.000000 0.000000
vn 0.000002 -1.000000 0.000000
vn -0.000000 -1.000000 0.000000
vn -0.000001 -1.000000 0.000000
vn 0.000002 -1.000000 0.000000
vn -0.000001 -1.000000 0.000000
vn 0.000000 -1.000000 0.000008
vn -0.000001 -1.000000 0.000000
vn -0.000002 -1.000000 0.000000
vn -0.000001 -1.000000 0.000000
vn -0.000001 -1.000000 0.000000
vn -0.000001 -1.000000 0.000000
vn -0.000000 -1.000000 0.000000
vn 0.000004 -1.000000 0.000000
vn 0.000003 -1.000000 0.000000
vn 0.000002 -1.000000 0.000000
vn 0.000004 -1.000000 0.000000
vn 0.000002 -1.000000 0.000000
vn 0.000002 -1.000000 0.000000
vn 0.000004 -1.000000 0.000000
vn 0.000002 -1.000000 0.000000
vn 0.000004 -1.000000 0.000000
vn 0.000004 -1.000000 0.000000
vn 0.000004 -1.000000 0.000000
vn -0.000001 -1.000000 0.000000
vn 0.000004 -1.000000 0.000000
vn -0.000001 -1.000000 0.000000
vn -0.000001 -1.000000 0.000000
vn 0.000004 -1.000000 0.000000
vn 0.000004 -1.000000 0.000000
vn -0.000001 -1.000000 0.000000
vn 0.000004 -1.000000 0.000000
vn -0.000001 -1.000000 0.000000
vn -0.000001 -1.000000 0.000000
vn 1.000000 -0.000003 0.000000
vn 1.000000 -0.000002 0.000000
vn 1.000000 -0.000002 0.000000
vn 1.000000 -0.000003 0.000000
vn 1.000000 -0.000002 0.000000
vn 1.000000 -0.000003 0.000000
vn -1.000000 0.000000 0.000000
vn -1.000000 -0.000000 0.000000
vn -1.000000 -0.000000 -0.000008
vn -1.000000 0.000000 0.000000
vn -1.000000 -0.000000 -0.000008
vn -1.000000 0.000000 -0.000008
vn -1.000000 -0.000002 0.000000
vn -1.000000 -0.000002 0.000000
vn -1.000000 -0.000002 0.000000
vn -1.000000 -0.000002 0.000000
vn -1.000000 -0.000002 0.000000
vn -1.000000 -0.000002 0.000000
vn 1.000000 0.000000 0.000000
vn 1.000000 0.000000 0.000015
vn 1.000000 0.000000 0.000015
vn 1.000000 0.000000 0.000000
vn 1.000000 0.000000 0.000015
vn 1.000000 0.000000 0.000000
vn 0.000003 0.000000 1.000000
vn 0.000003 0.000000 1.000000
vn 0.000003 0.000000 1.000000
vn 0.000003 0.000000 1.000000
vn 0.000003 0.000000 1.000000
vn 0.000001 0.000000 1.000000
vn 0.000002 0.000000 1.000000
vn 0.000002 0.000000 1.000000
vn 0.000002 0.000000 1.000000
vn 0.000002 0.000000 1.000000
vn 0.000002 0.000000 1.000000
vn 0.000002 0.000000 1.000000
vn 0.000003 0.000000 1.000000
vn 0.000001 0.000000 1.000000
vn 0.000003 0.000000 1.000000
vn 0.000003 0.000000 1.000000
vn 0.000003 0.000000 1.000000
vn 0.000003 0.000000 1.000000
vn -0.000002 0.000000 1.000000
vn -0.000002 0.000000 1.000000
vn -0.000002 0.000000 1.000000
vn -0.000002 0.000000 1.000000
vn -0.000002 0.000000 1.000000
vn -0.000002 0.000000 1.000000
vn -0.000003 0.000000 -1.000000
vn -0.000003 0.000000 -1.000000
vn 0.000003 0.000000 -1.000000
vn 0.000001 0.000000 -1.000000
vn 0.000003 0.000000 -1.000000
vn -0.000003 0.000000 -1.000000
vn 0.000001 0.000000 -1.000000
vn -0.000003 0.000000 -1.000000
vn -0.000003 0.000000 -1.000000
vn -1.000000 0.000000 0.000000
vn -1.000000 0.000000 0.000000
vn -1.000000 0.000000 0.000000
vn -1.000000 0.000000 0.000000
vn -1.000000 0.000000 0.000000
vn -1.000000 0.000000 0.000000
vn 0.000003 0.000000 -1.000000
vn -0.000003 0.000000 -1.000000
vn -0.000003 0.000000 -1.000000
vn -0.367000 0.854765 -0.366998
vn -0.367002 0.854762 0.367004
vn 0.367003 0.854762 0.367004
vn -0.367000 0.854765 -0.366998
vn 0.367003 0.854762 0.367004
vn 0.367000 0.854765 -0.366998
vn -0.367001 0.367003 -0.854763
vn -0.854765 0.367001 -0.366997
vn -0.367000 0.854765 -0.366998
vn -0.854763 0.367000 0.367003
vn -0.367001 0.367000 0.854764
vn -0.367002 0.854762 0.367004
vn -0.854765 0.367001 -0.366997
vn -0.854763 0.367000 0.367003
vn -0.367002 0.854762 0.367004
vn -0.854765 0.367001 -0.366997
vn -0.367002 0.854762 0.367004
vn -0.367000 0.854765 -0.366998
vn 0.367002 0.367000 0.854763
vn 0.854763 0.367000 0.367003
vn 0.367003 0.854762 0.367004
vn 0.367000 0.367003 -0.854763
vn -0.367001 0.367003 -0.854763
vn -0.367000 0.854765 -0.366998
vn 0.367000 0.367003 -0.854763
vn -0.367000 0.854765 -0.366998
vn 0.367000 0.854765 -0.366998
vn -0.367001 0.367000 0.854764
vn 0.367002 0.367000 0.854763
vn 0.367003 0.854762 0.367004
vn -0.367001 0.367000 0.854764
vn 0.367003 0.854762 0.367004
vn -0.367002 0.854762 0.367004
vn 0.367000 0.854765 -0.366998
vn 0.854764 0.367002 -0.366998
vn 0.367000 0.367003 -0.854763
vn 0.854763 0.367000 0.367003
vn 0.854764 0.367002 -0.366998
vn 0.367000 0.854765 -0.366998
vn 0.854763 0.367000 0.367003
vn 0.367000 0.854765 -0.366998
vn 0.367003 0.854762 0.367004
vn -0.923880 0.000000 -0.382683
vn -0.923877 0.000000 0.382689
vn -0.923877 0.000000 0.382689
vn -0.923880 0.000000 -0.382683
vn -0.923877 0.000000 0.382689
vn -0.923880 0.000000 -0.382683
vn -0.382681 0.000000 0.923881
vn -0.923877 0.000000 0.382689
vn -0.923877 0.000000 0.382689
vn -0.382681 0.000000 0.923881
vn -0.923877 0.000000 0.382689
vn -0.382681 0.000000 0.923881
vn 0.382682 0.000000 0.923880
vn 0.967537 0.000000 0.252730
vn 0.967537 0.000000 0.252730
vn 0.382682 0.000000 0.923880
vn 0.967537 0.000000 0.252730
vn 0.382682 0.000000 0.923880
vn 0.967537 0.000000 0.252730
vn 1.000000 0.000000 0.000000
vn 1.000000 0.000000 0.000000
vn 0.000001 0.000000 -1.000000
vn 0.000001 0.000000 -1.000000
vn -0.252724 0.000000 -0.967538
vn 0.252722 0.000000 -0.967539
vn 0.967538 0.000000 -0.252724
vn 0.967538 0.000000 -0.252724
vn 0.252722 0.000000 -0.967539
vn 0.967538 0.000000 -0.252724
vn 0.252722 0.000000 -0.967539
vn -0.252724 0.000000 -0.967538
vn -0.923880 0.000000 -0.382683
vn -0.923880 0.000000 -0.382683
vn -0.252724 0.000000 -0.967538
vn -0.923880 0.000000 -0.382683
vn -0.252724 0.000000 -0.967538
vn 0.382682 0.000000 0.923880
vn -0.382681 0.000000 0.923881
vn -0.382681 0.000000 0.923881
vn 0.382682 0.000000 0.923880
vn -0.382681 0.000000 0.923881
vn 0.382682 0.000000 0.923880
vn 0.252722 0.000000 -0.967539
vn 0.000001 0.000000 -1.000000
vn 0.000001 0.000000 -1.000000
vn 0.000001 0.000000 -1.000000
vn 0.000001 0.000000 -1.000000
vn -0.252724 0.000000 -0.967538
vn 0.000001 0.000000 -1.000000
vn -0.252724 0.000000 -0.967538
vn 0.252722 0.000000 -0.967539
vn 0.000001 0.000000 -1.000000
vn 0.252722 0.000000 -0.967539
vn 0.252722 0.000000 -0.967539
vn -0.252724 0.000000 -0.967538
vn -0.252724 0.000000 -0.967538
vn 0.000001 0.000000 -1.000000
vn 1.000000 0.000000 0.000000
vn 1.000000 0.000000 0.000000
vn 0.967538 0.000000 -0.252724
vn 0.967538 0.000000 -0.252724
vn 0.967537 0.000000 0.252730
vn 1.000000 0.000000 0.000000
vn 0.967538 0.000000 -0.252724
vn 1.000000 0.000000 0.000000
vn 1.000000 0.000000 0.000000
vn 0.967538 0.000000 -0.252724
vn 0.967538 0.000000 -0.252724
vn 1.000000 0.000000 0.000000
vn 1.000000 0.000000 0.000000
vn 0.967537 0.000000 0.252730
vn 0.967537 0.000000 0.252730
vn -0.000001 1.000000 0.000000
vn -0.000002 1.000000 0.000000
vn -0.000001 1.000000 0.000000
vn -0.000000 1.000000 0.000000
vn 0.000001 1.000000 0.000000
vn -0.000001 1.000000 0.000000
vn -0.000003 1.000000 0.000000
vn -0.000002 1.000000 0.000000
vn -0.000003 1.000000 0.000000
vn 0.000002 1.000000 0.000000
vn 0.000003 1.000000 0.000000
vn 0.000003 1.000000 0.000000
vn -1.000000 0.000000 0.000000
vn -1.000000 0.000000 0.000000
vn -1.000000 0.000000 0.000000
vn -1.000000 0.000000 0.000000
vn -1.000000 0.000000 0.000000
vn -1.000000 0.000000 0.000000
vn 0.000001 0.000000 1.000000
vn 0.000004 0.000000 1.000000
vn 0.000004 -0.000000 1.000000
vn 0.000001 0.000000 1.000000
vn 0.000004 -0.000000 1.000000
vn 0.000001 -0.000000 1.000000
vn -1.000000 -0.000000 0.000000
vn -1.000000 0.000000 0.000000
vn -1.000000 0.000000 0.000000
vn -1.000000 -0.000000 0.000000
vn -1.000000 0.000000 0.000000
vn -1.000000 -0.000000 0.000000
vn 0.000000 -1.000000 0.000000
vn 0.000004 -1.000000 0.000000
vn 0.000004 -1.000000 0.000000
vn 0.000000 -1.000000 0.000000
vn 0.000004 -1.000000 0.000000
vn 0.000000 -1.000000 0.000000
vn 1.000000 0.000000 0.000000
vn 1.000000 -0.000000 0.000000
vn 1.000000 -0.000000 0.000000
vn 1.000000 0.000000 0.000000
vn 1.000000 -0.000000 0.000000
vn 1.000000 0.000000 0.000000
vn 0.000004 1.000000 0.000000
vn 0.000000 1.000000 0.000000
vn 0.000000 1.000000 0.000000
vn 0.000004 1.000000 0.000000
vn 0.000000 1.000000 0.000000
vn 0.000004 1.000000 0.000000
vn -0.000000 -0.000000 -1.000000
vn 0.000003 -0.000000 -1.000000
vn 0.000003 0.000000 -1.000000
vn -0.000000 -0.000000 -1.000000
vn 0.000003 0.000000 -1.000000
vn -0.000000 0.000000 -1.000000
vn -1.000000 0.000000 0.000000
vn -1.000000 0.000000 0.000000
vn -1.000000 0.000000 0.000000
vn -1.000000 0.000000 0.000000
vn -1.000000 0.000000 0.000000
vn -1.000000 0.000000 0.000000
vn 0.000000 0.000000 -1.000000
vn 0.000000 0.000000 -1.000000
vn 0.000002 0.000000 -1.000000
vn 0.000000 0.000000 -1.000000
vn 0.000002 0.000000 -1.000000
vn 0.000002 0.000000 -1.000000
vn 0.000002 -1.000000 0.000000
vn 0.000001 -1.000000 0.000000
vn 0.000002 -1.000000 0.000000
vn 0.000002 -1.000000 0.000000
vn 0.000002 -1.000000 0.000000
vn 0.000003 -1.000000 0.000000
vn 0.000002 0.000000 1.000000
vn 0.000002 0.000000 1.000000
vn 0.000004 0.000000 1.000000
vn 0.000002 0.000000 1.000000
vn 0.000004 0.000000 1.000000
vn 0.000004 0.000000 1.000000
vn 0.000001 1.000000 0.000000
vn 0.000002 1.000000 0.000000
vn 0.000003 1.000000 0.000000
vn 0.000001 1.000000 0.000000
vn 0.000003 1.000000 0.000000
vn 0.000002 1.000000 0.000000
vn 1.000000 0.000000 0.000000
vn 1.000000 0.000000 0.000000
vn 1.000000 0.000000 0.000000
vn 1.000000 0.000000 0.000000
vn 1.000000 0.000000 0.000000
vn 1.000000 0.000000 0.000000
vn 0.000001 0.000000 -1.000000
vn 0.000001 0.000000 -1.000000
vn 0.000000 0.000000 -1.000000
vn 0.000001 0.000000 -1.000000
vn 0.000000 0.000000 -1.000000
vn 0.000000 0.000000 -1.000000
vn 0.000000 0.000000 1.000000
vn 0.000000 0.000000 1.000000
vn 0.000001 0.000000 1.000000
vn 0.000000 0.000000 1.000000
vn 0.000001 0.000000 1.000000
vn 0.000001 0.000000 1.000000
vn -0.000000 -1.000000 0.000000
vn 0.000000 -1.000000 0.000000
vn -0.000000 -1.000000 0.000000
vn -0.000000 -1.000000 0.000000
vn -0.000000 -1.000000 0.000000
vn -0.000000 -1.000000 0.000000
vn -0.000000 -1.000000 0.000000
vn 0.000002 -1.000000 0.000000
vn 0.000001 -1.000000 0.000000
vn -0.000000 -1.000000 0.000000
vn 0.000001 -1.000000 0.000000
vn -0.000000 -1.000000 0.000000
vn -0.000000 1.000000 0.000000
vn 0.000003 1.000000 0.000000
vn 0.000003 1.000000 0.000000
vn -0.000000 1.000000 0.000000
vn 0.000003 1.000000 0.000000
vn -0.000000 1.000000 0.000000
vn -0.000000 1.000000 0.000000
vn -0.000003 1.000000 0.000000
vn -0.000003 1.000000 0.000000
vn -0.000000 1.000000 0.000000
vn -0.000003 1.000000 0.000000
vn -0.000000 1.000000 0.000000
vn -0.000003 0.000000 1.000000
vn -0.000003 0.000000 1.000000
vn -0.000003 0.000000 1.000000
vn -0.000003 0.000000 1.000000
vn -0.000003 0.000000 1.000000
vn -0.000003 0.000000 1.000000
vn 0.000003 0.000000 -1.000000
vn 0.000003 0.000000 -1.000000
vn 0.000002 0.000000 -1.000000
vn 0.000003 0.000000 -1.000000
vn 0.000002 0.000000 -1.000000
vn 0.000002 0.000000 -1.000000
vn -0.000000 -1.000000 0.000000
vn 0.000003 -1.000000 0.000000
vn 0.000003 -1.000000 0.000000
vn -0.000000 -1.000000 0.000000
vn 0.000003 -1.000000 0.000000
vn -0.000000 -1.000000 0.000000
vn -0.000000 -1.000000 0.000000
vn -0.000003 -1.000000 0.000000
vn -0.000003 -1.000000 0.000000
vn -0.000000 -1.000000 0.000000
vn -0.000003 -1.000000 0.000000
vn -0.000000 -1.000000 0.000000
f 18/1/1 19/2/2 24/3/3
f 18/4/4 24/5/5 23/6/6
f 17/7/7 18/8/8 23/9/9
f 17/10/10 23/11/11 22/12/12
f 31/13/13 17/14/14 22/15/15
f 31/16/16 22/17/17 28/18/18
f 15/19/19 16/20/20 21/21/21
f 15/22/22 21/23/23 20/24/24
f 13/25/25 14/26/26 19/27/27
f 13/28/28 19/29/29 18/30/30
f 1/31/31 2/32/32 7/33/33
f 1/34/34 7/35/35 6/36/36
f 37/37/37 3/38/38 8/39/39
f 37/40/40 8/41/41 35/42/42
f 11/43/43 12/44/44 16/45/45
f 11/46/46 16/47/47 15/48/48
f 9/49/49 10/50/50 14/51/51
f 9/52/52 14/53/53 13/54/54
f 9/55/55 13/56/56 25/57/57
f 9/58/58 25/59/59 26/60/60
f 3/61/61 4/62/62 9/63/63
f 3/64/64 9/65/65 8/66/66
f 4/67/67 5/68/68 10/69/69
f 4/70/70 10/71/71 9/72/72
f 6/73/73 7/74/74 12/75/75
f 6/76/76 12/77/77 11/78/78
f 39/79/79 7/80/80 2/81/81
f 39/82/82 2/83/83 40/84/84
f 33/85/85 34/86/86 38/87/87
f 33/88/88 38/89/89 36/90/90
f 35/91/91 33/92/92 36/93/93
f 35/94/94 36/95/95 37/96/96
f 41/97/97 21/98/98 16/99/99
f 41/100/100 16/101/101 42/102/102
f 30/103/103 31/104/104 28/105/105
f 30/106/106 28/107/107 27/108/108
f 32/109/109 30/110/110 27/111/111
f 32/112/112 27/113/113 29/114/114
f 42/115/115 32/116/116 29/117/117
f 42/118/118 29/119/119 41/120/120
f 40/121/121 38/122/122 34/123/123
f 40/124/124 34/125/125 39/126/126
f 52/127/127 54/128/128 43/129/129
f 52/130/130 43/131/131 45/132/132
f 53/133/133 51/134/134 48/135/135
f 53/136/136 48/137/137 44/138/138
f 51/139/139 49/140/140 47/141/141
f 51/142/142 47/143/143 48/144/144
f 53/145/145 44/146/146 55/147/147
f 53/148/148 55/149/149 56/150/150
f 50/151/151 52/152/152 45/153/153
f 50/154/154 45/155/155 46/156/156
f 43/157/157 54/158/158 57/159/159
f 43/160/160 57/161/161 58/162/162
f 59/163/163 60/164/164 62/165/165
f 59/166/166 62/167/167 61/168/168
f 60/169/169 64/170/170 66/171/171
f 60/172/172 66/173/173 62/174/174
f 64/175/175 63/176/176 65/177/177
f 64/178/178 65/179/179 66/180/180
f 63/181/181 59/182/182 61/183/183
f 63/184/184 61/185/185 65/186/186
f 63/187/187 64/188/188 60/189/189
f 63/190/190 60/191/191 59/192/192
f 61/193/193 62/194/194 66/195/195
f 61/196/196 66/197/197 65/198/198
f 103/199/199 104/200/200 76/201/201
f 103/202/202 76/203/203 69/204/204
f 103/205/205 69/206/206 67/207/207
f 103/208/208 67/209/209 68/210/210
f 103/211/211 68/212/212 89/213/213
f 72/214/214 71/215/215 73/216/216
f 72/217/217 73/218/218 75/219/219
f 72/220/220 75/221/221 99/222/222
f 72/223/223 99/224/224 74/225/225
f 72/226/226 74/227/227 90/228/228
f 95/229/229 96/230/230 80/231/231
f 95/232/232 80/233/233 91/234/234
f 74/235/235 99/236/236 101/237/237
f 74/238/238 101/239/239 70/240/240
f 98/241/241 101/242/242 106/243/243
f 85/244/244 81/245/245 102/246/246
f 85/247/247 102/248/248 103/249/249
f 85/250/250 103/251/251 89/252/252
f 85/253/253 89/254/254 80/255/255
f 104/256/256 103/257/257 102/258/258
f 104/259/259 102/260/260 87/261/261
f 100/262/262 87/263/263 101/264/264
f 100/265/265 101/266/266 98/267/267
f 93/268/268 95/269/269 91/270/270
f 93/271/271 91/272/272 68/273/273
f 93/274/274 68/275/275 67/276/276
f 100/277/277 105/278/278 82/279/279
f 100/280/280 82/281/281 79/282/282
f 97/283/283 94/284/284 96/285/285
f 97/286/286 96/287/287 95/288/288
f 86/289/289 84/290/290 90/291/291
f 86/292/292 90/293/293 74/294/294
f 86/295/295 74/296/296 70/297/297
f 84/298/298 94/299/299 97/300/300
f 84/301/301 97/302/302 88/303/303
f 105/304/304 100/305/305 98/306/306
f 105/307/307 98/308/308 83/309/309
f 85/310/310 84/311/311 86/312/312
f 85/313/313 86/314/314 81/315/315
f 92/316/316 97/317/317 95/318/318
f 92/319/319 95/320/320 93/321/321
f 94/322/322 84/323/323 85/324/324
f 94/325/325 85/326/326 80/327/327
f 94/328/328 80/329/329 96/330/330
f 71/331/331 72/332/332 88/333/333
f 71/334/334 88/335/335 97/336/336
f 71/337/337 97/338/338 92/339/339
f 79/340/340 87/341/341 100/342/342
f 69/343/343 76/344/344 79/345/345
f 69/346/346 79/347/347 82/348/348
f 91/349/349 80/350/350 89/351/351
f 91/352/352 89/353/353 68/354/354
f 70/355/355 101/356/356 78/357/357
f 70/358/358 78/359/359 86/360/360
f 78/361/361 101/362/362 87/363/363
f 78/364/364 87/365/365 77/366/366
f 81/367/367 86/368/368 78/369/369
f 81/370/370 78/371/371 77/372/372
f 84/373/373 88/374/374 72/375/375
f 84/376/376 72/377/377 90/378/378
f 82/379/379 107/380/380 73/381/381
f 82/382/382 73/383/383 71/384/384
f 82/385/385 71/386/386 92/387/387
f 82/388/388 92/389/389 93/390/390
f 82/391/391 93/392/392 67/393/393
f 82/394/394 67/395/395 69/396/396
f 106/397/397 101/398/398 99/399/399
f 106/400/400 99/401/401 75/402/402
f 76/403/403 104/404/404 87/405/405
f 76/406/406 87/407/407 79/408/408
f 77/409/409 87/410/410 102/411/411
f 77/412/412 102/413/413 81/414/414
f 106/415/415 75/416/416 73/417/417
f 106/418/418 73/419/419 107/420/420
f 83/421/421 98/422/422 106/423/423
f 83/424/424 106/425/425 107/426/426
f 83/427/427 107/428/428 82/429/429
f 83/430/430 82/431/431 105/432/432
f 108/433/433 109/434/434 111/435/435
f 108/436/436 111/437/437 110/438/438
f 109/439/439 113/440/440 115/441/441
f 109/442/442 115/443/443 111/444/444
f 113/445/445 112/446/446 114/447/447
f 113/448/448 114/449/449 115/450/450
f 112/451/451 108/452/452 110/453/453
f 112/454/454 110/455/455 114/456/456
f 112/457/457 113/458/458 109/459/459
f 112/460/460 109/461/461 108/462/462
f 110/463/463 111/464/464 115/465/465
f 110/466/466 115/467/467 114/468/468
f 119/469/469 116/470/470 121/471/471
f 119/472/472 121/473/473 118/474/474
f 118/475/475 120/476/476 117/477/477
f 118/478/478 117/479/479 119/480/480
f 131/481/481 125/482/482 124/483/483
f 131/484/484 124/485/485 130/486/486
f 135/487/487 129/488/488 132/489/489
f 135/490/490 132/491/491 125/492/492
f 135/493/493 125/494/494 131/495/495
f 135/496/496 131/497/497 137/498/498
f 135/499/499 137/500/500 138/501/501
f 134/502/502 128/503/503 129/504/504
f 134/505/505 129/506/506 135/507/507
f 130/508/508 124/509/509 133/510/510
f 130/511/511 133/512/512 128/513/513
f 130/514/514 128/515/515 134/516/516
f 130/517/517 134/518/518 141/519/519
f 130/520/520 141/521/521 140/522/522
f 139/523/523 123/524/524 122/525/525
f 139/526/526 122/527/527 142/528/528
f 145/529/529 147/530/530 146/531/531
f 145/532/532 146/533/533 144/534/534
f 133/535/535 124/536/536 125/537/537
f 133/538/538 125/539/539 132/540/540
f 136/541/541 127/542/542 135/543/543
f 136/544/544 135/545/545 138/546/546
f 130/547/547 122/548/548 123/549/549
f 130/550/550 123/551/551 131/552/552
f 142/553/553 122/554/554 130/555/555
f 142/556/556 130/557/557 140/558/558
f 135/559/559 127/560/560 126/561/561
f 135/562/562 126/563/563 134/564/564
f 137/565/565 131/566/566 123/567/567
f 137/568/568 123/569/569 139/570/570
f 143/571/571 126/572/572 127/573/573
f 143/574/574 127/575/575 136/576/576
f 141/577/577 134/578/578 126/579/579
f 141/580/580 126/581/581 143/582/582
f 137/583/583 139/584/584 142/585/585
f 137/586/586 142/587/587 140/588/588
f 141/589/589 138/590/590 137/591/591
f 141/592/592 137/593/593 140/594/594
f 141/595/595 143/596/596 136/597/597
f 141/598/598 136/599/599 138/600/600
f 133/601/601 132/602/602 145/603/603
f 133/604/604 145/605/605 144/606/606
f 128/607/607 133/608/608 144/609/609
f 128/610/610 144/611/611 146/612/612
f 129/613/613 128/614/614 146/615/615
f 129/616/616 146/617/617 147/618/618
f 132/619/619 129/620/620 147/621/621
f 132/622/622 147/623/623 145/624/624
f 148/625/625 149/626/626 151/627/627
f 148/628/628 151/629/629 150/630/630
f 149/631/631 153/632/632 155/633/633
f 149/634/634 155/635/635 151/636/636
f 153/637/637 152/638/638 154/639/639
f 153/640/640 154/641/641 155/642/642
f 152/643/643 148/644/644 150/645/645
f 152/646/646 150/647/647 154/648/648
f 152/649/649 153/650/650 149/651/651
f 152/652/652 149/653/653 148/654/654
f 150/655/655 151/656/656 155/657/657
f 150/658/658 155/659/659 154/660/660
f 156/661/661 157/662/662 159/663/663
f 156/664/664 159/665/665 158/666/666
f 157/667/667 161/668/668 163/669/669
f 157/670/670 163/671/671 159/672/672
f 161/673/673 160/674/674 162/675/675
f 161/676/676 162/677/677 163/678/678
f 160/679/679 156/680/680 158/681/681
f 160/682/682 158/683/683 162/684/684
f 160/685/685 161/686/686 157/687/687
f 160/688/688 157/689/689 156/690/690
f 158/691/691 159/692/692 163/693/693
f 158/694/694 163/695/695 162/696/696
f 164/697/697 165/698/698 167/699/699
f 164/700/700 167/701/701 166/702/702
f 165/703/703 169/704/704 171/705/705
f 165/706/706 171/707/707 167/708/708
f 169/709/709 168/710/710 170/711/711
f 169/712/712 170/713/713 171/714/714
f 168/715/715 164/716/716 166/717/717
f 168/718/718 166/719/719 170/720/720
f 168/721/721 169/722/722 165/723/723
f 168/724/724 165/725/725 164/726/726
f 166/727/727 167/728/728 171/729/729
f 166/730/730 171/731/731 170/732/732
f 172/733/733 173/734/734 175/735/735
f 172/736/736 175/737/737 174/738/738
f 173/739/739 177/740/740 179/741/741
f 173/742/742 179/743/743 175/744/744
f 177/745/745 176/746/746 178/747/747
f 177/748/748 178/749/749 179/750/750
f 176/751/751 172/752/752 174/753/753
f 176/754/754 174/755/755 178/756/756
f 176/757/757 177/758/758 173/759/759
f 176/760/760 173/761/761 172/762/762
f 174/763/763 175/764/764 179/765/765
f 174/766/766 179/767/767 178/768/768
f 183/769/769 187/770/770 185/771/771
f 183/772/772 185/773/773 181/774/774
f 214/775/775 215/776/776 186/777/777
f 214/778/778 186/779/779 182/780/780
f 215/781/781 213/782/782 184/783/783
f 215/784/784 184/785/785 186/786/786
f 208/787/787 202/788/788 209/789/789
f 208/790/790 209/791/791 200/792/792
f 182/793/793 180/794/794 212/795/795
f 182/796/796 212/797/797 214/798/798
f 211/799/799 207/800/800 205/801/801
f 211/802/802 205/803/803 201/804/804
f 210/805/805 206/806/806 204/807/807
f 210/808/808 204/809/809 203/810/810
f 198/811/811 192/812/812 194/813/813
f 198/814/814 194/815/815 197/816/816
f 190/817/817 189/818/818 195/819/819
f 190/820/820 195/821/821 193/822/822
f 196/823/823 188/824/824 191/825/825
f 196/826/826 191/827/827 199/828/828
f 182/829/829 183/830/830 190/831/831
f 182/832/832 190/833/833 191/834/834
f 187/835/835 186/836/836 184/837/837
f 187/838/838 184/839/839 185/840/840
f 191/841/841 188/842/842 180/843/843
f 191/844/844 180/845/845 182/846/846
f 203/847/847 200/848/848 209/849/849
f 203/850/850 209/851/851 210/852/852
f 183/853/853 181/854/854 189/855/855
f 183/856/856 189/857/857 190/858/858
f 201/859/859 202/860/860 208/861/861
f 201/862/862 208/863/863 211/864/864
f 207/865/865 198/866/866 197/867/867
f 207/868/868 197/869/869 205/870/870
f 206/871/871 196/872/872 199/873/873
f 206/874/874 199/875/875 204/876/876
f 242/877/877 214/878/878 212/879/879
f 242/880/880 212/881/881 240/882/882
f 213/883/883 215/884/884 243/885/885
f 213/886/886 243/887/887 241/888/888
f 217/889/889 219/890/890 225/891/891
f 217/892/892 225/893/893 227/894/894
f 230/895/895 231/896/896 220/897/897
f 230/898/898 220/899/899 222/900/900
f 222/901/901 223/902/902 228/903/903
f 222/904/904 228/905/905 230/906/906
f 231/907/907 229/908/908 221/909/909
f 231/910/910 221/911/911 220/912/912
f 242/913/913 240/914/914 234/915/915
f 242/916/916 234/917/917 232/918/918
f 236/919/919 238/920/920 246/921/921
f 236/922/922 246/923/923 247/924/924
f 247/925/925 245/926/926 237/927/927
f 247/928/928 237/929/929 236/930/930
f 233/931/931 235/932/932 241/933/933
f 233/934/934 241/935/935 243/936/936
f 238/937/937 239/938/938 244/939/939
f 238/940/940 244/941/941 246/942/942
f 232/943/943 233/944/944 243/945/945
f 232/946/946 243/947/947 242/948/948
f 230/949/949 228/950/950 248/951/951
f 230/952/952 248/953/953 251/954/954
f 234/955/955 239/956/956 238/957/957
f 234/958/958 238/959/959 232/960/960
f 235/961/961 233/962/962 236/963/963
f 235/964/964 236/965/965 237/966/966
f 219/967/967 217/968/968 220/969/969
f 219/970/970 220/971/971 221/972/972
f 229/973/973 231/974/974 250/975/975
f 229/976/976 250/977/977 249/978/978
f 218/979/979 223/980/980 222/981/981
f 218/982/982 222/983/983 216/984/984
f 227/985/985 225/986/986 245/987/987
f 227/988/988 245/989/989 247/990/990
f 244/991/991 224/992/992 226/993/993
f 244/994/994 226/995/995 246/996/996
f 216/997/997 217/998/998 227/999/999
f 216/1000/1000 227/1001/1001 226/1002/1002
f 226/1003/1003 224/1004/1004 218/1005/1005
f 226/1006/1006 218/1007/1007 216/1008/1008
f 252/1009/1009 255/1010/1010 229/1011/1011
f 252/1012/1012 229/1013/1013 228/1014/1014
f 252/1015/1015 228/1016/1016 223/1017/1017
f 256/1018/1018 255/1019/1019 252/1020/1020
f 256/1021/1021 252/1022/1022 257/1023/1023
f 257/1024/1024 252/1025/1025 253/1026/1026
f 257/1027/1027 253/1028/1028 258/1029/1029
f 255/1030/1030 256/1031/1031 259/1032/1032
f 255/1033/1033 259/1034/1034 254/1035/1035
f 258/1036/1036 253/1037/1037 254/1038/1038
f 258/1039/1039 254/1040/1040 259/1041/1041
f 218/1042/1042 224/1043/1043 225/1044/1044
f 218/1045/1045 225/1046/1046 219/1047/1047
f 218/1048/1048 219/1049/1049 253/1050/1050
f 218/1051/1051 253/1052/1052 252/1053/1053
f 252/1054/1054 223/1055/1055 218/1056/1056
f 264/1057/1057 263/1058/1058 58/1059/1059
f 264/1060/1060 58/1061/1061 260/1062/1062
f 267/1063/1063 266/1064/1064 269/1065/1065
f 267/1066/1066 269/1067/1067 268/1068/1068
f 267/1069/1069 268/1070/1070 270/1071/1071
f 263/1072/1072 262/1073/1073 43/1074/1074
f 263/1075/1075 43/1076/1076 58/1077/1077
f 265/1078/1078 264/1079/1079 260/1080/1080
f 265/1081/1081 260/1082/1082 261/1083/1083
f 267/1084/1084 270/1085/1085 271/1086/1086
f 267/1087/1087 271/1088/1088 272/1089/1089
f 272/1090/1090 273/1091/1091 267/1092/1092
f 239/1093/1093 274/1094/1094 240/1095/1095
f 239/1096/1096 240/1097/1097 241/1098/1098
f 239/1099/1099 241/1100/1100 275/1101/1101
f 239/1102/1102 275/1103/1103 237/1104/1104
f 239/1105/1105 237/1106/1106 245/1107/1107
f 239/1108/1108 245/1109/1109 244/1110/1110
f 241/1111/1111 240/1112/1112 212/1113/1113
f 241/1114/1114 212/1115/1115 213/1116/1116
f 206/1117/1117 210/1118/1118 209/1119/1119
f 206/1120/1120 209/1121/1121 202/1122/1122
f 206/1123/1123 202/1124/1124 201/1125/1125
f 206/1126/1126 201/1127/1127 205/1128/1128
f 189/1129/1129 181/1130/1130 185/1131/1131
f 189/1132/1132 185/1133/1133 184/1134/1134
f 189/1135/1135 184/1136/1136 213/1137/1137
f 189/1138/1138 213/1139/1139 212/1140/1140
f 189/1141/1141 212/1142/1142 180/1143/1143
f 189/1144/1144 180/1145/1145 188/1146/1146
f 196/1147/1147 206/1148/1148 205/1149/1149
f 196/1150/1150 205/1151/1151 197/1152/1152
f 188/1153/1153 196/1154/1154 197/1155/1155
f 188/1156/1156 197/1157/1157 194/1158/1158
f 188/1159/1159 194/1160/1160 195/1161/1161
f 188/1162/1162 195/1163/1163 189/1164/1164
f 245/1165/1165 225/1166/1166 224/1167/1167
f 245/1168/1168 224/1169/1169 244/1170/1170
f 228/1171/1171 229/1172/1172 249/1173/1173
f 228/1174/1174 249/1175/1175 248/1176/1176
f 215/1177/1177 214/1178/1178 242/1179/1179
f 215/1180/1180 242/1181/1181 243/1182/1182
f 191/1183/1183 190/1184/1184 193/1185/1185
f 191/1186/1186 193/1187/1187 192/1188/1188
f 191/1189/1189 192/1190/1190 198/1191/1191
f 191/1192/1192 198/1193/1193 276/1194/1194
f 204/1195/1195 276/1196/1196 198/1197/1197
f 204/1198/1198 198/1199/1199 207/1200/1200
f 186/1201/1201 187/1202/1202 183/1203/1203
f 186/1204/1204 183/1205/1205 182/1206/1206
f 207/1207/1207 211/1208/1208 208/1209/1209
f 207/1210/1210 208/1211/1211 200/1212/1212
f 207/1213/1213 200/1214/1214 203/1215/1215
f 207/1216/1216 203/1217/1217 204/1218/1218
f 278/1219/1219 277/1220/1220 216/1221/1221
f 278/1222/1222 216/1223/1223 222/1224/1224
f 277/1225/1225 279/1226/1226 217/1227/1227
f 277/1228/1228 217/1229/1229 216/1230/1230
f 231/1231/1231 230/1232/1232 251/1233/1233
f 231/1234/1234 251/1235/1235 250/1236/1236
f 222/1237/1237 220/1238/1238 280/1239/1239
f 222/1240/1240 280/1241/1241 278/1242/1242
f 238/1243/1243 236/1244/1244 233/1245/1245
f 238/1246/1246 233/1247/1247 232/1248/1248
f 247/1249/1249 246/1250/1250 226/1251/1251
f 247/1252/1252 226/1253/1253 227/1254/1254
f 50/1255/1255 282/1256/1256 49/1257/1257
f 50/1258/1258 49/1259/1259 56/1260/1260
f 50/1261/1261 56/1262/1262 281/1263/1263
f 50/1264/1264 281/1265/1265 57/1266/1266
f 49/1267/1267 51/1268/1268 53/1269/1269
f 49/1270/1270 53/1271/1271 56/1272/1272
f 52/1273/1273 50/1274/1274 57/1275/1275
f 52/1276/1276 57/1277/1277 54/1278/1278
f 292/1279/1279 299/1280/1280 294/1281/1281
f 292/1282/1282 294/1283/1283 287/1284/1284
f 296/1285/1285 299/1286/1286 292/1287/1287
f 296/1288/1288 292/1289/1289 288/1290/1290
f 296/1291/1291 288/1292/1292 295/1293/1293
f 291/1294/1294 296/1295/1295 293/1296/1296
f 291/1297/1297 293/1298/1298 290/1299/1299
f 295/1300/1300 289/1301/1301 293/1302/1302
f 295/1303/1303 293/1304/1304 296/1305/1305
f 285/1306/1306 288/1307/1307 292/1308/1308
f 285/1309/1309 292/1310/1310 287/1311/1311
f 285/1312/1312 287/1313/1313 286/1314/1314
f 285/1315/1315 286/1316/1316 284/1317/1317
f 285/1318/1318 284/1319/1319 283/1320/1320
f 297/1321/1321 49/1322/1322 51/1323/1323
f 297/1324/1324 51/1325/1325 298/1326/1326
f 288/1327/1327 304/1328/1328 306/1329/1329
f 288/1330/1330 306/1331/1331 308/1332/1332
f 303/1333/1333 287/1334/1334 309/1335/1335
f 303/1336/1336 309/1337/1337 307/1338/1338
f 305/1339/1339 302/1340/1340 284/1341/1341
f 305/1342/1342 284/1343/1343 286/1344/1344
f 301/1345/1345 300/1346/1346 285/1347/1347
f 301/1348/1348 285/1349/1349 283/1350/1350
f 310/1351/1351 304/1352/1352 300/1353/1353
f 310/1354/1354 300/1355/1355 297/1356/1356
f 303/1357/1357 305/1358/1358 286/1359/1359
f 303/1360/1360 286/1361/1361 287/1362/1362
f 288/1363/1363 285/1364/1364 300/1365/1365
f 288/1366/1366 300/1367/1367 304/1368/1368
f 309/1369/1369 308/1370/1370 306/1371/1371
f 309/1372/1372 306/1373/1373 307/1374/1374
f 301/1375/1375 283/1376/1376 311/1377/1377
f 302/1378/1378 311/1379/1379 283/1380/1380
f 302/1381/1381 283/1382/1382 284/1383/1383
f 310/1384/1384 297/1385/1385 298/1386/1386
f 310/1387/1387 298/1388/1388 311/1389/1389
f 311/1390/1390 298/1391/1391 301/1392/1392
f 312/1393/1393 320/1394/1394 323/1395/1395
f 312/1396/1396 323/1397/1397 321/1398/1398
f 316/1399/1399 313/1400/1400 312/1401/1401
f 318/1402/1402 314/1403/1403 320/1404/1404
f 313/1405/1405 318/1406/1406 320/1407/1407
f 313/1408/1408 320/1409/1409 312/1410/1410
f 317/1411/1411 319/1412/1412 323/1413/1413
f 322/1414/1414 316/1415/1415 312/1416/1416
f 322/1417/1417 312/1418/1418 321/1419/1419
f 314/1420/1420 317/1421/1421 323/1422/1422
f 314/1423/1423 323/1424/1424 320/1425/1425
f 321/1426/1426 315/1427/1427 322/1428/1428
f 319/1429/1429 315/1430/1430 321/1431/1431
f 319/1432/1432 321/1433/1433 323/1434/1434
f 330/1435/1435 328/1436/1436 318/1437/1437
f 330/1438/1438 318/1439/1439 313/1440/1440
f 314/1441/1441 318/1442/1442 328/1443/1443
f 314/1444/1444 328/1445/1445 324/1446/1446
f 326/1447/1447 325/1448/1448 319/1449/1449
f 326/1450/1450 319/1451/1451 317/1452/1452
f 325/1453/1453 249/1454/1454 250/1455/1455
f 193/1456/1456 195/1457/1457 327/1458/1458
f 322/1459/1459 315/1460/1460 331/1461/1461
f 322/1462/1462 331/1463/1463 329/1464/1464
f 327/1465/1465 330/1466/1466 313/1467/1467
f 327/1468/1468 313/1469/1469 316/1470/1470
f 317/1471/1471 314/1472/1472 324/1473/1473
f 317/1474/1474 324/1475/1475 326/1476/1476
f 329/1477/1477 194/1478/1478 192/1479/1479
f 192/1480/1480 193/1481/1481 316/1482/1482
f 192/1483/1483 316/1484/1484 322/1485/1485
f 192/1486/1486 322/1487/1487 329/1488/1488
f 327/1489/1489 316/1490/1490 193/1491/1491
f 251/1492/1492 248/1493/1493 331/1494/1494
f 315/1495/1495 319/1496/1496 250/1497/1497
f 315/1498/1498 250/1499/1499 251/1500/1500
f 331/1501/1501 315/1502/1502 251/1503/1503
f 250/1504/1504 319/1505/1505 325/1506/1506
f 324/1507/1507 328/1508/1508 332/1509/1509
f 330/1510/1510 327/1511/1511 333/1512/1512
f 329/1513/1513 331/1514/1514 334/1515/1515
f 325/1516/1516 326/1517/1517 335/1518/1518
f 337/1519/1519 336/1520/1520 338/1521/1521
f 337/1522/1522 338/1523/1523 339/1524/1524
f 347/1525/1525 345/1526/1526 344/1527/1527
f 347/1528/1528 344/1529/1529 346/1530/1530
f 344/1531/1531 345/1532/1532 343/1533/1533
f 344/1534/1534 343/1535/1535 342/1536/1536
f 346/1537/1537 344/1538/1538 342/1539/1539
f 346/1540/1540 342/1541/1541 340/1542/1542
f 347/1543/1543 346/1544/1544 340/1545/1545
f 347/1546/1546 340/1547/1547 341/1548/1548
f 345/1549/1549 347/1550/1550 341/1551/1551
f 345/1552/1552 341/1553/1553 343/1554/1554
f 340/1555/1555 342/1556/1556 343/1557/1557
f 340/1558/1558 343/1559/1559 341/1560/1560
f 355/1561/1561 353/1562/1562 352/1563/1563
f 355/1564/1564 352/1565/1565 354/1566/1566
f 352/1567/1567 353/1568/1568 351/1569/1569
f 352/1570/1570 351/1571/1571 350/1572/1572
f 354/1573/1573 352/1574/1574 350/1575/1575
f 354/1576/1576 350/1577/1577 348/1578/1578
f 355/1579/1579 354/1580/1580 348/1581/1581
f 355/1582/1582 348/1583/1583 349/1584/1584
f 353/1585/1585 355/1586/1586 349/1587/1587
f 353/1588/1588 349/1589/1589 351/1590/1590
f 348/1591/1591 350/1592/1592 351/1593/1593
f 348/1594/1594 351/1595/1595 349/1596/1596
f 56/1597/1597 55/1598/1598 120/1599/1599
f 56/1600/1600 120/1601/1601 356/1602/1602
f 58/1603/1603 57/1604/1604 357/1605/1605
f 58/1606/1606 357/1607/1607 121/1608/1608
f 360/1609/1609 357/1610/1610 359/1611/1611
f 360/1612/1612 359/1613/1613 281/1614/1614
f 281/1615/1615 358/1616/1616 356/1617/1617
f 281/1618/1618 356/1619/1619 360/1620/1620
f 364/1621/1621 361/1622/1622 366/1623/1623
f 364/1624/1624 366/1625/1625 363/1626/1626
f 363/1627/1627 365/1628/1628 362/1629/1629
f 363/1630/1630 362/1631/1631 364/1632/1632
f 367/1633/1633 362/1634/1634 365/1635/1635
f 367/1636/1636 365/1637/1637 369/1638/1638
f 361/1639/1639 368/1640/1640 370/1641/1641
f 361/1642/1642 370/1643/1643 366/1644/1644
f 371/1645/1645 370/1646/1646 368/1647/1647
f 371/1648/1648 368/1649/1649 372/1650/1650
f 372/1651/1651 367/1652/1652 369/1653/1653
f 372/1654/1654 369/1655/1655 371/1656/1656
