v -0.297352 0.591897 0.302839
v 0.580918 -0.311415 2.263367
v -0.290421 -0.601869 2.260681
v -0.297356 0.597406 -0.291817
v 0.580906 0.269457 2.268748
v -0.297328 -0.597415 0.291822
v -0.297332 -0.591906 -0.302835
v -0.580875 -0.311439 2.263374
v 0.297350 -0.302829 0.591900
v 0.297338 0.291827 0.597409
v -0.297344 0.291815 0.597413
v -0.297332 -0.302841 0.591904
v -0.297340 -0.291824 -0.597408
v -0.297352 0.302832 -0.591900
v -0.290444 0.559874 2.271444
v 0.290452 0.559886 2.271440
v 0.949379 0.291840 0.597404
v 0.949371 0.591923 0.302830
v 0.949366 0.597431 -0.291826
v 0.949370 0.302857 -0.591908
v 0.949382 -0.291799 -0.597417
v 0.949391 -0.302816 0.591895
v 0.949390 -0.591881 -0.302843
v 0.949395 -0.597390 0.291813
v 0.297340 0.289275 0.872923
v -0.297342 0.289262 0.872928
v 0.297352 -0.305382 0.867415
v -0.297330 -0.305394 0.867419
v -0.340725 0.570337 0.875532
v 0.340712 0.570351 0.875527
v 0.588067 0.327071 0.873271
v 0.588080 -0.343166 0.867063
v 0.340735 -0.586456 0.864811
v -0.340701 -0.586470 0.864816
v -0.588056 -0.343190 0.867071
v -0.588070 0.327047 0.873280
v -0.580887 0.269433 2.268755
v 0.290476 -0.601857 2.260678
v -0.181760 0.247700 -0.592411
v 0.833780 0.247721 -0.592418
v -0.181750 -0.236688 -0.596898
v 0.833790 -0.236667 -0.596905
v -0.181761 0.249479 -0.784403
v 0.833779 0.249499 -0.784410
v -0.181752 -0.234909 -0.788890
v 0.833789 -0.234888 -0.788897
v -0.117920 0.219363 -0.820683
v 0.769938 0.219381 -0.820689
v -0.117911 -0.204124 -0.824606
v 0.769947 -0.204105 -0.824612
v -0.392618 -0.414794 2.388560
v 0.392668 -0.414778 2.388556
v -0.392634 0.370459 2.395834
v 0.392652 0.370474 2.395830
v -0.036299 0.448261 2.431834
v 0.036313 0.448262 2.431834
v -0.470751 -0.058800 2.427140
v -0.470752 0.013808 2.427813
v 0.036332 -0.493234 2.423112
v -0.036280 -0.493235 2.423113
v 0.470784 0.013828 2.427807
v 0.470786 -0.058781 2.427134
v -0.026122 -0.049561 2.528159
v 0.026159 -0.049560 2.528159
v 0.026158 0.002718 2.528643
v -0.026123 0.002717 2.528643
v -0.424221 -0.255598 2.477746
v -0.418169 -0.303922 2.468429
v -0.232602 -0.447201 2.475969
v -0.281010 -0.441069 2.467157
v 0.232653 -0.447192 2.475967
v 0.281061 -0.441058 2.467154
v 0.424265 -0.255581 2.477741
v 0.418214 -0.303905 2.468423
v -0.424230 0.209637 2.482056
v -0.418180 0.258125 2.473635
v -0.232619 0.401248 2.483829
v -0.281027 0.395278 2.474905
v 0.424255 0.209654 2.482050
v 0.418203 0.258142 2.473630
v 0.232636 0.401257 2.483826
v 0.281044 0.395290 2.474901
v -0.026126 0.140214 2.501180
v 0.026155 0.140215 2.501179
v 0.026154 0.179602 2.482386
v -0.026127 0.179601 2.482386
v -0.163359 -0.049298 2.499425
v -0.163360 0.002981 2.499909
v -0.202571 0.003157 2.480753
v -0.202570 -0.049121 2.480268
v 0.026161 -0.186525 2.498152
v -0.026120 -0.186526 2.498152
v -0.026119 -0.225557 2.478632
v 0.026162 -0.225556 2.478632
v 0.163394 0.002987 2.499907
v 0.163395 -0.049291 2.499422
v 0.202606 -0.049113 2.480266
v 0.202605 0.003166 2.480750
v 0.158350 -0.220340 2.460827
v 0.193204 -0.215924 2.454481
v 0.197560 -0.181130 2.461190
v 0.158349 -0.181309 2.480347
v 0.197553 0.135513 2.464123
v 0.193196 0.170425 2.458060
v 0.158342 0.174721 2.464486
v 0.158343 0.135335 2.483280
v -0.158315 0.174715 2.464489
v -0.193169 0.170417 2.458063
v -0.197525 0.135505 2.464126
v -0.158315 0.135329 2.483282
v -0.197519 -0.181138 2.461193
v -0.193161 -0.215931 2.454484
v -0.158307 -0.220346 2.460829
v -0.158308 -0.181315 2.480349
v -0.414134 -0.332049 2.456342
v -0.408083 -0.368107 2.429399
v -0.309248 -0.436927 2.455369
v -0.345554 -0.430630 2.428819
v 0.309299 -0.436914 2.455366
v 0.345605 -0.430616 2.428815
v 0.414181 -0.332032 2.456337
v 0.408131 -0.368090 2.429394
v -0.414147 0.286471 2.462072
v -0.408097 0.323023 2.435802
v -0.309265 0.391353 2.463042
v -0.345571 0.385548 2.436380
v 0.414169 0.286488 2.462066
v 0.408117 0.323039 2.435796
v 0.309283 0.391366 2.463038
v 0.345588 0.385562 2.436375
v -0.026128 0.220180 2.452428
v 0.026153 0.220181 2.452427
v 0.036316 0.371418 2.529131
v -0.036296 0.371416 2.529131
v 0.194985 0.407998 2.481918
v 0.130441 0.422252 2.467268
v -0.194968 0.407990 2.481920
v -0.130425 0.422247 2.467269
v -0.242870 -0.048841 2.449937
v -0.242871 0.003438 2.450422
v -0.394811 0.012902 2.525813
v -0.394810 -0.059707 2.525140
v -0.430953 0.172006 2.479736
v -0.445070 0.107601 2.464357
v -0.430945 -0.217931 2.476123
v -0.445065 -0.153253 2.461940
v 0.026162 -0.265573 2.447927
v -0.026118 -0.265574 2.447928
v -0.036280 -0.418206 2.521817
v 0.036332 -0.418205 2.521816
v -0.194951 -0.453905 2.473936
v -0.130407 -0.467886 2.459023
v 0.195003 -0.453898 2.473934
v 0.130459 -0.467880 2.459022
v 0.242904 0.003447 2.450418
v 0.242905 -0.048831 2.449934
v 0.394846 -0.059691 2.525135
v 0.394845 0.012918 2.525808
v 0.430987 -0.217913 2.476118
v 0.445105 -0.153235 2.461935
v 0.430979 0.172023 2.479730
v 0.445100 0.107619 2.464351
v 0.026155 0.097606 2.515153
v -0.026125 0.097605 2.515154
v -0.026124 0.051773 2.524308
v 0.026156 0.051774 2.524308
v -0.120882 0.002848 2.514276
v -0.120881 -0.049430 2.513792
v -0.075135 -0.049518 2.523369
v -0.075136 0.002761 2.523854
v -0.026120 -0.144183 2.512913
v 0.026160 -0.144182 2.512913
v 0.026160 -0.098527 2.522915
v -0.026121 -0.098528 2.522916
v 0.120917 -0.049425 2.513790
v 0.120916 0.002853 2.514275
v 0.075171 0.002764 2.523854
v 0.075172 -0.049515 2.523369
v -0.228724 -0.216462 2.435200
v -0.233082 -0.181669 2.441909
v -0.369433 -0.247749 2.537004
v -0.363381 -0.296073 2.527687
v -0.159016 -0.255729 2.441222
v -0.193870 -0.251314 2.434877
v -0.272614 -0.386832 2.526846
v -0.224206 -0.392964 2.535658
v 0.193913 -0.251306 2.434875
v 0.159059 -0.255722 2.441221
v 0.224257 -0.392955 2.535655
v 0.272664 -0.386822 2.526843
v 0.233122 -0.181660 2.441906
v 0.228766 -0.216453 2.435198
v 0.363428 -0.296058 2.527683
v 0.369478 -0.247734 2.537000
v -0.233088 0.136392 2.444855
v -0.228732 0.171304 2.438793
v -0.363392 0.249182 2.532738
v -0.369442 0.200694 2.541159
v -0.193879 0.206157 2.439115
v -0.159025 0.210455 2.445541
v -0.224221 0.345915 2.542503
v -0.272629 0.339945 2.533578
v 0.228758 0.171313 2.438790
v 0.233116 0.136402 2.444852
v 0.369469 0.200709 2.541154
v 0.363416 0.249197 2.532734
v 0.159050 0.210461 2.445539
v 0.193904 0.206165 2.439113
v 0.272650 0.339956 2.533575
v 0.224242 0.345924 2.542500
v -0.118362 0.177157 2.473437
v -0.118361 0.137771 2.492231
v -0.074298 0.139400 2.498197
v -0.074299 0.178786 2.479403
v 0.118389 0.137776 2.492229
v 0.118388 0.177162 2.473436
v 0.074325 0.178789 2.479402
v 0.074326 0.139403 2.498195
v -0.200044 -0.141269 2.470488
v -0.160833 -0.141446 2.489645
v -0.162517 -0.097440 2.496003
v -0.201727 -0.097263 2.476847
v -0.160838 0.095294 2.491838
v -0.200049 0.095471 2.472681
v -0.201730 0.051355 2.478224
v -0.162520 0.051178 2.497380
v 0.118396 -0.222948 2.469729
v 0.118396 -0.183916 2.489249
v 0.074333 -0.185655 2.495185
v 0.074334 -0.224686 2.475664
v -0.118354 -0.183921 2.489251
v -0.118354 -0.222952 2.469731
v -0.074291 -0.224689 2.475666
v -0.074291 -0.185658 2.495185
v 0.200078 0.095479 2.472679
v 0.160868 0.095301 2.491836
v 0.162552 0.051185 2.497378
v 0.201762 0.051363 2.478221
v 0.160873 -0.141439 2.489643
v 0.200083 -0.141261 2.470486
v 0.201765 -0.097255 2.476844
v 0.162555 -0.097433 2.496001
v -0.359087 -0.340011 2.508456
v -0.353035 -0.376069 2.481513
v -0.316729 -0.382365 2.508063
v -0.225632 -0.248098 2.421354
v 0.316778 -0.382353 2.508060
v 0.353084 -0.376055 2.481509
v 0.359135 -0.339997 2.508451
v 0.225675 -0.248089 2.421351
v -0.316743 0.335825 2.514716
v -0.353049 0.330020 2.488054
v -0.359100 0.293469 2.514324
v -0.225641 0.203190 2.425534
v 0.359122 0.293484 2.514320
v 0.353070 0.330034 2.488050
v 0.316764 0.335838 2.514712
v 0.225666 0.203199 2.425532
v -0.073617 0.217547 2.453358
v -0.102253 0.367760 2.530423
v -0.166797 0.353503 2.545074
v -0.117680 0.215918 2.447392
v 0.166817 0.353510 2.545072
v 0.102273 0.367764 2.530422
v 0.073642 0.217550 2.453357
v 0.117704 0.215923 2.447391
v -0.240246 -0.096337 2.450451
v -0.391165 -0.125673 2.525854
v -0.377045 -0.190351 2.540037
v -0.238562 -0.140342 2.444092
v -0.377052 0.143249 2.543128
v -0.391170 0.078844 2.527749
v -0.240249 0.050916 2.451815
v -0.238567 0.095032 2.446273
v 0.073651 -0.262958 2.448905
v 0.102288 -0.414573 2.523175
v 0.166832 -0.400590 2.538086
v 0.117714 -0.261219 2.442971
v -0.166782 -0.400597 2.538088
v -0.102237 -0.414577 2.523176
v -0.073607 -0.262961 2.448906
v -0.117670 -0.261224 2.442972
v 0.240280 0.050925 2.451812
v 0.391201 0.078860 2.527744
v 0.377080 0.143264 2.543123
v 0.238596 0.095041 2.446270
v 0.377087 -0.190336 2.540033
v 0.391205 -0.125657 2.525849
v 0.240283 -0.096327 2.450448
v 0.238601 -0.140333 2.444090
v -0.074531 -0.143546 2.509101
v -0.074531 -0.097890 2.519104
v -0.120277 -0.097803 2.509525
v -0.118593 -0.141809 2.503167
v 0.120315 -0.097798 2.509524
v 0.074570 -0.097887 2.519103
v 0.074571 -0.143543 2.509100
v 0.118633 -0.141804 2.503166
v 0.074566 0.097040 2.511329
v 0.074567 0.051207 2.520484
v 0.120312 0.051297 2.510906
v 0.118629 0.095413 2.505363
v -0.120280 0.051292 2.510907
v -0.074534 0.051204 2.520485
v -0.074535 0.097037 2.511330
v -0.118598 0.095408 2.505364
v -0.594682 -0.037521 0.036826
v -0.594683 0.036811 0.037515
v -0.594684 0.037500 -0.036817
v -0.594682 -0.036832 -0.037506
v -0.385454 0.405660 -0.398217
v -0.410086 -0.032709 -0.482261
v -0.410088 0.041623 -0.481572
v -0.410074 -0.482270 0.032705
v -0.410074 -0.481582 -0.041627
v -0.410081 0.032695 0.482267
v -0.410079 -0.041637 0.481578
v -0.410094 0.482257 -0.032699
v -0.410093 0.481568 0.041633
v -0.385438 -0.398226 -0.405664
v -0.385448 0.398214 0.405670
v -0.385432 -0.405673 0.398223
v -0.548226 0.039824 -0.287688
v -0.548225 -0.034508 -0.288377
v -0.566808 -0.035024 -0.232628
v -0.566809 0.039308 -0.231939
v -0.548218 -0.287702 -0.039830
v -0.548217 -0.288391 0.034502
v -0.566802 -0.232642 0.035018
v -0.566803 -0.231953 -0.039314
v -0.548220 -0.039844 0.287696
v -0.548222 0.034488 0.288385
v -0.566806 0.035004 0.232636
v -0.566805 -0.039328 0.231947
v -0.548229 0.287682 0.039838
v -0.548229 0.288371 -0.034494
v -0.566812 0.232622 -0.035010
v -0.566812 0.231933 0.039322
v -0.446709 0.242153 -0.432082
v -0.440515 0.291651 -0.425429
v -0.446711 0.436490 -0.234111
v -0.440517 0.430755 -0.283723
v -0.440503 -0.283734 -0.430759
v -0.446699 -0.234122 -0.436494
v -0.440499 -0.425440 -0.291655
v -0.446693 -0.432093 -0.242158
v -0.440495 -0.430770 0.283730
v -0.446690 -0.436505 0.234118
v -0.440497 -0.291666 0.425436
v -0.446693 -0.242169 0.432089
v -0.440509 0.283719 0.430766
v -0.446702 0.234107 0.436501
v -0.440513 0.425425 0.291661
v -0.446708 0.432078 0.242164
v -0.530665 -0.228193 0.279240
v -0.549249 -0.227676 0.223491
v -0.530665 -0.283425 0.222975
v -0.524470 -0.277690 0.272587
v -0.530676 0.279227 0.228187
v -0.549259 0.223478 0.227671
v -0.530674 0.222961 0.283420
v -0.524481 0.272574 0.277684
v -0.524485 0.277671 -0.272579
v -0.530678 0.228174 -0.279233
v -0.549262 0.227657 -0.223483
v -0.530679 0.283406 -0.222967
v -0.530668 -0.279246 -0.228179
v -0.549253 -0.223497 -0.227663
v -0.530669 -0.222980 -0.283412
v -0.524474 -0.272592 -0.277677
v -0.580747 0.038748 -0.171544
v -0.580745 -0.035584 -0.172233
v -0.590037 -0.036187 -0.107192
v -0.590038 0.038145 -0.106504
v -0.580742 -0.171559 -0.038754
v -0.580741 -0.172248 0.035578
v -0.590034 -0.107207 0.036180
v -0.590035 -0.106519 -0.038152
v -0.580743 -0.038769 0.171553
v -0.580744 0.035563 0.172241
v -0.590037 0.036166 0.107201
v -0.590035 -0.038166 0.106512
v -0.580748 0.171538 0.038763
v -0.580749 0.172227 -0.035569
v -0.590039 0.107186 -0.036172
v -0.590039 0.106497 0.038160
v -0.432256 0.320519 -0.421032
v -0.413673 0.357628 -0.414493
v -0.432257 0.426893 -0.312669
v -0.413674 0.421044 -0.349892
v -0.518801 -0.033976 -0.345675
v -0.518802 0.040356 -0.344986
v -0.478538 0.040902 -0.403833
v -0.478536 -0.033430 -0.404521
v -0.445331 0.203674 -0.439322
v -0.435006 0.137736 -0.454388
v -0.445323 -0.195516 -0.443020
v -0.435000 -0.129309 -0.456861
v -0.518792 -0.345688 0.033971
v -0.518792 -0.344999 -0.040361
v -0.478526 -0.403844 -0.040907
v -0.478525 -0.404533 0.033425
v -0.445316 -0.439333 -0.203679
v -0.434991 -0.454398 -0.137740
v -0.445314 -0.443031 0.195512
v -0.434989 -0.456872 0.129305
v -0.518797 0.033958 0.345682
v -0.518796 -0.040374 0.344994
v -0.478530 -0.040919 0.403840
v -0.478532 0.033413 0.404528
v -0.445317 -0.203690 0.439329
v -0.434994 -0.137751 0.454394
v -0.445325 0.195501 0.443027
v -0.434999 0.129294 0.456868
v -0.518806 0.345669 -0.033963
v -0.518806 0.344981 0.040369
v -0.478542 0.403828 0.040914
v -0.478542 0.404516 -0.033418
v -0.445332 0.439318 0.203685
v -0.435008 0.454383 0.137746
v -0.445334 0.443016 -0.195505
v -0.435010 0.456857 -0.129298
v -0.432243 -0.312679 -0.426897
v -0.413659 -0.349902 -0.421048
v -0.432240 -0.421042 -0.320524
v -0.413657 -0.414503 -0.357632
v -0.432250 0.312664 0.426904
v -0.413667 0.349888 0.421054
v -0.432253 0.421027 0.320530
v -0.413669 0.414489 0.357639
v -0.432237 -0.320534 0.421038
v -0.413653 -0.357642 0.414499
v -0.432236 -0.426908 0.312675
v -0.413652 -0.421058 0.349898
v -0.558036 0.170648 -0.227367
v -0.539453 0.171165 -0.283116
v -0.545302 0.108382 -0.285935
v -0.563886 0.107865 -0.230186
v -0.539446 -0.165910 -0.286239
v -0.558030 -0.166427 -0.230489
v -0.563881 -0.103603 -0.232145
v -0.545298 -0.103086 -0.287894
v -0.558028 -0.227381 -0.170654
v -0.539443 -0.283130 -0.171171
v -0.545293 -0.285948 -0.108388
v -0.563878 -0.230200 -0.107871
v -0.539441 -0.286252 0.165904
v -0.558025 -0.230504 0.166421
v -0.563876 -0.232159 0.103597
v -0.545291 -0.287907 0.103080
v -0.558026 -0.170668 0.227375
v -0.539442 -0.171184 0.283124
v -0.545294 -0.108401 0.285943
v -0.563878 -0.107885 0.230194
v -0.539449 0.165891 0.286247
v -0.558033 0.166407 0.230498
v -0.563882 0.103582 0.232153
v -0.545298 0.103066 0.287902
v -0.558035 0.227361 0.170662
v -0.539452 0.283110 0.171179
v -0.545303 0.285929 0.108396
v -0.563886 0.230180 0.107879
v -0.539455 0.286233 -0.165896
v -0.558037 0.230484 -0.166413
v -0.563887 0.232138 -0.103588
v -0.545305 0.287888 -0.103072
v -0.512095 0.229415 -0.329554
v -0.505901 0.278912 -0.322901
v -0.481812 0.282614 -0.369501
v -0.488005 0.233116 -0.376154
v -0.505902 0.328008 -0.272887
v -0.512096 0.333743 -0.223275
v -0.488007 0.380403 -0.226113
v -0.481813 0.374668 -0.275725
v -0.505890 -0.272900 -0.328013
v -0.512086 -0.223288 -0.333748
v -0.487996 -0.226125 -0.380408
v -0.481800 -0.275737 -0.374673
v -0.512083 -0.329567 -0.229420
v -0.505889 -0.322914 -0.278917
v -0.481798 -0.369512 -0.282619
v -0.487992 -0.376166 -0.233121
v -0.505885 -0.328025 0.272895
v -0.512080 -0.333761 0.223283
v -0.487989 -0.380420 0.226120
v -0.481794 -0.374685 0.275732
v -0.512081 -0.229433 0.329562
v -0.505886 -0.278930 0.322909
v -0.481795 -0.282631 0.369508
v -0.487991 -0.233133 0.376161
v -0.505897 0.272882 0.328020
v -0.512090 0.223270 0.333756
v -0.488000 0.226108 0.380415
v -0.481806 0.275720 0.374680
v -0.512093 0.329549 0.229427
v -0.505898 0.322896 0.278925
v -0.481809 0.369496 0.282626
v -0.488004 0.376149 0.233128
v -0.577008 -0.107674 0.170140
v -0.586300 -0.107072 0.105100
v -0.577007 -0.172112 0.104497
v -0.571156 -0.170457 0.167322
v -0.577014 0.170126 0.107668
v -0.586304 0.105085 0.107065
v -0.577012 0.104483 0.172106
v -0.571163 0.167307 0.170451
v -0.577014 0.107653 -0.170132
v -0.586306 0.107050 -0.105091
v -0.577015 0.172091 -0.104489
v -0.571165 0.170436 -0.167313
v -0.577008 -0.170147 -0.107659
v -0.586302 -0.105106 -0.107057
v -0.577010 -0.104504 -0.172097
v -0.571158 -0.167328 -0.170442
v -0.468746 0.370595 -0.320831
v -0.450162 0.364745 -0.358054
v -0.468746 0.327636 -0.364593
v -0.492835 0.323935 -0.317993
v -0.519718 -0.101804 -0.342574
v -0.479453 -0.101258 -0.401420
v -0.489776 -0.167465 -0.387579
v -0.513866 -0.164628 -0.340919
v -0.489783 0.174599 -0.384410
v -0.479458 0.108660 -0.399476
v -0.519722 0.108115 -0.340629
v -0.513873 0.170898 -0.337811
v -0.519710 -0.342587 0.101799
v -0.479444 -0.401432 0.101253
v -0.489768 -0.387591 0.167460
v -0.513859 -0.340932 0.164623
v -0.489770 -0.384422 -0.174604
v -0.479445 -0.399488 -0.108665
v -0.519711 -0.340642 -0.108120
v -0.513861 -0.337824 -0.170903
v -0.519717 0.101786 0.342582
v -0.479452 0.101241 0.401427
v -0.489778 0.167448 0.387586
v -0.513868 0.164610 0.340926
v -0.489771 -0.174616 0.384417
v -0.479448 -0.108677 0.399483
v -0.519713 -0.108133 0.340637
v -0.513861 -0.170916 0.337818
v -0.519725 0.342568 -0.101791
v -0.479461 0.401415 -0.101246
v -0.489786 0.387574 -0.167453
v -0.513875 0.340914 -0.164615
v -0.489783 0.384405 0.174611
v -0.479460 0.399471 0.108672
v -0.519724 0.340624 0.108128
v -0.513873 0.337805 0.170910
v -0.468732 -0.320842 -0.370600
v -0.450148 -0.358065 -0.364750
v -0.468731 -0.364604 -0.327641
v -0.492822 -0.318005 -0.323940
v -0.468740 0.320826 0.370607
v -0.450157 0.358050 0.364757
v -0.468741 0.364588 0.327648
v -0.492831 0.317988 0.323947
v -0.468726 -0.370612 0.320838
v -0.450143 -0.364761 0.358061
v -0.468727 -0.327653 0.364600
v -0.492818 -0.323952 0.318000
v 0.518824 0.391486 0.966666
v 0.416705 0.490737 0.971839
v 0.491903 0.362060 2.177348
v 0.373080 0.481654 2.183490
v -0.349238 0.543068 1.298515
v -0.563933 0.331892 1.296593
v -0.569103 0.299202 1.868899
v -0.316999 0.551305 1.871233
v 0.406158 -0.519218 0.958800
v 0.508104 -0.419863 0.962719
v 0.383268 -0.512022 2.170052
v 0.501887 -0.392304 2.174710
v -0.416693 -0.508653 0.962586
v -0.373050 -0.522020 2.174196
v -0.518813 -0.409324 0.959254
v -0.491874 -0.402333 2.170271
v -0.415301 -0.564606 2.175315
v -0.534125 -0.444919 2.171390
v -0.458944 -0.551239 0.963705
v -0.561064 -0.451910 0.960373
v 0.544140 -0.434888 2.175828
v 0.425521 -0.554607 2.171170
v 0.550357 -0.462448 0.963838
v 0.448411 -0.561802 0.959918
v -0.359252 0.593862 1.873140
v -0.391491 0.585625 1.300422
v -0.611356 0.341759 1.870807
v -0.606186 0.374448 1.298500
v 0.415331 0.524212 2.185397
v 0.534155 0.404618 2.179255
v 0.458956 0.533295 0.973746
v 0.561076 0.434044 0.968573
v 0.457279 0.543505 2.080171
v 0.554714 0.445438 2.075135
v 0.493051 0.550953 1.086616
v 0.576789 0.469567 1.082375
v -0.411294 0.600613 1.824122
v -0.437730 0.593858 1.354493
v -0.618019 0.393888 1.822209
v -0.613780 0.420693 1.352917
v 0.562906 -0.475572 2.070170
v 0.465638 -0.573742 2.066350
v 0.568004 -0.498171 1.076337
v 0.484408 -0.579642 1.073124
v -0.457250 -0.581946 2.069749
v -0.554686 -0.483803 2.066531
v -0.493038 -0.570986 1.076229
v -0.576776 -0.489536 1.073497
v 0.587425 0.264248 0.998065
v 0.581582 0.217234 2.136773
v 0.587436 -0.282665 0.992998
v 0.581591 -0.256757 2.132383
v -0.587424 0.264224 0.998073
v -0.587413 -0.282689 0.993006
v -0.581562 0.217211 2.136781
v -0.581552 -0.256781 2.132390
v -0.658749 -0.220447 1.122947
v -0.654249 -0.200549 1.997993
v -0.658758 0.199582 1.126838
v -0.654256 0.163476 2.001366
v 0.658763 0.199609 1.126830
v 0.654276 0.163503 2.001359
v 0.658772 -0.220420 1.122939
v 0.654283 -0.200523 1.997986
v -0.066568 0.569395 1.001903
v -0.056739 0.560879 2.138175
v 0.066557 0.569398 1.001902
v 0.056745 0.560881 2.138175
v -0.018332 0.731276 0.751677
v -0.015623 0.724616 1.640242
v 0.018313 0.731277 0.751677
v 0.015615 0.724616 1.640242
v 0.228074 0.236335 2.400923
v 0.196312 0.239300 2.414505
v 0.161458 0.243597 2.420931
v 0.120112 0.249059 2.422783
v 0.271502 0.097682 2.421379
v 0.266022 0.139042 2.419962
v 0.261664 0.173953 2.413899
v 0.258572 0.205840 2.400641
v -0.120090 0.249054 2.422784
v -0.161435 0.243590 2.420933
v -0.196289 0.239292 2.414507
v -0.228051 0.236326 2.400926
v -0.258547 0.205829 2.400644
v -0.261638 0.173943 2.413902
v -0.265994 0.139031 2.419965
v -0.271473 0.097671 2.421383
v 0.258581 -0.250266 2.396415
v 0.261672 -0.218630 2.410262
v 0.266028 -0.183837 2.416970
v 0.271507 -0.142510 2.419154
v 0.120124 -0.293893 2.417753
v 0.161469 -0.288396 2.416003
v 0.196323 -0.283980 2.409657
v 0.228085 -0.280762 2.396133
v -0.228041 -0.280772 2.396136
v -0.196278 -0.283988 2.409660
v -0.161424 -0.288403 2.416005
v -0.120079 -0.293898 2.417754
v -0.271468 -0.142521 2.419158
v -0.265988 -0.183848 2.416974
v -0.261630 -0.218641 2.410265
v -0.258538 -0.250277 2.396419
v 0.281672 -0.095941 2.408942
v 0.284294 -0.048446 2.408428
v 0.284293 0.003833 2.408912
v 0.281669 0.051311 2.410306
v -0.073607 -0.303964 2.407017
v -0.026118 -0.306577 2.406039
v 0.026163 -0.306576 2.406038
v 0.073652 -0.303961 2.407016
v -0.281638 0.051299 2.410310
v -0.284260 0.003821 2.408916
v -0.284259 -0.048457 2.408431
v -0.281635 -0.095953 2.408946
v 0.073640 0.259322 2.412235
v 0.026151 0.261952 2.411305
v -0.026129 0.261951 2.411305
v -0.073618 0.259319 2.412235
v 0.254215 0.232156 2.381726
v -0.254191 0.232146 2.381729
v 0.254225 -0.276228 2.377017
v -0.254181 -0.276238 2.377020
v 0.691607 0.107973 -0.620593
v 0.691606 0.109254 -0.758827
v -0.039582 0.109239 -0.758822
v -0.039581 0.107958 -0.620588
v 0.224242 0.345924 2.542500
v 0.166817 0.353510 2.545072
v 0.194985 0.407998 2.481918
v 0.232636 0.401257 2.483826
v 0.316764 0.335838 2.514712
v 0.272650 0.339956 2.533575
v 0.281044 0.395290 2.474901
v 0.309283 0.391366 2.463038
v 0.377080 0.143264 2.543123
v 0.369469 0.200709 2.541154
v 0.424255 0.209654 2.482050
v 0.430979 0.172023 2.479730
v 0.363416 0.249197 2.532734
v 0.359122 0.293484 2.514320
v 0.414169 0.286488 2.462066
v 0.418203 0.258142 2.473630
v -0.166797 0.353503 2.545074
v -0.224221 0.345915 2.542503
v -0.232619 0.401248 2.483829
v -0.194968 0.407990 2.481920
v -0.272629 0.339945 2.533578
v -0.316743 0.335825 2.514716
v -0.309265 0.391353 2.463042
v -0.281027 0.395278 2.474905
v -0.369442 0.200694 2.541159
v -0.377052 0.143249 2.543128
v -0.430953 0.172006 2.479736
v -0.424230 0.209637 2.482056
v -0.359100 0.293469 2.514324
v -0.363392 0.249182 2.532738
v -0.418180 0.258125 2.473635
v -0.414147 0.286471 2.462072
v 0.369478 -0.247734 2.537000
v 0.377087 -0.190336 2.540033
v 0.430987 -0.217913 2.476118
v 0.424265 -0.255581 2.477741
v 0.359135 -0.339997 2.508451
v 0.363428 -0.296058 2.527683
v 0.418214 -0.303905 2.468423
v 0.414181 -0.332032 2.456337
v 0.166832 -0.400590 2.538086
v 0.224257 -0.392955 2.535655
v 0.232653 -0.447192 2.475967
v 0.195003 -0.453898 2.473934
v 0.272664 -0.386822 2.526843
v 0.316778 -0.382353 2.508060
v 0.309299 -0.436914 2.455366
v 0.281061 -0.441058 2.467154
v -0.224206 -0.392964 2.535658
v -0.166782 -0.400597 2.538088
v -0.194951 -0.453905 2.473936
v -0.232602 -0.447201 2.475969
v -0.316729 -0.382365 2.508063
v -0.272614 -0.386832 2.526846
v -0.281010 -0.441069 2.467157
v -0.309248 -0.436927 2.455369
v -0.377045 -0.190351 2.540037
v -0.369433 -0.247749 2.537004
v -0.424221 -0.255598 2.477746
v -0.430945 -0.217931 2.476123
v -0.363381 -0.296073 2.527687
v -0.359087 -0.340011 2.508456
v -0.414134 -0.332049 2.456342
v -0.418169 -0.303922 2.468429
v 0.394845 0.012918 2.525808
v 0.391201 0.078860 2.527744
v 0.445100 0.107619 2.464351
v 0.470784 0.013828 2.427807
v 0.391205 -0.125657 2.525849
v 0.394846 -0.059691 2.525135
v 0.470786 -0.058781 2.427134
v 0.445105 -0.153235 2.461935
v 0.036332 -0.418205 2.521816
v 0.102288 -0.414573 2.523175
v 0.130459 -0.467880 2.459022
v 0.036332 -0.493234 2.423112
v -0.102237 -0.414577 2.523176
v -0.036280 -0.418206 2.521817
v -0.036280 -0.493235 2.423113
v -0.130407 -0.467886 2.459023
v -0.394810 -0.059707 2.525140
v -0.391165 -0.125673 2.525854
v -0.445065 -0.153253 2.461940
v -0.470751 -0.058800 2.427140
v -0.391170 0.078844 2.527749
v -0.394811 0.012902 2.525813
v -0.470752 0.013808 2.427813
v -0.445070 0.107601 2.464357
v -0.036296 0.371416 2.529131
v -0.102253 0.367760 2.530423
v -0.130425 0.422247 2.467269
v -0.036299 0.448261 2.431834
v 0.102273 0.367764 2.530422
v 0.036316 0.371418 2.529131
v 0.036313 0.448262 2.431834
v 0.130441 0.422252 2.467268
v 0.345588 0.385562 2.436375
v 0.392652 0.370474 2.395830
v 0.408117 0.323039 2.435796
v -0.392634 0.370459 2.395834
v -0.345571 0.385548 2.436380
v -0.408097 0.323023 2.435802
v 0.408131 -0.368090 2.429394
v 0.392668 -0.414778 2.388556
v 0.345605 -0.430616 2.428815
v -0.345554 -0.430630 2.428819
v -0.392618 -0.414794 2.388560
v -0.408083 -0.368107 2.429399
v 0.353070 0.330034 2.488050
v -0.353049 0.330020 2.488054
v 0.353084 -0.376055 2.481509
v -0.353035 -0.376069 2.481513
v 0.949379 0.291840 0.597404
v 0.949391 -0.302816 0.591895
v 0.949382 -0.291799 -0.597417
v 0.949370 0.302857 -0.591908
v 0.949390 -0.591881 -0.302843
v 0.949395 -0.597390 0.291813
v 0.949371 0.591923 0.302830
v 0.949366 0.597431 -0.291826
v -0.658506 -0.050779 1.172344
v -0.654509 -0.052654 1.949204
v -0.658508 0.029027 1.173083
v -0.654511 0.016510 1.949845
v 0.658521 0.029054 1.173076
v 0.654536 0.016537 1.949838
v 0.658523 -0.050752 1.172336
v 0.654538 -0.052628 1.949198
v 0.799660 0.014514 0.951138
v 0.795565 0.004011 1.749460
v 0.799661 -0.032098 0.950706
v 0.795566 -0.036386 1.749086
v -0.799648 -0.032131 0.950720
v -0.795541 -0.036418 1.749099
v -0.799649 0.014480 0.951152
v -0.795541 0.003978 1.749473
vt 0.000000 0.000000
vt 0.000000 0.000000
vt 0.000000 0.000000
vt 0.000000 0.000000
vt 0.000000 0.000000
vt 0.000000 0.000000
vt 0.000000 0.000000
vt 0.000000 0.000000
vt 0.000000 0.000000
vt 0.000000 0.000000
vt 0.000000 0.000000
vt 0.000000 0.000000
vt 0.000000 0.000000
vt 0.000000 0.000000
vt 0.000000 0.000000
vt 0.000000 0.000000
vt 0.000000 0.000000
vt 0.000000 0.000000
vt 0.000000 0.000000
vt 0.000000 0.000000
vt 0.000000 0.000000
vt 0.000000 0.000000
vt 0.000000 0.000000
vt 0.000000 0.000000
vt 0.000000 0.000000
vt 0.000000 0.000000
vt 0.000000 0.000000
vt 0.000000 0.000000
vt 0.000000 0.000000
vt 0.000000 0.000000
vt 0.000000 0.000000
vt 0.000000 0.000000
vt 0.000000 0.000000
vt 0.000000 0.000000
vt 0.000000 0.000000
vt 0.000000 0.000000
vt 0.000000 0.000000
vt 0.000000 0.000000
vt 0.000000 0.000000
vt 0.000000 0.000000
vt 0.000000 0.000000
vt 0.000000 0.000000
vt 0.000000 0.000000
vt 0.000000 0.000000
vt 0.000000 0.000000
vt 0.000000 0.000000
vt 0.000000 0.000000
vt 0.000000 0.000000
vt 0.000000 0.000000
vt 0.000000 0.000000
vt 0.000000 0.000000
vt 0.000000 0.000000
vt 0.000000 0.000000
vt 0.000000 0.000000
vt 0.000000 0.000000
vt 0.000000 0.000000
vt 0.000000 0.000000
vt 0.000000 0.000000
vt 0.000000 0.000000
vt 0.000000 0.000000
vt 0.000000 0.000000
vt 0.000000 0.000000
vt 0.000000 0.000000
vt 0.000000 0.000000
vt 0.000000 0.000000
vt 0.000000 0.000000
vt 0.000000 0.000000
vt 0.000000 0.000000
vt 0.000000 0.000000
vt 0.000000 0.000000
vt 0.000000 0.000000
vt 0.000000 0.000000
vt 0.000000 0.000000
vt 0.000000 0.000000
vt 0.000000 0.000000
vt 0.000000 0.000000
vt 0.000000 0.000000
vt 0.000000 0.000000
vt 0.000000 0.000000
vt 0.000000 0.000000
vt 0.000000 0.000000
vt 0.000000 0.000000
vt 0.000000 0.000000
vt 0.000000 0.000000
vt 0.000000 0.000000
vt 0.000000 0.000000
vt 0.000000 0.000000
vt 0.000000 0.000000
vt 0.000000 0.000000
vt 0.000000 0.000000
vt 0.000000 0.000000
vt 0.000000 0.000000
vt 0.000000 0.000000
vt 0.000000 0.000000
vt 0.000000 0.000000
vt 0.000000 0.000000
vt 0.000000 0.000000
vt 0.000000 0.000000
vt 0.000000 0.000000
vt 0.000000 0.000000
vt 0.000000 0.000000
vt 0.000000 0.000000
vt 0.000000 0.000000
vt 0.000000 0.000000
vt 0.000000 0.000000
vt 0.000000 0.000000
vt 0.000000 0.000000
vt 0.000000 0.000000
vt 0.000000 0.000000
vt 0.000000 0.000000
vt 0.000000 0.000000
vt 0.000000 0.000000
vt 0.000000 0.000000
vt 0.000000 0.000000
vt 0.000000 0.000000
vt 0.000000 0.000000
vt 0.000000 0.000000
vt 0.000000 0.000000
vt 0.000000 0.000000
vt 0.000000 0.000000
vt 0.000000 0.000000
vt 0.000000 0.000000
vt 0.000000 0.000000
vt 0.000000 0.000000
vt 0.000000 0.000000
vt 0.000000 0.000000
vt 0.000000 0.000000
vt 0.000000 0.000000
vt 0.000000 0.000000
vt 0.000000 0.000000
vt 0.000000 0.000000
vt 0.000000 0.000000
vt 0.000000 0.000000
vt 0.000000 0.000000
vt 0.000000 0.000000
vt 0.000000 0.000000
vt 0.000000 0.000000
vt 0.000000 0.000000
vt 0.000000 0.000000
vt 0.000000 0.000000
vt 0.000000 0.000000
vt 0.000000 0.000000
vt 0.000000 0.000000
vt 0.000000 0.000000
vt 0.000000 0.000000
vt 0.000000 0.000000
vt 0.000000 0.000000
vt 0.000000 0.000000
vt 0.000000 0.000000
vt 0.000000 0.000000
vt 0.000000 0.000000
vt 0.000000 0.000000
vt 0.000000 0.000000
vt 0.000000 0.000000
vt 0.000000 0.000000
vt 0.000000 0.000000
vt 0.000000 0.000000
vt 0.000000 0.000000
vt 0.000000 0.000000
vt 0.000000 0.000000
vt 0.000000 0.000000
vt 0.000000 0.000000
vt 0.000000 0.000000
vt 0.000000 0.000000
vt 0.000000 0.000000
vt 0.000000 0.000000
vt 0.000000 0.000000
vt 0.000000 0.000000
vt 0.000000 0.000000
vt 0.000000 0.000000
vt 0.000000 0.000000
vt 0.000000 0.000000
vt 0.000000 0.000000
vt 0.000000 0.000000
vt 0.000000 0.000000
vt 0.000000 0.000000
vt 0.000000 0.000000
vt 0.000000 0.000000
vt 0.000000 0.000000
vt 0.000000 0.000000
vt 0.000000 0.000000
vt 0.000000 0.000000
vt 0.000000 0.000000
vt 0.000000 0.000000
vt 0.000000 0.000000
vt 0.000000 0.000000
vt 0.000000 0.000000
vt 0.000000 0.000000
vt 0.000000 0.000000
vt 0.000000 0.000000
vt 0.000000 0.000000
vt 0.000000 0.000000
vt 0.000000 0.000000
vt 0.000000 0.000000
vt 0.000000 0.000000
vt 0.000000 0.000000
vt 0.000000 0.000000
vt 0.000000 0.000000
vt 0.000000 0.000000
vt 0.000000 0.000000
vt 0.000000 0.000000
vt 0.000000 0.000000
vt 0.000000 0.000000
vt 0.000000 0.000000
vt 0.000000 0.000000
vt 0.000000 0.000000
vt 0.000000 0.000000
vt 0.000000 0.000000
vt 0.000000 0.000000
vt 0.000000 0.000000
vt 0.000000 0.000000
vt 0.000000 0.000000
vt 0.000000 0.000000
vt 0.000000 0.000000
vt 0.000000 0.000000
vt 0.000000 0.000000
vt 0.000000 0.000000
vt 0.000000 0.000000
vt 0.000000 0.000000
vt 0.000000 0.000000
vt 0.000000 0.000000
vt 0.000000 0.000000
vt 0.000000 0.000000
vt 0.000000 0.000000
vt 0.000000 0.000000
vt 0.000000 0.000000
vt 0.000000 0.000000
vt 0.000000 0.000000
vt 0.000000 0.000000
vt 0.000000 0.000000
vt 0.000000 0.000000
vt 0.000000 0.000000
vt 0.000000 0.000000
vt 0.000000 0.000000
vt 0.000000 0.000000
vt 0.000000 0.000000
vt 0.000000 0.000000
vt 0.000000 0.000000
vt 0.000000 0.000000
vt 0.000000 0.000000
vt 0.000000 0.000000
vt 0.000000 0.000000
vt 0.000000 0.000000
vt 0.000000 0.000000
vt 0.000000 0.000000
vt 0.000000 0.000000
vt 0.000000 0.000000
vt 0.000000 0.000000
vt 0.000000 0.000000
vt 0.000000 0.000000
vt 0.000000 0.000000
vt 0.000000 0.000000
vt 0.000000 0.000000
vt 0.000000 0.000000
vt 0.000000 0.000000
vt 0.000000 0.000000
vt 0.000000 0.000000
vt 0.000000 0.000000
vt 0.000000 0.000000
vt 0.000000 0.000000
vt 0.000000 0.000000
vt 0.000000 0.000000
vt 0.000000 0.000000
vt 0.000000 0.000000
vt 0.000000 0.000000
vt 0.000000 0.000000
vt 0.000000 0.000000
vt 0.000000 0.000000
vt 0.000000 0.000000
vt 0.000000 0.000000
vt 0.000000 0.000000
vt 0.000000 0.000000
vt 0.000000 0.000000
vt 0.000000 0.000000
vt 0.000000 0.000000
vt 0.000000 0.000000
vt 0.000000 0.000000
vt 0.000000 0.000000
vt 0.000000 0.000000
vt 0.000000 0.000000
vt 0.000000 0.000000
vt 0.000000 0.000000
vt 0.000000 0.000000
vt 0.000000 0.000000
vt 0.000000 0.000000
vt 0.000000 0.000000
vt 0.000000 0.000000
vt 0.000000 0.000000
vt 0.000000 0.000000
vt 0.000000 0.000000
vt 0.000000 0.000000
vt 0.000000 0.000000
vt 0.000000 0.000000
vt 0.000000 0.000000
vt 0.000000 0.000000
vt 0.000000 0.000000
vt 0.000000 0.000000
vt 0.000000 0.000000
vt 0.000000 0.000000
vt 0.000000 0.000000
vt 0.000000 0.000000
vt 0.000000 0.000000
vt 0.000000 0.000000
vt 0.000000 0.000000
vt 0.000000 0.000000
vt 0.000000 0.000000
vt 0.000000 0.000000
vt 0.000000 0.000000
vt 0.000000 0.000000
vt 0.000000 0.000000
vt 0.000000 0.000000
vt 0.000000 0.000000
vt 0.000000 0.000000
vt 0.000000 0.000000
vt 0.000000 0.000000
vt 0.000000 0.000000
vt 0.000000 0.000000
vt 0.000000 0.000000
vt 0.000000 0.000000
vt 0.000000 0.000000
vt 0.000000 0.000000
vt 0.000000 0.000000
vt 0.000000 0.000000
vt 0.000000 0.000000
vt 0.000000 0.000000
vt 0.000000 0.000000
vt 0.000000 0.000000
vt 0.000000 0.000000
vt 0.000000 0.000000
vt 0.000000 0.000000
vt 0.000000 0.000000
vt 0.000000 0.000000
vt 0.000000 0.000000
vt 0.000000 0.000000
vt 0.000000 0.000000
vt 0.000000 0.000000
vt 0.000000 0.000000
vt 0.000000 0.000000
vt 0.000000 0.000000
vt 0.000000 0.000000
vt 0.000000 0.000000
vt 0.000000 0.000000
vt 0.000000 0.000000
vt 0.000000 0.000000
vt 0.000000 0.000000
vt 0.000000 0.000000
vt 0.000000 0.000000
vt 0.000000 0.000000
vt 0.000000 0.000000
vt 0.000000 0.000000
vt 0.000000 0.000000
vt 0.000000 0.000000
vt 0.000000 0.000000
vt 0.000000 0.000000
vt 0.000000 0.000000
vt 0.000000 0.000000
vt 0.000000 0.000000
vt 0.000000 0.000000
vt 0.000000 0.000000
vt 0.000000 0.000000
vt 0.000000 0.000000
vt 0.000000 0.000000
vt 0.000000 0.000000
vt 0.000000 0.000000
vt 0.000000 0.000000
vt 0.000000 0.000000
vt 0.000000 0.000000
vt 0.000000 0.000000
vt 0.000000 0.000000
vt 0.000000 0.000000
vt 0.000000 0.000000
vt 0.000000 0.000000
vt 0.000000 0.000000
vt 0.000000 0.000000
vt 0.000000 0.000000
vt 0.000000 0.000000
vt 0.000000 0.000000
vt 0.000000 0.000000
vt 0.000000 0.000000
vt 0.000000 0.000000
vt 0.000000 0.000000
vt 0.000000 0.000000
vt 0.000000 0.000000
vt 0.000000 0.000000
vt 0.000000 0.000000
vt 0.000000 0.000000
vt 0.000000 0.000000
vt 0.000000 0.000000
vt 0.000000 0.000000
vt 0.000000 0.000000
vt 0.000000 0.000000
vt 0.000000 0.000000
vt 0.000000 0.000000
vt 0.000000 0.000000
vt 0.000000 0.000000
vt 0.000000 0.000000
vt 0.000000 0.000000
vt 0.000000 0.000000
vt 0.000000 0.000000
vt 0.000000 0.000000
vt 0.000000 0.000000
vt 0.000000 0.000000
vt 0.000000 0.000000
vt 0.000000 0.000000
vt 0.000000 0.000000
vt 0.000000 0.000000
vt 0.000000 0.000000
vt 0.000000 0.000000
vt 0.000000 0.000000
vt 0.000000 0.000000
vt 0.000000 0.000000
vt 0.000000 0.000000
vt 0.000000 0.000000
vt 0.000000 0.000000
vt 0.000000 0.000000
vt 0.000000 0.000000
vt 0.000000 0.000000
vt 0.000000 0.000000
vt 0.000000 0.000000
vt 0.000000 0.000000
vt 0.000000 0.000000
vt 0.000000 0.000000
vt 0.000000 0.000000
vt 0.000000 0.000000
vt 0.000000 0.000000
vt 0.000000 0.000000
vt 0.000000 0.000000
vt 0.000000 0.000000
vt 0.000000 0.000000
vt 0.000000 0.000000
vt 0.000000 0.000000
vt 0.000000 0.000000
vt 0.000000 0.000000
vt 0.000000 0.000000
vt 0.000000 0.000000
vt 0.000000 0.000000
vt 0.000000 0.000000
vt 0.000000 0.000000
vt 0.000000 0.000000
vt 0.000000 0.000000
vt 0.000000 0.000000
vt 0.000000 0.000000
vt 0.000000 0.000000
vt 0.000000 0.000000
vt 0.000000 0.000000
vt 0.000000 0.000000
vt 0.000000 0.000000
vt 0.000000 0.000000
vt 0.000000 0.000000
vt 0.000000 0.000000
vt 0.000000 0.000000
vt 0.000000 0.000000
vt 0.000000 0.000000
vt 0.000000 0.000000
vt 0.000000 0.000000
vt 0.000000 0.000000
vt 0.000000 0.000000
vt 0.000000 0.000000
vt 0.000000 0.000000
vt 0.000000 0.000000
vt 0.000000 0.000000
vt 0.000000 0.000000
vt 0.000000 0.000000
vt 0.000000 0.000000
vt 0.000000 0.000000
vt 0.000000 0.000000
vt 0.000000 0.000000
vt 0.000000 0.000000
vt 0.000000 0.000000
vt 0.000000 0.000000
vt 0.000000 0.000000
vt 0.000000 0.000000
vt 0.000000 0.000000
vt 0.000000 0.000000
vt 0.000000 0.000000
vt 0.000000 0.000000
vt 0.000000 0.000000
vt 0.000000 0.000000
vt 0.000000 0.000000
vt 0.000000 0.000000
vt 0.000000 0.000000
vt 0.000000 0.000000
vt 0.000000 0.000000
vt 0.000000 0.000000
vt 0.000000 0.000000
vt 0.000000 0.000000
vt 0.000000 0.000000
vt 0.000000 0.000000
vt 0.000000 0.000000
vt 0.000000 0.000000
vt 0.000000 0.000000
vt 0.000000 0.000000
vt 0.000000 0.000000
vt 0.000000 0.000000
vt 0.000000 0.000000
vt 0.000000 0.000000
vt 0.000000 0.000000
vt 0.000000 0.000000
vt 0.000000 0.000000
vt 0.000000 0.000000
vt 0.000000 0.000000
vt 0.000000 0.000000
vt 0.000000 0.000000
vt 0.000000 0.000000
vt 0.000000 0.000000
vt 0.000000 0.000000
vt 0.000000 0.000000
vt 0.000000 0.000000
vt 0.000000 0.000000
vt 0.000000 0.000000
vt 0.000000 0.000000
vt 0.000000 0.000000
vt 0.000000 0.000000
vt 0.000000 0.000000
vt 0.000000 0.000000
vt 0.000000 0.000000
vt 0.000000 0.000000
vt 0.000000 0.000000
vt 0.000000 0.000000
vt 0.000000 0.000000
vt 0.000000 0.000000
vt 0.000000 0.000000
vt 0.000000 0.000000
vt 0.000000 0.000000
vt 0.000000 0.000000
vt 0.000000 0.000000
vt 0.000000 0.000000
vt 0.000000 0.000000
vt 0.000000 0.000000
vt 0.000000 0.000000
vt 0.000000 0.000000
vt 0.000000 0.000000
vt 0.000000 0.000000
vt 0.000000 0.000000
vt 0.000000 0.000000
vt 0.000000 0.000000
vt 0.000000 0.000000
vt 0.000000 0.000000
vt 0.000000 0.000000
vt 0.000000 0.000000
vt 0.000000 0.000000
vt 0.000000 0.000000
vt 0.000000 0.000000
vt 0.000000 0.000000
vt 0.000000 0.000000
vt 0.000000 0.000000
vt 0.000000 0.000000
vt 0.000000 0.000000
vt 0.000000 0.000000
vt 0.000000 0.000000
vt 0.000000 0.000000
vt 0.000000 0.000000
vt 0.000000 0.000000
vt 0.000000 0.000000
vt 0.000000 0.000000
vt 0.000000 0.000000
vt 0.000000 0.000000
vt 0.000000 0.000000
vt 0.000000 0.000000
vt 0.000000 0.000000
vt 0.000000 0.000000
vt 0.000000 0.000000
vt 0.000000 0.000000
vt 0.000000 0.000000
vt 0.000000 0.000000
vt 0.000000 0.000000
vt 0.000000 0.000000
vt 0.000000 0.000000
vt 0.000000 0.000000
vt 0.000000 0.000000
vt 0.000000 0.000000
vt 0.000000 0.000000
vt 0.000000 0.000000
vt 0.000000 0.000000
vt 0.000000 0.000000
vt 0.000000 0.000000
vt 0.000000 0.000000
vt 0.000000 0.000000
vt 0.000000 0.000000
vt 0.000000 0.000000
vt 0.000000 0.000000
vt 0.000000 0.000000
vt 0.000000 0.000000
vt 0.000000 0.000000
vt 0.000000 0.000000
vt 0.000000 0.000000
vt 0.000000 0.000000
vt 0.000000 0.000000
vt 0.000000 0.000000
vt 0.000000 0.000000
vt 0.000000 0.000000
vt 0.000000 0.000000
vt 0.000000 0.000000
vt 0.000000 0.000000
vt 0.000000 0.000000
vt 0.000000 0.000000
vt 0.000000 0.000000
vt 0.000000 0.000000
vt 0.000000 0.000000
vt 0.000000 0.000000
vt 0.000000 0.000000
vt 0.000000 0.000000
vt 0.000000 0.000000
vt 0.000000 0.000000
vt 0.000000 0.000000
vt 0.000000 0.000000
vt 0.000000 0.000000
vt 0.000000 0.000000
vt 0.000000 0.000000
vt 0.000000 0.000000
vt 0.000000 0.000000
vt 0.000000 0.000000
vt 0.000000 0.000000
vt 0.000000 0.000000
vt 0.000000 0.000000
vt 0.000000 0.000000
vt 0.000000 0.000000
vt 0.000000 0.000000
vt 0.000000 0.000000
vt 0.000000 0.000000
vt 0.000000 0.000000
vt 0.000000 0.000000
vt 0.000000 0.000000
vt 0.000000 0.000000
vt 0.000000 0.000000
vt 0.000000 0.000000
vt 0.000000 0.000000
vt 0.000000 0.000000
vt 0.000000 0.000000
vt 0.000000 0.000000
vt 0.000000 0.000000
vt 0.000000 0.000000
vt 0.000000 0.000000
vt 0.000000 0.000000
vt 0.000000 0.000000
vt 0.000000 0.000000
vt 0.000000 0.000000
vt 0.000000 0.000000
vt 0.000000 0.000000
vt 0.000000 0.000000
vt 0.000000 0.000000
vt 0.000000 0.000000
vt 0.000000 0.000000
vt 0.000000 0.000000
vt 0.000000 0.000000
vt 0.000000 0.000000
vt 0.000000 0.000000
vt 0.000000 0.000000
vt 0.000000 0.000000
vt 0.000000 0.000000
vt 0.000000 0.000000
vt 0.000000 0.000000
vt 0.000000 0.000000
vt 0.000000 0.000000
vt 0.000000 0.000000
vt 0.000000 0.000000
vt 0.000000 0.000000
vt 0.000000 0.000000
vt 0.000000 0.000000
vt 0.000000 0.000000
vt 0.000000 0.000000
vt 0.000000 0.000000
vt 0.000000 0.000000
vt 0.000000 0.000000
vt 0.000000 0.000000
vt 0.000000 0.000000
vt 0.000000 0.000000
vt 0.000000 0.000000
vt 0.000000 0.000000
vt 0.000000 0.000000
vt 0.000000 0.000000
vt 0.000000 0.000000
vt 0.000000 0.000000
vt 0.000000 0.000000
vt 0.000000 0.000000
vt 0.000000 0.000000
vt 0.000000 0.000000
vt 0.000000 0.000000
vt 0.000000 0.000000
vt 0.000000 0.000000
vt 0.000000 0.000000
vt 0.000000 0.000000
vt 0.000000 0.000000
vt 0.000000 0.000000
vt 0.000000 0.000000
vt 0.000000 0.000000
vt 0.000000 0.000000
vt 0.000000 0.000000
vt 0.000000 0.000000
vt 0.000000 0.000000
vt 0.000000 0.000000
vt 0.000000 0.000000
vt 0.000000 0.000000
vt 0.000000 0.000000
vt 0.000000 0.000000
vt 0.000000 0.000000
vt 0.000000 0.000000
vt 0.000000 0.000000
vt 0.000000 0.000000
vt 0.000000 0.000000
vt 0.000000 0.000000
vt 0.000000 0.000000
vt 0.000000 0.000000
vt 0.000000 0.000000
vt 0.000000 0.000000
vt 0.000000 0.000000
vt 0.000000 0.000000
vt 0.000000 0.000000
vt 0.000000 0.000000
vt 0.000000 0.000000
vt 0.000000 0.000000
vt 0.000000 0.000000
vt 0.000000 0.000000
vt 0.000000 0.000000
vt 0.000000 0.000000
vt 0.000000 0.000000
vt 0.000000 0.000000
vt 0.000000 0.000000
vt 0.000000 0.000000
vt 0.000000 0.000000
vt 0.000000 0.000000
vt 0.000000 0.000000
vt 0.000000 0.000000
vt 0.000000 0.000000
vt 0.000000 0.000000
vt 0.000000 0.000000
vt 0.000000 0.000000
vt 0.000000 0.000000
vt 0.000000 0.000000
vt 0.000000 0.000000
vt 0.000000 0.000000
vt 0.000000 0.000000
vt 0.000000 0.000000
vt 0.000000 0.000000
vt 0.000000 0.000000
vt 0.000000 0.000000
vt 0.000000 0.000000
vt 0.000000 0.000000
vt 0.000000 0.000000
vt 0.000000 0.000000
vt 0.000000 0.000000
vt 0.000000 0.000000
vt 0.000000 0.000000
vt 0.000000 0.000000
vt 0.000000 0.000000
vt 0.000000 0.000000
vt 0.000000 0.000000
vt 0.000000 0.000000
vt 0.000000 0.000000
vt 0.000000 0.000000
vt 0.000000 0.000000
vt 0.000000 0.000000
vt 0.000000 0.000000
vt 0.000000 0.000000
vt 0.000000 0.000000
vt 0.000000 0.000000
vt 0.000000 0.000000
vt 0.000000 0.000000
vt 0.000000 0.000000
vt 0.000000 0.000000
vt 0.000000 0.000000
vt 0.000000 0.000000
vt 0.000000 0.000000
vt 0.000000 0.000000
vt 0.000000 0.000000
vt 0.000000 0.000000
vt 0.000000 0.000000
vt 0.000000 0.000000
vt 0.000000 0.000000
vt 0.000000 0.000000
vt 0.000000 0.000000
vt 0.000000 0.000000
vt 0.000000 0.000000
vt 0.000000 0.000000
vt 0.000000 0.000000
vt 0.000000 0.000000
vt 0.000000 0.000000
vt 0.000000 0.000000
vt 0.000000 0.000000
vt 0.000000 0.000000
vt 0.000000 0.000000
vt 0.000000 0.000000
vt 0.000000 0.000000
vt 0.000000 0.000000
vt 0.000000 0.000000
vt 0.000000 0.000000
vt 0.000000 0.000000
vt 0.000000 0.000000
vt 0.000000 0.000000
vt 0.000000 0.000000
vt 0.000000 0.000000
vt 0.000000 0.000000
vt 0.000000 0.000000
vt 0.000000 0.000000
vt 0.000000 0.000000
vt 0.000000 0.000000
vt 0.000000 0.000000
vt 0.000000 0.000000
vt 0.000000 0.000000
vt 0.000000 0.000000
vt 0.000000 0.000000
vt 0.000000 0.000000
vt 0.000000 0.000000
vt 0.000000 0.000000
vt 0.000000 0.000000
vt 0.000000 0.000000
vt 0.000000 0.000000
vt 0.000000 0.000000
vt 0.000000 0.000000
vt 0.000000 0.000000
vt 0.000000 0.000000
vt 0.000000 0.000000
vt 0.000000 0.000000
vt 0.000000 0.000000
vt 0.000000 0.000000
vt 0.000000 0.000000
vt 0.000000 0.000000
vt 0.000000 0.000000
vt 0.000000 0.000000
vt 0.000000 0.000000
vt 0.000000 0.000000
vt 0.000000 0.000000
vt 0.000000 0.000000
vt 0.000000 0.000000
vt 0.000000 0.000000
vt 0.000000 0.000000
vt 0.000000 0.000000
vt 0.000000 0.000000
vt 0.000000 0.000000
vt 0.000000 0.000000
vt 0.000000 0.000000
vt 0.000000 0.000000
vt 0.000000 0.000000
vt 0.000000 0.000000
vt 0.000000 0.000000
vt 0.000000 0.000000
vt 0.000000 0.000000
vt 0.000000 0.000000
vt 0.000000 0.000000
vt 0.000000 0.000000
vt 0.000000 0.000000
vt 0.000000 0.000000
vt 0.000000 0.000000
vt 0.000000 0.000000
vt 0.000000 0.000000
vt 0.000000 0.000000
vt 0.000000 0.000000
vt 0.000000 0.000000
vt 0.000000 0.000000
vt 0.000000 0.000000
vt 0.000000 0.000000
vt 0.000000 0.000000
vt 0.000000 0.000000
vt 0.000000 0.000000
vt 0.000000 0.000000
vt 0.000000 0.000000
vt 0.000000 0.000000
vt 0.000000 0.000000
vt 0.000000 0.000000
vt 0.000000 0.000000
vt 0.000000 0.000000
vt 0.000000 0.000000
vt 0.000000 0.000000
vt 0.000000 0.000000
vt 0.000000 0.000000
vt 0.000000 0.000000
vt 0.000000 0.000000
vt 0.000000 0.000000
vt 0.000000 0.000000
vt 0.000000 0.000000
vt 0.000000 0.000000
vt 0.000000 0.000000
vt 0.000000 0.000000
vt 0.000000 0.000000
vt 0.000000 0.000000
vt 0.000000 0.000000
vt 0.000000 0.000000
vt 0.000000 0.000000
vt 0.000000 0.000000
vt 0.000000 0.000000
vt 0.000000 0.000000
vt 0.000000 0.000000
vt 0.000000 0.000000
vt 0.000000 0.000000
vt 0.000000 0.000000
vt 0.000000 0.000000
vt 0.000000 0.000000
vt 0.000000 0.000000
vt 0.000000 0.000000
vt 0.000000 0.000000
vt 0.000000 0.000000
vt 0.000000 0.000000
vt 0.000000 0.000000
vt 0.000000 0.000000
vt 0.000000 0.000000
vt 0.000000 0.000000
vt 0.000000 0.000000
vt 0.000000 0.000000
vt 0.000000 0.000000
vt 0.000000 0.000000
vt 0.000000 0.000000
vt 0.000000 0.000000
vt 0.000000 0.000000
vt 0.000000 0.000000
vt 0.000000 0.000000
vt 0.000000 0.000000
vt 0.000000 0.000000
vt 0.000000 0.000000
vt 0.000000 0.000000
vt 0.000000 0.000000
vt 0.000000 0.000000
vt 0.000000 0.000000
vt 0.000000 0.000000
vt 0.000000 0.000000
vt 0.000000 0.000000
vt 0.000000 0.000000
vt 0.000000 0.000000
vt 0.000000 0.000000
vt 0.000000 0.000000
vt 0.000000 0.000000
vt 0.000000 0.000000
vt 0.000000 0.000000
vt 0.000000 0.000000
vt 0.000000 0.000000
vt 0.000000 0.000000
vt 0.000000 0.000000
vt 0.000000 0.000000
vt 0.000000 0.000000
vt 0.000000 0.000000
vt 0.000000 0.000000
vt 0.000000 0.000000
vt 0.000000 0.000000
vt 0.000000 0.000000
vt 0.000000 0.000000
vt 0.000000 0.000000
vt 0.000000 0.000000
vt 0.000000 0.000000
vt 0.000000 0.000000
vt 0.000000 0.000000
vt 0.000000 0.000000
vt 0.000000 0.000000
vt 0.000000 0.000000
vt 0.000000 0.000000
vt 0.000000 0.000000
vt 0.000000 0.000000
vt 0.000000 0.000000
vt 0.000000 0.000000
vt 0.000000 0.000000
vt 0.000000 0.000000
vt 0.000000 0.000000
vt 0.000000 0.000000
vt 0.000000 0.000000
vt 0.000000 0.000000
vt 0.000000 0.000000
vt 0.000000 0.000000
vt 0.000000 0.000000
vt 0.000000 0.000000
vt 0.000000 0.000000
vt 0.000000 0.000000
vt 0.000000 0.000000
vt 0.000000 0.000000
vt 0.000000 0.000000
vt 0.000000 0.000000
vt 0.000000 0.000000
vt 0.000000 0.000000
vt 0.000000 0.000000
vt 0.000000 0.000000
vt 0.000000 0.000000
vt 0.000000 0.000000
vt 0.000000 0.000000
vt 0.000000 0.000000
vt 0.000000 0.000000
vt 0.000000 0.000000
vt 0.000000 0.000000
vt 0.000000 0.000000
vt 0.000000 0.000000
vt 0.000000 0.000000
vt 0.000000 0.000000
vt 0.000000 0.000000
vt 0.000000 0.000000
vt 0.000000 0.000000
vt 0.000000 0.000000
vt 0.000000 0.000000
vt 0.000000 0.000000
vt 0.000000 0.000000
vt 0.000000 0.000000
vt 0.000000 0.000000
vt 0.000000 0.000000
vt 0.000000 0.000000
vt 0.000000 0.000000
vt 0.000000 0.000000
vt 0.000000 0.000000
vt 0.000000 0.000000
vt 0.000000 0.000000
vt 0.000000 0.000000
vt 0.000000 0.000000
vt 0.000000 0.000000
vt 0.000000 0.000000
vt 0.000000 0.000000
vt 0.000000 0.000000
vt 0.000000 0.000000
vt 0.000000 0.000000
vt 0.000000 0.000000
vt 0.000000 0.000000
vt 0.000000 0.000000
vt 0.000000 0.000000
vt 0.000000 0.000000
vt 0.000000 0.000000
vt 0.000000 0.000000
vt 0.000000 0.000000
vt 0.000000 0.000000
vt 0.000000 0.000000
vt 0.000000 0.000000
vt 0.000000 0.000000
vt 0.000000 0.000000
vt 0.000000 0.000000
vt 0.000000 0.000000
vt 0.000000 0.000000
vt 0.000000 0.000000
vt 0.000000 0.000000
vt 0.000000 0.000000
vt 0.000000 0.000000
vt 0.000000 0.000000
vt 0.000000 0.000000
vt 0.000000 0.000000
vt 0.000000 0.000000
vt 0.000000 0.000000
vt 0.000000 0.000000
vt 0.000000 0.000000
vt 0.000000 0.000000
vt 0.000000 0.000000
vt 0.000000 0.000000
vt 0.000000 0.000000
vt 0.000000 0.000000
vt 0.000000 0.000000
vt 0.000000 0.000000
vt 0.000000 0.000000
vt 0.000000 0.000000
vt 0.000000 0.000000
vt 0.000000 0.000000
vt 0.000000 0.000000
vt 0.000000 0.000000
vt 0.000000 0.000000
vt 0.000000 0.000000
vt 0.000000 0.000000
vt 0.000000 0.000000
vt 0.000000 0.000000
vt 0.000000 0.000000
vt 0.000000 0.000000
vt 0.000000 0.000000
vt 0.000000 0.000000
vt 0.000000 0.000000
vt 0.000000 0.000000
vt 0.000000 0.000000
vt 0.000000 0.000000
vt 0.000000 0.000000
vt 0.000000 0.000000
vt 0.000000 0.000000
vt 0.000000 0.000000
vt 0.000000 0.000000
vt 0.000000 0.000000
vt 0.000000 0.000000
vt 0.000000 0.000000
vt 0.000000 0.000000
vt 0.000000 0.000000
vt 0.000000 0.000000
vt 0.000000 0.000000
vt 0.000000 0.000000
vt 0.000000 0.000000
vt 0.000000 0.000000
vt 0.000000 0.000000
vt 0.000000 0.000000
vt 0.000000 0.000000
vt 0.000000 0.000000
vt 0.000000 0.000000
vt 0.000000 0.000000
vt 0.000000 0.000000
vt 0.000000 0.000000
vt 0.000000 0.000000
vt 0.000000 0.000000
vt 0.000000 0.000000
vt 0.000000 0.000000
vt 0.000000 0.000000
vt 0.000000 0.000000
vt 0.000000 0.000000
vt 0.000000 0.000000
vt 0.000000 0.000000
vt 0.000000 0.000000
vt 0.000000 0.000000
vt 0.000000 0.000000
vt 0.000000 0.000000
vt 0.000000 0.000000
vt 0.000000 0.000000
vt 0.000000 0.000000
vt 0.000000 0.000000
vt 0.000000 0.000000
vt 0.000000 0.000000
vt 0.000000 0.000000
vt 0.000000 0.000000
vt 0.000000 0.000000
vt 0.000000 0.000000
vt 0.000000 0.000000
vt 0.000000 0.000000
vt 0.000000 0.000000
vt 0.000000 0.000000
vt 0.000000 0.000000
vt 0.000000 0.000000
vt 0.000000 0.000000
vt 0.000000 0.000000
vt 0.000000 0.000000
vt 0.000000 0.000000
vt 0.000000 0.000000
vt 0.000000 0.000000
vt 0.000000 0.000000
vt 0.000000 0.000000
vt 0.000000 0.000000
vt 0.000000 0.000000
vt 0.000000 0.000000
vt 0.000000 0.000000
vt 0.000000 0.000000
vt 0.000000 0.000000
vt 0.000000 0.000000
vt 0.000000 0.000000
vt 0.000000 0.000000
vt 0.000000 0.000000
vt 0.000000 0.000000
vt 0.000000 0.000000
vt 0.000000 0.000000
vt 0.000000 0.000000
vt 0.000000 0.000000
vt 0.000000 0.000000
vt 0.000000 0.000000
vt 0.000000 0.000000
vt 0.000000 0.000000
vt 0.000000 0.000000
vt 0.000000 0.000000
vt 0.000000 0.000000
vt 0.000000 0.000000
vt 0.000000 0.000000
vt 0.000000 0.000000
vt 0.000000 0.000000
vt 0.000000 0.000000
vt 0.000000 0.000000
vt 0.000000 0.000000
vt 0.000000 0.000000
vt 0.000000 0.000000
vt 0.000000 0.000000
vt 0.000000 0.000000
vt 0.000000 0.000000
vt 0.000000 0.000000
vt 0.000000 0.000000
vt 0.000000 0.000000
vt 0.000000 0.000000
vt 0.000000 0.000000
vt 0.000000 0.000000
vt 0.000000 0.000000
vt 0.000000 0.000000
vt 0.000000 0.000000
vt 0.000000 0.000000
vt 0.000000 0.000000
vt 0.000000 0.000000
vt 0.000000 0.000000
vt 0.000000 0.000000
vt 0.000000 0.000000
vt 0.000000 0.000000
vt 0.000000 0.000000
vt 0.000000 0.000000
vt 0.000000 0.000000
vt 0.000000 0.000000
vt 0.000000 0.000000
vt 0.000000 0.000000
vt 0.000000 0.000000
vt 0.000000 0.000000
vt 0.000000 0.000000
vt 0.000000 0.000000
vt 0.000000 0.000000
vt 0.000000 0.000000
vt 0.000000 0.000000
vt 0.000000 0.000000
vt 0.000000 0.000000
vt 0.000000 0.000000
vt 0.000000 0.000000
vt 0.000000 0.000000
vt 0.000000 0.000000
vt 0.000000 0.000000
vt 0.000000 0.000000
vt 0.000000 0.000000
vt 0.000000 0.000000
vt 0.000000 0.000000
vt 0.000000 0.000000
vt 0.000000 0.000000
vt 0.000000 0.000000
vt 0.000000 0.000000
vt 0.000000 0.000000
vt 0.000000 0.000000
vt 0.000000 0.000000
vt 0.000000 0.000000
vt 0.000000 0.000000
vt 0.000000 0.000000
vt 0.000000 0.000000
vt 0.000000 0.000000
vt 0.000000 0.000000
vt 0.000000 0.000000
vt 0.000000 0.000000
vt 0.000000 0.000000
vt 0.000000 0.000000
vt 0.000000 0.000000
vt 0.000000 0.000000
vt 0.000000 0.000000
vt 0.000000 0.000000
vt 0.000000 0.000000
vt 0.000000 0.000000
vt 0.000000 0.000000
vt 0.000000 0.000000
vt 0.000000 0.000000
vt 0.000000 0.000000
vt 0.000000 0.000000
vt 0.000000 0.000000
vt 0.000000 0.000000
vt 0.000000 0.000000
vt 0.000000 0.000000
vt 0.000000 0.000000
vt 0.000000 0.000000
vt 0.000000 0.000000
vt 0.000000 0.000000
vt 0.000000 0.000000
vt 0.000000 0.000000
vt 0.000000 0.000000
vt 0.000000 0.000000
vt 0.000000 0.000000
vt 0.000000 0.000000
vt 0.000000 0.000000
vt 0.000000 0.000000
vt 0.000000 0.000000
vt 0.000000 0.000000
vt 0.000000 0.000000
vt 0.000000 0.000000
vt 0.000000 0.000000
vt 0.000000 0.000000
vt 0.000000 0.000000
vt 0.000000 0.000000
vt 0.000000 0.000000
vt 0.000000 0.000000
vt 0.000000 0.000000
vt 0.000000 0.000000
vt 0.000000 0.000000
vt 0.000000 0.000000
vt 0.000000 0.000000
vt 0.000000 0.000000
vt 0.000000 0.000000
vt 0.000000 0.000000
vt 0.000000 0.000000
vt 0.000000 0.000000
vt 0.000000 0.000000
vt 0.000000 0.000000
vt 0.000000 0.000000
vt 0.000000 0.000000
vt 0.000000 0.000000
vt 0.000000 0.000000
vt 0.000000 0.000000
vt 0.000000 0.000000
vt 0.000000 0.000000
vt 0.000000 0.000000
vt 0.000000 0.000000
vt 0.000000 0.000000
vt 0.000000 0.000000
vt 0.000000 0.000000
vt 0.000000 0.000000
vt 0.000000 0.000000
vt 0.000000 0.000000
vt 0.000000 0.000000
vt 0.000000 0.000000
vt 0.000000 0.000000
vt 0.000000 0.000000
vt 0.000000 0.000000
vt 0.000000 0.000000
vt 0.000000 0.000000
vt 0.000000 0.000000
vt 0.000000 0.000000
vt 0.000000 0.000000
vt 0.000000 0.000000
vt 0.000000 0.000000
vt 0.000000 0.000000
vt 0.000000 0.000000
vt 0.000000 0.000000
vt 0.000000 0.000000
vt 0.000000 0.000000
vt 0.000000 0.000000
vt 0.000000 0.000000
vt 0.000000 0.000000
vt 0.000000 0.000000
vt 0.000000 0.000000
vt 0.000000 0.000000
vt 0.000000 0.000000
vt 0.000000 0.000000
vt 0.000000 0.000000
vt 0.000000 0.000000
vt 0.000000 0.000000
vt 0.000000 0.000000
vt 0.000000 0.000000
vt 0.000000 0.000000
vt 0.000000 0.000000
vt 0.000000 0.000000
vt 0.000000 0.000000
vt 0.000000 0.000000
vt 0.000000 0.000000
vt 0.000000 0.000000
vt 0.000000 0.000000
vt 0.000000 0.000000
vt 0.000000 0.000000
vt 0.000000 0.000000
vt 0.000000 0.000000
vt 0.000000 0.000000
vt 0.000000 0.000000
vt 0.000000 0.000000
vt 0.000000 0.000000
vt 0.000000 0.000000
vt 0.000000 0.000000
vt 0.000000 0.000000
vt 0.000000 0.000000
vt 0.000000 0.000000
vt 0.000000 0.000000
vt 0.000000 0.000000
vt 0.000000 0.000000
vt 0.000000 0.000000
vt 0.000000 0.000000
vt 0.000000 0.000000
vt 0.000000 0.000000
vt 0.000000 0.000000
vt 0.000000 0.000000
vt 0.000000 0.000000
vt 0.000000 0.000000
vt 0.000000 0.000000
vt 0.000000 0.000000
vt 0.000000 0.000000
vt 0.000000 0.000000
vt 0.000000 0.000000
vt 0.000000 0.000000
vt 0.000000 0.000000
vt 0.000000 0.000000
vt 0.000000 0.000000
vt 0.000000 0.000000
vt 0.000000 0.000000
vt 0.000000 0.000000
vt 0.000000 0.000000
vt 0.000000 0.000000
vt 0.000000 0.000000
vt 0.000000 0.000000
vt 0.000000 0.000000
vt 0.000000 0.000000
vt 0.000000 0.000000
vt 0.000000 0.000000
vt 0.000000 0.000000
vt 0.000000 0.000000
vt 0.000000 0.000000
vt 0.000000 0.000000
vt 0.000000 0.000000
vt 0.000000 0.000000
vt 0.000000 0.000000
vt 0.000000 0.000000
vt 0.000000 0.000000
vt 0.000000 0.000000
vt 0.000000 0.000000
vt 0.000000 0.000000
vt 0.000000 0.000000
vt 0.000000 0.000000
vt 0.000000 0.000000
vt 0.000000 0.000000
vt 0.000000 0.000000
vt 0.000000 0.000000
vt 0.000000 0.000000
vt 0.000000 0.000000
vt 0.000000 0.000000
vt 0.000000 0.000000
vt 0.000000 0.000000
vt 0.000000 0.000000
vt 0.000000 0.000000
vt 0.000000 0.000000
vt 0.000000 0.000000
vt 0.000000 0.000000
vt 0.000000 0.000000
vt 0.000000 0.000000
vt 0.000000 0.000000
vt 0.000000 0.000000
vt 0.000000 0.000000
vt 0.000000 0.000000
vt 0.000000 0.000000
vt 0.000000 0.000000
vt 0.000000 0.000000
vt 0.000000 0.000000
vt 0.000000 0.000000
vt 0.000000 0.000000
vt 0.000000 0.000000
vt 0.000000 0.000000
vt 0.000000 0.000000
vt 0.000000 0.000000
vt 0.000000 0.000000
vt 0.000000 0.000000
vt 0.000000 0.000000
vt 0.000000 0.000000
vt 0.000000 0.000000
vt 0.000000 0.000000
vt 0.000000 0.000000
vt 0.000000 0.000000
vt 0.000000 0.000000
vt 0.000000 0.000000
vt 0.000000 0.000000
vt 0.000000 0.000000
vt 0.000000 0.000000
vt 0.000000 0.000000
vt 0.000000 0.000000
vt 0.000000 0.000000
vt 0.000000 0.000000
vt 0.000000 0.000000
vt 0.000000 0.000000
vt 0.000000 0.000000
vt 0.000000 0.000000
vt 0.000000 0.000000
vt 0.000000 0.000000
vt 0.000000 0.000000
vt 0.000000 0.000000
vt 0.000000 0.000000
vt 0.000000 0.000000
vt 0.000000 0.000000
vt 0.000000 0.000000
vt 0.000000 0.000000
vt 0.000000 0.000000
vt 0.000000 0.000000
vt 0.000000 0.000000
vt 0.000000 0.000000
vt 0.000000 0.000000
vt 0.000000 0.000000
vt 0.000000 0.000000
vt 0.000000 0.000000
vt 0.000000 0.000000
vt 0.000000 0.000000
vt 0.000000 0.000000
vt 0.000000 0.000000
vt 0.000000 0.000000
vt 0.000000 0.000000
vt 0.000000 0.000000
vt 0.000000 0.000000
vt 0.000000 0.000000
vt 0.000000 0.000000
vt 0.000000 0.000000
vt 0.000000 0.000000
vt 0.000000 0.000000
vt 0.000000 0.000000
vt 0.000000 0.000000
vt 0.000000 0.000000
vt 0.000000 0.000000
vt 0.000000 0.000000
vt 0.000000 0.000000
vt 0.000000 0.000000
vt 0.000000 0.000000
vt 0.000000 0.000000
vt 0.000000 0.000000
vt 0.000000 0.000000
vt 0.000000 0.000000
vt 0.000000 0.000000
vt 0.000000 0.000000
vt 0.000000 0.000000
vt 0.000000 0.000000
vt 0.000000 0.000000
vt 0.000000 0.000000
vt 0.000000 0.000000
vt 0.000000 0.000000
vt 0.000000 0.000000
vt 0.000000 0.000000
vt 0.000000 0.000000
vt 0.000000 0.000000
vt 0.000000 0.000000
vt 0.000000 0.000000
vt 0.000000 0.000000
vt 0.000000 0.000000
vt 0.000000 0.000000
vt 0.000000 0.000000
vt 0.000000 0.000000
vt 0.000000 0.000000
vt 0.000000 0.000000
vt 0.000000 0.000000
vt 0.000000 0.000000
vt 0.000000 0.000000
vt 0.000000 0.000000
vt 0.000000 0.000000
vt 0.000000 0.000000
vt 0.000000 0.000000
vt 0.000000 0.000000
vt 0.000000 0.000000
vt 0.000000 0.000000
vt 0.000000 0.000000
vt 0.000000 0.000000
vt 0.000000 0.000000
vt 0.000000 0.000000
vt 0.000000 0.000000
vt 0.000000 0.000000
vt 0.000000 0.000000
vt 0.000000 0.000000
vt 0.000000 0.000000
vt 0.000000 0.000000
vt 0.000000 0.000000
vt 0.000000 0.000000
vt 0.000000 0.000000
vt 0.000000 0.000000
vt 0.000000 0.000000
vt 0.000000 0.000000
vt 0.000000 0.000000
vt 0.000000 0.000000
vt 0.000000 0.000000
vt 0.000000 0.000000
vt 0.000000 0.000000
vt 0.000000 0.000000
vt 0.000000 0.000000
vt 0.000000 0.000000
vt 0.000000 0.000000
vt 0.000000 0.000000
vt 0.000000 0.000000
vt 0.000000 0.000000
vt 0.000000 0.000000
vt 0.000000 0.000000
vt 0.000000 0.000000
vt 0.000000 0.000000
vt 0.000000 0.000000
vt 0.000000 0.000000
vt 0.000000 0.000000
vt 0.000000 0.000000
vt 0.000000 0.000000
vt 0.000000 0.000000
vt 0.000000 0.000000
vt 0.000000 0.000000
vt 0.000000 0.000000
vt 0.000000 0.000000
vt 0.000000 0.000000
vt 0.000000 0.000000
vt 0.000000 0.000000
vt 0.000000 0.000000
vt 0.000000 0.000000
vt 0.000000 0.000000
vt 0.000000 0.000000
vt 0.000000 0.000000
vt 0.000000 0.000000
vt 0.000000 0.000000
vt 0.000000 0.000000
vt 0.000000 0.000000
vt 0.000000 0.000000
vt 0.000000 0.000000
vt 0.000000 0.000000
vt 0.000000 0.000000
vt 0.000000 0.000000
vt 0.000000 0.000000
vt 0.000000 0.000000
vt 0.000000 0.000000
vt 0.000000 0.000000
vt 0.000000 0.000000
vt 0.000000 0.000000
vt 0.000000 0.000000
vt 0.000000 0.000000
vt 0.000000 0.000000
vt 0.000000 0.000000
vt 0.000000 0.000000
vt 0.000000 0.000000
vt 0.000000 0.000000
vt 0.000000 0.000000
vt 0.000000 0.000000
vt 0.000000 0.000000
vt 0.000000 0.000000
vt 0.000000 0.000000
vt 0.000000 0.000000
vt 0.000000 0.000000
vt 0.000000 0.000000
vt 0.000000 0.000000
vt 0.000000 0.000000
vt 0.000000 0.000000
vt 0.000000 0.000000
vt 0.000000 0.000000
vt 0.000000 0.000000
vt 0.000000 0.000000
vt 0.000000 0.000000
vt 0.000000 0.000000
vt 0.000000 0.000000
vt 0.000000 0.000000
vt 0.000000 0.000000
vt 0.000000 0.000000
vt 0.000000 0.000000
vt 0.000000 0.000000
vt 0.000000 0.000000
vt 0.000000 0.000000
vt 0.000000 0.000000
vt 0.000000 0.000000
vt 0.000000 0.000000
vt 0.000000 0.000000
vt 0.000000 0.000000
vt 0.000000 0.000000
vt 0.000000 0.000000
vt 0.000000 0.000000
vt 0.000000 0.000000
vt 0.000000 0.000000
vt 0.000000 0.000000
vt 0.000000 0.000000
vt 0.000000 0.000000
vt 0.000000 0.000000
vt 0.000000 0.000000
vt 0.000000 0.000000
vt 0.000000 0.000000
vt 0.000000 0.000000
vt 0.000000 0.000000
vt 0.000000 0.000000
vt 0.000000 0.000000
vt 0.000000 0.000000
vt 0.000000 0.000000
vt 0.000000 0.000000
vt 0.000000 0.000000
vt 0.000000 0.000000
vt 0.000000 0.000000
vt 0.000000 0.000000
vt 0.000000 0.000000
vt 0.000000 0.000000
vt 0.000000 0.000000
vt 0.000000 0.000000
vt 0.000000 0.000000
vt 0.000000 0.000000
vt 0.000000 0.000000
vt 0.000000 0.000000
vt 0.000000 0.000000
vt 0.000000 0.000000
vt 0.000000 0.000000
vt 0.000000 0.000000
vt 0.000000 0.000000
vt 0.000000 0.000000
vt 0.000000 0.000000
vt 0.000000 0.000000
vt 0.000000 0.000000
vt 0.000000 0.000000
vt 0.000000 0.000000
vt 0.000000 0.000000
vt 0.000000 0.000000
vt 0.000000 0.000000
vt 0.000000 0.000000
vt 0.000000 0.000000
vt 0.000000 0.000000
vt 0.000000 0.000000
vt 0.000000 0.000000
vt 0.000000 0.000000
vt 0.000000 0.000000
vt 0.000000 0.000000
vt 0.000000 0.000000
vt 0.000000 0.000000
vt 0.000000 0.000000
vt 0.000000 0.000000
vt 0.000000 0.000000
vt 0.000000 0.000000
vt 0.000000 0.000000
vt 0.000000 0.000000
vt 0.000000 0.000000
vt 0.000000 0.000000
vt 0.000000 0.000000
vt 0.000000 0.000000
vt 0.000000 0.000000
vt 0.000000 0.000000
vt 0.000000 0.000000
vt 0.000000 0.000000
vt 0.000000 0.000000
vt 0.000000 0.000000
vt 0.000000 0.000000
vt 0.000000 0.000000
vt 0.000000 0.000000
vt 0.000000 0.000000
vt 0.000000 0.000000
vt 0.000000 0.000000
vt 0.000000 0.000000
vt 0.000000 0.000000
vt 0.000000 0.000000
vt 0.000000 0.000000
vt 0.000000 0.000000
vt 0.000000 0.000000
vt 0.000000 0.000000
vt 0.000000 0.000000
vt 0.000000 0.000000
vt 0.000000 0.000000
vt 0.000000 0.000000
vt 0.000000 0.000000
vt 0.000000 0.000000
vt 0.000000 0.000000
vt 0.000000 0.000000
vt 0.000000 0.000000
vt 0.000000 0.000000
vt 0.000000 0.000000
vt 0.000000 0.000000
vt 0.000000 0.000000
vt 0.000000 0.000000
vt 0.000000 0.000000
vt 0.000000 0.000000
vt 0.000000 0.000000
vt 0.000000 0.000000
vt 0.000000 0.000000
vt 0.000000 0.000000
vt 0.000000 0.000000
vt 0.000000 0.000000
vt 0.000000 0.000000
vt 0.000000 0.000000
vt 0.000000 0.000000
vt 0.000000 0.000000
vt 0.000000 0.000000
vt 0.000000 0.000000
vt 0.000000 0.000000
vt 0.000000 0.000000
vt 0.000000 0.000000
vt 0.000000 0.000000
vt 0.000000 0.000000
vt 0.000000 0.000000
vt 0.000000 0.000000
vt 0.000000 0.000000
vt 0.000000 0.000000
vt 0.000000 0.000000
vt 0.000000 0.000000
vt 0.000000 0.000000
vt 0.000000 0.000000
vt 0.000000 0.000000
vt 0.000000 0.000000
vt 0.000000 0.000000
vt 0.000000 0.000000
vt 0.000000 0.000000
vt 0.000000 0.000000
vt 0.000000 0.000000
vt 0.000000 0.000000
vt 0.000000 0.000000
vt 0.000000 0.000000
vt 0.000000 0.000000
vt 0.000000 0.000000
vt 0.000000 0.000000
vt 0.000000 0.000000
vt 0.000000 0.000000
vt 0.000000 0.000000
vt 0.000000 0.000000
vt 0.000000 0.000000
vt 0.000000 0.000000
vt 0.000000 0.000000
vt 0.000000 0.000000
vt 0.000000 0.000000
vt 0.000000 0.000000
vt 0.000000 0.000000
vt 0.000000 0.000000
vt 0.000000 0.000000
vt 0.000000 0.000000
vt 0.000000 0.000000
vt 0.000000 0.000000
vt 0.000000 0.000000
vt 0.000000 0.000000
vt 0.000000 0.000000
vt 0.000000 0.000000
vt 0.000000 0.000000
vt 0.000000 0.000000
vt 0.000000 0.000000
vt 0.000000 0.000000
vt 0.000000 0.000000
vt 0.000000 0.000000
vt 0.000000 0.000000
vt 0.000000 0.000000
vt 0.000000 0.000000
vt 0.000000 0.000000
vt 0.000000 0.000000
vt 0.000000 0.000000
vt 0.000000 0.000000
vt 0.000000 0.000000
vt 0.000000 0.000000
vt 0.000000 0.000000
vt 0.000000 0.000000
vt 0.000000 0.000000
vt 0.000000 0.000000
vt 0.000000 0.000000
vt 0.000000 0.000000
vt 0.000000 0.000000
vt 0.000000 0.000000
vt 0.000000 0.000000
vt 0.000000 0.000000
vt 0.000000 0.000000
vt 0.000000 0.000000
vt 0.000000 0.000000
vt 0.000000 0.000000
vt 0.000000 0.000000
vt 0.000000 0.000000
vt 0.000000 0.000000
vt 0.000000 0.000000
vt 0.000000 0.000000
vt 0.000000 0.000000
vt 0.000000 0.000000
vt 0.000000 0.000000
vt 0.000000 0.000000
vt 0.000000 0.000000
vt 0.000000 0.000000
vt 0.000000 0.000000
vt 0.000000 0.000000
vt 0.000000 0.000000
vt 0.000000 0.000000
vt 0.000000 0.000000
vt 0.000000 0.000000
vt 0.000000 0.000000
vt 0.000000 0.000000
vt 0.000000 0.000000
vt 0.000000 0.000000
vt 0.000000 0.000000
vt 0.000000 0.000000
vt 0.000000 0.000000
vt 0.000000 0.000000
vt 0.000000 0.000000
vt 0.000000 0.000000
vt 0.000000 0.000000
vt 0.000000 0.000000
vt 0.000000 0.000000
vt 0.000000 0.000000
vt 0.000000 0.000000
vt 0.000000 0.000000
vt 0.000000 0.000000
vt 0.000000 0.000000
vt 0.000000 0.000000
vt 0.000000 0.000000
vt 0.000000 0.000000
vt 0.000000 0.000000
vt 0.000000 0.000000
vt 0.000000 0.000000
vt 0.000000 0.000000
vt 0.000000 0.000000
vt 0.000000 0.000000
vt 0.000000 0.000000
vt 0.000000 0.000000
vt 0.000000 0.000000
vt 0.000000 0.000000
vt 0.000000 0.000000
vt 0.000000 0.000000
vt 0.000000 0.000000
vt 0.000000 0.000000
vt 0.000000 0.000000
vt 0.000000 0.000000
vt 0.000000 0.000000
vt 0.000000 0.000000
vt 0.000000 0.000000
vt 0.000000 0.000000
vt 0.000000 0.000000
vt 0.000000 0.000000
vt 0.000000 0.000000
vt 0.000000 0.000000
vt 0.000000 0.000000
vt 0.000000 0.000000
vt 0.000000 0.000000
vt 0.000000 0.000000
vt 0.000000 0.000000
vt 0.000000 0.000000
vt 0.000000 0.000000
vt 0.000000 0.000000
vt 0.000000 0.000000
vt 0.000000 0.000000
vt 0.000000 0.000000
vt 0.000000 0.000000
vt 0.000000 0.000000
vt 0.000000 0.000000
vt 0.000000 0.000000
vt 0.000000 0.000000
vt 0.000000 0.000000
vt 0.000000 0.000000
vt 0.000000 0.000000
vt 0.000000 0.000000
vt 0.000000 0.000000
vt 0.000000 0.000000
vt 0.000000 0.000000
vt 0.000000 0.000000
vt 0.000000 0.000000
vt 0.000000 0.000000
vt 0.000000 0.000000
vt 0.000000 0.000000
vt 0.000000 0.000000
vt 0.000000 0.000000
vt 0.000000 0.000000
vt 0.000000 0.000000
vt 0.000000 0.000000
vt 0.000000 0.000000
vt 0.000000 0.000000
vt 0.000000 0.000000
vt 0.000000 0.000000
vt 0.000000 0.000000
vt 0.000000 0.000000
vt 0.000000 0.000000
vt 0.000000 0.000000
vt 0.000000 0.000000
vt 0.000000 0.000000
vt 0.000000 0.000000
vt 0.000000 0.000000
vt 0.000000 0.000000
vt 0.000000 0.000000
vt 0.000000 0.000000
vt 0.000000 0.000000
vt 0.000000 0.000000
vt 0.000000 0.000000
vt 0.000000 0.000000
vt 0.000000 0.000000
vt 0.000000 0.000000
vt 0.000000 0.000000
vt 0.000000 0.000000
vt 0.000000 0.000000
vt 0.000000 0.000000
vt 0.000000 0.000000
vt 0.000000 0.000000
vt 0.000000 0.000000
vt 0.000000 0.000000
vt 0.000000 0.000000
vt 0.000000 0.000000
vt 0.000000 0.000000
vt 0.000000 0.000000
vt 0.000000 0.000000
vt 0.000000 0.000000
vt 0.000000 0.000000
vt 0.000000 0.000000
vt 0.000000 0.000000
vt 0.000000 0.000000
vt 0.000000 0.000000
vt 0.000000 0.000000
vt 0.000000 0.000000
vt 0.000000 0.000000
vt 0.000000 0.000000
vt 0.000000 0.000000
vt 0.000000 0.000000
vt 0.000000 0.000000
vt 0.000000 0.000000
vt 0.000000 0.000000
vt 0.000000 0.000000
vt 0.000000 0.000000
vt 0.000000 0.000000
vt 0.000000 0.000000
vt 0.000000 0.000000
vt 0.000000 0.000000
vt 0.000000 0.000000
vt 0.000000 0.000000
vt 0.000000 0.000000
vt 0.000000 0.000000
vt 0.000000 0.000000
vt 0.000000 0.000000
vt 0.000000 0.000000
vt 0.000000 0.000000
vt 0.000000 0.000000
vt 0.000000 0.000000
vt 0.000000 0.000000
vt 0.000000 0.000000
vt 0.000000 0.000000
vt 0.000000 0.000000
vt 0.000000 0.000000
vt 0.000000 0.000000
vt 0.000000 0.000000
vt 0.000000 0.000000
vt 0.000000 0.000000
vt 0.000000 0.000000
vt 0.000000 0.000000
vt 0.000000 0.000000
vt 0.000000 0.000000
vt 0.000000 0.000000
vt 0.000000 0.000000
vt 0.000000 0.000000
vt 0.000000 0.000000
vt 0.000000 0.000000
vt 0.000000 0.000000
vt 0.000000 0.000000
vt 0.000000 0.000000
vt 0.000000 0.000000
vt 0.000000 0.000000
vt 0.000000 0.000000
vt 0.000000 0.000000
vt 0.000000 0.000000
vt 0.000000 0.000000
vt 0.000000 0.000000
vt 0.000000 0.000000
vt 0.000000 0.000000
vt 0.000000 0.000000
vt 0.000000 0.000000
vt 0.000000 0.000000
vt 0.000000 0.000000
vt 0.000000 0.000000
vt 0.000000 0.000000
vt 0.000000 0.000000
vt 0.000000 0.000000
vt 0.000000 0.000000
vt 0.000000 0.000000
vt 0.000000 0.000000
vt 0.000000 0.000000
vt 0.000000 0.000000
vt 0.000000 0.000000
vt 0.000000 0.000000
vt 0.000000 0.000000
vt 0.000000 0.000000
vt 0.000000 0.000000
vt 0.000000 0.000000
vt 0.000000 0.000000
vt 0.000000 0.000000
vt 0.000000 0.000000
vt 0.000000 0.000000
vt 0.000000 0.000000
vt 0.000000 0.000000
vt 0.000000 0.000000
vt 0.000000 0.000000
vt 0.000000 0.000000
vt 0.000000 0.000000
vt 0.000000 0.000000
vt 0.000000 0.000000
vt 0.000000 0.000000
vt 0.000000 0.000000
vt 0.000000 0.000000
vt 0.000000 0.000000
vt 0.000000 0.000000
vt 0.000000 0.000000
vt 0.000000 0.000000
vt 0.000000 0.000000
vt 0.000000 0.000000
vt 0.000000 0.000000
vt 0.000000 0.000000
vt 0.000000 0.000000
vt 0.000000 0.000000
vt 0.000000 0.000000
vt 0.000000 0.000000
vt 0.000000 0.000000
vt 0.000000 0.000000
vt 0.000000 0.000000
vt 0.000000 0.000000
vt 0.000000 0.000000
vt 0.000000 0.000000
vt 0.000000 0.000000
vt 0.000000 0.000000
vt 0.000000 0.000000
vt 0.000000 0.000000
vt 0.000000 0.000000
vt 0.000000 0.000000
vt 0.000000 0.000000
vt 0.000000 0.000000
vt 0.000000 0.000000
vt 0.000000 0.000000
vt 0.000000 0.000000
vt 0.000000 0.000000
vt 0.000000 0.000000
vt 0.000000 0.000000
vt 0.000000 0.000000
vt 0.000000 0.000000
vt 0.000000 0.000000
vt 0.000000 0.000000
vt 0.000000 0.000000
vt 0.000000 0.000000
vt 0.000000 0.000000
vt 0.000000 0.000000
vt 0.000000 0.000000
vt 0.000000 0.000000
vt 0.000000 0.000000
vt 0.000000 0.000000
vt 0.000000 0.000000
vt 0.000000 0.000000
vt 0.000000 0.000000
vt 0.000000 0.000000
vt 0.000000 0.000000
vt 0.000000 0.000000
vt 0.000000 0.000000
vt 0.000000 0.000000
vt 0.000000 0.000000
vt 0.000000 0.000000
vt 0.000000 0.000000
vt 0.000000 0.000000
vt 0.000000 0.000000
vt 0.000000 0.000000
vt 0.000000 0.000000
vt 0.000000 0.000000
vt 0.000000 0.000000
vt 0.000000 0.000000
vt 0.000000 0.000000
vt 0.000000 0.000000
vt 0.000000 0.000000
vt 0.000000 0.000000
vt 0.000000 0.000000
vt 0.000000 0.000000
vt 0.000000 0.000000
vt 0.000000 0.000000
vt 0.000000 0.000000
vt 0.000000 0.000000
vt 0.000000 0.000000
vt 0.000000 0.000000
vt 0.000000 0.000000
vt 0.000000 0.000000
vt 0.000000 0.000000
vt 0.000000 0.000000
vt 0.000000 0.000000
vt 0.000000 0.000000
vt 0.000000 0.000000
vt 0.000000 0.000000
vt 0.000000 0.000000
vt 0.000000 0.000000
vt 0.000000 0.000000
vt 0.000000 0.000000
vt 0.000000 0.000000
vt 0.000000 0.000000
vt 0.000000 0.000000
vt 0.000000 0.000000
vt 0.000000 0.000000
vt 0.000000 0.000000
vt 0.000000 0.000000
vt 0.000000 0.000000
vt 0.000000 0.000000
vt 0.000000 0.000000
vt 0.000000 0.000000
vt 0.000000 0.000000
vt 0.000000 0.000000
vt 0.000000 0.000000
vt 0.000000 0.000000
vt 0.000000 0.000000
vt 0.000000 0.000000
vt 0.000000 0.000000
vt 0.000000 0.000000
vt 0.000000 0.000000
vt 0.000000 0.000000
vt 0.000000 0.000000
vt 0.000000 0.000000
vt 0.000000 0.000000
vt 0.000000 0.000000
vt 0.000000 0.000000
vt 0.000000 0.000000
vt 0.000000 0.000000
vt 0.000000 0.000000
vt 0.000000 0.000000
vt 0.000000 0.000000
vt 0.000000 0.000000
vt 0.000000 0.000000
vt 0.000000 0.000000
vt 0.000000 0.000000
vt 0.000000 0.000000
vt 0.000000 0.000000
vt 0.000000 0.000000
vt 0.000000 0.000000
vt 0.000000 0.000000
vt 0.000000 0.000000
vt 0.000000 0.000000
vt 0.000000 0.000000
vt 0.000000 0.000000
vt 0.000000 0.000000
vt 0.000000 0.000000
vt 0.000000 0.000000
vt 0.000000 0.000000
vt 0.000000 0.000000
vt 0.000000 0.000000
vt 0.000000 0.000000
vt 0.000000 0.000000
vt 0.000000 0.000000
vt 0.000000 0.000000
vt 0.000000 0.000000
vt 0.000000 0.000000
vt 0.000000 0.000000
vt 0.000000 0.000000
vt 0.000000 0.000000
vt 0.000000 0.000000
vt 0.000000 0.000000
vt 0.000000 0.000000
vt 0.000000 0.000000
vt 0.000000 0.000000
vt 0.000000 0.000000
vt 0.000000 0.000000
vt 0.000000 0.000000
vt 0.000000 0.000000
vt 0.000000 0.000000
vt 0.000000 0.000000
vt 0.000000 0.000000
vt 0.000000 0.000000
vt 0.000000 0.000000
vt 0.000000 0.000000
vt 0.000000 0.000000
vt 0.000000 0.000000
vt 0.000000 0.000000
vt 0.000000 0.000000
vt 0.000000 0.000000
vt 0.000000 0.000000
vt 0.000000 0.000000
vt 0.000000 0.000000
vt 0.000000 0.000000
vt 0.000000 0.000000
vt 0.000000 0.000000
vt 0.000000 0.000000
vt 0.000000 0.000000
vt 0.000000 0.000000
vt 0.000000 0.000000
vt 0.000000 0.000000
vt 0.000000 0.000000
vt 0.000000 0.000000
vt 0.000000 0.000000
vt 0.000000 0.000000
vt 0.000000 0.000000
vt 0.000000 0.000000
vt 0.000000 0.000000
vt 0.000000 0.000000
vt 0.000000 0.000000
vt 0.000000 0.000000
vt 0.000000 0.000000
vt 0.000000 0.000000
vt 0.000000 0.000000
vt 0.000000 0.000000
vt 0.000000 0.000000
vt 0.000000 0.000000
vt 0.000000 0.000000
vt 0.000000 0.000000
vt 0.000000 0.000000
vt 0.000000 0.000000
vt 0.000000 0.000000
vt 0.000000 0.000000
vt 0.000000 0.000000
vt 0.000000 0.000000
vt 0.000000 0.000000
vt 0.000000 0.000000
vt 0.000000 0.000000
vt 0.000000 0.000000
vt 0.000000 0.000000
vt 0.000000 0.000000
vt 0.000000 0.000000
vt 0.000000 0.000000
vt 0.000000 0.000000
vt 0.000000 0.000000
vt 0.000000 0.000000
vt 0.000000 0.000000
vt 0.000000 0.000000
vt 0.000000 0.000000
vt 0.000000 0.000000
vt 0.000000 0.000000
vt 0.000000 0.000000
vt 0.000000 0.000000
vt 0.000000 0.000000
vt 0.000000 0.000000
vt 0.000000 0.000000
vt 0.000000 0.000000
vt 0.000000 0.000000
vt 0.000000 0.000000
vt 0.000000 0.000000
vt 0.000000 0.000000
vt 0.000000 0.000000
vt 0.000000 0.000000
vt 0.000000 0.000000
vt 0.000000 0.000000
vt 0.000000 0.000000
vt 0.000000 0.000000
vt 0.000000 0.000000
vt 0.000000 0.000000
vt 0.000000 0.000000
vt 0.000000 0.000000
vt 0.000000 0.000000
vt 0.000000 0.000000
vt 0.000000 0.000000
vt 0.000000 0.000000
vt 0.000000 0.000000
vt 0.000000 0.000000
vt 0.000000 0.000000
vt 0.000000 0.000000
vt 0.000000 0.000000
vt 0.000000 0.000000
vt 0.000000 0.000000
vt 0.000000 0.000000
vt 0.000000 0.000000
vt 0.000000 0.000000
vt 0.000000 0.000000
vt 0.000000 0.000000
vt 0.000000 0.000000
vt 0.000000 0.000000
vt 0.000000 0.000000
vt 0.000000 0.000000
vt 0.000000 0.000000
vt 0.000000 0.000000
vt 0.000000 0.000000
vt 0.000000 0.000000
vt 0.000000 0.000000
vt 0.000000 0.000000
vt 0.000000 0.000000
vt 0.000000 0.000000
vt 0.000000 0.000000
vt 0.000000 0.000000
vt 0.000000 0.000000
vt 0.000000 0.000000
vt 0.000000 0.000000
vt 0.000000 0.000000
vt 0.000000 0.000000
vt 0.000000 0.000000
vt 0.000000 0.000000
vt 0.000000 0.000000
vt 0.000000 0.000000
vt 0.000000 0.000000
vt 0.000000 0.000000
vt 0.000000 0.000000
vt 0.000000 0.000000
vt 0.000000 0.000000
vt 0.000000 0.000000
vt 0.000000 0.000000
vt 0.000000 0.000000
vt 0.000000 0.000000
vt 0.000000 0.000000
vt 0.000000 0.000000
vt 0.000000 0.000000
vt 0.000000 0.000000
vt 0.000000 0.000000
vt 0.000000 0.000000
vt 0.000000 0.000000
vt 0.000000 0.000000
vt 0.000000 0.000000
vt 0.000000 0.000000
vt 0.000000 0.000000
vt 0.000000 0.000000
vt 0.000000 0.000000
vt 0.000000 0.000000
vt 0.000000 0.000000
vt 0.000000 0.000000
vt 0.000000 0.000000
vt 0.000000 0.000000
vt 0.000000 0.000000
vt 0.000000 0.000000
vt 0.000000 0.000000
vt 0.000000 0.000000
vt 0.000000 0.000000
vt 0.000000 0.000000
vt 0.000000 0.000000
vt 0.000000 0.000000
vt 0.000000 0.000000
vt 0.000000 0.000000
vt 0.000000 0.000000
vt 0.000000 0.000000
vt 0.000000 0.000000
vt 0.000000 0.000000
vt 0.000000 0.000000
vt 0.000000 0.000000
vt 0.000000 0.000000
vt 0.000000 0.000000
vt 0.000000 0.000000
vt 0.000000 0.000000
vt 0.000000 0.000000
vt 0.000000 0.000000
vt 0.000000 0.000000
vt 0.000000 0.000000
vt 0.000000 0.000000
vt 0.000000 0.000000
vt 0.000000 0.000000
vt 0.000000 0.000000
vt 0.000000 0.000000
vt 0.000000 0.000000
vt 0.000000 0.000000
vt 0.000000 0.000000
vt 0.000000 0.000000
vt 0.000000 0.000000
vt 0.000000 0.000000
vt 0.000000 0.000000
vt 0.000000 0.000000
vt 0.000000 0.000000
vt 0.000000 0.000000
vt 0.000000 0.000000
vt 0.000000 0.000000
vt 0.000000 0.000000
vt 0.000000 0.000000
vt 0.000000 0.000000
vt 0.000000 0.000000
vt 0.000000 0.000000
vt 0.000000 0.000000
vt 0.000000 0.000000
vt 0.000000 0.000000
vt 0.000000 0.000000
vt 0.000000 0.000000
vt 0.000000 0.000000
vt 0.000000 0.000000
vt 0.000000 0.000000
vt 0.000000 0.000000
vt 0.000000 0.000000
vt 0.000000 0.000000
vt 0.000000 0.000000
vt 0.000000 0.000000
vt 0.000000 0.000000
vt 0.000000 0.000000
vt 0.000000 0.000000
vt 0.000000 0.000000
vt 0.000000 0.000000
vt 0.000000 0.000000
vt 0.000000 0.000000
vt 0.000000 0.000000
vt 0.000000 0.000000
vt 0.000000 0.000000
vt 0.000000 0.000000
vt 0.000000 0.000000
vt 0.000000 0.000000
vt 0.000000 0.000000
vt 0.000000 0.000000
vt 0.000000 0.000000
vt 0.000000 0.000000
vt 0.000000 0.000000
vt 0.000000 0.000000
vt 0.000000 0.000000
vt 0.000000 0.000000
vt 0.000000 0.000000
vt 0.000000 0.000000
vt 0.000000 0.000000
vt 0.000000 0.000000
vt 0.000000 0.000000
vt 0.000000 0.000000
vt 0.000000 0.000000
vt 0.000000 0.000000
vt 0.000000 0.000000
vt 0.000000 0.000000
vt 0.000000 0.000000
vt 0.000000 0.000000
vt 0.000000 0.000000
vt 0.000000 0.000000
vt 0.000000 0.000000
vt 0.000000 0.000000
vt 0.000000 0.000000
vt 0.000000 0.000000
vt 0.000000 0.000000
vt 0.000000 0.000000
vt 0.000000 0.000000
vt 0.000000 0.000000
vt 0.000000 0.000000
vt 0.000000 0.000000
vt 0.000000 0.000000
vt 0.000000 0.000000
vt 0.000000 0.000000
vt 0.000000 0.000000
vt 0.000000 0.000000
vt 0.000000 0.000000
vt 0.000000 0.000000
vt 0.000000 0.000000
vt 0.000000 0.000000
vt 0.000000 0.000000
vt 0.000000 0.000000
vt 0.000000 0.000000
vt 0.000000 0.000000
vt 0.000000 0.000000
vt 0.000000 0.000000
vt 0.000000 0.000000
vt 0.000000 0.000000
vt 0.000000 0.000000
vt 0.000000 0.000000
vt 0.000000 0.000000
vt 0.000000 0.000000
vt 0.000000 0.000000
vt 0.000000 0.000000
vt 0.000000 0.000000
vt 0.000000 0.000000
vt 0.000000 0.000000
vt 0.000000 0.000000
vt 0.000000 0.000000
vt 0.000000 0.000000
vt 0.000000 0.000000
vt 0.000000 0.000000
vt 0.000000 0.000000
vt 0.000000 0.000000
vt 0.000000 0.000000
vt 0.000000 0.000000
vt 0.000000 0.000000
vt 0.000000 0.000000
vt 0.000000 0.000000
vt 0.000000 0.000000
vt 0.000000 0.000000
vt 0.000000 0.000000
vt 0.000000 0.000000
vt 0.000000 0.000000
vt 0.000000 0.000000
vt 0.000000 0.000000
vt 0.000000 0.000000
vt 0.000000 0.000000
vt 0.000000 0.000000
vt 0.000000 0.000000
vt 0.000000 0.000000
vt 0.000000 0.000000
vt 0.000000 0.000000
vt 0.000000 0.000000
vt 0.000000 0.000000
vt 0.000000 0.000000
vt 0.000000 0.000000
vt 0.000000 0.000000
vt 0.000000 0.000000
vt 0.000000 0.000000
vt 0.000000 0.000000
vt 0.000000 0.000000
vt 0.000000 0.000000
vt 0.000000 0.000000
vt 0.000000 0.000000
vt 0.000000 0.000000
vt 0.000000 0.000000
vt 0.000000 0.000000
vt 0.000000 0.000000
vt 0.000000 0.000000
vt 0.000000 0.000000
vt 0.000000 0.000000
vt 0.000000 0.000000
vt 0.000000 0.000000
vt 0.000000 0.000000
vt 0.000000 0.000000
vt 0.000000 0.000000
vt 0.000000 0.000000
vt 0.000000 0.000000
vt 0.000000 0.000000
vt 0.000000 0.000000
vt 0.000000 0.000000
vt 0.000000 0.000000
vt 0.000000 0.000000
vt 0.000000 0.000000
vt 0.000000 0.000000
vt 0.000000 0.000000
vt 0.000000 0.000000
vt 0.000000 0.000000
vt 0.000000 0.000000
vt 0.000000 0.000000
vt 0.000000 0.000000
vt 0.000000 0.000000
vt 0.000000 0.000000
vt 0.000000 0.000000
vt 0.000000 0.000000
vt 0.000000 0.000000
vt 0.000000 0.000000
vt 0.000000 0.000000
vt 0.000000 0.000000
vt 0.000000 0.000000
vt 0.000000 0.000000
vt 0.000000 0.000000
vt 0.000000 0.000000
vt 0.000000 0.000000
vt 0.000000 0.000000
vt 0.000000 0.000000
vt 0.000000 0.000000
vt 0.000000 0.000000
vt 0.000000 0.000000
vt 0.000000 0.000000
vt 0.000000 0.000000
vt 0.000000 0.000000
vt 0.000000 0.000000
vt 0.000000 0.000000
vt 0.000000 0.000000
vt 0.000000 0.000000
vt 0.000000 0.000000
vt 0.000000 0.000000
vt 0.000000 0.000000
vt 0.000000 0.000000
vt 0.000000 0.000000
vt 0.000000 0.000000
vt 0.000000 0.000000
vt 0.000000 0.000000
vt 0.000000 0.000000
vt 0.000000 0.000000
vt 0.000000 0.000000
vt 0.000000 0.000000
vt 0.000000 0.000000
vt 0.000000 0.000000
vt 0.000000 0.000000
vt 0.000000 0.000000
vt 0.000000 0.000000
vt 0.000000 0.000000
vt 0.000000 0.000000
vt 0.000000 0.000000
vt 0.000000 0.000000
vt 0.000000 0.000000
vt 0.000000 0.000000
vt 0.000000 0.000000
vt 0.000000 0.000000
vt 0.000000 0.000000
vt 0.000000 0.000000
vt 0.000000 0.000000
vt 0.000000 0.000000
vt 0.000000 0.000000
vt 0.000000 0.000000
vt 0.000000 0.000000
vt 0.000000 0.000000
vt 0.000000 0.000000
vt 0.000000 0.000000
vt 0.000000 0.000000
vt 0.000000 0.000000
vt 0.000000 0.000000
vt 0.000000 0.000000
vt 0.000000 0.000000
vt 0.000000 0.000000
vt 0.000000 0.000000
vt 0.000000 0.000000
vt 0.000000 0.000000
vt 0.000000 0.000000
vt 0.000000 0.000000
vt 0.000000 0.000000
vt 0.000000 0.000000
vt 0.000000 0.000000
vt 0.000000 0.000000
vt 0.000000 0.000000
vt 0.000000 0.000000
vt 0.000000 0.000000
vt 0.000000 0.000000
vt 0.000000 0.000000
vt 0.000000 0.000000
vt 0.000000 0.000000
vt 0.000000 0.000000
vt 0.000000 0.000000
vt 0.000000 0.000000
vt 0.000000 0.000000
vt 0.000000 0.000000
vt 0.000000 0.000000
vt 0.000000 0.000000
vt 0.000000 0.000000
vt 0.000000 0.000000
vt 0.000000 0.000000
vt 0.000000 0.000000
vt 0.000000 0.000000
vt 0.000000 0.000000
vt 0.000000 0.000000
vt 0.000000 0.000000
vt 0.000000 0.000000
vt 0.000000 0.000000
vt 0.000000 0.000000
vt 0.000000 0.000000
vt 0.000000 0.000000
vt 0.000000 0.000000
vt 0.000000 0.000000
vt 0.000000 0.000000
vt 0.000000 0.000000
vt 0.000000 0.000000
vt 0.000000 0.000000
vt 0.000000 0.000000
vt 0.000000 0.000000
vt 0.000000 0.000000
vt 0.000000 0.000000
vt 0.000000 0.000000
vt 0.000000 0.000000
vt 0.000000 0.000000
vt 0.000000 0.000000
vt 0.000000 0.000000
vt 0.000000 0.000000
vt 0.000000 0.000000
vt 0.000000 0.000000
vt 0.000000 0.000000
vt 0.000000 0.000000
vt 0.000000 0.000000
vt 0.000000 0.000000
vt 0.000000 0.000000
vt 0.000000 0.000000
vt 0.000000 0.000000
vt 0.000000 0.000000
vt 0.000000 0.000000
vt 0.000000 0.000000
vt 0.000000 0.000000
vt 0.000000 0.000000
vt 0.000000 0.000000
vt 0.000000 0.000000
vt 0.000000 0.000000
vt 0.000000 0.000000
vt 0.000000 0.000000
vt 0.000000 0.000000
vt 0.000000 0.000000
vt 0.000000 0.000000
vt 0.000000 0.000000
vt 0.000000 0.000000
vt 0.000000 0.000000
vt 0.000000 0.000000
vt 0.000000 0.000000
vt 0.000000 0.000000
vt 0.000000 0.000000
vt 0.000000 0.000000
vt 0.000000 0.000000
vt 0.000000 0.000000
vt 0.000000 0.000000
vt 0.000000 0.000000
vt 0.000000 0.000000
vt 0.000000 0.000000
vt 0.000000 0.000000
vt 0.000000 0.000000
vt 0.000000 0.000000
vt 0.000000 0.000000
vt 0.000000 0.000000
vt 0.000000 0.000000
vt 0.000000 0.000000
vt 0.000000 0.000000
vt 0.000000 0.000000
vt 0.000000 0.000000
vt 0.000000 0.000000
vt 0.000000 0.000000
vt 0.000000 0.000000
vt 0.000000 0.000000
vt 0.000000 0.000000
vt 0.000000 0.000000
vt 0.000000 0.000000
vt 0.000000 0.000000
vt 0.000000 0.000000
vt 0.000000 0.000000
vt 0.000000 0.000000
vt 0.000000 0.000000
vt 0.000000 0.000000
vt 0.000000 0.000000
vt 0.000000 0.000000
vt 0.000000 0.000000
vt 0.000000 0.000000
vt 0.000000 0.000000
vt 0.000000 0.000000
vt 0.000000 0.000000
vt 0.000000 0.000000
vt 0.000000 0.000000
vt 0.000000 0.000000
vt 0.000000 0.000000
vt 0.000000 0.000000
vt 0.000000 0.000000
vt 0.000000 0.000000
vt 0.000000 0.000000
vt 0.000000 0.000000
vt 0.000000 0.000000
vt 0.000000 0.000000
vt 0.000000 0.000000
vt 0.000000 0.000000
vt 0.000000 0.000000
vt 0.000000 0.000000
vt 0.000000 0.000000
vt 0.000000 0.000000
vt 0.000000 0.000000
vt 0.000000 0.000000
vt 0.000000 0.000000
vt 0.000000 0.000000
vt 0.000000 0.000000
vt 0.000000 0.000000
vt 0.000000 0.000000
vt 0.000000 0.000000
vt 0.000000 0.000000
vt 0.000000 0.000000
vt 0.000000 0.000000
vt 0.000000 0.000000
vt 0.000000 0.000000
vt 0.000000 0.000000
vt 0.000000 0.000000
vt 0.000000 0.000000
vt 0.000000 0.000000
vt 0.000000 0.000000
vt 0.000000 0.000000
vt 0.000000 0.000000
vt 0.000000 0.000000
vt 0.000000 0.000000
vt 0.000000 0.000000
vt 0.000000 0.000000
vt 0.000000 0.000000
vt 0.000000 0.000000
vt 0.000000 0.000000
vt 0.000000 0.000000
vt 0.000000 0.000000
vt 0.000000 0.000000
vt 0.000000 0.000000
vt 0.000000 0.000000
vt 0.000000 0.000000
vt 0.000000 0.000000
vt 0.000000 0.000000
vt 0.000000 0.000000
vt 0.000000 0.000000
vt 0.000000 0.000000
vt 0.000000 0.000000
vt 0.000000 0.000000
vt 0.000000 0.000000
vt 0.000000 0.000000
vt 0.000000 0.000000
vt 0.000000 0.000000
vt 0.000000 0.000000
vt 0.000000 0.000000
vt 0.000000 0.000000
vt 0.000000 0.000000
vt 0.000000 0.000000
vt 0.000000 0.000000
vt 0.000000 0.000000
vt 0.000000 0.000000
vt 0.000000 0.000000
vt 0.000000 0.000000
vt 0.000000 0.000000
vt 0.000000 0.000000
vt 0.000000 0.000000
vt 0.000000 0.000000
vt 0.000000 0.000000
vt 0.000000 0.000000
vt 0.000000 0.000000
vt 0.000000 0.000000
vt 0.000000 0.000000
vt 0.000000 0.000000
vt 0.000000 0.000000
vt 0.000000 0.000000
vt 0.000000 0.000000
vt 0.000000 0.000000
vt 0.000000 0.000000
vt 0.000000 0.000000
vt 0.000000 0.000000
vt 0.000000 0.000000
vt 0.000000 0.000000
vt 0.000000 0.000000
vt 0.000000 0.000000
vt 0.000000 0.000000
vt 0.000000 0.000000
vt 0.000000 0.000000
vt 0.000000 0.000000
vt 0.000000 0.000000
vt 0.000000 0.000000
vt 0.000000 0.000000
vt 0.000000 0.000000
vt 0.000000 0.000000
vt 0.000000 0.000000
vt 0.000000 0.000000
vt 0.000000 0.000000
vt 0.000000 0.000000
vt 0.000000 0.000000
vt 0.000000 0.000000
vt 0.000000 0.000000
vt 0.000000 0.000000
vt 0.000000 0.000000
vt 0.000000 0.000000
vt 0.000000 0.000000
vt 0.000000 0.000000
vt 0.000000 0.000000
vt 0.000000 0.000000
vt 0.000000 0.000000
vt 0.000000 0.000000
vt 0.000000 0.000000
vt 0.000000 0.000000
vt 0.000000 0.000000
vt 0.000000 0.000000
vt 0.000000 0.000000
vt 0.000000 0.000000
vt 0.000000 0.000000
vt 0.000000 0.000000
vt 0.000000 0.000000
vt 0.000000 0.000000
vt 0.000000 0.000000
vt 0.000000 0.000000
vt 0.000000 0.000000
vt 0.000000 0.000000
vt 0.000000 0.000000
vt 0.000000 0.000000
vt 0.000000 0.000000
vt 0.000000 0.000000
vt 0.000000 0.000000
vt 0.000000 0.000000
vt 0.000000 0.000000
vt 0.000000 0.000000
vt 0.000000 0.000000
vt 0.000000 0.000000
vt 0.000000 0.000000
vt 0.000000 0.000000
vt 0.000000 0.000000
vt 0.000000 0.000000
vt 0.000000 0.000000
vt 0.000000 0.000000
vt 0.000000 0.000000
vt 0.000000 0.000000
vt 0.000000 0.000000
vt 0.000000 0.000000
vt 0.000000 0.000000
vt 0.000000 0.000000
vt 0.000000 0.000000
vt 0.000000 0.000000
vt 0.000000 0.000000
vt 0.000000 0.000000
vt 0.000000 0.000000
vt 0.000000 0.000000
vt 0.000000 0.000000
vt 0.000000 0.000000
vt 0.000000 0.000000
vt 0.000000 0.000000
vt 0.000000 0.000000
vt 0.000000 0.000000
vt 0.000000 0.000000
vt 0.000000 0.000000
vt 0.000000 0.000000
vt 0.000000 0.000000
vt 0.000000 0.000000
vt 0.000000 0.000000
vt 0.000000 0.000000
vt 0.000000 0.000000
vt 0.000000 0.000000
vt 0.000000 0.000000
vt 0.000000 0.000000
vt 0.000000 0.000000
vt 0.000000 0.000000
vt 0.000000 0.000000
vt 0.000000 0.000000
vt 0.000000 0.000000
vt 0.000000 0.000000
vt 0.000000 0.000000
vt 0.000000 0.000000
vt 0.000000 0.000000
vt 0.000000 0.000000
vt 0.000000 0.000000
vt 0.000000 0.000000
vt 0.000000 0.000000
vt 0.000000 0.000000
vt 0.000000 0.000000
vt 0.000000 0.000000
vt 0.000000 0.000000
vt 0.000000 0.000000
vt 0.000000 0.000000
vt 0.000000 0.000000
vt 0.000000 0.000000
vt 0.000000 0.000000
vt 0.000000 0.000000
vt 0.000000 0.000000
vt 0.000000 0.000000
vt 0.000000 0.000000
vt 0.000000 0.000000
vt 0.000000 0.000000
vt 0.000000 0.000000
vt 0.000000 0.000000
vt 0.000000 0.000000
vt 0.000000 0.000000
vt 0.000000 0.000000
vt 0.000000 0.000000
vt 0.000000 0.000000
vt 0.000000 0.000000
vt 0.000000 0.000000
vt 0.000000 0.000000
vt 0.000000 0.000000
vt 0.000000 0.000000
vt 0.000000 0.000000
vt 0.000000 0.000000
vt 0.000000 0.000000
vt 0.000000 0.000000
vt 0.000000 0.000000
vt 0.000000 0.000000
vt 0.000000 0.000000
vt 0.000000 0.000000
vt 0.000000 0.000000
vt 0.000000 0.000000
vt 0.000000 0.000000
vt 0.000000 0.000000
vt 0.000000 0.000000
vt 0.000000 0.000000
vt 0.000000 0.000000
vt 0.000000 0.000000
vt 0.000000 0.000000
vt 0.000000 0.000000
vt 0.000000 0.000000
vt 0.000000 0.000000
vt 0.000000 0.000000
vt 0.000000 0.000000
vt 0.000000 0.000000
vt 0.000000 0.000000
vt 0.000000 0.000000
vt 0.000000 0.000000
vt 0.000000 0.000000
vt 0.000000 0.000000
vt 0.000000 0.000000
vt 0.000000 0.000000
vt 0.000000 0.000000
vt 0.000000 0.000000
vt 0.000000 0.000000
vt 0.000000 0.000000
vt 0.000000 0.000000
vt 0.000000 0.000000
vt 0.000000 0.000000
vt 0.000000 0.000000
vt 0.000000 0.000000
vt 0.000000 0.000000
vt 0.000000 0.000000
vt 0.000000 0.000000
vt 0.000000 0.000000
vt 0.000000 0.000000
vt 0.000000 0.000000
vt 0.000000 0.000000
vt 0.000000 0.000000
vt 0.000000 0.000000
vt 0.000000 0.000000
vt 0.000000 0.000000
vt 0.000000 0.000000
vt 0.000000 0.000000
vt 0.000000 0.000000
vt 0.000000 0.000000
vt 0.000000 0.000000
vt 0.000000 0.000000
vt 0.000000 0.000000
vt 0.000000 0.000000
vt 0.000000 0.000000
vt 0.000000 0.000000
vt 0.000000 0.000000
vt 0.000000 0.000000
vt 0.000000 0.000000
vt 0.000000 0.000000
vt 0.000000 0.000000
vt 0.000000 0.000000
vt 0.000000 0.000000
vt 0.000000 0.000000
vt 0.000000 0.000000
vt 0.000000 0.000000
vt 0.000000 0.000000
vt 0.000000 0.000000
vt 0.000000 0.000000
vt 0.000000 0.000000
vt 0.000000 0.000000
vt 0.000000 0.000000
vt 0.000000 0.000000
vt 0.000000 0.000000
vt 0.000000 0.000000
vt 0.000000 0.000000
vt 0.000000 0.000000
vt 0.000000 0.000000
vt 0.000000 0.000000
vt 0.000000 0.000000
vt 0.000000 0.000000
vt 0.000000 0.000000
vt 0.000000 0.000000
vt 0.000000 0.000000
vt 0.000000 0.000000
vt 0.000000 0.000000
vt 0.000000 0.000000
vt 0.000000 0.000000
vt 0.000000 0.000000
vt 0.000000 0.000000
vt 0.000000 0.000000
vt 0.000000 0.000000
vt 0.000000 0.000000
vt 0.000000 0.000000
vt 0.000000 0.000000
vt 0.000000 0.000000
vt 0.000000 0.000000
vt 0.000000 0.000000
vt 0.000000 0.000000
vt 0.000000 0.000000
vt 0.000000 0.000000
vt 0.000000 0.000000
vt 0.000000 0.000000
vt 0.000000 0.000000
vt 0.000000 0.000000
vt 0.000000 0.000000
vt 0.000000 0.000000
vt 0.000000 0.000000
vt 0.000000 0.000000
vt 0.000000 0.000000
vt 0.000000 0.000000
vt 0.000000 0.000000
vt 0.000000 0.000000
vt 0.000000 0.000000
vt 0.000000 0.000000
vt 0.000000 0.000000
vt 0.000000 0.000000
vt 0.000000 0.000000
vt 0.000000 0.000000
vt 0.000000 0.000000
vt 0.000000 0.000000
vt 0.000000 0.000000
vt 0.000000 0.000000
vt 0.000000 0.000000
vt 0.000000 0.000000
vt 0.000000 0.000000
vt 0.000000 0.000000
vt 0.000000 0.000000
vt 0.000000 0.000000
vt 0.000000 0.000000
vt 0.000000 0.000000
vt 0.000000 0.000000
vt 0.000000 0.000000
vt 0.000000 0.000000
vt 0.000000 0.000000
vt 0.000000 0.000000
vt 0.000000 0.000000
vt 0.000000 0.000000
vt 0.000000 0.000000
vt 0.000000 0.000000
vt 0.000000 0.000000
vt 0.000000 0.000000
vt 0.000000 0.000000
vt 0.000000 0.000000
vt 0.000000 0.000000
vt 0.000000 0.000000
vt 0.000000 0.000000
vt 0.000000 0.000000
vt 0.000000 0.000000
vt 0.000000 0.000000
vt 0.000000 0.000000
vt 0.000000 0.000000
vt 0.000000 0.000000
vt 0.000000 0.000000
vt 0.000000 0.000000
vt 0.000000 0.000000
vt 0.000000 0.000000
vt 0.000000 0.000000
vt 0.000000 0.000000
vt 0.000000 0.000000
vt 0.000000 0.000000
vt 0.000000 0.000000
vt 0.000000 0.000000
vt 0.000000 0.000000
vt 0.000000 0.000000
vt 0.000000 0.000000
vt 0.000000 0.000000
vt 0.000000 0.000000
vt 0.000000 0.000000
vt 0.000000 0.000000
vt 0.000000 0.000000
vt 0.000000 0.000000
vt 0.000000 0.000000
vt 0.000000 0.000000
vt 0.000000 0.000000
vt 0.000000 0.000000
vt 0.000000 0.000000
vt 0.000000 0.000000
vt 0.000000 0.000000
vt 0.000000 0.000000
vt 0.000000 0.000000
vt 0.000000 0.000000
vt 0.000000 0.000000
vt 0.000000 0.000000
vt 0.000000 0.000000
vt 0.000000 0.000000
vt 0.000000 0.000000
vt 0.000000 0.000000
vt 0.000000 0.000000
vt 0.000000 0.000000
vt 0.000000 0.000000
vt 0.000000 0.000000
vt 0.000000 0.000000
vt 0.000000 0.000000
vt 0.000000 0.000000
vt 0.000000 0.000000
vt 0.000000 0.000000
vt 0.000000 0.000000
vt 0.000000 0.000000
vt 0.000000 0.000000
vt 0.000000 0.000000
vt 0.000000 0.000000
vt 0.000000 0.000000
vt 0.000000 0.000000
vt 0.000000 0.000000
vt 0.000000 0.000000
vt 0.000000 0.000000
vt 0.000000 0.000000
vt 0.000000 0.000000
vt 0.000000 0.000000
vt 0.000000 0.000000
vt 0.000000 0.000000
vt 0.000000 0.000000
vt 0.000000 0.000000
vt 0.000000 0.000000
vt 0.000000 0.000000
vt 0.000000 0.000000
vt 0.000000 0.000000
vt 0.000000 0.000000
vt 0.000000 0.000000
vt 0.000000 0.000000
vt 0.000000 0.000000
vt 0.000000 0.000000
vt 0.000000 0.000000
vt 0.000000 0.000000
vt 0.000000 0.000000
vt 0.000000 0.000000
vt 0.000000 0.000000
vt 0.000000 0.000000
vt 0.000000 0.000000
vt 0.000000 0.000000
vt 0.000000 0.000000
vt 0.000000 0.000000
vt 0.000000 0.000000
vt 0.000000 0.000000
vt 0.000000 0.000000
vt 0.000000 0.000000
vt 0.000000 0.000000
vt 0.000000 0.000000
vt 0.000000 0.000000
vt 0.000000 0.000000
vt 0.000000 0.000000
vt 0.000000 0.000000
vt 0.000000 0.000000
vt 0.000000 0.000000
vt 0.000000 0.000000
vt 0.000000 0.000000
vt 0.000000 0.000000
vt 0.000000 0.000000
vt 0.000000 0.000000
vt 0.000000 0.000000
vt 0.000000 0.000000
vt 0.000000 0.000000
vt 0.000000 0.000000
vt 0.000000 0.000000
vt 0.000000 0.000000
vt 0.000000 0.000000
vt 0.000000 0.000000
vt 0.000000 0.000000
vt 0.000000 0.000000
vt 0.000000 0.000000
vt 0.000000 0.000000
vt 0.000000 0.000000
vt 0.000000 0.000000
vt 0.000000 0.000000
vt 0.000000 0.000000
vt 0.000000 0.000000
vt 0.000000 0.000000
vt 0.000000 0.000000
vt 0.000000 0.000000
vt 0.000000 0.000000
vt 0.000000 0.000000
vt 0.000000 0.000000
vt 0.000000 0.000000
vt 0.000000 0.000000
vt 0.000000 0.000000
vt 0.000000 0.000000
vt 0.000000 0.000000
vt 0.000000 0.000000
vt 0.000000 0.000000
vt 0.000000 0.000000
vt 0.000000 0.000000
vt 0.000000 0.000000
vt 0.000000 0.000000
vt 0.000000 0.000000
vt 0.000000 0.000000
vt 0.000000 0.000000
vt 0.000000 0.000000
vt 0.000000 0.000000
vt 0.000000 0.000000
vt 0.000000 0.000000
vt 0.000000 0.000000
vt 0.000000 0.000000
vt 0.000000 0.000000
vt 0.000000 0.000000
vt 0.000000 0.000000
vt 0.000000 0.000000
vt 0.000000 0.000000
vt 0.000000 0.000000
vt 0.000000 0.000000
vt 0.000000 0.000000
vt 0.000000 0.000000
vt 0.000000 0.000000
vt 0.000000 0.000000
vt 0.000000 0.000000
vt 0.000000 0.000000
vt 0.000000 0.000000
vt 0.000000 0.000000
vt 0.000000 0.000000
vt 0.000000 0.000000
vt 0.000000 0.000000
vt 0.000000 0.000000
vt 0.000000 0.000000
vt 0.000000 0.000000
vt 0.000000 0.000000
vt 0.000000 0.000000
vt 0.000000 0.000000
vt 0.000000 0.000000
vt 0.000000 0.000000
vt 0.000000 0.000000
vt 0.000000 0.000000
vt 0.000000 0.000000
vt 0.000000 0.000000
vt 0.000000 0.000000
vt 0.000000 0.000000
vt 0.000000 0.000000
vt 0.000000 0.000000
vt 0.000000 0.000000
vt 0.000000 0.000000
vt 0.000000 0.000000
vt 0.000000 0.000000
vt 0.000000 0.000000
vt 0.000000 0.000000
vt 0.000000 0.000000
vt 0.000000 0.000000
vt 0.000000 0.000000
vt 0.000000 0.000000
vt 0.000000 0.000000
vt 0.000000 0.000000
vt 0.000000 0.000000
vt 0.000000 0.000000
vt 0.000000 0.000000
vt 0.000000 0.000000
vt 0.000000 0.000000
vt 0.000000 0.000000
vt 0.000000 0.000000
vt 0.000000 0.000000
vt 0.000000 0.000000
vt 0.000000 0.000000
vt 0.000000 0.000000
vt 0.000000 0.000000
vt 0.000000 0.000000
vt 0.000000 0.000000
vt 0.000000 0.000000
vt 0.000000 0.000000
vt 0.000000 0.000000
vt 0.000000 0.000000
vt 0.000000 0.000000
vt 0.000000 0.000000
vt 0.000000 0.000000
vt 0.000000 0.000000
vt 0.000000 0.000000
vt 0.000000 0.000000
vt 0.000000 0.000000
vt 0.000000 0.000000
vt 0.000000 0.000000
vt 0.000000 0.000000
vt 0.000000 0.000000
vt 0.000000 0.000000
vt 0.000000 0.000000
vt 0.000000 0.000000
vt 0.000000 0.000000
vt 0.000000 0.000000
vt 0.000000 0.000000
vt 0.000000 0.000000
vt 0.000000 0.000000
vt 0.000000 0.000000
vt 0.000000 0.000000
vt 0.000000 0.000000
vt 0.000000 0.000000
vt 0.000000 0.000000
vt 0.000000 0.000000
vt 0.000000 0.000000
vt 0.000000 0.000000
vt 0.000000 0.000000
vt 0.000000 0.000000
vt 0.000000 0.000000
vt 0.000000 0.000000
vt 0.000000 0.000000
vt 0.000000 0.000000
vt 0.000000 0.000000
vt 0.000000 0.000000
vt 0.000000 0.000000
vt 0.000000 0.000000
vt 0.000000 0.000000
vt 0.000000 0.000000
vt 0.000000 0.000000
vt 0.000000 0.000000
vt 0.000000 0.000000
vt 0.000000 0.000000
vt 0.000000 0.000000
vt 0.000000 0.000000
vt 0.000000 0.000000
vt 0.000000 0.000000
vt 0.000000 0.000000
vt 0.000000 0.000000
vt 0.000000 0.000000
vt 0.000000 0.000000
vt 0.000000 0.000000
vt 0.000000 0.000000
vt 0.000000 0.000000
vt 0.000000 0.000000
vt 0.000000 0.000000
vt 0.000000 0.000000
vt 0.000000 0.000000
vt 0.000000 0.000000
vt 0.000000 0.000000
vt 0.000000 0.000000
vt 0.000000 0.000000
vt 0.000000 0.000000
vt 0.000000 0.000000
vt 0.000000 0.000000
vt 0.000000 0.000000
vt 0.000000 0.000000
vt 0.000000 0.000000
vt 0.000000 0.000000
vt 0.000000 0.000000
vt 0.000000 0.000000
vt 0.000000 0.000000
vt 0.000000 0.000000
vt 0.000000 0.000000
vt 0.000000 0.000000
vt 0.000000 0.000000
vt 0.000000 0.000000
vt 0.000000 0.000000
vt 0.000000 0.000000
vt 0.000000 0.000000
vt 0.000000 0.000000
vt 0.000000 0.000000
vt 0.000000 0.000000
vt 0.000000 0.000000
vt 0.000000 0.000000
vt 0.000000 0.000000
vt 0.000000 0.000000
vt 0.000000 0.000000
vt 0.000000 0.000000
vt 0.000000 0.000000
vt 0.000000 0.000000
vt 0.000000 0.000000
vt 0.000000 0.000000
vt 0.000000 0.000000
vt 0.000000 0.000000
vt 0.000000 0.000000
vt 0.000000 0.000000
vt 0.000000 0.000000
vt 0.000000 0.000000
vt 0.000000 0.000000
vt 0.000000 0.000000
vt 0.000000 0.000000
vt 0.000000 0.000000
vt 0.000000 0.000000
vt 0.000000 0.000000
vt 0.000000 0.000000
vt 0.000000 0.000000
vt 0.000000 0.000000
vt 0.000000 0.000000
vt 0.000000 0.000000
vt 0.000000 0.000000
vt 0.000000 0.000000
vt 0.000000 0.000000
vt 0.000000 0.000000
vt 0.000000 0.000000
vt 0.000000 0.000000
vt 0.000000 0.000000
vt 0.000000 0.000000
vt 0.000000 0.000000
vt 0.000000 0.000000
vt 0.000000 0.000000
vt 0.000000 0.000000
vt 0.000000 0.000000
vt 0.000000 0.000000
vt 0.000000 0.000000
vt 0.000000 0.000000
vt 0.000000 0.000000
vt 0.000000 0.000000
vt 0.000000 0.000000
vt 0.000000 0.000000
vt 0.000000 0.000000
vt 0.000000 0.000000
vt 0.000000 0.000000
vt 0.000000 0.000000
vt 0.000000 0.000000
vt 0.000000 0.000000
vt 0.000000 0.000000
vt 0.000000 0.000000
vt 0.000000 0.000000
vt 0.000000 0.000000
vt 0.000000 0.000000
vt 0.000000 0.000000
vt 0.000000 0.000000
vt 0.000000 0.000000
vt 0.000000 0.000000
vt 0.000000 0.000000
vt 0.000000 0.000000
vt 0.000000 0.000000
vt 0.000000 0.000000
vt 0.000000 0.000000
vt 0.000000 0.000000
vt 0.000000 0.000000
vt 0.000000 0.000000
vt 0.000000 0.000000
vt 0.000000 0.000000
vt 0.000000 0.000000
vt 0.000000 0.000000
vt 0.000000 0.000000
vt 0.000000 0.000000
vt 0.000000 0.000000
vt 0.000000 0.000000
vt 0.000000 0.000000
vt 0.000000 0.000000
vt 0.000000 0.000000
vt 0.000000 0.000000
vt 0.000000 0.000000
vt 0.000000 0.000000
vt 0.000000 0.000000
vt 0.000000 0.000000
vt 0.000000 0.000000
vt 0.000000 0.000000
vt 0.000000 0.000000
vt 0.000000 0.000000
vt 0.000000 0.000000
vt 0.000000 0.000000
vt 0.000000 0.000000
vt 0.000000 0.000000
vt 0.000000 0.000000
vt 0.000000 0.000000
vt 0.000000 0.000000
vt 0.000000 0.000000
vt 0.000000 0.000000
vt 0.000000 0.000000
vt 0.000000 0.000000
vt 0.000000 0.000000
vt 0.000000 0.000000
vt 0.000000 0.000000
vt 0.000000 0.000000
vt 0.000000 0.000000
vt 0.000000 0.000000
vt 0.000000 0.000000
vt 0.000000 0.000000
vt 0.000000 0.000000
vt 0.000000 0.000000
vt 0.000000 0.000000
vt 0.000000 0.000000
vt 0.000000 0.000000
vt 0.000000 0.000000
vt 0.000000 0.000000
vt 0.000000 0.000000
vt 0.000000 0.000000
vt 0.000000 0.000000
vt 0.000000 0.000000
vt 0.000000 0.000000
vt 0.000000 0.000000
vt 0.000000 0.000000
vt 0.000000 0.000000
vt 0.000000 0.000000
vt 0.000000 0.000000
vt 0.000000 0.000000
vt 0.000000 0.000000
vt 0.000000 0.000000
vt 0.000000 0.000000
vt 0.000000 0.000000
vt 0.000000 0.000000
vt 0.000000 0.000000
vt 0.000000 0.000000
vt 0.000000 0.000000
vt 0.000000 0.000000
vt 0.000000 0.000000
vt 0.000000 0.000000
vt 0.000000 0.000000
vt 0.000000 0.000000
vt 0.000000 0.000000
vt 0.000000 0.000000
vt 0.000000 0.000000
vt 0.000000 0.000000
vt 0.000000 0.000000
vt 0.000000 0.000000
vt 0.000000 0.000000
vt 0.000000 0.000000
vt 0.000000 0.000000
vt 0.000000 0.000000
vt 0.000000 0.000000
vt 0.000000 0.000000
vt 0.000000 0.000000
vt 0.000000 0.000000
vt 0.000000 0.000000
vt 0.000000 0.000000
vt 0.000000 0.000000
vt 0.000000 0.000000
vt 0.000000 0.000000
vt 0.000000 0.000000
vt 0.000000 0.000000
vt 0.000000 0.000000
vt 0.000000 0.000000
vt 0.000000 0.000000
vt 0.000000 0.000000
vt 0.000000 0.000000
vt 0.000000 0.000000
vt 0.000000 0.000000
vt 0.000000 0.000000
vt 0.000000 0.000000
vt 0.000000 0.000000
vt 0.000000 0.000000
vt 0.000000 0.000000
vt 0.000000 0.000000
vt 0.000000 0.000000
vt 0.000000 0.000000
vt 0.000000 0.000000
vt 0.000000 0.000000
vt 0.000000 0.000000
vt 0.000000 0.000000
vt 0.000000 0.000000
vt 0.000000 0.000000
vt 0.000000 0.000000
vt 0.000000 0.000000
vt 0.000000 0.000000
vt 0.000000 0.000000
vt 0.000000 0.000000
vt 0.000000 0.000000
vt 0.000000 0.000000
vt 0.000000 0.000000
vt 0.000000 0.000000
vt 0.000000 0.000000
vt 0.000000 0.000000
vt 0.000000 0.000000
vt 0.000000 0.000000
vt 0.000000 0.000000
vt 0.000000 0.000000
vt 0.000000 0.000000
vt 0.000000 0.000000
vt 0.000000 0.000000
vt 0.000000 0.000000
vt 0.000000 0.000000
vt 0.000000 0.000000
vt 0.000000 0.000000
vt 0.000000 0.000000
vt 0.000000 0.000000
vt 0.000000 0.000000
vt 0.000000 0.000000
vt 0.000000 0.000000
vt 0.000000 0.000000
vt 0.000000 0.000000
vt 0.000000 0.000000
vt 0.000000 0.000000
vt 0.000000 0.000000
vt 0.000000 0.000000
vt 0.000000 0.000000
vt 0.000000 0.000000
vt 0.000000 0.000000
vt 0.000000 0.000000
vt 0.000000 0.000000
vt 0.000000 0.000000
vt 0.000000 0.000000
vt 0.000000 0.000000
vt 0.000000 0.000000
vt 0.000000 0.000000
vt 0.000000 0.000000
vt 0.000000 0.000000
vt 0.000000 0.000000
vt 0.000000 0.000000
vt 0.000000 0.000000
vt 0.000000 0.000000
vt 0.000000 0.000000
vt 0.000000 0.000000
vt 0.000000 0.000000
vt 0.000000 0.000000
vt 0.000000 0.000000
vt 0.000000 0.000000
vt 0.000000 0.000000
vt 0.000000 0.000000
vt 0.000000 0.000000
vt 0.000000 0.000000
vt 0.000000 0.000000
vt 0.000000 0.000000
vt 0.000000 0.000000
vt 0.000000 0.000000
vt 0.000000 0.000000
vt 0.000000 0.000000
vt 0.000000 0.000000
vt 0.000000 0.000000
vt 0.000000 0.000000
vt 0.000000 0.000000
vt 0.000000 0.000000
vt 0.000000 0.000000
vt 0.000000 0.000000
vt 0.000000 0.000000
vt 0.000000 0.000000
vt 0.000000 0.000000
vt 0.000000 0.000000
vt 0.000000 0.000000
vt 0.000000 0.000000
vt 0.000000 0.000000
vt 0.000000 0.000000
vt 0.000000 0.000000
vt 0.000000 0.000000
vt 0.000000 0.000000
vt 0.000000 0.000000
vt 0.000000 0.000000
vt 0.000000 0.000000
vt 0.000000 0.000000
vt 0.000000 0.000000
vt 0.000000 0.000000
vt 0.000000 0.000000
vt 0.000000 0.000000
vt 0.000000 0.000000
vt 0.000000 0.000000
vt 0.000000 0.000000
vt 0.000000 0.000000
vt 0.000000 0.000000
vt 0.000000 0.000000
vt 0.000000 0.000000
vt 0.000000 0.000000
vt 0.000000 0.000000
vt 0.000000 0.000000
vt 0.000000 0.000000
vt 0.000000 0.000000
vt 0.000000 0.000000
vt 0.000000 0.000000
vt 0.000000 0.000000
vt 0.000000 0.000000
vt 0.000000 0.000000
vt 0.000000 0.000000
vt 0.000000 0.000000
vt 0.000000 0.000000
vt 0.000000 0.000000
vt 0.000000 0.000000
vt 0.000000 0.000000
vt 0.000000 0.000000
vt 0.000000 0.000000
vt 0.000000 0.000000
vt 0.000000 0.000000
vt 0.000000 0.000000
vt 0.000000 0.000000
vt 0.000000 0.000000
vt 0.000000 0.000000
vt 0.000000 0.000000
vt 0.000000 0.000000
vt 0.000000 0.000000
vt 0.000000 0.000000
vt 0.000000 0.000000
vt 0.000000 0.000000
vt 0.000000 0.000000
vt 0.000000 0.000000
vt 0.000000 0.000000
vt 0.000000 0.000000
vt 0.000000 0.000000
vt 0.000000 0.000000
vt 0.000000 0.000000
vt 0.000000 0.000000
vt 0.000000 0.000000
vt 0.000000 0.000000
vt 0.000000 0.000000
vt 0.000000 0.000000
vt 0.000000 0.000000
vt 0.000000 0.000000
vt 0.000000 0.000000
vt 0.000000 0.000000
vt 0.000000 0.000000
vt 0.000000 0.000000
vt 0.000000 0.000000
vt 0.000000 0.000000
vt 0.000000 0.000000
vt 0.000000 0.000000
vt 0.000000 0.000000
vt 0.000000 0.000000
vt 0.000000 0.000000
vt 0.000000 0.000000
vt 0.000000 0.000000
vt 0.000000 0.000000
vt 0.000000 0.000000
vt 0.000000 0.000000
vt 0.000000 0.000000
vt 0.000000 0.000000
vt 0.000000 0.000000
vt 0.000000 0.000000
vt 0.000000 0.000000
vt 0.000000 0.000000
vt 0.000000 0.000000
vt 0.000000 0.000000
vt 0.000000 0.000000
vt 0.000000 0.000000
vt 0.000000 0.000000
vt 0.000000 0.000000
vt 0.000000 0.000000
vt 0.000000 0.000000
vt 0.000000 0.000000
vt 0.000000 0.000000
vt 0.000000 0.000000
vt 0.000000 0.000000
vt 0.000000 0.000000
vt 0.000000 0.000000
vt 0.000000 0.000000
vt 0.000000 0.000000
vt 0.000000 0.000000
vt 0.000000 0.000000
vt 0.000000 0.000000
vt 0.000000 0.000000
vt 0.000000 0.000000
vt 0.000000 0.000000
vt 0.000000 0.000000
vt 0.000000 0.000000
vt 0.000000 0.000000
vt 0.000000 0.000000
vt 0.000000 0.000000
vt 0.000000 0.000000
vt 0.000000 0.000000
vt 0.000000 0.000000
vt 0.000000 0.000000
vt 0.000000 0.000000
vt 0.000000 0.000000
vt 0.000000 0.000000
vt 0.000000 0.000000
vt 0.000000 0.000000
vt 0.000000 0.000000
vt 0.000000 0.000000
vt 0.000000 0.000000
vt 0.000000 0.000000
vt 0.000000 0.000000
vt 0.000000 0.000000
vt 0.000000 0.000000
vt 0.000000 0.000000
vt 0.000000 0.000000
vt 0.000000 0.000000
vt 0.000000 0.000000
vt 0.000000 0.000000
vt 0.000000 0.000000
vt 0.000000 0.000000
vt 0.000000 0.000000
vt 0.000000 0.000000
vt 0.000000 0.000000
vt 0.000000 0.000000
vt 0.000000 0.000000
vt 0.000000 0.000000
vt 0.000000 0.000000
vt 0.000000 0.000000
vt 0.000000 0.000000
vt 0.000000 0.000000
vt 0.000000 0.000000
vt 0.000000 0.000000
vt 0.000000 0.000000
vt 0.000000 0.000000
vt 0.000000 0.000000
vt 0.000000 0.000000
vt 0.000000 0.000000
vt 0.000000 0.000000
vt 0.000000 0.000000
vt 0.000000 0.000000
vt 0.000000 0.000000
vt 0.000000 0.000000
vt 0.000000 0.000000
vt 0.000000 0.000000
vt 0.000000 0.000000
vt 0.000000 0.000000
vt 0.000000 0.000000
vt 0.000000 0.000000
vt 0.000000 0.000000
vt 0.000000 0.000000
vt 0.000000 0.000000
vt 0.000000 0.000000
vt 0.000000 0.000000
vt 0.000000 0.000000
vt 0.000000 0.000000
vt 0.000000 0.000000
vt 0.000000 0.000000
vt 0.000000 0.000000
vt 0.000000 0.000000
vt 0.000000 0.000000
vt 0.000000 0.000000
vt 0.000000 0.000000
vt 0.000000 0.000000
vt 0.000000 0.000000
vt 0.000000 0.000000
vt 0.000000 0.000000
vt 0.000000 0.000000
vt 0.000000 0.000000
vt 0.000000 0.000000
vt 0.000000 0.000000
vt 0.000000 0.000000
vt 0.000000 0.000000
vt 0.000000 0.000000
vt 0.000000 0.000000
vt 0.000000 0.000000
vt 0.000000 0.000000
vt 0.000000 0.000000
vt 0.000000 0.000000
vt 0.000000 0.000000
vt 0.000000 0.000000
vt 0.000000 0.000000
vt 0.000000 0.000000
vt 0.000000 0.000000
vt 0.000000 0.000000
vt 0.000000 0.000000
vt 0.000000 0.000000
vt 0.000000 0.000000
vt 0.000000 0.000000
vt 0.000000 0.000000
vt 0.000000 0.000000
vt 0.000000 0.000000
vt 0.000000 0.000000
vt 0.000000 0.000000
vt 0.000000 0.000000
vt 0.000000 0.000000
vt 0.000000 0.000000
vt 0.000000 0.000000
vt 0.000000 0.000000
vt 0.000000 0.000000
vt 0.000000 0.000000
vt 0.000000 0.000000
vt 0.000000 0.000000
vt 0.000000 0.000000
vt 0.000000 0.000000
vt 0.000000 0.000000
vt 0.000000 0.000000
vt 0.000000 0.000000
vt 0.000000 0.000000
vt 0.000000 0.000000
vt 0.000000 0.000000
vt 0.000000 0.000000
vt 0.000000 0.000000
vt 0.000000 0.000000
vt 0.000000 0.000000
vt 0.000000 0.000000
vt 0.000000 0.000000
vt 0.000000 0.000000
vt 0.000000 0.000000
vt 0.000000 0.000000
vt 0.000000 0.000000
vt 0.000000 0.000000
vt 0.000000 0.000000
vt 0.000000 0.000000
vt 0.000000 0.000000
vt 0.000000 0.000000
vt 0.000000 0.000000
vt 0.000000 0.000000
vt 0.000000 0.000000
vt 0.000000 0.000000
vt 0.000000 0.000000
vt 0.000000 0.000000
vt 0.000000 0.000000
vt 0.000000 0.000000
vt 0.000000 0.000000
vt 0.000000 0.000000
vt 0.000000 0.000000
vt 0.000000 0.000000
vt 0.000000 0.000000
vt 0.000000 0.000000
vt 0.000000 0.000000
vt 0.000000 0.000000
vt 0.000000 0.000000
vt 0.000000 0.000000
vt 0.000000 0.000000
vt 0.000000 0.000000
vt 0.000000 0.000000
vt 0.000000 0.000000
vt 0.000000 0.000000
vt 0.000000 0.000000
vt 0.000000 0.000000
vt 0.000000 0.000000
vt 0.000000 0.000000
vt 0.000000 0.000000
vt 0.000000 0.000000
vt 0.000000 0.000000
vt 0.000000 0.000000
vt 0.000000 0.000000
vt 0.000000 0.000000
vt 0.000000 0.000000
vt 0.000000 0.000000
vt 0.000000 0.000000
vt 0.000000 0.000000
vt 0.000000 0.000000
vt 0.000000 0.000000
vt 0.000000 0.000000
vt 0.000000 0.000000
vt 0.000000 0.000000
vt 0.000000 0.000000
vt 0.000000 0.000000
vt 0.000000 0.000000
vt 0.000000 0.000000
vt 0.000000 0.000000
vt 0.000000 0.000000
vt 0.000000 0.000000
vt 0.000000 0.000000
vt 0.000000 0.000000
vt 0.000000 0.000000
vt 0.000000 0.000000
vt 0.000000 0.000000
vt 0.000000 0.000000
vt 0.000000 0.000000
vt 0.000000 0.000000
vt 0.000000 0.000000
vt 0.000000 0.000000
vt 0.000000 0.000000
vt 0.000000 0.000000
vt 0.000000 0.000000
vt 0.000000 0.000000
vt 0.000000 0.000000
vt 0.000000 0.000000
vt 0.000000 0.000000
vt 0.000000 0.000000
vt 0.000000 0.000000
vt 0.000000 0.000000
vt 0.000000 0.000000
vt 0.000000 0.000000
vt 0.000000 0.000000
vt 0.000000 0.000000
vt 0.000000 0.000000
vt 0.000000 0.000000
vt 0.000000 0.000000
vt 0.000000 0.000000
vt 0.000000 0.000000
vt 0.000000 0.000000
vt 0.000000 0.000000
vt 0.000000 0.000000
vt 0.000000 0.000000
vt 0.000000 0.000000
vt 0.000000 0.000000
vt 0.000000 0.000000
vt 0.000000 0.000000
vt 0.000000 0.000000
vt 0.000000 0.000000
vt 0.000000 0.000000
vt 0.000000 0.000000
vt 0.000000 0.000000
vt 0.000000 0.000000
vt 0.000000 0.000000
vt 0.000000 0.000000
vt 0.000000 0.000000
vt 0.000000 0.000000
vt 0.000000 0.000000
vt 0.000000 0.000000
vt 0.000000 0.000000
vt 0.000000 0.000000
vt 0.000000 0.000000
vt 0.000000 0.000000
vt 0.000000 0.000000
vt 0.000000 0.000000
vt 0.000000 0.000000
vt 0.000000 0.000000
vt 0.000000 0.000000
vt 0.000000 0.000000
vt 0.000000 0.000000
vt 0.000000 0.000000
vt 0.000000 0.000000
vt 0.000000 0.000000
vt 0.000000 0.000000
vt 0.000000 0.000000
vt 0.000000 0.000000
vt 0.000000 0.000000
vt 0.000000 0.000000
vt 0.000000 0.000000
vt 0.000000 0.000000
vt 0.000000 0.000000
vt 0.000000 0.000000
vt 0.000000 0.000000
vt 0.000000 0.000000
vt 0.000000 0.000000
vt 0.000000 0.000000
vt 0.000000 0.000000
vt 0.000000 0.000000
vt 0.000000 0.000000
vt 0.000000 0.000000
vt 0.000000 0.000000
vt 0.000000 0.000000
vt 0.000000 0.000000
vt 0.000000 0.000000
vt 0.000000 0.000000
vt 0.000000 0.000000
vt 0.000000 0.000000
vt 0.000000 0.000000
vt 0.000000 0.000000
vt 0.000000 0.000000
vt 0.000000 0.000000
vt 0.000000 0.000000
vt 0.000000 0.000000
vt 0.000000 0.000000
vt 0.000000 0.000000
vt 0.000000 0.000000
vt 0.000000 0.000000
vt 0.000000 0.000000
vt 0.000000 0.000000
vt 0.000000 0.000000
vt 0.000000 0.000000
vt 0.000000 0.000000
vt 0.000000 0.000000
vt 0.000000 0.000000
vt 0.000000 0.000000
vt 0.000000 0.000000
vt 0.000000 0.000000
vt 0.000000 0.000000
vt 0.000000 0.000000
vt 0.000000 0.000000
vt 0.000000 0.000000
vt 0.000000 0.000000
vt 0.000000 0.000000
vt 0.000000 0.000000
vt 0.000000 0.000000
vt 0.000000 0.000000
vt 0.000000 0.000000
vt 0.000000 0.000000
vt 0.000000 0.000000
vt 0.000000 0.000000
vt 0.000000 0.000000
vt 0.000000 0.000000
vt 0.000000 0.000000
vt 0.000000 0.000000
vt 0.000000 0.000000
vt 0.000000 0.000000
vt 0.000000 0.000000
vt 0.000000 0.000000
vt 0.000000 0.000000
vt 0.000000 0.000000
vt 0.000000 0.000000
vt 0.000000 0.000000
vt 0.000000 0.000000
vt 0.000000 0.000000
vt 0.000000 0.000000
vt 0.000000 0.000000
vt 0.000000 0.000000
vt 0.000000 0.000000
vt 0.000000 0.000000
vt 0.000000 0.000000
vt 0.000000 0.000000
vt 0.000000 0.000000
vt 0.000000 0.000000
vt 0.000000 0.000000
vt 0.000000 0.000000
vt 0.000000 0.000000
vt 0.000000 0.000000
vt 0.000000 0.000000
vt 0.000000 0.000000
vt 0.000000 0.000000
vt 0.000000 0.000000
vt 0.000000 0.000000
vt 0.000000 0.000000
vt 0.000000 0.000000
vt 0.000000 0.000000
vt 0.000000 0.000000
vt 0.000000 0.000000
vt 0.000000 0.000000
vt 0.000000 0.000000
vt 0.000000 0.000000
vt 0.000000 0.000000
vt 0.000000 0.000000
vt 0.000000 0.000000
vt 0.000000 0.000000
vt 0.000000 0.000000
vt 0.000000 0.000000
vt 0.000000 0.000000
vt 0.000000 0.000000
vt 0.000000 0.000000
vt 0.000000 0.000000
vt 0.000000 0.000000
vt 0.000000 0.000000
vt 0.000000 0.000000
vt 0.000000 0.000000
vt 0.000000 0.000000
vt 0.000000 0.000000
vt 0.000000 0.000000
vt 0.000000 0.000000
vt 0.000000 0.000000
vt 0.000000 0.000000
vt 0.000000 0.000000
vt 0.000000 0.000000
vt 0.000000 0.000000
vt 0.000000 0.000000
vt 0.000000 0.000000
vt 0.000000 0.000000
vt 0.000000 0.000000
vt 0.000000 0.000000
vt 0.000000 0.000000
vt 0.000000 0.000000
vt 0.000000 0.000000
vt 0.000000 0.000000
vt 0.000000 0.000000
vt 0.000000 0.000000
vt 0.000000 0.000000
vt 0.000000 0.000000
vt 0.000000 0.000000
vt 0.000000 0.000000
vt 0.000000 0.000000
vt 0.000000 0.000000
vt 0.000000 0.000000
vt 0.000000 0.000000
vt 0.000000 0.000000
vt 0.000000 0.000000
vt 0.000000 0.000000
vt 0.000000 0.000000
vt 0.000000 0.000000
vt 0.000000 0.000000
vt 0.000000 0.000000
vt 0.000000 0.000000
vt 0.000000 0.000000
vt 0.000000 0.000000
vt 0.000000 0.000000
vt 0.000000 0.000000
vt 0.000000 0.000000
vt 0.000000 0.000000
vt 0.000000 0.000000
vt 0.000000 0.000000
vt 0.000000 0.000000
vt 0.000000 0.000000
vt 0.000000 0.000000
vt 0.000000 0.000000
vt 0.000000 0.000000
vt 0.000000 0.000000
vt 0.000000 0.000000
vt 0.000000 0.000000
vt 0.000000 0.000000
vt 0.000000 0.000000
vt 0.000000 0.000000
vt 0.000000 0.000000
vt 0.000000 0.000000
vt 0.000000 0.000000
vt 0.000000 0.000000
vt 0.000000 0.000000
vt 0.000000 0.000000
vt 0.000000 0.000000
vt 0.000000 0.000000
vt 0.000000 0.000000
vt 0.000000 0.000000
vt 0.000000 0.000000
vt 0.000000 0.000000
vt 0.000000 0.000000
vt 0.000000 0.000000
vt 0.000000 0.000000
vt 0.000000 0.000000
vt 0.000000 0.000000
vt 0.000000 0.000000
vt 0.000000 0.000000
vt 0.000000 0.000000
vt 0.000000 0.000000
vt 0.000000 0.000000
vt 0.000000 0.000000
vt 0.000000 0.000000
vt 0.000000 0.000000
vt 0.000000 0.000000
vt 0.000000 0.000000
vt 0.000000 0.000000
vt 0.000000 0.000000
vt 0.000000 0.000000
vt 0.000000 0.000000
vt 0.000000 0.000000
vt 0.000000 0.000000
vt 0.000000 0.000000
vt 0.000000 0.000000
vt 0.000000 0.000000
vt 0.000000 0.000000
vt 0.000000 0.000000
vt 0.000000 0.000000
vt 0.000000 0.000000
vt 0.000000 0.000000
vt 0.000000 0.000000
vt 0.000000 0.000000
vt 0.000000 0.000000
vt 0.000000 0.000000
vt 0.000000 0.000000
vt 0.000000 0.000000
vt 0.000000 0.000000
vt 0.000000 0.000000
vt 0.000000 0.000000
vt 0.000000 0.000000
vt 0.000000 0.000000
vt 0.000000 0.000000
vt 0.000000 0.000000
vt 0.000000 0.000000
vt 0.000000 0.000000
vt 0.000000 0.000000
vt 0.000000 0.000000
vt 0.000000 0.000000
vt 0.000000 0.000000
vt 0.000000 0.000000
vt 0.000000 0.000000
vt 0.000000 0.000000
vt 0.000000 0.000000
vt 0.000000 0.000000
vt 0.000000 0.000000
vt 0.000000 0.000000
vt 0.000000 0.000000
vt 0.000000 0.000000
vt 0.000000 0.000000
vt 0.000000 0.000000
vt 0.000000 0.000000
vt 0.000000 0.000000
vt 0.000000 0.000000
vt 0.000000 0.000000
vt 0.000000 0.000000
vt 0.000000 0.000000
vt 0.000000 0.000000
vt 0.000000 0.000000
vt 0.000000 0.000000
vt 0.000000 0.000000
vt 0.000000 0.000000
vt 0.000000 0.000000
vt 0.000000 0.000000
vt 0.000000 0.000000
vt 0.000000 0.000000
vt 0.000000 0.000000
vt 0.000000 0.000000
vt 0.000000 0.000000
vt 0.000000 0.000000
vt 0.000000 0.000000
vt 0.000000 0.000000
vt 0.000000 0.000000
vt 0.000000 0.000000
vt 0.000000 0.000000
vt 0.000000 0.000000
vt 0.000000 0.000000
vt 0.000000 0.000000
vt 0.000000 0.000000
vt 0.000000 0.000000
vt 0.000000 0.000000
vt 0.000000 0.000000
vt 0.000000 0.000000
vt 0.000000 0.000000
vt 0.000000 0.000000
vt 0.000000 0.000000
vt 0.000000 0.000000
vt 0.000000 0.000000
vt 0.000000 0.000000
vt 0.000000 0.000000
vt 0.000000 0.000000
vt 0.000000 0.000000
vt 0.000000 0.000000
vt 0.000000 0.000000
vt 0.000000 0.000000
vt 0.000000 0.000000
vt 0.000000 0.000000
vt 0.000000 0.000000
vt 0.000000 0.000000
vt 0.000000 0.000000
vt 0.000000 0.000000
vt 0.000000 0.000000
vt 0.000000 0.000000
vt 0.000000 0.000000
vt 0.000000 0.000000
vt 0.000000 0.000000
vt 0.000000 0.000000
vt 0.000000 0.000000
vt 0.000000 0.000000
vt 0.000000 0.000000
vt 0.000000 0.000000
vt 0.000000 0.000000
vt 0.000000 0.000000
vt 0.000000 0.000000
vt 0.000000 0.000000
vt 0.000000 0.000000
vt 0.000000 0.000000
vt 0.000000 0.000000
vt 0.000000 0.000000
vt 0.000000 0.000000
vt 0.000000 0.000000
vt 0.000000 0.000000
vt 0.000000 0.000000
vt 0.000000 0.000000
vt 0.000000 0.000000
vt 0.000000 0.000000
vt 0.000000 0.000000
vt 0.000000 0.000000
vt 0.000000 0.000000
vt 0.000000 0.000000
vt 0.000000 0.000000
vt 0.000000 0.000000
vt 0.000000 0.000000
vt 0.000000 0.000000
vt 0.000000 0.000000
vt 0.000000 0.000000
vt 0.000000 0.000000
vt 0.000000 0.000000
vt 0.000000 0.000000
vt 0.000000 0.000000
vt 0.000000 0.000000
vt 0.000000 0.000000
vt 0.000000 0.000000
vt 0.000000 0.000000
vt 0.000000 0.000000
vt 0.000000 0.000000
vt 0.000000 0.000000
vt 0.000000 0.000000
vt 0.000000 0.000000
vt 0.000000 0.000000
vt 0.000000 0.000000
vt 0.000000 0.000000
vt 0.000000 0.000000
vt 0.000000 0.000000
vt 0.000000 0.000000
vt 0.000000 0.000000
vt 0.000000 0.000000
vt 0.000000 0.000000
vt 0.000000 0.000000
vt 0.000000 0.000000
vt 0.000000 0.000000
vt 0.000000 0.000000
vt 0.000000 0.000000
vt 0.000000 0.000000
vt 0.000000 0.000000
vt 0.000000 0.000000
vt 0.000000 0.000000
vt 0.000000 0.000000
vt 0.000000 0.000000
vt 0.000000 0.000000
vt 0.000000 0.000000
vt 0.000000 0.000000
vt 0.000000 0.000000
vt 0.000000 0.000000
vt 0.000000 0.000000
vt 0.000000 0.000000
vt 0.000000 0.000000
vt 0.000000 0.000000
vt 0.000000 0.000000
vt 0.000000 0.000000
vt 0.000000 0.000000
vt 0.000000 0.000000
vt 0.000000 0.000000
vt 0.000000 0.000000
vt 0.000000 0.000000
vt 0.000000 0.000000
vt 0.000000 0.000000
vt 0.000000 0.000000
vt 0.000000 0.000000
vt 0.000000 0.000000
vt 0.000000 0.000000
vt 0.000000 0.000000
vt 0.000000 0.000000
vt 0.000000 0.000000
vt 0.000000 0.000000
vt 0.000000 0.000000
vt 0.000000 0.000000
vt 0.000000 0.000000
vt 0.000000 0.000000
vt 0.000000 0.000000
vt 0.000000 0.000000
vt 0.000000 0.000000
vt 0.000000 0.000000
vt 0.000000 0.000000
vt 0.000000 0.000000
vt 0.000000 0.000000
vt 0.000000 0.000000
vt 0.000000 0.000000
vt 0.000000 0.000000
vt 0.000000 0.000000
vt 0.000000 0.000000
vt 0.000000 0.000000
vt 0.000000 0.000000
vt 0.000000 0.000000
vt 0.000000 0.000000
vt 0.000000 0.000000
vt 0.000000 0.000000
vt 0.000000 0.000000
vt 0.000000 0.000000
vt 0.000000 0.000000
vt 0.000000 0.000000
vt 0.000000 0.000000
vt 0.000000 0.000000
vt 0.000000 0.000000
vt 0.000000 0.000000
vt 0.000000 0.000000
vt 0.000000 0.000000
vt 0.000000 0.000000
vt 0.000000 0.000000
vt 0.000000 0.000000
vt 0.000000 0.000000
vt 0.000000 0.000000
vt 0.000000 0.000000
vt 0.000000 0.000000
vt 0.000000 0.000000
vt 0.000000 0.000000
vt 0.000000 0.000000
vt 0.000000 0.000000
vt 0.000000 0.000000
vt 0.000000 0.000000
vt 0.000000 0.000000
vt 0.000000 0.000000
vt 0.000000 0.000000
vt 0.000000 0.000000
vt 0.000000 0.000000
vt 0.000000 0.000000
vt 0.000000 0.000000
vt 0.000000 0.000000
vt 0.000000 0.000000
vt 0.000000 0.000000
vt 0.000000 0.000000
vt 0.000000 0.000000
vt 0.000000 0.000000
vt 0.000000 0.000000
vt 0.000000 0.000000
vt 0.000000 0.000000
vt 0.000000 0.000000
vt 0.000000 0.000000
vt 0.000000 0.000000
vt 0.000000 0.000000
vt 0.000000 0.000000
vt 0.000000 0.000000
vt 0.000000 0.000000
vt 0.000000 0.000000
vt 0.000000 0.000000
vt 0.000000 0.000000
vt 0.000000 0.000000
vt 0.000000 0.000000
vt 0.000000 0.000000
vt 0.000000 0.000000
vt 0.000000 0.000000
vt 0.000000 0.000000
vt 0.000000 0.000000
vt 0.000000 0.000000
vt 0.000000 0.000000
vt 0.000000 0.000000
vt 0.000000 0.000000
vt 0.000000 0.000000
vt 0.000000 0.000000
vt 0.000000 0.000000
vt 0.000000 0.000000
vt 0.000000 0.000000
vt 0.000000 0.000000
vt 0.000000 0.000000
vt 0.000000 0.000000
vt 0.000000 0.000000
vt 0.000000 0.000000
vt 0.000000 0.000000
vt 0.000000 0.000000
vt 0.000000 0.000000
vt 0.000000 0.000000
vt 0.000000 0.000000
vt 0.000000 0.000000
vt 0.000000 0.000000
vt 0.000000 0.000000
vt 0.000000 0.000000
vt 0.000000 0.000000
vt 0.000000 0.000000
vt 0.000000 0.000000
vt 0.000000 0.000000
vt 0.000000 0.000000
vt 0.000000 0.000000
vt 0.000000 0.000000
vt 0.000000 0.000000
vt 0.000000 0.000000
vt 0.000000 0.000000
vt 0.000000 0.000000
vt 0.000000 0.000000
vt 0.000000 0.000000
vt 0.000000 0.000000
vt 0.000000 0.000000
vt 0.000000 0.000000
vt 0.000000 0.000000
vt 0.000000 0.000000
vt 0.000000 0.000000
vt 0.000000 0.000000
vt 0.000000 0.000000
vt 0.000000 0.000000
vt 0.000000 0.000000
vt 0.000000 0.000000
vt 0.000000 0.000000
vt 0.000000 0.000000
vt 0.000000 0.000000
vt 0.000000 0.000000
vt 0.000000 0.000000
vt 0.000000 0.000000
vt 0.000000 0.000000
vt 0.000000 0.000000
vt 0.000000 0.000000
vt 0.000000 0.000000
vt 0.000000 0.000000
vt 0.000000 0.000000
vt 0.000000 0.000000
vt 0.000000 0.000000
vt 0.000000 0.000000
vt 0.000000 0.000000
vt 0.000000 0.000000
vt 0.000000 0.000000
vt 0.000000 0.000000
vt 0.000000 0.000000
vt 0.000000 0.000000
vt 0.000000 0.000000
vt 0.000000 0.000000
vt 0.000000 0.000000
vt 0.000000 0.000000
vt 0.000000 0.000000
vt 0.000000 0.000000
vt 0.000000 0.000000
vt 0.000000 0.000000
vt 0.000000 0.000000
vt 0.000000 0.000000
vt 0.000000 0.000000
vt 0.000000 0.000000
vt 0.000000 0.000000
vt 0.000000 0.000000
vt 0.000000 0.000000
vt 0.000000 0.000000
vt 0.000000 0.000000
vt 0.000000 0.000000
vt 0.000000 0.000000
vt 0.000000 0.000000
vt 0.000000 0.000000
vt 0.000000 0.000000
vt 0.000000 0.000000
vt 0.000000 0.000000
vt 0.000000 0.000000
vt 0.000000 0.000000
vt 0.000000 0.000000
vt 0.000000 0.000000
vt 0.000000 0.000000
vt 0.000000 0.000000
vt 0.000000 0.000000
vt 0.000000 0.000000
vt 0.000000 0.000000
vt 0.000000 0.000000
vt 0.000000 0.000000
vt 0.000000 0.000000
vt 0.000000 0.000000
vt 0.000000 0.000000
vt 0.000000 0.000000
vt 0.000000 0.000000
vt 0.000000 0.000000
vt 0.000000 0.000000
vt 0.000000 0.000000
vt 0.000000 0.000000
vt 0.000000 0.000000
vt 0.000000 0.000000
vt 0.000000 0.000000
vt 0.000000 0.000000
vt 0.000000 0.000000
vt 0.000000 0.000000
vt 0.000000 0.000000
vt 0.000000 0.000000
vt 0.000000 0.000000
vt 0.000000 0.000000
vt 0.000000 0.000000
vt 0.000000 0.000000
vt 0.000000 0.000000
vt 0.000000 0.000000
vt 0.000000 0.000000
vt 0.000000 0.000000
vt 0.000000 0.000000
vt 0.000000 0.000000
vt 0.000000 0.000000
vt 0.000000 0.000000
vt 0.000000 0.000000
vt 0.000000 0.000000
vt 0.000000 0.000000
vt 0.000000 0.000000
vt 0.000000 0.000000
vt 0.000000 0.000000
vt 0.000000 0.000000
vt 0.000000 0.000000
vt 0.000000 0.000000
vt 0.000000 0.000000
vt 0.000000 0.000000
vt 0.000000 0.000000
vt 0.000000 0.000000
vt 0.000000 0.000000
vt 0.000000 0.000000
vt 0.000000 0.000000
vt 0.000000 0.000000
vt 0.000000 0.000000
vt 0.000000 0.000000
vt 0.000000 0.000000
vt 0.000000 0.000000
vt 0.000000 0.000000
vt 0.000000 0.000000
vt 0.000000 0.000000
vt 0.000000 0.000000
vt 0.000000 0.000000
vt 0.000000 0.000000
vt 0.000000 0.000000
vt 0.000000 0.000000
vt 0.000000 0.000000
vt 0.000000 0.000000
vt 0.000000 0.000000
vt 0.000000 0.000000
vt 0.000000 0.000000
vt 0.000000 0.000000
vt 0.000000 0.000000
vt 0.000000 0.000000
vt 0.000000 0.000000
vt 0.000000 0.000000
vt 0.000000 0.000000
vt 0.000000 0.000000
vt 0.000000 0.000000
vt 0.000000 0.000000
vt 0.000000 0.000000
vt 0.000000 0.000000
vt 0.000000 0.000000
vt 0.000000 0.000000
vt 0.000000 0.000000
vt 0.000000 0.000000
vt 0.000000 0.000000
vt 0.000000 0.000000
vt 0.000000 0.000000
vt 0.000000 0.000000
vt 0.000000 0.000000
vt 0.000000 0.000000
vt 0.000000 0.000000
vt 0.000000 0.000000
vt 0.000000 0.000000
vt 0.000000 0.000000
vt 0.000000 0.000000
vt 0.000000 0.000000
vt 0.000000 0.000000
vt 0.000000 0.000000
vt 0.000000 0.000000
vt 0.000000 0.000000
vt 0.000000 0.000000
vt 0.000000 0.000000
vt 0.000000 0.000000
vt 0.000000 0.000000
vt 0.000000 0.000000
vt 0.000000 0.000000
vt 0.000000 0.000000
vt 0.000000 0.000000
vt 0.000000 0.000000
vt 0.000000 0.000000
vt 0.000000 0.000000
vt 0.000000 0.000000
vt 0.000000 0.000000
vt 0.000000 0.000000
vt 0.000000 0.000000
vt 0.000000 0.000000
vt 0.000000 0.000000
vt 0.000000 0.000000
vt 0.000000 0.000000
vt 0.000000 0.000000
vt 0.000000 0.000000
vt 0.000000 0.000000
vt 0.000000 0.000000
vt 0.000000 0.000000
vt 0.000000 0.000000
vt 0.000000 0.000000
vt 0.000000 0.000000
vt 0.000000 0.000000
vt 0.000000 0.000000
vt 0.000000 0.000000
vt 0.000000 0.000000
vt 0.000000 0.000000
vt 0.000000 0.000000
vt 0.000000 0.000000
vt 0.000000 0.000000
vt 0.000000 0.000000
vt 0.000000 0.000000
vt 0.000000 0.000000
vt 0.000000 0.000000
vt 0.000000 0.000000
vt 0.000000 0.000000
vt 0.000000 0.000000
vt 0.000000 0.000000
vt 0.000000 0.000000
vt 0.000000 0.000000
vt 0.000000 0.000000
vt 0.000000 0.000000
vt 0.000000 0.000000
vt 0.000000 0.000000
vt 0.000000 0.000000
vt 0.000000 0.000000
vt 0.000000 0.000000
vt 0.000000 0.000000
vt 0.000000 0.000000
vt 0.000000 0.000000
vt 0.000000 0.000000
vt 0.000000 0.000000
vt 0.000000 0.000000
vt 0.000000 0.000000
vt 0.000000 0.000000
vt 0.000000 0.000000
vt 0.000000 0.000000
vt 0.000000 0.000000
vt 0.000000 0.000000
vt 0.000000 0.000000
vt 0.000000 0.000000
vt 0.000000 0.000000
vt 0.000000 0.000000
vt 0.000000 0.000000
vt 0.000000 0.000000
vt 0.000000 0.000000
vt 0.000000 0.000000
vt 0.000000 0.000000
vt 0.000000 0.000000
vt 0.000000 0.000000
vt 0.000000 0.000000
vt 0.000000 0.000000
vt 0.000000 0.000000
vt 0.000000 0.000000
vt 0.000000 0.000000
vt 0.000000 0.000000
vt 0.000000 0.000000
vt 0.000000 0.000000
vt 0.000000 0.000000
vt 0.000000 0.000000
vt 0.000000 0.000000
vt 0.000000 0.000000
vt 0.000000 0.000000
vt 0.000000 0.000000
vt 0.000000 0.000000
vt 0.000000 0.000000
vt 0.000000 0.000000
vt 0.000000 0.000000
vt 0.000000 0.000000
vt 0.000000 0.000000
vt 0.000000 0.000000
vt 0.000000 0.000000
vt 0.000000 0.000000
vt 0.000000 0.000000
vt 0.000000 0.000000
vt 0.000000 0.000000
vt 0.000000 0.000000
vt 0.000000 0.000000
vt 0.000000 0.000000
vt 0.000000 0.000000
vt 0.000000 0.000000
vt 0.000000 0.000000
vt 0.000000 0.000000
vt 0.000000 0.000000
vt 0.000000 0.000000
vt 0.000000 0.000000
vt 0.000000 0.000000
vt 0.000000 0.000000
vt 0.000000 0.000000
vt 0.000000 0.000000
vt 0.000000 0.000000
vt 0.000000 0.000000
vt 0.000000 0.000000
vt 0.000000 0.000000
vt 0.000000 0.000000
vt 0.000000 0.000000
vt 0.000000 0.000000
vt 0.000000 0.000000
vt 0.000000 0.000000
vt 0.000000 0.000000
vt 0.000000 0.000000
vt 0.000000 0.000000
vt 0.000000 0.000000
vt 0.000000 0.000000
vt 0.000000 0.000000
vt 0.000000 0.000000
vt 0.000000 0.000000
vt 0.000000 0.000000
vt 0.000000 0.000000
vt 0.000000 0.000000
vt 0.000000 0.000000
vt 0.000000 0.000000
vt 0.000000 0.000000
vt 0.000000 0.000000
vt 0.000000 0.000000
vt 0.000000 0.000000
vt 0.000000 0.000000
vt 0.000000 0.000000
vt 0.000000 0.000000
vt 0.000000 0.000000
vt 0.000000 0.000000
vt 0.000000 0.000000
vt 0.000000 0.000000
vt 0.000000 0.000000
vt 0.000000 0.000000
vt 0.000000 0.000000
vt 0.000000 0.000000
vt 0.000000 0.000000
vt 0.000000 0.000000
vt 0.000000 0.000000
vt 0.000000 0.000000
vt 0.000000 0.000000
vt 0.000000 0.000000
vt 0.000000 0.000000
vt 0.000000 0.000000
vt 0.000000 0.000000
vt 0.000000 0.000000
vt 0.000000 0.000000
vt 0.000000 0.000000
vt 0.000000 0.000000
vt 0.000000 0.000000
vt 0.000000 0.000000
vt 0.000000 0.000000
vt 0.000000 0.000000
vt 0.000000 0.000000
vt 0.000000 0.000000
vt 0.000000 0.000000
vt 0.000000 0.000000
vt 0.000000 0.000000
vt 0.000000 0.000000
vt 0.000000 0.000000
vt 0.000000 0.000000
vt 0.000000 0.000000
vt 0.000000 0.000000
vt 0.000000 0.000000
vt 0.000000 0.000000
vt 0.000000 0.000000
vt 0.000000 0.000000
vt 0.000000 0.000000
vt 0.000000 0.000000
vt 0.000000 0.000000
vt 0.000000 0.000000
vt 0.000000 0.000000
vt 0.000000 0.000000
vt 0.000000 0.000000
vt 0.000000 0.000000
vt 0.000000 0.000000
vt 0.000000 0.000000
vt 0.000000 0.000000
vt 0.000000 0.000000
vt 0.000000 0.000000
vt 0.000000 0.000000
vt 0.000000 0.000000
vt 0.000000 0.000000
vt 0.000000 0.000000
vt 0.000000 0.000000
vt 0.000000 0.000000
vt 0.000000 0.000000
vt 0.000000 0.000000
vt 0.000000 0.000000
vt 0.000000 0.000000
vt 0.000000 0.000000
vt 0.000000 0.000000
vt 0.000000 0.000000
vt 0.000000 0.000000
vt 0.000000 0.000000
vt 0.000000 0.000000
vt 0.000000 0.000000
vt 0.000000 0.000000
vt 0.000000 0.000000
vt 0.000000 0.000000
vt 0.000000 0.000000
vt 0.000000 0.000000
vt 0.000000 0.000000
vt 0.000000 0.000000
vt 0.000000 0.000000
vt 0.000000 0.000000
vt 0.000000 0.000000
vt 0.000000 0.000000
vt 0.000000 0.000000
vt 0.000000 0.000000
vt 0.000000 0.000000
vt 0.000000 0.000000
vt 0.000000 0.000000
vt 0.000000 0.000000
vt 0.000000 0.000000
vt 0.000000 0.000000
vt 0.000000 0.000000
vt 0.000000 0.000000
vt 0.000000 0.000000
vt 0.000000 0.000000
vt 0.000000 0.000000
vt 0.000000 0.000000
vt 0.000000 0.000000
vt 0.000000 0.000000
vt 0.000000 0.000000
vt 0.000000 0.000000
vt 0.000000 0.000000
vt 0.000000 0.000000
vt 0.000000 0.000000
vt 0.000000 0.000000
vt 0.000000 0.000000
vt 0.000000 0.000000
vt 0.000000 0.000000
vt 0.000000 0.000000
vt 0.000000 0.000000
vt 0.000000 0.000000
vt 0.000000 0.000000
vt 0.000000 0.000000
vt 0.000000 0.000000
vt 0.000000 0.000000
vt 0.000000 0.000000
vt 0.000000 0.000000
vt 0.000000 0.000000
vt 0.000000 0.000000
vt 0.000000 0.000000
vt 0.000000 0.000000
vt 0.000000 0.000000
vt 0.000000 0.000000
vt 0.000000 0.000000
vt 0.000000 0.000000
vt 0.000000 0.000000
vt 0.000000 0.000000
vt 0.000000 0.000000
vt 0.000000 0.000000
vt 0.000000 0.000000
vt 0.000000 0.000000
vt 0.000000 0.000000
vt 0.000000 0.000000
vt 0.000000 0.000000
vt 0.000000 0.000000
vt 0.000000 0.000000
vt 0.000000 0.000000
vt 0.000000 0.000000
vt 0.000000 0.000000
vt 0.000000 0.000000
vt 0.000000 0.000000
vt 0.000000 0.000000
vt 0.000000 0.000000
vt 0.000000 0.000000
vt 0.000000 0.000000
vt 0.000000 0.000000
vt 0.000000 0.000000
vt 0.000000 0.000000
vt 0.000000 0.000000
vt 0.000000 0.000000
vt 0.000000 0.000000
vt 0.000000 0.000000
vt 0.000000 0.000000
vt 0.000000 0.000000
vt 0.000000 0.000000
vt 0.000000 0.000000
vt 0.000000 0.000000
vt 0.000000 0.000000
vt 0.000000 0.000000
vt 0.000000 0.000000
vt 0.000000 0.000000
vt 0.000000 0.000000
vt 0.000000 0.000000
vt 0.000000 0.000000
vt 0.000000 0.000000
vt 0.000000 0.000000
vt 0.000000 0.000000
vt 0.000000 0.000000
vt 0.000000 0.000000
vt 0.000000 0.000000
vt 0.000000 0.000000
vt 0.000000 0.000000
vn -0.998987 -0.032119 0.031517
vn -0.998988 0.031489 0.032106
vn -0.998989 0.032078 -0.031503
vn -0.998987 -0.032119 0.031517
vn -0.998989 0.032078 -0.031503
vn -0.998987 -0.031530 -0.032092
vn -0.616589 0.737135 -0.276496
vn -0.616585 0.731886 0.290113
vn -0.000016 0.920295 0.391225
vn -0.616589 0.737135 -0.276496
vn -0.000016 0.920295 0.391225
vn -0.000022 0.927385 -0.374109
vn -0.615415 0.562479 -0.552161
vn -0.616589 0.737135 -0.276496
vn -0.573799 0.270817 -0.772925
vn -0.616555 -0.737160 0.276504
vn -0.616560 -0.731911 -0.290104
vn 0.000016 -0.920295 -0.391225
vn -0.616555 -0.737160 0.276504
vn 0.000016 -0.920295 -0.391225
vn 0.000022 -0.927385 0.374109
vn -0.349821 -0.824496 0.444783
vn -0.629796 -0.634008 0.448766
vn -0.846207 -0.329471 0.418786
vn -0.183578 -0.276626 -0.943280
vn -0.183590 0.294046 -0.937993
vn 0.183565 0.294053 -0.937996
vn -0.183578 -0.276626 -0.943280
vn 0.183565 0.294053 -0.937996
vn 0.183576 -0.276619 -0.943282
vn -0.573799 0.270817 -0.772925
vn -0.573788 -0.256475 -0.777810
vn -0.733922 0.005084 -0.679214
vn -0.573799 0.270817 -0.772925
vn -0.733922 0.005084 -0.679214
vn -0.733922 0.007470 -0.679192
vn -0.616560 -0.731911 -0.290104
vn -0.616555 -0.737160 0.276504
vn -0.733904 -0.679234 -0.005094
vn -0.616560 -0.731911 -0.290104
vn -0.733904 -0.679234 -0.005094
vn -0.733904 -0.679212 -0.007480
vn -0.694091 -0.376410 0.613639
vn -0.694106 0.364949 0.620507
vn -0.733913 -0.005114 0.679224
vn -0.694091 -0.376410 0.613639
vn -0.733913 -0.005114 0.679224
vn -0.733913 -0.007500 0.679202
vn -0.616585 0.731886 0.290113
vn -0.616589 0.737135 -0.276496
vn -0.733931 0.679204 0.005104
vn -0.616585 0.731886 0.290113
vn -0.733931 0.679204 0.005104
vn -0.733931 0.679182 0.007490
vn -0.573799 0.270817 -0.772925
vn -0.616589 0.737135 -0.276496
vn -0.000022 0.927385 -0.374109
vn -0.573799 0.270817 -0.772925
vn -0.000022 0.927385 -0.374109
vn -0.000012 0.261676 -0.965156
vn -0.616585 0.731886 0.290113
vn -0.694106 0.364949 0.620507
vn -0.000009 0.700526 0.713627
vn -0.616585 0.731886 0.290113
vn -0.000009 0.700526 0.713627
vn -0.000001 0.374109 0.927385
vn -0.616585 0.731886 0.290113
vn -0.000001 0.374109 0.927385
vn -0.000016 0.920295 0.391225
vn -0.616560 -0.731911 -0.290104
vn -0.615393 -0.552178 -0.562487
vn -0.573788 -0.256475 -0.777810
vn -0.616585 0.731886 0.290113
vn -0.615407 0.552153 0.562496
vn -0.694106 0.364949 0.620507
vn -0.615384 -0.562504 0.552170
vn -0.616555 -0.737160 0.276504
vn -0.694091 -0.376410 0.613639
vn 0.000019 -0.713627 0.700526
vn -0.694091 -0.376410 0.613639
vn -0.616555 -0.737160 0.276504
vn 0.000019 -0.713627 0.700526
vn -0.616555 -0.737160 0.276504
vn 0.000022 -0.927385 0.374109
vn 0.000019 -0.713627 0.700526
vn 0.000022 -0.927385 0.374109
vn 0.000014 -0.391225 0.920295
vn -0.616560 -0.731911 -0.290104
vn -0.573788 -0.256475 -0.777810
vn -0.000002 -0.243751 -0.969838
vn -0.616560 -0.731911 -0.290104
vn -0.000002 -0.243751 -0.969838
vn 0.000016 -0.920295 -0.391225
vn 1.000000 0.000020 -0.000007
vn 1.000000 0.000020 -0.000007
vn 1.000000 0.000020 -0.000007
vn 1.000000 0.000020 -0.000007
vn 1.000000 0.000020 -0.000007
vn 1.000000 0.000020 -0.000007
vn 1.000000 0.000020 -0.000007
vn 1.000000 0.000020 -0.000007
vn 1.000000 0.000020 -0.000007
vn 1.000000 0.000020 -0.000007
vn 1.000000 0.000020 -0.000007
vn 1.000000 0.000020 -0.000007
vn 1.000000 0.000020 -0.000007
vn 1.000000 0.000020 -0.000007
vn 1.000000 0.000020 -0.000007
vn 1.000000 0.000020 -0.000007
vn 1.000000 0.000020 -0.000007
vn 1.000000 0.000020 -0.000007
vn -0.000009 0.700526 0.713627
vn 0.000019 -0.713627 0.700526
vn 0.000014 -0.391225 0.920295
vn -0.000009 0.700526 0.713627
vn 0.000014 -0.391225 0.920295
vn -0.000001 0.374109 0.927385
vn -0.000009 0.700526 0.713627
vn -0.694106 0.364949 0.620507
vn -0.000020 0.999957 0.009263
vn -0.000009 0.700526 0.713627
vn -0.000020 0.999957 0.009263
vn -0.000020 0.999957 0.009263
vn 1.000000 0.000020 -0.000007
vn 1.000000 0.000020 -0.000007
vn 1.000000 0.000020 -0.000007
vn 1.000000 0.000020 -0.000007
vn 1.000000 0.000020 -0.000007
vn 1.000000 0.000020 -0.000007
vn -0.694091 -0.376410 0.613639
vn 0.000019 -0.713627 0.700526
vn 0.000020 -0.999957 -0.009263
vn -0.694091 -0.376410 0.613639
vn 0.000020 -0.999957 -0.009263
vn 0.000020 -0.999957 -0.009263
vn -0.694106 0.364949 0.620507
vn -0.694091 -0.376410 0.613639
vn -1.000000 -0.000020 0.000007
vn -0.694106 0.364949 0.620507
vn -1.000000 -0.000020 0.000007
vn -1.000000 -0.000020 0.000007
vn 0.846205 -0.329425 0.418828
vn 0.629827 -0.633983 0.448758
vn 0.349846 -0.824457 0.444835
vn -0.629821 0.625561 0.460433
vn -0.325367 0.842945 0.428463
vn -0.846181 0.321651 0.424874
vn 0.325381 0.842939 0.428464
vn 0.629801 0.625587 0.460425
vn 0.846213 0.321657 0.424806
vn -0.690000 -0.707607 -0.152293
vn -0.696000 -0.690220 0.197938
vn -0.696000 -0.690220 0.197938
vn -0.690000 -0.707607 -0.152293
vn -0.696000 -0.690220 0.197938
vn -0.690000 -0.707607 -0.152293
vn -0.000019 0.999972 0.007495
vn -0.000019 0.999972 0.007495
vn -0.000017 0.986811 0.161879
vn -0.000019 0.999972 0.007495
vn -0.000017 0.986811 0.161879
vn -0.000017 0.986811 0.161879
vn 0.999987 -0.000030 0.005130
vn 0.999987 -0.000030 0.005130
vn 0.952531 -0.002803 0.304428
vn 0.999987 -0.000030 0.005130
vn 0.952531 -0.002803 0.304428
vn 0.952531 -0.002803 0.304428
vn -0.501289 -0.865232 0.009118
vn 0.501321 -0.865217 0.008783
vn 0.349846 -0.824457 0.444835
vn -0.501289 -0.865232 0.009118
vn 0.349846 -0.824457 0.444835
vn -0.349821 -0.824496 0.444783
vn -0.999987 -0.000068 0.005145
vn -0.999987 -0.000068 0.005145
vn -0.952525 -0.002841 0.304446
vn -0.999987 -0.000068 0.005145
vn -0.952525 -0.002841 0.304446
vn -0.859027 0.438279 0.264545
vn 0.696241 -0.701509 -0.152101
vn 0.689593 -0.696678 0.197742
vn 0.689593 -0.696678 0.197742
vn 0.696241 -0.701509 -0.152101
vn 0.689593 -0.696678 0.197742
vn 0.696241 -0.701509 -0.152101
vn -0.866731 0.427381 0.257144
vn -0.425956 0.867896 0.255572
vn -0.431430 0.875492 -0.217674
vn -0.866731 0.427381 0.257144
vn -0.431430 0.875492 -0.217674
vn -0.870247 0.442728 -0.216014
vn 0.690001 0.710304 -0.139166
vn 0.696003 0.686435 0.210681
vn 0.696003 0.686435 0.210681
vn 0.690001 0.710304 -0.139166
vn 0.696003 0.686435 0.210681
vn 0.690001 0.710304 -0.139166
vn 0.325381 0.842939 0.428464
vn -0.325367 0.842945 0.428463
vn -0.003684 0.818064 0.575115
vn 0.325381 0.842939 0.428464
vn -0.003684 0.818064 0.575115
vn 0.003659 0.818064 0.575115
vn -0.846181 0.321651 0.424874
vn -0.846207 -0.329471 0.418786
vn -0.823352 -0.008945 0.567461
vn -0.846181 0.321651 0.424874
vn -0.823352 -0.008945 0.567461
vn -0.823352 -0.001603 0.567529
vn -0.349821 -0.824496 0.444783
vn 0.349846 -0.824457 0.444835
vn 0.003691 -0.828578 0.559862
vn -0.349821 -0.824496 0.444783
vn 0.003691 -0.828578 0.559862
vn -0.003652 -0.828577 0.559863
vn 0.846205 -0.329425 0.418828
vn 0.846213 0.321657 0.424806
vn 0.823359 -0.001569 0.567518
vn 0.846205 -0.329425 0.418828
vn 0.823359 -0.001569 0.567518
vn 0.823360 -0.008911 0.567450
vn -0.000007 0.009263 -0.999957
vn -0.000007 0.009263 -0.999957
vn -0.000007 0.009263 -0.999957
vn -0.000007 0.009263 -0.999957
vn -0.000007 0.009263 -0.999957
vn -0.000007 0.009263 -0.999957
vn -0.000007 0.009263 -0.999957
vn -0.000007 0.009263 -0.999957
vn -0.000007 0.009263 -0.999957
vn -0.000007 0.009263 -0.999957
vn -0.000007 0.009263 -0.999957
vn -0.000007 0.009263 -0.999957
vn -0.000007 0.009263 -0.999957
vn -0.000007 0.009263 -0.999957
vn -0.000007 0.009263 -0.999957
vn -0.000007 0.009263 -0.999957
vn -0.000007 0.009263 -0.999957
vn -0.000007 0.009263 -0.999957
vn -0.046464 -0.055707 0.997365
vn 0.046476 -0.055708 0.997365
vn 0.046473 0.037222 0.998226
vn -0.046464 -0.055707 0.997365
vn 0.046473 0.037222 0.998226
vn -0.046466 0.037218 0.998226
vn -0.573799 0.270817 -0.772925
vn -0.000012 0.261676 -0.965156
vn -0.000009 0.072346 -0.997380
vn -0.573799 0.270817 -0.772925
vn -0.000009 0.072346 -0.997380
vn -0.000008 0.072346 -0.997380
vn -0.573788 -0.256475 -0.777810
vn -0.573799 0.270817 -0.772925
vn -0.000008 0.072346 -0.997380
vn -0.573788 -0.256475 -0.777810
vn -0.000008 0.072346 -0.997380
vn -0.000007 0.009264 -0.999957
vn -0.000002 -0.243751 -0.969838
vn -0.573788 -0.256475 -0.777810
vn -0.000007 0.009264 -0.999957
vn -0.000002 -0.243751 -0.969838
vn -0.000007 0.009264 -0.999957
vn -0.000007 0.009264 -0.999957
vn -0.000012 0.261676 -0.965156
vn -0.000002 -0.243751 -0.969838
vn -0.000007 0.009264 -0.999957
vn -0.000012 0.261676 -0.965156
vn -0.000007 0.009264 -0.999957
vn -0.000009 0.072346 -0.997380
vn 0.379100 0.925316 0.008569
vn -0.379138 0.925300 0.008574
vn -0.379138 0.925300 0.008574
vn 0.379100 0.925316 0.008569
vn -0.379138 0.925300 0.008574
vn 0.379100 0.925316 0.008569
vn -1.000000 -0.000020 0.000007
vn -1.000000 -0.000020 0.000007
vn -1.000000 -0.000020 0.000007
vn -1.000000 -0.000020 0.000007
vn -1.000000 -0.000020 0.000007
vn -1.000000 -0.000020 0.000007
vn 0.000020 -0.999957 -0.009263
vn 0.000020 -0.999957 -0.009263
vn -0.206593 -0.735828 -0.644885
vn 0.000020 -0.999957 -0.009263
vn -0.206593 -0.735828 -0.644885
vn 0.206614 -0.735820 -0.644888
vn 1.000000 0.000021 -0.000007
vn 1.000000 0.000021 -0.000007
vn 1.000000 0.000021 -0.000007
vn 1.000000 0.000021 -0.000007
vn 1.000000 0.000021 -0.000007
vn 1.000000 0.000021 -0.000007
vn -0.277864 0.439806 -0.854027
vn 0.277834 0.439818 -0.854031
vn 0.183565 0.294053 -0.937996
vn -0.277864 0.439806 -0.854027
vn 0.183565 0.294053 -0.937996
vn -0.183590 0.294046 -0.937993
vn -0.206593 -0.735828 -0.644885
vn -0.277864 0.439806 -0.854027
vn -0.183590 0.294046 -0.937993
vn -0.206593 -0.735828 -0.644885
vn -0.183590 0.294046 -0.937993
vn -0.183578 -0.276626 -0.943280
vn 0.206614 -0.735820 -0.644888
vn -0.206593 -0.735828 -0.644885
vn -0.183578 -0.276626 -0.943280
vn 0.206614 -0.735820 -0.644888
vn -0.183578 -0.276626 -0.943280
vn 0.183576 -0.276619 -0.943282
vn 0.277834 0.439818 -0.854031
vn 0.206614 -0.735820 -0.644888
vn 0.183576 -0.276619 -0.943282
vn 0.277834 0.439818 -0.854031
vn 0.183576 -0.276619 -0.943282
vn 0.183565 0.294053 -0.937996
vn -0.775581 -0.164169 0.609527
vn -0.846207 -0.329471 0.418786
vn -0.745507 -0.285979 0.602026
vn -0.349821 -0.824496 0.444783
vn -0.158482 -0.781218 0.603806
vn -0.280357 -0.751091 0.597714
vn 0.158522 -0.781211 0.603805
vn 0.349846 -0.824457 0.444835
vn 0.280395 -0.751079 0.597711
vn 0.846205 -0.329425 0.418828
vn 0.775596 -0.164138 0.609516
vn 0.745526 -0.285951 0.602016
vn -0.846181 0.321651 0.424874
vn -0.775587 0.152820 0.612463
vn -0.745517 0.274749 0.607220
vn -0.158513 0.769892 0.618175
vn -0.325367 0.842945 0.428463
vn -0.280388 0.739878 0.611525
vn 0.775590 0.152850 0.612452
vn 0.846213 0.321657 0.424806
vn 0.745514 0.274782 0.607210
vn 0.325381 0.842939 0.428464
vn 0.158489 0.769899 0.618172
vn 0.280369 0.739889 0.611520
vn -0.033682 0.369868 0.928474
vn 0.033681 0.369868 0.928474
vn 0.025440 0.509979 0.859811
vn -0.033682 0.369868 0.928474
vn 0.025440 0.509979 0.859811
vn -0.025451 0.509979 0.859810
vn -0.378442 -0.042256 0.924660
vn -0.378444 0.025101 0.925284
vn -0.517914 0.017513 0.855254
vn -0.378442 -0.042256 0.924660
vn -0.517914 0.017513 0.855254
vn -0.517913 -0.033377 0.854782
vn 0.033690 -0.387002 0.921463
vn -0.033665 -0.387002 0.921464
vn -0.025428 -0.525820 0.850216
vn 0.033690 -0.387002 0.921463
vn -0.025428 -0.525820 0.850216
vn 0.025459 -0.525819 0.850215
vn 0.378459 0.025115 0.925277
vn 0.378457 -0.042239 0.924655
vn 0.517923 -0.033352 0.854777
vn 0.378459 0.025115 0.925277
vn 0.517923 -0.033352 0.854777
vn 0.517922 0.017532 0.855248
vn 0.232348 -0.443258 0.865758
vn 0.356782 -0.364744 0.860040
vn 0.435235 -0.240373 0.867635
vn 0.232348 -0.443258 0.865758
vn 0.435235 -0.240373 0.867635
vn 0.311585 -0.319871 0.894761
vn 0.435224 0.224280 0.871939
vn 0.356766 0.348762 0.866650
vn 0.232332 0.427153 0.873821
vn 0.435224 0.224280 0.871939
vn 0.232332 0.427153 0.873821
vn 0.311574 0.303253 0.900533
vn -0.232337 0.427146 0.873822
vn -0.356772 0.348753 0.866652
vn -0.435225 0.224258 0.871945
vn -0.232337 0.427146 0.873822
vn -0.435225 0.224258 0.871945
vn -0.311572 0.303238 0.900538
vn -0.435216 -0.240393 0.867640
vn -0.356758 -0.364762 0.860042
vn -0.232319 -0.443271 0.865759
vn -0.435216 -0.240393 0.867640
vn -0.232319 -0.443271 0.865759
vn -0.311561 -0.319884 0.894765
vn -0.703749 -0.435102 0.561626
vn -0.846207 -0.329471 0.418786
vn -0.661045 -0.563263 0.495735
vn -0.349821 -0.824496 0.444783
vn -0.429848 -0.708979 0.559088
vn -0.558617 -0.665683 0.494786
vn 0.429883 -0.708962 0.559083
vn 0.349846 -0.824457 0.444835
vn 0.558650 -0.665661 0.494779
vn 0.846205 -0.329425 0.418828
vn 0.703774 -0.435071 0.561618
vn 0.661076 -0.563235 0.495727
vn -0.846181 0.321651 0.424874
vn -0.703766 0.424593 0.569591
vn -0.661068 0.553956 0.506085
vn -0.429877 0.698483 0.572126
vn -0.325367 0.842945 0.428463
vn -0.558644 0.656381 0.507032
vn 0.703756 0.424622 0.569582
vn 0.846213 0.321657 0.424806
vn 0.661053 0.553981 0.506077
vn 0.325381 0.842939 0.428464
vn 0.429858 0.698500 0.572119
vn 0.558622 0.656404 0.507025
vn -0.015858 0.645295 0.763769
vn 0.015839 0.645296 0.763769
vn 0.012447 0.701494 0.712566
vn -0.015858 0.645295 0.763769
vn 0.012447 0.701494 0.712566
vn -0.012470 0.701494 0.712566
vn 0.075214 0.792109 0.605728
vn 0.325381 0.842939 0.428464
vn 0.024390 0.808414 0.588109
vn -0.325367 0.842945 0.428463
vn -0.075239 0.792105 0.605730
vn -0.024414 0.808413 0.588109
vn -0.652337 -0.022883 0.757583
vn -0.652338 0.008816 0.757877
vn -0.708061 0.005904 0.706127
vn -0.652337 -0.022883 0.757583
vn -0.708061 0.005904 0.706127
vn -0.708060 -0.019015 0.705896
vn -0.797681 0.069664 0.599042
vn -0.846181 0.321651 0.424874
vn -0.813823 0.019004 0.580802
vn -0.846207 -0.329471 0.418786
vn -0.797677 -0.080784 0.597650
vn -0.813822 -0.029797 0.580350
vn 0.015867 -0.659333 0.751684
vn -0.015831 -0.659333 0.751684
vn -0.012442 -0.714574 0.699450
vn 0.015867 -0.659333 0.751684
vn -0.012442 -0.714574 0.699450
vn 0.012479 -0.714573 0.699450
vn -0.075206 -0.803194 0.590952
vn -0.349821 -0.824496 0.444783
vn -0.024382 -0.819170 0.573033
vn 0.349846 -0.824457 0.444835
vn 0.075248 -0.803190 0.590951
vn 0.024422 -0.819169 0.573032
vn 0.652346 0.008842 0.757869
vn 0.652347 -0.022855 0.757576
vn 0.708069 -0.018986 0.705887
vn 0.652346 0.008842 0.757869
vn 0.708069 -0.018986 0.705887
vn 0.708069 0.005934 0.706118
vn 0.797689 -0.080749 0.597638
vn 0.846205 -0.329425 0.418828
vn 0.813831 -0.029762 0.580339
vn 0.846213 0.321657 0.424806
vn 0.797687 0.069695 0.599032
vn 0.813830 0.019039 0.580791
vn 0.037795 0.252124 0.966957
vn -0.037791 0.252121 0.966957
vn -0.042030 0.139888 0.989275
vn 0.037795 0.252124 0.966957
vn -0.042030 0.139888 0.989275
vn 0.042036 0.139891 0.989274
vn -0.261062 0.028845 0.964891
vn -0.261060 -0.046728 0.964191
vn -0.149044 -0.051179 0.987505
vn -0.261062 0.028845 0.964891
vn -0.149044 -0.051179 0.987505
vn -0.149045 0.032869 0.988284
vn -0.037779 -0.269997 0.962120
vn 0.037800 -0.269994 0.962120
vn 0.042041 -0.158195 0.986512
vn -0.037779 -0.269997 0.962120
vn 0.042041 -0.158195 0.986512
vn -0.042022 -0.158196 0.986513
vn 0.261078 -0.046722 0.964186
vn 0.261078 0.028855 0.964886
vn 0.149053 0.032878 0.988283
vn 0.261078 -0.046722 0.964186
vn 0.149053 0.032878 0.988283
vn 0.149058 -0.051180 0.987503
vn -0.502192 -0.313839 0.805796
vn -0.539891 -0.184879 0.821181
vn -0.587615 -0.172494 0.790541
vn -0.502192 -0.313839 0.805796
vn -0.587615 -0.172494 0.790541
vn -0.562668 -0.303280 0.769042
vn -0.177235 -0.547502 0.817820
vn -0.306334 -0.509679 0.803981
vn -0.296114 -0.569814 0.766570
vn -0.177235 -0.547502 0.817820
vn -0.296114 -0.569814 0.766570
vn -0.165134 -0.594941 0.786623
vn 0.306364 -0.509666 0.803978
vn 0.177268 -0.547493 0.817819
vn 0.165168 -0.594934 0.786621
vn 0.306364 -0.509666 0.803978
vn 0.165168 -0.594934 0.786621
vn 0.296148 -0.569801 0.766566
vn 0.539910 -0.184854 0.821174
vn 0.502216 -0.313815 0.805791
vn 0.562696 -0.303253 0.769032
vn 0.539910 -0.184854 0.821174
vn 0.562696 -0.303253 0.769032
vn 0.587638 -0.172467 0.790529
vn -0.539899 0.169612 0.824464
vn -0.502207 0.298836 0.811471
vn -0.562686 0.288957 0.774525
vn -0.539899 0.169612 0.824464
vn -0.562686 0.288957 0.774525
vn -0.587626 0.157797 0.793597
vn -0.306355 0.494688 0.813284
vn -0.177260 0.532251 0.827821
vn -0.165161 0.580260 0.797509
vn -0.306355 0.494688 0.813284
vn -0.165161 0.580260 0.797509
vn -0.296139 0.555503 0.776993
vn 0.502204 0.298854 0.811466
vn 0.539899 0.169637 0.824459
vn 0.587628 0.157823 0.793590
vn 0.502204 0.298854 0.811466
vn 0.587628 0.157823 0.793590
vn 0.562683 0.288980 0.774518
vn 0.177246 0.532253 0.827823
vn 0.306343 0.494695 0.813284
vn 0.296124 0.555515 0.776990
vn 0.177246 0.532253 0.827823
vn 0.296124 0.555515 0.776990
vn 0.165145 0.580265 0.797509
vn -0.163716 0.479030 0.862396
vn -0.191130 0.350211 0.916963
vn -0.102834 0.364535 0.925494
vn -0.163716 0.479030 0.862396
vn -0.102834 0.364535 0.925494
vn -0.092853 0.498867 0.861690
vn 0.191128 0.350217 0.916961
vn 0.163710 0.479035 0.862395
vn 0.092844 0.498868 0.861691
vn 0.191128 0.350217 0.916961
vn 0.092844 0.498868 0.861691
vn 0.102830 0.364537 0.925494
vn -0.486993 -0.171659 0.856371
vn -0.358682 -0.199588 0.911873
vn -0.373083 -0.111373 0.921089
vn -0.486993 -0.171659 0.856371
vn -0.373083 -0.111373 0.921089
vn -0.506820 -0.100794 0.856139
vn -0.358691 0.182650 0.915412
vn -0.486998 0.155747 0.859404
vn -0.506823 0.084894 0.857860
vn -0.358691 0.182650 0.915412
vn -0.506823 0.084894 0.857860
vn -0.373090 0.094274 0.922993
vn 0.163726 -0.494924 0.853372
vn 0.191142 -0.367139 0.910315
vn 0.102841 -0.381617 0.918582
vn 0.163726 -0.494924 0.853372
vn 0.102841 -0.381617 0.918582
vn 0.092863 -0.514745 0.852299
vn -0.191116 -0.367145 0.910318
vn -0.163698 -0.494932 0.853373
vn -0.092830 -0.514749 0.852301
vn -0.191116 -0.367145 0.910318
vn -0.092830 -0.514749 0.852301
vn -0.102813 -0.381619 0.918584
vn 0.487001 0.155770 0.859399
vn 0.358694 0.182666 0.915408
vn 0.373098 0.094291 0.922988
vn 0.487001 0.155770 0.859399
vn 0.373098 0.094291 0.922988
vn 0.506829 0.084914 0.857854
vn 0.358703 -0.199577 0.911867
vn 0.487009 -0.171643 0.856365
vn 0.506834 -0.100771 0.856133
vn 0.358703 -0.199577 0.911867
vn 0.506834 -0.100771 0.856133
vn 0.373099 -0.111355 0.921085
vn -0.533715 -0.455825 0.712300
vn -0.521373 -0.527633 0.670651
vn -0.449181 -0.540353 0.711516
vn -0.533715 -0.455825 0.712300
vn -0.449181 -0.540353 0.711516
vn -0.465112 -0.472093 0.748865
vn 0.449216 -0.540336 0.711507
vn 0.521408 -0.527613 0.670640
vn 0.533747 -0.455806 0.712288
vn 0.449216 -0.540336 0.711507
vn 0.533747 -0.455806 0.712288
vn 0.465142 -0.472076 0.748857
vn -0.449204 0.527065 0.721400
vn -0.521394 0.515104 0.680306
vn -0.533736 0.442534 0.720618
vn -0.449204 0.527065 0.721400
vn -0.533736 0.442534 0.720618
vn -0.465132 0.458124 0.757479
vn 0.533730 0.442550 0.720612
vn 0.521387 0.515119 0.680300
vn 0.449194 0.527080 0.721395
vn 0.533730 0.442550 0.720612
vn 0.449194 0.527080 0.721395
vn 0.465125 0.458137 0.757475
vn -0.061063 0.624858 0.778347
vn -0.036674 0.679959 0.732332
vn -0.081043 0.623392 0.777699
vn -0.061063 0.624858 0.778347
vn -0.081043 0.623392 0.777699
vn -0.114186 0.579067 0.807244
vn 0.081028 0.623392 0.777700
vn 0.036654 0.679959 0.732333
vn 0.061047 0.624859 0.778347
vn 0.081028 0.623392 0.777700
vn 0.061047 0.624859 0.778347
vn 0.114175 0.579069 0.807244
vn -0.632036 -0.068223 0.771930
vn -0.686706 -0.043404 0.725638
vn -0.630560 -0.088194 0.771113
vn -0.632036 -0.068223 0.771930
vn -0.630560 -0.088194 0.771113
vn -0.586516 -0.121613 0.800755
vn -0.630567 0.073870 0.772612
vn -0.686710 0.029925 0.726315
vn -0.632038 0.053884 0.773062
vn -0.630567 0.073870 0.772612
vn -0.632038 0.053884 0.773062
vn -0.586520 0.106736 0.802871
vn 0.061073 -0.639169 0.766638
vn 0.036683 -0.693408 0.719611
vn 0.081050 -0.637691 0.766016
vn 0.061073 -0.639169 0.766638
vn 0.081050 -0.637691 0.766016
vn 0.114195 -0.593922 0.796377
vn -0.081017 -0.637694 0.766017
vn -0.036647 -0.693410 0.719610
vn -0.061038 -0.639173 0.766637
vn -0.081017 -0.637694 0.766017
vn -0.061038 -0.639173 0.766637
vn -0.114163 -0.593928 0.796377
vn 0.632046 0.053910 0.773053
vn 0.686719 0.029953 0.726305
vn 0.630574 0.073894 0.772603
vn 0.632046 0.053910 0.773053
vn 0.630574 0.073894 0.772603
vn 0.586525 0.106761 0.802864
vn 0.630581 -0.088172 0.771099
vn 0.686722 -0.043377 0.725625
vn 0.632049 -0.068197 0.771922
vn 0.630581 -0.088172 0.771099
vn 0.632049 -0.068197 0.771922
vn 0.586532 -0.121593 0.800747
vn -0.115488 -0.257136 0.959450
vn -0.136133 -0.145226 0.979989
vn -0.248226 -0.124408 0.960680
vn -0.115488 -0.257136 0.959450
vn -0.248226 -0.124408 0.960680
vn -0.219752 -0.228559 0.948404
vn 0.248241 -0.124395 0.960678
vn 0.136151 -0.145220 0.979987
vn 0.115510 -0.257128 0.959449
vn 0.248241 -0.124395 0.960678
vn 0.115510 -0.257128 0.959449
vn 0.219772 -0.228550 0.948401
vn 0.115503 0.239317 0.964047
vn 0.136142 0.127049 0.982509
vn 0.248239 0.106595 0.962816
vn 0.115503 0.239317 0.964047
vn 0.248239 0.106595 0.962816
vn 0.219764 0.210954 0.952472
vn -0.248229 0.106578 0.962821
vn -0.136138 0.127038 0.982511
vn -0.115501 0.239311 0.964049
vn -0.248229 0.106578 0.962821
vn -0.115501 0.239311 0.964049
vn -0.219760 0.210945 0.952474
vn -0.661045 -0.563263 0.495735
vn -0.846207 -0.329471 0.418786
vn -0.629796 -0.634008 0.448766
vn -0.349821 -0.824496 0.444783
vn -0.558617 -0.665683 0.494786
vn -0.629796 -0.634008 0.448766
vn 0.558650 -0.665661 0.494779
vn 0.349846 -0.824457 0.444835
vn 0.629827 -0.633983 0.448758
vn 0.846205 -0.329425 0.418828
vn 0.661076 -0.563235 0.495727
vn 0.629827 -0.633983 0.448758
vn -0.846181 0.321651 0.424874
vn -0.661068 0.553956 0.506085
vn -0.629821 0.625561 0.460433
vn -0.558644 0.656381 0.507032
vn -0.325367 0.842945 0.428463
vn -0.629821 0.625561 0.460433
vn 0.661053 0.553981 0.506077
vn 0.846213 0.321657 0.424806
vn 0.629801 0.625587 0.460425
vn 0.325381 0.842939 0.428464
vn 0.558622 0.656404 0.507025
vn 0.629801 0.625587 0.460425
vn 0.000902 0.779402 0.626523
vn -0.000926 0.779402 0.626523
vn -0.000926 0.779402 0.626523
vn 0.000902 0.779402 0.626523
vn -0.000926 0.779402 0.626523
vn 0.000902 0.779402 0.626523
vn 0.024390 0.808414 0.588109
vn 0.325381 0.842939 0.428464
vn 0.003659 0.818064 0.575115
vn -0.325367 0.842945 0.428463
vn -0.024414 0.808413 0.588109
vn -0.003684 0.818064 0.575115
vn -0.785167 -0.004838 0.619265
vn -0.785168 -0.006666 0.619247
vn -0.785168 -0.006666 0.619247
vn -0.785167 -0.004838 0.619265
vn -0.785168 -0.006666 0.619247
vn -0.785167 -0.004838 0.619265
vn -0.813823 0.019004 0.580802
vn -0.846181 0.321651 0.424874
vn -0.823352 -0.001603 0.567529
vn -0.846207 -0.329471 0.418786
vn -0.813822 -0.029797 0.580350
vn -0.823352 -0.008945 0.567461
vn -0.000895 -0.790874 0.611978
vn 0.000932 -0.790875 0.611977
vn 0.000932 -0.790875 0.611977
vn -0.000895 -0.790874 0.611978
vn 0.000932 -0.790875 0.611977
vn -0.000895 -0.790874 0.611978
vn -0.024382 -0.819170 0.573033
vn -0.349821 -0.824496 0.444783
vn -0.003652 -0.828577 0.559863
vn 0.349846 -0.824457 0.444835
vn 0.024422 -0.819169 0.573032
vn 0.003691 -0.828578 0.559862
vn 0.785177 -0.006634 0.619236
vn 0.785176 -0.004807 0.619254
vn 0.785176 -0.004807 0.619254
vn 0.785177 -0.006634 0.619236
vn 0.785176 -0.004807 0.619254
vn 0.785177 -0.006634 0.619236
vn 0.813831 -0.029762 0.580339
vn 0.846205 -0.329425 0.418828
vn 0.823360 -0.008911 0.567450
vn 0.846213 0.321657 0.424806
vn 0.813830 0.019039 0.580791
vn 0.823359 -0.001569 0.567518
vn 0.042036 0.139891 0.989274
vn -0.042030 0.139888 0.989275
vn -0.046466 0.037218 0.998226
vn 0.042036 0.139891 0.989274
vn -0.046466 0.037218 0.998226
vn 0.046473 0.037222 0.998226
vn -0.149045 0.032869 0.988284
vn -0.149044 -0.051179 0.987505
vn -0.046464 -0.055707 0.997365
vn -0.149045 0.032869 0.988284
vn -0.046464 -0.055707 0.997365
vn -0.046466 0.037218 0.998226
vn -0.042022 -0.158196 0.986513
vn 0.042041 -0.158195 0.986512
vn 0.046476 -0.055708 0.997365
vn -0.042022 -0.158196 0.986513
vn 0.046476 -0.055708 0.997365
vn -0.046464 -0.055707 0.997365
vn 0.149058 -0.051180 0.987503
vn 0.149053 0.032878 0.988283
vn 0.046473 0.037222 0.998226
vn 0.149058 -0.051180 0.987503
vn 0.046473 0.037222 0.998226
vn 0.046476 -0.055708 0.997365
vn -0.846207 -0.329471 0.418786
vn -0.703749 -0.435102 0.561626
vn -0.745507 -0.285979 0.602026
vn -0.684920 -0.290726 0.668104
vn -0.715434 -0.169364 0.677842
vn -0.715434 -0.169364 0.677842
vn -0.684920 -0.290726 0.668104
vn -0.715434 -0.169364 0.677842
vn -0.684920 -0.290726 0.668104
vn -0.797677 -0.080784 0.597650
vn -0.846207 -0.329471 0.418786
vn -0.775581 -0.164169 0.609527
vn -0.163046 -0.721708 0.672721
vn -0.284493 -0.691122 0.664391
vn -0.284493 -0.691122 0.664391
vn -0.163046 -0.721708 0.672721
vn -0.284493 -0.691122 0.664391
vn -0.163046 -0.721708 0.672721
vn -0.429848 -0.708979 0.559088
vn -0.349821 -0.824496 0.444783
vn -0.280357 -0.751091 0.597714
vn -0.349821 -0.824496 0.444783
vn -0.075206 -0.803194 0.590952
vn -0.158482 -0.781218 0.603806
vn 0.349846 -0.824457 0.444835
vn 0.429883 -0.708962 0.559083
vn 0.280395 -0.751079 0.597711
vn 0.284529 -0.691110 0.664387
vn 0.163084 -0.721701 0.672719
vn 0.163084 -0.721701 0.672719
vn 0.284529 -0.691110 0.664387
vn 0.163084 -0.721701 0.672719
vn 0.284529 -0.691110 0.664387
vn 0.075248 -0.803190 0.590951
vn 0.349846 -0.824457 0.444835
vn 0.158522 -0.781211 0.603805
vn 0.715450 -0.169335 0.677833
vn 0.684941 -0.290699 0.668094
vn 0.684941 -0.290699 0.668094
vn 0.715450 -0.169335 0.677833
vn 0.684941 -0.290699 0.668094
vn 0.715450 -0.169335 0.677833
vn 0.703774 -0.435071 0.561618
vn 0.846205 -0.329425 0.418828
vn 0.745526 -0.285951 0.602016
vn 0.846205 -0.329425 0.418828
vn 0.797689 -0.080749 0.597638
vn 0.775596 -0.164138 0.609516
vn -0.715439 0.156750 0.680864
vn -0.684931 0.278273 0.673375
vn -0.684931 0.278273 0.673375
vn -0.715439 0.156750 0.680864
vn -0.684931 0.278273 0.673375
vn -0.715439 0.156750 0.680864
vn -0.703766 0.424593 0.569591
vn -0.846181 0.321651 0.424874
vn -0.745517 0.274749 0.607220
vn -0.846181 0.321651 0.424874
vn -0.797681 0.069664 0.599042
vn -0.775587 0.152820 0.612463
vn -0.325367 0.842945 0.428463
vn -0.429877 0.698483 0.572126
vn -0.280388 0.739878 0.611525
vn -0.284522 0.678681 0.677082
vn -0.163076 0.709114 0.685976
vn -0.163076 0.709114 0.685976
vn -0.284522 0.678681 0.677082
vn -0.163076 0.709114 0.685976
vn -0.284522 0.678681 0.677082
vn -0.075239 0.792105 0.605730
vn -0.325367 0.842945 0.428463
vn -0.158513 0.769892 0.618175
vn 0.846213 0.321657 0.424806
vn 0.703756 0.424622 0.569582
vn 0.745514 0.274782 0.607210
vn 0.684930 0.278302 0.673364
vn 0.715444 0.156779 0.680853
vn 0.715444 0.156779 0.680853
vn 0.684930 0.278302 0.673364
vn 0.715444 0.156779 0.680853
vn 0.684930 0.278302 0.673364
vn 0.797687 0.069695 0.599032
vn 0.846213 0.321657 0.424806
vn 0.775590 0.152850 0.612452
vn 0.163055 0.709122 0.685973
vn 0.284505 0.678694 0.677076
vn 0.284505 0.678694 0.677076
vn 0.163055 0.709122 0.685973
vn 0.284505 0.678694 0.677076
vn 0.163055 0.709122 0.685973
vn 0.429858 0.698500 0.572119
vn 0.325381 0.842939 0.428464
vn 0.280369 0.739889 0.611520
vn 0.325381 0.842939 0.428464
vn 0.075214 0.792109 0.605728
vn 0.158489 0.769899 0.618172
vn 0.015839 0.645296 0.763769
vn -0.015858 0.645295 0.763769
vn -0.025451 0.509979 0.859810
vn 0.015839 0.645296 0.763769
vn -0.025451 0.509979 0.859810
vn 0.025440 0.509979 0.859811
vn -0.092853 0.498867 0.861690
vn -0.102834 0.364535 0.925494
vn -0.033682 0.369868 0.928474
vn -0.092853 0.498867 0.861690
vn -0.033682 0.369868 0.928474
vn -0.025451 0.509979 0.859810
vn -0.037791 0.252121 0.966957
vn 0.037795 0.252124 0.966957
vn 0.033681 0.369868 0.928474
vn -0.037791 0.252121 0.966957
vn 0.033681 0.369868 0.928474
vn -0.033682 0.369868 0.928474
vn 0.102830 0.364537 0.925494
vn 0.092844 0.498868 0.861691
vn 0.025440 0.509979 0.859811
vn 0.102830 0.364537 0.925494
vn 0.025440 0.509979 0.859811
vn 0.033681 0.369868 0.928474
vn -0.652338 0.008816 0.757877
vn -0.652337 -0.022883 0.757583
vn -0.517913 -0.033377 0.854782
vn -0.652338 0.008816 0.757877
vn -0.517913 -0.033377 0.854782
vn -0.517914 0.017513 0.855254
vn -0.506820 -0.100794 0.856139
vn -0.373083 -0.111373 0.921089
vn -0.378442 -0.042256 0.924660
vn -0.506820 -0.100794 0.856139
vn -0.378442 -0.042256 0.924660
vn -0.517913 -0.033377 0.854782
vn -0.261060 -0.046728 0.964191
vn -0.261062 0.028845 0.964891
vn -0.378444 0.025101 0.925284
vn -0.261060 -0.046728 0.964191
vn -0.378444 0.025101 0.925284
vn -0.378442 -0.042256 0.924660
vn -0.373090 0.094274 0.922993
vn -0.506823 0.084894 0.857860
vn -0.517914 0.017513 0.855254
vn -0.373090 0.094274 0.922993
vn -0.517914 0.017513 0.855254
vn -0.378444 0.025101 0.925284
vn -0.015831 -0.659333 0.751684
vn 0.015867 -0.659333 0.751684
vn 0.025459 -0.525819 0.850215
vn -0.015831 -0.659333 0.751684
vn 0.025459 -0.525819 0.850215
vn -0.025428 -0.525820 0.850216
vn 0.092863 -0.514745 0.852299
vn 0.102841 -0.381617 0.918582
vn 0.033690 -0.387002 0.921463
vn 0.092863 -0.514745 0.852299
vn 0.033690 -0.387002 0.921463
vn 0.025459 -0.525819 0.850215
vn 0.037800 -0.269994 0.962120
vn -0.037779 -0.269997 0.962120
vn -0.033665 -0.387002 0.921464
vn 0.037800 -0.269994 0.962120
vn -0.033665 -0.387002 0.921464
vn 0.033690 -0.387002 0.921463
vn -0.102813 -0.381619 0.918584
vn -0.092830 -0.514749 0.852301
vn -0.025428 -0.525820 0.850216
vn -0.102813 -0.381619 0.918584
vn -0.025428 -0.525820 0.850216
vn -0.033665 -0.387002 0.921464
vn 0.652347 -0.022855 0.757576
vn 0.652346 0.008842 0.757869
vn 0.517922 0.017532 0.855248
vn 0.652347 -0.022855 0.757576
vn 0.517922 0.017532 0.855248
vn 0.517923 -0.033352 0.854777
vn 0.506829 0.084914 0.857854
vn 0.373098 0.094291 0.922988
vn 0.378459 0.025115 0.925277
vn 0.506829 0.084914 0.857854
vn 0.378459 0.025115 0.925277
vn 0.517922 0.017532 0.855248
vn 0.261078 0.028855 0.964886
vn 0.261078 -0.046722 0.964186
vn 0.378457 -0.042239 0.924655
vn 0.261078 0.028855 0.964886
vn 0.378457 -0.042239 0.924655
vn 0.378459 0.025115 0.925277
vn 0.373099 -0.111355 0.921085
vn 0.506834 -0.100771 0.856133
vn 0.517923 -0.033352 0.854777
vn 0.373099 -0.111355 0.921085
vn 0.517923 -0.033352 0.854777
vn 0.378457 -0.042239 0.924655
vn 0.487009 -0.171643 0.856365
vn 0.358703 -0.199577 0.911867
vn 0.311585 -0.319871 0.894761
vn 0.487009 -0.171643 0.856365
vn 0.311585 -0.319871 0.894761
vn 0.435235 -0.240373 0.867635
vn 0.191142 -0.367139 0.910315
vn 0.163726 -0.494924 0.853372
vn 0.232348 -0.443258 0.865758
vn 0.191142 -0.367139 0.910315
vn 0.232348 -0.443258 0.865758
vn 0.311585 -0.319871 0.894761
vn 0.177268 -0.547493 0.817819
vn 0.306364 -0.509666 0.803978
vn 0.356782 -0.364744 0.860040
vn 0.177268 -0.547493 0.817819
vn 0.356782 -0.364744 0.860040
vn 0.232348 -0.443258 0.865758
vn 0.502216 -0.313815 0.805791
vn 0.539910 -0.184854 0.821174
vn 0.435235 -0.240373 0.867635
vn 0.502216 -0.313815 0.805791
vn 0.435235 -0.240373 0.867635
vn 0.356782 -0.364744 0.860040
vn 0.163710 0.479035 0.862395
vn 0.191128 0.350217 0.916961
vn 0.311574 0.303253 0.900533
vn 0.163710 0.479035 0.862395
vn 0.311574 0.303253 0.900533
vn 0.232332 0.427153 0.873821
vn 0.358694 0.182666 0.915408
vn 0.487001 0.155770 0.859399
vn 0.435224 0.224280 0.871939
vn 0.358694 0.182666 0.915408
vn 0.435224 0.224280 0.871939
vn 0.311574 0.303253 0.900533
vn 0.539899 0.169637 0.824459
vn 0.502204 0.298854 0.811466
vn 0.356766 0.348762 0.866650
vn 0.539899 0.169637 0.824459
vn 0.356766 0.348762 0.866650
vn 0.435224 0.224280 0.871939
vn 0.306343 0.494695 0.813284
vn 0.177246 0.532253 0.827823
vn 0.232332 0.427153 0.873821
vn 0.306343 0.494695 0.813284
vn 0.232332 0.427153 0.873821
vn 0.356766 0.348762 0.866650
vn -0.486998 0.155747 0.859404
vn -0.358691 0.182650 0.915412
vn -0.311572 0.303238 0.900538
vn -0.486998 0.155747 0.859404
vn -0.311572 0.303238 0.900538
vn -0.435225 0.224258 0.871945
vn -0.191130 0.350211 0.916963
vn -0.163716 0.479030 0.862396
vn -0.232337 0.427146 0.873822
vn -0.191130 0.350211 0.916963
vn -0.232337 0.427146 0.873822
vn -0.311572 0.303238 0.900538
vn -0.177260 0.532251 0.827821
vn -0.306355 0.494688 0.813284
vn -0.356772 0.348753 0.866652
vn -0.177260 0.532251 0.827821
vn -0.356772 0.348753 0.866652
vn -0.232337 0.427146 0.873822
vn -0.502207 0.298836 0.811471
vn -0.539899 0.169612 0.824464
vn -0.435225 0.224258 0.871945
vn -0.502207 0.298836 0.811471
vn -0.435225 0.224258 0.871945
vn -0.356772 0.348753 0.866652
vn -0.163698 -0.494932 0.853373
vn -0.191116 -0.367145 0.910318
vn -0.311561 -0.319884 0.894765
vn -0.163698 -0.494932 0.853373
vn -0.311561 -0.319884 0.894765
vn -0.232319 -0.443271 0.865759
vn -0.358682 -0.199588 0.911873
vn -0.486993 -0.171659 0.856371
vn -0.435216 -0.240393 0.867640
vn -0.358682 -0.199588 0.911873
vn -0.435216 -0.240393 0.867640
vn -0.311561 -0.319884 0.894765
vn -0.539891 -0.184879 0.821181
vn -0.502192 -0.313839 0.805796
vn -0.356758 -0.364762 0.860042
vn -0.539891 -0.184879 0.821181
vn -0.356758 -0.364762 0.860042
vn -0.435216 -0.240393 0.867640
vn -0.306334 -0.509679 0.803981
vn -0.177235 -0.547502 0.817820
vn -0.232319 -0.443271 0.865759
vn -0.306334 -0.509679 0.803981
vn -0.232319 -0.443271 0.865759
vn -0.356758 -0.364762 0.860042
vn -0.585901 -0.591089 0.554376
vn -0.645592 -0.449448 0.617420
vn -0.645592 -0.449448 0.617420
vn -0.585901 -0.591089 0.554376
vn -0.645592 -0.449448 0.617420
vn -0.613783 -0.572363 0.543756
vn -0.443679 -0.651345 0.615547
vn -0.585901 -0.591089 0.554376
vn -0.567273 -0.618869 0.543325
vn -0.443679 -0.651345 0.615547
vn -0.567273 -0.618869 0.543325
vn -0.443679 -0.651345 0.615547
vn 0.585932 -0.591065 0.554370
vn 0.443714 -0.651327 0.615542
vn 0.443714 -0.651327 0.615542
vn 0.585932 -0.591065 0.554370
vn 0.443714 -0.651327 0.615542
vn 0.567305 -0.618845 0.543318
vn 0.645619 -0.449422 0.617411
vn 0.585932 -0.591065 0.554370
vn 0.613813 -0.572337 0.543750
vn 0.645619 -0.449422 0.617411
vn 0.613813 -0.572337 0.543750
vn 0.645619 -0.449422 0.617411
vn -0.645609 0.437908 0.625641
vn -0.585924 0.580693 0.565233
vn -0.613804 0.562167 0.554268
vn -0.645609 0.437908 0.625641
vn -0.613804 0.562167 0.554268
vn -0.645609 0.437908 0.625641
vn -0.585924 0.580693 0.565233
vn -0.443706 0.639810 0.627510
vn -0.443706 0.639810 0.627510
vn -0.585924 0.580693 0.565233
vn -0.443706 0.639810 0.627510
vn -0.567298 0.608674 0.554698
vn 0.585908 0.580718 0.565224
vn 0.645601 0.437933 0.625631
vn 0.645601 0.437933 0.625631
vn 0.585908 0.580718 0.565224
vn 0.645601 0.437933 0.625631
vn 0.613789 0.562192 0.554259
vn 0.443689 0.639830 0.627501
vn 0.585908 0.580718 0.565224
vn 0.567279 0.608699 0.554689
vn 0.443689 0.639830 0.627501
vn 0.567279 0.608699 0.554689
vn 0.443689 0.639830 0.627501
vn -0.036674 0.679959 0.732332
vn -0.061063 0.624858 0.778347
vn -0.015858 0.645295 0.763769
vn -0.036674 0.679959 0.732332
vn -0.015858 0.645295 0.763769
vn -0.012470 0.701494 0.712566
vn 0.061047 0.624859 0.778347
vn 0.036654 0.679959 0.732333
vn 0.012447 0.701494 0.712566
vn 0.061047 0.624859 0.778347
vn 0.012447 0.701494 0.712566
vn 0.015839 0.645296 0.763769
vn 0.007635 0.763749 0.645469
vn 0.065337 0.738045 0.671581
vn 0.065337 0.738045 0.671581
vn 0.007635 0.763749 0.645469
vn 0.065337 0.738045 0.671581
vn 0.007635 0.763749 0.645469
vn -0.065359 0.738041 0.671583
vn -0.007658 0.763748 0.645469
vn -0.007658 0.763748 0.645469
vn -0.065359 0.738041 0.671583
vn -0.007658 0.763748 0.645469
vn -0.065359 0.738041 0.671583
vn -0.686706 -0.043404 0.725638
vn -0.632036 -0.068223 0.771930
vn -0.652337 -0.022883 0.757583
vn -0.686706 -0.043404 0.725638
vn -0.652337 -0.022883 0.757583
vn -0.708060 -0.019015 0.705896
vn -0.632038 0.053884 0.773062
vn -0.686710 0.029925 0.726315
vn -0.708061 0.005904 0.706127
vn -0.632038 0.053884 0.773062
vn -0.708061 0.005904 0.706127
vn -0.652338 0.008816 0.757877
vn -0.769690 0.001716 0.638416
vn -0.744227 0.059172 0.665300
vn -0.744227 0.059172 0.665300
vn -0.769690 0.001716 0.638416
vn -0.744227 0.059172 0.665300
vn -0.769690 0.001716 0.638416
vn -0.744226 -0.071519 0.664088
vn -0.769689 -0.013576 0.638274
vn -0.769689 -0.013576 0.638274
vn -0.744226 -0.071519 0.664088
vn -0.769689 -0.013576 0.638274
vn -0.744226 -0.071519 0.664088
vn 0.036683 -0.693408 0.719611
vn 0.061073 -0.639169 0.766638
vn 0.015867 -0.659333 0.751684
vn 0.036683 -0.693408 0.719611
vn 0.015867 -0.659333 0.751684
vn 0.012479 -0.714573 0.699450
vn -0.061038 -0.639173 0.766637
vn -0.036647 -0.693410 0.719610
vn -0.012442 -0.714574 0.699450
vn -0.061038 -0.639173 0.766637
vn -0.012442 -0.714574 0.699450
vn -0.015831 -0.659333 0.751684
vn -0.007628 -0.775575 0.631210
vn -0.065329 -0.750359 0.657795
vn -0.065329 -0.750359 0.657795
vn -0.007628 -0.775575 0.631210
vn -0.065329 -0.750359 0.657795
vn -0.007628 -0.775575 0.631210
vn 0.065367 -0.750355 0.657795
vn 0.007666 -0.775573 0.631211
vn 0.007666 -0.775573 0.631211
vn 0.065367 -0.750355 0.657795
vn 0.007666 -0.775573 0.631211
vn 0.065367 -0.750355 0.657795
vn 0.686719 0.029953 0.726305
vn 0.632046 0.053910 0.773053
vn 0.652346 0.008842 0.757869
vn 0.686719 0.029953 0.726305
vn 0.652346 0.008842 0.757869
vn 0.708069 0.005934 0.706118
vn 0.632049 -0.068197 0.771922
vn 0.686722 -0.043377 0.725625
vn 0.708069 -0.018986 0.705887
vn 0.632049 -0.068197 0.771922
vn 0.708069 -0.018986 0.705887
vn 0.652347 -0.022855 0.757576
vn 0.769699 -0.013544 0.638264
vn 0.744237 -0.071487 0.664079
vn 0.744237 -0.071487 0.664079
vn 0.769699 -0.013544 0.638264
vn 0.744237 -0.071487 0.664079
vn 0.769699 -0.013544 0.638264
vn 0.744236 0.059202 0.665288
vn 0.769699 0.001749 0.638405
vn 0.769699 0.001749 0.638405
vn 0.744236 0.059202 0.665288
vn 0.769699 0.001749 0.638405
vn 0.744236 0.059202 0.665288
vn 0.136142 0.127049 0.982509
vn 0.115503 0.239317 0.964047
vn 0.037795 0.252124 0.966957
vn 0.136142 0.127049 0.982509
vn 0.037795 0.252124 0.966957
vn 0.042036 0.139891 0.989274
vn -0.115501 0.239311 0.964049
vn -0.136138 0.127038 0.982511
vn -0.042030 0.139888 0.989275
vn -0.115501 0.239311 0.964049
vn -0.042030 0.139888 0.989275
vn -0.037791 0.252121 0.966957
vn -0.136138 0.127038 0.982511
vn -0.248229 0.106578 0.962821
vn -0.261062 0.028845 0.964891
vn -0.136138 0.127038 0.982511
vn -0.261062 0.028845 0.964891
vn -0.149045 0.032869 0.988284
vn -0.248226 -0.124408 0.960680
vn -0.136133 -0.145226 0.979989
vn -0.149044 -0.051179 0.987505
vn -0.248226 -0.124408 0.960680
vn -0.149044 -0.051179 0.987505
vn -0.261060 -0.046728 0.964191
vn -0.136133 -0.145226 0.979989
vn -0.115488 -0.257136 0.959450
vn -0.037779 -0.269997 0.962120
vn -0.136133 -0.145226 0.979989
vn -0.037779 -0.269997 0.962120
vn -0.042022 -0.158196 0.986513
vn 0.115510 -0.257128 0.959449
vn 0.136151 -0.145220 0.979987
vn 0.042041 -0.158195 0.986512
vn 0.115510 -0.257128 0.959449
vn 0.042041 -0.158195 0.986512
vn 0.037800 -0.269994 0.962120
vn 0.136151 -0.145220 0.979987
vn 0.248241 -0.124395 0.960678
vn 0.261078 -0.046722 0.964186
vn 0.136151 -0.145220 0.979987
vn 0.261078 -0.046722 0.964186
vn 0.149058 -0.051180 0.987503
vn 0.248239 0.106595 0.962816
vn 0.136142 0.127049 0.982509
vn 0.149053 0.032878 0.988283
vn 0.248239 0.106595 0.962816
vn 0.149053 0.032878 0.988283
vn 0.261078 0.028855 0.964886
vn -0.533715 -0.455825 0.712300
vn -0.465112 -0.472093 0.748865
vn -0.502192 -0.313839 0.805796
vn -0.533715 -0.455825 0.712300
vn -0.502192 -0.313839 0.805796
vn -0.562668 -0.303280 0.769042
vn -0.586516 -0.121613 0.800755
vn -0.630560 -0.088194 0.771113
vn -0.587615 -0.172494 0.790541
vn -0.586516 -0.121613 0.800755
vn -0.587615 -0.172494 0.790541
vn -0.539891 -0.184879 0.821181
vn -0.081017 -0.637694 0.766017
vn -0.114163 -0.593928 0.796377
vn -0.177235 -0.547502 0.817820
vn -0.081017 -0.637694 0.766017
vn -0.177235 -0.547502 0.817820
vn -0.165134 -0.594941 0.786623
vn -0.465112 -0.472093 0.748865
vn -0.449181 -0.540353 0.711516
vn -0.296114 -0.569814 0.766570
vn -0.465112 -0.472093 0.748865
vn -0.296114 -0.569814 0.766570
vn -0.306334 -0.509679 0.803981
vn 0.449216 -0.540336 0.711507
vn 0.465142 -0.472076 0.748857
vn 0.306364 -0.509666 0.803978
vn 0.449216 -0.540336 0.711507
vn 0.306364 -0.509666 0.803978
vn 0.296148 -0.569801 0.766566
vn 0.114195 -0.593922 0.796377
vn 0.081050 -0.637691 0.766016
vn 0.165168 -0.594934 0.786621
vn 0.114195 -0.593922 0.796377
vn 0.165168 -0.594934 0.786621
vn 0.177268 -0.547493 0.817819
vn 0.630581 -0.088172 0.771099
vn 0.586532 -0.121593 0.800747
vn 0.539910 -0.184854 0.821174
vn 0.630581 -0.088172 0.771099
vn 0.539910 -0.184854 0.821174
vn 0.587638 -0.172467 0.790529
vn 0.465142 -0.472076 0.748857
vn 0.533747 -0.455806 0.712288
vn 0.562696 -0.303253 0.769032
vn 0.465142 -0.472076 0.748857
vn 0.562696 -0.303253 0.769032
vn 0.502216 -0.313815 0.805791
vn -0.630567 0.073870 0.772612
vn -0.586520 0.106736 0.802871
vn -0.539899 0.169612 0.824464
vn -0.630567 0.073870 0.772612
vn -0.539899 0.169612 0.824464
vn -0.587626 0.157797 0.793597
vn -0.465132 0.458124 0.757479
vn -0.533736 0.442534 0.720618
vn -0.562686 0.288957 0.774525
vn -0.465132 0.458124 0.757479
vn -0.562686 0.288957 0.774525
vn -0.502207 0.298836 0.811471
vn -0.449204 0.527065 0.721400
vn -0.465132 0.458124 0.757479
vn -0.306355 0.494688 0.813284
vn -0.449204 0.527065 0.721400
vn -0.306355 0.494688 0.813284
vn -0.296139 0.555503 0.776993
vn -0.114186 0.579067 0.807244
vn -0.081043 0.623392 0.777699
vn -0.165161 0.580260 0.797509
vn -0.114186 0.579067 0.807244
vn -0.165161 0.580260 0.797509
vn -0.177260 0.532251 0.827821
vn 0.533730 0.442550 0.720612
vn 0.465125 0.458137 0.757475
vn 0.502204 0.298854 0.811466
vn 0.533730 0.442550 0.720612
vn 0.502204 0.298854 0.811466
vn 0.562683 0.288980 0.774518
vn 0.586525 0.106761 0.802864
vn 0.630574 0.073894 0.772603
vn 0.587628 0.157823 0.793590
vn 0.586525 0.106761 0.802864
vn 0.587628 0.157823 0.793590
vn 0.539899 0.169637 0.824459
vn 0.081028 0.623392 0.777700
vn 0.114175 0.579069 0.807244
vn 0.177246 0.532253 0.827823
vn 0.081028 0.623392 0.777700
vn 0.177246 0.532253 0.827823
vn 0.165145 0.580265 0.797509
vn 0.465125 0.458137 0.757475
vn 0.449194 0.527080 0.721395
vn 0.296124 0.555515 0.776990
vn 0.465125 0.458137 0.757475
vn 0.296124 0.555515 0.776990
vn 0.306343 0.494695 0.813284
vn -0.061063 0.624858 0.778347
vn -0.114186 0.579067 0.807244
vn -0.163716 0.479030 0.862396
vn -0.061063 0.624858 0.778347
vn -0.163716 0.479030 0.862396
vn -0.092853 0.498867 0.861690
vn -0.219760 0.210945 0.952474
vn -0.115501 0.239311 0.964049
vn -0.102834 0.364535 0.925494
vn -0.219760 0.210945 0.952474
vn -0.102834 0.364535 0.925494
vn -0.191130 0.350211 0.916963
vn 0.115503 0.239317 0.964047
vn 0.219764 0.210954 0.952472
vn 0.191128 0.350217 0.916961
vn 0.115503 0.239317 0.964047
vn 0.191128 0.350217 0.916961
vn 0.102830 0.364537 0.925494
vn 0.114175 0.579069 0.807244
vn 0.061047 0.624859 0.778347
vn 0.092844 0.498868 0.861691
vn 0.114175 0.579069 0.807244
vn 0.092844 0.498868 0.861691
vn 0.163710 0.479035 0.862395
vn -0.632036 -0.068223 0.771930
vn -0.586516 -0.121613 0.800755
vn -0.486993 -0.171659 0.856371
vn -0.632036 -0.068223 0.771930
vn -0.486993 -0.171659 0.856371
vn -0.506820 -0.100794 0.856139
vn -0.219752 -0.228559 0.948404
vn -0.248226 -0.124408 0.960680
vn -0.373083 -0.111373 0.921089
vn -0.219752 -0.228559 0.948404
vn -0.373083 -0.111373 0.921089
vn -0.358682 -0.199588 0.911873
vn -0.248229 0.106578 0.962821
vn -0.219760 0.210945 0.952474
vn -0.358691 0.182650 0.915412
vn -0.248229 0.106578 0.962821
vn -0.358691 0.182650 0.915412
vn -0.373090 0.094274 0.922993
vn -0.586520 0.106736 0.802871
vn -0.632038 0.053884 0.773062
vn -0.506823 0.084894 0.857860
vn -0.586520 0.106736 0.802871
vn -0.506823 0.084894 0.857860
vn -0.486998 0.155747 0.859404
vn 0.061073 -0.639169 0.766638
vn 0.114195 -0.593922 0.796377
vn 0.163726 -0.494924 0.853372
vn 0.061073 -0.639169 0.766638
vn 0.163726 -0.494924 0.853372
vn 0.092863 -0.514745 0.852299
vn 0.219772 -0.228550 0.948401
vn 0.115510 -0.257128 0.959449
vn 0.102841 -0.381617 0.918582
vn 0.219772 -0.228550 0.948401
vn 0.102841 -0.381617 0.918582
vn 0.191142 -0.367139 0.910315
vn -0.115488 -0.257136 0.959450
vn -0.219752 -0.228559 0.948404
vn -0.191116 -0.367145 0.910318
vn -0.115488 -0.257136 0.959450
vn -0.191116 -0.367145 0.910318
vn -0.102813 -0.381619 0.918584
vn -0.114163 -0.593928 0.796377
vn -0.061038 -0.639173 0.766637
vn -0.092830 -0.514749 0.852301
vn -0.114163 -0.593928 0.796377
vn -0.092830 -0.514749 0.852301
vn -0.163698 -0.494932 0.853373
vn 0.632046 0.053910 0.773053
vn 0.586525 0.106761 0.802864
vn 0.487001 0.155770 0.859399
vn 0.632046 0.053910 0.773053
vn 0.487001 0.155770 0.859399
vn 0.506829 0.084914 0.857854
vn 0.219764 0.210954 0.952472
vn 0.248239 0.106595 0.962816
vn 0.373098 0.094291 0.922988
vn 0.219764 0.210954 0.952472
vn 0.373098 0.094291 0.922988
vn 0.358694 0.182666 0.915408
vn 0.248241 -0.124395 0.960678
vn 0.219772 -0.228550 0.948401
vn 0.358703 -0.199577 0.911867
vn 0.248241 -0.124395 0.960678
vn 0.358703 -0.199577 0.911867
vn 0.373099 -0.111355 0.921085
vn 0.586532 -0.121593 0.800747
vn 0.632049 -0.068197 0.771922
vn 0.506834 -0.100771 0.856133
vn 0.586532 -0.121593 0.800747
vn 0.506834 -0.100771 0.856133
vn 0.487009 -0.171643 0.856365
vn -0.613783 -0.572363 0.543756
vn -0.605094 -0.609889 0.511758
vn -0.567273 -0.618869 0.543325
vn -0.613783 -0.572363 0.543756
vn -0.567273 -0.618869 0.543325
vn -0.585901 -0.591089 0.554376
vn 0.567305 -0.618845 0.543318
vn 0.605125 -0.609864 0.511752
vn 0.613813 -0.572337 0.543750
vn 0.567305 -0.618845 0.543318
vn 0.613813 -0.572337 0.543750
vn 0.585932 -0.591065 0.554370
vn -0.567298 0.608674 0.554698
vn -0.605117 0.600279 0.522970
vn -0.613804 0.562167 0.554268
vn -0.567298 0.608674 0.554698
vn -0.613804 0.562167 0.554268
vn -0.585924 0.580693 0.565233
vn 0.613789 0.562192 0.554259
vn 0.605099 0.600305 0.522962
vn 0.567279 0.608699 0.554689
vn 0.613789 0.562192 0.554259
vn 0.567279 0.608699 0.554689
vn 0.585908 0.580718 0.565224
vn 0.000902 0.779402 0.626523
vn 0.000902 0.779402 0.626523
vn -0.007658 0.763748 0.645469
vn 0.000902 0.779402 0.626523
vn -0.007658 0.763748 0.645469
vn -0.007658 0.763748 0.645469
vn 0.007635 0.763749 0.645469
vn -0.000926 0.779402 0.626523
vn -0.000926 0.779402 0.626523
vn 0.007635 0.763749 0.645469
vn -0.000926 0.779402 0.626523
vn 0.007635 0.763749 0.645469
vn -0.785167 -0.004838 0.619265
vn -0.785167 -0.004838 0.619265
vn -0.769689 -0.013576 0.638274
vn -0.785167 -0.004838 0.619265
vn -0.769689 -0.013576 0.638274
vn -0.769689 -0.013576 0.638274
vn -0.769690 0.001716 0.638416
vn -0.785168 -0.006666 0.619247
vn -0.785168 -0.006666 0.619247
vn -0.769690 0.001716 0.638416
vn -0.785168 -0.006666 0.619247
vn -0.769690 0.001716 0.638416
vn -0.000895 -0.790874 0.611978
vn -0.000895 -0.790874 0.611978
vn 0.007666 -0.775573 0.631211
vn -0.000895 -0.790874 0.611978
vn 0.007666 -0.775573 0.631211
vn 0.007666 -0.775573 0.631211
vn -0.007628 -0.775575 0.631210
vn 0.000932 -0.790875 0.611977
vn 0.000932 -0.790875 0.611977
vn -0.007628 -0.775575 0.631210
vn 0.000932 -0.790875 0.611977
vn -0.007628 -0.775575 0.631210
vn 0.785177 -0.006634 0.619236
vn 0.785177 -0.006634 0.619236
vn 0.769699 0.001749 0.638405
vn 0.785177 -0.006634 0.619236
vn 0.769699 0.001749 0.638405
vn 0.769699 0.001749 0.638405
vn 0.769699 -0.013544 0.638264
vn 0.785176 -0.004807 0.619254
vn 0.785176 -0.004807 0.619254
vn 0.769699 -0.013544 0.638264
vn 0.785176 -0.004807 0.619254
vn 0.769699 -0.013544 0.638264
vn -0.042022 -0.158196 0.986513
vn -0.046464 -0.055707 0.997365
vn -0.149044 -0.051179 0.987505
vn -0.042022 -0.158196 0.986513
vn -0.149044 -0.051179 0.987505
vn -0.136133 -0.145226 0.979989
vn 0.149058 -0.051180 0.987503
vn 0.046476 -0.055708 0.997365
vn 0.042041 -0.158195 0.986512
vn 0.149058 -0.051180 0.987503
vn 0.042041 -0.158195 0.986512
vn 0.136151 -0.145220 0.979987
vn 0.042036 0.139891 0.989274
vn 0.046473 0.037222 0.998226
vn 0.149053 0.032878 0.988283
vn 0.042036 0.139891 0.989274
vn 0.149053 0.032878 0.988283
vn 0.136142 0.127049 0.982509
vn -0.149045 0.032869 0.988284
vn -0.046466 0.037218 0.998226
vn -0.042030 0.139888 0.989275
vn -0.149045 0.032869 0.988284
vn -0.042030 0.139888 0.989275
vn -0.136138 0.127038 0.982511
vn -0.744226 -0.071519 0.664088
vn -0.715434 -0.169364 0.677842
vn -0.715434 -0.169364 0.677842
vn -0.744226 -0.071519 0.664088
vn -0.715434 -0.169364 0.677842
vn -0.744226 -0.071519 0.664088
vn -0.684920 -0.290726 0.668104
vn -0.684920 -0.290726 0.668104
vn -0.645592 -0.449448 0.617420
vn -0.684920 -0.290726 0.668104
vn -0.645592 -0.449448 0.617420
vn -0.645592 -0.449448 0.617420
vn -0.163046 -0.721708 0.672721
vn -0.163046 -0.721708 0.672721
vn -0.065329 -0.750359 0.657795
vn -0.163046 -0.721708 0.672721
vn -0.065329 -0.750359 0.657795
vn -0.065329 -0.750359 0.657795
vn -0.443679 -0.651345 0.615547
vn -0.284493 -0.691122 0.664391
vn -0.284493 -0.691122 0.664391
vn -0.443679 -0.651345 0.615547
vn -0.284493 -0.691122 0.664391
vn -0.443679 -0.651345 0.615547
vn 0.065367 -0.750355 0.657795
vn 0.163084 -0.721701 0.672719
vn 0.163084 -0.721701 0.672719
vn 0.065367 -0.750355 0.657795
vn 0.163084 -0.721701 0.672719
vn 0.065367 -0.750355 0.657795
vn 0.284529 -0.691110 0.664387
vn 0.284529 -0.691110 0.664387
vn 0.443714 -0.651327 0.615542
vn 0.284529 -0.691110 0.664387
vn 0.443714 -0.651327 0.615542
vn 0.443714 -0.651327 0.615542
vn 0.715450 -0.169335 0.677833
vn 0.715450 -0.169335 0.677833
vn 0.744237 -0.071487 0.664079
vn 0.715450 -0.169335 0.677833
vn 0.744237 -0.071487 0.664079
vn 0.744237 -0.071487 0.664079
vn 0.645619 -0.449422 0.617411
vn 0.684941 -0.290699 0.668094
vn 0.684941 -0.290699 0.668094
vn 0.645619 -0.449422 0.617411
vn 0.684941 -0.290699 0.668094
vn 0.645619 -0.449422 0.617411
vn -0.715439 0.156750 0.680864
vn -0.715439 0.156750 0.680864
vn -0.744227 0.059172 0.665300
vn -0.715439 0.156750 0.680864
vn -0.744227 0.059172 0.665300
vn -0.744227 0.059172 0.665300
vn -0.645609 0.437908 0.625641
vn -0.684931 0.278273 0.673375
vn -0.684931 0.278273 0.673375
vn -0.645609 0.437908 0.625641
vn -0.684931 0.278273 0.673375
vn -0.645609 0.437908 0.625641
vn -0.065359 0.738041 0.671583
vn -0.163076 0.709114 0.685976
vn -0.163076 0.709114 0.685976
vn -0.065359 0.738041 0.671583
vn -0.163076 0.709114 0.685976
vn -0.065359 0.738041 0.671583
vn -0.284522 0.678681 0.677082
vn -0.284522 0.678681 0.677082
vn -0.443706 0.639810 0.627510
vn -0.284522 0.678681 0.677082
vn -0.443706 0.639810 0.627510
vn -0.443706 0.639810 0.627510
vn 0.744236 0.059202 0.665288
vn 0.715444 0.156779 0.680853
vn 0.715444 0.156779 0.680853
vn 0.744236 0.059202 0.665288
vn 0.715444 0.156779 0.680853
vn 0.744236 0.059202 0.665288
vn 0.684930 0.278302 0.673364
vn 0.684930 0.278302 0.673364
vn 0.645601 0.437933 0.625631
vn 0.684930 0.278302 0.673364
vn 0.645601 0.437933 0.625631
vn 0.645601 0.437933 0.625631
vn 0.163055 0.709122 0.685973
vn 0.163055 0.709122 0.685973
vn 0.065337 0.738045 0.671581
vn 0.163055 0.709122 0.685973
vn 0.065337 0.738045 0.671581
vn 0.065337 0.738045 0.671581
vn 0.443689 0.639830 0.627501
vn 0.284505 0.678694 0.677076
vn 0.284505 0.678694 0.677076
vn 0.443689 0.639830 0.627501
vn 0.284505 0.678694 0.677076
vn 0.443689 0.639830 0.627501
vn -0.037791 0.252121 0.966957
vn -0.033682 0.369868 0.928474
vn -0.102834 0.364535 0.925494
vn -0.037791 0.252121 0.966957
vn -0.102834 0.364535 0.925494
vn -0.115501 0.239311 0.964049
vn 0.102830 0.364537 0.925494
vn 0.033681 0.369868 0.928474
vn 0.037795 0.252124 0.966957
vn 0.102830 0.364537 0.925494
vn 0.037795 0.252124 0.966957
vn 0.115503 0.239317 0.964047
vn 0.015839 0.645296 0.763769
vn 0.025440 0.509979 0.859811
vn 0.092844 0.498868 0.861691
vn 0.015839 0.645296 0.763769
vn 0.092844 0.498868 0.861691
vn 0.061047 0.624859 0.778347
vn -0.092853 0.498867 0.861690
vn -0.025451 0.509979 0.859810
vn -0.015858 0.645295 0.763769
vn -0.092853 0.498867 0.861690
vn -0.015858 0.645295 0.763769
vn -0.061063 0.624858 0.778347
vn -0.261060 -0.046728 0.964191
vn -0.378442 -0.042256 0.924660
vn -0.373083 -0.111373 0.921089
vn -0.261060 -0.046728 0.964191
vn -0.373083 -0.111373 0.921089
vn -0.248226 -0.124408 0.960680
vn -0.373090 0.094274 0.922993
vn -0.378444 0.025101 0.925284
vn -0.261062 0.028845 0.964891
vn -0.373090 0.094274 0.922993
vn -0.261062 0.028845 0.964891
vn -0.248229 0.106578 0.962821
vn -0.652338 0.008816 0.757877
vn -0.517914 0.017513 0.855254
vn -0.506823 0.084894 0.857860
vn -0.652338 0.008816 0.757877
vn -0.506823 0.084894 0.857860
vn -0.632038 0.053884 0.773062
vn -0.506820 -0.100794 0.856139
vn -0.517913 -0.033377 0.854782
vn -0.652337 -0.022883 0.757583
vn -0.506820 -0.100794 0.856139
vn -0.652337 -0.022883 0.757583
vn -0.632036 -0.068223 0.771930
vn 0.037800 -0.269994 0.962120
vn 0.033690 -0.387002 0.921463
vn 0.102841 -0.381617 0.918582
vn 0.037800 -0.269994 0.962120
vn 0.102841 -0.381617 0.918582
vn 0.115510 -0.257128 0.959449
vn -0.102813 -0.381619 0.918584
vn -0.033665 -0.387002 0.921464
vn -0.037779 -0.269997 0.962120
vn -0.102813 -0.381619 0.918584
vn -0.037779 -0.269997 0.962120
vn -0.115488 -0.257136 0.959450
vn -0.015831 -0.659333 0.751684
vn -0.025428 -0.525820 0.850216
vn -0.092830 -0.514749 0.852301
vn -0.015831 -0.659333 0.751684
vn -0.092830 -0.514749 0.852301
vn -0.061038 -0.639173 0.766637
vn 0.092863 -0.514745 0.852299
vn 0.025459 -0.525819 0.850215
vn 0.015867 -0.659333 0.751684
vn 0.092863 -0.514745 0.852299
vn 0.015867 -0.659333 0.751684
vn 0.061073 -0.639169 0.766638
vn 0.261078 0.028855 0.964886
vn 0.378459 0.025115 0.925277
vn 0.373098 0.094291 0.922988
vn 0.261078 0.028855 0.964886
vn 0.373098 0.094291 0.922988
vn 0.248239 0.106595 0.962816
vn 0.373099 -0.111355 0.921085
vn 0.378457 -0.042239 0.924655
vn 0.261078 -0.046722 0.964186
vn 0.373099 -0.111355 0.921085
vn 0.261078 -0.046722 0.964186
vn 0.248241 -0.124395 0.960678
vn 0.652347 -0.022855 0.757576
vn 0.517923 -0.033352 0.854777
vn 0.506834 -0.100771 0.856133
vn 0.652347 -0.022855 0.757576
vn 0.506834 -0.100771 0.856133
vn 0.632049 -0.068197 0.771922
vn 0.506829 0.084914 0.857854
vn 0.517922 0.017532 0.855248
vn 0.652346 0.008842 0.757869
vn 0.506829 0.084914 0.857854
vn 0.652346 0.008842 0.757869
vn 0.632046 0.053910 0.773053
vn 0.177268 -0.547493 0.817819
vn 0.232348 -0.443258 0.865758
vn 0.163726 -0.494924 0.853372
vn 0.177268 -0.547493 0.817819
vn 0.163726 -0.494924 0.853372
vn 0.114195 -0.593922 0.796377
vn 0.502216 -0.313815 0.805791
vn 0.356782 -0.364744 0.860040
vn 0.306364 -0.509666 0.803978
vn 0.502216 -0.313815 0.805791
vn 0.306364 -0.509666 0.803978
vn 0.465142 -0.472076 0.748857
vn 0.487009 -0.171643 0.856365
vn 0.435235 -0.240373 0.867635
vn 0.539910 -0.184854 0.821174
vn 0.487009 -0.171643 0.856365
vn 0.539910 -0.184854 0.821174
vn 0.586532 -0.121593 0.800747
vn 0.191142 -0.367139 0.910315
vn 0.311585 -0.319871 0.894761
vn 0.358703 -0.199577 0.911867
vn 0.191142 -0.367139 0.910315
vn 0.358703 -0.199577 0.911867
vn 0.219772 -0.228550 0.948401
vn 0.539899 0.169637 0.824459
vn 0.435224 0.224280 0.871939
vn 0.487001 0.155770 0.859399
vn 0.539899 0.169637 0.824459
vn 0.487001 0.155770 0.859399
vn 0.586525 0.106761 0.802864
vn 0.306343 0.494695 0.813284
vn 0.356766 0.348762 0.866650
vn 0.502204 0.298854 0.811466
vn 0.306343 0.494695 0.813284
vn 0.502204 0.298854 0.811466
vn 0.465125 0.458137 0.757475
vn 0.163710 0.479035 0.862395
vn 0.232332 0.427153 0.873821
vn 0.177246 0.532253 0.827823
vn 0.163710 0.479035 0.862395
vn 0.177246 0.532253 0.827823
vn 0.114175 0.579069 0.807244
vn 0.358694 0.182666 0.915408
vn 0.311574 0.303253 0.900533
vn 0.191128 0.350217 0.916961
vn 0.358694 0.182666 0.915408
vn 0.191128 0.350217 0.916961
vn 0.219764 0.210954 0.952472
vn -0.177260 0.532251 0.827821
vn -0.232337 0.427146 0.873822
vn -0.163716 0.479030 0.862396
vn -0.177260 0.532251 0.827821
vn -0.163716 0.479030 0.862396
vn -0.114186 0.579067 0.807244
vn -0.502207 0.298836 0.811471
vn -0.356772 0.348753 0.866652
vn -0.306355 0.494688 0.813284
vn -0.502207 0.298836 0.811471
vn -0.306355 0.494688 0.813284
vn -0.465132 0.458124 0.757479
vn -0.486998 0.155747 0.859404
vn -0.435225 0.224258 0.871945
vn -0.539899 0.169612 0.824464
vn -0.486998 0.155747 0.859404
vn -0.539899 0.169612 0.824464
vn -0.586520 0.106736 0.802871
vn -0.191130 0.350211 0.916963
vn -0.311572 0.303238 0.900538
vn -0.358691 0.182650 0.915412
vn -0.191130 0.350211 0.916963
vn -0.358691 0.182650 0.915412
vn -0.219760 0.210945 0.952474
vn -0.539891 -0.184879 0.821181
vn -0.435216 -0.240393 0.867640
vn -0.486993 -0.171659 0.856371
vn -0.539891 -0.184879 0.821181
vn -0.486993 -0.171659 0.856371
vn -0.586516 -0.121613 0.800755
vn -0.306334 -0.509679 0.803981
vn -0.356758 -0.364762 0.860042
vn -0.502192 -0.313839 0.805796
vn -0.306334 -0.509679 0.803981
vn -0.502192 -0.313839 0.805796
vn -0.465112 -0.472093 0.748865
vn -0.163698 -0.494932 0.853373
vn -0.232319 -0.443271 0.865759
vn -0.177235 -0.547502 0.817820
vn -0.163698 -0.494932 0.853373
vn -0.177235 -0.547502 0.817820
vn -0.114163 -0.593928 0.796377
vn -0.358682 -0.199588 0.911873
vn -0.311561 -0.319884 0.894765
vn -0.191116 -0.367145 0.910318
vn -0.358682 -0.199588 0.911873
vn -0.191116 -0.367145 0.910318
vn -0.219752 -0.228559 0.948404
vn -0.923350 0.022199 -0.383316
vn -0.923349 -0.015130 -0.383662
vn -0.962725 -0.021506 -0.269628
vn -0.923350 0.022199 -0.383316
vn -0.962725 -0.021506 -0.269628
vn -0.962725 0.026459 -0.269183
vn -0.923339 -0.383342 -0.022211
vn -0.923339 -0.383688 0.015118
vn -0.962717 -0.269654 0.021494
vn -0.923339 -0.383342 -0.022211
vn -0.962717 -0.269654 0.021494
vn -0.962718 -0.269210 -0.026471
vn -0.923344 -0.022236 0.383329
vn -0.923345 0.015093 0.383675
vn -0.962722 0.021467 0.269641
vn -0.923344 -0.022236 0.383329
vn -0.962722 0.021467 0.269641
vn -0.962721 -0.026498 0.269196
vn -0.923355 0.383305 0.022223
vn -0.923355 0.383650 -0.015106
vn -0.962729 0.269615 -0.021481
vn -0.923355 0.383305 0.022223
vn -0.962729 0.269615 -0.021481
vn -0.962728 0.269170 0.026485
vn -0.573799 0.270817 -0.772925
vn -0.777835 0.137973 -0.613136
vn -0.771635 0.239222 -0.589366
vn -0.777841 0.615577 -0.126601
vn -0.616589 0.737135 -0.276496
vn -0.771640 0.593687 -0.228273
vn -0.573788 -0.256475 -0.777810
vn -0.771626 -0.228294 -0.593697
vn -0.777830 -0.126622 -0.615588
vn -0.771616 -0.589387 -0.239231
vn -0.616560 -0.731911 -0.290104
vn -0.777816 -0.613158 -0.137983
vn -0.616555 -0.737160 0.276504
vn -0.771612 -0.593718 0.228283
vn -0.777814 -0.615609 0.126612
vn -0.771617 -0.239253 0.589377
vn -0.694091 -0.376410 0.613639
vn -0.777821 -0.138005 0.613147
vn -0.694106 0.364949 0.620507
vn -0.771627 0.228262 0.593708
vn -0.777826 0.126590 0.615598
vn -0.771637 0.589356 0.239242
vn -0.616585 0.731886 0.290113
vn -0.777839 0.613126 0.137994
vn -0.932494 -0.172573 0.317291
vn -0.948082 -0.226959 0.222779
vn -0.932492 -0.320446 0.166652
vn -0.932494 -0.172573 0.317291
vn -0.932492 -0.320446 0.166652
vn -0.928604 -0.264813 0.259939
vn -0.932505 0.317266 0.172560
vn -0.948091 0.222754 0.226946
vn -0.932501 0.166627 0.320433
vn -0.932505 0.317266 0.172560
vn -0.932501 0.166627 0.320433
vn -0.928615 0.259914 0.264800
vn -0.928618 0.264775 -0.259927
vn -0.932505 0.172535 -0.317279
vn -0.948094 0.226920 -0.222766
vn -0.928618 0.264775 -0.259927
vn -0.948094 0.226920 -0.222766
vn -0.932507 0.320408 -0.166639
vn -0.932494 -0.317305 -0.172547
vn -0.948085 -0.222792 -0.226932
vn -0.932499 -0.166665 -0.320421
vn -0.932494 -0.317305 -0.172547
vn -0.932499 -0.166665 -0.320421
vn -0.928608 -0.259952 -0.264787
vn -0.982971 0.028033 -0.181607
vn -0.982971 -0.024703 -0.182095
vn -0.994306 -0.028032 -0.102808
vn -0.982971 0.028033 -0.181607
vn -0.994306 -0.028032 -0.102808
vn -0.994307 0.029891 -0.102272
vn -0.982966 -0.181633 -0.028046
vn -0.982966 -0.182122 0.024690
vn -0.994304 -0.102836 0.028019
vn -0.982966 -0.181633 -0.028046
vn -0.994304 -0.102836 0.028019
vn -0.994304 -0.102299 -0.029905
vn -0.982968 -0.028073 0.181620
vn -0.982969 0.024662 0.182109
vn -0.994306 0.027991 0.102823
vn -0.982968 -0.028073 0.181620
vn -0.994306 0.027991 0.102823
vn -0.994305 -0.029932 0.102287
vn -0.982973 0.181594 0.028059
vn -0.982974 0.182083 -0.024676
vn -0.994308 0.102795 -0.028005
vn -0.982973 0.181594 0.028059
vn -0.994308 0.102795 -0.028005
vn -0.994308 0.102259 0.029918
vn -0.573799 0.270817 -0.772925
vn -0.733616 0.375276 -0.566548
vn -0.670162 0.496718 -0.551501
vn -0.733618 0.573393 -0.364725
vn -0.616589 0.737135 -0.276496
vn -0.670163 0.560600 -0.486425
vn -0.861320 -0.007527 -0.508006
vn -0.861321 0.016902 -0.507780
vn -0.792065 0.010241 -0.610351
vn -0.861320 -0.007527 -0.508006
vn -0.792065 0.010241 -0.610351
vn -0.792065 0.001036 -0.610436
vn -0.766543 0.064050 -0.638991
vn -0.573799 0.270817 -0.772925
vn -0.747919 0.019606 -0.663501
vn -0.573788 -0.256475 -0.777810
vn -0.766540 -0.052232 -0.640068
vn -0.747918 -0.007342 -0.663750
vn -0.861306 -0.508030 0.007516
vn -0.861307 -0.507804 -0.016913
vn -0.792048 -0.610373 -0.010252
vn -0.861306 -0.508030 0.007516
vn -0.792048 -0.610373 -0.010252
vn -0.792048 -0.610458 -0.001046
vn -0.766525 -0.639012 -0.064061
vn -0.616560 -0.731911 -0.290104
vn -0.747900 -0.663521 -0.019616
vn -0.616555 -0.737160 0.276504
vn -0.766524 -0.640089 0.052223
vn -0.747900 -0.663771 0.007331
vn -0.861313 0.007492 0.508019
vn -0.861313 -0.016937 0.507792
vn -0.792056 -0.010273 0.610362
vn -0.861313 0.007492 0.508019
vn -0.792056 -0.010273 0.610362
vn -0.792056 -0.001068 0.610447
vn -0.766531 -0.064082 0.639002
vn -0.694091 -0.376410 0.613639
vn -0.747909 -0.019637 0.663511
vn -0.694106 0.364949 0.620507
vn -0.766534 0.052202 0.640079
vn -0.747909 0.007311 0.663761
vn -0.861327 0.507995 -0.007504
vn -0.861327 0.507769 0.016925
vn -0.792073 0.610340 0.010263
vn -0.861327 0.507995 -0.007504
vn -0.792073 0.610340 0.010263
vn -0.792073 0.610426 0.001057
vn -0.766550 0.638981 0.064072
vn -0.616585 0.731886 0.290113
vn -0.747927 0.663491 0.019627
vn -0.616589 0.737135 -0.276496
vn -0.766550 0.640058 -0.052212
vn -0.747927 0.663741 -0.007321
vn -0.733601 -0.364746 -0.573403
vn -0.573788 -0.256475 -0.777810
vn -0.670142 -0.486443 -0.560609
vn -0.616560 -0.731911 -0.290104
vn -0.733595 -0.566568 -0.375285
vn -0.670141 -0.551519 -0.496727
vn -0.733607 0.364715 0.573413
vn -0.694106 0.364949 0.620507
vn -0.670154 0.486416 0.560618
vn -0.616585 0.731886 0.290113
vn -0.733613 0.566538 0.375295
vn -0.670156 0.551492 0.496737
vn -0.694091 -0.376410 0.613639
vn -0.733593 -0.375305 0.566558
vn -0.670134 -0.496746 0.551510
vn -0.733590 -0.573423 0.364735
vn -0.616555 -0.737160 0.276504
vn -0.670134 -0.560627 0.486434
vn -0.956629 0.139202 -0.255898
vn -0.925488 0.123706 -0.358006
vn -0.924723 0.071758 -0.373817
vn -0.956629 0.139202 -0.255898
vn -0.924723 0.071758 -0.373817
vn -0.961142 0.075832 -0.265434
vn -0.925483 -0.117091 -0.360237
vn -0.956624 -0.134476 -0.258433
vn -0.961139 -0.070941 -0.266793
vn -0.925483 -0.117091 -0.360237
vn -0.961139 -0.070941 -0.266793
vn -0.924720 -0.064859 -0.375082
vn -0.956620 -0.255924 -0.139214
vn -0.925476 -0.358032 -0.123719
vn -0.924711 -0.373843 -0.071771
vn -0.956620 -0.255924 -0.139214
vn -0.924711 -0.373843 -0.071771
vn -0.961134 -0.265460 -0.075845
vn -0.925475 -0.360263 0.117078
vn -0.956618 -0.258459 0.134463
vn -0.961133 -0.266820 0.070928
vn -0.925475 -0.360263 0.117078
vn -0.961133 -0.266820 0.070928
vn -0.924710 -0.375108 0.064846
vn -0.956620 -0.139241 0.255911
vn -0.925478 -0.123744 0.358019
vn -0.924714 -0.071796 0.373830
vn -0.956620 -0.139241 0.255911
vn -0.924714 -0.071796 0.373830
vn -0.961136 -0.075871 0.265447
vn -0.925483 0.117053 0.360250
vn -0.956625 0.134438 0.258446
vn -0.961138 0.070902 0.266807
vn -0.925483 0.117053 0.360250
vn -0.961138 0.070902 0.266807
vn -0.924717 0.064821 0.375096
vn -0.956629 0.255885 0.139229
vn -0.925489 0.357994 0.123733
vn -0.924725 0.373805 0.071784
vn -0.956629 0.255885 0.139229
vn -0.924725 0.373805 0.071784
vn -0.961144 0.265421 0.075859
vn -0.925491 0.360225 -0.117065
vn -0.956631 0.258421 -0.134450
vn -0.961145 0.266781 -0.070915
vn -0.925491 0.360225 -0.117065
vn -0.961145 0.266781 -0.070915
vn -0.924727 0.375070 -0.064833
vn -0.904224 0.136663 -0.404600
vn -0.895034 0.235774 -0.378583
vn -0.836824 0.235251 -0.494351
vn -0.904224 0.136663 -0.404600
vn -0.836824 0.235251 -0.494351
vn -0.847379 0.134099 -0.513776
vn -0.895036 0.382874 -0.228732
vn -0.904228 0.407051 -0.129156
vn -0.847384 0.516161 -0.124569
vn -0.895036 0.382874 -0.228732
vn -0.847384 0.516161 -0.124569
vn -0.836827 0.498614 -0.226064
vn -0.895024 -0.228757 -0.382886
vn -0.904219 -0.129181 -0.407063
vn -0.847374 -0.124592 -0.516173
vn -0.895024 -0.228757 -0.382886
vn -0.847374 -0.124592 -0.516173
vn -0.836814 -0.226087 -0.498625
vn -0.904212 -0.404625 -0.136675
vn -0.895020 -0.378608 -0.235786
vn -0.836807 -0.494374 -0.235262
vn -0.904212 -0.404625 -0.136675
vn -0.836807 -0.494374 -0.235262
vn -0.847363 -0.513800 -0.134110
vn -0.895017 -0.382911 0.228745
vn -0.904210 -0.407088 0.129168
vn -0.847361 -0.516196 0.124581
vn -0.895017 -0.382911 0.228745
vn -0.847361 -0.516196 0.124581
vn -0.836803 -0.498648 0.226076
vn -0.904213 -0.136700 0.404613
vn -0.895019 -0.235811 0.378595
vn -0.836807 -0.235286 0.494363
vn -0.904213 -0.136700 0.404613
vn -0.836807 -0.235286 0.494363
vn -0.847366 -0.134134 0.513789
vn -0.895028 0.228720 0.382898
vn -0.904219 0.129144 0.407075
vn -0.847372 0.124558 0.516185
vn -0.895028 0.228720 0.382898
vn -0.847372 0.124558 0.516185
vn -0.836816 0.226052 0.498637
vn -0.904226 0.404588 0.136688
vn -0.895033 0.378571 0.235798
vn -0.836824 0.494340 0.235274
vn -0.904226 0.404588 0.136688
vn -0.836824 0.494340 0.235274
vn -0.847382 0.513765 0.134122
vn -0.981554 -0.082315 0.172554
vn -0.991109 -0.094955 0.093200
vn -0.981553 -0.174063 0.079092
vn -0.981554 -0.082315 0.172554
vn -0.981553 -0.174063 0.079092
vn -0.975849 -0.155894 0.153020
vn -0.981560 0.172528 0.082303
vn -0.991113 0.093172 0.094942
vn -0.981558 0.079065 0.174050
vn -0.981560 0.172528 0.082303
vn -0.981558 0.079065 0.174050
vn -0.975855 0.152994 0.155882
vn -0.981560 0.082276 -0.172542
vn -0.991114 0.094915 -0.093186
vn -0.981561 0.174023 -0.079079
vn -0.981560 0.082276 -0.172542
vn -0.981561 0.174023 -0.079079
vn -0.975858 0.155855 -0.153007
vn -0.981554 -0.172568 -0.082289
vn -0.991111 -0.093213 -0.094928
vn -0.981557 -0.079106 -0.174036
vn -0.981554 -0.172568 -0.082289
vn -0.981557 -0.079106 -0.174036
vn -0.975852 -0.153033 -0.155868
vn -0.796564 0.485135 -0.360736
vn -0.729329 0.488232 -0.479279
vn -0.796562 0.369651 -0.478379
vn -0.796564 0.485135 -0.360736
vn -0.796562 0.369651 -0.478379
vn -0.857884 0.366687 -0.359967
vn -0.871477 -0.041960 -0.488638
vn -0.807339 -0.012107 -0.589963
vn -0.834574 -0.052648 -0.548374
vn -0.871477 -0.041960 -0.488638
vn -0.834574 -0.052648 -0.548374
vn -0.891000 -0.081931 -0.446550
vn -0.834577 0.062764 -0.547305
vn -0.807340 0.023001 -0.589638
vn -0.871479 0.050970 -0.487777
vn -0.834577 0.062764 -0.547305
vn -0.871479 0.050970 -0.487777
vn -0.891003 0.090153 -0.444956
vn -0.871464 -0.488663 0.041949
vn -0.807323 -0.589986 0.012096
vn -0.834560 -0.548397 0.052637
vn -0.871464 -0.488663 0.041949
vn -0.834560 -0.548397 0.052637
vn -0.890988 -0.446575 0.081919
vn -0.834561 -0.547328 -0.062775
vn -0.807323 -0.589660 -0.023012
vn -0.871464 -0.487802 -0.050982
vn -0.834561 -0.547328 -0.062775
vn -0.871464 -0.487802 -0.050982
vn -0.890990 -0.444980 -0.090165
vn -0.871472 0.041925 0.488651
vn -0.807331 0.012074 0.589975
vn -0.834569 0.052614 0.548386
vn -0.871472 0.041925 0.488651
vn -0.834569 0.052614 0.548386
vn -0.890997 0.081895 0.446563
vn -0.834566 -0.062798 0.547317
vn -0.807331 -0.023034 0.589650
vn -0.871470 -0.051005 0.487790
vn -0.834566 -0.062798 0.547317
vn -0.871470 -0.051005 0.487790
vn -0.890993 -0.090189 0.444969
vn -0.871485 0.488627 -0.041936
vn -0.807347 0.589953 -0.012085
vn -0.834583 0.548363 -0.052625
vn -0.871485 0.488627 -0.041936
vn -0.834583 0.548363 -0.052625
vn -0.891008 0.446538 -0.081906
vn -0.834582 0.547294 0.062787
vn -0.807347 0.589628 0.023024
vn -0.871484 0.487766 0.050994
vn -0.834582 0.547294 0.062787
vn -0.871484 0.487766 0.050994
vn -0.891007 0.444944 0.090178
vn -0.796547 -0.360758 -0.485146
vn -0.729309 -0.479299 -0.488242
vn -0.796544 -0.478401 -0.369661
vn -0.796547 -0.360758 -0.485146
vn -0.796544 -0.478401 -0.369661
vn -0.857869 -0.359991 -0.366698
vn -0.796555 0.360725 0.485157
vn -0.729322 0.479269 0.488252
vn -0.796558 0.478369 0.369673
vn -0.796555 0.360725 0.485157
vn -0.796558 0.478369 0.369673
vn -0.857878 0.359956 0.366710
vn -0.796539 -0.485168 0.360747
vn -0.729303 -0.488262 0.479289
vn -0.796540 -0.369684 0.478390
vn -0.796539 -0.485168 0.360747
vn -0.796540 -0.369684 0.478390
vn -0.857863 -0.366723 0.359979
vn -0.994307 0.029891 -0.102272
vn -0.994306 -0.028032 -0.102808
vn -0.998987 -0.031530 -0.032092
vn -0.994307 0.029891 -0.102272
vn -0.998987 -0.031530 -0.032092
vn -0.998989 0.032078 -0.031503
vn -0.994304 -0.102299 -0.029905
vn -0.994304 -0.102836 0.028019
vn -0.998987 -0.032119 0.031517
vn -0.994304 -0.102299 -0.029905
vn -0.998987 -0.032119 0.031517
vn -0.998987 -0.031530 -0.032092
vn -0.994305 -0.029932 0.102287
vn -0.994306 0.027991 0.102823
vn -0.998988 0.031489 0.032106
vn -0.994305 -0.029932 0.102287
vn -0.998988 0.031489 0.032106
vn -0.998987 -0.032119 0.031517
vn -0.994308 0.102259 0.029918
vn -0.994308 0.102795 -0.028005
vn -0.998989 0.032078 -0.031503
vn -0.994308 0.102259 0.029918
vn -0.998989 0.032078 -0.031503
vn -0.998988 0.031489 0.032106
vn -0.573799 0.270817 -0.772925
vn -0.670162 0.496718 -0.551501
vn -0.615415 0.562479 -0.552161
vn -0.670163 0.560600 -0.486425
vn -0.616589 0.737135 -0.276496
vn -0.615415 0.562479 -0.552161
vn -0.792065 0.001036 -0.610436
vn -0.792065 0.010241 -0.610351
vn -0.733922 0.007470 -0.679192
vn -0.792065 0.001036 -0.610436
vn -0.733922 0.007470 -0.679192
vn -0.733922 0.005084 -0.679214
vn -0.747919 0.019606 -0.663501
vn -0.573799 0.270817 -0.772925
vn -0.733922 0.007470 -0.679192
vn -0.573788 -0.256475 -0.777810
vn -0.747918 -0.007342 -0.663750
vn -0.733922 0.005084 -0.679214
vn -0.792048 -0.610458 -0.001046
vn -0.792048 -0.610373 -0.010252
vn -0.733904 -0.679212 -0.007480
vn -0.792048 -0.610458 -0.001046
vn -0.733904 -0.679212 -0.007480
vn -0.733904 -0.679234 -0.005094
vn -0.747900 -0.663521 -0.019616
vn -0.616560 -0.731911 -0.290104
vn -0.733904 -0.679212 -0.007480
vn -0.616555 -0.737160 0.276504
vn -0.747900 -0.663771 0.007331
vn -0.733904 -0.679234 -0.005094
vn -0.792056 -0.001068 0.610447
vn -0.792056 -0.010273 0.610362
vn -0.733913 -0.007500 0.679202
vn -0.792056 -0.001068 0.610447
vn -0.733913 -0.007500 0.679202
vn -0.733913 -0.005114 0.679224
vn -0.747909 -0.019637 0.663511
vn -0.694091 -0.376410 0.613639
vn -0.733913 -0.007500 0.679202
vn -0.694106 0.364949 0.620507
vn -0.747909 0.007311 0.663761
vn -0.733913 -0.005114 0.679224
vn -0.792073 0.610426 0.001057
vn -0.792073 0.610340 0.010263
vn -0.733931 0.679182 0.007490
vn -0.792073 0.610426 0.001057
vn -0.733931 0.679182 0.007490
vn -0.733931 0.679204 0.005104
vn -0.747927 0.663491 0.019627
vn -0.616585 0.731886 0.290113
vn -0.733931 0.679182 0.007490
vn -0.616589 0.737135 -0.276496
vn -0.747927 0.663741 -0.007321
vn -0.733931 0.679204 0.005104
vn -0.670142 -0.486443 -0.560609
vn -0.573788 -0.256475 -0.777810
vn -0.615393 -0.552178 -0.562487
vn -0.616560 -0.731911 -0.290104
vn -0.670141 -0.551519 -0.496727
vn -0.615393 -0.552178 -0.562487
vn -0.670154 0.486416 0.560618
vn -0.694106 0.364949 0.620507
vn -0.615407 0.552153 0.562496
vn -0.616585 0.731886 0.290113
vn -0.670156 0.551492 0.496737
vn -0.615407 0.552153 0.562496
vn -0.694091 -0.376410 0.613639
vn -0.670134 -0.496746 0.551510
vn -0.615384 -0.562504 0.552170
vn -0.670134 -0.560627 0.486434
vn -0.616555 -0.737160 0.276504
vn -0.615384 -0.562504 0.552170
vn -0.982971 -0.024703 -0.182095
vn -0.982971 0.028033 -0.181607
vn -0.962725 0.026459 -0.269183
vn -0.982971 -0.024703 -0.182095
vn -0.962725 0.026459 -0.269183
vn -0.962725 -0.021506 -0.269628
vn -0.961142 0.075832 -0.265434
vn -0.924723 0.071758 -0.373817
vn -0.923350 0.022199 -0.383316
vn -0.961142 0.075832 -0.265434
vn -0.923350 0.022199 -0.383316
vn -0.962725 0.026459 -0.269183
vn -0.861321 0.016902 -0.507780
vn -0.861320 -0.007527 -0.508006
vn -0.923349 -0.015130 -0.383662
vn -0.861321 0.016902 -0.507780
vn -0.923349 -0.015130 -0.383662
vn -0.923350 0.022199 -0.383316
vn -0.924720 -0.064859 -0.375082
vn -0.961139 -0.070941 -0.266793
vn -0.962725 -0.021506 -0.269628
vn -0.924720 -0.064859 -0.375082
vn -0.962725 -0.021506 -0.269628
vn -0.923349 -0.015130 -0.383662
vn -0.982966 -0.182122 0.024690
vn -0.982966 -0.181633 -0.028046
vn -0.962718 -0.269210 -0.026471
vn -0.982966 -0.182122 0.024690
vn -0.962718 -0.269210 -0.026471
vn -0.962717 -0.269654 0.021494
vn -0.961134 -0.265460 -0.075845
vn -0.924711 -0.373843 -0.071771
vn -0.923339 -0.383342 -0.022211
vn -0.961134 -0.265460 -0.075845
vn -0.923339 -0.383342 -0.022211
vn -0.962718 -0.269210 -0.026471
vn -0.861307 -0.507804 -0.016913
vn -0.861306 -0.508030 0.007516
vn -0.923339 -0.383688 0.015118
vn -0.861307 -0.507804 -0.016913
vn -0.923339 -0.383688 0.015118
vn -0.923339 -0.383342 -0.022211
vn -0.924710 -0.375108 0.064846
vn -0.961133 -0.266820 0.070928
vn -0.962717 -0.269654 0.021494
vn -0.924710 -0.375108 0.064846
vn -0.962717 -0.269654 0.021494
vn -0.923339 -0.383688 0.015118
vn -0.982969 0.024662 0.182109
vn -0.982968 -0.028073 0.181620
vn -0.962721 -0.026498 0.269196
vn -0.982969 0.024662 0.182109
vn -0.962721 -0.026498 0.269196
vn -0.962722 0.021467 0.269641
vn -0.961136 -0.075871 0.265447
vn -0.924714 -0.071796 0.373830
vn -0.923344 -0.022236 0.383329
vn -0.961136 -0.075871 0.265447
vn -0.923344 -0.022236 0.383329
vn -0.962721 -0.026498 0.269196
vn -0.861313 -0.016937 0.507792
vn -0.861313 0.007492 0.508019
vn -0.923345 0.015093 0.383675
vn -0.861313 -0.016937 0.507792
vn -0.923345 0.015093 0.383675
vn -0.923344 -0.022236 0.383329
vn -0.924717 0.064821 0.375096
vn -0.961138 0.070902 0.266807
vn -0.962722 0.021467 0.269641
vn -0.924717 0.064821 0.375096
vn -0.962722 0.021467 0.269641
vn -0.923345 0.015093 0.383675
vn -0.982974 0.182083 -0.024676
vn -0.982973 0.181594 0.028059
vn -0.962728 0.269170 0.026485
vn -0.982974 0.182083 -0.024676
vn -0.962728 0.269170 0.026485
vn -0.962729 0.269615 -0.021481
vn -0.961144 0.265421 0.075859
vn -0.924725 0.373805 0.071784
vn -0.923355 0.383305 0.022223
vn -0.961144 0.265421 0.075859
vn -0.923355 0.383305 0.022223
vn -0.962728 0.269170 0.026485
vn -0.861327 0.507769 0.016925
vn -0.861327 0.507995 -0.007504
vn -0.923355 0.383650 -0.015106
vn -0.861327 0.507769 0.016925
vn -0.923355 0.383650 -0.015106
vn -0.923355 0.383305 0.022223
vn -0.924727 0.375070 -0.064833
vn -0.961145 0.266781 -0.070915
vn -0.962729 0.269615 -0.021481
vn -0.924727 0.375070 -0.064833
vn -0.962729 0.269615 -0.021481
vn -0.923355 0.383650 -0.015106
vn -0.847379 0.134099 -0.513776
vn -0.836824 0.235251 -0.494351
vn -0.771635 0.239222 -0.589366
vn -0.847379 0.134099 -0.513776
vn -0.771635 0.239222 -0.589366
vn -0.777835 0.137973 -0.613136
vn -0.733616 0.375276 -0.566548
vn -0.573799 0.270817 -0.772925
vn -0.771635 0.239222 -0.589366
vn -0.573799 0.270817 -0.772925
vn -0.766543 0.064050 -0.638991
vn -0.777835 0.137973 -0.613136
vn -0.616589 0.737135 -0.276496
vn -0.733618 0.573393 -0.364725
vn -0.771640 0.593687 -0.228273
vn -0.836827 0.498614 -0.226064
vn -0.847384 0.516161 -0.124569
vn -0.777841 0.615577 -0.126601
vn -0.836827 0.498614 -0.226064
vn -0.777841 0.615577 -0.126601
vn -0.771640 0.593687 -0.228273
vn -0.766550 0.640058 -0.052212
vn -0.616589 0.737135 -0.276496
vn -0.777841 0.615577 -0.126601
vn -0.836814 -0.226087 -0.498625
vn -0.847374 -0.124592 -0.516173
vn -0.777830 -0.126622 -0.615588
vn -0.836814 -0.226087 -0.498625
vn -0.777830 -0.126622 -0.615588
vn -0.771626 -0.228294 -0.593697
vn -0.766540 -0.052232 -0.640068
vn -0.573788 -0.256475 -0.777810
vn -0.777830 -0.126622 -0.615588
vn -0.573788 -0.256475 -0.777810
vn -0.733601 -0.364746 -0.573403
vn -0.771626 -0.228294 -0.593697
vn -0.616560 -0.731911 -0.290104
vn -0.766525 -0.639012 -0.064061
vn -0.777816 -0.613158 -0.137983
vn -0.847363 -0.513800 -0.134110
vn -0.836807 -0.494374 -0.235262
vn -0.771616 -0.589387 -0.239231
vn -0.847363 -0.513800 -0.134110
vn -0.771616 -0.589387 -0.239231
vn -0.777816 -0.613158 -0.137983
vn -0.733595 -0.566568 -0.375285
vn -0.616560 -0.731911 -0.290104
vn -0.771616 -0.589387 -0.239231
vn -0.836803 -0.498648 0.226076
vn -0.847361 -0.516196 0.124581
vn -0.777814 -0.615609 0.126612
vn -0.836803 -0.498648 0.226076
vn -0.777814 -0.615609 0.126612
vn -0.771612 -0.593718 0.228283
vn -0.766524 -0.640089 0.052223
vn -0.616555 -0.737160 0.276504
vn -0.777814 -0.615609 0.126612
vn -0.616555 -0.737160 0.276504
vn -0.733590 -0.573423 0.364735
vn -0.771612 -0.593718 0.228283
vn -0.694091 -0.376410 0.613639
vn -0.766531 -0.064082 0.639002
vn -0.777821 -0.138005 0.613147
vn -0.847366 -0.134134 0.513789
vn -0.836807 -0.235286 0.494363
vn -0.771617 -0.239253 0.589377
vn -0.847366 -0.134134 0.513789
vn -0.771617 -0.239253 0.589377
vn -0.777821 -0.138005 0.613147
vn -0.733593 -0.375305 0.566558
vn -0.694091 -0.376410 0.613639
vn -0.771617 -0.239253 0.589377
vn -0.836816 0.226052 0.498637
vn -0.847372 0.124558 0.516185
vn -0.777826 0.126590 0.615598
vn -0.836816 0.226052 0.498637
vn -0.777826 0.126590 0.615598
vn -0.771627 0.228262 0.593708
vn -0.766534 0.052202 0.640079
vn -0.694106 0.364949 0.620507
vn -0.777826 0.126590 0.615598
vn -0.694106 0.364949 0.620507
vn -0.733607 0.364715 0.573413
vn -0.771627 0.228262 0.593708
vn -0.616585 0.731886 0.290113
vn -0.766550 0.638981 0.064072
vn -0.777839 0.613126 0.137994
vn -0.847382 0.513765 0.134122
vn -0.836824 0.494340 0.235274
vn -0.771637 0.589356 0.239242
vn -0.847382 0.513765 0.134122
vn -0.771637 0.589356 0.239242
vn -0.777839 0.613126 0.137994
vn -0.733613 0.566538 0.375295
vn -0.616585 0.731886 0.290113
vn -0.771637 0.589356 0.239242
vn -0.904210 -0.407088 0.129168
vn -0.895017 -0.382911 0.228745
vn -0.928604 -0.264813 0.259939
vn -0.904210 -0.407088 0.129168
vn -0.928604 -0.264813 0.259939
vn -0.932492 -0.320446 0.166652
vn -0.895019 -0.235811 0.378595
vn -0.904213 -0.136700 0.404613
vn -0.932494 -0.172573 0.317291
vn -0.895019 -0.235811 0.378595
vn -0.932494 -0.172573 0.317291
vn -0.928604 -0.264813 0.259939
vn -0.925478 -0.123744 0.358019
vn -0.956620 -0.139241 0.255911
vn -0.948082 -0.226959 0.222779
vn -0.925478 -0.123744 0.358019
vn -0.948082 -0.226959 0.222779
vn -0.932494 -0.172573 0.317291
vn -0.956618 -0.258459 0.134463
vn -0.925475 -0.360263 0.117078
vn -0.932492 -0.320446 0.166652
vn -0.956618 -0.258459 0.134463
vn -0.932492 -0.320446 0.166652
vn -0.948082 -0.226959 0.222779
vn -0.904219 0.129144 0.407075
vn -0.895028 0.228720 0.382898
vn -0.928615 0.259914 0.264800
vn -0.904219 0.129144 0.407075
vn -0.928615 0.259914 0.264800
vn -0.932501 0.166627 0.320433
vn -0.895033 0.378571 0.235798
vn -0.904226 0.404588 0.136688
vn -0.932505 0.317266 0.172560
vn -0.895033 0.378571 0.235798
vn -0.932505 0.317266 0.172560
vn -0.928615 0.259914 0.264800
vn -0.925489 0.357994 0.123733
vn -0.956629 0.255885 0.139229
vn -0.948091 0.222754 0.226946
vn -0.925489 0.357994 0.123733
vn -0.948091 0.222754 0.226946
vn -0.932505 0.317266 0.172560
vn -0.956625 0.134438 0.258446
vn -0.925483 0.117053 0.360250
vn -0.932501 0.166627 0.320433
vn -0.956625 0.134438 0.258446
vn -0.932501 0.166627 0.320433
vn -0.948091 0.222754 0.226946
vn -0.956631 0.258421 -0.134450
vn -0.925491 0.360225 -0.117065
vn -0.932507 0.320408 -0.166639
vn -0.956631 0.258421 -0.134450
vn -0.932507 0.320408 -0.166639
vn -0.948094 0.226920 -0.222766
vn -0.904228 0.407051 -0.129156
vn -0.895036 0.382874 -0.228732
vn -0.928618 0.264775 -0.259927
vn -0.904228 0.407051 -0.129156
vn -0.928618 0.264775 -0.259927
vn -0.932507 0.320408 -0.166639
vn -0.895034 0.235774 -0.378583
vn -0.904224 0.136663 -0.404600
vn -0.932505 0.172535 -0.317279
vn -0.895034 0.235774 -0.378583
vn -0.932505 0.172535 -0.317279
vn -0.928618 0.264775 -0.259927
vn -0.925488 0.123706 -0.358006
vn -0.956629 0.139202 -0.255898
vn -0.948094 0.226920 -0.222766
vn -0.925488 0.123706 -0.358006
vn -0.948094 0.226920 -0.222766
vn -0.932505 0.172535 -0.317279
vn -0.904219 -0.129181 -0.407063
vn -0.895024 -0.228757 -0.382886
vn -0.928608 -0.259952 -0.264787
vn -0.904219 -0.129181 -0.407063
vn -0.928608 -0.259952 -0.264787
vn -0.932499 -0.166665 -0.320421
vn -0.895020 -0.378608 -0.235786
vn -0.904212 -0.404625 -0.136675
vn -0.932494 -0.317305 -0.172547
vn -0.895020 -0.378608 -0.235786
vn -0.932494 -0.317305 -0.172547
vn -0.928608 -0.259952 -0.264787
vn -0.925476 -0.358032 -0.123719
vn -0.956620 -0.255924 -0.139214
vn -0.948085 -0.222792 -0.226932
vn -0.925476 -0.358032 -0.123719
vn -0.948085 -0.222792 -0.226932
vn -0.932494 -0.317305 -0.172547
vn -0.956624 -0.134476 -0.258433
vn -0.925483 -0.117091 -0.360237
vn -0.932499 -0.166665 -0.320421
vn -0.956624 -0.134476 -0.258433
vn -0.932499 -0.166665 -0.320421
vn -0.948085 -0.222792 -0.226932
vn -0.991114 0.094915 -0.093186
vn -0.981560 0.082276 -0.172542
vn -0.982971 0.028033 -0.181607
vn -0.991114 0.094915 -0.093186
vn -0.982971 0.028033 -0.181607
vn -0.994307 0.029891 -0.102272
vn -0.981557 -0.079106 -0.174036
vn -0.991111 -0.093213 -0.094928
vn -0.994306 -0.028032 -0.102808
vn -0.981557 -0.079106 -0.174036
vn -0.994306 -0.028032 -0.102808
vn -0.982971 -0.024703 -0.182095
vn -0.991111 -0.093213 -0.094928
vn -0.981554 -0.172568 -0.082289
vn -0.982966 -0.181633 -0.028046
vn -0.991111 -0.093213 -0.094928
vn -0.982966 -0.181633 -0.028046
vn -0.994304 -0.102299 -0.029905
vn -0.981553 -0.174063 0.079092
vn -0.991109 -0.094955 0.093200
vn -0.994304 -0.102836 0.028019
vn -0.981553 -0.174063 0.079092
vn -0.994304 -0.102836 0.028019
vn -0.982966 -0.182122 0.024690
vn -0.991109 -0.094955 0.093200
vn -0.981554 -0.082315 0.172554
vn -0.982968 -0.028073 0.181620
vn -0.991109 -0.094955 0.093200
vn -0.982968 -0.028073 0.181620
vn -0.994305 -0.029932 0.102287
vn -0.981558 0.079065 0.174050
vn -0.991113 0.093172 0.094942
vn -0.994306 0.027991 0.102823
vn -0.981558 0.079065 0.174050
vn -0.994306 0.027991 0.102823
vn -0.982969 0.024662 0.182109
vn -0.991113 0.093172 0.094942
vn -0.981560 0.172528 0.082303
vn -0.982973 0.181594 0.028059
vn -0.991113 0.093172 0.094942
vn -0.982973 0.181594 0.028059
vn -0.994308 0.102259 0.029918
vn -0.981561 0.174023 -0.079079
vn -0.991114 0.094915 -0.093186
vn -0.994308 0.102795 -0.028005
vn -0.981561 0.174023 -0.079079
vn -0.994308 0.102795 -0.028005
vn -0.982974 0.182083 -0.024676
vn -0.796562 0.369651 -0.478379
vn -0.729329 0.488232 -0.479279
vn -0.670162 0.496718 -0.551501
vn -0.796562 0.369651 -0.478379
vn -0.670162 0.496718 -0.551501
vn -0.733616 0.375276 -0.566548
vn -0.729329 0.488232 -0.479279
vn -0.796564 0.485135 -0.360736
vn -0.733618 0.573393 -0.364725
vn -0.729329 0.488232 -0.479279
vn -0.733618 0.573393 -0.364725
vn -0.670163 0.560600 -0.486425
vn -0.807339 -0.012107 -0.589963
vn -0.871477 -0.041960 -0.488638
vn -0.861320 -0.007527 -0.508006
vn -0.807339 -0.012107 -0.589963
vn -0.861320 -0.007527 -0.508006
vn -0.792065 0.001036 -0.610436
vn -0.871479 0.050970 -0.487777
vn -0.807340 0.023001 -0.589638
vn -0.792065 0.010241 -0.610351
vn -0.871479 0.050970 -0.487777
vn -0.792065 0.010241 -0.610351
vn -0.861321 0.016902 -0.507780
vn -0.807340 0.023001 -0.589638
vn -0.834577 0.062764 -0.547305
vn -0.766543 0.064050 -0.638991
vn -0.807340 0.023001 -0.589638
vn -0.766543 0.064050 -0.638991
vn -0.747919 0.019606 -0.663501
vn -0.834574 -0.052648 -0.548374
vn -0.807339 -0.012107 -0.589963
vn -0.747918 -0.007342 -0.663750
vn -0.834574 -0.052648 -0.548374
vn -0.747918 -0.007342 -0.663750
vn -0.766540 -0.052232 -0.640068
vn -0.807323 -0.589986 0.012096
vn -0.871464 -0.488663 0.041949
vn -0.861306 -0.508030 0.007516
vn -0.807323 -0.589986 0.012096
vn -0.861306 -0.508030 0.007516
vn -0.792048 -0.610458 -0.001046
vn -0.871464 -0.487802 -0.050982
vn -0.807323 -0.589660 -0.023012
vn -0.792048 -0.610373 -0.010252
vn -0.871464 -0.487802 -0.050982
vn -0.792048 -0.610373 -0.010252
vn -0.861307 -0.507804 -0.016913
vn -0.807323 -0.589660 -0.023012
vn -0.834561 -0.547328 -0.062775
vn -0.766525 -0.639012 -0.064061
vn -0.807323 -0.589660 -0.023012
vn -0.766525 -0.639012 -0.064061
vn -0.747900 -0.663521 -0.019616
vn -0.834560 -0.548397 0.052637
vn -0.807323 -0.589986 0.012096
vn -0.747900 -0.663771 0.007331
vn -0.834560 -0.548397 0.052637
vn -0.747900 -0.663771 0.007331
vn -0.766524 -0.640089 0.052223
vn -0.807331 0.012074 0.589975
vn -0.871472 0.041925 0.488651
vn -0.861313 0.007492 0.508019
vn -0.807331 0.012074 0.589975
vn -0.861313 0.007492 0.508019
vn -0.792056 -0.001068 0.610447
vn -0.871470 -0.051005 0.487790
vn -0.807331 -0.023034 0.589650
vn -0.792056 -0.010273 0.610362
vn -0.871470 -0.051005 0.487790
vn -0.792056 -0.010273 0.610362
vn -0.861313 -0.016937 0.507792
vn -0.807331 -0.023034 0.589650
vn -0.834566 -0.062798 0.547317
vn -0.766531 -0.064082 0.639002
vn -0.807331 -0.023034 0.589650
vn -0.766531 -0.064082 0.639002
vn -0.747909 -0.019637 0.663511
vn -0.834569 0.052614 0.548386
vn -0.807331 0.012074 0.589975
vn -0.747909 0.007311 0.663761
vn -0.834569 0.052614 0.548386
vn -0.747909 0.007311 0.663761
vn -0.766534 0.052202 0.640079
vn -0.807347 0.589953 -0.012085
vn -0.871485 0.488627 -0.041936
vn -0.861327 0.507995 -0.007504
vn -0.807347 0.589953 -0.012085
vn -0.861327 0.507995 -0.007504
vn -0.792073 0.610426 0.001057
vn -0.871484 0.487766 0.050994
vn -0.807347 0.589628 0.023024
vn -0.792073 0.610340 0.010263
vn -0.871484 0.487766 0.050994
vn -0.792073 0.610340 0.010263
vn -0.861327 0.507769 0.016925
vn -0.807347 0.589628 0.023024
vn -0.834582 0.547294 0.062787
vn -0.766550 0.638981 0.064072
vn -0.807347 0.589628 0.023024
vn -0.766550 0.638981 0.064072
vn -0.747927 0.663491 0.019627
vn -0.834583 0.548363 -0.052625
vn -0.807347 0.589953 -0.012085
vn -0.747927 0.663741 -0.007321
vn -0.834583 0.548363 -0.052625
vn -0.747927 0.663741 -0.007321
vn -0.766550 0.640058 -0.052212
vn -0.729309 -0.479299 -0.488242
vn -0.796547 -0.360758 -0.485146
vn -0.733601 -0.364746 -0.573403
vn -0.729309 -0.479299 -0.488242
vn -0.733601 -0.364746 -0.573403
vn -0.670142 -0.486443 -0.560609
vn -0.796544 -0.478401 -0.369661
vn -0.729309 -0.479299 -0.488242
vn -0.670141 -0.551519 -0.496727
vn -0.796544 -0.478401 -0.369661
vn -0.670141 -0.551519 -0.496727
vn -0.733595 -0.566568 -0.375285
vn -0.729322 0.479269 0.488252
vn -0.796555 0.360725 0.485157
vn -0.733607 0.364715 0.573413
vn -0.729322 0.479269 0.488252
vn -0.733607 0.364715 0.573413
vn -0.670154 0.486416 0.560618
vn -0.796558 0.478369 0.369673
vn -0.729322 0.479269 0.488252
vn -0.670156 0.551492 0.496737
vn -0.796558 0.478369 0.369673
vn -0.670156 0.551492 0.496737
vn -0.733613 0.566538 0.375295
vn -0.796540 -0.369684 0.478390
vn -0.729303 -0.488262 0.479289
vn -0.670134 -0.496746 0.551510
vn -0.796540 -0.369684 0.478390
vn -0.670134 -0.496746 0.551510
vn -0.733593 -0.375305 0.566558
vn -0.729303 -0.488262 0.479289
vn -0.796539 -0.485168 0.360747
vn -0.733590 -0.573423 0.364735
vn -0.729303 -0.488262 0.479289
vn -0.733590 -0.573423 0.364735
vn -0.670134 -0.560627 0.486434
vn -0.981560 0.082276 -0.172542
vn -0.975858 0.155855 -0.153007
vn -0.956629 0.139202 -0.255898
vn -0.981560 0.082276 -0.172542
vn -0.956629 0.139202 -0.255898
vn -0.961142 0.075832 -0.265434
vn -0.891003 0.090153 -0.444956
vn -0.871479 0.050970 -0.487777
vn -0.924723 0.071758 -0.373817
vn -0.891003 0.090153 -0.444956
vn -0.924723 0.071758 -0.373817
vn -0.925488 0.123706 -0.358006
vn -0.871477 -0.041960 -0.488638
vn -0.891000 -0.081931 -0.446550
vn -0.925483 -0.117091 -0.360237
vn -0.871477 -0.041960 -0.488638
vn -0.925483 -0.117091 -0.360237
vn -0.924720 -0.064859 -0.375082
vn -0.975852 -0.153033 -0.155868
vn -0.981557 -0.079106 -0.174036
vn -0.961139 -0.070941 -0.266793
vn -0.975852 -0.153033 -0.155868
vn -0.961139 -0.070941 -0.266793
vn -0.956624 -0.134476 -0.258433
vn -0.981554 -0.172568 -0.082289
vn -0.975852 -0.153033 -0.155868
vn -0.956620 -0.255924 -0.139214
vn -0.981554 -0.172568 -0.082289
vn -0.956620 -0.255924 -0.139214
vn -0.961134 -0.265460 -0.075845
vn -0.890990 -0.444980 -0.090165
vn -0.871464 -0.487802 -0.050982
vn -0.924711 -0.373843 -0.071771
vn -0.890990 -0.444980 -0.090165
vn -0.924711 -0.373843 -0.071771
vn -0.925476 -0.358032 -0.123719
vn -0.871464 -0.488663 0.041949
vn -0.890988 -0.446575 0.081919
vn -0.925475 -0.360263 0.117078
vn -0.871464 -0.488663 0.041949
vn -0.925475 -0.360263 0.117078
vn -0.924710 -0.375108 0.064846
vn -0.975849 -0.155894 0.153020
vn -0.981553 -0.174063 0.079092
vn -0.961133 -0.266820 0.070928
vn -0.975849 -0.155894 0.153020
vn -0.961133 -0.266820 0.070928
vn -0.956618 -0.258459 0.134463
vn -0.981554 -0.082315 0.172554
vn -0.975849 -0.155894 0.153020
vn -0.956620 -0.139241 0.255911
vn -0.981554 -0.082315 0.172554
vn -0.956620 -0.139241 0.255911
vn -0.961136 -0.075871 0.265447
vn -0.890993 -0.090189 0.444969
vn -0.871470 -0.051005 0.487790
vn -0.924714 -0.071796 0.373830
vn -0.890993 -0.090189 0.444969
vn -0.924714 -0.071796 0.373830
vn -0.925478 -0.123744 0.358019
vn -0.871472 0.041925 0.488651
vn -0.890997 0.081895 0.446563
vn -0.925483 0.117053 0.360250
vn -0.871472 0.041925 0.488651
vn -0.925483 0.117053 0.360250
vn -0.924717 0.064821 0.375096
vn -0.975855 0.152994 0.155882
vn -0.981558 0.079065 0.174050
vn -0.961138 0.070902 0.266807
vn -0.975855 0.152994 0.155882
vn -0.961138 0.070902 0.266807
vn -0.956625 0.134438 0.258446
vn -0.981560 0.172528 0.082303
vn -0.975855 0.152994 0.155882
vn -0.956629 0.255885 0.139229
vn -0.981560 0.172528 0.082303
vn -0.956629 0.255885 0.139229
vn -0.961144 0.265421 0.075859
vn -0.891007 0.444944 0.090178
vn -0.871484 0.487766 0.050994
vn -0.924725 0.373805 0.071784
vn -0.891007 0.444944 0.090178
vn -0.924725 0.373805 0.071784
vn -0.925489 0.357994 0.123733
vn -0.871485 0.488627 -0.041936
vn -0.891008 0.446538 -0.081906
vn -0.925491 0.360225 -0.117065
vn -0.871485 0.488627 -0.041936
vn -0.925491 0.360225 -0.117065
vn -0.924727 0.375070 -0.064833
vn -0.975858 0.155855 -0.153007
vn -0.981561 0.174023 -0.079079
vn -0.961145 0.266781 -0.070915
vn -0.975858 0.155855 -0.153007
vn -0.961145 0.266781 -0.070915
vn -0.956631 0.258421 -0.134450
vn -0.834577 0.062764 -0.547305
vn -0.891003 0.090153 -0.444956
vn -0.904224 0.136663 -0.404600
vn -0.834577 0.062764 -0.547305
vn -0.904224 0.136663 -0.404600
vn -0.847379 0.134099 -0.513776
vn -0.857884 0.366687 -0.359967
vn -0.796562 0.369651 -0.478379
vn -0.836824 0.235251 -0.494351
vn -0.857884 0.366687 -0.359967
vn -0.836824 0.235251 -0.494351
vn -0.895034 0.235774 -0.378583
vn -0.796564 0.485135 -0.360736
vn -0.857884 0.366687 -0.359967
vn -0.895036 0.382874 -0.228732
vn -0.796564 0.485135 -0.360736
vn -0.895036 0.382874 -0.228732
vn -0.836827 0.498614 -0.226064
vn -0.891008 0.446538 -0.081906
vn -0.834583 0.548363 -0.052625
vn -0.847384 0.516161 -0.124569
vn -0.891008 0.446538 -0.081906
vn -0.847384 0.516161 -0.124569
vn -0.904228 0.407051 -0.129156
vn -0.796547 -0.360758 -0.485146
vn -0.857869 -0.359991 -0.366698
vn -0.895024 -0.228757 -0.382886
vn -0.796547 -0.360758 -0.485146
vn -0.895024 -0.228757 -0.382886
vn -0.836814 -0.226087 -0.498625
vn -0.891000 -0.081931 -0.446550
vn -0.834574 -0.052648 -0.548374
vn -0.847374 -0.124592 -0.516173
vn -0.891000 -0.081931 -0.446550
vn -0.847374 -0.124592 -0.516173
vn -0.904219 -0.129181 -0.407063
vn -0.834561 -0.547328 -0.062775
vn -0.890990 -0.444980 -0.090165
vn -0.904212 -0.404625 -0.136675
vn -0.834561 -0.547328 -0.062775
vn -0.904212 -0.404625 -0.136675
vn -0.847363 -0.513800 -0.134110
vn -0.857869 -0.359991 -0.366698
vn -0.796544 -0.478401 -0.369661
vn -0.836807 -0.494374 -0.235262
vn -0.857869 -0.359991 -0.366698
vn -0.836807 -0.494374 -0.235262
vn -0.895020 -0.378608 -0.235786
vn -0.796539 -0.485168 0.360747
vn -0.857863 -0.366723 0.359979
vn -0.895017 -0.382911 0.228745
vn -0.796539 -0.485168 0.360747
vn -0.895017 -0.382911 0.228745
vn -0.836803 -0.498648 0.226076
vn -0.890988 -0.446575 0.081919
vn -0.834560 -0.548397 0.052637
vn -0.847361 -0.516196 0.124581
vn -0.890988 -0.446575 0.081919
vn -0.847361 -0.516196 0.124581
vn -0.904210 -0.407088 0.129168
vn -0.834566 -0.062798 0.547317
vn -0.890993 -0.090189 0.444969
vn -0.904213 -0.136700 0.404613
vn -0.834566 -0.062798 0.547317
vn -0.904213 -0.136700 0.404613
vn -0.847366 -0.134134 0.513789
vn -0.857863 -0.366723 0.359979
vn -0.796540 -0.369684 0.478390
vn -0.836807 -0.235286 0.494363
vn -0.857863 -0.366723 0.359979
vn -0.836807 -0.235286 0.494363
vn -0.895019 -0.235811 0.378595
vn -0.796555 0.360725 0.485157
vn -0.857878 0.359956 0.366710
vn -0.895028 0.228720 0.382898
vn -0.796555 0.360725 0.485157
vn -0.895028 0.228720 0.382898
vn -0.836816 0.226052 0.498637
vn -0.890997 0.081895 0.446563
vn -0.834569 0.052614 0.548386
vn -0.847372 0.124558 0.516185
vn -0.890997 0.081895 0.446563
vn -0.847372 0.124558 0.516185
vn -0.904219 0.129144 0.407075
vn -0.834582 0.547294 0.062787
vn -0.891007 0.444944 0.090178
vn -0.904226 0.404588 0.136688
vn -0.834582 0.547294 0.062787
vn -0.904226 0.404588 0.136688
vn -0.847382 0.513765 0.134122
vn -0.857878 0.359956 0.366710
vn -0.796558 0.478369 0.369673
vn -0.836824 0.494340 0.235274
vn -0.857878 0.359956 0.366710
vn -0.836824 0.494340 0.235274
vn -0.895033 0.378571 0.235798
vn -0.994305 -0.029932 0.102287
vn -0.998987 -0.032119 0.031517
vn -0.994304 -0.102836 0.028019
vn -0.994305 -0.029932 0.102287
vn -0.994304 -0.102836 0.028019
vn -0.991109 -0.094955 0.093200
vn -0.994308 0.102259 0.029918
vn -0.998988 0.031489 0.032106
vn -0.994306 0.027991 0.102823
vn -0.994308 0.102259 0.029918
vn -0.994306 0.027991 0.102823
vn -0.991113 0.093172 0.094942
vn -0.994307 0.029891 -0.102272
vn -0.998989 0.032078 -0.031503
vn -0.994308 0.102795 -0.028005
vn -0.994307 0.029891 -0.102272
vn -0.994308 0.102795 -0.028005
vn -0.991114 0.094915 -0.093186
vn -0.994304 -0.102299 -0.029905
vn -0.998987 -0.031530 -0.032092
vn -0.994306 -0.028032 -0.102808
vn -0.994304 -0.102299 -0.029905
vn -0.994306 -0.028032 -0.102808
vn -0.991111 -0.093213 -0.094928
vn -0.670163 0.560600 -0.486425
vn -0.615415 0.562479 -0.552161
vn -0.670162 0.496718 -0.551501
vn -0.670163 0.560600 -0.486425
vn -0.670162 0.496718 -0.551501
vn -0.729329 0.488232 -0.479279
vn -0.792065 0.001036 -0.610436
vn -0.733922 0.005084 -0.679214
vn -0.747918 -0.007342 -0.663750
vn -0.792065 0.001036 -0.610436
vn -0.747918 -0.007342 -0.663750
vn -0.807339 -0.012107 -0.589963
vn -0.747919 0.019606 -0.663501
vn -0.733922 0.007470 -0.679192
vn -0.792065 0.010241 -0.610351
vn -0.747919 0.019606 -0.663501
vn -0.792065 0.010241 -0.610351
vn -0.807340 0.023001 -0.589638
vn -0.792048 -0.610458 -0.001046
vn -0.733904 -0.679234 -0.005094
vn -0.747900 -0.663771 0.007331
vn -0.792048 -0.610458 -0.001046
vn -0.747900 -0.663771 0.007331
vn -0.807323 -0.589986 0.012096
vn -0.747900 -0.663521 -0.019616
vn -0.733904 -0.679212 -0.007480
vn -0.792048 -0.610373 -0.010252
vn -0.747900 -0.663521 -0.019616
vn -0.792048 -0.610373 -0.010252
vn -0.807323 -0.589660 -0.023012
vn -0.792056 -0.001068 0.610447
vn -0.733913 -0.005114 0.679224
vn -0.747909 0.007311 0.663761
vn -0.792056 -0.001068 0.610447
vn -0.747909 0.007311 0.663761
vn -0.807331 0.012074 0.589975
vn -0.747909 -0.019637 0.663511
vn -0.733913 -0.007500 0.679202
vn -0.792056 -0.010273 0.610362
vn -0.747909 -0.019637 0.663511
vn -0.792056 -0.010273 0.610362
vn -0.807331 -0.023034 0.589650
vn -0.792073 0.610426 0.001057
vn -0.733931 0.679204 0.005104
vn -0.747927 0.663741 -0.007321
vn -0.792073 0.610426 0.001057
vn -0.747927 0.663741 -0.007321
vn -0.807347 0.589953 -0.012085
vn -0.747927 0.663491 0.019627
vn -0.733931 0.679182 0.007490
vn -0.792073 0.610340 0.010263
vn -0.747927 0.663491 0.019627
vn -0.792073 0.610340 0.010263
vn -0.807347 0.589628 0.023024
vn -0.670142 -0.486443 -0.560609
vn -0.615393 -0.552178 -0.562487
vn -0.670141 -0.551519 -0.496727
vn -0.670142 -0.486443 -0.560609
vn -0.670141 -0.551519 -0.496727
vn -0.729309 -0.479299 -0.488242
vn -0.670154 0.486416 0.560618
vn -0.615407 0.552153 0.562496
vn -0.670156 0.551492 0.496737
vn -0.670154 0.486416 0.560618
vn -0.670156 0.551492 0.496737
vn -0.729322 0.479269 0.488252
vn -0.670134 -0.560627 0.486434
vn -0.615384 -0.562504 0.552170
vn -0.670134 -0.496746 0.551510
vn -0.670134 -0.560627 0.486434
vn -0.670134 -0.496746 0.551510
vn -0.729303 -0.488262 0.479289
vn -0.861321 0.016902 -0.507780
vn -0.923350 0.022199 -0.383316
vn -0.924723 0.071758 -0.373817
vn -0.861321 0.016902 -0.507780
vn -0.924723 0.071758 -0.373817
vn -0.871479 0.050970 -0.487777
vn -0.924720 -0.064859 -0.375082
vn -0.923349 -0.015130 -0.383662
vn -0.861320 -0.007527 -0.508006
vn -0.924720 -0.064859 -0.375082
vn -0.861320 -0.007527 -0.508006
vn -0.871477 -0.041960 -0.488638
vn -0.982971 -0.024703 -0.182095
vn -0.962725 -0.021506 -0.269628
vn -0.961139 -0.070941 -0.266793
vn -0.982971 -0.024703 -0.182095
vn -0.961139 -0.070941 -0.266793
vn -0.981557 -0.079106 -0.174036
vn -0.961142 0.075832 -0.265434
vn -0.962725 0.026459 -0.269183
vn -0.982971 0.028033 -0.181607
vn -0.961142 0.075832 -0.265434
vn -0.982971 0.028033 -0.181607
vn -0.981560 0.082276 -0.172542
vn -0.861307 -0.507804 -0.016913
vn -0.923339 -0.383342 -0.022211
vn -0.924711 -0.373843 -0.071771
vn -0.861307 -0.507804 -0.016913
vn -0.924711 -0.373843 -0.071771
vn -0.871464 -0.487802 -0.050982
vn -0.924710 -0.375108 0.064846
vn -0.923339 -0.383688 0.015118
vn -0.861306 -0.508030 0.007516
vn -0.924710 -0.375108 0.064846
vn -0.861306 -0.508030 0.007516
vn -0.871464 -0.488663 0.041949
vn -0.982966 -0.182122 0.024690
vn -0.962717 -0.269654 0.021494
vn -0.961133 -0.266820 0.070928
vn -0.982966 -0.182122 0.024690
vn -0.961133 -0.266820 0.070928
vn -0.981553 -0.174063 0.079092
vn -0.961134 -0.265460 -0.075845
vn -0.962718 -0.269210 -0.026471
vn -0.982966 -0.181633 -0.028046
vn -0.961134 -0.265460 -0.075845
vn -0.982966 -0.181633 -0.028046
vn -0.981554 -0.172568 -0.082289
vn -0.861313 -0.016937 0.507792
vn -0.923344 -0.022236 0.383329
vn -0.924714 -0.071796 0.373830
vn -0.861313 -0.016937 0.507792
vn -0.924714 -0.071796 0.373830
vn -0.871470 -0.051005 0.487790
vn -0.924717 0.064821 0.375096
vn -0.923345 0.015093 0.383675
vn -0.861313 0.007492 0.508019
vn -0.924717 0.064821 0.375096
vn -0.861313 0.007492 0.508019
vn -0.871472 0.041925 0.488651
vn -0.982969 0.024662 0.182109
vn -0.962722 0.021467 0.269641
vn -0.961138 0.070902 0.266807
vn -0.982969 0.024662 0.182109
vn -0.961138 0.070902 0.266807
vn -0.981558 0.079065 0.174050
vn -0.961136 -0.075871 0.265447
vn -0.962721 -0.026498 0.269196
vn -0.982968 -0.028073 0.181620
vn -0.961136 -0.075871 0.265447
vn -0.982968 -0.028073 0.181620
vn -0.981554 -0.082315 0.172554
vn -0.861327 0.507769 0.016925
vn -0.923355 0.383305 0.022223
vn -0.924725 0.373805 0.071784
vn -0.861327 0.507769 0.016925
vn -0.924725 0.373805 0.071784
vn -0.871484 0.487766 0.050994
vn -0.924727 0.375070 -0.064833
vn -0.923355 0.383650 -0.015106
vn -0.861327 0.507995 -0.007504
vn -0.924727 0.375070 -0.064833
vn -0.861327 0.507995 -0.007504
vn -0.871485 0.488627 -0.041936
vn -0.982974 0.182083 -0.024676
vn -0.962729 0.269615 -0.021481
vn -0.961145 0.266781 -0.070915
vn -0.982974 0.182083 -0.024676
vn -0.961145 0.266781 -0.070915
vn -0.981561 0.174023 -0.079079
vn -0.961144 0.265421 0.075859
vn -0.962728 0.269170 0.026485
vn -0.982973 0.181594 0.028059
vn -0.961144 0.265421 0.075859
vn -0.982973 0.181594 0.028059
vn -0.981560 0.172528 0.082303
vn -0.847379 0.134099 -0.513776
vn -0.777835 0.137973 -0.613136
vn -0.766543 0.064050 -0.638991
vn -0.847379 0.134099 -0.513776
vn -0.766543 0.064050 -0.638991
vn -0.834577 0.062764 -0.547305
vn -0.733616 0.375276 -0.566548
vn -0.771635 0.239222 -0.589366
vn -0.836824 0.235251 -0.494351
vn -0.733616 0.375276 -0.566548
vn -0.836824 0.235251 -0.494351
vn -0.796562 0.369651 -0.478379
vn -0.766550 0.640058 -0.052212
vn -0.777841 0.615577 -0.126601
vn -0.847384 0.516161 -0.124569
vn -0.766550 0.640058 -0.052212
vn -0.847384 0.516161 -0.124569
vn -0.834583 0.548363 -0.052625
vn -0.836827 0.498614 -0.226064
vn -0.771640 0.593687 -0.228273
vn -0.733618 0.573393 -0.364725
vn -0.836827 0.498614 -0.226064
vn -0.733618 0.573393 -0.364725
vn -0.796564 0.485135 -0.360736
vn -0.836814 -0.226087 -0.498625
vn -0.771626 -0.228294 -0.593697
vn -0.733601 -0.364746 -0.573403
vn -0.836814 -0.226087 -0.498625
vn -0.733601 -0.364746 -0.573403
vn -0.796547 -0.360758 -0.485146
vn -0.766540 -0.052232 -0.640068
vn -0.777830 -0.126622 -0.615588
vn -0.847374 -0.124592 -0.516173
vn -0.766540 -0.052232 -0.640068
vn -0.847374 -0.124592 -0.516173
vn -0.834574 -0.052648 -0.548374
vn -0.733595 -0.566568 -0.375285
vn -0.771616 -0.589387 -0.239231
vn -0.836807 -0.494374 -0.235262
vn -0.733595 -0.566568 -0.375285
vn -0.836807 -0.494374 -0.235262
vn -0.796544 -0.478401 -0.369661
vn -0.847363 -0.513800 -0.134110
vn -0.777816 -0.613158 -0.137983
vn -0.766525 -0.639012 -0.064061
vn -0.847363 -0.513800 -0.134110
vn -0.766525 -0.639012 -0.064061
vn -0.834561 -0.547328 -0.062775
vn -0.836803 -0.498648 0.226076
vn -0.771612 -0.593718 0.228283
vn -0.733590 -0.573423 0.364735
vn -0.836803 -0.498648 0.226076
vn -0.733590 -0.573423 0.364735
vn -0.796539 -0.485168 0.360747
vn -0.766524 -0.640089 0.052223
vn -0.777814 -0.615609 0.126612
vn -0.847361 -0.516196 0.124581
vn -0.766524 -0.640089 0.052223
vn -0.847361 -0.516196 0.124581
vn -0.834560 -0.548397 0.052637
vn -0.733593 -0.375305 0.566558
vn -0.771617 -0.239253 0.589377
vn -0.836807 -0.235286 0.494363
vn -0.733593 -0.375305 0.566558
vn -0.836807 -0.235286 0.494363
vn -0.796540 -0.369684 0.478390
vn -0.847366 -0.134134 0.513789
vn -0.777821 -0.138005 0.613147
vn -0.766531 -0.064082 0.639002
vn -0.847366 -0.134134 0.513789
vn -0.766531 -0.064082 0.639002
vn -0.834566 -0.062798 0.547317
vn -0.836816 0.226052 0.498637
vn -0.771627 0.228262 0.593708
vn -0.733607 0.364715 0.573413
vn -0.836816 0.226052 0.498637
vn -0.733607 0.364715 0.573413
vn -0.796555 0.360725 0.485157
vn -0.766534 0.052202 0.640079
vn -0.777826 0.126590 0.615598
vn -0.847372 0.124558 0.516185
vn -0.766534 0.052202 0.640079
vn -0.847372 0.124558 0.516185
vn -0.834569 0.052614 0.548386
vn -0.733613 0.566538 0.375295
vn -0.771637 0.589356 0.239242
vn -0.836824 0.494340 0.235274
vn -0.733613 0.566538 0.375295
vn -0.836824 0.494340 0.235274
vn -0.796558 0.478369 0.369673
vn -0.847382 0.513765 0.134122
vn -0.777839 0.613126 0.137994
vn -0.766550 0.638981 0.064072
vn -0.847382 0.513765 0.134122
vn -0.766550 0.638981 0.064072
vn -0.834582 0.547294 0.062787
vn -0.925478 -0.123744 0.358019
vn -0.932494 -0.172573 0.317291
vn -0.904213 -0.136700 0.404613
vn -0.925478 -0.123744 0.358019
vn -0.904213 -0.136700 0.404613
vn -0.890993 -0.090189 0.444969
vn -0.956618 -0.258459 0.134463
vn -0.948082 -0.226959 0.222779
vn -0.956620 -0.139241 0.255911
vn -0.956618 -0.258459 0.134463
vn -0.956620 -0.139241 0.255911
vn -0.975849 -0.155894 0.153020
vn -0.904210 -0.407088 0.129168
vn -0.932492 -0.320446 0.166652
vn -0.925475 -0.360263 0.117078
vn -0.904210 -0.407088 0.129168
vn -0.925475 -0.360263 0.117078
vn -0.890988 -0.446575 0.081919
vn -0.895019 -0.235811 0.378595
vn -0.928604 -0.264813 0.259939
vn -0.895017 -0.382911 0.228745
vn -0.895019 -0.235811 0.378595
vn -0.895017 -0.382911 0.228745
vn -0.857863 -0.366723 0.359979
vn -0.925489 0.357994 0.123733
vn -0.932505 0.317266 0.172560
vn -0.904226 0.404588 0.136688
vn -0.925489 0.357994 0.123733
vn -0.904226 0.404588 0.136688
vn -0.891007 0.444944 0.090178
vn -0.956625 0.134438 0.258446
vn -0.948091 0.222754 0.226946
vn -0.956629 0.255885 0.139229
vn -0.956625 0.134438 0.258446
vn -0.956629 0.255885 0.139229
vn -0.975855 0.152994 0.155882
vn -0.904219 0.129144 0.407075
vn -0.932501 0.166627 0.320433
vn -0.925483 0.117053 0.360250
vn -0.904219 0.129144 0.407075
vn -0.925483 0.117053 0.360250
vn -0.890997 0.081895 0.446563
vn -0.895033 0.378571 0.235798
vn -0.928615 0.259914 0.264800
vn -0.895028 0.228720 0.382898
vn -0.895033 0.378571 0.235798
vn -0.895028 0.228720 0.382898
vn -0.857878 0.359956 0.366710
vn -0.895034 0.235774 -0.378583
vn -0.928618 0.264775 -0.259927
vn -0.895036 0.382874 -0.228732
vn -0.895034 0.235774 -0.378583
vn -0.895036 0.382874 -0.228732
vn -0.857884 0.366687 -0.359967
vn -0.925488 0.123706 -0.358006
vn -0.932505 0.172535 -0.317279
vn -0.904224 0.136663 -0.404600
vn -0.925488 0.123706 -0.358006
vn -0.904224 0.136663 -0.404600
vn -0.891003 0.090153 -0.444956
vn -0.956631 0.258421 -0.134450
vn -0.948094 0.226920 -0.222766
vn -0.956629 0.139202 -0.255898
vn -0.956631 0.258421 -0.134450
vn -0.956629 0.139202 -0.255898
vn -0.975858 0.155855 -0.153007
vn -0.904228 0.407051 -0.129156
vn -0.932507 0.320408 -0.166639
vn -0.925491 0.360225 -0.117065
vn -0.904228 0.407051 -0.129156
vn -0.925491 0.360225 -0.117065
vn -0.891008 0.446538 -0.081906
vn -0.925476 -0.358032 -0.123719
vn -0.932494 -0.317305 -0.172547
vn -0.904212 -0.404625 -0.136675
vn -0.925476 -0.358032 -0.123719
vn -0.904212 -0.404625 -0.136675
vn -0.890990 -0.444980 -0.090165
vn -0.956624 -0.134476 -0.258433
vn -0.948085 -0.222792 -0.226932
vn -0.956620 -0.255924 -0.139214
vn -0.956624 -0.134476 -0.258433
vn -0.956620 -0.255924 -0.139214
vn -0.975852 -0.153033 -0.155868
vn -0.904219 -0.129181 -0.407063
vn -0.932499 -0.166665 -0.320421
vn -0.925483 -0.117091 -0.360237
vn -0.904219 -0.129181 -0.407063
vn -0.925483 -0.117091 -0.360237
vn -0.891000 -0.081931 -0.446550
vn -0.895020 -0.378608 -0.235786
vn -0.928608 -0.259952 -0.264787
vn -0.895024 -0.228757 -0.382886
vn -0.895020 -0.378608 -0.235786
vn -0.895024 -0.228757 -0.382886
vn -0.857869 -0.359991 -0.366698
vn 0.922472 0.385522 0.020434
vn 0.379464 0.924967 0.021055
vn 0.702099 0.711384 0.031462
vn 0.922472 0.385522 0.020434
vn 0.702099 0.711384 0.031462
vn 0.702073 0.711359 0.032573
vn 0.846213 0.321657 0.424806
vn 0.922472 0.385522 0.020434
vn 0.702073 0.711359 0.032573
vn 0.846213 0.321657 0.424806
vn 0.702073 0.711359 0.032573
vn 0.705961 0.707520 0.032145
vn 0.379464 0.924967 0.021055
vn 0.325381 0.842939 0.428464
vn 0.705987 0.707544 0.031033
vn 0.379464 0.924967 0.021055
vn 0.705987 0.707544 0.031033
vn 0.702099 0.711384 0.031462
vn 0.325381 0.842939 0.428464
vn 0.846213 0.321657 0.424806
vn 0.705961 0.707520 0.032145
vn 0.325381 0.842939 0.428464
vn 0.705961 0.707520 0.032145
vn 0.705987 0.707544 0.031033
vn -0.379981 0.924759 0.020853
vn -0.922693 0.384995 0.020415
vn -0.702860 0.710584 0.032532
vn -0.379981 0.924759 0.020853
vn -0.702860 0.710584 0.032532
vn -0.702868 0.710641 0.031079
vn -0.922693 0.384995 0.020415
vn -0.846181 0.321651 0.424874
vn -0.705791 0.707674 0.032510
vn -0.922693 0.384995 0.020415
vn -0.705791 0.707674 0.032510
vn -0.702860 0.710584 0.032532
vn -0.325367 0.842945 0.428463
vn -0.379981 0.924759 0.020853
vn -0.702868 0.710641 0.031079
vn -0.325367 0.842945 0.428463
vn -0.702868 0.710641 0.031079
vn -0.705799 0.707731 0.031058
vn -0.846181 0.321651 0.424874
vn -0.325367 0.842945 0.428463
vn -0.705799 0.707731 0.031058
vn -0.846181 0.321651 0.424874
vn -0.705799 0.707731 0.031058
vn -0.705791 0.707674 0.032510
vn 0.501321 -0.865217 0.008783
vn 0.922493 -0.385794 0.013040
vn 0.702118 -0.711809 0.018930
vn 0.501321 -0.865217 0.008783
vn 0.702118 -0.711809 0.018930
vn 0.702127 -0.711829 0.017817
vn 0.349846 -0.824457 0.444835
vn 0.501321 -0.865217 0.008783
vn 0.702127 -0.711829 0.017817
vn 0.349846 -0.824457 0.444835
vn 0.702127 -0.711829 0.017817
vn 0.706002 -0.707973 0.018306
vn 0.922493 -0.385794 0.013040
vn 0.846205 -0.329425 0.418828
vn 0.705993 -0.707953 0.019418
vn 0.922493 -0.385794 0.013040
vn 0.705993 -0.707953 0.019418
vn 0.702118 -0.711809 0.018930
vn 0.846205 -0.329425 0.418828
vn 0.349846 -0.824457 0.444835
vn 0.706002 -0.707973 0.018306
vn 0.846205 -0.329425 0.418828
vn 0.706002 -0.707973 0.018306
vn 0.705993 -0.707953 0.019418
vn -0.501289 -0.865232 0.009118
vn -0.349821 -0.824496 0.444783
vn -0.705987 -0.707997 0.017930
vn -0.501289 -0.865232 0.009118
vn -0.705987 -0.707997 0.017930
vn -0.702099 -0.711845 0.018287
vn -0.922472 -0.385835 0.013302
vn -0.501289 -0.865232 0.009118
vn -0.702099 -0.711845 0.018287
vn -0.922472 -0.385835 0.013302
vn -0.702099 -0.711845 0.018287
vn -0.702073 -0.711841 0.019399
vn -0.846207 -0.329471 0.418786
vn -0.922472 -0.385835 0.013302
vn -0.702073 -0.711841 0.019399
vn -0.846207 -0.329471 0.418786
vn -0.702073 -0.711841 0.019399
vn -0.705962 -0.707994 0.019042
vn -0.349821 -0.824496 0.444783
vn -0.846207 -0.329471 0.418786
vn -0.705962 -0.707994 0.019042
vn -0.349821 -0.824496 0.444783
vn -0.705962 -0.707994 0.019042
vn -0.705987 -0.707997 0.017930
vn -0.003287 0.029517 0.999559
vn -0.003287 0.029517 0.999559
vn -0.003287 0.029517 0.999559
vn -0.003287 0.029517 0.999559
vn -0.003287 0.029517 0.999559
vn -0.003287 0.029517 0.999559
vn 0.709062 -0.704358 -0.033312
vn 0.709062 -0.704358 -0.033312
vn 0.580919 -0.813412 -0.029899
vn 0.709062 -0.704358 -0.033312
vn 0.580919 -0.813412 -0.029899
vn 0.580919 -0.813412 -0.029899
vn 0.003596 -0.029830 -0.999548
vn 0.003596 -0.029830 -0.999548
vn 0.003596 -0.029830 -0.999548
vn 0.003596 -0.029830 -0.999548
vn 0.003596 -0.029830 -0.999548
vn 0.003596 -0.029830 -0.999548
vn -0.709691 0.704415 0.011721
vn -0.709691 0.704415 0.011721
vn -0.817805 0.575303 0.014871
vn -0.709691 0.704415 0.011721
vn -0.817805 0.575303 0.014871
vn -0.817805 0.575303 0.014871
vn -0.032848 -0.006343 0.999440
vn -0.032848 -0.006343 0.999440
vn -0.032848 -0.006343 0.999440
vn -0.032848 -0.006343 0.999440
vn -0.032848 -0.006343 0.999440
vn -0.032848 -0.006343 0.999440
vn 0.709974 0.704119 -0.012369
vn 0.709974 0.704119 -0.012369
vn 0.818022 0.575118 -0.008882
vn 0.709974 0.704119 -0.012369
vn 0.818022 0.575118 -0.008882
vn 0.818022 0.575118 -0.008882
vn 0.032541 0.006036 -0.999452
vn 0.032541 0.006036 -0.999452
vn 0.032541 0.006036 -0.999452
vn 0.032541 0.006036 -0.999452
vn 0.032541 0.006036 -0.999452
vn 0.032541 0.006036 -0.999452
vn -0.709714 -0.704429 -0.009228
vn -0.709714 -0.704429 -0.009228
vn -0.581449 -0.813560 -0.006155
vn -0.709714 -0.704429 -0.009228
vn -0.581449 -0.813560 -0.006155
vn -0.581449 -0.813560 -0.006155
vn 0.707626 0.704818 -0.049970
vn 0.707626 0.704818 -0.049970
vn 0.094538 0.809750 -0.579110
vn 0.707626 0.704818 -0.049970
vn 0.094538 0.809750 -0.579110
vn 0.451310 0.891548 -0.038228
vn 0.017837 -0.027088 0.999474
vn 0.017837 -0.027088 0.999474
vn -0.290462 0.281999 0.914390
vn 0.017837 -0.027088 0.999474
vn -0.290462 0.281999 0.914390
vn -0.290462 0.281999 0.914390
vn -0.709907 -0.702756 -0.046554
vn -0.709907 -0.702756 -0.046554
vn -0.894893 -0.445021 -0.033503
vn -0.709907 -0.702756 -0.046554
vn -0.894893 -0.445021 -0.033503
vn -0.894893 -0.445021 -0.033503
vn -0.017767 0.027158 -0.999473
vn -0.017767 0.027158 -0.999473
vn -0.328457 0.341942 -0.880450
vn -0.017767 0.027158 -0.999473
vn -0.328457 0.341942 -0.880450
vn 0.094538 0.809750 -0.579110
vn 0.003291 -0.048027 0.998841
vn 0.003291 -0.048027 0.998841
vn 0.003291 -0.048027 0.998841
vn 0.003291 -0.048027 0.998841
vn 0.003291 -0.048027 0.998841
vn 0.003291 -0.048027 0.998841
vn -0.709061 0.704856 -0.020246
vn -0.709061 0.704856 -0.020246
vn -0.580912 0.813831 -0.014815
vn -0.709061 0.704856 -0.020246
vn -0.580912 0.813831 -0.014815
vn -0.580912 0.813831 -0.014815
vn -0.003607 0.048342 -0.998824
vn -0.003607 0.048342 -0.998824
vn -0.003607 0.048342 -0.998824
vn -0.003607 0.048342 -0.998824
vn -0.003607 0.048342 -0.998824
vn -0.003607 0.048342 -0.998824
vn 0.709689 -0.704514 -0.001343
vn 0.709689 -0.704514 -0.001343
vn 0.817803 -0.575483 0.004197
vn 0.709689 -0.704514 -0.001343
vn 0.817803 -0.575483 0.004197
vn 0.817803 -0.575483 0.004197
vn 0.665131 0.641197 0.382710
vn 0.665131 0.641197 0.382710
vn 0.696003 0.686435 0.210681
vn 0.665131 0.641197 0.382710
vn 0.696003 0.686435 0.210681
vn 0.696003 0.686435 0.210681
vn -0.580912 0.813831 -0.014815
vn -0.580912 0.813831 -0.014815
vn -0.436308 0.899753 -0.008964
vn -0.580912 0.813831 -0.014815
vn -0.436308 0.899753 -0.008964
vn -0.436308 0.899753 -0.008964
vn 0.655508 0.690405 -0.306022
vn 0.655508 0.690405 -0.306022
vn 0.690001 0.710304 -0.139166
vn 0.655508 0.690405 -0.306022
vn 0.690001 0.710304 -0.139166
vn 0.690001 0.710304 -0.139166
vn 0.817803 -0.575483 0.004197
vn 0.817803 -0.575483 0.004197
vn 0.902717 -0.430127 0.009619
vn 0.817803 -0.575483 0.004197
vn 0.902717 -0.430127 0.009619
vn 0.902717 -0.430127 0.009619
vn 0.451310 0.891548 -0.038228
vn 0.094538 0.809750 -0.579110
vn -0.431430 0.875492 -0.217674
vn 0.451310 0.891548 -0.038228
vn -0.431430 0.875492 -0.217674
vn -0.425956 0.867896 0.255572
vn -0.290462 0.281999 0.914390
vn -0.290462 0.281999 0.914390
vn -0.425956 0.867896 0.255572
vn -0.290462 0.281999 0.914390
vn -0.425956 0.867896 0.255572
vn -0.866731 0.427381 0.257144
vn -0.894893 -0.445021 -0.033503
vn -0.894893 -0.445021 -0.033503
vn -0.866731 0.427381 0.257144
vn -0.894893 -0.445021 -0.033503
vn -0.866731 0.427381 0.257144
vn -0.870247 0.442728 -0.216014
vn 0.094538 0.809750 -0.579110
vn -0.328457 0.341942 -0.880450
vn -0.870247 0.442728 -0.216014
vn 0.094538 0.809750 -0.579110
vn -0.870247 0.442728 -0.216014
vn -0.431430 0.875492 -0.217674
vn 0.652582 -0.661000 0.370426
vn 0.652582 -0.661000 0.370426
vn 0.689593 -0.696678 0.197742
vn 0.652582 -0.661000 0.370426
vn 0.689593 -0.696678 0.197742
vn 0.689593 -0.696678 0.197742
vn 0.818022 0.575118 -0.008882
vn 0.818022 0.575118 -0.008882
vn 0.902898 0.429825 -0.005142
vn 0.818022 0.575118 -0.008882
vn 0.902898 0.429825 -0.005142
vn 0.902898 0.429825 -0.005142
vn 0.667876 -0.672735 -0.318387
vn 0.667876 -0.672735 -0.318387
vn 0.696241 -0.701509 -0.152101
vn 0.667876 -0.672735 -0.318387
vn 0.696241 -0.701509 -0.152101
vn 0.696241 -0.701509 -0.152101
vn -0.581449 -0.813560 -0.006155
vn -0.581449 -0.813560 -0.006155
vn -0.436687 -0.899609 -0.002908
vn -0.581449 -0.813560 -0.006155
vn -0.436687 -0.899609 -0.002908
vn -0.436687 -0.899609 -0.002908
vn -0.665128 -0.648174 0.370777
vn -0.665128 -0.648174 0.370777
vn -0.696000 -0.690220 0.197938
vn -0.665128 -0.648174 0.370777
vn -0.696000 -0.690220 0.197938
vn -0.696000 -0.690220 0.197938
vn 0.580919 -0.813412 -0.029899
vn 0.580919 -0.813412 -0.029899
vn 0.436320 -0.899426 -0.025639
vn 0.580919 -0.813412 -0.029899
vn 0.436320 -0.899426 -0.025639
vn 0.436320 -0.899426 -0.025639
vn -0.655508 -0.684621 -0.318753
vn -0.655508 -0.684621 -0.318753
vn -0.690000 -0.707607 -0.152293
vn -0.655508 -0.684621 -0.318753
vn -0.690000 -0.707607 -0.152293
vn -0.690000 -0.707607 -0.152293
vn -0.817805 0.575303 0.014871
vn -0.817805 0.575303 0.014871
vn -0.902720 0.429869 0.017600
vn -0.817805 0.575303 0.014871
vn -0.902720 0.429869 0.017600
vn -0.902720 0.429869 0.017600
vn 0.922472 0.385522 0.020434
vn 0.846213 0.321657 0.424806
vn 0.966996 0.210921 0.142936
vn 0.922472 0.385522 0.020434
vn 0.966996 0.210921 0.142936
vn 0.969304 0.214154 -0.120784
vn 0.922493 -0.385794 0.013040
vn 0.922472 0.385522 0.020434
vn 0.969304 0.214154 -0.120784
vn 0.922493 -0.385794 0.013040
vn 0.969304 0.214154 -0.120784
vn 0.969312 -0.211840 -0.124730
vn 0.846205 -0.329425 0.418828
vn 0.922493 -0.385794 0.013040
vn 0.969312 -0.211840 -0.124730
vn 0.846205 -0.329425 0.418828
vn 0.969312 -0.211840 -0.124730
vn 0.967005 -0.213494 0.139004
vn 0.846213 0.321657 0.424806
vn 0.846205 -0.329425 0.418828
vn 0.967005 -0.213494 0.139004
vn 0.846213 0.321657 0.424806
vn 0.967005 -0.213494 0.139004
vn 0.966996 0.210921 0.142936
vn -0.922693 0.384995 0.020415
vn -0.922472 -0.385835 0.013302
vn -0.969305 -0.211880 -0.124717
vn -0.922693 0.384995 0.020415
vn -0.969305 -0.211880 -0.124717
vn -0.969314 0.214115 -0.120770
vn -0.846181 0.321651 0.424874
vn -0.922693 0.384995 0.020415
vn -0.969314 0.214115 -0.120770
vn -0.846181 0.321651 0.424874
vn -0.969314 0.214115 -0.120770
vn -0.967003 0.210882 0.142950
vn -0.846207 -0.329471 0.418786
vn -0.846181 0.321651 0.424874
vn -0.967003 0.210882 0.142950
vn -0.846207 -0.329471 0.418786
vn -0.967003 0.210882 0.142950
vn -0.966994 -0.213534 0.139018
vn -0.922472 -0.385835 0.013302
vn -0.846207 -0.329471 0.418786
vn -0.966994 -0.213534 0.139018
vn -0.922472 -0.385835 0.013302
vn -0.966994 -0.213534 0.139018
vn -0.969305 -0.211880 -0.124717
vn -0.969305 -0.211880 -0.124717
vn -0.966994 -0.213534 0.139018
vn -0.966994 -0.213533 0.139016
vn -0.969305 -0.211880 -0.124717
vn -0.966994 -0.213533 0.139016
vn -0.969306 -0.211879 -0.124714
vn -0.969314 0.214115 -0.120770
vn -0.969305 -0.211880 -0.124717
vn -0.969306 -0.211879 -0.124714
vn -0.969314 0.214115 -0.120770
vn -0.969306 -0.211879 -0.124714
vn -0.969314 0.214114 -0.120767
vn -0.967003 0.210882 0.142950
vn -0.969314 0.214115 -0.120770
vn -0.969314 0.214114 -0.120767
vn -0.967003 0.210882 0.142950
vn -0.969314 0.214114 -0.120767
vn -0.967003 0.210881 0.142948
vn -0.966994 -0.213534 0.139018
vn -0.967003 0.210882 0.142950
vn -0.967003 0.210881 0.142948
vn -0.966994 -0.213534 0.139018
vn -0.967003 0.210881 0.142948
vn -0.966994 -0.213533 0.139016
vn 0.969304 0.214154 -0.120784
vn 0.966996 0.210921 0.142936
vn 0.966996 0.210922 0.142936
vn 0.969304 0.214154 -0.120784
vn 0.966996 0.210922 0.142936
vn 0.969303 0.214154 -0.120784
vn 0.969312 -0.211840 -0.124730
vn 0.969304 0.214154 -0.120784
vn 0.969303 0.214154 -0.120784
vn 0.969312 -0.211840 -0.124730
vn 0.969303 0.214154 -0.120784
vn 0.969312 -0.211840 -0.124731
vn 0.967005 -0.213494 0.139004
vn 0.969312 -0.211840 -0.124730
vn 0.969312 -0.211840 -0.124731
vn 0.967005 -0.213494 0.139004
vn 0.969312 -0.211840 -0.124731
vn 0.967005 -0.213494 0.139005
vn 0.966996 0.210921 0.142936
vn 0.967005 -0.213494 0.139004
vn 0.967005 -0.213494 0.139005
vn 0.966996 0.210921 0.142936
vn 0.967005 -0.213494 0.139005
vn 0.966996 0.210922 0.142936
vn -0.379981 0.924759 0.020853
vn -0.325367 0.842945 0.428463
vn -0.000019 0.993898 0.110300
vn -0.379981 0.924759 0.020853
vn -0.000019 0.993898 0.110300
vn -0.000021 0.999972 0.007495
vn 0.379464 0.924967 0.021055
vn -0.379981 0.924759 0.020853
vn -0.000021 0.999972 0.007495
vn 0.379464 0.924967 0.021055
vn -0.000021 0.999972 0.007495
vn -0.000020 0.999972 0.007495
vn 0.325381 0.842939 0.428464
vn 0.379464 0.924967 0.021055
vn -0.000020 0.999972 0.007495
vn 0.325381 0.842939 0.428464
vn -0.000020 0.999972 0.007495
vn -0.000018 0.993898 0.110300
vn -0.325367 0.842945 0.428463
vn 0.325381 0.842939 0.428464
vn -0.000018 0.993898 0.110300
vn -0.325367 0.842945 0.428463
vn -0.000018 0.993898 0.110300
vn -0.000019 0.993898 0.110300
vn -0.959444 0.281784 0.008053
vn -0.959444 0.281784 0.008053
vn -0.959444 0.281784 0.008053
vn -0.959444 0.281784 0.008053
vn -0.959444 0.281784 0.008053
vn -0.959444 0.281784 0.008053
vn 0.000014 -0.839618 -0.543178
vn 0.000014 -0.839618 -0.543178
vn 0.000014 -0.839618 -0.543178
vn 0.000014 -0.839618 -0.543178
vn 0.000014 -0.839618 -0.543178
vn 0.000014 -0.839618 -0.543178
vn 0.959434 0.281817 0.008040
vn 0.959434 0.281817 0.008040
vn 0.959434 0.281817 0.008040
vn 0.959434 0.281817 0.008040
vn 0.959434 0.281817 0.008040
vn 0.959434 0.281817 0.008040
vn -0.000019 0.993898 0.110300
vn -0.000018 0.993898 0.110300
vn -0.000017 0.986811 0.161879
vn -0.000019 0.993898 0.110300
vn -0.000017 0.986811 0.161879
vn -0.000017 0.986811 0.161879
vn 0.210110 -0.811253 0.545639
vn 0.096088 -0.789677 0.605951
vn 0.096088 -0.789677 0.605951
vn 0.210110 -0.811253 0.545639
vn 0.096088 -0.789677 0.605951
vn 0.210110 -0.811253 0.545639
vn -0.023195 -0.758918 0.650773
vn -0.186784 -0.710636 0.678312
vn -0.186784 -0.710636 0.678312
vn -0.023195 -0.758918 0.650773
vn -0.186784 -0.710636 0.678312
vn -0.023195 -0.758918 0.650773
vn -0.704311 -0.193153 0.683109
vn -0.752852 -0.029321 0.657536
vn -0.752852 -0.029321 0.657536
vn -0.704311 -0.193153 0.683109
vn -0.752852 -0.029321 0.657536
vn -0.704311 -0.193153 0.683109
vn -0.784030 0.090364 0.614110
vn -0.806170 0.204939 0.555059
vn -0.806170 0.204939 0.555059
vn -0.784030 0.090364 0.614110
vn -0.806170 0.204939 0.555059
vn -0.784030 0.090364 0.614110
vn 0.186820 -0.710630 0.678310
vn 0.023232 -0.758917 0.650773
vn 0.023232 -0.758917 0.650773
vn 0.186820 -0.710630 0.678310
vn 0.023232 -0.758917 0.650773
vn 0.186820 -0.710630 0.678310
vn -0.096047 -0.789681 0.605953
vn -0.210068 -0.811262 0.545642
vn -0.210068 -0.811262 0.545643
vn -0.096047 -0.789681 0.605953
vn -0.210068 -0.811262 0.545643
vn -0.096047 -0.789681 0.605953
vn 0.806168 0.204973 0.555048
vn 0.784034 0.090397 0.614100
vn 0.784034 0.090397 0.614100
vn 0.806168 0.204973 0.555048
vn 0.784034 0.090397 0.614100
vn 0.806168 0.204973 0.555048
vn 0.752861 -0.029292 0.657527
vn 0.704327 -0.193124 0.683101
vn 0.704327 -0.193124 0.683101
vn 0.752861 -0.029292 0.657527
vn 0.704327 -0.193124 0.683101
vn 0.752861 -0.029292 0.657527
vn -0.806161 -0.215220 0.551167
vn -0.784027 -0.101757 0.612330
vn -0.784027 -0.101757 0.612330
vn -0.806161 -0.215220 0.551167
vn -0.784027 -0.101757 0.612330
vn -0.806161 -0.215220 0.551166
vn -0.752853 0.017106 0.657966
vn -0.704320 0.180433 0.686569
vn -0.704320 0.180433 0.686569
vn -0.752853 0.017106 0.657966
vn -0.704320 0.180433 0.686569
vn -0.752853 0.017106 0.657966
vn -0.186810 0.697942 0.691361
vn -0.023225 0.746730 0.664721
vn -0.023225 0.746730 0.664721
vn -0.186810 0.697942 0.691361
vn -0.023225 0.746730 0.664721
vn -0.186810 0.697942 0.691361
vn 0.096054 0.778320 0.620477
vn 0.210077 0.801015 0.560574
vn 0.210077 0.801015 0.560574
vn 0.096054 0.778320 0.620477
vn 0.210077 0.801015 0.560574
vn 0.096054 0.778320 0.620477
vn -0.210103 0.801006 0.560577
vn -0.096079 0.778317 0.620477
vn -0.096079 0.778317 0.620477
vn -0.210103 0.801006 0.560577
vn -0.096079 0.778317 0.620477
vn -0.210103 0.801006 0.560577
vn 0.023205 0.746731 0.664721
vn 0.186794 0.697948 0.691358
vn 0.186794 0.697948 0.691358
vn 0.023205 0.746731 0.664721
vn 0.186794 0.697948 0.691358
vn 0.023205 0.746731 0.664721
vn 0.704320 0.180462 0.686561
vn 0.752860 0.017136 0.657958
vn 0.752860 0.017136 0.657958
vn 0.704320 0.180462 0.686561
vn 0.752860 0.017136 0.657958
vn 0.704320 0.180462 0.686561
vn 0.784038 -0.101727 0.612320
vn 0.806176 -0.215187 0.551158
vn 0.806176 -0.215187 0.551158
vn 0.784038 -0.101727 0.612320
vn 0.806176 -0.215187 0.551158
vn 0.784038 -0.101727 0.612320
vn -0.696457 0.172866 0.696466
vn -0.724850 0.020499 0.688601
vn -0.724850 0.020499 0.688601
vn -0.696457 0.172866 0.696466
vn -0.724850 0.020499 0.688601
vn -0.696457 0.172866 0.696466
vn -0.724849 -0.033282 0.688103
vn -0.696449 -0.185767 0.693145
vn -0.696449 -0.185767 0.693145
vn -0.724849 -0.033282 0.688103
vn -0.696449 -0.185767 0.693145
vn -0.724849 -0.033282 0.688103
vn 0.179316 0.689995 0.701251
vn 0.026881 0.718447 0.695062
vn 0.026881 0.718447 0.695062
vn 0.179316 0.689995 0.701251
vn 0.026881 0.718447 0.695062
vn 0.179316 0.689995 0.701251
vn -0.026904 0.718446 0.695062
vn -0.179336 0.689987 0.701253
vn -0.179336 0.689987 0.701253
vn -0.026904 0.718446 0.695062
vn -0.179336 0.689987 0.701253
vn -0.026904 0.718446 0.695062
vn 0.696465 -0.185738 0.693136
vn 0.724859 -0.033253 0.688094
vn 0.724859 -0.033253 0.688094
vn 0.696465 -0.185738 0.693136
vn 0.724859 -0.033253 0.688094
vn 0.696465 -0.185738 0.693136
vn 0.724858 0.020530 0.688592
vn 0.696458 0.172894 0.696458
vn 0.696458 0.172894 0.696458
vn 0.724858 0.020530 0.688592
vn 0.696458 0.172894 0.696458
vn 0.724858 0.020530 0.688592
vn -0.179308 -0.702867 0.688351
vn -0.026876 -0.731200 0.681633
vn -0.026876 -0.731200 0.681633
vn -0.179308 -0.702867 0.688351
vn -0.026876 -0.731200 0.681633
vn -0.179308 -0.702867 0.688351
vn 0.026913 -0.731200 0.681633
vn 0.179344 -0.702861 0.688348
vn 0.179344 -0.702861 0.688348
vn 0.026913 -0.731200 0.681633
vn 0.179344 -0.702861 0.688348
vn 0.026913 -0.731200 0.681633
vn -0.704320 0.180433 0.686569
vn -0.696457 0.172866 0.696466
vn -0.696457 0.172866 0.696466
vn -0.704320 0.180433 0.686569
vn -0.696457 0.172866 0.696466
vn -0.704320 0.180433 0.686569
vn -0.696449 -0.185767 0.693145
vn -0.704311 -0.193153 0.683109
vn -0.704311 -0.193153 0.683109
vn -0.696449 -0.185767 0.693145
vn -0.704311 -0.193153 0.683109
vn -0.696449 -0.185767 0.693145
vn 0.186794 0.697948 0.691358
vn 0.179316 0.689995 0.701251
vn 0.179316 0.689995 0.701251
vn 0.186794 0.697948 0.691358
vn 0.179316 0.689995 0.701251
vn 0.186794 0.697948 0.691358
vn -0.179336 0.689987 0.701253
vn -0.186810 0.697942 0.691361
vn -0.186810 0.697942 0.691361
vn -0.179336 0.689987 0.701253
vn -0.186810 0.697942 0.691361
vn -0.179336 0.689987 0.701253
vn 0.704327 -0.193124 0.683101
vn 0.696465 -0.185738 0.693136
vn 0.696465 -0.185738 0.693136
vn 0.704327 -0.193124 0.683101
vn 0.696465 -0.185738 0.693136
vn 0.704327 -0.193124 0.683101
vn 0.696458 0.172894 0.696458
vn 0.704320 0.180462 0.686561
vn 0.704320 0.180462 0.686561
vn 0.696458 0.172894 0.696458
vn 0.704320 0.180462 0.686561
vn 0.696458 0.172894 0.696458
vn -0.186784 -0.710636 0.678312
vn -0.179308 -0.702867 0.688351
vn -0.179308 -0.702867 0.688351
vn -0.186784 -0.710636 0.678312
vn -0.179308 -0.702867 0.688351
vn -0.186784 -0.710636 0.678312
vn 0.179344 -0.702861 0.688348
vn 0.186820 -0.710630 0.678310
vn 0.186820 -0.710630 0.678310
vn 0.179344 -0.702861 0.688348
vn 0.186820 -0.710630 0.678310
vn 0.179344 -0.702861 0.688348
vn -0.425696 -0.433094 0.794489
vn 0.210110 -0.811253 0.545639
vn 0.210110 -0.811253 0.545639
vn -0.425696 -0.433094 0.794489
vn 0.210110 -0.811253 0.545639
vn 0.250649 -0.817100 0.519155
vn -0.806170 0.204939 0.555059
vn -0.425696 -0.433094 0.794489
vn -0.812264 0.245725 0.529005
vn -0.806170 0.204939 0.555059
vn -0.812264 0.245725 0.529005
vn -0.806170 0.204939 0.555059
vn 0.425724 -0.433077 0.794483
vn 0.806168 0.204973 0.555048
vn 0.806168 0.204973 0.555048
vn 0.425724 -0.433077 0.794483
vn 0.806168 0.204973 0.555048
vn 0.812261 0.245757 0.528995
vn -0.210068 -0.811262 0.545642
vn 0.425724 -0.433077 0.794483
vn -0.250608 -0.817111 0.519158
vn -0.210068 -0.811262 0.545642
vn -0.250608 -0.817111 0.519158
vn -0.210068 -0.811262 0.545643
vn -0.425712 0.418287 0.802375
vn -0.806161 -0.215220 0.551167
vn -0.806161 -0.215220 0.551166
vn -0.425712 0.418287 0.802375
vn -0.806161 -0.215220 0.551166
vn -0.812254 -0.255510 0.524365
vn 0.210077 0.801015 0.560574
vn -0.425712 0.418287 0.802375
vn 0.250615 0.807353 0.534203
vn 0.210077 0.801015 0.560574
vn 0.250615 0.807353 0.534203
vn 0.210077 0.801015 0.560574
vn 0.425704 0.418303 0.802371
vn -0.210103 0.801006 0.560577
vn -0.210103 0.801006 0.560577
vn 0.425704 0.418303 0.802371
vn -0.210103 0.801006 0.560577
vn -0.250641 0.807343 0.534207
vn 0.806176 -0.215187 0.551158
vn 0.425704 0.418303 0.802371
vn 0.812270 -0.255477 0.524356
vn 0.806176 -0.215187 0.551158
vn 0.812270 -0.255477 0.524356
vn 0.806176 -0.215187 0.551158
vn 0.096088 -0.789677 0.605951
vn -0.023195 -0.758918 0.650773
vn -0.023195 -0.758918 0.650773
vn 0.096088 -0.789677 0.605951
vn -0.023195 -0.758918 0.650773
vn 0.096088 -0.789677 0.605951
vn -0.752852 -0.029321 0.657536
vn -0.784030 0.090364 0.614110
vn -0.784030 0.090364 0.614110
vn -0.752852 -0.029321 0.657536
vn -0.784030 0.090364 0.614110
vn -0.752852 -0.029321 0.657536
vn 0.023232 -0.758917 0.650773
vn -0.096047 -0.789681 0.605953
vn -0.096047 -0.789681 0.605953
vn 0.023232 -0.758917 0.650773
vn -0.096047 -0.789681 0.605953
vn 0.023232 -0.758917 0.650773
vn 0.784034 0.090397 0.614100
vn 0.752861 -0.029292 0.657527
vn 0.752861 -0.029292 0.657527
vn 0.784034 0.090397 0.614100
vn 0.752861 -0.029292 0.657527
vn 0.784034 0.090397 0.614100
vn -0.784027 -0.101757 0.612330
vn -0.752853 0.017106 0.657966
vn -0.752853 0.017106 0.657966
vn -0.784027 -0.101757 0.612330
vn -0.752853 0.017106 0.657966
vn -0.784027 -0.101757 0.612330
vn -0.023225 0.746730 0.664721
vn 0.096054 0.778320 0.620477
vn 0.096054 0.778320 0.620477
vn -0.023225 0.746730 0.664721
vn 0.096054 0.778320 0.620477
vn -0.023225 0.746730 0.664721
vn -0.096079 0.778317 0.620477
vn 0.023205 0.746731 0.664721
vn 0.023205 0.746731 0.664721
vn -0.096079 0.778317 0.620477
vn 0.023205 0.746731 0.664721
vn -0.096079 0.778317 0.620477
vn 0.752860 0.017136 0.657958
vn 0.784038 -0.101727 0.612320
vn 0.784038 -0.101727 0.612320
vn 0.752860 0.017136 0.657958
vn 0.784038 -0.101727 0.612320
vn 0.752860 0.017136 0.657958
vn -0.724850 0.020499 0.688601
vn -0.724849 -0.033282 0.688103
vn -0.724849 -0.033282 0.688103
vn -0.724850 0.020499 0.688601
vn -0.724849 -0.033282 0.688103
vn -0.724850 0.020499 0.688601
vn 0.026881 0.718447 0.695062
vn -0.026904 0.718446 0.695062
vn -0.026904 0.718446 0.695062
vn 0.026881 0.718447 0.695062
vn -0.026904 0.718446 0.695062
vn 0.026881 0.718447 0.695062
vn 0.724859 -0.033253 0.688094
vn 0.724858 0.020530 0.688592
vn 0.724858 0.020530 0.688592
vn 0.724859 -0.033253 0.688094
vn 0.724858 0.020530 0.688592
vn 0.724859 -0.033253 0.688094
vn -0.026876 -0.731200 0.681633
vn 0.026913 -0.731200 0.681633
vn 0.026913 -0.731200 0.681633
vn -0.026876 -0.731200 0.681633
vn 0.026913 -0.731200 0.681633
vn -0.026876 -0.731200 0.681633
vn -0.701649 0.712492 0.006605
vn -0.701649 0.712492 0.006605
vn -0.379138 0.925300 0.008574
vn -0.701649 0.712492 0.006605
vn -0.379138 0.925300 0.008574
vn -0.379138 0.925300 0.008574
vn 0.701619 0.712522 0.006595
vn 0.701619 0.712522 0.006595
vn 0.379100 0.925316 0.008569
vn 0.701619 0.712522 0.006595
vn 0.379100 0.925316 0.008569
vn 0.379100 0.925316 0.008569
vn 0.000003 0.179451 0.983767
vn 0.000003 0.179451 0.983767
vn 0.000003 0.179451 0.983767
vn 0.000003 0.179451 0.983767
vn 0.000003 0.179451 0.983767
vn 0.000003 0.179451 0.983767
vn -0.000008 0.072346 -0.997380
vn -0.000009 0.072346 -0.997380
vn -0.000011 0.197646 -0.980274
vn -0.000008 0.072346 -0.997380
vn -0.000011 0.197646 -0.980274
vn -0.000011 0.197646 -0.980274
vn -0.186784 -0.710636 0.678312
vn -0.023195 -0.758918 0.650773
vn 0.163055 0.709122 0.685973
vn -0.186784 -0.710636 0.678312
vn 0.163055 0.709122 0.685973
vn 0.065337 0.738045 0.671581
vn 0.158489 0.769899 0.618172
vn 0.075214 0.792109 0.605728
vn 0.065337 0.738045 0.671581
vn 0.158489 0.769899 0.618172
vn 0.065337 0.738045 0.671581
vn 0.163055 0.709122 0.685973
vn 0.096088 -0.789677 0.605951
vn 0.210110 -0.811253 0.545639
vn 0.443689 0.639830 0.627501
vn 0.096088 -0.789677 0.605951
vn 0.443689 0.639830 0.627501
vn 0.284505 0.678694 0.677076
vn 0.429858 0.698500 0.572119
vn 0.280369 0.739889 0.611520
vn 0.284505 0.678694 0.677076
vn 0.429858 0.698500 0.572119
vn 0.284505 0.678694 0.677076
vn 0.443689 0.639830 0.627501
vn -0.752852 -0.029321 0.657536
vn -0.704311 -0.193153 0.683109
vn 0.744236 0.059202 0.665288
vn -0.752852 -0.029321 0.657536
vn 0.744236 0.059202 0.665288
vn 0.715444 0.156779 0.680853
vn 0.797687 0.069695 0.599032
vn 0.775590 0.152850 0.612452
vn 0.715444 0.156779 0.680853
vn 0.797687 0.069695 0.599032
vn 0.715444 0.156779 0.680853
vn 0.744236 0.059202 0.665288
vn -0.806170 0.204939 0.555059
vn -0.784030 0.090364 0.614110
vn 0.684930 0.278302 0.673364
vn -0.806170 0.204939 0.555059
vn 0.684930 0.278302 0.673364
vn 0.645601 0.437933 0.625631
vn 0.745514 0.274782 0.607210
vn 0.703756 0.424622 0.569582
vn 0.645601 0.437933 0.625631
vn 0.745514 0.274782 0.607210
vn 0.645601 0.437933 0.625631
vn 0.684930 0.278302 0.673364
vn 0.023232 -0.758917 0.650773
vn 0.186820 -0.710630 0.678310
vn -0.065359 0.738041 0.671583
vn 0.023232 -0.758917 0.650773
vn -0.065359 0.738041 0.671583
vn -0.163076 0.709114 0.685976
vn -0.075239 0.792105 0.605730
vn -0.158513 0.769892 0.618175
vn -0.163076 0.709114 0.685976
vn -0.075239 0.792105 0.605730
vn -0.163076 0.709114 0.685976
vn -0.065359 0.738041 0.671583
vn -0.210068 -0.811262 0.545642
vn -0.096047 -0.789681 0.605953
vn -0.284522 0.678681 0.677082
vn -0.210068 -0.811262 0.545642
vn -0.284522 0.678681 0.677082
vn -0.443706 0.639810 0.627510
vn -0.280388 0.739878 0.611525
vn -0.429877 0.698483 0.572126
vn -0.443706 0.639810 0.627510
vn -0.280388 0.739878 0.611525
vn -0.443706 0.639810 0.627510
vn -0.284522 0.678681 0.677082
vn 0.704327 -0.193124 0.683101
vn 0.752861 -0.029292 0.657527
vn -0.715439 0.156750 0.680864
vn 0.704327 -0.193124 0.683101
vn -0.715439 0.156750 0.680864
vn -0.744227 0.059172 0.665300
vn -0.775587 0.152820 0.612463
vn -0.797681 0.069664 0.599042
vn -0.744227 0.059172 0.665300
vn -0.775587 0.152820 0.612463
vn -0.744227 0.059172 0.665300
vn -0.715439 0.156750 0.680864
vn 0.784034 0.090397 0.614100
vn 0.806168 0.204973 0.555048
vn -0.645609 0.437908 0.625641
vn 0.784034 0.090397 0.614100
vn -0.645609 0.437908 0.625641
vn -0.684931 0.278273 0.673375
vn -0.703766 0.424593 0.569591
vn -0.745517 0.274749 0.607220
vn -0.684931 0.278273 0.673375
vn -0.703766 0.424593 0.569591
vn -0.684931 0.278273 0.673375
vn -0.645609 0.437908 0.625641
vn -0.704320 0.180433 0.686569
vn -0.752853 0.017106 0.657966
vn 0.715450 -0.169335 0.677833
vn -0.704320 0.180433 0.686569
vn 0.715450 -0.169335 0.677833
vn 0.744237 -0.071487 0.664079
vn 0.775596 -0.164138 0.609516
vn 0.797689 -0.080749 0.597638
vn 0.744237 -0.071487 0.664079
vn 0.775596 -0.164138 0.609516
vn 0.744237 -0.071487 0.664079
vn 0.715450 -0.169335 0.677833
vn -0.784027 -0.101757 0.612330
vn -0.806161 -0.215220 0.551167
vn 0.645619 -0.449422 0.617411
vn -0.784027 -0.101757 0.612330
vn 0.645619 -0.449422 0.617411
vn 0.684941 -0.290699 0.668094
vn 0.703774 -0.435071 0.561618
vn 0.745526 -0.285951 0.602016
vn 0.684941 -0.290699 0.668094
vn 0.703774 -0.435071 0.561618
vn 0.684941 -0.290699 0.668094
vn 0.645619 -0.449422 0.617411
vn -0.023225 0.746730 0.664721
vn -0.186810 0.697942 0.691361
vn 0.065367 -0.750355 0.657795
vn -0.023225 0.746730 0.664721
vn 0.065367 -0.750355 0.657795
vn 0.163084 -0.721701 0.672719
vn 0.075248 -0.803190 0.590951
vn 0.158522 -0.781211 0.603805
vn 0.163084 -0.721701 0.672719
vn 0.075248 -0.803190 0.590951
vn 0.163084 -0.721701 0.672719
vn 0.065367 -0.750355 0.657795
vn 0.210077 0.801015 0.560574
vn 0.096054 0.778320 0.620477
vn 0.284529 -0.691110 0.664387
vn 0.210077 0.801015 0.560574
vn 0.284529 -0.691110 0.664387
vn 0.443714 -0.651327 0.615542
vn 0.280395 -0.751079 0.597711
vn 0.429883 -0.708962 0.559083
vn 0.443714 -0.651327 0.615542
vn 0.280395 -0.751079 0.597711
vn 0.443714 -0.651327 0.615542
vn 0.284529 -0.691110 0.664387
vn 0.186794 0.697948 0.691358
vn 0.023205 0.746731 0.664721
vn -0.163046 -0.721708 0.672721
vn 0.186794 0.697948 0.691358
vn -0.163046 -0.721708 0.672721
vn -0.065329 -0.750359 0.657795
vn -0.158482 -0.781218 0.603806
vn -0.075206 -0.803194 0.590952
vn -0.065329 -0.750359 0.657795
vn -0.158482 -0.781218 0.603806
vn -0.065329 -0.750359 0.657795
vn -0.163046 -0.721708 0.672721
vn -0.096079 0.778317 0.620477
vn -0.210103 0.801006 0.560577
vn -0.443679 -0.651345 0.615547
vn -0.096079 0.778317 0.620477
vn -0.443679 -0.651345 0.615547
vn -0.284493 -0.691122 0.664391
vn -0.429848 -0.708979 0.559088
vn -0.280357 -0.751091 0.597714
vn -0.284493 -0.691122 0.664391
vn -0.429848 -0.708979 0.559088
vn -0.284493 -0.691122 0.664391
vn -0.443679 -0.651345 0.615547
vn 0.752860 0.017136 0.657958
vn 0.704320 0.180462 0.686561
vn -0.744226 -0.071519 0.664088
vn 0.752860 0.017136 0.657958
vn -0.744226 -0.071519 0.664088
vn -0.715434 -0.169364 0.677842
vn -0.797677 -0.080784 0.597650
vn -0.775581 -0.164169 0.609527
vn -0.715434 -0.169364 0.677842
vn -0.797677 -0.080784 0.597650
vn -0.715434 -0.169364 0.677842
vn -0.744226 -0.071519 0.664088
vn 0.806176 -0.215187 0.551158
vn 0.784038 -0.101727 0.612320
vn -0.684920 -0.290726 0.668104
vn 0.806176 -0.215187 0.551158
vn -0.684920 -0.290726 0.668104
vn -0.645592 -0.449448 0.617420
vn -0.745507 -0.285979 0.602026
vn -0.703749 -0.435102 0.561626
vn -0.645592 -0.449448 0.617420
vn -0.745507 -0.285979 0.602026
vn -0.645592 -0.449448 0.617420
vn -0.684920 -0.290726 0.668104
vn -0.696449 -0.185767 0.693145
vn -0.724849 -0.033282 0.688103
vn 0.785177 -0.006634 0.619236
vn -0.696449 -0.185767 0.693145
vn 0.785177 -0.006634 0.619236
vn 0.769699 0.001749 0.638405
vn 0.823359 -0.001569 0.567518
vn 0.813830 0.019039 0.580791
vn 0.769699 0.001749 0.638405
vn 0.823359 -0.001569 0.567518
vn 0.769699 0.001749 0.638405
vn 0.785177 -0.006634 0.619236
vn -0.724850 0.020499 0.688601
vn -0.696457 0.172866 0.696466
vn 0.769699 -0.013544 0.638264
vn -0.724850 0.020499 0.688601
vn 0.769699 -0.013544 0.638264
vn 0.785176 -0.004807 0.619254
vn 0.813831 -0.029762 0.580339
vn 0.823360 -0.008911 0.567450
vn 0.785176 -0.004807 0.619254
vn 0.813831 -0.029762 0.580339
vn 0.785176 -0.004807 0.619254
vn 0.769699 -0.013544 0.638264
vn -0.179336 0.689987 0.701253
vn -0.026904 0.718446 0.695062
vn -0.000895 -0.790874 0.611978
vn -0.179336 0.689987 0.701253
vn -0.000895 -0.790874 0.611978
vn 0.007666 -0.775573 0.631211
vn 0.003691 -0.828578 0.559862
vn 0.024422 -0.819169 0.573032
vn 0.007666 -0.775573 0.631211
vn 0.003691 -0.828578 0.559862
vn 0.007666 -0.775573 0.631211
vn -0.000895 -0.790874 0.611978
vn 0.026881 0.718447 0.695062
vn 0.179316 0.689995 0.701251
vn -0.007628 -0.775575 0.631210
vn 0.026881 0.718447 0.695062
vn -0.007628 -0.775575 0.631210
vn 0.000932 -0.790875 0.611977
vn -0.024382 -0.819170 0.573033
vn -0.003652 -0.828577 0.559863
vn 0.000932 -0.790875 0.611977
vn -0.024382 -0.819170 0.573033
vn 0.000932 -0.790875 0.611977
vn -0.007628 -0.775575 0.631210
vn 0.696458 0.172894 0.696458
vn 0.724858 0.020530 0.688592
vn -0.785167 -0.004838 0.619265
vn 0.696458 0.172894 0.696458
vn -0.785167 -0.004838 0.619265
vn -0.769689 -0.013576 0.638274
vn -0.823352 -0.008945 0.567461
vn -0.813822 -0.029797 0.580350
vn -0.769689 -0.013576 0.638274
vn -0.823352 -0.008945 0.567461
vn -0.769689 -0.013576 0.638274
vn -0.785167 -0.004838 0.619265
vn 0.724859 -0.033253 0.688094
vn 0.696465 -0.185738 0.693136
vn -0.769690 0.001716 0.638416
vn 0.724859 -0.033253 0.688094
vn -0.769690 0.001716 0.638416
vn -0.785168 -0.006666 0.619247
vn -0.813823 0.019004 0.580802
vn -0.823352 -0.001603 0.567529
vn -0.785168 -0.006666 0.619247
vn -0.813823 0.019004 0.580802
vn -0.785168 -0.006666 0.619247
vn -0.769690 0.001716 0.638416
vn 0.179344 -0.702861 0.688348
vn 0.026913 -0.731200 0.681633
vn 0.000902 0.779402 0.626523
vn 0.179344 -0.702861 0.688348
vn 0.000902 0.779402 0.626523
vn -0.007658 0.763748 0.645469
vn -0.003684 0.818064 0.575115
vn -0.024414 0.808413 0.588109
vn -0.007658 0.763748 0.645469
vn -0.003684 0.818064 0.575115
vn -0.007658 0.763748 0.645469
vn 0.000902 0.779402 0.626523
vn -0.026876 -0.731200 0.681633
vn -0.179308 -0.702867 0.688351
vn 0.007635 0.763749 0.645469
vn -0.026876 -0.731200 0.681633
vn 0.007635 0.763749 0.645469
vn -0.000926 0.779402 0.626523
vn 0.024390 0.808414 0.588109
vn 0.003659 0.818064 0.575115
vn -0.000926 0.779402 0.626523
vn 0.024390 0.808414 0.588109
vn -0.000926 0.779402 0.626523
vn 0.007635 0.763749 0.645469
vn 0.629801 0.625587 0.460425
vn 0.558622 0.656404 0.507025
vn 0.567279 0.608699 0.554689
vn 0.629801 0.625587 0.460425
vn 0.567279 0.608699 0.554689
vn 0.605099 0.600305 0.522962
vn 0.661053 0.553981 0.506077
vn 0.629801 0.625587 0.460425
vn 0.605099 0.600305 0.522962
vn 0.661053 0.553981 0.506077
vn 0.605099 0.600305 0.522962
vn 0.613789 0.562192 0.554259
vn -0.558644 0.656381 0.507032
vn -0.629821 0.625561 0.460433
vn -0.605117 0.600279 0.522970
vn -0.558644 0.656381 0.507032
vn -0.605117 0.600279 0.522970
vn -0.567298 0.608674 0.554698
vn -0.629821 0.625561 0.460433
vn -0.661068 0.553956 0.506085
vn -0.613804 0.562167 0.554268
vn -0.629821 0.625561 0.460433
vn -0.613804 0.562167 0.554268
vn -0.605117 0.600279 0.522970
vn 0.629827 -0.633983 0.448758
vn 0.661076 -0.563235 0.495727
vn 0.613813 -0.572337 0.543750
vn 0.629827 -0.633983 0.448758
vn 0.613813 -0.572337 0.543750
vn 0.605125 -0.609864 0.511752
vn 0.558650 -0.665661 0.494779
vn 0.629827 -0.633983 0.448758
vn 0.605125 -0.609864 0.511752
vn 0.558650 -0.665661 0.494779
vn 0.605125 -0.609864 0.511752
vn 0.567305 -0.618845 0.543318
vn -0.629796 -0.634008 0.448766
vn -0.558617 -0.665683 0.494786
vn -0.567273 -0.618869 0.543325
vn -0.629796 -0.634008 0.448766
vn -0.567273 -0.618869 0.543325
vn -0.605094 -0.609889 0.511758
vn -0.661045 -0.563263 0.495735
vn -0.629796 -0.634008 0.448766
vn -0.605094 -0.609889 0.511758
vn -0.661045 -0.563263 0.495735
vn -0.605094 -0.609889 0.511758
vn -0.613783 -0.572363 0.543756
vn -0.704311 -0.193153 0.683109
vn -0.696449 -0.185767 0.693145
vn 0.769699 0.001749 0.638405
vn -0.704311 -0.193153 0.683109
vn 0.769699 0.001749 0.638405
vn 0.744236 0.059202 0.665288
vn 0.813830 0.019039 0.580791
vn 0.797687 0.069695 0.599032
vn 0.744236 0.059202 0.665288
vn 0.813830 0.019039 0.580791
vn 0.744236 0.059202 0.665288
vn 0.769699 0.001749 0.638405
vn -0.696457 0.172866 0.696466
vn -0.704320 0.180433 0.686569
vn 0.744237 -0.071487 0.664079
vn -0.696457 0.172866 0.696466
vn 0.744237 -0.071487 0.664079
vn 0.769699 -0.013544 0.638264
vn 0.797689 -0.080749 0.597638
vn 0.813831 -0.029762 0.580339
vn 0.769699 -0.013544 0.638264
vn 0.797689 -0.080749 0.597638
vn 0.769699 -0.013544 0.638264
vn 0.744237 -0.071487 0.664079
vn -0.186810 0.697942 0.691361
vn -0.179336 0.689987 0.701253
vn 0.007666 -0.775573 0.631211
vn -0.186810 0.697942 0.691361
vn 0.007666 -0.775573 0.631211
vn 0.065367 -0.750355 0.657795
vn 0.024422 -0.819169 0.573032
vn 0.075248 -0.803190 0.590951
vn 0.065367 -0.750355 0.657795
vn 0.024422 -0.819169 0.573032
vn 0.065367 -0.750355 0.657795
vn 0.007666 -0.775573 0.631211
vn 0.179316 0.689995 0.701251
vn 0.186794 0.697948 0.691358
vn -0.065329 -0.750359 0.657795
vn 0.179316 0.689995 0.701251
vn -0.065329 -0.750359 0.657795
vn -0.007628 -0.775575 0.631210
vn -0.075206 -0.803194 0.590952
vn -0.024382 -0.819170 0.573033
vn -0.007628 -0.775575 0.631210
vn -0.075206 -0.803194 0.590952
vn -0.007628 -0.775575 0.631210
vn -0.065329 -0.750359 0.657795
vn 0.704320 0.180462 0.686561
vn 0.696458 0.172894 0.696458
vn -0.769689 -0.013576 0.638274
vn 0.704320 0.180462 0.686561
vn -0.769689 -0.013576 0.638274
vn -0.744226 -0.071519 0.664088
vn -0.813822 -0.029797 0.580350
vn -0.797677 -0.080784 0.597650
vn -0.744226 -0.071519 0.664088
vn -0.813822 -0.029797 0.580350
vn -0.744226 -0.071519 0.664088
vn -0.769689 -0.013576 0.638274
vn 0.696465 -0.185738 0.693136
vn 0.704327 -0.193124 0.683101
vn -0.744227 0.059172 0.665300
vn 0.696465 -0.185738 0.693136
vn -0.744227 0.059172 0.665300
vn -0.769690 0.001716 0.638416
vn -0.797681 0.069664 0.599042
vn -0.813823 0.019004 0.580802
vn -0.769690 0.001716 0.638416
vn -0.797681 0.069664 0.599042
vn -0.769690 0.001716 0.638416
vn -0.744227 0.059172 0.665300
vn 0.186820 -0.710630 0.678310
vn 0.179344 -0.702861 0.688348
vn -0.007658 0.763748 0.645469
vn 0.186820 -0.710630 0.678310
vn -0.007658 0.763748 0.645469
vn -0.065359 0.738041 0.671583
vn -0.024414 0.808413 0.588109
vn -0.075239 0.792105 0.605730
vn -0.065359 0.738041 0.671583
vn -0.024414 0.808413 0.588109
vn -0.065359 0.738041 0.671583
vn -0.007658 0.763748 0.645469
vn -0.179308 -0.702867 0.688351
vn -0.186784 -0.710636 0.678312
vn 0.065337 0.738045 0.671581
vn -0.179308 -0.702867 0.688351
vn 0.065337 0.738045 0.671581
vn 0.007635 0.763749 0.645469
vn 0.075214 0.792109 0.605728
vn 0.024390 0.808414 0.588109
vn 0.007635 0.763749 0.645469
vn 0.075214 0.792109 0.605728
vn 0.007635 0.763749 0.645469
vn 0.065337 0.738045 0.671581
vn 0.210110 -0.811253 0.545639
vn -0.425696 -0.433094 0.794489
vn 0.585908 0.580718 0.565224
vn 0.210110 -0.811253 0.545639
vn 0.585908 0.580718 0.565224
vn 0.443689 0.639830 0.627501
vn 0.558622 0.656404 0.507025
vn 0.429858 0.698500 0.572119
vn 0.443689 0.639830 0.627501
vn 0.558622 0.656404 0.507025
vn 0.443689 0.639830 0.627501
vn 0.567279 0.608699 0.554689
vn -0.425696 -0.433094 0.794489
vn -0.806170 0.204939 0.555059
vn 0.645601 0.437933 0.625631
vn -0.425696 -0.433094 0.794489
vn 0.645601 0.437933 0.625631
vn 0.585908 0.580718 0.565224
vn 0.703756 0.424622 0.569582
vn 0.661053 0.553981 0.506077
vn 0.613789 0.562192 0.554259
vn 0.703756 0.424622 0.569582
vn 0.613789 0.562192 0.554259
vn 0.645601 0.437933 0.625631
vn 0.425724 -0.433077 0.794483
vn -0.210068 -0.811262 0.545642
vn -0.443706 0.639810 0.627510
vn 0.425724 -0.433077 0.794483
vn -0.443706 0.639810 0.627510
vn -0.585924 0.580693 0.565233
vn -0.429877 0.698483 0.572126
vn -0.558644 0.656381 0.507032
vn -0.567298 0.608674 0.554698
vn -0.429877 0.698483 0.572126
vn -0.567298 0.608674 0.554698
vn -0.443706 0.639810 0.627510
vn 0.806168 0.204973 0.555048
vn 0.425724 -0.433077 0.794483
vn -0.585924 0.580693 0.565233
vn 0.806168 0.204973 0.555048
vn -0.585924 0.580693 0.565233
vn -0.645609 0.437908 0.625641
vn -0.661068 0.553956 0.506085
vn -0.703766 0.424593 0.569591
vn -0.645609 0.437908 0.625641
vn -0.661068 0.553956 0.506085
vn -0.645609 0.437908 0.625641
vn -0.613804 0.562167 0.554268
vn -0.806161 -0.215220 0.551167
vn -0.425712 0.418287 0.802375
vn 0.585932 -0.591065 0.554370
vn -0.806161 -0.215220 0.551167
vn 0.585932 -0.591065 0.554370
vn 0.645619 -0.449422 0.617411
vn 0.661076 -0.563235 0.495727
vn 0.703774 -0.435071 0.561618
vn 0.645619 -0.449422 0.617411
vn 0.661076 -0.563235 0.495727
vn 0.645619 -0.449422 0.617411
vn 0.613813 -0.572337 0.543750
vn -0.425712 0.418287 0.802375
vn 0.210077 0.801015 0.560574
vn 0.443714 -0.651327 0.615542
vn -0.425712 0.418287 0.802375
vn 0.443714 -0.651327 0.615542
vn 0.585932 -0.591065 0.554370
vn 0.429883 -0.708962 0.559083
vn 0.558650 -0.665661 0.494779
vn 0.567305 -0.618845 0.543318
vn 0.429883 -0.708962 0.559083
vn 0.567305 -0.618845 0.543318
vn 0.443714 -0.651327 0.615542
vn -0.210103 0.801006 0.560577
vn 0.425704 0.418303 0.802371
vn -0.585901 -0.591089 0.554376
vn -0.210103 0.801006 0.560577
vn -0.585901 -0.591089 0.554376
vn -0.443679 -0.651345 0.615547
vn -0.558617 -0.665683 0.494786
vn -0.429848 -0.708979 0.559088
vn -0.443679 -0.651345 0.615547
vn -0.558617 -0.665683 0.494786
vn -0.443679 -0.651345 0.615547
vn -0.567273 -0.618869 0.543325
vn 0.425704 0.418303 0.802371
vn 0.806176 -0.215187 0.551158
vn -0.645592 -0.449448 0.617420
vn 0.425704 0.418303 0.802371
vn -0.645592 -0.449448 0.617420
vn -0.585901 -0.591089 0.554376
vn -0.703749 -0.435102 0.561626
vn -0.661045 -0.563263 0.495735
vn -0.613783 -0.572363 0.543756
vn -0.703749 -0.435102 0.561626
vn -0.613783 -0.572363 0.543756
vn -0.645592 -0.449448 0.617420
vn -0.023195 -0.758918 0.650773
vn 0.096088 -0.789677 0.605951
vn 0.284505 0.678694 0.677076
vn -0.023195 -0.758918 0.650773
vn 0.284505 0.678694 0.677076
vn 0.163055 0.709122 0.685973
vn 0.280369 0.739889 0.611520
vn 0.158489 0.769899 0.618172
vn 0.163055 0.709122 0.685973
vn 0.280369 0.739889 0.611520
vn 0.163055 0.709122 0.685973
vn 0.284505 0.678694 0.677076
vn -0.784030 0.090364 0.614110
vn -0.752852 -0.029321 0.657536
vn 0.715444 0.156779 0.680853
vn -0.784030 0.090364 0.614110
vn 0.715444 0.156779 0.680853
vn 0.684930 0.278302 0.673364
vn 0.775590 0.152850 0.612452
vn 0.745514 0.274782 0.607210
vn 0.684930 0.278302 0.673364
vn 0.775590 0.152850 0.612452
vn 0.684930 0.278302 0.673364
vn 0.715444 0.156779 0.680853
vn -0.096047 -0.789681 0.605953
vn 0.023232 -0.758917 0.650773
vn -0.163076 0.709114 0.685976
vn -0.096047 -0.789681 0.605953
vn -0.163076 0.709114 0.685976
vn -0.284522 0.678681 0.677082
vn -0.158513 0.769892 0.618175
vn -0.280388 0.739878 0.611525
vn -0.284522 0.678681 0.677082
vn -0.158513 0.769892 0.618175
vn -0.284522 0.678681 0.677082
vn -0.163076 0.709114 0.685976
vn 0.752861 -0.029292 0.657527
vn 0.784034 0.090397 0.614100
vn -0.684931 0.278273 0.673375
vn 0.752861 -0.029292 0.657527
vn -0.684931 0.278273 0.673375
vn -0.715439 0.156750 0.680864
vn -0.745517 0.274749 0.607220
vn -0.775587 0.152820 0.612463
vn -0.715439 0.156750 0.680864
vn -0.745517 0.274749 0.607220
vn -0.715439 0.156750 0.680864
vn -0.684931 0.278273 0.673375
vn -0.752853 0.017106 0.657966
vn -0.784027 -0.101757 0.612330
vn 0.684941 -0.290699 0.668094
vn -0.752853 0.017106 0.657966
vn 0.684941 -0.290699 0.668094
vn 0.715450 -0.169335 0.677833
vn 0.745526 -0.285951 0.602016
vn 0.775596 -0.164138 0.609516
vn 0.715450 -0.169335 0.677833
vn 0.745526 -0.285951 0.602016
vn 0.715450 -0.169335 0.677833
vn 0.684941 -0.290699 0.668094
vn 0.096054 0.778320 0.620477
vn -0.023225 0.746730 0.664721
vn 0.163084 -0.721701 0.672719
vn 0.096054 0.778320 0.620477
vn 0.163084 -0.721701 0.672719
vn 0.284529 -0.691110 0.664387
vn 0.158522 -0.781211 0.603805
vn 0.280395 -0.751079 0.597711
vn 0.284529 -0.691110 0.664387
vn 0.158522 -0.781211 0.603805
vn 0.284529 -0.691110 0.664387
vn 0.163084 -0.721701 0.672719
vn 0.023205 0.746731 0.664721
vn -0.096079 0.778317 0.620477
vn -0.284493 -0.691122 0.664391
vn 0.023205 0.746731 0.664721
vn -0.284493 -0.691122 0.664391
vn -0.163046 -0.721708 0.672721
vn -0.280357 -0.751091 0.597714
vn -0.158482 -0.781218 0.603806
vn -0.163046 -0.721708 0.672721
vn -0.280357 -0.751091 0.597714
vn -0.163046 -0.721708 0.672721
vn -0.284493 -0.691122 0.664391
vn 0.784038 -0.101727 0.612320
vn 0.752860 0.017136 0.657958
vn -0.715434 -0.169364 0.677842
vn 0.784038 -0.101727 0.612320
vn -0.715434 -0.169364 0.677842
vn -0.684920 -0.290726 0.668104
vn -0.775581 -0.164169 0.609527
vn -0.745507 -0.285979 0.602026
vn -0.684920 -0.290726 0.668104
vn -0.775581 -0.164169 0.609527
vn -0.684920 -0.290726 0.668104
vn -0.715434 -0.169364 0.677842
vn -0.724849 -0.033282 0.688103
vn -0.724850 0.020499 0.688601
vn 0.785176 -0.004807 0.619254
vn -0.724849 -0.033282 0.688103
vn 0.785176 -0.004807 0.619254
vn 0.785177 -0.006634 0.619236
vn 0.823360 -0.008911 0.567450
vn 0.823359 -0.001569 0.567518
vn 0.785177 -0.006634 0.619236
vn 0.823360 -0.008911 0.567450
vn 0.785177 -0.006634 0.619236
vn 0.785176 -0.004807 0.619254
vn -0.026904 0.718446 0.695062
vn 0.026881 0.718447 0.695062
vn 0.000932 -0.790875 0.611977
vn -0.026904 0.718446 0.695062
vn 0.000932 -0.790875 0.611977
vn -0.000895 -0.790874 0.611978
vn -0.003652 -0.828577 0.559863
vn 0.003691 -0.828578 0.559862
vn -0.000895 -0.790874 0.611978
vn -0.003652 -0.828577 0.559863
vn -0.000895 -0.790874 0.611978
vn 0.000932 -0.790875 0.611977
vn 0.724858 0.020530 0.688592
vn 0.724859 -0.033253 0.688094
vn -0.785168 -0.006666 0.619247
vn 0.724858 0.020530 0.688592
vn -0.785168 -0.006666 0.619247
vn -0.785167 -0.004838 0.619265
vn -0.823352 -0.001603 0.567529
vn -0.823352 -0.008945 0.567461
vn -0.785167 -0.004838 0.619265
vn -0.823352 -0.001603 0.567529
vn -0.785167 -0.004838 0.619265
vn -0.785168 -0.006666 0.619247
vn 0.026913 -0.731200 0.681633
vn -0.026876 -0.731200 0.681633
vn -0.000926 0.779402 0.626523
vn 0.026913 -0.731200 0.681633
vn -0.000926 0.779402 0.626523
vn 0.000902 0.779402 0.626523
vn 0.003659 0.818064 0.575115
vn -0.003684 0.818064 0.575115
vn 0.000902 0.779402 0.626523
vn 0.003659 0.818064 0.575115
vn 0.000902 0.779402 0.626523
vn -0.000926 0.779402 0.626523
vn -0.000001 0.374109 0.927385
vn 0.000014 -0.391225 0.920295
vn 1.000000 0.000020 -0.000007
vn -0.000001 0.374109 0.927385
vn 1.000000 0.000020 -0.000007
vn 1.000000 0.000020 -0.000007
vn -0.000002 -0.243751 -0.969838
vn -0.000012 0.261676 -0.965156
vn 1.000000 0.000020 -0.000007
vn -0.000002 -0.243751 -0.969838
vn 1.000000 0.000020 -0.000007
vn 1.000000 0.000020 -0.000007
vn 0.000016 -0.920295 -0.391225
vn -0.000002 -0.243751 -0.969838
vn 1.000000 0.000020 -0.000007
vn 0.000016 -0.920295 -0.391225
vn 1.000000 0.000020 -0.000007
vn 1.000000 0.000020 -0.000007
vn 0.000014 -0.391225 0.920295
vn 0.000022 -0.927385 0.374109
vn 1.000000 0.000020 -0.000007
vn 0.000014 -0.391225 0.920295
vn 1.000000 0.000020 -0.000007
vn 1.000000 0.000020 -0.000007
vn -0.000016 0.920295 0.391225
vn -0.000001 0.374109 0.927385
vn 1.000000 0.000020 -0.000007
vn -0.000016 0.920295 0.391225
vn 1.000000 0.000020 -0.000007
vn 1.000000 0.000020 -0.000007
vn -0.000012 0.261676 -0.965156
vn -0.000022 0.927385 -0.374109
vn 1.000000 0.000020 -0.000007
vn -0.000012 0.261676 -0.965156
vn 1.000000 0.000020 -0.000007
vn 1.000000 0.000020 -0.000007
vn 0.000022 -0.927385 0.374109
vn 0.000016 -0.920295 -0.391225
vn 1.000000 0.000020 -0.000007
vn 0.000022 -0.927385 0.374109
vn 1.000000 0.000020 -0.000007
vn 1.000000 0.000020 -0.000007
vn -0.000022 0.927385 -0.374109
vn -0.000016 0.920295 0.391225
vn 1.000000 0.000020 -0.000007
vn -0.000022 0.927385 -0.374109
vn 1.000000 0.000020 -0.000007
vn 1.000000 0.000020 -0.000007
vn -0.969306 -0.211879 -0.124714
vn -0.966994 -0.213533 0.139016
vn -0.979043 -0.001906 0.203646
vn -0.969306 -0.211879 -0.124714
vn -0.979043 -0.001906 0.203646
vn -0.999987 -0.000066 0.005151
vn -0.969314 0.214114 -0.120767
vn -0.969306 -0.211879 -0.124714
vn -0.999987 -0.000066 0.005151
vn -0.969314 0.214114 -0.120767
vn -0.999987 -0.000066 0.005151
vn -0.999987 -0.000069 0.005150
vn -0.967003 0.210881 0.142948
vn -0.969314 0.214114 -0.120767
vn -0.999987 -0.000069 0.005150
vn -0.967003 0.210881 0.142948
vn -0.999987 -0.000069 0.005150
vn -0.930448 0.312979 0.190556
vn -0.966994 -0.213533 0.139016
vn -0.967003 0.210881 0.142948
vn -0.930448 0.312979 0.190556
vn -0.966994 -0.213533 0.139016
vn -0.930448 0.312979 0.190556
vn -0.979043 -0.001906 0.203646
vn 0.969303 0.214154 -0.120784
vn 0.966996 0.210922 0.142936
vn 0.979046 -0.001867 0.203632
vn 0.969303 0.214154 -0.120784
vn 0.979046 -0.001867 0.203632
vn 0.999987 -0.000027 0.005129
vn 0.969312 -0.211840 -0.124731
vn 0.969303 0.214154 -0.120784
vn 0.999987 -0.000027 0.005129
vn 0.969312 -0.211840 -0.124731
vn 0.999987 -0.000027 0.005129
vn 0.999987 -0.000027 0.005129
vn 0.967005 -0.213494 0.139005
vn 0.969312 -0.211840 -0.124731
vn 0.999987 -0.000027 0.005129
vn 0.967005 -0.213494 0.139005
vn 0.999987 -0.000027 0.005129
vn 0.979046 -0.001867 0.203632
vn 0.966996 0.210922 0.142936
vn 0.967005 -0.213494 0.139005
vn 0.979046 -0.001867 0.203632
vn 0.966996 0.210922 0.142936
vn 0.979046 -0.001867 0.203632
vn 0.979046 -0.001867 0.203632
vn 0.117866 0.992914 0.015116
vn 0.117866 0.992914 0.015116
vn 0.117866 0.992914 0.015116
vn 0.117866 0.992914 0.015116
vn 0.117866 0.992914 0.015116
vn 0.117866 0.992914 0.015116
vn -0.843666 0.004956 -0.536845
vn -0.843666 0.004956 -0.536845
vn -0.843666 0.004956 -0.536845
vn -0.843666 0.004956 -0.536845
vn -0.843666 0.004956 -0.536845
vn -0.843666 0.004956 -0.536845
vn 0.117904 -0.993020 -0.003281
vn 0.117904 -0.993020 -0.003281
vn 0.117904 -0.993020 -0.003281
vn 0.117904 -0.993020 -0.003281
vn 0.117904 -0.993020 -0.003281
vn 0.117904 -0.993020 -0.003281
vn 0.979046 -0.001867 0.203632
vn 0.979046 -0.001867 0.203632
vn 0.952531 -0.002803 0.304428
vn 0.979046 -0.001867 0.203632
vn 0.952531 -0.002803 0.304428
vn 0.952531 -0.002803 0.304428
vn -0.117861 -0.993025 -0.003279
vn -0.117861 -0.993025 -0.003279
vn -0.117861 -0.993025 -0.003279
vn -0.117861 -0.993025 -0.003279
vn -0.117861 -0.993025 -0.003279
vn -0.117861 -0.993025 -0.003279
vn 0.843654 0.004989 -0.536864
vn 0.843654 0.004989 -0.536864
vn 0.843654 0.004989 -0.536864
vn 0.843654 0.004989 -0.536864
vn 0.843654 0.004989 -0.536864
vn 0.843654 0.004989 -0.536864
vn -0.930448 0.312979 0.190556
vn -0.117910 0.992909 0.015117
vn -0.117910 0.992909 0.015117
vn -0.930448 0.312979 0.190556
vn -0.117910 0.992909 0.015117
vn -0.859027 0.438279 0.264545
vn -0.979043 -0.001906 0.203646
vn -0.930448 0.312979 0.190556
vn -0.859027 0.438279 0.264545
vn -0.979043 -0.001906 0.203646
vn -0.859027 0.438279 0.264545
vn -0.952525 -0.002841 0.304446
f 307/1/1 308/2/2 309/3/3
f 307/4/4 309/5/5 310/6/6
f 4/7/7 1/8/8 18/9/9
f 4/10/10 18/11/11 19/12/12
f 311/13/13 4/14/14 14/15/15
f 6/16/16 7/17/17 23/18/18
f 6/19/19 23/20/20 24/21/21
f 3/22/22 51/23/23 8/24/24
f 49/25/25 47/26/26 48/27/27
f 49/28/28 48/29/29 50/30/30
f 14/31/31 13/32/32 312/33/33
f 14/34/34 312/35/35 313/36/36
f 7/37/37 6/38/38 314/39/39
f 7/40/40 314/41/41 315/42/42
f 12/43/43 11/44/44 316/45/45
f 12/46/46 316/47/47 317/48/48
f 1/49/49 4/50/50 318/51/51
f 1/52/52 318/53/53 319/54/54
f 14/55/55 4/56/56 19/57/57
f 14/58/58 19/59/59 20/60/60
f 1/61/61 11/62/62 10/63/63
f 1/64/64 10/65/65 17/66/66
f 1/67/67 17/68/68 18/69/69
f 7/70/70 320/71/71 13/72/72
f 1/73/73 321/74/74 11/75/75
f 322/76/76 6/77/77 12/78/78
f 9/79/79 12/80/80 6/81/81
f 9/82/82 6/83/83 24/84/84
f 9/85/85 24/86/86 22/87/87
f 7/88/88 13/89/89 21/90/90
f 7/91/91 21/92/92 23/93/93
f 806/94/94 810/95/95 809/96/96
f 806/97/97 809/98/98 803/99/99
f 806/100/100 803/101/101 804/102/102
f 806/103/103 804/104/104 808/105/105
f 806/106/106 808/107/107 807/108/108
f 806/109/109 807/110/110 805/111/111
f 10/112/112 9/113/113 22/114/114
f 10/115/115 22/116/116 17/117/117
f 10/118/118 11/119/119 26/120/120
f 10/121/121 26/122/122 25/123/123
f 9/124/124 10/125/125 25/126/126
f 9/127/127 25/128/128 27/129/129
f 12/130/130 9/131/131 27/132/132
f 12/133/133 27/134/134 28/135/135
f 11/136/136 12/137/137 28/138/138
f 11/139/139 28/140/140 26/141/141
f 2/142/142 52/143/143 38/144/144
f 53/145/145 15/146/146 37/147/147
f 16/148/148 54/149/149 5/150/150
f 609/151/151 607/152/152 608/153/153
f 609/154/154 608/155/155 610/156/156
f 633/157/157 631/158/158 632/159/159
f 633/160/160 632/161/161 634/162/162
f 821/163/163 819/164/164 820/165/165
f 821/166/166 820/167/167 822/168/168
f 34/169/169 33/170/170 38/171/171
f 34/172/172 38/173/173 3/174/174
f 825/175/175 823/176/176 824/177/177
f 825/178/178 824/179/179 826/180/180
f 605/181/181 603/182/182 604/183/183
f 605/184/184 604/185/185 606/186/186
f 601/187/187 599/188/188 600/189/189
f 601/190/190 600/191/191 602/192/192
f 597/193/193 595/194/194 596/195/195
f 597/196/196 596/197/197 598/198/198
f 16/199/199 15/200/200 55/201/201
f 16/202/202 55/203/203 56/204/204
f 37/205/205 8/206/206 57/207/207
f 37/208/208 57/209/209 58/210/210
f 3/211/211 38/212/212 59/213/213
f 3/214/214 59/215/215 60/216/216
f 2/217/217 5/218/218 61/219/219
f 2/220/220 61/221/221 62/222/222
f 30/223/223 31/224/224 32/225/225
f 30/226/226 32/227/227 33/228/228
f 30/229/229 33/230/230 34/231/231
f 30/232/232 34/233/233 35/234/234
f 30/235/235 35/236/236 36/237/237
f 30/238/238 36/239/239 29/240/240
f 63/241/241 64/242/242 65/243/243
f 63/244/244 65/245/245 66/246/246
f 14/247/247 20/248/248 40/249/249
f 14/250/250 40/251/251 39/252/252
f 13/253/253 14/254/254 39/255/255
f 13/256/256 39/257/257 41/258/258
f 21/259/259 13/260/260 41/261/261
f 21/262/262 41/263/263 42/264/264
f 20/265/265 21/266/266 42/267/267
f 20/268/268 42/269/269 40/270/270
f 690/271/271 687/272/272 688/273/273
f 690/274/274 688/275/275 689/276/276
f 41/277/277 39/278/278 43/279/279
f 41/280/280 43/281/281 45/282/282
f 42/283/283 41/284/284 45/285/285
f 42/286/286 45/287/287 46/288/288
f 40/289/289 42/290/290 46/291/291
f 40/292/292 46/293/293 44/294/294
f 43/295/295 44/296/296 48/297/297
f 43/298/298 48/299/299 47/300/300
f 45/301/301 43/302/302 47/303/303
f 45/304/304 47/305/305 49/306/306
f 46/307/307 45/308/308 49/309/309
f 46/310/310 49/311/311 50/312/312
f 44/313/313 46/314/314 50/315/315
f 44/316/316 50/317/317 48/318/318
f 67/319/319 8/320/320 68/321/321
f 3/322/322 69/323/323 70/324/324
f 71/325/325 38/326/326 72/327/327
f 2/328/328 73/329/329 74/330/330
f 37/331/331 75/332/332 76/333/333
f 77/334/334 15/335/335 78/336/336
f 79/337/337 5/338/338 80/339/339
f 16/340/340 81/341/341 82/342/342
f 83/343/343 84/344/344 85/345/345
f 83/346/346 85/347/347 86/348/348
f 87/349/349 88/350/350 89/351/351
f 87/352/352 89/353/353 90/354/354
f 91/355/355 92/356/356 93/357/357
f 91/358/358 93/359/359 94/360/360
f 95/361/361 96/362/362 97/363/363
f 95/364/364 97/365/365 98/366/366
f 99/367/367 100/368/368 101/369/369
f 99/370/370 101/371/371 102/372/372
f 103/373/373 104/374/374 105/375/375
f 103/376/376 105/377/377 106/378/378
f 107/379/379 108/380/380 109/381/381
f 107/382/382 109/383/383 110/384/384
f 111/385/385 112/386/386 113/387/387
f 111/388/388 113/389/389 114/390/390
f 115/391/391 8/392/392 116/393/393
f 3/394/394 117/395/395 118/396/396
f 119/397/397 38/398/398 120/399/399
f 2/400/400 121/401/401 122/402/402
f 37/403/403 123/404/404 124/405/405
f 125/406/406 15/407/407 126/408/408
f 127/409/409 5/410/410 128/411/411
f 16/412/412 129/413/413 130/414/414
f 131/415/415 132/416/416 680/417/417
f 131/418/418 680/419/419 681/420/420
f 135/421/421 16/422/422 136/423/423
f 15/424/424 137/425/425 138/426/426
f 139/427/427 140/428/428 676/429/429
f 139/430/430 676/431/431 677/432/432
f 143/433/433 37/434/434 144/435/435
f 8/436/436 145/437/437 146/438/438
f 147/439/439 148/440/440 672/441/441
f 147/442/442 672/443/443 673/444/444
f 151/445/445 3/446/446 152/447/447
f 38/448/448 153/449/449 154/450/450
f 155/451/451 156/452/452 668/453/453
f 155/454/454 668/455/455 669/456/456
f 159/457/457 2/458/458 160/459/459
f 5/460/460 161/461/461 162/462/462
f 163/463/463 164/464/464 165/465/465
f 163/466/466 165/467/467 166/468/468
f 167/469/469 168/470/470 169/471/471
f 167/472/472 169/473/473 170/474/474
f 171/475/475 172/476/476 173/477/477
f 171/478/478 173/479/479 174/480/480
f 175/481/481 176/482/482 177/483/483
f 175/484/484 177/485/485 178/486/486
f 179/487/487 180/488/488 664/489/489
f 179/490/490 664/491/491 665/492/492
f 183/493/493 184/494/494 660/495/495
f 183/496/496 660/497/497 661/498/498
f 187/499/499 188/500/500 656/501/501
f 187/502/502 656/503/503 657/504/504
f 191/505/505 192/506/506 652/507/507
f 191/508/508 652/509/509 653/510/510
f 195/511/511 196/512/512 648/513/513
f 195/514/514 648/515/515 649/516/516
f 199/517/517 200/518/518 644/519/519
f 199/520/520 644/521/521 645/522/522
f 203/523/523 204/524/524 640/525/525
f 203/526/526 640/527/527 641/528/528
f 207/529/529 208/530/530 636/531/531
f 207/532/532 636/533/533 637/534/534
f 211/535/535 212/536/536 213/537/537
f 211/538/538 213/539/539 214/540/540
f 215/541/541 216/542/542 217/543/543
f 215/544/544 217/545/545 218/546/546
f 219/547/547 220/548/548 221/549/549
f 219/550/550 221/551/551 222/552/552
f 223/553/553 224/554/554 225/555/555
f 223/556/556 225/557/557 226/558/558
f 227/559/559 228/560/560 229/561/561
f 227/562/562 229/563/563 230/564/564
f 231/565/565 232/566/566 233/567/567
f 231/568/568 233/569/569 234/570/570
f 235/571/571 236/572/572 237/573/573
f 235/574/574 237/575/575 238/576/576
f 239/577/577 240/578/578 241/579/579
f 239/580/580 241/581/581 242/582/582
f 666/583/583 686/584/584 659/585/585
f 666/586/586 659/587/587 246/588/588
f 658/589/589 685/590/590 651/591/591
f 658/592/592 651/593/593 250/594/594
f 646/595/595 684/596/596 647/597/597
f 646/598/598 647/599/599 254/600/600
f 642/601/601 683/602/602 635/603/603
f 642/604/604 635/605/605 258/606/606
f 259/607/607 682/608/608 643/609/609
f 259/610/610 643/611/611 262/612/612
f 638/613/613 679/614/614 265/615/615
f 638/616/616 265/617/617 266/618/618
f 267/619/619 678/620/620 663/621/621
f 267/622/622 663/623/623 270/624/624
f 650/625/625 675/626/626 273/627/627
f 650/628/628 273/629/629 274/630/630
f 275/631/631 674/632/632 655/633/633
f 275/634/634 655/635/635 278/636/636
f 662/637/637 671/638/638 281/639/639
f 662/640/640 281/641/641 282/642/642
f 283/643/643 670/644/644 639/645/645
f 283/646/646 639/647/647 286/648/648
f 654/649/649 667/650/650 289/651/651
f 654/652/652 289/653/653 290/654/654
f 291/655/655 292/656/656 293/657/657
f 291/658/658 293/659/659 294/660/660
f 295/661/661 296/662/662 297/663/663
f 295/664/664 297/665/665 298/666/666
f 299/667/667 300/668/668 301/669/669
f 299/670/670 301/671/671 302/672/672
f 303/673/673 304/674/674 305/675/675
f 303/676/676 305/677/677 306/678/678
f 116/679/679 8/680/680 51/681/681
f 3/682/682 118/683/683 51/684/684
f 120/685/685 38/686/686 52/687/687
f 2/688/688 122/689/689 52/690/690
f 37/691/691 124/692/692 53/693/693
f 126/694/694 15/695/695 53/696/696
f 128/697/697 5/698/698 54/699/699
f 16/700/700 130/701/701 54/702/702
f 779/703/703 784/704/704 785/705/705
f 779/706/706 785/707/707 782/708/708
f 136/709/709 16/710/710 56/711/711
f 15/712/712 138/713/713 55/714/714
f 771/715/715 776/716/716 777/717/717
f 771/718/718 777/719/719 774/720/720
f 144/721/721 37/722/722 58/723/723
f 8/724/724 146/725/725 57/726/726
f 763/727/727 768/728/728 769/729/729
f 763/730/730 769/731/731 766/732/732
f 152/733/733 3/734/734 60/735/735
f 38/736/736 154/737/737 59/738/738
f 755/739/739 760/740/740 761/741/741
f 755/742/742 761/743/743 758/744/744
f 160/745/745 2/746/746 62/747/747
f 5/748/748 162/749/749 61/750/750
f 166/751/751 165/752/752 66/753/753
f 166/754/754 66/755/755 65/756/756
f 170/757/757 169/758/758 63/759/759
f 170/760/760 63/761/761 66/762/762
f 174/763/763 173/764/764 64/765/765
f 174/766/766 64/767/767 63/768/768
f 178/769/769 177/770/770 65/771/771
f 178/772/772 65/773/773 64/774/774
f 8/775/775 115/776/776 68/777/777
f 751/778/778 748/779/779 749/780/780
f 751/781/781 749/782/782 754/783/783
f 145/784/784 8/785/785 67/786/786
f 739/787/787 744/788/788 745/789/789
f 739/790/790 745/791/791 742/792/792
f 117/793/793 3/794/794 70/795/795
f 3/796/796 151/797/797 69/798/798
f 38/799/799 119/800/800 72/801/801
f 735/802/802 732/803/803 733/804/804
f 735/805/805 733/806/806 738/807/807
f 153/808/808 38/809/809 71/810/810
f 723/811/811 728/812/812 729/813/813
f 723/814/814 729/815/815 726/816/816
f 121/817/817 2/818/818 74/819/819
f 2/820/820 159/821/821 73/822/822
f 715/823/823 720/824/824 721/825/825
f 715/826/826 721/827/827 718/828/828
f 123/829/829 37/830/830 76/831/831
f 37/832/832 143/833/833 75/834/834
f 15/835/835 125/836/836 78/837/837
f 711/838/838 708/839/839 709/840/840
f 711/841/841 709/842/842 714/843/843
f 137/844/844 15/845/845 77/846/846
f 5/847/847 127/848/848 80/849/849
f 703/850/850 700/851/851 701/852/852
f 703/853/853 701/854/854 706/855/855
f 161/856/856 5/857/857 79/858/858
f 691/859/859 696/860/860 697/861/861
f 691/862/862 697/863/863 694/864/864
f 129/865/865 16/866/866 82/867/867
f 16/868/868 135/869/869 81/870/870
f 132/871/871 131/872/872 86/873/873
f 132/874/874 86/875/875 85/876/876
f 214/877/877 213/878/878 83/879/879
f 214/880/880 83/881/881 86/882/882
f 164/883/883 163/884/884 84/885/885
f 164/886/886 84/887/887 83/888/888
f 218/889/889 217/890/890 85/891/891
f 218/892/892 85/893/893 84/894/894
f 140/895/895 139/896/896 90/897/897
f 140/898/898 90/899/899 89/900/900
f 222/901/901 221/902/902 87/903/903
f 222/904/904 87/905/905 90/906/906
f 168/907/907 167/908/908 88/909/909
f 168/910/910 88/911/911 87/912/912
f 226/913/913 225/914/914 89/915/915
f 226/916/916 89/917/917 88/918/918
f 148/919/919 147/920/920 94/921/921
f 148/922/922 94/923/923 93/924/924
f 230/925/925 229/926/926 91/927/927
f 230/928/928 91/929/929 94/930/930
f 172/931/931 171/932/932 92/933/933
f 172/934/934 92/935/935 91/936/936
f 234/937/937 233/938/938 93/939/939
f 234/940/940 93/941/941 92/942/942
f 156/943/943 155/944/944 98/945/945
f 156/946/946 98/947/947 97/948/948
f 238/949/949 237/950/950 95/951/951
f 238/952/952 95/953/953 98/954/954
f 176/955/955 175/956/956 96/957/957
f 176/958/958 96/959/959 95/960/960
f 242/961/961 241/962/962 97/963/963
f 242/964/964 97/965/965 96/966/966
f 240/967/967 239/968/968 102/969/969
f 240/970/970 102/971/971 101/972/972
f 228/973/973 227/974/974 99/975/975
f 228/976/976 99/977/977 102/978/978
f 188/979/979 187/980/980 100/981/981
f 188/982/982 100/983/983 99/984/984
f 192/985/985 191/986/986 101/987/987
f 192/988/988 101/989/989 100/990/990
f 216/991/991 215/992/992 106/993/993
f 216/994/994 106/995/995 105/996/996
f 236/997/997 235/998/998 103/999/999
f 236/1000/1000 103/1001/1001 106/1002/1002
f 204/1003/1003 203/1004/1004 104/1005/1005
f 204/1006/1006 104/1007/1007 103/1008/1008
f 208/1009/1009 207/1010/1010 105/1011/1011
f 208/1012/1012 105/1013/1013 104/1014/1014
f 224/1015/1015 223/1016/1016 110/1017/1017
f 224/1018/1018 110/1019/1019 109/1020/1020
f 212/1021/1021 211/1022/1022 107/1023/1023
f 212/1024/1024 107/1025/1025 110/1026/1026
f 200/1027/1027 199/1028/1028 108/1029/1029
f 200/1030/1030 108/1031/1031 107/1032/1032
f 196/1033/1033 195/1034/1034 109/1035/1035
f 196/1036/1036 109/1037/1037 108/1038/1038
f 232/1039/1039 231/1040/1040 114/1041/1041
f 232/1042/1042 114/1043/1043 113/1044/1044
f 220/1045/1045 219/1046/1046 111/1047/1047
f 220/1048/1048 111/1049/1049 114/1050/1050
f 180/1051/1051 179/1052/1052 112/1053/1053
f 180/1054/1054 112/1055/1055 111/1056/1056
f 184/1057/1057 183/1058/1058 113/1059/1059
f 184/1060/1060 113/1061/1061 112/1062/1062
f 802/1063/1063 752/1064/1064 753/1065/1065
f 802/1066/1066 753/1067/1067 798/1068/1068
f 743/1069/1069 802/1070/1070 796/1071/1071
f 743/1072/1072 796/1073/1073 746/1074/1074
f 801/1075/1075 736/1076/1076 737/1077/1077
f 801/1078/1078 737/1079/1079 795/1080/1080
f 727/1081/1081 801/1082/1082 793/1083/1083
f 727/1084/1084 793/1085/1085 730/1086/1086
f 719/1087/1087 800/1088/1088 792/1089/1089
f 719/1090/1090 792/1091/1091 722/1092/1092
f 800/1093/1093 712/1094/1094 713/1095/1095
f 800/1096/1096 713/1097/1097 791/1098/1098
f 799/1099/1099 704/1100/1100 705/1101/1101
f 799/1102/1102 705/1103/1103 789/1104/1104
f 695/1105/1105 799/1106/1106 787/1107/1107
f 695/1108/1108 787/1109/1109 698/1110/1110
f 682/1111/1111 259/1112/1112 131/1113/1113
f 682/1114/1114 131/1115/1115 681/1116/1116
f 265/1117/1117 679/1118/1118 680/1119/1119
f 265/1120/1120 680/1121/1121 132/1122/1122
f 783/1123/1123 692/1124/1124 693/1125/1125
f 783/1126/1126 693/1127/1127 786/1128/1128
f 707/1129/1129 780/1130/1130 781/1131/1131
f 707/1132/1132 781/1133/1133 710/1134/1134
f 678/1135/1135 267/1136/1136 139/1137/1137
f 678/1138/1138 139/1139/1139 677/1140/1140
f 273/1141/1141 675/1142/1142 676/1143/1143
f 273/1144/1144 676/1145/1145 140/1146/1146
f 775/1147/1147 716/1148/1148 717/1149/1149
f 775/1150/1150 717/1151/1151 778/1152/1152
f 747/1153/1153 772/1154/1154 773/1155/1155
f 747/1156/1156 773/1157/1157 750/1158/1158
f 674/1159/1159 275/1160/1160 147/1161/1161
f 674/1162/1162 147/1163/1163 673/1164/1164
f 281/1165/1165 671/1166/1166 672/1167/1167
f 281/1168/1168 672/1169/1169 148/1170/1170
f 767/1171/1171 740/1172/1172 741/1173/1173
f 767/1174/1174 741/1175/1175 770/1176/1176
f 731/1177/1177 764/1178/1178 765/1179/1179
f 731/1180/1180 765/1181/1181 734/1182/1182
f 670/1183/1183 283/1184/1184 155/1185/1185
f 670/1186/1186 155/1187/1187 669/1188/1188
f 289/1189/1189 667/1190/1190 668/1191/1191
f 289/1192/1192 668/1193/1193 156/1194/1194
f 759/1195/1195 724/1196/1196 725/1197/1197
f 759/1198/1198 725/1199/1199 762/1200/1200
f 699/1201/1201 756/1202/1202 757/1203/1203
f 699/1204/1204 757/1205/1205 702/1206/1206
f 300/1207/1207 299/1208/1208 163/1209/1209
f 300/1210/1210 163/1211/1211 166/1212/1212
f 305/1213/1213 304/1214/1214 165/1215/1215
f 305/1216/1216 165/1217/1217 164/1218/1218
f 304/1219/1219 303/1220/1220 167/1221/1221
f 304/1222/1222 167/1223/1223 170/1224/1224
f 293/1225/1225 292/1226/1226 169/1227/1227
f 293/1228/1228 169/1229/1229 168/1230/1230
f 292/1231/1231 291/1232/1232 171/1233/1233
f 292/1234/1234 171/1235/1235 174/1236/1236
f 297/1237/1237 296/1238/1238 173/1239/1239
f 297/1240/1240 173/1241/1241 172/1242/1242
f 296/1243/1243 295/1244/1244 175/1245/1245
f 296/1246/1246 175/1247/1247 178/1248/1248
f 301/1249/1249 300/1250/1250 177/1251/1251
f 301/1252/1252 177/1253/1253 176/1254/1254
f 666/1255/1255 246/1256/1256 179/1257/1257
f 666/1258/1258 179/1259/1259 665/1260/1260
f 270/1261/1261 663/1262/1262 664/1263/1263
f 270/1264/1264 664/1265/1265 180/1266/1266
f 662/1267/1267 282/1268/1268 183/1269/1269
f 662/1270/1270 183/1271/1271 661/1272/1272
f 246/1273/1273 659/1274/1274 660/1275/1275
f 246/1276/1276 660/1277/1277 184/1278/1278
f 658/1279/1279 250/1280/1280 187/1281/1281
f 658/1282/1282 187/1283/1283 657/1284/1284
f 278/1285/1285 655/1286/1286 656/1287/1287
f 278/1288/1288 656/1289/1289 188/1290/1290
f 654/1291/1291 290/1292/1292 191/1293/1293
f 654/1294/1294 191/1295/1295 653/1296/1296
f 250/1297/1297 651/1298/1298 652/1299/1299
f 250/1300/1300 652/1301/1301 192/1302/1302
f 650/1303/1303 274/1304/1304 195/1305/1305
f 650/1306/1306 195/1307/1307 649/1308/1308
f 254/1309/1309 647/1310/1310 648/1311/1311
f 254/1312/1312 648/1313/1313 196/1314/1314
f 646/1315/1315 254/1316/1316 199/1317/1317
f 646/1318/1318 199/1319/1319 645/1320/1320
f 262/1321/1321 643/1322/1322 644/1323/1323
f 262/1324/1324 644/1325/1325 200/1326/1326
f 642/1327/1327 258/1328/1328 203/1329/1329
f 642/1330/1330 203/1331/1331 641/1332/1332
f 286/1333/1333 639/1334/1334 640/1335/1335
f 286/1336/1336 640/1337/1337 204/1338/1338
f 638/1339/1339 266/1340/1340 207/1341/1341
f 638/1342/1342 207/1343/1343 637/1344/1344
f 258/1345/1345 635/1346/1346 636/1347/1347
f 258/1348/1348 636/1349/1349 208/1350/1350
f 259/1351/1351 262/1352/1352 211/1353/1353
f 259/1354/1354 211/1355/1355 214/1356/1356
f 306/1357/1357 305/1358/1358 213/1359/1359
f 306/1360/1360 213/1361/1361 212/1362/1362
f 299/1363/1363 302/1364/1364 215/1365/1365
f 299/1366/1366 215/1367/1367 218/1368/1368
f 266/1369/1369 265/1370/1370 217/1371/1371
f 266/1372/1372 217/1373/1373 216/1374/1374
f 267/1375/1375 270/1376/1376 219/1377/1377
f 267/1378/1378 219/1379/1379 222/1380/1380
f 294/1381/1381 293/1382/1382 221/1383/1383
f 294/1384/1384 221/1385/1385 220/1386/1386
f 303/1387/1387 306/1388/1388 223/1389/1389
f 303/1390/1390 223/1391/1391 226/1392/1392
f 274/1393/1393 273/1394/1394 225/1395/1395
f 274/1396/1396 225/1397/1397 224/1398/1398
f 275/1399/1399 278/1400/1400 227/1401/1401
f 275/1402/1402 227/1403/1403 230/1404/1404
f 298/1405/1405 297/1406/1406 229/1407/1407
f 298/1408/1408 229/1409/1409 228/1410/1410
f 291/1411/1411 294/1412/1412 231/1413/1413
f 291/1414/1414 231/1415/1415 234/1416/1416
f 282/1417/1417 281/1418/1418 233/1419/1419
f 282/1420/1420 233/1421/1421 232/1422/1422
f 283/1423/1423 286/1424/1424 235/1425/1425
f 283/1426/1426 235/1427/1427 238/1428/1428
f 302/1429/1429 301/1430/1430 237/1431/1431
f 302/1432/1432 237/1433/1433 236/1434/1434
f 295/1435/1435 298/1436/1436 239/1437/1437
f 295/1438/1438 239/1439/1439 242/1440/1440
f 290/1441/1441 289/1442/1442 241/1443/1443
f 290/1444/1444 241/1445/1445 240/1446/1446
f 798/1447/1447 797/1448/1448 796/1449/1449
f 798/1450/1450 796/1451/1451 802/1452/1452
f 795/1453/1453 794/1454/1454 793/1455/1455
f 795/1456/1456 793/1457/1457 801/1458/1458
f 791/1459/1459 790/1460/1460 792/1461/1461
f 791/1462/1462 792/1463/1463 800/1464/1464
f 789/1465/1465 788/1466/1466 787/1467/1467
f 789/1468/1468 787/1469/1469 799/1470/1470
f 779/1471/1471 782/1472/1472 781/1473/1473
f 779/1474/1474 781/1475/1475 780/1476/1476
f 786/1477/1477 785/1478/1478 784/1479/1479
f 786/1480/1480 784/1481/1481 783/1482/1482
f 771/1483/1483 774/1484/1484 773/1485/1485
f 771/1486/1486 773/1487/1487 772/1488/1488
f 778/1489/1489 777/1490/1490 776/1491/1491
f 778/1492/1492 776/1493/1493 775/1494/1494
f 763/1495/1495 766/1496/1496 765/1497/1497
f 763/1498/1498 765/1499/1499 764/1500/1500
f 770/1501/1501 769/1502/1502 768/1503/1503
f 770/1504/1504 768/1505/1505 767/1506/1506
f 755/1507/1507 758/1508/1508 757/1509/1509
f 755/1510/1510 757/1511/1511 756/1512/1512
f 762/1513/1513 761/1514/1514 760/1515/1515
f 762/1516/1516 760/1517/1517 759/1518/1518
f 174/1519/1519 63/1520/1520 169/1521/1521
f 174/1522/1522 169/1523/1523 292/1524/1524
f 178/1525/1525 64/1526/1526 173/1527/1527
f 178/1528/1528 173/1529/1529 296/1530/1530
f 166/1531/1531 65/1532/1532 177/1533/1533
f 166/1534/1534 177/1535/1535 300/1536/1536
f 170/1537/1537 66/1538/1538 165/1539/1539
f 170/1540/1540 165/1541/1541 304/1542/1542
f 750/1543/1543 749/1544/1544 748/1545/1545
f 750/1546/1546 748/1547/1547 747/1548/1548
f 751/1549/1549 754/1550/1550 753/1551/1551
f 751/1552/1552 753/1553/1553 752/1554/1554
f 739/1555/1555 742/1556/1556 741/1557/1557
f 739/1558/1558 741/1559/1559 740/1560/1560
f 746/1561/1561 745/1562/1562 744/1563/1563
f 746/1564/1564 744/1565/1565 743/1566/1566
f 734/1567/1567 733/1568/1568 732/1569/1569
f 734/1570/1570 732/1571/1571 731/1572/1572
f 735/1573/1573 738/1574/1574 737/1575/1575
f 735/1576/1576 737/1577/1577 736/1578/1578
f 723/1579/1579 726/1580/1580 725/1581/1581
f 723/1582/1582 725/1583/1583 724/1584/1584
f 730/1585/1585 729/1586/1586 728/1587/1587
f 730/1588/1588 728/1589/1589 727/1590/1590
f 715/1591/1591 718/1592/1592 717/1593/1593
f 715/1594/1594 717/1595/1595 716/1596/1596
f 722/1597/1597 721/1598/1598 720/1599/1599
f 722/1600/1600 720/1601/1601 719/1602/1602
f 710/1603/1603 709/1604/1604 708/1605/1605
f 710/1606/1606 708/1607/1607 707/1608/1608
f 711/1609/1609 714/1610/1610 713/1611/1611
f 711/1612/1612 713/1613/1613 712/1614/1614
f 702/1615/1615 701/1616/1616 700/1617/1617
f 702/1618/1618 700/1619/1619 699/1620/1620
f 703/1621/1621 706/1622/1622 705/1623/1623
f 703/1624/1624 705/1625/1625 704/1626/1626
f 691/1627/1627 694/1628/1628 693/1629/1629
f 691/1630/1630 693/1631/1631 692/1632/1632
f 698/1633/1633 697/1634/1634 696/1635/1635
f 698/1636/1636 696/1637/1637 695/1638/1638
f 164/1639/1639 83/1640/1640 213/1641/1641
f 164/1642/1642 213/1643/1643 305/1644/1644
f 218/1645/1645 84/1646/1646 163/1647/1647
f 218/1648/1648 163/1649/1649 299/1650/1650
f 132/1651/1651 85/1652/1652 217/1653/1653
f 132/1654/1654 217/1655/1655 265/1656/1656
f 214/1657/1657 86/1658/1658 131/1659/1659
f 214/1660/1660 131/1661/1661 259/1662/1662
f 168/1663/1663 87/1664/1664 221/1665/1665
f 168/1666/1666 221/1667/1667 293/1668/1668
f 226/1669/1669 88/1670/1670 167/1671/1671
f 226/1672/1672 167/1673/1673 303/1674/1674
f 140/1675/1675 89/1676/1676 225/1677/1677
f 140/1678/1678 225/1679/1679 273/1680/1680
f 222/1681/1681 90/1682/1682 139/1683/1683
f 222/1684/1684 139/1685/1685 267/1686/1686
f 172/1687/1687 91/1688/1688 229/1689/1689
f 172/1690/1690 229/1691/1691 297/1692/1692
f 234/1693/1693 92/1694/1694 171/1695/1695
f 234/1696/1696 171/1697/1697 291/1698/1698
f 148/1699/1699 93/1700/1700 233/1701/1701
f 148/1702/1702 233/1703/1703 281/1704/1704
f 230/1705/1705 94/1706/1706 147/1707/1707
f 230/1708/1708 147/1709/1709 275/1710/1710
f 176/1711/1711 95/1712/1712 237/1713/1713
f 176/1714/1714 237/1715/1715 301/1716/1716
f 242/1717/1717 96/1718/1718 175/1719/1719
f 242/1720/1720 175/1721/1721 295/1722/1722
f 156/1723/1723 97/1724/1724 241/1725/1725
f 156/1726/1726 241/1727/1727 289/1728/1728
f 238/1729/1729 98/1730/1730 155/1731/1731
f 238/1732/1732 155/1733/1733 283/1734/1734
f 188/1735/1735 99/1736/1736 227/1737/1737
f 188/1738/1738 227/1739/1739 278/1740/1740
f 192/1741/1741 100/1742/1742 187/1743/1743
f 192/1744/1744 187/1745/1745 250/1746/1746
f 240/1747/1747 101/1748/1748 191/1749/1749
f 240/1750/1750 191/1751/1751 290/1752/1752
f 228/1753/1753 102/1754/1754 239/1755/1755
f 228/1756/1756 239/1757/1757 298/1758/1758
f 204/1759/1759 103/1760/1760 235/1761/1761
f 204/1762/1762 235/1763/1763 286/1764/1764
f 208/1765/1765 104/1766/1766 203/1767/1767
f 208/1768/1768 203/1769/1769 258/1770/1770
f 216/1771/1771 105/1772/1772 207/1773/1773
f 216/1774/1774 207/1775/1775 266/1776/1776
f 236/1777/1777 106/1778/1778 215/1779/1779
f 236/1780/1780 215/1781/1781 302/1782/1782
f 200/1783/1783 107/1784/1784 211/1785/1785
f 200/1786/1786 211/1787/1787 262/1788/1788
f 196/1789/1789 108/1790/1790 199/1791/1791
f 196/1792/1792 199/1793/1793 254/1794/1794
f 224/1795/1795 109/1796/1796 195/1797/1797
f 224/1798/1798 195/1799/1799 274/1800/1800
f 212/1801/1801 110/1802/1802 223/1803/1803
f 212/1804/1804 223/1805/1805 306/1806/1806
f 180/1807/1807 111/1808/1808 219/1809/1809
f 180/1810/1810 219/1811/1811 270/1812/1812
f 184/1813/1813 112/1814/1814 179/1815/1815
f 184/1816/1816 179/1817/1817 246/1818/1818
f 232/1819/1819 113/1820/1820 183/1821/1821
f 232/1822/1822 183/1823/1823 282/1824/1824
f 220/1825/1825 114/1826/1826 231/1827/1827
f 220/1828/1828 231/1829/1829 294/1830/1830
f 323/1831/1831 324/1832/1832 325/1833/1833
f 323/1834/1834 325/1835/1835 326/1836/1836
f 327/1837/1837 328/1838/1838 329/1839/1839
f 327/1840/1840 329/1841/1841 330/1842/1842
f 331/1843/1843 332/1844/1844 333/1845/1845
f 331/1846/1846 333/1847/1847 334/1848/1848
f 335/1849/1849 336/1850/1850 337/1851/1851
f 335/1852/1852 337/1853/1853 338/1854/1854
f 14/1855/1855 339/1856/1856 340/1857/1857
f 341/1858/1858 4/1859/1859 342/1860/1860
f 13/1861/1861 343/1862/1862 344/1863/1863
f 345/1864/1864 7/1865/1865 346/1866/1866
f 6/1867/1867 347/1868/1868 348/1869/1869
f 349/1870/1870 12/1871/1871 350/1872/1872
f 11/1873/1873 351/1874/1874 352/1875/1875
f 353/1876/1876 1/1877/1877 354/1878/1878
f 355/1879/1879 356/1880/1880 357/1881/1881
f 355/1882/1882 357/1883/1883 358/1884/1884
f 359/1885/1885 360/1886/1886 361/1887/1887
f 359/1888/1888 361/1889/1889 362/1890/1890
f 363/1891/1891 364/1892/1892 365/1893/1893
f 363/1894/1894 365/1895/1895 366/1896/1896
f 367/1897/1897 368/1898/1898 369/1899/1899
f 367/1900/1900 369/1901/1901 370/1902/1902
f 371/1903/1903 372/1904/1904 373/1905/1905
f 371/1906/1906 373/1907/1907 374/1908/1908
f 375/1909/1909 376/1910/1910 377/1911/1911
f 375/1912/1912 377/1913/1913 378/1914/1914
f 379/1915/1915 380/1916/1916 381/1917/1917
f 379/1918/1918 381/1919/1919 382/1920/1920
f 383/1921/1921 384/1922/1922 385/1923/1923
f 383/1924/1924 385/1925/1925 386/1926/1926
f 14/1927/1927 387/1928/1928 388/1929/1929
f 389/1930/1930 4/1931/1931 390/1932/1932
f 391/1933/1933 392/1934/1934 393/1935/1935
f 391/1936/1936 393/1937/1937 394/1938/1938
f 395/1939/1939 14/1940/1940 396/1941/1941
f 13/1942/1942 397/1943/1943 398/1944/1944
f 399/1945/1945 400/1946/1946 401/1947/1947
f 399/1948/1948 401/1949/1949 402/1950/1950
f 403/1951/1951 7/1952/1952 404/1953/1953
f 6/1954/1954 405/1955/1955 406/1956/1956
f 407/1957/1957 408/1958/1958 409/1959/1959
f 407/1960/1960 409/1961/1961 410/1962/1962
f 411/1963/1963 12/1964/1964 412/1965/1965
f 11/1966/1966 413/1967/1967 414/1968/1968
f 415/1969/1969 416/1970/1970 417/1971/1971
f 415/1972/1972 417/1973/1973 418/1974/1974
f 419/1975/1975 1/1976/1976 420/1977/1977
f 4/1978/1978 421/1979/1979 422/1980/1980
f 423/1981/1981 13/1982/1982 424/1983/1983
f 7/1984/1984 425/1985/1985 426/1986/1986
f 427/1987/1987 11/1988/1988 428/1989/1989
f 1/1990/1990 429/1991/1991 430/1992/1992
f 12/1993/1993 431/1994/1994 432/1995/1995
f 433/1996/1996 6/1997/1997 434/1998/1998
f 435/1999/1999 436/2000/2000 437/2001/2001
f 435/2002/2002 437/2003/2003 438/2004/2004
f 439/2005/2005 440/2006/2006 441/2007/2007
f 439/2008/2008 441/2009/2009 442/2010/2010
f 443/2011/2011 444/2012/2012 445/2013/2013
f 443/2014/2014 445/2015/2015 446/2016/2016
f 447/2017/2017 448/2018/2018 449/2019/2019
f 447/2020/2020 449/2021/2021 450/2022/2022
f 451/2023/2023 452/2024/2024 453/2025/2025
f 451/2026/2026 453/2027/2027 454/2028/2028
f 455/2029/2029 456/2030/2030 457/2031/2031
f 455/2032/2032 457/2033/2033 458/2034/2034
f 459/2035/2035 460/2036/2036 461/2037/2037
f 459/2038/2038 461/2039/2039 462/2040/2040
f 463/2041/2041 464/2042/2042 465/2043/2043
f 463/2044/2044 465/2045/2045 466/2046/2046
f 467/2047/2047 468/2048/2048 469/2049/2049
f 467/2050/2050 469/2051/2051 470/2052/2052
f 471/2053/2053 472/2054/2054 473/2055/2055
f 471/2056/2056 473/2057/2057 474/2058/2058
f 475/2059/2059 476/2060/2060 477/2061/2061
f 475/2062/2062 477/2063/2063 478/2064/2064
f 479/2065/2065 480/2066/2066 481/2067/2067
f 479/2068/2068 481/2069/2069 482/2070/2070
f 483/2071/2071 484/2072/2072 485/2073/2073
f 483/2074/2074 485/2075/2075 486/2076/2076
f 487/2077/2077 488/2078/2078 489/2079/2079
f 487/2080/2080 489/2081/2081 490/2082/2082
f 491/2083/2083 492/2084/2084 493/2085/2085
f 491/2086/2086 493/2087/2087 494/2088/2088
f 495/2089/2089 496/2090/2090 497/2091/2091
f 495/2092/2092 497/2093/2093 498/2094/2094
f 499/2095/2095 500/2096/2096 501/2097/2097
f 499/2098/2098 501/2099/2099 502/2100/2100
f 503/2101/2101 504/2102/2102 505/2103/2103
f 503/2104/2104 505/2105/2105 506/2106/2106
f 507/2107/2107 508/2108/2108 509/2109/2109
f 507/2110/2110 509/2111/2111 510/2112/2112
f 511/2113/2113 512/2114/2114 513/2115/2115
f 511/2116/2116 513/2117/2117 514/2118/2118
f 515/2119/2119 516/2120/2120 517/2121/2121
f 515/2122/2122 517/2123/2123 518/2124/2124
f 519/2125/2125 520/2126/2126 521/2127/2127
f 519/2128/2128 521/2129/2129 522/2130/2130
f 523/2131/2131 524/2132/2132 525/2133/2133
f 523/2134/2134 525/2135/2135 526/2136/2136
f 527/2137/2137 528/2138/2138 529/2139/2139
f 527/2140/2140 529/2141/2141 530/2142/2142
f 531/2143/2143 532/2144/2144 533/2145/2145
f 531/2146/2146 533/2147/2147 534/2148/2148
f 535/2149/2149 536/2150/2150 537/2151/2151
f 535/2152/2152 537/2153/2153 538/2154/2154
f 539/2155/2155 540/2156/2156 541/2157/2157
f 539/2158/2158 541/2159/2159 542/2160/2160
f 543/2161/2161 544/2162/2162 545/2163/2163
f 543/2164/2164 545/2165/2165 546/2166/2166
f 547/2167/2167 548/2168/2168 549/2169/2169
f 547/2170/2170 549/2171/2171 550/2172/2172
f 551/2173/2173 552/2174/2174 553/2175/2175
f 551/2176/2176 553/2177/2177 554/2178/2178
f 555/2179/2179 556/2180/2180 557/2181/2181
f 555/2182/2182 557/2183/2183 558/2184/2184
f 559/2185/2185 560/2186/2186 561/2187/2187
f 559/2188/2188 561/2189/2189 562/2190/2190
f 374/2191/2191 373/2192/2192 310/2193/2193
f 374/2194/2194 310/2195/2195 309/2196/2196
f 378/2197/2197 377/2198/2198 307/2199/2199
f 378/2200/2200 307/2201/2201 310/2202/2202
f 382/2203/2203 381/2204/2204 308/2205/2205
f 382/2206/2206 308/2207/2207 307/2208/2208
f 386/2209/2209 385/2210/2210 309/2211/2211
f 386/2212/2212 309/2213/2213 308/2214/2214
f 14/2215/2215 388/2216/2216 311/2217/2217
f 390/2218/2218 4/2219/2219 311/2220/2220
f 394/2221/2221 393/2222/2222 313/2223/2223
f 394/2224/2224 313/2225/2225 312/2226/2226
f 396/2227/2227 14/2228/2228 313/2229/2229
f 13/2230/2230 398/2231/2231 312/2232/2232
f 402/2233/2233 401/2234/2234 315/2235/2235
f 402/2236/2236 315/2237/2237 314/2238/2238
f 404/2239/2239 7/2240/2240 315/2241/2241
f 6/2242/2242 406/2243/2243 314/2244/2244
f 410/2245/2245 409/2246/2246 317/2247/2247
f 410/2248/2248 317/2249/2249 316/2250/2250
f 412/2251/2251 12/2252/2252 317/2253/2253
f 11/2254/2254 414/2255/2255 316/2256/2256
f 418/2257/2257 417/2258/2258 319/2259/2259
f 418/2260/2260 319/2261/2261 318/2262/2262
f 420/2263/2263 1/2264/2264 319/2265/2265
f 4/2266/2266 422/2267/2267 318/2268/2268
f 424/2269/2269 13/2270/2270 320/2271/2271
f 7/2272/2272 426/2273/2273 320/2274/2274
f 428/2275/2275 11/2276/2276 321/2277/2277
f 1/2278/2278 430/2279/2279 321/2280/2280
f 12/2281/2281 432/2282/2282 322/2283/2283
f 434/2284/2284 6/2285/2285 322/2286/2286
f 372/2287/2287 371/2288/2288 326/2289/2289
f 372/2290/2290 326/2291/2291 325/2292/2292
f 438/2293/2293 437/2294/2294 323/2295/2295
f 438/2296/2296 323/2297/2297 326/2298/2298
f 392/2299/2299 391/2300/2300 324/2301/2301
f 392/2302/2302 324/2303/2303 323/2304/2304
f 442/2305/2305 441/2306/2306 325/2307/2307
f 442/2308/2308 325/2309/2309 324/2310/2310
f 376/2311/2311 375/2312/2312 330/2313/2313
f 376/2314/2314 330/2315/2315 329/2316/2316
f 446/2317/2317 445/2318/2318 327/2319/2319
f 446/2320/2320 327/2321/2321 330/2322/2322
f 400/2323/2323 399/2324/2324 328/2325/2325
f 400/2326/2326 328/2327/2327 327/2328/2328
f 450/2329/2329 449/2330/2330 329/2331/2331
f 450/2332/2332 329/2333/2333 328/2334/2334
f 380/2335/2335 379/2336/2336 334/2337/2337
f 380/2338/2338 334/2339/2339 333/2340/2340
f 454/2341/2341 453/2342/2342 331/2343/2343
f 454/2344/2344 331/2345/2345 334/2346/2346
f 408/2347/2347 407/2348/2348 332/2349/2349
f 408/2350/2350 332/2351/2351 331/2352/2352
f 458/2353/2353 457/2354/2354 333/2355/2355
f 458/2356/2356 333/2357/2357 332/2358/2358
f 384/2359/2359 383/2360/2360 338/2361/2361
f 384/2362/2362 338/2363/2363 337/2364/2364
f 462/2365/2365 461/2366/2366 335/2367/2367
f 462/2368/2368 335/2369/2369 338/2370/2370
f 416/2371/2371 415/2372/2372 336/2373/2373
f 416/2374/2374 336/2375/2375 335/2376/2376
f 466/2377/2377 465/2378/2378 337/2379/2379
f 466/2380/2380 337/2381/2381 336/2382/2382
f 470/2383/2383 469/2384/2384 340/2385/2385
f 470/2386/2386 340/2387/2387 339/2388/2388
f 387/2389/2389 14/2390/2390 340/2391/2391
f 14/2392/2392 395/2393/2393 339/2394/2394
f 4/2395/2395 389/2396/2396 342/2397/2397
f 474/2398/2398 473/2399/2399 341/2400/2400
f 474/2401/2401 341/2402/2402 342/2403/2403
f 421/2404/2404 4/2405/2405 341/2406/2406
f 478/2407/2407 477/2408/2408 344/2409/2409
f 478/2410/2410 344/2411/2411 343/2412/2412
f 397/2413/2413 13/2414/2414 344/2415/2415
f 13/2416/2416 423/2417/2417 343/2418/2418
f 7/2419/2419 403/2420/2420 346/2421/2421
f 482/2422/2422 481/2423/2423 345/2424/2424
f 482/2425/2425 345/2426/2426 346/2427/2427
f 425/2428/2428 7/2429/2429 345/2430/2430
f 486/2431/2431 485/2432/2432 348/2433/2433
f 486/2434/2434 348/2435/2435 347/2436/2436
f 405/2437/2437 6/2438/2438 348/2439/2439
f 6/2440/2440 433/2441/2441 347/2442/2442
f 12/2443/2443 411/2444/2444 350/2445/2445
f 490/2446/2446 489/2447/2447 349/2448/2448
f 490/2449/2449 349/2450/2450 350/2451/2451
f 431/2452/2452 12/2453/2453 349/2454/2454
f 494/2455/2455 493/2456/2456 352/2457/2457
f 494/2458/2458 352/2459/2459 351/2460/2460
f 413/2461/2461 11/2462/2462 352/2463/2463
f 11/2464/2464 427/2465/2465 351/2466/2466
f 1/2467/2467 419/2468/2468 354/2469/2469
f 498/2470/2470 497/2471/2471 353/2472/2472
f 498/2473/2473 353/2474/2474 354/2475/2475
f 429/2476/2476 1/2477/2477 353/2478/2478
f 484/2479/2479 483/2480/2480 358/2481/2481
f 484/2482/2482 358/2483/2483 357/2484/2484
f 488/2485/2485 487/2486/2486 355/2487/2487
f 488/2488/2488 355/2489/2489 358/2490/2490
f 452/2491/2491 451/2492/2492 356/2493/2493
f 452/2494/2494 356/2495/2495 355/2496/2496
f 448/2497/2497 447/2498/2498 357/2499/2499
f 448/2500/2500 357/2501/2501 356/2502/2502
f 492/2503/2503 491/2504/2504 362/2505/2505
f 492/2506/2506 362/2507/2507 361/2508/2508
f 496/2509/2509 495/2510/2510 359/2511/2511
f 496/2512/2512 359/2513/2513 362/2514/2514
f 460/2515/2515 459/2516/2516 360/2517/2517
f 460/2518/2518 360/2519/2519 359/2520/2520
f 456/2521/2521 455/2522/2522 361/2523/2523
f 456/2524/2524 361/2525/2525 360/2526/2526
f 464/2527/2527 463/2528/2528 366/2529/2529
f 464/2530/2530 366/2531/2531 365/2532/2532
f 472/2533/2533 471/2534/2534 363/2535/2535
f 472/2536/2536 363/2537/2537 366/2538/2538
f 468/2539/2539 467/2540/2540 364/2541/2541
f 468/2542/2542 364/2543/2543 363/2544/2544
f 436/2545/2545 435/2546/2546 365/2547/2547
f 436/2548/2548 365/2549/2549 364/2550/2550
f 476/2551/2551 475/2552/2552 370/2553/2553
f 476/2554/2554 370/2555/2555 369/2556/2556
f 480/2557/2557 479/2558/2558 367/2559/2559
f 480/2560/2560 367/2561/2561 370/2562/2562
f 444/2563/2563 443/2564/2564 368/2565/2565
f 444/2566/2566 368/2567/2567 367/2568/2568
f 440/2569/2569 439/2570/2570 369/2571/2571
f 440/2572/2572 369/2573/2573 368/2574/2574
f 508/2575/2575 507/2576/2576 371/2577/2577
f 508/2578/2578 371/2579/2579 374/2580/2580
f 513/2581/2581 512/2582/2582 373/2583/2583
f 513/2584/2584 373/2585/2585 372/2586/2586
f 512/2587/2587 511/2588/2588 375/2589/2589
f 512/2590/2590 375/2591/2591 378/2592/2592
f 501/2593/2593 500/2594/2594 377/2595/2595
f 501/2596/2596 377/2597/2597 376/2598/2598
f 500/2599/2599 499/2600/2600 379/2601/2601
f 500/2602/2602 379/2603/2603 382/2604/2604
f 505/2605/2605 504/2606/2606 381/2607/2607
f 505/2608/2608 381/2609/2609 380/2610/2610
f 504/2611/2611 503/2612/2612 383/2613/2613
f 504/2614/2614 383/2615/2615 386/2616/2616
f 509/2617/2617 508/2618/2618 385/2619/2619
f 509/2620/2620 385/2621/2621 384/2622/2622
f 517/2623/2623 516/2624/2624 388/2625/2625
f 517/2626/2626 388/2627/2627 387/2628/2628
f 516/2629/2629 515/2630/2630 389/2631/2631
f 516/2632/2632 389/2633/2633 390/2634/2634
f 520/2635/2635 519/2636/2636 391/2637/2637
f 520/2638/2638 391/2639/2639 394/2640/2640
f 525/2641/2641 524/2642/2642 393/2643/2643
f 525/2644/2644 393/2645/2645 392/2646/2646
f 524/2647/2647 523/2648/2648 395/2649/2649
f 524/2650/2650 395/2651/2651 396/2652/2652
f 521/2653/2653 520/2654/2654 398/2655/2655
f 521/2656/2656 398/2657/2657 397/2658/2658
f 528/2659/2659 527/2660/2660 399/2661/2661
f 528/2662/2662 399/2663/2663 402/2664/2664
f 533/2665/2665 532/2666/2666 401/2667/2667
f 533/2668/2668 401/2669/2669 400/2670/2670
f 532/2671/2671 531/2672/2672 403/2673/2673
f 532/2674/2674 403/2675/2675 404/2676/2676
f 529/2677/2677 528/2678/2678 406/2679/2679
f 529/2680/2680 406/2681/2681 405/2682/2682
f 536/2683/2683 535/2684/2684 407/2685/2685
f 536/2686/2686 407/2687/2687 410/2688/2688
f 541/2689/2689 540/2690/2690 409/2691/2691
f 541/2692/2692 409/2693/2693 408/2694/2694
f 540/2695/2695 539/2696/2696 411/2697/2697
f 540/2698/2698 411/2699/2699 412/2700/2700
f 537/2701/2701 536/2702/2702 414/2703/2703
f 537/2704/2704 414/2705/2705 413/2706/2706
f 544/2707/2707 543/2708/2708 415/2709/2709
f 544/2710/2710 415/2711/2711 418/2712/2712
f 549/2713/2713 548/2714/2714 417/2715/2715
f 549/2716/2716 417/2717/2717 416/2718/2718
f 548/2719/2719 547/2720/2720 419/2721/2721
f 548/2722/2722 419/2723/2723 420/2724/2724
f 545/2725/2725 544/2726/2726 422/2727/2727
f 545/2728/2728 422/2729/2729 421/2730/2730
f 552/2731/2731 551/2732/2732 423/2733/2733
f 552/2734/2734 423/2735/2735 424/2736/2736
f 553/2737/2737 552/2738/2738 426/2739/2739
f 553/2740/2740 426/2741/2741 425/2742/2742
f 556/2743/2743 555/2744/2744 427/2745/2745
f 556/2746/2746 427/2747/2747 428/2748/2748
f 557/2749/2749 556/2750/2750 430/2751/2751
f 557/2752/2752 430/2753/2753 429/2754/2754
f 561/2755/2755 560/2756/2756 432/2757/2757
f 561/2758/2758 432/2759/2759 431/2760/2760
f 560/2761/2761 559/2762/2762 433/2763/2763
f 560/2764/2764 433/2765/2765 434/2766/2766
f 507/2767/2767 510/2768/2768 435/2769/2769
f 507/2770/2770 435/2771/2771 438/2772/2772
f 526/2773/2773 525/2774/2774 437/2775/2775
f 526/2776/2776 437/2777/2777 436/2778/2778
f 519/2779/2779 522/2780/2780 439/2781/2781
f 519/2782/2782 439/2783/2783 442/2784/2784
f 514/2785/2785 513/2786/2786 441/2787/2787
f 514/2788/2788 441/2789/2789 440/2790/2790
f 511/2791/2791 514/2792/2792 443/2793/2793
f 511/2794/2794 443/2795/2795 446/2796/2796
f 534/2797/2797 533/2798/2798 445/2799/2799
f 534/2800/2800 445/2801/2801 444/2802/2802
f 527/2803/2803 530/2804/2804 447/2805/2805
f 527/2806/2806 447/2807/2807 450/2808/2808
f 502/2809/2809 501/2810/2810 449/2811/2811
f 502/2812/2812 449/2813/2813 448/2814/2814
f 499/2815/2815 502/2816/2816 451/2817/2817
f 499/2818/2818 451/2819/2819 454/2820/2820
f 542/2821/2821 541/2822/2822 453/2823/2823
f 542/2824/2824 453/2825/2825 452/2826/2826
f 535/2827/2827 538/2828/2828 455/2829/2829
f 535/2830/2830 455/2831/2831 458/2832/2832
f 506/2833/2833 505/2834/2834 457/2835/2835
f 506/2836/2836 457/2837/2837 456/2838/2838
f 503/2839/2839 506/2840/2840 459/2841/2841
f 503/2842/2842 459/2843/2843 462/2844/2844
f 550/2845/2845 549/2846/2846 461/2847/2847
f 550/2848/2848 461/2849/2849 460/2850/2850
f 543/2851/2851 546/2852/2852 463/2853/2853
f 543/2854/2854 463/2855/2855 466/2856/2856
f 510/2857/2857 509/2858/2858 465/2859/2859
f 510/2860/2860 465/2861/2861 464/2862/2862
f 523/2863/2863 526/2864/2864 467/2865/2865
f 523/2866/2866 467/2867/2867 470/2868/2868
f 518/2869/2869 517/2870/2870 469/2871/2871
f 518/2872/2872 469/2873/2873 468/2874/2874
f 515/2875/2875 518/2876/2876 471/2877/2877
f 515/2878/2878 471/2879/2879 474/2880/2880
f 546/2881/2881 545/2882/2882 473/2883/2883
f 546/2884/2884 473/2885/2885 472/2886/2886
f 551/2887/2887 554/2888/2888 475/2889/2889
f 551/2890/2890 475/2891/2891 478/2892/2892
f 522/2893/2893 521/2894/2894 477/2895/2895
f 522/2896/2896 477/2897/2897 476/2898/2898
f 531/2899/2899 534/2900/2900 479/2901/2901
f 531/2902/2902 479/2903/2903 482/2904/2904
f 554/2905/2905 553/2906/2906 481/2907/2907
f 554/2908/2908 481/2909/2909 480/2910/2910
f 559/2911/2911 562/2912/2912 483/2913/2913
f 559/2914/2914 483/2915/2915 486/2916/2916
f 530/2917/2917 529/2918/2918 485/2919/2919
f 530/2920/2920 485/2921/2921 484/2922/2922
f 539/2923/2923 542/2924/2924 487/2925/2925
f 539/2926/2926 487/2927/2927 490/2928/2928
f 562/2929/2929 561/2930/2930 489/2931/2931
f 562/2932/2932 489/2933/2933 488/2934/2934
f 555/2935/2935 558/2936/2936 491/2937/2937
f 555/2938/2938 491/2939/2939 494/2940/2940
f 538/2941/2941 537/2942/2942 493/2943/2943
f 538/2944/2944 493/2945/2945 492/2946/2946
f 547/2947/2947 550/2948/2948 495/2949/2949
f 547/2950/2950 495/2951/2951 498/2952/2952
f 558/2953/2953 557/2954/2954 497/2955/2955
f 558/2956/2956 497/2957/2957 496/2958/2958
f 382/2959/2959 307/2960/2960 377/2961/2961
f 382/2962/2962 377/2963/2963 500/2964/2964
f 386/2965/2965 308/2966/2966 381/2967/2967
f 386/2968/2968 381/2969/2969 504/2970/2970
f 374/2971/2971 309/2972/2972 385/2973/2973
f 374/2974/2974 385/2975/2975 508/2976/2976
f 378/2977/2977 310/2978/2978 373/2979/2979
f 378/2980/2980 373/2981/2981 512/2982/2982
f 390/2983/2983 311/2984/2984 388/2985/2985
f 390/2986/2986 388/2987/2987 516/2988/2988
f 394/2989/2989 312/2990/2990 398/2991/2991
f 394/2992/2992 398/2993/2993 520/2994/2994
f 396/2995/2995 313/2996/2996 393/2997/2997
f 396/2998/2998 393/2999/2999 524/3000/3000
f 402/3001/3001 314/3002/3002 406/3003/3003
f 402/3004/3004 406/3005/3005 528/3006/3006
f 404/3007/3007 315/3008/3008 401/3009/3009
f 404/3010/3010 401/3011/3011 532/3012/3012
f 410/3013/3013 316/3014/3014 414/3015/3015
f 410/3016/3016 414/3017/3017 536/3018/3018
f 412/3019/3019 317/3020/3020 409/3021/3021
f 412/3022/3022 409/3023/3023 540/3024/3024
f 418/3025/3025 318/3026/3026 422/3027/3027
f 418/3028/3028 422/3029/3029 544/3030/3030
f 420/3031/3031 319/3032/3032 417/3033/3033
f 420/3034/3034 417/3035/3035 548/3036/3036
f 424/3037/3037 320/3038/3038 426/3039/3039
f 424/3040/3040 426/3041/3041 552/3042/3042
f 428/3043/3043 321/3044/3044 430/3045/3045
f 428/3046/3046 430/3047/3047 556/3048/3048
f 434/3049/3049 322/3050/3050 432/3051/3051
f 434/3052/3052 432/3053/3053 560/3054/3054
f 392/3055/3055 323/3056/3056 437/3057/3057
f 392/3058/3058 437/3059/3059 525/3060/3060
f 442/3061/3061 324/3062/3062 391/3063/3063
f 442/3064/3064 391/3065/3065 519/3066/3066
f 372/3067/3067 325/3068/3068 441/3069/3069
f 372/3070/3070 441/3071/3071 513/3072/3072
f 438/3073/3073 326/3074/3074 371/3075/3075
f 438/3076/3076 371/3077/3077 507/3078/3078
f 400/3079/3079 327/3080/3080 445/3081/3081
f 400/3082/3082 445/3083/3083 533/3084/3084
f 450/3085/3085 328/3086/3086 399/3087/3087
f 450/3088/3088 399/3089/3089 527/3090/3090
f 376/3091/3091 329/3092/3092 449/3093/3093
f 376/3094/3094 449/3095/3095 501/3096/3096
f 446/3097/3097 330/3098/3098 375/3099/3099
f 446/3100/3100 375/3101/3101 511/3102/3102
f 408/3103/3103 331/3104/3104 453/3105/3105
f 408/3106/3106 453/3107/3107 541/3108/3108
f 458/3109/3109 332/3110/3110 407/3111/3111
f 458/3112/3112 407/3113/3113 535/3114/3114
f 380/3115/3115 333/3116/3116 457/3117/3117
f 380/3118/3118 457/3119/3119 505/3120/3120
f 454/3121/3121 334/3122/3122 379/3123/3123
f 454/3124/3124 379/3125/3125 499/3126/3126
f 416/3127/3127 335/3128/3128 461/3129/3129
f 416/3130/3130 461/3131/3131 549/3132/3132
f 466/3133/3133 336/3134/3134 415/3135/3135
f 466/3136/3136 415/3137/3137 543/3138/3138
f 384/3139/3139 337/3140/3140 465/3141/3141
f 384/3142/3142 465/3143/3143 509/3144/3144
f 462/3145/3145 338/3146/3146 383/3147/3147
f 462/3148/3148 383/3149/3149 503/3150/3150
f 470/3151/3151 339/3152/3152 395/3153/3153
f 470/3154/3154 395/3155/3155 523/3156/3156
f 387/3157/3157 340/3158/3158 469/3159/3159
f 387/3160/3160 469/3161/3161 517/3162/3162
f 421/3163/3163 341/3164/3164 473/3165/3165
f 421/3166/3166 473/3167/3167 545/3168/3168
f 474/3169/3169 342/3170/3170 389/3171/3171
f 474/3172/3172 389/3173/3173 515/3174/3174
f 478/3175/3175 343/3176/3176 423/3177/3177
f 478/3178/3178 423/3179/3179 551/3180/3180
f 397/3181/3181 344/3182/3182 477/3183/3183
f 397/3184/3184 477/3185/3185 521/3186/3186
f 425/3187/3187 345/3188/3188 481/3189/3189
f 425/3190/3190 481/3191/3191 553/3192/3192
f 482/3193/3193 346/3194/3194 403/3195/3195
f 482/3196/3196 403/3197/3197 531/3198/3198
f 486/3199/3199 347/3200/3200 433/3201/3201
f 486/3202/3202 433/3203/3203 559/3204/3204
f 405/3205/3205 348/3206/3206 485/3207/3207
f 405/3208/3208 485/3209/3209 529/3210/3210
f 431/3211/3211 349/3212/3212 489/3213/3213
f 431/3214/3214 489/3215/3215 561/3216/3216
f 490/3217/3217 350/3218/3218 411/3219/3219
f 490/3220/3220 411/3221/3221 539/3222/3222
f 494/3223/3223 351/3224/3224 427/3225/3225
f 494/3226/3226 427/3227/3227 555/3228/3228
f 413/3229/3229 352/3230/3230 493/3231/3231
f 413/3232/3232 493/3233/3233 537/3234/3234
f 429/3235/3235 353/3236/3236 497/3237/3237
f 429/3238/3238 497/3239/3239 557/3240/3240
f 498/3241/3241 354/3242/3242 419/3243/3243
f 498/3244/3244 419/3245/3245 547/3246/3246
f 452/3247/3247 355/3248/3248 487/3249/3249
f 452/3250/3250 487/3251/3251 542/3252/3252
f 448/3253/3253 356/3254/3254 451/3255/3255
f 448/3256/3256 451/3257/3257 502/3258/3258
f 484/3259/3259 357/3260/3260 447/3261/3261
f 484/3262/3262 447/3263/3263 530/3264/3264
f 488/3265/3265 358/3266/3266 483/3267/3267
f 488/3268/3268 483/3269/3269 562/3270/3270
f 460/3271/3271 359/3272/3272 495/3273/3273
f 460/3274/3274 495/3275/3275 550/3276/3276
f 456/3277/3277 360/3278/3278 459/3279/3279
f 456/3280/3280 459/3281/3281 506/3282/3282
f 492/3283/3283 361/3284/3284 455/3285/3285
f 492/3286/3286 455/3287/3287 538/3288/3288
f 496/3289/3289 362/3290/3290 491/3291/3291
f 496/3292/3292 491/3293/3293 558/3294/3294
f 468/3295/3295 363/3296/3296 471/3297/3297
f 468/3298/3298 471/3299/3299 518/3300/3300
f 436/3301/3301 364/3302/3302 467/3303/3303
f 436/3304/3304 467/3305/3305 526/3306/3306
f 464/3307/3307 365/3308/3308 435/3309/3309
f 464/3310/3310 435/3311/3311 510/3312/3312
f 472/3313/3313 366/3314/3314 463/3315/3315
f 472/3316/3316 463/3317/3317 546/3318/3318
f 444/3319/3319 367/3320/3320 479/3321/3321
f 444/3322/3322 479/3323/3323 534/3324/3324
f 440/3325/3325 368/3326/3326 443/3327/3327
f 440/3328/3328 443/3329/3329 514/3330/3330
f 476/3331/3331 369/3332/3332 439/3333/3333
f 476/3334/3334 439/3335/3335 522/3336/3336
f 480/3337/3337 370/3338/3338 475/3339/3339
f 480/3340/3340 475/3341/3341 554/3342/3342
f 31/3343/3343 30/3344/3344 564/3345/3345
f 31/3346/3346 564/3347/3347 563/3348/3348
f 5/3349/3349 31/3350/3350 563/3351/3351
f 5/3352/3352 563/3353/3353 565/3354/3354
f 30/3355/3355 16/3356/3356 566/3357/3357
f 30/3358/3358 566/3359/3359 564/3360/3360
f 16/3361/3361 5/3362/3362 565/3363/3363
f 16/3364/3364 565/3365/3365 566/3366/3366
f 29/3367/3367 36/3368/3368 568/3369/3369
f 29/3370/3370 568/3371/3371 567/3372/3372
f 36/3373/3373 37/3374/3374 569/3375/3375
f 36/3376/3376 569/3377/3377 568/3378/3378
f 15/3379/3379 29/3380/3380 567/3381/3381
f 15/3382/3382 567/3383/3383 570/3384/3384
f 37/3385/3385 15/3386/3386 570/3387/3387
f 37/3388/3388 570/3389/3389 569/3390/3390
f 33/3391/3391 32/3392/3392 572/3393/3393
f 33/3394/3394 572/3395/3395 571/3396/3396
f 38/3397/3397 33/3398/3398 571/3399/3399
f 38/3400/3400 571/3401/3401 573/3402/3402
f 32/3403/3403 2/3404/3404 574/3405/3405
f 32/3406/3406 574/3407/3407 572/3408/3408
f 2/3409/3409 38/3410/3410 573/3411/3411
f 2/3412/3412 573/3413/3413 574/3414/3414
f 34/3415/3415 3/3416/3416 576/3417/3417
f 34/3418/3418 576/3419/3419 575/3420/3420
f 35/3421/3421 34/3422/3422 575/3423/3423
f 35/3424/3424 575/3425/3425 577/3426/3426
f 8/3427/3427 35/3428/3428 577/3429/3429
f 8/3430/3430 577/3431/3431 578/3432/3432
f 3/3433/3433 8/3434/3434 578/3435/3435
f 3/3436/3436 578/3437/3437 576/3438/3438
f 576/3439/3439 578/3440/3440 580/3441/3441
f 576/3442/3442 580/3443/3443 579/3444/3444
f 575/3445/3445 576/3446/3446 579/3447/3447
f 575/3448/3448 579/3449/3449 581/3450/3450
f 577/3451/3451 575/3452/3452 581/3453/3453
f 577/3454/3454 581/3455/3455 582/3456/3456
f 578/3457/3457 577/3458/3458 582/3459/3459
f 578/3460/3460 582/3461/3461 580/3462/3462
f 574/3463/3463 573/3464/3464 584/3465/3465
f 574/3466/3466 584/3467/3467 583/3468/3468
f 572/3469/3469 574/3470/3470 583/3471/3471
f 572/3472/3472 583/3473/3473 585/3474/3474
f 571/3475/3475 572/3476/3476 585/3477/3477
f 571/3478/3478 585/3479/3479 586/3480/3480
f 573/3481/3481 571/3482/3482 586/3483/3483
f 573/3484/3484 586/3485/3485 584/3486/3486
f 570/3487/3487 567/3488/3488 588/3489/3489
f 570/3490/3490 588/3491/3491 587/3492/3492
f 569/3493/3493 570/3494/3494 587/3495/3495
f 569/3496/3496 587/3497/3497 589/3498/3498
f 568/3499/3499 569/3500/3500 589/3501/3501
f 568/3502/3502 589/3503/3503 590/3504/3504
f 567/3505/3505 568/3506/3506 590/3507/3507
f 567/3508/3508 590/3509/3509 588/3510/3510
f 566/3511/3511 565/3512/3512 592/3513/3513
f 566/3514/3514 592/3515/3515 591/3516/3516
f 564/3517/3517 566/3518/3518 591/3519/3519
f 564/3520/3520 591/3521/3521 593/3522/3522
f 563/3523/3523 564/3524/3524 593/3525/3525
f 563/3526/3526 593/3527/3527 594/3528/3528
f 565/3529/3529 563/3530/3530 594/3531/3531
f 565/3532/3532 594/3533/3533 592/3534/3534
f 591/3535/3535 592/3536/3536 596/3537/3537
f 591/3538/3538 596/3539/3539 595/3540/3540
f 593/3541/3541 591/3542/3542 595/3543/3543
f 593/3544/3544 595/3545/3545 597/3546/3546
f 594/3547/3547 593/3548/3548 597/3549/3549
f 594/3550/3550 597/3551/3551 598/3552/3552
f 592/3553/3553 594/3554/3554 598/3555/3555
f 592/3556/3556 598/3557/3557 596/3558/3558
f 587/3559/3559 588/3560/3560 600/3561/3561
f 587/3562/3562 600/3563/3563 599/3564/3564
f 589/3565/3565 587/3566/3566 599/3567/3567
f 589/3568/3568 599/3569/3569 601/3570/3570
f 590/3571/3571 589/3572/3572 601/3573/3573
f 590/3574/3574 601/3575/3575 602/3576/3576
f 588/3577/3577 590/3578/3578 602/3579/3579
f 588/3580/3580 602/3581/3581 600/3582/3582
f 583/3583/3583 584/3584/3584 604/3585/3585
f 583/3586/3586 604/3587/3587 603/3588/3588
f 585/3589/3589 583/3590/3590 603/3591/3591
f 585/3592/3592 603/3593/3593 605/3594/3594
f 586/3595/3595 585/3596/3596 605/3597/3597
f 586/3598/3598 605/3599/3599 606/3600/3600
f 584/3601/3601 586/3602/3602 606/3603/3603
f 584/3604/3604 606/3605/3605 604/3606/3606
f 579/3607/3607 580/3608/3608 608/3609/3609
f 579/3610/3610 608/3611/3611 607/3612/3612
f 581/3613/3613 579/3614/3614 607/3615/3615
f 581/3616/3616 607/3617/3617 609/3618/3618
f 582/3619/3619 581/3620/3620 609/3621/3621
f 582/3622/3622 609/3623/3623 610/3624/3624
f 580/3625/3625 582/3626/3626 610/3627/3627
f 580/3628/3628 610/3629/3629 608/3630/3630
f 31/3631/3631 5/3632/3632 612/3633/3633
f 31/3634/3634 612/3635/3635 611/3636/3636
f 32/3637/3637 31/3638/3638 611/3639/3639
f 32/3640/3640 611/3641/3641 613/3642/3642
f 2/3643/3643 32/3644/3644 613/3645/3645
f 2/3646/3646 613/3647/3647 614/3648/3648
f 5/3649/3649 2/3650/3650 614/3651/3651
f 5/3652/3652 614/3653/3653 612/3654/3654
f 36/3655/3655 35/3656/3656 616/3657/3657
f 36/3658/3658 616/3659/3659 615/3660/3660
f 37/3661/3661 36/3662/3662 615/3663/3663
f 37/3664/3664 615/3665/3665 617/3666/3666
f 8/3667/3667 37/3668/3668 617/3669/3669
f 8/3670/3670 617/3671/3671 618/3672/3672
f 35/3673/3673 8/3674/3674 618/3675/3675
f 35/3676/3676 618/3677/3677 616/3678/3678
f 616/3679/3679 618/3680/3680 620/3681/3681
f 616/3682/3682 620/3683/3683 619/3684/3684
f 615/3685/3685 616/3686/3686 619/3687/3687
f 615/3688/3688 619/3689/3689 621/3690/3690
f 617/3691/3691 615/3692/3692 621/3693/3693
f 617/3694/3694 621/3695/3695 622/3696/3696
f 618/3697/3697 617/3698/3698 622/3699/3699
f 618/3700/3700 622/3701/3701 620/3702/3702
f 611/3703/3703 612/3704/3704 624/3705/3705
f 611/3706/3706 624/3707/3707 623/3708/3708
f 613/3709/3709 611/3710/3710 623/3711/3711
f 613/3712/3712 623/3713/3713 625/3714/3714
f 614/3715/3715 613/3716/3716 625/3717/3717
f 614/3718/3718 625/3719/3719 626/3720/3720
f 612/3721/3721 614/3722/3722 626/3723/3723
f 612/3724/3724 626/3725/3725 624/3726/3726
f 29/3727/3727 15/3728/3728 628/3729/3729
f 29/3730/3730 628/3731/3731 627/3732/3732
f 30/3733/3733 29/3734/3734 627/3735/3735
f 30/3736/3736 627/3737/3737 629/3738/3738
f 16/3739/3739 30/3740/3740 629/3741/3741
f 16/3742/3742 629/3743/3743 630/3744/3744
f 15/3745/3745 16/3746/3746 630/3747/3747
f 15/3748/3748 630/3749/3749 628/3750/3750
f 627/3751/3751 628/3752/3752 632/3753/3753
f 627/3754/3754 632/3755/3755 631/3756/3756
f 629/3757/3757 627/3758/3758 631/3759/3759
f 629/3760/3760 631/3761/3761 633/3762/3762
f 630/3763/3763 629/3764/3764 633/3765/3765
f 630/3766/3766 633/3767/3767 634/3768/3768
f 628/3769/3769 630/3770/3770 634/3771/3771
f 628/3772/3772 634/3773/3773 632/3774/3774
f 257/3775/3775 209/3776/3776 636/3777/3777
f 257/3778/3778 636/3779/3779 635/3780/3780
f 210/3781/3781 263/3782/3782 638/3783/3783
f 210/3784/3784 638/3785/3785 637/3786/3786
f 285/3787/3787 205/3788/3788 640/3789/3789
f 285/3790/3790 640/3791/3791 639/3792/3792
f 206/3793/3793 255/3794/3794 642/3795/3795
f 206/3796/3796 642/3797/3797 641/3798/3798
f 261/3799/3799 201/3800/3800 644/3801/3801
f 261/3802/3802 644/3803/3803 643/3804/3804
f 202/3805/3805 251/3806/3806 646/3807/3807
f 202/3808/3808 646/3809/3809 645/3810/3810
f 253/3811/3811 197/3812/3812 648/3813/3813
f 253/3814/3814 648/3815/3815 647/3816/3816
f 198/3817/3817 271/3818/3818 650/3819/3819
f 198/3820/3820 650/3821/3821 649/3822/3822
f 249/3823/3823 193/3824/3824 652/3825/3825
f 249/3826/3826 652/3827/3827 651/3828/3828
f 194/3829/3829 287/3830/3830 654/3831/3831
f 194/3832/3832 654/3833/3833 653/3834/3834
f 277/3835/3835 189/3836/3836 656/3837/3837
f 277/3838/3838 656/3839/3839 655/3840/3840
f 190/3841/3841 247/3842/3842 658/3843/3843
f 190/3844/3844 658/3845/3845 657/3846/3846
f 245/3847/3847 185/3848/3848 660/3849/3849
f 245/3850/3850 660/3851/3851 659/3852/3852
f 186/3853/3853 279/3854/3854 662/3855/3855
f 186/3856/3856 662/3857/3857 661/3858/3858
f 269/3859/3859 181/3860/3860 664/3861/3861
f 269/3862/3862 664/3863/3863 663/3864/3864
f 182/3865/3865 243/3866/3866 666/3867/3867
f 182/3868/3868 666/3869/3869 665/3870/3870
f 288/3871/3871 157/3872/3872 668/3873/3873
f 288/3874/3874 668/3875/3875 667/3876/3876
f 158/3877/3877 284/3878/3878 670/3879/3879
f 158/3880/3880 670/3881/3881 669/3882/3882
f 280/3883/3883 149/3884/3884 672/3885/3885
f 280/3886/3886 672/3887/3887 671/3888/3888
f 150/3889/3889 276/3890/3890 674/3891/3891
f 150/3892/3892 674/3893/3893 673/3894/3894
f 272/3895/3895 141/3896/3896 676/3897/3897
f 272/3898/3898 676/3899/3899 675/3900/3900
f 142/3901/3901 268/3902/3902 678/3903/3903
f 142/3904/3904 678/3905/3905 677/3906/3906
f 264/3907/3907 133/3908/3908 680/3909/3909
f 264/3910/3910 680/3911/3911 679/3912/3912
f 134/3913/3913 260/3914/3914 682/3915/3915
f 134/3916/3916 682/3917/3917 681/3918/3918
f 287/3919/3919 288/3920/3920 667/3921/3921
f 287/3922/3922 667/3923/3923 654/3924/3924
f 284/3925/3925 285/3926/3926 639/3927/3927
f 284/3928/3928 639/3929/3929 670/3930/3930
f 279/3931/3931 280/3932/3932 671/3933/3933
f 279/3934/3934 671/3935/3935 662/3936/3936
f 276/3937/3937 277/3938/3938 655/3939/3939
f 276/3940/3940 655/3941/3941 674/3942/3942
f 271/3943/3943 272/3944/3944 675/3945/3945
f 271/3946/3946 675/3947/3947 650/3948/3948
f 268/3949/3949 269/3950/3950 663/3951/3951
f 268/3952/3952 663/3953/3953 678/3954/3954
f 263/3955/3955 264/3956/3956 679/3957/3957
f 263/3958/3958 679/3959/3959 638/3960/3960
f 260/3961/3961 261/3962/3962 643/3963/3963
f 260/3964/3964 643/3965/3965 682/3966/3966
f 256/3967/3967 257/3968/3968 635/3969/3969
f 256/3970/3970 635/3971/3971 683/3972/3972
f 255/3973/3973 256/3974/3974 683/3975/3975
f 255/3976/3976 683/3977/3977 642/3978/3978
f 252/3979/3979 253/3980/3980 647/3981/3981
f 252/3982/3982 647/3983/3983 684/3984/3984
f 251/3985/3985 252/3986/3986 684/3987/3987
f 251/3988/3988 684/3989/3989 646/3990/3990
f 248/3991/3991 249/3992/3992 651/3993/3993
f 248/3994/3994 651/3995/3995 685/3996/3996
f 247/3997/3997 248/3998/3998 685/3999/3999
f 247/4000/4000 685/4001/4001 658/4002/4002
f 244/4003/4003 245/4004/4004 659/4005/4005
f 244/4006/4006 659/4007/4007 686/4008/4008
f 243/4009/4009 244/4010/4010 686/4011/4011
f 243/4012/4012 686/4013/4013 666/4014/4014
f 209/4015/4015 210/4016/4016 637/4017/4017
f 209/4018/4018 637/4019/4019 636/4020/4020
f 205/4021/4021 206/4022/4022 641/4023/4023
f 205/4024/4024 641/4025/4025 640/4026/4026
f 201/4027/4027 202/4028/4028 645/4029/4029
f 201/4030/4030 645/4031/4031 644/4032/4032
f 197/4033/4033 198/4034/4034 649/4035/4035
f 197/4036/4036 649/4037/4037 648/4038/4038
f 193/4039/4039 194/4040/4040 653/4041/4041
f 193/4042/4042 653/4043/4043 652/4044/4044
f 189/4045/4045 190/4046/4046 657/4047/4047
f 189/4048/4048 657/4049/4049 656/4050/4050
f 185/4051/4051 186/4052/4052 661/4053/4053
f 185/4054/4054 661/4055/4055 660/4056/4056
f 181/4057/4057 182/4058/4058 665/4059/4059
f 181/4060/4060 665/4061/4061 664/4062/4062
f 157/4063/4063 158/4064/4064 669/4065/4065
f 157/4066/4066 669/4067/4067 668/4068/4068
f 149/4069/4069 150/4070/4070 673/4071/4071
f 149/4072/4072 673/4073/4073 672/4074/4074
f 141/4075/4075 142/4076/4076 677/4077/4077
f 141/4078/4078 677/4079/4079 676/4080/4080
f 133/4081/4081 134/4082/4082 681/4083/4083
f 133/4084/4084 681/4085/4085 680/4086/4086
f 40/4087/4087 44/4088/4088 688/4089/4089
f 40/4090/4090 688/4091/4091 687/4092/4092
f 43/4093/4093 39/4094/4094 690/4095/4095
f 43/4096/4096 690/4097/4097 689/4098/4098
f 44/4099/4099 43/4100/4100 689/4101/4101
f 44/4102/4102 689/4103/4103 688/4104/4104
f 39/4105/4105 40/4106/4106 687/4107/4107
f 39/4108/4108 687/4109/4109 690/4110/4110
f 263/4111/4111 210/4112/4112 691/4113/4113
f 263/4114/4114 691/4115/4115 692/4116/4116
f 81/4117/4117 135/4118/4118 693/4119/4119
f 81/4120/4120 693/4121/4121 694/4122/4122
f 209/4123/4123 257/4124/4124 695/4125/4125
f 209/4126/4126 695/4127/4127 696/4128/4128
f 129/4129/4129 82/4130/4130 697/4131/4131
f 129/4132/4132 697/4133/4133 698/4134/4134
f 205/4135/4135 285/4136/4136 699/4137/4137
f 205/4138/4138 699/4139/4139 700/4140/4140
f 161/4141/4141 79/4142/4142 701/4143/4143
f 161/4144/4144 701/4145/4145 702/4146/4146
f 255/4147/4147 206/4148/4148 703/4149/4149
f 255/4150/4150 703/4151/4151 704/4152/4152
f 80/4153/4153 127/4154/4154 705/4155/4155
f 80/4156/4156 705/4157/4157 706/4158/4158
f 201/4159/4159 261/4160/4160 707/4161/4161
f 201/4162/4162 707/4163/4163 708/4164/4164
f 137/4165/4165 77/4166/4166 709/4167/4167
f 137/4168/4168 709/4169/4169 710/4170/4170
f 251/4171/4171 202/4172/4172 711/4173/4173
f 251/4174/4174 711/4175/4175 712/4176/4176
f 78/4177/4177 125/4178/4178 713/4179/4179
f 78/4180/4180 713/4181/4181 714/4182/4182
f 271/4183/4183 198/4184/4184 715/4185/4185
f 271/4186/4186 715/4187/4187 716/4188/4188
f 75/4189/4189 143/4190/4190 717/4191/4191
f 75/4192/4192 717/4193/4193 718/4194/4194
f 197/4195/4195 253/4196/4196 719/4197/4197
f 197/4198/4198 719/4199/4199 720/4200/4200
f 123/4201/4201 76/4202/4202 721/4203/4203
f 123/4204/4204 721/4205/4205 722/4206/4206
f 287/4207/4207 194/4208/4208 723/4209/4209
f 287/4210/4210 723/4211/4211 724/4212/4212
f 73/4213/4213 159/4214/4214 725/4215/4215
f 73/4216/4216 725/4217/4217 726/4218/4218
f 193/4219/4219 249/4220/4220 727/4221/4221
f 193/4222/4222 727/4223/4223 728/4224/4224
f 121/4225/4225 74/4226/4226 729/4227/4227
f 121/4228/4228 729/4229/4229 730/4230/4230
f 189/4231/4231 277/4232/4232 731/4233/4233
f 189/4234/4234 731/4235/4235 732/4236/4236
f 153/4237/4237 71/4238/4238 733/4239/4239
f 153/4240/4240 733/4241/4241 734/4242/4242
f 247/4243/4243 190/4244/4244 735/4245/4245
f 247/4246/4246 735/4247/4247 736/4248/4248
f 72/4249/4249 119/4250/4250 737/4251/4251
f 72/4252/4252 737/4253/4253 738/4254/4254
f 279/4255/4255 186/4256/4256 739/4257/4257
f 279/4258/4258 739/4259/4259 740/4260/4260
f 69/4261/4261 151/4262/4262 741/4263/4263
f 69/4264/4264 741/4265/4265 742/4266/4266
f 185/4267/4267 245/4268/4268 743/4269/4269
f 185/4270/4270 743/4271/4271 744/4272/4272
f 117/4273/4273 70/4274/4274 745/4275/4275
f 117/4276/4276 745/4277/4277 746/4278/4278
f 181/4279/4279 269/4280/4280 747/4281/4281
f 181/4282/4282 747/4283/4283 748/4284/4284
f 145/4285/4285 67/4286/4286 749/4287/4287
f 145/4288/4288 749/4289/4289 750/4290/4290
f 243/4291/4291 182/4292/4292 751/4293/4293
f 243/4294/4294 751/4295/4295 752/4296/4296
f 68/4297/4297 115/4298/4298 753/4299/4299
f 68/4300/4300 753/4301/4301 754/4302/4302
f 284/4303/4303 158/4304/4304 755/4305/4305
f 284/4306/4306 755/4307/4307 756/4308/4308
f 61/4309/4309 162/4310/4310 757/4311/4311
f 61/4312/4312 757/4313/4313 758/4314/4314
f 157/4315/4315 288/4316/4316 759/4317/4317
f 157/4318/4318 759/4319/4319 760/4320/4320
f 160/4321/4321 62/4322/4322 761/4323/4323
f 160/4324/4324 761/4325/4325 762/4326/4326
f 276/4327/4327 150/4328/4328 763/4329/4329
f 276/4330/4330 763/4331/4331 764/4332/4332
f 59/4333/4333 154/4334/4334 765/4335/4335
f 59/4336/4336 765/4337/4337 766/4338/4338
f 149/4339/4339 280/4340/4340 767/4341/4341
f 149/4342/4342 767/4343/4343 768/4344/4344
f 152/4345/4345 60/4346/4346 769/4347/4347
f 152/4348/4348 769/4349/4349 770/4350/4350
f 268/4351/4351 142/4352/4352 771/4353/4353
f 268/4354/4354 771/4355/4355 772/4356/4356
f 57/4357/4357 146/4358/4358 773/4359/4359
f 57/4360/4360 773/4361/4361 774/4362/4362
f 141/4363/4363 272/4364/4364 775/4365/4365
f 141/4366/4366 775/4367/4367 776/4368/4368
f 144/4369/4369 58/4370/4370 777/4371/4371
f 144/4372/4372 777/4373/4373 778/4374/4374
f 260/4375/4375 134/4376/4376 779/4377/4377
f 260/4378/4378 779/4379/4379 780/4380/4380
f 55/4381/4381 138/4382/4382 781/4383/4383
f 55/4384/4384 781/4385/4385 782/4386/4386
f 133/4387/4387 264/4388/4388 783/4389/4389
f 133/4390/4390 783/4391/4391 784/4392/4392
f 136/4393/4393 56/4394/4394 785/4395/4395
f 136/4396/4396 785/4397/4397 786/4398/4398
f 54/4399/4399 130/4400/4400 787/4401/4401
f 54/4402/4402 787/4403/4403 788/4404/4404
f 128/4405/4405 54/4406/4406 788/4407/4407
f 128/4408/4408 788/4409/4409 789/4410/4410
f 126/4411/4411 53/4412/4412 790/4413/4413
f 126/4414/4414 790/4415/4415 791/4416/4416
f 53/4417/4417 124/4418/4418 792/4419/4419
f 53/4420/4420 792/4421/4421 790/4422/4422
f 52/4423/4423 122/4424/4424 793/4425/4425
f 52/4426/4426 793/4427/4427 794/4428/4428
f 120/4429/4429 52/4430/4430 794/4431/4431
f 120/4432/4432 794/4433/4433 795/4434/4434
f 51/4435/4435 118/4436/4436 796/4437/4437
f 51/4438/4438 796/4439/4439 797/4440/4440
f 116/4441/4441 51/4442/4442 797/4443/4443
f 116/4444/4444 797/4445/4445 798/4446/4446
f 285/4447/4447 284/4448/4448 756/4449/4449
f 285/4450/4450 756/4451/4451 699/4452/4452
f 162/4453/4453 161/4454/4454 702/4455/4455
f 162/4456/4456 702/4457/4457 757/4458/4458
f 288/4459/4459 287/4460/4460 724/4461/4461
f 288/4462/4462 724/4463/4463 759/4464/4464
f 159/4465/4465 160/4466/4466 762/4467/4467
f 159/4468/4468 762/4469/4469 725/4470/4470
f 277/4471/4471 276/4472/4472 764/4473/4473
f 277/4474/4474 764/4475/4475 731/4476/4476
f 154/4477/4477 153/4478/4478 734/4479/4479
f 154/4480/4480 734/4481/4481 765/4482/4482
f 280/4483/4483 279/4484/4484 740/4485/4485
f 280/4486/4486 740/4487/4487 767/4488/4488
f 151/4489/4489 152/4490/4490 770/4491/4491
f 151/4492/4492 770/4493/4493 741/4494/4494
f 269/4495/4495 268/4496/4496 772/4497/4497
f 269/4498/4498 772/4499/4499 747/4500/4500
f 146/4501/4501 145/4502/4502 750/4503/4503
f 146/4504/4504 750/4505/4505 773/4506/4506
f 272/4507/4507 271/4508/4508 716/4509/4509
f 272/4510/4510 716/4511/4511 775/4512/4512
f 143/4513/4513 144/4514/4514 778/4515/4515
f 143/4516/4516 778/4517/4517 717/4518/4518
f 261/4519/4519 260/4520/4520 780/4521/4521
f 261/4522/4522 780/4523/4523 707/4524/4524
f 138/4525/4525 137/4526/4526 710/4527/4527
f 138/4528/4528 710/4529/4529 781/4530/4530
f 264/4531/4531 263/4532/4532 692/4533/4533
f 264/4534/4534 692/4535/4535 783/4536/4536
f 135/4537/4537 136/4538/4538 786/4539/4539
f 135/4540/4540 786/4541/4541 693/4542/4542
f 257/4543/4543 256/4544/4544 799/4545/4545
f 257/4546/4546 799/4547/4547 695/4548/4548
f 130/4549/4549 129/4550/4550 698/4551/4551
f 130/4552/4552 698/4553/4553 787/4554/4554
f 256/4555/4555 255/4556/4556 704/4557/4557
f 256/4558/4558 704/4559/4559 799/4560/4560
f 127/4561/4561 128/4562/4562 789/4563/4563
f 127/4564/4564 789/4565/4565 705/4566/4566
f 252/4567/4567 251/4568/4568 712/4569/4569
f 252/4570/4570 712/4571/4571 800/4572/4572
f 125/4573/4573 126/4574/4574 791/4575/4575
f 125/4576/4576 791/4577/4577 713/4578/4578
f 253/4579/4579 252/4580/4580 800/4581/4581
f 253/4582/4582 800/4583/4583 719/4584/4584
f 124/4585/4585 123/4586/4586 722/4587/4587
f 124/4588/4588 722/4589/4589 792/4590/4590
f 249/4591/4591 248/4592/4592 801/4593/4593
f 249/4594/4594 801/4595/4595 727/4596/4596
f 122/4597/4597 121/4598/4598 730/4599/4599
f 122/4600/4600 730/4601/4601 793/4602/4602
f 248/4603/4603 247/4604/4604 736/4605/4605
f 248/4606/4606 736/4607/4607 801/4608/4608
f 119/4609/4609 120/4610/4610 795/4611/4611
f 119/4612/4612 795/4613/4613 737/4614/4614
f 245/4615/4615 244/4616/4616 802/4617/4617
f 245/4618/4618 802/4619/4619 743/4620/4620
f 118/4621/4621 117/4622/4622 746/4623/4623
f 118/4624/4624 746/4625/4625 796/4626/4626
f 244/4627/4627 243/4628/4628 752/4629/4629
f 244/4630/4630 752/4631/4631 802/4632/4632
f 115/4633/4633 116/4634/4634 798/4635/4635
f 115/4636/4636 798/4637/4637 753/4638/4638
f 210/4639/4639 209/4640/4640 696/4641/4641
f 210/4642/4642 696/4643/4643 691/4644/4644
f 82/4645/4645 81/4646/4646 694/4647/4647
f 82/4648/4648 694/4649/4649 697/4650/4650
f 206/4651/4651 205/4652/4652 700/4653/4653
f 206/4654/4654 700/4655/4655 703/4656/4656
f 79/4657/4657 80/4658/4658 706/4659/4659
f 79/4660/4660 706/4661/4661 701/4662/4662
f 202/4663/4663 201/4664/4664 708/4665/4665
f 202/4666/4666 708/4667/4667 711/4668/4668
f 77/4669/4669 78/4670/4670 714/4671/4671
f 77/4672/4672 714/4673/4673 709/4674/4674
f 198/4675/4675 197/4676/4676 720/4677/4677
f 198/4678/4678 720/4679/4679 715/4680/4680
f 76/4681/4681 75/4682/4682 718/4683/4683
f 76/4684/4684 718/4685/4685 721/4686/4686
f 194/4687/4687 193/4688/4688 728/4689/4689
f 194/4690/4690 728/4691/4691 723/4692/4692
f 74/4693/4693 73/4694/4694 726/4695/4695
f 74/4696/4696 726/4697/4697 729/4698/4698
f 190/4699/4699 189/4700/4700 732/4701/4701
f 190/4702/4702 732/4703/4703 735/4704/4704
f 71/4705/4705 72/4706/4706 738/4707/4707
f 71/4708/4708 738/4709/4709 733/4710/4710
f 186/4711/4711 185/4712/4712 744/4713/4713
f 186/4714/4714 744/4715/4715 739/4716/4716
f 70/4717/4717 69/4718/4718 742/4719/4719
f 70/4720/4720 742/4721/4721 745/4722/4722
f 182/4723/4723 181/4724/4724 748/4725/4725
f 182/4726/4726 748/4727/4727 751/4728/4728
f 67/4729/4729 68/4730/4730 754/4731/4731
f 67/4732/4732 754/4733/4733 749/4734/4734
f 158/4735/4735 157/4736/4736 760/4737/4737
f 158/4738/4738 760/4739/4739 755/4740/4740
f 62/4741/4741 61/4742/4742 758/4743/4743
f 62/4744/4744 758/4745/4745 761/4746/4746
f 150/4747/4747 149/4748/4748 768/4749/4749
f 150/4750/4750 768/4751/4751 763/4752/4752
f 60/4753/4753 59/4754/4754 766/4755/4755
f 60/4756/4756 766/4757/4757 769/4758/4758
f 142/4759/4759 141/4760/4760 776/4761/4761
f 142/4762/4762 776/4763/4763 771/4764/4764
f 58/4765/4765 57/4766/4766 774/4767/4767
f 58/4768/4768 774/4769/4769 777/4770/4770
f 134/4771/4771 133/4772/4772 784/4773/4773
f 134/4774/4774 784/4775/4775 779/4776/4776
f 56/4777/4777 55/4778/4778 782/4779/4779
f 56/4780/4780 782/4781/4781 785/4782/4782
f 17/4783/4783 22/4784/4784 804/4785/4785
f 17/4786/4786 804/4787/4787 803/4788/4788
f 21/4789/4789 20/4790/4790 806/4791/4791
f 21/4792/4792 806/4793/4793 805/4794/4794
f 23/4795/4795 21/4796/4796 805/4797/4797
f 23/4798/4798 805/4799/4799 807/4800/4800
f 22/4801/4801 24/4802/4802 808/4803/4803
f 22/4804/4804 808/4805/4805 804/4806/4806
f 18/4807/4807 17/4808/4808 803/4809/4809
f 18/4810/4810 803/4811/4811 809/4812/4812
f 20/4813/4813 19/4814/4814 810/4815/4815
f 20/4816/4816 810/4817/4817 806/4818/4818
f 24/4819/4819 23/4820/4820 807/4821/4821
f 24/4822/4822 807/4823/4823 808/4824/4824
f 19/4825/4825 18/4826/4826 809/4827/4827
f 19/4828/4828 809/4829/4829 810/4830/4830
f 619/4831/4831 620/4832/4832 812/4833/4833
f 619/4834/4834 812/4835/4835 811/4836/4836
f 621/4837/4837 619/4838/4838 811/4839/4839
f 621/4840/4840 811/4841/4841 813/4842/4842
f 622/4843/4843 621/4844/4844 813/4845/4845
f 622/4846/4846 813/4847/4847 814/4848/4848
f 620/4849/4849 622/4850/4850 814/4851/4851
f 620/4852/4852 814/4853/4853 812/4854/4854
f 623/4855/4855 624/4856/4856 816/4857/4857
f 623/4858/4858 816/4859/4859 815/4860/4860
f 625/4861/4861 623/4862/4862 815/4863/4863
f 625/4864/4864 815/4865/4865 817/4866/4866
f 626/4867/4867 625/4868/4868 817/4869/4869
f 626/4870/4870 817/4871/4871 818/4872/4872
f 624/4873/4873 626/4874/4874 818/4875/4875
f 624/4876/4876 818/4877/4877 816/4878/4878
f 815/4879/4879 816/4880/4880 820/4881/4881
f 815/4882/4882 820/4883/4883 819/4884/4884
f 817/4885/4885 815/4886/4886 819/4887/4887
f 817/4888/4888 819/4889/4889 821/4890/4890
f 818/4891/4891 817/4892/4892 821/4893/4893
f 818/4894/4894 821/4895/4895 822/4896/4896
f 816/4897/4897 818/4898/4898 822/4899/4899
f 816/4900/4900 822/4901/4901 820/4902/4902
f 811/4903/4903 812/4904/4904 824/4905/4905
f 811/4906/4906 824/4907/4907 823/4908/4908
f 813/4909/4909 811/4910/4910 823/4911/4911
f 813/4912/4912 823/4913/4913 825/4914/4914
f 814/4915/4915 813/4916/4916 825/4917/4917
f 814/4918/4918 825/4919/4919 826/4920/4920
f 812/4921/4921 814/4922/4922 826/4923/4923
f 812/4924/4924 826/4925/4925 824/4926/4926
