mtllib cave.mtl

o align0
v -80.000000 0.000000 160.000000
v 0.000000 0.000000 160.000000
v 0.000000 0.000000 280.000000
v -80.000000 0.000000 280.000000
vt 0.000000 1.000000
vt 0.000000 1.000000
vt 0.000000 1.000000
vt 0.000000 1.000000
vt 0.000000 1.000000
vt 0.000000 1.000000
vn 0.000000 1.000000 0.000000
vn 0.000000 1.000000 0.000000
vn 0.000000 1.000000 0.000000
vn 0.000000 1.000000 0.000000
vn 0.000000 1.000000 0.000000
vn 0.000000 1.000000 0.000000
usemtl mat_000_align0
f 1/1/1 2/2/2 3/3/3
usemtl mat_000_align0
f 1/4/4 3/5/5 4/6/6

o Helper
v 0.000000 0.000000 0.000000
v 80.000000 0.000000 0.000000
v 80.000000 0.000000 120.000000
v 0.000000 0.000000 120.000000
vt 0.000000 1.000000
vt 0.000000 1.000000
vt 0.000000 1.000000
vt 0.000000 1.000000
vt 0.000000 1.000000
vt 0.000000 1.000000
vn 0.000000 1.000000 0.000000
vn 0.000000 1.000000 0.000000
vn 0.000000 1.000000 0.000000
vn 0.000000 1.000000 0.000000
vn 0.000000 1.000000 0.000000
vn 0.000000 1.000000 0.000000
usemtl mat_000_align0
f 5/7/7 6/8/8 7/9/9
usemtl mat_000_align0
f 5/10/10 7/11/11 8/12/12

o Cluster
v 60.000000 110.199997 100.000000
v 70.000000 117.299995 110.000000
v 70.000000 109.900002 100.000000
v 60.000000 110.199997 100.000000
v 60.000000 116.500000 110.000000
v 70.000000 117.299995 110.000000
v 70.000000 109.900002 100.000000
v 80.000000 116.599998 110.000000
v 80.000000 113.699997 100.000000
v 70.000000 109.900002 100.000000
v 70.000000 117.299995 110.000000
v 80.000000 116.599998 110.000000
v 60.000000 116.500000 110.000000
v 70.000000 119.199997 120.000000
v 70.000000 117.299995 110.000000
v 60.000000 116.500000 110.000000
v 60.000000 116.900002 120.000000
v 70.000000 119.199997 120.000000
v 70.000000 117.299995 110.000000
v 80.000000 115.000000 120.000000
v 80.000000 116.599998 110.000000
v 70.000000 117.299995 110.000000
v 70.000000 119.199997 120.000000
v 80.000000 115.000000 120.000000
vt 0.000000 0.000000
vt 0.500000 0.500000
vt 0.500000 0.000000
vt 0.000000 0.000000
vt 0.000000 0.500000
vt 0.500000 0.500000
vt 0.500000 0.000000
vt 1.000000 0.500000
vt 1.000000 0.000000
vt 0.500000 0.000000
vt 0.500000 0.500000
vt 1.000000 0.500000
vt 0.000000 0.500000
vt 0.500000 1.000000
vt 0.500000 0.500000
vt 0.000000 0.500000
vt 0.000000 1.000000
vt 0.500000 1.000000
vt 0.500000 0.500000
vt 1.000000 1.000000
vt 1.000000 0.500000
vt 0.500000 0.500000
vt 0.500000 1.000000
vt 1.000000 1.000000
vn 0.024108 0.803609 -0.594670
vn 0.024108 0.803609 -0.594670
vn 0.024108 0.803609 -0.594670
vn -0.067532 0.844160 -0.531821
vn -0.067532 0.844160 -0.531821
vn -0.067532 0.844160 -0.531821
vn -0.342843 0.902220 -0.261644
vn -0.342843 0.902220 -0.261644
vn -0.342843 0.902220 -0.261644
vn 0.056180 0.802573 -0.593903
vn 0.056180 0.802573 -0.593903
vn 0.056180 0.802573 -0.593903
vn -0.078352 0.979404 -0.186087
vn -0.078352 0.979404 -0.186087
vn -0.078352 0.979404 -0.186087
vn -0.223977 0.973816 -0.038953
vn -0.223977 0.973816 -0.038953
vn -0.223977 0.973816 -0.038953
vn 0.068956 0.985090 0.157614
vn 0.068956 0.985090 0.157614
vn 0.068956 0.985090 0.157614
vn 0.381424 0.908153 -0.172549
vn 0.381424 0.908153 -0.172549
vn 0.381424 0.908153 -0.172549
usemtl mat_001_Cluster
f 9/13/13 10/14/14 11/15/15
usemtl mat_001_Cluster
f 12/16/16 13/17/17 14/18/18
usemtl mat_001_Cluster
f 15/19/19 16/20/20 17/21/21
usemtl mat_001_Cluster
f 18/22/22 19/23/23 20/24/24
usemtl mat_001_Cluster
f 21/25/25 22/26/26 23/27/27
usemtl mat_001_Cluster
f 24/28/28 25/29/29 26/30/30
usemtl mat_001_Cluster
f 27/31/31 28/32/32 29/33/33
usemtl mat_001_Cluster
f 30/34/34 31/35/35 32/36/36

o Cluster48
v 40.000000 96.899994 100.000000
v 50.000000 110.599998 110.000000
v 50.000000 102.199997 100.000000
v 40.000000 96.899994 100.000000
v 40.000000 103.000000 110.000000
v 50.000000 110.599998 110.000000
v 50.000000 102.199997 100.000000
v 60.000000 116.500000 110.000000
v 60.000000 110.199997 100.000000
v 50.000000 102.199997 100.000000
v 50.000000 110.599998 110.000000
v 60.000000 116.500000 110.000000
v 40.000000 103.000000 110.000000
v 50.000000 116.199997 120.000000
v 50.000000 110.599998 110.000000
v 40.000000 103.000000 110.000000
v 40.000000 108.400002 120.000000
v 50.000000 116.199997 120.000000
v 50.000000 110.599998 110.000000
v 60.000000 116.900002 120.000000
v 60.000000 116.500000 110.000000
v 50.000000 110.599998 110.000000
v 50.000000 116.199997 120.000000
v 60.000000 116.900002 120.000000
vt 0.000000 0.000000
vt 0.500000 0.500000
vt 0.500000 0.000000
vt 0.000000 0.000000
vt 0.000000 0.500000
vt 0.500000 0.500000
vt 0.500000 0.000000
vt 1.000000 0.500000
vt 1.000000 0.000000
vt 0.500000 0.000000
vt 0.500000 0.500000
vt 1.000000 0.500000
vt 0.000000 0.500000
vt 0.500000 1.000000
vt 0.500000 0.500000
vt 0.000000 0.500000
vt 0.000000 1.000000
vt 0.500000 1.000000
vt 0.500000 0.500000
vt 1.000000 1.000000
vt 1.000000 0.500000
vt 0.500000 0.500000
vt 0.500000 1.000000
vt 1.000000 1.000000
vn -0.376038 0.709505 -0.595985
vn -0.376038 0.709505 -0.595985
vn -0.376038 0.709505 -0.595985
vn -0.544289 0.716170 -0.436864
vn -0.544289 0.716170 -0.436864
vn -0.544289 0.716170 -0.436864
vn -0.560538 0.700673 -0.441424
vn -0.560538 0.700673 -0.441424
vn -0.560538 0.700673 -0.441424
vn -0.411703 0.697801 -0.586153
vn -0.411703 0.697801 -0.586153
vn -0.411703 0.697801 -0.586153
vn -0.552643 0.727162 -0.407211
vn -0.552643 0.727162 -0.407211
vn -0.552643 0.727162 -0.407211
vn -0.565871 0.725476 -0.391757
vn -0.565871 0.725476 -0.391757
vn -0.565871 0.725476 -0.391757
vn -0.507848 0.860759 -0.034430
vn -0.507848 0.860759 -0.034430
vn -0.507848 0.860759 -0.034430
vn -0.060962 0.870883 -0.487694
vn -0.060962 0.870883 -0.487694
vn -0.060962 0.870883 -0.487694
usemtl mat_001_Cluster
f 33/37/37 34/38/38 35/39/39
usemtl mat_001_Cluster
f 36/40/40 37/41/41 38/42/42
usemtl mat_001_Cluster
f 39/43/43 40/44/44 41/45/45
usemtl mat_001_Cluster
f 42/46/46 43/47/47 44/48/48
usemtl mat_001_Cluster
f 45/49/49 46/50/50 47/51/51
usemtl mat_001_Cluster
f 48/52/52 49/53/53 50/54/54
usemtl mat_001_Cluster
f 51/55/55 52/56/56 53/57/57
usemtl mat_001_Cluster
f 54/58/58 55/59/59 56/60/60

o Cluster50
v 60.000000 100.599998 80.000000
v 70.000000 107.500000 90.000000
v 70.000000 103.900002 80.000000
v 60.000000 100.599998 80.000000
v 60.000000 104.099998 90.000000
v 70.000000 107.500000 90.000000
v 70.000000 103.900002 80.000000
v 80.000000 108.900002 90.000000
v 80.000000 105.199997 80.000000
v 70.000000 103.900002 80.000000
v 70.000000 107.500000 90.000000
v 80.000000 108.900002 90.000000
v 60.000000 104.099998 90.000000
v 70.000000 109.900002 100.000000
v 70.000000 107.500000 90.000000
v 60.000000 104.099998 90.000000
v 60.000000 110.199997 100.000000
v 70.000000 109.900002 100.000000
v 70.000000 107.500000 90.000000
v 80.000000 113.699997 100.000000
v 80.000000 108.900002 90.000000
v 70.000000 107.500000 90.000000
v 70.000000 109.900002 100.000000
v 80.000000 113.699997 100.000000
vt 0.000000 0.000000
vt 0.500000 0.500000
vt 0.500000 0.000000
vt 0.000000 0.000000
vt 0.000000 0.500000
vt 0.500000 0.500000
vt 0.500000 0.000000
vt 1.000000 0.500000
vt 1.000000 0.000000
vt 0.500000 0.000000
vt 0.500000 0.500000
vt 1.000000 0.500000
vt 0.000000 0.500000
vt 0.500000 1.000000
vt 0.500000 0.500000
vt 0.000000 0.500000
vt 0.000000 1.000000
vt 0.500000 1.000000
vt 0.500000 0.500000
vt 1.000000 1.000000
vt 1.000000 0.500000
vt 0.500000 0.500000
vt 0.500000 1.000000
vt 1.000000 1.000000
vn -0.296528 0.898570 -0.323485
vn -0.296528 0.898570 -0.323485
vn -0.296528 0.898570 -0.323485
vn -0.305563 0.898715 -0.314550
vn -0.305563 0.898715 -0.314550
vn -0.305563 0.898715 -0.314550
vn -0.121025 0.930968 -0.344459
vn -0.121025 0.930968 -0.344459
vn -0.121025 0.930968 -0.344459
vn -0.130596 0.932829 -0.335818
vn -0.130596 0.932829 -0.335818
vn -0.130596 0.932829 -0.335818
vn -0.313901 0.923239 -0.221577
vn -0.313901 0.923239 -0.221577
vn -0.313901 0.923239 -0.221577
vn 0.025602 0.853424 -0.520588
vn 0.025602 0.853424 -0.520588
vn 0.025602 0.853424 -0.520588
vn -0.125220 0.894427 -0.429325
vn -0.125220 0.894427 -0.429325
vn -0.125220 0.894427 -0.429325
vn -0.346602 0.912111 -0.218907
vn -0.346602 0.912111 -0.218907
vn -0.346602 0.912111 -0.218907
usemtl mat_001_Cluster
f 57/61/61 58/62/62 59/63/63
usemtl mat_001_Cluster
f 60/64/64 61/65/65 62/66/66
usemtl mat_001_Cluster
f 63/67/67 64/68/68 65/69/69
usemtl mat_001_Cluster
f 66/70/70 67/71/71 68/72/72
usemtl mat_001_Cluster
f 69/73/73 70/74/74 71/75/75
usemtl mat_001_Cluster
f 72/76/76 73/77/77 74/78/78
usemtl mat_001_Cluster
f 75/79/79 76/80/80 77/81/81
usemtl mat_001_Cluster
f 78/82/82 79/83/83 80/84/84

o Cluster52
v 40.000000 88.799995 80.000000
v 50.000000 99.899994 90.000000
v 50.000000 93.699997 80.000000
v 40.000000 88.799995 80.000000
v 40.000000 93.000000 90.000000
v 50.000000 99.899994 90.000000
v 50.000000 93.699997 80.000000
v 60.000000 104.099998 90.000000
v 60.000000 100.599998 80.000000
v 50.000000 93.699997 80.000000
v 50.000000 99.899994 90.000000
v 60.000000 104.099998 90.000000
v 40.000000 93.000000 90.000000
v 50.000000 102.199997 100.000000
v 50.000000 99.899994 90.000000
v 40.000000 93.000000 90.000000
v 40.000000 96.899994 100.000000
v 50.000000 102.199997 100.000000
v 50.000000 99.899994 90.000000
v 60.000000 110.199997 100.000000
v 60.000000 104.099998 90.000000
v 50.000000 99.899994 90.000000
v 50.000000 102.199997 100.000000
v 60.000000 110.199997 100.000000
vt 0.000000 0.000000
vt 0.500000 0.500000
vt 0.500000 0.000000
vt 0.000000 0.000000
vt 0.000000 0.500000
vt 0.500000 0.500000
vt 0.500000 0.000000
vt 1.000000 0.500000
vt 1.000000 0.000000
vt 0.500000 0.000000
vt 0.500000 0.500000
vt 1.000000 0.500000
vt 0.000000 0.500000
vt 0.500000 1.000000
vt 0.500000 0.500000
vt 0.000000 0.500000
vt 0.000000 1.000000
vt 0.500000 1.000000
vt 0.500000 0.500000
vt 1.000000 1.000000
vt 1.000000 0.500000
vt 0.500000 0.500000
vt 0.500000 1.000000
vt 1.000000 1.000000
vn -0.384447 0.784585 -0.486443
vn -0.384447 0.784585 -0.486443
vn -0.384447 0.784585 -0.486443
vn -0.536757 0.777910 -0.326723
vn -0.536757 0.777910 -0.326723
vn -0.536757 0.777910 -0.326723
vn -0.545732 0.790915 -0.276820
vn -0.545732 0.790915 -0.276820
vn -0.545732 0.790915 -0.276820
vn -0.336183 0.800436 -0.496270
vn -0.336183 0.800436 -0.496270
vn -0.336183 0.800436 -0.496270
vn -0.558014 0.808717 -0.186005
vn -0.558014 0.808717 -0.186005
vn -0.558014 0.808717 -0.186005
vn -0.442744 0.835366 -0.325792
vn -0.442744 0.835366 -0.325792
vn -0.442744 0.835366 -0.325792
vn -0.337516 0.803608 -0.490201
vn -0.337516 0.803608 -0.490201
vn -0.337516 0.803608 -0.490201
vn -0.614857 0.768572 -0.176772
vn -0.614857 0.768572 -0.176772
vn -0.614857 0.768572 -0.176772
usemtl mat_001_Cluster
f 81/85/85 82/86/86 83/87/87
usemtl mat_001_Cluster
f 84/88/88 85/89/89 86/90/90
usemtl mat_001_Cluster
f 87/91/91 88/92/92 89/93/93
usemtl mat_001_Cluster
f 90/94/94 91/95/95 92/96/96
usemtl mat_001_Cluster
f 93/97/97 94/98/98 95/99/99
usemtl mat_001_Cluster
f 96/100/100 97/101/101 98/102/102
usemtl mat_001_Cluster
f 99/103/103 100/104/104 101/105/105
usemtl mat_001_Cluster
f 102/106/106 103/107/107 104/108/108

o Cluster56
v 0.000000 0.000000 100.000000
v 10.000000 0.000000 110.000000
v 10.000000 0.000000 100.000000
v 0.000000 0.000000 110.000000
v 20.000000 0.000000 110.000000
v 20.000000 0.000000 100.000000
v 0.000000 0.000000 110.000000
v 10.000000 80.000000 120.000000
v 10.000000 0.000000 110.000000
v 0.000000 0.000000 110.000000
v 0.000000 73.000000 120.000000
v 10.000000 80.000000 120.000000
v 10.000000 0.000000 110.000000
v 20.000000 88.899994 120.000000
v 20.000000 0.000000 110.000000
v 10.000000 0.000000 110.000000
v 10.000000 80.000000 120.000000
v 20.000000 88.899994 120.000000
vt 0.000000 0.000000
vt 0.500000 0.500000
vt 0.500000 0.000000
vt 0.000000 0.000000
vt 0.000000 0.500000
vt 0.500000 0.500000
vt 0.500000 0.000000
vt 1.000000 0.500000
vt 1.000000 0.000000
vt 0.500000 0.000000
vt 0.500000 0.500000
vt 1.000000 0.500000
vt 0.000000 0.500000
vt 0.500000 1.000000
vt 0.500000 0.500000
vt 0.000000 0.500000
vt 0.000000 1.000000
vt 0.500000 1.000000
vt 0.500000 0.500000
vt 1.000000 1.000000
vt 1.000000 0.500000
vt 0.500000 0.500000
vt 0.500000 1.000000
vt 1.000000 1.000000
vn 0.000000 1.000000 0.000000
vn 0.000000 1.000000 0.000000
vn 0.000000 1.000000 0.000000
vn 0.000000 1.000000 0.000000
vn 0.000000 1.000000 0.000000
vn 0.000000 1.000000 0.000000
vn 0.000000 1.000000 0.000000
vn 0.000000 1.000000 0.000000
vn 0.000000 1.000000 0.000000
vn 0.000000 1.000000 0.000000
vn 0.000000 1.000000 0.000000
vn 0.000000 1.000000 0.000000
vn 0.000000 0.124035 -0.992278
vn 0.000000 0.124035 -0.992278
vn 0.000000 0.124035 -0.992278
vn -0.094577 0.135110 -0.986306
vn -0.094577 0.135110 -0.986306
vn -0.094577 0.135110 -0.986306
vn 0.000000 0.111781 -0.993733
vn 0.000000 0.111781 -0.993733
vn 0.000000 0.111781 -0.993733
vn -0.109724 0.123286 -0.986287
vn -0.109724 0.123286 -0.986287
vn -0.109724 0.123286 -0.986287
usemtl mat_001_Cluster
f 105/109/109 106/110/110 107/111/111
usemtl mat_001_Cluster
f 105/112/112 108/113/113 106/114/114
usemtl mat_001_Cluster
f 107/115/115 109/116/116 110/117/117
usemtl mat_001_Cluster
f 107/118/118 106/119/119 109/120/120
usemtl mat_001_Cluster
f 111/121/121 112/122/122 113/123/123
usemtl mat_001_Cluster
f 114/124/124 115/125/125 116/126/126
usemtl mat_001_Cluster
f 117/127/127 118/128/128 119/129/129
usemtl mat_001_Cluster
f 120/130/130 121/131/131 122/132/132

o Cluster60
v 0.000000 0.000000 80.000000
v 10.000000 0.000000 90.000000
v 10.000000 0.000000 80.000000
v 0.000000 0.000000 90.000000
v 20.000000 0.000000 90.000000
v 20.000000 0.000000 80.000000
v 10.000000 0.000000 100.000000
v 0.000000 0.000000 100.000000
v 20.000000 0.000000 100.000000
vt 0.000000 0.000000
vt 0.500000 0.500000
vt 0.500000 0.000000
vt 0.000000 0.000000
vt 0.000000 0.500000
vt 0.500000 0.500000
vt 0.500000 0.000000
vt 1.000000 0.500000
vt 1.000000 0.000000
vt 0.500000 0.000000
vt 0.500000 0.500000
vt 1.000000 0.500000
vt 0.000000 0.500000
vt 0.500000 1.000000
vt 0.500000 0.500000
vt 0.000000 0.500000
vt 0.000000 1.000000
vt 0.500000 1.000000
vt 0.500000 0.500000
vt 1.000000 1.000000
vt 1.000000 0.500000
vt 0.500000 0.500000
vt 0.500000 1.000000
vt 1.000000 1.000000
vn 0.000000 1.000000 0.000000
vn 0.000000 1.000000 0.000000
vn 0.000000 1.000000 0.000000
vn 0.000000 1.000000 0.000000
vn 0.000000 1.000000 0.000000
vn 0.000000 1.000000 0.000000
vn 0.000000 1.000000 0.000000
vn 0.000000 1.000000 0.000000
vn 0.000000 1.000000 0.000000
vn 0.000000 1.000000 0.000000
vn 0.000000 1.000000 0.000000
vn 0.000000 1.000000 0.000000
vn 0.000000 1.000000 0.000000
vn 0.000000 1.000000 0.000000
vn 0.000000 1.000000 0.000000
vn 0.000000 1.000000 0.000000
vn 0.000000 1.000000 0.000000
vn 0.000000 1.000000 0.000000
vn 0.000000 1.000000 0.000000
vn 0.000000 1.000000 0.000000
vn 0.000000 1.000000 0.000000
vn 0.000000 1.000000 0.000000
vn 0.000000 1.000000 0.000000
vn 0.000000 1.000000 0.000000
usemtl mat_002_Cluster60
f 123/133/133 124/134/134 125/135/135
usemtl mat_002_Cluster60
f 123/136/136 126/137/137 124/138/138
usemtl mat_002_Cluster60
f 125/139/139 127/140/140 128/141/141
usemtl mat_002_Cluster60
f 125/142/142 124/143/143 127/144/144
usemtl mat_002_Cluster60
f 126/145/145 129/146/146 124/147/147
usemtl mat_002_Cluster60
f 126/148/148 130/149/149 129/150/150
usemtl mat_002_Cluster60
f 124/151/151 131/152/152 127/153/153
usemtl mat_002_Cluster60
f 124/154/154 129/155/155 131/156/156

o Cluster62
v 60.000000 88.899994 60.000000
v 70.000000 98.699997 70.000000
v 70.000000 90.599998 60.000000
v 60.000000 88.899994 60.000000
v 60.000000 94.199997 70.000000
v 70.000000 98.699997 70.000000
v 70.000000 90.599998 60.000000
v 80.000000 100.799995 70.000000
v 80.000000 91.799995 60.000000
v 70.000000 90.599998 60.000000
v 70.000000 98.699997 70.000000
v 80.000000 100.799995 70.000000
v 60.000000 94.199997 70.000000
v 70.000000 103.900002 80.000000
v 70.000000 98.699997 70.000000
v 60.000000 94.199997 70.000000
v 60.000000 100.599998 80.000000
v 70.000000 103.900002 80.000000
v 70.000000 98.699997 70.000000
v 80.000000 105.199997 80.000000
v 80.000000 100.799995 70.000000
v 70.000000 98.699997 70.000000
v 70.000000 103.900002 80.000000
v 80.000000 105.199997 80.000000
vt 0.000000 0.000000
vt 0.500000 0.500000
vt 0.500000 0.000000
vt 0.000000 0.000000
vt 0.000000 0.500000
vt 0.500000 0.500000
vt 0.500000 0.000000
vt 1.000000 0.500000
vt 1.000000 0.000000
vt 0.500000 0.000000
vt 0.500000 0.500000
vt 1.000000 0.500000
vt 0.000000 0.500000
vt 0.500000 1.000000
vt 0.500000 0.500000
vt 0.000000 0.500000
vt 0.000000 1.000000
vt 0.500000 1.000000
vt 0.500000 0.500000
vt 1.000000 1.000000
vt 1.000000 0.500000
vt 0.500000 0.500000
vt 0.500000 1.000000
vt 1.000000 1.000000
vn -0.130963 0.770371 -0.624001
vn -0.130963 0.770371 -0.624001
vn -0.130963 0.770371 -0.624001
vn -0.369474 0.821052 -0.435158
vn -0.369474 0.821052 -0.435158
vn -0.369474 0.821052 -0.435158
vn -0.088842 0.740355 -0.666319
vn -0.088842 0.740355 -0.666319
vn -0.088842 0.740355 -0.666319
vn -0.161053 0.766920 -0.621205
vn -0.161053 0.766920 -0.621205
vn -0.161053 0.766920 -0.621205
vn -0.370788 0.823974 -0.428467
vn -0.370788 0.823974 -0.428467
vn -0.370788 0.823974 -0.428467
vn -0.267798 0.811508 -0.519365
vn -0.267798 0.811508 -0.519365
vn -0.267798 0.811508 -0.519365
vn -0.188761 0.898860 -0.395499
vn -0.188761 0.898860 -0.395499
vn -0.188761 0.898860 -0.395499
vn -0.114578 0.881374 -0.458315
vn -0.114578 0.881374 -0.458315
vn -0.114578 0.881374 -0.458315
usemtl mat_001_Cluster
f 132/157/157 133/158/158 134/159/159
usemtl mat_001_Cluster
f 135/160/160 136/161/161 137/162/162
usemtl mat_001_Cluster
f 138/163/163 139/164/164 140/165/165
usemtl mat_001_Cluster
f 141/166/166 142/167/167 143/168/168
usemtl mat_001_Cluster
f 144/169/169 145/170/170 146/171/171
usemtl mat_001_Cluster
f 147/172/172 148/173/173 149/174/174
usemtl mat_001_Cluster
f 150/175/175 151/176/176 152/177/177
usemtl mat_001_Cluster
f 153/178/178 154/179/179 155/180/180

o Cluster64
v 40.000000 78.500000 60.000000
v 50.000000 88.199997 70.000000
v 50.000000 83.500000 60.000000
v 40.000000 83.199997 70.000000
v 50.000000 83.500000 60.000000
v 60.000000 94.199997 70.000000
v 60.000000 88.899994 60.000000
v 50.000000 83.500000 60.000000
v 50.000000 88.199997 70.000000
v 60.000000 94.199997 70.000000
v 40.000000 83.199997 70.000000
v 50.000000 93.699997 80.000000
v 50.000000 88.199997 70.000000
v 40.000000 83.199997 70.000000
v 40.000000 88.799995 80.000000
v 50.000000 93.699997 80.000000
v 50.000000 88.199997 70.000000
v 60.000000 100.599998 80.000000
v 60.000000 94.199997 70.000000
v 50.000000 88.199997 70.000000
v 50.000000 93.699997 80.000000
v 60.000000 100.599998 80.000000
vt 0.000000 0.000000
vt 0.500000 0.500000
vt 0.500000 0.000000
vt 0.000000 0.000000
vt 0.000000 0.500000
vt 0.500000 0.500000
vt 0.500000 0.000000
vt 1.000000 0.500000
vt 1.000000 0.000000
vt 0.500000 0.000000
vt 0.500000 0.500000
vt 1.000000 0.500000
vt 0.000000 0.500000
vt 0.500000 1.000000
vt 0.500000 0.500000
vt 0.000000 0.500000
vt 0.000000 1.000000
vt 0.500000 1.000000
vt 0.500000 0.500000
vt 1.000000 1.000000
vt 1.000000 0.500000
vt 0.500000 0.500000
vt 0.500000 1.000000
vt 1.000000 1.000000
vn -0.412267 0.824534 -0.387531
vn -0.412267 0.824534 -0.387531
vn -0.412267 0.824534 -0.387531
vn -0.412267 0.824534 -0.387531
vn -0.412267 0.824534 -0.387531
vn -0.412267 0.824534 -0.387531
vn -0.430624 0.797452 -0.422650
vn -0.430624 0.797452 -0.422650
vn -0.430624 0.797452 -0.422650
vn -0.477199 0.795331 -0.373805
vn -0.477199 0.795331 -0.373805
vn -0.477199 0.795331 -0.373805
vn -0.401286 0.802572 -0.441415
vn -0.401286 0.802572 -0.441415
vn -0.401286 0.802572 -0.441415
vn -0.393109 0.802262 -0.449267
vn -0.393109 0.802262 -0.449267
vn -0.393109 0.802262 -0.449267
vn -0.451039 0.751731 -0.481108
vn -0.451039 0.751731 -0.481108
vn -0.451039 0.751731 -0.481108
vn -0.517380 0.749827 -0.412405
vn -0.517380 0.749827 -0.412405
vn -0.517380 0.749827 -0.412405
usemtl mat_001_Cluster
f 156/181/181 157/182/182 158/183/183
usemtl mat_001_Cluster
f 156/184/184 159/185/185 157/186/186
usemtl mat_001_Cluster
f 160/187/187 161/188/188 162/189/189
usemtl mat_001_Cluster
f 163/190/190 164/191/191 165/192/192
usemtl mat_001_Cluster
f 166/193/193 167/194/194 168/195/195
usemtl mat_001_Cluster
f 169/196/196 170/197/197 171/198/198
usemtl mat_001_Cluster
f 172/199/199 173/200/200 174/201/201
usemtl mat_001_Cluster
f 175/202/202 176/203/203 177/204/204

o Cluster66
v 60.000000 80.399994 40.000000
v 70.000000 87.199997 50.000000
v 70.000000 79.000000 40.000000
v 60.000000 80.399994 40.000000
v 60.000000 83.399994 50.000000
v 70.000000 87.199997 50.000000
v 70.000000 79.000000 40.000000
v 80.000000 84.399994 50.000000
v 80.000000 80.699997 40.000000
v 70.000000 79.000000 40.000000
v 70.000000 87.199997 50.000000
v 80.000000 84.399994 50.000000
v 60.000000 83.399994 50.000000
v 70.000000 90.599998 60.000000
v 70.000000 87.199997 50.000000
v 60.000000 83.399994 50.000000
v 60.000000 88.899994 60.000000
v 70.000000 90.599998 60.000000
v 70.000000 87.199997 50.000000
v 80.000000 91.799995 60.000000
v 80.000000 84.399994 50.000000
v 70.000000 87.199997 50.000000
v 70.000000 90.599998 60.000000
v 80.000000 91.799995 60.000000
vt 0.000000 0.000000
vt 0.500000 0.500000
vt 0.500000 0.000000
vt 0.000000 0.000000
vt 0.000000 0.500000
vt 0.500000 0.500000
vt 0.500000 0.000000
vt 1.000000 0.500000
vt 1.000000 0.000000
vt 0.500000 0.000000
vt 0.500000 0.500000
vt 1.000000 0.500000
vt 0.000000 0.500000
vt 0.500000 1.000000
vt 0.500000 0.500000
vt 0.000000 0.500000
vt 0.000000 1.000000
vt 0.500000 1.000000
vt 0.500000 0.500000
vt 1.000000 1.000000
vt 1.000000 0.500000
vt 0.500000 0.500000
vt 0.500000 1.000000
vt 1.000000 1.000000
vn 0.107628 0.768776 -0.630396
vn 0.107628 0.768776 -0.630396
vn 0.107628 0.768776 -0.630396
vn -0.342023 0.900061 -0.270018
vn -0.342023 0.900061 -0.270018
vn -0.342023 0.900061 -0.270018
vn -0.157448 0.926164 -0.342681
vn -0.157448 0.926164 -0.342681
vn -0.157448 0.926164 -0.342681
vn 0.211612 0.755756 -0.619720
vn 0.211612 0.755756 -0.619720
vn 0.211612 0.755756 -0.619720
vn -0.338531 0.890871 -0.302896
vn -0.338531 0.890871 -0.302896
vn -0.338531 0.890871 -0.302896
vn -0.147332 0.866654 -0.476660
vn -0.147332 0.866654 -0.476660
vn -0.147332 0.866654 -0.476660
vn 0.219583 0.784223 -0.580325
vn 0.219583 0.784223 -0.580325
vn 0.219583 0.784223 -0.580325
vn -0.112886 0.940721 -0.319845
vn -0.112886 0.940721 -0.319845
vn -0.112886 0.940721 -0.319845
usemtl mat_001_Cluster
f 178/205/205 179/206/206 180/207/207
usemtl mat_001_Cluster
f 181/208/208 182/209/209 183/210/210
usemtl mat_001_Cluster
f 184/211/211 185/212/212 186/213/213
usemtl mat_001_Cluster
f 187/214/214 188/215/215 189/216/216
usemtl mat_001_Cluster
f 190/217/217 191/218/218 192/219/219
usemtl mat_001_Cluster
f 193/220/220 194/221/221 195/222/222
usemtl mat_001_Cluster
f 196/223/223 197/224/224 198/225/225
usemtl mat_001_Cluster
f 199/226/226 200/227/227 201/228/228

o Cluster68
v 40.000000 73.500000 40.000000
v 50.000000 79.699997 50.000000
v 50.000000 76.099998 40.000000
v 40.000000 73.500000 40.000000
v 40.000000 76.699997 50.000000
v 50.000000 79.699997 50.000000
v 50.000000 76.099998 40.000000
v 60.000000 83.399994 50.000000
v 60.000000 80.399994 40.000000
v 50.000000 76.099998 40.000000
v 50.000000 79.699997 50.000000
v 60.000000 83.399994 50.000000
v 40.000000 76.699997 50.000000
v 50.000000 83.500000 60.000000
v 50.000000 79.699997 50.000000
v 40.000000 76.699997 50.000000
v 40.000000 78.500000 60.000000
v 50.000000 83.500000 60.000000
v 50.000000 79.699997 50.000000
v 60.000000 88.899994 60.000000
v 60.000000 83.399994 50.000000
v 50.000000 79.699997 50.000000
v 50.000000 83.500000 60.000000
v 60.000000 88.899994 60.000000
vt 0.000000 0.000000
vt 0.500000 0.500000
vt 0.500000 0.000000
vt 0.000000 0.000000
vt 0.000000 0.500000
vt 0.500000 0.500000
vt 0.500000 0.000000
vt 1.000000 0.500000
vt 1.000000 0.000000
vt 0.500000 0.000000
vt 0.500000 0.500000
vt 1.000000 0.500000
vt 0.000000 0.500000
vt 0.500000 1.000000
vt 0.500000 0.500000
vt 0.000000 0.500000
vt 0.000000 1.000000
vt 0.500000 1.000000
vt 0.500000 0.500000
vt 1.000000 1.000000
vt 1.000000 0.500000
vt 0.500000 0.500000
vt 0.500000 1.000000
vt 1.000000 1.000000
vn -0.237624 0.913938 -0.329017
vn -0.237624 0.913938 -0.329017
vn -0.237624 0.913938 -0.329017
vn -0.274733 0.915776 -0.293048
vn -0.274733 0.915776 -0.293048
vn -0.274733 0.915776 -0.293048
vn -0.380829 0.885650 -0.265695
vn -0.380829 0.885650 -0.265695
vn -0.380829 0.885650 -0.265695
vn -0.328775 0.888582 -0.319889
vn -0.328775 0.888582 -0.319889
vn -0.328775 0.888582 -0.319889
vn -0.270018 0.900061 -0.342023
vn -0.270018 0.900061 -0.342023
vn -0.270018 0.900061 -0.342023
vn -0.441528 0.883056 -0.158950
vn -0.441528 0.883056 -0.158950
vn -0.441528 0.883056 -0.158950
vn -0.308397 0.833507 -0.458429
vn -0.308397 0.833507 -0.458429
vn -0.308397 0.833507 -0.458429
vn -0.450626 0.834493 -0.317108
vn -0.450626 0.834493 -0.317108
vn -0.450626 0.834493 -0.317108
usemtl mat_001_Cluster
f 202/229/229 203/230/230 204/231/231
usemtl mat_001_Cluster
f 205/232/232 206/233/233 207/234/234
usemtl mat_001_Cluster
f 208/235/235 209/236/236 210/237/237
usemtl mat_001_Cluster
f 211/238/238 212/239/239 213/240/240
usemtl mat_001_Cluster
f 214/241/241 215/242/242 216/243/243
usemtl mat_001_Cluster
f 217/244/244 218/245/245 219/246/246
usemtl mat_001_Cluster
f 220/247/247 221/248/248 222/249/249
usemtl mat_001_Cluster
f 223/250/250 224/251/251 225/252/252

o Cluster72
v 0.000000 0.000000 60.000000
v 10.000000 0.000000 70.000000
v 10.000000 0.000000 60.000000
v 0.000000 0.000000 70.000000
v 20.000000 0.000000 70.000000
v 20.000000 0.000000 60.000000
v 10.000000 0.000000 80.000000
v 0.000000 0.000000 80.000000
v 20.000000 0.000000 80.000000
vt 1.000000 0.000000
vt 0.500000 0.500000
vt 1.000000 0.500000
vt 1.000000 0.000000
vt 0.500000 0.000000
vt 0.500000 0.500000
vt 1.000000 0.500000
vt 0.500000 1.000000
vt 1.000000 1.000000
vt 1.000000 0.500000
vt 0.500000 0.500000
vt 0.500000 1.000000
vt 0.500000 0.000000
vt 0.000000 0.500000
vt 0.500000 0.500000
vt 0.500000 0.000000
vt 0.000000 0.000000
vt 0.000000 0.500000
vt 0.500000 0.500000
vt 0.000000 1.000000
vt 0.500000 1.000000
vt 0.500000 0.500000
vt 0.000000 0.500000
vt 0.000000 1.000000
vn 0.000000 1.000000 0.000000
vn 0.000000 1.000000 0.000000
vn 0.000000 1.000000 0.000000
vn 0.000000 1.000000 0.000000
vn 0.000000 1.000000 0.000000
vn 0.000000 1.000000 0.000000
vn 0.000000 1.000000 0.000000
vn 0.000000 1.000000 0.000000
vn 0.000000 1.000000 0.000000
vn 0.000000 1.000000 0.000000
vn 0.000000 1.000000 0.000000
vn 0.000000 1.000000 0.000000
vn 0.000000 1.000000 0.000000
vn 0.000000 1.000000 0.000000
vn 0.000000 1.000000 0.000000
vn 0.000000 1.000000 0.000000
vn 0.000000 1.000000 0.000000
vn 0.000000 1.000000 0.000000
vn 0.000000 1.000000 0.000000
vn 0.000000 1.000000 0.000000
vn 0.000000 1.000000 0.000000
vn 0.000000 1.000000 0.000000
vn 0.000000 1.000000 0.000000
vn 0.000000 1.000000 0.000000
usemtl mat_003_Cluster72
f 226/253/253 227/254/254 228/255/255
usemtl mat_003_Cluster72
f 226/256/256 229/257/257 227/258/258
usemtl mat_003_Cluster72
f 228/259/259 230/260/260 231/261/261
usemtl mat_003_Cluster72
f 228/262/262 227/263/263 230/264/264
usemtl mat_003_Cluster72
f 229/265/265 232/266/266 227/267/267
usemtl mat_003_Cluster72
f 229/268/268 233/269/269 232/270/270
usemtl mat_003_Cluster72
f 227/271/271 234/272/272 230/273/273
usemtl mat_003_Cluster72
f 227/274/274 232/275/275 234/276/276

o Cluster76
v 0.000000 0.000000 40.000000
v 10.000000 0.000000 50.000000
v 10.000000 0.000000 40.000000
v 0.000000 0.000000 50.000000
v 10.000000 0.000000 40.000000
v 20.000000 0.000000 50.000000
v 20.000000 1.700000 40.000000
v 20.000000 0.000000 50.000000
v 10.000000 0.000000 60.000000
v 0.000000 0.000000 60.000000
v 20.000000 0.000000 60.000000
vt 1.000000 0.000000
vt 0.500000 0.500000
vt 1.000000 0.500000
vt 1.000000 0.000000
vt 0.500000 0.000000
vt 0.500000 0.500000
vt 1.000000 0.500000
vt 0.500000 1.000000
vt 1.000000 1.000000
vt 1.000000 0.500000
vt 0.500000 0.500000
vt 0.500000 1.000000
vt 0.500000 0.000000
vt 0.000000 0.500000
vt 0.500000 0.500000
vt 0.500000 0.000000
vt 0.000000 0.000000
vt 0.000000 0.500000
vt 0.500000 0.500000
vt 0.000000 1.000000
vt 0.500000 1.000000
vt 0.500000 0.500000
vt 0.000000 0.500000
vt 0.000000 1.000000
vn 0.000000 1.000000 0.000000
vn 0.000000 1.000000 0.000000
vn 0.000000 1.000000 0.000000
vn 0.000000 1.000000 0.000000
vn 0.000000 1.000000 0.000000
vn 0.000000 1.000000 0.000000
vn -0.165290 0.972295 0.165290
vn -0.165290 0.972295 0.165290
vn -0.165290 0.972295 0.165290
vn 0.000000 1.000000 0.000000
vn 0.000000 1.000000 0.000000
vn 0.000000 1.000000 0.000000
vn 0.000000 1.000000 0.000000
vn 0.000000 1.000000 0.000000
vn 0.000000 1.000000 0.000000
vn 0.000000 1.000000 0.000000
vn 0.000000 1.000000 0.000000
vn 0.000000 1.000000 0.000000
vn 0.000000 1.000000 0.000000
vn 0.000000 1.000000 0.000000
vn 0.000000 1.000000 0.000000
vn 0.000000 1.000000 0.000000
vn 0.000000 1.000000 0.000000
vn 0.000000 1.000000 0.000000
usemtl mat_003_Cluster72
f 235/277/277 236/278/278 237/279/279
usemtl mat_003_Cluster72
f 235/280/280 238/281/281 236/282/282
usemtl mat_003_Cluster72
f 239/283/283 240/284/284 241/285/285
usemtl mat_003_Cluster72
f 237/286/286 236/287/287 242/288/288
usemtl mat_003_Cluster72
f 238/289/289 243/290/290 236/291/291
usemtl mat_003_Cluster72
f 238/292/292 244/293/293 243/294/294
usemtl mat_003_Cluster72
f 236/295/295 245/296/296 242/297/297
usemtl mat_003_Cluster72
f 236/298/298 243/299/299 245/300/300

o Cluster78
v 60.000000 60.399998 20.000000
v 70.000000 70.099998 30.000000
v 70.000000 63.399998 20.000000
v 60.000000 60.399998 20.000000
v 60.000000 68.299995 30.000000
v 70.000000 70.099998 30.000000
v 70.000000 63.399998 20.000000
v 80.000000 75.599998 30.000000
v 80.000000 62.899998 20.000000
v 70.000000 63.399998 20.000000
v 70.000000 70.099998 30.000000
v 80.000000 75.599998 30.000000
v 60.000000 68.299995 30.000000
v 70.000000 79.000000 40.000000
v 70.000000 70.099998 30.000000
v 60.000000 68.299995 30.000000
v 60.000000 80.399994 40.000000
v 70.000000 79.000000 40.000000
v 70.000000 70.099998 30.000000
v 80.000000 80.699997 40.000000
v 80.000000 75.599998 30.000000
v 70.000000 70.099998 30.000000
v 70.000000 79.000000 40.000000
v 80.000000 80.699997 40.000000
vt 1.000000 0.000000
vt 0.500000 0.500000
vt 1.000000 0.500000
vt 1.000000 0.000000
vt 0.500000 0.000000
vt 0.500000 0.500000
vt 1.000000 0.500000
vt 0.500000 1.000000
vt 1.000000 1.000000
vt 1.000000 0.500000
vt 0.500000 0.500000
vt 0.500000 1.000000
vt 0.500000 0.000000
vt 0.000000 0.500000
vt 0.500000 0.500000
vt 0.500000 0.000000
vt 0.000000 0.000000
vt 0.000000 0.500000
vt 0.500000 0.500000
vt 0.000000 1.000000
vt 0.500000 1.000000
vt 0.500000 0.500000
vt 0.000000 0.500000
vt 0.000000 1.000000
vn -0.241833 0.806111 -0.540094
vn -0.241833 0.806111 -0.540094
vn -0.241833 0.806111 -0.540094
vn -0.139855 0.776970 -0.613806
vn -0.139855 0.776970 -0.613806
vn -0.139855 0.776970 -0.613806
vn 0.030917 0.618345 -0.785298
vn 0.030917 0.618345 -0.785298
vn 0.030917 0.618345 -0.785298
vn -0.415595 0.755627 -0.506270
vn -0.415595 0.755627 -0.506270
vn -0.415595 0.755627 -0.506270
vn -0.133260 0.740335 -0.658898
vn -0.133260 0.740335 -0.658898
vn -0.133260 0.740335 -0.658898
vn 0.088833 0.634528 -0.767778
vn 0.088833 0.634528 -0.767778
vn 0.088833 0.634528 -0.767778
vn -0.439986 0.799974 -0.407987
vn -0.439986 0.799974 -0.407987
vn -0.439986 0.799974 -0.407987
vn -0.125978 0.741046 -0.659531
vn -0.125978 0.741046 -0.659531
vn -0.125978 0.741046 -0.659531
usemtl mat_004_Cluster78
f 246/301/301 247/302/302 248/303/303
usemtl mat_004_Cluster78
f 249/304/304 250/305/305 251/306/306
usemtl mat_004_Cluster78
f 252/307/307 253/308/308 254/309/309
usemtl mat_004_Cluster78
f 255/310/310 256/311/311 257/312/312
usemtl mat_004_Cluster78
f 258/313/313 259/314/314 260/315/315
usemtl mat_004_Cluster78
f 261/316/316 262/317/317 263/318/318
usemtl mat_004_Cluster78
f 264/319/319 265/320/320 266/321/321
usemtl mat_004_Cluster78
f 267/322/322 268/323/323 269/324/324

o Cluster80
v 40.000000 53.099998 20.000000
v 50.000000 64.699997 30.000000
v 50.000000 53.500000 20.000000
v 40.000000 53.099998 20.000000
v 40.000000 62.399998 30.000000
v 50.000000 64.699997 30.000000
v 50.000000 53.500000 20.000000
v 60.000000 68.299995 30.000000
v 60.000000 60.399998 20.000000
v 50.000000 53.500000 20.000000
v 50.000000 64.699997 30.000000
v 60.000000 68.299995 30.000000
v 40.000000 62.399998 30.000000
v 50.000000 76.099998 40.000000
v 50.000000 64.699997 30.000000
v 40.000000 62.399998 30.000000
v 40.000000 73.500000 40.000000
v 50.000000 76.099998 40.000000
v 50.000000 64.699997 30.000000
v 60.000000 80.399994 40.000000
v 60.000000 68.299995 30.000000
v 50.000000 64.699997 30.000000
v 50.000000 76.099998 40.000000
v 60.000000 80.399994 40.000000
vt 0.000000 0.000000
vt 0.500000 0.500000
vt 0.500000 0.000000
vt 0.000000 0.000000
vt 0.000000 0.500000
vt 0.500000 0.500000
vt 0.500000 0.000000
vt 1.000000 0.500000
vt 1.000000 0.000000
vt 0.500000 0.000000
vt 0.500000 0.500000
vt 1.000000 0.500000
vt 0.000000 0.500000
vt 0.500000 1.000000
vt 0.500000 0.500000
vt 0.000000 0.500000
vt 0.000000 1.000000
vt 0.500000 1.000000
vt 0.500000 0.500000
vt 1.000000 1.000000
vt 1.000000 0.500000
vt 0.500000 0.500000
vt 0.500000 1.000000
vt 1.000000 1.000000
vn -0.026631 0.665780 -0.745673
vn -0.026631 0.665780 -0.745673
vn -0.026631 0.665780 -0.745673
vn -0.166083 0.722102 -0.671555
vn -0.166083 0.722102 -0.671555
vn -0.166083 0.722102 -0.671555
vn -0.476122 0.690033 -0.545126
vn -0.476122 0.690033 -0.545126
vn -0.476122 0.690033 -0.545126
vn -0.233157 0.647660 -0.725379
vn -0.233157 0.647660 -0.725379
vn -0.233157 0.647660 -0.725379
vn -0.149956 0.651981 -0.743259
vn -0.149956 0.651981 -0.743259
vn -0.149956 0.651981 -0.743259
vn -0.171450 0.659423 -0.731960
vn -0.171450 0.659423 -0.731960
vn -0.171450 0.659423 -0.731960
vn -0.223533 0.620926 -0.751321
vn -0.223533 0.620926 -0.751321
vn -0.223533 0.620926 -0.751321
vn -0.272803 0.634425 -0.723245
vn -0.272803 0.634425 -0.723245
vn -0.272803 0.634425 -0.723245
usemtl mat_001_Cluster
f 270/325/325 271/326/326 272/327/327
usemtl mat_001_Cluster
f 273/328/328 274/329/329 275/330/330
usemtl mat_001_Cluster
f 276/331/331 277/332/332 278/333/333
usemtl mat_001_Cluster
f 279/334/334 280/335/335 281/336/336
usemtl mat_001_Cluster
f 282/337/337 283/338/338 284/339/339
usemtl mat_001_Cluster
f 285/340/340 286/341/341 287/342/342
usemtl mat_001_Cluster
f 288/343/343 289/344/344 290/345/345
usemtl mat_001_Cluster
f 291/346/346 292/347/347 293/348/348

o Cluster82
v 60.000000 46.699997 0.000000
v 70.000000 57.500000 10.000000
v 70.000000 48.500000 0.000000
v 60.000000 46.699997 0.000000
v 60.000000 54.299999 10.000000
v 70.000000 57.500000 10.000000
v 70.000000 48.500000 0.000000
v 80.000000 57.200001 10.000000
v 80.000000 48.199997 0.000000
v 70.000000 57.500000 10.000000
v 60.000000 54.299999 10.000000
v 70.000000 63.399998 20.000000
v 70.000000 57.500000 10.000000
v 60.000000 54.299999 10.000000
v 60.000000 60.399998 20.000000
v 70.000000 63.399998 20.000000
v 70.000000 57.500000 10.000000
v 80.000000 62.899998 20.000000
v 80.000000 57.200001 10.000000
v 70.000000 57.500000 10.000000
v 70.000000 63.399998 20.000000
v 80.000000 62.899998 20.000000
vt 0.000000 0.000000
vt 0.500000 0.500000
vt 0.500000 0.000000
vt 0.000000 0.000000
vt 0.000000 0.500000
vt 0.500000 0.500000
vt 0.500000 0.000000
vt 1.000000 0.500000
vt 1.000000 0.000000
vt 0.500000 0.000000
vt 0.500000 0.500000
vt 1.000000 0.500000
vt 0.000000 0.500000
vt 0.500000 1.000000
vt 0.500000 0.500000
vt 0.000000 0.500000
vt 0.000000 1.000000
vt 0.500000 1.000000
vt 0.500000 0.500000
vt 1.000000 1.000000
vt 1.000000 0.500000
vt 0.500000 0.500000
vt 0.500000 1.000000
vt 1.000000 1.000000
vn -0.132612 0.736729 -0.663056
vn -0.132612 0.736729 -0.663056
vn -0.132612 0.736729 -0.663056
vn -0.246885 0.771517 -0.586353
vn -0.246885 0.771517 -0.586353
vn -0.246885 0.771517 -0.586353
vn 0.022294 0.743109 -0.668799
vn 0.022294 0.743109 -0.668799
vn 0.022294 0.743109 -0.668799
vn 0.022294 0.743109 -0.668799
vn 0.022293 0.743109 -0.668799
vn 0.022294 0.743109 -0.668799
vn -0.265700 0.830312 -0.489884
vn -0.265700 0.830312 -0.489884
vn -0.265700 0.830312 -0.489884
vn -0.248103 0.827011 -0.504477
vn -0.248103 0.827011 -0.504477
vn -0.248103 0.827011 -0.504477
vn 0.026054 0.868482 -0.495035
vn 0.026054 0.868482 -0.495035
vn 0.026054 0.868482 -0.495035
vn 0.043024 0.860472 -0.507678
vn 0.043024 0.860472 -0.507678
vn 0.043024 0.860472 -0.507678
usemtl mat_004_Cluster78
f 294/349/349 295/350/350 296/351/351
usemtl mat_004_Cluster78
f 297/352/352 298/353/353 299/354/354
usemtl mat_004_Cluster78
f 300/355/355 301/356/356 302/357/357
usemtl mat_004_Cluster78
f 300/358/358 303/359/359 301/360/360
usemtl mat_004_Cluster78
f 304/361/361 305/362/362 306/363/363
usemtl mat_004_Cluster78
f 307/364/364 308/365/365 309/366/366
usemtl mat_004_Cluster78
f 310/367/367 311/368/368 312/369/369
usemtl mat_004_Cluster78
f 313/370/370 314/371/371 315/372/372

o Cluster84
v 40.000000 34.899998 0.000000
v 50.000000 50.399998 10.000000
v 50.000000 44.199997 0.000000
v 40.000000 34.899998 0.000000
v 40.000000 43.599998 10.000000
v 50.000000 50.399998 10.000000
v 50.000000 44.199997 0.000000
v 60.000000 54.299999 10.000000
v 60.000000 46.699997 0.000000
v 50.000000 44.199997 0.000000
v 50.000000 50.399998 10.000000
v 60.000000 54.299999 10.000000
v 40.000000 43.599998 10.000000
v 50.000000 53.500000 20.000000
v 50.000000 50.399998 10.000000
v 40.000000 43.599998 10.000000
v 40.000000 53.099998 20.000000
v 50.000000 53.500000 20.000000
v 50.000000 50.399998 10.000000
v 60.000000 60.399998 20.000000
v 60.000000 54.299999 10.000000
v 50.000000 50.399998 10.000000
v 50.000000 53.500000 20.000000
v 60.000000 60.399998 20.000000
vt 0.000000 0.000000
vt 0.500000 0.500000
vt 0.500000 0.000000
vt 0.000000 0.000000
vt 0.000000 0.500000
vt 0.500000 0.500000
vt 0.500000 0.000000
vt 1.000000 0.500000
vt 1.000000 0.000000
vt 0.500000 0.000000
vt 0.500000 0.500000
vt 1.000000 0.500000
vt 0.000000 0.500000
vt 0.500000 1.000000
vt 0.500000 0.500000
vt 0.000000 0.500000
vt 0.000000 1.000000
vt 0.500000 1.000000
vt 0.500000 0.500000
vt 1.000000 1.000000
vt 1.000000 0.500000
vt 0.500000 0.500000
vt 0.500000 1.000000
vt 1.000000 1.000000
vn -0.620096 0.666770 -0.413398
vn -0.620096 0.666770 -0.413398
vn -0.620096 0.666770 -0.413398
vn -0.456458 0.671262 -0.583998
vn -0.456458 0.671262 -0.583998
vn -0.456458 0.671262 -0.583998
vn -0.195211 0.780845 -0.593442
vn -0.195211 0.780845 -0.593442
vn -0.195211 0.780845 -0.593442
vn -0.314629 0.806740 -0.500179
vn -0.314629 0.806740 -0.500179
vn -0.314629 0.806740 -0.500179
vn -0.544698 0.801026 -0.248318
vn -0.544698 0.801026 -0.248318
vn -0.544698 0.801026 -0.248318
vn -0.028988 0.724695 -0.688460
vn -0.028988 0.724695 -0.688460
vn -0.028988 0.724695 -0.688460
vn -0.315896 0.809989 -0.494093
vn -0.315896 0.809989 -0.494093
vn -0.315896 0.809989 -0.494093
vn -0.550294 0.797528 -0.247234
vn -0.550294 0.797528 -0.247234
vn -0.550294 0.797528 -0.247234
usemtl mat_001_Cluster
f 316/373/373 317/374/374 318/375/375
usemtl mat_001_Cluster
f 319/376/376 320/377/377 321/378/378
usemtl mat_001_Cluster
f 322/379/379 323/380/380 324/381/381
usemtl mat_001_Cluster
f 325/382/382 326/383/383 327/384/384
usemtl mat_001_Cluster
f 328/385/385 329/386/386 330/387/387
usemtl mat_001_Cluster
f 331/388/388 332/389/389 333/390/390
usemtl mat_001_Cluster
f 334/391/391 335/392/392 336/393/393
usemtl mat_001_Cluster
f 337/394/394 338/395/395 339/396/396

o Cluster88
v 0.000000 1.100000 20.000000
v 10.000000 0.000000 30.000000
v 10.000000 1.700000 20.000000
v 0.000000 1.100000 20.000000
v 0.000000 0.000000 30.000000
v 10.000000 0.000000 30.000000
v 10.000000 1.700000 20.000000
v 20.000000 4.000000 30.000000
v 20.000000 5.300000 20.000000
v 10.000000 1.700000 20.000000
v 10.000000 0.000000 30.000000
v 20.000000 4.000000 30.000000
v 0.000000 0.000000 30.000000
v 10.000000 0.000000 40.000000
v 10.000000 0.000000 30.000000
v 0.000000 0.000000 40.000000
v 10.000000 0.000000 30.000000
v 20.000000 1.700000 40.000000
v 20.000000 4.000000 30.000000
v 10.000000 0.000000 30.000000
v 10.000000 0.000000 40.000000
v 20.000000 1.700000 40.000000
vt 1.000000 0.000000
vt 0.500000 0.500000
vt 1.000000 0.500000
vt 1.000000 0.000000
vt 0.500000 0.000000
vt 0.500000 0.500000
vt 1.000000 0.500000
vt 0.500000 1.000000
vt 1.000000 1.000000
vt 1.000000 0.500000
vt 0.500000 0.500000
vt 0.500000 1.000000
vt 0.500000 0.000000
vt 0.000000 0.500000
vt 0.500000 0.500000
vt 0.500000 0.000000
vt 0.000000 0.000000
vt 0.000000 0.500000
vt 0.500000 0.500000
vt 0.000000 1.000000
vt 0.500000 1.000000
vt 0.500000 0.500000
vt 0.000000 0.500000
vt 0.000000 1.000000
vn -0.059048 0.984136 0.167303
vn -0.059048 0.984136 0.167303
vn -0.059048 0.984136 0.167303
vn 0.000000 0.994004 0.109340
vn 0.000000 0.994004 0.109340
vn 0.000000 0.994004 0.109340
vn -0.336214 0.933927 0.121411
vn -0.336214 0.933927 0.121411
vn -0.336214 0.933927 0.121411
vn -0.366849 0.917122 0.155911
vn -0.366849 0.917122 0.155911
vn -0.366849 0.917122 0.155911
vn 0.000000 1.000000 0.000000
vn 0.000000 1.000000 0.000000
vn 0.000000 1.000000 0.000000
vn 0.000000 1.000000 0.000000
vn 0.000000 1.000000 0.000000
vn 0.000000 1.000000 0.000000
vn -0.363201 0.908003 0.208841
vn -0.363201 0.908003 0.208841
vn -0.363201 0.908003 0.208841
vn -0.167596 0.985856 0.000000
vn -0.167596 0.985856 0.000000
vn -0.167596 0.985856 0.000000
usemtl mat_003_Cluster72
f 340/397/397 341/398/398 342/399/399
usemtl mat_003_Cluster72
f 343/400/400 344/401/401 345/402/402
usemtl mat_003_Cluster72
f 346/403/403 347/404/404 348/405/405
usemtl mat_003_Cluster72
f 349/406/406 350/407/407 351/408/408
usemtl mat_003_Cluster72
f 352/409/409 353/410/410 354/411/411
usemtl mat_003_Cluster72
f 352/412/412 355/413/413 353/414/414
usemtl mat_003_Cluster72
f 356/415/415 357/416/416 358/417/417
usemtl mat_003_Cluster72
f 359/418/418 360/419/419 361/420/420

o Cluster92
v 0.000000 4.400000 0.000000
v 10.000000 3.200000 10.000000
v 10.000000 5.000000 0.000000
v 0.000000 4.400000 0.000000
v 0.000000 1.700000 10.000000
v 10.000000 3.200000 10.000000
v 10.000000 5.000000 0.000000
v 20.000000 6.100000 10.000000
v 20.000000 7.200000 0.000000
v 10.000000 5.000000 0.000000
v 10.000000 3.200000 10.000000
v 20.000000 6.100000 10.000000
v 0.000000 1.700000 10.000000
v 10.000000 1.700000 20.000000
v 10.000000 3.200000 10.000000
v 0.000000 1.700000 10.000000
v 0.000000 1.100000 20.000000
v 10.000000 1.700000 20.000000
v 10.000000 3.200000 10.000000
v 20.000000 5.300000 20.000000
v 20.000000 6.100000 10.000000
v 10.000000 3.200000 10.000000
v 10.000000 1.700000 20.000000
v 20.000000 5.300000 20.000000
vt 1.000000 0.000000
vt 0.500000 0.500000
vt 1.000000 0.500000
vt 1.000000 0.000000
vt 0.500000 0.000000
vt 0.500000 0.500000
vt 1.000000 0.500000
vt 0.500000 1.000000
vt 1.000000 1.000000
vt 1.000000 0.500000
vt 0.500000 0.500000
vt 0.500000 1.000000
vt 0.500000 0.000000
vt 0.000000 0.500000
vt 0.500000 0.500000
vt 0.500000 0.000000
vt 0.000000 0.000000
vt 0.000000 0.500000
vt 0.500000 0.500000
vt 0.000000 1.000000
vt 0.500000 1.000000
vt 0.500000 0.500000
vt 0.000000 0.500000
vt 0.000000 1.000000
vn -0.058948 0.982472 0.176845
vn -0.058948 0.982472 0.176845
vn -0.058948 0.982472 0.176845
vn -0.143319 0.955462 0.257975
vn -0.143319 0.955462 0.257975
vn -0.143319 0.955462 0.257975
vn -0.213632 0.971057 0.106816
vn -0.213632 0.971057 0.106816
vn -0.213632 0.971057 0.106816
vn -0.274453 0.946391 0.170350
vn -0.274453 0.946391 0.170350
vn -0.274453 0.946391 0.170350
vn -0.146735 0.978232 0.146735
vn -0.146735 0.978232 0.146735
vn -0.146735 0.978232 0.146735
vn -0.059785 0.996419 0.059785
vn -0.059785 0.996419 0.059785
vn -0.059785 0.996419 0.059785
vn -0.277706 0.957607 0.076609
vn -0.277706 0.957607 0.076609
vn -0.277706 0.957607 0.076609
vn -0.335396 0.931655 0.139748
vn -0.335396 0.931655 0.139748
vn -0.335396 0.931655 0.139748
usemtl mat_003_Cluster72
f 362/421/421 363/422/422 364/423/423
usemtl mat_003_Cluster72
f 365/424/424 366/425/425 367/426/426
usemtl mat_003_Cluster72
f 368/427/427 369/428/428 370/429/429
usemtl mat_003_Cluster72
f 371/430/430 372/431/431 373/432/432
usemtl mat_003_Cluster72
f 374/433/433 375/434/434 376/435/435
usemtl mat_003_Cluster72
f 377/436/436 378/437/437 379/438/438
usemtl mat_003_Cluster72
f 380/439/439 381/440/440 382/441/441
usemtl mat_003_Cluster72
f 383/442/442 384/443/443 385/444/444

o obj10
v 20.000000 7.200000 0.000000
v 30.000000 10.099999 10.000000
v 30.000000 13.300000 0.000000
v 25.000000 50.000000 115.000000
v 42.425079 35.135452 103.775497
v 30.000000 9.099999 110.000000
v 30.000000 13.300000 0.000000
v 40.000000 43.599998 10.000000
v 40.000000 34.899998 0.000000
v 38.372475 32.611370 11.781620
v 40.000000 43.599998 10.000000
v 30.000000 13.300000 0.000000
v 30.000000 10.099999 10.000000
v 20.000000 6.100000 10.000000
v 20.000000 5.300000 20.000000
v 42.425079 35.135452 103.775497
v 25.000000 50.000000 115.000000
v 43.462551 62.972832 108.951103
v 30.000000 5.573031 30.000000
v 20.000000 4.000000 30.000000
v 20.000000 1.700000 40.000000
v 245.563171 61.801128 62.272034
v 254.759399 63.857090 52.044567
v 287.396637 39.160137 44.418106
v 288.986816 41.065903 -3.113036
v 273.170349 27.227474 -29.859127
v 298.267395 44.006168 -47.264565
v 43.462551 62.972832 108.951103
v 42.658611 73.905693 96.133461
v 55.521820 65.667702 102.570778
v 30.000000 2.854585 50.000000
v 20.000000 0.000000 50.000000
v 20.000000 0.000000 60.000000
v 25.000000 50.000000 115.000000
v 30.000000 100.000000 120.000000
v 43.462551 62.972832 108.951103
v 20.000000 0.000000 80.000000
v 30.000000 2.785328 90.000000
v 30.000000 2.354585 70.000000
v 20.000000 0.000000 100.000000
v 30.000000 9.099999 110.000000
v 30.000000 2.785328 90.000000
v 30.000000 9.099999 110.000000
v 42.425079 35.135452 103.775497
v 60.209621 13.518900 107.221710
v 30.000000 9.099999 110.000000
v 20.000000 0.000000 110.000000
v 25.000000 50.000000 115.000000
v 20.000000 0.000000 110.000000
v 20.000000 88.899994 120.000000
v 30.000000 100.000000 120.000000
v 25.000000 50.000000 115.000000
v 44.929646 5.374537 30.000000
v 30.000000 10.099999 10.000000
v 30.000000 5.573031 30.000000
v 40.061604 44.768272 23.827723
v 40.000000 53.099998 20.000000
v 40.000000 43.599998 10.000000
v 38.475681 55.290310 34.856255
v 40.000000 62.399998 30.000000
v 40.000000 53.099998 20.000000
v 30.000000 2.854585 50.000000
v 44.929646 2.511364 50.000000
v 44.929646 5.374537 30.000000
v 30.000000 5.573031 30.000000
v 38.372475 60.360233 45.047390
v 40.000000 73.500000 40.000000
v 40.000000 62.399998 30.000000
v 38.372475 64.485153 53.247017
v 40.000000 76.699997 50.000000
v 40.000000 73.500000 40.000000
v 38.372475 60.360233 45.047390
v 30.000000 2.354585 70.000000
v 44.929646 1.834999 70.000000
v 44.929646 2.511364 50.000000
v 30.000000 2.854585 50.000000
v 40.000000 76.699997 50.000000
v 38.372475 64.485153 53.247017
v 39.477028 69.834190 67.055939
v 30.000000 2.785328 90.000000
v 43.263733 3.015472 90.984734
v 44.929646 1.834999 70.000000
v 30.000000 2.354585 70.000000
v 40.000000 83.199997 70.000000
v 39.477028 69.834190 67.055939
v 40.306519 72.946312 82.832687
v 43.263733 3.015472 90.984734
v 30.000000 2.785328 90.000000
v 30.000000 9.099999 110.000000
v 40.000000 93.000000 90.000000
v 40.306519 72.946312 82.832687
v 42.658611 73.905693 96.133461
v 42.658611 73.905693 96.133461
v 43.462551 62.972832 108.951103
v 30.000000 100.000000 120.000000
v 40.061604 44.768272 23.827723
v 38.372475 32.611370 11.781620
v 46.250084 21.817471 11.781620
v 52.332016 58.047497 50.658852
v 38.372475 64.485153 53.247017
v 38.372475 60.360233 45.047390
v 52.332016 50.671799 32.464561
v 38.475681 55.290310 34.856255
v 60.209621 5.376755 24.914036
v 44.929646 5.374537 30.000000
v 44.929646 2.511364 50.000000
v 52.332016 58.047497 50.658852
v 73.319603 55.717960 69.820290
v 39.477028 69.834190 67.055939
v 39.477028 69.834190 67.055939
v 73.319603 55.717960 69.820290
v 52.332016 66.454674 90.821701
v 52.332016 66.454674 90.821701
v 55.521820 65.667702 102.570778
v 42.658611 73.905693 96.133461
v 40.306519 72.946312 82.832687
v 30.000000 13.300000 0.000000
v 30.000000 10.099999 10.000000
v 46.250084 21.817471 11.781620
v 46.250084 21.817471 11.781620
v 38.372475 32.611370 11.781620
v 30.000000 13.300000 0.000000
v 30.000000 100.000000 120.000000
v 40.000000 108.400002 120.000000
v 40.000000 103.000000 110.000000
v 30.000000 100.000000 120.000000
v 40.000000 103.000000 110.000000
v 40.000000 96.899994 100.000000
v 42.658611 73.905693 96.133461
v 30.000000 100.000000 120.000000
v 40.000000 96.899994 100.000000
v 40.306519 72.946312 82.832687
v 40.000000 93.000000 90.000000
v 40.000000 88.799995 80.000000
v 39.477028 69.834190 67.055939
v 40.000000 83.199997 70.000000
v 40.000000 78.500000 60.000000
v 40.000000 78.500000 60.000000
v 40.000000 76.699997 50.000000
v 39.477028 69.834190 67.055939
v 40.000000 88.799995 80.000000
v 40.000000 83.199997 70.000000
v 40.306519 72.946312 82.832687
v 40.000000 96.899994 100.000000
v 40.000000 93.000000 90.000000
v 42.658611 73.905693 96.133461
v 40.000000 62.399998 30.000000
v 38.475681 55.290310 34.856255
v 38.372475 60.360233 45.047390
v 40.000000 53.099998 20.000000
v 40.061604 44.768272 23.827723
v 38.475681 55.290310 34.856255
v 40.000000 43.599998 10.000000
v 38.372475 32.611370 11.781620
v 40.061604 44.768272 23.827723
v 254.759399 63.857090 52.044567
v 247.792709 63.984867 42.030384
v 282.601227 46.825916 31.913988
v 287.396637 39.160137 44.418106
v 44.929646 5.374537 30.000000
v 60.209621 5.376755 24.914036
v 46.250084 21.817471 11.781620
v 44.929646 5.374537 30.000000
v 46.250084 21.817471 11.781620
v 30.000000 10.099999 10.000000
v 20.000000 0.000000 60.000000
v 20.000000 0.000000 70.000000
v 30.000000 2.354585 70.000000
v 30.000000 2.854585 50.000000
v 20.000000 1.700000 40.000000
v 20.000000 0.000000 50.000000
v 30.000000 5.573031 30.000000
v 20.000000 5.300000 20.000000
v 20.000000 4.000000 30.000000
v 30.000000 10.099999 10.000000
v 20.000000 7.200000 0.000000
v 20.000000 6.100000 10.000000
v 20.000000 0.000000 90.000000
v 30.000000 2.785328 90.000000
v 20.000000 0.000000 80.000000
v 20.000000 0.000000 110.000000
v 30.000000 9.099999 110.000000
v 20.000000 0.000000 100.000000
v 20.000000 0.000000 100.000000
v 20.000000 0.000000 80.000000
v 20.000000 0.000000 60.000000
v 30.000000 2.354585 70.000000
v 30.000000 2.854585 50.000000
v 20.000000 1.700000 40.000000
v 30.000000 2.854585 50.000000
v 30.000000 5.573031 30.000000
v 20.000000 5.300000 20.000000
v 30.000000 5.573031 30.000000
v 30.000000 10.099999 10.000000
v 287.396637 39.160137 44.418106
v 246.551315 52.190380 76.612518
v 245.563171 61.801128 62.272034
v 52.332016 50.671799 32.464561
v 38.475681 55.290310 34.856255
v 40.061604 44.768272 23.827723
v 220.370407 15.706903 -52.097466
v 233.466370 0.862441 -53.810482
v 250.262726 11.203167 -61.009960
v 237.967285 54.318222 15.129098
v 247.792709 63.984867 42.030384
v 217.110611 48.124863 37.391174
v 336.557861 -99.267204 50.790138
v 263.247406 -103.031960 30.882326
v 252.848770 -31.157146 38.799389
v 81.039688 38.294666 115.071915
v 42.425079 35.135452 103.775497
v 43.462551 62.972832 108.951103
v 60.209621 13.518900 107.221710
v 42.425079 35.135452 103.775497
v 81.039688 38.294666 115.071915
v 60.209621 13.518900 107.221710
v 60.209621 3.623078 90.821693
v 43.263733 3.015472 90.984734
v 43.263733 3.015472 90.984734
v 30.000000 9.099999 110.000000
v 60.209621 13.518900 107.221710
v 108.210266 14.684583 99.246872
v 60.209621 13.518900 107.221710
v 81.039688 38.294666 115.071915
v 92.076805 64.285698 102.178986
v 130.102219 39.541584 102.743439
v 81.039688 38.294666 115.071915
v 88.078949 49.579880 25.707279
v 52.332016 50.671799 32.464561
v 40.061604 44.768272 23.827723
v 74.531967 34.749405 19.419645
v 78.587723 20.147978 1.279417
v 74.531967 34.749405 19.419645
v 40.061604 44.768272 23.827723
v 92.076805 64.285698 102.178986
v 43.462551 62.972832 108.951103
v 55.521820 65.667702 102.570778
v 102.912071 66.697960 93.801880
v 105.464149 4.290215 83.394318
v 60.209621 3.623078 90.821693
v 60.209621 13.518900 107.221710
v 108.210266 14.684583 99.246872
v 92.743904 66.973511 84.750938
v 97.814171 47.085091 82.727356
v 100.363121 66.922211 88.264618
v 96.938591 58.868580 77.592384
v 97.814171 47.085091 82.727356
v 92.743904 66.973511 84.750938
v 94.311852 61.449574 62.187477
v 73.319603 55.717960 69.820290
v 52.332016 58.047497 50.658852
v 60.209621 5.376755 24.914036
v 60.209621 3.623078 90.821693
v 105.464149 4.290215 83.394318
v 95.761864 4.251493 25.822731
v 91.118752 57.510460 43.407497
v 52.332016 58.047497 50.658852
v 52.332016 50.671799 32.464561
v 88.078949 49.579880 25.707279
v 78.587723 20.147978 1.279417
v 46.250084 21.817471 11.781620
v 60.209621 5.376755 24.914036
v 135.357773 24.149662 93.497795
v 108.210266 14.684583 99.246872
v 130.102219 39.541584 102.743439
v 146.728333 64.922150 91.205925
v 92.076805 64.285698 102.178986
v 102.912071 66.697960 93.801880
v 156.875900 67.182693 81.969269
v 144.312424 -0.792172 6.148869
v 125.756256 19.439966 13.238674
v 78.587723 20.147978 1.279417
v 95.761864 4.251493 25.822731
v 105.464149 4.290215 83.394318
v 158.506607 0.060682 72.315880
v 144.312424 -0.792172 6.148869
v 122.705490 42.979141 10.395391
v 136.713913 49.112610 15.509605
v 88.078949 49.579880 25.707279
v 122.705490 42.979141 10.395391
v 74.531967 34.749405 19.419645
v 78.587723 20.147978 1.279417
v 136.713913 49.112610 15.509605
v 141.146729 52.404064 32.797512
v 91.118752 57.510460 43.407497
v 135.357773 24.149662 93.497795
v 162.505280 21.877460 87.748718
v 158.506607 0.060682 72.315880
v 156.875900 67.182693 81.969269
v 102.912071 66.697960 93.801880
v 100.363121 66.922211 88.264618
v 150.924591 67.483238 71.323776
v 107.737419 67.230652 79.876457
v 129.438019 54.665318 43.439613
v 141.146729 52.404064 32.797512
v 136.694290 52.047253 51.208633
v 107.737419 67.230652 79.876457
v 97.814171 47.085091 82.727356
v 96.938591 58.868580 77.592384
v 204.190491 63.984867 56.630859
v 150.924591 67.483238 71.323776
v 136.694290 52.047253 51.208633
v 211.157104 63.857090 66.645065
v 156.875900 67.182693 81.969269
v 150.924591 67.483238 71.323776
v 204.190491 63.984867 56.630859
v 211.723724 1.126689 58.035240
v 192.040359 -0.706671 3.100495
v 144.312424 -0.792172 6.148869
v 158.506607 0.060682 72.315880
v 201.960968 61.801128 76.872589
v 146.728333 64.922150 91.205925
v 156.875900 67.182693 81.969269
v 211.157104 63.857090 66.645065
v 189.870621 21.266838 80.275757
v 217.235962 12.008846 72.802788
v 211.723724 1.126689 58.035240
v 184.539703 44.651577 2.828287
v 136.713913 49.112610 15.509605
v 122.705490 42.979141 10.395391
v 170.086380 38.475716 -0.773239
v 170.086380 38.475716 -0.773239
v 122.705490 42.979141 10.395391
v 124.230873 31.209553 7.123216
v 171.892761 14.709213 5.735916
v 125.756256 19.439966 13.238674
v 144.312424 -0.792172 6.148869
v 287.396637 39.160137 44.418106
v 260.838287 12.008846 58.202267
v 217.235962 12.008846 72.802788
v 81.039688 38.294666 115.071915
v 130.102219 39.541584 102.743439
v 108.210266 14.684583 99.246872
v 81.039688 38.294666 115.071915
v 43.462551 62.972832 108.951103
v 92.076805 64.285698 102.178986
v 100.363121 66.922211 88.264618
v 97.814171 47.085091 82.727356
v 107.737419 67.230652 79.876457
v 55.521820 65.667702 102.570778
v 52.332016 66.454674 90.821701
v 92.743904 66.973511 84.750938
v 102.912071 66.697960 93.801880
v 100.363121 66.922211 88.264618
v 52.332016 66.454674 90.821701
v 73.319603 55.717960 69.820290
v 94.311852 61.449574 62.187477
v 150.924591 67.483238 71.323776
v 107.737419 67.230652 79.876457
v 96.938591 58.868580 77.592384
v 136.694290 52.047253 51.208633
v 129.438019 54.665318 43.439613
v 125.368912 39.534676 49.552700
v 122.841888 54.337944 54.839985
v 91.118752 57.510460 43.407497
v 141.146729 52.404064 32.797512
v 129.438019 54.665318 43.439613
v 96.938591 58.868580 77.592384
v 94.311852 61.449574 62.187477
v 122.841888 54.337944 54.839985
v 122.841888 54.337944 54.839985
v 94.311852 61.449574 62.187477
v 91.118752 57.510460 43.407497
v 129.438019 54.665318 43.439613
v 122.841888 54.337944 54.839985
v 91.118752 57.510460 43.407497
v 91.118752 57.510460 43.407497
v 88.078949 49.579880 25.707279
v 136.713913 49.112610 15.509605
v 94.311852 61.449574 62.187477
v 96.938591 58.868580 77.592384
v 92.743904 66.973511 84.750938
v 94.311852 61.449574 62.187477
v 92.743904 66.973511 84.750938
v 52.332016 66.454674 90.821701
v 52.332016 66.454674 90.821701
v 40.306519 72.946312 82.832687
v 39.477028 69.834190 67.055939
v 52.332016 58.047497 50.658852
v 91.118752 57.510460 43.407497
v 94.311852 61.449574 62.187477
v 39.477028 69.834190 67.055939
v 38.372475 64.485153 53.247017
v 52.332016 58.047497 50.658852
v 136.694290 52.047253 51.208633
v 122.841888 54.337944 54.839985
v 125.368912 39.534676 49.552700
v 136.694290 52.047253 51.208633
v 96.938591 58.868580 77.592384
v 122.841888 54.337944 54.839985
v 136.694290 52.047253 51.208633
v 125.368912 39.534676 49.552700
v 129.438019 54.665318 43.439613
v 78.587723 20.147978 1.279417
v 95.761864 4.251493 25.822731
v 144.312424 -0.792172 6.148869
v 124.230873 31.209553 7.123216
v 125.756256 19.439966 13.238674
v 171.892761 14.709213 5.735916
v 78.587723 20.147978 1.279417
v 125.756256 19.439966 13.238674
v 124.230873 31.209553 7.123216
v 78.587723 20.147978 1.279417
v 124.230873 31.209553 7.123216
v 122.705490 42.979141 10.395391
v 40.061604 44.768272 23.827723
v 46.250084 21.817471 11.781620
v 78.587723 20.147978 1.279417
v 88.078949 49.579880 25.707279
v 74.531967 34.749405 19.419645
v 122.705490 42.979141 10.395391
v 130.102219 39.541584 102.743439
v 92.076805 64.285698 102.178986
v 146.728333 64.922150 91.205925
v 146.728333 64.922150 91.205925
v 162.505280 21.877460 87.748718
v 130.102219 39.541584 102.743439
v 162.505280 21.877460 87.748718
v 146.728333 64.922150 91.205925
v 201.960968 61.801128 76.872589
v 201.960968 61.801128 76.872589
v 189.870621 21.266838 80.275757
v 162.505280 21.877460 87.748718
v 158.506607 0.060682 72.315880
v 162.505280 21.877460 87.748718
v 189.870621 21.266838 80.275757
v 158.506607 0.060682 72.315880
v 105.464149 4.290215 83.394318
v 108.210266 14.684583 99.246872
v 44.929646 1.834999 70.000000
v 43.263733 3.015472 90.984734
v 60.209621 3.623078 90.821693
v 60.209621 5.376755 24.914036
v 44.929646 2.511364 50.000000
v 44.929646 1.834999 70.000000
v 60.209621 3.623078 90.821693
v 245.563171 61.801128 62.272034
v 201.960968 61.801128 76.872589
v 211.157104 63.857090 66.645065
v 254.759399 63.857090 52.044567
v 235.642517 -0.706671 -11.499981
v 192.040359 -0.706671 3.100495
v 211.723724 1.126689 58.035240
v 255.326050 1.126689 43.434765
v 204.832169 35.169418 -14.285240
v 233.173584 35.169415 -23.775639
v 228.141861 44.651577 -11.772188
v 260.838287 12.008846 58.202267
v 255.326050 1.126689 43.434765
v 211.723724 1.126689 58.035240
v 254.759399 63.857090 52.044567
v 211.157104 63.857090 66.645065
v 204.190491 63.984867 56.630859
v 247.792709 63.984867 42.030384
v 254.845444 23.581865 -30.798130
v 261.483246 26.824657 -22.575958
v 228.141861 44.651577 -11.772188
v 209.707642 -3.761418 -14.108303
v 192.040359 -0.706671 3.100495
v 235.642517 -0.706671 -11.499981
v 238.049042 -3.761425 -23.598717
v 254.845444 23.581865 -30.798130
v 238.049042 -3.761425 -23.598717
v 235.642517 -0.706671 -11.499981
v 196.611679 15.706903 -12.395287
v 171.892761 14.709213 5.735916
v 192.040359 -0.706671 3.100495
v 209.707642 -3.761418 -14.108303
v 233.466370 0.862441 -53.810482
v 209.707642 -3.761418 -14.108303
v 238.049042 -3.761425 -23.598717
v 261.807770 0.862434 -39.123161
v 261.807770 0.862434 -39.123161
v 238.049042 -3.761425 -23.598717
v 254.845444 23.581865 -30.798130
v 220.370407 15.706903 -52.097466
v 196.611679 15.706903 -12.395287
v 209.707642 -3.761418 -14.108303
v 233.466370 0.862441 -53.810482
v 254.845444 23.581865 -30.798130
v 233.173584 35.169415 -23.775639
v 241.718155 29.375641 -42.392799
v 250.262726 11.203167 -61.009960
v 233.466370 0.862441 -53.810482
v 261.807770 0.862434 -39.123161
v 250.262726 11.203167 -61.009960
v 261.807770 0.862434 -39.123161
v 254.845444 23.581865 -30.798130
v 220.370407 15.706903 -52.097466
v 250.262726 11.203167 -61.009960
v 241.718155 29.375641 -42.392799
v 204.832169 35.169418 -14.285240
v 196.611679 15.706903 -12.395287
v 220.370407 15.706903 -52.097466
v 220.370407 15.706903 -52.097466
v 233.173584 35.169415 -23.775639
v 204.832169 35.169418 -14.285240
v 241.718155 29.375641 -42.392799
v 233.173584 35.169415 -23.775639
v 220.370407 15.706903 -52.097466
v 241.718155 29.375641 -42.392799
v 250.262726 11.203167 -61.009960
v 254.845444 23.581865 -30.798130
v 235.642517 -0.706671 -11.499981
v 261.483246 26.824657 -22.575958
v 254.845444 23.581865 -30.798130
v 233.173584 35.169415 -23.775639
v 208.636703 30.399010 85.811386
v 217.235962 12.008846 72.802788
v 189.870621 21.266838 80.275757
v 208.636703 30.399010 85.811386
v 201.960968 61.801128 76.872589
v 225.885956 57.897800 77.844490
v 211.723724 1.126689 58.035240
v 158.506607 0.060682 72.315880
v 189.870621 21.266838 80.275757
v 217.235962 12.008846 72.802788
v 130.102219 39.541584 102.743439
v 162.505280 21.877460 87.748718
v 135.357773 24.149662 93.497795
v 108.210266 14.684583 99.246872
v 135.357773 24.149662 93.497795
v 158.506607 0.060682 72.315880
v 60.209621 5.376755 24.914036
v 95.761864 4.251493 25.822731
v 78.587723 20.147978 1.279417
v 144.312424 -0.792172 6.148869
v 192.040359 -0.706671 3.100495
v 171.892761 14.709213 5.735916
v 124.230873 31.209553 7.123216
v 171.892761 14.709213 5.735916
v 170.086380 38.475716 -0.773239
v 183.211929 49.416367 18.001459
v 184.539703 44.651577 2.828287
v 189.452393 43.429962 16.278929
v 141.146729 52.404064 32.797512
v 136.713913 49.112610 15.509605
v 184.539703 44.651577 2.828287
v 216.779846 53.451477 48.042458
v 217.110611 48.124863 37.391174
v 247.792709 63.984867 42.030384
v 217.110611 48.124863 37.391174
v 199.277802 37.580849 43.180214
v 194.365097 38.802460 29.729572
v 212.197891 43.291542 23.940521
v 209.211868 36.175510 10.698147
v 212.197891 43.291542 23.940521
v 194.365097 38.802460 29.729572
v 216.779846 53.451477 48.042458
v 204.190491 63.984867 56.630859
v 199.277802 37.580849 43.180214
v 228.141861 44.651577 -11.772188
v 261.483246 26.824657 -22.575958
v 267.436127 39.452053 -7.533886
v 209.211868 36.175510 10.698147
v 228.141861 44.651577 -11.772188
v 237.967285 54.318222 15.129098
v 212.197891 43.291542 23.940521
v 209.211868 36.175510 10.698147
v 237.967285 54.318222 15.129098
v 212.197891 43.291542 23.940521
v 136.694290 52.047253 51.208633
v 141.146729 52.404064 32.797512
v 184.539703 44.651577 2.828287
v 204.190491 63.984867 56.630859
v 191.932526 58.740303 43.038574
v 183.211929 49.416367 18.001459
v 199.277802 37.580849 43.180214
v 204.190491 63.984867 56.630859
v 191.932526 58.740303 43.038574
v 191.932526 58.740303 43.038574
v 183.211929 49.416367 18.001459
v 189.452393 43.429962 16.278929
v 194.365097 38.802460 29.729572
v 199.277802 37.580849 43.180214
v 191.932526 58.740303 43.038574
v 191.932526 58.740303 43.038574
v 189.452393 43.429962 16.278929
v 194.365097 38.802460 29.729572
v 199.277802 37.580849 43.180214
v 217.110611 48.124863 37.391174
v 216.779846 53.451477 48.042458
v 247.792709 63.984867 42.030384
v 204.190491 63.984867 56.630859
v 216.779846 53.451477 48.042458
v 196.611679 15.706903 -12.395287
v 204.832169 35.169418 -14.285240
v 209.211868 36.175510 10.698147
v 228.141861 44.651577 -11.772188
v 209.211868 36.175510 10.698147
v 204.832169 35.169418 -14.285240
v 194.365097 38.802460 29.729572
v 189.452393 43.429962 16.278929
v 209.211868 36.175510 10.698147
v 170.086380 38.475716 -0.773239
v 171.892761 14.709213 5.735916
v 196.611679 15.706903 -12.395287
v 184.539703 44.651577 2.828287
v 209.211868 36.175510 10.698147
v 189.452393 43.429962 16.278929
v 184.539703 44.651577 2.828287
v 184.539703 44.651577 2.828287
v 196.611679 15.706903 -12.395287
v 209.211868 36.175510 10.698147
v 189.870621 21.266838 80.275757
v 201.960968 61.801128 76.872589
v 208.636703 30.399010 85.811386
v 225.885956 57.897800 77.844490
v 246.551315 52.190380 76.612518
v 208.636703 30.399010 85.811386
v 225.885956 57.897800 77.844490
v 201.960968 61.801128 76.872589
v 245.563171 61.801128 62.272034
v 246.551315 52.190380 76.612518
v 225.885956 57.897800 77.844490
v 245.563171 61.801128 62.272034
v 208.636703 30.399010 85.811386
v 246.551315 52.190380 76.612518
v 287.396637 39.160137 44.418106
v 217.235962 12.008846 72.802788
v 208.636703 30.399010 85.811386
v 287.396637 39.160137 44.418106
v 277.176178 49.652180 17.201244
v 282.601227 46.825916 31.913988
v 247.792709 63.984867 42.030384
v 267.436127 39.452053 -7.533886
v 272.042236 36.825287 4.669015
v 237.967285 54.318222 15.129098
v 237.967285 54.318222 15.129098
v 272.042236 36.825287 4.669015
v 277.176178 49.652180 17.201244
v 247.792709 63.984867 42.030384
v 237.967285 54.318222 15.129098
v 277.176178 49.652180 17.201244
v 267.436127 39.452053 -7.533886
v 237.967285 54.318222 15.129098
v 228.141861 44.651577 -11.772188
v 260.952454 -6.075352 41.114197
v 255.326050 1.126689 43.434765
v 260.838287 12.008846 58.202267
v 268.263672 6.806385 54.501373
v 304.914246 44.275093 35.479256
v 287.396637 39.160137 44.418106
v 282.601227 46.825916 31.913988
v 268.263672 6.806385 54.501373
v 260.838287 12.008846 58.202267
v 287.396637 39.160137 44.418106
v 304.914246 44.275093 35.479256
v 288.986816 41.065903 -3.113036
v 272.042236 36.825287 4.669015
v 267.436127 39.452053 -7.533886
v 298.296570 54.853859 18.223562
v 282.601227 46.825916 31.913988
v 277.176178 49.652180 17.201244
v 246.475540 -6.894938 -15.140923
v 235.642517 -0.706671 -11.499981
v 255.326050 1.126689 43.434765
v 260.952454 -6.075352 41.114197
v 273.710297 -68.877098 -39.003414
v 242.986023 -31.127281 -13.956259
v 251.117889 -103.441742 -14.743257
v 246.475540 -6.894938 -15.140923
v 260.952454 -6.075352 41.114197
v 252.848770 -31.157146 38.799389
v 242.986023 -31.127281 -13.956259
v 335.014465 -135.926514 39.508286
v 370.014404 -138.943451 6.768309
v 353.622284 -139.755569 -40.466503
v 285.769989 -139.525116 16.749233
v 278.050842 -139.785904 -12.286868
v 309.779053 -142.979919 -53.544125
v 261.483246 26.824657 -22.575958
v 235.642517 -0.706671 -11.499981
v 246.475540 -6.894938 -15.140923
v 273.170349 27.227474 -29.859127
v 404.418274 -67.288803 -80.614510
v 369.866211 -103.394020 -59.022968
v 395.011627 -106.038811 -23.674080
v 242.986023 -31.127281 -13.956259
v 252.848770 -31.157146 38.799389
v 263.247406 -103.031960 30.882326
v 251.117889 -103.441742 -14.743257
v 261.488220 -122.277679 -13.797740
v 251.117889 -103.441742 -14.743257
v 263.247406 -103.031960 30.882326
v 271.919495 -121.925247 25.440296
v 271.919495 -121.925247 25.440296
v 263.247406 -103.031960 30.882326
v 336.557861 -99.267204 50.790138
v 335.963593 -118.224464 46.445915
v 380.623291 -123.028282 -20.807817
v 385.763184 -121.139236 11.952511
v 395.623840 -102.118004 15.198912
v 363.611725 -122.236618 -51.878242
v 369.866211 -103.394020 -59.022968
v 304.434570 -106.626915 -64.050568
v 306.492493 -125.466187 -60.005444
v 370.014404 -138.943451 6.768309
v 385.763184 -121.139236 11.952511
v 380.623291 -123.028282 -20.807817
v 278.050842 -139.785904 -12.286868
v 261.488220 -122.277679 -13.797740
v 271.919495 -121.925247 25.440296
v 285.769989 -139.525116 16.749233
v 353.622284 -139.755569 -40.466503
v 363.611725 -122.236618 -51.878242
v 306.492493 -125.466187 -60.005444
v 309.779053 -142.979919 -53.544125
v 285.769989 -139.525116 16.749233
v 271.919495 -121.925247 25.440296
v 335.963593 -118.224464 46.445915
v 335.014465 -135.926514 39.508286
v 395.623840 -102.118004 15.198912
v 385.763184 -121.139236 11.952511
v 335.963593 -118.224464 46.445915
v 336.557861 -99.267204 50.790138
v 385.763184 -121.139236 11.952511
v 370.014404 -138.943451 6.768309
v 335.014465 -135.926514 39.508286
v 335.963593 -118.224464 46.445915
v 251.117889 -103.441742 -14.743257
v 261.488220 -122.277679 -13.797740
v 306.492493 -125.466187 -60.005444
v 304.434570 -106.626915 -64.050568
v 261.488220 -122.277679 -13.797740
v 278.050842 -139.785904 -12.286868
v 309.779053 -142.979919 -53.544125
v 306.492493 -125.466187 -60.005444
v 396.214539 -42.958069 50.423473
v 414.221558 34.458744 29.037514
v 429.463959 -9.009863 -3.995217
v 352.240936 -11.758163 60.834377
v 336.557861 -99.267204 50.790138
v 252.848770 -31.157146 38.799389
v 338.996582 -46.966751 -81.765732
v 304.434570 -106.626915 -64.050568
v 369.866211 -103.394020 -59.022968
v 301.922394 -69.717415 -54.319744
v 304.434570 -106.626915 -64.050568
v 338.996582 -46.966751 -81.765732
v 366.850891 60.203823 -27.870712
v 348.461487 38.879433 -82.075447
v 373.558563 12.693401 -99.480896
v 298.267395 44.006168 -47.264565
v 323.364441 44.518639 -64.670006
v 338.251129 26.960831 -30.174429
v 329.077667 25.719566 -27.506435
v 366.850891 60.203823 -27.870712
v 385.240295 62.110031 26.334024
v 356.259064 69.214493 23.630539
v 298.296570 54.853859 18.223562
v 288.986816 41.065903 -3.113036
v 327.277832 70.167252 20.927052
v 312.772614 70.152626 -13.168756
v 327.277832 70.167252 20.927052
v 288.986816 41.065903 -3.113036
v 327.277832 70.167252 20.927052
v 312.772614 70.152626 -13.168756
v 326.292175 46.871136 -16.844242
v 336.028870 45.828091 -9.235704
v 323.364441 44.518639 -64.670006
v 348.461487 38.879433 -82.075447
v 366.850891 60.203823 -27.870712
v 341.867676 25.862040 -15.000944
v 339.811768 2.521206 -20.519728
v 353.331329 49.862206 -24.195221
v 353.331329 49.862206 -24.195221
v 339.811768 2.521206 -20.519728
v 338.251129 26.960831 -30.174429
v 414.221558 34.458744 29.037514
v 385.240295 62.110031 26.334024
v 366.850891 60.203823 -27.870712
v 373.558563 12.693401 -99.480896
v 414.221558 34.458744 29.037514
v 366.850891 60.203823 -27.870712
v 356.259064 69.214493 23.630539
v 385.240295 62.110031 26.334024
v 414.221558 34.458744 29.037514
v 356.786835 38.236904 53.783218
v 297.660828 6.885441 -89.970329
v 323.364441 44.518639 -64.670006
v 298.267395 44.006168 -47.264565
v 327.277832 70.167252 20.927052
v 356.259064 69.214493 23.630539
v 356.786835 38.236904 53.783218
v 352.240936 -11.758163 60.834377
v 252.848770 -31.157146 38.799389
v 260.952454 -6.075352 41.114197
v 273.710297 -68.877098 -39.003414
v 304.434570 -106.626915 -64.050568
v 301.922394 -69.717415 -54.319744
v 246.475540 -6.894938 -15.140923
v 242.986023 -31.127281 -13.956259
v 299.485260 -25.989164 -79.247154
v 348.461487 38.879433 -82.075447
v 323.364441 44.518639 -64.670006
v 297.660828 6.885441 -89.970329
v 396.214539 -42.958069 50.423473
v 336.557861 -99.267204 50.790138
v 352.240936 -11.758163 60.834377
v 352.240936 -11.758163 60.834377
v 260.952454 -6.075352 41.114197
v 268.263672 6.806385 54.501373
v 356.786835 38.236904 53.783218
v 352.240936 -11.758163 60.834377
v 268.263672 6.806385 54.501373
v 414.221558 34.458744 29.037514
v 352.240936 -11.758163 60.834377
v 356.786835 38.236904 53.783218
v 246.475540 -6.894938 -15.140923
v 299.485260 -25.989164 -79.247154
v 297.660828 6.885441 -89.970329
v 297.660828 6.885441 -89.970329
v 299.485260 -25.989164 -79.247154
v 373.558563 12.693401 -99.480896
v 297.660828 6.885441 -89.970329
v 373.558563 12.693401 -99.480896
v 348.461487 38.879433 -82.075447
v 273.170349 27.227474 -29.859127
v 246.475540 -6.894938 -15.140923
v 297.660828 6.885441 -89.970329
v 298.267395 44.006168 -47.264565
v 273.170349 27.227474 -29.859127
v 297.660828 6.885441 -89.970329
v 356.786835 38.236904 53.783218
v 268.263672 6.806385 54.501373
v 304.914246 44.275093 35.479256
v 304.914246 44.275093 35.479256
v 298.296570 54.853859 18.223562
v 327.277832 70.167252 20.927052
v 327.277832 70.167252 20.927052
v 356.786835 38.236904 53.783218
v 304.914246 44.275093 35.479256
v 277.176178 49.652180 17.201244
v 272.042236 36.825287 4.669015
v 288.986816 41.065903 -3.113036
v 288.986816 41.065903 -3.113036
v 298.296570 54.853859 18.223562
v 277.176178 49.652180 17.201244
v 273.170349 27.227474 -29.859127
v 288.986816 41.065903 -3.113036
v 267.436127 39.452053 -7.533886
v 267.436127 39.452053 -7.533886
v 261.483246 26.824657 -22.575958
v 273.170349 27.227474 -29.859127
v 298.296570 54.853859 18.223562
v 298.267395 44.006168 -47.264565
v 312.772614 70.152626 -13.168756
v 288.986816 41.065903 -3.113036
v 329.077667 25.719566 -27.506435
v 339.811768 2.521206 -20.519728
v 326.292175 46.871136 -16.844242
v 336.028870 45.828091 -9.235704
v 339.811768 2.521206 -20.519728
v 341.867676 25.862040 -15.000944
v 326.292175 46.871136 -16.844242
v 339.811768 2.521206 -20.519728
v 336.028870 45.828091 -9.235704
v 356.259064 69.214493 23.630539
v 327.277832 70.167252 20.927052
v 336.028870 45.828091 -9.235704
v 345.910706 43.412453 -5.253312
v 366.850891 60.203823 -27.870712
v 356.259064 69.214493 23.630539
v 345.910706 43.412453 -5.253312
v 353.331329 49.862206 -24.195221
v 323.364441 44.518639 -64.670006
v 366.850891 60.203823 -27.870712
v 353.331329 49.862206 -24.195221
v 338.251129 26.960831 -30.174429
v 338.251129 26.960831 -30.174429
v 339.811768 2.521206 -20.519728
v 329.077667 25.719566 -27.506435
v 312.772614 70.152626 -13.168756
v 298.267395 44.006168 -47.264565
v 329.077667 25.719566 -27.506435
v 326.292175 46.871136 -16.844242
v 353.331329 49.862206 -24.195221
v 345.910706 43.412453 -5.253312
v 343.923584 11.323971 -9.482161
v 343.923584 11.323971 -9.482161
v 341.867676 25.862040 -15.000944
v 353.331329 49.862206 -24.195221
v 343.923584 11.323971 -9.482161
v 345.910706 43.412453 -5.253312
v 336.028870 45.828091 -9.235704
v 336.028870 45.828091 -9.235704
v 341.867676 25.862040 -15.000944
v 343.923584 11.323971 -9.482161
v 338.996582 -46.966751 -81.765732
v 373.558563 12.693401 -99.480896
v 299.485260 -25.989164 -79.247154
v 299.485260 -25.989164 -79.247154
v 301.922394 -69.717415 -54.319744
v 338.996582 -46.966751 -81.765732
v 299.485260 -25.989164 -79.247154
v 242.986023 -31.127281 -13.956259
v 273.710297 -68.877098 -39.003414
v 273.710297 -68.877098 -39.003414
v 301.922394 -69.717415 -54.319744
v 299.485260 -25.989164 -79.247154
v 304.434570 -106.626915 -64.050568
v 352.240936 -11.758163 60.834377
v 414.221558 34.458744 29.037514
v 396.214539 -42.958069 50.423473
v 395.623840 -102.118004 15.198912
v 336.557861 -99.267204 50.790138
v 396.214539 -42.958069 50.423473
v 415.566284 -16.947006 -56.275806
v 373.558563 12.693401 -99.480896
v 338.996582 -46.966751 -81.765732
v 426.806854 -95.558815 2.703842
v 395.623840 -102.118004 15.198912
v 396.214539 -42.958069 50.423473
v 414.221558 34.458744 29.037514
v 373.558563 12.693401 -99.480896
v 415.566284 -16.947006 -56.275806
v 429.463959 -9.009863 -3.995217
v 380.623291 -123.028282 -20.807817
v 363.611725 -122.236618 -51.878242
v 353.622284 -139.755569 -40.466503
v 380.623291 -123.028282 -20.807817
v 353.622284 -139.755569 -40.466503
v 370.014404 -138.943451 6.768309
v 369.866211 -103.394020 -59.022968
v 363.611725 -122.236618 -51.878242
v 380.623291 -123.028282 -20.807817
v 395.623840 -102.118004 15.198912
v 395.011627 -106.038811 -23.674080
v 380.623291 -123.028282 -20.807817
v 380.623291 -123.028282 -20.807817
v 395.011627 -106.038811 -23.674080
v 369.866211 -103.394020 -59.022968
v 395.011627 -106.038811 -23.674080
v 395.623840 -102.118004 15.198912
v 426.806854 -95.558815 2.703842
v 412.850464 -92.127251 -32.555031
v 404.418274 -67.288803 -80.614510
v 395.011627 -106.038811 -23.674080
v 369.866211 -103.394020 -59.022968
v 404.418274 -67.288803 -80.614510
v 338.996582 -46.966751 -81.765732
v 338.996582 -46.966751 -81.765732
v 404.418274 -67.288803 -80.614510
v 415.566284 -16.947006 -56.275806
v 412.850464 -92.127251 -32.555031
v 426.806854 -95.558815 2.703842
v 429.463959 -9.009863 -3.995217
v 429.463959 -9.009863 -3.995217
v 426.806854 -95.558815 2.703842
v 396.214539 -42.958069 50.423473
v 415.566284 -16.947006 -56.275806
v 404.418274 -67.288803 -80.614510
v 412.850464 -92.127251 -32.555031
v 429.463959 -9.009863 -3.995217
v 395.011627 -106.038811 -23.674080
v 426.806854 -95.558815 2.703842
v 412.850464 -92.127251 -32.555031
vt 0.000000 -3.532554
vt 0.244222 -3.988174
vt 0.244222 -3.532554
vt 0.122111 -8.772189
vt 0.547669 -8.260777
vt 0.244222 -8.544379
vt 0.244222 -3.532554
vt 0.488443 -3.988174
vt 0.488443 -3.532554
vt 0.448696 -4.069349
vt 0.488443 -3.988174
vt 0.244222 -3.532554
vt 0.244222 -3.988174
vt 0.000000 -3.988174
vt 0.000000 -4.443795
vt 0.547669 -8.260777
vt 0.122111 -8.772189
vt 0.573006 -8.496589
vt 0.244222 -4.899416
vt 0.000000 -4.899416
vt 0.000000 -5.355036
vt 5.508743 -6.369795
vt 5.733335 -5.903811
vt 6.530407 -5.556334
vt 6.569243 -3.390718
vt 6.182970 -2.172110
vt 6.795895 -1.379083
vt 0.573006 -8.496589
vt 0.553373 -7.912591
vt 0.867520 -8.205889
vt 0.244222 -5.810656
vt 0.000000 -5.810656
vt 0.000000 -6.266277
vt 0.122111 -8.772189
vt 0.244222 -9.000000
vt 0.573006 -8.496589
vt 0.000000 -7.177518
vt 0.244222 -7.633139
vt 0.244222 -6.721897
vt 0.000000 -8.088758
vt 0.244222 -8.544379
vt 0.244222 -7.633139
vt 0.244222 -8.544379
vt 0.547669 -8.260777
vt 0.982006 -8.417794
vt 0.244222 -8.544379
vt 0.000000 -8.544379
vt 0.122111 -8.772189
vt 0.000000 -8.544379
vt 0.000000 -9.000000
vt 0.244222 -9.000000
vt 0.122111 -8.772189
vt 0.000000 -8.544379
vt 0.244222 -9.000000
vt 0.608836 -4.899416
vt 0.244222 -3.988174
vt 0.244222 -4.899416
vt 0.489948 -4.618194
vt 0.488443 -4.443795
vt 0.488443 -3.988174
vt 0.451216 -5.120676
vt 0.488443 -4.899416
vt 0.488443 -4.443795
vt 0.244222 -5.810656
vt 0.608836 -5.810656
vt 0.608836 -4.899416
vt 0.244222 -4.899416
vt 0.244222 -5.810656
vt 0.608836 -4.899416
vt 0.448696 -5.585006
vt 0.488443 -5.355036
vt 0.488443 -4.899416
vt 0.448696 -5.958597
vt 0.488443 -5.810656
vt 0.488443 -5.355036
vt 0.448696 -5.585006
vt 0.448696 -5.958597
vt 0.488443 -5.355036
vt 0.244222 -6.721897
vt 0.608836 -6.721897
vt 0.608836 -5.810656
vt 0.244222 -5.810656
vt 0.244222 -6.721897
vt 0.608836 -5.810656
vt 0.488443 -5.810656
vt 0.448696 -5.958597
vt 0.475671 -6.587760
vt 0.244222 -7.633139
vt 0.568151 -7.678004
vt 0.608836 -6.721897
vt 0.244222 -6.721897
vt 0.244222 -7.633139
vt 0.608836 -6.721897
vt 0.488443 -6.721897
vt 0.475671 -6.587760
vt 0.495929 -7.306581
vt 0.568151 -7.678004
vt 0.244222 -7.633139
vt 0.244222 -8.544379
vt 0.488443 -7.633139
vt 0.495929 -7.306581
vt 0.553373 -7.912591
vt 0.553373 -7.912591
vt 0.573006 -8.496589
vt 0.244222 -9.000000
vt 0.489948 -4.618194
vt 0.448696 -4.069349
vt 0.641084 -4.069349
vt 0.789618 -5.840675
vt 0.448696 -5.958597
vt 0.448696 -5.585006
vt 0.789618 -5.011706
vt 0.789618 -5.840675
vt 0.448696 -5.585006
vt 0.451216 -5.120676
vt 0.789618 -5.011706
vt 0.448696 -5.585006
vt 0.982006 -4.667688
vt 0.608836 -4.899416
vt 0.608836 -5.810656
vt 0.789618 -5.840675
vt 1.302181 -6.713709
vt 0.475671 -6.587760
vt 0.475671 -6.587760
vt 1.302181 -6.713709
vt 0.789618 -7.670577
vt 0.789618 -7.670577
vt 0.867520 -8.205889
vt 0.553373 -7.912591
vt 0.495929 -7.306581
vt 0.789618 -7.670577
vt 0.553373 -7.912591
vt 0.244222 -3.532554
vt 0.244222 -3.988174
vt 0.641084 -4.069349
vt 0.641084 -4.069349
vt 0.448696 -4.069349
vt 0.244222 -3.532554
vt 0.244222 -9.000000
vt 0.488443 -9.000000
vt 0.488443 -8.544379
vt 0.244222 -9.000000
vt 0.488443 -8.544379
vt 0.488443 -8.088758
vt 0.553373 -7.912591
vt 0.244222 -9.000000
vt 0.488443 -8.088758
vt 0.495929 -7.306581
vt 0.488443 -7.633139
vt 0.488443 -7.177518
vt 0.475671 -6.587760
vt 0.488443 -6.721897
vt 0.488443 -6.266277
vt 0.488443 -6.266277
vt 0.488443 -5.810656
vt 0.475671 -6.587760
vt 0.488443 -7.177518
vt 0.488443 -6.721897
vt 0.495929 -7.306581
vt 0.488443 -8.088758
vt 0.488443 -7.633139
vt 0.553373 -7.912591
vt 0.488443 -4.899416
vt 0.451216 -5.120676
vt 0.448696 -5.585006
vt 0.488443 -4.443795
vt 0.489948 -4.618194
vt 0.451216 -5.120676
vt 0.488443 -3.988174
vt 0.448696 -4.069349
vt 0.489948 -4.618194
vt 5.733335 -5.903811
vt 5.563193 -5.447544
vt 6.413293 -4.986621
vt 6.530407 -5.556334
vt 5.733335 -5.903811
vt 6.413293 -4.986621
vt 0.608836 -4.899416
vt 0.982006 -4.667688
vt 0.641084 -4.069349
vt 0.608836 -4.899416
vt 0.641084 -4.069349
vt 0.244222 -3.988174
vt 0.000000 -6.266277
vt 0.000000 -6.721897
vt 0.244222 -6.721897
vt 0.244222 -5.810656
vt 0.000000 -5.355036
vt 0.000000 -5.810656
vt 0.244222 -4.899416
vt 0.000000 -4.443795
vt 0.000000 -4.899416
vt 0.244222 -3.988174
vt 0.000000 -3.532554
vt 0.000000 -3.988174
vt 0.000000 -7.633139
vt 0.244222 -7.633139
vt 0.000000 -7.177518
vt 0.000000 -8.544379
vt 0.244222 -8.544379
vt 0.000000 -8.088758
vt 0.244222 -7.633139
vt 0.000000 -7.633139
vt 0.000000 -8.088758
vt 0.244222 -6.721897
vt 0.000000 -6.721897
vt 0.000000 -7.177518
vt 0.000000 -6.266277
vt 0.244222 -6.721897
vt 0.244222 -5.810656
vt 0.000000 -5.355036
vt 0.244222 -5.810656
vt 0.244222 -4.899416
vt 0.000000 -4.443795
vt 0.244222 -4.899416
vt 0.244222 -3.988174
vt 6.530407 -5.556334
vt 5.532876 -7.023176
vt 5.508743 -6.369795
vt 0.789618 -5.011706
vt 0.451216 -5.120676
vt 0.489948 -4.618194
vt 4.893481 -1.158886
vt 5.213313 -1.080837
vt 5.623516 -0.752815
vt 5.323235 -4.221866
vt 5.563193 -5.447544
vt 4.813870 -5.236172
vt 7.731031 -5.846657
vt 5.940630 -4.939616
vt 5.686673 -5.300334
vt 1.490722 -8.775466
vt 0.547669 -8.260777
vt 0.573006 -8.496589
vt 0.982006 -8.417794
vt 0.547669 -8.260777
vt 1.490722 -8.775466
vt 0.982006 -8.417794
vt 0.982006 -7.670575
vt 0.568151 -7.678004
vt 0.568151 -7.678004
vt 0.244222 -8.544379
vt 0.982006 -8.417794
vt 2.154287 -8.054444
vt 0.982006 -8.417794
vt 1.490722 -8.775466
vt 1.760272 -8.188038
vt 2.688935 -8.213756
vt 1.490722 -8.775466
vt 1.662636 -4.703830
vt 0.789618 -5.011706
vt 0.489948 -4.618194
vt 1.331789 -4.417353
vt 1.662636 -4.703830
vt 0.489948 -4.618194
vt 1.430840 -3.590846
vt 1.331789 -4.417353
vt 0.489948 -4.618194
vt 1.760272 -8.188038
vt 0.573006 -8.496589
vt 0.867520 -8.205889
vt 2.024893 -7.806359
vt 1.760272 -8.188038
vt 0.867520 -8.205889
vt 2.087220 -7.332170
vt 0.982006 -7.670575
vt 0.982006 -8.417794
vt 2.154287 -8.054444
vt 2.087220 -7.332170
vt 0.982006 -8.417794
vt 1.776564 -7.393980
vt 1.900391 -7.301782
vt 1.962642 -7.554070
vt 1.879008 -7.067822
vt 1.900391 -7.301782
vt 1.776564 -7.393980
vt 1.814857 -6.365943
vt 1.302181 -6.713709
vt 0.789618 -5.840675
vt 0.982006 -4.667688
vt 0.982006 -7.670575
vt 2.087220 -7.332170
vt 1.850269 -4.709090
vt 0.982006 -4.667688
vt 2.087220 -7.332170
vt 1.736875 -5.510288
vt 0.789618 -5.840675
vt 0.789618 -5.011706
vt 1.662636 -4.703830
vt 1.736875 -5.510288
vt 0.789618 -5.011706
vt 1.430840 -3.590846
vt 0.641084 -4.069349
vt 0.982006 -4.667688
vt 2.817287 -7.792504
vt 2.154287 -8.054444
vt 2.688935 -8.213756
vt 3.094981 -7.688083
vt 1.760272 -8.188038
vt 2.024893 -7.806359
vt 3.342807 -7.267241
vt 3.094981 -7.688083
vt 2.024893 -7.806359
vt 3.035980 -3.812709
vt 2.582798 -4.135735
vt 1.430840 -3.590846
vt 1.850269 -4.709090
vt 2.087220 -7.332170
vt 3.382632 -6.827414
vt 3.035980 -3.812709
vt 1.850269 -4.709090
vt 3.382632 -6.827414
vt 2.508291 -4.006189
vt 2.850407 -4.239203
vt 1.662636 -4.703830
vt 2.508291 -4.006189
vt 1.331789 -4.417353
vt 1.430840 -3.590846
vt 2.850407 -4.239203
vt 2.958666 -5.026876
vt 1.736875 -5.510288
vt 2.817287 -7.792504
vt 3.480289 -7.530565
vt 3.382632 -6.827414
vt 3.342807 -7.267241
vt 2.024893 -7.806359
vt 1.962642 -7.554070
vt 3.197463 -6.782211
vt 3.342807 -7.267241
vt 1.962642 -7.554070
vt 2.142739 -7.171888
vt 3.197463 -6.782211
vt 1.962642 -7.554070
vt 2.672714 -5.511751
vt 2.958666 -5.026876
vt 2.849928 -5.865724
vt 2.142739 -7.171888
vt 1.900391 -7.301782
vt 1.879008 -7.067822
vt 4.498332 -6.112772
vt 3.197463 -6.782211
vt 2.849928 -5.865724
vt 4.668472 -6.569039
vt 3.342807 -7.267241
vt 3.197463 -6.782211
vt 4.498332 -6.112772
vt 4.668472 -6.569039
vt 3.197463 -6.782211
vt 4.682310 -6.176759
vt 4.201600 -3.673818
vt 3.035980 -3.812709
vt 3.382632 -6.827414
vt 4.682310 -6.176759
vt 3.035980 -3.812709
vt 4.443882 -7.035027
vt 3.094981 -7.688083
vt 3.342807 -7.267241
vt 4.668472 -6.569039
vt 4.443882 -7.035027
vt 3.342807 -7.267241
vt 4.148610 -7.190082
vt 4.816931 -6.849598
vt 4.682310 -6.176759
vt 4.018417 -3.661416
vt 2.850407 -4.239203
vt 2.508291 -4.006189
vt 3.665436 -3.497323
vt 4.018417 -3.661416
vt 2.508291 -4.006189
vt 3.665436 -3.497323
vt 2.508291 -4.006189
vt 2.545545 -3.857102
vt 3.709551 -3.793894
vt 2.582798 -4.135735
vt 3.035980 -3.812709
vt 6.530407 -5.556334
vt 5.881795 -6.184368
vt 4.816931 -6.849598
vt 1.490722 -8.775466
vt 2.688935 -8.213756
vt 2.154287 -8.054444
vt 1.490722 -8.775466
vt 0.573006 -8.496589
vt 1.760272 -8.188038
vt 1.962642 -7.554070
vt 1.900391 -7.301782
vt 2.142739 -7.171888
vt 0.867520 -8.205889
vt 0.789618 -7.670577
vt 1.776564 -7.393980
vt 2.024893 -7.806359
vt 0.867520 -8.205889
vt 1.776564 -7.393980
vt 1.962642 -7.554070
vt 2.024893 -7.806359
vt 1.776564 -7.393980
vt 0.789618 -7.670577
vt 1.302181 -6.713709
vt 1.814857 -6.365943
vt 3.197463 -6.782211
vt 2.142739 -7.171888
vt 1.879008 -7.067822
vt 2.849928 -5.865724
vt 3.197463 -6.782211
vt 1.879008 -7.067822
vt 2.672714 -5.511751
vt 2.573338 -5.790276
vt 2.511623 -6.031176
vt 1.736875 -5.510288
vt 2.958666 -5.026876
vt 2.672714 -5.511751
vt 1.879008 -7.067822
vt 1.814857 -6.365943
vt 2.511623 -6.031176
vt 2.511623 -6.031176
vt 1.814857 -6.365943
vt 1.736875 -5.510288
vt 2.672714 -5.511751
vt 2.511623 -6.031176
vt 1.736875 -5.510288
vt 1.736875 -5.510288
vt 1.662636 -4.703830
vt 2.850407 -4.239203
vt 1.814857 -6.365943
vt 1.879008 -7.067822
vt 1.776564 -7.393980
vt 1.814857 -6.365943
vt 1.776564 -7.393980
vt 0.789618 -7.670577
vt 0.789618 -7.670577
vt 0.495929 -7.306581
vt 0.475671 -6.587760
vt 0.789618 -5.840675
vt 1.736875 -5.510288
vt 1.814857 -6.365943
vt 0.475671 -6.587760
vt 0.448696 -5.958597
vt 0.789618 -5.840675
vt 2.849928 -5.865724
vt 2.511623 -6.031176
vt 2.573338 -5.790276
vt 2.849928 -5.865724
vt 1.879008 -7.067822
vt 2.511623 -6.031176
vt 2.849928 -5.865724
vt 2.573338 -5.790276
vt 2.672714 -5.511751
vt 1.430840 -3.590846
vt 1.850269 -4.709090
vt 3.035980 -3.812709
vt 2.545545 -3.857102
vt 2.582798 -4.135735
vt 3.709551 -3.793894
vt 1.430840 -3.590846
vt 2.582798 -4.135735
vt 2.545545 -3.857102
vt 1.430840 -3.590846
vt 2.545545 -3.857102
vt 2.508291 -4.006189
vt 0.489948 -4.618194
vt 0.641084 -4.069349
vt 1.430840 -3.590846
vt 1.662636 -4.703830
vt 1.331789 -4.417353
vt 2.508291 -4.006189
vt 2.688935 -8.213756
vt 1.760272 -8.188038
vt 3.094981 -7.688083
vt 3.094981 -7.688083
vt 3.480289 -7.530565
vt 2.688935 -8.213756
vt 3.480289 -7.530565
vt 3.094981 -7.688083
vt 4.443882 -7.035027
vt 4.443882 -7.035027
vt 4.148610 -7.190082
vt 3.480289 -7.530565
vt 3.382632 -6.827414
vt 3.480289 -7.530565
vt 4.148610 -7.190082
vt 3.382632 -6.827414
vt 2.087220 -7.332170
vt 2.154287 -8.054444
vt 0.608836 -6.721897
vt 0.568151 -7.678004
vt 0.982006 -7.670575
vt 0.982006 -4.667688
vt 0.608836 -5.810656
vt 0.608836 -6.721897
vt 0.982006 -7.670575
vt 0.982006 -4.667688
vt 0.608836 -6.721897
vt 5.508743 -6.369795
vt 4.443882 -7.035027
vt 4.668472 -6.569039
vt 5.733335 -5.903811
vt 5.508743 -6.369795
vt 4.668472 -6.569039
vt 5.266459 -3.008591
vt 4.201600 -3.673818
vt 4.682310 -6.176759
vt 5.747173 -5.511531
vt 5.266459 -3.008591
vt 4.682310 -6.176759
vt 4.514003 -2.881689
vt 5.206162 -2.449287
vt 5.083277 -2.996189
vt 5.881795 -6.184368
vt 5.747173 -5.511531
vt 4.682310 -6.176759
vt 5.733335 -5.903811
vt 4.668472 -6.569039
vt 4.498332 -6.112772
vt 5.563193 -5.447544
vt 5.733335 -5.903811
vt 4.498332 -6.112772
vt 5.735436 -2.129328
vt 5.897546 -2.503947
vt 5.083277 -2.996189
vt 4.633073 -2.889750
vt 4.201600 -3.673818
vt 5.266459 -3.008591
vt 5.325232 -2.457348
vt 4.633073 -2.889750
vt 5.266459 -3.008591
vt 5.735436 -2.129328
vt 5.325232 -2.457348
vt 5.266459 -3.008591
vt 4.313241 -2.967799
vt 3.709551 -3.793894
vt 4.201600 -3.673818
vt 4.633073 -2.889750
vt 4.313241 -2.967799
vt 4.201600 -3.673818
vt 5.213313 -1.080837
vt 4.633073 -2.889750
vt 5.325232 -2.457348
vt 5.905471 -1.750022
vt 5.213313 -1.080837
vt 5.325232 -2.457348
vt 5.905471 -1.750022
vt 5.325232 -2.457348
vt 5.735436 -2.129328
vt 4.893481 -1.158886
vt 4.313241 -2.967799
vt 4.633073 -2.889750
vt 5.213313 -1.080837
vt 4.893481 -1.158886
vt 4.633073 -2.889750
vt 5.735436 -2.129328
vt 5.206162 -2.449287
vt 5.414839 -1.601051
vt 5.623516 -0.752815
vt 5.213313 -1.080837
vt 5.905471 -1.750022
vt 5.623516 -0.752815
vt 5.905471 -1.750022
vt 5.735436 -2.129328
vt 4.893481 -1.158886
vt 5.623516 -0.752815
vt 5.414839 -1.601051
vt 4.514003 -2.881689
vt 4.313241 -2.967799
vt 4.893481 -1.158886
vt 4.893481 -1.158886
vt 5.206162 -2.449287
vt 4.514003 -2.881689
vt 5.414839 -1.601051
vt 5.206162 -2.449287
vt 4.893481 -1.158886
vt 5.414839 -1.601051
vt 5.623516 -0.752815
vt 5.735436 -2.129328
vt 5.266459 -3.008591
vt 5.897546 -2.503947
vt 5.735436 -2.129328
vt 5.083277 -2.996189
vt 5.206162 -2.449287
vt 5.735436 -2.129328
vt 4.606918 -7.442296
vt 4.816931 -6.849598
vt 4.148610 -7.190082
vt 4.606918 -7.442296
vt 4.443882 -7.035027
vt 5.028183 -7.079308
vt 4.682310 -6.176759
vt 3.382632 -6.827414
vt 4.148610 -7.190082
vt 4.682310 -6.176759
vt 4.816931 -6.849598
vt 5.881795 -6.184368
vt 2.688935 -8.213756
vt 3.480289 -7.530565
vt 2.817287 -7.792504
vt 2.154287 -8.054444
vt 2.817287 -7.792504
vt 3.382632 -6.827414
vt 0.982006 -4.667688
vt 1.850269 -4.709090
vt 1.430840 -3.590846
vt 3.035980 -3.812709
vt 4.201600 -3.673818
vt 3.709551 -3.793894
vt 2.545545 -3.857102
vt 3.709551 -3.793894
vt 3.665436 -3.497323
vt 3.985990 -4.352737
vt 4.018417 -3.661416
vt 4.138396 -4.274255
vt 2.958666 -5.026876
vt 2.850407 -4.239203
vt 4.018417 -3.661416
vt 4.805792 -5.721467
vt 4.813870 -5.236172
vt 5.563193 -5.447544
vt 4.813870 -5.236172
vt 4.378354 -5.499933
vt 4.258375 -4.887094
vt 4.693890 -4.623333
vt 4.813870 -5.236172
vt 4.258375 -4.887094
vt 4.620965 -4.019983
vt 4.693890 -4.623333
vt 4.258375 -4.887094
vt 4.805792 -5.721467
vt 4.498332 -6.112772
vt 4.378354 -5.499933
vt 5.083277 -2.996189
vt 5.897546 -2.503947
vt 6.042928 -3.189295
vt 4.620965 -4.019983
vt 5.083277 -2.996189
vt 5.323235 -4.221866
vt 4.693890 -4.623333
vt 4.620965 -4.019983
vt 5.323235 -4.221866
vt 5.323235 -4.221866
vt 4.813870 -5.236172
vt 4.693890 -4.623333
vt 2.849928 -5.865724
vt 2.958666 -5.026876
vt 4.018417 -3.661416
vt 4.498332 -6.112772
vt 2.849928 -5.865724
vt 4.018417 -3.661416
vt 4.198966 -5.493480
vt 4.498332 -6.112772
vt 4.018417 -3.661416
vt 3.985990 -4.352737
vt 4.198966 -5.493480
vt 4.018417 -3.661416
vt 4.378354 -5.499933
vt 4.498332 -6.112772
vt 4.198966 -5.493480
vt 4.198966 -5.493480
vt 3.985990 -4.352737
vt 4.138396 -4.274255
vt 4.258375 -4.887094
vt 4.378354 -5.499933
vt 4.198966 -5.493480
vt 4.198966 -5.493480
vt 4.138396 -4.274255
vt 4.258375 -4.887094
vt 4.378354 -5.499933
vt 4.813870 -5.236172
vt 4.805792 -5.721467
vt 5.563193 -5.447544
vt 4.498332 -6.112772
vt 4.805792 -5.721467
vt 4.313241 -2.967799
vt 4.514003 -2.881689
vt 4.620965 -4.019983
vt 5.083277 -2.996189
vt 4.620965 -4.019983
vt 4.514003 -2.881689
vt 4.258375 -4.887094
vt 4.138396 -4.274255
vt 4.620965 -4.019983
vt 3.665436 -3.497323
vt 3.709551 -3.793894
vt 4.313241 -2.967799
vt 4.018417 -3.661416
vt 3.665436 -3.497323
vt 4.313241 -2.967799
vt 4.620965 -4.019983
vt 4.138396 -4.274255
vt 4.018417 -3.661416
vt 4.018417 -3.661416
vt 4.313241 -2.967799
vt 4.620965 -4.019983
vt 4.148610 -7.190082
vt 4.443882 -7.035027
vt 4.606918 -7.442296
vt 5.028183 -7.079308
vt 5.532876 -7.023176
vt 4.606918 -7.442296
vt 5.028183 -7.079308
vt 4.443882 -7.035027
vt 5.508743 -6.369795
vt 5.532876 -7.023176
vt 5.028183 -7.079308
vt 5.508743 -6.369795
vt 4.606918 -7.442296
vt 5.532876 -7.023176
vt 6.530407 -5.556334
vt 4.816931 -6.849598
vt 4.606918 -7.442296
vt 6.530407 -5.556334
vt 6.280801 -4.316278
vt 6.413293 -4.986621
vt 5.563193 -5.447544
vt 6.042928 -3.189295
vt 6.155419 -3.745284
vt 5.323235 -4.221866
vt 5.323235 -4.221866
vt 6.155419 -3.745284
vt 6.280801 -4.316278
vt 5.563193 -5.447544
vt 5.323235 -4.221866
vt 6.280801 -4.316278
vt 6.042928 -3.189295
vt 5.323235 -4.221866
vt 5.083277 -2.996189
vt 5.884583 -5.405801
vt 5.747173 -5.511531
vt 5.881795 -6.184368
vt 6.063139 -6.015748
vt 5.884583 -5.405801
vt 5.881795 -6.184368
vt 6.958225 -5.149061
vt 6.530407 -5.556334
vt 6.413293 -4.986621
vt 6.063139 -6.015748
vt 5.881795 -6.184368
vt 6.530407 -5.556334
vt 6.958225 -5.149061
vt 6.063139 -6.015748
vt 6.530407 -5.556334
vt 6.569243 -3.390718
vt 6.155419 -3.745284
vt 6.042928 -3.189295
vt 6.796607 -4.362856
vt 6.413293 -4.986621
vt 6.280801 -4.316278
vt 5.531025 -2.842702
vt 5.266459 -3.008591
vt 5.747173 -5.511531
vt 5.884583 -5.405801
vt 5.531025 -2.842702
vt 5.747173 -5.511531
vt 6.196157 -1.755479
vt 5.445803 -2.896678
vt 5.644401 -2.860821
vt 5.531025 -2.842702
vt 5.884583 -5.405801
vt 5.686673 -5.300334
vt 5.445803 -2.896678
vt 5.531025 -2.842702
vt 5.686673 -5.300334
vt 7.693338 -5.332632
vt 8.548113 -3.840932
vt 8.147781 -1.688817
vt 6.490681 -4.295683
vt 7.693338 -5.332632
vt 8.147781 -1.688817
vt 6.302162 -2.972739
vt 6.490681 -4.295683
vt 8.147781 -1.688817
vt 7.077035 -1.092974
vt 6.302162 -2.972739
vt 8.147781 -1.688817
vt 5.897546 -2.503947
vt 5.266459 -3.008591
vt 5.531025 -2.842702
vt 6.182970 -2.172110
vt 5.897546 -2.503947
vt 5.531025 -2.842702
vt 9.388330 0.140409
vt 8.544493 -0.843347
vt 9.158599 -2.453914
vt 5.445803 -2.896678
vt 5.686673 -5.300334
vt 5.940630 -4.939616
vt 5.644401 -2.860821
vt 5.445803 -2.896678
vt 5.940630 -4.939616
vt 5.897667 -2.903900
vt 5.644401 -2.860821
vt 5.940630 -4.939616
vt 6.152422 -4.691666
vt 5.897667 -2.903900
vt 5.940630 -4.939616
vt 6.152422 -4.691666
vt 5.940630 -4.939616
vt 7.731031 -5.846657
vt 7.716518 -5.648725
vt 6.152422 -4.691666
vt 7.731031 -5.846657
vt 8.807205 -2.584507
vt 8.932732 -4.077135
vt 9.173551 -4.225047
vt 8.391745 -1.168875
vt 8.544493 -0.843347
vt 6.946511 -0.614280
vt 6.996769 -0.798583
vt 8.391745 -1.168875
vt 6.946511 -0.614280
vt 8.548113 -3.840932
vt 8.932732 -4.077135
vt 8.807205 -2.584507
vt 6.302162 -2.972739
vt 5.897667 -2.903900
vt 6.152422 -4.691666
vt 6.490681 -4.295683
vt 6.302162 -2.972739
vt 6.152422 -4.691666
vt 8.147781 -1.688817
vt 8.391745 -1.168875
vt 6.996769 -0.798583
vt 7.077035 -1.092974
vt 8.147781 -1.688817
vt 6.996769 -0.798583
vt 6.490681 -4.295683
vt 6.152422 -4.691666
vt 7.716518 -5.648725
vt 7.693338 -5.332632
vt 6.490681 -4.295683
vt 7.716518 -5.648725
vt 9.173551 -4.225047
vt 8.932732 -4.077135
vt 7.716518 -5.648725
vt 7.731031 -5.846657
vt 9.173551 -4.225047
vt 7.716518 -5.648725
vt 8.932732 -4.077135
vt 8.548113 -3.840932
vt 7.693338 -5.332632
vt 7.716518 -5.648725
vt 8.932732 -4.077135
vt 7.693338 -5.332632
vt 5.644401 -2.860821
vt 5.897667 -2.903900
vt 6.996769 -0.798583
vt 6.946511 -0.614280
vt 5.644401 -2.860821
vt 6.996769 -0.798583
vt 5.897667 -2.903900
vt 6.302162 -2.972739
vt 7.077035 -1.092974
vt 6.996769 -0.798583
vt 5.897667 -2.903900
vt 7.077035 -1.092974
vt 9.187977 -5.829951
vt 9.627748 -4.855563
vt 10.000000 -3.350523
vt 8.114046 -6.304293
vt 7.731031 -5.846657
vt 5.686673 -5.300334
vt 7.790590 0.192861
vt 6.946511 -0.614280
vt 8.544493 -0.843347
vt 6.885158 -1.057635
vt 6.946511 -0.614280
vt 7.790590 0.192861
vt 8.470853 -2.262707
vt 8.021743 0.206971
vt 8.634669 1.000000
vt 6.795895 -1.379083
vt 7.408819 -0.586057
vt 7.772384 -2.157745
vt 7.548348 -2.279305
vt 6.795895 -1.379083
vt 7.772384 -2.157745
vt 8.470853 -2.262707
vt 8.919962 -4.732386
vt 8.212177 -4.609210
vt 6.796607 -4.362856
vt 6.569243 -3.390718
vt 7.504393 -4.486033
vt 7.150143 -2.932558
vt 7.504393 -4.486033
vt 6.569243 -3.390718
vt 7.504393 -4.486033
vt 7.150143 -2.932558
vt 7.480321 -2.765095
vt 7.718112 -3.111756
vt 7.504393 -4.486033
vt 7.480321 -2.765095
vt 7.408819 -0.586057
vt 8.021743 0.206971
vt 8.470853 -2.262707
vt 7.860708 -2.849080
vt 7.810498 -2.597633
vt 8.140675 -2.430170
vt 8.140675 -2.430170
vt 7.810498 -2.597633
vt 7.772384 -2.157745
vt 9.627748 -4.855563
vt 8.919962 -4.732386
vt 8.470853 -2.262707
vt 8.634669 1.000000
vt 9.627748 -4.855563
vt 8.470853 -2.262707
vt 8.212177 -4.609210
vt 8.919962 -4.732386
vt 9.627748 -4.855563
vt 8.225067 -5.983027
vt 8.212177 -4.609210
vt 9.627748 -4.855563
vt 6.781081 0.566679
vt 7.408819 -0.586057
vt 6.795895 -1.379083
vt 7.504393 -4.486033
vt 8.212177 -4.609210
vt 8.225067 -5.983027
vt 8.114046 -6.304293
vt 5.686673 -5.300334
vt 5.884583 -5.405801
vt 6.196157 -1.755479
vt 6.946511 -0.614280
vt 6.885158 -1.057635
vt 5.531025 -2.842702
vt 5.445803 -2.896678
vt 6.825638 0.078109
vt 8.021743 0.206971
vt 7.408819 -0.586057
vt 6.781081 0.566679
vt 9.187977 -5.829951
vt 7.731031 -5.846657
vt 8.114046 -6.304293
vt 8.114046 -6.304293
vt 5.884583 -5.405801
vt 6.063139 -6.015748
vt 8.225067 -5.983027
vt 8.114046 -6.304293
vt 6.063139 -6.015748
vt 9.627748 -4.855563
vt 8.114046 -6.304293
vt 8.225067 -5.983027
vt 5.531025 -2.842702
vt 6.825638 0.078109
vt 6.781081 0.566679
vt 6.781081 0.566679
vt 6.825638 0.078109
vt 8.634669 1.000000
vt 6.781081 0.566679
vt 8.634669 1.000000
vt 8.021743 0.206971
vt 6.182970 -2.172110
vt 5.531025 -2.842702
vt 6.781081 0.566679
vt 6.795895 -1.379083
vt 6.182970 -2.172110
vt 6.781081 0.566679
vt 8.225067 -5.983027
vt 6.063139 -6.015748
vt 6.958225 -5.149061
vt 6.958225 -5.149061
vt 6.796607 -4.362856
vt 7.504393 -4.486033
vt 7.504393 -4.486033
vt 8.225067 -5.983027
vt 6.958225 -5.149061
vt 6.280801 -4.316278
vt 6.155419 -3.745284
vt 6.569243 -3.390718
vt 6.569243 -3.390718
vt 6.796607 -4.362856
vt 6.280801 -4.316278
vt 6.182970 -2.172110
vt 6.569243 -3.390718
vt 6.042928 -3.189295
vt 6.042928 -3.189295
vt 5.897546 -2.503947
vt 6.182970 -2.172110
vt 6.413293 -4.986621
vt 6.796607 -4.362856
vt 6.958225 -5.149061
vt 6.795895 -1.379083
vt 7.150143 -2.932558
vt 6.569243 -3.390718
vt 7.548348 -2.279305
vt 7.810498 -2.597633
vt 7.480321 -2.765095
vt 7.718112 -3.111756
vt 7.810498 -2.597633
vt 7.860708 -2.849080
vt 7.480321 -2.765095
vt 7.810498 -2.597633
vt 7.718112 -3.111756
vt 8.212177 -4.609210
vt 7.504393 -4.486033
vt 7.718112 -3.111756
vt 7.959448 -3.293202
vt 8.212177 -4.609210
vt 7.718112 -3.111756
vt 8.470853 -2.262707
vt 8.212177 -4.609210
vt 7.959448 -3.293202
vt 8.140675 -2.430170
vt 8.470853 -2.262707
vt 7.959448 -3.293202
vt 7.408819 -0.586057
vt 8.470853 -2.262707
vt 8.140675 -2.430170
vt 7.772384 -2.157745
vt 7.408819 -0.586057
vt 8.140675 -2.430170
vt 7.772384 -2.157745
vt 7.810498 -2.597633
vt 7.548348 -2.279305
vt 7.150143 -2.932558
vt 6.795895 -1.379083
vt 7.548348 -2.279305
vt 7.480321 -2.765095
vt 7.150143 -2.932558
vt 7.548348 -2.279305
vt 8.140675 -2.430170
vt 7.959448 -3.293202
vt 7.910918 -3.100527
vt 7.910918 -3.100527
vt 7.860708 -2.849080
vt 8.140675 -2.430170
vt 7.910918 -3.100527
vt 7.959448 -3.293202
vt 7.718112 -3.111756
vt 7.718112 -3.111756
vt 7.860708 -2.849080
vt 7.910918 -3.100527
vt 7.790590 0.192861
vt 8.634669 1.000000
vt 6.825638 0.078109
vt 6.825638 0.078109
vt 6.885158 -1.057635
vt 7.790590 0.192861
vt 6.825638 0.078109
vt 5.445803 -2.896678
vt 6.196157 -1.755479
vt 6.196157 -1.755479
vt 6.885158 -1.057635
vt 6.825638 0.078109
vt 5.644401 -2.860821
vt 6.946511 -0.614280
vt 6.196157 -1.755479
vt 8.114046 -6.304293
vt 9.627748 -4.855563
vt 9.187977 -5.829951
vt 9.173551 -4.225047
vt 7.731031 -5.846657
vt 9.187977 -5.829951
vt 9.660589 -0.968513
vt 8.634669 1.000000
vt 7.790590 0.192861
vt 9.935108 -3.655746
vt 9.173551 -4.225047
vt 9.187977 -5.829951
vt 9.627748 -4.855563
vt 8.634669 1.000000
vt 9.660589 -0.968513
vt 10.000000 -3.350523
vt 9.627748 -4.855563
vt 9.660589 -0.968513
vt 8.807205 -2.584507
vt 8.391745 -1.168875
vt 8.147781 -1.688817
vt 8.807205 -2.584507
vt 8.147781 -1.688817
vt 8.548113 -3.840932
vt 8.544493 -0.843347
vt 8.391745 -1.168875
vt 8.807205 -2.584507
vt 9.173551 -4.225047
vt 9.158599 -2.453914
vt 8.807205 -2.584507
vt 8.807205 -2.584507
vt 9.158599 -2.453914
vt 8.544493 -0.843347
vt 9.158599 -2.453914
vt 9.173551 -4.225047
vt 9.935108 -3.655746
vt 9.594262 -2.049279
vt 9.388330 0.140409
vt 9.158599 -2.453914
vt 8.544493 -0.843347
vt 9.388330 0.140409
vt 7.790590 0.192861
vt 7.790590 0.192861
vt 9.388330 0.140409
vt 9.660589 -0.968513
vt 9.594262 -2.049279
vt 9.935108 -3.655746
vt 10.000000 -3.350523
vt 10.000000 -3.350523
vt 9.935108 -3.655746
vt 9.187977 -5.829951
vt 9.660589 -0.968513
vt 9.388330 0.140409
vt 9.594262 -2.049279
vt 10.000000 -3.350523
vt 9.660589 -0.968513
vt 9.594262 -2.049279
vt 9.158599 -2.453914
vt 9.935108 -3.655746
vt 9.594262 -2.049279
vn -0.502351 0.823527 0.263529
vn -0.502351 0.823527 0.263529
vn -0.502351 0.823527 0.263529
vn -0.515767 0.041559 -0.855720
vn -0.515767 0.041559 -0.855720
vn -0.515767 0.041559 -0.855720
vn -0.852318 0.394592 -0.343295
vn -0.852318 0.394592 -0.343295
vn -0.852318 0.394592 -0.343295
vn -0.920609 0.191524 0.340292
vn -0.920609 0.191524 0.340292
vn -0.920609 0.191524 0.340292
vn -0.370370 0.925926 0.074074
vn -0.370370 0.925926 0.074074
vn -0.370370 0.925926 0.074074
vn -0.418764 0.181053 -0.889863
vn -0.418764 0.181053 -0.889863
vn -0.418764 0.181053 -0.889863
vn -0.151530 0.963302 0.221559
vn -0.151530 0.963302 0.221559
vn -0.151530 0.963302 0.221559
vn -0.561762 -0.552118 -0.616108
vn -0.561762 -0.552118 -0.616108
vn -0.561762 -0.552118 -0.616108
vn 0.587426 -0.806264 0.069783
vn 0.587426 -0.806264 0.069783
vn 0.587426 -0.806264 0.069783
vn -0.166548 -0.755336 -0.633821
vn -0.166548 -0.755336 -0.633821
vn -0.166548 -0.755336 -0.633821
vn -0.274494 0.961589 0.000000
vn -0.274494 0.961589 0.000000
vn -0.274494 0.961589 0.000000
vn -0.390103 0.130163 -0.911525
vn -0.390103 0.130163 -0.911525
vn -0.390103 0.130163 -0.911525
vn -0.248853 0.968317 -0.020855
vn -0.248853 0.968317 -0.020855
vn -0.248853 0.968317 -0.020855
vn -0.493029 0.829643 -0.261946
vn -0.493029 0.829643 -0.261946
vn -0.493029 0.829643 -0.261946
vn -0.059860 -0.204995 -0.976931
vn -0.059860 -0.204995 -0.976931
vn -0.059860 -0.204995 -0.976931
vn -0.099021 0.108814 -0.989118
vn -0.099021 0.108814 -0.989118
vn -0.099021 0.108814 -0.989118
vn -0.123133 0.110930 -0.986171
vn -0.123133 0.110930 -0.986171
vn -0.123133 0.110930 -0.986171
vn -0.123133 0.110930 -0.986171
vn -0.123133 0.110930 -0.986171
vn -0.123133 0.110930 -0.986171
vn 0.012966 0.975245 0.220745
vn 0.012966 0.975245 0.220745
vn 0.012966 0.975245 0.220745
vn -0.999975 -0.005147 0.004890
vn -0.999975 -0.005147 0.004890
vn -0.999975 -0.005147 0.004890
vn -0.984346 0.129060 -0.120026
vn -0.984346 0.129060 -0.120026
vn -0.984346 0.129060 -0.120026
vn 0.017965 0.990244 0.138179
vn 0.017965 0.990244 0.138179
vn 0.017965 0.990244 0.138179
vn 0.017965 0.990244 0.138179
vn 0.017965 0.990244 0.138179
vn 0.017965 0.990244 0.138179
vn -0.991689 0.086115 -0.095588
vn -0.991689 0.086115 -0.095588
vn -0.991689 0.086115 -0.095588
vn -0.992606 0.112606 -0.045321
vn -0.992606 0.112606 -0.045321
vn -0.992606 0.112606 -0.045321
vn -0.992606 0.112606 -0.045321
vn -0.992606 0.112606 -0.045321
vn -0.992606 0.112606 -0.045321
vn 0.028871 0.999151 0.029384
vn 0.028871 0.999151 0.029384
vn 0.028871 0.999151 0.029384
vn 0.028871 0.999151 0.029384
vn 0.028871 0.999151 0.029384
vn 0.028871 0.999151 0.029384
vn -0.990010 0.138681 0.025470
vn -0.990010 0.138681 0.025470
vn -0.990010 0.138681 0.025470
vn 0.011613 0.999179 -0.038808
vn 0.011613 0.999179 -0.038808
vn 0.011613 0.999179 -0.038808
vn 0.011613 0.999179 -0.038808
vn 0.011613 0.999179 -0.038808
vn 0.011613 0.999179 -0.038808
vn -0.998489 0.028754 0.046825
vn -0.998489 0.028754 0.046825
vn -0.998489 0.028754 0.046825
vn 0.005807 0.953582 -0.301078
vn 0.005807 0.953582 -0.301078
vn 0.005807 0.953582 -0.301078
vn -0.980651 -0.079006 0.179116
vn -0.980651 -0.079006 0.179116
vn -0.980651 -0.079006 0.179116
vn -0.939991 -0.286452 -0.185373
vn -0.939991 -0.286452 -0.185373
vn -0.939991 -0.286452 -0.185373
vn -0.659189 -0.481089 0.577947
vn -0.659189 -0.481089 0.577947
vn -0.659189 -0.481089 0.577947
vn -0.275974 -0.875810 0.395974
vn -0.275974 -0.875810 0.395974
vn -0.275974 -0.875810 0.395974
vn -0.275974 -0.875810 0.395974
vn -0.275974 -0.875810 0.395974
vn -0.275974 -0.875810 0.395974
vn -0.275974 -0.875810 0.395974
vn -0.275974 -0.875810 0.395974
vn -0.275974 -0.875810 0.395974
vn 0.046974 0.988815 0.141557
vn 0.046974 0.988815 0.141557
vn 0.046974 0.988815 0.141557
vn -0.386955 -0.865296 0.318635
vn -0.386955 -0.865296 0.318635
vn -0.386955 -0.865296 0.318635
vn -0.389296 -0.917625 0.080084
vn -0.389296 -0.917625 0.080084
vn -0.389296 -0.917625 0.080084
vn -0.559512 -0.818656 0.129418
vn -0.559512 -0.818656 0.129418
vn -0.559512 -0.818656 0.129418
vn -0.559512 -0.818656 0.129418
vn -0.559512 -0.818656 0.129418
vn -0.559512 -0.818656 0.129418
vn -0.584401 0.772859 0.247315
vn -0.584401 0.772859 0.247315
vn -0.584401 0.772859 0.247315
vn -0.439847 -0.321009 0.838742
vn -0.439847 -0.321009 0.838742
vn -0.439847 -0.321009 0.838742
vn -0.594386 0.707602 -0.382105
vn -0.594386 0.707602 -0.382105
vn -0.594386 0.707602 -0.382105
vn -0.613494 0.674169 -0.411243
vn -0.613494 0.674169 -0.411243
vn -0.613494 0.674169 -0.411243
vn -0.895842 -0.029015 -0.443424
vn -0.895842 -0.029015 -0.443424
vn -0.895842 -0.029015 -0.443424
vn -0.999810 -0.017981 0.007552
vn -0.999810 -0.017981 0.007552
vn -0.999810 -0.017981 0.007552
vn -0.998839 0.043595 -0.020490
vn -0.998839 0.043595 -0.020490
vn -0.998839 0.043595 -0.020490
vn -0.998573 0.052560 -0.009461
vn -0.998573 0.052560 -0.009461
vn -0.998573 0.052560 -0.009461
vn -0.999797 -0.017572 0.009840
vn -0.999797 -0.017572 0.009840
vn -0.999797 -0.017572 0.009840
vn -0.991295 -0.122658 0.047836
vn -0.991295 -0.122658 0.047836
vn -0.991295 -0.122658 0.047836
vn -0.984574 0.152472 -0.085823
vn -0.984574 0.152472 -0.085823
vn -0.984574 0.152472 -0.085823
vn -0.994227 -0.050778 -0.094526
vn -0.994227 -0.050778 -0.094526
vn -0.994227 -0.050778 -0.094526
vn -0.989362 0.145259 -0.007865
vn -0.989362 0.145259 -0.007865
vn -0.989362 0.145259 -0.007865
vn -0.530331 -0.847633 -0.016354
vn -0.530331 -0.847633 -0.016354
vn -0.530331 -0.847633 -0.016354
vn -0.530331 -0.847633 -0.016354
vn -0.530331 -0.847633 -0.016354
vn -0.530331 -0.847633 -0.016354
vn 0.220342 0.716112 0.662294
vn 0.220342 0.716112 0.662294
vn 0.220342 0.716112 0.662294
vn -0.528073 0.649090 0.547560
vn -0.528073 0.649090 0.547560
vn -0.528073 0.649090 0.547560
vn -0.229191 0.973381 0.000000
vn -0.229191 0.973381 0.000000
vn -0.229191 0.973381 0.000000
vn -0.270898 0.948993 0.161329
vn -0.270898 0.948993 0.161329
vn -0.270898 0.948993 0.161329
vn -0.154127 0.979806 0.127375
vn -0.154127 0.979806 0.127375
vn -0.154127 0.979806 0.127375
vn -0.369469 0.923672 0.101604
vn -0.369469 0.923672 0.101604
vn -0.369469 0.923672 0.101604
vn -0.268319 0.963330 0.000000
vn -0.268319 0.963330 0.000000
vn -0.268319 0.963330 0.000000
vn -0.673041 0.739605 0.000000
vn -0.673041 0.739605 0.000000
vn -0.673041 0.739605 0.000000
vn -0.268319 0.963330 0.000000
vn -0.268319 0.963330 0.000000
vn -0.268319 0.963330 0.000000
vn -0.229191 0.973381 0.000000
vn -0.229191 0.973381 0.000000
vn -0.229191 0.973381 0.000000
vn -0.251976 0.967431 0.024186
vn -0.251976 0.967431 0.024186
vn -0.251976 0.967431 0.024186
vn -0.241705 0.961509 0.130690
vn -0.241705 0.961509 0.130690
vn -0.241705 0.961509 0.130690
vn -0.240153 0.946784 0.214303
vn -0.240153 0.946784 0.214303
vn -0.240153 0.946784 0.214303
vn -0.564889 -0.702940 -0.432174
vn -0.564889 -0.702940 -0.432174
vn -0.564889 -0.702940 -0.432174
vn -0.125675 -0.726753 0.675304
vn -0.125675 -0.726753 0.675304
vn -0.125675 -0.726753 0.675304
vn 0.304095 0.159904 0.939126
vn 0.304095 0.159904 0.939126
vn 0.304095 0.159904 0.939126
vn 0.434073 -0.886550 0.160030
vn 0.434073 -0.886550 0.160030
vn 0.434073 -0.886550 0.160030
vn 0.252613 0.141972 -0.957095
vn 0.252613 0.141972 -0.957095
vn 0.252613 0.141972 -0.957095
vn 0.264250 0.166765 -0.949927
vn 0.264250 0.166765 -0.949927
vn 0.264250 0.166765 -0.949927
vn 0.274520 0.072997 -0.958807
vn 0.274520 0.072997 -0.958807
vn 0.274520 0.072997 -0.958807
vn -0.035648 0.855661 -0.516308
vn -0.035648 0.855661 -0.516308
vn -0.035648 0.855661 -0.516308
vn -0.168697 0.898535 -0.405186
vn -0.168697 0.898535 -0.405186
vn -0.168697 0.898535 -0.405186
vn -0.158806 0.417063 -0.894896
vn -0.158806 0.417063 -0.894896
vn -0.158806 0.417063 -0.894896
vn -0.219060 -0.357351 -0.907917
vn -0.219060 -0.357351 -0.907917
vn -0.219060 -0.357351 -0.907917
vn 0.029895 -0.608194 0.793226
vn 0.029895 -0.608194 0.793226
vn 0.029895 -0.608194 0.793226
vn 0.029895 -0.608194 0.793226
vn 0.029895 -0.608194 0.793226
vn 0.029895 -0.608194 0.793226
vn -0.151941 -0.786268 0.598912
vn -0.151941 -0.786268 0.598912
vn -0.151941 -0.786268 0.598912
vn -0.039010 -0.924038 -0.380304
vn -0.039010 -0.924038 -0.380304
vn -0.039010 -0.924038 -0.380304
vn -0.039010 -0.924038 -0.380304
vn -0.039010 -0.924038 -0.380304
vn -0.039010 -0.924038 -0.380304
vn -0.103063 0.845858 -0.523357
vn -0.103063 0.845858 -0.523357
vn -0.103063 0.845858 -0.523357
vn -0.103063 0.845858 -0.523357
vn -0.103063 0.845858 -0.523357
vn -0.103063 0.845858 -0.523357
vn -0.411776 -0.195537 0.890059
vn -0.411776 -0.195537 0.890059
vn -0.411776 -0.195537 0.890059
vn -0.927816 -0.204810 -0.311784
vn -0.927816 -0.204810 -0.311784
vn -0.927816 -0.204810 -0.311784
vn 0.154827 -0.946061 -0.284599
vn 0.154827 -0.946061 -0.284599
vn 0.154827 -0.946061 -0.284599
vn 0.006746 0.999888 0.013357
vn 0.006746 0.999888 0.013357
vn 0.006746 0.999888 0.013357
vn 0.006746 0.999888 0.013357
vn 0.006746 0.999888 0.013357
vn 0.006746 0.999888 0.013357
vn 0.052798 -0.920181 0.387916
vn 0.052798 -0.920181 0.387916
vn 0.052798 -0.920181 0.387916
vn 0.052798 -0.920181 0.387916
vn 0.052798 -0.920181 0.387916
vn 0.052798 -0.920181 0.387916
vn 0.246603 0.723983 0.644233
vn 0.246603 0.723983 0.644233
vn 0.246603 0.723983 0.644233
vn -0.322209 0.404192 -0.856044
vn -0.322209 0.404192 -0.856044
vn -0.322209 0.404192 -0.856044
vn -0.057248 -0.945971 -0.319157
vn -0.057248 -0.945971 -0.319157
vn -0.057248 -0.945971 -0.319157
vn -0.057248 -0.945971 -0.319157
vn -0.057248 -0.945971 -0.319157
vn -0.057248 -0.945971 -0.319157
vn -0.220349 -0.496345 0.839695
vn -0.220349 -0.496345 0.839695
vn -0.220349 -0.496345 0.839695
vn 0.083857 0.996204 -0.023372
vn 0.083857 0.996204 -0.023372
vn 0.083857 0.996204 -0.023372
vn 0.083857 0.996204 -0.023372
vn 0.083857 0.996204 -0.023372
vn 0.083857 0.996204 -0.023372
vn 0.120342 -0.783342 0.609831
vn 0.120342 -0.783342 0.609831
vn 0.120342 -0.783342 0.609831
vn 0.244362 -0.727966 0.640588
vn 0.244362 -0.727966 0.640588
vn 0.244362 -0.727966 0.640588
vn -0.057220 -0.977947 0.200864
vn -0.057220 -0.977947 0.200864
vn -0.057220 -0.977947 0.200864
vn -0.120201 0.587903 -0.799951
vn -0.120201 0.587903 -0.799951
vn -0.120201 0.587903 -0.799951
vn 0.000309 -0.999416 -0.034172
vn 0.000309 -0.999416 -0.034172
vn 0.000309 -0.999416 -0.034172
vn 0.000309 -0.999416 -0.034172
vn 0.000309 -0.999416 -0.034172
vn 0.000309 -0.999416 -0.034172
vn 0.000309 -0.999416 -0.034172
vn 0.000309 -0.999416 -0.034172
vn 0.000309 -0.999416 -0.034172
vn -0.259899 -0.962190 -0.081500
vn -0.259899 -0.962190 -0.081500
vn -0.259899 -0.962190 -0.081500
vn 0.434505 -0.332483 -0.837055
vn 0.434505 -0.332483 -0.837055
vn 0.434505 -0.332483 -0.837055
vn 0.100461 -0.822376 0.560005
vn 0.100461 -0.822376 0.560005
vn 0.100461 -0.822376 0.560005
vn -0.058840 -0.998138 0.016097
vn -0.058840 -0.998138 0.016097
vn -0.058840 -0.998138 0.016097
vn -0.058840 -0.998138 0.016097
vn -0.058840 -0.998138 0.016097
vn -0.058840 -0.998138 0.016097
vn -0.014514 0.999731 -0.018115
vn -0.014514 0.999731 -0.018115
vn -0.014514 0.999731 -0.018115
vn -0.014514 0.999731 -0.018115
vn -0.014514 0.999731 -0.018115
vn -0.014514 0.999731 -0.018115
vn -0.150204 -0.923109 -0.353989
vn -0.150204 -0.923109 -0.353989
vn -0.150204 -0.923109 -0.353989
vn -0.150204 -0.923109 -0.353989
vn -0.150204 -0.923109 -0.353989
vn -0.150204 -0.923109 -0.353989
vn 0.097463 0.783481 -0.613725
vn 0.097463 0.783481 -0.613725
vn 0.097463 0.783481 -0.613725
vn 0.103193 -0.722587 0.683534
vn 0.103193 -0.722587 0.683534
vn 0.103193 -0.722587 0.683534
vn 0.103193 -0.722587 0.683534
vn 0.103193 -0.722587 0.683534
vn 0.103193 -0.722587 0.683534
vn 0.201342 -0.238066 0.950151
vn 0.201342 -0.238066 0.950151
vn 0.201342 -0.238066 0.950151
vn 0.135257 -0.214886 0.967228
vn 0.135257 -0.214886 0.967228
vn 0.135257 -0.214886 0.967228
vn -0.312994 -0.168375 -0.934711
vn -0.312994 -0.168375 -0.934711
vn -0.312994 -0.168375 -0.934711
vn -0.237478 0.337292 -0.910955
vn -0.237478 0.337292 -0.910955
vn -0.237478 0.337292 -0.910955
vn -0.115714 -0.401529 -0.908507
vn -0.115714 -0.401529 -0.908507
vn -0.115714 -0.401529 -0.908507
vn 0.728145 -0.269481 0.630226
vn 0.728145 -0.269481 0.630226
vn 0.728145 -0.269481 0.630226
vn 0.008338 -0.998400 -0.055932
vn 0.008338 -0.998400 -0.055932
vn 0.008338 -0.998400 -0.055932
vn 0.008338 -0.998400 -0.055932
vn 0.008338 -0.998400 -0.055932
vn 0.008338 -0.998400 -0.055932
vn 0.008338 -0.998400 -0.055932
vn 0.008338 -0.998400 -0.055932
vn 0.008338 -0.998400 -0.055932
vn 0.413675 -0.573870 0.706786
vn 0.413675 -0.573870 0.706786
vn 0.413675 -0.573870 0.706786
vn 0.193499 -0.772624 0.604657
vn 0.193499 -0.772624 0.604657
vn 0.193499 -0.772624 0.604657
vn 0.193499 -0.772624 0.604657
vn 0.193499 -0.772624 0.604657
vn 0.193499 -0.772624 0.604657
vn -0.865533 0.030798 -0.499904
vn -0.865533 0.030798 -0.499904
vn -0.865533 0.030798 -0.499904
vn -0.073531 -0.988886 0.129219
vn -0.073531 -0.988886 0.129219
vn -0.073531 -0.988886 0.129219
vn -0.267957 -0.956593 -0.114581
vn -0.267957 -0.956593 -0.114581
vn -0.267957 -0.956593 -0.114581
vn -0.178896 -0.956362 0.231015
vn -0.178896 -0.956362 0.231015
vn -0.178896 -0.956362 0.231015
vn -0.073797 -0.994724 -0.071263
vn -0.073797 -0.994724 -0.071263
vn -0.073797 -0.994724 -0.071263
vn 0.074468 -0.914762 0.397070
vn 0.074468 -0.914762 0.397070
vn 0.074468 -0.914762 0.397070
vn -0.862557 -0.502027 0.062966
vn -0.862557 -0.502027 0.062966
vn -0.862557 -0.502027 0.062966
vn 0.048604 -0.969382 0.240699
vn 0.048604 -0.969382 0.240699
vn 0.048604 -0.969382 0.240699
vn -0.560551 -0.806372 0.188537
vn -0.560551 -0.806372 0.188537
vn -0.560551 -0.806372 0.188537
vn 0.024076 -0.979233 0.201301
vn 0.024076 -0.979233 0.201301
vn 0.024076 -0.979233 0.201301
vn -0.333683 -0.869744 0.363595
vn -0.333683 -0.869744 0.363595
vn -0.333683 -0.869744 0.363595
vn 0.195129 -0.300183 0.933710
vn 0.195129 -0.300183 0.933710
vn 0.195129 -0.300183 0.933710
vn -0.159228 -0.987124 0.015285
vn -0.159228 -0.987124 0.015285
vn -0.159228 -0.987124 0.015285
vn 0.580591 -0.434368 -0.688650
vn 0.580591 -0.434368 -0.688650
vn 0.580591 -0.434368 -0.688650
vn 0.252062 0.883145 0.395625
vn 0.252062 0.883145 0.395625
vn 0.252062 0.883145 0.395625
vn 0.188450 0.471932 0.861259
vn 0.188450 0.471932 0.861259
vn 0.188450 0.471932 0.861259
vn -0.216079 0.427983 0.877577
vn -0.216079 0.427983 0.877577
vn -0.216079 0.427983 0.877577
vn -0.056456 -0.274218 0.960009
vn -0.056456 -0.274218 0.960009
vn -0.056456 -0.274218 0.960009
vn 0.266011 -0.390787 0.881206
vn 0.266011 -0.390787 0.881206
vn 0.266011 -0.390787 0.881206
vn 0.243943 -0.558856 0.792573
vn 0.243943 -0.558856 0.792573
vn 0.243943 -0.558856 0.792573
vn -0.184114 -0.304256 -0.934628
vn -0.184114 -0.304256 -0.934628
vn -0.184114 -0.304256 -0.934628
vn -0.461604 -0.098381 -0.881614
vn -0.461604 -0.098381 -0.881614
vn -0.461604 -0.098381 -0.881614
vn -0.251935 -0.014623 -0.967634
vn -0.251935 -0.014623 -0.967634
vn -0.251935 -0.014623 -0.967634
vn -0.263484 -0.002400 -0.964661
vn -0.263484 -0.002400 -0.964661
vn -0.263484 -0.002400 -0.964661
vn -0.200420 0.590001 -0.782132
vn -0.200420 0.590001 -0.782132
vn -0.200420 0.590001 -0.782132
vn -0.046324 0.839026 -0.542116
vn -0.046324 0.839026 -0.542116
vn -0.046324 0.839026 -0.542116
vn -0.036337 0.997596 -0.059003
vn -0.036337 0.997596 -0.059003
vn -0.036337 0.997596 -0.059003
vn -0.146664 0.988791 0.027970
vn -0.146664 0.988791 0.027970
vn -0.146664 0.988791 0.027970
vn -0.146664 0.988791 0.027970
vn -0.146664 0.988791 0.027970
vn -0.146664 0.988791 0.027970
vn -0.092166 -0.956947 -0.275241
vn -0.092166 -0.956947 -0.275241
vn -0.092166 -0.956947 -0.275241
vn -0.092166 -0.956947 -0.275241
vn -0.092166 -0.956947 -0.275241
vn -0.092166 -0.956947 -0.275241
vn -0.009973 0.999507 -0.029783
vn -0.009973 0.999507 -0.029783
vn -0.009973 0.999507 -0.029783
vn -0.009973 0.999507 -0.029783
vn -0.009973 0.999507 -0.029783
vn -0.009973 0.999507 -0.029783
vn 0.220977 -0.718115 0.659909
vn 0.220977 -0.718115 0.659909
vn 0.220977 -0.718115 0.659909
vn -0.180468 0.822782 -0.538944
vn -0.180468 0.822782 -0.538944
vn -0.180468 0.822782 -0.538944
vn -0.003465 -0.999940 -0.010348
vn -0.003465 -0.999940 -0.010348
vn -0.003465 -0.999940 -0.010348
vn -0.003465 -0.999940 -0.010348
vn -0.003465 -0.999940 -0.010348
vn -0.003465 -0.999940 -0.010348
vn -0.260504 -0.807732 0.528873
vn -0.260504 -0.807732 0.528873
vn -0.260504 -0.807732 0.528873
vn -0.087105 0.961638 -0.260126
vn -0.087105 0.961638 -0.260126
vn -0.087105 0.961638 -0.260126
vn -0.087105 0.961638 -0.260126
vn -0.087105 0.961638 -0.260126
vn -0.087105 0.961638 -0.260126
vn -0.848865 0.447251 -0.281770
vn -0.848865 0.447251 -0.281770
vn -0.848865 0.447251 -0.281770
vn 0.579017 0.468618 0.667186
vn 0.579017 0.468618 0.667186
vn 0.579017 0.468618 0.667186
vn 0.579017 0.468618 0.667186
vn 0.579017 0.468618 0.667186
vn 0.579017 0.468618 0.667186
vn -0.014060 0.988071 0.153356
vn -0.014060 0.988071 0.153356
vn -0.014060 0.988071 0.153356
vn -0.014060 0.988071 0.153356
vn -0.014060 0.988071 0.153356
vn -0.014060 0.988071 0.153356
vn -0.559862 0.128382 -0.818580
vn -0.559862 0.128382 -0.818580
vn -0.559862 0.128382 -0.818580
vn 0.725889 0.507767 0.463958
vn 0.725889 0.507767 0.463958
vn 0.725889 0.507767 0.463958
vn 0.725889 0.507767 0.463958
vn 0.725889 0.507767 0.463958
vn 0.725889 0.507767 0.463958
vn -0.452993 -0.888862 0.068713
vn -0.452993 -0.888862 0.068713
vn -0.452993 -0.888862 0.068713
vn -0.271852 0.806792 0.524579
vn -0.271852 0.806792 0.524579
vn -0.271852 0.806792 0.524579
vn -0.881173 -0.375367 0.287461
vn -0.881173 -0.375367 0.287461
vn -0.881173 -0.375367 0.287461
vn 0.111411 -0.685105 0.719874
vn 0.111411 -0.685105 0.719874
vn 0.111411 -0.685105 0.719874
vn 0.819012 -0.298337 0.490116
vn 0.819012 -0.298337 0.490116
vn 0.819012 -0.298337 0.490116
vn 0.169143 -0.846314 0.505117
vn 0.169143 -0.846314 0.505117
vn 0.169143 -0.846314 0.505117
vn 0.346220 -0.838901 0.419973
vn 0.346220 -0.838901 0.419973
vn 0.346220 -0.838901 0.419973
vn -0.630619 -0.679904 0.374233
vn -0.630619 -0.679904 0.374233
vn -0.630619 -0.679904 0.374233
vn -0.654948 0.714136 0.247091
vn -0.654948 0.714136 0.247091
vn -0.654948 0.714136 0.247091
vn -0.260504 -0.807732 0.528873
vn -0.260507 -0.807733 0.528870
vn -0.260504 -0.807732 0.528873
vn -0.033024 0.566839 -0.823166
vn -0.033024 0.566839 -0.823166
vn -0.033024 0.566839 -0.823166
vn -0.005795 -0.274915 -0.961451
vn -0.005795 -0.274915 -0.961451
vn -0.005795 -0.274915 -0.961451
vn -0.217137 0.607842 -0.763793
vn -0.217137 0.607842 -0.763793
vn -0.217137 0.607842 -0.763793
vn -0.180468 0.822782 -0.538944
vn -0.180469 0.822783 -0.538943
vn -0.180468 0.822782 -0.538944
vn -0.144509 0.472795 -0.869242
vn -0.144509 0.472795 -0.869242
vn -0.144509 0.472795 -0.869242
vn -0.327326 0.426760 -0.843050
vn -0.327326 0.426760 -0.843050
vn -0.327326 0.426760 -0.843050
vn 0.012964 0.843372 0.537173
vn 0.012964 0.843372 0.537173
vn 0.012964 0.843372 0.537173
vn 0.063654 -0.086770 0.994193
vn 0.063654 -0.086770 0.994193
vn 0.063654 -0.086770 0.994193
vn 0.121537 0.270776 0.954939
vn 0.121537 0.270776 0.954939
vn 0.121537 0.270776 0.954939
vn -0.656513 -0.734184 0.173104
vn -0.656513 -0.734184 0.173104
vn -0.656513 -0.734184 0.173104
vn -0.039256 -0.979699 0.196591
vn -0.039256 -0.979699 0.196591
vn -0.039256 -0.979699 0.196591
vn 0.363908 -0.828500 0.425627
vn 0.363908 -0.828500 0.425627
vn 0.363908 -0.828500 0.425627
vn 0.383872 -0.923243 -0.016253
vn 0.383872 -0.923243 -0.016253
vn 0.383872 -0.923243 -0.016253
vn 0.383872 -0.923243 -0.016253
vn 0.383872 -0.923243 -0.016253
vn 0.383872 -0.923243 -0.016253
vn 0.340738 -0.858048 0.384255
vn 0.340738 -0.858048 0.384255
vn 0.340738 -0.858048 0.384255
vn 0.190471 -0.473510 0.859947
vn 0.190471 -0.473510 0.859947
vn 0.190471 -0.473510 0.859947
vn -0.167922 -0.721296 0.671963
vn -0.167922 -0.721296 0.671963
vn -0.167922 -0.721296 0.671963
vn 0.517184 -0.848001 0.115823
vn 0.517184 -0.848001 0.115823
vn 0.517184 -0.848001 0.115823
vn 0.465207 -0.819230 0.335328
vn 0.465207 -0.819230 0.335328
vn 0.465207 -0.819230 0.335328
vn 0.434073 -0.886550 0.160030
vn 0.434073 -0.886550 0.160030
vn 0.434073 -0.886550 0.160030
vn 0.091509 -0.970640 0.222452
vn 0.091509 -0.970640 0.222452
vn 0.091509 -0.970640 0.222452
vn 0.091509 -0.970640 0.222452
vn 0.091509 -0.970640 0.222452
vn 0.091509 -0.970640 0.222452
vn 0.091509 -0.970640 0.222452
vn 0.091509 -0.970640 0.222452
vn 0.091509 -0.970640 0.222452
vn 0.091509 -0.970640 0.222452
vn 0.091509 -0.970640 0.222452
vn 0.091509 -0.970640 0.222452
vn -0.676810 -0.230267 0.699218
vn -0.676810 -0.230267 0.699218
vn -0.676810 -0.230267 0.699218
vn -0.548957 -0.702554 0.452840
vn -0.548957 -0.702554 0.452840
vn -0.548957 -0.702554 0.452840
vn -0.901502 -0.310932 0.301025
vn -0.901502 -0.310932 0.301025
vn -0.901502 -0.310932 0.301025
vn -0.929433 -0.276501 0.244339
vn -0.929433 -0.276501 0.244339
vn -0.929433 -0.276501 0.244339
vn 0.559128 -0.734449 0.384655
vn 0.559128 -0.734449 0.384655
vn 0.559128 -0.734449 0.384655
vn 0.295459 -0.366292 0.882346
vn 0.295459 -0.366292 0.882346
vn 0.295459 -0.366292 0.882346
vn 0.906684 -0.396844 -0.142965
vn 0.906684 -0.396844 -0.142965
vn 0.906684 -0.396844 -0.142965
vn 0.379350 -0.924790 -0.029260
vn 0.379350 -0.924790 -0.029260
vn 0.379350 -0.924790 -0.029260
vn -0.382095 -0.907829 -0.172770
vn -0.382095 -0.907829 -0.172770
vn -0.382095 -0.907829 -0.172770
vn 0.356804 -0.060178 0.932239
vn 0.356804 -0.060178 0.932239
vn 0.356804 -0.060178 0.932239
vn 0.356804 -0.060178 0.932239
vn 0.356804 -0.060178 0.932239
vn 0.356804 -0.060178 0.932239
vn -0.335202 -0.941422 0.036927
vn -0.335202 -0.941422 0.036927
vn -0.335202 -0.941422 0.036927
vn -0.419622 -0.553422 0.719473
vn -0.419622 -0.553422 0.719473
vn -0.419622 -0.553422 0.719473
vn 0.359411 -0.184013 -0.914857
vn 0.359411 -0.184013 -0.914857
vn 0.359411 -0.184013 -0.914857
vn -0.115572 -0.208848 -0.971095
vn -0.115572 -0.208848 -0.971095
vn -0.115572 -0.208848 -0.971095
vn -0.132273 -0.909104 -0.395011
vn -0.132273 -0.909104 -0.395011
vn -0.132273 -0.909104 -0.395011
vn -0.255400 -0.811197 -0.526052
vn -0.255400 -0.811197 -0.526052
vn -0.255400 -0.811197 -0.526052
vn -0.451880 0.464799 -0.761424
vn -0.451880 0.464799 -0.761424
vn -0.451880 0.464799 -0.761424
vn -0.465504 0.355620 -0.810457
vn -0.465504 0.355620 -0.810457
vn -0.465504 0.355620 -0.810457
vn -0.444087 -0.895945 -0.008359
vn -0.444087 -0.895945 -0.008359
vn -0.444087 -0.895945 -0.008359
vn -0.460780 -0.887350 -0.017083
vn -0.460780 -0.887350 -0.017083
vn -0.460780 -0.887350 -0.017083
vn -0.118412 -0.669274 0.733519
vn -0.118412 -0.669274 0.733519
vn -0.118412 -0.669274 0.733519
vn -0.129071 -0.917277 0.376754
vn -0.129071 -0.917277 0.376754
vn -0.129071 -0.917277 0.376754
vn -0.161785 -0.908407 0.385515
vn -0.161785 -0.908407 0.385515
vn -0.161785 -0.908407 0.385515
vn 0.303815 0.655353 -0.691526
vn 0.303815 0.655353 -0.691526
vn 0.303815 0.655353 -0.691526
vn 0.303815 0.655353 -0.691526
vn 0.303815 0.655353 -0.691526
vn 0.303815 0.655353 -0.691526
vn -0.014903 -0.854983 -0.518441
vn -0.014903 -0.854983 -0.518441
vn -0.014903 -0.854983 -0.518441
vn -0.452025 -0.010667 -0.891942
vn -0.452025 -0.010667 -0.891942
vn -0.452025 -0.010667 -0.891942
vn -0.452025 -0.010667 -0.891942
vn -0.452025 -0.010667 -0.891942
vn -0.452025 -0.010667 -0.891942
vn 0.123802 -0.959444 -0.253258
vn 0.123802 -0.959444 -0.253258
vn 0.123802 -0.959444 -0.253258
vn 0.242593 -0.932224 -0.268528
vn 0.242593 -0.932224 -0.268528
vn 0.242593 -0.932224 -0.268528
vn 0.575253 0.794224 -0.195683
vn 0.575253 0.794224 -0.195683
vn 0.575253 0.794224 -0.195683
vn 0.575253 0.794224 -0.195683
vn 0.575253 0.794224 -0.195683
vn 0.575253 0.794224 -0.195683
vn 0.679572 0.068470 0.730407
vn 0.679572 0.068470 0.730407
vn 0.679572 0.068470 0.730407
vn 0.952590 -0.219105 -0.211105
vn 0.952590 -0.219105 -0.211105
vn 0.952590 -0.219105 -0.211105
vn 0.952590 -0.219105 -0.211105
vn 0.952590 -0.219105 -0.211105
vn 0.952590 -0.219105 -0.211105
vn -0.016442 0.998453 -0.053122
vn -0.016442 0.998453 -0.053122
vn -0.016442 0.998453 -0.053122
vn -0.016442 0.998453 -0.053122
vn -0.016442 0.998453 -0.053122
vn -0.016442 0.998453 -0.053122
vn -0.016442 0.998453 -0.053122
vn -0.016442 0.998453 -0.053122
vn -0.016442 0.998453 -0.053122
vn -0.016442 0.998453 -0.053122
vn -0.016442 0.998453 -0.053122
vn -0.016442 0.998453 -0.053122
vn 0.437212 0.003711 0.899351
vn 0.437212 0.003711 0.899351
vn 0.437212 0.003711 0.899351
vn 0.437212 0.003711 0.899351
vn 0.437212 0.003711 0.899351
vn 0.437212 0.003711 0.899351
vn -0.515302 0.745709 0.422353
vn -0.515302 0.745709 0.422353
vn -0.515302 0.745709 0.422353
vn 0.966559 0.137292 -0.216596
vn 0.966559 0.137292 -0.216596
vn 0.966559 0.137292 -0.216596
vn 0.966559 0.137292 -0.216596
vn 0.966559 0.137292 -0.216596
vn 0.966559 0.137292 -0.216596
vn 0.856989 0.460178 -0.231962
vn 0.856989 0.460178 -0.231962
vn 0.856989 0.460178 -0.231962
vn 0.856989 0.460178 -0.231962
vn 0.856989 0.460178 -0.231962
vn 0.856989 0.460178 -0.231962
vn 0.258265 0.293121 -0.920532
vn 0.258265 0.293121 -0.920532
vn 0.258265 0.293121 -0.920532
vn 0.258265 0.293121 -0.920532
vn 0.258265 0.293121 -0.920532
vn 0.258265 0.293121 -0.920532
vn -0.889821 0.441806 0.114132
vn -0.889821 0.441806 0.114132
vn -0.889821 0.441806 0.114132
vn -0.117338 0.294689 0.948362
vn -0.117338 0.294689 0.948362
vn -0.117338 0.294689 0.948362
vn -0.117338 0.294689 0.948362
vn -0.117338 0.294689 0.948362
vn -0.117338 0.294689 0.948362
vn -0.758198 0.646891 0.081655
vn -0.758198 0.646891 0.081655
vn -0.758198 0.646891 0.081655
vn 0.720591 0.664626 -0.197536
vn 0.720591 0.664626 -0.197536
vn 0.720591 0.664626 -0.197536
vn 0.720591 0.664626 -0.197536
vn 0.720591 0.664626 -0.197536
vn 0.720591 0.664626 -0.197536
vn -0.209807 0.475895 0.854111
vn -0.209807 0.475895 0.854111
vn -0.209807 0.475895 0.854111
vn -0.209807 0.475895 0.854111
vn -0.209807 0.475895 0.854111
vn -0.209807 0.475895 0.854111
vn 0.290529 0.474133 -0.831138
vn 0.290529 0.474133 -0.831138
vn 0.290529 0.474133 -0.831138
vn 0.290529 0.474133 -0.831138
vn 0.290529 0.474133 -0.831138
vn 0.290529 0.474133 -0.831138
vn -0.504938 0.300710 -0.809081
vn -0.504938 0.300710 -0.809081
vn -0.504938 0.300710 -0.809081
vn -0.504938 0.300710 -0.809081
vn -0.504938 0.300710 -0.809081
vn -0.504938 0.300710 -0.809081
vn -0.522208 0.485056 -0.701441
vn -0.522208 0.485056 -0.701441
vn -0.522208 0.485056 -0.701441
vn -0.522208 0.485056 -0.701441
vn -0.522208 0.485056 -0.701441
vn -0.522208 0.485056 -0.701441
vn 0.672572 0.310829 0.671589
vn 0.672572 0.310829 0.671589
vn 0.672572 0.310829 0.671589
vn 0.672572 0.310829 0.671589
vn 0.672572 0.310829 0.671589
vn 0.672572 0.310829 0.671589
vn 0.667473 0.503236 0.548848
vn 0.667473 0.503236 0.548848
vn 0.667473 0.503236 0.548848
vn 0.667473 0.503236 0.548848
vn 0.667473 0.503236 0.548848
vn 0.667473 0.503236 0.548848
vn -0.869469 0.067038 -0.489418
vn -0.869469 0.067038 -0.489418
vn -0.869469 0.067038 -0.489418
vn 0.201667 0.075941 -0.976506
vn 0.201667 0.075941 -0.976506
vn 0.201667 0.075941 -0.976506
vn -0.088525 0.330316 0.939710
vn -0.088525 0.330316 0.939710
vn -0.088525 0.330316 0.939710
vn 0.646906 -0.152929 0.747078
vn 0.646906 -0.152929 0.747078
vn 0.646906 -0.152929 0.747078
vn -0.470843 -0.754815 0.456685
vn -0.470843 -0.754815 0.456685
vn -0.470843 -0.754815 0.456685
vn -0.199331 -0.886426 -0.417752
vn -0.199331 -0.886426 -0.417752
vn -0.199331 -0.886426 -0.417752
vn -0.199331 -0.886426 -0.417752
vn -0.199331 -0.886426 -0.417752
vn -0.199331 -0.886426 -0.417752
vn -0.246770 -0.961919 0.117546
vn -0.246770 -0.961919 0.117546
vn -0.246770 -0.961919 0.117546
vn 0.441736 -0.748756 -0.494201
vn 0.441736 -0.748756 -0.494201
vn 0.441736 -0.748756 -0.494201
vn 0.688224 -0.663921 -0.292503
vn 0.688224 -0.663921 -0.292503
vn 0.688224 -0.663921 -0.292503
vn -0.696277 -0.602660 0.389871
vn -0.696277 -0.602660 0.389871
vn -0.696277 -0.602660 0.389871
vn -0.696277 -0.602660 0.389871
vn -0.696277 -0.602660 0.389871
vn -0.696277 -0.602660 0.389871
vn 0.036403 -0.934107 0.355132
vn 0.036403 -0.934107 0.355132
vn 0.036403 -0.934107 0.355132
vn 0.830040 -0.196519 0.521933
vn 0.830040 -0.196519 0.521933
vn 0.830040 -0.196519 0.521933
vn 0.652371 -0.242063 -0.718205
vn 0.652371 -0.242063 -0.718205
vn 0.652371 -0.242063 -0.718205
vn -0.679859 -0.687644 0.254830
vn -0.679859 -0.687644 0.254830
vn -0.679859 -0.687644 0.254830
vn -0.725940 -0.602474 0.331718
vn -0.725940 -0.602474 0.331718
vn -0.725940 -0.602474 0.331718
vn -0.269716 -0.570492 -0.775753
vn -0.269716 -0.570492 -0.775753
vn -0.269716 -0.570492 -0.775753
vn -0.269716 -0.570492 -0.775753
vn -0.269716 -0.570492 -0.775753
vn -0.269716 -0.570492 -0.775753
vn 0.423744 -0.686596 0.590785
vn 0.423744 -0.686596 0.590785
vn 0.423744 -0.686596 0.590785
vn 0.043921 -0.696444 -0.716266
vn 0.043921 -0.696444 -0.716266
vn 0.043921 -0.696444 -0.716266
vn 0.212382 0.021544 -0.976949
vn 0.212382 0.021544 -0.976949
vn 0.212382 0.021544 -0.976949
vn 0.463316 -0.196298 0.864179
vn 0.463316 -0.196298 0.864179
vn 0.463316 -0.196298 0.864179
vn 0.756923 -0.077275 0.648919
vn 0.756923 -0.077275 0.648919
vn 0.756923 -0.077275 0.648919
vn 0.316480 -0.668570 0.672945
vn 0.316480 -0.668570 0.672945
vn 0.316480 -0.668570 0.672945
vn -0.135220 0.136869 -0.981317
vn -0.135220 0.136869 -0.981317
vn -0.135220 0.136869 -0.981317
vn 0.198947 0.649632 -0.733757
vn 0.198947 0.649632 -0.733757
vn 0.198947 0.649632 -0.733757
vn 0.042875 -0.143348 -0.988743
vn 0.042875 -0.143348 -0.988743
vn 0.042875 -0.143348 -0.988743
vn -0.399113 -0.092369 -0.912237
vn -0.399113 -0.092369 -0.912237
vn -0.399113 -0.092369 -0.912237
vn 0.782441 0.231932 0.577922
vn 0.782441 0.231932 0.577922
vn 0.782441 0.231932 0.577922
vn 0.094417 0.313451 0.944899
vn 0.094417 0.313451 0.944899
vn 0.094417 0.313451 0.944899
vn 0.144828 -0.447698 0.882378
vn 0.144828 -0.447698 0.882378
vn 0.144828 -0.447698 0.882378
vn 0.784652 -0.415337 0.460235
vn 0.784652 -0.415337 0.460235
vn 0.784652 -0.415337 0.460235
vn 0.692017 -0.549666 0.467952
vn 0.692017 -0.549666 0.467952
vn 0.692017 -0.549666 0.467952
vn 0.204960 -0.595022 -0.777136
vn 0.204960 -0.595022 -0.777136
vn 0.204960 -0.595022 -0.777136
vn 0.420638 -0.692631 -0.585941
vn 0.420638 -0.692631 -0.585941
vn 0.420638 -0.692631 -0.585941
vn 0.200995 -0.606119 -0.769559
vn 0.200995 -0.606119 -0.769559
vn 0.200995 -0.606119 -0.769559
vn 0.432119 -0.712757 0.552495
vn 0.432119 -0.712757 0.552495
vn 0.432119 -0.712757 0.552495
vn 0.571856 -0.779892 0.254459
vn 0.571856 -0.779892 0.254459
vn 0.571856 -0.779892 0.254459
vn 0.133434 -0.942505 -0.306397
vn 0.133434 -0.942505 -0.306397
vn 0.133434 -0.942505 -0.306397
vn 0.349394 -0.781126 0.517461
vn 0.349394 -0.781126 0.517461
vn 0.349394 -0.781126 0.517461
vn -0.014903 -0.854983 -0.518441
vn -0.014903 -0.854984 -0.518440
vn -0.014903 -0.854983 -0.518441
vn 0.788837 -0.601601 0.125749
vn 0.788837 -0.601601 0.125749
vn 0.788837 -0.601601 0.125749
vn -0.882562 -0.299106 0.362795
vn -0.882562 -0.299106 0.362795
vn -0.882562 -0.299106 0.362795
vn 0.132237 -0.239094 0.961950
vn 0.132237 -0.239094 0.961950
vn 0.132237 -0.239094 0.961950
vn -0.612764 -0.248953 0.750029
vn -0.612764 -0.248953 0.750029
vn -0.612764 -0.248953 0.750029
vn -0.174957 -0.748151 0.640047
vn -0.174957 -0.748151 0.640047
vn -0.174957 -0.748151 0.640047
vn -0.174957 -0.748151 0.640047
vn -0.174957 -0.748151 0.640047
vn -0.174957 -0.748151 0.640047
vn 0.740668 -0.637360 0.212561
vn 0.740668 -0.637360 0.212561
vn 0.740668 -0.637360 0.212561
vn 0.740668 -0.637360 0.212561
vn 0.740668 -0.637360 0.212561
vn 0.740668 -0.637360 0.212561
vn 0.695583 -0.567934 -0.440018
vn 0.695583 -0.567934 -0.440018
vn 0.695583 -0.567934 -0.440018
vn 0.695583 -0.567934 -0.440018
vn 0.695583 -0.567934 -0.440018
vn 0.695583 -0.567934 -0.440018
vn -0.212768 -0.370723 -0.904043
vn -0.212768 -0.370723 -0.904043
vn -0.212768 -0.370723 -0.904043
vn -0.640049 -0.438463 0.630941
vn -0.640049 -0.438463 0.630941
vn -0.640049 -0.438463 0.630941
vn -0.640049 -0.438463 0.630941
vn -0.640049 -0.438463 0.630941
vn -0.640049 -0.438463 0.630941
vn 0.937549 -0.101891 0.332597
vn 0.937549 -0.101891 0.332597
vn 0.937549 -0.101891 0.332597
vn -0.005259 -0.355543 -0.934645
vn -0.005259 -0.355543 -0.934645
vn -0.005259 -0.355543 -0.934645
vn -0.392210 -0.096274 0.914824
vn -0.392210 -0.096274 0.914824
vn -0.392210 -0.096274 0.914824
vn -0.952306 -0.216355 -0.215181
vn -0.952306 -0.216355 -0.215181
vn -0.952306 -0.216355 -0.215181
vn 0.163822 0.192394 0.967547
vn 0.163822 0.192394 0.967547
vn 0.163822 0.192394 0.967547
vn 0.309116 0.483928 0.818695
vn 0.309116 0.483928 0.818695
vn 0.309116 0.483928 0.818695
vn 0.738800 0.168324 0.652565
vn 0.738800 0.168324 0.652565
vn 0.738800 0.168324 0.652565
vn 0.433180 0.464462 0.772418
vn 0.433180 0.464462 0.772418
vn 0.433180 0.464462 0.772418
vn 0.679572 0.068470 0.730407
vn 0.679572 0.068470 0.730407
vn 0.679572 0.068470 0.730407
vn -0.342819 -0.175212 -0.922917
vn -0.342819 -0.175212 -0.922917
vn -0.342819 -0.175212 -0.922917
vn -0.441152 0.462369 -0.769155
vn -0.441152 0.462369 -0.769155
vn -0.441152 0.462369 -0.769155
vn -0.440777 0.480481 0.758191
vn -0.440777 0.480481 0.758191
vn -0.440777 0.480481 0.758191
vn -0.411734 0.469250 -0.781204
vn -0.411734 0.469250 -0.781204
vn -0.411734 0.469250 -0.781204
vn -0.766510 -0.555358 0.322551
vn -0.766510 -0.555358 0.322551
vn -0.766510 -0.555358 0.322551
vn -0.766510 -0.555358 0.322551
vn -0.766510 -0.555358 0.322551
vn -0.766510 -0.555358 0.322551
vn -0.671920 0.633285 0.384023
vn -0.671920 0.633285 0.384023
vn -0.671920 0.633285 0.384023
vn -0.617557 0.760346 0.201241
vn -0.617557 0.760346 0.201241
vn -0.617557 0.760346 0.201241
vn -0.787627 0.429102 0.442172
vn -0.787627 0.429102 0.442172
vn -0.787627 0.429102 0.442172
vn -0.766405 0.640209 -0.052503
vn -0.766405 0.640209 -0.052503
vn -0.766405 0.640209 -0.052503
vn -0.623226 0.610306 0.488995
vn -0.623226 0.610306 0.488995
vn -0.623226 0.610306 0.488995
vn -0.240731 0.966063 -0.093648
vn -0.240731 0.966063 -0.093648
vn -0.240731 0.966063 -0.093648
vn -0.380839 0.792473 0.476391
vn -0.380839 0.792473 0.476391
vn -0.380839 0.792473 0.476391
vn 0.116344 0.425383 0.897504
vn 0.116344 0.425383 0.897504
vn 0.116344 0.425383 0.897504
vn -0.141775 -0.405248 0.903147
vn -0.141775 -0.405248 0.903147
vn -0.141775 -0.405248 0.903147
vn -0.926364 0.057253 0.372252
vn -0.926364 0.057253 0.372252
vn -0.926364 0.057253 0.372252
vn -0.849098 -0.014803 -0.528027
vn -0.849098 -0.014803 -0.528027
vn -0.849098 -0.014803 -0.528027
vn -0.966323 0.108527 0.233328
vn -0.966323 0.108527 0.233328
vn -0.966323 0.108527 0.233328
vn -0.966323 0.108527 0.233328
vn -0.966323 0.108527 0.233328
vn -0.966323 0.108527 0.233328
vn -0.500822 0.819686 0.278014
vn -0.500822 0.819686 0.278014
vn -0.500822 0.819686 0.278014
usemtl mat_001_Cluster
f 386/445/445 387/446/446 388/447/447
usemtl mat_001_Cluster
f 389/448/448 390/449/449 391/450/450
usemtl mat_001_Cluster
f 392/451/451 393/452/452 394/453/453
usemtl mat_001_Cluster
f 395/454/454 396/455/455 397/456/456
usemtl mat_001_Cluster
f 398/457/457 399/458/458 400/459/459
usemtl mat_001_Cluster
f 401/460/460 402/461/461 403/462/462
usemtl mat_001_Cluster
f 404/463/463 405/464/464 406/465/465
usemtl mat_001_Cluster
f 407/466/466 408/467/467 409/468/468
usemtl mat_001_Cluster
f 410/469/469 411/470/470 412/471/471
usemtl mat_001_Cluster
f 413/472/472 414/473/473 415/474/474
usemtl mat_001_Cluster
f 416/475/475 417/476/476 418/477/477
usemtl mat_001_Cluster
f 419/478/478 420/479/479 421/480/480
usemtl mat_001_Cluster
f 422/481/481 423/482/482 424/483/483
usemtl mat_001_Cluster
f 425/484/484 426/485/485 427/486/486
usemtl mat_001_Cluster
f 428/487/487 429/488/488 430/489/489
usemtl mat_001_Cluster
f 431/490/490 432/491/491 433/492/492
usemtl mat_001_Cluster
f 434/493/493 435/494/494 436/495/495
usemtl mat_001_Cluster
f 437/496/496 434/497/497 436/498/498
usemtl mat_001_Cluster
f 438/499/499 439/500/500 440/501/501
usemtl mat_001_Cluster
f 441/502/502 442/503/503 443/504/504
usemtl mat_001_Cluster
f 444/505/505 445/506/506 446/507/507
usemtl mat_001_Cluster
f 447/508/508 448/509/509 449/510/510
usemtl mat_001_Cluster
f 450/511/511 447/512/512 449/513/513
usemtl mat_001_Cluster
f 451/514/514 452/515/515 453/516/516
usemtl mat_001_Cluster
f 454/517/517 455/518/518 456/519/519
usemtl mat_001_Cluster
f 457/520/520 454/521/521 456/522/522
usemtl mat_001_Cluster
f 458/523/523 459/524/524 460/525/525
usemtl mat_001_Cluster
f 461/526/526 458/527/527 460/528/528
usemtl mat_001_Cluster
f 462/529/529 463/530/530 464/531/531
usemtl mat_001_Cluster
f 465/532/532 466/533/533 467/534/534
usemtl mat_001_Cluster
f 468/535/535 465/536/536 467/537/537
usemtl mat_001_Cluster
f 469/538/538 470/539/539 471/540/540
usemtl mat_001_Cluster
f 472/541/541 473/542/542 474/543/543
usemtl mat_001_Cluster
f 475/544/544 476/545/545 477/546/546
usemtl mat_001_Cluster
f 478/547/547 479/548/548 480/549/549
usemtl mat_001_Cluster
f 481/550/550 482/551/551 483/552/552
usemtl mat_001_Cluster
f 484/553/553 485/554/554 486/555/555
usemtl mat_001_Cluster
f 487/556/556 484/557/557 486/558/558
usemtl mat_001_Cluster
f 488/559/559 487/560/560 486/561/561
usemtl mat_001_Cluster
f 489/562/562 490/563/563 491/564/564
usemtl mat_001_Cluster
f 492/565/565 493/566/566 494/567/567
usemtl mat_001_Cluster
f 495/568/568 496/569/569 497/570/570
usemtl mat_001_Cluster
f 498/571/571 499/572/572 500/573/573
usemtl mat_001_Cluster
f 501/574/574 498/575/575 500/576/576
usemtl mat_001_Cluster
f 502/577/577 503/578/578 504/579/579
usemtl mat_001_Cluster
f 505/580/580 506/581/581 507/582/582
usemtl mat_001_Cluster
f 508/583/583 509/584/584 510/585/585
usemtl mat_001_Cluster
f 511/586/586 512/587/587 513/588/588
usemtl mat_001_Cluster
f 514/589/589 515/590/590 516/591/591
usemtl mat_001_Cluster
f 517/592/592 518/593/593 519/594/594
usemtl mat_001_Cluster
f 520/595/595 521/596/596 522/597/597
usemtl mat_001_Cluster
f 523/598/598 524/599/599 525/600/600
usemtl mat_001_Cluster
f 526/601/601 527/602/602 528/603/603
usemtl mat_001_Cluster
f 529/604/604 530/605/605 531/606/606
usemtl mat_001_Cluster
f 532/607/607 533/608/608 534/609/609
usemtl mat_001_Cluster
f 535/610/610 536/611/611 537/612/612
usemtl mat_001_Cluster
f 538/613/613 539/614/614 540/615/615
usemtl mat_001_Cluster
f 541/616/616 542/617/617 543/618/618
usemtl mat_001_Cluster
f 544/619/619 541/620/620 543/621/621
usemtl mat_001_Cluster
f 545/622/622 546/623/623 547/624/624
usemtl mat_001_Cluster
f 548/625/625 549/626/626 550/627/627
usemtl mat_001_Cluster
f 551/628/628 552/629/629 553/630/630
usemtl mat_001_Cluster
f 554/631/631 555/632/632 556/633/633
usemtl mat_001_Cluster
f 557/634/634 558/635/635 559/636/636
usemtl mat_001_Cluster
f 560/637/637 561/638/638 562/639/639
usemtl mat_001_Cluster
f 563/640/640 564/641/641 565/642/642
usemtl mat_001_Cluster
f 566/643/643 567/644/644 568/645/645
usemtl mat_001_Cluster
f 564/646/646 563/647/647 569/648/648
usemtl mat_001_Cluster
f 553/649/649 552/650/650 570/651/651
usemtl mat_001_Cluster
f 571/652/652 572/653/653 573/654/654
usemtl mat_001_Cluster
f 574/655/655 575/656/656 576/657/657
usemtl mat_001_Cluster
f 577/658/658 578/659/659 579/660/660
usemtl mat_001_Cluster
f 580/661/661 581/662/662 582/663/663
usemtl mat_001_Cluster
f 583/664/664 584/665/665 585/666/666
usemtl mat_001_Cluster
f 586/667/667 587/668/668 588/669/669
usemtl mat_001_Cluster
f 589/670/670 590/671/671 591/672/672
usemtl mat_001_Cluster
f 592/673/673 593/674/674 594/675/675
usemtl mat_001_Cluster
f 595/676/676 596/677/677 597/678/678
usemtl mat_001_Cluster
f 598/679/679 599/680/680 600/681/681
usemtl mat_001_Cluster
f 601/682/682 602/683/683 603/684/684
usemtl mat_001_Cluster
f 604/685/685 605/686/686 606/687/687
usemtl mat_001_Cluster
f 607/688/688 608/689/689 609/690/690
usemtl mat_001_Cluster
f 610/691/691 611/692/692 612/693/693
usemtl mat_001_Cluster
f 613/694/694 614/695/695 615/696/696
usemtl mat_001_Cluster
f 616/697/697 613/698/698 615/699/699
usemtl mat_001_Cluster
f 617/700/700 618/701/701 619/702/702
usemtl mat_001_Cluster
f 620/703/703 621/704/704 622/705/705
usemtl mat_001_Cluster
f 623/706/706 620/707/707 622/708/708
usemtl mat_001_Cluster
f 624/709/709 625/710/710 626/711/711
usemtl mat_001_Cluster
f 627/712/712 624/713/713 626/714/714
usemtl mat_001_Cluster
f 628/715/715 629/716/716 630/717/717
usemtl mat_001_Cluster
f 631/718/718 632/719/719 633/720/720
usemtl mat_001_Cluster
f 634/721/721 635/722/722 636/723/723
usemtl mat_001_Cluster
f 637/724/724 638/725/725 639/726/726
usemtl mat_001_Cluster
f 640/727/727 637/728/728 639/729/729
usemtl mat_001_Cluster
f 641/730/730 642/731/731 643/732/732
usemtl mat_001_Cluster
f 644/733/733 641/734/734 643/735/735
usemtl mat_001_Cluster
f 645/736/736 646/737/737 647/738/738
usemtl mat_001_Cluster
f 648/739/739 649/740/740 650/741/741
usemtl mat_001_Cluster
f 651/742/742 652/743/743 653/744/744
usemtl mat_001_Cluster
f 654/745/745 651/746/746 653/747/747
usemtl mat_001_Cluster
f 655/748/748 656/749/749 657/750/750
usemtl mat_001_Cluster
f 658/751/751 659/752/752 660/753/753
usemtl mat_001_Cluster
f 661/754/754 658/755/755 660/756/756
usemtl mat_001_Cluster
f 662/757/757 663/758/758 664/759/759
usemtl mat_001_Cluster
f 665/760/760 666/761/761 667/762/762
usemtl mat_001_Cluster
f 668/763/763 669/764/764 670/765/765
usemtl mat_001_Cluster
f 671/766/766 672/767/767 673/768/768
usemtl mat_001_Cluster
f 674/769/769 675/770/770 676/771/771
usemtl mat_001_Cluster
f 677/772/772 674/773/773 676/774/774
usemtl mat_001_Cluster
f 678/775/775 677/776/776 676/777/777
usemtl mat_001_Cluster
f 679/778/778 680/779/779 681/780/780
usemtl mat_001_Cluster
f 682/781/781 683/782/782 684/783/783
usemtl mat_001_Cluster
f 685/784/784 686/785/785 687/786/786
usemtl mat_001_Cluster
f 688/787/787 689/788/788 690/789/789
usemtl mat_001_Cluster
f 691/790/790 688/791/791 690/792/792
usemtl mat_001_Cluster
f 692/793/793 693/794/794 694/795/795
usemtl mat_001_Cluster
f 695/796/796 692/797/797 694/798/798
usemtl mat_001_Cluster
f 696/799/799 697/800/800 698/801/801
usemtl mat_001_Cluster
f 699/802/802 696/803/803 698/804/804
usemtl mat_001_Cluster
f 700/805/805 701/806/806 702/807/807
usemtl mat_001_Cluster
f 703/808/808 704/809/809 705/810/810
usemtl mat_001_Cluster
f 706/811/811 703/812/812 705/813/813
usemtl mat_001_Cluster
f 707/814/814 708/815/815 709/816/816
usemtl mat_001_Cluster
f 710/817/817 711/818/818 712/819/819
usemtl mat_001_Cluster
f 713/820/820 714/821/821 715/822/822
usemtl mat_001_Cluster
f 716/823/823 717/824/824 718/825/825
usemtl mat_001_Cluster
f 719/826/826 720/827/827 721/828/828
usemtl mat_001_Cluster
f 722/829/829 723/830/830 724/831/831
usemtl mat_001_Cluster
f 725/832/832 726/833/833 727/834/834
usemtl mat_001_Cluster
f 728/835/835 725/836/836 727/837/837
usemtl mat_001_Cluster
f 729/838/838 728/839/839 727/840/840
usemtl mat_001_Cluster
f 730/841/841 731/842/842 732/843/843
usemtl mat_001_Cluster
f 733/844/844 734/845/845 735/846/846
usemtl mat_001_Cluster
f 736/847/847 733/848/848 735/849/849
usemtl mat_001_Cluster
f 737/850/850 738/851/851 739/852/852
usemtl mat_001_Cluster
f 740/853/853 741/854/854 742/855/855
usemtl mat_001_Cluster
f 743/856/856 744/857/857 745/858/858
usemtl mat_001_Cluster
f 746/859/859 747/860/860 748/861/861
usemtl mat_001_Cluster
f 749/862/862 750/863/863 751/864/864
usemtl mat_001_Cluster
f 752/865/865 753/866/866 754/867/867
usemtl mat_001_Cluster
f 755/868/868 756/869/869 757/870/870
usemtl mat_001_Cluster
f 758/871/871 759/872/872 760/873/873
usemtl mat_001_Cluster
f 761/874/874 762/875/875 763/876/876
usemtl mat_001_Cluster
f 764/877/877 765/878/878 766/879/879
usemtl mat_001_Cluster
f 767/880/880 768/881/881 769/882/882
usemtl mat_001_Cluster
f 770/883/883 771/884/884 772/885/885
usemtl mat_001_Cluster
f 773/886/886 774/887/887 775/888/888
usemtl mat_001_Cluster
f 776/889/889 777/890/890 778/891/891
usemtl mat_001_Cluster
f 779/892/892 780/893/893 781/894/894
usemtl mat_001_Cluster
f 782/895/895 783/896/896 784/897/897
usemtl mat_001_Cluster
f 785/898/898 786/899/899 787/900/900
usemtl mat_001_Cluster
f 788/901/901 789/902/902 790/903/903
usemtl mat_001_Cluster
f 791/904/904 792/905/905 793/906/906
usemtl mat_001_Cluster
f 794/907/907 795/908/908 796/909/909
usemtl mat_001_Cluster
f 797/910/910 798/911/911 799/912/912
usemtl mat_001_Cluster
f 800/913/913 801/914/914 802/915/915
usemtl mat_001_Cluster
f 803/916/916 804/917/917 805/918/918
usemtl mat_001_Cluster
f 806/919/919 807/920/920 808/921/921
usemtl mat_001_Cluster
f 809/922/922 810/923/923 811/924/924
usemtl mat_001_Cluster
f 812/925/925 813/926/926 814/927/927
usemtl mat_001_Cluster
f 815/928/928 816/929/929 817/930/930
usemtl mat_001_Cluster
f 818/931/931 819/932/932 820/933/933
usemtl mat_001_Cluster
f 821/934/934 818/935/935 820/936/936
usemtl mat_001_Cluster
f 822/937/937 823/938/938 824/939/939
usemtl mat_001_Cluster
f 825/940/940 822/941/941 824/942/942
usemtl mat_001_Cluster
f 826/943/943 827/944/944 828/945/945
usemtl mat_001_Cluster
f 829/946/946 826/947/947 828/948/948
usemtl mat_001_Cluster
f 830/949/949 831/950/950 832/951/951
usemtl mat_001_Cluster
f 833/952/952 834/953/953 835/954/954
usemtl mat_001_Cluster
f 836/955/955 837/956/956 838/957/957
usemtl mat_001_Cluster
f 839/958/958 836/959/959 838/960/960
usemtl mat_001_Cluster
f 840/961/961 841/962/962 842/963/963
usemtl mat_001_Cluster
f 843/964/964 844/965/965 845/966/966
usemtl mat_001_Cluster
f 846/967/967 843/968/968 845/969/969
usemtl mat_001_Cluster
f 847/970/970 848/971/971 849/972/972
usemtl mat_001_Cluster
f 850/973/973 851/974/974 852/975/975
usemtl mat_001_Cluster
f 853/976/976 850/977/977 852/978/978
usemtl mat_001_Cluster
f 854/979/979 855/980/980 856/981/981
usemtl mat_001_Cluster
f 857/982/982 854/983/983 856/984/984
usemtl mat_001_Cluster
f 858/985/985 859/986/986 860/987/987
usemtl mat_001_Cluster
f 861/988/988 862/989/989 863/990/990
usemtl mat_001_Cluster
f 864/991/991 861/992/992 863/993/993
usemtl mat_001_Cluster
f 865/994/994 866/995/995 867/996/996
usemtl mat_001_Cluster
f 868/997/997 869/998/998 870/999/999
usemtl mat_001_Cluster
f 871/1000/1000 872/1001/1001 873/1002/1002
usemtl mat_001_Cluster
f 874/1003/1003 875/1004/1004 876/1005/1005
usemtl mat_001_Cluster
f 877/1006/1006 878/1007/1007 879/1008/1008
usemtl mat_001_Cluster
f 880/1009/1009 881/1010/1010 882/1011/1011
usemtl mat_001_Cluster
f 883/1012/1012 884/1013/1013 885/1014/1014
usemtl mat_001_Cluster
f 886/1015/1015 887/1016/1016 888/1017/1017
usemtl mat_001_Cluster
f 889/1018/1018 890/1019/1019 891/1020/1020
usemtl mat_001_Cluster
f 842/1021/1021 892/1022/1022 840/1023/1023
usemtl mat_001_Cluster
f 893/1024/1024 894/1025/1025 895/1026/1026
usemtl mat_001_Cluster
f 896/1027/1027 897/1028/1028 898/1029/1029
usemtl mat_001_Cluster
f 899/1030/1030 900/1031/1031 901/1032/1032
usemtl mat_001_Cluster
f 835/1033/1033 902/1034/1034 833/1035/1035
usemtl mat_001_Cluster
f 903/1036/1036 904/1037/1037 905/1038/1038
usemtl mat_001_Cluster
f 906/1039/1039 907/1040/1040 908/1041/1041
usemtl mat_001_Cluster
f 909/1042/1042 910/1043/1043 911/1044/1044
usemtl mat_001_Cluster
f 912/1045/1045 913/1046/1046 914/1047/1047
usemtl mat_001_Cluster
f 915/1048/1048 916/1049/1049 917/1050/1050
usemtl mat_001_Cluster
f 918/1051/1051 919/1052/1052 920/1053/1053
usemtl mat_001_Cluster
f 921/1054/1054 922/1055/1055 923/1056/1056
usemtl mat_001_Cluster
f 924/1057/1057 925/1058/1058 926/1059/1059
usemtl mat_001_Cluster
f 927/1060/1060 928/1061/1061 929/1062/1062
usemtl mat_001_Cluster
f 930/1063/1063 927/1064/1064 929/1065/1065
usemtl mat_001_Cluster
f 931/1066/1066 932/1067/1067 933/1068/1068
usemtl mat_001_Cluster
f 934/1069/1069 935/1070/1070 936/1071/1071
usemtl mat_001_Cluster
f 937/1072/1072 938/1073/1073 939/1074/1074
usemtl mat_001_Cluster
f 940/1075/1075 941/1076/1076 942/1077/1077
usemtl mat_001_Cluster
f 943/1078/1078 944/1079/1079 945/1080/1080
usemtl mat_001_Cluster
f 589/1081/1081 591/1082/1082 946/1083/1083
usemtl mat_001_Cluster
f 947/1084/1084 948/1085/1085 949/1086/1086
usemtl mat_001_Cluster
f 950/1087/1087 947/1088/1088 949/1089/1089
usemtl mat_001_Cluster
f 951/1090/1090 950/1091/1091 949/1092/1092
usemtl mat_001_Cluster
f 952/1093/1093 951/1094/1094 949/1095/1095
usemtl mat_001_Cluster
f 953/1096/1096 954/1097/1097 955/1098/1098
usemtl mat_001_Cluster
f 956/1099/1099 957/1100/1100 958/1101/1101
usemtl mat_001_Cluster
f 959/1102/1102 960/1103/1103 961/1104/1104
usemtl mat_001_Cluster
f 962/1105/1105 963/1106/1106 964/1107/1107
usemtl mat_001_Cluster
f 965/1108/1108 966/1109/1109 967/1110/1110
usemtl mat_001_Cluster
f 968/1111/1111 969/1112/1112 970/1113/1113
usemtl mat_001_Cluster
f 971/1114/1114 972/1115/1115 973/1116/1116
usemtl mat_001_Cluster
f 974/1117/1117 975/1118/1118 976/1119/1119
usemtl mat_001_Cluster
f 977/1120/1120 978/1121/1121 979/1122/1122
usemtl mat_001_Cluster
f 980/1123/1123 981/1124/1124 982/1125/1125
usemtl mat_001_Cluster
f 983/1126/1126 980/1127/1127 982/1128/1128
usemtl mat_001_Cluster
f 984/1129/1129 985/1130/1130 986/1131/1131
usemtl mat_001_Cluster
f 987/1132/1132 988/1133/1133 989/1134/1134
usemtl mat_001_Cluster
f 990/1135/1135 991/1136/1136 992/1137/1137
usemtl mat_001_Cluster
f 993/1138/1138 994/1139/1139 995/1140/1140
usemtl mat_001_Cluster
f 996/1141/1141 997/1142/1142 998/1143/1143
usemtl mat_001_Cluster
f 999/1144/1144 1000/1145/1145 1001/1146/1146
usemtl mat_001_Cluster
f 1002/1147/1147 1003/1148/1148 1004/1149/1149
usemtl mat_001_Cluster
f 1005/1150/1150 1006/1151/1151 1007/1152/1152
usemtl mat_001_Cluster
f 1008/1153/1153 1009/1154/1154 1010/1155/1155
usemtl mat_001_Cluster
f 1011/1156/1156 1012/1157/1157 1013/1158/1158
usemtl mat_001_Cluster
f 1014/1159/1159 1015/1160/1160 1016/1161/1161
usemtl mat_001_Cluster
f 1017/1162/1162 1018/1163/1163 1019/1164/1164
usemtl mat_001_Cluster
f 1020/1165/1165 1021/1166/1166 1022/1167/1167
usemtl mat_001_Cluster
f 1023/1168/1168 1024/1169/1169 1025/1170/1170
usemtl mat_001_Cluster
f 1026/1171/1171 1023/1172/1172 1025/1173/1173
usemtl mat_001_Cluster
f 1027/1174/1174 1028/1175/1175 1029/1176/1176
usemtl mat_001_Cluster
f 1030/1177/1177 1031/1178/1178 1032/1179/1179
usemtl mat_001_Cluster
f 1033/1180/1180 1030/1181/1181 1032/1182/1182
usemtl mat_001_Cluster
f 1034/1183/1183 1035/1184/1184 1036/1185/1185
usemtl mat_001_Cluster
f 1037/1186/1186 1038/1187/1187 1039/1188/1188
usemtl mat_001_Cluster
f 1040/1189/1189 1041/1190/1190 1042/1191/1191
usemtl mat_001_Cluster
f 1043/1192/1192 1040/1193/1193 1042/1194/1194
usemtl mat_001_Cluster
f 1044/1195/1195 1045/1196/1196 1046/1197/1197
usemtl mat_001_Cluster
f 1047/1198/1198 1048/1199/1199 1049/1200/1200
usemtl mat_001_Cluster
f 1050/1201/1201 1047/1202/1202 1049/1203/1203
usemtl mat_001_Cluster
f 1051/1204/1204 1052/1205/1205 1053/1206/1206
usemtl mat_001_Cluster
f 1054/1207/1207 1051/1208/1208 1053/1209/1209
usemtl mat_001_Cluster
f 1055/1210/1210 1054/1211/1211 1053/1212/1212
usemtl mat_001_Cluster
f 1056/1213/1213 1055/1214/1214 1053/1215/1215
usemtl mat_001_Cluster
f 1057/1216/1216 1058/1217/1217 1059/1218/1218
usemtl mat_001_Cluster
f 1060/1219/1219 1057/1220/1220 1059/1221/1221
usemtl mat_001_Cluster
f 1061/1222/1222 1062/1223/1223 1063/1224/1224
usemtl mat_001_Cluster
f 1064/1225/1225 1065/1226/1226 1066/1227/1227
usemtl mat_001_Cluster
f 1067/1228/1228 1064/1229/1229 1066/1230/1230
usemtl mat_001_Cluster
f 1068/1231/1231 1069/1232/1232 1070/1233/1233
usemtl mat_001_Cluster
f 1071/1234/1234 1068/1235/1235 1070/1236/1236
usemtl mat_001_Cluster
f 1072/1237/1237 1073/1238/1238 1074/1239/1239
usemtl mat_001_Cluster
f 1075/1240/1240 1072/1241/1241 1074/1242/1242
usemtl mat_001_Cluster
f 1076/1243/1243 1077/1244/1244 1078/1245/1245
usemtl mat_001_Cluster
f 1079/1246/1246 1080/1247/1247 1081/1248/1248
usemtl mat_001_Cluster
f 1082/1249/1249 1079/1250/1250 1081/1251/1251
usemtl mat_001_Cluster
f 1083/1252/1252 1084/1253/1253 1085/1254/1254
usemtl mat_001_Cluster
f 1086/1255/1255 1087/1256/1256 1088/1257/1257
usemtl mat_001_Cluster
f 1089/1258/1258 1086/1259/1259 1088/1260/1260
usemtl mat_001_Cluster
f 1090/1261/1261 1091/1262/1262 1092/1263/1263
usemtl mat_001_Cluster
f 1093/1264/1264 1090/1265/1265 1092/1266/1266
usemtl mat_001_Cluster
f 1094/1267/1267 1095/1268/1268 1096/1269/1269
usemtl mat_001_Cluster
f 1097/1270/1270 1094/1271/1271 1096/1272/1272
usemtl mat_001_Cluster
f 1098/1273/1273 1099/1274/1274 1100/1275/1275
usemtl mat_001_Cluster
f 1101/1276/1276 1098/1277/1277 1100/1278/1278
usemtl mat_001_Cluster
f 1102/1279/1279 1103/1280/1280 1104/1281/1281
usemtl mat_001_Cluster
f 1105/1282/1282 1102/1283/1283 1104/1284/1284
usemtl mat_001_Cluster
f 1106/1285/1285 1107/1286/1286 1108/1287/1287
usemtl mat_001_Cluster
f 1109/1288/1288 1106/1289/1289 1108/1290/1290
usemtl mat_001_Cluster
f 1110/1291/1291 1111/1292/1292 1112/1293/1293
usemtl mat_001_Cluster
f 1113/1294/1294 1110/1295/1295 1112/1296/1296
usemtl mat_001_Cluster
f 1114/1297/1297 1115/1298/1298 1116/1299/1299
usemtl mat_001_Cluster
f 1117/1300/1300 1118/1301/1301 1119/1302/1302
usemtl mat_001_Cluster
f 1120/1303/1303 1121/1304/1304 1122/1305/1305
usemtl mat_001_Cluster
f 1123/1306/1306 1124/1307/1307 1125/1308/1308
usemtl mat_001_Cluster
f 1126/1309/1309 1127/1310/1310 1128/1311/1311
usemtl mat_001_Cluster
f 1129/1312/1312 1130/1313/1313 1131/1314/1314
usemtl mat_001_Cluster
f 1132/1315/1315 1129/1316/1316 1131/1317/1317
usemtl mat_001_Cluster
f 1133/1318/1318 1134/1319/1319 1135/1320/1320
usemtl mat_001_Cluster
f 1136/1321/1321 1137/1322/1322 1138/1323/1323
usemtl mat_001_Cluster
f 1139/1324/1324 1140/1325/1325 1141/1326/1326
usemtl mat_001_Cluster
f 1142/1327/1327 1143/1328/1328 1144/1329/1329
usemtl mat_001_Cluster
f 1145/1330/1330 1142/1331/1331 1144/1332/1332
usemtl mat_001_Cluster
f 1146/1333/1333 1147/1334/1334 1148/1335/1335
usemtl mat_001_Cluster
f 1149/1336/1336 1150/1337/1337 1151/1338/1338
usemtl mat_001_Cluster
f 1152/1339/1339 1153/1340/1340 1154/1341/1341
usemtl mat_001_Cluster
f 1155/1342/1342 1156/1343/1343 1157/1344/1344
usemtl mat_001_Cluster
f 1158/1345/1345 1159/1346/1346 1160/1347/1347
usemtl mat_001_Cluster
f 1161/1348/1348 1162/1349/1349 1163/1350/1350
usemtl mat_001_Cluster
f 1164/1351/1351 1161/1352/1352 1163/1353/1353
usemtl mat_001_Cluster
f 1165/1354/1354 1166/1355/1355 1167/1356/1356
usemtl mat_001_Cluster
f 1168/1357/1357 1169/1358/1358 1170/1359/1359
usemtl mat_001_Cluster
f 1171/1360/1360 1172/1361/1361 1173/1362/1362
usemtl mat_001_Cluster
f 1174/1363/1363 1175/1364/1364 1176/1365/1365
usemtl mat_001_Cluster
f 1177/1366/1366 1178/1367/1367 1179/1368/1368
usemtl mat_001_Cluster
f 1180/1369/1369 1181/1370/1370 1182/1371/1371
usemtl mat_001_Cluster
f 1183/1372/1372 1184/1373/1373 1185/1374/1374
usemtl mat_001_Cluster
f 1186/1375/1375 1187/1376/1376 1188/1377/1377
usemtl mat_001_Cluster
f 1189/1378/1378 1190/1379/1379 1191/1380/1380
usemtl mat_001_Cluster
f 1192/1381/1381 1193/1382/1382 1194/1383/1383
usemtl mat_001_Cluster
f 1195/1384/1384 1196/1385/1385 1197/1386/1386
usemtl mat_001_Cluster
f 1198/1387/1387 1199/1388/1388 1200/1389/1389
usemtl mat_001_Cluster
f 1201/1390/1390 1202/1391/1391 1203/1392/1392
usemtl mat_001_Cluster
f 1204/1393/1393 1205/1394/1394 1206/1395/1395
usemtl mat_001_Cluster
f 1207/1396/1396 1208/1397/1397 1209/1398/1398
usemtl mat_001_Cluster
f 1210/1399/1399 1211/1400/1400 1212/1401/1401
usemtl mat_001_Cluster
f 1213/1402/1402 1214/1403/1403 1215/1404/1404
usemtl mat_001_Cluster
f 1216/1405/1405 1217/1406/1406 1218/1407/1407
usemtl mat_001_Cluster
f 1219/1408/1408 1220/1409/1409 1221/1410/1410
usemtl mat_001_Cluster
f 1222/1411/1411 1223/1412/1412 1224/1413/1413
usemtl mat_001_Cluster
f 1225/1414/1414 1226/1415/1415 1227/1416/1416
usemtl mat_001_Cluster
f 1228/1417/1417 1229/1418/1418 1230/1419/1419
usemtl mat_001_Cluster
f 1029/1420/1420 1231/1421/1421 1027/1422/1422
usemtl mat_001_Cluster
f 1232/1423/1423 1233/1424/1424 1234/1425/1425
usemtl mat_001_Cluster
f 1235/1426/1426 1236/1427/1427 1237/1428/1428
usemtl mat_001_Cluster
f 1238/1429/1429 1239/1430/1430 1240/1431/1431
usemtl mat_001_Cluster
f 1241/1432/1432 1242/1433/1433 1243/1434/1434
usemtl mat_001_Cluster
f 1244/1435/1435 1245/1436/1436 1246/1437/1437
usemtl mat_001_Cluster
f 1247/1438/1438 1244/1439/1439 1246/1440/1440
usemtl mat_001_Cluster
f 1248/1441/1441 1249/1442/1442 1250/1443/1443
usemtl mat_001_Cluster
f 1251/1444/1444 1248/1445/1445 1250/1446/1446
usemtl mat_001_Cluster
f 1252/1447/1447 1253/1448/1448 1254/1449/1449
usemtl mat_001_Cluster
f 1255/1450/1450 1252/1451/1451 1254/1452/1452
usemtl mat_001_Cluster
f 1256/1453/1453 1257/1454/1454 1258/1455/1455
usemtl mat_001_Cluster
f 1259/1456/1456 1260/1457/1457 1261/1458/1458
usemtl mat_001_Cluster
f 1262/1459/1459 1259/1460/1460 1261/1461/1461
usemtl mat_001_Cluster
f 1263/1462/1462 1264/1463/1463 1265/1464/1464
usemtl mat_001_Cluster
f 1266/1465/1465 1267/1466/1466 1268/1467/1467
usemtl mat_001_Cluster
f 1269/1468/1468 1270/1469/1469 1271/1470/1470
usemtl mat_001_Cluster
f 1272/1471/1471 1273/1472/1472 1274/1473/1473
usemtl mat_001_Cluster
f 1275/1474/1474 1276/1475/1475 1277/1476/1476
usemtl mat_001_Cluster
f 1278/1477/1477 1279/1478/1478 1280/1479/1479
usemtl mat_001_Cluster
f 1281/1480/1480 1282/1481/1481 1283/1482/1482
usemtl mat_001_Cluster
f 1284/1483/1483 1285/1484/1484 1286/1485/1485
usemtl mat_001_Cluster
f 1046/1486/1486 1287/1487/1487 1044/1488/1488
usemtl mat_001_Cluster
f 1288/1489/1489 1289/1490/1490 1290/1491/1491
usemtl mat_001_Cluster
f 1291/1492/1492 1292/1493/1493 1293/1494/1494
usemtl mat_001_Cluster
f 1294/1495/1495 1295/1496/1496 1296/1497/1497
usemtl mat_001_Cluster
f 1297/1498/1498 1298/1499/1499 1299/1500/1500
usemtl mat_001_Cluster
f 1300/1501/1501 1301/1502/1502 1302/1503/1503
usemtl mat_001_Cluster
f 1303/1504/1504 1300/1505/1505 1302/1506/1506
usemtl mat_001_Cluster
f 1304/1507/1507 1305/1508/1508 1306/1509/1509
usemtl mat_001_Cluster
f 1307/1510/1510 1308/1511/1511 1309/1512/1512
usemtl mat_001_Cluster
f 1310/1513/1513 1311/1514/1514 1312/1515/1515
usemtl mat_001_Cluster
f 1313/1516/1516 1314/1517/1517 1315/1518/1518
usemtl mat_001_Cluster
f 1316/1519/1519 1317/1520/1520 1318/1521/1521
usemtl mat_001_Cluster
f 1319/1522/1522 1320/1523/1523 1321/1524/1524
usemtl mat_001_Cluster
f 1322/1525/1525 1323/1526/1526 1324/1527/1527
usemtl mat_001_Cluster
f 1325/1528/1528 1326/1529/1529 1327/1530/1530
usemtl mat_001_Cluster
f 1328/1531/1531 1329/1532/1532 1330/1533/1533
usemtl mat_001_Cluster
f 1331/1534/1534 1332/1535/1535 1333/1536/1536
usemtl mat_001_Cluster
f 1334/1537/1537 1335/1538/1538 1336/1539/1539
usemtl mat_001_Cluster
f 1337/1540/1540 1338/1541/1541 1339/1542/1542
usemtl mat_001_Cluster
f 1340/1543/1543 1337/1544/1544 1339/1545/1545
usemtl mat_001_Cluster
f 1341/1546/1546 1342/1547/1547 1343/1548/1548
